0 195 
0 506 
0 471 
0 148 
0 426 
0 116 
0 340 
0 521 
0 500 
0 446 
0 205 
0 282 
0 403 
0 396 
0 144 
0 360 
0 5 
0 139 
0 480 
0 389 
0 109 
0 318 
0 381 
0 355 
0 459 
0 219 
0 193 
0 447 
0 531 
0 27 
0 394 
0 90 
0 393 
0 67 
0 423 
0 354 
0 456 
0 222 
0 274 
0 6 
0 476 
0 129 
0 351 
0 287 
0 306 
0 522 
0 442 
0 366 
0 454 
0 474 
0 18 
0 34 
0 246 
0 390 
0 156 
0 463 
0 387 
0 398 
0 502 
0 479 
0 130 
0 168 
0 245 
0 432 
0 517 
0 15 
0 273 
0 134 
0 41 
0 363 
0 285 
0 158 
0 96 
0 200 
0 455 
0 110 
0 415 
0 183 
0 251 
0 400 
0 122 
0 402 
0 516 
0 153 
0 140 
0 255 
0 405 
0 127 
0 342 
0 185 
0 319 
0 45 
0 331 
0 178 
0 223 
0 42 
0 314 
0 320 
0 353 
0 294 
0 494 
0 491 
0 371 
0 483 
0 271 
0 350 
0 128 
0 283 
0 224 
0 385 
0 374 
0 430 
0 365 
0 332 
0 437 
0 490 
0 79 
0 464 
0 278 
0 151 
0 64 
0 256 
0 498 
0 35 
0 380 
0 511 
0 150 
0 418 
0 39 
0 242 
0 357 
0 218 
0 422 
0 241 
0 111 
0 162 
0 419 
0 263 
0 493 
0 300 
0 229 
0 460 
0 291 
0 513 
0 358 
0 347 
0 26 
0 515 
0 411 
0 528 
0 412 
0 520 
0 176 
0 496 
0 249 
0 8 
0 410 
0 466 
0 12 
0 57 
0 71 
0 163 
0 417 
0 14 
0 76 
0 503 
0 212 
0 267 
1 480 
1 47 
1 185 
1 301 
1 448 
1 4 
1 188 
1 180 
1 443 
1 100 
1 119 
1 94 
1 181 
1 336 
1 250 
1 110 
1 492 
1 202 
1 219 
1 150 
1 347 
1 33 
1 177 
1 125 
1 196 
1 381 
1 418 
1 249 
1 128 
1 195 
1 146 
1 281 
1 274 
1 338 
1 148 
1 452 
1 22 
1 58 
1 299 
1 520 
1 143 
1 528 
1 476 
1 56 
1 267 
1 285 
1 18 
1 318 
1 151 
1 109 
1 223 
1 517 
1 389 
1 69 
1 454 
1 518 
1 9 
1 194 
1 10 
1 222 
1 360 
1 115 
1 153 
1 368 
1 298 
1 165 
1 183 
1 288 
1 57 
1 459 
1 505 
1 514 
1 265 
1 400 
1 316 
1 425 
1 252 
1 198 
1 90 
1 63 
1 86 
1 6 
1 323 
1 491 
1 431 
1 26 
1 54 
1 321 
1 402 
1 330 
1 85 
1 445 
1 145 
1 41 
1 269 
1 229 
1 156 
1 408 
1 282 
1 43 
1 394 
1 246 
1 31 
1 525 
1 228 
1 279 
1 36 
1 313 
1 308 
1 434 
1 113 
1 243 
1 421 
1 416 
1 414 
1 499 
1 451 
1 529 
1 216 
1 306 
1 245 
1 275 
1 226 
1 210 
1 212 
1 317 
1 175 
1 278 
1 173 
1 227 
1 211 
1 328 
1 95 
1 13 
1 428 
1 516 
1 391 
1 237 
1 438 
1 105 
1 342 
1 359 
1 162 
1 35 
1 127 
1 356 
1 271 
1 348 
1 135 
1 303 
1 440 
1 483 
1 221 
1 112 
1 386 
2 80 
2 447 
2 326 
2 371 
2 314 
2 266 
2 436 
2 161 
2 59 
2 467 
2 85 
2 357 
2 223 
2 349 
2 262 
2 446 
2 52 
2 374 
2 438 
2 116 
2 12 
2 527 
2 330 
2 21 
2 205 
2 406 
2 168 
2 324 
2 4 
2 238 
2 494 
2 384 
2 379 
2 315 
2 512 
2 442 
2 44 
2 502 
2 392 
2 120 
2 295 
2 396 
2 407 
2 164 
2 418 
2 191 
2 178 
2 389 
2 508 
2 98 
2 510 
2 339 
2 192 
2 364 
2 475 
2 276 
2 461 
2 96 
2 328 
2 487 
2 496 
2 433 
2 388 
2 490 
2 151 
2 112 
2 367 
2 287 
2 273 
2 358 
2 491 
2 74 
2 454 
2 256 
2 336 
2 401 
2 157 
2 519 
2 89 
2 428 
2 111 
2 227 
2 387 
2 94 
2 32 
2 30 
2 8 
2 390 
2 185 
2 121 
2 150 
2 57 
2 195 
2 79 
2 114 
2 230 
2 479 
2 245 
2 292 
2 484 
2 113 
2 133 
2 117 
2 99 
2 177 
2 483 
2 109 
2 518 
2 375 
2 279 
2 188 
2 68 
2 530 
2 370 
2 29 
2 432 
2 40 
2 476 
2 255 
2 329 
2 145 
2 452 
2 359 
2 385 
2 469 
2 64 
2 124 
2 56 
2 163 
2 354 
2 194 
2 521 
2 458 
2 24 
2 317 
2 196 
2 119 
2 399 
2 477 
2 269 
2 17 
2 395 
2 470 
3 379 
3 41 
3 97 
3 23 
3 354 
3 356 
3 522 
3 96 
3 419 
3 106 
3 285 
3 449 
3 79 
3 307 
3 360 
3 77 
3 416 
3 207 
3 292 
3 289 
3 213 
3 135 
3 69 
3 167 
3 401 
3 232 
3 139 
3 335 
3 65 
3 517 
3 163 
3 40 
3 381 
3 315 
3 116 
3 143 
3 486 
3 176 
3 260 
3 193 
3 17 
3 251 
3 59 
3 459 
3 328 
3 276 
3 425 
3 331 
3 266 
3 33 
3 332 
3 377 
3 399 
3 201 
3 300 
3 452 
3 313 
3 7 
3 255 
3 248 
3 132 
3 214 
3 305 
3 211 
3 109 
3 450 
3 301 
3 13 
3 195 
3 22 
3 291 
3 14 
3 272 
3 122 
3 490 
3 218 
3 217 
3 503 
3 441 
3 6 
3 153 
3 44 
3 529 
3 76 
3 520 
3 226 
3 367 
3 178 
3 188 
3 26 
3 428 
3 233 
3 63 
3 224 
3 304 
3 123 
3 352 
3 480 
3 209 
3 390 
3 412 
3 268 
3 364 
3 111 
3 16 
3 82 
3 299 
3 405 
3 204 
3 259 
3 155 
3 70 
3 362 
3 343 
3 298 
3 274 
3 216 
3 515 
3 361 
3 101 
3 444 
3 397 
3 81 
3 206 
3 384 
3 30 
3 489 
3 235 
3 374 
3 363 
3 507 
3 325 
3 445 
3 237 
3 10 
3 110 
3 306 
3 115 
3 203 
3 191 
3 61 
3 162 
3 391 
3 440 
3 482 
3 366 
3 271 
3 145 
4 472 
4 336 
4 1 
4 474 
4 297 
4 69 
4 313 
4 121 
4 321 
4 405 
4 272 
4 318 
4 176 
4 436 
4 485 
4 395 
4 137 
4 317 
4 186 
4 457 
4 279 
4 209 
4 441 
4 194 
4 281 
4 503 
4 245 
4 260 
4 107 
4 160 
4 155 
4 32 
4 150 
4 135 
4 338 
4 87 
4 365 
4 80 
4 497 
4 2 
4 391 
4 30 
4 508 
4 178 
4 168 
4 124 
4 444 
4 335 
4 411 
4 294 
4 385 
4 376 
4 380 
4 145 
4 78 
4 143 
4 325 
4 95 
4 133 
4 449 
4 487 
4 18 
4 31 
4 119 
4 26 
4 481 
4 58 
4 12 
4 352 
4 452 
4 14 
4 502 
4 386 
4 165 
4 397 
4 88 
4 7 
4 287 
4 370 
4 167 
4 506 
4 421 
4 382 
4 423 
4 282 
4 309 
4 504 
4 469 
4 127 
4 446 
4 438 
4 111 
4 526 
4 471 
4 128 
4 517 
4 424 
4 70 
4 193 
4 261 
4 433 
4 115 
4 174 
4 329 
4 320 
4 33 
4 101 
4 42 
4 304 
4 269 
4 122 
4 207 
4 498 
4 293 
4 201 
4 10 
4 337 
4 112 
4 345 
4 60 
4 494 
4 154 
4 510 
4 48 
4 22 
4 525 
4 248 
4 6 
4 343 
4 509 
4 161 
4 148 
4 277 
4 473 
4 339 
4 52 
4 280 
4 278 
4 233 
4 170 
4 158 
4 110 
4 513 
4 288 
4 334 
4 355 
4 169 
4 418 
4 275 
4 255 
4 224 
4 312 
4 125 
4 341 
4 429 
4 296 
4 76 
4 482 
4 515 
4 323 
4 206 
4 11 
4 340 
4 38 
5 54 
5 488 
5 226 
5 421 
5 309 
5 240 
5 196 
5 17 
5 422 
5 491 
5 492 
5 49 
5 453 
5 106 
5 480 
5 173 
5 210 
5 154 
5 8 
5 277 
5 402 
5 56 
5 228 
5 0 
5 121 
5 178 
5 516 
5 248 
5 386 
5 255 
5 70 
5 271 
5 125 
5 424 
5 472 
5 270 
5 221 
5 171 
5 484 
5 159 
5 204 
5 190 
5 235 
5 181 
5 280 
5 381 
5 490 
5 236 
5 362 
5 354 
5 499 
5 374 
5 436 
5 244 
5 167 
5 192 
5 207 
5 494 
5 273 
5 156 
5 209 
5 234 
5 321 
5 399 
5 30 
5 22 
5 318 
5 116 
5 312 
5 508 
5 148 
5 135 
5 62 
5 12 
5 261 
5 6 
5 33 
5 123 
5 300 
5 172 
5 26 
5 86 
5 308 
5 425 
5 301 
5 239 
5 293 
5 465 
5 500 
5 101 
5 203 
5 24 
5 347 
5 364 
5 349 
5 243 
5 310 
5 377 
5 363 
5 474 
5 58 
5 201 
5 211 
5 29 
5 404 
5 28 
5 407 
5 245 
5 42 
5 98 
5 213 
5 371 
5 66 
5 80 
5 331 
5 417 
5 115 
5 392 
5 353 
5 107 
5 41 
5 60 
5 55 
5 361 
5 275 
5 183 
5 311 
5 15 
5 182 
5 45 
5 292 
5 411 
5 433 
5 46 
5 105 
5 57 
5 139 
5 497 
5 52 
5 526 
5 94 
5 175 
5 504 
5 220 
5 303 
5 509 
5 337 
5 531 
5 454 
5 43 
5 170 
5 477 
5 313 
5 506 
5 444 
5 11 
5 414 
5 87 
5 16 
5 39 
5 150 
5 297 
5 528 
5 215 
5 438 
6 507 
6 344 
6 466 
6 414 
6 477 
6 320 
6 423 
6 342 
6 170 
6 444 
6 69 
6 294 
6 160 
6 337 
6 529 
6 460 
6 204 
6 140 
6 186 
6 311 
6 293 
6 457 
6 107 
6 167 
6 14 
6 384 
6 248 
6 476 
6 200 
6 127 
6 31 
6 131 
6 19 
6 283 
6 0 
6 206 
6 412 
6 139 
6 264 
6 272 
6 37 
6 390 
6 500 
6 300 
6 389 
6 71 
6 496 
6 259 
6 208 
6 432 
6 491 
6 61 
6 175 
6 480 
6 352 
6 249 
6 504 
6 353 
6 141 
6 240 
6 521 
6 402 
6 162 
6 280 
6 511 
6 9 
6 523 
6 96 
6 75 
6 234 
6 65 
6 66 
6 203 
6 187 
6 528 
6 32 
6 239 
6 451 
6 217 
6 485 
6 501 
6 5 
6 95 
6 497 
6 326 
6 172 
6 519 
6 150 
6 156 
6 327 
6 313 
6 1 
6 3 
6 237 
6 74 
6 524 
6 403 
6 258 
6 377 
6 70 
6 253 
6 517 
6 47 
6 335 
6 78 
6 191 
6 288 
6 513 
6 499 
6 527 
6 54 
6 129 
6 428 
6 231 
6 306 
6 394 
6 418 
6 4 
6 263 
6 122 
6 317 
6 85 
6 450 
6 439 
6 340 
6 459 
6 221 
6 159 
6 405 
6 111 
6 207 
6 314 
6 392 
6 367 
6 530 
6 290 
6 319 
6 449 
6 11 
6 452 
6 503 
6 169 
6 375 
6 44 
6 38 
6 438 
6 446 
6 168 
6 53 
6 349 
6 362 
6 506 
6 431 
6 355 
6 348 
6 55 
6 305 
6 57 
6 56 
6 40 
6 198 
6 92 
6 338 
7 131 
7 503 
7 377 
7 491 
7 512 
7 330 
7 90 
7 422 
7 480 
7 365 
7 165 
7 243 
7 292 
7 18 
7 103 
7 173 
7 277 
7 397 
7 171 
7 327 
7 209 
7 32 
7 133 
7 187 
7 528 
7 138 
7 223 
7 85 
7 399 
7 81 
7 383 
7 479 
7 312 
7 167 
7 359 
7 364 
7 334 
7 200 
7 379 
7 497 
7 193 
7 152 
7 123 
7 192 
7 202 
7 206 
7 493 
7 440 
7 347 
7 502 
7 9 
7 214 
7 508 
7 381 
7 336 
7 487 
7 89 
7 100 
7 464 
7 461 
7 3 
7 149 
7 409 
7 10 
7 287 
7 425 
7 297 
7 291 
7 112 
7 34 
7 82 
7 4 
7 84 
7 124 
7 524 
7 207 
7 495 
7 477 
7 305 
7 331 
7 494 
7 14 
7 496 
7 40 
7 174 
7 43 
7 294 
7 357 
7 285 
7 44 
7 523 
7 456 
7 190 
7 531 
7 132 
7 21 
7 400 
7 376 
7 395 
7 290 
7 101 
7 194 
7 396 
7 246 
7 434 
7 122 
7 478 
7 363 
7 519 
7 380 
7 388 
7 242 
7 402 
7 511 
7 97 
7 457 
7 104 
7 8 
7 482 
7 301 
7 115 
7 362 
7 444 
7 71 
7 61 
7 273 
7 156 
7 337 
7 313 
7 49 
7 353 
7 261 
7 322 
7 355 
7 421 
7 15 
7 415 
7 314 
7 344 
7 163 
7 102 
7 406 
7 263 
7 310 
7 168 
7 161 
7 269 
7 462 
7 11 
7 525 
7 257 
7 441 
7 393 
7 427 
8 497 
8 478 
8 215 
8 37 
8 117 
8 409 
8 356 
8 160 
8 64 
8 261 
8 426 
8 104 
8 379 
8 266 
8 382 
8 39 
8 317 
8 337 
8 448 
8 29 
8 239 
8 5 
8 326 
8 371 
8 43 
8 477 
8 462 
8 92 
8 145 
8 408 
8 353 
8 264 
8 521 
8 134 
8 527 
8 247 
8 24 
8 238 
8 20 
8 96 
8 435 
8 446 
8 366 
8 381 
8 417 
8 414 
8 287 
8 471 
8 306 
8 191 
8 303 
8 113 
8 106 
8 476 
8 116 
8 475 
8 185 
8 167 
8 466 
8 173 
8 234 
8 342 
8 445 
8 274 
8 130 
8 368 
8 33 
8 483 
8 142 
8 61 
8 182 
8 179 
8 480 
8 48 
8 383 
8 95 
8 299 
8 395 
8 391 
8 294 
8 479 
8 258 
8 288 
8 103 
8 41 
8 192 
8 347 
8 25 
8 334 
8 406 
8 12 
8 54 
8 45 
8 523 
8 461 
8 513 
8 246 
8 240 
8 374 
8 42 
8 232 
8 147 
8 2 
8 256 
8 339 
8 260 
8 230 
8 77 
8 65 
8 458 
8 297 
8 16 
8 495 
8 181 
8 14 
8 60 
8 500 
8 168 
8 421 
8 199 
8 7 
8 79 
8 209 
8 375 
8 341 
8 118 
8 411 
8 390 
8 135 
8 222 
8 343 
8 311 
8 197 
8 364 
8 108 
8 398 
8 278 
8 496 
8 410 
8 137 
8 393 
8 248 
8 78 
8 206 
8 0 
8 310 
8 82 
8 139 
8 211 
8 451 
8 31 
8 273 
8 329 
8 184 
8 301 
8 22 
8 394 
8 49 
8 133 
8 123 
8 400 
9 483 
9 368 
9 470 
9 216 
9 230 
9 303 
9 55 
9 281 
9 390 
9 133 
9 524 
9 201 
9 227 
9 261 
9 260 
9 108 
9 107 
9 118 
9 192 
9 275 
9 277 
9 351 
9 361 
9 173 
9 519 
9 19 
9 482 
9 498 
9 287 
9 112 
9 63 
9 273 
9 21 
9 492 
9 312 
9 61 
9 441 
9 439 
9 284 
9 333 
9 345 
9 449 
9 82 
9 503 
9 334 
9 510 
9 502 
9 187 
9 376 
9 371 
9 417 
9 442 
9 232 
9 436 
9 145 
9 137 
9 461 
9 180 
9 437 
9 182 
9 493 
9 529 
9 484 
9 370 
9 214 
9 360 
9 7 
9 70 
9 518 
9 117 
9 158 
9 337 
9 472 
9 115 
9 47 
9 6 
9 383 
9 120 
9 1 
9 228 
9 78 
9 134 
9 89 
9 208 
9 234 
9 255 
9 274 
9 237 
9 155 
9 300 
9 391 
9 256 
9 349 
9 400 
9 485 
9 77 
9 224 
9 373 
9 290 
9 190 
9 526 
9 331 
9 109 
9 101 
9 207 
9 156 
9 295 
9 202 
9 259 
9 445 
9 366 
9 406 
9 364 
9 335 
9 151 
9 254 
9 52 
9 257 
9 293 
9 24 
9 522 
9 16 
9 327 
9 193 
9 170 
9 448 
9 311 
9 412 
9 166 
9 375 
9 291 
9 235 
9 143 
9 80 
9 430 
9 100 
9 424 
9 389 
9 161 
9 514 
9 454 
9 415 
9 236 
9 402 
9 377 
9 98 
9 42 
9 148 
9 48 
9 65 
9 453 
9 392 
9 199 
9 68 
9 511 
9 10 
9 204 
9 74 
9 38 
9 270 
9 487 
9 103 
9 177 
9 421 
9 139 
9 410 
9 175 
9 213 
9 531 
9 315 
9 219 
9 507 
9 418 
9 489 
9 332 
9 329 
9 146 
9 43 
9 142 
9 310 
9 71 
9 233 
9 231 
9 221 
10 127 
10 26 
10 196 
10 361 
10 344 
10 398 
10 39 
10 87 
10 339 
10 104 
10 517 
10 223 
10 103 
10 29 
10 408 
10 150 
10 307 
10 35 
10 238 
10 467 
10 486 
10 66 
10 523 
10 54 
10 448 
10 288 
10 425 
10 308 
10 23 
10 431 
10 415 
10 131 
10 19 
10 45 
10 205 
10 255 
10 84 
10 92 
10 215 
10 452 
10 52 
10 518 
10 28 
10 171 
10 527 
10 495 
10 300 
10 390 
10 262 
10 371 
10 359 
10 44 
10 267 
10 428 
10 472 
10 501 
10 110 
10 230 
10 201 
10 236 
10 188 
10 496 
10 314 
10 399 
10 154 
10 57 
10 474 
10 96 
10 397 
10 163 
10 191 
10 447 
10 1 
10 373 
10 299 
10 285 
10 172 
10 98 
10 7 
10 281 
10 301 
10 53 
10 105 
10 259 
10 465 
10 492 
10 63 
10 418 
10 475 
10 388 
10 61 
10 113 
10 313 
10 396 
10 25 
10 387 
10 260 
10 516 
10 296 
10 123 
10 207 
10 367 
10 528 
10 261 
10 506 
10 86 
10 310 
10 439 
10 64 
10 125 
10 514 
10 405 
10 69 
10 46 
10 73 
10 108 
10 79 
10 520 
10 334 
10 4 
10 508 
10 485 
10 179 
10 257 
10 59 
10 414 
10 329 
10 411 
10 62 
10 239 
10 505 
10 391 
10 443 
10 242 
10 466 
10 269 
10 143 
10 499 
10 292 
10 354 
10 350 
10 507 
10 349 
10 427 
10 522 
10 423 
10 9 
10 493 
10 146 
10 3 
10 43 
10 247 
10 348 
10 130 
10 357 
10 173 
10 273 
10 304 
10 145 
10 164 
10 270 
10 449 
10 216 
10 212 
11 450 
11 262 
11 428 
11 449 
11 235 
11 27 
11 54 
11 85 
11 419 
11 455 
11 90 
11 291 
11 253 
11 439 
11 332 
11 19 
11 171 
11 32 
11 265 
11 91 
11 271 
11 422 
11 354 
11 114 
11 17 
11 197 
11 208 
11 362 
11 49 
11 294 
11 175 
11 157 
11 84 
11 298 
11 16 
11 234 
11 304 
11 202 
11 73 
11 379 
11 231 
11 310 
11 76 
11 42 
11 154 
11 508 
11 13 
11 390 
11 499 
11 207 
11 264 
11 528 
11 69 
11 40 
11 353 
11 307 
11 361 
11 168 
11 445 
11 134 
11 250 
11 199 
11 473 
11 328 
11 148 
11 255 
11 31 
11 129 
11 41 
11 220 
11 394 
11 306 
11 273 
11 453 
11 487 
11 147 
11 360 
11 452 
11 425 
11 130 
11 356 
11 482 
11 182 
11 293 
11 320 
11 164 
11 315 
11 451 
11 371 
11 509 
11 261 
11 531 
11 248 
11 141 
11 504 
11 260 
11 348 
11 285 
11 292 
11 318 
11 309 
11 75 
11 187 
11 119 
11 472 
11 518 
11 384 
11 190 
11 486 
11 105 
11 387 
11 483 
11 367 
11 397 
11 437 
11 67 
11 24 
11 471 
11 316 
11 515 
11 60 
11 18 
11 155 
11 216 
11 35 
11 258 
11 215 
11 269 
11 219 
11 135 
11 326 
11 311 
11 103 
11 416 
11 405 
11 122 
11 20 
11 181 
11 6 
11 418 
11 153 
11 244 
11 106 
11 490 
11 52 
11 100 
11 140 
11 196 
11 430 
11 5 
11 7 
11 4 
11 513 
11 81 
12 263 
12 426 
12 192 
12 205 
12 491 
12 386 
12 450 
12 72 
12 198 
12 492 
12 234 
12 270 
12 129 
12 15 
12 209 
12 128 
12 68 
12 409 
12 80 
12 2 
12 524 
12 338 
12 287 
12 515 
12 29 
12 378 
12 317 
12 377 
12 84 
12 82 
12 337 
12 228 
12 389 
12 175 
12 514 
12 391 
12 353 
12 487 
12 361 
12 411 
12 316 
12 17 
12 171 
12 37 
12 200 
12 140 
12 260 
12 393 
12 55 
12 283 
12 444 
12 284 
12 182 
12 429 
12 168 
12 307 
12 448 
12 399 
12 309 
12 95 
12 413 
12 70 
12 152 
12 196 
12 522 
12 62 
12 264 
12 143 
12 321 
12 410 
12 4 
12 144 
12 435 
12 134 
12 387 
12 480 
12 108 
12 54 
12 405 
12 223 
12 502 
12 365 
12 319 
12 73 
12 281 
12 478 
12 74 
12 109 
12 5 
12 485 
12 322 
12 430 
12 350 
12 305 
12 93 
12 375 
12 121 
12 506 
12 114 
12 103 
12 8 
12 78 
12 463 
12 254 
12 509 
12 303 
12 402 
12 330 
12 468 
12 46 
12 115 
12 513 
12 343 
12 212 
12 147 
12 384 
12 398 
12 276 
12 302 
12 419 
12 415 
12 256 
12 230 
12 457 
12 106 
12 177 
12 224 
12 41 
12 180 
12 344 
12 14 
12 403 
12 146 
12 22 
12 325 
12 210 
12 381 
12 366 
12 527 
12 255 
12 201 
12 96 
12 445 
12 87 
12 123 
12 313 
12 36 
12 328 
12 213 
12 340 
12 151 
12 369 
12 348 
12 172 
12 32 
12 0 
12 306 
12 105 
12 217 
12 90 
12 332 
12 206 
12 455 
12 104 
13 256 
13 207 
13 280 
13 472 
13 69 
13 73 
13 283 
13 459 
13 506 
13 331 
13 495 
13 337 
13 471 
13 178 
13 224 
13 381 
13 169 
13 159 
13 470 
13 270 
13 218 
13 443 
13 62 
13 201 
13 368 
13 117 
13 120 
13 55 
13 243 
13 329 
13 306 
13 59 
13 111 
13 186 
13 389 
13 241 
13 235 
13 100 
13 127 
13 46 
13 91 
13 494 
13 432 
13 394 
13 289 
13 78 
13 338 
13 236 
13 11 
13 162 
13 300 
13 444 
13 206 
13 41 
13 437 
13 119 
13 199 
13 382 
13 397 
13 136 
13 94 
13 245 
13 57 
13 422 
13 90 
13 182 
13 312 
13 253 
13 335 
13 425 
13 475 
13 154 
13 530 
13 334 
13 104 
13 323 
13 460 
13 153 
13 234 
13 155 
13 515 
13 228 
13 336 
13 291 
13 49 
13 510 
13 141 
13 454 
13 325 
13 54 
13 502 
13 95 
13 45 
13 315 
13 210 
13 126 
13 486 
13 468 
13 427 
13 3 
13 48 
13 404 
13 38 
13 98 
13 511 
13 87 
13 43 
13 246 
13 447 
13 272 
13 513 
13 363 
13 219 
13 30 
13 385 
13 35 
13 121 
13 44 
13 281 
13 514 
13 196 
13 264 
13 113 
13 112 
13 128 
13 411 
13 309 
13 332 
13 527 
13 181 
13 106 
13 435 
13 72 
13 27 
13 390 
13 150 
13 139 
13 462 
13 378 
13 518 
13 165 
13 32 
13 380 
13 237 
13 192 
13 453 
13 230 
13 149 
13 65 
13 406 
13 52 
13 344 
13 64 
13 451 
13 1 
13 497 
13 446 
13 346 
13 350 
13 258 
13 265 
13 500 
13 115 
13 369 
13 505 
13 123 
13 70 
13 261 
13 458 
13 431 
13 152 
13 438 
13 133 
14 357 
14 445 
14 285 
14 495 
14 118 
14 352 
14 521 
14 424 
14 333 
14 394 
14 250 
14 52 
14 144 
14 279 
14 31 
14 154 
14 480 
14 137 
14 19 
14 509 
14 346 
14 80 
14 226 
14 525 
14 208 
14 111 
14 322 
14 99 
14 458 
14 38 
14 152 
14 414 
14 331 
14 149 
14 77 
14 395 
14 6 
14 461 
14 20 
14 500 
14 326 
14 280 
14 308 
14 258 
14 155 
14 447 
14 408 
14 292 
14 434 
14 35 
14 367 
14 215 
14 51 
14 380 
14 191 
14 110 
14 48 
14 41 
14 375 
14 23 
14 260 
14 310 
14 88 
14 286 
14 148 
14 176 
14 93 
14 335 
14 449 
14 4 
14 219 
14 117 
14 486 
14 489 
14 299 
14 266 
14 517 
14 91 
14 437 
14 290 
14 139 
14 324 
14 349 
14 230 
14 161 
14 7 
14 454 
14 371 
14 474 
14 419 
14 3 
14 276 
14 267 
14 218 
14 309 
14 172 
14 74 
14 254 
14 240 
14 227 
14 343 
14 531 
14 305 
14 492 
14 519 
14 21 
14 462 
14 257 
14 476 
14 465 
14 157 
14 188 
14 162 
14 228 
14 242 
14 8 
14 442 
14 353 
14 423 
14 482 
14 85 
14 393 
14 272 
14 15 
14 177 
14 391 
14 321 
14 271 
14 12 
14 377 
14 115 
14 182 
14 150 
14 274 
14 189 
14 25 
14 249 
14 297 
14 81 
14 45 
14 101 
14 106 
14 528 
14 275 
14 463 
14 451 
14 247 
14 205 
14 295 
14 304 
14 49 
14 238 
14 121 
14 524 
14 119 
14 470 
14 164 
14 406 
14 43 
14 314 
14 169 
14 448 
14 372 
14 0 
14 90 
14 300 
15 160 
15 47 
15 25 
15 82 
15 113 
15 393 
15 93 
15 449 
15 20 
15 90 
15 84 
15 236 
15 17 
15 100 
15 342 
15 300 
15 12 
15 208 
15 469 
15 460 
15 32 
15 34 
15 356 
15 519 
15 442 
15 261 
15 453 
15 407 
15 239 
15 196 
15 397 
15 226 
15 293 
15 103 
15 316 
15 68 
15 168 
15 417 
15 162 
15 215 
15 478 
15 345 
15 79 
15 144 
15 394 
15 165 
15 256 
15 487 
15 91 
15 244 
15 250 
15 230 
15 367 
15 232 
15 475 
15 416 
15 150 
15 176 
15 41 
15 423 
15 88 
15 459 
15 23 
15 264 
15 0 
15 172 
15 366 
15 157 
15 115 
15 409 
15 402 
15 143 
15 379 
15 140 
15 147 
15 399 
15 456 
15 468 
15 255 
15 58 
15 395 
15 437 
15 363 
15 220 
15 503 
15 281 
15 201 
15 369 
15 158 
15 190 
15 285 
15 360 
15 216 
15 297 
15 452 
15 344 
15 154 
15 401 
15 378 
15 50 
15 327 
15 240 
15 513 
15 42 
15 149 
15 283 
15 214 
15 294 
15 121 
15 340 
15 146 
15 302 
15 122 
15 308 
15 508 
15 430 
15 414 
15 504 
15 171 
15 259 
15 323 
15 92 
15 14 
15 291 
15 486 
15 520 
15 326 
15 170 
15 517 
15 269 
15 483 
15 299 
15 64 
15 343 
15 125 
15 52 
15 5 
15 26 
15 320 
15 38 
15 524 
15 131 
15 87 
15 426 
15 119 
15 309 
15 167 
15 237 
15 61 
15 335 
15 434 
15 500 
15 432 
15 7 
15 69 
15 218 
15 354 
15 169 
15 301 
15 443 
15 362 
15 454 
15 485 
15 33 
15 45 
15 124 
15 428 
15 317 
15 318 
15 210 
16 377 
16 131 
16 155 
16 333 
16 393 
16 376 
16 18 
16 132 
16 240 
16 280 
16 183 
16 89 
16 229 
16 239 
16 332 
16 163 
16 262 
16 365 
16 456 
16 432 
16 440 
16 374 
16 146 
16 381 
16 424 
16 355 
16 337 
16 421 
16 434 
16 165 
16 179 
16 120 
16 11 
16 233 
16 501 
16 438 
16 169 
16 460 
16 312 
16 252 
16 477 
16 287 
16 387 
16 495 
16 92 
16 454 
16 175 
16 49 
16 168 
16 83 
16 413 
16 158 
16 45 
16 178 
16 112 
16 340 
16 436 
16 76 
16 493 
16 311 
16 256 
16 525 
16 136 
16 46 
16 467 
16 485 
16 529 
16 103 
16 144 
16 115 
16 238 
16 123 
16 343 
16 230 
16 334 
16 324 
16 360 
16 406 
16 34 
16 152 
16 497 
16 72 
16 209 
16 317 
16 437 
16 290 
16 449 
16 32 
16 58 
16 30 
16 277 
16 122 
16 71 
16 159 
16 259 
16 484 
16 59 
16 298 
16 253 
16 307 
16 305 
16 192 
16 62 
16 65 
16 162 
16 503 
16 127 
16 404 
16 359 
16 9 
16 8 
16 279 
16 25 
16 439 
16 472 
16 269 
16 156 
16 338 
16 427 
16 481 
16 82 
16 283 
16 391 
16 3 
16 195 
16 331 
16 113 
16 80 
16 420 
16 294 
16 445 
16 450 
16 310 
16 453 
16 251 
16 70 
16 400 
16 189 
16 463 
16 223 
16 415 
16 366 
16 352 
16 275 
16 212 
16 380 
16 128 
16 388 
16 462 
16 528 
16 483 
16 417 
16 398 
16 479 
16 302 
16 428 
16 111 
16 5 
16 176 
17 293 
17 161 
17 154 
17 5 
17 213 
17 451 
17 498 
17 479 
17 475 
17 427 
17 527 
17 115 
17 54 
17 386 
17 221 
17 15 
17 367 
17 156 
17 26 
17 141 
17 493 
17 518 
17 468 
17 526 
17 274 
17 11 
17 45 
17 407 
17 398 
17 387 
17 270 
17 418 
17 404 
17 126 
17 341 
17 133 
17 50 
17 187 
17 484 
17 73 
17 258 
17 70 
17 525 
17 286 
17 279 
17 136 
17 12 
17 139 
17 3 
17 361 
17 196 
17 423 
17 109 
17 172 
17 140 
17 248 
17 206 
17 88 
17 269 
17 20 
17 380 
17 434 
17 227 
17 75 
17 358 
17 459 
17 309 
17 301 
17 122 
17 382 
17 93 
17 324 
17 355 
17 295 
17 523 
17 114 
17 131 
17 406 
17 171 
17 322 
17 478 
17 49 
17 440 
17 25 
17 238 
17 106 
17 441 
17 79 
17 209 
17 230 
17 297 
17 397 
17 186 
17 218 
17 30 
17 348 
17 80 
17 352 
17 39 
17 299 
17 148 
17 158 
17 264 
17 310 
17 362 
17 184 
17 159 
17 489 
17 389 
17 63 
17 488 
17 504 
17 426 
17 410 
17 234 
17 278 
17 29 
17 306 
17 21 
17 98 
17 35 
17 82 
17 155 
17 375 
17 396 
17 138 
17 326 
17 432 
17 371 
17 517 
17 435 
17 185 
17 339 
17 461 
17 68 
17 392 
17 330 
17 319 
17 232 
17 531 
17 175 
17 273 
17 83 
17 497 
17 343 
17 357 
17 2 
17 263 
17 315 
17 385 
17 157 
18 219 
18 130 
18 259 
18 218 
18 422 
18 335 
18 56 
18 100 
18 315 
18 150 
18 528 
18 125 
18 16 
18 196 
18 332 
18 209 
18 364 
18 430 
18 7 
18 421 
18 384 
18 190 
18 88 
18 121 
18 28 
18 182 
18 469 
18 165 
18 338 
18 199 
18 441 
18 283 
18 320 
18 403 
18 382 
18 134 
18 177 
18 323 
18 189 
18 250 
18 208 
18 53 
18 202 
18 90 
18 0 
18 372 
18 409 
18 234 
18 1 
18 203 
18 23 
18 4 
18 164 
18 301 
18 239 
18 157 
18 453 
18 456 
18 104 
18 447 
18 69 
18 522 
18 191 
18 383 
18 357 
18 32 
18 31 
18 167 
18 206 
18 316 
18 417 
18 435 
18 65 
18 74 
18 491 
18 63 
18 388 
18 102 
18 427 
18 187 
18 381 
18 151 
18 238 
18 214 
18 233 
18 59 
18 412 
18 152 
18 168 
18 81 
18 27 
18 478 
18 77 
18 278 
18 513 
18 26 
18 230 
18 101 
18 43 
18 180 
18 345 
18 496 
18 247 
18 29 
18 195 
18 402 
18 325 
18 185 
18 266 
18 71 
18 400 
18 62 
18 526 
18 11 
18 488 
18 455 
18 498 
18 34 
18 126 
18 78 
18 20 
18 375 
18 512 
18 333 
18 448 
18 481 
18 108 
18 173 
18 246 
18 373 
18 156 
18 495 
18 404 
18 92 
18 82 
18 212 
18 263 
18 454 
18 340 
18 458 
18 68 
18 97 
18 474 
18 243 
18 232 
18 39 
18 379 
18 369 
18 172 
18 154 
18 317 
18 468 
18 201 
18 334 
18 133 
18 514 
18 162 
18 493 
18 131 
18 284 
18 242 
19 287 
19 155 
19 322 
19 507 
19 385 
19 291 
19 346 
19 119 
19 402 
19 64 
19 109 
19 520 
19 487 
19 165 
19 27 
19 9 
19 509 
19 359 
19 11 
19 14 
19 146 
19 282 
19 498 
19 492 
19 204 
19 342 
19 69 
19 483 
19 47 
19 208 
19 478 
19 10 
19 528 
19 242 
19 88 
19 51 
19 116 
19 522 
19 6 
19 25 
19 298 
19 257 
19 36 
19 112 
19 58 
19 462 
19 335 
19 352 
19 270 
19 388 
19 33 
19 30 
19 425 
19 416 
19 101 
19 265 
19 183 
19 473 
19 443 
19 199 
19 144 
19 110 
19 145 
19 448 
19 353 
19 263 
19 90 
19 222 
19 253 
19 383 
19 174 
19 151 
19 476 
19 431 
19 411 
19 274 
19 421 
19 490 
19 387 
19 295 
19 338 
19 170 
19 380 
19 167 
19 344 
19 164 
19 261 
19 21 
19 350 
19 20 
19 209 
19 316 
19 75 
19 186 
19 239 
19 72 
19 106 
19 54 
19 225 
19 403 
19 124 
19 360 
19 77 
19 161 
19 289 
19 508 
19 506 
19 94 
19 193 
19 226 
19 454 
19 460 
19 162 
19 233 
19 241 
19 149 
19 238 
19 399 
19 255 
19 347 
19 326 
19 412 
19 510 
19 309 
19 417 
19 429 
19 37 
19 148 
19 192 
19 433 
19 111 
19 308 
19 457 
19 31 
19 115 
19 512 
19 126 
19 262 
19 137 
19 190 
19 463 
19 66 
19 327 
19 156 
19 268 
19 158 
19 252 
19 250 
19 182 
19 104 
19 334 
19 215 
19 445 
19 495 
19 168 
19 504 
19 318 
19 345 
19 451 
19 432 
19 235 
19 325 
19 351 
19 511 
19 79 
19 127 
19 297 
19 459 
19 480 
19 333 
19 518 
19 103 
20 336 
20 340 
20 482 
20 61 
20 515 
20 360 
20 285 
20 136 
20 341 
20 415 
20 198 
20 52 
20 275 
20 15 
20 310 
20 353 
20 412 
20 393 
20 439 
20 298 
20 512 
20 413 
20 105 
20 301 
20 70 
20 78 
20 417 
20 164 
20 387 
20 83 
20 55 
20 277 
20 485 
20 110 
20 125 
20 433 
20 492 
20 51 
20 528 
20 8 
20 97 
20 14 
20 349 
20 242 
20 104 
20 403 
20 62 
20 204 
20 144 
20 123 
20 117 
20 182 
20 203 
20 244 
20 235 
20 257 
20 160 
20 112 
20 153 
20 60 
20 245 
20 22 
20 17 
20 200 
20 300 
20 441 
20 254 
20 511 
20 486 
20 31 
20 286 
20 273 
20 84 
20 64 
20 317 
20 166 
20 382 
20 178 
20 437 
20 426 
20 399 
20 157 
20 215 
20 305 
20 129 
20 362 
20 501 
20 21 
20 65 
20 161 
20 380 
20 287 
20 151 
20 134 
20 152 
20 19 
20 434 
20 513 
20 253 
20 355 
20 28 
20 260 
20 383 
20 320 
20 296 
20 226 
20 66 
20 522 
20 90 
20 487 
20 450 
20 259 
20 281 
20 102 
20 505 
20 494 
20 524 
20 59 
20 167 
20 169 
20 396 
20 366 
20 138 
20 141 
20 72 
20 269 
20 149 
20 232 
20 401 
20 155 
20 404 
20 358 
20 518 
20 427 
20 18 
20 475 
20 58 
20 142 
20 107 
20 224 
20 194 
20 126 
20 145 
20 389 
20 332 
20 251 
20 500 
20 67 
20 88 
20 474 
20 106 
20 77 
20 11 
20 82 
20 87 
20 410 
20 345 
20 318 
20 520 
20 488 
20 99 
20 165 
20 321 
20 481 
20 460 
20 24 
20 370 
20 406 
20 147 
21 512 
21 79 
21 38 
21 235 
21 102 
21 93 
21 480 
21 287 
21 388 
21 104 
21 282 
21 377 
21 70 
21 275 
21 116 
21 185 
21 267 
21 44 
21 320 
21 251 
21 9 
21 433 
21 180 
21 473 
21 49 
21 122 
21 516 
21 124 
21 41 
21 398 
21 435 
21 2 
21 431 
21 500 
21 201 
21 57 
21 344 
21 231 
21 458 
21 442 
21 477 
21 417 
21 495 
21 132 
21 421 
21 497 
21 92 
21 254 
21 506 
21 381 
21 445 
21 117 
21 360 
21 359 
21 285 
21 217 
21 62 
21 343 
21 277 
21 490 
21 290 
21 145 
21 25 
21 437 
21 367 
21 226 
21 297 
21 310 
21 133 
21 410 
21 169 
21 167 
21 31 
21 69 
21 481 
21 530 
21 291 
21 507 
21 411 
21 361 
21 20 
21 147 
21 329 
21 19 
21 198 
21 508 
21 211 
21 510 
21 358 
21 94 
21 491 
21 463 
21 192 
21 479 
21 140 
21 242 
21 415 
21 7 
21 476 
21 425 
21 350 
21 365 
21 71 
21 14 
21 355 
21 496 
21 27 
21 68 
21 307 
21 348 
21 240 
21 468 
21 85 
21 356 
21 389 
21 137 
21 17 
21 46 
21 408 
21 50 
21 43 
21 232 
21 164 
21 250 
21 256 
21 447 
21 53 
21 22 
21 125 
21 369 
21 153 
21 176 
21 234 
21 419 
21 55 
21 416 
21 202 
21 397 
21 434 
21 111 
21 40 
21 23 
21 48 
21 349 
21 135 
21 101 
21 303 
21 196 
21 182 
21 82 
21 455 
21 375 
21 208 
21 177 
21 175 
21 265 
21 204 
21 274 
21 400 
21 502 
21 451 
22 367 
22 270 
22 342 
22 389 
22 250 
22 188 
22 191 
22 524 
22 230 
22 26 
22 203 
22 405 
22 338 
22 267 
22 29 
22 388 
22 530 
22 307 
22 513 
22 200 
22 473 
22 229 
22 24 
22 254 
22 514 
22 419 
22 149 
22 150 
22 126 
22 467 
22 344 
22 491 
22 142 
22 498 
22 300 
22 1 
22 55 
22 135 
22 166 
22 324 
22 74 
22 503 
22 40 
22 185 
22 528 
22 335 
22 461 
22 258 
22 383 
22 391 
22 362 
22 497 
22 47 
22 20 
22 238 
22 372 
22 320 
22 292 
22 115 
22 193 
22 121 
22 99 
22 108 
22 465 
22 355 
22 441 
22 158 
22 127 
22 61 
22 425 
22 375 
22 378 
22 91 
22 240 
22 352 
22 402 
22 124 
22 361 
22 162 
22 368 
22 34 
22 5 
22 72 
22 160 
22 3 
22 527 
22 244 
22 83 
22 64 
22 479 
22 172 
22 146 
22 281 
22 147 
22 317 
22 509 
22 457 
22 356 
22 182 
22 357 
22 274 
22 495 
22 111 
22 154 
22 110 
22 478 
22 470 
22 477 
22 269 
22 204 
22 125 
22 52 
22 512 
22 492 
22 414 
22 463 
22 53 
22 4 
22 152 
22 46 
22 12 
22 63 
22 44 
22 484 
22 100 
22 363 
22 21 
22 67 
22 395 
22 431 
22 390 
22 81 
22 113 
22 73 
22 128 
22 510 
22 78 
22 313 
22 319 
22 155 
22 519 
22 140 
22 8 
22 469 
22 153 
22 242 
22 381 
22 370 
22 104 
22 201 
22 226 
22 392 
23 201 
23 441 
23 283 
23 274 
23 480 
23 3 
23 330 
23 70 
23 424 
23 426 
23 307 
23 455 
23 193 
23 196 
23 104 
23 158 
23 401 
23 398 
23 496 
23 483 
23 151 
23 504 
23 403 
23 482 
23 341 
23 227 
23 10 
23 258 
23 374 
23 287 
23 137 
23 510 
23 148 
23 226 
23 305 
23 337 
23 304 
23 63 
23 224 
23 340 
23 463 
23 360 
23 85 
23 466 
23 143 
23 343 
23 14 
23 18 
23 450 
23 385 
23 173 
23 281 
23 229 
23 125 
23 15 
23 172 
23 294 
23 270 
23 182 
23 393 
23 389 
23 530 
23 114 
23 65 
23 260 
23 118 
23 202 
23 364 
23 323 
23 481 
23 286 
23 269 
23 289 
23 268 
23 133 
23 400 
23 394 
23 184 
23 126 
23 456 
23 475 
23 469 
23 221 
23 290 
23 146 
23 223 
23 30 
23 291 
23 102 
23 128 
23 219 
23 40 
23 191 
23 71 
23 116 
23 462 
23 39 
23 392 
23 313 
23 132 
23 80 
23 190 
23 327 
23 204 
23 368 
23 225 
23 88 
23 508 
23 416 
23 333 
23 188 
23 369 
23 147 
23 473 
23 90 
23 521 
23 443 
23 500 
23 239 
23 103 
23 474 
23 522 
23 471 
23 21 
23 45 
23 325 
23 329 
23 50 
23 365 
23 62 
23 339 
23 73 
23 217 
23 195 
23 218 
23 231 
23 234 
23 414 
23 192 
23 442 
24 149 
24 336 
24 112 
24 240 
24 194 
24 54 
24 140 
24 301 
24 192 
24 223 
24 49 
24 165 
24 182 
24 295 
24 371 
24 509 
24 57 
24 528 
24 267 
24 98 
24 255 
24 22 
24 284 
24 130 
24 475 
24 96 
24 33 
24 178 
24 155 
24 499 
24 500 
24 61 
24 8 
24 44 
24 65 
24 257 
24 85 
24 300 
24 328 
24 132 
24 38 
24 184 
24 390 
24 381 
24 248 
24 489 
24 47 
24 469 
24 502 
24 354 
24 319 
24 222 
24 67 
24 226 
24 306 
24 373 
24 379 
24 56 
24 504 
24 391 
24 110 
24 416 
24 246 
24 283 
24 482 
24 474 
24 235 
24 220 
24 292 
24 355 
24 508 
24 198 
24 380 
24 239 
24 125 
24 241 
24 71 
24 253 
24 297 
24 127 
24 133 
24 154 
24 234 
24 363 
24 310 
24 343 
24 333 
24 105 
24 277 
24 109 
24 245 
24 114 
24 143 
24 417 
24 269 
24 5 
24 102 
24 75 
24 68 
24 225 
24 496 
24 9 
24 377 
24 433 
24 331 
24 262 
24 290 
24 11 
24 342 
24 72 
24 438 
24 145 
24 183 
24 221 
24 173 
24 396 
24 383 
24 119 
24 375 
24 250 
24 30 
24 385 
24 233 
24 348 
24 40 
24 81 
24 318 
24 447 
24 70 
24 175 
24 299 
24 232 
24 195 
24 99 
24 388 
24 352 
24 32 
24 361 
24 275 
24 2 
24 303 
24 466 
24 503 
24 137 
24 82 
24 444 
24 20 
24 317 
24 357 
24 332 
24 120 
25 447 
25 468 
25 15 
25 280 
25 388 
25 116 
25 104 
25 359 
25 434 
25 266 
25 179 
25 71 
25 332 
25 399 
25 448 
25 65 
25 500 
25 48 
25 412 
25 324 
25 490 
25 408 
25 148 
25 237 
25 478 
25 154 
25 362 
25 363 
25 62 
25 144 
25 335 
25 152 
25 271 
25 446 
25 19 
25 328 
25 90 
25 64 
25 445 
25 52 
25 216 
25 192 
25 236 
25 326 
25 44 
25 27 
25 261 
25 187 
25 105 
25 294 
25 29 
25 146 
25 520 
25 370 
25 21 
25 512 
25 358 
25 172 
25 207 
25 462 
25 317 
25 55 
25 17 
25 36 
25 83 
25 103 
25 33 
25 302 
25 95 
25 166 
25 113 
25 311 
25 285 
25 510 
25 10 
25 8 
25 188 
25 49 
25 190 
25 214 
25 171 
25 195 
25 231 
25 246 
25 336 
25 43 
25 203 
25 390 
25 176 
25 334 
25 125 
25 16 
25 247 
25 479 
25 115 
25 409 
25 126 
25 410 
25 42 
25 275 
25 87 
25 41 
25 475 
25 245 
25 219 
25 527 
25 210 
25 422 
25 204 
25 457 
25 392 
25 396 
25 406 
25 14 
25 503 
25 494 
25 162 
25 183 
25 395 
25 159 
25 526 
25 439 
25 201 
25 330 
25 519 
25 149 
25 304 
25 419 
25 224 
25 240 
25 228 
25 466 
25 217 
25 138 
25 521 
26 270 
26 10 
26 273 
26 73 
26 415 
26 35 
26 59 
26 141 
26 22 
26 238 
26 134 
26 389 
26 439 
26 78 
26 496 
26 210 
26 127 
26 410 
26 120 
26 288 
26 488 
26 454 
26 202 
26 471 
26 17 
26 470 
26 484 
26 246 
26 418 
26 160 
26 368 
26 516 
26 342 
26 513 
26 70 
26 281 
26 261 
26 348 
26 504 
26 58 
26 422 
26 499 
26 205 
26 405 
26 81 
26 54 
26 165 
26 291 
26 113 
26 178 
26 517 
26 150 
26 335 
26 289 
26 211 
26 4 
26 45 
26 256 
26 41 
26 88 
26 47 
26 272 
26 507 
26 529 
26 138 
26 74 
26 502 
26 489 
26 57 
26 491 
26 107 
26 95 
26 453 
26 208 
26 312 
26 380 
26 420 
26 387 
26 400 
26 102 
26 69 
26 483 
26 382 
26 247 
26 5 
26 412 
26 232 
26 33 
26 469 
26 103 
26 327 
26 458 
26 302 
26 451 
26 522 
26 452 
26 480 
26 290 
26 249 
26 1 
26 318 
26 520 
26 84 
26 481 
26 3 
26 172 
26 250 
26 118 
26 268 
26 321 
26 212 
26 332 
26 518 
26 18 
26 463 
26 189 
26 431 
26 462 
26 28 
26 142 
26 89 
26 274 
26 407 
26 198 
26 316 
26 394 
26 521 
26 443 
26 308 
26 15 
26 295 
26 233 
26 87 
26 455 
26 292 
26 349 
26 498 
26 441 
26 378 
26 83 
26 164 
26 456 
26 0 
26 391 
26 175 
26 119 
26 286 
26 428 
26 216 
26 200 
26 347 
26 201 
26 221 
26 239 
26 31 
26 320 
26 196 
26 130 
26 60 
27 360 
27 67 
27 225 
27 504 
27 11 
27 394 
27 520 
27 55 
27 224 
27 488 
27 391 
27 129 
27 271 
27 376 
27 19 
27 351 
27 418 
27 362 
27 76 
27 96 
27 74 
27 262 
27 427 
27 495 
27 48 
27 430 
27 140 
27 0 
27 43 
27 511 
27 118 
27 94 
27 446 
27 34 
27 50 
27 192 
27 105 
27 449 
27 349 
27 251 
27 455 
27 276 
27 81 
27 467 
27 62 
27 142 
27 377 
27 329 
27 141 
27 183 
27 523 
27 25 
27 188 
27 132 
27 82 
27 228 
27 241 
27 71 
27 476 
27 404 
27 238 
27 405 
27 134 
27 320 
27 397 
27 202 
27 368 
27 480 
27 426 
27 165 
27 123 
27 409 
27 235 
27 364 
27 122 
27 185 
27 35 
27 493 
27 468 
27 131 
27 490 
27 195 
27 187 
27 145 
27 207 
27 273 
27 267 
27 390 
27 528 
27 193 
27 139 
27 510 
27 214 
27 309 
27 143 
27 231 
27 453 
27 120 
27 448 
27 359 
27 498 
27 268 
27 331 
27 473 
27 411 
27 382 
27 337 
27 324 
27 310 
27 424 
27 128 
27 90 
27 370 
27 72 
27 21 
27 18 
27 182 
27 304 
27 29 
27 413 
27 85 
27 113 
27 307 
27 229 
27 496 
27 434 
27 39 
27 485 
27 13 
27 186 
27 379 
27 174 
27 483 
27 460 
27 109 
27 217 
27 256 
27 126 
27 93 
27 107 
27 51 
27 242 
27 366 
27 512 
27 450 
27 290 
27 79 
27 180 
27 75 
27 451 
27 363 
27 92 
27 305 
27 218 
27 155 
27 527 
27 313 
27 308 
27 191 
28 163 
28 100 
28 422 
28 159 
28 60 
28 65 
28 474 
28 73 
28 342 
28 53 
28 360 
28 289 
28 338 
28 191 
28 313 
28 302 
28 147 
28 300 
28 99 
28 463 
28 226 
28 68 
28 451 
28 490 
28 18 
28 277 
28 514 
28 319 
28 316 
28 97 
28 181 
28 521 
28 101 
28 183 
28 293 
28 119 
28 108 
28 40 
28 394 
28 89 
28 412 
28 527 
28 466 
28 448 
28 145 
28 382 
28 192 
28 516 
28 10 
28 327 
28 94 
28 385 
28 82 
28 512 
28 266 
28 117 
28 67 
28 258 
28 268 
28 261 
28 401 
28 129 
28 344 
28 212 
28 160 
28 126 
28 105 
28 86 
28 416 
28 362 
28 257 
28 149 
28 151 
28 80 
28 116 
28 494 
28 231 
28 440 
28 35 
28 288 
28 369 
28 44 
28 380 
28 245 
28 249 
28 477 
28 479 
28 315 
28 194 
28 250 
28 62 
28 511 
28 378 
28 458 
28 314 
28 20 
28 528 
28 377 
28 282 
28 139 
28 51 
28 387 
28 398 
28 442 
28 508 
28 483 
28 392 
28 236 
28 404 
28 255 
28 345 
28 476 
28 253 
28 337 
28 78 
28 5 
28 503 
28 229 
28 26 
28 298 
28 64 
28 518 
28 329 
28 219 
28 230 
28 358 
28 203 
28 499 
28 445 
28 397 
28 138 
28 125 
28 343 
28 525 
28 449 
28 365 
28 383 
28 243 
28 517 
28 295 
28 325 
28 199 
28 187 
28 375 
28 452 
28 247 
28 430 
28 347 
28 30 
28 505 
29 396 
29 167 
29 417 
29 462 
29 464 
29 36 
29 10 
29 200 
29 22 
29 360 
29 498 
29 8 
29 484 
29 354 
29 338 
29 212 
29 166 
29 506 
29 237 
29 341 
29 222 
29 370 
29 301 
29 12 
29 278 
29 400 
29 494 
29 255 
29 261 
29 208 
29 102 
29 215 
29 245 
29 163 
29 191 
29 142 
29 211 
29 77 
29 174 
29 104 
29 357 
29 351 
29 438 
29 247 
29 507 
29 229 
29 515 
29 388 
29 90 
29 30 
29 355 
29 485 
29 44 
29 459 
29 281 
29 514 
29 478 
29 25 
29 70 
29 380 
29 57 
29 328 
29 66 
29 398 
29 292 
29 128 
29 224 
29 205 
29 209 
29 121 
29 40 
29 335 
29 372 
29 62 
29 218 
29 411 
29 310 
29 337 
29 431 
29 238 
29 528 
29 321 
29 114 
29 274 
29 333 
29 181 
29 499 
29 246 
29 82 
29 480 
29 202 
29 495 
29 150 
29 291 
29 258 
29 189 
29 157 
29 176 
29 279 
29 479 
29 113 
29 275 
29 5 
29 481 
29 27 
29 403 
29 399 
29 530 
29 405 
29 373 
29 63 
29 18 
29 183 
29 252 
29 17 
29 414 
29 505 
29 264 
29 272 
29 308 
29 41 
29 314 
29 127 
29 294 
29 331 
29 420 
29 124 
29 219 
29 323 
29 199 
29 369 
29 2 
29 93 
29 186 
29 320 
29 67 
29 235 
29 253 
29 175 
29 340 
29 402 
29 270 
29 309 
29 358 
29 58 
29 376 
29 488 
29 375 
29 228 
29 410 
29 329 
29 326 
29 473 
29 526 
29 42 
29 59 
29 133 
29 138 
30 105 
30 320 
30 232 
30 285 
30 177 
30 132 
30 54 
30 483 
30 115 
30 125 
30 468 
30 42 
30 188 
30 114 
30 59 
30 163 
30 427 
30 65 
30 165 
30 261 
30 276 
30 39 
30 69 
30 101 
30 511 
30 314 
30 181 
30 409 
30 414 
30 61 
30 312 
30 525 
30 237 
30 437 
30 267 
30 328 
30 479 
30 108 
30 208 
30 4 
30 434 
30 508 
30 220 
30 184 
30 300 
30 290 
30 527 
30 295 
30 313 
30 502 
30 91 
30 38 
30 467 
30 19 
30 448 
30 145 
30 29 
30 497 
30 325 
30 421 
30 156 
30 71 
30 458 
30 48 
30 266 
30 383 
30 51 
30 32 
30 187 
30 82 
30 499 
30 423 
30 258 
30 203 
30 218 
30 63 
30 324 
30 410 
30 498 
30 5 
30 68 
30 122 
30 494 
30 292 
30 157 
30 351 
30 141 
30 522 
30 397 
30 327 
30 74 
30 17 
30 16 
30 67 
30 31 
30 450 
30 361 
30 340 
30 310 
30 88 
30 507 
30 471 
30 501 
30 493 
30 92 
30 23 
30 274 
30 352 
30 2 
30 13 
30 510 
30 40 
30 192 
30 411 
30 472 
30 425 
30 236 
30 395 
30 515 
30 424 
30 155 
30 445 
30 159 
30 417 
30 199 
30 53 
30 269 
30 268 
30 234 
30 43 
30 337 
30 517 
30 381 
30 369 
30 456 
30 164 
30 143 
30 529 
30 255 
30 182 
30 56 
30 129 
30 3 
30 279 
30 24 
30 280 
30 304 
30 473 
30 206 
30 526 
30 322 
30 476 
30 149 
30 377 
30 119 
30 477 
30 253 
30 235 
30 226 
30 330 
30 339 
30 73 
30 307 
30 213 
30 96 
30 398 
30 172 
30 151 
30 298 
30 359 
30 28 
30 492 
31 295 
31 443 
31 357 
31 402 
31 447 
31 74 
31 208 
31 380 
31 100 
31 180 
31 46 
31 14 
31 42 
31 93 
31 430 
31 99 
31 523 
31 482 
31 490 
31 172 
31 106 
31 116 
31 373 
31 468 
31 127 
31 379 
31 122 
31 308 
31 459 
31 397 
31 75 
31 527 
31 6 
31 494 
31 496 
31 135 
31 452 
31 170 
31 88 
31 194 
31 103 
31 382 
31 530 
31 83 
31 139 
31 61 
31 528 
31 105 
31 262 
31 514 
31 97 
31 20 
31 477 
31 4 
31 454 
31 64 
31 163 
31 96 
31 207 
31 272 
31 146 
31 63 
31 21 
31 11 
31 217 
31 422 
31 475 
31 439 
31 314 
31 18 
31 82 
31 289 
31 113 
31 251 
31 524 
31 68 
31 500 
31 391 
31 292 
31 502 
31 30 
31 142 
31 398 
31 209 
31 168 
31 491 
31 317 
31 461 
31 440 
31 428 
31 279 
31 237 
31 495 
31 288 
31 517 
31 493 
31 53 
31 433 
31 271 
31 363 
31 224 
31 453 
31 1 
31 92 
31 310 
31 354 
31 19 
31 456 
31 213 
31 466 
31 107 
31 448 
31 249 
31 50 
31 418 
31 108 
31 298 
31 462 
31 36 
31 247 
31 368 
31 119 
31 56 
31 431 
31 319 
31 318 
31 202 
31 340 
31 95 
31 77 
31 123 
31 342 
31 80 
31 8 
31 361 
31 192 
31 325 
31 486 
31 198 
31 161 
31 522 
31 432 
31 376 
31 147 
31 358 
31 165 
31 129 
31 133 
31 348 
31 399 
31 26 
31 330 
32 285 
32 237 
32 513 
32 421 
32 227 
32 161 
32 457 
32 348 
32 404 
32 530 
32 96 
32 489 
32 358 
32 169 
32 40 
32 369 
32 401 
32 487 
32 163 
32 145 
32 296 
32 33 
32 295 
32 402 
32 178 
32 448 
32 344 
32 15 
32 446 
32 298 
32 11 
32 101 
32 7 
32 248 
32 485 
32 263 
32 465 
32 4 
32 47 
32 160 
32 514 
32 365 
32 189 
32 334 
32 167 
32 518 
32 299 
32 106 
32 397 
32 430 
32 77 
32 192 
32 173 
32 390 
32 217 
32 461 
32 209 
32 500 
32 235 
32 468 
32 100 
32 30 
32 501 
32 137 
32 150 
32 105 
32 82 
32 197 
32 142 
32 479 
32 87 
32 18 
32 308 
32 6 
32 61 
32 149 
32 72 
32 158 
32 258 
32 42 
32 405 
32 166 
32 71 
32 241 
32 331 
32 135 
32 321 
32 290 
32 255 
32 346 
32 70 
32 16 
32 506 
32 504 
32 194 
32 91 
32 273 
32 416 
32 59 
32 509 
32 2 
32 66 
32 531 
32 406 
32 490 
32 247 
32 253 
32 303 
32 270 
32 58 
32 396 
32 481 
32 493 
32 200 
32 51 
32 190 
32 254 
32 363 
32 449 
32 474 
32 68 
32 46 
32 314 
32 519 
32 63 
32 157 
32 13 
32 187 
32 168 
32 328 
32 380 
32 97 
32 139 
32 114 
32 429 
32 498 
32 80 
32 332 
32 499 
32 49 
32 364 
32 240 
32 391 
32 267 
32 170 
32 455 
32 188 
32 425 
32 503 
32 374 
32 154 
32 225 
32 327 
32 243 
32 262 
32 527 
32 12 
32 276 
32 24 
32 120 
32 206 
32 281 
32 110 
32 476 
32 180 
32 432 
32 464 
33 86 
33 345 
33 213 
33 272 
33 131 
33 478 
33 171 
33 398 
33 447 
33 113 
33 124 
33 479 
33 32 
33 341 
33 384 
33 1 
33 152 
33 201 
33 289 
33 205 
33 24 
33 44 
33 218 
33 229 
33 374 
33 310 
33 162 
33 223 
33 372 
33 331 
33 296 
33 145 
33 193 
33 46 
33 251 
33 140 
33 361 
33 222 
33 336 
33 142 
33 150 
33 3 
33 73 
33 19 
33 435 
33 43 
33 75 
33 186 
33 88 
33 497 
33 129 
33 39 
33 108 
33 280 
33 276 
33 531 
33 485 
33 304 
33 208 
33 527 
33 38 
33 371 
33 370 
33 190 
33 437 
33 505 
33 281 
33 489 
33 165 
33 465 
33 434 
33 254 
33 349 
33 344 
33 8 
33 227 
33 521 
33 453 
33 206 
33 76 
33 258 
33 394 
33 295 
33 25 
33 306 
33 432 
33 204 
33 94 
33 5 
33 420 
33 26 
33 319 
33 134 
33 503 
33 77 
33 198 
33 248 
33 451 
33 507 
33 211 
33 376 
33 107 
33 4 
33 351 
33 136 
33 530 
33 416 
33 169 
33 342 
33 385 
33 373 
33 161 
33 352 
33 508 
33 418 
33 240 
33 512 
33 195 
33 495 
33 500 
33 92 
33 214 
33 185 
33 242 
33 226 
33 343 
33 288 
33 298 
33 128 
33 146 
33 167 
33 328 
33 426 
33 105 
33 411 
33 431 
33 502 
33 96 
33 243 
33 126 
33 287 
33 368 
33 15 
33 111 
33 285 
33 483 
33 282 
33 234 
34 322 
34 385 
34 411 
34 109 
34 153 
34 149 
34 339 
34 224 
34 186 
34 231 
34 310 
34 145 
34 121 
34 233 
34 311 
34 103 
34 306 
34 361 
34 399 
34 76 
34 377 
34 266 
34 247 
34 423 
34 282 
34 15 
34 267 
34 182 
34 211 
34 445 
34 263 
34 390 
34 252 
34 259 
34 27 
34 338 
34 273 
34 162 
34 203 
34 508 
34 324 
34 43 
34 225 
34 431 
34 429 
34 278 
34 114 
34 248 
34 261 
34 289 
34 197 
34 518 
34 105 
34 0 
34 422 
34 414 
34 130 
34 195 
34 54 
34 497 
34 77 
34 92 
34 137 
34 459 
34 367 
34 493 
34 207 
34 16 
34 40 
34 22 
34 7 
34 309 
34 260 
34 406 
34 205 
34 476 
34 478 
34 165 
34 505 
34 372 
34 52 
34 447 
34 340 
34 147 
34 522 
34 500 
34 129 
34 441 
34 242 
34 320 
34 485 
34 471 
34 60 
34 141 
34 327 
34 368 
34 38 
34 307 
34 528 
34 222 
34 337 
34 439 
34 444 
34 227 
34 55 
34 131 
34 384 
34 355 
34 150 
34 111 
34 286 
34 382 
34 513 
34 97 
34 89 
34 496 
34 419 
34 96 
34 379 
34 470 
34 108 
34 512 
34 185 
34 348 
34 458 
34 47 
34 498 
34 18 
34 223 
34 412 
34 312 
34 122 
34 84 
34 184 
34 194 
34 74 
34 403 
34 330 
34 410 
34 317 
34 104 
34 192 
34 484 
34 209 
34 293 
34 527 
34 383 
34 392 
34 99 
34 436 
34 450 
34 139 
34 529 
34 35 
34 413 
34 519 
34 472 
34 453 
34 134 
35 294 
35 479 
35 330 
35 132 
35 423 
35 110 
35 26 
35 369 
35 47 
35 238 
35 148 
35 299 
35 219 
35 287 
35 170 
35 442 
35 10 
35 375 
35 308 
35 468 
35 444 
35 328 
35 251 
35 212 
35 525 
35 142 
35 283 
35 381 
35 529 
35 92 
35 75 
35 80 
35 497 
35 246 
35 314 
35 175 
35 295 
35 194 
35 91 
35 95 
35 386 
35 106 
35 242 
35 306 
35 203 
35 247 
35 14 
35 185 
35 83 
35 72 
35 490 
35 455 
35 310 
35 464 
35 136 
35 302 
35 276 
35 289 
35 55 
35 254 
35 172 
35 46 
35 214 
35 517 
35 499 
35 339 
35 512 
35 27 
35 211 
35 38 
35 459 
35 84 
35 278 
35 520 
35 28 
35 61 
35 484 
35 70 
35 332 
35 154 
35 164 
35 416 
35 519 
35 514 
35 264 
35 424 
35 341 
35 274 
35 86 
35 275 
35 88 
35 518 
35 130 
35 50 
35 390 
35 496 
35 383 
35 73 
35 363 
35 43 
35 81 
35 158 
35 89 
35 13 
35 506 
35 452 
35 204 
35 476 
35 367 
35 187 
35 169 
35 359 
35 111 
35 149 
35 109 
35 446 
35 160 
35 103 
35 318 
35 0 
35 418 
35 321 
35 76 
35 334 
35 365 
35 494 
35 17 
35 263 
35 410 
35 11 
35 333 
35 510 
35 166 
35 66 
35 434 
35 260 
35 406 
35 450 
35 265 
35 48 
35 258 
35 271 
35 71 
35 235 
35 252 
35 432 
35 171 
35 1 
35 87 
35 417 
35 281 
35 153 
35 362 
35 379 
35 480 
35 319 
35 180 
35 34 
35 481 
35 62 
35 217 
35 112 
35 202 
35 114 
35 79 
35 360 
35 257 
35 521 
35 37 
36 327 
36 94 
36 138 
36 170 
36 297 
36 277 
36 357 
36 71 
36 104 
36 43 
36 290 
36 509 
36 29 
36 296 
36 199 
36 368 
36 150 
36 192 
36 136 
36 48 
36 273 
36 46 
36 72 
36 383 
36 428 
36 307 
36 177 
36 515 
36 294 
36 230 
36 360 
36 373 
36 278 
36 253 
36 100 
36 222 
36 49 
36 88 
36 524 
36 398 
36 437 
36 75 
36 310 
36 19 
36 121 
36 151 
36 122 
36 526 
36 451 
36 137 
36 484 
36 489 
36 90 
36 416 
36 508 
36 501 
36 444 
36 101 
36 39 
36 216 
36 503 
36 161 
36 61 
36 107 
36 70 
36 453 
36 81 
36 25 
36 399 
36 478 
36 330 
36 246 
36 510 
36 459 
36 362 
36 306 
36 126 
36 63 
36 103 
36 379 
36 260 
36 82 
36 372 
36 267 
36 323 
36 298 
36 420 
36 458 
36 184 
36 44 
36 182 
36 347 
36 446 
36 247 
36 303 
36 194 
36 210 
36 160 
36 146 
36 435 
36 85 
36 288 
36 68 
36 1 
36 513 
36 487 
36 205 
36 353 
36 375 
36 472 
36 352 
36 281 
36 203 
36 207 
36 98 
36 429 
36 471 
36 250 
36 189 
36 188 
36 316 
36 144 
36 31 
36 251 
36 338 
36 190 
36 395 
36 12 
36 168 
36 220 
36 329 
36 346 
36 492 
36 400 
36 158 
36 470 
36 433 
36 390 
36 172 
36 142 
36 231 
36 185 
36 97 
36 443 
36 187 
36 233 
36 502 
36 427 
36 135 
36 91 
36 64 
36 506 
37 206 
37 8 
37 331 
37 156 
37 242 
37 221 
37 190 
37 263 
37 357 
37 475 
37 100 
37 383 
37 230 
37 257 
37 463 
37 499 
37 161 
37 177 
37 94 
37 398 
37 370 
37 354 
37 501 
37 473 
37 338 
37 316 
37 341 
37 54 
37 453 
37 334 
37 46 
37 116 
37 188 
37 498 
37 261 
37 310 
37 162 
37 260 
37 335 
37 41 
37 6 
37 324 
37 12 
37 55 
37 67 
37 278 
37 288 
37 454 
37 254 
37 439 
37 195 
37 381 
37 364 
37 97 
37 374 
37 204 
37 464 
37 250 
37 49 
37 375 
37 480 
37 62 
37 158 
37 178 
37 411 
37 258 
37 376 
37 309 
37 327 
37 287 
37 390 
37 91 
37 279 
37 216 
37 95 
37 458 
37 386 
37 198 
37 264 
37 406 
37 126 
37 521 
37 69 
37 249 
37 445 
37 147 
37 526 
37 169 
37 302 
37 74 
37 388 
37 268 
37 159 
37 19 
37 127 
37 174 
37 413 
37 293 
37 353 
37 88 
37 361 
37 437 
37 343 
37 452 
37 358 
37 471 
37 107 
37 402 
37 300 
37 148 
37 466 
37 519 
37 150 
37 488 
37 369 
37 507 
37 315 
37 486 
37 275 
37 52 
37 187 
37 248 
37 460 
37 120 
37 414 
37 182 
37 113 
37 497 
37 318 
37 344 
37 514 
37 247 
37 283 
37 157 
37 530 
37 365 
37 308 
37 117 
37 326 
37 348 
37 424 
37 465 
37 215 
37 469 
37 125 
37 298 
37 431 
37 35 
38 70 
38 453 
38 432 
38 21 
38 311 
38 339 
38 104 
38 474 
38 329 
38 408 
38 110 
38 463 
38 468 
38 209 
38 479 
38 62 
38 288 
38 527 
38 212 
38 457 
38 83 
38 50 
38 199 
38 396 
38 350 
38 528 
38 317 
38 422 
38 301 
38 165 
38 55 
38 388 
38 14 
38 414 
38 257 
38 383 
38 460 
38 222 
38 282 
38 59 
38 263 
38 475 
38 223 
38 377 
38 368 
38 518 
38 315 
38 24 
38 45 
38 492 
38 93 
38 519 
38 434 
38 201 
38 406 
38 30 
38 124 
38 230 
38 328 
38 74 
38 200 
38 160 
38 522 
38 75 
38 272 
38 410 
38 325 
38 421 
38 33 
38 437 
38 341 
38 72 
38 409 
38 286 
38 35 
38 326 
38 131 
38 39 
38 389 
38 451 
38 450 
38 175 
38 157 
38 245 
38 120 
38 240 
38 100 
38 95 
38 404 
38 494 
38 384 
38 291 
38 255 
38 299 
38 375 
38 265 
38 358 
38 13 
38 294 
38 101 
38 162 
38 447 
38 190 
38 149 
38 115 
38 34 
38 54 
38 323 
38 496 
38 260 
38 300 
38 515 
38 411 
38 295 
38 71 
38 279 
38 207 
38 276 
38 63 
38 238 
38 258 
38 105 
38 508 
38 530 
38 80 
38 416 
38 251 
38 274 
38 483 
38 202 
38 188 
38 228 
38 506 
38 376 
38 236 
38 87 
38 287 
38 363 
38 53 
38 448 
38 216 
38 464 
38 177 
38 15 
38 275 
38 206 
38 310 
38 113 
38 151 
38 445 
38 378 
38 312 
38 501 
38 9 
38 293 
38 178 
38 438 
38 6 
38 77 
38 473 
38 371 
38 89 
38 141 
38 478 
38 531 
38 56 
38 390 
38 433 
38 250 
38 424 
38 86 
38 195 
38 103 
38 354 
38 225 
38 517 
38 4 
39 249 
39 50 
39 514 
39 315 
39 352 
39 10 
39 138 
39 454 
39 198 
39 62 
39 485 
39 110 
39 8 
39 426 
39 55 
39 382 
39 118 
39 458 
39 30 
39 312 
39 358 
39 84 
39 443 
39 211 
39 415 
39 80 
39 356 
39 448 
39 108 
39 306 
39 378 
39 459 
39 167 
39 481 
39 385 
39 373 
39 117 
39 510 
39 460 
39 337 
39 200 
39 411 
39 229 
39 335 
39 246 
39 195 
39 114 
39 285 
39 155 
39 101 
39 298 
39 142 
39 65 
39 60 
39 465 
39 190 
39 348 
39 414 
39 75 
39 515 
39 430 
39 33 
39 444 
39 122 
39 137 
39 171 
39 327 
39 271 
39 254 
39 290 
39 145 
39 357 
39 233 
39 36 
39 318 
39 359 
39 38 
39 89 
39 264 
39 178 
39 103 
39 451 
39 387 
39 417 
39 489 
39 525 
39 477 
39 372 
39 316 
39 242 
39 311 
39 261 
39 283 
39 140 
39 175 
39 156 
39 364 
39 376 
39 386 
39 17 
39 347 
39 484 
39 286 
39 154 
39 209 
39 214 
39 508 
39 213 
39 436 
39 172 
39 93 
39 365 
39 102 
39 87 
39 452 
39 449 
39 472 
39 134 
39 279 
39 23 
39 442 
39 354 
39 413 
39 27 
39 395 
39 92 
39 153 
39 428 
39 221 
39 307 
39 0 
39 470 
39 526 
39 438 
39 440 
39 91 
39 437 
39 63 
39 120 
39 48 
39 369 
39 251 
39 496 
39 408 
39 219 
39 94 
39 457 
39 174 
39 336 
39 227 
39 333 
39 133 
39 274 
39 245 
39 488 
39 250 
39 82 
39 18 
39 105 
39 493 
39 319 
39 119 
39 192 
39 275 
39 182 
39 377 
39 228 
39 325 
39 5 
39 278 
39 248 
39 339 
40 362 
40 143 
40 300 
40 454 
40 319 
40 277 
40 85 
40 341 
40 77 
40 471 
40 428 
40 32 
40 308 
40 464 
40 184 
40 435 
40 293 
40 369 
40 275 
40 115 
40 321 
40 237 
40 466 
40 97 
40 165 
40 102 
40 263 
40 195 
40 306 
40 264 
40 234 
40 340 
40 87 
40 334 
40 375 
40 224 
40 166 
40 3 
40 271 
40 28 
40 320 
40 197 
40 67 
40 167 
40 114 
40 385 
40 508 
40 182 
40 497 
40 303 
40 530 
40 378 
40 22 
40 71 
40 192 
40 73 
40 440 
40 298 
40 168 
40 407 
40 339 
40 140 
40 141 
40 461 
40 241 
40 11 
40 422 
40 397 
40 76 
40 434 
40 106 
40 105 
40 206 
40 258 
40 400 
40 213 
40 481 
40 100 
40 274 
40 478 
40 484 
40 29 
40 219 
40 287 
40 89 
40 34 
40 65 
40 451 
40 379 
40 472 
40 131 
40 190 
40 107 
40 502 
40 201 
40 46 
40 180 
40 473 
40 305 
40 7 
40 158 
40 281 
40 503 
40 128 
40 99 
40 172 
40 232 
40 130 
40 525 
40 117 
40 361 
40 425 
40 157 
40 265 
40 371 
40 30 
40 449 
40 23 
40 145 
40 198 
40 245 
40 515 
40 129 
40 75 
40 517 
40 304 
40 68 
40 443 
40 367 
40 178 
40 370 
40 345 
40 185 
40 489 
40 78 
40 231 
40 512 
40 416 
40 453 
40 280 
40 262 
40 2 
40 52 
40 260 
40 419 
40 333 
40 146 
40 254 
40 474 
40 442 
40 193 
40 187 
40 21 
40 24 
40 61 
40 377 
40 55 
40 261 
40 504 
40 248 
40 354 
40 467 
40 6 
40 212 
40 188 
41 352 
41 3 
41 307 
41 264 
41 355 
41 520 
41 313 
41 474 
41 153 
41 296 
41 314 
41 77 
41 143 
41 54 
41 374 
41 504 
41 268 
41 451 
41 193 
41 512 
41 73 
41 459 
41 417 
41 337 
41 214 
41 21 
41 291 
41 164 
41 90 
41 438 
41 387 
41 485 
41 277 
41 526 
41 354 
41 243 
41 366 
41 51 
41 194 
41 37 
41 241 
41 372 
41 456 
41 13 
41 121 
41 182 
41 361 
41 278 
41 173 
41 359 
41 14 
41 172 
41 147 
41 288 
41 224 
41 454 
41 165 
41 196 
41 258 
41 192 
41 392 
41 15 
41 275 
41 380 
41 115 
41 109 
41 407 
41 365 
41 465 
41 176 
41 444 
41 396 
41 26 
41 223 
41 0 
41 64 
41 266 
41 521 
41 457 
41 432 
41 150 
41 11 
41 302 
41 486 
41 391 
41 146 
41 42 
41 467 
41 429 
41 58 
41 188 
41 294 
41 497 
41 8 
41 328 
41 483 
41 220 
41 63 
41 377 
41 525 
41 254 
41 384 
41 308 
41 200 
41 156 
41 375 
41 122 
41 43 
41 330 
41 133 
41 329 
41 247 
41 357 
41 332 
41 420 
41 301 
41 221 
41 208 
41 378 
41 204 
41 111 
41 413 
41 1 
41 306 
41 71 
41 510 
41 293 
41 362 
41 470 
41 321 
41 114 
41 12 
41 468 
41 25 
41 290 
41 370 
41 5 
41 116 
41 252 
41 29 
41 235 
41 318 
41 477 
41 161 
41 280 
41 311 
41 124 
41 299 
41 50 
41 518 
41 411 
41 479 
41 305 
41 322 
41 466 
41 312 
41 335 
41 233 
41 373 
41 484 
41 239 
41 340 
41 489 
41 226 
41 342 
42 71 
42 254 
42 422 
42 288 
42 137 
42 299 
42 134 
42 102 
42 409 
42 30 
42 115 
42 458 
42 475 
42 469 
42 344 
42 106 
42 31 
42 95 
42 105 
42 309 
42 302 
42 98 
42 434 
42 172 
42 198 
42 96 
42 207 
42 340 
42 332 
42 405 
42 449 
42 118 
42 320 
42 319 
42 398 
42 511 
42 264 
42 11 
42 369 
42 452 
42 355 
42 300 
42 315 
42 44 
42 215 
42 153 
42 346 
42 424 
42 126 
42 56 
42 77 
42 265 
42 192 
42 169 
42 428 
42 459 
42 408 
42 392 
42 445 
42 489 
42 431 
42 410 
42 375 
42 354 
42 285 
42 361 
42 41 
42 363 
42 163 
42 263 
42 426 
42 32 
42 335 
42 453 
42 238 
42 76 
42 365 
42 289 
42 396 
42 89 
42 15 
42 519 
42 338 
42 0 
42 135 
42 8 
42 220 
42 496 
42 466 
42 4 
42 171 
42 501 
42 121 
42 483 
42 80 
42 381 
42 318 
42 237 
42 5 
42 308 
42 232 
42 347 
42 57 
42 388 
42 25 
42 146 
42 451 
42 74 
42 297 
42 140 
42 374 
42 292 
42 383 
42 185 
42 9 
42 148 
42 416 
42 345 
42 480 
42 367 
42 247 
42 419 
42 173 
42 279 
42 195 
42 184 
42 393 
42 527 
42 321 
42 275 
42 327 
42 145 
42 528 
42 488 
42 372 
42 385 
42 45 
42 267 
42 500 
42 191 
42 29 
42 85 
42 268 
42 482 
42 339 
42 362 
42 272 
42 512 
43 338 
43 352 
43 298 
43 346 
43 36 
43 341 
43 150 
43 498 
43 492 
43 67 
43 162 
43 315 
43 163 
43 384 
43 329 
43 8 
43 191 
43 270 
43 374 
43 75 
43 477 
43 278 
43 483 
43 235 
43 294 
43 263 
43 27 
43 333 
43 517 
43 130 
43 66 
43 218 
43 409 
43 383 
43 70 
43 34 
43 485 
43 325 
43 232 
43 311 
43 377 
43 348 
43 530 
43 445 
43 387 
43 389 
43 358 
43 332 
43 89 
43 360 
43 225 
43 56 
43 33 
43 268 
43 196 
43 488 
43 254 
43 385 
43 143 
43 413 
43 164 
43 438 
43 334 
43 231 
43 168 
43 103 
43 226 
43 514 
43 433 
43 405 
43 78 
43 356 
43 148 
43 308 
43 296 
43 487 
43 92 
43 506 
43 486 
43 351 
43 432 
43 242 
43 306 
43 44 
43 7 
43 185 
43 423 
43 104 
43 73 
43 304 
43 68 
43 132 
43 35 
43 455 
43 13 
43 192 
43 165 
43 303 
43 41 
43 519 
43 217 
43 467 
43 51 
43 25 
43 246 
43 428 
43 474 
43 122 
43 280 
43 48 
43 479 
43 205 
43 411 
43 1 
43 156 
43 245 
43 18 
43 195 
43 209 
43 142 
43 81 
43 30 
43 220 
43 444 
43 243 
43 367 
43 464 
43 21 
43 252 
43 197 
43 503 
43 528 
43 145 
43 419 
43 426 
43 302 
43 107 
43 373 
43 240 
43 515 
43 265 
43 357 
43 521 
43 157 
43 355 
43 10 
43 208 
43 529 
43 275 
43 250 
43 76 
43 109 
43 475 
43 318 
43 99 
43 5 
43 72 
43 371 
43 14 
43 86 
43 221 
43 9 
43 350 
43 386 
44 47 
44 298 
44 441 
44 276 
44 165 
44 129 
44 113 
44 119 
44 95 
44 511 
44 462 
44 178 
44 202 
44 197 
44 327 
44 155 
44 391 
44 241 
44 239 
44 88 
44 414 
44 403 
44 151 
44 385 
44 21 
44 282 
44 387 
44 305 
44 522 
44 479 
44 143 
44 344 
44 473 
44 500 
44 244 
44 238 
44 508 
44 374 
44 342 
44 486 
44 224 
44 365 
44 33 
44 24 
44 174 
44 57 
44 431 
44 395 
44 349 
44 450 
44 409 
44 154 
44 59 
44 426 
44 42 
44 2 
44 257 
44 467 
44 180 
44 460 
44 389 
44 10 
44 279 
44 25 
44 526 
44 418 
44 29 
44 359 
44 171 
44 362 
44 324 
44 471 
44 509 
44 94 
44 177 
44 263 
44 293 
44 423 
44 67 
44 116 
44 166 
44 28 
44 524 
44 130 
44 49 
44 136 
44 87 
44 351 
44 497 
44 43 
44 285 
44 491 
44 354 
44 379 
44 296 
44 205 
44 7 
44 289 
44 529 
44 247 
44 121 
44 392 
44 3 
44 419 
44 36 
44 417 
44 262 
44 275 
44 248 
44 390 
44 260 
44 13 
44 133 
44 376 
44 394 
44 93 
44 472 
44 99 
44 530 
44 196 
44 145 
44 499 
44 318 
44 345 
44 457 
44 90 
44 461 
44 80 
44 108 
44 159 
44 404 
44 22 
44 448 
44 340 
44 203 
44 326 
44 115 
44 70 
44 175 
44 92 
44 505 
44 231 
44 83 
44 221 
44 429 
44 55 
44 120 
44 56 
44 123 
44 127 
44 198 
44 6 
44 125 
44 77 
44 334 
44 338 
44 164 
44 60 
44 286 
44 406 
44 393 
45 127 
45 346 
45 222 
45 341 
45 441 
45 437 
45 82 
45 245 
45 379 
45 451 
45 143 
45 522 
45 309 
45 349 
45 92 
45 488 
45 529 
45 370 
45 201 
45 412 
45 435 
45 396 
45 81 
45 204 
45 332 
45 423 
45 170 
45 210 
45 507 
45 107 
45 168 
45 17 
45 384 
45 290 
45 303 
45 479 
45 315 
45 339 
45 414 
45 310 
45 367 
45 97 
45 301 
45 129 
45 230 
45 527 
45 10 
45 67 
45 457 
45 38 
45 68 
45 270 
45 331 
45 333 
45 269 
45 361 
45 338 
45 167 
45 447 
45 352 
45 16 
45 374 
45 440 
45 283 
45 328 
45 76 
45 363 
45 106 
45 147 
45 177 
45 218 
45 26 
45 445 
45 113 
45 231 
45 196 
45 104 
45 495 
45 460 
45 416 
45 497 
45 13 
45 54 
45 517 
45 79 
45 251 
45 510 
45 176 
45 158 
45 215 
45 0 
45 518 
45 256 
45 123 
45 178 
45 259 
45 8 
45 325 
45 223 
45 189 
45 46 
45 450 
45 400 
45 52 
45 248 
45 305 
45 431 
45 137 
45 47 
45 508 
45 161 
45 413 
45 355 
45 432 
45 78 
45 267 
45 126 
45 322 
45 291 
45 139 
45 208 
45 146 
45 115 
45 117 
45 344 
45 5 
45 448 
45 351 
45 409 
45 14 
45 69 
45 85 
45 102 
45 308 
45 224 
45 157 
45 365 
45 404 
45 515 
45 220 
45 427 
45 286 
45 74 
45 23 
45 326 
45 499 
45 42 
45 187 
45 439 
45 257 
45 454 
45 128 
45 265 
45 186 
45 15 
45 275 
45 88 
45 327 
45 321 
45 262 
46 249 
46 61 
46 311 
46 184 
46 258 
46 87 
46 269 
46 56 
46 286 
46 486 
46 364 
46 66 
46 31 
46 96 
46 512 
46 404 
46 36 
46 518 
46 494 
46 295 
46 74 
46 336 
46 219 
46 398 
46 290 
46 135 
46 217 
46 386 
46 412 
46 137 
46 373 
46 424 
46 226 
46 127 
46 94 
46 381 
46 37 
46 149 
46 293 
46 13 
46 273 
46 213 
46 333 
46 291 
46 322 
46 235 
46 432 
46 161 
46 261 
46 324 
46 245 
46 477 
46 221 
46 396 
46 83 
46 55 
46 387 
46 190 
46 323 
46 33 
46 84 
46 383 
46 260 
46 353 
46 16 
46 306 
46 215 
46 270 
46 375 
46 513 
46 283 
46 69 
46 499 
46 103 
46 401 
46 442 
46 112 
46 392 
46 35 
46 415 
46 394 
46 521 
46 506 
46 165 
46 119 
46 519 
46 72 
46 408 
46 130 
46 240 
46 197 
46 40 
46 492 
46 241 
46 489 
46 108 
46 244 
46 397 
46 91 
46 296 
46 168 
46 466 
46 198 
46 266 
46 319 
46 138 
46 45 
46 199 
46 457 
46 12 
46 10 
46 446 
46 126 
46 337 
46 485 
46 450 
46 187 
46 238 
46 465 
46 462 
46 195 
46 371 
46 32 
46 305 
46 507 
46 458 
46 21 
46 22 
46 456 
46 377 
46 68 
46 175 
46 186 
46 421 
46 267 
46 178 
46 5 
46 128 
46 341 
46 469 
46 77 
46 172 
46 438 
46 150 
46 105 
46 223 
46 526 
46 118 
46 115 
46 508 
46 530 
46 425 
46 501 
46 338 
46 304 
46 125 
46 390 
46 78 
46 109 
46 146 
46 479 
46 114 
46 159 
46 276 
46 455 
46 400 
46 407 
46 426 
47 340 
47 44 
47 15 
47 1 
47 335 
47 530 
47 186 
47 212 
47 249 
47 459 
47 379 
47 409 
47 397 
47 35 
47 166 
47 171 
47 113 
47 247 
47 431 
47 352 
47 266 
47 268 
47 216 
47 285 
47 82 
47 223 
47 254 
47 506 
47 221 
47 428 
47 328 
47 68 
47 19 
47 393 
47 32 
47 341 
47 292 
47 214 
47 261 
47 131 
47 147 
47 102 
47 250 
47 244 
47 451 
47 295 
47 24 
47 435 
47 370 
47 421 
47 144 
47 395 
47 373 
47 85 
47 22 
47 346 
47 483 
47 519 
47 132 
47 237 
47 318 
47 255 
47 209 
47 492 
47 128 
47 130 
47 26 
47 9 
47 60 
47 191 
47 463 
47 160 
47 210 
47 310 
47 336 
47 440 
47 86 
47 170 
47 338 
47 114 
47 357 
47 133 
47 227 
47 322 
47 177 
47 502 
47 399 
47 363 
47 300 
47 332 
47 57 
47 141 
47 92 
47 58 
47 63 
47 95 
47 523 
47 124 
47 215 
47 121 
47 174 
47 455 
47 487 
47 269 
47 140 
47 109 
47 383 
47 324 
47 456 
47 469 
47 197 
47 298 
47 6 
47 475 
47 457 
47 473 
47 77 
47 375 
47 418 
47 271 
47 524 
47 222 
47 159 
47 488 
47 45 
47 323 
47 207 
47 433 
47 116 
47 430 
47 246 
47 345 
47 201 
47 34 
47 51 
47 505 
47 136 
47 518 
47 253 
47 143 
47 126 
47 481 
47 50 
47 203 
47 388 
47 356 
47 173 
47 494 
47 156 
47 155 
47 507 
47 211 
48 381 
48 389 
48 323 
48 182 
48 414 
48 256 
48 290 
48 205 
48 60 
48 85 
48 269 
48 194 
48 102 
48 152 
48 318 
48 156 
48 467 
48 181 
48 433 
48 266 
48 242 
48 36 
48 495 
48 271 
48 103 
48 25 
48 27 
48 522 
48 237 
48 107 
48 350 
48 244 
48 476 
48 235 
48 513 
48 228 
48 331 
48 218 
48 353 
48 386 
48 199 
48 93 
48 491 
48 274 
48 284 
48 133 
48 149 
48 488 
48 514 
48 375 
48 436 
48 506 
48 178 
48 426 
48 80 
48 259 
48 360 
48 413 
48 313 
48 14 
48 338 
48 176 
48 143 
48 314 
48 30 
48 474 
48 492 
48 454 
48 471 
48 309 
48 288 
48 153 
48 364 
48 369 
48 187 
48 64 
48 435 
48 265 
48 370 
48 159 
48 303 
48 192 
48 8 
48 319 
48 421 
48 13 
48 417 
48 255 
48 268 
48 347 
48 277 
48 441 
48 72 
48 377 
48 465 
48 531 
48 233 
48 493 
48 210 
48 407 
48 408 
48 203 
48 144 
48 422 
48 43 
48 351 
48 49 
48 483 
48 334 
48 327 
48 4 
48 127 
48 180 
48 117 
48 447 
48 418 
48 272 
48 333 
48 138 
48 123 
48 39 
48 427 
48 167 
48 352 
48 174 
48 489 
48 134 
48 9 
48 283 
48 281 
48 35 
48 344 
48 52 
48 21 
48 501 
48 229 
48 416 
48 399 
48 247 
48 132 
48 59 
48 150 
48 128 
48 512 
48 307 
48 88 
48 420 
48 394 
48 425 
48 511 
48 376 
49 95 
49 480 
49 127 
49 509 
49 139 
49 5 
49 284 
49 527 
49 433 
49 24 
49 91 
49 396 
49 408 
49 330 
49 493 
49 446 
49 170 
49 108 
49 168 
49 500 
49 21 
49 443 
49 334 
49 78 
49 116 
49 11 
49 71 
49 203 
49 132 
49 360 
49 476 
49 233 
49 55 
49 315 
49 160 
49 36 
49 335 
49 384 
49 277 
49 16 
49 74 
49 294 
49 410 
49 351 
49 447 
49 146 
49 104 
49 167 
49 465 
49 387 
49 414 
49 219 
49 37 
49 485 
49 426 
49 513 
49 336 
49 230 
49 418 
49 13 
49 454 
49 362 
49 462 
49 82 
49 275 
49 17 
49 229 
49 306 
49 475 
49 472 
49 44 
49 467 
49 496 
49 526 
49 352 
49 50 
49 75 
49 169 
49 119 
49 432 
49 263 
49 469 
49 237 
49 53 
49 98 
49 250 
49 303 
49 307 
49 93 
49 106 
49 242 
49 507 
49 245 
49 25 
49 141 
49 291 
49 90 
49 252 
49 436 
49 346 
49 121 
49 190 
49 417 
49 370 
49 531 
49 332 
49 402 
49 522 
49 366 
49 48 
49 115 
49 508 
49 101 
49 287 
49 342 
49 102 
49 92 
49 135 
49 56 
49 272 
49 324 
49 105 
49 158 
49 520 
49 314 
49 187 
49 182 
49 409 
49 271 
49 7 
49 32 
49 64 
49 70 
49 458 
49 163 
49 299 
49 457 
49 429 
49 270 
49 269 
49 76 
49 14 
49 258 
49 515 
49 131 
49 361 
49 208 
49 217 
49 495 
49 8 
49 212 
49 68 
49 268 
49 363 
50 442 
50 380 
50 39 
50 309 
50 445 
50 251 
50 152 
50 248 
50 149 
50 462 
50 292 
50 266 
50 281 
50 66 
50 174 
50 181 
50 117 
50 489 
50 89 
50 437 
50 206 
50 38 
50 496 
50 106 
50 338 
50 475 
50 272 
50 284 
50 121 
50 411 
50 131 
50 182 
50 178 
50 377 
50 231 
50 276 
50 71 
50 212 
50 382 
50 27 
50 146 
50 17 
50 315 
50 341 
50 63 
50 342 
50 256 
50 344 
50 267 
50 258 
50 108 
50 397 
50 232 
50 95 
50 480 
50 268 
50 363 
50 374 
50 491 
50 372 
50 376 
50 86 
50 484 
50 498 
50 257 
50 447 
50 322 
50 304 
50 490 
50 306 
50 530 
50 328 
50 213 
50 423 
50 299 
50 501 
50 303 
50 49 
50 449 
50 425 
50 431 
50 223 
50 297 
50 426 
50 15 
50 35 
50 239 
50 164 
50 76 
50 393 
50 515 
50 185 
50 298 
50 481 
50 293 
50 98 
50 519 
50 151 
50 166 
50 199 
50 418 
50 493 
50 193 
50 321 
50 349 
50 518 
50 417 
50 255 
50 70 
50 390 
50 402 
50 395 
50 180 
50 56 
50 241 
50 401 
50 198 
50 319 
50 318 
50 222 
50 235 
50 202 
50 476 
50 187 
50 116 
50 110 
50 31 
50 394 
50 21 
50 150 
50 424 
50 392 
50 244 
50 524 
50 379 
50 450 
50 412 
50 521 
50 495 
50 69 
50 41 
50 330 
50 85 
50 81 
50 237 
50 368 
50 47 
50 369 
50 436 
50 333 
50 211 
50 522 
50 457 
50 23 
50 483 
50 366 
50 119 
50 215 
50 453 
50 236 
50 277 
50 345 
50 337 
50 80 
51 204 
51 460 
51 98 
51 58 
51 174 
51 292 
51 396 
51 104 
51 325 
51 159 
51 338 
51 430 
51 483 
51 63 
51 509 
51 324 
51 412 
51 444 
51 101 
51 420 
51 176 
51 76 
51 248 
51 423 
51 20 
51 272 
51 468 
51 358 
51 19 
51 53 
51 315 
51 386 
51 154 
51 328 
51 276 
51 134 
51 41 
51 474 
51 165 
51 69 
51 475 
51 313 
51 242 
51 210 
51 14 
51 520 
51 282 
51 469 
51 378 
51 141 
51 274 
51 93 
51 30 
51 228 
51 490 
51 278 
51 476 
51 119 
51 142 
51 489 
51 220 
51 517 
51 129 
51 478 
51 130 
51 172 
51 168 
51 237 
51 499 
51 253 
51 429 
51 198 
51 322 
51 181 
51 218 
51 170 
51 255 
51 387 
51 350 
51 137 
51 81 
51 453 
51 303 
51 513 
51 291 
51 28 
51 433 
51 258 
51 249 
51 103 
51 188 
51 84 
51 371 
51 477 
51 126 
51 92 
51 229 
51 343 
51 71 
51 125 
51 472 
51 43 
51 200 
51 152 
51 160 
51 401 
51 289 
51 448 
51 135 
51 390 
51 32 
51 332 
51 146 
51 60 
51 296 
51 67 
51 179 
51 247 
51 261 
51 211 
51 163 
51 528 
51 471 
51 139 
51 333 
51 366 
51 459 
51 238 
51 47 
51 283 
51 27 
51 266 
51 370 
51 346 
51 323 
51 262 
51 118 
51 214 
51 300 
51 466 
51 124 
51 88 
51 307 
51 162 
51 381 
51 501 
51 372 
51 206 
51 113 
51 360 
51 373 
51 87 
51 265 
52 325 
52 200 
52 202 
52 119 
52 98 
52 109 
52 482 
52 205 
52 20 
52 14 
52 172 
52 463 
52 213 
52 2 
52 393 
52 275 
52 140 
52 228 
52 95 
52 126 
52 269 
52 362 
52 479 
52 81 
52 491 
52 110 
52 151 
52 218 
52 177 
52 100 
52 385 
52 481 
52 508 
52 138 
52 332 
52 412 
52 423 
52 10 
52 360 
52 86 
52 382 
52 454 
52 314 
52 475 
52 483 
52 25 
52 413 
52 291 
52 367 
52 123 
52 321 
52 284 
52 101 
52 60 
52 259 
52 376 
52 427 
52 330 
52 76 
52 507 
52 134 
52 383 
52 441 
52 34 
52 156 
52 180 
52 488 
52 193 
52 145 
52 203 
52 302 
52 224 
52 90 
52 233 
52 57 
52 473 
52 515 
52 227 
52 312 
52 281 
52 470 
52 127 
52 517 
52 108 
52 131 
52 89 
52 317 
52 103 
52 260 
52 9 
52 45 
52 369 
52 264 
52 290 
52 80 
52 336 
52 278 
52 498 
52 299 
52 223 
52 349 
52 339 
52 404 
52 22 
52 241 
52 416 
52 319 
52 161 
52 266 
52 280 
52 73 
52 85 
52 250 
52 524 
52 173 
52 234 
52 311 
52 315 
52 15 
52 379 
52 97 
52 152 
52 304 
52 345 
52 251 
52 194 
52 445 
52 403 
52 13 
52 83 
52 4 
52 373 
52 40 
52 338 
52 262 
52 129 
52 5 
52 121 
52 37 
52 460 
52 389 
52 155 
52 521 
52 248 
52 467 
52 464 
52 48 
52 283 
52 523 
52 188 
52 394 
52 436 
52 158 
52 503 
52 501 
52 430 
52 366 
52 11 
52 102 
52 419 
52 415 
52 272 
52 329 
52 313 
52 277 
52 529 
52 519 
52 418 
53 461 
53 530 
53 390 
53 418 
53 388 
53 168 
53 28 
53 405 
53 337 
53 345 
53 502 
53 525 
53 451 
53 403 
53 498 
53 350 
53 62 
53 452 
53 443 
53 435 
53 256 
53 99 
53 380 
53 167 
53 265 
53 386 
53 297 
53 324 
53 51 
53 411 
53 120 
53 152 
53 178 
53 307 
53 18 
53 325 
53 371 
53 358 
53 316 
53 138 
53 280 
53 397 
53 153 
53 323 
53 453 
53 300 
53 496 
53 278 
53 150 
53 296 
53 175 
53 253 
53 531 
53 188 
53 146 
53 124 
53 401 
53 520 
53 136 
53 84 
53 255 
53 334 
53 480 
53 10 
53 134 
53 331 
53 113 
53 189 
53 526 
53 49 
53 195 
53 70 
53 304 
53 276 
53 362 
53 172 
53 363 
53 115 
53 252 
53 348 
53 220 
53 328 
53 60 
53 487 
53 55 
53 140 
53 318 
53 355 
53 96 
53 365 
53 141 
53 295 
53 279 
53 342 
53 101 
53 433 
53 415 
53 507 
53 391 
53 379 
53 31 
53 299 
53 30 
53 72 
53 493 
53 516 
53 22 
53 231 
53 475 
53 510 
53 454 
53 367 
53 431 
53 393 
53 470 
53 38 
53 74 
53 522 
53 248 
53 160 
53 21 
53 236 
53 419 
53 428 
53 110 
53 196 
53 63 
53 432 
53 387 
53 105 
53 408 
53 151 
53 155 
53 455 
53 176 
53 158 
53 6 
53 320 
53 369 
53 382 
53 64 
53 346 
53 83 
53 301 
53 336 
53 389 
53 287 
53 483 
53 61 
53 66 
53 456 
53 447 
53 251 
53 184 
53 509 
54 5 
54 219 
54 195 
54 317 
54 30 
54 308 
54 24 
54 298 
54 11 
54 59 
54 171 
54 70 
54 362 
54 17 
54 156 
54 41 
54 296 
54 172 
54 366 
54 322 
54 427 
54 326 
54 181 
54 528 
54 373 
54 305 
54 329 
54 455 
54 136 
54 10 
54 403 
54 368 
54 182 
54 457 
54 37 
54 390 
54 450 
54 513 
54 253 
54 119 
54 259 
54 71 
54 316 
54 273 
54 174 
54 65 
54 384 
54 340 
54 56 
54 416 
54 89 
54 330 
54 135 
54 491 
54 361 
54 173 
54 184 
54 177 
54 374 
54 410 
54 117 
54 212 
54 26 
54 73 
54 34 
54 467 
54 186 
54 149 
54 284 
54 474 
54 150 
54 345 
54 331 
54 458 
54 479 
54 490 
54 249 
54 12 
54 481 
54 13 
54 332 
54 347 
54 254 
54 510 
54 45 
54 304 
54 104 
54 492 
54 144 
54 191 
54 233 
54 348 
54 94 
54 111 
54 278 
54 327 
54 342 
54 200 
54 402 
54 478 
54 99 
54 295 
54 19 
54 122 
54 388 
54 243 
54 292 
54 358 
54 8 
54 297 
54 1 
54 38 
54 231 
54 148 
54 313 
54 306 
54 517 
54 267 
54 194 
54 287 
54 228 
54 137 
54 466 
54 472 
54 63 
54 507 
54 378 
54 502 
54 6 
54 441 
54 300 
54 511 
54 483 
54 130 
54 113 
54 355 
54 289 
54 272 
54 76 
54 175 
54 498 
54 512 
54 224 
54 339 
54 88 
54 179 
54 67 
54 290 
54 359 
54 475 
54 499 
54 116 
54 127 
54 64 
54 375 
54 503 
54 413 
54 285 
54 217 
54 364 
54 139 
54 377 
54 486 
54 521 
54 79 
55 264 
55 160 
55 363 
55 88 
55 155 
55 250 
55 9 
55 224 
55 385 
55 452 
55 263 
55 180 
55 27 
55 320 
55 514 
55 274 
55 426 
55 147 
55 221 
55 406 
55 461 
55 39 
55 489 
55 82 
55 470 
55 448 
55 525 
55 303 
55 152 
55 191 
55 198 
55 158 
55 276 
55 20 
55 197 
55 13 
55 323 
55 333 
55 38 
55 78 
55 294 
55 271 
55 143 
55 355 
55 87 
55 409 
55 466 
55 49 
55 416 
55 495 
55 22 
55 248 
55 483 
55 135 
55 77 
55 46 
55 12 
55 37 
55 472 
55 476 
55 168 
55 187 
55 291 
55 351 
55 119 
55 272 
55 255 
55 372 
55 474 
55 504 
55 523 
55 195 
55 136 
55 373 
55 35 
55 163 
55 421 
55 453 
55 529 
55 308 
55 105 
55 89 
55 125 
55 482 
55 433 
55 314 
55 188 
55 25 
55 66 
55 531 
55 91 
55 430 
55 284 
55 118 
55 289 
55 112 
55 345 
55 259 
55 210 
55 519 
55 254 
55 114 
55 397 
55 70 
55 218 
55 103 
55 507 
55 444 
55 447 
55 53 
55 69 
55 317 
55 71 
55 94 
55 176 
55 374 
55 337 
55 34 
55 181 
55 126 
55 417 
55 282 
55 384 
55 418 
55 244 
55 267 
55 227 
55 144 
55 376 
55 196 
55 237 
55 138 
55 318 
55 338 
55 524 
55 5 
55 216 
55 347 
55 208 
55 506 
55 339 
55 429 
55 455 
55 251 
55 275 
55 383 
55 156 
55 21 
55 44 
55 304 
55 335 
55 309 
55 207 
55 348 
55 40 
55 171 
55 420 
55 424 
55 57 
55 134 
55 403 
55 415 
55 440 
55 104 
55 109 
55 6 
55 395 
55 306 
55 101 
55 432 
56 211 
56 521 
56 427 
56 374 
56 18 
56 341 
56 149 
56 428 
56 171 
56 46 
56 494 
56 468 
56 80 
56 490 
56 96 
56 124 
56 222 
56 508 
56 414 
56 125 
56 202 
56 5 
56 313 
56 424 
56 384 
56 187 
56 282 
56 505 
56 498 
56 64 
56 336 
56 213 
56 346 
56 54 
56 243 
56 234 
56 330 
56 420 
56 507 
56 506 
56 112 
56 276 
56 338 
56 308 
56 357 
56 224 
56 392 
56 527 
56 24 
56 42 
56 1 
56 398 
56 286 
56 43 
56 126 
56 288 
56 310 
56 410 
56 433 
56 247 
56 320 
56 412 
56 342 
56 163 
56 104 
56 477 
56 281 
56 268 
56 150 
56 136 
56 431 
56 363 
56 161 
56 481 
56 382 
56 513 
56 337 
56 303 
56 515 
56 176 
56 287 
56 520 
56 284 
56 316 
56 373 
56 117 
56 95 
56 364 
56 86 
56 501 
56 236 
56 107 
56 197 
56 522 
56 294 
56 369 
56 411 
56 419 
56 305 
56 245 
56 249 
56 324 
56 50 
56 221 
56 194 
56 57 
56 238 
56 396 
56 370 
56 459 
56 49 
56 215 
56 145 
56 235 
56 188 
56 362 
56 146 
56 457 
56 256 
56 486 
56 30 
56 444 
56 472 
56 77 
56 175 
56 474 
56 385 
56 232 
56 31 
56 162 
56 82 
56 101 
56 168 
56 44 
56 205 
56 66 
56 131 
56 2 
56 244 
56 475 
56 530 
56 518 
56 531 
56 199 
56 366 
56 88 
56 38 
56 454 
56 90 
56 156 
56 293 
56 6 
56 500 
56 423 
56 84 
56 233 
57 407 
57 93 
57 427 
57 157 
57 133 
57 455 
57 465 
57 491 
57 204 
57 317 
57 323 
57 364 
57 362 
57 129 
57 24 
57 149 
57 526 
57 136 
57 90 
57 154 
57 248 
57 295 
57 340 
57 325 
57 288 
57 460 
57 88 
57 21 
57 106 
57 44 
57 201 
57 205 
57 428 
57 65 
57 408 
57 139 
57 226 
57 346 
57 331 
57 512 
57 405 
57 370 
57 108 
57 100 
57 278 
57 275 
57 360 
57 406 
57 147 
57 306 
57 279 
57 13 
57 168 
57 199 
57 518 
57 495 
57 355 
57 29 
57 514 
57 10 
57 219 
57 431 
57 446 
57 523 
57 481 
57 253 
57 528 
57 189 
57 26 
57 117 
57 338 
57 141 
57 328 
57 268 
57 134 
57 297 
57 1 
57 247 
57 420 
57 517 
57 483 
57 71 
57 433 
57 249 
57 264 
57 135 
57 47 
57 52 
57 381 
57 300 
57 123 
57 175 
57 259 
57 372 
57 121 
57 417 
57 470 
57 515 
57 77 
57 107 
57 508 
57 61 
57 225 
57 178 
57 2 
57 466 
57 415 
57 390 
57 507 
57 444 
57 188 
57 42 
57 525 
57 223 
57 382 
57 56 
57 238 
57 447 
57 357 
57 386 
57 120 
57 516 
57 224 
57 311 
57 308 
57 260 
57 125 
57 156 
57 351 
57 138 
57 452 
57 273 
57 115 
57 403 
57 127 
57 272 
57 5 
57 179 
57 97 
57 176 
57 246 
57 315 
57 365 
57 221 
57 472 
57 437 
57 504 
57 457 
57 441 
57 229 
57 327 
57 75 
57 375 
57 414 
57 216 
57 165 
57 376 
57 276 
57 200 
57 192 
57 55 
57 312 
57 0 
57 283 
57 172 
57 174 
57 220 
57 186 
57 500 
57 6 
57 148 
57 510 
57 94 
57 92 
57 482 
58 422 
58 418 
58 193 
58 406 
58 113 
58 335 
58 299 
58 478 
58 51 
58 508 
58 336 
58 89 
58 183 
58 218 
58 318 
58 523 
58 177 
58 466 
58 408 
58 482 
58 96 
58 164 
58 101 
58 80 
58 125 
58 510 
58 339 
58 480 
58 516 
58 448 
58 527 
58 486 
58 217 
58 477 
58 220 
58 175 
58 84 
58 494 
58 484 
58 1 
58 26 
58 86 
58 280 
58 370 
58 19 
58 117 
58 131 
58 377 
58 138 
58 308 
58 219 
58 349 
58 524 
58 496 
58 66 
58 244 
58 309 
58 320 
58 270 
58 123 
58 120 
58 70 
58 196 
58 68 
58 83 
58 373 
58 206 
58 4 
58 144 
58 337 
58 346 
58 205 
58 314 
58 261 
58 360 
58 476 
58 518 
58 15 
58 417 
58 265 
58 521 
58 497 
58 167 
58 130 
58 191 
58 402 
58 41 
58 16 
58 213 
58 439 
58 185 
58 202 
58 47 
58 157 
58 464 
58 438 
58 437 
58 442 
58 204 
58 303 
58 147 
58 526 
58 324 
58 149 
58 5 
58 316 
58 32 
58 483 
58 389 
58 179 
58 187 
58 454 
58 263 
58 343 
58 365 
58 237 
58 229 
58 241 
58 440 
58 166 
58 515 
58 208 
58 511 
58 525 
58 259 
58 283 
58 209 
58 455 
58 94 
58 470 
58 391 
58 139 
58 353 
58 20 
58 436 
58 211 
58 190 
58 300 
58 87 
58 424 
58 509 
58 278 
58 127 
58 356 
58 29 
58 60 
58 290 
58 433 
58 432 
58 118 
58 285 
58 106 
58 363 
58 182 
58 266 
58 400 
58 405 
58 495 
58 529 
58 330 
58 250 
59 176 
59 302 
59 381 
59 531 
59 378 
59 26 
59 373 
59 123 
59 54 
59 213 
59 233 
59 2 
59 98 
59 505 
59 289 
59 30 
59 377 
59 99 
59 238 
59 273 
59 439 
59 188 
59 398 
59 313 
59 372 
59 501 
59 73 
59 498 
59 109 
59 413 
59 426 
59 470 
59 13 
59 363 
59 224 
59 348 
59 345 
59 493 
59 38 
59 194 
59 496 
59 235 
59 357 
59 82 
59 264 
59 76 
59 443 
59 410 
59 44 
59 84 
59 228 
59 3 
59 306 
59 90 
59 241 
59 526 
59 388 
59 455 
59 68 
59 200 
59 350 
59 207 
59 165 
59 105 
59 320 
59 205 
59 191 
59 171 
59 409 
59 427 
59 170 
59 467 
59 201 
59 508 
59 451 
59 507 
59 284 
59 529 
59 310 
59 450 
59 375 
59 359 
59 236 
59 92 
59 79 
59 218 
59 196 
59 107 
59 138 
59 126 
59 162 
59 174 
59 251 
59 477 
59 125 
59 32 
59 75 
59 16 
59 18 
59 20 
59 208 
59 361 
59 254 
59 240 
59 364 
59 354 
59 112 
59 358 
59 211 
59 157 
59 242 
59 282 
59 250 
59 145 
59 10 
59 139 
59 485 
59 495 
59 490 
59 91 
59 401 
59 253 
59 261 
59 155 
59 217 
59 287 
59 311 
59 332 
59 334 
59 356 
59 247 
59 340 
59 425 
59 274 
59 339 
59 121 
59 166 
59 317 
59 462 
59 265 
59 380 
59 441 
59 447 
59 399 
59 303 
59 48 
59 190 
59 497 
59 318 
59 480 
59 29 
59 431 
59 281 
59 411 
59 428 
59 316 
60 463 
60 478 
60 425 
60 294 
60 70 
60 337 
60 349 
60 28 
60 456 
60 48 
60 395 
60 140 
60 341 
60 512 
60 311 
60 130 
60 397 
60 212 
60 378 
60 179 
60 98 
60 182 
60 438 
60 354 
60 99 
60 443 
60 310 
60 376 
60 68 
60 466 
60 75 
60 370 
60 325 
60 429 
60 416 
60 73 
60 305 
60 133 
60 63 
60 398 
60 304 
60 217 
60 165 
60 164 
60 477 
60 139 
60 317 
60 288 
60 207 
60 20 
60 39 
60 368 
60 526 
60 173 
60 87 
60 83 
60 200 
60 424 
60 82 
60 436 
60 348 
60 409 
60 52 
60 119 
60 47 
60 383 
60 388 
60 381 
60 342 
60 177 
60 143 
60 469 
60 445 
60 240 
60 530 
60 105 
60 81 
60 326 
60 106 
60 440 
60 283 
60 202 
60 504 
60 72 
60 176 
60 137 
60 248 
60 170 
60 76 
60 357 
60 296 
60 418 
60 258 
60 322 
60 67 
60 34 
60 243 
60 53 
60 289 
60 423 
60 524 
60 298 
60 189 
60 406 
60 531 
60 525 
60 299 
60 103 
60 514 
60 218 
60 267 
60 111 
60 153 
60 401 
60 329 
60 290 
60 464 
60 117 
60 486 
60 101 
60 107 
60 85 
60 384 
60 347 
60 8 
60 51 
60 387 
60 201 
60 308 
60 4 
60 318 
60 5 
60 11 
60 332 
60 149 
60 190 
60 300 
60 161 
60 491 
60 364 
60 156 
60 172 
60 435 
60 94 
60 442 
60 517 
60 414 
60 399 
60 320 
60 58 
60 242 
60 136 
60 451 
60 169 
60 481 
60 366 
60 422 
60 44 
60 198 
60 468 
60 151 
60 221 
60 511 
60 62 
60 26 
60 518 
61 420 
61 111 
61 174 
61 20 
61 172 
61 396 
61 46 
61 442 
61 131 
61 311 
61 351 
61 325 
61 491 
61 103 
61 170 
61 469 
61 402 
61 352 
61 446 
61 370 
61 146 
61 440 
61 108 
61 244 
61 525 
61 293 
61 91 
61 299 
61 71 
61 301 
61 9 
61 30 
61 278 
61 252 
61 401 
61 319 
61 516 
61 142 
61 156 
61 24 
61 416 
61 275 
61 276 
61 501 
61 198 
61 216 
61 330 
61 122 
61 210 
61 356 
61 345 
61 337 
61 476 
61 204 
61 133 
61 145 
61 129 
61 31 
61 213 
61 83 
61 193 
61 6 
61 383 
61 477 
61 295 
61 436 
61 89 
61 429 
61 334 
61 22 
61 338 
61 245 
61 482 
61 113 
61 394 
61 36 
61 289 
61 35 
61 326 
61 359 
61 251 
61 76 
61 147 
61 8 
61 232 
61 312 
61 32 
61 262 
61 332 
61 135 
61 483 
61 178 
61 10 
61 322 
61 475 
61 409 
61 348 
61 97 
61 261 
61 271 
61 384 
61 57 
61 377 
61 130 
61 346 
61 241 
61 74 
61 413 
61 195 
61 258 
61 412 
61 365 
61 362 
61 67 
61 382 
61 455 
61 419 
61 7 
61 117 
61 364 
61 153 
61 355 
61 497 
61 123 
61 323 
61 288 
61 405 
61 94 
61 105 
61 191 
61 422 
61 150 
61 114 
61 15 
61 367 
61 257 
61 425 
61 148 
61 177 
61 40 
61 431 
61 470 
61 3 
61 521 
61 66 
61 508 
61 254 
61 481 
61 197 
61 225 
61 62 
61 167 
61 495 
61 53 
61 185 
61 451 
61 263 
61 151 
61 474 
62 258 
62 64 
62 208 
62 488 
62 76 
62 181 
62 202 
62 389 
62 487 
62 354 
62 332 
62 240 
62 39 
62 528 
62 186 
62 376 
62 71 
62 146 
62 511 
62 38 
62 448 
62 53 
62 366 
62 67 
62 504 
62 274 
62 497 
62 424 
62 13 
62 230 
62 272 
62 271 
62 482 
62 245 
62 180 
62 127 
62 400 
62 116 
62 429 
62 507 
62 25 
62 447 
62 106 
62 445 
62 20 
62 70 
62 27 
62 137 
62 338 
62 138 
62 427 
62 417 
62 165 
62 134 
62 472 
62 340 
62 368 
62 342 
62 471 
62 401 
62 162 
62 21 
62 475 
62 392 
62 12 
62 275 
62 164 
62 248 
62 73 
62 365 
62 304 
62 519 
62 374 
62 37 
62 358 
62 300 
62 157 
62 413 
62 29 
62 104 
62 77 
62 496 
62 339 
62 524 
62 459 
62 126 
62 28 
62 5 
62 234 
62 243 
62 319 
62 263 
62 257 
62 514 
62 99 
62 133 
62 317 
62 121 
62 294 
62 439 
62 469 
62 510 
62 203 
62 72 
62 451 
62 398 
62 16 
62 196 
62 185 
62 315 
62 81 
62 418 
62 517 
62 175 
62 143 
62 308 
62 396 
62 144 
62 521 
62 435 
62 238 
62 229 
62 359 
62 10 
62 18 
62 397 
62 428 
62 172 
62 384 
62 149 
62 383 
62 531 
62 225 
62 463 
62 394 
62 188 
62 235 
62 284 
62 305 
62 438 
62 265 
62 264 
62 386 
62 114 
62 409 
62 442 
62 379 
62 527 
62 23 
62 61 
62 404 
62 505 
62 101 
62 35 
62 414 
62 60 
63 116 
63 434 
63 487 
63 233 
63 152 
63 458 
63 97 
63 153 
63 186 
63 74 
63 387 
63 128 
63 510 
63 472 
63 345 
63 459 
63 51 
63 286 
63 474 
63 9 
63 75 
63 137 
63 167 
63 406 
63 197 
63 484 
63 211 
63 516 
63 160 
63 310 
63 142 
63 141 
63 174 
63 198 
63 134 
63 262 
63 82 
63 401 
63 412 
63 411 
63 131 
63 189 
63 331 
63 60 
63 50 
63 454 
63 348 
63 430 
63 502 
63 378 
63 350 
63 138 
63 246 
63 304 
63 23 
63 236 
63 191 
63 92 
63 66 
63 245 
63 238 
63 410 
63 421 
63 480 
63 69 
63 420 
63 470 
63 64 
63 122 
63 162 
63 230 
63 67 
63 31 
63 385 
63 30 
63 370 
63 366 
63 305 
63 232 
63 149 
63 247 
63 431 
63 10 
63 195 
63 439 
63 36 
63 319 
63 78 
63 221 
63 172 
63 184 
63 249 
63 41 
63 390 
63 18 
63 462 
63 47 
63 185 
63 445 
63 1 
63 337 
63 298 
63 446 
63 332 
63 213 
63 271 
63 503 
63 3 
63 273 
63 196 
63 84 
63 294 
63 54 
63 126 
63 414 
63 17 
63 38 
63 85 
63 342 
63 466 
63 29 
63 190 
63 504 
63 80 
63 32 
63 204 
63 227 
63 340 
63 346 
63 278 
63 306 
63 381 
63 514 
63 22 
63 39 
63 291 
63 530 
63 417 
63 91 
63 452 
63 53 
63 359 
63 360 
63 396 
63 241 
63 101 
63 155 
63 216 
63 505 
63 135 
63 95 
63 183 
63 176 
63 129 
63 313 
63 485 
63 158 
63 374 
63 181 
63 257 
63 511 
63 380 
64 494 
64 62 
64 234 
64 361 
64 461 
64 241 
64 8 
64 177 
64 19 
64 404 
64 511 
64 293 
64 327 
64 462 
64 116 
64 328 
64 279 
64 449 
64 124 
64 106 
64 295 
64 365 
64 387 
64 95 
64 477 
64 418 
64 261 
64 171 
64 270 
64 351 
64 513 
64 342 
64 421 
64 56 
64 358 
64 356 
64 381 
64 84 
64 348 
64 130 
64 376 
64 272 
64 25 
64 291 
64 305 
64 530 
64 383 
64 221 
64 186 
64 397 
64 91 
64 251 
64 298 
64 464 
64 197 
64 66 
64 31 
64 112 
64 367 
64 304 
64 161 
64 20 
64 137 
64 501 
64 63 
64 200 
64 426 
64 41 
64 309 
64 89 
64 429 
64 147 
64 292 
64 48 
64 213 
64 281 
64 417 
64 196 
64 352 
64 222 
64 162 
64 335 
64 159 
64 323 
64 344 
64 419 
64 343 
64 208 
64 167 
64 22 
64 231 
64 243 
64 422 
64 371 
64 437 
64 470 
64 230 
64 366 
64 441 
64 65 
64 425 
64 203 
64 311 
64 10 
64 455 
64 123 
64 134 
64 402 
64 102 
64 297 
64 268 
64 507 
64 248 
64 453 
64 110 
64 142 
64 132 
64 280 
64 0 
64 129 
64 28 
64 326 
64 88 
64 360 
64 314 
64 283 
64 15 
64 479 
64 204 
64 316 
64 149 
64 300 
64 433 
64 13 
64 115 
64 49 
64 412 
64 416 
64 133 
64 242 
64 318 
64 2 
64 131 
64 54 
64 93 
64 218 
64 289 
64 70 
64 209 
64 53 
64 284 
64 168 
64 457 
64 499 
64 320 
64 340 
64 145 
64 36 
64 74 
64 127 
64 382 
65 163 
65 434 
65 132 
65 498 
65 356 
65 513 
65 501 
65 268 
65 439 
65 337 
65 327 
65 188 
65 28 
65 114 
65 404 
65 315 
65 285 
65 139 
65 296 
65 314 
65 30 
65 369 
65 428 
65 25 
65 456 
65 373 
65 208 
65 195 
65 86 
65 223 
65 250 
65 184 
65 92 
65 113 
65 3 
65 419 
65 202 
65 109 
65 24 
65 128 
65 403 
65 221 
65 77 
65 112 
65 482 
65 54 
65 346 
65 57 
65 379 
65 164 
65 297 
65 527 
65 241 
65 165 
65 68 
65 39 
65 531 
65 302 
65 368 
65 307 
65 256 
65 118 
65 217 
65 158 
65 166 
65 239 
65 290 
65 305 
65 160 
65 269 
65 360 
65 108 
65 283 
65 83 
65 134 
65 483 
65 6 
65 85 
65 462 
65 322 
65 23 
65 100 
65 40 
65 140 
65 320 
65 417 
65 95 
65 138 
65 20 
65 520 
65 441 
65 141 
65 410 
65 274 
65 106 
65 18 
65 259 
65 395 
65 237 
65 447 
65 243 
65 490 
65 64 
65 466 
65 325 
65 321 
65 475 
65 185 
65 193 
65 505 
65 220 
65 507 
65 518 
65 16 
65 525 
65 236 
65 8 
65 402 
65 355 
65 442 
65 334 
65 251 
65 309 
65 89 
65 211 
65 272 
65 429 
65 524 
65 310 
65 242 
65 168 
65 266 
65 480 
65 443 
65 326 
65 504 
65 354 
65 201 
65 93 
65 212 
65 476 
65 13 
65 258 
65 262 
65 340 
65 9 
65 506 
65 192 
65 423 
65 473 
65 436 
65 187 
65 461 
65 233 
65 73 
65 469 
65 329 
65 210 
65 454 
65 72 
65 273 
65 146 
65 76 
65 500 
65 253 
65 352 
65 308 
65 102 
65 388 
65 293 
65 110 
65 313 
65 245 
65 435 
65 67 
65 154 
66 256 
66 212 
66 246 
66 97 
66 346 
66 68 
66 122 
66 50 
66 471 
66 46 
66 214 
66 84 
66 468 
66 93 
66 392 
66 243 
66 298 
66 10 
66 434 
66 296 
66 201 
66 215 
66 95 
66 464 
66 247 
66 339 
66 411 
66 253 
66 43 
66 274 
66 196 
66 175 
66 86 
66 265 
66 304 
66 231 
66 378 
66 195 
66 373 
66 384 
66 343 
66 191 
66 477 
66 58 
66 484 
66 155 
66 390 
66 116 
66 323 
66 63 
66 429 
66 271 
66 64 
66 137 
66 367 
66 153 
66 308 
66 29 
66 331 
66 258 
66 183 
66 329 
66 451 
66 356 
66 6 
66 408 
66 132 
66 55 
66 136 
66 166 
66 397 
66 476 
66 266 
66 399 
66 285 
66 430 
66 111 
66 115 
66 124 
66 267 
66 259 
66 220 
66 287 
66 446 
66 197 
66 109 
66 20 
66 381 
66 32 
66 83 
66 114 
66 251 
66 82 
66 417 
66 103 
66 228 
66 77 
66 494 
66 170 
66 412 
66 158 
66 225 
66 5 
66 440 
66 232 
66 368 
66 260 
66 344 
66 473 
66 198 
66 485 
66 475 
66 227 
66 324 
66 305 
66 96 
66 240 
66 101 
66 35 
66 19 
66 325 
66 495 
66 88 
66 524 
66 483 
66 400 
66 398 
66 56 
66 354 
66 204 
66 264 
66 135 
66 61 
66 281 
66 222 
66 187 
66 75 
66 301 
66 421 
66 67 
66 142 
66 459 
66 450 
66 352 
66 53 
66 121 
66 131 
66 492 
66 289 
66 388 
66 209 
67 88 
67 27 
67 400 
67 302 
67 87 
67 103 
67 490 
67 69 
67 518 
67 212 
67 517 
67 486 
67 85 
67 181 
67 62 
67 43 
67 216 
67 432 
67 127 
67 152 
67 465 
67 262 
67 394 
67 426 
67 311 
67 99 
67 436 
67 503 
67 209 
67 236 
67 429 
67 529 
67 363 
67 473 
67 497 
67 268 
67 438 
67 0 
67 40 
67 134 
67 459 
67 45 
67 294 
67 351 
67 286 
67 184 
67 265 
67 37 
67 24 
67 331 
67 28 
67 143 
67 322 
67 201 
67 271 
67 316 
67 221 
67 474 
67 158 
67 369 
67 304 
67 508 
67 312 
67 355 
67 349 
67 100 
67 63 
67 44 
67 423 
67 263 
67 388 
67 397 
67 235 
67 468 
67 79 
67 374 
67 72 
67 281 
67 464 
67 190 
67 303 
67 211 
67 495 
67 523 
67 359 
67 298 
67 309 
67 136 
67 444 
67 198 
67 75 
67 30 
67 344 
67 476 
67 60 
67 494 
67 447 
67 150 
67 101 
67 440 
67 407 
67 91 
67 282 
67 149 
67 193 
67 285 
67 361 
67 220 
67 424 
67 458 
67 310 
67 416 
67 51 
67 180 
67 376 
67 61 
67 73 
67 11 
67 173 
67 335 
67 328 
67 215 
67 401 
67 385 
67 70 
67 186 
67 380 
67 22 
67 217 
67 29 
67 414 
67 315 
67 504 
67 20 
67 491 
67 137 
67 54 
67 155 
67 488 
67 244 
67 356 
67 74 
67 448 
67 425 
67 196 
67 384 
67 78 
67 450 
67 482 
67 297 
67 237 
67 66 
67 97 
67 525 
67 454 
67 227 
67 417 
67 306 
67 111 
67 256 
67 182 
67 65 
68 310 
68 492 
68 495 
68 291 
68 364 
68 66 
68 435 
68 283 
68 120 
68 363 
68 210 
68 110 
68 484 
68 195 
68 166 
68 470 
68 28 
68 519 
68 12 
68 242 
68 357 
68 155 
68 92 
68 144 
68 264 
68 60 
68 47 
68 373 
68 15 
68 180 
68 124 
68 215 
68 176 
68 327 
68 222 
68 425 
68 464 
68 45 
68 173 
68 280 
68 405 
68 154 
68 65 
68 292 
68 200 
68 59 
68 410 
68 245 
68 503 
68 333 
68 275 
68 134 
68 315 
68 476 
68 216 
68 58 
68 150 
68 118 
68 218 
68 190 
68 114 
68 329 
68 401 
68 351 
68 211 
68 390 
68 30 
68 98 
68 87 
68 531 
68 469 
68 416 
68 421 
68 206 
68 221 
68 156 
68 89 
68 31 
68 236 
68 207 
68 194 
68 371 
68 43 
68 281 
68 138 
68 238 
68 294 
68 454 
68 105 
68 282 
68 143 
68 334 
68 24 
68 199 
68 451 
68 277 
68 21 
68 309 
68 36 
68 135 
68 40 
68 335 
68 93 
68 32 
68 402 
68 202 
68 302 
68 452 
68 271 
68 529 
68 525 
68 377 
68 46 
68 86 
68 250 
68 2 
68 418 
68 406 
68 226 
68 204 
68 246 
68 509 
68 299 
68 201 
68 318 
68 9 
68 17 
68 82 
68 152 
68 18 
68 83 
68 471 
68 322 
68 186 
68 415 
68 507 
68 328 
68 193 
68 350 
68 432 
68 147 
68 49 
69 392 
69 422 
69 187 
69 13 
69 256 
69 324 
69 146 
69 218 
69 228 
69 4 
69 326 
69 67 
69 350 
69 316 
69 115 
69 443 
69 473 
69 6 
69 402 
69 30 
69 168 
69 3 
69 104 
69 194 
69 327 
69 19 
69 471 
69 157 
69 174 
69 70 
69 465 
69 529 
69 528 
69 449 
69 200 
69 78 
69 446 
69 308 
69 474 
69 51 
69 239 
69 329 
69 11 
69 94 
69 342 
69 198 
69 281 
69 428 
69 111 
69 338 
69 73 
69 359 
69 46 
69 462 
69 132 
69 401 
69 63 
69 1 
69 356 
69 362 
69 215 
69 339 
69 340 
69 431 
69 244 
69 390 
69 434 
69 18 
69 161 
69 231 
69 21 
69 414 
69 441 
69 138 
69 377 
69 280 
69 468 
69 470 
69 26 
69 478 
69 227 
69 99 
69 155 
69 162 
69 395 
69 477 
69 334 
69 206 
69 37 
69 427 
69 55 
69 147 
69 278 
69 383 
69 186 
69 321 
69 175 
69 220 
69 10 
69 463 
69 436 
69 347 
69 195 
69 303 
69 287 
69 260 
69 259 
69 403 
69 230 
69 213 
69 460 
69 222 
69 411 
69 476 
69 156 
69 432 
69 417 
69 159 
69 262 
69 394 
69 119 
69 253 
69 242 
69 131 
69 437 
69 153 
69 45 
69 93 
69 50 
69 381 
69 451 
69 358 
69 189 
69 335 
69 164 
69 288 
69 233 
69 364 
69 15 
69 207 
69 154 
69 301 
69 464 
69 117 
69 398 
69 502 
69 456 
69 341 
69 489 
69 496 
69 459 
69 508 
69 299 
69 145 
69 323 
69 247 
69 158 
69 276 
69 118 
69 178 
69 81 
70 121 
70 362 
70 38 
70 177 
70 264 
70 60 
70 500 
70 212 
70 239 
70 231 
70 279 
70 23 
70 414 
70 293 
70 54 
70 164 
70 505 
70 149 
70 286 
70 229 
70 21 
70 288 
70 20 
70 445 
70 371 
70 187 
70 306 
70 391 
70 498 
70 442 
70 407 
70 73 
70 358 
70 129 
70 111 
70 140 
70 470 
70 76 
70 331 
70 393 
70 114 
70 419 
70 428 
70 191 
70 69 
70 311 
70 208 
70 237 
70 5 
70 524 
70 43 
70 26 
70 156 
70 136 
70 17 
70 128 
70 62 
70 249 
70 488 
70 413 
70 312 
70 383 
70 418 
70 387 
70 284 
70 334 
70 512 
70 431 
70 300 
70 58 
70 9 
70 12 
70 29 
70 372 
70 155 
70 184 
70 319 
70 375 
70 482 
70 104 
70 152 
70 405 
70 112 
70 108 
70 200 
70 399 
70 97 
70 71 
70 368 
70 404 
70 36 
70 35 
70 151 
70 384 
70 132 
70 448 
70 510 
70 193 
70 481 
70 206 
70 257 
70 356 
70 53 
70 32 
70 433 
70 138 
70 529 
70 289 
70 255 
70 423 
70 55 
70 447 
70 412 
70 226 
70 4 
70 478 
70 324 
70 122 
70 531 
70 337 
70 96 
70 325 
70 530 
70 446 
70 522 
70 113 
70 6 
70 390 
70 205 
70 480 
70 50 
70 471 
70 411 
70 194 
70 516 
70 251 
70 449 
70 74 
70 106 
70 147 
70 87 
70 485 
70 101 
70 234 
70 125 
70 291 
70 305 
70 3 
70 432 
70 440 
70 165 
70 303 
70 475 
70 381 
70 120 
70 67 
70 16 
70 308 
70 153 
70 44 
70 276 
70 327 
70 263 
70 49 
70 526 
70 328 
70 274 
70 220 
70 459 
70 298 
70 24 
70 99 
70 133 
70 179 
70 216 
70 64 
70 235 
70 13 
70 95 
70 246 
70 173 
70 137 
70 247 
70 297 
70 495 
70 236 
71 42 
71 36 
71 267 
71 499 
71 287 
71 183 
71 527 
71 453 
71 400 
71 62 
71 302 
71 228 
71 348 
71 25 
71 320 
71 222 
71 350 
71 235 
71 61 
71 282 
71 197 
71 517 
71 224 
71 49 
71 448 
71 383 
71 120 
71 149 
71 50 
71 80 
71 75 
71 369 
71 514 
71 128 
71 411 
71 209 
71 474 
71 54 
71 521 
71 361 
71 409 
71 137 
71 432 
71 288 
71 94 
71 434 
71 40 
71 264 
71 6 
71 178 
71 497 
71 252 
71 279 
71 27 
71 30 
71 387 
71 351 
71 443 
71 199 
71 531 
71 435 
71 70 
71 143 
71 123 
71 155 
71 439 
71 173 
71 169 
71 505 
71 24 
71 421 
71 380 
71 124 
71 515 
71 461 
71 480 
71 190 
71 97 
71 77 
71 32 
71 241 
71 195 
71 57 
71 382 
71 344 
71 345 
71 529 
71 16 
71 481 
71 454 
71 356 
71 292 
71 55 
71 465 
71 51 
71 21 
71 23 
71 38 
71 221 
71 217 
71 281 
71 41 
71 194 
71 329 
71 483 
71 503 
71 357 
71 297 
71 470 
71 18 
71 7 
71 388 
71 214 
71 112 
71 363 
71 118 
71 171 
71 101 
71 90 
71 159 
71 280 
71 117 
71 227 
71 377 
71 315 
71 89 
71 513 
71 146 
71 223 
71 487 
71 362 
71 283 
71 433 
71 236 
71 35 
71 204 
71 327 
71 370 
71 469 
71 174 
71 412 
71 234 
71 184 
71 404 
71 201 
71 450 
71 98 
71 359 
71 251 
71 186 
71 0 
71 300 
71 312 
71 156 
71 202 
71 9 
71 295 
71 452 
72 236 
72 190 
72 205 
72 227 
72 146 
72 523 
72 170 
72 320 
72 91 
72 166 
72 133 
72 12 
72 527 
72 329 
72 77 
72 276 
72 241 
72 251 
72 352 
72 36 
72 350 
72 450 
72 454 
72 372 
72 269 
72 411 
72 460 
72 76 
72 200 
72 216 
72 353 
72 423 
72 174 
72 502 
72 419 
72 379 
72 179 
72 175 
72 81 
72 367 
72 222 
72 446 
72 319 
72 326 
72 312 
72 253 
72 314 
72 206 
72 83 
72 35 
72 442 
72 86 
72 289 
72 150 
72 160 
72 425 
72 199 
72 368 
72 136 
72 410 
72 245 
72 137 
72 313 
72 196 
72 445 
72 173 
72 478 
72 286 
72 38 
72 505 
72 202 
72 272 
72 273 
72 383 
72 46 
72 117 
72 322 
72 344 
72 67 
72 188 
72 512 
72 143 
72 480 
72 504 
72 376 
72 22 
72 79 
72 177 
72 32 
72 167 
72 351 
72 330 
72 60 
72 16 
72 295 
72 282 
72 457 
72 258 
72 127 
72 118 
72 321 
72 19 
72 264 
72 472 
72 473 
72 176 
72 422 
72 48 
72 405 
72 297 
72 62 
72 401 
72 498 
72 101 
72 125 
72 500 
72 238 
72 226 
72 392 
72 529 
72 223 
72 444 
72 27 
72 416 
72 453 
72 389 
72 440 
72 439 
72 134 
72 53 
72 13 
72 263 
72 155 
72 20 
72 24 
72 477 
72 309 
72 413 
72 421 
72 85 
72 158 
72 362 
72 382 
72 356 
72 266 
72 161 
72 214 
72 467 
72 495 
72 234 
72 402 
72 132 
72 520 
72 448 
72 187 
72 513 
72 391 
72 239 
72 281 
72 332 
72 514 
72 407 
72 43 
72 380 
72 65 
72 120 
72 396 
72 489 
72 327 
72 104 
72 185 
72 247 
73 229 
73 460 
73 26 
73 472 
73 13 
73 102 
73 430 
73 261 
73 375 
73 120 
73 28 
73 175 
73 451 
73 85 
73 82 
73 361 
73 251 
73 256 
73 514 
73 388 
73 114 
73 91 
73 90 
73 83 
73 530 
73 109 
73 59 
73 41 
73 70 
73 498 
73 151 
73 140 
73 177 
73 254 
73 434 
73 222 
73 79 
73 406 
73 11 
73 219 
73 326 
73 60 
73 249 
73 190 
73 169 
73 477 
73 301 
73 17 
73 501 
73 366 
73 270 
73 515 
73 373 
73 95 
73 150 
73 40 
73 248 
73 289 
73 269 
73 33 
73 54 
73 382 
73 274 
73 287 
73 155 
73 69 
73 518 
73 372 
73 311 
73 297 
73 463 
73 136 
73 336 
73 435 
73 62 
73 524 
73 99 
73 317 
73 429 
73 258 
73 12 
73 188 
73 135 
73 349 
73 187 
73 425 
73 369 
73 141 
73 186 
73 118 
73 131 
73 43 
73 35 
73 449 
73 293 
73 210 
73 512 
73 133 
73 424 
73 431 
73 485 
73 508 
73 10 
73 523 
73 318 
73 295 
73 189 
73 335 
73 357 
73 528 
73 454 
73 107 
73 302 
73 305 
73 461 
73 67 
73 503 
73 440 
73 104 
73 52 
73 443 
73 442 
73 129 
73 436 
73 292 
73 422 
73 244 
73 106 
73 479 
73 495 
73 195 
73 167 
73 308 
73 179 
73 300 
73 445 
73 198 
73 22 
73 174 
73 264 
73 494 
73 65 
73 421 
73 217 
73 399 
73 343 
73 342 
73 284 
73 117 
73 23 
73 138 
73 77 
73 30 
73 173 
73 348 
73 407 
73 137 
73 127 
74 180 
74 202 
74 320 
74 159 
74 210 
74 424 
74 419 
74 31 
74 461 
74 164 
74 114 
74 174 
74 63 
74 370 
74 488 
74 315 
74 434 
74 251 
74 27 
74 263 
74 46 
74 411 
74 375 
74 358 
74 510 
74 302 
74 221 
74 119 
74 334 
74 303 
74 317 
74 474 
74 408 
74 288 
74 297 
74 22 
74 294 
74 49 
74 347 
74 155 
74 38 
74 261 
74 243 
74 353 
74 80 
74 103 
74 492 
74 195 
74 161 
74 437 
74 446 
74 118 
74 26 
74 172 
74 422 
74 489 
74 529 
74 110 
74 280 
74 506 
74 231 
74 235 
74 362 
74 12 
74 2 
74 228 
74 521 
74 113 
74 509 
74 308 
74 223 
74 428 
74 30 
74 153 
74 18 
74 139 
74 199 
74 286 
74 157 
74 326 
74 177 
74 14 
74 516 
74 132 
74 299 
74 109 
74 6 
74 89 
74 198 
74 392 
74 360 
74 143 
74 37 
74 403 
74 237 
74 407 
74 115 
74 61 
74 417 
74 70 
74 239 
74 117 
74 455 
74 42 
74 82 
74 402 
74 413 
74 279 
74 321 
74 192 
74 90 
74 324 
74 53 
74 467 
74 307 
74 240 
74 260 
74 405 
74 225 
74 475 
74 226 
74 485 
74 34 
74 340 
74 191 
74 374 
74 486 
74 9 
74 385 
74 45 
74 218 
74 67 
74 290 
74 130 
74 212 
74 275 
74 293 
74 425 
74 194 
74 493 
74 233 
74 253 
74 330 
74 171 
74 371 
74 495 
74 274 
74 112 
74 64 
75 235 
75 200 
75 485 
75 302 
75 78 
75 198 
75 428 
75 159 
75 85 
75 265 
75 191 
75 227 
75 354 
75 438 
75 184 
75 507 
75 464 
75 63 
75 399 
75 405 
75 272 
75 524 
75 327 
75 173 
75 414 
75 43 
75 451 
75 60 
75 423 
75 501 
75 461 
75 71 
75 35 
75 31 
75 143 
75 449 
75 189 
75 166 
75 144 
75 412 
75 133 
75 124 
75 287 
75 36 
75 129 
75 498 
75 174 
75 355 
75 251 
75 365 
75 295 
75 367 
75 17 
75 39 
75 33 
75 305 
75 141 
75 230 
75 38 
75 82 
75 111 
75 266 
75 197 
75 480 
75 169 
75 487 
75 421 
75 375 
75 370 
75 6 
75 459 
75 398 
75 247 
75 87 
75 357 
75 348 
75 135 
75 243 
75 308 
75 138 
75 510 
75 49 
75 474 
75 393 
75 452 
75 336 
75 76 
75 19 
75 359 
75 67 
75 530 
75 288 
75 99 
75 392 
75 422 
75 208 
75 406 
75 183 
75 454 
75 59 
75 122 
75 11 
75 517 
75 223 
75 24 
75 270 
75 220 
75 180 
75 286 
75 300 
75 352 
75 177 
75 40 
75 335 
75 328 
75 527 
75 418 
75 330 
75 95 
75 280 
75 158 
75 252 
75 161 
75 337 
75 94 
75 500 
75 231 
75 520 
75 237 
75 170 
75 216 
75 246 
75 351 
75 185 
75 222 
75 259 
75 176 
75 496 
75 427 
75 291 
75 148 
75 429 
75 325 
75 314 
75 249 
75 310 
75 505 
75 27 
75 57 
75 195 
75 490 
75 332 
75 66 
75 276 
75 149 
75 160 
75 446 
75 154 
75 188 
75 321 
75 378 
76 445 
76 341 
76 62 
76 509 
76 464 
76 365 
76 80 
76 313 
76 363 
76 354 
76 424 
76 518 
76 319 
76 314 
76 34 
76 165 
76 27 
76 261 
76 72 
76 242 
76 51 
76 70 
76 323 
76 162 
76 95 
76 338 
76 506 
76 336 
76 462 
76 160 
76 149 
76 350 
76 11 
76 97 
76 516 
76 59 
76 463 
76 215 
76 391 
76 246 
76 315 
76 514 
76 489 
76 117 
76 100 
76 92 
76 16 
76 388 
76 351 
76 146 
76 77 
76 260 
76 381 
76 45 
76 250 
76 492 
76 428 
76 429 
76 368 
76 40 
76 427 
76 414 
76 297 
76 201 
76 295 
76 118 
76 220 
76 490 
76 152 
76 81 
76 311 
76 228 
76 302 
76 515 
76 52 
76 268 
76 158 
76 423 
76 282 
76 446 
76 61 
76 183 
76 33 
76 300 
76 150 
76 274 
76 502 
76 75 
76 143 
76 60 
76 42 
76 234 
76 142 
76 275 
76 50 
76 310 
76 3 
76 480 
76 340 
76 413 
76 277 
76 393 
76 186 
76 285 
76 392 
76 214 
76 400 
76 485 
76 257 
76 377 
76 94 
76 111 
76 473 
76 461 
76 417 
76 90 
76 472 
76 531 
76 258 
76 519 
76 35 
76 331 
76 457 
76 500 
76 170 
76 276 
76 503 
76 93 
76 325 
76 262 
76 54 
76 430 
76 284 
76 529 
76 474 
76 352 
76 296 
76 294 
76 321 
76 106 
76 270 
76 49 
76 527 
76 43 
76 521 
76 182 
76 65 
76 4 
76 450 
76 360 
76 271 
76 103 
76 189 
76 0 
76 316 
76 105 
77 480 
77 135 
77 216 
77 377 
77 255 
77 432 
77 130 
77 40 
77 142 
77 261 
77 452 
77 41 
77 72 
77 235 
77 3 
77 249 
77 417 
77 101 
77 524 
77 367 
77 169 
77 380 
77 116 
77 521 
77 371 
77 474 
77 303 
77 348 
77 345 
77 267 
77 143 
77 242 
77 176 
77 372 
77 14 
77 80 
77 459 
77 154 
77 65 
77 527 
77 89 
77 354 
77 207 
77 208 
77 263 
77 175 
77 516 
77 446 
77 55 
77 29 
77 464 
77 262 
77 132 
77 32 
77 174 
77 326 
77 76 
77 268 
77 42 
77 508 
77 519 
77 136 
77 245 
77 278 
77 468 
77 237 
77 376 
77 34 
77 359 
77 157 
77 109 
77 349 
77 493 
77 495 
77 311 
77 526 
77 382 
77 481 
77 140 
77 489 
77 435 
77 409 
77 159 
77 62 
77 260 
77 416 
77 100 
77 397 
77 239 
77 425 
77 71 
77 388 
77 310 
77 167 
77 9 
77 236 
77 92 
77 305 
77 171 
77 323 
77 33 
77 386 
77 365 
77 472 
77 252 
77 232 
77 469 
77 224 
77 213 
77 19 
77 247 
77 431 
77 57 
77 138 
77 250 
77 253 
77 288 
77 8 
77 66 
77 479 
77 47 
77 18 
77 298 
77 314 
77 402 
77 265 
77 423 
77 361 
77 78 
77 287 
77 223 
77 406 
77 254 
77 125 
77 248 
77 56 
77 200 
77 415 
77 285 
77 46 
77 153 
77 20 
77 122 
77 209 
77 38 
77 352 
77 31 
77 126 
77 205 
77 44 
77 442 
77 134 
77 231 
77 476 
77 144 
77 394 
77 289 
77 304 
77 73 
77 484 
77 375 
77 96 
78 499 
78 90 
78 271 
78 361 
78 102 
78 180 
78 75 
78 478 
78 461 
78 149 
78 285 
78 341 
78 151 
78 174 
78 111 
78 108 
78 92 
78 26 
78 323 
78 292 
78 166 
78 431 
78 20 
78 198 
78 79 
78 103 
78 86 
78 189 
78 225 
78 300 
78 387 
78 429 
78 49 
78 55 
78 204 
78 279 
78 446 
78 321 
78 312 
78 216 
78 104 
78 476 
78 421 
78 338 
78 267 
78 69 
78 451 
78 13 
78 199 
78 212 
78 488 
78 494 
78 220 
78 280 
78 248 
78 177 
78 262 
78 454 
78 428 
78 143 
78 4 
78 130 
78 363 
78 456 
78 278 
78 396 
78 178 
78 517 
78 498 
78 511 
78 9 
78 357 
78 121 
78 289 
78 402 
78 315 
78 227 
78 249 
78 43 
78 155 
78 170 
78 167 
78 358 
78 142 
78 444 
78 484 
78 176 
78 308 
78 500 
78 518 
78 63 
78 290 
78 173 
78 410 
78 388 
78 523 
78 168 
78 150 
78 449 
78 239 
78 506 
78 122 
78 12 
78 493 
78 469 
78 184 
78 109 
78 6 
78 28 
78 434 
78 468 
78 477 
78 503 
78 274 
78 113 
78 45 
78 164 
78 139 
78 303 
78 40 
78 268 
78 389 
78 77 
78 266 
78 277 
78 464 
78 527 
78 273 
78 372 
78 160 
78 18 
78 101 
78 293 
78 203 
78 261 
78 432 
78 399 
78 390 
78 324 
78 231 
78 519 
78 270 
78 201 
78 182 
78 8 
78 138 
78 67 
78 22 
78 95 
78 516 
78 450 
78 448 
78 304 
78 120 
78 46 
78 409 
78 228 
78 245 
78 296 
79 472 
79 341 
79 307 
79 505 
79 349 
79 21 
79 292 
79 447 
79 380 
79 187 
79 126 
79 208 
79 253 
79 318 
79 178 
79 481 
79 3 
79 206 
79 445 
79 78 
79 457 
79 493 
79 329 
79 420 
79 124 
79 468 
79 441 
79 235 
79 209 
79 474 
79 361 
79 141 
79 102 
79 364 
79 73 
79 252 
79 345 
79 443 
79 321 
79 15 
79 309 
79 343 
79 357 
79 305 
79 313 
79 150 
79 452 
79 256 
79 358 
79 403 
79 231 
79 278 
79 189 
79 492 
79 139 
79 350 
79 372 
79 144 
79 378 
79 200 
79 242 
79 260 
79 279 
79 274 
79 133 
79 145 
79 105 
79 337 
79 67 
79 414 
79 101 
79 491 
79 180 
79 159 
79 17 
79 217 
79 72 
79 45 
79 121 
79 453 
79 239 
79 59 
79 397 
79 427 
79 167 
79 523 
79 142 
79 165 
79 381 
79 458 
79 405 
79 225 
79 463 
79 97 
79 477 
79 123 
79 122 
79 360 
79 455 
79 163 
79 222 
79 450 
79 322 
79 2 
79 317 
79 332 
79 398 
79 110 
79 10 
79 411 
79 280 
79 389 
79 0 
79 316 
79 376 
79 156 
79 391 
79 290 
79 258 
79 8 
79 473 
79 508 
79 106 
79 234 
79 177 
79 127 
79 275 
79 434 
79 433 
79 518 
79 268 
79 118 
79 439 
79 488 
79 183 
79 484 
79 284 
79 27 
79 120 
79 404 
79 342 
79 80 
79 348 
79 19 
79 312 
79 385 
79 359 
79 402 
79 85 
79 35 
79 54 
79 520 
80 235 
80 2 
80 531 
80 400 
80 471 
80 222 
80 388 
80 249 
80 363 
80 194 
80 417 
80 145 
80 76 
80 282 
80 56 
80 500 
80 528 
80 82 
80 247 
80 462 
80 225 
80 83 
80 234 
80 200 
80 58 
80 12 
80 14 
80 431 
80 185 
80 281 
80 165 
80 163 
80 39 
80 373 
80 381 
80 371 
80 375 
80 258 
80 71 
80 93 
80 138 
80 143 
80 77 
80 317 
80 35 
80 4 
80 218 
80 509 
80 270 
80 174 
80 172 
80 48 
80 177 
80 421 
80 386 
80 159 
80 349 
80 430 
80 278 
80 448 
80 390 
80 209 
80 108 
80 298 
80 522 
80 329 
80 399 
80 483 
80 330 
80 447 
80 383 
80 74 
80 464 
80 498 
80 353 
80 255 
80 167 
80 198 
80 318 
80 28 
80 525 
80 419 
80 449 
80 424 
80 475 
80 341 
80 296 
80 134 
80 463 
80 523 
80 342 
80 335 
80 451 
80 117 
80 130 
80 502 
80 514 
80 265 
80 140 
80 412 
80 240 
80 100 
80 17 
80 446 
80 229 
80 195 
80 127 
80 273 
80 526 
80 469 
80 458 
80 158 
80 476 
80 150 
80 84 
80 226 
80 42 
80 170 
80 52 
80 212 
80 402 
80 420 
80 468 
80 344 
80 517 
80 23 
80 5 
80 385 
80 232 
80 38 
80 141 
80 63 
80 490 
80 9 
80 16 
80 323 
80 216 
80 44 
80 305 
80 511 
80 32 
80 309 
80 521 
80 516 
80 280 
80 320 
80 358 
80 102 
80 450 
80 95 
80 415 
80 413 
80 518 
80 484 
80 153 
80 123 
80 79 
80 31 
80 472 
80 470 
80 364 
80 395 
80 142 
80 224 
80 300 
80 345 
80 418 
80 515 
80 256 
80 243 
80 50 
81 203 
81 135 
81 207 
81 366 
81 415 
81 247 
81 365 
81 437 
81 425 
81 354 
81 215 
81 326 
81 311 
81 100 
81 346 
81 294 
81 265 
81 87 
81 45 
81 416 
81 312 
81 134 
81 476 
81 186 
81 368 
81 133 
81 250 
81 52 
81 341 
81 504 
81 7 
81 115 
81 243 
81 181 
81 251 
81 148 
81 72 
81 490 
81 27 
81 277 
81 169 
81 211 
81 500 
81 465 
81 26 
81 261 
81 493 
81 334 
81 418 
81 264 
81 208 
81 308 
81 194 
81 307 
81 531 
81 184 
81 205 
81 76 
81 450 
81 372 
81 356 
81 36 
81 509 
81 317 
81 60 
81 401 
81 411 
81 438 
81 360 
81 258 
81 409 
81 408 
81 98 
81 336 
81 97 
81 51 
81 320 
81 333 
81 86 
81 448 
81 35 
81 262 
81 248 
81 256 
81 168 
81 180 
81 526 
81 367 
81 219 
81 139 
81 62 
81 399 
81 18 
81 456 
81 162 
81 237 
81 209 
81 381 
81 146 
81 199 
81 480 
81 96 
81 494 
81 43 
81 292 
81 444 
81 240 
81 422 
81 299 
81 390 
81 328 
81 378 
81 260 
81 3 
81 14 
81 107 
81 485 
81 120 
81 484 
81 22 
81 204 
81 24 
81 50 
81 293 
81 442 
81 433 
81 395 
81 244 
81 428 
81 478 
81 393 
81 174 
81 245 
81 327 
81 280 
81 11 
81 156 
81 69 
82 144 
82 15 
82 257 
82 356 
82 530 
82 45 
82 345 
82 358 
82 313 
82 133 
82 192 
82 520 
82 357 
82 73 
82 338 
82 55 
82 80 
82 465 
82 187 
82 395 
82 477 
82 459 
82 47 
82 298 
82 306 
82 111 
82 527 
82 190 
82 483 
82 373 
82 9 
82 63 
82 388 
82 12 
82 95 
82 436 
82 497 
82 196 
82 489 
82 59 
82 450 
82 234 
82 475 
82 250 
82 28 
82 256 
82 355 
82 27 
82 60 
82 252 
82 165 
82 75 
82 201 
82 199 
82 440 
82 30 
82 385 
82 441 
82 398 
82 399 
82 32 
82 390 
82 296 
82 442 
82 400 
82 504 
82 446 
82 49 
82 191 
82 7 
82 303 
82 222 
82 31 
82 387 
82 481 
82 204 
82 177 
82 186 
82 434 
82 29 
82 167 
82 420 
82 36 
82 239 
82 137 
82 109 
82 314 
82 99 
82 348 
82 140 
82 396 
82 478 
82 107 
82 254 
82 66 
82 370 
82 223 
82 100 
82 225 
82 16 
82 185 
82 151 
82 105 
82 490 
82 212 
82 376 
82 156 
82 413 
82 295 
82 301 
82 353 
82 448 
82 430 
82 251 
82 3 
82 74 
82 173 
82 305 
82 125 
82 17 
82 326 
82 309 
82 154 
82 509 
82 526 
82 414 
82 418 
82 141 
82 375 
82 300 
82 169 
82 364 
82 130 
82 501 
82 243 
82 431 
82 178 
82 447 
82 344 
82 88 
82 474 
82 143 
82 56 
82 179 
82 18 
82 461 
82 160 
82 188 
82 68 
82 20 
82 443 
82 339 
82 219 
82 131 
82 8 
82 39 
82 508 
82 332 
82 21 
82 119 
82 525 
82 150 
82 404 
82 237 
82 122 
82 304 
82 211 
82 324 
82 90 
82 310 
82 24 
82 152 
82 350 
82 381 
82 308 
82 485 
82 153 
82 176 
82 365 
83 483 
83 151 
83 212 
83 102 
83 471 
83 164 
83 452 
83 508 
83 122 
83 171 
83 258 
83 487 
83 289 
83 370 
83 457 
83 193 
83 376 
83 38 
83 396 
83 80 
83 314 
83 73 
83 447 
83 20 
83 404 
83 432 
83 530 
83 186 
83 223 
83 203 
83 126 
83 250 
83 512 
83 301 
83 120 
83 442 
83 190 
83 329 
83 429 
83 16 
83 288 
83 46 
83 401 
83 474 
83 72 
83 31 
83 403 
83 35 
83 61 
83 60 
83 98 
83 247 
83 207 
83 431 
83 58 
83 356 
83 65 
83 435 
83 148 
83 131 
83 335 
83 519 
83 224 
83 175 
83 494 
83 25 
83 427 
83 90 
83 123 
83 108 
83 202 
83 130 
83 245 
83 520 
83 400 
83 355 
83 241 
83 433 
83 259 
83 362 
83 514 
83 353 
83 22 
83 201 
83 127 
83 66 
83 443 
83 128 
83 406 
83 84 
83 97 
83 101 
83 191 
83 86 
83 239 
83 88 
83 129 
83 284 
83 166 
83 233 
83 297 
83 332 
83 306 
83 220 
83 167 
83 236 
83 217 
83 271 
83 327 
83 155 
83 230 
83 368 
83 375 
83 436 
83 293 
83 409 
83 132 
83 383 
83 119 
83 185 
83 516 
83 466 
83 197 
83 182 
83 348 
83 52 
83 531 
83 430 
83 340 
83 26 
83 44 
83 326 
83 313 
83 149 
83 482 
83 68 
83 350 
83 470 
83 237 
83 358 
83 118 
83 137 
83 518 
83 159 
83 285 
83 53 
83 228 
83 219 
83 17 
83 377 
83 244 
83 422 
83 162 
83 177 
83 319 
83 456 
83 381 
83 322 
84 457 
84 245 
84 364 
84 186 
84 342 
84 452 
84 413 
84 189 
84 226 
84 329 
84 279 
84 216 
84 479 
84 333 
84 337 
84 15 
84 264 
84 152 
84 510 
84 405 
84 481 
84 524 
84 66 
84 235 
84 202 
84 185 
84 155 
84 499 
84 124 
84 237 
84 39 
84 520 
84 395 
84 301 
84 11 
84 350 
84 12 
84 89 
84 423 
84 125 
84 439 
84 64 
84 284 
84 58 
84 10 
84 126 
84 410 
84 391 
84 170 
84 260 
84 150 
84 59 
84 525 
84 429 
84 294 
84 402 
84 460 
84 46 
84 295 
84 229 
84 193 
84 107 
84 92 
84 484 
84 209 
84 504 
84 149 
84 115 
84 20 
84 205 
84 251 
84 240 
84 472 
84 283 
84 183 
84 454 
84 53 
84 35 
84 156 
84 343 
84 262 
84 421 
84 357 
84 274 
84 509 
84 425 
84 7 
84 322 
84 442 
84 372 
84 381 
84 192 
84 332 
84 346 
84 521 
84 476 
84 161 
84 269 
84 461 
84 348 
84 190 
84 495 
84 254 
84 110 
84 230 
84 514 
84 263 
84 233 
84 159 
84 141 
84 26 
84 158 
84 51 
84 434 
84 443 
84 83 
84 148 
84 95 
84 80 
84 313 
84 93 
84 63 
84 370 
84 392 
84 431 
84 494 
84 483 
84 271 
84 266 
84 132 
84 134 
84 114 
84 291 
84 247 
84 238 
84 248 
84 154 
84 487 
84 34 
84 267 
84 208 
84 277 
84 210 
84 173 
84 257 
84 339 
84 458 
84 96 
84 496 
84 137 
84 446 
84 490 
84 376 
84 417 
84 303 
84 214 
84 380 
84 265 
84 56 
84 516 
84 292 
84 143 
85 137 
85 300 
85 170 
85 242 
85 48 
85 40 
85 158 
85 11 
85 75 
85 73 
85 243 
85 2 
85 445 
85 325 
85 208 
85 141 
85 67 
85 132 
85 205 
85 380 
85 273 
85 385 
85 516 
85 248 
85 222 
85 499 
85 184 
85 215 
85 7 
85 402 
85 316 
85 476 
85 319 
85 202 
85 345 
85 24 
85 249 
85 123 
85 214 
85 429 
85 251 
85 286 
85 510 
85 182 
85 297 
85 321 
85 391 
85 47 
85 23 
85 247 
85 277 
85 465 
85 400 
85 171 
85 287 
85 425 
85 223 
85 133 
85 322 
85 102 
85 377 
85 341 
85 65 
85 111 
85 253 
85 260 
85 517 
85 296 
85 183 
85 217 
85 161 
85 108 
85 467 
85 131 
85 444 
85 333 
85 245 
85 194 
85 241 
85 318 
85 477 
85 403 
85 515 
85 279 
85 335 
85 527 
85 458 
85 98 
85 357 
85 1 
85 128 
85 232 
85 315 
85 422 
85 303 
85 27 
85 409 
85 498 
85 36 
85 60 
85 63 
85 21 
85 166 
85 14 
85 479 
85 201 
85 486 
85 490 
85 520 
85 332 
85 518 
85 197 
85 52 
85 413 
85 229 
85 72 
85 188 
85 506 
85 233 
85 6 
85 254 
85 281 
85 272 
85 45 
85 195 
85 152 
85 426 
85 181 
85 350 
85 153 
85 264 
85 378 
85 354 
85 120 
85 502 
85 482 
85 50 
85 388 
85 92 
85 138 
85 114 
85 323 
85 216 
85 497 
85 525 
85 511 
85 514 
85 146 
85 291 
85 42 
85 79 
85 390 
85 94 
85 298 
86 294 
86 33 
86 416 
86 326 
86 309 
86 382 
86 453 
86 130 
86 211 
86 526 
86 181 
86 396 
86 365 
86 346 
86 461 
86 106 
86 261 
86 452 
86 140 
86 420 
86 481 
86 127 
86 243 
86 189 
86 434 
86 78 
86 376 
86 505 
86 509 
86 65 
86 109 
86 198 
86 286 
86 516 
86 126 
86 238 
86 361 
86 210 
86 66 
86 355 
86 290 
86 58 
86 455 
86 52 
86 368 
86 222 
86 103 
86 366 
86 474 
86 151 
86 72 
86 301 
86 312 
86 158 
86 410 
86 337 
86 477 
86 414 
86 50 
86 508 
86 28 
86 247 
86 162 
86 372 
86 264 
86 263 
86 341 
86 270 
86 203 
86 525 
86 47 
86 347 
86 519 
86 236 
86 504 
86 273 
86 35 
86 413 
86 390 
86 5 
86 400 
86 523 
86 403 
86 289 
86 81 
86 92 
86 225 
86 1 
86 272 
86 343 
86 331 
86 194 
86 10 
86 328 
86 196 
86 114 
86 468 
86 287 
86 56 
86 83 
86 266 
86 494 
86 422 
86 387 
86 463 
86 268 
86 373 
86 251 
86 102 
86 275 
86 242 
86 254 
86 94 
86 393 
86 168 
86 404 
86 193 
86 338 
86 431 
86 68 
86 487 
86 257 
86 135 
86 353 
86 306 
86 510 
86 137 
86 293 
86 379 
86 439 
86 234 
86 527 
86 176 
86 402 
86 409 
86 206 
86 495 
86 233 
86 457 
86 515 
86 38 
86 43 
86 231 
86 318 
86 482 
87 293 
87 10 
87 246 
87 67 
87 46 
87 138 
87 447 
87 332 
87 318 
87 220 
87 81 
87 454 
87 326 
87 276 
87 517 
87 371 
87 249 
87 144 
87 119 
87 145 
87 40 
87 392 
87 329 
87 348 
87 4 
87 313 
87 55 
87 342 
87 461 
87 260 
87 384 
87 369 
87 503 
87 278 
87 377 
87 244 
87 127 
87 92 
87 394 
87 60 
87 344 
87 514 
87 340 
87 363 
87 308 
87 216 
87 317 
87 352 
87 247 
87 243 
87 449 
87 196 
87 75 
87 32 
87 345 
87 333 
87 128 
87 214 
87 68 
87 212 
87 169 
87 44 
87 159 
87 401 
87 325 
87 529 
87 203 
87 190 
87 255 
87 172 
87 464 
87 354 
87 334 
87 13 
87 137 
87 528 
87 125 
87 140 
87 470 
87 126 
87 469 
87 111 
87 432 
87 385 
87 530 
87 422 
87 39 
87 154 
87 439 
87 124 
87 96 
87 273 
87 382 
87 226 
87 453 
87 165 
87 376 
87 526 
87 25 
87 238 
87 70 
87 136 
87 434 
87 181 
87 476 
87 359 
87 496 
87 204 
87 500 
87 110 
87 38 
87 183 
87 259 
87 26 
87 153 
87 15 
87 12 
87 463 
87 519 
87 307 
87 388 
87 90 
87 58 
87 100 
87 114 
87 130 
87 20 
87 93 
87 353 
87 481 
87 416 
87 35 
87 291 
87 103 
87 150 
87 389 
87 386 
87 5 
87 457 
87 484 
87 378 
87 277 
87 117 
87 157 
87 327 
87 314 
87 415 
87 51 
88 67 
88 385 
88 55 
88 274 
88 301 
88 429 
88 179 
88 504 
88 430 
88 453 
88 149 
88 44 
88 130 
88 270 
88 522 
88 145 
88 240 
88 18 
88 409 
88 464 
88 93 
88 355 
88 107 
88 492 
88 330 
88 380 
88 509 
88 19 
88 57 
88 120 
88 324 
88 317 
88 394 
88 255 
88 133 
88 254 
88 36 
88 203 
88 105 
88 468 
88 281 
88 190 
88 31 
88 167 
88 331 
88 163 
88 118 
88 17 
88 193 
88 277 
88 221 
88 366 
88 195 
88 311 
88 332 
88 489 
88 33 
88 235 
88 98 
88 15 
88 290 
88 14 
88 26 
88 398 
88 104 
88 251 
88 201 
88 305 
88 432 
88 262 
88 242 
88 234 
88 4 
88 524 
88 325 
88 129 
88 271 
88 420 
88 399 
88 250 
88 480 
88 316 
88 303 
88 341 
88 329 
88 520 
88 338 
88 313 
88 312 
88 177 
88 493 
88 276 
88 35 
88 91 
88 131 
88 94 
88 269 
88 151 
88 405 
88 30 
88 123 
88 226 
88 401 
88 249 
88 264 
88 422 
88 135 
88 490 
88 83 
88 400 
88 320 
88 363 
88 336 
88 298 
88 444 
88 340 
88 283 
88 389 
88 308 
88 479 
88 37 
88 365 
88 285 
88 216 
88 339 
88 349 
88 64 
88 23 
88 223 
88 368 
88 108 
88 442 
88 194 
88 415 
88 448 
88 507 
88 406 
88 424 
88 200 
88 477 
88 185 
88 286 
88 82 
88 66 
88 54 
88 20 
88 214 
88 350 
88 246 
88 459 
88 99 
88 488 
88 267 
88 109 
88 233 
88 481 
88 354 
88 51 
88 252 
88 521 
88 142 
88 253 
88 56 
88 304 
88 292 
88 181 
88 125 
88 438 
88 45 
88 48 
88 95 
88 90 
88 502 
88 519 
89 182 
89 247 
89 356 
89 344 
89 152 
89 256 
89 389 
89 530 
89 205 
89 479 
89 58 
89 16 
89 415 
89 511 
89 446 
89 470 
89 50 
89 260 
89 391 
89 396 
89 133 
89 498 
89 468 
89 163 
89 195 
89 476 
89 220 
89 506 
89 450 
89 388 
89 425 
89 308 
89 84 
89 362 
89 457 
89 196 
89 430 
89 285 
89 28 
89 77 
89 288 
89 416 
89 108 
89 54 
89 459 
89 502 
89 257 
89 480 
89 176 
89 482 
89 242 
89 486 
89 465 
89 405 
89 439 
89 436 
89 519 
89 43 
89 310 
89 7 
89 188 
89 500 
89 55 
89 61 
89 117 
89 452 
89 119 
89 510 
89 433 
89 145 
89 9 
89 351 
89 253 
89 64 
89 39 
89 40 
89 456 
89 330 
89 321 
89 68 
89 410 
89 123 
89 414 
89 2 
89 314 
89 42 
89 311 
89 361 
89 128 
89 390 
89 464 
89 167 
89 438 
89 115 
89 121 
89 35 
89 377 
89 74 
89 135 
89 234 
89 508 
89 181 
89 52 
89 268 
89 381 
89 155 
89 177 
89 192 
89 98 
89 210 
89 357 
89 494 
89 318 
89 34 
89 65 
89 232 
89 339 
89 218 
89 26 
89 369 
89 408 
89 144 
89 400 
89 109 
89 395 
89 312 
89 334 
89 263 
89 100 
89 112 
89 71 
89 219 
89 238 
89 327 
89 118 
89 426 
89 504 
89 99 
89 185 
89 326 
89 103 
89 214 
89 432 
89 151 
89 38 
89 359 
89 142 
89 265 
89 213 
89 461 
89 493 
89 483 
89 440 
89 319 
89 291 
89 448 
90 126 
90 78 
90 401 
90 171 
90 153 
90 7 
90 362 
90 461 
90 321 
90 121 
90 506 
90 155 
90 15 
90 488 
90 11 
90 260 
90 173 
90 408 
90 337 
90 326 
90 211 
90 119 
90 73 
90 479 
90 112 
90 375 
90 208 
90 57 
90 313 
90 41 
90 320 
90 413 
90 0 
90 284 
90 459 
90 288 
90 353 
90 334 
90 94 
90 271 
90 364 
90 374 
90 419 
90 295 
90 296 
90 167 
90 422 
90 349 
90 25 
90 386 
90 483 
90 132 
90 59 
90 18 
90 128 
90 262 
90 444 
90 394 
90 29 
90 185 
90 13 
90 193 
90 515 
90 248 
90 478 
90 110 
90 319 
90 36 
90 19 
90 183 
90 449 
90 527 
90 443 
90 129 
90 294 
90 522 
90 209 
90 430 
90 205 
90 247 
90 100 
90 83 
90 217 
90 289 
90 192 
90 447 
90 200 
90 526 
90 177 
90 134 
90 261 
90 440 
90 290 
90 210 
90 52 
90 491 
90 1 
90 283 
90 356 
90 393 
90 49 
90 20 
90 238 
90 27 
90 243 
90 99 
90 528 
90 433 
90 363 
90 389 
90 76 
90 212 
90 339 
90 331 
90 232 
90 400 
90 150 
90 291 
90 204 
90 44 
90 74 
90 237 
90 71 
90 501 
90 498 
90 365 
90 172 
90 108 
90 111 
90 23 
90 162 
90 344 
90 275 
90 190 
90 324 
90 231 
90 384 
90 388 
90 87 
90 486 
90 402 
90 469 
90 142 
90 477 
90 135 
90 310 
90 56 
90 82 
90 12 
90 312 
90 88 
90 14 
90 318 
90 186 
90 338 
90 109 
90 463 
91 253 
91 399 
91 465 
91 283 
91 135 
91 388 
91 229 
91 418 
91 119 
91 72 
91 157 
91 503 
91 49 
91 171 
91 509 
91 73 
91 393 
91 246 
91 61 
91 11 
91 267 
91 124 
91 238 
91 339 
91 188 
91 141 
91 285 
91 184 
91 129 
91 199 
91 118 
91 148 
91 282 
91 389 
91 469 
91 224 
91 13 
91 513 
91 271 
91 166 
91 192 
91 247 
91 15 
91 295 
91 217 
91 35 
91 197 
91 161 
91 237 
91 313 
91 421 
91 294 
91 280 
91 165 
91 30 
91 315 
91 186 
91 228 
91 201 
91 261 
91 193 
91 488 
91 64 
91 260 
91 493 
91 249 
91 321 
91 350 
91 392 
91 484 
91 136 
91 466 
91 311 
91 307 
91 333 
91 22 
91 163 
91 428 
91 14 
91 175 
91 112 
91 55 
91 356 
91 37 
91 336 
91 450 
91 110 
91 133 
91 88 
91 453 
91 46 
91 340 
91 439 
91 32 
91 94 
91 308 
91 67 
91 329 
91 417 
91 222 
91 221 
91 109 
91 105 
91 259 
91 427 
91 461 
91 435 
91 305 
91 326 
91 436 
91 474 
91 244 
91 149 
91 181 
91 235 
91 491 
91 470 
91 189 
91 506 
91 59 
91 508 
91 39 
91 440 
91 365 
91 63 
91 152 
91 223 
91 485 
91 524 
91 143 
91 478 
91 98 
91 416 
91 458 
91 423 
91 419 
91 401 
91 330 
91 325 
91 448 
91 236 
91 383 
91 176 
91 495 
91 341 
91 412 
91 322 
91 250 
91 306 
91 359 
91 472 
91 185 
91 276 
91 36 
91 324 
91 281 
91 357 
91 215 
91 202 
92 302 
92 293 
92 444 
92 504 
92 374 
92 244 
92 295 
92 441 
92 508 
92 211 
92 245 
92 142 
92 78 
92 447 
92 45 
92 391 
92 190 
92 212 
92 482 
92 522 
92 442 
92 152 
92 102 
92 8 
92 238 
92 68 
92 196 
92 279 
92 423 
92 389 
92 477 
92 340 
92 505 
92 65 
92 35 
92 353 
92 379 
92 369 
92 262 
92 178 
92 360 
92 289 
92 305 
92 10 
92 16 
92 521 
92 173 
92 296 
92 133 
92 347 
92 105 
92 87 
92 21 
92 485 
92 76 
92 179 
92 185 
92 247 
92 474 
92 194 
92 320 
92 63 
92 507 
92 84 
92 163 
92 394 
92 396 
92 120 
92 167 
92 34 
92 157 
92 117 
92 512 
92 285 
92 312 
92 123 
92 517 
92 137 
92 498 
92 513 
92 43 
92 59 
92 286 
92 457 
92 331 
92 77 
92 402 
92 511 
92 382 
92 47 
92 370 
92 86 
92 388 
92 108 
92 30 
92 472 
92 426 
92 51 
92 213 
92 324 
92 128 
92 461 
92 431 
92 381 
92 468 
92 467 
92 161 
92 480 
92 15 
92 317 
92 31 
92 261 
92 39 
92 201 
92 237 
92 478 
92 304 
92 49 
92 518 
92 187 
92 362 
92 110 
92 143 
92 139 
92 531 
92 253 
92 44 
92 333 
92 154 
92 33 
92 197 
92 118 
92 18 
92 138 
92 318 
92 325 
92 319 
92 115 
92 422 
92 85 
92 216 
92 260 
92 328 
92 227 
92 425 
92 437 
92 27 
92 144 
92 336 
92 359 
92 57 
92 433 
92 240 
92 6 
92 165 
93 121 
93 57 
93 382 
93 216 
93 391 
93 137 
93 292 
93 97 
93 15 
93 499 
93 165 
93 21 
93 400 
93 472 
93 451 
93 223 
93 366 
93 152 
93 254 
93 345 
93 430 
93 364 
93 147 
93 66 
93 31 
93 344 
93 88 
93 434 
93 524 
93 322 
93 207 
93 116 
93 526 
93 310 
93 235 
93 80 
93 48 
93 115 
93 528 
93 308 
93 295 
93 462 
93 354 
93 374 
93 488 
93 117 
93 408 
93 38 
93 530 
93 305 
93 508 
93 142 
93 125 
93 275 
93 109 
93 302 
93 160 
93 173 
93 367 
93 51 
93 387 
93 420 
93 358 
93 17 
93 497 
93 14 
93 414 
93 346 
93 226 
93 363 
93 161 
93 447 
93 455 
93 107 
93 169 
93 330 
93 101 
93 188 
93 168 
93 205 
93 517 
93 12 
93 249 
93 424 
93 436 
93 395 
93 49 
93 444 
93 39 
93 266 
93 200 
93 461 
93 138 
93 192 
93 298 
93 84 
93 44 
93 402 
93 236 
93 154 
93 449 
93 148 
93 263 
93 68 
93 247 
93 339 
93 102 
93 349 
93 335 
93 110 
93 181 
93 76 
93 378 
93 384 
93 186 
93 185 
93 27 
93 139 
93 65 
93 212 
93 353 
93 29 
93 118 
93 204 
93 69 
93 191 
93 276 
93 492 
93 473 
93 128 
93 64 
93 326 
93 87 
93 493 
93 442 
93 174 
93 398 
93 124 
93 108 
93 412 
93 134 
93 490 
93 319 
93 318 
94 116 
94 36 
94 121 
94 309 
94 162 
94 158 
94 354 
94 408 
94 328 
94 1 
94 297 
94 286 
94 308 
94 230 
94 136 
94 257 
94 398 
94 448 
94 439 
94 488 
94 120 
94 457 
94 433 
94 37 
94 103 
94 386 
94 227 
94 475 
94 414 
94 294 
94 27 
94 46 
94 122 
94 325 
94 131 
94 256 
94 185 
94 339 
94 90 
94 520 
94 506 
94 146 
94 100 
94 71 
94 127 
94 469 
94 28 
94 152 
94 346 
94 225 
94 119 
94 106 
94 69 
94 424 
94 13 
94 455 
94 147 
94 499 
94 128 
94 362 
94 163 
94 206 
94 44 
94 430 
94 450 
94 161 
94 236 
94 481 
94 138 
94 371 
94 363 
94 242 
94 518 
94 182 
94 249 
94 197 
94 173 
94 292 
94 442 
94 490 
94 316 
94 54 
94 33 
94 139 
94 486 
94 511 
94 251 
94 88 
94 310 
94 21 
94 144 
94 221 
94 247 
94 420 
94 263 
94 2 
94 335 
94 215 
94 91 
94 19 
94 464 
94 380 
94 379 
94 55 
94 248 
94 365 
94 394 
94 255 
94 134 
94 322 
94 76 
94 211 
94 75 
94 372 
94 405 
94 86 
94 373 
94 350 
94 58 
94 105 
94 157 
94 276 
94 525 
94 184 
94 208 
94 231 
94 369 
94 504 
94 153 
94 334 
94 472 
94 61 
94 199 
94 39 
94 123 
94 5 
94 95 
94 60 
94 425 
94 186 
94 528 
94 183 
94 97 
94 367 
94 213 
94 57 
94 416 
94 426 
94 85 
94 409 
95 300 
95 430 
95 174 
95 483 
95 49 
95 327 
95 133 
95 402 
95 321 
95 44 
95 437 
95 403 
95 104 
95 189 
95 444 
95 443 
95 202 
95 453 
95 112 
95 42 
95 235 
95 364 
95 460 
95 332 
95 52 
95 523 
95 391 
95 64 
95 132 
95 101 
95 162 
95 220 
95 164 
95 504 
95 292 
95 275 
95 122 
95 139 
95 66 
95 237 
95 432 
95 76 
95 531 
95 192 
95 236 
95 224 
95 118 
95 82 
95 178 
95 525 
95 407 
95 259 
95 361 
95 73 
95 463 
95 163 
95 35 
95 199 
95 126 
95 331 
95 176 
95 400 
95 50 
95 203 
95 408 
95 293 
95 120 
95 4 
95 187 
95 12 
95 314 
95 280 
95 196 
95 488 
95 171 
95 307 
95 323 
95 264 
95 283 
95 147 
95 146 
95 13 
95 358 
95 384 
95 261 
95 65 
95 26 
95 353 
95 474 
95 197 
95 106 
95 38 
95 274 
95 8 
95 418 
95 37 
95 6 
95 125 
95 116 
95 25 
95 516 
95 462 
95 395 
95 381 
95 47 
95 529 
95 360 
95 519 
95 56 
95 386 
95 84 
95 211 
95 190 
95 291 
95 183 
95 266 
95 412 
95 100 
95 110 
95 75 
95 497 
95 108 
95 496 
95 440 
95 341 
95 489 
95 102 
95 375 
95 522 
95 170 
95 347 
95 343 
95 349 
95 498 
95 318 
95 109 
95 256 
95 214 
95 195 
95 380 
95 436 
95 1 
95 377 
95 351 
95 80 
95 405 
95 262 
95 207 
95 94 
95 212 
95 482 
95 221 
95 184 
95 315 
95 438 
95 103 
95 78 
95 509 
95 31 
95 296 
95 63 
95 338 
95 334 
95 470 
95 198 
95 70 
95 439 
95 267 
95 205 
95 123 
95 88 
95 257 
95 286 
95 330 
96 205 
96 465 
96 361 
96 126 
96 398 
96 56 
96 32 
96 3 
96 471 
96 46 
96 329 
96 502 
96 239 
96 27 
96 58 
96 129 
96 103 
96 219 
96 474 
96 420 
96 476 
96 374 
96 108 
96 213 
96 228 
96 42 
96 344 
96 113 
96 24 
96 333 
96 302 
96 279 
96 211 
96 247 
96 8 
96 442 
96 161 
96 472 
96 215 
96 296 
96 363 
96 234 
96 357 
96 288 
96 400 
96 327 
96 531 
96 196 
96 347 
96 274 
96 321 
96 463 
96 503 
96 323 
96 286 
96 194 
96 156 
96 377 
96 281 
96 248 
96 172 
96 10 
96 31 
96 2 
96 0 
96 6 
96 216 
96 530 
96 337 
96 122 
96 422 
96 266 
96 235 
96 244 
96 371 
96 410 
96 176 
96 431 
96 481 
96 319 
96 231 
96 505 
96 155 
96 366 
96 53 
96 494 
96 506 
96 273 
96 169 
96 70 
96 306 
96 177 
96 491 
96 87 
96 350 
96 414 
96 157 
96 117 
96 170 
96 388 
96 81 
96 298 
96 265 
96 34 
96 428 
96 114 
96 183 
96 353 
96 186 
96 451 
96 475 
96 66 
96 258 
96 254 
96 12 
96 178 
96 197 
96 384 
96 485 
96 149 
96 320 
96 304 
96 124 
96 158 
96 290 
96 484 
96 84 
96 513 
96 278 
96 517 
96 312 
96 33 
96 110 
96 470 
96 500 
96 297 
96 141 
96 30 
96 438 
96 100 
96 249 
96 295 
96 115 
96 381 
96 379 
96 77 
97 118 
97 206 
97 255 
97 3 
97 66 
97 218 
97 93 
97 185 
97 522 
97 389 
97 324 
97 287 
97 488 
97 63 
97 265 
97 442 
97 434 
97 366 
97 271 
97 356 
97 165 
97 512 
97 517 
97 241 
97 382 
97 143 
97 40 
97 373 
97 300 
97 516 
97 283 
97 342 
97 284 
97 285 
97 421 
97 420 
97 477 
97 199 
97 400 
97 28 
97 119 
97 45 
97 405 
97 137 
97 235 
97 76 
97 20 
97 430 
97 463 
97 531 
97 258 
97 153 
97 120 
97 231 
97 401 
97 269 
97 303 
97 332 
97 308 
97 216 
97 173 
97 337 
97 495 
97 354 
97 167 
97 466 
97 374 
97 37 
97 506 
97 252 
97 125 
97 31 
97 378 
97 322 
97 339 
97 511 
97 112 
97 440 
97 70 
97 446 
97 141 
97 419 
97 334 
97 305 
97 264 
97 407 
97 345 
97 131 
97 481 
97 484 
97 529 
97 355 
97 310 
97 71 
97 410 
97 319 
97 208 
97 210 
97 387 
97 406 
97 81 
97 424 
97 365 
97 179 
97 229 
97 79 
97 437 
97 61 
97 329 
97 108 
97 191 
97 286 
97 234 
97 394 
97 83 
97 157 
97 223 
97 317 
97 34 
97 487 
97 132 
97 441 
97 462 
97 195 
97 338 
97 7 
97 281 
97 371 
97 250 
97 309 
97 469 
97 432 
97 524 
97 294 
97 435 
97 485 
97 32 
97 52 
97 139 
97 500 
97 144 
97 106 
97 228 
97 110 
97 489 
97 177 
97 296 
97 414 
97 57 
97 464 
97 293 
97 404 
97 502 
97 514 
97 386 
97 18 
97 449 
97 321 
97 530 
97 36 
97 521 
97 340 
97 94 
97 348 
97 67 
97 192 
97 158 
97 215 
97 133 
97 221 
97 475 
97 180 
97 242 
97 518 
97 297 
98 167 
98 242 
98 441 
98 51 
98 418 
98 455 
98 405 
98 254 
98 52 
98 59 
98 124 
98 436 
98 363 
98 354 
98 385 
98 456 
98 438 
98 237 
98 60 
98 42 
98 24 
98 523 
98 333 
98 495 
98 224 
98 399 
98 496 
98 375 
98 422 
98 324 
98 234 
98 366 
98 173 
98 389 
98 107 
98 134 
98 423 
98 265 
98 347 
98 437 
98 517 
98 393 
98 412 
98 348 
98 83 
98 2 
98 88 
98 127 
98 452 
98 185 
98 330 
98 364 
98 340 
98 194 
98 10 
98 446 
98 217 
98 143 
98 295 
98 125 
98 168 
98 183 
98 305 
98 68 
98 372 
98 308 
98 468 
98 145 
98 520 
98 413 
98 502 
98 81 
98 49 
98 281 
98 506 
98 13 
98 447 
98 396 
98 105 
98 382 
98 451 
98 477 
98 211 
98 50 
98 493 
98 420 
98 269 
98 440 
98 509 
98 85 
98 101 
98 391 
98 529 
98 356 
98 89 
98 247 
98 218 
98 187 
98 253 
98 395 
98 161 
98 5 
98 282 
98 294 
98 521 
98 275 
98 17 
98 148 
98 245 
98 146 
98 368 
98 36 
98 110 
98 204 
98 320 
98 398 
98 9 
98 337 
98 498 
98 91 
98 164 
98 284 
98 248 
98 291 
98 141 
98 259 
98 444 
98 388 
98 461 
98 238 
98 344 
98 71 
98 473 
98 414 
98 400 
98 302 
98 122 
98 268 
98 103 
98 373 
98 425 
98 171 
99 493 
99 306 
99 153 
99 117 
99 322 
99 260 
99 143 
99 343 
99 412 
99 152 
99 448 
99 259 
99 59 
99 212 
99 28 
99 487 
99 430 
99 458 
99 116 
99 204 
99 356 
99 345 
99 31 
99 60 
99 165 
99 53 
99 464 
99 67 
99 14 
99 467 
99 292 
99 485 
99 247 
99 314 
99 213 
99 136 
99 297 
99 183 
99 173 
99 384 
99 334 
99 366 
99 168 
99 508 
99 321 
99 473 
99 235 
99 478 
99 409 
99 435 
99 217 
99 299 
99 120 
99 474 
99 373 
99 22 
99 189 
99 229 
99 176 
99 332 
99 126 
99 289 
99 73 
99 195 
99 400 
99 261 
99 137 
99 154 
99 284 
99 180 
99 164 
99 341 
99 62 
99 347 
99 75 
99 69 
99 40 
99 54 
99 139 
99 144 
99 510 
99 422 
99 528 
99 271 
99 163 
99 399 
99 521 
99 225 
99 270 
99 293 
99 82 
99 439 
99 90 
99 291 
99 512 
99 243 
99 181 
99 386 
99 149 
99 188 
99 44 
99 118 
99 119 
99 158 
99 360 
99 178 
99 440 
99 450 
99 2 
99 135 
99 413 
99 273 
99 370 
99 405 
99 514 
99 415 
99 241 
99 387 
99 456 
99 346 
99 323 
99 133 
99 451 
99 88 
99 317 
99 174 
99 89 
99 397 
99 70 
99 197 
99 329 
99 483 
99 34 
99 24 
99 328 
99 507 
99 43 
99 364 
99 147 
99 148 
99 140 
99 105 
99 279 
99 20 
99 518 
100 404 
100 392 
100 28 
100 195 
100 417 
100 18 
100 124 
100 430 
100 511 
100 1 
100 340 
100 164 
100 299 
100 81 
100 31 
100 204 
100 412 
100 15 
100 37 
100 507 
100 444 
100 175 
100 286 
100 122 
100 252 
100 156 
100 52 
100 36 
100 13 
100 271 
100 467 
100 94 
100 302 
100 494 
100 469 
100 357 
100 194 
100 143 
100 515 
100 127 
100 57 
100 76 
100 427 
100 410 
100 186 
100 32 
100 423 
100 145 
100 208 
100 165 
100 7 
100 281 
100 217 
100 176 
100 67 
100 240 
100 40 
100 490 
100 325 
100 278 
100 332 
100 329 
100 65 
100 90 
100 77 
100 38 
100 446 
100 455 
100 338 
100 503 
100 478 
100 314 
100 443 
100 169 
100 341 
100 144 
100 80 
100 146 
100 508 
100 441 
100 201 
100 111 
100 188 
100 334 
100 405 
100 168 
100 219 
100 401 
100 390 
100 396 
100 82 
100 528 
100 400 
100 439 
100 108 
100 95 
100 330 
100 275 
100 380 
100 495 
100 376 
100 110 
100 268 
100 339 
100 9 
100 403 
100 424 
100 500 
100 442 
100 89 
100 431 
100 523 
100 395 
100 487 
100 115 
100 475 
100 363 
100 199 
100 22 
100 377 
100 301 
100 432 
100 337 
100 234 
100 205 
100 243 
100 87 
100 318 
100 128 
100 232 
100 388 
100 516 
100 480 
100 231 
100 226 
100 11 
100 415 
100 456 
100 126 
100 309 
100 96 
100 289 
100 172 
100 320 
101 428 
101 279 
101 407 
101 400 
101 116 
101 449 
101 352 
101 140 
101 30 
101 234 
101 77 
101 58 
101 95 
101 32 
101 462 
101 51 
101 256 
101 498 
101 530 
101 146 
101 496 
101 478 
101 28 
101 165 
101 413 
101 295 
101 479 
101 122 
101 506 
101 212 
101 347 
101 340 
101 358 
101 488 
101 207 
101 508 
101 487 
101 218 
101 39 
101 174 
101 271 
101 330 
101 375 
101 19 
101 261 
101 321 
101 224 
101 384 
101 195 
101 258 
101 52 
101 502 
101 433 
101 472 
101 36 
101 343 
101 345 
101 79 
101 93 
101 452 
101 342 
101 456 
101 109 
101 132 
101 307 
101 142 
101 231 
101 179 
101 147 
101 312 
101 199 
101 38 
101 439 
101 262 
101 9 
101 332 
101 341 
101 483 
101 200 
101 238 
101 67 
101 5 
101 411 
101 331 
101 72 
101 7 
101 53 
101 98 
101 523 
101 83 
101 291 
101 509 
101 4 
101 474 
101 403 
101 60 
101 247 
101 237 
101 18 
101 159 
101 253 
101 497 
101 49 
101 480 
101 369 
101 187 
101 296 
101 216 
101 443 
101 150 
101 119 
101 70 
101 190 
101 71 
101 515 
101 339 
101 290 
101 78 
101 181 
101 3 
101 374 
101 504 
101 361 
101 66 
101 138 
101 14 
101 353 
101 531 
101 363 
101 313 
101 383 
101 63 
101 287 
101 56 
101 442 
101 517 
101 249 
101 438 
101 422 
101 21 
101 507 
101 316 
101 222 
101 501 
101 62 
101 55 
101 134 
101 414 
101 486 
101 329 
101 141 
101 161 
101 273 
101 314 
101 466 
102 157 
102 488 
102 78 
102 83 
102 439 
102 123 
102 73 
102 21 
102 48 
102 366 
102 267 
102 42 
102 230 
102 448 
102 512 
102 316 
102 505 
102 443 
102 174 
102 400 
102 436 
102 345 
102 364 
102 399 
102 253 
102 40 
102 92 
102 375 
102 381 
102 217 
102 188 
102 388 
102 281 
102 79 
102 395 
102 500 
102 232 
102 247 
102 404 
102 170 
102 148 
102 144 
102 181 
102 29 
102 349 
102 178 
102 47 
102 457 
102 108 
102 383 
102 355 
102 341 
102 337 
102 325 
102 245 
102 369 
102 494 
102 326 
102 418 
102 209 
102 450 
102 154 
102 184 
102 284 
102 524 
102 460 
102 195 
102 224 
102 105 
102 516 
102 112 
102 465 
102 248 
102 85 
102 321 
102 222 
102 360 
102 203 
102 304 
102 372 
102 413 
102 414 
102 356 
102 475 
102 266 
102 226 
102 265 
102 518 
102 225 
102 26 
102 358 
102 467 
102 455 
102 307 
102 499 
102 368 
102 529 
102 221 
102 137 
102 522 
102 315 
102 405 
102 131 
102 476 
102 18 
102 39 
102 23 
102 363 
102 434 
102 318 
102 319 
102 330 
102 20 
102 271 
102 24 
102 164 
102 64 
102 308 
102 293 
102 286 
102 240 
102 214 
102 147 
102 262 
102 432 
102 464 
102 130 
102 327 
102 255 
102 146 
102 199 
102 258 
102 86 
102 415 
102 93 
102 531 
102 246 
102 95 
102 513 
102 49 
102 216 
102 272 
102 210 
102 270 
102 459 
102 303 
102 117 
102 263 
102 402 
102 305 
102 392 
102 328 
102 80 
102 510 
102 115 
102 45 
102 471 
102 110 
102 192 
102 431 
102 426 
102 517 
102 417 
102 338 
102 136 
102 7 
102 52 
102 256 
102 65 
102 461 
102 158 
102 204 
102 359 
103 530 
103 259 
103 483 
103 190 
103 475 
103 430 
103 292 
103 506 
103 67 
103 142 
103 297 
103 10 
103 61 
103 34 
103 7 
103 143 
103 512 
103 431 
103 274 
103 363 
103 504 
103 378 
103 78 
103 96 
103 48 
103 270 
103 370 
103 404 
103 94 
103 15 
103 528 
103 229 
103 276 
103 451 
103 523 
103 324 
103 438 
103 302 
103 397 
103 411 
103 86 
103 31 
103 333 
103 412 
103 123 
103 188 
103 185 
103 348 
103 197 
103 379 
103 258 
103 46 
103 489 
103 16 
103 74 
103 139 
103 473 
103 467 
103 322 
103 43 
103 351 
103 281 
103 120 
103 145 
103 144 
103 172 
103 487 
103 194 
103 39 
103 356 
103 265 
103 217 
103 25 
103 468 
103 444 
103 293 
103 470 
103 509 
103 202 
103 491 
103 365 
103 518 
103 36 
103 313 
103 8 
103 26 
103 429 
103 357 
103 478 
103 256 
103 55 
103 12 
103 354 
103 347 
103 183 
103 275 
103 51 
103 266 
103 520 
103 459 
103 174 
103 137 
103 327 
103 60 
103 247 
103 285 
103 335 
103 376 
103 52 
103 66 
103 344 
103 118 
103 288 
103 407 
103 246 
103 269 
103 323 
103 408 
103 299 
103 234 
103 35 
103 255 
103 105 
103 424 
103 166 
103 391 
103 371 
103 400 
103 295 
103 23 
103 117 
103 237 
103 216 
103 11 
103 257 
103 521 
103 278 
103 89 
103 9 
103 182 
103 135 
103 95 
103 244 
103 413 
103 450 
103 372 
103 396 
103 280 
103 243 
103 106 
103 525 
103 87 
103 115 
103 76 
103 381 
103 38 
103 157 
103 445 
103 460 
103 98 
103 304 
103 19 
104 360 
104 426 
104 482 
104 191 
104 266 
104 38 
104 285 
104 36 
104 10 
104 8 
104 501 
104 326 
104 433 
104 95 
104 362 
104 25 
104 51 
104 21 
104 23 
104 505 
104 204 
104 328 
104 115 
104 374 
104 194 
104 221 
104 207 
104 202 
104 229 
104 179 
104 69 
104 457 
104 469 
104 350 
104 356 
104 184 
104 124 
104 289 
104 78 
104 446 
104 20 
104 244 
104 258 
104 485 
104 464 
104 230 
104 29 
104 372 
104 411 
104 460 
104 468 
104 376 
104 418 
104 283 
104 49 
104 172 
104 119 
104 208 
104 455 
104 345 
104 139 
104 126 
104 108 
104 307 
104 274 
104 13 
104 70 
104 324 
104 226 
104 269 
104 45 
104 478 
104 420 
104 88 
104 144 
104 56 
104 18 
104 435 
104 309 
104 254 
104 504 
104 262 
104 62 
104 346 
104 329 
104 54 
104 151 
104 419 
104 143 
104 114 
104 280 
104 518 
104 492 
104 412 
104 43 
104 410 
104 434 
104 242 
104 415 
104 248 
104 351 
104 296 
104 217 
104 511 
104 140 
104 524 
104 399 
104 515 
104 231 
104 393 
104 465 
104 473 
104 424 
104 275 
104 130 
104 486 
104 450 
104 236 
104 284 
104 7 
104 265 
104 462 
104 441 
104 73 
104 500 
104 427 
104 529 
104 110 
104 271 
104 220 
104 431 
104 452 
104 223 
104 353 
104 481 
104 277 
104 19 
104 359 
104 34 
104 311 
104 323 
104 320 
104 312 
104 149 
104 268 
104 107 
104 55 
104 407 
104 138 
104 249 
104 338 
104 72 
104 381 
104 290 
104 479 
104 22 
104 211 
104 12 
105 30 
105 183 
105 186 
105 423 
105 120 
105 523 
105 323 
105 528 
105 311 
105 220 
105 257 
105 20 
105 122 
105 42 
105 277 
105 256 
105 379 
105 208 
105 364 
105 251 
105 441 
105 463 
105 322 
105 362 
105 358 
105 206 
105 304 
105 431 
105 110 
105 185 
105 328 
105 27 
105 153 
105 126 
105 188 
105 478 
105 526 
105 253 
105 308 
105 176 
105 88 
105 355 
105 124 
105 467 
105 317 
105 345 
105 92 
105 135 
105 34 
105 346 
105 244 
105 391 
105 385 
105 465 
105 148 
105 59 
105 195 
105 25 
105 325 
105 31 
105 309 
105 516 
105 388 
105 450 
105 102 
105 172 
105 40 
105 28 
105 55 
105 79 
105 32 
105 170 
105 330 
105 437 
105 518 
105 215 
105 530 
105 60 
105 149 
105 513 
105 332 
105 10 
105 212 
105 279 
105 140 
105 258 
105 421 
105 408 
105 163 
105 229 
105 372 
105 453 
105 98 
105 24 
105 477 
105 115 
105 139 
105 141 
105 313 
105 473 
105 312 
105 350 
105 447 
105 290 
105 178 
105 68 
105 193 
105 226 
105 169 
105 138 
105 118 
105 307 
105 361 
105 238 
105 91 
105 202 
105 398 
105 475 
105 342 
105 499 
105 378 
105 316 
105 404 
105 275 
105 11 
105 429 
105 263 
105 82 
105 438 
105 343 
105 38 
105 460 
105 509 
105 284 
105 230 
105 167 
105 521 
105 103 
105 287 
105 348 
105 174 
105 94 
105 490 
105 131 
105 440 
105 49 
105 446 
105 417 
105 171 
105 222 
105 5 
105 386 
105 376 
105 331 
105 61 
105 443 
105 53 
105 151 
105 1 
105 373 
105 46 
105 333 
105 514 
105 472 
105 192 
105 302 
105 39 
105 33 
105 353 
105 221 
105 99 
105 12 
105 266 
105 280 
105 329 
105 405 
105 339 
105 76 
105 442 
106 316 
106 518 
106 359 
106 482 
106 223 
106 312 
106 148 
106 299 
106 5 
106 321 
106 175 
106 212 
106 3 
106 86 
106 277 
106 121 
106 42 
106 203 
106 64 
106 394 
106 291 
106 229 
106 219 
106 195 
106 50 
106 293 
106 491 
106 31 
106 421 
106 344 
106 461 
106 153 
106 115 
106 489 
106 154 
106 57 
106 130 
106 62 
106 107 
106 466 
106 32 
106 132 
106 497 
106 398 
106 35 
106 302 
106 512 
106 94 
106 226 
106 216 
106 471 
106 111 
106 222 
106 224 
106 282 
106 45 
106 429 
106 370 
106 437 
106 448 
106 375 
106 8 
106 463 
106 187 
106 454 
106 40 
106 458 
106 200 
106 167 
106 345 
106 528 
106 506 
106 447 
106 136 
106 420 
106 142 
106 388 
106 122 
106 110 
106 173 
106 264 
106 17 
106 255 
106 487 
106 60 
106 245 
106 95 
106 384 
106 520 
106 495 
106 116 
106 243 
106 521 
106 494 
106 440 
106 259 
106 65 
106 19 
106 145 
106 415 
106 49 
106 308 
106 472 
106 292 
106 178 
106 439 
106 196 
106 134 
106 144 
106 214 
106 235 
106 338 
106 457 
106 263 
106 499 
106 395 
106 267 
106 193 
106 13 
106 252 
106 430 
106 12 
106 70 
106 435 
106 79 
106 530 
106 170 
106 478 
106 505 
106 329 
106 73 
106 189 
106 183 
106 459 
106 97 
106 14 
106 392 
106 202 
106 76 
106 269 
106 220 
106 369 
106 403 
106 20 
106 181 
106 309 
106 119 
106 11 
106 270 
106 194 
106 157 
106 58 
106 135 
106 117 
106 103 
106 523 
106 347 
106 416 
106 332 
107 517 
107 266 
107 358 
107 320 
107 332 
107 135 
107 157 
107 402 
107 282 
107 455 
107 474 
107 342 
107 196 
107 464 
107 9 
107 224 
107 529 
107 486 
107 352 
107 45 
107 453 
107 120 
107 88 
107 48 
107 290 
107 6 
107 238 
107 4 
107 232 
107 307 
107 356 
107 124 
107 98 
107 360 
107 345 
107 398 
107 106 
107 524 
107 370 
107 142 
107 359 
107 523 
107 518 
107 280 
107 512 
107 188 
107 393 
107 84 
107 248 
107 246 
107 519 
107 168 
107 479 
107 344 
107 165 
107 502 
107 339 
107 503 
107 322 
107 160 
107 508 
107 295 
107 405 
107 363 
107 131 
107 36 
107 231 
107 93 
107 435 
107 438 
107 26 
107 40 
107 215 
107 154 
107 134 
107 132 
107 375 
107 376 
107 457 
107 257 
107 350 
107 404 
107 152 
107 59 
107 216 
107 390 
107 220 
107 270 
107 481 
107 271 
107 245 
107 296 
107 201 
107 528 
107 194 
107 33 
107 57 
107 306 
107 240 
107 425 
107 82 
107 302 
107 324 
107 366 
107 56 
107 378 
107 441 
107 289 
107 447 
107 478 
107 203 
107 60 
107 112 
107 490 
107 310 
107 73 
107 475 
107 507 
107 5 
107 37 
107 167 
107 140 
107 31 
107 477 
107 228 
107 195 
107 27 
107 312 
107 20 
107 81 
107 483 
107 234 
107 214 
107 43 
107 116 
107 299 
107 217 
107 428 
107 221 
107 460 
107 118 
107 284 
107 501 
107 276 
107 410 
107 209 
107 286 
107 198 
107 387 
107 251 
107 104 
107 316 
107 272 
107 199 
107 400 
108 119 
108 420 
108 270 
108 502 
108 130 
108 321 
108 461 
108 334 
108 9 
108 511 
108 515 
108 78 
108 438 
108 319 
108 403 
108 138 
108 277 
108 61 
108 178 
108 232 
108 272 
108 49 
108 185 
108 96 
108 412 
108 309 
108 142 
108 136 
108 287 
108 374 
108 118 
108 237 
108 39 
108 330 
108 325 
108 243 
108 213 
108 245 
108 147 
108 28 
108 262 
108 30 
108 137 
108 89 
108 102 
108 395 
108 126 
108 50 
108 110 
108 57 
108 80 
108 417 
108 448 
108 219 
108 286 
108 491 
108 519 
108 111 
108 33 
108 145 
108 323 
108 401 
108 120 
108 104 
108 22 
108 195 
108 297 
108 255 
108 65 
108 70 
108 12 
108 264 
108 518 
108 508 
108 196 
108 281 
108 429 
108 117 
108 218 
108 498 
108 83 
108 440 
108 457 
108 85 
108 176 
108 416 
108 363 
108 432 
108 282 
108 46 
108 180 
108 530 
108 153 
108 92 
108 436 
108 97 
108 372 
108 304 
108 443 
108 114 
108 149 
108 346 
108 52 
108 300 
108 154 
108 177 
108 318 
108 123 
108 484 
108 444 
108 10 
108 387 
108 492 
108 520 
108 158 
108 391 
108 329 
108 100 
108 95 
108 226 
108 493 
108 134 
108 357 
108 294 
108 496 
108 34 
108 88 
108 499 
108 303 
108 376 
108 44 
108 8 
108 90 
108 187 
108 249 
108 377 
108 402 
108 31 
108 311 
108 18 
108 207 
108 361 
108 292 
108 211 
108 128 
108 266 
108 278 
108 394 
108 150 
108 152 
108 483 
108 356 
108 389 
108 349 
108 447 
108 354 
108 93 
108 173 
108 285 
108 184 
108 209 
109 393 
109 34 
109 325 
109 265 
109 52 
109 175 
109 531 
109 386 
109 394 
109 294 
109 19 
109 357 
109 334 
109 463 
109 381 
109 433 
109 264 
109 131 
109 380 
109 73 
109 0 
109 136 
109 147 
109 422 
109 59 
109 86 
109 117 
109 165 
109 241 
109 159 
109 341 
109 458 
109 162 
109 65 
109 343 
109 461 
109 336 
109 193 
109 526 
109 351 
109 499 
109 457 
109 317 
109 428 
109 505 
109 242 
109 360 
109 272 
109 17 
109 364 
109 361 
109 339 
109 200 
109 93 
109 335 
109 1 
109 390 
109 306 
109 282 
109 41 
109 356 
109 77 
109 370 
109 133 
109 476 
109 113 
109 350 
109 385 
109 197 
109 273 
109 408 
109 332 
109 346 
109 118 
109 495 
109 400 
109 132 
109 286 
109 3 
109 347 
109 124 
109 229 
109 396 
109 101 
109 12 
109 431 
109 185 
109 142 
109 387 
109 439 
109 281 
109 172 
109 9 
109 472 
109 523 
109 473 
109 421 
109 24 
109 82 
109 342 
109 66 
109 47 
109 74 
109 161 
109 157 
109 327 
109 502 
109 78 
109 305 
109 375 
109 365 
109 91 
109 389 
109 230 
109 293 
109 149 
109 409 
109 35 
109 110 
109 2 
109 279 
109 518 
109 201 
109 27 
109 89 
109 333 
109 373 
109 95 
109 467 
109 174 
109 219 
109 516 
109 298 
109 525 
109 194 
109 209 
109 503 
109 510 
109 251 
109 515 
109 301 
109 234 
109 372 
109 392 
109 477 
109 482 
109 181 
109 88 
109 344 
109 349 
109 43 
109 519 
109 226 
109 179 
109 443 
109 55 
109 46 
109 256 
109 527 
109 267 
109 90 
110 454 
110 379 
110 350 
110 389 
110 35 
110 134 
110 479 
110 38 
110 232 
110 388 
110 481 
110 342 
110 39 
110 68 
110 1 
110 219 
110 422 
110 248 
110 380 
110 178 
110 308 
110 357 
110 322 
110 376 
110 412 
110 244 
110 20 
110 321 
110 501 
110 174 
110 464 
110 427 
110 52 
110 446 
110 399 
110 393 
110 273 
110 449 
110 526 
110 105 
110 512 
110 338 
110 405 
110 472 
110 229 
110 469 
110 426 
110 311 
110 431 
110 108 
110 184 
110 139 
110 403 
110 502 
110 161 
110 123 
110 251 
110 24 
110 306 
110 14 
110 189 
110 514 
110 10 
110 373 
110 19 
110 127 
110 515 
110 392 
110 484 
110 485 
110 453 
110 152 
110 441 
110 90 
110 303 
110 169 
110 188 
110 246 
110 113 
110 363 
110 527 
110 106 
110 74 
110 460 
110 253 
110 0 
110 231 
110 179 
110 91 
110 286 
110 84 
110 224 
110 432 
110 443 
110 319 
110 429 
110 185 
110 397 
110 492 
110 522 
110 447 
110 507 
110 478 
110 510 
110 192 
110 200 
110 148 
110 190 
110 208 
110 147 
110 354 
110 476 
110 22 
110 270 
110 214 
110 79 
110 180 
110 398 
110 324 
110 64 
110 280 
110 334 
110 345 
110 95 
110 450 
110 494 
110 477 
110 277 
110 530 
110 368 
110 109 
110 520 
110 272 
110 100 
110 93 
110 150 
110 50 
110 87 
110 116 
110 104 
110 92 
110 98 
110 503 
110 53 
110 97 
110 455 
110 402 
110 415 
110 435 
110 4 
110 408 
110 102 
110 463 
110 218 
110 294 
110 295 
110 425 
110 3 
110 396 
110 186 
110 112 
110 32 
110 333 
110 96 
110 518 
110 65 
110 362 
110 395 
110 411 
110 467 
111 339 
111 61 
111 413 
111 363 
111 118 
111 287 
111 381 
111 512 
111 499 
111 78 
111 434 
111 454 
111 116 
111 404 
111 403 
111 156 
111 297 
111 82 
111 70 
111 511 
111 14 
111 377 
111 514 
111 13 
111 126 
111 485 
111 246 
111 325 
111 459 
111 243 
111 318 
111 480 
111 415 
111 220 
111 456 
111 210 
111 193 
111 185 
111 440 
111 503 
111 69 
111 106 
111 389 
111 108 
111 491 
111 489 
111 129 
111 376 
111 197 
111 273 
111 75 
111 530 
111 277 
111 466 
111 341 
111 497 
111 524 
111 85 
111 357 
111 183 
111 457 
111 171 
111 483 
111 124 
111 144 
111 421 
111 54 
111 354 
111 184 
111 527 
111 360 
111 66 
111 163 
111 240 
111 422 
111 2 
111 161 
111 230 
111 179 
111 4 
111 312 
111 355 
111 87 
111 340 
111 192 
111 302 
111 478 
111 100 
111 178 
111 146 
111 509 
111 333 
111 487 
111 60 
111 34 
111 22 
111 482 
111 41 
111 117 
111 495 
111 76 
111 520 
111 35 
111 3 
111 19 
111 528 
111 362 
111 300 
111 285 
111 467 
111 353 
111 359 
111 314 
111 513 
111 229 
111 502 
111 343 
111 316 
111 494 
111 207 
111 261 
111 0 
111 90 
111 247 
111 345 
111 250 
111 149 
111 479 
111 474 
111 335 
111 191 
111 6 
111 269 
111 131 
111 21 
111 122 
111 322 
111 428 
111 170 
111 245 
111 319 
111 470 
111 299 
111 205 
111 493 
111 407 
111 249 
111 241 
111 501 
111 315 
111 427 
111 33 
111 67 
111 16 
111 200 
111 444 
111 262 
111 437 
111 201 
112 510 
112 24 
112 433 
112 412 
112 520 
112 403 
112 368 
112 200 
112 399 
112 221 
112 159 
112 294 
112 475 
112 360 
112 436 
112 95 
112 166 
112 502 
112 90 
112 9 
112 356 
112 530 
112 135 
112 483 
112 203 
112 215 
112 269 
112 217 
112 420 
112 204 
112 489 
112 65 
112 448 
112 394 
112 429 
112 525 
112 19 
112 495 
112 56 
112 231 
112 144 
112 377 
112 218 
112 16 
112 20 
112 250 
112 459 
112 476 
112 524 
112 473 
112 64 
112 46 
112 233 
112 413 
112 102 
112 234 
112 219 
112 504 
112 279 
112 439 
112 70 
112 249 
112 153 
112 282 
112 97 
112 242 
112 290 
112 336 
112 262 
112 127 
112 7 
112 496 
112 308 
112 2 
112 344 
112 91 
112 140 
112 408 
112 285 
112 222 
112 254 
112 357 
112 312 
112 55 
112 266 
112 191 
112 481 
112 172 
112 287 
112 284 
112 417 
112 158 
112 142 
112 325 
112 384 
112 122 
112 335 
112 468 
112 382 
112 499 
112 123 
112 225 
112 150 
112 276 
112 383 
112 13 
112 199 
112 385 
112 485 
112 59 
112 410 
112 125 
112 443 
112 345 
112 107 
112 531 
112 492 
112 4 
112 306 
112 466 
112 449 
112 507 
112 434 
112 487 
112 71 
112 163 
112 426 
112 256 
112 252 
112 273 
112 326 
112 486 
112 363 
112 364 
112 272 
112 313 
112 89 
112 311 
112 298 
112 263 
112 511 
112 422 
112 289 
112 265 
112 343 
112 340 
112 396 
112 160 
112 161 
112 405 
112 211 
112 110 
112 425 
112 170 
112 244 
112 74 
112 376 
112 35 
112 1 
113 378 
113 314 
113 515 
113 118 
113 58 
113 464 
113 267 
113 44 
113 139 
113 15 
113 436 
113 498 
113 168 
113 293 
113 305 
113 354 
113 214 
113 199 
113 362 
113 466 
113 179 
113 495 
113 47 
113 159 
113 33 
113 215 
113 239 
113 342 
113 145 
113 115 
113 183 
113 96 
113 177 
113 311 
113 65 
113 310 
113 307 
113 461 
113 137 
113 425 
113 437 
113 452 
113 334 
113 127 
113 153 
113 302 
113 417 
113 247 
113 146 
113 375 
113 252 
113 486 
113 128 
113 321 
113 130 
113 26 
113 528 
113 8 
113 221 
113 472 
113 361 
113 332 
113 45 
113 109 
113 205 
113 110 
113 242 
113 496 
113 223 
113 208 
113 288 
113 61 
113 459 
113 415 
113 467 
113 257 
113 347 
113 441 
113 282 
113 370 
113 411 
113 53 
113 74 
113 31 
113 475 
113 414 
113 460 
113 135 
113 518 
113 490 
113 488 
113 10 
113 25 
113 473 
113 372 
113 398 
113 505 
113 327 
113 240 
113 273 
113 423 
113 358 
113 527 
113 184 
113 325 
113 178 
113 29 
113 416 
113 70 
113 443 
113 13 
113 180 
113 27 
113 211 
113 489 
113 431 
113 2 
113 454 
113 78 
113 216 
113 16 
113 1 
113 340 
113 269 
113 420 
113 287 
113 169 
113 155 
113 510 
113 54 
113 136 
113 212 
113 261 
113 514 
113 427 
113 133 
113 38 
113 189 
113 380 
113 428 
113 469 
113 22 
113 37 
113 447 
113 277 
113 204 
113 384 
113 238 
113 161 
113 348 
113 285 
113 51 
113 141 
113 468 
113 290 
114 211 
114 65 
114 274 
114 173 
114 436 
114 74 
114 30 
114 138 
114 196 
114 139 
114 185 
114 73 
114 188 
114 128 
114 423 
114 11 
114 316 
114 319 
114 70 
114 279 
114 136 
114 312 
114 40 
114 403 
114 242 
114 416 
114 34 
114 341 
114 339 
114 210 
114 418 
114 347 
114 39 
114 386 
114 504 
114 379 
114 240 
114 328 
114 432 
114 338 
114 247 
114 365 
114 295 
114 509 
114 68 
114 151 
114 17 
114 250 
114 305 
114 202 
114 23 
114 164 
114 460 
114 217 
114 384 
114 526 
114 47 
114 348 
114 104 
114 29 
114 434 
114 409 
114 167 
114 143 
114 155 
114 126 
114 127 
114 449 
114 228 
114 498 
114 12 
114 55 
114 350 
114 477 
114 303 
114 422 
114 186 
114 24 
114 208 
114 141 
114 108 
114 86 
114 376 
114 419 
114 66 
114 524 
114 116 
114 153 
114 297 
114 262 
114 2 
114 158 
114 513 
114 410 
114 332 
114 198 
114 342 
114 294 
114 214 
114 149 
114 41 
114 96 
114 494 
114 124 
114 216 
114 32 
114 270 
114 84 
114 206 
114 401 
114 486 
114 387 
114 501 
114 61 
114 392 
114 168 
114 87 
114 222 
114 413 
114 62 
114 315 
114 85 
114 417 
114 258 
114 159 
114 430 
114 473 
114 287 
114 442 
114 235 
114 46 
114 156 
114 35 
114 354 
114 267 
114 368 
115 192 
115 385 
115 381 
115 271 
115 190 
115 200 
115 120 
115 132 
115 30 
115 230 
115 69 
115 145 
115 42 
115 239 
115 17 
115 361 
115 231 
115 430 
115 452 
115 40 
115 199 
115 104 
115 479 
115 195 
115 489 
115 267 
115 525 
115 113 
115 182 
115 504 
115 519 
115 212 
115 401 
115 320 
115 503 
115 250 
115 286 
115 81 
115 93 
115 106 
115 475 
115 501 
115 462 
115 217 
115 324 
115 309 
115 218 
115 222 
115 400 
115 451 
115 346 
115 303 
115 463 
115 471 
115 244 
115 490 
115 206 
115 183 
115 227 
115 356 
115 527 
115 523 
115 520 
115 188 
115 261 
115 170 
115 438 
115 135 
115 41 
115 22 
115 395 
115 162 
115 348 
115 84 
115 427 
115 16 
115 9 
115 179 
115 374 
115 143 
115 417 
115 159 
115 15 
115 365 
115 313 
115 1 
115 394 
115 325 
115 134 
115 147 
115 124 
115 344 
115 472 
115 495 
115 257 
115 138 
115 172 
115 66 
115 459 
115 521 
115 53 
115 354 
115 105 
115 448 
115 210 
115 38 
115 223 
115 530 
115 152 
115 89 
115 376 
115 126 
115 198 
115 502 
115 4 
115 314 
115 317 
115 187 
115 406 
115 240 
115 12 
115 326 
115 149 
115 362 
115 441 
115 496 
115 297 
115 277 
115 74 
115 25 
115 49 
115 415 
115 180 
115 168 
115 5 
115 7 
115 236 
115 174 
115 416 
115 19 
115 14 
115 121 
115 405 
115 45 
115 382 
115 429 
115 100 
115 131 
115 371 
115 412 
115 57 
115 44 
115 208 
115 64 
115 211 
115 280 
115 233 
115 216 
115 328 
115 214 
115 102 
115 178 
115 343 
115 173 
115 311 
115 373 
115 480 
115 338 
115 92 
115 119 
115 46 
115 127 
115 387 
115 13 
115 3 
115 215 
115 289 
115 103 
115 342 
115 96 
115 185 
115 418 
116 160 
116 286 
116 94 
116 530 
116 63 
116 169 
116 470 
116 519 
116 0 
116 164 
116 25 
116 156 
116 163 
116 524 
116 101 
116 21 
116 274 
116 64 
116 462 
116 99 
116 111 
116 287 
116 448 
116 2 
116 528 
116 31 
116 402 
116 459 
116 77 
116 206 
116 49 
116 93 
116 356 
116 446 
116 380 
116 62 
116 497 
116 37 
116 133 
116 19 
116 247 
116 349 
116 3 
116 241 
116 230 
116 266 
116 494 
116 264 
116 321 
116 182 
116 66 
116 255 
116 342 
116 159 
116 166 
116 137 
116 8 
116 419 
116 187 
116 262 
116 407 
116 224 
116 348 
116 28 
116 132 
116 220 
116 44 
116 416 
116 192 
116 268 
116 315 
116 523 
116 383 
116 5 
116 285 
116 520 
116 106 
116 341 
116 234 
116 152 
116 95 
116 231 
116 270 
116 443 
116 256 
116 300 
116 452 
116 335 
116 427 
116 430 
116 118 
116 173 
116 134 
116 369 
116 485 
116 304 
116 514 
116 305 
116 418 
116 23 
116 114 
116 408 
116 441 
116 529 
116 199 
116 171 
116 483 
116 195 
116 293 
116 258 
116 149 
116 202 
116 481 
116 216 
116 170 
116 371 
116 507 
116 334 
116 47 
116 275 
116 41 
116 260 
116 353 
116 157 
116 50 
116 110 
116 516 
116 428 
116 410 
116 227 
116 454 
116 150 
116 203 
116 308 
116 281 
116 129 
116 521 
116 386 
116 310 
116 107 
116 405 
116 54 
116 327 
116 142 
116 438 
116 162 
116 362 
116 197 
116 217 
116 290 
116 263 
116 282 
116 445 
116 508 
116 392 
116 122 
116 504 
116 208 
117 371 
117 183 
117 8 
117 484 
117 99 
117 215 
117 450 
117 489 
117 436 
117 226 
117 383 
117 50 
117 318 
117 351 
117 468 
117 503 
117 453 
117 335 
117 358 
117 172 
117 13 
117 392 
117 156 
117 408 
117 404 
117 323 
117 109 
117 380 
117 432 
117 257 
117 285 
117 356 
117 272 
117 445 
117 502 
117 366 
117 509 
117 39 
117 446 
117 526 
117 263 
117 275 
117 93 
117 222 
117 186 
117 20 
117 58 
117 388 
117 54 
117 76 
117 288 
117 294 
117 28 
117 21 
117 516 
117 230 
117 199 
117 460 
117 9 
117 478 
117 147 
117 522 
117 92 
117 89 
117 174 
117 447 
117 213 
117 14 
117 165 
117 187 
117 378 
117 57 
117 72 
117 480 
117 334 
117 163 
117 217 
117 280 
117 108 
117 425 
117 433 
117 448 
117 134 
117 80 
117 377 
117 401 
117 368 
117 212 
117 142 
117 192 
117 527 
117 385 
117 485 
117 376 
117 137 
117 253 
117 317 
117 40 
117 297 
117 461 
117 56 
117 185 
117 342 
117 237 
117 435 
117 179 
117 384 
117 501 
117 111 
117 364 
117 203 
117 96 
117 482 
117 60 
117 412 
117 74 
117 2 
117 233 
117 471 
117 155 
117 293 
117 196 
117 305 
117 279 
117 182 
117 284 
117 416 
117 61 
117 48 
117 159 
117 124 
117 102 
117 45 
117 71 
117 289 
117 125 
117 481 
117 339 
117 160 
117 150 
117 463 
117 188 
117 414 
117 103 
117 455 
117 167 
117 198 
117 180 
117 170 
117 367 
117 440 
117 400 
117 429 
117 310 
117 240 
117 456 
117 381 
117 169 
117 69 
117 37 
117 304 
117 73 
117 201 
117 168 
117 106 
117 87 
117 329 
117 393 
118 97 
118 287 
118 197 
118 240 
118 113 
118 14 
118 147 
118 526 
118 111 
118 353 
118 414 
118 503 
118 9 
118 495 
118 379 
118 273 
118 205 
118 242 
118 39 
118 306 
118 305 
118 375 
118 338 
118 398 
118 489 
118 285 
118 165 
118 134 
118 262 
118 160 
118 457 
118 108 
118 91 
118 42 
118 354 
118 346 
118 27 
118 389 
118 127 
118 304 
118 517 
118 95 
118 122 
118 479 
118 263 
118 248 
118 397 
118 446 
118 180 
118 496 
118 410 
118 214 
118 88 
118 372 
118 529 
118 403 
118 455 
118 453 
118 229 
118 65 
118 201 
118 121 
118 523 
118 203 
118 404 
118 190 
118 68 
118 157 
118 218 
118 76 
118 307 
118 74 
118 279 
118 484 
118 124 
118 365 
118 448 
118 259 
118 351 
118 252 
118 182 
118 109 
118 476 
118 435 
118 23 
118 482 
118 333 
118 473 
118 509 
118 161 
118 126 
118 270 
118 55 
118 174 
118 423 
118 412 
118 235 
118 483 
118 73 
118 380 
118 72 
118 367 
118 520 
118 321 
118 492 
118 195 
118 142 
118 116 
118 181 
118 105 
118 219 
118 149 
118 103 
118 175 
118 26 
118 498 
118 334 
118 99 
118 384 
118 463 
118 335 
118 200 
118 8 
118 170 
118 441 
118 233 
118 71 
118 405 
118 330 
118 521 
118 191 
118 416 
118 168 
118 254 
118 325 
118 290 
118 513 
118 93 
118 249 
118 261 
118 467 
118 239 
118 226 
118 438 
118 392 
118 133 
118 79 
118 92 
118 164 
118 89 
118 221 
118 51 
118 46 
118 107 
118 211 
118 450 
118 313 
118 342 
118 83 
118 204 
118 309 
118 58 
118 132 
118 461 
118 505 
118 511 
118 69 
119 405 
119 531 
119 108 
119 52 
119 19 
119 406 
119 516 
119 44 
119 373 
119 91 
119 289 
119 1 
119 263 
119 377 
119 271 
119 179 
119 355 
119 378 
119 475 
119 461 
119 274 
119 90 
119 133 
119 260 
119 336 
119 237 
119 202 
119 462 
119 302 
119 334 
119 439 
119 351 
119 167 
119 87 
119 376 
119 175 
119 236 
119 97 
119 74 
119 192 
119 481 
119 329 
119 54 
119 28 
119 150 
119 517 
119 451 
119 262 
119 483 
119 487 
119 346 
119 514 
119 412 
119 498 
119 13 
119 213 
119 131 
119 158 
119 94 
119 473 
119 55 
119 242 
119 170 
119 407 
119 104 
119 296 
119 319 
119 509 
119 467 
119 290 
119 245 
119 507 
119 4 
119 60 
119 390 
119 409 
119 367 
119 232 
119 51 
119 89 
119 506 
119 168 
119 448 
119 501 
119 486 
119 46 
119 396 
119 152 
119 452 
119 424 
119 354 
119 314 
119 394 
119 273 
119 276 
119 49 
119 143 
119 138 
119 348 
119 341 
119 135 
119 518 
119 428 
119 233 
119 309 
119 210 
119 227 
119 11 
119 436 
119 269 
119 285 
119 125 
119 287 
119 369 
119 99 
119 251 
119 123 
119 283 
119 173 
119 435 
119 446 
119 101 
119 172 
119 375 
119 203 
119 332 
119 69 
119 83 
119 526 
119 24 
119 434 
119 395 
119 164 
119 15 
119 31 
119 140 
119 399 
119 26 
119 115 
119 106 
119 30 
119 14 
119 82 
119 239 
119 443 
119 39 
119 50 
119 2 
119 368 
119 228 
119 387 
119 330 
119 129 
119 519 
120 478 
120 240 
120 212 
120 264 
120 510 
120 323 
120 115 
120 171 
120 73 
120 105 
120 68 
120 381 
120 312 
120 127 
120 226 
120 472 
120 26 
120 409 
120 247 
120 94 
120 192 
120 303 
120 418 
120 268 
120 13 
120 217 
120 195 
120 107 
120 210 
120 365 
120 366 
120 471 
120 71 
120 16 
120 172 
120 209 
120 334 
120 315 
120 369 
120 83 
120 88 
120 162 
120 283 
120 53 
120 131 
120 473 
120 509 
120 498 
120 124 
120 97 
120 326 
120 406 
120 362 
120 2 
120 294 
120 143 
120 95 
120 137 
120 150 
120 456 
120 261 
120 335 
120 58 
120 225 
120 99 
120 265 
120 108 
120 92 
120 235 
120 9 
120 373 
120 147 
120 446 
120 328 
120 341 
120 103 
120 521 
120 292 
120 383 
120 38 
120 342 
120 182 
120 370 
120 222 
120 144 
120 190 
120 400 
120 393 
120 27 
120 450 
120 348 
120 175 
120 204 
120 321 
120 179 
120 305 
120 444 
120 513 
120 491 
120 522 
120 166 
120 188 
120 385 
120 422 
120 136 
120 218 
120 479 
120 241 
120 299 
120 452 
120 483 
120 229 
120 457 
120 363 
120 526 
120 185 
120 178 
120 523 
120 421 
120 339 
120 427 
120 433 
120 57 
120 223 
120 214 
120 486 
120 220 
120 279 
120 39 
120 70 
120 531 
120 203 
120 527 
120 318 
120 139 
120 193 
120 317 
120 81 
120 272 
120 507 
120 44 
120 85 
120 37 
120 79 
120 407 
120 497 
120 232 
120 32 
120 72 
120 78 
120 285 
120 197 
120 350 
120 24 
120 281 
121 341 
121 517 
121 197 
121 70 
121 93 
121 186 
121 94 
121 420 
121 313 
121 34 
121 90 
121 261 
121 4 
121 208 
121 106 
121 325 
121 419 
121 18 
121 372 
121 288 
121 5 
121 50 
121 249 
121 476 
121 213 
121 257 
121 369 
121 232 
121 173 
121 530 
121 454 
121 222 
121 410 
121 528 
121 452 
121 153 
121 242 
121 145 
121 248 
121 36 
121 464 
121 41 
121 332 
121 365 
121 488 
121 364 
121 451 
121 118 
121 485 
121 461 
121 282 
121 22 
121 425 
121 407 
121 308 
121 202 
121 376 
121 312 
121 78 
121 463 
121 238 
121 437 
121 281 
121 29 
121 396 
121 527 
121 314 
121 79 
121 159 
121 266 
121 354 
121 162 
121 12 
121 455 
121 269 
121 411 
121 374 
121 423 
121 62 
121 254 
121 44 
121 47 
121 15 
121 317 
121 89 
121 57 
121 398 
121 49 
121 13 
121 385 
121 2 
121 256 
121 42 
121 136 
121 126 
121 440 
121 380 
121 384 
121 154 
121 416 
121 400 
121 176 
121 115 
121 442 
121 459 
121 214 
121 483 
121 184 
121 418 
121 346 
121 484 
121 405 
121 52 
121 375 
121 515 
121 510 
121 59 
121 14 
121 417 
121 330 
121 144 
121 480 
121 285 
121 358 
121 529 
121 264 
121 434 
121 500 
121 296 
121 234 
121 134 
121 66 
121 466 
122 403 
122 435 
122 328 
122 408 
122 196 
122 527 
122 66 
122 83 
122 343 
122 211 
122 518 
122 183 
122 105 
122 189 
122 168 
122 441 
122 281 
122 352 
122 171 
122 456 
122 476 
122 318 
122 226 
122 100 
122 21 
122 463 
122 212 
122 95 
122 487 
122 31 
122 94 
122 531 
122 252 
122 144 
122 101 
122 61 
122 284 
122 517 
122 118 
122 406 
122 497 
122 134 
122 244 
122 200 
122 357 
122 36 
122 307 
122 210 
122 124 
122 170 
122 494 
122 337 
122 376 
122 491 
122 395 
122 39 
122 479 
122 492 
122 523 
122 219 
122 511 
122 17 
122 422 
122 143 
122 63 
122 296 
122 27 
122 313 
122 141 
122 489 
122 280 
122 471 
122 106 
122 96 
122 30 
122 488 
122 520 
122 259 
122 416 
122 0 
122 223 
122 521 
122 215 
122 3 
122 419 
122 16 
122 445 
122 54 
122 390 
122 304 
122 312 
122 227 
122 112 
122 438 
122 427 
122 473 
122 458 
122 78 
122 248 
122 79 
122 41 
122 314 
122 300 
122 329 
122 382 
122 15 
122 203 
122 191 
122 75 
122 70 
122 528 
122 133 
122 453 
122 331 
122 7 
122 4 
122 490 
122 217 
122 43 
122 282 
122 190 
122 433 
122 466 
122 180 
122 6 
122 276 
122 449 
122 242 
122 513 
122 34 
122 496 
122 241 
122 137 
122 298 
122 138 
122 148 
122 309 
122 455 
122 340 
122 187 
122 11 
122 77 
122 516 
122 236 
122 111 
122 407 
122 245 
122 186 
122 82 
122 179 
122 253 
122 381 
122 417 
122 464 
122 472 
122 98 
122 353 
122 116 
122 504 
122 474 
122 508 
123 509 
123 165 
123 197 
123 515 
123 102 
123 273 
123 167 
123 59 
123 505 
123 496 
123 256 
123 380 
123 240 
123 410 
123 206 
123 341 
123 399 
123 263 
123 500 
123 362 
123 386 
123 371 
123 378 
123 208 
123 349 
123 512 
123 234 
123 480 
123 284 
123 439 
123 390 
123 212 
123 174 
123 85 
123 343 
123 408 
123 447 
123 128 
123 475 
123 339 
123 467 
123 433 
123 20 
123 252 
123 417 
123 244 
123 7 
123 481 
123 198 
123 443 
123 110 
123 103 
123 269 
123 247 
123 137 
123 126 
123 384 
123 52 
123 58 
123 364 
123 286 
123 528 
123 434 
123 327 
123 27 
123 147 
123 324 
123 16 
123 370 
123 213 
123 92 
123 71 
123 438 
123 304 
123 145 
123 501 
123 325 
123 288 
123 83 
123 479 
123 89 
123 402 
123 5 
123 487 
123 387 
123 294 
123 472 
123 525 
123 172 
123 88 
123 10 
123 146 
123 45 
123 389 
123 502 
123 79 
123 57 
123 466 
123 133 
123 345 
123 183 
123 163 
123 112 
123 64 
123 217 
123 3 
123 527 
123 436 
123 108 
123 202 
123 347 
123 270 
123 482 
123 119 
123 148 
123 162 
123 374 
123 497 
123 186 
123 355 
123 242 
123 299 
123 214 
123 184 
123 322 
123 271 
123 48 
123 155 
123 404 
123 61 
123 280 
123 285 
123 216 
123 12 
123 474 
123 200 
123 250 
123 375 
123 94 
123 318 
123 190 
123 158 
123 409 
123 44 
123 180 
123 310 
123 317 
123 368 
123 80 
123 191 
123 400 
123 31 
123 187 
123 13 
123 435 
123 388 
123 176 
123 416 
123 403 
123 514 
123 95 
123 406 
123 478 
123 8 
124 483 
124 409 
124 324 
124 100 
124 281 
124 330 
124 183 
124 522 
124 184 
124 98 
124 56 
124 150 
124 33 
124 64 
124 373 
124 84 
124 79 
124 91 
124 21 
124 217 
124 238 
124 455 
124 107 
124 68 
124 411 
124 267 
124 104 
124 347 
124 252 
124 75 
124 230 
124 340 
124 4 
124 420 
124 105 
124 412 
124 120 
124 445 
124 334 
124 224 
124 207 
124 410 
124 38 
124 262 
124 122 
124 219 
124 438 
124 239 
124 161 
124 134 
124 317 
124 439 
124 383 
124 235 
124 385 
124 497 
124 53 
124 216 
124 293 
124 168 
124 155 
124 313 
124 118 
124 292 
124 431 
124 363 
124 251 
124 22 
124 531 
124 177 
124 115 
124 181 
124 7 
124 71 
124 465 
124 109 
124 111 
124 142 
124 339 
124 507 
124 223 
124 357 
124 129 
124 66 
124 498 
124 218 
124 165 
124 19 
124 321 
124 190 
124 47 
124 488 
124 388 
124 156 
124 212 
124 414 
124 389 
124 451 
124 261 
124 310 
124 527 
124 87 
124 378 
124 422 
124 495 
124 271 
124 493 
124 327 
124 501 
124 179 
124 473 
124 243 
124 323 
124 202 
124 295 
124 188 
124 436 
124 405 
124 114 
124 342 
124 424 
124 117 
124 29 
124 432 
124 41 
124 416 
124 240 
124 524 
124 434 
124 362 
124 370 
124 433 
124 520 
124 353 
124 205 
124 461 
124 96 
124 2 
124 132 
124 469 
124 504 
124 51 
124 131 
124 478 
124 464 
124 175 
124 93 
124 366 
124 491 
124 468 
124 146 
124 171 
124 15 
124 503 
124 275 
124 352 
125 165 
125 296 
125 134 
125 450 
125 18 
125 173 
125 139 
125 30 
125 287 
125 410 
125 432 
125 147 
125 56 
125 526 
125 252 
125 168 
125 333 
125 256 
125 289 
125 484 
125 486 
125 1 
125 392 
125 20 
125 58 
125 285 
125 258 
125 205 
125 84 
125 377 
125 224 
125 5 
125 480 
125 519 
125 431 
125 281 
125 294 
125 375 
125 493 
125 315 
125 138 
125 93 
125 314 
125 445 
125 388 
125 468 
125 184 
125 97 
125 286 
125 344 
125 155 
125 458 
125 23 
125 55 
125 171 
125 371 
125 407 
125 219 
125 528 
125 502 
125 476 
125 497 
125 98 
125 24 
125 387 
125 395 
125 132 
125 233 
125 503 
125 358 
125 245 
125 239 
125 238 
125 384 
125 400 
125 394 
125 483 
125 95 
125 193 
125 232 
125 393 
125 373 
125 338 
125 143 
125 59 
125 362 
125 290 
125 402 
125 87 
125 277 
125 176 
125 405 
125 10 
125 409 
125 374 
125 72 
125 273 
125 391 
125 473 
125 51 
125 372 
125 531 
125 339 
125 518 
125 521 
125 491 
125 515 
125 119 
125 420 
125 25 
125 325 
125 446 
125 406 
125 112 
125 329 
125 319 
125 451 
125 22 
125 197 
125 416 
125 349 
125 196 
125 379 
125 82 
125 354 
125 70 
125 428 
125 208 
125 15 
125 466 
125 223 
125 471 
125 57 
125 148 
125 390 
125 331 
125 77 
125 117 
125 204 
125 477 
125 499 
125 488 
125 21 
125 246 
125 444 
125 218 
125 28 
125 421 
125 137 
125 337 
125 231 
125 174 
125 131 
125 438 
125 44 
125 326 
125 511 
125 136 
125 4 
125 241 
125 475 
125 275 
125 135 
125 508 
125 234 
125 225 
125 46 
125 88 
125 182 
125 474 
125 509 
125 378 
125 37 
125 270 
125 307 
126 152 
126 90 
126 291 
126 243 
126 336 
126 397 
126 96 
126 415 
126 226 
126 331 
126 393 
126 191 
126 229 
126 497 
126 79 
126 260 
126 496 
126 435 
126 197 
126 421 
126 223 
126 239 
126 351 
126 251 
126 52 
126 402 
126 347 
126 255 
126 213 
126 451 
126 83 
126 111 
126 210 
126 22 
126 384 
126 17 
126 366 
126 408 
126 323 
126 230 
126 86 
126 244 
126 84 
126 105 
126 364 
126 417 
126 108 
126 373 
126 491 
126 290 
126 154 
126 95 
126 308 
126 523 
126 526 
126 42 
126 56 
126 377 
126 123 
126 379 
126 242 
126 104 
126 511 
126 28 
126 524 
126 368 
126 179 
126 477 
126 455 
126 301 
126 489 
126 214 
126 99 
126 189 
126 468 
126 236 
126 407 
126 280 
126 378 
126 514 
126 286 
126 13 
126 62 
126 324 
126 501 
126 118 
126 36 
126 470 
126 114 
126 531 
126 156 
126 59 
126 207 
126 23 
126 434 
126 231 
126 194 
126 37 
126 381 
126 161 
126 87 
126 426 
126 273 
126 115 
126 422 
126 423 
126 51 
126 400 
126 153 
126 55 
126 279 
126 151 
126 46 
126 463 
126 121 
126 162 
126 296 
126 246 
126 63 
126 258 
126 274 
126 325 
126 25 
126 285 
126 277 
126 45 
126 482 
126 436 
126 19 
126 215 
126 479 
126 354 
126 418 
126 18 
126 27 
126 338 
126 353 
126 439 
126 20 
126 330 
126 431 
126 292 
126 263 
126 383 
126 47 
126 241 
126 517 
126 413 
126 513 
126 148 
126 310 
126 192 
126 174 
126 460 
126 137 
126 77 
126 499 
126 424 
126 313 
126 312 
126 254 
126 134 
126 452 
126 33 
126 133 
126 211 
126 204 
126 100 
126 287 
126 208 
126 469 
126 305 
127 10 
127 45 
127 438 
127 333 
127 49 
127 480 
127 204 
127 235 
127 387 
127 447 
127 315 
127 255 
127 234 
127 227 
127 357 
127 120 
127 429 
127 26 
127 439 
127 290 
127 86 
127 67 
127 359 
127 193 
127 197 
127 219 
127 384 
127 335 
127 31 
127 62 
127 46 
127 118 
127 371 
127 13 
127 523 
127 6 
127 388 
127 161 
127 174 
127 305 
127 94 
127 296 
127 283 
127 479 
127 458 
127 113 
127 100 
127 87 
127 325 
127 201 
127 380 
127 492 
127 358 
127 236 
127 264 
127 272 
127 199 
127 162 
127 449 
127 110 
127 184 
127 98 
127 229 
127 280 
127 382 
127 22 
127 496 
127 167 
127 206 
127 189 
127 514 
127 112 
127 215 
127 346 
127 386 
127 24 
127 341 
127 284 
127 327 
127 128 
127 0 
127 462 
127 150 
127 72 
127 114 
127 218 
127 4 
127 317 
127 481 
127 191 
127 453 
127 141 
127 83 
127 410 
127 80 
127 500 
127 373 
127 52 
127 166 
127 524 
127 381 
127 16 
127 506 
127 527 
127 241 
127 262 
127 268 
127 37 
127 476 
127 324 
127 494 
127 364 
127 157 
127 392 
127 345 
127 200 
127 437 
127 139 
127 465 
127 224 
127 519 
127 297 
127 48 
127 29 
127 147 
127 518 
127 501 
127 263 
127 79 
127 205 
127 196 
127 195 
127 216 
127 432 
127 57 
127 172 
127 471 
127 365 
127 170 
127 287 
127 291 
127 44 
127 478 
127 332 
127 230 
127 54 
127 58 
127 115 
127 417 
127 503 
127 1 
127 181 
127 402 
127 487 
127 484 
127 368 
127 450 
127 19 
127 178 
127 129 
127 273 
127 232 
127 530 
127 73 
127 331 
127 64 
127 256 
128 268 
128 393 
128 213 
128 205 
128 158 
128 291 
128 175 
128 201 
128 133 
128 406 
128 278 
128 461 
128 423 
128 391 
128 63 
128 262 
128 142 
128 12 
128 114 
128 528 
128 497 
128 286 
128 1 
128 347 
128 208 
128 316 
128 166 
128 450 
128 221 
128 490 
128 144 
128 71 
128 65 
128 513 
128 140 
128 507 
128 123 
128 432 
128 70 
128 302 
128 165 
128 90 
128 378 
128 440 
128 171 
128 216 
128 248 
128 319 
128 459 
128 232 
128 113 
128 464 
128 270 
128 94 
128 296 
128 47 
128 223 
128 517 
128 29 
128 492 
128 524 
128 87 
128 141 
128 218 
128 185 
128 359 
128 463 
128 212 
128 478 
128 436 
128 358 
128 264 
128 222 
128 430 
128 329 
128 127 
128 311 
128 40 
128 408 
128 379 
128 168 
128 405 
128 457 
128 515 
128 435 
128 89 
128 151 
128 445 
128 253 
128 4 
128 164 
128 83 
128 23 
128 233 
128 298 
128 429 
128 530 
128 27 
128 241 
128 85 
128 314 
128 92 
128 522 
128 0 
128 13 
128 284 
128 240 
128 444 
128 341 
128 293 
128 383 
128 227 
128 267 
128 388 
128 447 
128 469 
128 279 
128 400 
128 309 
128 398 
128 139 
128 46 
128 237 
128 277 
128 360 
128 289 
128 108 
128 529 
128 518 
128 22 
128 392 
128 100 
128 93 
128 33 
128 16 
128 370 
128 220 
128 204 
128 235 
128 307 
128 129 
128 242 
128 45 
128 48 
128 345 
128 353 
129 180 
129 160 
129 508 
129 407 
129 44 
129 446 
129 147 
129 305 
129 156 
129 27 
129 274 
129 443 
129 12 
129 166 
129 431 
129 57 
129 354 
129 458 
129 96 
129 387 
129 427 
129 165 
129 70 
129 149 
129 179 
129 322 
129 461 
129 91 
129 45 
129 372 
129 216 
129 266 
129 314 
129 139 
129 0 
129 424 
129 352 
129 75 
129 316 
129 502 
129 280 
129 61 
129 434 
129 342 
129 477 
129 525 
129 28 
129 454 
129 111 
129 33 
129 523 
129 506 
129 184 
129 231 
129 393 
129 399 
129 464 
129 394 
129 90 
129 373 
129 51 
129 11 
129 185 
129 285 
129 20 
129 501 
129 164 
129 88 
129 284 
129 215 
129 207 
129 371 
129 155 
129 425 
129 124 
129 489 
129 289 
129 34 
129 257 
129 526 
129 400 
129 370 
129 277 
129 228 
129 335 
129 198 
129 230 
129 467 
129 304 
129 183 
129 131 
129 328 
129 130 
129 383 
129 217 
129 260 
129 145 
129 455 
129 390 
129 206 
129 229 
129 83 
129 40 
129 201 
129 311 
129 510 
129 524 
129 210 
129 471 
129 6 
129 433 
129 64 
129 519 
129 492 
129 321 
129 452 
129 353 
129 426 
129 319 
129 190 
129 73 
129 470 
129 347 
129 238 
129 133 
129 420 
129 254 
129 30 
129 375 
129 116 
129 169 
129 52 
129 309 
129 240 
129 358 
129 195 
129 235 
129 279 
129 522 
129 351 
129 367 
129 140 
129 63 
129 460 
129 154 
129 463 
129 478 
129 127 
129 128 
129 329 
129 528 
129 157 
129 363 
129 132 
129 392 
129 31 
129 119 
129 193 
129 472 
130 506 
130 18 
130 415 
130 459 
130 86 
130 234 
130 108 
130 77 
130 198 
130 374 
130 154 
130 483 
130 60 
130 88 
130 243 
130 380 
130 187 
130 386 
130 399 
130 178 
130 137 
130 197 
130 24 
130 157 
130 255 
130 339 
130 268 
130 440 
130 43 
130 523 
130 501 
130 179 
130 261 
130 106 
130 389 
130 64 
130 306 
130 474 
130 504 
130 473 
130 182 
130 225 
130 426 
130 416 
130 34 
130 144 
130 263 
130 402 
130 348 
130 291 
130 78 
130 410 
130 113 
130 0 
130 371 
130 467 
130 300 
130 47 
130 287 
130 480 
130 404 
130 422 
130 490 
130 248 
130 450 
130 8 
130 51 
130 46 
130 409 
130 453 
130 328 
130 488 
130 44 
130 152 
130 164 
130 58 
130 252 
130 275 
130 158 
130 83 
130 80 
130 430 
130 279 
130 452 
130 11 
130 423 
130 259 
130 267 
130 35 
130 302 
130 40 
130 527 
130 469 
130 173 
130 514 
130 129 
130 216 
130 219 
130 393 
130 249 
130 330 
130 61 
130 177 
130 104 
130 347 
130 153 
130 487 
130 102 
130 499 
130 509 
130 476 
130 190 
130 458 
130 196 
130 54 
130 463 
130 448 
130 159 
130 502 
130 431 
130 247 
130 199 
130 82 
130 285 
130 206 
130 236 
130 338 
130 209 
130 297 
130 344 
130 87 
130 375 
130 74 
130 10 
130 334 
130 432 
130 205 
130 148 
130 414 
130 132 
130 354 
130 298 
130 365 
130 26 
130 457 
131 335 
131 525 
131 364 
131 349 
131 7 
131 475 
131 16 
131 33 
131 61 
131 367 
131 523 
131 185 
131 210 
131 510 
131 208 
131 500 
131 506 
131 223 
131 109 
131 236 
131 166 
131 450 
131 50 
131 517 
131 134 
131 226 
131 277 
131 238 
131 197 
131 403 
131 233 
131 409 
131 10 
131 214 
131 94 
131 288 
131 331 
131 170 
131 247 
131 278 
131 147 
131 366 
131 374 
131 63 
131 473 
131 6 
131 47 
131 261 
131 120 
131 491 
131 369 
131 58 
131 311 
131 119 
131 397 
131 435 
131 262 
131 507 
131 195 
131 256 
131 462 
131 156 
131 294 
131 447 
131 377 
131 271 
131 145 
131 415 
131 438 
131 192 
131 224 
131 17 
131 83 
131 395 
131 439 
131 38 
131 107 
131 97 
131 445 
131 420 
131 40 
131 27 
131 312 
131 251 
131 460 
131 443 
131 319 
131 146 
131 141 
131 239 
131 379 
131 302 
131 85 
131 428 
131 88 
131 73 
131 219 
131 432 
131 235 
131 102 
131 250 
131 526 
131 511 
131 245 
131 129 
131 316 
131 430 
131 466 
131 217 
131 298 
131 501 
131 484 
131 52 
131 34 
131 508 
131 225 
131 313 
131 362 
131 284 
131 351 
131 220 
131 218 
131 348 
131 174 
131 179 
131 481 
131 105 
131 253 
131 115 
131 69 
131 444 
131 441 
131 202 
131 15 
131 455 
131 461 
131 345 
131 111 
131 386 
131 237 
131 485 
131 417 
131 125 
131 64 
131 56 
131 513 
131 82 
131 124 
131 49 
131 391 
131 259 
131 203 
131 448 
131 469 
131 407 
131 66 
131 18 
132 155 
132 65 
132 153 
132 35 
132 436 
132 191 
132 30 
132 527 
132 282 
132 238 
132 115 
132 16 
132 144 
132 202 
132 322 
132 251 
132 449 
132 479 
132 85 
132 399 
132 494 
132 95 
132 165 
132 242 
132 530 
132 210 
132 49 
132 387 
132 194 
132 243 
132 483 
132 443 
132 276 
132 167 
132 298 
132 327 
132 404 
132 24 
132 356 
132 106 
132 21 
132 421 
132 472 
132 90 
132 232 
132 440 
132 77 
132 344 
132 275 
132 231 
132 319 
132 27 
132 47 
132 156 
132 516 
132 328 
132 461 
132 374 
132 288 
132 331 
132 69 
132 336 
132 284 
132 526 
132 525 
132 116 
132 314 
132 491 
132 66 
132 364 
132 3 
132 435 
132 125 
132 250 
132 486 
132 420 
132 262 
132 109 
132 357 
132 70 
132 145 
132 107 
132 398 
132 394 
132 101 
132 299 
132 244 
132 519 
132 400 
132 236 
132 149 
132 524 
132 43 
132 367 
132 459 
132 74 
132 7 
132 375 
132 485 
132 455 
132 329 
132 313 
132 286 
132 166 
132 97 
132 226 
132 353 
132 23 
132 371 
132 147 
132 469 
132 64 
132 309 
132 272 
132 498 
132 215 
132 395 
132 380 
132 484 
132 216 
132 382 
132 429 
132 310 
132 410 
132 83 
132 372 
132 84 
132 412 
132 261 
132 332 
132 206 
132 278 
132 290 
132 439 
132 178 
132 437 
132 339 
132 72 
132 135 
132 124 
132 397 
132 196 
132 239 
132 163 
132 386 
132 168 
132 179 
132 130 
132 515 
132 295 
132 48 
132 521 
132 253 
132 118 
132 281 
132 129 
132 346 
132 392 
133 179 
133 154 
133 451 
133 95 
133 503 
133 405 
133 57 
133 9 
133 468 
133 82 
133 169 
133 374 
133 128 
133 313 
133 72 
133 205 
133 500 
133 453 
133 235 
133 524 
133 119 
133 257 
133 403 
133 398 
133 89 
133 7 
133 81 
133 361 
133 299 
133 188 
133 441 
133 254 
133 288 
133 308 
133 17 
133 116 
133 60 
133 48 
133 75 
133 88 
133 160 
133 134 
133 475 
133 270 
133 344 
133 335 
133 481 
133 92 
133 61 
133 290 
133 436 
133 227 
133 136 
133 376 
133 478 
133 174 
133 473 
133 463 
133 331 
133 207 
133 360 
133 531 
133 4 
133 439 
133 164 
133 79 
133 85 
133 497 
133 109 
133 371 
133 521 
133 348 
133 203 
133 383 
133 420 
133 21 
133 489 
133 397 
133 277 
133 241 
133 496 
133 464 
133 450 
133 356 
133 447 
133 193 
133 192 
133 528 
133 285 
133 47 
133 229 
133 24 
133 91 
133 23 
133 139 
133 135 
133 62 
133 298 
133 172 
133 382 
133 123 
133 243 
133 171 
133 491 
133 41 
133 73 
133 328 
133 212 
133 122 
133 399 
133 256 
133 353 
133 44 
133 223 
133 435 
133 380 
133 484 
133 519 
133 274 
133 312 
133 389 
133 480 
133 143 
133 267 
133 529 
133 2 
133 396 
133 350 
133 326 
133 339 
133 129 
133 338 
133 281 
133 113 
133 514 
133 341 
133 199 
133 118 
133 411 
133 99 
133 39 
133 64 
133 198 
133 147 
133 495 
133 319 
133 163 
133 306 
133 334 
133 330 
133 70 
133 287 
133 323 
133 264 
133 201 
133 126 
133 258 
133 97 
133 18 
133 433 
133 337 
133 8 
133 31 
133 162 
133 29 
133 13 
133 291 
134 232 
134 168 
134 408 
134 125 
134 449 
134 110 
134 26 
134 42 
134 215 
134 375 
134 460 
134 380 
134 155 
134 472 
134 306 
134 81 
134 206 
134 163 
134 183 
134 278 
134 294 
134 481 
134 131 
134 252 
134 450 
134 118 
134 341 
134 8 
134 63 
134 307 
134 466 
134 98 
134 18 
134 67 
134 162 
134 51 
134 185 
134 169 
134 133 
134 467 
134 329 
134 358 
134 122 
134 165 
134 300 
134 62 
134 138 
134 360 
134 447 
134 68 
134 124 
134 291 
134 439 
134 212 
134 268 
134 27 
134 319 
134 11 
134 152 
134 0 
134 238 
134 9 
134 12 
134 65 
134 275 
134 273 
134 52 
134 115 
134 474 
134 80 
134 57 
134 53 
134 455 
134 107 
134 255 
134 197 
134 415 
134 117 
134 20 
134 366 
134 140 
134 203 
134 434 
134 90 
134 33 
134 204 
134 485 
134 216 
134 528 
134 512 
134 386 
134 347 
134 263 
134 259 
134 157 
134 505 
134 496 
134 116 
134 106 
134 331 
134 511 
134 283 
134 367 
134 64 
134 448 
134 522 
134 458 
134 295 
134 343 
134 251 
134 398 
134 39 
134 137 
134 94 
134 497 
134 530 
134 315 
134 372 
134 271 
134 247 
134 396 
134 369 
134 72 
134 359 
134 406 
134 108 
134 276 
134 151 
134 454 
134 438 
134 405 
134 493 
134 246 
134 84 
134 171 
134 258 
134 402 
134 48 
134 213 
134 526 
134 414 
134 180 
134 144 
134 277 
134 425 
134 190 
134 457 
134 136 
134 77 
134 194 
134 55 
134 350 
134 126 
134 228 
134 316 
134 500 
134 93 
134 257 
134 101 
134 243 
134 121 
134 226 
134 156 
134 34 
134 441 
134 446 
135 421 
135 81 
135 107 
135 530 
135 77 
135 486 
135 91 
135 322 
135 359 
135 449 
135 393 
135 318 
135 423 
135 405 
135 262 
135 491 
135 477 
135 275 
135 278 
135 362 
135 3 
135 46 
135 112 
135 203 
135 295 
135 236 
135 4 
135 346 
135 482 
135 371 
135 341 
135 235 
135 167 
135 365 
135 31 
135 306 
135 22 
135 404 
135 55 
135 224 
135 54 
135 524 
135 480 
135 319 
135 105 
135 217 
135 228 
135 320 
135 331 
135 248 
135 166 
135 424 
135 115 
135 408 
135 418 
135 311 
135 455 
135 448 
135 403 
135 245 
135 75 
135 475 
135 252 
135 366 
135 298 
135 338 
135 73 
135 219 
135 289 
135 385 
135 5 
135 459 
135 61 
135 32 
135 392 
135 113 
135 281 
135 513 
135 458 
135 133 
135 517 
135 325 
135 57 
135 137 
135 211 
135 258 
135 324 
135 456 
135 119 
135 232 
135 453 
135 334 
135 502 
135 473 
135 153 
135 42 
135 483 
135 89 
135 157 
135 462 
135 457 
135 88 
135 315 
135 481 
135 433 
135 470 
135 51 
135 514 
135 369 
135 68 
135 438 
135 358 
135 99 
135 8 
135 49 
135 526 
135 240 
135 308 
135 201 
135 355 
135 86 
135 192 
135 152 
135 11 
135 400 
135 313 
135 435 
135 198 
135 223 
135 443 
135 420 
135 132 
135 154 
135 156 
135 222 
135 225 
135 172 
135 103 
135 63 
135 90 
135 21 
135 427 
135 66 
135 125 
135 1 
135 386 
135 493 
135 463 
135 106 
135 496 
135 485 
135 36 
135 511 
135 376 
135 288 
135 336 
135 193 
136 504 
136 20 
136 163 
136 460 
136 260 
136 243 
136 339 
136 465 
136 145 
136 437 
136 381 
136 480 
136 342 
136 94 
136 348 
136 36 
136 410 
136 507 
136 57 
136 501 
136 254 
136 425 
136 432 
136 252 
136 426 
136 109 
136 54 
136 168 
136 160 
136 468 
136 108 
136 159 
136 283 
136 463 
136 338 
136 140 
136 489 
136 176 
136 114 
136 296 
136 247 
136 99 
136 70 
136 206 
136 444 
136 167 
136 17 
136 399 
136 13 
136 276 
136 133 
136 455 
136 498 
136 16 
136 412 
136 55 
136 35 
136 77 
136 447 
136 300 
136 72 
136 433 
136 222 
136 91 
136 73 
136 486 
136 384 
136 524 
136 391 
136 106 
136 53 
136 518 
136 203 
136 419 
136 56 
136 324 
136 212 
136 66 
136 44 
136 297 
136 240 
136 146 
136 347 
136 67 
136 198 
136 487 
136 411 
136 337 
136 223 
136 170 
136 441 
136 470 
136 189 
136 491 
136 308 
136 431 
136 249 
136 278 
136 363 
136 298 
136 417 
136 153 
136 180 
136 121 
136 33 
136 510 
136 236 
136 271 
136 281 
136 120 
136 364 
136 152 
136 225 
136 200 
136 195 
136 144 
136 287 
136 372 
136 87 
136 500 
136 335 
136 113 
136 147 
136 47 
136 466 
136 328 
136 171 
136 187 
136 148 
136 360 
136 387 
136 290 
136 526 
136 414 
136 368 
136 461 
136 359 
136 173 
136 267 
136 390 
136 508 
136 415 
136 169 
136 478 
136 404 
136 134 
136 125 
136 60 
136 102 
136 248 
136 336 
136 485 
136 294 
136 280 
136 151 
136 388 
136 497 
136 382 
137 505 
137 358 
137 85 
137 338 
137 481 
137 530 
137 93 
137 493 
137 176 
137 42 
137 356 
137 344 
137 451 
137 402 
137 455 
137 449 
137 196 
137 340 
137 4 
137 14 
137 186 
137 327 
137 63 
137 130 
137 408 
137 386 
137 281 
137 288 
137 517 
137 46 
137 225 
137 143 
137 152 
137 341 
137 312 
137 456 
137 97 
137 470 
137 349 
137 473 
137 487 
137 108 
137 23 
137 362 
137 509 
137 226 
137 209 
137 71 
137 489 
137 262 
137 361 
137 313 
137 429 
137 113 
137 526 
137 265 
137 294 
137 457 
137 9 
137 399 
137 62 
137 204 
137 36 
137 120 
137 524 
137 150 
137 518 
137 123 
137 39 
137 480 
137 66 
137 72 
137 317 
137 423 
137 161 
137 116 
137 32 
137 64 
137 353 
137 34 
137 374 
137 452 
137 514 
137 496 
137 187 
137 322 
137 92 
137 99 
137 531 
137 418 
137 220 
137 381 
137 369 
137 60 
137 277 
137 377 
137 51 
137 466 
137 393 
137 428 
137 102 
137 234 
137 490 
137 144 
137 193 
137 135 
137 375 
137 117 
137 87 
137 82 
137 440 
137 142 
137 462 
137 103 
137 389 
137 149 
137 427 
137 368 
137 403 
137 242 
137 134 
137 326 
137 54 
137 437 
137 366 
137 289 
137 511 
137 269 
137 45 
137 203 
137 305 
137 319 
137 21 
137 337 
137 166 
137 329 
137 19 
137 331 
137 255 
137 405 
137 86 
137 261 
137 122 
137 125 
137 8 
137 459 
137 67 
137 273 
137 250 
137 264 
137 126 
137 345 
137 314 
137 83 
137 436 
137 84 
137 453 
137 512 
137 454 
137 194 
137 476 
137 70 
137 24 
137 73 
138 349 
138 36 
138 287 
138 387 
138 383 
138 195 
138 509 
138 39 
138 283 
138 297 
138 301 
138 304 
138 87 
138 333 
138 338 
138 424 
138 504 
138 114 
138 273 
138 225 
138 479 
138 108 
138 432 
138 231 
138 203 
138 354 
138 276 
138 435 
138 464 
138 369 
138 328 
138 7 
138 295 
138 325 
138 171 
138 394 
138 441 
138 80 
138 205 
138 425 
138 484 
138 52 
138 184 
138 153 
138 398 
138 179 
138 63 
138 58 
138 125 
138 392 
138 53 
138 62 
138 356 
138 147 
138 507 
138 380 
138 158 
138 134 
138 519 
138 499 
138 524 
138 382 
138 351 
138 459 
138 140 
138 440 
138 518 
138 26 
138 94 
138 160 
138 323 
138 478 
138 527 
138 69 
138 310 
138 183 
138 229 
138 278 
138 381 
138 65 
138 230 
138 75 
138 305 
138 115 
138 516 
138 119 
138 515 
138 155 
138 315 
138 347 
138 70 
138 174 
138 59 
138 460 
138 503 
138 375 
138 495 
138 68 
138 238 
138 472 
138 303 
138 296 
138 172 
138 46 
138 343 
138 211 
138 170 
138 77 
138 334 
138 105 
138 340 
138 308 
138 173 
138 93 
138 207 
138 248 
138 491 
138 189 
138 508 
138 446 
138 405 
138 20 
138 277 
138 520 
138 237 
138 299 
138 240 
138 322 
138 198 
138 55 
138 252 
138 413 
138 307 
138 17 
138 489 
138 449 
138 48 
138 453 
138 457 
138 400 
138 57 
138 376 
138 101 
138 421 
138 28 
138 458 
138 122 
138 253 
138 286 
138 177 
138 92 
138 483 
138 266 
138 162 
138 487 
138 169 
138 445 
138 78 
138 85 
138 214 
138 257 
138 181 
138 104 
138 150 
138 73 
138 267 
138 260 
138 434 
138 194 
138 25 
138 159 
138 29 
139 234 
139 159 
139 300 
139 113 
139 195 
139 521 
139 409 
139 169 
139 49 
139 469 
139 125 
139 152 
139 65 
139 484 
139 354 
139 241 
139 320 
139 114 
139 491 
139 351 
139 0 
139 252 
139 95 
139 495 
139 438 
139 292 
139 450 
139 3 
139 178 
139 464 
139 523 
139 482 
139 57 
139 6 
139 129 
139 358 
139 17 
139 60 
139 79 
139 401 
139 385 
139 110 
139 150 
139 31 
139 415 
139 437 
139 471 
139 227 
139 264 
139 456 
139 104 
139 261 
139 235 
139 276 
139 254 
139 103 
139 176 
139 187 
139 440 
139 294 
139 477 
139 379 
139 309 
139 273 
139 172 
139 243 
139 14 
139 516 
139 262 
139 279 
139 501 
139 296 
139 335 
139 133 
139 94 
139 494 
139 293 
139 525 
139 301 
139 355 
139 367 
139 27 
139 74 
139 201 
139 99 
139 386 
139 426 
139 105 
139 405 
139 28 
139 163 
139 251 
139 184 
139 143 
139 455 
139 341 
139 397 
139 221 
139 81 
139 285 
139 336 
139 445 
139 412 
139 457 
139 342 
139 430 
139 332 
139 205 
139 157 
139 428 
139 242 
139 266 
139 306 
139 429 
139 13 
139 59 
139 127 
139 78 
139 305 
139 311 
139 408 
139 51 
139 180 
139 522 
139 45 
139 32 
139 97 
139 349 
139 391 
139 58 
139 93 
139 92 
139 322 
139 120 
139 425 
139 517 
139 5 
139 128 
139 463 
139 435 
139 390 
139 185 
139 171 
139 366 
139 381 
139 248 
139 9 
139 8 
139 208 
139 179 
139 489 
139 246 
139 472 
139 34 
139 347 
139 359 
139 283 
139 54 
139 502 
139 270 
139 417 
140 312 
140 363 
140 373 
140 202 
140 325 
140 389 
140 166 
140 24 
140 165 
140 359 
140 60 
140 265 
140 255 
140 201 
140 86 
140 52 
140 409 
140 313 
140 101 
140 426 
140 450 
140 177 
140 372 
140 458 
140 6 
140 144 
140 70 
140 145 
140 73 
140 27 
140 136 
140 273 
140 382 
140 128 
140 323 
140 378 
140 12 
140 351 
140 350 
140 431 
140 308 
140 17 
140 33 
140 246 
140 40 
140 280 
140 411 
140 356 
140 517 
140 214 
140 364 
140 345 
140 495 
140 208 
140 521 
140 138 
140 499 
140 388 
140 217 
140 416 
140 174 
140 252 
140 77 
140 385 
140 170 
140 497 
140 15 
140 333 
140 65 
140 408 
140 464 
140 164 
140 142 
140 362 
140 105 
140 112 
140 154 
140 156 
140 134 
140 0 
140 448 
140 39 
140 462 
140 80 
140 263 
140 514 
140 369 
140 261 
140 327 
140 310 
140 21 
140 344 
140 87 
140 442 
140 53 
140 47 
140 289 
140 452 
140 104 
140 417 
140 82 
140 466 
140 485 
140 371 
140 279 
140 321 
140 405 
140 210 
140 191 
140 505 
140 230 
140 269 
140 42 
140 510 
140 107 
140 468 
140 288 
140 380 
140 186 
140 428 
140 370 
140 482 
140 477 
140 496 
140 293 
140 218 
140 531 
140 341 
140 119 
140 396 
140 183 
140 129 
140 343 
140 99 
140 22 
140 204 
140 393 
140 11 
140 377 
140 268 
140 151 
140 324 
140 487 
140 420 
140 274 
140 220 
141 217 
141 161 
141 26 
141 473 
141 197 
141 249 
141 531 
141 411 
141 185 
141 419 
141 435 
141 85 
141 253 
141 519 
141 397 
141 17 
141 517 
141 465 
141 524 
141 298 
141 63 
141 91 
141 79 
141 202 
141 227 
141 400 
141 312 
141 484 
141 207 
141 350 
141 351 
141 421 
141 455 
141 282 
141 374 
141 189 
141 299 
141 27 
141 158 
141 165 
141 433 
141 242 
141 40 
141 244 
141 483 
141 75 
141 51 
141 418 
141 6 
141 375 
141 231 
141 360 
141 448 
141 145 
141 122 
141 97 
141 13 
141 155 
141 128 
141 277 
141 254 
141 57 
141 358 
141 413 
141 194 
141 316 
141 508 
141 65 
141 30 
141 73 
141 131 
141 180 
141 163 
141 150 
141 432 
141 173 
141 285 
141 315 
141 209 
141 463 
141 402 
141 332 
141 314 
141 288 
141 401 
141 355 
141 47 
141 34 
141 215 
141 49 
141 105 
141 84 
141 339 
141 386 
141 11 
141 127 
141 114 
141 228 
141 53 
141 302 
141 509 
141 410 
141 193 
141 243 
141 262 
141 157 
141 526 
141 337 
141 348 
141 391 
141 20 
141 325 
141 222 
141 430 
141 369 
141 80 
141 424 
141 271 
141 406 
141 356 
141 318 
141 380 
141 390 
141 281 
141 82 
141 293 
141 373 
141 437 
141 398 
141 199 
141 246 
141 366 
141 388 
141 142 
141 449 
141 306 
141 98 
141 529 
141 466 
141 492 
141 38 
141 156 
141 414 
141 187 
141 96 
141 416 
141 113 
141 101 
141 304 
141 223 
142 244 
142 511 
142 268 
142 403 
142 103 
142 77 
142 471 
142 217 
142 325 
142 446 
142 498 
142 381 
142 92 
142 440 
142 227 
142 128 
142 510 
142 160 
142 345 
142 215 
142 448 
142 365 
142 63 
142 108 
142 502 
142 35 
142 274 
142 61 
142 280 
142 474 
142 371 
142 493 
142 439 
142 476 
142 22 
142 290 
142 463 
142 212 
142 107 
142 29 
142 430 
142 159 
142 93 
142 193 
142 272 
142 27 
142 260 
142 231 
142 39 
142 364 
142 500 
142 33 
142 485 
142 460 
142 337 
142 144 
142 518 
142 513 
142 246 
142 503 
142 486 
142 393 
142 380 
142 51 
142 225 
142 32 
142 427 
142 362 
142 106 
142 378 
142 370 
142 185 
142 408 
142 419 
142 8 
142 140 
142 168 
142 329 
142 220 
142 78 
142 529 
142 124 
142 109 
142 101 
142 473 
142 79 
142 76 
142 452 
142 31 
142 117 
142 112 
142 278 
142 137 
142 195 
142 118 
142 499 
142 523 
142 323 
142 192 
142 282 
142 482 
142 400 
142 240 
142 296 
142 361 
142 305 
142 465 
142 261 
142 349 
142 455 
142 64 
142 26 
142 164 
142 490 
142 43 
142 265 
142 194 
142 461 
142 375 
142 468 
142 530 
142 470 
142 178 
142 347 
142 186 
142 210 
142 226 
142 20 
142 148 
142 509 
142 184 
142 454 
142 317 
142 141 
142 402 
142 90 
142 242 
142 116 
142 377 
142 36 
142 199 
142 88 
142 89 
142 319 
142 300 
142 291 
142 267 
142 80 
142 66 
142 151 
142 477 
142 294 
142 145 
142 9 
142 189 
143 514 
143 182 
143 40 
143 313 
143 290 
143 99 
143 45 
143 356 
143 304 
143 159 
143 323 
143 103 
143 527 
143 41 
143 454 
143 366 
143 524 
143 205 
143 522 
143 97 
143 484 
143 44 
143 424 
143 344 
143 401 
143 390 
143 526 
143 389 
143 238 
143 270 
143 150 
143 137 
143 77 
143 511 
143 276 
143 55 
143 349 
143 80 
143 505 
143 75 
143 478 
143 241 
143 377 
143 3 
143 383 
143 488 
143 196 
143 426 
143 309 
143 294 
143 100 
143 1 
143 494 
143 465 
143 365 
143 279 
143 120 
143 23 
143 386 
143 195 
143 144 
143 78 
143 67 
143 4 
143 440 
143 48 
143 412 
143 250 
143 43 
143 278 
143 266 
143 243 
143 12 
143 316 
143 341 
143 122 
143 115 
143 407 
143 60 
143 253 
143 71 
143 98 
143 15 
143 219 
143 298 
143 297 
143 72 
143 507 
143 284 
143 104 
143 119 
143 76 
143 114 
143 306 
143 520 
143 27 
143 500 
143 415 
143 125 
143 459 
143 24 
143 220 
143 249 
143 139 
143 340 
143 406 
143 68 
143 430 
143 262 
143 343 
143 151 
143 74 
143 410 
143 160 
143 496 
143 461 
143 497 
143 62 
143 190 
143 411 
143 133 
143 523 
143 408 
143 251 
143 188 
143 409 
143 9 
143 482 
143 362 
143 432 
143 318 
143 310 
143 346 
143 30 
143 486 
143 92 
143 261 
143 368 
143 10 
143 311 
143 91 
143 380 
143 156 
143 82 
143 439 
143 174 
143 47 
143 259 
143 388 
143 483 
143 206 
143 158 
143 280 
143 518 
143 342 
143 315 
143 157 
143 436 
143 183 
143 487 
143 420 
143 272 
143 154 
143 226 
143 84 
144 82 
144 487 
144 325 
144 462 
144 383 
144 156 
144 132 
144 468 
144 521 
144 14 
144 527 
144 200 
144 460 
144 456 
144 450 
144 273 
144 377 
144 422 
144 351 
144 0 
144 421 
144 372 
144 361 
144 225 
144 140 
144 169 
144 466 
144 68 
144 87 
144 415 
144 176 
144 304 
144 392 
144 472 
144 128 
144 102 
144 122 
144 15 
144 75 
144 25 
144 475 
144 157 
144 20 
144 180 
144 112 
144 47 
144 79 
144 445 
144 502 
144 143 
144 290 
144 130 
144 142 
144 164 
144 19 
144 146 
144 318 
144 368 
144 178 
144 16 
144 171 
144 332 
144 104 
144 232 
144 153 
144 12 
144 58 
144 453 
144 465 
144 103 
144 317 
144 416 
144 165 
144 54 
144 396 
144 331 
144 241 
144 239 
144 111 
144 505 
144 293 
144 424 
144 255 
144 412 
144 120 
144 316 
144 100 
144 94 
144 459 
144 99 
144 137 
144 461 
144 230 
144 231 
144 191 
144 501 
144 228 
144 106 
144 353 
144 523 
144 177 
144 48 
144 62 
144 265 
144 219 
144 516 
144 249 
144 55 
144 437 
144 235 
144 136 
144 89 
144 237 
144 210 
144 503 
144 404 
144 194 
144 360 
144 97 
144 147 
144 463 
144 36 
144 204 
144 233 
144 134 
144 271 
144 199 
144 470 
144 269 
144 494 
144 444 
144 121 
144 336 
144 227 
144 386 
144 92 
144 77 
144 363 
144 281 
144 476 
144 525 
144 406 
144 410 
144 448 
144 263 
144 443 
145 482 
145 215 
145 496 
145 411 
145 529 
145 221 
145 34 
145 80 
145 394 
145 184 
145 148 
145 491 
145 448 
145 115 
145 136 
145 32 
145 88 
145 253 
145 453 
145 254 
145 175 
145 113 
145 504 
145 8 
145 318 
145 140 
145 449 
145 87 
145 368 
145 165 
145 454 
145 466 
145 527 
145 358 
145 167 
145 28 
145 523 
145 121 
145 9 
145 263 
145 239 
145 470 
145 479 
145 33 
145 61 
145 361 
145 520 
145 414 
145 377 
145 30 
145 173 
145 4 
145 445 
145 489 
145 266 
145 250 
145 108 
145 19 
145 100 
145 226 
145 304 
145 79 
145 390 
145 244 
145 21 
145 508 
145 507 
145 172 
145 131 
145 39 
145 462 
145 89 
145 141 
145 103 
145 123 
145 211 
145 228 
145 132 
145 27 
145 98 
145 413 
145 438 
145 267 
145 212 
145 369 
145 399 
145 52 
145 518 
145 430 
145 434 
145 241 
145 106 
145 224 
145 216 
145 343 
145 379 
145 429 
145 191 
145 310 
145 314 
145 282 
145 202 
145 40 
145 151 
145 465 
145 243 
145 519 
145 129 
145 473 
145 1 
145 324 
145 436 
145 499 
145 240 
145 44 
145 230 
145 459 
145 275 
145 301 
145 59 
145 360 
145 169 
145 344 
145 238 
145 332 
145 207 
145 24 
145 56 
145 256 
145 511 
145 196 
145 351 
145 194 
145 364 
145 531 
145 389 
145 365 
145 513 
145 43 
145 20 
145 362 
145 2 
145 431 
145 269 
145 279 
145 493 
145 334 
145 42 
145 149 
145 472 
145 373 
145 370 
145 463 
145 193 
145 331 
145 64 
145 142 
145 69 
145 10 
145 514 
145 258 
145 3 
145 177 
145 209 
146 456 
146 478 
146 483 
146 342 
146 291 
146 496 
146 69 
146 296 
146 366 
146 72 
146 427 
146 192 
146 477 
146 495 
146 62 
146 249 
146 381 
146 182 
146 61 
146 316 
146 400 
146 19 
146 16 
146 428 
146 392 
146 101 
146 197 
146 480 
146 220 
146 1 
146 280 
146 406 
146 394 
146 50 
146 518 
146 191 
146 348 
146 484 
146 187 
146 94 
146 404 
146 489 
146 292 
146 306 
146 297 
146 152 
146 502 
146 279 
146 165 
146 184 
146 441 
146 326 
146 311 
146 437 
146 513 
146 461 
146 76 
146 113 
146 397 
146 515 
146 240 
146 49 
146 468 
146 452 
146 144 
146 508 
146 25 
146 308 
146 185 
146 233 
146 422 
146 53 
146 148 
146 225 
146 31 
146 416 
146 490 
146 492 
146 95 
146 398 
146 41 
146 455 
146 517 
146 136 
146 425 
146 330 
146 131 
146 325 
146 414 
146 426 
146 244 
146 393 
146 200 
146 429 
146 466 
146 22 
146 235 
146 100 
146 309 
146 408 
146 177 
146 123 
146 356 
146 476 
146 512 
146 211 
146 23 
146 274 
146 524 
146 333 
146 15 
146 371 
146 111 
146 332 
146 341 
146 190 
146 262 
146 277 
146 446 
146 217 
146 81 
146 521 
146 36 
146 504 
146 166 
146 51 
146 360 
146 203 
146 501 
146 347 
146 102 
146 174 
146 42 
146 463 
146 431 
146 459 
146 310 
146 435 
146 242 
146 336 
146 268 
146 494 
146 98 
146 12 
146 45 
146 201 
146 56 
146 346 
146 163 
146 40 
146 301 
146 256 
146 451 
146 71 
146 453 
146 386 
146 410 
146 290 
146 527 
146 173 
146 10 
146 470 
146 462 
146 499 
146 248 
146 33 
146 155 
146 255 
146 287 
146 194 
146 261 
146 171 
146 65 
146 396 
146 418 
146 46 
146 450 
146 9 
146 124 
146 85 
146 319 
146 307 
146 230 
147 285 
147 166 
147 468 
147 497 
147 266 
147 118 
147 343 
147 129 
147 55 
147 214 
147 28 
147 125 
147 486 
147 93 
147 495 
147 274 
147 374 
147 109 
147 353 
147 151 
147 403 
147 261 
147 465 
147 415 
147 513 
147 194 
147 170 
147 435 
147 405 
147 449 
147 221 
147 108 
147 131 
147 47 
147 450 
147 473 
147 433 
147 514 
147 462 
147 510 
147 347 
147 516 
147 226 
147 191 
147 507 
147 291 
147 57 
147 354 
147 138 
147 505 
147 265 
147 508 
147 41 
147 391 
147 94 
147 181 
147 457 
147 494 
147 45 
147 323 
147 276 
147 117 
147 217 
147 407 
147 123 
147 120 
147 385 
147 95 
147 15 
147 64 
147 470 
147 223 
147 420 
147 115 
147 61 
147 161 
147 475 
147 21 
147 528 
147 484 
147 11 
147 34 
147 101 
147 524 
147 404 
147 22 
147 297 
147 164 
147 478 
147 69 
147 224 
147 162 
147 37 
147 8 
147 58 
147 320 
147 229 
147 110 
147 199 
147 12 
147 431 
147 448 
147 300 
147 209 
147 424 
147 279 
147 208 
147 447 
147 438 
147 102 
147 132 
147 499 
147 419 
147 70 
147 366 
147 294 
147 408 
147 388 
147 238 
147 172 
147 188 
147 127 
147 168 
147 262 
147 23 
147 481 
147 136 
147 235 
147 460 
147 512 
147 144 
147 237 
147 246 
147 312 
147 487 
147 280 
147 504 
147 205 
147 133 
147 187 
147 395 
147 99 
147 400 
147 339 
147 149 
147 498 
147 183 
147 31 
147 68 
147 333 
147 20 
147 232 
147 350 
147 268 
148 279 
148 0 
148 439 
148 182 
148 215 
148 200 
148 106 
148 210 
148 145 
148 499 
148 445 
148 35 
148 351 
148 236 
148 347 
148 441 
148 365 
148 290 
148 464 
148 510 
148 305 
148 296 
148 460 
148 504 
148 391 
148 216 
148 25 
148 424 
148 151 
148 91 
148 399 
148 102 
148 1 
148 81 
148 491 
148 381 
148 153 
148 243 
148 329 
148 23 
148 274 
148 401 
148 257 
148 353 
148 248 
148 429 
148 393 
148 528 
148 280 
148 383 
148 403 
148 479 
148 428 
148 410 
148 299 
148 105 
148 405 
148 394 
148 14 
148 454 
148 146 
148 228 
148 420 
148 83 
148 11 
148 262 
148 437 
148 261 
148 404 
148 511 
148 43 
148 446 
148 203 
148 178 
148 295 
148 5 
148 154 
148 260 
148 480 
148 314 
148 378 
148 423 
148 179 
148 468 
148 346 
148 489 
148 484 
148 176 
148 159 
148 223 
148 245 
148 340 
148 292 
148 341 
148 187 
148 266 
148 54 
148 17 
148 501 
148 110 
148 84 
148 384 
148 331 
148 221 
148 417 
148 450 
148 191 
148 208 
148 19 
148 189 
148 349 
148 123 
148 93 
148 180 
148 426 
148 370 
148 206 
148 98 
148 300 
148 37 
148 264 
148 507 
148 458 
148 125 
148 4 
148 379 
148 442 
148 142 
148 42 
148 136 
148 455 
148 9 
148 530 
148 122 
148 75 
148 149 
148 415 
148 425 
148 155 
148 471 
148 61 
148 126 
148 469 
148 207 
148 224 
148 326 
148 197 
148 440 
148 330 
148 130 
148 99 
148 308 
148 265 
148 285 
148 57 
148 343 
149 224 
149 24 
149 34 
149 360 
149 350 
149 56 
149 50 
149 378 
149 78 
149 377 
149 450 
149 70 
149 88 
149 309 
149 332 
149 166 
149 390 
149 57 
149 232 
149 242 
149 505 
149 493 
149 498 
149 460 
149 221 
149 485 
149 129 
149 191 
149 476 
149 175 
149 22 
149 71 
149 14 
149 444 
149 342 
149 46 
149 76 
149 48 
149 340 
149 367 
149 248 
149 441 
149 201 
149 359 
149 329 
149 492 
149 313 
149 480 
149 188 
149 527 
149 402 
149 153 
149 240 
149 452 
149 374 
149 519 
149 54 
149 222 
149 84 
149 463 
149 358 
149 361 
149 347 
149 28 
149 487 
149 7 
149 526 
149 355 
149 63 
149 105 
149 32 
149 338 
149 241 
149 156 
149 246 
149 341 
149 528 
149 334 
149 132 
149 465 
149 346 
149 243 
149 178 
149 15 
149 325 
149 38 
149 523 
149 183 
149 429 
149 489 
149 396 
149 162 
149 256 
149 225 
149 108 
149 19 
149 202 
149 137 
149 67 
149 58 
149 426 
149 118 
149 370 
149 115 
149 306 
149 204 
149 99 
149 281 
149 109 
149 337 
149 35 
149 116 
149 208 
149 114 
149 253 
149 268 
149 393 
149 91 
149 443 
149 168 
149 267 
149 20 
149 491 
149 495 
149 456 
149 60 
149 302 
149 62 
149 64 
149 431 
149 287 
149 13 
149 111 
149 423 
149 284 
149 165 
149 405 
149 206 
149 148 
149 176 
149 96 
149 220 
149 472 
149 83 
149 264 
149 145 
149 30 
149 223 
149 345 
149 368 
149 461 
149 247 
149 236 
149 348 
149 412 
149 104 
149 170 
149 25 
149 147 
149 288 
149 395 
149 75 
149 488 
149 387 
149 438 
149 471 
149 218 
149 445 
149 353 
149 275 
150 513 
150 518 
150 528 
150 194 
150 284 
150 237 
150 229 
150 18 
150 354 
150 447 
150 158 
150 457 
150 43 
150 230 
150 124 
150 406 
150 489 
150 10 
150 36 
150 461 
150 432 
150 1 
150 189 
150 422 
150 171 
150 338 
150 371 
150 472 
150 143 
150 427 
150 281 
150 408 
150 4 
150 291 
150 22 
150 445 
150 442 
150 464 
150 119 
150 228 
150 421 
150 79 
150 197 
150 251 
150 425 
150 73 
150 157 
150 438 
150 218 
150 84 
150 365 
150 523 
150 139 
150 33 
150 183 
150 72 
150 15 
150 137 
150 468 
150 120 
150 397 
150 53 
150 243 
150 68 
150 54 
150 26 
150 329 
150 278 
150 32 
150 337 
150 450 
150 478 
150 201 
150 56 
150 304 
150 530 
150 249 
150 41 
150 380 
150 469 
150 162 
150 420 
150 386 
150 409 
150 303 
150 76 
150 141 
150 448 
150 219 
150 127 
150 6 
150 320 
150 503 
150 526 
150 29 
150 78 
150 67 
150 245 
150 414 
150 267 
150 250 
150 112 
150 34 
150 80 
150 2 
150 184 
150 200 
150 173 
150 222 
150 213 
150 241 
150 480 
150 259 
150 401 
150 362 
150 279 
150 13 
150 0 
150 101 
150 350 
150 410 
150 90 
150 340 
150 110 
150 14 
150 37 
150 50 
150 276 
150 116 
150 385 
150 117 
150 260 
150 203 
150 46 
150 417 
150 61 
150 108 
150 208 
150 231 
150 390 
150 334 
150 182 
150 364 
150 82 
150 262 
150 376 
150 138 
150 48 
150 87 
150 341 
150 331 
150 214 
150 485 
150 271 
150 382 
150 5 
150 502 
150 192 
151 313 
151 521 
151 375 
151 83 
151 403 
151 452 
151 183 
151 330 
151 341 
151 157 
151 178 
151 295 
151 78 
151 258 
151 285 
151 411 
151 504 
151 170 
151 235 
151 44 
151 468 
151 261 
151 352 
151 23 
151 147 
151 73 
151 456 
151 148 
151 52 
151 384 
151 279 
151 259 
151 462 
151 218 
151 483 
151 396 
151 289 
151 266 
151 251 
151 496 
151 216 
151 240 
151 265 
151 36 
151 489 
151 315 
151 354 
151 86 
151 327 
151 1 
151 310 
151 431 
151 503 
151 405 
151 423 
151 365 
151 19 
151 379 
151 372 
151 114 
151 28 
151 238 
151 383 
151 435 
151 70 
151 2 
151 104 
151 355 
151 20 
151 386 
151 272 
151 516 
151 350 
151 202 
151 400 
151 219 
151 416 
151 88 
151 210 
151 322 
151 417 
151 224 
151 490 
151 263 
151 128 
151 18 
151 163 
151 381 
151 50 
151 9 
151 143 
151 145 
151 126 
151 476 
151 517 
151 525 
151 451 
151 524 
151 82 
151 433 
151 374 
151 522 
151 0 
151 406 
151 344 
151 134 
151 501 
151 529 
151 226 
151 418 
151 277 
151 262 
151 449 
151 242 
151 486 
151 191 
151 38 
151 105 
151 53 
151 409 
151 12 
151 89 
151 342 
151 175 
151 243 
151 446 
151 478 
151 373 
151 142 
151 497 
151 234 
151 140 
151 136 
151 211 
151 61 
151 199 
151 30 
151 60 
151 499 
152 255 
152 126 
152 176 
152 325 
152 89 
152 464 
152 50 
152 299 
152 63 
152 48 
152 139 
152 99 
152 256 
152 93 
152 330 
152 84 
152 312 
152 263 
152 373 
152 396 
152 346 
152 367 
152 509 
152 55 
152 459 
152 67 
152 92 
152 376 
152 33 
152 527 
152 319 
152 408 
152 493 
152 445 
152 14 
152 463 
152 394 
152 137 
152 503 
152 421 
152 469 
152 228 
152 163 
152 504 
152 295 
152 418 
152 434 
152 25 
152 53 
152 146 
152 482 
152 185 
152 7 
152 343 
152 333 
152 94 
152 195 
152 329 
152 473 
152 523 
152 250 
152 496 
152 442 
152 495 
152 251 
152 12 
152 110 
152 210 
152 232 
152 455 
152 70 
152 134 
152 359 
152 76 
152 520 
152 119 
152 309 
152 335 
152 16 
152 235 
152 190 
152 130 
152 326 
152 375 
152 411 
152 479 
152 20 
152 116 
152 107 
152 274 
152 187 
152 327 
152 444 
152 403 
152 271 
152 115 
152 253 
152 443 
152 196 
152 399 
152 18 
152 244 
152 51 
152 472 
152 294 
152 189 
152 272 
152 136 
152 450 
152 401 
152 377 
152 175 
152 216 
152 161 
152 521 
152 320 
152 422 
152 238 
152 352 
152 22 
152 52 
152 135 
152 389 
152 91 
152 85 
152 245 
152 498 
152 516 
152 257 
152 225 
152 506 
152 347 
152 282 
152 277 
152 306 
152 348 
152 68 
152 108 
152 491 
152 425 
152 385 
152 499 
152 237 
152 248 
152 470 
152 465 
152 484 
152 501 
152 395 
152 412 
152 318 
152 178 
152 296 
152 82 
152 13 
152 287 
152 239 
153 389 
153 132 
153 34 
153 267 
153 90 
153 263 
153 497 
153 493 
153 99 
153 515 
153 243 
153 473 
153 461 
153 352 
153 41 
153 63 
153 228 
153 368 
153 414 
153 365 
153 162 
153 155 
153 206 
153 254 
153 358 
153 318 
153 106 
153 502 
153 484 
153 321 
153 296 
153 315 
153 245 
153 488 
153 221 
153 437 
153 105 
153 138 
153 208 
153 168 
153 148 
153 121 
153 160 
153 379 
153 197 
153 359 
153 470 
153 467 
153 531 
153 97 
153 42 
153 182 
153 113 
153 455 
153 20 
153 264 
153 282 
153 327 
153 204 
153 328 
153 53 
153 149 
153 330 
153 335 
153 367 
153 224 
153 186 
153 397 
153 66 
153 526 
153 363 
153 13 
153 468 
153 144 
153 471 
153 48 
153 336 
153 112 
153 273 
153 509 
153 171 
153 308 
153 1 
153 187 
153 522 
153 311 
153 435 
153 355 
153 0 
153 378 
153 170 
153 404 
153 74 
153 523 
153 402 
153 198 
153 373 
153 108 
153 3 
153 510 
153 448 
153 199 
153 261 
153 319 
153 349 
153 135 
153 407 
153 176 
153 173 
153 216 
153 126 
153 309 
153 370 
153 495 
153 60 
153 136 
153 114 
153 255 
153 260 
153 513 
153 377 
153 130 
153 289 
153 416 
153 238 
153 472 
153 39 
153 426 
153 479 
153 380 
153 441 
153 418 
153 347 
153 192 
153 167 
153 61 
153 512 
153 94 
153 376 
153 463 
153 69 
153 87 
153 21 
153 70 
153 85 
153 77 
153 432 
153 285 
153 307 
153 80 
153 11 
153 433 
153 372 
153 464 
153 456 
153 35 
153 22 
153 280 
153 447 
153 527 
153 356 
153 161 
153 339 
153 82 
154 218 
154 133 
154 179 
154 418 
154 17 
154 200 
154 289 
154 493 
154 403 
154 371 
154 313 
154 157 
154 453 
154 284 
154 318 
154 259 
154 130 
154 5 
154 323 
154 185 
154 14 
154 372 
154 454 
154 267 
154 531 
154 174 
154 386 
154 373 
154 441 
154 57 
154 379 
154 273 
154 312 
154 296 
154 499 
154 362 
154 443 
154 25 
154 477 
154 431 
154 481 
154 311 
154 155 
154 511 
154 498 
154 77 
154 106 
154 184 
154 51 
154 180 
154 11 
154 506 
154 291 
154 382 
154 44 
154 280 
154 520 
154 126 
154 183 
154 211 
154 469 
154 68 
154 397 
154 294 
154 271 
154 426 
154 462 
154 102 
154 290 
154 298 
154 416 
154 513 
154 524 
154 351 
154 13 
154 374 
154 10 
154 455 
154 263 
154 404 
154 465 
154 321 
154 325 
154 451 
154 396 
154 243 
154 166 
154 375 
154 474 
154 349 
154 220 
154 476 
154 35 
154 170 
154 256 
154 107 
154 99 
154 148 
154 194 
154 140 
154 219 
154 430 
154 24 
154 15 
154 448 
154 169 
154 471 
154 39 
154 246 
154 383 
154 240 
154 202 
154 458 
154 87 
154 108 
154 22 
154 422 
154 334 
154 206 
154 93 
154 193 
154 121 
154 198 
154 213 
154 226 
154 339 
154 4 
154 522 
154 187 
154 276 
154 355 
154 82 
154 295 
154 300 
154 495 
154 475 
154 369 
154 177 
154 84 
154 508 
154 92 
154 419 
154 160 
154 228 
154 348 
154 197 
154 135 
154 32 
154 230 
154 231 
154 69 
154 307 
154 255 
154 18 
154 129 
154 181 
154 519 
154 421 
154 427 
154 75 
154 143 
154 65 
155 132 
155 201 
155 19 
155 438 
155 384 
155 55 
155 16 
155 430 
155 495 
155 90 
155 44 
155 461 
155 518 
155 159 
155 314 
155 521 
155 411 
155 530 
155 338 
155 317 
155 134 
155 251 
155 84 
155 309 
155 153 
155 208 
155 227 
155 68 
155 160 
155 416 
155 329 
155 452 
155 4 
155 24 
155 449 
155 275 
155 154 
155 487 
155 282 
155 501 
155 339 
155 368 
155 397 
155 381 
155 478 
155 14 
155 249 
155 283 
155 273 
155 281 
155 39 
155 74 
155 444 
155 66 
155 290 
155 216 
155 422 
155 524 
155 73 
155 272 
155 125 
155 70 
155 527 
155 172 
155 331 
155 439 
155 488 
155 13 
155 124 
155 465 
155 332 
155 210 
155 316 
155 163 
155 71 
155 398 
155 141 
155 504 
155 191 
155 473 
155 78 
155 268 
155 392 
155 412 
155 9 
155 365 
155 453 
155 129 
155 445 
155 323 
155 507 
155 415 
155 138 
155 485 
155 114 
155 69 
155 509 
155 346 
155 399 
155 505 
155 96 
155 467 
155 437 
155 394 
155 369 
155 307 
155 279 
155 202 
155 256 
155 355 
155 211 
155 511 
155 89 
155 301 
155 184 
155 414 
155 231 
155 310 
155 326 
155 387 
155 30 
155 228 
155 491 
155 378 
155 170 
155 321 
155 410 
155 244 
155 510 
155 72 
155 341 
155 319 
155 117 
155 311 
155 83 
155 17 
155 213 
155 3 
155 404 
155 456 
155 11 
155 20 
155 336 
155 217 
155 468 
155 113 
155 325 
155 123 
155 458 
155 446 
155 242 
155 516 
155 59 
155 299 
155 185 
155 372 
155 248 
155 406 
155 52 
155 67 
155 267 
155 53 
155 148 
155 183 
155 63 
155 280 
155 171 
155 517 
155 146 
155 315 
155 22 
155 418 
155 166 
155 287 
155 484 
155 27 
155 174 
155 47 
155 344 
155 432 
155 260 
155 450 
156 271 
156 303 
156 300 
156 171 
156 511 
156 175 
156 446 
156 37 
156 231 
156 487 
156 254 
156 397 
156 382 
156 144 
156 422 
156 310 
156 116 
156 48 
156 129 
156 290 
156 54 
156 207 
156 178 
156 295 
156 17 
156 353 
156 249 
156 345 
156 201 
156 466 
156 232 
156 508 
156 450 
156 252 
156 111 
156 100 
156 169 
156 117 
156 186 
156 165 
156 61 
156 172 
156 530 
156 521 
156 159 
156 424 
156 193 
156 364 
156 435 
156 355 
156 70 
156 259 
156 423 
156 425 
156 407 
156 245 
156 226 
156 463 
156 185 
156 524 
156 161 
156 499 
156 0 
156 132 
156 181 
156 228 
156 30 
156 131 
156 96 
156 477 
156 505 
156 370 
156 527 
156 234 
156 5 
156 421 
156 84 
156 222 
156 486 
156 369 
156 225 
156 204 
156 52 
156 442 
156 68 
156 140 
156 149 
156 513 
156 205 
156 187 
156 177 
156 324 
156 336 
156 126 
156 39 
156 431 
156 6 
156 227 
156 433 
156 498 
156 381 
156 349 
156 396 
156 9 
156 322 
156 124 
156 41 
156 270 
156 297 
156 346 
156 500 
156 257 
156 361 
156 328 
156 191 
156 253 
156 488 
156 307 
156 1 
156 16 
156 528 
156 386 
156 43 
156 484 
156 82 
156 283 
156 79 
156 416 
156 247 
156 230 
156 69 
156 414 
156 163 
156 170 
156 465 
156 458 
156 7 
156 472 
156 411 
156 239 
156 57 
156 378 
156 266 
156 189 
156 19 
156 405 
156 143 
156 18 
156 60 
156 55 
156 481 
156 278 
156 217 
156 135 
156 415 
156 428 
156 501 
156 352 
156 250 
156 302 
156 141 
156 389 
156 287 
156 223 
156 337 
156 192 
156 374 
156 426 
156 47 
156 56 
156 71 
156 475 
156 134 
156 114 
156 321 
156 81 
157 102 
157 279 
157 468 
157 218 
157 107 
157 516 
157 57 
157 151 
157 485 
157 91 
157 154 
157 262 
157 457 
157 222 
157 472 
157 368 
157 374 
157 409 
157 445 
157 182 
157 406 
157 255 
157 366 
157 192 
157 412 
157 271 
157 130 
157 441 
157 476 
157 69 
157 11 
157 238 
157 339 
157 308 
157 254 
157 178 
157 442 
157 371 
157 327 
157 144 
157 228 
157 403 
157 150 
157 326 
157 524 
157 459 
157 233 
157 491 
157 386 
157 205 
157 164 
157 438 
157 364 
157 417 
157 495 
157 294 
157 195 
157 272 
157 427 
157 190 
157 507 
157 77 
157 92 
157 18 
157 349 
157 234 
157 118 
157 467 
157 496 
157 15 
157 324 
157 62 
157 451 
157 20 
157 221 
157 38 
157 30 
157 161 
157 288 
157 236 
157 2 
157 259 
157 501 
157 74 
157 487 
157 528 
157 337 
157 513 
157 474 
157 425 
157 58 
157 29 
157 212 
157 363 
157 302 
157 466 
157 134 
157 163 
157 109 
157 40 
157 447 
157 135 
157 242 
157 97 
157 338 
157 208 
157 287 
157 227 
157 290 
157 96 
157 448 
157 14 
157 141 
157 359 
157 59 
157 127 
157 139 
157 166 
157 323 
157 399 
157 395 
157 394 
157 219 
157 230 
157 453 
157 32 
157 434 
157 116 
157 384 
157 94 
157 375 
157 243 
157 225 
157 317 
157 455 
157 342 
157 245 
157 436 
157 497 
157 408 
157 247 
157 209 
157 335 
157 240 
157 277 
157 45 
157 510 
157 520 
157 297 
157 196 
157 330 
157 530 
157 400 
157 183 
157 43 
157 169 
157 383 
157 479 
157 278 
157 200 
157 170 
157 37 
157 252 
157 106 
157 285 
157 143 
157 180 
157 202 
157 443 
157 129 
157 320 
157 87 
157 456 
157 103 
157 17 
157 418 
158 470 
158 247 
158 94 
158 85 
158 128 
158 405 
158 188 
158 377 
158 181 
158 404 
158 150 
158 165 
158 23 
158 522 
158 418 
158 223 
158 224 
158 213 
158 344 
158 332 
158 358 
158 206 
158 55 
158 492 
158 341 
158 311 
158 319 
158 282 
158 314 
158 439 
158 207 
158 166 
158 192 
158 329 
158 351 
158 182 
158 484 
158 402 
158 16 
158 196 
158 367 
158 456 
158 368 
158 338 
158 119 
158 501 
158 141 
158 138 
158 444 
158 86 
158 199 
158 178 
158 240 
158 366 
158 65 
158 362 
158 67 
158 449 
158 9 
158 22 
158 0 
158 297 
158 163 
158 458 
158 37 
158 222 
158 237 
158 177 
158 76 
158 468 
158 203 
158 254 
158 389 
158 32 
158 15 
158 308 
158 415 
158 130 
158 190 
158 40 
158 497 
158 112 
158 323 
158 486 
158 275 
158 204 
158 45 
158 481 
158 35 
158 84 
158 17 
158 339 
158 198 
158 80 
158 272 
158 205 
158 324 
158 114 
158 159 
158 108 
158 493 
158 66 
158 99 
158 75 
158 428 
158 451 
158 463 
158 375 
158 267 
158 528 
158 251 
158 478 
158 72 
158 49 
158 168 
158 300 
158 424 
158 513 
158 19 
158 4 
158 123 
158 401 
158 345 
158 410 
158 295 
158 440 
158 307 
158 96 
158 489 
158 52 
158 53 
158 143 
158 36 
158 202 
158 246 
158 216 
158 467 
158 408 
158 443 
158 342 
158 200 
158 63 
158 252 
158 97 
158 169 
158 175 
158 465 
158 279 
158 248 
158 421 
158 102 
158 69 
158 184 
159 447 
159 476 
159 201 
159 139 
159 28 
159 74 
159 75 
159 377 
159 257 
159 193 
159 370 
159 359 
159 143 
159 112 
159 297 
159 51 
159 499 
159 113 
159 155 
159 502 
159 435 
159 13 
159 405 
159 450 
159 525 
159 309 
159 136 
159 109 
159 217 
159 156 
159 486 
159 286 
159 311 
159 436 
159 160 
159 334 
159 188 
159 228 
159 368 
159 303 
159 142 
159 231 
159 80 
159 5 
159 183 
159 296 
159 500 
159 254 
159 213 
159 426 
159 197 
159 278 
159 409 
159 271 
159 273 
159 236 
159 329 
159 199 
159 347 
159 116 
159 528 
159 318 
159 395 
159 372 
159 390 
159 115 
159 376 
159 77 
159 171 
159 215 
159 460 
159 276 
159 464 
159 79 
159 379 
159 429 
159 48 
159 87 
159 121 
159 471 
159 64 
159 288 
159 441 
159 383 
159 399 
159 461 
159 148 
159 84 
159 16 
159 219 
159 186 
159 226 
159 168 
159 387 
159 326 
159 196 
159 277 
159 507 
159 420 
159 403 
159 282 
159 375 
159 506 
159 194 
159 17 
159 470 
159 519 
159 158 
159 322 
159 37 
159 513 
159 355 
159 30 
159 439 
159 174 
159 101 
159 47 
159 493 
159 360 
159 187 
159 256 
159 69 
159 449 
159 401 
159 161 
159 130 
159 117 
159 44 
159 71 
159 522 
159 344 
159 6 
159 451 
159 398 
159 207 
159 455 
159 250 
159 454 
159 249 
159 212 
159 25 
159 480 
159 114 
159 83 
159 343 
159 301 
159 46 
159 328 
159 270 
159 255 
159 138 
159 453 
160 116 
160 15 
160 129 
160 55 
160 443 
160 175 
160 8 
160 505 
160 192 
160 280 
160 454 
160 334 
160 509 
160 372 
160 6 
160 218 
160 421 
160 313 
160 361 
160 142 
160 381 
160 287 
160 387 
160 500 
160 155 
160 63 
160 136 
160 26 
160 378 
160 221 
160 4 
160 118 
160 432 
160 32 
160 76 
160 410 
160 321 
160 172 
160 323 
160 49 
160 183 
160 181 
160 430 
160 427 
160 173 
160 153 
160 133 
160 159 
160 252 
160 354 
160 489 
160 20 
160 191 
160 210 
160 326 
160 232 
160 514 
160 431 
160 72 
160 38 
160 93 
160 513 
160 28 
160 374 
160 242 
160 352 
160 65 
160 47 
160 201 
160 107 
160 138 
160 308 
160 384 
160 464 
160 22 
160 285 
160 336 
160 451 
160 305 
160 200 
160 265 
160 246 
160 477 
160 230 
160 499 
160 345 
160 382 
160 465 
160 224 
160 350 
160 292 
160 409 
160 525 
160 143 
160 51 
160 426 
160 495 
160 518 
160 356 
160 36 
160 298 
160 35 
160 452 
160 488 
160 437 
160 325 
160 237 
160 332 
160 253 
160 302 
160 324 
160 78 
160 171 
160 275 
160 461 
160 53 
160 470 
160 117 
160 228 
160 249 
160 154 
160 184 
160 458 
160 82 
160 460 
160 320 
160 315 
160 257 
160 112 
160 486 
160 447 
160 75 
160 360 
160 449 
161 141 
161 423 
161 17 
161 223 
161 504 
161 32 
161 425 
161 2 
161 263 
161 290 
161 299 
161 513 
161 174 
161 411 
161 204 
161 390 
161 258 
161 531 
161 37 
161 402 
161 366 
161 267 
161 520 
161 491 
161 355 
161 276 
161 315 
161 516 
161 528 
161 372 
161 273 
161 96 
161 247 
161 46 
161 127 
161 446 
161 91 
161 374 
161 526 
161 435 
161 156 
161 474 
161 110 
161 429 
161 260 
161 252 
161 236 
161 342 
161 188 
161 409 
161 384 
161 124 
161 274 
161 490 
161 64 
161 137 
161 367 
161 74 
161 94 
161 233 
161 69 
161 196 
161 93 
161 430 
161 36 
161 218 
161 56 
161 192 
161 437 
161 463 
161 147 
161 20 
161 85 
161 401 
161 118 
161 157 
161 14 
161 341 
161 244 
161 494 
161 370 
161 84 
161 457 
161 405 
161 181 
161 400 
161 286 
161 467 
161 383 
161 111 
161 508 
161 183 
161 253 
161 294 
161 126 
161 19 
161 228 
161 451 
161 165 
161 333 
161 376 
161 109 
161 458 
161 391 
161 205 
161 468 
161 475 
161 338 
161 254 
161 217 
161 98 
161 92 
161 398 
161 162 
161 75 
161 52 
161 45 
161 152 
161 219 
161 426 
161 33 
161 413 
161 9 
161 436 
161 159 
161 388 
161 500 
161 221 
161 4 
161 41 
161 410 
161 530 
161 512 
161 60 
161 339 
161 72 
161 245 
161 452 
161 479 
161 506 
161 211 
161 378 
161 335 
161 497 
161 380 
161 469 
161 334 
161 336 
161 259 
161 185 
161 297 
161 340 
161 527 
161 251 
161 113 
161 112 
161 385 
161 421 
161 397 
161 368 
161 403 
161 31 
161 395 
161 454 
161 7 
161 235 
161 171 
161 153 
161 101 
161 488 
162 317 
162 519 
162 352 
162 94 
162 278 
162 334 
162 471 
162 325 
162 462 
162 261 
162 153 
162 43 
162 95 
162 364 
162 76 
162 472 
162 349 
162 475 
162 328 
162 15 
162 109 
162 372 
162 34 
162 289 
162 120 
162 201 
162 134 
162 426 
162 37 
162 264 
162 33 
162 275 
162 13 
162 221 
162 200 
162 390 
162 494 
162 346 
162 392 
162 350 
162 170 
162 217 
162 127 
162 422 
162 332 
162 455 
162 62 
162 241 
162 115 
162 6 
162 474 
162 229 
162 477 
162 86 
162 292 
162 421 
162 63 
162 174 
162 412 
162 247 
162 427 
162 461 
162 443 
162 293 
162 368 
162 22 
162 351 
162 257 
162 150 
162 244 
162 321 
162 484 
162 64 
162 369 
162 258 
162 282 
162 306 
162 214 
162 121 
162 59 
162 69 
162 330 
162 38 
162 418 
162 498 
162 515 
162 522 
162 476 
162 437 
162 425 
162 366 
162 365 
162 149 
162 270 
162 147 
162 391 
162 386 
162 19 
162 460 
162 400 
162 16 
162 459 
162 402 
162 320 
162 81 
162 207 
162 126 
162 14 
162 175 
162 358 
162 371 
162 313 
162 161 
162 123 
162 316 
162 245 
162 228 
162 243 
162 163 
162 178 
162 523 
162 518 
162 335 
162 90 
162 0 
162 199 
162 256 
162 184 
162 468 
162 465 
162 290 
162 331 
162 186 
162 56 
162 25 
162 329 
162 492 
162 464 
162 299 
162 251 
162 138 
162 380 
162 1 
162 3 
162 176 
162 51 
162 408 
162 116 
162 454 
162 83 
162 322 
162 262 
162 18 
162 516 
162 407 
162 356 
162 133 
163 65 
163 433 
163 28 
163 422 
163 501 
163 335 
163 136 
163 238 
163 116 
163 408 
163 30 
163 386 
163 32 
163 16 
163 452 
163 305 
163 267 
163 43 
163 382 
163 194 
163 134 
163 200 
163 89 
163 421 
163 80 
163 337 
163 526 
163 196 
163 360 
163 244 
163 499 
163 213 
163 403 
163 321 
163 519 
163 152 
163 3 
163 251 
163 458 
163 29 
163 236 
163 485 
163 348 
163 331 
163 95 
163 222 
163 320 
163 225 
163 233 
163 296 
163 88 
163 171 
163 441 
163 92 
163 489 
163 319 
163 325 
163 167 
163 94 
163 55 
163 459 
163 31 
163 56 
163 219 
163 10 
163 227 
163 206 
163 445 
163 158 
163 155 
163 91 
163 223 
163 278 
163 322 
163 203 
163 448 
163 293 
163 117 
163 423 
163 402 
163 504 
163 42 
163 369 
163 309 
163 232 
163 349 
163 419 
163 506 
163 427 
163 141 
163 483 
163 105 
163 111 
163 505 
163 271 
163 249 
163 347 
163 468 
163 165 
163 317 
163 344 
163 431 
163 99 
163 139 
163 456 
163 356 
163 157 
163 123 
163 523 
163 199 
163 151 
163 79 
163 510 
163 466 
163 398 
163 381 
163 226 
163 444 
163 346 
163 530 
163 254 
163 162 
163 156 
163 513 
163 354 
163 214 
163 112 
163 51 
163 201 
163 507 
163 492 
163 275 
163 301 
163 190 
163 515 
163 146 
163 380 
163 400 
163 430 
163 231 
163 49 
163 426 
163 234 
163 357 
163 415 
163 235 
163 133 
163 435 
163 2 
163 132 
163 363 
163 502 
163 7 
163 397 
163 260 
163 469 
163 355 
163 340 
163 494 
163 0 
163 401 
163 265 
164 518 
164 241 
164 212 
164 395 
164 465 
164 185 
164 452 
164 83 
164 417 
164 343 
164 270 
164 116 
164 503 
164 233 
164 100 
164 243 
164 375 
164 70 
164 74 
164 410 
164 419 
164 529 
164 469 
164 457 
164 297 
164 389 
164 345 
164 495 
164 58 
164 20 
164 95 
164 451 
164 314 
164 41 
164 513 
164 459 
164 414 
164 285 
164 432 
164 282 
164 340 
164 267 
164 188 
164 397 
164 461 
164 494 
164 60 
164 65 
164 333 
164 466 
164 254 
164 512 
164 312 
164 479 
164 157 
164 277 
164 144 
164 2 
164 320 
164 133 
164 514 
164 526 
164 214 
164 43 
164 379 
164 18 
164 176 
164 351 
164 302 
164 62 
164 473 
164 471 
164 199 
164 198 
164 114 
164 336 
164 201 
164 129 
164 447 
164 531 
164 35 
164 140 
164 130 
164 281 
164 19 
164 194 
164 358 
164 222 
164 416 
164 174 
164 99 
164 498 
164 337 
164 341 
164 11 
164 50 
164 377 
164 304 
164 147 
164 378 
164 206 
164 353 
164 396 
164 441 
164 128 
164 411 
164 102 
164 404 
164 519 
164 326 
164 505 
164 406 
164 187 
164 426 
164 387 
164 360 
164 259 
164 464 
164 436 
164 257 
164 142 
164 192 
164 347 
164 78 
164 409 
164 521 
164 448 
164 342 
164 483 
164 183 
164 30 
164 21 
164 168 
164 245 
164 348 
164 119 
164 328 
164 26 
164 504 
164 118 
164 98 
164 487 
164 520 
164 69 
164 220 
164 460 
164 361 
164 318 
164 14 
164 44 
164 300 
164 352 
164 279 
164 266 
164 412 
164 10 
165 125 
165 123 
165 503 
165 44 
165 510 
165 508 
165 93 
165 447 
165 293 
165 140 
165 285 
165 167 
165 273 
165 7 
165 180 
165 158 
165 253 
165 24 
165 97 
165 30 
165 19 
165 449 
165 76 
165 175 
165 372 
165 218 
165 283 
165 493 
165 476 
165 40 
165 129 
165 18 
165 99 
165 132 
165 16 
165 354 
165 80 
165 230 
165 357 
165 38 
165 118 
165 156 
165 176 
165 109 
165 250 
165 145 
165 199 
165 226 
165 377 
165 247 
165 101 
165 15 
165 513 
165 146 
165 51 
165 60 
165 475 
165 433 
165 425 
165 128 
165 376 
165 65 
165 91 
165 134 
165 228 
165 141 
165 62 
165 397 
165 468 
165 26 
165 333 
165 213 
165 59 
165 41 
165 453 
165 82 
165 107 
165 100 
165 470 
165 27 
165 477 
165 46 
165 330 
165 303 
165 177 
165 117 
165 482 
165 195 
165 4 
165 33 
165 268 
165 352 
165 1 
165 345 
165 144 
165 34 
165 316 
165 487 
165 443 
165 363 
165 413 
165 411 
165 334 
165 289 
165 248 
165 525 
165 430 
165 163 
165 79 
165 517 
165 215 
165 124 
165 320 
165 284 
165 184 
165 43 
165 328 
165 161 
165 381 
165 225 
165 497 
165 322 
165 492 
165 201 
165 332 
165 181 
165 309 
165 491 
165 402 
165 237 
165 87 
165 300 
165 527 
165 323 
165 431 
165 13 
165 458 
165 356 
165 344 
165 472 
165 462 
165 187 
165 70 
165 270 
165 149 
165 207 
165 301 
165 263 
165 422 
165 325 
165 499 
165 198 
165 255 
165 490 
165 307 
165 359 
165 416 
165 235 
165 496 
165 57 
165 531 
165 271 
165 31 
165 20 
165 294 
165 222 
165 92 
166 420 
166 193 
166 490 
166 227 
166 147 
166 500 
166 194 
166 140 
166 406 
166 203 
166 467 
166 47 
166 72 
166 474 
166 465 
166 68 
166 243 
166 78 
166 149 
166 29 
166 112 
166 264 
166 129 
166 273 
166 412 
166 185 
166 329 
166 131 
166 448 
166 381 
166 349 
166 456 
166 269 
166 442 
166 128 
166 261 
166 40 
166 512 
166 502 
166 446 
166 356 
166 158 
166 75 
166 296 
166 91 
166 22 
166 384 
166 421 
166 244 
166 484 
166 444 
166 338 
166 481 
166 307 
166 173 
166 518 
166 196 
166 390 
166 183 
166 354 
166 494 
166 472 
166 135 
166 385 
166 249 
166 471 
166 462 
166 116 
166 351 
166 241 
166 65 
166 181 
166 168 
166 20 
166 276 
166 403 
166 172 
166 305 
166 154 
166 259 
166 345 
166 327 
166 44 
166 66 
166 178 
166 204 
166 525 
166 496 
166 321 
166 32 
166 246 
166 451 
166 460 
166 395 
166 25 
166 290 
166 488 
166 198 
166 350 
166 320 
166 213 
166 453 
166 285 
166 219 
166 127 
166 50 
166 247 
166 132 
166 120 
166 83 
166 450 
166 146 
166 231 
166 254 
166 497 
166 85 
166 367 
166 157 
166 9 
166 332 
166 58 
166 137 
166 526 
166 205 
166 325 
166 301 
166 352 
166 417 
166 191 
166 103 
166 333 
166 35 
166 232 
166 353 
166 286 
166 229 
166 228 
166 188 
166 267 
166 59 
166 184 
166 501 
166 250 
166 469 
166 155 
166 189 
166 410 
166 262 
166 311 
166 253 
167 516 
167 98 
167 409 
167 235 
167 29 
167 123 
167 275 
167 341 
167 258 
167 165 
167 513 
167 204 
167 208 
167 316 
167 239 
167 509 
167 404 
167 468 
167 63 
167 309 
167 270 
167 213 
167 3 
167 318 
167 53 
167 119 
167 176 
167 218 
167 415 
167 6 
167 39 
167 219 
167 421 
167 135 
167 132 
167 40 
167 210 
167 7 
167 386 
167 145 
167 353 
167 431 
167 477 
167 184 
167 32 
167 136 
167 90 
167 348 
167 45 
167 88 
167 351 
167 390 
167 284 
167 254 
167 292 
167 334 
167 230 
167 321 
167 331 
167 97 
167 174 
167 49 
167 163 
167 92 
167 106 
167 80 
167 8 
167 5 
167 21 
167 127 
167 304 
167 476 
167 355 
167 78 
167 343 
167 231 
167 205 
167 237 
167 4 
167 170 
167 18 
167 19 
167 58 
167 72 
167 432 
167 505 
167 317 
167 217 
167 77 
167 366 
167 191 
167 114 
167 79 
167 259 
167 64 
167 372 
167 338 
167 82 
167 453 
167 523 
167 319 
167 498 
167 193 
167 484 
167 382 
167 89 
167 400 
167 356 
167 497 
167 408 
167 330 
167 336 
167 281 
167 311 
167 422 
167 20 
167 373 
167 485 
167 377 
167 286 
167 420 
167 272 
167 279 
167 247 
167 83 
167 427 
167 196 
167 243 
167 105 
167 107 
167 280 
167 216 
167 153 
167 378 
167 203 
167 48 
167 481 
167 227 
167 440 
167 299 
167 185 
167 73 
167 526 
167 482 
167 15 
167 285 
167 169 
167 117 
167 192 
167 433 
167 283 
167 320 
167 198 
167 461 
167 33 
167 359 
167 459 
167 446 
167 267 
167 407 
167 474 
167 61 
167 490 
167 483 
167 245 
167 314 
167 194 
167 467 
168 134 
168 281 
168 219 
168 421 
168 113 
168 53 
168 471 
168 296 
168 364 
168 332 
168 491 
168 195 
168 366 
168 393 
168 122 
168 302 
168 190 
168 125 
168 69 
168 49 
168 45 
168 136 
168 452 
168 518 
168 417 
168 15 
168 379 
168 2 
168 384 
168 153 
168 4 
168 516 
168 16 
168 464 
168 340 
168 99 
168 201 
168 252 
168 40 
168 55 
168 375 
168 242 
168 297 
168 312 
168 431 
168 278 
168 57 
168 12 
168 187 
168 107 
168 213 
168 0 
168 260 
168 177 
168 11 
168 43 
168 166 
168 119 
168 356 
168 289 
168 124 
168 314 
168 483 
168 98 
168 347 
168 335 
168 208 
168 352 
168 192 
168 51 
168 288 
168 194 
168 528 
168 93 
168 142 
168 299 
168 373 
168 429 
168 399 
168 231 
168 269 
168 425 
168 243 
168 275 
168 303 
168 128 
168 78 
168 437 
168 46 
168 505 
168 31 
168 494 
168 351 
168 365 
168 406 
168 159 
168 387 
168 81 
168 385 
168 508 
168 100 
168 18 
168 376 
168 338 
168 204 
168 306 
168 456 
168 462 
168 248 
168 279 
168 236 
168 316 
168 317 
168 412 
168 8 
168 115 
168 174 
168 441 
168 249 
168 149 
168 65 
168 86 
168 32 
168 147 
168 256 
168 477 
168 413 
168 404 
168 175 
168 118 
168 164 
168 158 
168 495 
168 307 
168 290 
168 355 
168 521 
168 56 
168 19 
168 36 
168 114 
168 322 
168 374 
168 217 
168 6 
168 132 
168 512 
168 253 
168 519 
168 361 
168 64 
168 117 
168 239 
168 390 
168 222 
168 7 
168 271 
168 274 
168 170 
169 411 
169 320 
169 431 
169 116 
169 265 
169 439 
169 347 
169 139 
169 133 
169 348 
169 32 
169 13 
169 333 
169 244 
169 257 
169 336 
169 390 
169 279 
169 399 
169 331 
169 232 
169 77 
169 283 
169 156 
169 378 
169 144 
169 227 
169 16 
169 261 
169 73 
169 359 
169 134 
169 456 
169 81 
169 499 
169 383 
169 260 
169 455 
169 490 
169 285 
169 521 
169 274 
169 210 
169 42 
169 171 
169 389 
169 339 
169 513 
169 352 
169 110 
169 386 
169 186 
169 235 
169 75 
169 254 
169 236 
169 21 
169 492 
169 346 
169 368 
169 183 
169 71 
169 93 
169 484 
169 350 
169 87 
169 442 
169 49 
169 216 
169 191 
169 100 
169 217 
169 282 
169 218 
169 154 
169 213 
169 424 
169 358 
169 105 
169 37 
169 96 
169 414 
169 20 
169 417 
169 429 
169 179 
169 35 
169 33 
169 182 
169 452 
169 409 
169 321 
169 276 
169 310 
169 145 
169 222 
169 531 
169 419 
169 113 
169 325 
169 296 
169 373 
169 82 
169 315 
169 302 
169 375 
169 503 
169 426 
169 318 
169 129 
169 167 
169 192 
169 395 
169 338 
169 174 
169 204 
169 466 
169 157 
169 138 
169 6 
169 225 
169 365 
169 4 
169 384 
169 136 
169 175 
169 117 
169 238 
169 262 
169 493 
169 15 
169 60 
169 14 
169 245 
169 158 
169 297 
169 277 
169 272 
169 250 
170 458 
170 36 
170 401 
170 85 
170 465 
170 479 
170 72 
170 289 
170 434 
170 305 
170 265 
170 6 
170 61 
170 521 
170 151 
170 35 
170 256 
170 380 
170 49 
170 427 
170 367 
170 301 
170 45 
170 236 
170 263 
170 330 
170 147 
170 490 
170 131 
170 102 
170 189 
170 406 
170 201 
170 234 
170 210 
170 84 
170 31 
170 317 
170 398 
170 224 
170 202 
170 283 
170 162 
170 208 
170 122 
170 119 
170 297 
170 228 
170 115 
170 361 
170 242 
170 527 
170 292 
170 344 
170 105 
170 428 
170 294 
170 184 
170 502 
170 334 
170 140 
170 385 
170 507 
170 243 
170 59 
170 349 
170 461 
170 251 
170 326 
170 78 
170 47 
170 357 
170 241 
170 19 
170 154 
170 167 
170 282 
170 514 
170 447 
170 51 
170 324 
170 333 
170 503 
170 60 
170 153 
170 288 
170 494 
170 188 
170 410 
170 459 
170 520 
170 136 
170 178 
170 339 
170 467 
170 370 
170 323 
170 452 
170 316 
170 522 
170 268 
170 320 
170 346 
170 363 
170 138 
170 529 
170 505 
170 171 
170 295 
170 285 
170 470 
170 80 
170 66 
170 277 
170 96 
170 433 
170 481 
170 240 
170 392 
170 9 
170 155 
170 415 
170 340 
170 181 
170 116 
170 403 
170 338 
170 15 
170 118 
170 95 
170 156 
170 106 
170 76 
170 337 
170 75 
170 187 
170 358 
170 183 
170 185 
170 227 
170 279 
170 284 
170 4 
170 509 
170 456 
170 32 
170 127 
170 303 
170 117 
170 269 
170 217 
170 278 
170 449 
170 111 
170 513 
170 314 
170 519 
170 157 
170 149 
170 5 
170 438 
170 220 
170 388 
170 365 
170 469 
170 374 
170 112 
170 397 
170 168 
170 425 
170 215 
170 238 
171 390 
171 156 
171 211 
171 90 
171 409 
171 445 
171 472 
171 294 
171 346 
171 33 
171 56 
171 279 
171 120 
171 195 
171 54 
171 83 
171 461 
171 47 
171 91 
171 420 
171 187 
171 257 
171 513 
171 307 
171 481 
171 11 
171 250 
171 150 
171 7 
171 122 
171 253 
171 462 
171 64 
171 348 
171 422 
171 455 
171 207 
171 138 
171 310 
171 335 
171 10 
171 5 
171 198 
171 12 
171 163 
171 128 
171 254 
171 233 
171 85 
171 504 
171 497 
171 452 
171 363 
171 44 
171 169 
171 272 
171 263 
171 39 
171 239 
171 435 
171 144 
171 95 
171 125 
171 59 
171 509 
171 487 
171 153 
171 17 
171 314 
171 159 
171 449 
171 476 
171 111 
171 529 
171 77 
171 224 
171 463 
171 457 
171 511 
171 276 
171 178 
171 430 
171 474 
171 133 
171 204 
171 403 
171 25 
171 170 
171 456 
171 298 
171 172 
171 523 
171 42 
171 284 
171 15 
171 116 
171 444 
171 416 
171 269 
171 237 
171 275 
171 179 
171 71 
171 293 
171 209 
171 160 
171 426 
171 134 
171 352 
171 402 
171 136 
171 105 
171 485 
171 372 
171 260 
171 139 
171 327 
171 328 
171 387 
171 35 
171 155 
171 450 
171 55 
171 285 
171 417 
171 74 
171 427 
171 146 
171 296 
171 124 
171 161 
171 200 
171 375 
171 210 
171 98 
172 397 
172 206 
172 287 
172 61 
172 418 
172 268 
172 337 
172 514 
172 522 
172 201 
172 52 
172 481 
172 54 
172 247 
172 472 
172 508 
172 222 
172 117 
172 42 
172 31 
172 495 
172 369 
172 262 
172 375 
172 331 
172 398 
172 120 
172 156 
172 173 
172 211 
172 160 
172 459 
172 191 
172 250 
172 482 
172 234 
172 248 
172 176 
172 368 
172 265 
172 439 
172 80 
172 506 
172 271 
172 349 
172 17 
172 355 
172 467 
172 41 
172 285 
172 466 
172 104 
172 392 
172 449 
172 474 
172 155 
172 35 
172 105 
172 444 
172 96 
172 15 
172 23 
172 145 
172 197 
172 25 
172 289 
172 175 
172 302 
172 74 
172 377 
172 10 
172 166 
172 530 
172 388 
172 294 
172 298 
172 484 
172 103 
172 51 
172 139 
172 516 
172 257 
172 297 
172 362 
172 473 
172 360 
172 115 
172 443 
172 346 
172 6 
172 112 
172 87 
172 5 
172 328 
172 525 
172 196 
172 451 
172 63 
172 40 
172 202 
172 14 
172 22 
172 478 
172 53 
172 109 
172 293 
172 123 
172 491 
172 471 
172 133 
172 501 
172 39 
172 138 
172 488 
172 26 
172 520 
172 171 
172 529 
172 315 
172 463 
172 288 
172 477 
172 296 
172 517 
172 403 
172 409 
172 387 
172 119 
172 348 
172 509 
172 62 
172 147 
172 303 
172 301 
172 90 
172 308 
172 292 
172 497 
172 183 
172 127 
172 317 
172 479 
172 407 
172 60 
172 46 
172 490 
172 469 
172 221 
172 427 
172 135 
172 455 
172 12 
172 36 
172 18 
172 57 
172 195 
172 465 
172 30 
172 441 
172 100 
172 419 
172 330 
173 529 
173 198 
173 219 
173 125 
173 480 
173 114 
173 441 
173 5 
173 497 
173 385 
173 477 
173 90 
173 7 
173 366 
173 9 
173 279 
173 247 
173 75 
173 479 
173 121 
173 98 
173 413 
173 390 
173 505 
173 409 
173 172 
173 211 
173 302 
173 377 
173 474 
173 160 
173 68 
173 454 
173 92 
173 522 
173 99 
173 192 
173 54 
173 461 
173 41 
173 166 
173 32 
173 97 
173 333 
173 502 
173 145 
173 60 
173 243 
173 493 
173 374 
173 93 
173 23 
173 495 
173 380 
173 468 
173 425 
173 326 
173 503 
173 501 
173 72 
173 8 
173 236 
173 389 
173 248 
173 482 
173 202 
173 276 
173 71 
173 456 
173 362 
173 408 
173 106 
173 481 
173 258 
173 94 
173 521 
173 327 
173 208 
173 141 
173 338 
173 183 
173 264 
173 78 
173 453 
173 266 
173 411 
173 130 
173 483 
173 293 
173 263 
173 116 
173 496 
173 153 
173 186 
173 138 
173 180 
173 440 
173 376 
173 332 
173 150 
173 473 
173 119 
173 275 
173 372 
173 434 
173 489 
173 82 
173 67 
173 407 
173 52 
173 322 
173 379 
173 24 
173 459 
173 257 
173 231 
173 1 
173 527 
173 449 
173 346 
173 18 
173 432 
173 42 
173 115 
173 294 
173 475 
173 84 
173 467 
173 146 
173 136 
173 447 
173 305 
173 203 
173 237 
173 443 
173 10 
173 174 
173 47 
173 340 
173 260 
173 530 
173 70 
173 73 
173 438 
173 108 
173 345 
173 402 
174 452 
174 61 
174 95 
174 332 
174 328 
174 260 
174 481 
174 51 
174 50 
174 445 
174 367 
174 78 
174 74 
174 161 
174 102 
174 154 
174 331 
174 337 
174 338 
174 478 
174 444 
174 351 
174 318 
174 357 
174 110 
174 63 
174 69 
174 495 
174 513 
174 477 
174 72 
174 247 
174 44 
174 258 
174 296 
174 54 
174 123 
174 127 
174 306 
174 520 
174 363 
174 80 
174 75 
174 29 
174 419 
174 182 
174 432 
174 230 
174 101 
174 77 
174 133 
174 187 
174 167 
174 490 
174 370 
174 460 
174 188 
174 19 
174 399 
174 364 
174 239 
174 140 
174 117 
174 312 
174 218 
174 393 
174 162 
174 314 
174 281 
174 336 
174 466 
174 354 
174 361 
174 360 
174 468 
174 531 
174 311 
174 400 
174 316 
174 118 
174 7 
174 164 
174 453 
174 198 
174 299 
174 138 
174 449 
174 503 
174 59 
174 529 
174 274 
174 254 
174 246 
174 447 
174 489 
174 358 
174 225 
174 47 
174 191 
174 365 
174 410 
174 103 
174 212 
174 521 
174 276 
174 4 
174 215 
174 524 
174 326 
174 288 
174 355 
174 222 
174 440 
174 231 
174 175 
174 381 
174 476 
174 289 
174 159 
174 37 
174 295 
174 238 
174 146 
174 168 
174 27 
174 115 
174 131 
174 192 
174 204 
174 105 
174 315 
174 109 
174 423 
174 323 
174 48 
174 451 
174 345 
174 39 
174 250 
174 143 
174 169 
174 125 
174 99 
174 73 
174 71 
174 126 
174 484 
174 403 
174 93 
174 416 
174 81 
174 173 
174 193 
174 57 
174 155 
174 302 
174 353 
174 185 
174 459 
175 160 
175 510 
175 156 
175 109 
175 512 
175 355 
175 128 
175 73 
175 464 
175 106 
175 205 
175 215 
175 352 
175 458 
175 165 
175 145 
175 100 
175 301 
175 407 
175 377 
175 509 
175 149 
175 119 
175 11 
175 350 
175 365 
175 379 
175 338 
175 240 
175 334 
175 348 
175 386 
175 265 
175 12 
175 66 
175 72 
175 58 
175 299 
175 35 
175 497 
175 77 
175 16 
175 353 
175 181 
175 376 
175 395 
175 244 
175 471 
175 484 
175 423 
175 489 
175 473 
175 384 
175 418 
175 182 
175 305 
175 524 
175 444 
175 6 
175 53 
175 194 
175 226 
175 189 
175 183 
175 172 
175 342 
175 278 
175 442 
175 38 
175 201 
175 83 
175 91 
175 176 
175 463 
175 371 
175 280 
175 39 
175 329 
175 249 
175 478 
175 445 
175 410 
175 424 
175 120 
175 412 
175 405 
175 469 
175 57 
175 284 
175 282 
175 69 
175 178 
175 255 
175 351 
175 174 
175 118 
175 507 
175 481 
175 378 
175 162 
175 62 
175 392 
175 186 
175 210 
175 459 
175 495 
175 152 
175 185 
175 266 
175 262 
175 413 
175 274 
175 400 
175 254 
175 438 
175 361 
175 316 
175 403 
175 211 
175 46 
175 54 
175 1 
175 168 
175 44 
175 56 
175 337 
175 29 
175 209 
175 347 
175 452 
175 26 
175 416 
175 527 
175 5 
175 24 
175 17 
175 151 
175 169 
175 370 
175 9 
175 219 
175 124 
175 477 
175 328 
175 358 
175 259 
175 457 
175 206 
175 293 
175 202 
175 158 
175 21 
175 234 
175 251 
175 190 
175 450 
176 152 
176 312 
176 354 
176 495 
176 248 
176 59 
176 307 
176 331 
176 449 
176 241 
176 387 
176 137 
176 191 
176 220 
176 501 
176 251 
176 4 
176 318 
176 206 
176 434 
176 246 
176 270 
176 242 
176 51 
176 254 
176 286 
176 167 
176 461 
176 165 
176 144 
176 77 
176 136 
176 68 
176 225 
176 231 
176 506 
176 410 
176 258 
176 105 
176 172 
176 3 
176 271 
176 310 
176 447 
176 499 
176 89 
176 322 
176 95 
176 366 
176 347 
176 455 
176 365 
176 383 
176 48 
176 458 
176 15 
176 316 
176 294 
176 41 
176 469 
176 164 
176 139 
176 497 
176 188 
176 364 
176 14 
176 517 
176 99 
176 100 
176 368 
176 397 
176 352 
176 464 
176 243 
176 178 
176 374 
176 175 
176 370 
176 400 
176 456 
176 492 
176 78 
176 484 
176 108 
176 396 
176 60 
176 216 
176 96 
176 45 
176 56 
176 338 
176 488 
176 429 
176 527 
176 196 
176 72 
176 148 
176 295 
176 29 
176 125 
176 384 
176 264 
176 153 
176 55 
176 388 
176 487 
176 249 
176 182 
176 194 
176 306 
176 222 
176 439 
176 25 
176 205 
176 203 
176 406 
176 470 
176 341 
176 378 
176 392 
176 389 
176 460 
176 420 
176 121 
176 287 
176 336 
176 198 
176 280 
176 186 
176 441 
176 226 
176 300 
176 228 
176 438 
176 21 
176 75 
176 86 
176 367 
176 414 
176 344 
176 57 
176 149 
176 260 
176 199 
176 193 
176 53 
176 0 
176 521 
176 436 
176 162 
176 467 
176 91 
176 63 
176 296 
176 123 
176 311 
176 380 
176 319 
176 16 
176 201 
176 409 
176 357 
176 284 
176 82 
176 531 
177 463 
177 366 
177 476 
177 496 
177 70 
177 243 
177 30 
177 64 
177 313 
177 432 
177 464 
177 308 
177 397 
177 275 
177 58 
177 219 
177 344 
177 311 
177 37 
177 389 
177 482 
177 1 
177 240 
177 140 
177 36 
177 377 
177 209 
177 443 
177 255 
177 73 
177 395 
177 113 
177 52 
177 181 
177 18 
177 279 
177 390 
177 244 
177 80 
177 54 
177 317 
177 78 
177 472 
177 289 
177 334 
177 528 
177 434 
177 526 
177 320 
177 327 
177 422 
177 374 
177 198 
177 246 
177 45 
177 168 
177 261 
177 310 
177 215 
177 44 
177 486 
177 188 
177 447 
177 60 
177 217 
177 439 
177 409 
177 165 
177 349 
177 468 
177 305 
177 158 
177 466 
177 124 
177 214 
177 457 
177 322 
177 72 
177 282 
177 350 
177 438 
177 186 
177 252 
177 88 
177 47 
177 82 
177 470 
177 210 
177 274 
177 156 
177 269 
177 90 
177 405 
177 367 
177 201 
177 307 
177 394 
177 380 
177 253 
177 74 
177 234 
177 227 
177 146 
177 524 
177 459 
177 221 
177 256 
177 280 
177 144 
177 96 
177 108 
177 89 
177 448 
177 360 
177 183 
177 130 
177 361 
177 75 
177 441 
177 225 
177 519 
177 14 
177 335 
177 488 
177 2 
177 12 
177 398 
177 200 
177 359 
177 427 
177 484 
177 515 
177 79 
177 278 
177 38 
177 399 
177 431 
177 419 
177 178 
177 154 
177 241 
177 97 
177 312 
177 517 
177 435 
177 451 
177 195 
177 242 
177 138 
177 345 
177 61 
177 9 
177 235 
177 503 
177 499 
177 295 
177 357 
177 429 
177 21 
177 426 
177 83 
177 347 
177 400 
177 333 
177 145 
177 192 
178 470 
178 222 
178 316 
178 305 
178 313 
178 246 
178 44 
178 151 
178 397 
178 463 
178 13 
178 314 
178 270 
178 278 
178 264 
178 187 
178 156 
178 79 
178 194 
178 317 
178 108 
178 530 
178 32 
178 518 
178 492 
178 325 
178 110 
178 130 
178 5 
178 502 
178 50 
178 24 
178 426 
178 183 
178 157 
178 357 
178 92 
178 139 
178 204 
178 420 
178 95 
178 306 
178 102 
178 53 
178 4 
178 48 
178 327 
178 338 
178 219 
178 16 
178 439 
178 361 
178 330 
178 474 
178 71 
178 309 
178 512 
178 206 
178 192 
178 184 
178 158 
178 268 
178 26 
178 2 
178 221 
178 308 
178 144 
178 478 
178 78 
178 227 
178 484 
178 419 
178 490 
178 225 
178 20 
178 229 
178 244 
178 436 
178 517 
178 321 
178 362 
178 37 
178 340 
178 527 
178 176 
178 297 
178 248 
178 529 
178 39 
178 166 
178 148 
178 526 
178 528 
178 61 
178 508 
178 383 
178 448 
178 149 
178 170 
178 171 
178 504 
178 45 
178 185 
178 374 
178 399 
178 0 
178 353 
178 106 
178 469 
178 111 
178 105 
178 3 
178 263 
178 113 
178 175 
178 57 
178 459 
178 201 
178 376 
178 402 
178 418 
178 99 
178 179 
178 273 
178 348 
178 276 
178 40 
178 120 
178 188 
178 283 
178 162 
178 509 
178 485 
178 258 
178 142 
178 223 
178 368 
178 46 
178 177 
178 96 
178 329 
178 82 
178 291 
178 242 
178 241 
178 307 
178 272 
178 115 
178 274 
178 132 
178 405 
178 207 
178 38 
178 525 
178 380 
178 213 
178 449 
178 461 
178 127 
178 190 
178 216 
178 462 
178 404 
178 256 
178 498 
178 152 
178 260 
178 341 
178 423 
178 69 
178 233 
179 133 
179 154 
179 472 
179 507 
179 335 
179 88 
179 364 
179 113 
179 225 
179 251 
179 403 
179 25 
179 351 
179 119 
179 257 
179 397 
179 60 
179 356 
179 390 
179 16 
179 104 
179 129 
179 306 
179 204 
179 268 
179 288 
179 415 
179 525 
179 502 
179 410 
179 263 
179 416 
179 72 
179 344 
179 130 
179 337 
179 516 
179 523 
179 448 
179 202 
179 271 
179 138 
179 236 
179 329 
179 284 
179 487 
179 196 
179 182 
179 459 
179 92 
179 353 
179 331 
179 315 
179 522 
179 267 
179 126 
179 438 
179 115 
179 467 
179 455 
179 256 
179 362 
179 483 
179 370 
179 374 
179 8 
179 110 
179 457 
179 239 
179 500 
179 389 
179 101 
179 190 
179 275 
179 148 
179 340 
179 464 
179 223 
179 97 
179 111 
179 422 
179 336 
179 120 
179 508 
179 297 
179 224 
179 216 
179 117 
179 442 
179 231 
179 458 
179 498 
179 169 
179 399 
179 305 
179 58 
179 198 
179 384 
179 453 
179 431 
179 124 
179 272 
179 178 
179 10 
179 449 
179 499 
179 51 
179 388 
179 205 
179 171 
179 131 
179 322 
179 477 
179 505 
179 466 
179 300 
179 57 
179 211 
179 54 
179 73 
179 82 
179 309 
179 414 
179 227 
179 234 
179 320 
179 269 
179 294 
179 70 
179 139 
179 348 
179 109 
179 132 
179 122 
179 392 
179 347 
179 474 
179 313 
179 518 
180 129 
180 374 
180 400 
180 74 
180 421 
180 1 
180 78 
180 460 
180 307 
180 219 
180 55 
180 165 
180 290 
180 436 
180 209 
180 31 
180 503 
180 376 
180 498 
180 295 
180 258 
180 21 
180 402 
180 511 
180 431 
180 353 
180 343 
180 62 
180 299 
180 68 
180 497 
180 336 
180 154 
180 314 
180 358 
180 281 
180 474 
180 420 
180 360 
180 231 
180 263 
180 144 
180 44 
180 118 
180 359 
180 344 
180 479 
180 9 
180 259 
180 397 
180 502 
180 303 
180 465 
180 410 
180 234 
180 273 
180 204 
180 480 
180 364 
180 356 
180 438 
180 435 
180 79 
180 457 
180 274 
180 514 
180 40 
180 99 
180 451 
180 453 
180 352 
180 52 
180 468 
180 141 
180 325 
180 287 
180 313 
180 108 
180 278 
180 221 
180 197 
180 222 
180 331 
180 466 
180 416 
180 348 
180 240 
180 81 
180 377 
180 173 
180 508 
180 136 
180 75 
180 110 
180 196 
180 113 
180 385 
180 341 
180 442 
180 411 
180 342 
180 191 
180 148 
180 18 
180 490 
180 115 
180 50 
180 372 
180 67 
180 122 
180 272 
180 329 
180 357 
180 227 
180 12 
180 198 
180 256 
180 139 
180 48 
180 275 
180 207 
180 386 
180 134 
180 398 
180 117 
180 27 
180 123 
180 218 
180 249 
180 330 
180 529 
180 513 
180 228 
180 401 
180 459 
180 186 
180 157 
180 35 
180 437 
180 97 
180 32 
180 288 
180 267 
180 349 
180 531 
181 443 
181 302 
181 62 
181 223 
181 392 
181 86 
181 1 
181 158 
181 295 
181 50 
181 193 
181 48 
181 288 
181 512 
181 67 
181 339 
181 297 
181 54 
181 340 
181 30 
181 307 
181 350 
181 395 
181 347 
181 202 
181 28 
181 183 
181 531 
181 449 
181 345 
181 81 
181 102 
181 177 
181 207 
181 160 
181 333 
181 301 
181 511 
181 175 
181 229 
181 215 
181 147 
181 156 
181 338 
181 208 
181 5 
181 358 
181 166 
181 326 
181 206 
181 426 
181 182 
181 464 
181 530 
181 278 
181 488 
181 453 
181 213 
181 478 
181 124 
181 256 
181 432 
181 51 
181 474 
181 161 
181 212 
181 342 
181 354 
181 29 
181 427 
181 480 
181 386 
181 265 
181 513 
181 502 
181 390 
181 401 
181 251 
181 240 
181 118 
181 529 
181 89 
181 55 
181 293 
181 257 
181 99 
181 441 
181 165 
181 186 
181 8 
181 283 
181 242 
181 226 
181 313 
181 13 
181 501 
181 468 
181 218 
181 521 
181 170 
181 503 
181 210 
181 434 
181 91 
181 291 
181 87 
181 93 
181 458 
181 191 
181 410 
181 101 
181 405 
181 361 
181 187 
181 524 
181 411 
181 481 
181 85 
181 309 
181 194 
181 324 
181 222 
181 196 
181 106 
181 109 
181 190 
181 11 
181 248 
181 492 
181 127 
181 409 
181 329 
181 422 
181 138 
181 250 
181 154 
181 264 
181 269 
181 88 
181 281 
181 375 
181 63 
181 217 
181 444 
181 431 
181 353 
181 406 
182 284 
182 89 
182 428 
182 232 
182 143 
182 48 
182 334 
182 148 
182 443 
182 487 
182 447 
182 24 
182 146 
182 502 
182 490 
182 157 
182 376 
182 60 
182 18 
182 345 
182 248 
182 363 
182 215 
182 115 
182 50 
182 34 
182 461 
182 251 
182 54 
182 214 
182 449 
182 201 
182 356 
182 407 
182 244 
182 510 
182 324 
182 40 
182 158 
182 20 
182 41 
182 384 
182 85 
182 422 
182 226 
182 153 
182 174 
182 130 
182 179 
182 9 
182 481 
182 380 
182 12 
182 175 
182 262 
182 265 
182 416 
182 116 
182 13 
182 305 
182 255 
182 402 
182 409 
182 489 
182 221 
182 458 
182 389 
182 396 
182 442 
182 181 
182 471 
182 213 
182 23 
182 260 
182 358 
182 477 
182 118 
182 520 
182 94 
182 352 
182 366 
182 411 
182 223 
182 8 
182 388 
182 120 
182 344 
182 288 
182 379 
182 501 
182 331 
182 11 
182 205 
182 291 
182 503 
182 252 
182 429 
182 22 
182 349 
182 438 
182 413 
182 197 
182 322 
182 283 
182 36 
182 176 
182 430 
182 517 
182 325 
182 27 
182 453 
182 342 
182 169 
182 346 
182 209 
182 117 
182 332 
182 14 
182 5 
182 491 
182 30 
182 49 
182 83 
182 488 
182 338 
182 347 
182 513 
182 19 
182 189 
182 524 
182 387 
182 315 
182 470 
182 37 
182 210 
182 78 
182 249 
182 103 
182 228 
182 150 
182 21 
182 498 
182 76 
182 452 
182 58 
182 294 
182 125 
182 304 
182 39 
182 421 
182 67 
182 484 
183 105 
183 235 
183 526 
183 117 
183 151 
183 393 
183 437 
183 71 
183 407 
183 124 
183 58 
183 16 
183 212 
183 122 
183 432 
183 524 
183 242 
183 329 
183 134 
183 341 
183 113 
183 295 
183 178 
183 335 
183 28 
183 181 
183 219 
183 308 
183 312 
183 316 
183 454 
183 278 
183 160 
183 99 
183 502 
183 378 
183 223 
183 517 
183 154 
183 383 
183 159 
183 115 
183 232 
183 448 
183 272 
183 268 
183 27 
183 521 
183 150 
183 166 
183 19 
183 431 
183 400 
183 327 
183 463 
183 384 
183 470 
183 520 
183 90 
183 324 
183 175 
183 84 
183 439 
183 66 
183 169 
183 98 
183 501 
183 138 
183 363 
183 512 
183 76 
183 111 
183 85 
183 1 
183 0 
183 385 
183 243 
183 495 
183 441 
183 401 
183 173 
183 161 
183 530 
183 250 
183 436 
183 103 
183 149 
183 75 
183 129 
183 514 
183 213 
183 334 
183 325 
183 123 
183 262 
183 379 
183 445 
183 220 
183 259 
183 95 
183 193 
183 477 
183 199 
183 177 
183 282 
183 306 
183 478 
183 255 
183 303 
183 29 
183 396 
183 188 
183 96 
183 5 
183 315 
183 24 
183 170 
183 164 
183 194 
183 87 
183 253 
183 185 
183 106 
183 172 
183 287 
183 360 
183 215 
183 79 
183 25 
183 310 
183 157 
183 155 
183 211 
183 319 
183 140 
183 444 
183 340 
183 493 
183 63 
183 94 
183 519 
183 147 
183 143 
183 225 
183 248 
183 371 
183 468 
183 281 
183 375 
183 302 
184 429 
184 439 
184 46 
184 292 
184 453 
184 222 
184 145 
184 242 
184 194 
184 124 
184 40 
184 75 
184 414 
184 454 
184 318 
184 519 
184 85 
184 91 
184 65 
184 488 
184 227 
184 449 
184 363 
184 272 
184 104 
184 255 
184 185 
184 154 
184 138 
184 508 
184 24 
184 498 
184 167 
184 470 
184 146 
184 199 
184 67 
184 345 
184 278 
184 30 
184 425 
184 191 
184 54 
184 110 
184 358 
184 266 
184 279 
184 368 
184 483 
184 190 
184 436 
184 102 
184 384 
184 125 
184 246 
184 178 
184 127 
184 129 
184 70 
184 435 
184 463 
184 412 
184 81 
184 467 
184 450 
184 529 
184 215 
184 170 
184 305 
184 490 
184 271 
184 371 
184 419 
184 496 
184 375 
184 352 
184 379 
184 212 
184 111 
184 189 
184 445 
184 530 
184 355 
184 218 
184 480 
184 23 
184 63 
184 207 
184 165 
184 36 
184 457 
184 504 
184 139 
184 113 
184 338 
184 267 
184 78 
184 155 
184 350 
184 229 
184 150 
184 17 
184 325 
184 351 
184 289 
184 320 
184 475 
184 452 
184 370 
184 202 
184 347 
184 336 
184 235 
184 476 
184 123 
184 486 
184 121 
184 94 
184 520 
184 364 
184 460 
184 438 
184 433 
184 247 
184 326 
184 142 
184 162 
184 211 
184 34 
184 260 
184 274 
184 160 
184 42 
184 298 
184 485 
184 95 
184 426 
184 291 
184 420 
184 166 
184 209 
184 252 
184 71 
184 387 
184 461 
184 193 
184 343 
184 8 
184 206 
184 348 
184 269 
184 478 
184 158 
184 53 
184 108 
184 221 
184 361 
185 216 
185 1 
185 452 
185 458 
185 164 
185 196 
185 520 
185 436 
185 405 
185 373 
185 97 
185 131 
185 356 
185 206 
185 495 
185 270 
185 514 
185 21 
185 114 
185 141 
185 361 
185 154 
185 84 
185 475 
185 166 
185 108 
185 410 
185 202 
185 307 
185 284 
185 80 
185 341 
185 488 
185 331 
185 470 
185 398 
185 368 
185 344 
185 416 
185 296 
185 395 
185 94 
185 497 
185 105 
185 498 
185 282 
185 184 
185 481 
185 491 
185 462 
185 134 
185 200 
185 332 
185 362 
185 152 
185 22 
185 204 
185 156 
185 111 
185 281 
185 35 
185 371 
185 92 
185 103 
185 279 
185 90 
185 265 
185 98 
185 146 
185 317 
185 8 
185 27 
185 527 
185 432 
185 355 
185 128 
185 233 
185 469 
185 129 
185 293 
185 400 
185 142 
185 463 
185 271 
185 426 
185 262 
185 407 
185 389 
185 109 
185 278 
185 530 
185 364 
185 0 
185 43 
185 412 
185 58 
185 512 
185 63 
185 110 
185 433 
185 50 
185 466 
185 423 
185 178 
185 272 
185 65 
185 117 
185 2 
185 294 
185 383 
185 62 
185 266 
185 231 
185 82 
185 434 
185 312 
185 445 
185 303 
185 197 
185 175 
185 260 
185 235 
185 521 
185 120 
185 18 
185 40 
185 34 
185 313 
185 259 
185 190 
185 245 
185 75 
185 93 
185 170 
185 328 
185 42 
185 83 
185 183 
185 343 
185 261 
185 363 
185 167 
185 453 
185 155 
185 337 
185 88 
185 17 
185 139 
185 223 
185 415 
185 33 
185 161 
185 474 
185 89 
185 499 
185 404 
185 422 
185 305 
185 36 
185 224 
185 359 
185 61 
185 72 
185 91 
185 115 
185 459 
185 174 
186 460 
186 84 
186 484 
186 105 
186 121 
186 47 
186 34 
186 456 
186 448 
186 342 
186 472 
186 481 
186 506 
186 62 
186 63 
186 476 
186 137 
186 4 
186 459 
186 81 
186 6 
186 524 
186 83 
186 410 
186 312 
186 156 
186 501 
186 300 
186 311 
186 13 
186 487 
186 517 
186 518 
186 314 
186 257 
186 420 
186 202 
186 230 
186 117 
186 332 
186 526 
186 335 
186 387 
186 91 
186 292 
186 64 
186 396 
186 496 
186 328 
186 234 
186 100 
186 474 
186 344 
186 33 
186 54 
186 281 
186 322 
186 317 
186 457 
186 359 
186 153 
186 493 
186 169 
186 411 
186 260 
186 495 
186 365 
186 391 
186 492 
186 509 
186 299 
186 372 
186 306 
186 336 
186 432 
186 73 
186 177 
186 17 
186 82 
186 19 
186 214 
186 414 
186 469 
186 446 
186 473 
186 380 
186 303 
186 242 
186 159 
186 114 
186 468 
186 522 
186 525 
186 376 
186 69 
186 173 
186 319 
186 433 
186 76 
186 189 
186 390 
186 417 
186 191 
186 505 
186 398 
186 298 
186 209 
186 204 
186 181 
186 439 
186 320 
186 175 
186 255 
186 218 
186 256 
186 27 
186 123 
186 96 
186 140 
186 428 
186 176 
186 247 
186 93 
186 142 
186 46 
186 67 
186 441 
186 499 
186 225 
186 29 
186 388 
186 383 
186 162 
186 265 
186 238 
186 222 
186 236 
186 94 
186 426 
186 315 
186 497 
186 302 
186 403 
186 68 
186 442 
186 318 
186 110 
186 305 
186 122 
186 393 
186 438 
186 425 
186 180 
186 286 
186 514 
186 421 
186 71 
186 45 
186 436 
186 57 
186 381 
186 90 
186 316 
187 195 
187 69 
187 468 
187 359 
187 482 
187 440 
187 79 
187 209 
187 178 
187 171 
187 82 
187 344 
187 362 
187 70 
187 130 
187 191 
187 189 
187 7 
187 268 
187 462 
187 193 
187 56 
187 497 
187 257 
187 263 
187 201 
187 9 
187 17 
187 342 
187 297 
187 146 
187 249 
187 463 
187 363 
187 512 
187 312 
187 510 
187 236 
187 412 
187 55 
187 525 
187 255 
187 227 
187 25 
187 174 
187 389 
187 281 
187 168 
187 95 
187 475 
187 106 
187 30 
187 116 
187 241 
187 385 
187 139 
187 192 
187 117 
187 410 
187 48 
187 287 
187 215 
187 153 
187 455 
187 137 
187 6 
187 469 
187 27 
187 73 
187 230 
187 156 
187 152 
187 458 
187 444 
187 327 
187 18 
187 438 
187 148 
187 264 
187 301 
187 329 
187 353 
187 237 
187 115 
187 11 
187 321 
187 220 
187 347 
187 270 
187 214 
187 345 
187 495 
187 330 
187 367 
187 35 
187 98 
187 164 
187 58 
187 218 
187 299 
187 453 
187 46 
187 501 
187 500 
187 429 
187 159 
187 491 
187 464 
187 238 
187 101 
187 397 
187 154 
187 430 
187 92 
187 333 
187 50 
187 170 
187 32 
187 165 
187 390 
187 436 
187 452 
187 457 
187 108 
187 49 
187 266 
187 181 
187 136 
187 247 
187 364 
187 369 
187 531 
187 37 
187 206 
187 530 
187 274 
187 40 
187 122 
187 72 
187 147 
187 65 
187 197 
187 123 
187 293 
187 371 
187 36 
187 496 
187 45 
187 66 
187 28 
187 379 
187 141 
187 251 
187 337 
187 217 
187 445 
187 402 
187 431 
188 22 
188 1 
188 215 
188 296 
188 65 
188 377 
188 158 
188 378 
188 502 
188 510 
188 261 
188 30 
188 525 
188 288 
188 191 
188 194 
188 114 
188 308 
188 59 
188 284 
188 224 
188 285 
188 102 
188 91 
188 133 
188 290 
188 450 
188 37 
188 323 
188 164 
188 444 
188 399 
188 517 
188 361 
188 250 
188 105 
188 299 
188 159 
188 461 
188 313 
188 350 
188 511 
188 107 
188 318 
188 315 
188 278 
188 149 
188 462 
188 103 
188 27 
188 161 
188 115 
188 10 
188 341 
188 520 
188 200 
188 515 
188 174 
188 89 
188 432 
188 176 
188 53 
188 229 
188 352 
188 110 
188 177 
188 509 
188 294 
188 221 
188 196 
188 324 
188 55 
188 72 
188 348 
188 265 
188 93 
188 381 
188 73 
188 439 
188 524 
188 256 
188 41 
188 395 
188 249 
188 301 
188 170 
188 25 
188 199 
188 519 
188 331 
188 473 
188 201 
188 451 
188 51 
188 100 
188 268 
188 384 
188 342 
188 3 
188 335 
188 404 
188 400 
188 464 
188 501 
188 304 
188 14 
188 99 
188 417 
188 120 
188 505 
188 57 
188 253 
188 437 
188 239 
188 143 
188 272 
188 449 
188 445 
188 339 
188 316 
188 317 
188 178 
188 183 
188 38 
188 336 
188 124 
188 386 
188 147 
188 23 
188 85 
188 362 
188 56 
188 2 
188 469 
188 257 
188 36 
188 297 
188 117 
188 62 
188 220 
188 266 
188 244 
188 32 
188 166 
188 456 
188 82 
188 52 
188 208 
188 428 
188 282 
188 225 
188 430 
188 240 
188 330 
188 453 
188 487 
188 254 
188 231 
188 508 
188 346 
188 523 
188 503 
188 424 
188 309 
188 75 
188 40 
188 465 
189 478 
189 423 
189 344 
189 518 
189 240 
189 84 
189 216 
189 464 
189 297 
189 95 
189 451 
189 339 
189 122 
189 316 
189 150 
189 86 
189 472 
189 224 
189 78 
189 250 
189 187 
189 418 
189 512 
189 510 
189 170 
189 63 
189 75 
189 32 
189 18 
189 299 
189 206 
189 469 
189 79 
189 273 
189 495 
189 141 
189 406 
189 248 
189 190 
189 439 
189 514 
189 491 
189 253 
189 365 
189 110 
189 364 
189 432 
189 460 
189 251 
189 456 
189 99 
189 175 
189 281 
189 379 
189 217 
189 126 
189 311 
189 57 
189 401 
189 347 
189 127 
189 328 
189 466 
189 53 
189 413 
189 184 
189 479 
189 242 
189 371 
189 263 
189 525 
189 388 
189 29 
189 488 
189 136 
189 60 
189 391 
189 504 
189 45 
189 186 
189 515 
189 531 
189 505 
189 399 
189 193 
189 138 
189 389 
189 152 
189 247 
189 425 
189 148 
189 73 
189 26 
189 530 
189 481 
189 382 
189 234 
189 457 
189 226 
189 220 
189 280 
189 356 
189 209 
189 426 
189 91 
189 410 
189 14 
189 228 
189 259 
189 106 
189 36 
189 256 
189 156 
189 338 
189 16 
189 113 
189 182 
189 249 
189 69 
189 437 
189 476 
189 312 
189 448 
189 477 
189 499 
189 361 
189 355 
189 358 
189 166 
189 459 
189 372 
189 332 
189 214 
189 76 
189 199 
189 142 
189 377 
189 386 
190 353 
190 72 
190 250 
190 103 
190 318 
190 417 
190 115 
190 489 
190 249 
190 311 
190 473 
190 37 
190 379 
190 18 
190 469 
190 92 
190 474 
190 168 
190 206 
190 323 
190 82 
190 447 
190 362 
190 225 
190 503 
190 427 
190 521 
190 401 
190 73 
190 83 
190 502 
190 435 
190 88 
190 46 
190 265 
190 510 
190 480 
190 409 
190 5 
190 486 
190 527 
190 189 
190 487 
190 39 
190 470 
190 184 
190 207 
190 235 
190 214 
190 118 
190 157 
190 454 
190 273 
190 68 
190 390 
190 33 
190 523 
190 269 
190 315 
190 382 
190 476 
190 431 
190 281 
190 278 
190 397 
190 67 
190 40 
190 152 
190 198 
190 383 
190 263 
190 71 
190 372 
190 15 
190 158 
190 87 
190 84 
190 240 
190 179 
190 426 
190 120 
190 9 
190 282 
190 270 
190 291 
190 322 
190 425 
190 380 
190 38 
190 411 
190 448 
190 491 
190 424 
190 7 
190 25 
190 124 
190 193 
190 334 
190 450 
190 394 
190 365 
190 276 
190 110 
190 342 
190 49 
190 95 
190 146 
190 11 
190 228 
190 143 
190 444 
190 32 
190 327 
190 23 
190 283 
190 462 
190 122 
190 63 
190 518 
190 284 
190 357 
190 130 
190 257 
190 129 
190 388 
190 101 
190 422 
190 60 
190 345 
190 449 
190 185 
190 227 
190 438 
190 19 
190 163 
190 295 
190 90 
190 299 
190 456 
190 432 
190 58 
190 387 
190 123 
190 36 
190 363 
190 181 
190 441 
190 277 
190 134 
190 343 
190 234 
190 497 
190 354 
190 440 
190 239 
190 356 
190 285 
190 352 
190 451 
190 178 
190 266 
190 211 
190 367 
190 243 
190 59 
190 517 
190 293 
190 364 
190 175 
191 439 
191 296 
191 259 
191 477 
191 104 
191 132 
191 22 
191 176 
191 328 
191 425 
191 324 
191 75 
191 531 
191 499 
191 126 
191 28 
191 420 
191 352 
191 188 
191 292 
191 192 
191 244 
191 336 
191 521 
191 187 
191 432 
191 55 
191 43 
191 481 
191 149 
191 447 
191 70 
191 478 
191 287 
191 505 
191 410 
191 516 
191 224 
191 506 
191 281 
191 146 
191 172 
191 273 
191 29 
191 462 
191 374 
191 294 
191 147 
191 184 
191 160 
191 66 
191 500 
191 213 
191 269 
191 245 
191 14 
191 63 
191 490 
191 194 
191 342 
191 373 
191 225 
191 8 
191 239 
191 2 
191 453 
191 376 
191 390 
191 407 
191 59 
191 387 
191 10 
191 47 
191 18 
191 155 
191 82 
191 429 
191 473 
191 303 
191 262 
191 54 
191 58 
191 479 
191 349 
191 484 
191 381 
191 167 
191 364 
191 331 
191 112 
191 169 
191 345 
191 230 
191 247 
191 208 
191 127 
191 144 
191 220 
191 174 
191 329 
191 145 
191 97 
191 309 
191 122 
191 288 
191 23 
191 398 
191 186 
191 218 
191 83 
191 454 
191 148 
191 522 
191 156 
191 237 
191 6 
191 140 
191 199 
191 368 
191 180 
191 406 
191 211 
191 408 
191 435 
191 366 
191 166 
191 181 
191 330 
191 118 
191 201 
191 367 
191 111 
191 354 
191 151 
191 488 
191 93 
191 61 
191 74 
191 234 
191 290 
191 441 
191 123 
191 215 
191 3 
191 307 
191 264 
191 359 
191 222 
191 258 
191 221 
191 238 
191 42 
191 299 
191 487 
191 27 
192 115 
192 424 
192 277 
192 12 
192 160 
192 454 
192 269 
192 146 
192 211 
192 82 
192 24 
192 310 
192 9 
192 520 
192 399 
192 36 
192 294 
192 525 
192 455 
192 191 
192 371 
192 519 
192 120 
192 157 
192 243 
192 365 
192 503 
192 346 
192 467 
192 305 
192 238 
192 423 
192 474 
192 95 
192 226 
192 119 
192 27 
192 405 
192 279 
192 506 
192 158 
192 426 
192 435 
192 91 
192 330 
192 28 
192 339 
192 414 
192 173 
192 382 
192 434 
192 383 
192 40 
192 7 
192 422 
192 488 
192 32 
192 25 
192 345 
192 274 
192 314 
192 42 
192 296 
192 178 
192 373 
192 41 
192 470 
192 2 
192 5 
192 187 
192 401 
192 131 
192 398 
192 359 
192 273 
192 116 
192 161 
192 168 
192 320 
192 133 
192 48 
192 84 
192 90 
192 348 
192 350 
192 311 
192 8 
192 239 
192 439 
192 21 
192 362 
192 117 
192 415 
192 522 
192 43 
192 409 
192 333 
192 480 
192 397 
192 111 
192 334 
192 518 
192 326 
192 216 
192 370 
192 291 
192 476 
192 110 
192 30 
192 510 
192 388 
192 142 
192 431 
192 16 
192 353 
192 93 
192 367 
192 89 
192 417 
192 278 
192 300 
192 433 
192 241 
192 19 
192 489 
192 507 
192 280 
192 531 
192 164 
192 200 
192 193 
192 340 
192 206 
192 174 
192 74 
192 153 
192 244 
192 13 
192 303 
192 135 
192 376 
192 240 
192 261 
192 449 
192 266 
192 486 
192 500 
192 169 
192 65 
192 221 
192 302 
192 167 
192 102 
192 416 
192 34 
192 328 
192 445 
192 427 
192 126 
192 105 
192 526 
192 268 
192 284 
192 31 
192 528 
192 57 
192 224 
192 156 
192 39 
192 97 
192 252 
192 297 
192 357 
192 227 
192 276 
192 177 
192 289 
192 23 
192 213 
192 150 
192 292 
193 461 
193 379 
193 477 
193 58 
193 514 
193 166 
193 202 
193 505 
193 326 
193 372 
193 411 
193 315 
193 203 
193 159 
193 23 
193 181 
193 409 
193 511 
193 327 
193 83 
193 378 
193 213 
193 41 
193 463 
193 127 
193 219 
193 271 
193 474 
193 187 
193 253 
193 0 
193 263 
193 515 
193 331 
193 197 
193 426 
193 318 
193 268 
193 156 
193 469 
193 436 
193 404 
193 239 
193 109 
193 3 
193 7 
193 358 
193 111 
193 142 
193 33 
193 306 
193 88 
193 473 
193 84 
193 207 
193 91 
193 61 
193 90 
193 223 
193 22 
193 322 
193 460 
193 366 
193 364 
193 291 
193 243 
193 362 
193 194 
193 440 
193 314 
193 480 
193 425 
193 504 
193 319 
193 133 
193 196 
193 403 
193 250 
193 27 
193 467 
193 414 
193 506 
193 298 
193 52 
193 70 
193 493 
193 214 
193 295 
193 125 
193 499 
193 412 
193 205 
193 137 
193 393 
193 479 
193 279 
193 167 
193 455 
193 465 
193 365 
193 190 
193 19 
193 522 
193 296 
193 4 
193 435 
193 65 
193 105 
193 67 
193 183 
193 189 
193 494 
193 50 
193 141 
193 347 
193 407 
193 106 
193 9 
193 228 
193 373 
193 154 
193 349 
193 325 
193 482 
193 192 
193 343 
193 309 
193 421 
193 510 
193 86 
193 269 
193 217 
193 526 
193 503 
193 527 
193 523 
193 389 
193 290 
193 120 
193 387 
193 237 
193 384 
193 520 
193 417 
193 220 
193 232 
193 40 
193 394 
193 459 
193 176 
193 257 
193 497 
193 496 
193 221 
193 481 
193 145 
193 251 
193 333 
193 68 
193 184 
193 174 
193 472 
193 307 
193 209 
193 488 
193 528 
193 135 
193 129 
194 366 
194 237 
194 150 
194 343 
194 301 
194 24 
194 316 
194 80 
194 326 
194 48 
194 166 
194 422 
194 184 
194 528 
194 443 
194 178 
194 188 
194 197 
194 279 
194 104 
194 419 
194 275 
194 163 
194 4 
194 261 
194 379 
194 205 
194 132 
194 69 
194 378 
194 147 
194 290 
194 384 
194 463 
194 417 
194 59 
194 407 
194 309 
194 225 
194 426 
194 211 
194 41 
194 298 
194 100 
194 35 
194 513 
194 31 
194 440 
194 402 
194 471 
194 456 
194 493 
194 364 
194 389 
194 202 
194 201 
194 92 
194 191 
194 96 
194 362 
194 300 
194 216 
194 372 
194 269 
194 306 
194 175 
194 81 
194 212 
194 98 
194 1 
194 472 
194 514 
194 286 
194 193 
194 285 
194 103 
194 28 
194 168 
194 265 
194 482 
194 141 
194 503 
194 268 
194 154 
194 164 
194 429 
194 520 
194 302 
194 487 
194 381 
194 521 
194 459 
194 227 
194 68 
194 428 
194 126 
194 85 
194 32 
194 273 
194 399 
194 512 
194 86 
194 501 
194 107 
194 7 
194 403 
194 176 
194 243 
194 424 
194 214 
194 54 
194 159 
194 361 
194 356 
194 36 
194 318 
194 71 
194 228 
194 435 
194 70 
194 267 
194 308 
194 56 
194 142 
194 234 
194 441 
194 427 
194 454 
194 88 
194 144 
194 292 
194 183 
194 515 
194 462 
194 475 
194 52 
194 383 
194 145 
194 486 
194 492 
194 109 
194 20 
194 518 
194 34 
194 346 
194 465 
194 181 
194 352 
194 523 
194 199 
194 431 
194 450 
194 219 
194 375 
194 252 
194 2 
194 74 
194 134 
194 146 
194 106 
194 411 
194 233 
194 137 
194 303 
194 138 
194 270 
194 345 
194 167 
195 0 
195 525 
195 187 
195 138 
195 425 
195 100 
195 54 
195 297 
195 139 
195 357 
195 171 
195 343 
195 487 
195 332 
195 354 
195 168 
195 68 
195 302 
195 65 
195 106 
195 115 
195 298 
195 406 
195 40 
195 291 
195 89 
195 120 
195 394 
195 387 
195 1 
195 438 
195 308 
195 267 
195 396 
195 214 
195 421 
195 416 
195 351 
195 66 
195 356 
195 386 
195 230 
195 234 
195 39 
195 447 
195 152 
195 491 
195 457 
195 489 
195 259 
195 493 
195 131 
195 143 
195 34 
195 37 
195 528 
195 215 
195 88 
195 55 
195 105 
195 101 
195 306 
195 157 
195 301 
195 236 
195 102 
195 324 
195 108 
195 379 
195 243 
195 74 
195 432 
195 210 
195 336 
195 213 
195 427 
195 280 
195 314 
195 165 
195 300 
195 99 
195 233 
195 269 
195 290 
195 27 
195 221 
195 346 
195 63 
195 381 
195 315 
195 3 
195 71 
195 407 
195 199 
195 53 
195 434 
195 347 
195 118 
195 292 
195 142 
195 80 
195 264 
195 507 
195 431 
195 25 
195 289 
195 2 
195 69 
195 311 
195 116 
195 97 
195 265 
195 61 
195 479 
195 43 
195 16 
195 18 
195 46 
195 136 
195 411 
195 273 
195 375 
195 401 
195 359 
195 521 
195 469 
195 219 
195 196 
195 127 
195 95 
195 107 
195 403 
195 33 
195 529 
195 348 
195 85 
195 73 
195 326 
195 513 
195 325 
195 378 
195 335 
195 362 
195 42 
195 492 
195 177 
195 392 
195 129 
195 305 
195 501 
195 24 
195 441 
195 75 
195 223 
195 197 
195 253 
195 365 
195 38 
195 23 
195 172 
195 389 
196 216 
196 490 
196 10 
196 511 
196 422 
196 185 
196 5 
196 493 
196 409 
196 288 
196 18 
196 505 
196 122 
196 427 
196 107 
196 448 
196 530 
196 440 
196 23 
196 114 
196 137 
196 396 
196 1 
196 294 
196 424 
196 468 
196 92 
196 321 
196 397 
196 163 
196 15 
196 247 
196 214 
196 425 
196 89 
196 431 
196 66 
196 210 
196 259 
196 82 
196 341 
196 388 
196 281 
196 284 
196 143 
196 17 
196 158 
196 239 
196 308 
196 179 
196 488 
196 96 
196 166 
196 447 
196 271 
196 41 
196 43 
196 372 
196 58 
196 202 
196 528 
196 12 
196 95 
196 318 
196 390 
196 316 
196 45 
196 72 
196 87 
196 392 
196 188 
196 161 
196 477 
196 208 
196 432 
196 232 
196 108 
196 418 
196 467 
196 479 
196 193 
196 416 
196 64 
196 391 
196 356 
196 503 
196 497 
196 59 
196 265 
196 172 
196 176 
196 364 
196 401 
196 152 
196 106 
196 86 
196 229 
196 407 
196 461 
196 159 
196 62 
196 471 
196 342 
196 344 
196 13 
196 433 
196 63 
196 201 
196 180 
196 350 
196 460 
196 417 
196 44 
196 228 
196 244 
196 55 
196 412 
196 125 
196 167 
196 319 
196 237 
196 220 
196 130 
196 117 
196 438 
196 454 
196 366 
196 195 
196 127 
196 145 
196 264 
196 53 
196 211 
196 506 
196 326 
196 275 
196 298 
196 516 
196 386 
196 157 
196 181 
196 496 
196 487 
196 258 
196 457 
196 353 
196 67 
196 132 
196 254 
196 227 
196 21 
196 419 
196 2 
196 11 
196 26 
197 121 
197 118 
197 241 
197 123 
197 250 
197 489 
197 141 
197 44 
197 508 
197 298 
197 483 
197 194 
197 265 
197 126 
197 520 
197 63 
197 127 
197 317 
197 11 
197 130 
197 55 
197 71 
197 146 
197 426 
197 131 
197 287 
197 469 
197 256 
197 479 
197 193 
197 387 
197 437 
197 293 
197 466 
197 277 
197 40 
197 150 
197 409 
197 211 
197 425 
197 153 
197 390 
197 380 
197 514 
197 399 
197 458 
197 91 
197 34 
197 234 
197 282 
197 403 
197 159 
197 304 
197 208 
197 103 
197 261 
197 64 
197 232 
197 111 
197 424 
197 281 
197 240 
197 348 
197 75 
197 497 
197 172 
197 485 
197 388 
197 109 
197 32 
197 315 
197 217 
197 419 
197 274 
197 506 
197 310 
197 231 
197 46 
197 94 
197 134 
197 95 
197 499 
197 299 
197 400 
197 495 
197 322 
197 523 
197 430 
197 283 
197 180 
197 291 
197 311 
197 223 
197 302 
197 66 
197 392 
197 203 
197 182 
197 363 
197 331 
197 429 
197 338 
197 47 
197 332 
197 56 
197 467 
197 125 
197 375 
197 221 
197 313 
197 185 
197 411 
197 416 
197 449 
197 383 
197 305 
197 85 
197 453 
197 263 
197 8 
197 314 
197 434 
197 43 
197 83 
197 446 
197 362 
197 325 
197 496 
197 463 
197 285 
197 505 
197 336 
197 96 
197 92 
197 511 
197 154 
197 354 
197 371 
197 408 
197 407 
197 99 
197 148 
197 518 
197 187 
197 219 
197 462 
197 352 
197 376 
197 209 
197 116 
197 61 
197 195 
197 120 
197 272 
198 305 
198 504 
198 499 
198 435 
198 75 
198 173 
198 39 
198 20 
198 447 
198 130 
198 12 
198 414 
198 201 
198 287 
198 434 
198 261 
198 78 
198 291 
198 354 
198 415 
198 452 
198 244 
198 55 
198 510 
198 42 
198 417 
198 531 
198 86 
198 463 
198 312 
198 63 
198 350 
198 262 
198 302 
198 279 
198 449 
198 424 
198 61 
198 472 
198 232 
198 506 
198 411 
198 340 
198 243 
198 171 
198 420 
198 337 
198 123 
198 389 
198 525 
198 396 
198 332 
198 69 
198 486 
198 493 
198 296 
198 470 
198 177 
198 521 
198 259 
198 485 
198 254 
198 24 
198 80 
198 247 
198 164 
198 257 
198 364 
198 264 
198 515 
198 333 
198 274 
198 492 
198 490 
198 406 
198 436 
198 51 
198 318 
198 190 
198 326 
198 519 
198 482 
198 21 
198 367 
198 237 
198 174 
198 67 
198 136 
198 347 
198 1 
198 33 
198 166 
198 37 
198 153 
198 46 
198 129 
198 425 
198 277 
198 202 
198 115 
198 474 
198 393 
198 489 
198 386 
198 346 
198 266 
198 74 
198 298 
198 40 
198 158 
198 216 
198 228 
198 217 
198 432 
198 317 
198 316 
198 361 
198 260 
198 477 
198 459 
198 301 
198 179 
198 484 
198 319 
198 114 
198 491 
198 138 
198 366 
198 154 
198 462 
198 50 
198 26 
198 223 
198 180 
198 235 
198 66 
198 348 
198 483 
198 176 
198 349 
198 478 
198 441 
198 306 
198 227 
198 453 
198 450 
198 205 
198 330 
198 399 
198 522 
198 135 
198 468 
198 117 
198 294 
198 165 
198 73 
198 429 
198 133 
198 310 
198 509 
198 44 
198 246 
198 236 
198 167 
198 299 
198 107 
198 242 
198 208 
198 303 
198 31 
198 405 
198 383 
198 95 
198 345 
198 221 
198 224 
198 338 
198 418 
198 60 
198 6 
198 368 
199 486 
199 296 
199 286 
199 434 
199 410 
199 300 
199 292 
199 113 
199 497 
199 506 
199 36 
199 445 
199 394 
199 38 
199 115 
199 223 
199 423 
199 18 
199 243 
199 416 
199 523 
199 448 
199 97 
199 91 
199 165 
199 376 
199 528 
199 333 
199 48 
199 431 
199 221 
199 328 
199 481 
199 78 
199 184 
199 346 
199 95 
199 490 
199 359 
199 13 
199 265 
199 446 
199 473 
199 127 
199 158 
199 19 
199 57 
199 530 
199 375 
199 72 
199 117 
199 278 
199 159 
199 82 
199 520 
199 11 
199 453 
199 451 
199 258 
199 215 
199 71 
199 164 
199 283 
199 419 
199 309 
199 260 
199 426 
199 301 
199 475 
199 529 
199 342 
199 195 
199 364 
199 272 
199 384 
199 401 
199 238 
199 101 
199 74 
199 514 
199 188 
199 289 
199 153 
199 206 
199 163 
199 322 
199 334 
199 353 
199 347 
199 46 
199 489 
199 50 
199 147 
199 321 
199 371 
199 403 
199 112 
199 68 
199 183 
199 304 
199 204 
199 116 
199 354 
199 81 
199 191 
199 30 
199 330 
199 461 
199 102 
199 8 
199 284 
199 527 
199 288 
199 370 
199 261 
199 201 
199 358 
199 482 
199 379 
199 130 
199 100 
199 29 
199 162 
199 141 
199 386 
199 325 
199 449 
199 133 
199 389 
199 94 
199 329 
199 9 
199 263 
199 399 
199 367 
199 176 
199 485 
199 382 
199 437 
199 144 
199 425 
199 194 
199 209 
199 142 
199 56 
199 467 
199 220 
199 28 
199 361 
199 377 
199 492 
199 107 
199 512 
199 151 
199 189 
199 339 
200 218 
200 52 
200 280 
200 75 
200 115 
200 473 
200 252 
200 154 
200 266 
200 399 
200 148 
200 330 
200 112 
200 345 
200 29 
200 144 
200 377 
200 376 
200 201 
200 339 
200 222 
200 234 
200 80 
200 22 
200 318 
200 163 
200 303 
200 435 
200 315 
200 284 
200 349 
200 387 
200 295 
200 72 
200 261 
200 455 
200 362 
200 285 
200 6 
200 321 
200 484 
200 185 
200 69 
200 497 
200 7 
200 304 
200 510 
200 39 
200 12 
200 392 
200 162 
200 122 
200 437 
200 444 
200 79 
200 254 
200 109 
200 68 
200 38 
200 59 
200 379 
200 20 
200 60 
200 249 
200 482 
200 462 
200 188 
200 106 
200 64 
200 299 
200 467 
200 70 
200 0 
200 286 
200 521 
200 305 
200 357 
200 241 
200 307 
200 323 
200 409 
200 441 
200 265 
200 90 
200 54 
200 146 
200 160 
200 326 
200 525 
200 221 
200 485 
200 325 
200 504 
200 101 
200 340 
200 41 
200 258 
200 93 
200 378 
200 493 
200 334 
200 110 
200 292 
200 214 
200 282 
200 430 
200 51 
200 346 
200 445 
200 243 
200 150 
200 468 
200 458 
200 32 
200 288 
200 478 
200 348 
200 491 
200 118 
200 319 
200 192 
200 136 
200 483 
200 518 
200 205 
200 511 
200 177 
200 127 
200 206 
200 474 
200 316 
200 447 
200 77 
200 88 
200 226 
200 123 
200 381 
200 459 
200 250 
200 530 
200 26 
200 157 
200 263 
200 297 
200 57 
200 384 
200 531 
200 488 
200 501 
200 158 
200 407 
200 111 
200 439 
200 171 
200 329 
201 23 
201 155 
201 218 
201 473 
201 463 
201 408 
201 159 
201 248 
201 384 
201 512 
201 9 
201 128 
201 523 
201 172 
201 464 
201 377 
201 198 
201 439 
201 140 
201 314 
201 315 
201 275 
201 45 
201 418 
201 200 
201 206 
201 156 
201 310 
201 448 
201 477 
201 401 
201 479 
201 373 
201 333 
201 372 
201 13 
201 309 
201 269 
201 257 
201 471 
201 33 
201 66 
201 220 
201 298 
201 403 
201 426 
201 182 
201 187 
201 211 
201 21 
201 318 
201 223 
201 283 
201 162 
201 57 
201 170 
201 38 
201 149 
201 507 
201 168 
201 465 
201 127 
201 341 
201 91 
201 279 
201 339 
201 343 
201 194 
201 316 
201 238 
201 347 
201 261 
201 67 
201 519 
201 118 
201 267 
201 3 
201 10 
201 82 
201 76 
201 379 
201 430 
201 367 
201 409 
201 526 
201 396 
201 524 
201 160 
201 88 
201 482 
201 150 
201 516 
201 59 
201 326 
201 164 
201 346 
201 175 
201 40 
201 469 
201 15 
201 247 
201 361 
201 177 
201 351 
201 139 
201 436 
201 494 
201 357 
201 83 
201 278 
201 188 
201 334 
201 484 
201 100 
201 107 
201 215 
201 472 
201 416 
201 165 
201 331 
201 5 
201 428 
201 353 
201 224 
201 196 
201 389 
201 178 
201 129 
201 355 
201 325 
201 285 
201 489 
201 242 
201 4 
201 385 
201 342 
201 246 
201 60 
201 92 
201 85 
201 317 
201 225 
201 236 
201 449 
201 437 
201 487 
201 109 
201 496 
201 452 
201 199 
201 163 
201 47 
201 146 
201 135 
201 277 
201 65 
201 250 
201 221 
201 191 
201 12 
201 497 
201 234 
201 68 
201 446 
201 78 
201 327 
201 483 
201 302 
201 26 
201 25 
201 412 
201 344 
201 117 
201 71 
201 18 
201 133 
201 237 
201 176 
201 22 
201 111 
202 523 
202 52 
202 74 
202 193 
202 140 
202 243 
202 447 
202 404 
202 62 
202 529 
202 520 
202 44 
202 237 
202 522 
202 454 
202 498 
202 132 
202 1 
202 446 
202 95 
202 84 
202 56 
202 26 
202 473 
202 119 
202 514 
202 104 
202 185 
202 342 
202 340 
202 506 
202 515 
202 297 
202 249 
202 432 
202 141 
202 181 
202 85 
202 11 
202 65 
202 434 
202 186 
202 179 
202 460 
202 486 
202 476 
202 338 
202 18 
202 276 
202 7 
202 299 
202 289 
202 170 
202 376 
202 194 
202 493 
202 483 
202 364 
202 491 
202 443 
202 521 
202 469 
202 196 
202 332 
202 27 
202 204 
202 121 
202 435 
202 512 
202 333 
202 502 
202 391 
202 72 
202 305 
202 317 
202 379 
202 222 
202 173 
202 409 
202 114 
202 369 
202 487 
202 23 
202 424 
202 60 
202 83 
202 214 
202 363 
202 356 
202 103 
202 151 
202 445 
202 303 
202 426 
202 287 
202 172 
202 325 
202 29 
202 322 
202 302 
202 58 
202 433 
202 9 
202 467 
202 154 
202 235 
202 273 
202 198 
202 501 
202 250 
202 155 
202 149 
202 354 
202 311 
202 145 
202 308 
202 503 
202 105 
202 123 
202 227 
202 116 
202 456 
202 477 
202 184 
202 50 
202 68 
202 124 
202 38 
202 347 
202 420 
202 304 
202 131 
202 293 
202 392 
202 209 
202 106 
202 383 
202 262 
202 367 
202 459 
202 21 
202 294 
202 341 
202 461 
202 401 
202 497 
202 290 
202 31 
202 158 
202 406 
202 418 
202 480 
202 398 
202 319 
202 423 
202 157 
202 175 
202 440 
202 71 
202 35 
202 355 
202 91 
202 307 
202 441 
202 284 
203 81 
203 527 
203 232 
203 464 
203 439 
203 166 
203 193 
203 22 
203 476 
203 269 
203 471 
203 440 
203 495 
203 106 
203 138 
203 112 
203 135 
203 49 
203 287 
203 83 
203 462 
203 494 
203 419 
203 422 
203 34 
203 260 
203 235 
203 88 
203 288 
203 307 
203 370 
203 20 
203 529 
203 35 
203 208 
203 356 
203 275 
203 521 
203 339 
203 95 
203 428 
203 402 
203 412 
203 353 
203 18 
203 217 
203 118 
203 280 
203 376 
203 442 
203 457 
203 378 
203 133 
203 30 
203 211 
203 136 
203 321 
203 102 
203 6 
203 163 
203 406 
203 319 
203 86 
203 318 
203 294 
203 158 
203 148 
203 330 
203 329 
203 424 
203 87 
203 228 
203 355 
203 134 
203 520 
203 315 
203 502 
203 52 
203 498 
203 415 
203 240 
203 64 
203 62 
203 5 
203 500 
203 122 
203 197 
203 241 
203 380 
203 453 
203 25 
203 381 
203 257 
203 117 
203 48 
203 107 
203 176 
203 297 
203 146 
203 501 
203 409 
203 407 
203 231 
203 137 
203 229 
203 526 
203 290 
203 119 
203 214 
203 276 
203 445 
203 36 
203 28 
203 210 
203 167 
203 120 
203 78 
203 44 
203 489 
203 435 
203 116 
203 483 
203 150 
203 518 
203 387 
203 267 
203 314 
203 397 
203 392 
203 47 
203 3 
203 336 
203 173 
203 398 
203 285 
203 131 
203 289 
203 373 
203 273 
204 51 
204 407 
204 416 
204 340 
204 214 
204 127 
204 293 
204 167 
204 57 
204 100 
204 104 
204 498 
204 296 
204 161 
204 239 
204 99 
204 45 
204 236 
204 460 
204 441 
204 6 
204 19 
204 350 
204 520 
204 299 
204 179 
204 438 
204 331 
204 78 
204 206 
204 423 
204 112 
204 458 
204 178 
204 377 
204 20 
204 185 
204 61 
204 425 
204 5 
204 270 
204 137 
204 153 
204 356 
204 415 
204 459 
204 477 
204 37 
204 202 
204 405 
204 505 
204 452 
204 220 
204 250 
204 264 
204 339 
204 323 
204 464 
204 180 
204 529 
204 424 
204 487 
204 491 
204 362 
204 166 
204 468 
204 422 
204 271 
204 156 
204 207 
204 274 
204 82 
204 428 
204 527 
204 33 
204 474 
204 248 
204 226 
204 134 
204 504 
204 493 
204 435 
204 297 
204 158 
204 420 
204 373 
204 496 
204 376 
204 120 
204 432 
204 495 
204 228 
204 515 
204 478 
204 171 
204 513 
204 58 
204 434 
204 330 
204 263 
204 499 
204 35 
204 41 
204 149 
204 186 
204 168 
204 437 
204 199 
204 397 
204 266 
204 22 
204 501 
204 335 
204 291 
204 247 
204 354 
204 23 
204 312 
204 419 
204 265 
204 208 
204 326 
204 3 
204 409 
204 25 
204 245 
204 174 
204 325 
204 63 
204 90 
204 87 
204 64 
204 512 
204 366 
204 253 
204 262 
204 450 
204 125 
204 98 
204 322 
204 368 
204 279 
204 93 
204 68 
204 144 
204 9 
204 413 
204 81 
204 169 
204 71 
204 519 
204 113 
204 66 
204 118 
204 388 
204 128 
204 140 
204 126 
204 342 
204 212 
204 21 
204 102 
205 96 
205 316 
205 417 
205 468 
205 262 
205 12 
205 128 
205 320 
205 48 
205 285 
205 72 
205 464 
205 52 
205 489 
205 89 
205 350 
205 0 
205 363 
205 175 
205 133 
205 321 
205 456 
205 370 
205 118 
205 143 
205 392 
205 85 
205 362 
205 448 
205 485 
205 416 
205 284 
205 442 
205 506 
205 33 
205 194 
205 2 
205 138 
205 125 
205 529 
205 10 
205 234 
205 57 
205 493 
205 402 
205 430 
205 520 
205 235 
205 358 
205 396 
205 336 
205 26 
205 231 
205 275 
205 228 
205 157 
205 418 
205 384 
205 432 
205 372 
205 230 
205 459 
205 501 
205 59 
205 246 
205 429 
205 84 
205 214 
205 361 
205 507 
205 113 
205 81 
205 212 
205 457 
205 29 
205 58 
205 445 
205 90 
205 303 
205 34 
205 167 
205 494 
205 93 
205 288 
205 315 
205 438 
205 369 
205 238 
205 156 
205 263 
205 426 
205 193 
205 279 
205 182 
205 44 
205 436 
205 389 
205 471 
205 528 
205 330 
205 428 
205 408 
205 161 
205 267 
205 158 
205 305 
205 70 
205 176 
205 301 
205 139 
205 43 
205 496 
205 366 
205 326 
205 481 
205 36 
205 200 
205 179 
205 166 
205 394 
205 220 
205 502 
205 127 
205 454 
205 198 
205 451 
205 465 
205 264 
205 251 
205 327 
205 491 
205 404 
205 391 
205 337 
205 14 
205 147 
205 100 
205 56 
205 504 
205 124 
205 497 
205 466 
205 341 
205 443 
205 77 
205 111 
205 492 
205 130 
205 399 
205 467 
205 95 
205 292 
206 244 
206 97 
206 441 
206 172 
206 37 
206 502 
206 232 
206 353 
206 287 
206 185 
206 469 
206 401 
206 368 
206 338 
206 436 
206 123 
206 392 
206 213 
206 336 
206 50 
206 176 
206 79 
206 255 
206 190 
206 201 
206 526 
206 158 
206 134 
206 410 
206 252 
206 445 
206 153 
206 116 
206 396 
206 105 
206 332 
206 204 
206 519 
206 384 
206 451 
206 383 
206 326 
206 400 
206 6 
206 136 
206 470 
206 515 
206 382 
206 189 
206 13 
206 115 
206 328 
206 72 
206 7 
206 17 
206 499 
206 391 
206 359 
206 223 
206 178 
206 415 
206 438 
206 309 
206 94 
206 473 
206 58 
206 369 
206 40 
206 446 
206 210 
206 181 
206 449 
206 483 
206 315 
206 163 
206 376 
206 281 
206 208 
206 433 
206 127 
206 268 
206 291 
206 374 
206 453 
206 418 
206 424 
206 18 
206 316 
206 33 
206 450 
206 68 
206 241 
206 521 
206 305 
206 70 
206 236 
206 242 
206 225 
206 289 
206 379 
206 304 
206 335 
206 362 
206 443 
206 322 
206 164 
206 69 
206 311 
206 199 
206 471 
206 372 
206 491 
206 414 
206 129 
206 219 
206 467 
206 154 
206 254 
206 416 
206 390 
206 192 
206 148 
206 200 
206 496 
206 512 
206 267 
206 480 
206 439 
206 342 
206 285 
206 3 
206 114 
206 38 
206 130 
206 393 
206 243 
206 429 
206 132 
206 507 
206 257 
206 149 
206 187 
206 398 
206 320 
206 30 
206 86 
206 248 
206 143 
206 430 
206 460 
206 8 
206 234 
206 32 
206 184 
206 231 
206 371 
206 175 
206 380 
206 51 
206 497 
206 12 
206 4 
206 275 
206 455 
206 461 
206 211 
207 487 
207 13 
207 81 
207 457 
207 458 
207 285 
207 390 
207 344 
207 242 
207 156 
207 379 
207 358 
207 413 
207 427 
207 302 
207 230 
207 3 
207 307 
207 497 
207 282 
207 104 
207 42 
207 368 
207 93 
207 171 
207 271 
207 228 
207 277 
207 288 
207 479 
207 382 
207 181 
207 141 
207 244 
207 158 
207 373 
207 449 
207 245 
207 77 
207 294 
207 529 
207 394 
207 482 
207 361 
207 11 
207 101 
207 60 
207 465 
207 501 
207 124 
207 426 
207 330 
207 193 
207 190 
207 59 
207 133 
207 521 
207 83 
207 531 
207 503 
207 25 
207 5 
207 31 
207 433 
207 492 
207 378 
207 34 
207 425 
207 233 
207 290 
207 513 
207 327 
207 486 
207 129 
207 253 
207 7 
207 27 
207 291 
207 204 
207 491 
207 391 
207 412 
207 511 
207 348 
207 257 
207 68 
207 496 
207 510 
207 126 
207 299 
207 184 
207 9 
207 212 
207 318 
207 414 
207 10 
207 517 
207 304 
207 438 
207 308 
207 138 
207 484 
207 4 
207 512 
207 162 
207 38 
207 297 
207 312 
207 246 
207 229 
207 467 
207 477 
207 47 
207 469 
207 474 
207 507 
207 226 
207 145 
207 248 
207 298 
207 362 
207 357 
207 111 
207 272 
207 36 
207 499 
207 350 
207 180 
207 466 
207 254 
207 108 
207 6 
207 165 
207 159 
207 408 
207 402 
207 95 
207 489 
207 504 
207 178 
207 478 
207 148 
207 55 
207 69 
207 219 
207 406 
207 429 
207 495 
207 270 
207 303 
207 437 
207 444 
207 397 
207 359 
208 222 
208 62 
208 377 
208 209 
208 217 
208 31 
208 410 
208 322 
208 529 
208 167 
208 85 
208 79 
208 317 
208 131 
208 121 
208 375 
208 369 
208 15 
208 90 
208 65 
208 415 
208 155 
208 105 
208 353 
208 287 
208 14 
208 11 
208 123 
208 461 
208 128 
208 432 
208 401 
208 446 
208 19 
208 70 
208 504 
208 29 
208 320 
208 30 
208 153 
208 77 
208 416 
208 417 
208 492 
208 18 
208 502 
208 394 
208 203 
208 345 
208 495 
208 408 
208 6 
208 496 
208 480 
208 170 
208 407 
208 197 
208 104 
208 494 
208 181 
208 81 
208 100 
208 436 
208 435 
208 140 
208 385 
208 479 
208 33 
208 359 
208 286 
208 392 
208 475 
208 350 
208 9 
208 113 
208 356 
208 473 
208 206 
208 196 
208 395 
208 348 
208 168 
208 515 
208 419 
208 370 
208 26 
208 484 
208 318 
208 173 
208 97 
208 283 
208 64 
208 396 
208 296 
208 456 
208 191 
208 75 
208 488 
208 472 
208 478 
208 524 
208 114 
208 288 
208 295 
208 330 
208 110 
208 41 
208 520 
208 59 
208 157 
208 332 
208 380 
208 510 
208 148 
208 306 
208 147 
208 149 
208 400 
208 368 
208 58 
208 204 
208 55 
208 245 
208 125 
208 363 
208 352 
208 45 
208 428 
208 94 
208 264 
208 239 
208 115 
208 440 
208 346 
208 84 
208 232 
208 460 
208 218 
208 150 
208 225 
208 188 
208 43 
208 139 
208 198 
208 49 
208 21 
208 237 
208 211 
208 442 
208 489 
208 241 
208 126 
208 236 
208 116 
209 208 
209 310 
209 260 
209 317 
209 521 
209 239 
209 507 
209 288 
209 18 
209 479 
209 38 
209 342 
209 482 
209 180 
209 187 
209 282 
209 495 
209 12 
209 4 
209 7 
209 324 
209 394 
209 292 
209 177 
209 67 
209 79 
209 120 
209 248 
209 71 
209 397 
209 522 
209 266 
209 311 
209 137 
209 379 
209 331 
209 502 
209 402 
209 243 
209 346 
209 80 
209 329 
209 102 
209 249 
209 32 
209 350 
209 84 
209 301 
209 47 
209 474 
209 308 
209 451 
209 293 
209 349 
209 5 
209 90 
209 29 
209 437 
209 217 
209 459 
209 215 
209 467 
209 17 
209 458 
209 16 
209 19 
209 506 
209 141 
209 496 
209 291 
209 400 
209 31 
209 39 
209 416 
209 378 
209 401 
209 255 
209 322 
209 517 
209 3 
209 404 
209 186 
209 309 
209 332 
209 415 
209 81 
209 373 
209 147 
209 344 
209 473 
209 395 
209 286 
209 226 
209 432 
209 274 
209 327 
209 43 
209 403 
209 182 
209 442 
209 8 
209 425 
209 189 
209 58 
209 528 
209 351 
209 171 
209 157 
209 202 
209 109 
209 510 
209 130 
209 175 
209 381 
209 233 
209 363 
209 234 
209 411 
209 34 
209 77 
209 199 
209 107 
209 184 
209 64 
209 305 
209 197 
209 427 
209 399 
209 259 
209 235 
209 422 
209 287 
209 193 
209 462 
209 525 
209 428 
209 145 
209 108 
209 66 
210 342 
210 74 
210 351 
210 148 
210 444 
210 485 
210 508 
210 131 
210 5 
210 459 
210 68 
210 358 
210 222 
210 26 
210 367 
210 424 
210 397 
210 313 
210 246 
210 419 
210 45 
210 387 
210 120 
210 132 
210 496 
210 364 
210 280 
210 519 
210 126 
210 336 
210 417 
210 392 
210 363 
210 196 
210 167 
210 86 
210 425 
210 170 
210 376 
210 61 
210 114 
210 111 
210 310 
210 374 
210 160 
210 489 
210 51 
210 122 
210 265 
210 326 
210 339 
210 297 
210 453 
210 334 
210 473 
210 169 
210 356 
210 352 
210 152 
210 523 
210 206 
210 432 
210 195 
210 500 
210 471 
210 155 
210 347 
210 47 
210 498 
210 450 
210 530 
210 13 
210 510 
210 283 
210 314 
210 423 
210 177 
210 97 
210 55 
210 151 
210 348 
210 90 
210 303 
210 420 
210 115 
210 288 
210 73 
210 221 
210 119 
210 429 
210 270 
210 48 
210 89 
210 140 
210 36 
210 247 
210 440 
210 381 
210 354 
210 175 
210 129 
210 438 
210 474 
210 329 
210 181 
210 241 
210 368 
210 25 
210 144 
210 445 
210 377 
210 306 
210 389 
210 102 
210 401 
210 12 
210 1 
210 142 
210 279 
210 476 
210 333 
210 203 
210 436 
210 529 
210 516 
210 341 
210 84 
210 399 
210 379 
210 236 
210 515 
210 182 
210 437 
210 430 
210 400 
210 65 
210 230 
210 466 
210 503 
210 284 
210 482 
210 407 
210 233 
210 298 
210 171 
210 15 
210 349 
211 56 
211 318 
211 277 
211 528 
211 171 
211 411 
211 114 
211 86 
211 192 
211 437 
211 223 
211 92 
211 122 
211 90 
211 387 
211 459 
211 499 
211 63 
211 39 
211 436 
211 375 
211 365 
211 34 
211 464 
211 229 
211 241 
211 96 
211 201 
211 173 
211 172 
211 320 
211 338 
211 495 
211 491 
211 194 
211 197 
211 397 
211 301 
211 282 
211 382 
211 29 
211 154 
211 81 
211 466 
211 474 
211 475 
211 298 
211 403 
211 331 
211 419 
211 295 
211 26 
211 326 
211 531 
211 269 
211 386 
211 317 
211 303 
211 506 
211 501 
211 35 
211 289 
211 203 
211 319 
211 68 
211 3 
211 145 
211 340 
211 443 
211 359 
211 67 
211 508 
211 21 
211 311 
211 404 
211 456 
211 515 
211 135 
211 238 
211 430 
211 98 
211 420 
211 146 
211 503 
211 279 
211 33 
211 424 
211 481 
211 351 
211 138 
211 484 
211 95 
211 155 
211 461 
211 5 
211 451 
211 216 
211 113 
211 59 
211 487 
211 368 
211 494 
211 65 
211 280 
211 94 
211 191 
211 421 
211 243 
211 373 
211 51 
211 236 
211 261 
211 175 
211 377 
211 520 
211 383 
211 196 
211 1 
211 470 
211 115 
211 184 
211 58 
211 161 
211 179 
211 473 
211 345 
211 108 
211 453 
211 334 
211 183 
211 118 
211 50 
211 8 
211 112 
211 212 
211 355 
211 82 
211 126 
211 190 
211 208 
211 527 
211 151 
211 304 
211 47 
211 104 
211 206 
212 468 
212 164 
212 259 
212 83 
212 120 
212 374 
212 397 
212 66 
212 70 
212 47 
212 314 
212 371 
212 106 
212 183 
212 67 
212 99 
212 244 
212 418 
212 29 
212 60 
212 435 
212 38 
212 242 
212 434 
212 92 
212 446 
212 365 
212 442 
212 469 
212 122 
212 35 
212 325 
212 425 
212 475 
212 304 
212 430 
212 115 
212 50 
212 359 
212 350 
212 123 
212 396 
212 101 
212 142 
212 78 
212 213 
212 346 
212 300 
212 337 
212 248 
212 453 
212 54 
212 309 
212 250 
212 241 
212 383 
212 262 
212 28 
212 134 
212 291 
212 438 
212 320 
212 274 
212 194 
212 415 
212 376 
212 293 
212 382 
212 230 
212 205 
212 251 
212 334 
212 136 
212 128 
212 466 
212 105 
212 87 
212 223 
212 145 
212 184 
212 181 
212 351 
212 391 
212 507 
212 117 
212 357 
212 299 
212 207 
212 454 
212 235 
212 531 
212 157 
212 254 
212 124 
212 174 
212 515 
212 437 
212 133 
212 354 
212 426 
212 233 
212 12 
212 26 
212 302 
212 255 
212 232 
212 282 
212 80 
212 489 
212 269 
212 462 
212 82 
212 90 
212 477 
212 287 
212 364 
212 401 
212 329 
212 298 
212 402 
212 305 
212 1 
212 429 
212 113 
212 65 
212 93 
212 527 
212 236 
212 224 
212 459 
212 369 
212 331 
212 95 
212 18 
212 349 
212 495 
212 243 
212 159 
212 491 
212 292 
212 16 
212 326 
212 517 
212 74 
212 211 
212 514 
212 471 
212 247 
212 49 
212 204 
212 0 
212 40 
212 451 
212 10 
213 226 
213 33 
213 128 
213 17 
213 478 
213 397 
213 485 
213 349 
213 59 
213 433 
213 231 
213 324 
213 52 
213 206 
213 314 
213 476 
213 353 
213 494 
213 343 
213 158 
213 193 
213 3 
213 471 
213 327 
213 96 
213 167 
213 380 
213 121 
213 126 
213 287 
213 525 
213 381 
213 163 
213 288 
213 385 
213 108 
213 340 
213 56 
213 99 
213 46 
213 225 
213 341 
213 436 
213 219 
213 393 
213 408 
213 212 
213 119 
213 283 
213 191 
213 249 
213 61 
213 261 
213 252 
213 411 
213 376 
213 159 
213 389 
213 165 
213 355 
213 467 
213 463 
213 168 
213 282 
213 286 
213 40 
213 195 
213 117 
213 123 
213 182 
213 480 
213 297 
213 403 
213 350 
213 498 
213 269 
213 64 
213 50 
213 181 
213 237 
213 274 
213 503 
213 500 
213 265 
213 291 
213 58 
213 420 
213 308 
213 441 
213 77 
213 166 
213 336 
213 183 
213 39 
213 244 
213 169 
213 259 
213 306 
213 335 
213 331 
213 488 
213 63 
213 270 
213 92 
213 406 
213 531 
213 401 
213 517 
213 323 
213 326 
213 150 
213 5 
213 248 
213 69 
213 264 
213 426 
213 154 
213 383 
213 300 
213 285 
213 247 
213 413 
213 242 
213 31 
213 155 
213 482 
213 228 
213 410 
213 284 
213 292 
213 281 
213 505 
213 134 
213 344 
213 516 
213 299 
213 523 
213 216 
213 301 
213 12 
213 277 
213 446 
213 9 
213 178 
213 253 
213 304 
213 89 
213 30 
213 527 
213 491 
213 94 
213 507 
213 254 
213 268 
213 192 
213 452 
214 283 
214 336 
214 204 
214 220 
214 113 
214 507 
214 275 
214 311 
214 485 
214 66 
214 341 
214 147 
214 404 
214 262 
214 394 
214 314 
214 505 
214 41 
214 182 
214 351 
214 423 
214 196 
214 523 
214 316 
214 131 
214 47 
214 223 
214 455 
214 459 
214 475 
214 85 
214 399 
214 511 
214 195 
214 479 
214 431 
214 247 
214 231 
214 482 
214 305 
214 118 
214 408 
214 280 
214 465 
214 514 
214 9 
214 140 
214 190 
214 531 
214 7 
214 293 
214 281 
214 289 
214 164 
214 205 
214 35 
214 237 
214 530 
214 126 
214 261 
214 87 
214 177 
214 3 
214 267 
214 216 
214 253 
214 398 
214 202 
214 193 
214 343 
214 186 
214 162 
214 528 
214 27 
214 328 
214 388 
214 425 
214 469 
214 15 
214 364 
214 447 
214 39 
214 266 
214 295 
214 18 
214 25 
214 200 
214 380 
214 106 
214 187 
214 254 
214 473 
214 76 
214 110 
214 194 
214 487 
214 356 
214 257 
214 437 
214 102 
214 421 
214 453 
214 383 
214 369 
214 323 
214 114 
214 358 
214 272 
214 71 
214 163 
214 400 
214 203 
214 232 
214 123 
214 121 
214 120 
214 95 
214 302 
214 359 
214 72 
214 107 
214 115 
214 88 
214 228 
214 33 
214 51 
214 304 
214 488 
214 89 
214 357 
214 518 
214 138 
214 189 
214 282 
214 150 
214 84 
214 517 
214 352 
214 294 
215 145 
215 8 
215 442 
215 251 
215 188 
215 233 
215 284 
215 405 
215 148 
215 81 
215 117 
215 134 
215 362 
215 449 
215 313 
215 175 
215 430 
215 113 
215 384 
215 498 
215 336 
215 339 
215 182 
215 142 
215 454 
215 409 
215 451 
215 66 
215 231 
215 357 
215 85 
215 290 
215 242 
215 112 
215 276 
215 274 
215 15 
215 68 
215 496 
215 29 
215 475 
215 287 
215 10 
215 96 
215 220 
215 267 
215 350 
215 436 
215 328 
215 42 
215 271 
215 76 
215 418 
215 482 
215 490 
215 518 
215 14 
215 511 
215 181 
215 195 
215 46 
215 416 
215 453 
215 400 
215 69 
215 177 
215 199 
215 334 
215 184 
215 480 
215 219 
215 470 
215 105 
215 484 
215 20 
215 187 
215 159 
215 209 
215 530 
215 129 
215 127 
215 107 
215 322 
215 493 
215 262 
215 513 
215 342 
215 338 
215 122 
215 356 
215 365 
215 227 
215 165 
215 141 
215 94 
215 45 
215 355 
215 368 
215 47 
215 531 
215 380 
215 427 
215 174 
215 230 
215 299 
215 228 
215 201 
215 340 
215 473 
215 423 
215 507 
215 297 
215 510 
215 411 
215 235 
215 260 
215 218 
215 512 
215 443 
215 132 
215 369 
215 56 
215 491 
215 126 
215 525 
215 343 
215 341 
215 67 
215 419 
215 519 
215 277 
215 11 
215 447 
215 364 
215 414 
215 315 
215 225 
215 458 
215 268 
215 183 
215 19 
215 238 
215 417 
215 392 
215 444 
215 239 
215 191 
215 497 
215 320 
215 250 
215 222 
215 115 
215 291 
215 97 
215 326 
215 37 
215 309 
215 50 
215 509 
215 413 
215 91 
215 170 
215 471 
215 5 
216 196 
216 244 
216 362 
216 185 
216 373 
216 9 
216 251 
216 453 
216 93 
216 77 
216 380 
216 481 
216 498 
216 189 
216 84 
216 343 
216 375 
216 525 
216 438 
216 47 
216 488 
216 67 
216 319 
216 400 
216 338 
216 277 
216 148 
216 261 
216 516 
216 405 
216 273 
216 72 
216 335 
216 250 
216 323 
216 243 
216 490 
216 78 
216 357 
216 283 
216 465 
216 61 
216 352 
216 129 
216 151 
216 508 
216 97 
216 106 
216 25 
216 128 
216 326 
216 155 
216 194 
216 68 
216 312 
216 386 
216 87 
216 473 
216 487 
216 302 
216 296 
216 124 
216 348 
216 377 
216 285 
216 96 
216 36 
216 530 
216 507 
216 350 
216 364 
216 379 
216 398 
216 214 
216 249 
216 370 
216 15 
216 37 
216 176 
216 169 
216 510 
216 107 
216 366 
216 260 
216 145 
216 468 
216 421 
216 134 
216 228 
216 408 
216 221 
216 130 
216 322 
216 192 
216 153 
216 429 
216 318 
216 198 
216 310 
216 179 
216 504 
216 328 
216 339 
216 476 
216 441 
216 256 
216 253 
216 211 
216 315 
216 247 
216 389 
216 512 
216 289 
216 152 
216 88 
216 245 
216 101 
216 113 
216 116 
216 433 
216 383 
216 419 
216 102 
216 55 
216 219 
216 459 
216 132 
216 80 
216 3 
216 75 
216 167 
216 11 
216 1 
216 38 
216 369 
216 114 
216 371 
216 378 
216 127 
216 489 
216 327 
216 123 
216 115 
216 461 
216 351 
216 103 
216 271 
216 291 
216 321 
216 213 
216 240 
216 254 
216 92 
216 26 
216 354 
216 63 
216 70 
216 279 
216 424 
216 57 
216 158 
216 85 
216 238 
216 514 
216 178 
216 455 
216 442 
216 390 
216 242 
216 10 
217 470 
217 141 
217 434 
217 311 
217 208 
217 302 
217 142 
217 408 
217 242 
217 343 
217 527 
217 503 
217 246 
217 465 
217 450 
217 400 
217 124 
217 46 
217 120 
217 471 
217 102 
217 420 
217 344 
217 227 
217 518 
217 398 
217 467 
217 315 
217 399 
217 331 
217 112 
217 318 
217 387 
217 159 
217 58 
217 366 
217 115 
217 253 
217 60 
217 321 
217 397 
217 91 
217 374 
217 135 
217 32 
217 162 
217 494 
217 480 
217 368 
217 300 
217 497 
217 99 
217 65 
217 203 
217 284 
217 21 
217 317 
217 140 
217 289 
217 147 
217 100 
217 189 
217 355 
217 177 
217 376 
217 233 
217 98 
217 197 
217 428 
217 251 
217 431 
217 209 
217 31 
217 117 
217 114 
217 354 
217 79 
217 85 
217 427 
217 402 
217 103 
217 6 
217 386 
217 468 
217 167 
217 90 
217 384 
217 169 
217 519 
217 324 
217 352 
217 3 
217 309 
217 104 
217 303 
217 365 
217 265 
217 245 
217 353 
217 43 
217 131 
217 129 
217 333 
217 298 
217 123 
217 454 
217 198 
217 161 
217 122 
217 388 
217 71 
217 146 
217 332 
217 346 
217 461 
217 273 
217 83 
217 278 
217 414 
217 405 
217 406 
217 155 
217 510 
217 193 
217 474 
217 359 
217 27 
217 377 
217 337 
217 59 
217 270 
217 67 
217 514 
217 506 
217 389 
217 441 
217 423 
217 107 
217 170 
217 156 
217 168 
217 516 
217 73 
217 291 
217 452 
217 347 
217 54 
217 116 
217 345 
217 49 
217 12 
217 23 
217 25 
217 181 
217 35 
217 187 
217 517 
217 335 
217 295 
218 201 
218 388 
218 200 
218 18 
218 154 
218 157 
218 485 
218 337 
218 384 
218 97 
218 69 
218 416 
218 334 
218 286 
218 58 
218 281 
218 160 
218 407 
218 13 
218 165 
218 251 
218 395 
218 464 
218 288 
218 276 
218 462 
218 167 
218 396 
218 52 
218 48 
218 439 
218 43 
218 151 
218 80 
218 33 
218 227 
218 115 
218 346 
218 332 
218 289 
218 150 
218 112 
218 101 
218 434 
218 430 
218 361 
218 45 
218 271 
218 515 
218 118 
218 68 
218 408 
218 174 
218 344 
218 30 
218 327 
218 128 
218 350 
218 29 
218 472 
218 161 
218 365 
218 304 
218 240 
218 108 
218 51 
218 474 
218 59 
218 448 
218 17 
218 507 
218 340 
218 425 
218 184 
218 14 
218 432 
218 238 
218 124 
218 3 
218 127 
218 169 
218 322 
218 55 
218 452 
218 375 
218 385 
218 373 
218 60 
218 342 
218 429 
218 191 
218 401 
218 488 
218 98 
218 229 
218 468 
218 492 
218 187 
218 120 
218 353 
218 497 
218 447 
218 215 
218 186 
218 89 
218 181 
218 527 
218 131 
218 297 
218 0 
218 299 
218 228 
218 514 
218 368 
218 511 
218 250 
218 246 
218 351 
218 435 
218 140 
218 438 
218 296 
218 125 
218 348 
218 316 
218 392 
218 394 
218 263 
218 208 
218 110 
218 74 
218 374 
218 530 
218 180 
218 15 
218 64 
218 335 
218 306 
218 219 
218 493 
218 498 
218 27 
218 390 
218 239 
218 461 
218 149 
218 23 
218 294 
218 525 
219 492 
219 18 
219 521 
219 54 
219 447 
219 168 
219 345 
219 487 
219 173 
219 375 
219 180 
219 235 
219 35 
219 354 
219 110 
219 177 
219 1 
219 522 
219 353 
219 106 
219 430 
219 96 
219 46 
219 452 
219 329 
219 315 
219 193 
219 127 
219 0 
219 530 
219 496 
219 490 
219 289 
219 183 
219 73 
219 167 
219 263 
219 357 
219 395 
219 348 
219 269 
219 213 
219 378 
219 494 
219 58 
219 178 
219 484 
219 108 
219 457 
219 124 
219 255 
219 493 
219 381 
219 237 
219 478 
219 49 
219 57 
219 122 
219 497 
219 163 
219 328 
219 406 
219 112 
219 125 
219 14 
219 320 
219 215 
219 143 
219 40 
219 391 
219 318 
219 525 
219 135 
219 483 
219 154 
219 248 
219 150 
219 231 
219 151 
219 131 
219 425 
219 159 
219 511 
219 397 
219 13 
219 166 
219 23 
219 319 
219 100 
219 130 
219 81 
219 118 
219 290 
219 380 
219 396 
219 206 
219 144 
219 529 
219 422 
219 157 
219 262 
219 161 
219 25 
219 229 
219 28 
219 216 
219 240 
219 225 
219 349 
219 505 
219 195 
219 324 
219 109 
219 29 
219 11 
219 524 
219 369 
219 295 
219 476 
219 431 
219 39 
219 443 
219 89 
219 300 
219 284 
219 449 
219 207 
219 82 
219 194 
219 197 
219 467 
219 330 
219 175 
219 218 
219 9 
219 265 
219 83 
219 453 
219 267 
219 359 
220 380 
220 470 
220 240 
220 391 
220 214 
220 319 
220 475 
220 428 
220 176 
220 458 
220 370 
220 87 
220 373 
220 105 
220 292 
220 427 
220 397 
220 382 
220 511 
220 95 
220 507 
220 463 
220 450 
220 89 
220 326 
220 257 
220 303 
220 201 
220 430 
220 146 
220 246 
220 266 
220 352 
220 311 
220 441 
220 58 
220 215 
220 30 
220 522 
220 284 
220 387 
220 111 
220 401 
220 504 
220 447 
220 78 
220 267 
220 341 
220 399 
220 422 
220 411 
220 249 
220 513 
220 445 
220 415 
220 398 
220 414 
220 24 
220 308 
220 255 
220 264 
220 530 
220 248 
220 204 
220 76 
220 51 
220 419 
220 116 
220 345 
220 222 
220 11 
220 154 
220 514 
220 15 
220 277 
220 142 
220 137 
220 271 
220 288 
220 350 
220 238 
220 378 
220 320 
220 107 
220 66 
220 41 
220 361 
220 53 
220 191 
220 143 
220 183 
220 42 
220 65 
220 298 
220 69 
220 187 
220 416 
220 426 
220 75 
220 67 
220 269 
220 317 
220 425 
220 83 
220 270 
220 420 
220 131 
220 499 
220 461 
220 307 
220 196 
220 43 
220 189 
220 260 
220 205 
220 472 
220 304 
220 237 
220 467 
220 120 
220 276 
220 289 
220 359 
220 104 
220 291 
220 374 
220 188 
220 372 
220 226 
220 360 
220 193 
220 45 
220 106 
220 328 
220 258 
220 149 
220 36 
220 444 
220 70 
220 302 
220 5 
220 245 
220 448 
220 347 
220 164 
220 239 
220 128 
220 455 
220 170 
220 199 
220 498 
220 396 
220 57 
220 236 
220 488 
220 366 
220 465 
220 140 
221 303 
221 465 
221 340 
221 441 
221 412 
221 145 
221 478 
221 37 
221 112 
221 350 
221 55 
221 17 
221 268 
221 336 
221 363 
221 438 
221 241 
221 525 
221 390 
221 104 
221 356 
221 333 
221 322 
221 149 
221 47 
221 283 
221 518 
221 160 
221 370 
221 513 
221 74 
221 128 
221 506 
221 466 
221 147 
221 413 
221 65 
221 199 
221 153 
221 265 
221 5 
221 46 
221 263 
221 162 
221 432 
221 338 
221 251 
221 64 
221 88 
221 293 
221 372 
221 67 
221 113 
221 278 
221 178 
221 515 
221 182 
221 440 
221 486 
221 300 
221 509 
221 188 
221 388 
221 510 
221 431 
221 157 
221 393 
221 259 
221 195 
221 368 
221 403 
221 315 
221 458 
221 68 
221 494 
221 364 
221 317 
221 63 
221 200 
221 102 
221 94 
221 180 
221 23 
221 497 
221 210 
221 177 
221 382 
221 216 
221 274 
221 308 
221 327 
221 427 
221 430 
221 41 
221 139 
221 148 
221 91 
221 493 
221 420 
221 71 
221 516 
221 373 
221 500 
221 418 
221 197 
221 410 
221 343 
221 285 
221 56 
221 339 
221 334 
221 503 
221 39 
221 301 
221 355 
221 442 
221 522 
221 24 
221 331 
221 161 
221 421 
221 508 
221 449 
221 332 
221 351 
221 201 
221 6 
221 238 
221 527 
221 450 
221 530 
221 426 
221 314 
221 471 
221 235 
221 44 
221 192 
221 222 
221 504 
221 57 
221 118 
221 95 
221 396 
221 454 
221 107 
221 172 
221 193 
221 496 
221 325 
221 105 
221 26 
221 347 
221 191 
221 476 
221 526 
221 1 
221 43 
221 97 
221 198 
221 9 
221 60 
221 184 
222 208 
222 267 
222 45 
222 178 
222 80 
222 470 
222 437 
222 312 
222 184 
222 382 
222 507 
222 56 
222 320 
222 157 
222 393 
222 210 
222 268 
222 238 
222 376 
222 200 
222 71 
222 172 
222 29 
222 478 
222 404 
222 394 
222 319 
222 85 
222 310 
222 367 
222 475 
222 348 
222 73 
222 242 
222 289 
222 445 
222 121 
222 38 
222 520 
222 505 
222 471 
222 465 
222 68 
222 36 
222 0 
222 283 
222 115 
222 446 
222 72 
222 117 
222 531 
222 273 
222 163 
222 86 
222 510 
222 385 
222 24 
222 33 
222 436 
222 106 
222 314 
222 345 
222 396 
222 296 
222 149 
222 343 
222 136 
222 19 
222 389 
222 1 
222 243 
222 158 
222 102 
222 202 
222 156 
222 220 
222 498 
222 82 
222 233 
222 405 
222 64 
222 341 
222 128 
222 527 
222 112 
222 120 
222 164 
222 335 
222 503 
222 463 
222 293 
222 313 
222 180 
222 321 
222 339 
222 34 
222 284 
222 266 
222 269 
222 264 
222 79 
222 326 
222 234 
222 91 
222 174 
222 528 
222 331 
222 176 
222 150 
222 370 
222 47 
222 384 
222 235 
222 288 
222 141 
222 305 
222 69 
222 50 
222 169 
222 271 
222 8 
222 75 
222 424 
222 378 
222 499 
222 260 
222 442 
222 428 
222 400 
222 105 
222 444 
222 379 
222 181 
222 449 
222 221 
222 386 
222 186 
222 114 
222 135 
222 486 
222 453 
222 476 
222 508 
222 440 
222 415 
222 215 
222 191 
222 66 
222 249 
222 262 
222 101 
222 391 
222 168 
222 455 
222 351 
222 237 
222 329 
222 165 
223 354 
223 161 
223 181 
223 106 
223 429 
223 351 
223 10 
223 412 
223 2 
223 248 
223 211 
223 93 
223 24 
223 256 
223 158 
223 436 
223 126 
223 131 
223 439 
223 199 
223 47 
223 468 
223 498 
223 83 
223 281 
223 65 
223 438 
223 7 
223 506 
223 378 
223 330 
223 201 
223 214 
223 270 
223 38 
223 522 
223 484 
223 183 
223 33 
223 225 
223 263 
223 470 
223 465 
223 318 
223 307 
223 206 
223 489 
223 441 
223 471 
223 1 
223 193 
223 283 
223 350 
223 85 
223 402 
223 450 
223 234 
223 41 
223 128 
223 381 
223 113 
223 229 
223 163 
223 310 
223 273 
223 321 
223 356 
223 12 
223 147 
223 286 
223 182 
223 212 
223 74 
223 122 
223 257 
223 124 
223 299 
223 268 
223 50 
223 236 
223 445 
223 136 
223 179 
223 197 
223 148 
223 115 
223 23 
223 494 
223 0 
223 462 
223 45 
223 386 
223 328 
223 75 
223 335 
223 97 
223 82 
223 72 
223 463 
223 133 
223 500 
223 397 
223 507 
223 52 
223 363 
223 345 
223 289 
223 480 
223 388 
223 57 
223 457 
223 451 
223 309 
223 198 
223 88 
223 519 
223 472 
223 120 
223 232 
223 125 
223 447 
223 77 
223 34 
223 178 
223 91 
223 104 
223 135 
223 16 
223 71 
223 258 
223 384 
223 185 
223 46 
223 419 
223 428 
223 344 
223 442 
223 149 
223 252 
223 389 
223 228 
223 467 
223 156 
223 269 
223 327 
223 365 
223 195 
223 317 
223 241 
223 387 
223 454 
223 331 
223 497 
223 231 
223 141 
223 255 
224 149 
224 228 
224 329 
224 34 
224 55 
224 423 
224 27 
224 265 
224 13 
224 107 
224 287 
224 301 
224 158 
224 339 
224 410 
224 189 
224 332 
224 226 
224 98 
224 297 
224 188 
224 71 
224 491 
224 479 
224 465 
224 279 
224 44 
224 445 
224 321 
224 59 
224 300 
224 40 
224 95 
224 191 
224 456 
224 125 
224 91 
224 419 
224 496 
224 135 
224 298 
224 270 
224 531 
224 124 
224 23 
224 170 
224 56 
224 106 
224 41 
224 101 
224 438 
224 153 
224 481 
224 382 
224 434 
224 346 
224 102 
224 528 
224 424 
224 254 
224 299 
224 116 
224 131 
224 29 
224 246 
224 306 
224 344 
224 83 
224 242 
224 521 
224 433 
224 349 
224 295 
224 484 
224 9 
224 334 
224 171 
224 425 
224 110 
224 151 
224 145 
224 52 
224 514 
224 350 
224 406 
224 381 
224 515 
224 77 
224 480 
224 160 
224 371 
224 378 
224 400 
224 315 
224 444 
224 147 
224 509 
224 459 
224 275 
224 3 
224 492 
224 179 
224 428 
224 296 
224 201 
224 0 
224 527 
224 249 
224 392 
224 374 
224 268 
224 31 
224 366 
224 12 
224 439 
224 421 
224 476 
224 127 
224 57 
224 455 
224 393 
224 418 
224 264 
224 442 
224 54 
224 20 
224 370 
224 212 
224 482 
224 45 
224 384 
224 388 
224 286 
224 389 
224 148 
224 390 
224 489 
224 380 
224 4 
224 185 
224 25 
224 345 
224 192 
224 80 
224 244 
224 377 
224 198 
224 458 
224 451 
224 325 
225 506 
225 27 
225 272 
225 447 
225 246 
225 275 
225 495 
225 347 
225 441 
225 261 
225 403 
225 179 
225 353 
225 138 
225 404 
225 332 
225 80 
225 303 
225 258 
225 269 
225 341 
225 360 
225 380 
225 459 
225 388 
225 436 
225 78 
225 144 
225 336 
225 137 
225 190 
225 453 
225 486 
225 176 
225 328 
225 372 
225 34 
225 194 
225 473 
225 213 
225 243 
225 467 
225 223 
225 163 
225 234 
225 426 
225 317 
225 94 
225 415 
225 130 
225 263 
225 292 
225 465 
225 43 
225 191 
225 487 
225 120 
225 461 
225 468 
225 309 
225 302 
225 333 
225 178 
225 146 
225 142 
225 515 
225 405 
225 227 
225 340 
225 156 
225 433 
225 259 
225 102 
225 300 
225 206 
225 425 
225 478 
225 323 
225 19 
225 321 
225 348 
225 438 
225 86 
225 79 
225 174 
225 99 
225 112 
225 149 
225 165 
225 57 
225 24 
225 344 
225 418 
225 82 
225 66 
225 329 
225 136 
225 131 
225 177 
225 239 
225 417 
225 201 
225 308 
225 23 
225 501 
225 219 
225 474 
225 476 
225 472 
225 157 
225 62 
225 186 
225 470 
225 74 
225 251 
225 521 
225 215 
225 152 
225 354 
225 238 
225 226 
225 264 
225 494 
225 331 
225 32 
225 169 
225 208 
225 188 
225 135 
225 244 
225 526 
225 248 
225 125 
225 61 
225 231 
225 183 
225 483 
225 529 
225 525 
225 38 
225 237 
226 403 
226 291 
226 213 
226 5 
226 348 
226 417 
226 503 
226 84 
226 506 
226 270 
226 499 
226 288 
226 126 
226 117 
226 253 
226 511 
226 120 
226 285 
226 354 
226 28 
226 368 
226 227 
226 231 
226 443 
226 277 
226 122 
226 257 
226 297 
226 224 
226 14 
226 477 
226 337 
226 131 
226 392 
226 15 
226 429 
226 465 
226 234 
226 235 
226 46 
226 192 
226 165 
226 369 
226 439 
226 457 
226 385 
226 137 
226 464 
226 57 
226 156 
226 472 
226 454 
226 244 
226 147 
226 23 
226 245 
226 182 
226 24 
226 106 
226 389 
226 251 
226 317 
226 330 
226 145 
226 104 
226 397 
226 175 
226 438 
226 514 
226 43 
226 21 
226 93 
226 306 
226 456 
226 308 
226 102 
226 469 
226 467 
226 418 
226 243 
226 485 
226 312 
226 204 
226 262 
226 248 
226 522 
226 382 
226 88 
226 528 
226 383 
226 20 
226 19 
226 70 
226 159 
226 3 
226 105 
226 449 
226 437 
226 72 
226 298 
226 80 
226 510 
226 163 
226 300 
226 351 
226 265 
226 228 
226 132 
226 410 
226 87 
226 181 
226 209 
226 246 
226 108 
226 406 
226 412 
226 154 
226 402 
226 189 
226 340 
226 151 
226 416 
226 207 
226 358 
226 459 
226 1 
226 420 
226 176 
226 444 
226 473 
226 515 
226 329 
226 142 
226 455 
226 68 
226 200 
226 74 
226 450 
226 118 
226 220 
226 273 
226 266 
226 267 
226 471 
226 346 
226 225 
226 33 
226 237 
226 319 
226 313 
226 387 
226 296 
226 100 
226 109 
226 255 
226 302 
226 30 
226 415 
226 279 
226 379 
226 325 
226 134 
226 374 
226 22 
226 143 
226 41 
227 487 
227 379 
227 166 
227 324 
227 32 
227 72 
227 427 
227 9 
227 281 
227 75 
227 127 
227 488 
227 142 
227 226 
227 343 
227 244 
227 307 
227 529 
227 336 
227 155 
227 493 
227 419 
227 513 
227 23 
227 217 
227 386 
227 94 
227 141 
227 184 
227 315 
227 169 
227 393 
227 330 
227 293 
227 259 
227 362 
227 388 
227 218 
227 390 
227 471 
227 417 
227 501 
227 349 
227 441 
227 394 
227 375 
227 133 
227 460 
227 385 
227 115 
227 469 
227 356 
227 187 
227 139 
227 479 
227 365 
227 238 
227 17 
227 470 
227 276 
227 404 
227 323 
227 403 
227 178 
227 163 
227 271 
227 418 
227 439 
227 78 
227 317 
227 399 
227 309 
227 225 
227 33 
227 47 
227 433 
227 374 
227 69 
227 263 
227 389 
227 194 
227 387 
227 215 
227 156 
227 2 
227 412 
227 177 
227 392 
227 122 
227 52 
227 14 
227 252 
227 436 
227 502 
227 376 
227 34 
227 119 
227 302 
227 514 
227 475 
227 269 
227 157 
227 202 
227 322 
227 319 
227 55 
227 339 
227 128 
227 354 
227 247 
227 367 
227 492 
227 180 
227 321 
227 467 
227 66 
227 63 
227 280 
227 198 
227 190 
227 298 
227 239 
227 422 
227 444 
227 170 
227 167 
227 71 
227 116 
227 1 
227 521 
227 454 
227 508 
227 478 
227 352 
227 39 
227 179 
227 196 
227 287 
227 458 
227 250 
227 92 
227 144 
227 430 
227 472 
227 67 
227 192 
227 237 
228 224 
228 256 
228 261 
228 503 
228 383 
228 336 
228 302 
228 474 
228 69 
228 247 
228 241 
228 505 
228 391 
228 71 
228 407 
228 153 
228 490 
228 52 
228 5 
228 96 
228 320 
228 454 
228 321 
228 462 
228 352 
228 48 
228 292 
228 207 
228 475 
228 453 
228 415 
228 423 
228 425 
228 152 
228 308 
228 12 
228 316 
228 150 
228 465 
228 477 
228 368 
228 157 
228 159 
228 293 
228 59 
228 400 
228 232 
228 455 
228 268 
228 205 
228 346 
228 91 
228 165 
228 243 
228 458 
228 135 
228 271 
228 170 
228 27 
228 156 
228 51 
228 285 
228 294 
228 384 
228 305 
228 344 
228 9 
228 13 
228 350 
228 148 
228 76 
228 517 
228 520 
228 345 
228 257 
228 513 
228 145 
228 510 
228 251 
228 527 
228 281 
228 74 
228 528 
228 250 
228 451 
228 203 
228 523 
228 376 
228 428 
228 290 
228 114 
228 129 
228 424 
228 483 
228 161 
228 216 
228 323 
228 237 
228 144 
228 204 
228 269 
228 439 
228 141 
228 367 
228 215 
228 436 
228 198 
228 66 
228 333 
228 382 
228 393 
228 54 
228 190 
228 14 
228 226 
228 196 
228 194 
228 155 
228 295 
228 193 
228 314 
228 363 
228 296 
228 1 
228 162 
228 356 
228 38 
228 412 
228 218 
228 514 
228 420 
228 479 
228 213 
228 526 
228 189 
228 107 
228 176 
228 377 
228 334 
228 500 
228 97 
228 160 
228 491 
228 154 
228 166 
228 214 
228 450 
228 182 
228 223 
228 529 
228 83 
228 180 
228 310 
228 29 
228 134 
228 469 
228 25 
228 119 
228 433 
228 78 
228 396 
228 39 
229 73 
229 384 
229 150 
229 529 
229 91 
229 240 
229 459 
229 383 
229 126 
229 70 
229 486 
229 16 
229 106 
229 293 
229 268 
229 22 
229 104 
229 442 
229 512 
229 211 
229 328 
229 103 
229 379 
229 382 
229 267 
229 426 
229 33 
229 407 
229 473 
229 281 
229 231 
229 526 
229 502 
229 110 
229 440 
229 237 
229 451 
229 39 
229 387 
229 29 
229 492 
229 84 
229 181 
229 400 
229 522 
229 118 
229 439 
229 298 
229 23 
229 127 
229 269 
229 99 
229 188 
229 162 
229 453 
229 449 
229 178 
229 311 
229 312 
229 223 
229 289 
229 510 
229 409 
229 307 
229 49 
229 302 
229 313 
229 138 
229 416 
229 109 
229 305 
229 133 
229 456 
229 489 
229 105 
229 327 
229 257 
229 461 
229 342 
229 355 
229 332 
229 424 
229 262 
229 97 
229 80 
229 246 
229 477 
229 308 
229 196 
229 51 
229 475 
229 147 
229 235 
229 184 
229 129 
229 218 
229 1 
229 258 
229 27 
229 28 
229 450 
229 120 
229 301 
229 452 
229 207 
229 203 
229 58 
229 366 
229 62 
229 309 
229 381 
229 219 
229 401 
229 394 
229 85 
229 285 
229 111 
229 354 
229 369 
229 427 
229 467 
229 344 
229 292 
229 408 
229 166 
229 319 
229 350 
229 294 
229 471 
229 0 
229 233 
229 474 
229 422 
229 437 
229 525 
229 57 
229 457 
229 48 
229 391 
229 277 
229 511 
229 364 
230 460 
230 9 
230 22 
230 454 
230 342 
230 413 
230 102 
230 115 
230 529 
230 150 
230 94 
230 405 
230 277 
230 487 
230 37 
230 207 
230 494 
230 292 
230 387 
230 411 
230 62 
230 165 
230 36 
230 330 
230 45 
230 126 
230 353 
230 476 
230 124 
230 186 
230 104 
230 15 
230 195 
230 349 
230 116 
230 320 
230 174 
230 361 
230 167 
230 38 
230 506 
230 496 
230 258 
230 301 
230 205 
230 248 
230 269 
230 10 
230 117 
230 505 
230 288 
230 75 
230 516 
230 341 
230 408 
230 16 
230 212 
230 49 
230 63 
230 266 
230 262 
230 314 
230 360 
230 343 
230 138 
230 17 
230 14 
230 442 
230 187 
230 337 
230 412 
230 276 
230 294 
230 160 
230 191 
230 84 
230 339 
230 111 
230 64 
230 144 
230 129 
230 376 
230 283 
230 428 
230 438 
230 290 
230 289 
230 215 
230 327 
230 485 
230 235 
230 8 
230 109 
230 398 
230 347 
230 310 
230 2 
230 482 
230 296 
230 12 
230 386 
230 18 
230 69 
230 449 
230 145 
230 140 
230 464 
230 156 
230 157 
230 105 
230 447 
230 83 
230 242 
230 28 
230 270 
230 255 
230 13 
230 519 
230 527 
230 279 
230 466 
230 285 
230 247 
230 432 
230 127 
230 154 
230 293 
230 455 
230 522 
230 368 
230 210 
230 261 
230 358 
230 336 
230 391 
230 316 
230 362 
230 332 
230 146 
230 448 
231 317 
231 458 
231 307 
231 489 
231 422 
231 244 
231 156 
231 34 
231 401 
231 464 
231 70 
231 509 
231 511 
231 449 
231 213 
231 425 
231 332 
231 115 
231 138 
231 226 
231 366 
231 341 
231 245 
231 297 
231 457 
231 292 
231 488 
231 242 
231 313 
231 215 
231 452 
231 50 
231 338 
231 11 
231 176 
231 284 
231 21 
231 267 
231 66 
231 229 
231 419 
231 274 
231 79 
231 180 
231 393 
231 214 
231 112 
231 159 
231 97 
231 205 
231 529 
231 514 
231 304 
231 142 
231 370 
231 308 
231 238 
231 406 
231 521 
231 132 
231 504 
231 435 
231 466 
231 273 
231 248 
231 129 
231 141 
231 43 
231 45 
231 530 
231 253 
231 427 
231 69 
231 348 
231 28 
231 467 
231 431 
231 107 
231 74 
231 110 
231 167 
231 197 
231 286 
231 310 
231 237 
231 420 
231 371 
231 512 
231 168 
231 101 
231 270 
231 399 
231 470 
231 219 
231 116 
231 27 
231 126 
231 64 
231 144 
231 96 
231 448 
231 461 
231 54 
231 364 
231 104 
231 25 
231 337 
231 460 
231 360 
231 312 
231 174 
231 179 
231 185 
231 374 
231 155 
231 345 
231 439 
231 283 
231 434 
231 241 
231 391 
231 410 
231 240 
231 507 
231 166 
231 411 
231 203 
231 528 
231 426 
231 486 
231 75 
231 6 
231 53 
231 288 
231 381 
231 429 
231 40 
231 340 
231 260 
231 94 
231 369 
231 173 
231 403 
231 524 
231 90 
231 163 
231 280 
231 44 
231 324 
231 78 
231 125 
231 150 
231 471 
231 329 
231 154 
231 254 
231 446 
231 299 
231 100 
231 413 
231 36 
231 519 
231 276 
231 77 
231 262 
231 339 
231 395 
231 334 
231 320 
231 188 
231 225 
231 206 
231 23 
231 9 
231 357 
231 223 
231 86 
232 419 
232 182 
232 30 
232 134 
232 203 
232 397 
232 515 
232 206 
232 252 
232 391 
232 478 
232 359 
232 110 
232 497 
232 449 
232 236 
232 108 
232 149 
232 456 
232 315 
232 156 
232 366 
232 169 
232 460 
232 245 
232 107 
232 448 
232 422 
232 243 
232 121 
232 3 
232 334 
232 102 
232 434 
232 258 
232 297 
232 198 
232 390 
232 250 
232 9 
232 43 
232 404 
232 425 
232 523 
232 50 
232 228 
232 313 
232 15 
232 423 
232 132 
232 280 
232 304 
232 183 
232 286 
232 160 
232 299 
232 128 
232 308 
232 292 
232 491 
232 197 
232 152 
232 294 
232 503 
232 119 
232 309 
232 514 
232 465 
232 144 
232 257 
232 454 
232 275 
232 342 
232 409 
232 264 
232 63 
232 196 
232 238 
232 61 
232 426 
232 450 
232 163 
232 451 
232 495 
232 240 
232 470 
232 349 
232 125 
232 26 
232 320 
232 466 
232 476 
232 40 
232 365 
232 77 
232 380 
232 312 
232 135 
232 8 
232 352 
232 242 
232 235 
232 279 
232 376 
232 85 
232 212 
232 438 
232 322 
232 459 
232 424 
232 42 
232 364 
232 89 
232 80 
232 516 
232 66 
232 521 
232 511 
232 90 
232 374 
232 469 
232 302 
232 20 
232 214 
232 287 
232 223 
232 382 
232 386 
232 21 
232 331 
232 290 
232 247 
232 166 
232 437 
232 56 
232 208 
232 445 
232 193 
232 234 
232 415 
232 455 
232 407 
232 100 
232 421 
232 17 
232 263 
232 360 
232 24 
232 18 
232 363 
232 120 
232 435 
232 500 
232 325 
232 467 
232 487 
232 127 
232 413 
232 389 
232 336 
232 284 
232 484 
232 347 
232 147 
232 457 
232 318 
232 481 
233 303 
233 371 
233 496 
233 215 
233 304 
233 278 
233 63 
233 164 
233 59 
233 34 
233 366 
233 427 
233 311 
233 346 
233 500 
233 354 
233 344 
233 131 
233 16 
233 255 
233 49 
233 481 
233 407 
233 254 
233 524 
233 415 
233 521 
233 451 
233 393 
233 309 
233 163 
233 387 
233 157 
233 285 
233 389 
233 171 
233 289 
233 269 
233 372 
233 401 
233 449 
233 446 
233 528 
233 475 
233 112 
233 494 
233 146 
233 400 
233 259 
233 161 
233 39 
233 458 
233 441 
233 239 
233 217 
233 486 
233 195 
233 328 
233 185 
233 207 
233 380 
233 438 
233 125 
233 429 
233 245 
233 334 
233 222 
233 362 
233 474 
233 351 
233 54 
233 432 
233 237 
233 276 
233 411 
233 270 
233 506 
233 52 
233 84 
233 405 
233 119 
233 448 
233 18 
233 472 
233 128 
233 19 
233 3 
233 48 
233 212 
233 505 
233 503 
233 493 
233 83 
233 117 
233 320 
233 504 
233 284 
233 244 
233 435 
233 118 
233 85 
233 26 
233 345 
233 4 
233 115 
233 423 
233 273 
233 144 
233 258 
233 229 
233 364 
233 374 
233 24 
233 348 
233 209 
233 454 
233 367 
233 483 
233 69 
233 262 
233 88 
233 65 
233 490 
233 86 
233 74 
233 336 
233 267 
233 379 
233 36 
233 315 
233 41 
233 465 
233 394 
233 529 
233 194 
233 290 
233 410 
233 305 
233 271 
233 210 
233 296 
233 9 
233 322 
233 404 
233 56 
233 178 
234 139 
234 362 
234 64 
234 271 
234 253 
234 130 
234 340 
234 317 
234 411 
234 452 
234 471 
234 127 
234 12 
234 494 
234 474 
234 80 
234 200 
234 251 
234 101 
234 346 
234 291 
234 453 
234 40 
234 496 
234 519 
234 123 
234 396 
234 226 
234 11 
234 98 
234 375 
234 301 
234 324 
234 205 
234 526 
234 350 
234 172 
234 56 
234 170 
234 82 
234 397 
234 96 
234 500 
234 378 
234 225 
234 395 
234 488 
234 195 
234 197 
234 300 
234 342 
234 299 
234 425 
234 186 
234 18 
234 437 
234 364 
234 444 
234 507 
234 393 
234 440 
234 320 
234 339 
234 357 
234 514 
234 331 
234 298 
234 259 
234 504 
234 157 
234 223 
234 307 
234 112 
234 13 
234 180 
234 156 
234 8 
234 424 
234 5 
234 6 
234 9 
234 88 
234 465 
234 62 
234 116 
234 278 
234 289 
234 419 
234 24 
234 76 
234 505 
234 308 
234 385 
234 137 
234 268 
234 177 
234 435 
234 410 
234 280 
234 288 
234 530 
234 436 
234 97 
234 327 
234 329 
234 89 
234 222 
234 285 
234 369 
234 247 
234 349 
234 442 
234 242 
234 445 
234 236 
234 103 
234 443 
234 30 
234 17 
234 189 
234 194 
234 524 
234 79 
234 70 
234 52 
234 510 
234 302 
234 322 
234 370 
234 305 
234 379 
234 417 
234 277 
234 333 
234 432 
234 86 
234 21 
234 293 
234 107 
234 201 
234 374 
234 336 
234 191 
234 109 
234 100 
234 72 
234 163 
234 232 
234 209 
234 179 
234 428 
234 371 
234 351 
234 71 
234 190 
234 206 
234 408 
234 478 
234 125 
234 151 
234 121 
234 23 
234 33 
234 175 
234 412 
235 80 
235 183 
235 346 
235 167 
235 292 
235 75 
235 21 
235 11 
235 361 
235 127 
235 296 
235 219 
235 245 
235 77 
235 403 
235 380 
235 151 
235 133 
235 84 
235 342 
235 95 
235 492 
235 238 
235 391 
235 71 
235 434 
235 428 
235 410 
235 501 
235 272 
235 485 
235 249 
235 79 
235 43 
235 48 
235 93 
235 226 
235 13 
235 135 
235 508 
235 447 
235 97 
235 46 
235 355 
235 203 
235 59 
235 402 
235 405 
235 205 
235 278 
235 339 
235 20 
235 299 
235 524 
235 306 
235 99 
235 5 
235 366 
235 316 
235 255 
235 190 
235 32 
235 319 
235 88 
235 24 
235 324 
235 139 
235 120 
235 275 
235 437 
235 124 
235 169 
235 27 
235 247 
235 528 
235 258 
235 67 
235 243 
235 358 
235 311 
235 382 
235 74 
235 152 
235 329 
235 420 
235 96 
235 277 
235 456 
235 250 
235 323 
235 504 
235 118 
235 478 
235 131 
235 459 
235 146 
235 414 
235 212 
235 378 
235 469 
235 202 
235 309 
235 279 
235 517 
235 230 
235 232 
235 106 
235 470 
235 229 
235 376 
235 521 
235 369 
235 386 
235 392 
235 215 
235 222 
235 144 
235 448 
235 185 
235 281 
235 50 
235 9 
235 198 
235 91 
235 184 
235 41 
235 56 
235 314 
235 359 
235 147 
235 333 
235 3 
235 310 
235 29 
235 62 
235 364 
235 221 
235 320 
235 531 
235 349 
235 35 
235 163 
235 129 
235 165 
235 335 
235 177 
235 462 
235 70 
235 19 
235 30 
235 515 
235 254 
235 354 
235 128 
235 265 
235 209 
235 268 
235 114 
235 161 
235 259 
235 387 
236 72 
236 481 
236 327 
236 436 
236 458 
236 15 
236 301 
236 232 
236 311 
236 148 
236 278 
236 204 
236 523 
236 526 
236 131 
236 170 
236 505 
236 135 
236 400 
236 530 
236 294 
236 67 
236 119 
236 384 
236 506 
236 95 
236 284 
236 244 
236 451 
236 491 
236 383 
236 163 
236 271 
236 310 
236 13 
236 187 
236 528 
236 309 
236 179 
236 328 
236 468 
236 267 
236 63 
236 25 
236 466 
236 161 
236 127 
236 250 
236 497 
236 331 
236 195 
236 10 
236 296 
236 159 
236 5 
236 330 
236 260 
236 346 
236 94 
236 173 
236 338 
236 169 
236 126 
236 456 
236 255 
236 387 
236 242 
236 240 
236 519 
236 516 
236 59 
236 391 
236 86 
236 77 
236 157 
236 487 
236 206 
236 377 
236 325 
236 68 
236 132 
236 515 
236 448 
236 480 
236 223 
236 257 
236 438 
236 408 
236 525 
236 304 
236 531 
236 395 
236 371 
236 462 
236 251 
236 375 
236 28 
236 30 
236 394 
236 485 
236 508 
236 452 
236 56 
236 65 
236 517 
236 425 
236 136 
236 504 
236 315 
236 93 
236 299 
236 489 
236 234 
236 104 
236 168 
236 430 
236 201 
236 83 
236 461 
236 115 
236 211 
236 469 
236 38 
236 9 
236 457 
236 247 
236 53 
236 434 
236 212 
236 305 
236 130 
236 292 
236 356 
236 455 
236 71 
236 210 
236 441 
236 186 
236 122 
236 198 
236 302 
236 482 
236 91 
236 270 
236 149 
236 471 
236 370 
236 220 
236 419 
236 50 
236 254 
236 269 
236 70 
236 208 
236 273 
237 32 
237 438 
237 194 
237 292 
237 150 
237 377 
237 429 
237 358 
237 202 
237 317 
237 253 
237 397 
237 477 
237 246 
237 40 
237 98 
237 475 
237 29 
237 84 
237 119 
237 433 
237 48 
237 269 
237 444 
237 95 
237 25 
237 30 
237 385 
237 108 
237 399 
237 70 
237 305 
237 304 
237 252 
237 406 
237 496 
237 334 
237 306 
237 258 
237 523 
237 229 
237 417 
237 91 
237 315 
237 395 
237 507 
237 290 
237 47 
237 522 
237 421 
237 77 
237 497 
237 219 
237 355 
237 510 
237 483 
237 214 
237 443 
237 310 
237 454 
237 431 
237 359 
237 425 
237 260 
237 335 
237 158 
237 342 
237 366 
237 467 
237 446 
237 362 
237 51 
237 9 
237 262 
237 167 
237 213 
237 265 
237 445 
237 231 
237 49 
237 198 
237 233 
237 459 
237 490 
237 313 
237 495 
237 65 
237 302 
237 423 
237 511 
237 6 
237 453 
237 228 
237 347 
237 473 
237 187 
237 117 
237 31 
237 402 
237 74 
237 81 
237 389 
237 191 
237 353 
237 42 
237 138 
237 101 
237 165 
237 303 
237 171 
237 92 
237 58 
237 375 
237 55 
237 461 
237 415 
237 196 
237 75 
237 471 
237 160 
237 144 
237 291 
237 392 
237 320 
237 13 
237 90 
237 527 
237 220 
237 516 
237 333 
237 293 
237 506 
237 344 
237 341 
237 272 
237 360 
237 147 
237 249 
237 478 
237 502 
237 434 
237 193 
237 128 
237 457 
237 15 
237 1 
237 103 
237 241 
237 346 
237 131 
237 325 
237 50 
237 3 
237 226 
237 152 
237 345 
237 83 
237 493 
237 405 
237 173 
237 67 
237 266 
237 82 
237 367 
237 201 
237 208 
237 476 
237 530 
237 339 
237 227 
237 222 
237 422 
237 225 
237 279 
238 459 
238 364 
238 404 
238 341 
238 316 
238 359 
238 26 
238 132 
238 243 
238 35 
238 371 
238 163 
238 476 
238 59 
238 323 
238 10 
238 235 
238 222 
238 289 
238 265 
238 417 
238 280 
238 91 
238 44 
238 92 
238 309 
238 124 
238 143 
238 192 
238 107 
238 511 
238 398 
238 131 
238 157 
238 513 
238 340 
238 269 
238 8 
238 523 
238 495 
238 275 
238 395 
238 86 
238 319 
238 462 
238 2 
238 376 
238 297 
238 450 
238 278 
238 231 
238 22 
238 337 
238 201 
238 227 
238 484 
238 63 
238 250 
238 259 
238 27 
238 16 
238 134 
238 271 
238 494 
238 335 
238 121 
238 151 
238 447 
238 514 
238 232 
238 17 
238 528 
238 464 
238 29 
238 372 
238 436 
238 446 
238 125 
238 312 
238 205 
238 403 
238 42 
238 220 
238 374 
238 267 
238 199 
238 218 
238 138 
238 241 
238 211 
238 501 
238 68 
238 101 
238 18 
238 244 
238 90 
238 19 
238 72 
238 315 
238 456 
238 273 
238 310 
238 105 
238 262 
238 329 
238 258 
238 437 
238 355 
238 247 
238 409 
238 46 
238 153 
238 38 
238 174 
238 522 
238 187 
238 62 
238 306 
238 56 
238 377 
238 57 
238 87 
238 342 
238 152 
238 145 
238 147 
238 311 
238 324 
238 370 
238 382 
238 443 
238 129 
238 51 
238 461 
238 245 
238 430 
238 466 
238 221 
238 406 
238 84 
238 332 
238 89 
238 225 
238 215 
238 520 
238 186 
238 402 
238 14 
238 349 
238 113 
238 385 
238 423 
238 169 
238 448 
238 216 
238 98 
238 343 
238 191 
238 507 
238 308 
238 431 
238 351 
238 381 
238 170 
239 430 
239 422 
239 209 
239 70 
239 432 
239 335 
239 115 
239 167 
239 44 
239 8 
239 16 
239 279 
239 204 
239 391 
239 96 
239 113 
239 126 
239 382 
239 461 
239 423 
239 15 
239 398 
239 492 
239 259 
239 434 
239 498 
239 278 
239 374 
239 240 
239 426 
239 193 
239 351 
239 145 
239 455 
239 196 
239 517 
239 69 
239 412 
239 501 
239 483 
239 264 
239 411 
239 489 
239 124 
239 428 
239 191 
239 256 
239 504 
239 18 
239 171 
239 65 
239 519 
239 245 
239 484 
239 174 
239 327 
239 390 
239 233 
239 531 
239 347 
239 24 
239 312 
239 436 
239 384 
239 415 
239 77 
239 125 
239 6 
239 144 
239 510 
239 179 
239 131 
239 285 
239 380 
239 79 
239 352 
239 505 
239 19 
239 346 
239 463 
239 192 
239 326 
239 50 
239 472 
239 311 
239 78 
239 82 
239 322 
239 392 
239 5 
239 381 
239 496 
239 502 
239 362 
239 419 
239 298 
239 83 
239 339 
239 444 
239 289 
239 277 
239 314 
239 255 
239 464 
239 283 
239 515 
239 527 
239 488 
239 413 
239 74 
239 188 
239 225 
239 360 
239 402 
239 313 
239 437 
239 10 
239 372 
239 465 
239 316 
239 227 
239 156 
239 363 
239 520 
239 462 
239 208 
239 528 
239 386 
239 23 
239 288 
239 276 
239 118 
239 485 
239 371 
239 457 
239 72 
239 132 
239 215 
239 254 
239 378 
239 220 
239 190 
239 119 
239 168 
239 218 
239 260 
239 41 
239 355 
239 26 
239 418 
239 389 
239 152 
240 371 
240 340 
240 24 
240 426 
240 118 
240 220 
240 120 
240 5 
240 189 
240 229 
240 249 
240 62 
240 522 
240 356 
240 16 
240 335 
240 123 
240 353 
240 355 
240 88 
240 363 
240 344 
240 177 
240 434 
240 299 
240 372 
240 358 
240 379 
240 329 
240 408 
240 389 
240 258 
240 175 
240 260 
240 279 
240 239 
240 461 
240 259 
240 411 
240 151 
240 442 
240 429 
240 383 
240 146 
240 114 
240 487 
240 149 
240 527 
240 261 
240 158 
240 399 
240 280 
240 472 
240 6 
240 492 
240 296 
240 197 
240 423 
240 84 
240 506 
240 443 
240 264 
240 246 
240 100 
240 22 
240 489 
240 60 
240 452 
240 236 
240 286 
240 449 
240 46 
240 38 
240 218 
240 316 
240 337 
240 136 
240 242 
240 232 
240 422 
240 111 
240 190 
240 287 
240 499 
240 80 
240 400 
240 245 
240 15 
240 288 
240 439 
240 203 
240 419 
240 14 
240 467 
240 154 
240 277 
240 113 
240 420 
240 291 
240 180 
240 271 
240 181 
240 8 
240 424 
240 107 
240 115 
240 446 
240 142 
240 367 
240 59 
240 525 
240 262 
240 349 
240 145 
240 128 
240 102 
240 170 
240 375 
240 231 
240 21 
240 359 
240 138 
240 317 
240 386 
240 332 
240 284 
240 457 
240 267 
240 81 
240 219 
240 135 
240 33 
240 309 
240 305 
240 465 
240 124 
240 66 
240 192 
240 503 
240 417 
240 74 
240 517 
240 394 
240 157 
240 32 
240 402 
240 43 
240 257 
240 302 
240 129 
240 453 
240 216 
240 308 
240 450 
240 117 
240 294 
240 188 
240 248 
240 514 
240 343 
240 485 
240 25 
240 512 
240 444 
240 357 
240 92 
241 164 
241 321 
241 197 
241 247 
241 64 
241 176 
241 386 
241 496 
241 446 
241 412 
241 228 
241 139 
241 44 
241 244 
241 248 
241 97 
241 72 
241 377 
241 333 
241 221 
241 451 
241 526 
241 521 
241 211 
241 109 
241 449 
241 454 
241 483 
241 13 
241 254 
241 452 
241 143 
241 464 
241 263 
241 475 
241 41 
241 373 
241 116 
241 284 
241 59 
241 65 
241 525 
241 269 
241 256 
241 253 
241 212 
241 40 
241 396 
241 27 
241 342 
241 444 
241 255 
241 276 
241 162 
241 166 
241 419 
241 187 
241 283 
241 265 
241 332 
241 133 
241 485 
241 24 
241 516 
241 366 
241 170 
241 330 
241 461 
241 328 
241 200 
241 341 
241 144 
241 32 
241 206 
241 71 
241 149 
241 46 
241 83 
241 145 
241 338 
241 287 
241 392 
241 267 
241 311 
241 348 
241 460 
241 238 
241 434 
241 85 
241 378 
241 293 
241 203 
241 19 
241 346 
241 313 
241 128 
241 468 
241 349 
241 127 
241 61 
241 192 
241 231 
241 120 
241 150 
241 268 
241 52 
241 323 
241 50 
241 58 
241 324 
241 442 
241 210 
241 350 
241 290 
241 264 
241 0 
241 99 
241 517 
241 122 
241 177 
241 462 
241 443 
241 178 
241 63 
241 288 
241 314 
241 237 
241 318 
241 126 
241 431 
241 125 
241 302 
241 258 
241 111 
241 223 
241 208 
241 335 
241 270 
241 371 
241 447 
242 467 
242 451 
242 98 
242 357 
242 85 
242 248 
242 346 
242 37 
242 184 
242 465 
242 207 
242 400 
242 496 
242 217 
242 326 
242 118 
242 48 
242 212 
242 510 
242 183 
242 413 
242 68 
242 149 
242 423 
242 344 
242 422 
242 408 
242 375 
242 498 
242 489 
242 302 
242 176 
242 407 
242 132 
242 76 
242 231 
242 215 
242 337 
242 77 
242 222 
242 19 
242 410 
242 491 
242 114 
242 276 
242 20 
242 121 
242 406 
242 109 
242 355 
242 35 
242 89 
242 468 
242 247 
242 51 
242 482 
242 168 
242 79 
242 141 
242 322 
242 119 
242 513 
242 303 
242 292 
242 126 
242 438 
242 442 
242 170 
242 275 
242 160 
242 295 
242 113 
242 112 
242 521 
242 88 
242 362 
242 492 
242 94 
242 455 
242 236 
242 267 
242 224 
242 317 
242 240 
242 43 
242 39 
242 206 
242 514 
242 272 
242 458 
242 189 
242 258 
242 392 
242 294 
242 34 
242 391 
242 104 
242 49 
242 21 
242 186 
242 509 
242 449 
242 264 
242 291 
242 157 
242 232 
242 440 
242 485 
242 443 
242 399 
242 515 
242 137 
242 14 
242 181 
242 257 
242 234 
242 381 
242 201 
242 7 
242 334 
242 447 
242 59 
242 507 
242 139 
242 452 
242 475 
242 511 
242 86 
242 353 
242 434 
242 252 
242 146 
242 523 
242 123 
242 419 
242 65 
242 0 
242 213 
242 269 
242 230 
242 309 
242 10 
242 520 
242 402 
242 279 
242 244 
242 69 
242 323 
242 151 
242 155 
242 122 
242 343 
242 307 
242 178 
242 27 
242 347 
242 277 
242 177 
242 64 
242 432 
242 33 
242 462 
242 142 
242 60 
242 368 
242 198 
242 128 
242 22 
242 97 
242 216 
242 18 
243 348 
243 202 
243 177 
243 126 
243 467 
243 258 
243 313 
243 153 
243 164 
243 136 
243 238 
243 85 
243 7 
243 316 
243 415 
243 130 
243 246 
243 166 
243 86 
243 309 
243 66 
243 482 
243 192 
243 199 
243 318 
243 245 
243 377 
243 13 
243 395 
243 411 
243 132 
243 232 
243 361 
243 108 
243 468 
243 81 
243 216 
243 448 
243 444 
243 349 
243 111 
243 41 
243 288 
243 56 
243 148 
243 225 
243 198 
243 413 
243 531 
243 300 
243 527 
243 209 
243 272 
243 330 
243 228 
243 327 
243 267 
243 293 
243 74 
243 333 
243 173 
243 342 
243 150 
243 513 
243 321 
243 440 
243 143 
243 373 
243 195 
243 335 
243 87 
243 387 
243 393 
243 222 
243 154 
243 253 
243 254 
243 525 
243 235 
243 193 
243 170 
243 308 
243 176 
243 75 
243 139 
243 430 
243 420 
243 62 
243 428 
243 183 
243 106 
243 226 
243 244 
243 168 
243 437 
243 331 
243 64 
243 149 
243 54 
243 484 
243 65 
243 271 
243 508 
243 60 
243 429 
243 326 
243 489 
243 133 
243 421 
243 473 
243 322 
243 306 
243 472 
243 5 
243 488 
243 90 
243 409 
243 145 
243 194 
243 99 
243 200 
243 273 
243 141 
243 260 
243 364 
243 498 
243 124 
243 518 
243 167 
243 162 
243 211 
243 352 
243 1 
243 500 
243 43 
243 405 
243 157 
243 368 
243 314 
243 494 
243 82 
243 261 
243 382 
243 206 
243 269 
243 516 
243 311 
243 315 
243 284 
243 394 
243 304 
243 294 
243 100 
243 407 
243 212 
243 401 
243 528 
243 32 
243 18 
243 28 
243 151 
243 325 
243 103 
243 275 
243 33 
243 287 
243 432 
243 190 
243 366 
243 134 
243 374 
243 80 
243 363 
244 216 
244 206 
244 142 
244 475 
244 358 
244 92 
244 231 
244 522 
244 491 
244 418 
244 401 
244 453 
244 241 
244 212 
244 169 
244 325 
244 191 
244 61 
244 529 
244 227 
244 506 
244 257 
244 198 
244 44 
244 424 
244 479 
244 511 
244 471 
244 110 
244 48 
244 326 
244 163 
244 260 
244 531 
244 365 
244 236 
244 463 
244 207 
244 126 
244 349 
244 182 
244 47 
244 104 
244 115 
244 488 
244 15 
244 514 
244 177 
244 123 
244 175 
244 166 
244 226 
244 334 
244 87 
244 20 
244 122 
244 400 
244 58 
244 265 
244 105 
244 314 
244 403 
244 477 
244 346 
244 141 
244 296 
244 285 
244 412 
244 145 
244 431 
244 528 
244 5 
244 69 
244 289 
244 508 
244 178 
244 290 
244 272 
244 458 
244 428 
244 298 
244 329 
244 457 
244 162 
244 493 
244 96 
244 161 
244 132 
244 146 
244 387 
244 243 
244 268 
244 22 
244 46 
244 378 
244 525 
244 406 
244 367 
244 300 
244 263 
244 213 
244 455 
244 238 
244 152 
244 390 
244 55 
244 278 
244 155 
244 359 
244 502 
244 196 
244 299 
244 476 
244 422 
244 91 
244 301 
244 288 
244 233 
244 461 
244 308 
244 192 
244 371 
244 335 
244 242 
244 484 
244 446 
244 73 
244 50 
244 280 
244 501 
244 372 
244 429 
244 407 
244 67 
244 188 
244 56 
244 269 
244 11 
244 321 
244 81 
244 527 
244 103 
244 225 
244 518 
244 440 
244 292 
244 224 
244 295 
244 83 
244 381 
244 515 
244 348 
244 112 
244 338 
244 452 
244 433 
245 272 
245 484 
245 452 
245 84 
245 45 
245 304 
245 444 
245 440 
245 235 
245 337 
245 92 
245 345 
245 258 
245 487 
245 510 
245 342 
245 507 
245 405 
245 404 
245 525 
245 243 
245 446 
245 231 
245 4 
245 232 
245 62 
245 412 
245 108 
245 436 
245 153 
245 396 
245 281 
245 315 
245 500 
245 207 
245 29 
245 46 
245 156 
245 420 
245 285 
245 491 
245 102 
245 289 
245 468 
245 226 
245 20 
245 191 
245 288 
245 68 
245 13 
245 77 
245 402 
245 63 
245 119 
245 509 
245 0 
245 72 
245 247 
245 503 
245 260 
245 270 
245 467 
245 239 
245 346 
245 521 
245 61 
245 277 
245 135 
245 263 
245 512 
245 300 
245 495 
245 391 
245 28 
245 233 
245 335 
245 352 
245 38 
245 125 
245 106 
245 327 
245 83 
245 385 
245 257 
245 403 
245 478 
245 502 
245 339 
245 85 
245 240 
245 413 
245 107 
245 49 
245 343 
245 387 
245 24 
245 148 
245 316 
245 131 
245 150 
245 526 
245 217 
245 341 
245 435 
245 274 
245 456 
245 40 
245 297 
245 398 
245 292 
245 287 
245 441 
245 2 
245 333 
245 434 
245 5 
245 439 
245 43 
245 56 
245 162 
245 259 
245 216 
245 312 
245 432 
245 25 
245 379 
245 520 
245 204 
245 98 
245 208 
245 524 
245 185 
245 377 
245 1 
245 157 
245 238 
245 164 
245 161 
245 501 
245 373 
245 152 
245 254 
245 299 
245 455 
245 39 
245 349 
245 425 
245 220 
245 111 
245 358 
245 122 
245 265 
245 464 
245 408 
245 453 
245 328 
245 311 
245 466 
245 81 
245 169 
245 78 
245 65 
245 271 
245 442 
245 422 
245 167 
245 283 
246 506 
246 323 
246 291 
246 403 
246 87 
246 311 
246 66 
246 302 
246 225 
246 178 
246 422 
246 243 
246 237 
246 373 
246 91 
246 470 
246 217 
246 176 
246 210 
246 308 
246 454 
246 26 
246 425 
246 265 
246 220 
246 111 
246 413 
246 35 
246 522 
246 410 
246 253 
246 447 
246 358 
246 526 
246 39 
246 494 
246 63 
246 405 
246 76 
246 450 
246 259 
246 0 
246 140 
246 256 
246 379 
246 472 
246 24 
246 452 
246 184 
246 107 
246 142 
246 293 
246 464 
246 205 
246 177 
246 345 
246 519 
246 240 
246 110 
246 348 
246 224 
246 434 
246 361 
246 281 
246 514 
246 36 
246 473 
246 510 
246 267 
246 354 
246 445 
246 284 
246 166 
246 524 
246 149 
246 439 
246 461 
246 160 
246 29 
246 174 
246 426 
246 393 
246 13 
246 154 
246 380 
246 229 
246 329 
246 279 
246 8 
246 251 
246 25 
246 397 
246 7 
246 43 
246 475 
246 498 
246 126 
246 103 
246 512 
246 420 
246 226 
246 1 
246 277 
246 260 
246 334 
246 207 
246 201 
246 477 
246 102 
246 383 
246 469 
246 511 
246 268 
246 47 
246 402 
246 389 
246 75 
246 134 
246 218 
246 331 
246 372 
246 147 
246 466 
246 125 
246 298 
246 346 
246 68 
246 18 
246 357 
246 495 
246 57 
246 262 
246 88 
246 392 
246 391 
246 141 
246 394 
246 355 
246 467 
246 198 
246 497 
246 257 
246 521 
246 501 
246 325 
246 490 
246 139 
246 158 
246 505 
246 406 
246 404 
246 70 
247 89 
247 158 
247 241 
247 81 
247 228 
247 442 
247 311 
247 522 
247 371 
247 425 
247 47 
247 80 
247 172 
247 34 
247 320 
247 120 
247 318 
247 336 
247 443 
247 173 
247 456 
247 446 
247 508 
247 196 
247 99 
247 66 
247 8 
247 102 
247 96 
247 165 
247 131 
247 174 
247 498 
247 329 
247 273 
247 136 
247 161 
247 116 
247 91 
247 261 
247 304 
247 381 
247 214 
247 255 
247 328 
247 296 
247 29 
247 35 
247 281 
247 242 
247 113 
247 342 
247 85 
247 92 
247 114 
247 505 
247 123 
247 83 
247 56 
247 482 
247 479 
247 274 
247 485 
247 245 
247 489 
247 378 
247 86 
247 518 
247 331 
247 87 
247 235 
247 515 
247 198 
247 75 
247 513 
247 162 
247 361 
247 299 
247 90 
247 63 
247 294 
247 327 
247 477 
247 369 
247 201 
247 57 
247 262 
247 394 
247 26 
247 454 
247 417 
247 307 
247 94 
247 191 
247 44 
247 427 
247 77 
247 41 
247 103 
247 264 
247 32 
247 283 
247 490 
247 36 
247 166 
247 234 
247 98 
247 275 
247 210 
247 189 
247 25 
247 216 
247 238 
247 101 
247 351 
247 134 
247 481 
247 366 
247 308 
247 167 
247 204 
247 502 
247 18 
247 321 
247 227 
247 93 
247 460 
247 435 
247 480 
247 312 
247 156 
247 474 
247 319 
247 213 
247 51 
247 186 
247 130 
247 236 
247 332 
247 401 
247 111 
247 157 
247 500 
247 84 
247 232 
247 271 
247 184 
247 187 
247 325 
247 379 
247 31 
247 42 
247 14 
247 453 
247 59 
247 279 
247 293 
247 230 
247 526 
247 437 
247 10 
247 306 
247 149 
247 398 
247 37 
247 298 
247 428 
247 501 
247 512 
247 48 
247 343 
247 212 
247 70 
247 277 
247 452 
247 507 
247 267 
247 28 
247 69 
247 72 
247 376 
247 256 
247 404 
247 251 
248 320 
248 361 
248 176 
248 524 
248 326 
248 455 
248 201 
248 50 
248 476 
248 434 
248 242 
248 513 
248 516 
248 223 
248 481 
248 270 
248 318 
248 241 
248 487 
248 332 
248 441 
248 110 
248 182 
248 85 
248 458 
248 301 
248 431 
248 32 
248 5 
248 57 
248 51 
248 346 
248 209 
248 310 
248 299 
248 381 
248 6 
248 389 
248 307 
248 439 
248 55 
248 172 
248 24 
248 118 
248 34 
248 121 
248 149 
248 148 
248 73 
248 212 
248 78 
248 17 
248 189 
248 328 
248 128 
248 230 
248 107 
248 135 
248 90 
248 231 
248 96 
248 423 
248 255 
248 531 
248 130 
248 62 
248 220 
248 102 
248 335 
248 319 
248 408 
248 324 
248 462 
248 338 
248 277 
248 525 
248 398 
248 173 
248 350 
248 400 
248 3 
248 443 
248 178 
248 399 
248 339 
248 304 
248 280 
248 373 
248 376 
248 446 
248 219 
248 60 
248 165 
248 349 
248 282 
248 204 
248 351 
248 33 
248 226 
248 104 
248 287 
248 436 
248 11 
248 81 
248 122 
248 340 
248 367 
248 44 
248 418 
248 94 
248 384 
248 138 
248 448 
248 417 
248 45 
248 64 
248 352 
248 168 
248 213 
248 325 
248 313 
248 412 
248 391 
248 4 
248 207 
248 486 
248 385 
248 407 
248 457 
248 366 
248 411 
248 53 
248 77 
248 84 
248 512 
248 494 
248 451 
248 155 
248 37 
248 52 
248 206 
248 139 
248 8 
248 98 
248 519 
248 181 
248 152 
248 330 
248 146 
248 290 
248 374 
248 240 
248 474 
248 460 
248 225 
248 500 
248 136 
248 337 
248 40 
248 453 
248 477 
248 273 
248 183 
248 416 
248 424 
248 158 
248 473 
248 39 
248 523 
249 46 
249 508 
249 39 
249 414 
249 80 
249 310 
249 47 
249 520 
249 348 
249 190 
249 438 
249 280 
249 240 
249 141 
249 262 
249 146 
249 357 
249 156 
249 311 
249 77 
249 426 
249 87 
249 261 
249 1 
249 121 
249 347 
249 392 
249 361 
249 202 
249 235 
249 511 
249 333 
249 388 
249 475 
249 73 
249 85 
249 472 
249 187 
249 155 
249 360 
249 70 
249 355 
249 213 
249 465 
249 209 
249 378 
249 483 
249 264 
249 324 
249 380 
249 220 
249 6 
249 200 
249 91 
249 166 
249 494 
249 469 
249 300 
249 374 
249 399 
249 437 
249 112 
249 251 
249 54 
249 527 
249 359 
249 150 
249 441 
249 78 
249 94 
249 28 
249 295 
249 307 
249 529 
249 407 
249 216 
249 277 
249 451 
249 349 
249 345 
249 416 
249 256 
249 188 
249 410 
249 436 
249 492 
249 484 
249 278 
249 163 
249 444 
249 175 
249 344 
249 419 
249 57 
249 93 
249 63 
249 411 
249 51 
249 26 
249 88 
249 37 
249 402 
249 143 
249 449 
249 136 
249 176 
249 130 
249 415 
249 510 
249 224 
249 298 
249 417 
249 144 
249 56 
249 423 
249 168 
249 405 
249 338 
249 463 
249 482 
249 31 
249 387 
249 108 
249 14 
249 237 
249 118 
249 429 
249 274 
249 160 
249 189 
249 292 
249 308 
249 159 
249 180 
249 182 
249 75 
249 101 
249 0 
249 530 
249 457 
249 111 
249 222 
249 485 
249 104 
249 330 
249 96 
249 461 
250 22 
250 190 
250 55 
250 373 
250 461 
250 382 
250 197 
250 14 
250 409 
250 371 
250 442 
250 1 
250 452 
250 171 
250 339 
250 355 
250 348 
250 459 
250 455 
250 189 
250 395 
250 407 
250 81 
250 477 
250 65 
250 83 
250 283 
250 165 
250 115 
250 216 
250 342 
250 188 
250 172 
250 303 
250 47 
250 232 
250 15 
250 436 
250 18 
250 82 
250 447 
250 479 
250 509 
250 152 
250 469 
250 112 
250 496 
250 212 
250 236 
250 76 
250 319 
250 238 
250 145 
250 301 
250 143 
250 464 
250 37 
250 422 
250 528 
250 305 
250 393 
250 11 
250 457 
250 204 
250 289 
250 430 
250 114 
250 500 
250 354 
250 330 
250 132 
250 88 
250 28 
250 193 
250 235 
250 228 
250 49 
250 322 
250 262 
250 183 
250 379 
250 131 
250 404 
250 282 
250 439 
250 449 
250 202 
250 150 
250 77 
250 450 
250 26 
250 313 
250 352 
250 522 
250 268 
250 316 
250 59 
250 361 
250 97 
250 527 
250 326 
250 350 
250 52 
250 476 
250 471 
250 388 
250 498 
250 68 
250 218 
250 21 
250 201 
250 111 
250 267 
250 36 
250 24 
250 333 
250 123 
250 19 
250 159 
250 396 
250 271 
250 174 
250 383 
250 137 
250 432 
250 327 
250 39 
250 200 
250 337 
250 317 
250 518 
250 227 
250 43 
250 156 
250 166 
250 215 
250 269 
250 181 
250 281 
250 91 
250 38 
250 499 
250 169 
250 58 
251 426 
251 411 
251 309 
251 216 
251 454 
251 215 
251 50 
251 351 
251 355 
251 327 
251 410 
251 179 
251 73 
251 346 
251 132 
251 176 
251 528 
251 72 
251 442 
251 341 
251 21 
251 515 
251 155 
251 74 
251 234 
251 126 
251 494 
251 218 
251 289 
251 105 
251 35 
251 182 
251 522 
251 343 
251 163 
251 81 
251 27 
251 274 
251 363 
251 150 
251 85 
251 151 
251 365 
251 361 
251 3 
251 450 
251 75 
251 520 
251 423 
251 33 
251 221 
251 110 
251 399 
251 226 
251 306 
251 427 
251 64 
251 152 
251 189 
251 404 
251 84 
251 285 
251 489 
251 477 
251 439 
251 88 
251 514 
251 249 
251 124 
251 372 
251 217 
251 170 
251 212 
251 335 
251 61 
251 131 
251 0 
251 228 
251 263 
251 278 
251 271 
251 31 
251 326 
251 45 
251 422 
251 457 
251 414 
251 94 
251 307 
251 393 
251 401 
251 325 
251 59 
251 495 
251 303 
251 181 
251 288 
251 139 
251 236 
251 246 
251 500 
251 66 
251 134 
251 65 
251 429 
251 119 
251 70 
251 143 
251 86 
251 266 
251 402 
251 82 
251 261 
251 425 
251 38 
251 281 
251 158 
251 255 
251 406 
251 16 
251 329 
251 405 
251 52 
251 470 
251 205 
251 39 
251 512 
251 55 
251 467 
251 225 
251 109 
251 20 
251 36 
251 299 
251 409 
251 162 
251 161 
251 531 
251 193 
251 446 
251 107 
251 71 
251 187 
251 347 
251 466 
251 53 
251 175 
251 247 
251 270 
251 330 
252 384 
252 361 
252 443 
252 467 
252 232 
252 200 
252 488 
252 324 
252 450 
252 268 
252 528 
252 463 
252 452 
252 359 
252 490 
252 447 
252 272 
252 329 
252 263 
252 125 
252 332 
252 259 
252 156 
252 136 
252 100 
252 206 
252 134 
252 61 
252 139 
252 34 
252 530 
252 79 
252 122 
252 522 
252 16 
252 502 
252 425 
252 237 
252 255 
252 124 
252 160 
252 123 
252 341 
252 499 
252 168 
252 258 
252 500 
252 254 
252 161 
252 213 
252 282 
252 459 
252 113 
252 71 
252 484 
252 82 
252 318 
252 97 
252 357 
252 434 
252 468 
252 458 
252 498 
252 405 
252 140 
252 253 
252 280 
252 289 
252 288 
252 486 
252 118 
252 135 
252 340 
252 396 
252 363 
252 392 
252 130 
252 462 
252 526 
252 476 
252 422 
252 177 
252 504 
252 473 
252 481 
252 374 
252 403 
252 1 
252 514 
252 77 
252 356 
252 53 
252 367 
252 182 
252 399 
252 271 
252 227 
252 49 
252 416 
252 299 
252 362 
252 266 
252 461 
252 378 
252 497 
252 338 
252 376 
252 274 
252 106 
252 75 
252 512 
252 337 
252 439 
252 29 
252 242 
252 138 
252 41 
252 311 
252 112 
252 257 
252 397 
252 293 
252 43 
252 511 
252 489 
252 368 
252 19 
252 385 
252 292 
252 35 
252 352 
252 323 
252 223 
252 480 
252 88 
252 256 
252 194 
252 184 
252 157 
252 503 
252 449 
252 343 
252 158 
252 192 
252 523 
252 394 
253 91 
253 334 
253 363 
253 392 
253 470 
253 307 
253 517 
253 234 
253 508 
253 478 
253 304 
253 296 
253 226 
253 237 
253 11 
253 445 
253 165 
253 79 
253 372 
253 314 
253 141 
253 407 
253 448 
253 145 
253 393 
253 171 
253 102 
253 479 
253 193 
253 390 
253 412 
253 275 
253 36 
253 321 
253 66 
253 54 
253 483 
253 527 
253 217 
253 414 
253 459 
253 246 
253 375 
253 105 
253 305 
253 474 
253 278 
253 72 
253 277 
253 292 
253 366 
253 450 
253 484 
253 241 
253 368 
253 437 
253 189 
253 426 
253 398 
253 13 
253 322 
253 454 
253 288 
253 451 
253 466 
253 410 
253 53 
253 285 
253 19 
253 320 
253 331 
253 231 
253 57 
253 143 
253 243 
253 355 
253 252 
253 89 
253 530 
253 447 
253 415 
253 361 
253 85 
253 110 
253 271 
253 24 
253 51 
253 207 
253 311 
253 297 
253 214 
253 318 
253 503 
253 329 
253 395 
253 20 
253 177 
253 161 
253 370 
253 117 
253 128 
253 343 
253 152 
253 457 
253 16 
253 337 
253 77 
253 32 
253 28 
253 384 
253 6 
253 156 
253 499 
253 216 
253 98 
253 257 
253 101 
253 188 
253 464 
253 439 
253 149 
253 345 
253 323 
253 160 
253 371 
253 369 
253 256 
253 299 
253 69 
253 131 
253 204 
253 514 
253 373 
253 59 
253 183 
253 287 
253 92 
253 354 
253 29 
253 364 
253 138 
253 47 
253 444 
253 419 
253 254 
253 487 
253 531 
253 286 
253 293 
253 88 
253 518 
253 30 
253 74 
253 168 
253 65 
253 365 
253 213 
253 122 
253 132 
253 195 
253 469 
253 308 
253 349 
253 400 
253 359 
253 166 
253 497 
254 42 
254 98 
254 156 
254 454 
254 365 
254 418 
254 276 
254 93 
254 304 
254 452 
254 487 
254 145 
254 467 
254 136 
254 47 
254 153 
254 438 
254 22 
254 361 
254 524 
254 369 
254 292 
254 468 
254 176 
254 73 
254 290 
254 526 
254 326 
254 441 
254 133 
254 157 
254 481 
254 303 
254 241 
254 233 
254 448 
254 88 
254 293 
254 325 
254 164 
254 318 
254 167 
254 21 
254 37 
254 200 
254 252 
254 350 
254 414 
254 171 
254 159 
254 20 
254 386 
254 423 
254 274 
254 282 
254 43 
254 35 
254 409 
254 139 
254 39 
254 198 
254 224 
254 169 
254 243 
254 104 
254 310 
254 141 
254 33 
254 495 
254 262 
254 54 
254 260 
254 158 
254 327 
254 368 
254 112 
254 415 
254 84 
254 174 
254 55 
254 395 
254 121 
254 298 
254 41 
254 430 
254 14 
254 278 
254 499 
254 258 
254 212 
254 12 
254 358 
254 475 
254 406 
254 82 
254 214 
254 9 
254 161 
254 59 
254 378 
254 323 
254 206 
254 486 
254 32 
254 166 
254 267 
254 163 
254 175 
254 315 
254 309 
254 330 
254 412 
254 86 
254 360 
254 490 
254 77 
254 336 
254 85 
254 506 
254 129 
254 96 
254 118 
254 494 
254 382 
254 280 
254 207 
254 245 
254 264 
254 461 
254 40 
254 253 
254 196 
254 216 
254 231 
254 525 
254 307 
254 302 
254 374 
254 239 
254 235 
254 126 
254 61 
254 348 
254 283 
254 188 
254 377 
254 321 
254 236 
254 213 
254 256 
255 152 
255 97 
255 478 
255 527 
255 370 
255 281 
255 77 
255 127 
255 363 
255 369 
255 140 
255 260 
255 365 
255 529 
255 360 
255 273 
255 206 
255 340 
255 157 
255 489 
255 24 
255 505 
255 490 
255 126 
255 398 
255 130 
255 270 
255 177 
255 264 
255 303 
255 524 
255 349 
255 5 
255 29 
255 233 
255 184 
255 10 
255 285 
255 252 
255 437 
255 88 
255 368 
255 324 
255 288 
255 304 
255 299 
255 247 
255 367 
255 341 
255 259 
255 481 
255 55 
255 187 
255 449 
255 219 
255 235 
255 116 
255 47 
255 503 
255 182 
255 241 
255 457 
255 372 
255 220 
255 80 
255 465 
255 248 
255 108 
255 526 
255 430 
255 522 
255 53 
255 442 
255 11 
255 236 
255 384 
255 3 
255 386 
255 275 
255 15 
255 9 
255 433 
255 106 
255 271 
255 515 
255 134 
255 48 
255 38 
255 51 
255 0 
255 144 
255 32 
255 87 
255 265 
255 473 
255 453 
255 70 
255 379 
255 435 
255 209 
255 327 
255 497 
255 28 
255 175 
255 19 
255 153 
255 298 
255 212 
255 504 
255 50 
255 94 
255 239 
255 493 
255 482 
255 186 
255 305 
255 102 
255 274 
255 183 
255 499 
255 485 
255 439 
255 294 
255 103 
255 455 
255 251 
255 279 
255 512 
255 351 
255 230 
255 380 
255 137 
255 30 
255 12 
255 525 
255 2 
255 447 
255 165 
255 501 
255 391 
255 446 
255 146 
255 4 
255 154 
255 343 
255 226 
255 159 
255 315 
255 361 
255 443 
255 223 
255 257 
256 13 
256 369 
256 228 
256 66 
256 48 
256 326 
256 89 
256 69 
256 357 
256 348 
256 352 
256 123 
256 152 
256 422 
256 462 
256 73 
256 223 
256 170 
256 485 
256 125 
256 105 
256 508 
256 53 
256 490 
256 523 
256 101 
256 321 
256 197 
256 389 
256 413 
256 94 
256 376 
256 441 
256 15 
256 267 
256 50 
256 503 
256 79 
256 383 
256 82 
256 283 
256 241 
256 246 
256 16 
256 331 
256 466 
256 131 
256 340 
256 65 
256 319 
256 239 
256 492 
256 430 
256 26 
256 401 
256 487 
256 310 
256 473 
256 494 
256 179 
256 453 
256 279 
256 435 
256 474 
256 444 
256 154 
256 181 
256 458 
256 465 
256 491 
256 272 
256 299 
256 2 
256 9 
256 420 
256 188 
256 320 
256 249 
256 276 
256 449 
256 278 
256 297 
256 261 
256 322 
256 506 
256 292 
256 103 
256 262 
256 45 
256 392 
256 116 
256 360 
256 177 
256 81 
256 149 
256 258 
256 155 
256 8 
256 121 
256 133 
256 486 
256 423 
256 216 
256 12 
256 530 
256 396 
256 463 
256 0 
256 306 
256 159 
256 186 
256 429 
256 443 
256 180 
256 145 
256 112 
256 168 
256 253 
256 95 
256 460 
256 27 
256 415 
256 21 
256 56 
256 439 
256 162 
256 189 
256 514 
256 467 
256 146 
256 328 
256 470 
256 252 
256 436 
256 497 
256 277 
256 102 
256 109 
256 178 
256 398 
256 67 
256 518 
256 80 
256 475 
256 280 
256 254 
256 247 
256 127 
257 82 
257 404 
257 306 
257 519 
257 159 
257 337 
257 321 
257 353 
257 171 
257 179 
257 105 
257 94 
257 37 
257 417 
257 169 
257 133 
257 244 
257 226 
257 336 
257 530 
257 396 
257 201 
257 512 
257 220 
257 480 
257 121 
257 38 
257 187 
257 117 
257 486 
257 24 
257 382 
257 364 
257 186 
257 356 
257 405 
257 89 
257 19 
257 148 
257 44 
257 20 
257 391 
257 274 
257 314 
257 526 
257 50 
257 502 
257 527 
257 430 
257 28 
257 268 
257 232 
257 520 
257 463 
257 390 
257 198 
257 303 
257 291 
257 228 
257 162 
257 113 
257 278 
257 270 
257 261 
257 172 
257 437 
257 115 
257 258 
257 107 
257 62 
257 492 
257 223 
257 245 
257 70 
257 329 
257 476 
257 229 
257 368 
257 129 
257 207 
257 454 
257 236 
257 525 
257 513 
257 322 
257 351 
257 468 
257 330 
257 458 
257 357 
257 339 
257 335 
257 156 
257 288 
257 331 
257 14 
257 485 
257 9 
257 457 
257 203 
257 214 
257 181 
257 76 
257 297 
257 242 
257 287 
257 253 
257 164 
257 10 
257 365 
257 373 
257 434 
257 190 
257 342 
257 521 
257 361 
257 400 
257 252 
257 86 
257 384 
257 173 
257 188 
257 289 
257 510 
257 399 
257 152 
257 343 
257 378 
257 206 
257 240 
257 475 
257 103 
257 495 
257 61 
257 193 
257 84 
257 266 
257 246 
257 422 
257 160 
257 406 
257 138 
257 45 
257 376 
257 426 
257 134 
257 63 
257 95 
257 7 
257 35 
257 255 
258 62 
258 481 
258 243 
258 457 
258 46 
258 167 
258 506 
258 291 
258 151 
258 373 
258 83 
258 245 
258 316 
258 161 
258 225 
258 344 
258 437 
258 180 
258 512 
258 391 
258 513 
258 348 
258 23 
258 80 
258 240 
258 125 
258 232 
258 174 
258 17 
258 515 
258 467 
258 237 
258 334 
258 176 
258 104 
258 14 
258 97 
258 335 
258 50 
258 22 
258 276 
258 455 
258 317 
258 252 
258 28 
258 474 
258 230 
258 453 
258 530 
258 41 
258 472 
258 101 
258 103 
258 489 
258 468 
258 40 
258 365 
258 380 
258 199 
258 30 
258 416 
258 66 
258 235 
258 279 
258 347 
258 524 
258 37 
258 406 
258 73 
258 525 
258 173 
258 105 
258 451 
258 33 
258 32 
258 298 
258 507 
258 257 
258 445 
258 81 
258 162 
258 527 
258 368 
258 518 
258 72 
258 8 
258 242 
258 293 
258 312 
258 531 
258 60 
258 420 
258 135 
258 280 
258 29 
258 51 
258 254 
258 377 
258 200 
258 521 
258 326 
258 397 
258 490 
258 256 
258 448 
258 6 
258 320 
258 267 
258 410 
258 229 
258 238 
258 126 
258 483 
258 476 
258 61 
258 116 
258 426 
258 38 
258 414 
258 526 
258 516 
258 102 
258 79 
258 76 
258 306 
258 342 
258 484 
258 522 
258 405 
258 178 
258 284 
258 340 
258 435 
258 363 
258 431 
258 11 
258 359 
258 96 
258 134 
258 65 
258 269 
258 233 
258 358 
258 223 
258 319 
258 449 
258 35 
258 220 
258 196 
258 423 
258 49 
258 275 
258 13 
258 411 
258 318 
258 337 
258 384 
258 114 
258 386 
258 259 
258 191 
258 439 
258 241 
258 133 
258 145 
258 304 
258 278 
259 18 
259 103 
259 212 
259 302 
259 191 
259 476 
259 429 
259 278 
259 364 
259 528 
259 519 
259 403 
259 99 
259 154 
259 334 
259 273 
259 432 
259 332 
259 356 
259 252 
259 439 
259 384 
259 296 
259 423 
259 468 
259 239 
259 523 
259 418 
259 34 
259 279 
259 151 
259 512 
259 417 
259 227 
259 54 
259 281 
259 196 
259 156 
259 240 
259 347 
259 95 
259 290 
259 400 
259 438 
259 48 
259 327 
259 446 
259 246 
259 255 
259 6 
259 195 
259 180 
259 381 
259 238 
259 52 
259 198 
259 529 
259 531 
259 234 
259 344 
259 233 
259 263 
259 166 
259 409 
259 118 
259 474 
259 472 
259 10 
259 221 
259 122 
259 382 
259 269 
259 225 
259 520 
259 360 
259 277 
259 157 
259 55 
259 106 
259 363 
259 502 
259 83 
259 349 
259 391 
259 130 
259 167 
259 505 
259 428 
259 65 
259 66 
259 9 
259 45 
259 498 
259 213 
259 57 
259 524 
259 134 
259 16 
259 343 
259 315 
259 271 
259 20 
259 183 
259 501 
259 434 
259 459 
259 91 
259 358 
259 15 
259 164 
259 69 
259 464 
259 150 
259 365 
259 486 
259 245 
259 405 
259 399 
259 58 
259 3 
259 450 
259 185 
259 87 
259 75 
259 189 
259 452 
259 413 
259 440 
259 473 
259 359 
259 331 
259 270 
259 453 
259 305 
259 143 
259 337 
259 161 
259 411 
259 386 
259 98 
259 291 
259 258 
259 131 
259 209 
259 477 
259 175 
259 235 
259 317 
260 519 
260 424 
260 444 
260 284 
260 209 
260 174 
260 528 
260 99 
260 438 
260 136 
260 9 
260 518 
260 335 
260 90 
260 332 
260 255 
260 126 
260 281 
260 428 
260 89 
260 514 
260 119 
260 328 
260 355 
260 295 
260 457 
260 316 
260 4 
260 298 
260 244 
260 267 
260 367 
260 272 
260 240 
260 203 
260 477 
260 37 
260 87 
260 3 
260 84 
260 301 
260 12 
260 525 
260 273 
260 142 
260 46 
260 344 
260 161 
260 169 
260 76 
260 79 
260 91 
260 14 
260 286 
260 168 
260 275 
260 470 
260 492 
260 236 
260 313 
260 442 
260 466 
260 423 
260 245 
260 310 
260 416 
260 369 
260 319 
260 186 
260 237 
260 354 
260 199 
260 288 
260 182 
260 85 
260 296 
260 77 
260 254 
260 347 
260 23 
260 34 
260 458 
260 512 
260 498 
260 148 
260 375 
260 346 
260 36 
260 216 
260 10 
260 20 
260 293 
260 447 
260 289 
260 11 
260 44 
260 38 
260 129 
260 8 
260 323 
260 52 
260 268 
260 153 
260 198 
260 473 
260 400 
260 69 
260 243 
260 445 
260 394 
260 324 
260 215 
260 422 
260 246 
260 383 
260 185 
260 520 
260 66 
260 333 
260 220 
260 320 
260 486 
260 339 
260 116 
260 434 
260 270 
260 57 
260 231 
260 81 
260 222 
260 395 
260 495 
260 74 
260 483 
260 35 
260 315 
260 40 
260 418 
260 150 
260 184 
260 463 
260 171 
260 176 
260 497 
260 437 
260 92 
260 163 
260 503 
260 405 
260 173 
260 239 
260 138 
260 326 
260 178 
260 374 
260 155 
261 228 
261 347 
261 73 
261 8 
261 497 
261 121 
261 9 
261 225 
261 77 
261 188 
261 428 
261 503 
261 359 
261 86 
261 30 
261 198 
261 461 
261 406 
261 151 
261 162 
261 76 
261 412 
261 391 
261 349 
261 64 
261 15 
261 249 
261 194 
261 317 
261 273 
261 147 
261 216 
261 430 
261 200 
261 166 
261 263 
261 29 
261 169 
261 525 
261 47 
261 130 
261 37 
261 131 
261 26 
261 46 
261 368 
261 515 
261 247 
261 34 
261 328 
261 455 
261 213 
261 292 
261 321 
261 81 
261 427 
261 91 
261 28 
261 272 
261 101 
261 354 
261 25 
261 74 
261 384 
261 201 
261 304 
261 262 
261 240 
261 120 
261 115 
261 424 
261 139 
261 197 
261 322 
261 177 
261 483 
261 423 
261 338 
261 342 
261 214 
261 58 
261 490 
261 436 
261 148 
261 407 
261 99 
261 311 
261 95 
261 280 
261 505 
261 257 
261 299 
261 19 
261 5 
261 498 
261 444 
261 400 
261 39 
261 90 
261 529 
261 140 
261 256 
261 386 
261 509 
261 11 
261 268 
261 10 
261 452 
261 61 
261 153 
261 512 
261 466 
261 484 
261 4 
261 124 
261 409 
261 401 
261 375 
261 142 
261 500 
261 302 
261 92 
261 445 
261 251 
261 51 
261 277 
261 211 
261 199 
261 271 
261 111 
261 522 
261 519 
261 59 
261 185 
261 143 
261 113 
261 366 
261 192 
261 393 
261 411 
261 243 
261 132 
261 137 
261 78 
261 118 
261 7 
261 324 
261 486 
261 389 
261 437 
261 40 
261 463 
261 230 
261 146 
261 13 
261 476 
261 493 
261 513 
261 315 
261 290 
261 329 
262 11 
262 330 
262 205 
262 362 
262 318 
262 157 
262 249 
262 382 
262 135 
262 305 
262 2 
262 394 
262 297 
262 128 
262 214 
262 16 
262 463 
262 27 
262 360 
262 520 
262 67 
262 319 
262 172 
262 118 
262 198 
262 432 
262 63 
262 505 
262 92 
262 350 
262 108 
262 119 
262 137 
262 383 
262 441 
262 507 
262 303 
262 354 
262 77 
262 90 
262 10 
262 131 
262 78 
262 462 
262 124 
262 526 
262 182 
262 261 
262 212 
262 404 
262 31 
262 411 
262 116 
262 455 
262 388 
262 88 
262 230 
262 148 
262 104 
262 380 
262 84 
262 254 
262 281 
262 112 
262 132 
262 365 
262 237 
262 512 
262 191 
262 341 
262 139 
262 185 
262 61 
262 215 
262 290 
262 277 
262 464 
262 247 
262 509 
262 472 
262 511 
262 391 
262 101 
262 226 
262 250 
262 429 
262 229 
262 256 
262 81 
262 353 
262 449 
262 493 
262 328 
262 183 
262 44 
262 311 
262 489 
262 412 
262 143 
262 285 
262 146 
262 470 
262 238 
262 114 
262 352 
262 141 
262 400 
262 240 
262 127 
262 102 
262 324 
262 24 
262 175 
262 395 
262 292 
262 219 
262 151 
262 69 
262 19 
262 147 
262 491 
262 76 
262 302 
262 40 
262 204 
262 325 
262 65 
262 405 
262 459 
262 433 
262 52 
262 456 
262 202 
262 95 
262 246 
262 427 
262 51 
262 263 
262 233 
262 32 
262 492 
262 481 
262 458 
262 169 
262 231 
262 399 
262 150 
262 222 
262 307 
262 166 
262 162 
262 309 
262 111 
262 45 
263 12 
263 414 
263 333 
263 530 
263 153 
263 55 
263 297 
263 161 
263 119 
263 374 
263 37 
263 312 
263 351 
263 460 
263 152 
263 252 
263 367 
263 470 
263 123 
263 526 
263 74 
263 522 
263 40 
263 293 
263 170 
263 343 
263 32 
263 34 
263 193 
263 43 
263 261 
263 187 
263 179 
263 266 
263 219 
263 382 
263 291 
263 301 
263 38 
263 420 
263 357 
263 117 
263 77 
263 241 
263 118 
263 145 
263 284 
263 221 
263 180 
263 448 
263 344 
263 223 
263 457 
263 225 
263 130 
263 272 
263 171 
263 19 
263 389 
263 154 
263 423 
263 44 
263 298 
263 447 
263 383 
263 259 
263 245 
263 67 
263 434 
263 307 
263 294 
263 326 
263 86 
263 361 
263 390 
263 498 
263 251 
263 479 
263 42 
263 190 
263 477 
263 334 
263 62 
263 523 
263 49 
263 205 
263 352 
263 227 
263 376 
263 140 
263 469 
263 151 
263 189 
263 94 
263 84 
263 417 
263 438 
263 244 
263 486 
263 134 
263 531 
263 173 
263 178 
263 341 
263 375 
263 204 
263 406 
263 279 
263 277 
263 398 
263 285 
263 106 
263 500 
263 478 
263 445 
263 499 
263 105 
263 517 
263 58 
263 72 
263 93 
263 451 
263 313 
263 508 
263 431 
263 35 
263 356 
263 6 
263 310 
263 197 
263 127 
263 89 
263 102 
263 320 
263 354 
263 360 
263 442 
263 70 
263 330 
263 0 
263 112 
263 353 
263 165 
263 338 
263 126 
263 527 
263 218 
263 199 
263 18 
263 262 
263 314 
263 370 
263 324 
263 232 
263 200 
263 359 
263 116 
263 7 
263 17 
263 384 
263 61 
263 502 
263 144 
264 55 
264 329 
264 41 
264 70 
264 483 
264 384 
264 120 
264 335 
264 84 
264 178 
264 319 
264 344 
264 321 
264 166 
264 109 
264 355 
264 388 
264 40 
264 510 
264 68 
264 255 
264 8 
264 368 
264 443 
264 387 
264 42 
264 294 
264 456 
264 370 
264 451 
264 162 
264 59 
264 6 
264 331 
264 403 
264 71 
264 11 
264 394 
264 311 
264 362 
264 153 
264 405 
264 378 
264 449 
264 116 
264 390 
264 127 
264 320 
264 239 
264 433 
264 249 
264 139 
264 81 
264 220 
264 12 
264 431 
264 15 
264 240 
264 204 
264 463 
264 95 
264 455 
264 108 
264 198 
264 232 
264 97 
264 86 
264 475 
264 369 
264 267 
264 106 
264 39 
264 364 
264 128 
264 317 
264 497 
264 35 
264 318 
264 293 
264 338 
264 342 
264 376 
264 513 
264 173 
264 72 
264 57 
264 482 
264 37 
264 389 
264 503 
264 187 
264 195 
264 334 
264 273 
264 88 
264 176 
264 222 
264 242 
264 308 
264 17 
264 247 
264 340 
264 13 
264 490 
264 52 
264 326 
264 435 
264 427 
264 505 
264 309 
264 391 
264 213 
264 281 
264 420 
264 316 
264 29 
264 493 
264 363 
264 241 
264 495 
264 148 
264 208 
264 196 
264 205 
264 224 
264 406 
264 254 
264 85 
264 489 
264 291 
264 225 
264 73 
264 149 
264 62 
264 393 
264 531 
264 137 
264 278 
264 511 
264 411 
264 374 
264 66 
264 360 
264 481 
264 487 
264 191 
264 133 
264 519 
264 181 
264 121 
264 438 
264 282 
264 447 
264 501 
265 381 
265 290 
265 169 
265 341 
265 410 
265 109 
265 482 
265 455 
265 424 
265 430 
265 170 
265 75 
265 224 
265 97 
265 140 
265 302 
265 526 
265 197 
265 468 
265 81 
265 483 
265 274 
265 238 
265 490 
265 11 
265 308 
265 386 
265 53 
265 346 
265 277 
265 246 
265 425 
265 175 
265 485 
265 221 
265 66 
265 508 
265 437 
265 98 
265 289 
265 172 
265 137 
265 283 
265 414 
265 67 
265 151 
265 190 
265 244 
265 199 
265 210 
265 406 
265 19 
265 42 
265 182 
265 147 
265 185 
265 120 
265 374 
265 355 
265 342 
265 421 
265 241 
265 286 
265 309 
265 284 
265 303 
265 48 
265 58 
265 188 
265 521 
265 194 
265 301 
265 102 
265 103 
265 528 
265 438 
265 237 
265 1 
265 479 
265 278 
265 325 
265 200 
265 38 
265 481 
265 255 
265 80 
265 213 
265 196 
265 160 
265 460 
265 391 
265 465 
265 319 
265 181 
265 361 
265 217 
265 297 
265 40 
265 463 
265 369 
265 275 
265 434 
265 349 
265 445 
265 357 
265 226 
265 441 
265 195 
265 144 
265 429 
265 96 
265 493 
265 417 
265 77 
265 104 
265 142 
265 387 
265 204 
265 451 
265 495 
265 488 
265 494 
265 314 
265 186 
265 62 
265 35 
265 411 
265 43 
265 112 
265 453 
265 427 
265 13 
265 317 
265 345 
265 280 
265 368 
265 59 
265 245 
265 89 
265 491 
265 219 
265 235 
265 148 
265 462 
265 442 
265 45 
265 287 
265 21 
265 397 
265 282 
265 378 
265 84 
265 395 
265 163 
265 51 
266 107 
266 291 
266 420 
266 391 
266 2 
266 104 
266 310 
266 321 
266 200 
266 508 
266 147 
266 50 
266 8 
266 448 
266 469 
266 25 
266 490 
266 281 
266 47 
266 494 
266 325 
266 48 
266 34 
266 484 
266 489 
266 404 
266 356 
266 470 
266 375 
266 378 
266 396 
266 220 
266 263 
266 338 
266 447 
266 350 
266 347 
266 295 
266 209 
266 360 
266 151 
266 129 
266 377 
266 282 
266 432 
266 390 
266 28 
266 477 
266 116 
266 317 
266 184 
266 3 
266 383 
266 145 
266 403 
266 355 
266 514 
266 30 
266 367 
266 143 
266 75 
266 354 
266 381 
266 483 
266 41 
266 429 
266 230 
266 525 
266 431 
266 267 
266 14 
266 358 
266 268 
266 96 
266 102 
266 304 
266 270 
266 485 
266 427 
266 492 
266 66 
266 407 
266 499 
266 112 
266 121 
266 509 
266 173 
266 478 
266 285 
266 451 
266 46 
266 286 
266 103 
266 214 
266 506 
266 93 
266 148 
266 222 
266 198 
266 252 
266 185 
266 86 
266 95 
266 374 
266 204 
266 411 
266 441 
266 519 
266 466 
266 139 
266 251 
266 175 
266 52 
266 18 
266 306 
266 322 
266 345 
266 78 
266 65 
266 438 
266 84 
266 349 
266 515 
266 311 
266 187 
266 72 
266 488 
266 156 
266 192 
266 51 
266 351 
266 531 
266 226 
266 188 
266 473 
266 413 
266 405 
266 328 
266 108 
266 138 
266 366 
266 458 
266 393 
266 313 
266 333 
266 257 
266 415 
266 337 
266 329 
266 503 
266 237 
266 365 
266 385 
266 105 
266 460 
266 190 
266 58 
266 164 
266 452 
266 468 
266 308 
267 477 
267 222 
267 361 
267 153 
267 71 
267 489 
267 113 
267 381 
267 395 
267 279 
267 102 
267 330 
267 509 
267 483 
267 349 
267 22 
267 452 
267 449 
267 422 
267 463 
267 21 
267 154 
267 411 
267 455 
267 163 
267 24 
267 375 
267 91 
267 115 
267 387 
267 34 
267 406 
267 161 
267 315 
267 77 
267 260 
267 429 
267 311 
267 229 
267 195 
267 30 
267 446 
267 376 
267 389 
267 124 
267 164 
267 464 
267 256 
267 527 
267 78 
267 231 
267 398 
267 215 
267 50 
267 436 
267 236 
267 326 
267 470 
267 526 
267 529 
267 10 
267 321 
267 220 
267 294 
267 243 
267 373 
267 1 
267 201 
267 385 
267 316 
267 179 
267 421 
267 396 
267 336 
267 352 
267 515 
267 266 
267 264 
267 491 
267 520 
267 214 
267 242 
267 478 
267 246 
267 420 
267 27 
267 466 
267 342 
267 145 
267 401 
267 501 
267 271 
267 238 
267 66 
267 14 
267 516 
267 130 
267 241 
267 506 
267 382 
267 36 
267 430 
267 150 
267 363 
267 277 
267 397 
267 184 
267 60 
267 287 
267 54 
267 351 
267 450 
267 425 
267 205 
267 258 
267 388 
267 434 
267 55 
267 310 
267 106 
267 356 
267 194 
267 133 
267 325 
267 471 
267 128 
267 254 
267 276 
267 368 
267 158 
267 45 
267 240 
267 149 
267 521 
267 498 
267 206 
267 459 
267 268 
267 443 
267 250 
267 46 
267 323 
267 308 
267 370 
267 84 
267 374 
267 32 
267 345 
267 317 
267 203 
267 226 
267 155 
267 309 
267 166 
267 462 
267 469 
267 405 
267 88 
267 283 
267 136 
267 355 
267 413 
267 357 
267 412 
267 233 
267 167 
267 454 
267 142 
267 42 
267 219 
267 301 
267 138 
267 95 
267 247 
267 460 
267 109 
267 180 
267 0 
267 114 
267 282 
268 128 
268 172 
268 65 
268 142 
268 523 
268 252 
268 456 
268 386 
268 221 
268 324 
268 476 
268 222 
268 47 
268 450 
268 41 
268 343 
268 496 
268 229 
268 408 
268 120 
268 187 
268 487 
268 361 
268 315 
268 179 
268 130 
268 294 
268 335 
268 367 
268 419 
268 67 
268 401 
268 193 
268 350 
268 439 
268 305 
268 332 
268 228 
268 28 
268 183 
268 77 
268 50 
268 336 
268 269 
268 342 
268 43 
268 178 
268 521 
268 475 
268 134 
268 279 
268 377 
268 498 
268 257 
268 495 
268 406 
268 56 
268 351 
268 76 
268 165 
268 155 
268 116 
268 206 
268 381 
268 266 
268 57 
268 388 
268 300 
268 402 
268 194 
268 282 
268 391 
268 23 
268 48 
268 325 
268 223 
268 244 
268 234 
268 261 
268 501 
268 395 
268 27 
268 170 
268 371 
268 188 
268 372 
268 89 
268 484 
268 379 
268 260 
268 26 
268 64 
268 37 
268 127 
268 341 
268 86 
268 3 
268 277 
268 250 
268 224 
268 241 
268 515 
268 30 
268 314 
268 422 
268 149 
268 100 
268 146 
268 78 
268 246 
268 434 
268 413 
268 267 
268 409 
268 19 
268 444 
268 79 
268 296 
268 454 
268 527 
268 215 
268 463 
268 522 
268 400 
268 192 
268 346 
268 322 
268 104 
268 458 
268 518 
268 318 
268 235 
268 140 
268 42 
268 98 
268 485 
268 213 
268 49 
268 355 
268 147 
269 501 
269 282 
269 349 
269 192 
269 48 
269 404 
269 46 
269 466 
269 203 
269 387 
269 382 
269 225 
269 493 
269 371 
269 72 
269 416 
269 52 
269 405 
269 201 
269 358 
269 166 
269 237 
269 315 
269 112 
269 296 
269 238 
269 524 
269 400 
269 460 
269 309 
269 352 
269 383 
269 419 
269 219 
269 343 
269 45 
269 397 
269 510 
269 97 
269 73 
269 241 
269 413 
269 17 
269 496 
269 191 
269 403 
269 268 
269 393 
269 230 
269 233 
269 123 
269 395 
269 194 
269 211 
269 229 
269 104 
269 288 
269 65 
269 379 
269 190 
269 455 
269 444 
269 195 
269 339 
269 515 
269 213 
269 434 
269 334 
269 398 
269 386 
269 345 
269 354 
269 259 
269 23 
269 84 
269 177 
269 168 
269 350 
269 411 
269 88 
269 121 
269 494 
269 439 
269 270 
269 445 
269 341 
269 47 
269 480 
269 280 
269 228 
269 98 
269 222 
269 24 
269 476 
269 368 
269 338 
269 227 
269 4 
269 119 
269 1 
269 303 
269 220 
269 16 
269 103 
269 284 
269 22 
269 212 
269 171 
269 483 
269 137 
269 490 
269 30 
269 369 
269 491 
269 299 
269 140 
269 20 
269 471 
269 319 
269 15 
269 242 
269 113 
269 449 
269 443 
269 193 
269 11 
269 10 
269 243 
269 478 
269 258 
269 111 
269 511 
269 290 
269 145 
269 106 
269 49 
269 170 
269 278 
269 513 
269 375 
269 378 
269 244 
269 179 
269 422 
269 374 
269 436 
269 144 
269 360 
269 376 
269 250 
269 326 
269 440 
269 223 
269 462 
269 181 
269 2 
269 292 
269 340 
269 184 
269 7 
269 236 
269 508 
270 26 
270 381 
270 502 
270 22 
270 458 
270 331 
270 345 
270 108 
270 456 
270 406 
270 164 
270 452 
270 226 
270 285 
270 468 
270 312 
270 508 
270 358 
270 185 
270 248 
270 178 
270 12 
270 88 
270 465 
270 13 
270 402 
270 514 
270 323 
270 176 
270 64 
270 271 
270 103 
270 167 
270 467 
270 43 
270 428 
270 143 
270 477 
270 255 
270 17 
270 340 
270 354 
270 223 
270 494 
270 412 
270 45 
270 80 
270 73 
270 133 
270 5 
270 291 
270 224 
270 351 
270 356 
270 344 
270 395 
270 19 
270 204 
270 499 
270 475 
270 58 
270 365 
270 405 
270 46 
270 128 
270 245 
270 386 
270 302 
270 360 
270 23 
270 409 
270 487 
270 389 
270 86 
270 469 
270 298 
270 266 
270 257 
270 335 
270 327 
270 296 
270 118 
270 357 
270 319 
270 231 
270 376 
270 233 
270 321 
270 484 
270 439 
270 190 
270 116 
270 107 
270 407 
270 368 
270 457 
270 269 
270 383 
270 99 
270 366 
270 301 
270 378 
270 156 
270 162 
270 213 
270 210 
270 451 
270 317 
270 187 
270 75 
270 110 
270 326 
270 32 
270 123 
270 385 
270 328 
270 370 
270 394 
270 273 
270 220 
270 423 
270 431 
270 260 
270 102 
270 292 
270 230 
270 114 
270 329 
270 165 
270 390 
270 217 
270 520 
270 286 
270 259 
270 49 
270 78 
270 29 
270 76 
270 426 
270 9 
270 297 
270 424 
270 106 
270 315 
270 289 
270 236 
270 348 
270 207 
270 527 
270 275 
270 481 
270 460 
270 159 
270 352 
270 194 
270 139 
270 10 
270 241 
270 525 
270 125 
270 251 
271 156 
271 392 
271 78 
271 381 
271 115 
271 234 
271 456 
271 272 
271 429 
271 343 
271 313 
271 418 
271 119 
271 97 
271 27 
271 369 
271 439 
271 366 
271 339 
271 48 
271 289 
271 11 
271 495 
271 270 
271 157 
271 193 
271 62 
271 207 
271 451 
271 55 
271 448 
271 531 
271 40 
271 520 
271 100 
271 90 
271 5 
271 322 
271 91 
271 25 
271 408 
271 236 
271 499 
271 179 
271 176 
271 421 
271 172 
271 215 
271 154 
271 101 
271 380 
271 228 
271 360 
271 196 
271 492 
271 67 
271 159 
271 522 
271 66 
271 292 
271 218 
271 332 
271 39 
271 131 
271 406 
271 374 
271 238 
271 227 
271 345 
271 422 
271 368 
271 375 
271 362 
271 350 
271 184 
271 253 
271 88 
271 435 
271 255 
271 185 
271 365 
271 204 
271 220 
271 251 
271 328 
271 267 
271 283 
271 486 
271 163 
271 438 
271 331 
271 107 
271 315 
271 243 
271 99 
271 404 
271 497 
271 152 
271 252 
271 295 
271 446 
271 420 
271 240 
271 259 
271 102 
271 63 
271 358 
271 61 
271 274 
271 0 
271 477 
271 47 
271 397 
271 136 
271 124 
271 31 
271 134 
271 521 
271 519 
271 84 
271 485 
271 83 
271 14 
271 489 
271 141 
271 361 
271 279 
271 222 
271 261 
271 68 
271 282 
271 329 
271 123 
271 312 
271 104 
271 498 
271 308 
271 49 
271 247 
271 468 
271 338 
271 470 
271 511 
271 216 
271 250 
271 35 
271 525 
271 488 
271 144 
271 508 
271 491 
271 1 
271 449 
271 509 
271 165 
271 474 
271 76 
271 168 
271 233 
271 150 
271 3 
271 245 
271 447 
272 245 
272 287 
272 485 
272 515 
272 33 
272 225 
272 325 
272 271 
272 432 
272 303 
272 312 
272 446 
272 4 
272 252 
272 108 
272 374 
272 50 
272 75 
272 235 
272 475 
272 282 
272 62 
272 260 
272 51 
272 117 
272 184 
272 440 
272 346 
272 447 
272 64 
272 6 
272 329 
272 109 
272 142 
272 243 
272 369 
272 434 
272 404 
272 501 
272 517 
272 183 
272 55 
272 261 
272 291 
272 127 
272 417 
272 263 
272 375 
272 157 
272 155 
272 347 
272 305 
272 171 
272 358 
272 38 
272 376 
272 289 
272 26 
272 357 
272 31 
272 72 
272 332 
272 244 
272 380 
272 395 
272 508 
272 425 
272 256 
272 382 
272 365 
272 324 
272 151 
272 516 
272 242 
272 308 
272 3 
272 362 
272 199 
272 464 
272 506 
272 426 
272 86 
272 13 
272 185 
272 290 
272 370 
272 313 
272 158 
272 399 
272 482 
272 379 
272 299 
272 152 
272 431 
272 167 
272 424 
272 179 
272 132 
272 466 
272 14 
272 65 
272 188 
272 110 
272 180 
272 29 
272 214 
272 102 
272 442 
272 49 
272 479 
272 348 
272 48 
272 480 
272 207 
272 54 
272 451 
272 85 
272 237 
272 437 
272 293 
272 57 
272 112 
272 298 
272 178 
272 120 
272 490 
272 359 
272 283 
272 304 
272 322 
272 463 
272 512 
272 361 
272 107 
272 52 
272 531 
272 355 
272 143 
272 169 
272 493 
272 385 
272 513 
272 197 
272 42 
273 26 
273 487 
273 123 
273 293 
273 437 
273 434 
273 165 
273 319 
273 390 
273 325 
273 529 
273 138 
273 463 
273 495 
273 259 
273 118 
273 144 
273 255 
273 59 
273 518 
273 166 
273 36 
273 395 
273 85 
273 9 
273 336 
273 340 
273 333 
273 261 
273 154 
273 429 
273 531 
273 457 
273 216 
273 397 
273 110 
273 34 
273 453 
273 247 
273 140 
273 324 
273 54 
273 46 
273 313 
273 161 
273 337 
273 191 
273 405 
273 222 
273 189 
273 260 
273 445 
273 155 
273 412 
273 377 
273 159 
273 231 
273 111 
273 20 
273 450 
273 0 
273 393 
273 190 
273 449 
273 311 
273 383 
273 180 
273 369 
273 5 
273 109 
273 153 
273 72 
273 502 
273 472 
273 353 
273 223 
273 528 
273 134 
273 139 
273 192 
273 295 
273 11 
273 2 
273 27 
273 119 
273 338 
273 86 
273 501 
273 282 
273 379 
273 343 
273 194 
273 32 
273 126 
273 113 
273 80 
273 304 
273 461 
273 202 
273 264 
273 125 
273 96 
273 63 
273 238 
273 520 
273 87 
273 243 
273 394 
273 352 
273 406 
273 217 
273 512 
273 178 
273 270 
273 296 
273 422 
273 300 
273 361 
273 195 
273 482 
273 364 
273 458 
273 7 
273 507 
273 112 
273 99 
273 509 
273 78 
273 329 
273 57 
273 479 
273 513 
273 402 
273 233 
273 226 
273 469 
273 137 
273 415 
273 388 
273 486 
273 423 
273 348 
273 478 
273 8 
273 515 
273 65 
273 17 
273 10 
273 298 
273 248 
273 127 
273 203 
273 427 
273 280 
273 101 
273 236 
274 442 
274 476 
274 408 
274 23 
274 333 
274 478 
274 487 
274 524 
274 342 
274 88 
274 527 
274 411 
274 114 
274 329 
274 55 
274 334 
274 512 
274 116 
274 129 
274 297 
274 103 
274 119 
274 363 
274 147 
274 265 
274 62 
274 521 
274 359 
274 17 
274 481 
274 386 
274 295 
274 142 
274 390 
274 215 
274 511 
274 300 
274 66 
274 1 
274 48 
274 360 
274 0 
274 251 
274 286 
274 148 
274 447 
274 282 
274 231 
274 477 
274 406 
274 257 
274 425 
274 362 
274 96 
274 192 
274 79 
274 73 
274 395 
274 161 
274 169 
274 331 
274 254 
274 456 
274 51 
274 247 
274 483 
274 400 
274 104 
274 486 
274 307 
274 212 
274 520 
274 479 
274 40 
274 279 
274 374 
274 19 
274 530 
274 8 
274 197 
274 440 
274 444 
274 450 
274 84 
274 198 
274 9 
274 180 
274 443 
274 453 
274 414 
274 320 
274 204 
274 76 
274 95 
274 213 
274 65 
274 35 
274 29 
274 177 
274 152 
274 463 
274 174 
274 417 
274 500 
274 404 
274 385 
274 146 
274 496 
274 332 
274 30 
274 221 
274 426 
274 22 
274 377 
274 497 
274 435 
274 365 
274 245 
274 271 
274 397 
274 304 
274 133 
274 252 
274 126 
274 357 
274 209 
274 413 
274 255 
274 26 
274 175 
274 78 
274 318 
274 490 
274 38 
274 3 
274 275 
274 14 
274 502 
274 346 
274 427 
274 471 
274 522 
274 384 
274 489 
274 249 
274 178 
274 70 
274 184 
274 352 
274 39 
274 526 
274 187 
274 59 
274 280 
274 433 
274 288 
274 492 
274 74 
274 344 
274 21 
274 391 
274 140 
274 168 
275 351 
275 352 
275 291 
275 167 
275 346 
275 225 
275 20 
275 214 
275 484 
275 177 
275 21 
275 9 
275 321 
275 357 
275 135 
275 52 
275 496 
275 40 
275 201 
275 372 
275 519 
275 513 
275 512 
275 320 
275 433 
275 375 
275 483 
275 194 
275 379 
275 460 
275 442 
275 499 
275 95 
275 253 
275 155 
275 61 
275 360 
275 238 
275 516 
275 459 
275 117 
275 347 
275 406 
275 330 
275 162 
275 319 
275 337 
275 313 
275 464 
275 523 
275 205 
275 474 
275 203 
275 446 
275 57 
275 502 
275 93 
275 132 
275 68 
275 41 
275 522 
275 278 
275 260 
275 289 
275 432 
275 242 
275 235 
275 341 
275 62 
275 481 
275 356 
275 232 
275 134 
275 49 
275 255 
275 466 
275 299 
275 130 
275 423 
275 35 
275 489 
275 179 
275 168 
275 294 
275 76 
275 389 
275 311 
275 349 
275 158 
275 103 
275 405 
275 521 
275 469 
275 224 
275 44 
275 371 
275 265 
275 29 
275 104 
275 247 
275 397 
275 334 
275 105 
275 100 
275 394 
275 173 
275 145 
275 171 
275 25 
275 301 
275 467 
275 86 
275 342 
275 116 
275 98 
275 5 
275 490 
275 427 
275 180 
275 274 
275 1 
275 160 
275 163 
275 79 
275 505 
275 38 
275 90 
275 286 
275 476 
275 37 
275 55 
275 377 
275 14 
275 196 
275 444 
275 42 
275 258 
275 380 
275 16 
275 518 
275 399 
275 43 
275 531 
275 492 
275 4 
275 74 
275 495 
275 327 
275 125 
275 306 
275 392 
275 24 
275 243 
275 415 
275 270 
275 39 
275 45 
275 449 
275 124 
275 206 
275 149 
276 301 
276 437 
276 44 
276 395 
276 470 
276 325 
276 477 
276 459 
276 427 
276 254 
276 409 
276 72 
276 30 
276 416 
276 138 
276 321 
276 87 
276 354 
276 342 
276 456 
276 55 
276 218 
276 475 
276 442 
276 215 
276 443 
276 421 
276 365 
276 143 
276 50 
276 440 
276 103 
276 161 
276 61 
276 281 
276 439 
276 132 
276 423 
276 396 
276 51 
276 242 
276 27 
276 56 
276 258 
276 202 
276 3 
276 136 
276 376 
276 324 
276 391 
276 347 
276 227 
276 35 
276 333 
276 147 
276 241 
276 33 
276 139 
276 484 
276 462 
276 435 
276 2 
276 353 
276 166 
276 361 
276 521 
276 317 
276 173 
276 526 
276 502 
276 518 
276 159 
276 495 
276 509 
276 119 
276 398 
276 413 
276 351 
276 88 
276 285 
276 515 
276 233 
276 434 
276 256 
276 230 
276 14 
276 53 
276 171 
276 410 
276 501 
276 420 
276 394 
276 467 
276 174 
276 319 
276 499 
276 441 
276 430 
276 190 
276 112 
276 406 
276 12 
276 38 
276 340 
276 528 
276 415 
276 267 
276 474 
276 134 
276 178 
276 169 
276 478 
276 302 
276 341 
276 154 
276 76 
276 388 
276 203 
276 94 
276 220 
276 527 
276 150 
276 122 
276 383 
276 524 
276 70 
276 460 
276 239 
276 510 
276 93 
276 289 
276 449 
276 107 
276 436 
276 344 
276 364 
276 57 
276 231 
276 461 
276 32 
276 372 
276 75 
276 284 
276 46 
276 91 
276 192 
276 326 
276 69 
276 457 
276 466 
277 503 
277 192 
277 36 
277 211 
277 40 
277 356 
277 514 
277 338 
277 521 
277 400 
277 289 
277 530 
277 106 
277 347 
277 405 
277 9 
277 230 
277 5 
277 334 
277 7 
277 108 
277 105 
277 461 
277 226 
277 28 
277 325 
277 216 
277 278 
277 408 
277 20 
277 428 
277 381 
277 131 
277 311 
277 265 
277 459 
277 319 
277 286 
277 207 
277 354 
277 41 
277 305 
277 197 
277 342 
277 438 
277 49 
277 529 
277 81 
277 469 
277 292 
277 444 
277 351 
277 253 
277 88 
277 164 
277 85 
277 378 
277 324 
277 427 
277 500 
277 348 
277 485 
277 21 
277 509 
277 302 
277 502 
277 111 
277 424 
277 439 
277 245 
277 248 
277 133 
277 390 
277 141 
277 429 
277 489 
277 413 
277 220 
277 436 
277 235 
277 249 
277 279 
277 262 
277 359 
277 259 
277 137 
277 499 
277 16 
277 129 
277 422 
277 330 
277 48 
277 419 
277 377 
277 24 
277 198 
277 125 
277 365 
277 240 
277 420 
277 323 
277 76 
277 468 
277 476 
277 267 
277 159 
277 531 
277 299 
277 447 
277 401 
277 263 
277 68 
277 170 
277 146 
277 483 
277 115 
277 239 
277 138 
277 491 
277 477 
277 268 
277 246 
277 110 
277 307 
277 527 
277 430 
277 126 
277 261 
277 497 
277 151 
277 466 
277 78 
277 492 
277 215 
277 201 
277 4 
277 293 
277 409 
277 234 
277 366 
277 360 
277 104 
277 157 
277 128 
277 84 
277 242 
277 416 
277 152 
277 478 
277 501 
277 134 
277 479 
277 190 
277 113 
277 213 
277 352 
277 435 
277 256 
277 229 
277 315 
277 247 
277 169 
277 87 
277 50 
277 464 
277 300 
277 52 
277 321 
277 425 
278 287 
278 296 
278 259 
278 162 
278 233 
278 456 
278 346 
278 303 
278 128 
278 364 
278 482 
278 375 
278 178 
278 449 
278 135 
278 236 
278 487 
278 435 
278 134 
278 277 
278 514 
278 61 
278 43 
278 299 
278 298 
278 29 
278 36 
278 289 
278 509 
278 436 
278 350 
278 454 
278 131 
278 239 
278 300 
278 387 
278 406 
278 183 
278 34 
278 324 
278 184 
278 512 
278 79 
278 235 
278 87 
278 331 
278 253 
278 41 
278 385 
278 37 
278 80 
278 57 
278 238 
278 338 
278 188 
278 344 
278 306 
278 168 
278 159 
278 77 
278 78 
278 53 
278 221 
278 275 
278 371 
278 143 
278 199 
278 150 
278 468 
278 51 
278 163 
278 35 
278 100 
278 190 
278 175 
278 181 
278 506 
278 295 
278 404 
278 349 
278 257 
278 138 
278 282 
278 401 
278 251 
278 265 
278 185 
278 234 
278 54 
278 279 
278 249 
278 415 
278 400 
278 256 
278 180 
278 342 
278 142 
278 398 
278 254 
278 499 
278 201 
278 414 
278 69 
278 389 
278 136 
278 380 
278 327 
278 336 
278 521 
278 480 
278 244 
278 192 
278 18 
278 52 
278 420 
278 501 
278 471 
278 0 
278 445 
278 516 
278 17 
278 328 
278 518 
278 525 
278 217 
278 498 
278 395 
278 316 
278 497 
278 477 
278 63 
278 455 
278 177 
278 442 
278 530 
278 1 
278 8 
278 429 
278 335 
278 388 
278 4 
278 132 
278 314 
278 288 
278 108 
278 156 
278 458 
278 269 
278 58 
278 170 
278 103 
278 405 
278 264 
278 157 
278 478 
278 96 
278 484 
278 383 
278 339 
278 39 
278 258 
278 312 
279 504 
279 157 
279 391 
279 148 
279 101 
279 171 
279 70 
279 267 
279 518 
279 472 
279 84 
279 296 
279 14 
279 64 
279 490 
279 239 
279 194 
279 4 
279 169 
279 436 
279 521 
279 173 
279 326 
279 355 
279 495 
279 92 
279 428 
279 114 
279 465 
279 78 
279 457 
279 224 
279 456 
279 96 
279 435 
279 198 
279 259 
279 151 
279 305 
279 240 
279 303 
279 454 
279 192 
279 177 
279 478 
279 324 
279 146 
279 384 
279 354 
279 17 
279 516 
279 461 
279 351 
279 501 
279 143 
279 201 
279 184 
279 44 
279 57 
279 79 
279 185 
279 304 
279 517 
279 71 
279 352 
279 268 
279 488 
279 342 
279 464 
279 112 
279 118 
279 497 
279 274 
279 258 
279 511 
279 486 
279 256 
279 520 
279 105 
279 433 
279 335 
279 284 
279 139 
279 277 
279 293 
279 37 
279 359 
279 360 
279 130 
279 403 
279 278 
279 205 
279 286 
279 365 
279 193 
279 297 
279 29 
279 211 
279 479 
279 438 
279 246 
279 155 
279 85 
279 53 
279 358 
279 235 
279 510 
279 140 
279 31 
279 232 
279 126 
279 263 
279 38 
279 323 
279 39 
279 16 
279 147 
279 463 
279 441 
279 167 
279 168 
279 1 
279 150 
279 484 
279 289 
279 328 
279 370 
279 109 
279 74 
279 271 
279 387 
279 117 
279 255 
279 514 
279 120 
279 242 
279 2 
279 128 
279 210 
279 429 
279 459 
279 466 
279 530 
279 170 
279 204 
279 230 
279 30 
279 474 
279 42 
279 392 
279 145 
279 247 
279 529 
279 129 
279 216 
279 361 
279 99 
279 322 
279 164 
279 226 
279 285 
279 158 
279 237 
280 351 
280 25 
280 13 
280 200 
280 484 
280 283 
280 459 
280 160 
280 518 
280 291 
280 531 
280 394 
280 508 
280 309 
280 249 
280 402 
280 16 
280 465 
280 433 
280 452 
280 238 
280 352 
280 378 
280 372 
280 297 
280 210 
280 146 
280 142 
280 343 
280 416 
280 511 
280 14 
280 68 
280 58 
280 392 
280 447 
280 154 
280 107 
280 359 
280 78 
280 91 
280 129 
280 148 
280 232 
280 53 
280 326 
280 313 
280 140 
280 214 
280 320 
280 388 
280 240 
280 203 
280 294 
280 303 
280 5 
280 330 
280 33 
280 95 
280 6 
280 127 
280 451 
280 344 
280 292 
280 467 
280 336 
280 500 
280 431 
280 195 
280 252 
280 494 
280 122 
280 126 
280 419 
280 506 
280 74 
280 281 
280 117 
280 261 
280 248 
280 69 
280 104 
280 385 
280 373 
280 324 
280 175 
280 310 
280 497 
280 327 
280 428 
280 472 
280 361 
280 454 
280 286 
280 258 
280 363 
280 234 
280 420 
280 269 
280 325 
280 403 
280 177 
280 43 
280 79 
280 523 
280 110 
280 192 
280 75 
280 64 
280 211 
280 339 
280 354 
280 424 
280 390 
280 52 
280 362 
280 189 
280 167 
280 227 
280 176 
280 510 
280 377 
280 41 
280 40 
280 71 
280 123 
280 244 
280 285 
280 489 
280 80 
280 4 
280 499 
280 254 
280 115 
280 231 
280 529 
280 147 
280 30 
280 493 
280 468 
280 274 
280 155 
280 143 
280 265 
280 300 
280 103 
280 105 
280 136 
280 473 
280 153 
280 446 
280 436 
280 398 
280 381 
280 415 
280 273 
280 256 
280 81 
280 516 
280 487 
280 434 
281 340 
281 428 
281 168 
281 481 
281 9 
281 124 
281 255 
281 315 
281 427 
281 439 
281 50 
281 227 
281 475 
281 266 
281 260 
281 218 
281 291 
281 380 
281 307 
281 122 
281 414 
281 4 
281 137 
281 80 
281 223 
281 295 
281 102 
281 503 
281 150 
281 284 
281 276 
281 1 
281 336 
281 191 
281 259 
281 245 
281 26 
281 229 
281 519 
281 180 
281 196 
281 88 
281 125 
281 412 
281 247 
281 282 
281 155 
281 413 
281 185 
281 69 
281 187 
281 29 
281 378 
281 186 
281 96 
281 214 
281 346 
281 433 
281 197 
281 343 
281 23 
281 100 
281 189 
281 411 
281 347 
281 452 
281 426 
281 33 
281 494 
281 56 
281 103 
281 121 
281 440 
281 206 
281 190 
281 397 
281 333 
281 10 
281 246 
281 262 
281 67 
281 280 
281 64 
281 108 
281 174 
281 391 
281 490 
281 12 
281 348 
281 339 
281 492 
281 460 
281 15 
281 228 
281 164 
281 518 
281 334 
281 40 
281 465 
281 135 
281 109 
281 98 
281 22 
281 68 
281 477 
281 52 
281 20 
281 167 
281 381 
281 13 
281 472 
281 374 
281 319 
281 399 
281 417 
281 149 
281 136 
281 71 
281 447 
281 522 
281 297 
281 313 
281 264 
281 235 
281 364 
281 97 
281 251 
281 461 
281 141 
281 36 
281 330 
281 85 
281 133 
281 314 
281 360 
281 283 
281 213 
281 368 
281 116 
281 48 
281 294 
281 72 
281 303 
281 358 
281 66 
281 35 
281 323 
281 250 
281 305 
281 444 
281 32 
281 181 
281 144 
281 324 
281 132 
281 91 
281 59 
281 183 
281 288 
281 367 
281 120 
282 451 
282 425 
282 402 
282 269 
282 303 
282 465 
282 132 
282 80 
282 107 
282 482 
282 499 
282 483 
282 21 
282 341 
282 0 
282 342 
282 469 
282 44 
282 209 
282 473 
282 34 
282 19 
282 382 
282 207 
282 283 
282 71 
282 315 
282 410 
282 272 
282 360 
282 340 
282 309 
282 56 
282 298 
282 348 
282 435 
282 158 
282 91 
282 38 
282 164 
282 185 
282 155 
282 211 
282 408 
282 274 
282 508 
282 141 
282 266 
282 415 
282 281 
282 197 
282 313 
282 347 
282 153 
282 285 
282 51 
282 252 
282 106 
282 519 
282 254 
282 109 
282 121 
282 467 
282 393 
282 419 
282 213 
282 289 
282 450 
282 326 
282 337 
282 112 
282 386 
282 76 
282 457 
282 454 
282 489 
282 113 
282 403 
282 356 
282 278 
282 468 
282 170 
282 177 
282 420 
282 268 
282 4 
282 424 
282 162 
282 72 
282 248 
282 108 
282 273 
282 388 
282 190 
282 169 
282 509 
282 28 
282 376 
282 250 
282 175 
282 68 
282 67 
282 145 
282 458 
282 200 
282 485 
282 142 
282 159 
282 55 
282 423 
282 358 
282 504 
282 122 
282 212 
282 183 
282 505 
282 1 
282 98 
282 59 
282 271 
282 391 
282 492 
282 530 
282 466 
282 372 
282 526 
282 152 
282 380 
282 440 
282 412 
282 494 
282 460 
282 524 
282 188 
282 310 
282 292 
282 116 
282 214 
282 496 
282 264 
282 387 
282 265 
282 33 
282 333 
282 367 
282 267 
282 445 
282 370 
283 23 
283 214 
283 280 
283 316 
283 91 
283 13 
283 138 
283 368 
283 414 
283 456 
283 286 
283 68 
283 300 
283 287 
283 332 
283 510 
283 289 
283 315 
283 381 
283 424 
283 484 
283 165 
283 97 
283 366 
283 169 
283 282 
283 524 
283 497 
283 491 
283 348 
283 18 
283 221 
283 35 
283 136 
283 250 
283 314 
283 345 
283 201 
283 120 
283 216 
283 464 
283 222 
283 6 
283 320 
283 127 
283 265 
283 155 
283 327 
283 325 
283 12 
283 45 
283 358 
283 213 
283 256 
283 335 
283 170 
283 288 
283 104 
283 306 
283 24 
283 501 
283 46 
283 223 
283 530 
283 504 
283 330 
283 241 
283 84 
283 65 
283 457 
283 436 
283 199 
283 95 
283 361 
283 523 
283 60 
283 210 
283 353 
283 492 
283 271 
283 39 
283 208 
283 336 
283 339 
283 197 
283 15 
283 357 
283 419 
283 387 
283 90 
283 230 
283 338 
283 443 
283 134 
283 182 
283 247 
283 515 
283 0 
283 383 
283 231 
283 344 
283 181 
283 239 
283 119 
283 16 
283 398 
283 88 
283 156 
283 190 
283 431 
283 349 
283 518 
283 440 
283 384 
283 178 
283 58 
283 64 
283 483 
283 51 
283 304 
283 281 
283 461 
283 307 
283 48 
283 472 
283 71 
283 323 
283 531 
283 272 
283 267 
283 52 
283 167 
283 529 
283 367 
283 407 
283 37 
283 422 
283 254 
283 57 
283 516 
283 139 
283 446 
283 311 
283 488 
283 245 
283 417 
284 182 
284 260 
284 150 
284 215 
284 531 
284 49 
284 154 
284 476 
284 322 
284 439 
284 470 
284 188 
284 423 
284 517 
284 50 
284 205 
284 9 
284 185 
284 503 
284 442 
284 24 
284 200 
284 97 
284 509 
284 450 
284 353 
284 281 
284 123 
284 236 
284 305 
284 90 
284 84 
284 48 
284 231 
284 287 
284 396 
284 122 
284 220 
284 395 
284 369 
284 196 
284 263 
284 339 
284 241 
284 410 
284 179 
284 167 
284 70 
284 12 
284 102 
284 357 
284 217 
284 528 
284 329 
284 394 
284 54 
284 52 
284 446 
284 302 
284 411 
284 432 
284 132 
284 454 
284 265 
284 364 
284 453 
284 408 
284 378 
284 59 
284 129 
284 363 
284 143 
284 279 
284 99 
284 246 
284 55 
284 127 
284 433 
284 456 
284 350 
284 112 
284 422 
284 383 
284 513 
284 165 
284 286 
284 330 
284 56 
284 222 
284 175 
284 463 
284 504 
284 171 
284 421 
284 328 
284 128 
284 335 
284 294 
284 83 
284 269 
284 131 
284 104 
284 105 
284 468 
284 190 
284 240 
284 233 
284 359 
284 199 
284 427 
284 117 
284 258 
284 402 
284 76 
284 213 
284 431 
284 170 
284 507 
284 149 
284 336 
284 497 
284 62 
284 243 
284 386 
284 438 
284 79 
284 312 
284 219 
284 98 
284 441 
284 107 
284 327 
284 73 
284 192 
284 367 
284 64 
284 347 
284 484 
284 323 
284 296 
284 210 
284 276 
284 232 
284 285 
284 176 
284 202 
284 18 
285 412 
285 32 
285 30 
285 14 
285 147 
285 414 
285 20 
285 205 
285 207 
285 104 
285 348 
285 421 
285 165 
285 270 
285 65 
285 326 
285 78 
285 151 
285 3 
285 226 
285 47 
285 482 
285 321 
285 295 
285 188 
285 118 
285 97 
285 354 
285 435 
285 286 
285 91 
285 511 
285 125 
285 362 
285 117 
285 515 
285 164 
285 323 
285 456 
285 200 
285 89 
285 255 
285 385 
285 410 
285 438 
285 454 
285 462 
285 245 
285 233 
285 39 
285 529 
285 282 
285 169 
285 172 
285 1 
285 21 
285 346 
285 244 
285 531 
285 338 
285 228 
285 251 
285 253 
285 501 
285 0 
285 92 
285 355 
285 216 
285 10 
285 460 
285 350 
285 403 
285 287 
285 129 
285 194 
285 42 
285 432 
285 365 
285 160 
285 116 
285 133 
285 376 
285 112 
285 308 
285 523 
285 239 
285 496 
285 15 
285 334 
285 66 
285 44 
285 276 
285 309 
285 419 
285 141 
285 332 
285 25 
285 377 
285 7 
285 266 
285 379 
285 492 
285 391 
285 166 
285 11 
285 366 
285 76 
285 103 
285 425 
285 139 
285 67 
285 262 
285 234 
285 170 
285 388 
285 263 
285 119 
285 392 
285 446 
285 201 
285 506 
285 386 
285 221 
285 527 
285 88 
285 126 
285 111 
285 312 
285 361 
285 213 
285 428 
285 416 
285 229 
285 476 
285 206 
285 364 
285 436 
285 344 
285 280 
285 123 
285 130 
285 197 
285 514 
285 77 
285 167 
285 230 
285 153 
285 373 
285 384 
285 380 
285 415 
285 493 
285 54 
285 302 
285 171 
285 121 
285 83 
285 400 
285 530 
285 203 
285 190 
285 58 
285 157 
285 113 
285 305 
285 389 
285 426 
285 402 
285 148 
285 483 
285 120 
285 320 
285 507 
285 279 
285 33 
285 108 
285 284 
285 368 
285 485 
286 116 
286 199 
286 468 
286 283 
286 46 
286 218 
286 387 
286 327 
286 443 
286 94 
286 466 
286 70 
286 309 
286 439 
286 63 
286 427 
286 100 
286 516 
286 510 
286 128 
286 377 
286 521 
286 176 
286 285 
286 436 
286 321 
286 440 
286 277 
286 115 
286 86 
286 351 
286 484 
286 159 
286 67 
286 274 
286 85 
286 17 
286 430 
286 506 
286 232 
286 108 
286 335 
286 56 
286 96 
286 317 
286 488 
286 476 
286 320 
286 401 
286 260 
286 125 
286 123 
286 463 
286 20 
286 14 
286 526 
286 213 
286 307 
286 380 
286 208 
286 72 
286 366 
286 265 
286 38 
286 200 
286 194 
286 477 
286 333 
286 525 
286 126 
286 240 
286 223 
286 109 
286 342 
286 508 
286 231 
286 23 
286 92 
286 110 
286 375 
286 337 
286 462 
286 524 
286 161 
286 74 
286 279 
286 507 
286 280 
286 287 
286 369 
286 39 
286 519 
286 284 
286 266 
286 487 
286 97 
286 505 
286 361 
286 132 
286 34 
286 314 
286 345 
286 75 
286 514 
286 102 
286 209 
286 315 
286 167 
286 527 
286 396 
286 459 
286 275 
286 166 
286 364 
286 88 
286 270 
286 356 
286 454 
286 138 
286 324 
286 224 
286 45 
286 26 
286 353 
286 492 
286 253 
286 107 
286 520 
286 420 
286 399 
286 186 
286 312 
286 292 
286 367 
286 419 
286 95 
286 44 
286 435 
287 19 
287 272 
287 439 
287 118 
287 172 
287 278 
287 138 
287 315 
287 206 
287 456 
287 412 
287 71 
287 500 
287 97 
287 21 
287 457 
287 111 
287 125 
287 283 
287 431 
287 381 
287 35 
287 224 
287 198 
287 288 
287 510 
287 9 
287 503 
287 116 
287 352 
287 313 
287 160 
287 309 
287 406 
287 12 
287 208 
287 213 
287 203 
287 108 
287 197 
287 320 
287 504 
287 191 
287 530 
287 523 
287 16 
287 23 
287 284 
287 514 
287 471 
287 215 
287 501 
287 75 
287 0 
287 418 
287 298 
287 307 
287 8 
287 342 
287 329 
287 485 
287 343 
287 85 
287 73 
287 508 
287 452 
287 465 
287 290 
287 358 
287 130 
287 408 
287 312 
287 427 
287 475 
287 382 
287 321 
287 481 
287 40 
287 285 
287 187 
287 7 
287 4 
287 2 
287 37 
287 20 
287 518 
287 240 
287 112 
287 373 
287 424 
287 56 
287 241 
287 180 
287 202 
287 66 
287 286 
287 248 
287 356 
287 407 
287 353 
287 86 
287 483 
287 267 
287 378 
287 370 
287 450 
287 157 
287 54 
287 438 
287 245 
287 119 
287 69 
287 257 
287 401 
287 49 
287 303 
287 136 
287 176 
287 405 
287 212 
287 324 
287 105 
287 77 
287 232 
287 113 
287 38 
287 149 
287 253 
287 183 
287 59 
287 292 
287 322 
287 528 
287 314 
287 101 
287 127 
287 332 
287 351 
287 463 
287 227 
287 133 
287 355 
287 146 
287 156 
287 114 
287 434 
287 155 
287 492 
287 53 
287 243 
287 33 
287 467 
287 209 
287 265 
287 126 
287 474 
287 362 
287 152 
288 296 
288 42 
288 196 
288 398 
288 209 
288 321 
288 520 
288 226 
288 188 
288 502 
288 181 
288 462 
288 404 
288 38 
288 514 
288 70 
288 287 
288 26 
288 305 
288 505 
288 434 
288 471 
288 468 
288 121 
288 218 
288 10 
288 137 
288 482 
288 179 
288 213 
288 57 
288 207 
288 530 
288 133 
288 131 
288 90 
288 89 
288 480 
288 74 
288 243 
288 291 
288 71 
288 255 
288 203 
288 83 
288 456 
288 96 
288 526 
288 60 
288 498 
288 386 
288 37 
288 117 
288 437 
288 245 
288 408 
288 283 
288 56 
288 292 
288 41 
288 253 
288 230 
288 506 
288 369 
288 132 
288 439 
288 269 
288 320 
288 48 
288 260 
288 359 
288 252 
288 113 
288 524 
288 28 
288 399 
288 417 
288 168 
288 123 
288 1 
288 157 
288 205 
288 422 
288 182 
288 326 
288 220 
288 433 
288 389 
288 159 
288 170 
288 8 
288 75 
288 488 
288 361 
288 350 
288 141 
288 240 
288 210 
288 234 
288 251 
288 208 
288 328 
288 191 
288 174 
288 257 
288 77 
288 31 
288 103 
288 293 
288 511 
288 172 
288 6 
288 200 
288 36 
288 391 
288 504 
288 522 
288 222 
288 483 
288 325 
288 333 
288 392 
288 358 
288 231 
288 244 
288 336 
288 199 
288 347 
288 363 
288 140 
288 383 
288 459 
288 61 
288 509 
288 239 
288 420 
288 315 
288 4 
288 241 
288 411 
288 366 
288 278 
288 527 
288 69 
288 33 
288 517 
288 513 
288 510 
288 455 
288 274 
288 481 
288 474 
288 446 
288 317 
288 454 
288 149 
288 492 
288 367 
288 394 
288 368 
288 337 
288 281 
288 180 
288 135 
289 484 
289 528 
289 515 
289 154 
289 362 
289 357 
289 376 
289 170 
289 119 
289 420 
289 28 
289 59 
289 277 
289 83 
289 283 
289 330 
289 347 
289 292 
289 125 
289 238 
289 3 
289 271 
289 251 
289 366 
289 350 
289 338 
289 33 
289 417 
289 489 
289 278 
289 222 
289 219 
289 475 
289 373 
289 162 
289 92 
289 104 
289 151 
289 13 
289 447 
289 331 
289 265 
289 218 
289 34 
289 245 
289 472 
289 415 
289 73 
289 202 
289 177 
289 72 
289 490 
289 233 
289 360 
289 500 
289 35 
289 486 
289 275 
289 214 
289 308 
289 26 
289 282 
289 315 
289 421 
289 272 
289 217 
289 388 
289 250 
289 172 
289 448 
289 478 
289 244 
289 168 
289 99 
289 78 
289 211 
289 422 
289 229 
289 252 
289 61 
289 391 
289 451 
289 429 
289 135 
289 31 
289 295 
289 320 
289 494 
289 90 
289 23 
289 530 
289 55 
289 418 
289 165 
289 234 
289 513 
289 306 
289 206 
289 42 
289 129 
289 337 
289 70 
289 323 
289 44 
289 86 
289 199 
289 60 
289 19 
289 260 
289 140 
289 336 
289 432 
289 230 
289 502 
289 481 
289 195 
289 358 
289 419 
289 412 
289 239 
289 107 
289 309 
289 184 
289 485 
289 51 
289 403 
289 174 
289 137 
289 379 
289 153 
289 524 
289 223 
289 216 
289 279 
289 463 
289 450 
289 351 
289 293 
289 476 
289 54 
289 220 
289 399 
289 497 
289 519 
289 393 
289 117 
289 341 
289 257 
289 392 
289 128 
289 454 
289 276 
289 383 
289 112 
289 466 
289 522 
289 64 
289 492 
289 270 
289 510 
289 352 
289 77 
289 203 
289 115 
289 409 
289 100 
289 495 
289 192 
289 66 
290 265 
290 294 
290 48 
290 319 
290 490 
290 36 
290 143 
290 377 
290 320 
290 161 
290 180 
290 369 
290 350 
290 156 
290 370 
290 388 
290 406 
290 127 
290 479 
290 428 
290 343 
290 148 
290 399 
290 46 
290 45 
290 107 
290 502 
290 215 
290 254 
290 514 
290 188 
290 315 
290 194 
290 432 
290 501 
290 313 
290 354 
290 303 
290 86 
290 142 
290 353 
290 259 
290 126 
290 393 
290 30 
290 133 
290 471 
290 332 
290 155 
290 237 
290 144 
290 154 
290 390 
290 375 
290 119 
290 287 
290 309 
290 88 
290 21 
290 385 
290 65 
290 39 
290 304 
290 244 
290 437 
290 112 
290 443 
290 510 
290 207 
290 412 
290 335 
290 195 
290 14 
290 448 
290 405 
290 473 
290 382 
290 525 
290 262 
290 346 
290 32 
290 16 
290 421 
290 78 
290 228 
290 9 
290 166 
290 90 
290 314 
290 500 
290 125 
290 23 
290 26 
290 272 
290 431 
290 7 
290 105 
290 230 
290 330 
290 219 
290 344 
290 52 
290 157 
290 416 
290 475 
290 60 
290 438 
290 359 
290 453 
290 434 
290 493 
290 512 
290 363 
290 79 
290 328 
290 318 
290 24 
290 292 
290 41 
290 241 
290 203 
290 358 
290 391 
290 482 
290 101 
290 232 
290 325 
290 417 
290 118 
290 506 
290 193 
290 168 
290 132 
290 162 
290 398 
290 269 
290 136 
290 191 
290 54 
290 27 
290 6 
290 395 
290 146 
290 74 
290 498 
290 96 
290 202 
290 248 
290 58 
290 371 
290 496 
290 116 
290 372 
290 459 
290 362 
290 233 
290 357 
290 261 
290 104 
290 113 
291 266 
291 246 
291 226 
291 126 
291 415 
291 489 
291 146 
291 68 
291 19 
291 280 
291 275 
291 441 
291 128 
291 258 
291 11 
291 464 
291 418 
291 281 
291 377 
291 106 
291 198 
291 234 
291 510 
291 490 
291 195 
291 501 
291 475 
291 332 
291 431 
291 41 
291 384 
291 150 
291 301 
291 497 
291 452 
291 263 
291 46 
291 434 
291 466 
291 288 
291 154 
291 270 
291 513 
291 147 
291 64 
291 55 
291 502 
291 330 
291 335 
291 353 
291 517 
291 272 
291 130 
291 26 
291 52 
291 358 
291 365 
291 134 
291 212 
291 405 
291 364 
291 427 
291 13 
291 523 
291 193 
291 257 
291 21 
291 334 
291 7 
291 206 
291 414 
291 306 
291 207 
291 401 
291 315 
291 499 
291 432 
291 38 
291 362 
291 3 
291 213 
291 369 
291 190 
291 209 
291 197 
291 29 
291 182 
291 474 
291 51 
291 339 
291 49 
291 23 
291 240 
291 476 
291 320 
291 192 
291 242 
291 357 
291 390 
291 101 
291 95 
291 99 
291 516 
291 351 
291 391 
291 421 
291 340 
291 331 
291 361 
291 373 
291 204 
291 399 
291 15 
291 327 
291 9 
291 181 
291 310 
291 237 
291 70 
291 90 
291 363 
291 45 
291 298 
291 63 
291 84 
291 220 
291 388 
291 356 
291 178 
291 443 
291 0 
291 471 
291 216 
291 75 
291 264 
291 127 
291 498 
291 316 
291 527 
291 341 
291 442 
291 98 
291 342 
291 184 
291 217 
291 472 
291 259 
291 473 
291 142 
291 87 
291 215 
291 480 
291 85 
291 89 
291 133 
292 448 
292 235 
292 237 
292 79 
292 103 
292 93 
292 333 
292 184 
292 50 
292 199 
292 339 
292 51 
292 7 
292 414 
292 191 
292 78 
292 220 
292 230 
292 289 
292 3 
292 368 
292 231 
292 209 
292 95 
292 254 
292 463 
292 139 
292 99 
292 228 
292 450 
292 298 
292 407 
292 47 
292 386 
292 369 
292 413 
292 315 
292 358 
292 146 
292 423 
292 277 
292 365 
292 253 
292 317 
292 14 
292 523 
292 167 
292 261 
292 68 
292 186 
292 225 
292 469 
292 288 
292 22 
292 242 
292 232 
292 335 
292 522 
292 517 
292 24 
292 271 
292 170 
292 280 
292 29 
292 162 
292 449 
292 431 
292 124 
292 120 
292 326 
292 357 
292 478 
292 64 
292 416 
292 30 
292 488 
292 363 
292 356 
292 94 
292 452 
292 429 
292 31 
292 424 
292 304 
292 412 
292 379 
292 54 
292 256 
292 373 
292 160 
292 384 
292 106 
292 148 
292 195 
292 71 
292 11 
292 415 
292 200 
292 245 
292 461 
292 404 
292 505 
292 2 
292 355 
292 447 
292 377 
292 361 
292 262 
292 290 
292 81 
292 42 
292 73 
292 194 
292 270 
292 398 
292 5 
292 172 
292 293 
292 458 
292 26 
292 229 
292 10 
292 213 
292 287 
292 236 
292 126 
292 296 
292 108 
292 252 
292 249 
292 472 
292 493 
292 212 
292 341 
292 331 
292 88 
292 244 
292 282 
292 405 
292 399 
292 349 
292 489 
292 397 
292 286 
292 269 
292 514 
292 345 
292 490 
292 84 
292 205 
292 192 
293 17 
293 92 
293 87 
293 273 
293 113 
293 351 
293 428 
293 165 
293 304 
293 204 
293 373 
293 64 
293 70 
293 40 
293 315 
293 439 
293 308 
293 314 
293 352 
293 524 
293 345 
293 61 
293 429 
293 229 
293 395 
293 106 
293 263 
293 6 
293 393 
293 472 
293 365 
293 15 
293 336 
293 28 
293 227 
293 46 
293 197 
293 431 
293 312 
293 353 
293 404 
293 254 
293 410 
293 228 
293 436 
293 504 
293 401 
293 424 
293 338 
293 95 
293 372 
293 243 
293 498 
293 377 
293 426 
293 322 
293 221 
293 246 
293 214 
293 371 
293 339 
293 209 
293 44 
293 212 
293 124 
293 462 
293 508 
293 162 
293 378 
293 185 
293 163 
293 367 
293 387 
293 297 
293 379 
293 414 
293 279 
293 103 
293 264 
293 144 
293 517 
293 406 
293 139 
293 222 
293 258 
293 11 
293 298 
293 172 
293 390 
293 73 
293 260 
293 5 
293 425 
293 50 
293 309 
293 342 
293 99 
293 173 
293 241 
293 181 
293 305 
293 492 
293 288 
293 109 
293 102 
293 502 
293 9 
293 482 
293 4 
293 116 
293 388 
293 128 
293 37 
293 310 
293 41 
293 117 
293 480 
293 445 
293 350 
293 360 
293 442 
293 509 
293 289 
293 452 
293 306 
293 329 
293 317 
293 237 
293 171 
293 83 
293 505 
293 141 
293 277 
293 252 
293 78 
293 292 
293 86 
293 272 
293 140 
293 202 
293 361 
293 234 
293 457 
293 97 
293 490 
293 409 
293 247 
293 527 
293 475 
293 38 
293 230 
293 318 
293 81 
293 34 
293 253 
293 299 
293 488 
293 74 
293 398 
293 187 
293 470 
293 394 
293 444 
293 175 
293 190 
293 65 
293 56 
293 385 
293 354 
294 86 
294 504 
294 35 
294 419 
294 60 
294 290 
294 357 
294 171 
294 109 
294 442 
294 112 
294 6 
294 192 
294 81 
294 526 
294 494 
294 196 
294 333 
294 134 
294 350 
294 353 
294 459 
294 11 
294 36 
294 236 
294 43 
294 94 
294 55 
294 268 
294 264 
294 330 
294 473 
294 400 
294 67 
294 207 
294 531 
294 408 
294 74 
294 125 
294 393 
294 416 
294 455 
294 143 
294 137 
294 191 
294 49 
294 84 
294 91 
294 154 
294 4 
294 520 
294 117 
294 320 
294 395 
294 120 
294 267 
294 379 
294 441 
294 374 
294 157 
294 443 
294 25 
294 373 
294 280 
294 502 
294 457 
294 516 
294 332 
294 176 
294 131 
294 300 
294 228 
294 232 
294 396 
294 139 
294 23 
294 370 
294 449 
294 453 
294 170 
294 484 
294 90 
294 439 
294 188 
294 172 
294 263 
294 436 
294 356 
294 410 
294 247 
294 438 
294 203 
294 444 
294 326 
294 388 
294 41 
294 403 
294 8 
294 38 
294 7 
294 331 
294 275 
294 230 
294 242 
294 123 
294 62 
294 376 
294 15 
294 161 
294 68 
294 346 
294 0 
294 185 
294 314 
294 152 
294 63 
294 284 
294 56 
294 381 
294 479 
294 309 
294 98 
294 114 
294 108 
294 377 
294 97 
294 147 
294 483 
294 255 
294 463 
294 503 
294 428 
294 16 
294 29 
294 478 
294 229 
294 440 
294 76 
294 281 
294 198 
294 302 
294 243 
294 173 
294 202 
294 110 
294 510 
294 325 
294 433 
294 240 
294 179 
294 411 
294 136 
294 340 
294 182 
294 351 
294 142 
294 218 
294 165 
294 517 
294 324 
294 214 
294 316 
295 381 
295 368 
295 309 
295 432 
295 31 
295 359 
295 92 
295 527 
295 410 
295 151 
295 509 
295 488 
295 181 
295 156 
295 24 
295 436 
295 64 
295 32 
295 463 
295 180 
295 46 
295 388 
295 285 
295 260 
295 135 
295 183 
295 274 
295 138 
295 200 
295 281 
295 328 
295 330 
295 420 
295 57 
295 379 
295 435 
295 152 
295 266 
295 383 
295 93 
295 101 
295 90 
295 530 
295 522 
295 35 
295 47 
295 453 
295 355 
295 417 
295 91 
295 396 
295 30 
295 520 
295 75 
295 306 
295 84 
295 428 
295 455 
295 2 
295 429 
295 211 
295 114 
295 61 
295 485 
295 242 
295 76 
295 17 
295 529 
295 348 
295 107 
295 98 
295 477 
295 19 
295 326 
295 278 
295 273 
295 249 
295 148 
295 312 
295 224 
295 289 
295 33 
295 369 
295 450 
295 72 
295 487 
295 387 
295 193 
295 360 
295 54 
295 433 
295 317 
295 9 
295 176 
295 214 
295 271 
295 53 
295 459 
295 208 
295 325 
295 38 
295 134 
295 170 
295 421 
295 451 
295 333 
295 397 
295 470 
295 73 
295 228 
295 174 
295 82 
295 357 
295 124 
295 375 
295 354 
295 154 
295 26 
295 350 
295 356 
295 457 
295 361 
295 219 
295 190 
295 103 
295 14 
295 461 
295 412 
295 110 
295 158 
295 497 
295 367 
295 460 
295 480 
295 448 
295 28 
295 511 
295 177 
295 132 
295 244 
295 486 
295 363 
295 96 
295 71 
295 217 
295 484 
296 191 
296 125 
296 360 
296 199 
296 288 
296 278 
296 188 
296 146 
296 327 
296 507 
296 235 
296 168 
296 41 
296 65 
296 253 
296 36 
296 279 
296 300 
296 384 
296 32 
296 521 
296 204 
296 54 
296 506 
296 148 
296 66 
296 299 
296 528 
296 259 
296 154 
296 328 
296 185 
296 269 
296 318 
296 153 
296 174 
296 136 
296 166 
296 90 
296 96 
296 92 
296 127 
296 376 
296 334 
296 33 
296 247 
296 159 
296 163 
296 411 
296 456 
296 455 
296 488 
296 478 
296 192 
296 304 
296 315 
296 119 
296 316 
296 198 
296 244 
296 469 
296 53 
296 426 
296 222 
296 236 
296 128 
296 240 
296 306 
296 335 
296 216 
296 458 
296 122 
296 82 
296 373 
296 351 
296 260 
296 80 
296 85 
296 442 
296 446 
296 43 
296 270 
296 139 
296 314 
296 398 
296 60 
296 388 
296 329 
296 208 
296 44 
296 10 
296 46 
296 104 
296 20 
296 107 
296 138 
296 321 
296 193 
296 416 
296 484 
296 524 
296 395 
296 224 
296 348 
296 142 
296 230 
296 393 
296 522 
296 126 
296 479 
296 172 
296 305 
296 228 
296 51 
296 273 
296 375 
296 101 
296 515 
296 414 
296 486 
296 445 
296 319 
296 450 
296 169 
296 434 
296 363 
296 461 
296 218 
296 97 
296 76 
296 292 
296 268 
296 353 
296 344 
296 310 
296 462 
296 463 
296 472 
296 491 
296 331 
296 95 
296 378 
296 226 
296 176 
296 4 
296 284 
296 171 
296 121 
296 152 
296 78 
296 233 
296 409 
296 349 
297 312 
297 414 
297 460 
297 36 
297 349 
297 439 
297 195 
297 419 
297 363 
297 263 
297 4 
297 516 
297 138 
297 103 
297 492 
297 94 
297 523 
297 159 
297 412 
297 189 
297 301 
297 274 
297 262 
297 164 
297 519 
297 395 
297 181 
297 111 
297 226 
297 224 
297 231 
297 202 
297 342 
297 350 
297 436 
297 305 
297 280 
297 368 
297 431 
297 53 
297 451 
297 375 
297 455 
297 507 
297 430 
297 302 
297 187 
297 331 
297 232 
297 99 
297 74 
297 146 
297 529 
297 514 
297 238 
297 85 
297 65 
297 406 
297 362 
297 168 
297 446 
297 170 
297 210 
297 447 
297 474 
297 380 
297 429 
297 76 
297 73 
297 108 
297 21 
297 379 
297 158 
297 521 
297 213 
297 513 
297 143 
297 351 
297 7 
297 178 
297 346 
297 136 
297 293 
297 253 
297 57 
297 17 
297 24 
297 172 
297 326 
297 15 
297 303 
297 343 
297 50 
297 390 
297 256 
297 468 
297 147 
297 204 
297 279 
297 413 
297 339 
297 54 
297 72 
297 117 
297 156 
297 265 
297 520 
297 179 
297 245 
297 114 
297 503 
297 64 
297 8 
297 215 
297 115 
297 257 
297 207 
297 530 
297 381 
297 83 
297 203 
297 281 
297 407 
297 71 
297 42 
297 317 
297 465 
297 218 
297 461 
297 127 
297 372 
297 417 
297 466 
297 510 
297 14 
297 352 
297 359 
297 188 
297 489 
297 378 
297 157 
297 527 
297 300 
297 130 
297 161 
297 335 
297 270 
297 470 
297 200 
297 508 
297 67 
297 488 
297 19 
297 192 
297 327 
297 96 
297 169 
297 330 
297 393 
297 505 
297 70 
297 97 
297 5 
297 324 
298 44 
298 43 
298 335 
298 54 
298 20 
298 197 
298 388 
298 82 
298 66 
298 32 
298 195 
298 141 
298 483 
298 369 
298 316 
298 282 
298 260 
298 370 
298 201 
298 278 
298 11 
298 292 
298 308 
298 132 
298 19 
298 194 
298 526 
298 498 
298 224 
298 449 
298 40 
298 287 
298 454 
298 319 
298 39 
298 80 
298 432 
298 500 
298 211 
298 229 
298 309 
298 154 
298 64 
298 469 
298 303 
298 399 
298 234 
298 355 
298 406 
298 263 
298 333 
298 328 
298 519 
298 462 
298 172 
298 143 
298 389 
298 415 
298 244 
298 135 
298 1 
298 464 
298 270 
298 300 
298 258 
298 476 
298 67 
298 390 
298 345 
298 193 
298 360 
298 403 
298 374 
298 481 
298 293 
298 362 
298 133 
298 254 
298 311 
298 50 
298 36 
298 325 
298 63 
298 60 
298 421 
298 16 
298 425 
298 136 
298 128 
298 220 
298 131 
298 217 
298 375 
298 198 
298 171 
298 186 
298 93 
298 47 
298 239 
298 226 
298 255 
298 514 
298 77 
298 249 
298 392 
298 160 
298 88 
298 96 
298 28 
298 380 
298 508 
298 488 
298 340 
298 420 
298 3 
298 291 
298 207 
298 366 
298 410 
298 212 
298 227 
298 372 
298 496 
298 109 
298 516 
298 31 
298 246 
298 112 
298 272 
298 459 
298 122 
298 196 
298 184 
298 314 
298 376 
298 386 
298 343 
298 70 
298 33 
298 247 
298 398 
298 273 
298 130 
298 490 
298 37 
298 210 
298 322 
298 30 
298 395 
298 85 
299 403 
299 58 
299 152 
299 422 
299 42 
299 100 
299 106 
299 380 
299 35 
299 161 
299 337 
299 319 
299 333 
299 424 
299 61 
299 305 
299 296 
299 358 
299 240 
299 204 
299 133 
299 278 
299 180 
299 248 
299 379 
299 520 
299 175 
299 309 
299 491 
299 189 
299 188 
299 1 
299 498 
299 255 
299 404 
299 32 
299 521 
299 359 
299 235 
299 202 
299 141 
299 232 
299 234 
299 447 
299 148 
299 389 
299 99 
299 432 
299 513 
299 10 
299 200 
299 224 
299 458 
299 464 
299 484 
299 247 
299 14 
299 391 
299 186 
299 50 
299 168 
299 320 
299 275 
299 314 
299 132 
299 261 
299 256 
299 197 
299 398 
299 8 
299 315 
299 38 
299 174 
299 223 
299 388 
299 339 
299 483 
299 207 
299 212 
299 399 
299 74 
299 17 
299 60 
299 509 
299 252 
299 215 
299 352 
299 304 
299 277 
299 415 
299 187 
299 53 
299 52 
299 236 
299 272 
299 429 
299 120 
299 138 
299 340 
299 469 
299 103 
299 244 
299 269 
299 3 
299 15 
299 123 
299 81 
299 362 
299 218 
299 396 
299 253 
299 435 
299 442 
299 167 
299 190 
299 41 
299 155 
299 49 
299 68 
299 213 
299 245 
299 437 
299 251 
299 107 
299 162 
299 323 
299 326 
299 373 
299 198 
299 231 
299 506 
299 24 
299 111 
299 293 
299 434 
299 301 
299 347 
299 402 
299 69 
299 191 
300 496 
300 95 
300 156 
300 85 
300 40 
300 139 
300 199 
300 327 
300 283 
300 296 
300 352 
300 28 
300 379 
300 470 
300 15 
300 97 
300 387 
300 78 
300 186 
300 401 
300 424 
300 495 
300 224 
300 362 
300 274 
300 24 
300 446 
300 392 
300 278 
300 425 
300 445 
300 22 
300 447 
300 13 
300 42 
300 6 
300 243 
300 421 
300 30 
300 10 
300 212 
300 433 
300 234 
300 134 
300 384 
300 509 
300 493 
300 20 
300 521 
300 194 
300 53 
300 217 
300 469 
300 481 
300 70 
300 304 
300 136 
300 294 
300 130 
300 249 
300 3 
300 472 
300 221 
300 457 
300 62 
300 245 
300 397 
300 195 
300 406 
300 329 
300 396 
300 268 
300 9 
300 522 
300 298 
300 342 
300 76 
300 225 
300 359 
300 5 
300 459 
300 47 
300 431 
300 313 
300 310 
300 524 
300 244 
300 467 
300 116 
300 57 
300 448 
300 439 
300 122 
300 477 
300 322 
300 423 
300 367 
300 483 
300 38 
300 108 
300 476 
300 226 
300 513 
300 147 
300 75 
300 192 
300 486 
300 317 
300 511 
300 412 
300 165 
300 479 
300 404 
300 213 
300 54 
300 273 
300 111 
300 363 
300 460 
300 475 
300 37 
300 148 
300 354 
300 154 
300 60 
300 82 
300 176 
300 435 
300 64 
300 158 
300 405 
300 179 
300 349 
300 0 
300 516 
300 219 
300 391 
300 297 
300 73 
300 58 
300 489 
300 316 
300 339 
300 464 
300 344 
300 51 
300 340 
300 478 
300 426 
300 142 
300 280 
300 503 
300 510 
300 164 
300 80 
300 326 
300 485 
300 71 
300 343 
300 358 
300 301 
300 277 
300 14 
301 276 
301 1 
301 463 
301 445 
301 381 
301 194 
301 433 
301 363 
301 138 
301 88 
301 441 
301 335 
301 24 
301 432 
301 236 
301 297 
301 530 
301 442 
301 224 
301 20 
301 508 
301 61 
301 396 
301 170 
301 248 
301 320 
301 38 
301 84 
301 29 
301 175 
301 507 
301 516 
301 398 
301 430 
301 485 
301 291 
301 323 
301 83 
301 45 
301 234 
301 263 
301 73 
301 181 
301 211 
301 339 
301 260 
301 435 
301 86 
301 230 
301 195 
301 250 
301 209 
301 336 
301 18 
301 424 
301 17 
301 126 
301 362 
301 484 
301 519 
301 324 
301 367 
301 465 
301 356 
301 341 
301 366 
301 199 
301 10 
301 347 
301 466 
301 265 
301 480 
301 3 
301 371 
301 139 
301 188 
301 387 
301 406 
301 369 
301 5 
301 452 
301 270 
301 471 
301 187 
301 469 
301 393 
301 334 
301 505 
301 41 
301 155 
301 528 
301 205 
301 198 
301 328 
301 522 
301 392 
301 229 
301 82 
301 275 
301 145 
301 311 
301 7 
301 477 
301 221 
301 244 
301 166 
301 429 
301 490 
301 502 
301 504 
301 172 
301 497 
301 506 
301 163 
301 414 
301 329 
301 165 
301 453 
301 100 
301 109 
301 146 
301 213 
301 359 
301 475 
301 354 
301 69 
301 299 
301 15 
301 321 
301 53 
301 159 
301 66 
301 526 
301 8 
301 267 
301 300 
301 417 
301 447 
302 368 
302 92 
302 439 
302 520 
302 259 
302 181 
302 67 
302 435 
302 519 
302 59 
302 75 
302 228 
302 246 
302 217 
302 71 
302 28 
302 311 
302 265 
302 414 
302 454 
302 442 
302 195 
302 207 
302 456 
302 168 
302 383 
302 42 
302 119 
302 242 
302 386 
302 346 
302 387 
302 461 
302 74 
302 362 
302 96 
302 198 
302 467 
302 522 
302 339 
302 173 
302 297 
302 349 
302 103 
302 100 
302 528 
302 469 
302 409 
302 357 
302 128 
302 504 
302 106 
302 113 
302 65 
302 93 
302 332 
302 451 
302 35 
302 415 
302 527 
302 277 
302 284 
302 382 
302 164 
302 216 
302 361 
302 225 
302 270 
302 172 
302 313 
302 76 
302 406 
302 464 
302 41 
302 350 
302 327 
302 229 
302 333 
302 371 
302 516 
302 194 
302 25 
302 420 
302 131 
302 445 
302 52 
302 446 
302 26 
302 130 
302 202 
302 337 
302 237 
302 472 
302 197 
302 437 
302 396 
302 459 
302 111 
302 157 
302 15 
302 499 
302 402 
302 453 
302 141 
302 376 
302 227 
302 37 
302 107 
302 212 
302 12 
302 315 
302 261 
302 506 
302 73 
302 391 
302 334 
302 276 
302 68 
302 232 
302 496 
302 373 
302 160 
302 149 
302 514 
302 234 
302 262 
302 490 
302 509 
302 214 
302 169 
302 360 
302 492 
302 443 
302 43 
302 404 
302 466 
302 192 
302 294 
302 240 
302 438 
302 220 
302 254 
302 384 
302 201 
302 236 
302 186 
302 156 
302 285 
302 105 
302 241 
302 347 
302 330 
302 226 
302 393 
302 341 
302 379 
302 317 
302 16 
302 455 
302 174 
302 98 
302 183 
303 495 
303 362 
303 233 
303 156 
303 221 
303 323 
303 282 
303 9 
303 321 
303 335 
303 377 
303 410 
303 278 
303 464 
303 272 
303 489 
303 55 
303 225 
303 463 
303 120 
303 421 
303 200 
303 320 
303 325 
303 45 
303 220 
303 77 
303 255 
303 306 
303 527 
303 517 
303 356 
303 504 
303 389 
303 254 
303 279 
303 74 
303 485 
303 322 
303 385 
303 250 
303 290 
303 40 
303 115 
303 472 
303 501 
303 159 
303 262 
303 531 
303 97 
303 374 
303 481 
303 422 
303 530 
303 467 
303 242 
303 180 
303 8 
303 280 
303 298 
303 366 
303 394 
303 110 
303 211 
303 336 
303 398 
303 165 
303 305 
303 409 
303 257 
303 265 
303 82 
303 205 
303 310 
303 524 
303 191 
303 88 
303 48 
303 67 
303 334 
303 367 
303 50 
303 330 
303 150 
303 56 
303 297 
303 168 
303 202 
303 49 
303 329 
303 51 
303 251 
303 492 
303 343 
303 210 
303 114 
303 186 
303 217 
303 43 
303 138 
303 383 
303 435 
303 58 
303 441 
303 12 
303 430 
303 498 
303 415 
303 36 
303 32 
303 461 
303 85 
303 269 
303 69 
303 483 
303 353 
303 427 
303 237 
303 185 
303 183 
303 466 
303 287 
303 78 
303 108 
303 477 
303 172 
303 404 
303 70 
303 102 
303 192 
303 413 
303 408 
303 170 
303 442 
303 360 
303 412 
303 5 
303 281 
303 490 
303 480 
303 21 
303 514 
303 198 
303 528 
303 1 
303 59 
303 207 
303 444 
303 84 
303 24 
303 194 
303 521 
303 344 
303 460 
304 400 
304 402 
304 389 
304 349 
304 233 
304 407 
304 293 
304 459 
304 138 
304 245 
304 406 
304 253 
304 143 
304 404 
304 434 
304 429 
304 254 
304 328 
304 509 
304 394 
304 408 
304 212 
304 144 
304 11 
304 371 
304 118 
304 105 
304 501 
304 518 
304 237 
304 413 
304 60 
304 311 
304 66 
304 307 
304 200 
304 255 
304 247 
304 321 
304 23 
304 450 
304 63 
304 455 
304 231 
304 232 
304 392 
304 479 
304 351 
304 279 
304 197 
304 296 
304 261 
304 312 
304 300 
304 354 
304 145 
304 519 
304 461 
304 375 
304 323 
304 67 
304 64 
304 33 
304 465 
304 507 
304 474 
304 62 
304 50 
304 326 
304 290 
304 330 
304 150 
304 167 
304 102 
304 415 
304 123 
304 432 
304 54 
304 218 
304 248 
304 266 
304 355 
304 423 
304 383 
304 382 
304 513 
304 425 
304 473 
304 462 
304 53 
304 292 
304 372 
304 206 
304 43 
304 358 
304 164 
304 122 
304 236 
304 129 
304 480 
304 335 
304 273 
304 421 
304 108 
304 207 
304 116 
304 369 
304 458 
304 526 
304 3 
304 446 
304 299 
304 4 
304 403 
304 365 
304 324 
304 188 
304 199 
304 27 
304 274 
304 350 
304 40 
304 481 
304 440 
304 92 
304 363 
304 220 
304 380 
304 497 
304 52 
304 510 
304 202 
304 414 
304 283 
304 486 
304 422 
304 30 
304 14 
304 243 
304 399 
304 55 
304 329 
304 214 
304 96 
304 438 
304 272 
304 46 
304 353 
304 88 
304 117 
304 25 
304 342 
304 78 
304 420 
304 77 
304 82 
304 213 
304 401 
304 182 
304 470 
304 516 
304 364 
304 10 
304 211 
304 258 
304 141 
304 103 
305 488 
305 198 
305 502 
305 178 
305 469 
305 381 
305 113 
305 129 
305 170 
305 262 
305 425 
305 464 
305 518 
305 462 
305 449 
305 331 
305 447 
305 288 
305 44 
305 118 
305 163 
305 479 
305 322 
305 474 
305 299 
305 54 
305 148 
305 313 
305 192 
305 444 
305 493 
305 297 
305 336 
305 284 
305 279 
305 237 
305 60 
305 277 
305 92 
305 325 
305 79 
305 435 
305 127 
305 268 
305 253 
305 418 
305 349 
305 93 
305 23 
305 64 
305 388 
305 214 
305 467 
305 356 
305 516 
305 508 
305 311 
305 423 
305 175 
305 524 
305 75 
305 414 
305 182 
305 370 
305 272 
305 250 
305 228 
305 65 
305 468 
305 303 
305 88 
305 114 
305 184 
305 166 
305 202 
305 177 
305 97 
305 63 
305 20 
305 98 
305 3 
305 448 
305 200 
305 328 
305 472 
305 7 
305 229 
305 527 
305 138 
305 40 
305 206 
305 367 
305 339 
305 357 
305 77 
305 471 
305 160 
305 12 
305 402 
305 434 
305 445 
305 120 
305 329 
305 450 
305 14 
305 116 
305 16 
305 109 
305 293 
305 398 
305 205 
305 344 
305 45 
305 142 
305 179 
305 529 
305 56 
305 91 
305 255 
305 296 
305 137 
305 377 
305 222 
305 73 
305 497 
305 397 
305 46 
305 82 
305 307 
305 458 
305 197 
305 117 
305 139 
305 70 
305 66 
305 451 
305 80 
305 212 
305 240 
305 234 
305 102 
305 459 
305 236 
305 506 
305 317 
305 62 
305 496 
305 259 
305 510 
305 195 
305 185 
305 309 
305 173 
305 515 
305 41 
305 209 
305 186 
305 281 
305 27 
305 324 
305 399 
305 285 
305 345 
305 6 
305 233 
305 426 
305 334 
305 126 
306 340 
306 257 
306 99 
306 393 
306 463 
306 34 
306 118 
306 425 
306 382 
306 70 
306 333 
306 496 
306 82 
306 134 
306 40 
306 179 
306 356 
306 13 
306 303 
306 39 
306 493 
306 367 
306 384 
306 178 
306 470 
306 146 
306 174 
306 237 
306 135 
306 440 
306 520 
306 514 
306 0 
306 130 
306 455 
306 446 
306 459 
306 59 
306 35 
306 24 
306 330 
306 193 
306 235 
306 295 
306 57 
306 110 
306 251 
306 278 
306 46 
306 8 
306 283 
306 195 
306 492 
306 109 
306 378 
306 328 
306 194 
306 437 
306 296 
306 410 
306 415 
306 518 
306 50 
306 354 
306 473 
306 224 
306 454 
306 502 
306 226 
306 324 
306 49 
306 448 
306 11 
306 291 
306 186 
306 43 
306 36 
306 33 
306 162 
306 289 
306 143 
306 510 
306 337 
306 529 
306 307 
306 401 
306 406 
306 359 
306 213 
306 243 
306 54 
306 413 
306 107 
306 96 
306 176 
306 526 
306 149 
306 450 
306 41 
306 168 
306 476 
306 424 
306 208 
306 467 
306 183 
306 423 
306 456 
306 83 
306 477 
306 484 
306 256 
306 139 
306 112 
306 238 
306 519 
306 426 
306 258 
306 17 
306 6 
306 266 
306 422 
306 210 
306 319 
306 198 
306 293 
306 63 
306 485 
306 1 
306 86 
306 362 
306 396 
306 444 
306 341 
306 152 
306 402 
306 141 
306 133 
306 247 
306 3 
306 405 
306 347 
306 218 
306 275 
306 12 
306 91 
306 55 
306 462 
306 368 
306 67 
306 497 
306 371 
307 365 
307 79 
307 231 
307 41 
307 176 
307 253 
307 180 
307 331 
307 395 
307 344 
307 23 
307 355 
307 10 
307 3 
307 171 
307 504 
307 281 
307 385 
307 207 
307 321 
307 22 
307 227 
307 326 
307 36 
307 185 
307 181 
307 456 
307 423 
307 107 
307 134 
307 408 
307 330 
307 348 
307 487 
307 113 
307 248 
307 304 
307 422 
307 53 
307 203 
307 462 
307 311 
307 287 
307 353 
307 166 
307 389 
307 122 
307 327 
307 380 
307 420 
307 223 
307 442 
307 65 
307 12 
307 11 
307 531 
307 320 
307 104 
307 274 
307 528 
307 234 
307 286 
307 467 
307 81 
307 95 
307 118 
307 91 
307 432 
307 373 
307 324 
307 263 
307 470 
307 430 
307 229 
307 495 
307 314 
307 249 
307 412 
307 200 
307 101 
307 251 
307 503 
307 247 
307 102 
307 433 
307 177 
307 49 
307 306 
307 453 
307 493 
307 34 
307 404 
307 155 
307 425 
307 16 
307 356 
307 105 
307 501 
307 360 
307 512 
307 329 
307 489 
307 156 
307 451 
307 27 
307 21 
307 277 
307 469 
307 220 
307 39 
307 426 
307 305 
307 394 
307 375 
307 473 
307 415 
307 138 
307 506 
307 364 
307 522 
307 450 
307 74 
307 168 
307 242 
307 283 
307 87 
307 178 
307 318 
307 449 
307 429 
307 158 
307 165 
307 153 
307 476 
307 335 
307 514 
307 478 
307 254 
307 154 
307 51 
307 191 
307 128 
307 262 
307 376 
307 30 
307 193 
307 48 
307 343 
307 146 
307 499 
307 202 
307 125 
308 482 
308 332 
308 390 
308 483 
308 381 
308 490 
308 54 
308 403 
308 418 
308 357 
308 94 
308 40 
308 509 
308 177 
308 428 
308 317 
308 35 
308 293 
308 422 
308 188 
308 246 
308 110 
308 265 
308 382 
308 344 
308 487 
308 10 
308 522 
308 31 
308 157 
308 89 
308 183 
308 133 
308 228 
308 298 
308 195 
308 93 
308 333 
308 14 
308 105 
308 69 
308 346 
308 58 
308 353 
308 196 
308 126 
308 140 
308 56 
308 97 
308 231 
308 232 
308 87 
308 209 
308 289 
308 178 
308 220 
308 146 
308 345 
308 81 
308 66 
308 121 
308 55 
308 521 
308 472 
308 369 
308 370 
308 160 
308 243 
308 412 
308 335 
308 153 
308 449 
308 98 
308 112 
308 75 
308 43 
308 226 
308 32 
308 470 
308 158 
308 285 
308 74 
308 452 
308 78 
308 272 
308 421 
308 498 
308 5 
308 213 
308 234 
308 106 
308 41 
308 468 
308 507 
308 136 
308 91 
308 221 
308 229 
308 15 
308 264 
308 512 
308 138 
308 207 
308 427 
308 433 
308 202 
308 342 
308 102 
308 62 
308 343 
308 387 
308 348 
308 42 
308 194 
308 88 
308 247 
308 458 
308 60 
308 225 
308 1 
308 19 
308 320 
308 401 
308 351 
308 414 
308 29 
308 244 
308 314 
308 57 
308 26 
308 135 
308 432 
308 172 
308 271 
308 358 
308 70 
308 508 
308 267 
308 116 
308 453 
308 73 
308 438 
308 45 
308 448 
308 469 
308 485 
308 514 
308 249 
308 477 
308 240 
308 439 
308 323 
308 434 
308 423 
308 37 
308 148 
308 397 
308 360 
308 510 
308 65 
308 253 
308 238 
308 266 
308 27 
308 82 
309 506 
309 457 
309 418 
309 251 
309 295 
309 86 
309 50 
309 94 
309 5 
309 280 
309 492 
309 507 
309 45 
309 448 
309 286 
309 149 
309 518 
309 243 
309 42 
309 155 
309 159 
309 287 
309 167 
309 201 
309 238 
309 363 
309 108 
309 282 
309 428 
309 357 
309 489 
309 429 
309 417 
309 447 
309 438 
309 340 
309 503 
309 194 
309 79 
309 299 
309 115 
309 269 
309 143 
309 521 
309 236 
309 233 
309 488 
309 58 
309 212 
309 471 
309 422 
309 327 
309 178 
309 529 
309 465 
309 298 
309 508 
309 495 
309 17 
309 105 
309 12 
309 206 
309 348 
309 290 
309 225 
309 232 
309 48 
309 64 
309 331 
309 199 
309 265 
309 477 
309 104 
309 436 
309 152 
309 333 
309 139 
309 352 
309 527 
309 227 
309 393 
309 34 
309 520 
309 37 
309 431 
309 163 
309 67 
309 285 
309 459 
309 4 
309 360 
309 345 
309 27 
309 476 
309 14 
309 217 
309 146 
309 461 
309 519 
309 353 
309 293 
309 349 
309 420 
309 119 
309 512 
309 313 
309 235 
309 191 
309 11 
309 153 
309 209 
309 329 
309 19 
309 289 
309 165 
309 13 
309 65 
309 382 
309 336 
309 322 
309 468 
309 264 
309 132 
309 364 
309 441 
309 294 
309 68 
309 223 
309 229 
309 97 
309 359 
309 254 
309 193 
309 72 
309 319 
309 82 
309 242 
309 400 
309 425 
309 240 
309 427 
309 453 
309 128 
309 497 
309 80 
309 405 
309 388 
309 15 
309 399 
309 181 
309 483 
309 129 
309 122 
309 179 
309 267 
309 481 
309 29 
309 106 
309 55 
309 380 
309 305 
309 472 
309 392 
309 454 
309 324 
309 118 
309 396 
309 100 
309 215 
309 262 
309 188 
309 337 
309 325 
309 414 
309 323 
309 423 
310 68 
310 440 
310 521 
310 209 
310 266 
310 249 
310 34 
310 403 
310 20 
310 508 
310 156 
310 192 
310 444 
310 448 
310 390 
310 475 
310 469 
310 431 
310 491 
310 201 
310 60 
310 63 
310 222 
310 511 
310 437 
310 364 
310 502 
310 93 
310 385 
310 45 
310 512 
310 410 
310 248 
310 470 
310 11 
310 113 
310 37 
310 480 
310 171 
310 33 
310 317 
310 423 
310 453 
310 236 
310 36 
310 176 
310 344 
310 210 
310 427 
310 367 
310 35 
310 447 
310 517 
310 414 
310 56 
310 151 
310 399 
310 14 
310 89 
310 177 
310 260 
310 237 
310 21 
310 256 
310 223 
310 465 
310 341 
310 47 
310 254 
310 29 
310 138 
310 303 
310 197 
310 500 
310 320 
310 59 
310 346 
310 400 
310 97 
310 231 
310 77 
310 365 
310 373 
310 340 
310 280 
310 94 
310 24 
310 300 
310 140 
310 30 
310 76 
310 528 
310 10 
310 372 
310 145 
310 27 
310 124 
310 363 
310 5 
310 452 
310 463 
310 216 
310 238 
310 17 
310 446 
310 506 
310 230 
310 333 
310 155 
310 67 
310 267 
310 516 
310 428 
310 518 
310 107 
310 462 
310 293 
310 411 
310 324 
310 417 
310 31 
310 146 
310 169 
310 65 
310 291 
310 449 
310 263 
310 143 
310 132 
310 353 
310 415 
310 468 
310 389 
310 348 
310 16 
310 374 
310 38 
310 235 
310 478 
310 116 
310 296 
310 183 
310 198 
310 318 
310 123 
310 117 
310 126 
310 488 
310 75 
310 90 
310 8 
310 282 
310 498 
310 368 
310 357 
310 337 
310 228 
310 7 
310 347 
310 9 
310 505 
310 82 
311 379 
311 391 
311 38 
311 217 
311 246 
311 46 
311 61 
311 190 
311 214 
311 247 
311 81 
311 34 
311 459 
311 60 
311 302 
311 105 
311 236 
311 233 
311 249 
311 521 
311 177 
311 524 
311 332 
311 504 
311 6 
311 382 
311 67 
311 454 
311 277 
311 186 
311 158 
311 70 
311 113 
311 154 
311 267 
311 220 
311 526 
311 410 
311 481 
311 370 
311 209 
311 159 
311 509 
311 304 
311 495 
311 381 
311 43 
311 146 
311 110 
311 131 
311 307 
311 264 
311 435 
311 305 
311 336 
311 16 
311 457 
311 88 
311 482 
311 73 
311 371 
311 135 
311 414 
311 77 
311 91 
311 273 
311 434 
311 385 
311 229 
311 189 
311 76 
311 480 
311 235 
311 466 
311 472 
311 324 
311 337 
311 261 
311 360 
311 153 
311 253 
311 174 
311 467 
311 39 
311 128 
311 366 
311 447 
311 192 
311 25 
311 89 
311 275 
311 241 
311 211 
311 239 
311 197 
311 298 
311 465 
311 64 
311 206 
311 262 
311 339 
311 523 
311 202 
311 167 
311 450 
311 195 
311 406 
311 499 
311 464 
311 129 
311 525 
311 9 
311 438 
311 335 
311 301 
311 155 
311 319 
311 322 
311 5 
311 238 
311 139 
311 252 
311 57 
311 368 
311 52 
311 8 
311 41 
311 266 
311 108 
311 143 
311 442 
311 444 
311 112 
311 59 
311 243 
311 518 
311 487 
311 422 
311 11 
311 115 
311 104 
311 314 
311 519 
311 245 
311 176 
311 424 
311 283 
311 166 
312 323 
312 297 
312 140 
312 176 
312 487 
312 458 
312 506 
312 519 
312 106 
312 222 
312 340 
312 325 
312 270 
312 272 
312 120 
312 152 
312 263 
312 39 
312 481 
312 9 
312 81 
312 405 
312 154 
312 447 
312 186 
312 501 
312 30 
312 198 
312 78 
312 141 
312 526 
312 360 
312 16 
312 137 
312 114 
312 443 
312 183 
312 7 
312 451 
312 293 
312 329 
312 523 
312 187 
312 72 
312 518 
312 419 
312 164 
312 473 
312 70 
312 448 
312 504 
312 314 
312 168 
312 86 
312 445 
312 13 
312 453 
312 513 
312 304 
312 474 
312 216 
312 378 
312 521 
312 480 
312 67 
312 287 
312 121 
312 174 
312 92 
312 229 
312 239 
312 131 
312 5 
312 26 
312 61 
312 295 
312 417 
312 412 
312 238 
312 88 
312 112 
312 509 
312 427 
312 101 
312 500 
312 428 
312 319 
312 226 
312 258 
312 484 
312 122 
312 111 
312 232 
312 105 
312 52 
312 326 
312 431 
312 337 
312 316 
312 231 
312 320 
312 359 
312 488 
312 133 
312 426 
312 207 
312 508 
312 185 
312 315 
312 498 
312 522 
312 204 
312 409 
312 245 
312 247 
312 285 
312 449 
312 437 
312 89 
312 483 
312 368 
312 271 
312 464 
312 446 
312 348 
312 383 
312 34 
312 475 
312 107 
312 147 
312 324 
312 485 
312 350 
312 376 
312 177 
312 38 
312 189 
312 284 
312 374 
312 422 
312 4 
312 104 
312 517 
312 352 
312 126 
312 96 
312 79 
312 41 
312 57 
312 286 
312 356 
312 71 
312 406 
312 90 
312 278 
313 151 
313 320 
313 347 
313 143 
313 178 
313 405 
313 243 
313 41 
313 121 
313 82 
313 177 
313 4 
313 154 
313 271 
313 76 
313 133 
313 395 
313 215 
313 28 
313 425 
313 510 
313 140 
313 210 
313 483 
313 368 
313 160 
313 404 
313 287 
313 59 
313 56 
313 305 
313 231 
313 90 
313 466 
313 87 
313 517 
313 367 
313 415 
313 290 
313 273 
313 429 
313 79 
313 137 
313 188 
313 275 
313 435 
313 324 
313 91 
313 413 
313 232 
313 30 
313 51 
313 282 
313 524 
313 149 
313 354 
313 441 
313 48 
313 280 
313 507 
313 457 
313 315 
313 331 
313 527 
313 72 
313 260 
313 423 
313 3 
313 302 
313 122 
313 124 
313 421 
313 115 
313 461 
313 440 
313 491 
313 360 
313 229 
313 490 
313 496 
313 88 
313 442 
313 103 
313 237 
313 10 
313 424 
313 180 
313 446 
313 300 
313 6 
313 222 
313 105 
313 447 
313 309 
313 54 
313 497 
313 132 
313 520 
313 323 
313 396 
313 489 
313 241 
313 272 
313 84 
313 250 
313 434 
313 504 
313 23 
313 181 
313 162 
313 131 
313 281 
313 263 
313 197 
313 248 
313 239 
313 1 
313 330 
313 385 
313 492 
313 348 
313 526 
313 185 
313 493 
313 7 
313 529 
313 416 
313 135 
313 381 
313 112 
313 487 
313 101 
313 318 
313 12 
313 362 
313 530 
313 83 
313 266 
313 118 
313 226 
313 22 
313 332 
313 63 
313 126 
313 5 
313 392 
313 472 
313 516 
313 449 
313 179 
313 27 
313 65 
313 52 
313 419 
314 113 
314 2 
314 212 
314 498 
314 495 
314 469 
314 178 
314 327 
314 41 
314 529 
314 65 
314 155 
314 76 
314 201 
314 213 
314 253 
314 522 
314 293 
314 83 
314 505 
314 214 
314 30 
314 334 
314 386 
314 164 
314 283 
314 530 
314 99 
314 158 
314 180 
314 35 
314 186 
314 129 
314 489 
314 513 
314 376 
314 52 
314 428 
314 72 
314 125 
314 244 
314 523 
314 257 
314 312 
314 192 
314 222 
314 447 
314 48 
314 324 
314 351 
314 10 
314 95 
314 320 
314 476 
314 168 
314 422 
314 516 
314 195 
314 58 
314 174 
314 132 
314 55 
314 323 
314 193 
314 432 
314 230 
314 171 
314 307 
314 416 
314 519 
314 31 
314 299 
314 119 
314 462 
314 121 
314 210 
314 512 
314 100 
314 148 
314 296 
314 89 
314 352 
314 28 
314 331 
314 333 
314 141 
314 290 
314 509 
314 319 
314 346 
314 82 
314 122 
314 470 
314 115 
314 145 
314 0 
314 294 
314 359 
314 417 
314 128 
314 286 
314 77 
314 239 
314 228 
314 406 
314 392 
314 409 
314 268 
314 32 
314 315 
314 64 
314 111 
314 382 
314 308 
314 29 
314 465 
314 235 
314 197 
314 243 
314 49 
314 405 
314 281 
314 528 
314 221 
314 6 
314 287 
314 265 
314 278 
314 337 
314 241 
314 503 
314 466 
314 203 
314 440 
314 298 
314 263 
314 75 
314 493 
314 329 
314 311 
314 7 
314 480 
314 170 
314 137 
314 455 
314 461 
314 14 
314 87 
314 436 
314 167 
314 101 
315 345 
315 287 
315 39 
315 509 
315 18 
315 281 
315 193 
315 65 
315 511 
315 503 
315 127 
315 293 
315 74 
315 502 
315 283 
315 201 
315 433 
315 232 
315 43 
315 282 
315 333 
315 219 
315 200 
315 268 
315 269 
315 45 
315 267 
315 217 
315 227 
315 393 
315 290 
315 161 
315 120 
315 153 
315 349 
315 245 
315 380 
315 51 
315 292 
315 466 
315 3 
315 49 
315 50 
315 38 
315 2 
315 42 
315 125 
315 237 
315 76 
315 369 
315 91 
315 188 
315 317 
315 151 
315 475 
315 496 
315 296 
315 397 
315 313 
315 68 
315 372 
315 179 
315 510 
315 289 
315 336 
315 206 
315 197 
315 414 
315 78 
315 190 
315 442 
315 116 
315 485 
315 319 
315 13 
315 28 
315 221 
315 457 
315 367 
315 520 
315 205 
315 195 
315 291 
315 299 
315 138 
315 388 
315 203 
315 141 
315 376 
315 467 
315 11 
315 382 
315 102 
315 337 
315 271 
315 224 
315 416 
315 407 
315 259 
315 355 
315 238 
315 62 
315 513 
315 135 
315 85 
315 172 
315 302 
315 216 
315 236 
315 465 
315 286 
315 134 
315 519 
315 312 
315 370 
315 531 
315 368 
315 254 
315 326 
315 486 
315 438 
315 314 
315 183 
315 52 
315 174 
315 472 
315 473 
315 508 
315 461 
315 169 
315 37 
315 484 
315 71 
315 260 
315 215 
315 67 
315 243 
315 57 
315 288 
315 182 
315 400 
315 160 
315 95 
315 114 
315 352 
315 391 
315 375 
315 186 
315 155 
315 453 
315 270 
315 9 
315 143 
315 381 
315 233 
315 277 
315 111 
315 17 
315 481 
315 261 
315 255 
316 321 
316 323 
316 106 
316 205 
316 283 
316 178 
316 362 
316 194 
316 238 
316 413 
316 337 
316 519 
316 339 
316 69 
316 167 
316 243 
316 523 
316 102 
316 522 
316 427 
316 258 
316 482 
316 382 
316 189 
316 401 
316 146 
316 494 
316 518 
316 37 
316 114 
316 298 
316 260 
316 28 
316 504 
316 128 
316 85 
316 15 
316 214 
316 54 
316 183 
316 459 
316 228 
316 358 
316 334 
316 12 
316 383 
316 129 
316 497 
316 53 
316 351 
316 235 
316 340 
316 201 
316 296 
316 320 
316 176 
316 530 
316 67 
316 267 
316 453 
316 388 
316 414 
316 328 
316 196 
316 143 
316 370 
316 155 
316 430 
316 503 
316 415 
316 88 
316 141 
316 206 
316 240 
316 165 
316 18 
316 174 
316 94 
316 1 
316 513 
316 39 
316 19 
316 345 
316 466 
316 144 
316 490 
316 406 
316 529 
316 515 
316 443 
316 480 
316 364 
316 245 
316 170 
316 131 
316 56 
316 312 
316 517 
316 58 
316 198 
316 105 
316 371 
316 402 
316 365 
316 419 
316 79 
316 526 
316 162 
316 250 
316 168 
316 455 
316 493 
316 264 
316 188 
316 11 
316 375 
316 26 
316 331 
316 437 
316 278 
316 175 
316 64 
316 111 
316 200 
316 239 
316 447 
316 436 
316 342 
316 359 
316 499 
316 36 
316 218 
316 487 
316 353 
316 439 
316 291 
316 425 
316 300 
316 372 
316 528 
316 330 
316 101 
316 107 
316 134 
316 368 
316 442 
316 521 
316 230 
316 514 
316 76 
316 186 
316 294 
316 59 
317 162 
317 231 
317 54 
317 209 
317 234 
317 376 
317 391 
317 237 
317 424 
317 395 
317 8 
317 57 
317 336 
317 517 
317 208 
317 323 
317 308 
317 178 
317 455 
317 155 
317 4 
317 326 
317 529 
317 38 
317 415 
317 321 
317 197 
317 261 
317 12 
317 423 
317 328 
317 502 
317 80 
317 519 
317 74 
317 413 
317 88 
317 310 
317 333 
317 109 
317 170 
317 105 
317 60 
317 531 
317 292 
317 356 
317 258 
317 177 
317 225 
317 266 
317 460 
317 315 
317 286 
317 226 
317 507 
317 124 
317 186 
317 444 
317 137 
317 217 
317 185 
317 211 
317 87 
317 20 
317 337 
317 342 
317 276 
317 202 
317 227 
317 464 
317 25 
317 73 
317 144 
317 81 
317 242 
317 264 
317 167 
317 397 
317 478 
317 16 
317 322 
317 367 
317 221 
317 457 
317 377 
317 327 
317 163 
317 62 
317 127 
317 361 
317 22 
317 295 
317 324 
317 117 
317 121 
317 31 
317 420 
317 55 
317 473 
317 426 
317 115 
317 421 
317 270 
317 52 
317 450 
317 503 
317 403 
317 79 
317 97 
317 388 
317 198 
317 338 
317 358 
317 220 
317 465 
317 459 
317 300 
317 92 
317 240 
317 168 
317 411 
317 201 
317 497 
317 334 
317 188 
317 297 
317 6 
317 293 
317 431 
317 157 
317 366 
317 1 
317 318 
317 172 
317 305 
317 120 
317 441 
317 399 
317 142 
317 267 
317 347 
317 99 
317 362 
317 34 
317 123 
317 250 
317 348 
317 320 
317 265 
317 59 
317 427 
317 470 
317 400 
317 18 
317 2 
317 288 
317 223 
317 302 
317 477 
317 439 
317 15 
317 522 
317 416 
317 259 
317 24 
318 369 
318 478 
318 211 
318 368 
318 335 
318 190 
318 262 
318 48 
318 154 
318 135 
318 87 
318 58 
318 248 
318 4 
318 79 
318 117 
318 340 
318 176 
318 463 
318 392 
318 122 
318 353 
318 247 
318 0 
318 243 
318 200 
318 145 
318 432 
318 366 
318 184 
318 167 
318 174 
318 384 
318 153 
318 217 
318 348 
318 296 
318 434 
318 201 
318 193 
318 111 
318 341 
318 360 
318 346 
318 378 
318 254 
318 188 
318 337 
318 223 
318 481 
318 1 
318 252 
318 144 
318 47 
318 513 
318 159 
318 196 
318 412 
318 80 
318 446 
318 39 
318 502 
318 371 
318 419 
318 328 
318 404 
318 331 
318 219 
318 5 
318 203 
318 457 
318 440 
318 444 
318 198 
318 515 
318 325 
318 253 
318 208 
318 264 
318 522 
318 354 
318 528 
318 449 
318 409 
318 349 
318 207 
318 85 
318 53 
318 26 
318 351 
318 397 
318 342 
318 516 
318 102 
318 471 
318 11 
318 376 
318 216 
318 319 
318 108 
318 506 
318 42 
318 194 
318 89 
318 73 
318 441 
318 35 
318 427 
318 290 
318 274 
318 44 
318 454 
318 55 
318 50 
318 492 
318 60 
318 423 
318 41 
318 141 
318 95 
318 473 
318 143 
318 317 
318 120 
318 169 
318 472 
318 313 
318 307 
318 68 
318 123 
318 241 
318 92 
318 64 
318 100 
318 375 
318 310 
318 19 
318 24 
318 31 
318 293 
318 487 
318 37 
318 258 
318 43 
318 164 
318 186 
318 470 
318 20 
318 268 
318 152 
318 357 
318 59 
318 391 
318 15 
318 90 
318 396 
318 232 
318 93 
318 86 
318 497 
319 40 
319 290 
319 324 
319 220 
319 380 
319 273 
319 488 
319 264 
319 76 
319 108 
319 467 
319 520 
319 299 
319 216 
319 339 
319 262 
319 222 
319 469 
319 114 
319 152 
319 28 
319 61 
319 479 
319 277 
319 85 
319 158 
319 443 
319 490 
319 42 
319 486 
319 238 
319 368 
319 405 
319 275 
319 72 
319 24 
319 135 
319 424 
319 518 
319 298 
319 128 
319 434 
319 132 
319 119 
319 250 
319 235 
319 163 
319 256 
319 134 
319 392 
319 70 
319 90 
319 429 
319 496 
319 389 
319 260 
319 248 
319 211 
319 416 
319 203 
319 12 
319 315 
319 193 
319 430 
319 131 
319 513 
319 350 
319 48 
319 62 
319 270 
319 97 
319 412 
319 63 
319 502 
319 460 
319 33 
319 312 
319 0 
319 265 
319 167 
319 110 
319 96 
319 314 
319 153 
319 46 
319 463 
319 276 
319 102 
319 186 
319 372 
319 219 
319 318 
319 281 
319 402 
319 406 
319 340 
319 125 
319 393 
319 198 
319 227 
319 52 
319 137 
319 200 
319 50 
319 155 
319 196 
319 269 
319 247 
319 311 
319 309 
319 129 
319 515 
319 306 
319 296 
319 365 
319 229 
319 358 
319 355 
319 374 
319 258 
319 395 
319 92 
319 6 
319 485 
319 31 
319 17 
319 483 
319 133 
319 226 
319 328 
319 111 
319 341 
319 183 
319 22 
319 142 
319 39 
319 444 
319 386 
319 453 
319 407 
319 445 
319 399 
319 35 
319 330 
319 202 
319 439 
319 93 
319 322 
319 146 
319 83 
319 521 
319 176 
319 89 
319 418 
319 462 
320 30 
320 313 
320 169 
320 248 
320 107 
320 396 
320 443 
320 74 
320 421 
320 205 
320 412 
320 6 
320 526 
320 322 
320 72 
320 55 
320 290 
320 222 
320 139 
320 482 
320 332 
320 21 
320 385 
320 247 
320 71 
320 275 
320 404 
320 370 
320 458 
320 228 
320 301 
320 496 
320 303 
320 414 
320 18 
320 364 
320 287 
320 115 
320 90 
320 42 
320 471 
320 397 
320 208 
320 40 
320 450 
320 413 
320 211 
320 492 
320 344 
320 502 
320 494 
320 283 
320 500 
320 163 
320 418 
320 472 
320 230 
320 366 
320 58 
320 294 
320 519 
320 525 
320 264 
320 135 
320 92 
320 491 
320 280 
320 177 
320 22 
320 286 
320 59 
320 378 
320 164 
320 316 
320 333 
320 331 
320 27 
320 234 
320 56 
320 314 
320 307 
320 212 
320 253 
320 288 
320 350 
320 219 
320 409 
320 523 
320 439 
320 384 
320 65 
320 425 
320 192 
320 495 
320 326 
320 310 
320 299 
320 289 
320 512 
320 274 
320 440 
320 514 
320 256 
320 469 
320 232 
320 150 
320 11 
320 34 
320 220 
320 81 
320 166 
320 165 
320 20 
320 515 
320 170 
320 493 
320 410 
320 291 
320 0 
320 147 
320 422 
320 4 
320 258 
320 352 
320 312 
320 342 
320 162 
320 459 
320 403 
320 88 
320 186 
320 381 
320 184 
320 473 
320 510 
320 233 
320 308 
320 152 
320 260 
320 340 
320 237 
320 15 
320 373 
320 324 
320 428 
320 98 
320 263 
320 530 
320 80 
320 29 
320 337 
320 343 
320 235 
320 206 
320 96 
320 160 
320 179 
320 167 
320 60 
320 317 
320 419 
320 53 
320 215 
320 104 
320 64 
320 231 
320 407 
320 285 
320 470 
320 157 
320 26 
320 100 
321 316 
321 501 
321 365 
321 329 
321 241 
321 437 
321 303 
321 418 
321 420 
321 266 
321 95 
321 288 
321 90 
321 108 
321 106 
321 257 
321 4 
321 205 
321 275 
321 264 
321 459 
321 40 
321 307 
321 276 
321 285 
321 522 
321 317 
321 196 
321 392 
321 228 
321 357 
321 404 
321 110 
321 379 
321 256 
321 286 
321 224 
321 78 
321 163 
321 153 
321 253 
321 457 
321 79 
321 160 
321 200 
321 364 
321 217 
321 304 
321 85 
321 428 
321 530 
321 99 
321 261 
321 478 
321 167 
321 267 
321 96 
321 116 
321 101 
321 350 
321 113 
321 52 
321 91 
321 243 
321 12 
321 394 
321 387 
321 477 
321 516 
321 154 
321 102 
321 448 
321 488 
321 401 
321 5 
321 287 
321 203 
321 178 
321 223 
321 475 
321 397 
321 89 
321 29 
321 162 
321 323 
321 166 
321 32 
321 358 
321 434 
321 370 
321 375 
321 270 
321 344 
321 72 
321 349 
321 486 
321 118 
321 325 
321 446 
321 225 
321 332 
321 124 
321 451 
321 222 
321 337 
321 425 
321 120 
321 65 
321 1 
321 398 
321 296 
321 445 
321 69 
321 187 
321 140 
321 408 
321 527 
321 199 
321 50 
321 26 
321 331 
321 155 
321 247 
321 169 
321 529 
321 41 
321 502 
321 35 
321 129 
321 506 
321 14 
321 227 
321 74 
321 399 
321 346 
321 447 
321 510 
321 76 
321 216 
321 42 
321 395 
321 383 
321 406 
321 342 
321 97 
321 244 
321 301 
321 429 
321 422 
321 20 
321 254 
321 498 
321 45 
321 156 
321 343 
321 277 
321 75 
322 34 
322 19 
322 363 
322 469 
322 135 
322 99 
322 381 
322 320 
322 376 
322 383 
322 208 
322 449 
322 132 
322 284 
322 54 
322 305 
322 498 
322 323 
322 485 
322 462 
322 110 
322 221 
322 407 
322 93 
322 14 
322 105 
322 129 
322 530 
322 372 
322 438 
322 524 
322 303 
322 46 
322 271 
322 507 
322 494 
322 458 
322 487 
322 176 
322 242 
322 338 
322 67 
322 436 
322 253 
322 293 
322 186 
322 261 
322 483 
322 97 
322 103 
322 85 
322 107 
322 50 
322 193 
322 368 
322 375 
322 163 
322 402 
322 341 
322 377 
322 72 
322 430 
322 404 
322 17 
322 65 
322 137 
322 177 
322 84 
322 391 
322 51 
322 215 
322 527 
322 508 
322 47 
322 12 
322 317 
322 406 
322 61 
322 197 
322 151 
322 256 
322 250 
322 435 
322 190 
322 202 
322 60 
322 447 
322 218 
322 239 
322 437 
322 479 
322 206 
322 335 
322 257 
322 355 
322 156 
322 216 
322 243 
322 199 
322 300 
322 398 
322 182 
322 209 
322 466 
322 79 
322 165 
322 370 
322 484 
322 227 
322 159 
322 94 
322 336 
322 232 
322 309 
322 138 
322 478 
322 348 
322 45 
322 179 
322 311 
322 443 
322 266 
322 173 
322 460 
322 123 
322 399 
322 516 
322 500 
322 234 
322 326 
322 456 
322 139 
322 204 
322 465 
322 287 
322 7 
322 352 
322 351 
322 168 
322 30 
322 394 
322 111 
322 405 
322 385 
322 272 
322 409 
322 41 
322 68 
322 268 
322 91 
322 279 
322 400 
322 162 
322 319 
322 517 
322 425 
322 298 
322 233 
322 83 
323 312 
323 316 
323 336 
323 246 
323 48 
323 303 
323 120 
323 344 
323 394 
323 143 
323 105 
323 154 
323 78 
323 317 
323 57 
323 238 
323 190 
323 270 
323 322 
323 439 
323 55 
323 76 
323 117 
323 494 
323 301 
323 216 
323 285 
323 126 
323 188 
323 160 
323 18 
323 140 
323 334 
323 508 
323 385 
323 383 
323 434 
323 384 
323 46 
323 326 
323 453 
323 382 
323 96 
323 53 
323 333 
323 66 
323 525 
323 227 
323 147 
323 108 
323 304 
323 332 
323 352 
323 421 
323 13 
323 514 
323 447 
323 328 
323 204 
323 95 
323 327 
323 531 
323 314 
323 138 
323 387 
323 516 
323 389 
323 321 
323 23 
323 200 
323 155 
323 235 
323 64 
323 77 
323 518 
323 423 
323 225 
323 158 
323 381 
323 289 
323 412 
323 493 
323 36 
323 170 
323 1 
323 467 
323 339 
323 228 
323 277 
323 38 
323 335 
323 386 
323 405 
323 313 
323 142 
323 363 
323 354 
323 342 
323 361 
323 260 
323 370 
323 279 
323 402 
323 213 
323 520 
323 254 
323 103 
323 15 
323 377 
323 214 
323 157 
323 241 
323 47 
323 165 
323 124 
323 415 
323 253 
323 80 
323 369 
323 472 
323 242 
323 29 
323 61 
323 501 
323 174 
323 424 
323 267 
323 348 
323 99 
323 449 
323 51 
323 496 
323 283 
323 299 
323 308 
323 104 
323 252 
323 407 
323 133 
323 85 
323 281 
323 393 
323 498 
323 284 
323 373 
323 499 
323 406 
323 4 
323 69 
323 309 
324 124 
324 227 
324 69 
324 495 
324 319 
324 97 
324 252 
324 191 
324 353 
324 213 
324 268 
324 475 
324 499 
324 51 
324 25 
324 422 
324 209 
324 527 
324 336 
324 98 
324 53 
324 273 
324 234 
324 2 
324 88 
324 34 
324 103 
324 389 
324 115 
324 46 
324 255 
324 279 
324 327 
324 401 
324 182 
324 278 
324 22 
324 37 
324 313 
324 417 
324 507 
324 276 
324 446 
324 379 
324 381 
324 249 
324 314 
324 277 
324 394 
324 44 
324 235 
324 501 
324 195 
324 104 
324 332 
324 183 
324 17 
324 123 
324 301 
324 157 
324 16 
324 248 
324 307 
324 188 
324 30 
324 458 
324 451 
324 344 
324 306 
324 136 
324 448 
324 346 
324 311 
324 434 
324 126 
324 14 
324 334 
324 372 
324 272 
324 170 
324 482 
324 280 
324 156 
324 352 
324 217 
324 442 
324 463 
324 392 
324 135 
324 317 
324 367 
324 70 
324 47 
324 27 
324 493 
324 58 
324 525 
324 92 
324 107 
324 429 
324 304 
324 345 
324 145 
324 158 
324 375 
324 127 
324 110 
324 260 
324 464 
324 56 
324 310 
324 262 
324 479 
324 241 
324 412 
324 287 
324 376 
324 238 
324 66 
324 74 
324 160 
324 49 
324 219 
324 396 
324 518 
324 320 
324 354 
324 408 
324 90 
324 312 
324 489 
324 526 
324 496 
324 231 
324 78 
324 261 
324 181 
324 286 
324 454 
324 465 
324 328 
324 487 
324 333 
324 263 
324 455 
324 373 
324 309 
324 515 
324 397 
324 435 
324 377 
324 459 
324 444 
324 409 
324 305 
324 82 
324 281 
324 91 
324 140 
324 294 
324 297 
325 52 
325 424 
325 152 
325 140 
325 109 
325 423 
325 144 
325 272 
325 276 
325 456 
325 312 
325 447 
325 61 
325 468 
325 471 
325 142 
325 51 
325 85 
325 273 
325 515 
325 162 
325 266 
325 244 
325 121 
325 178 
325 277 
325 212 
325 303 
325 138 
325 57 
325 108 
325 111 
325 60 
325 94 
325 448 
325 413 
325 305 
325 43 
325 254 
325 510 
325 102 
325 283 
325 53 
325 454 
325 127 
325 459 
325 418 
325 30 
325 4 
325 105 
325 163 
325 363 
325 494 
325 38 
325 154 
325 404 
325 100 
325 13 
325 326 
325 115 
325 88 
325 492 
325 348 
325 462 
325 123 
325 410 
325 318 
325 335 
325 87 
325 146 
325 265 
325 371 
325 377 
325 236 
325 500 
325 372 
325 180 
325 268 
325 343 
325 202 
325 486 
325 321 
325 251 
325 135 
325 200 
325 512 
325 149 
325 112 
325 298 
325 65 
325 45 
325 183 
325 280 
325 113 
325 442 
325 295 
325 70 
325 433 
325 331 
325 182 
325 426 
325 184 
325 452 
325 125 
325 201 
325 126 
325 267 
325 328 
325 419 
325 465 
325 141 
325 193 
325 288 
325 248 
325 160 
325 399 
325 517 
325 506 
325 18 
325 407 
325 439 
325 381 
325 341 
325 166 
325 388 
325 204 
325 336 
325 446 
325 155 
325 76 
325 12 
325 169 
325 498 
325 262 
325 290 
325 118 
325 66 
325 197 
325 375 
325 199 
325 344 
325 195 
325 247 
325 165 
325 443 
325 92 
325 3 
325 342 
325 237 
325 75 
325 294 
325 23 
325 91 
325 221 
325 246 
325 19 
325 370 
325 243 
325 503 
325 497 
325 232 
325 525 
325 354 
325 31 
325 28 
325 436 
325 505 
325 346 
325 481 
325 226 
325 39 
325 309 
325 224 
325 411 
326 2 
326 333 
326 86 
326 338 
326 248 
326 256 
326 193 
326 194 
326 104 
326 69 
326 349 
326 285 
326 81 
326 387 
326 474 
326 358 
326 242 
326 350 
326 90 
326 317 
326 87 
326 54 
326 8 
326 307 
326 279 
326 439 
326 416 
326 220 
326 392 
326 373 
326 348 
326 244 
326 413 
326 461 
326 415 
326 254 
326 346 
326 73 
326 206 
326 368 
326 14 
326 487 
326 523 
326 410 
326 146 
326 401 
326 377 
326 157 
326 372 
326 72 
326 353 
326 102 
326 120 
326 267 
326 323 
326 160 
326 280 
326 77 
326 25 
326 216 
326 210 
326 457 
326 516 
326 481 
326 340 
326 490 
326 526 
326 379 
326 479 
326 425 
326 211 
326 173 
326 181 
326 282 
326 304 
326 405 
326 292 
326 38 
326 263 
326 402 
326 325 
326 201 
326 295 
326 170 
326 61 
326 383 
326 60 
326 320 
326 152 
326 339 
326 294 
326 198 
326 251 
326 288 
326 366 
326 507 
326 382 
326 397 
326 297 
326 430 
326 6 
326 485 
326 417 
326 200 
326 480 
326 337 
326 239 
326 388 
326 462 
326 360 
326 74 
326 243 
326 192 
326 312 
326 258 
326 381 
326 159 
326 222 
326 352 
326 174 
326 508 
326 435 
326 115 
326 19 
326 422 
326 270 
326 164 
326 264 
326 137 
326 155 
326 419 
326 213 
326 369 
326 205 
326 464 
326 494 
326 91 
326 64 
326 315 
326 475 
326 15 
326 250 
326 444 
326 204 
326 82 
326 133 
326 504 
326 362 
326 65 
326 17 
326 112 
326 322 
326 428 
326 335 
326 44 
326 436 
326 184 
326 11 
326 528 
326 196 
326 195 
326 83 
326 89 
326 299 
326 93 
326 212 
326 148 
326 45 
326 125 
326 443 
326 269 
326 329 
326 458 
326 420 
326 37 
326 300 
326 29 
326 215 
326 351 
326 260 
326 276 
326 393 
326 466 
327 36 
327 336 
327 236 
327 371 
327 412 
327 95 
327 65 
327 509 
327 296 
327 411 
327 251 
327 397 
327 286 
327 300 
327 44 
327 314 
327 64 
327 193 
327 137 
327 439 
327 457 
327 7 
327 357 
327 213 
327 362 
327 75 
327 69 
327 442 
327 401 
327 68 
327 157 
327 384 
327 132 
327 475 
327 458 
327 492 
327 324 
327 372 
327 178 
327 283 
327 28 
327 259 
327 96 
327 409 
327 378 
327 341 
327 424 
327 515 
327 331 
327 379 
327 367 
327 307 
327 151 
327 153 
327 243 
327 521 
327 309 
327 358 
327 352 
327 177 
327 183 
327 510 
327 500 
327 400 
327 396 
327 387 
327 490 
327 39 
327 419 
327 123 
327 330 
327 495 
327 239 
327 323 
327 218 
327 166 
327 302 
327 514 
327 247 
327 207 
327 520 
327 487 
327 37 
327 254 
327 173 
327 270 
327 426 
327 245 
327 472 
327 127 
327 30 
327 54 
327 229 
327 317 
327 339 
327 6 
327 26 
327 280 
327 152 
327 462 
327 15 
327 522 
327 140 
327 34 
327 187 
327 347 
327 113 
327 103 
327 278 
327 234 
327 489 
327 221 
327 255 
327 109 
327 230 
327 9 
327 124 
327 190 
327 209 
327 102 
327 368 
327 23 
327 291 
327 491 
327 48 
327 382 
327 83 
327 504 
327 528 
327 460 
327 216 
327 205 
327 406 
327 19 
327 70 
327 383 
327 377 
327 171 
327 89 
327 408 
327 250 
327 71 
327 42 
327 116 
327 436 
327 32 
327 201 
327 432 
327 284 
327 434 
327 57 
327 275 
327 361 
327 223 
327 493 
327 423 
327 376 
327 518 
327 516 
327 297 
327 81 
327 72 
327 45 
327 87 
328 122 
328 174 
328 191 
328 94 
328 64 
328 365 
328 104 
328 304 
328 260 
328 382 
328 399 
328 35 
328 138 
328 393 
328 518 
328 466 
328 295 
328 47 
328 229 
328 296 
328 317 
328 162 
328 513 
328 30 
328 105 
328 225 
328 24 
328 51 
328 507 
328 512 
328 199 
328 387 
328 472 
328 25 
328 425 
328 448 
328 236 
328 215 
328 247 
328 206 
328 261 
328 407 
328 3 
328 455 
328 38 
328 354 
328 248 
328 45 
328 186 
328 153 
328 451 
328 114 
328 344 
328 420 
328 132 
328 306 
328 398 
328 486 
328 316 
328 29 
328 323 
328 219 
328 488 
328 2 
328 11 
328 298 
328 120 
328 233 
328 318 
328 57 
328 50 
328 333 
328 357 
328 130 
328 241 
328 189 
328 305 
328 395 
328 271 
328 435 
328 483 
328 400 
328 404 
328 172 
328 426 
328 214 
328 41 
328 504 
328 431 
328 53 
328 389 
328 348 
328 165 
328 129 
328 86 
328 262 
328 133 
328 288 
328 480 
328 223 
328 335 
328 511 
328 383 
328 156 
328 515 
328 492 
328 216 
328 284 
328 270 
328 75 
328 301 
328 325 
328 290 
328 358 
328 279 
328 278 
328 403 
328 526 
328 334 
328 67 
328 32 
328 81 
328 185 
328 440 
328 432 
328 329 
328 136 
328 1 
328 102 
328 428 
328 487 
328 115 
328 164 
328 441 
328 364 
328 70 
328 378 
328 489 
328 266 
328 171 
328 481 
328 521 
328 220 
328 12 
328 324 
328 256 
328 192 
328 319 
328 92 
328 531 
328 460 
328 99 
328 33 
328 469 
328 245 
328 175 
328 68 
328 439 
328 479 
328 159 
328 337 
328 437 
328 360 
329 321 
329 264 
329 224 
329 38 
329 338 
329 274 
329 84 
329 515 
329 72 
329 477 
329 96 
329 252 
329 334 
329 79 
329 166 
329 54 
329 43 
329 183 
329 219 
329 155 
329 13 
329 448 
329 240 
329 87 
329 522 
329 119 
329 247 
329 487 
329 529 
329 83 
329 312 
329 148 
329 495 
329 508 
329 158 
329 396 
329 134 
329 272 
329 521 
329 149 
329 179 
329 493 
329 152 
329 69 
329 27 
329 209 
329 444 
329 287 
329 80 
329 376 
329 394 
329 284 
329 419 
329 150 
329 159 
329 430 
329 68 
329 66 
329 366 
329 345 
329 437 
329 406 
329 458 
329 427 
329 479 
329 332 
329 100 
329 104 
329 300 
329 244 
329 466 
329 235 
329 21 
329 142 
329 88 
329 518 
329 459 
329 203 
329 460 
329 128 
329 482 
329 475 
329 253 
329 257 
329 439 
329 339 
329 478 
329 344 
329 175 
329 296 
329 303 
329 375 
329 498 
329 349 
329 97 
329 418 
329 246 
329 191 
329 305 
329 132 
329 122 
329 41 
329 91 
329 187 
329 234 
329 4 
329 330 
329 400 
329 307 
329 422 
329 60 
329 238 
329 309 
329 346 
329 108 
329 447 
329 225 
329 71 
329 492 
329 125 
329 421 
329 436 
329 210 
329 28 
329 10 
329 446 
329 180 
329 507 
329 423 
329 462 
329 403 
329 212 
329 457 
329 434 
329 293 
329 271 
329 137 
329 380 
329 270 
329 273 
329 251 
329 106 
329 226 
329 328 
329 178 
329 301 
329 2 
329 199 
329 162 
329 304 
329 36 
329 231 
329 23 
329 314 
329 99 
329 181 
329 65 
329 473 
329 520 
329 266 
329 326 
329 8 
329 105 
329 29 
329 350 
329 9 
329 129 
329 52 
329 261 
329 117 
329 222 
329 101 
329 389 
329 200 
330 399 
330 262 
330 35 
330 408 
330 151 
330 23 
330 124 
330 7 
330 200 
330 495 
330 267 
330 152 
330 429 
330 336 
330 49 
330 289 
330 420 
330 400 
330 384 
330 447 
330 493 
330 502 
330 500 
330 367 
330 391 
330 464 
330 88 
330 170 
330 2 
330 475 
330 459 
330 230 
330 295 
330 483 
330 108 
330 227 
330 449 
330 223 
330 294 
330 524 
330 307 
330 61 
330 484 
330 192 
330 366 
330 54 
330 275 
330 56 
330 515 
330 454 
330 411 
330 496 
330 306 
330 243 
330 101 
330 178 
330 291 
330 207 
330 153 
330 80 
330 395 
330 226 
330 510 
330 280 
330 355 
330 236 
330 283 
330 98 
330 327 
330 409 
330 531 
330 105 
330 165 
330 304 
330 427 
330 52 
330 504 
330 335 
330 418 
330 250 
330 431 
330 93 
330 89 
330 36 
330 241 
330 203 
330 146 
330 303 
330 72 
330 380 
330 463 
330 523 
330 162 
330 277 
330 397 
330 284 
330 257 
330 383 
330 499 
330 435 
330 41 
330 205 
330 388 
330 339 
330 167 
330 102 
330 208 
330 1 
330 329 
330 12 
330 290 
330 204 
330 130 
330 187 
330 347 
330 512 
330 100 
330 75 
330 199 
330 460 
330 472 
330 313 
330 439 
330 254 
330 389 
330 390 
330 358 
330 526 
330 503 
330 415 
330 118 
330 281 
330 191 
330 340 
330 198 
330 375 
330 263 
330 401 
330 126 
330 50 
330 344 
330 505 
330 514 
330 157 
330 491 
330 34 
330 17 
330 473 
330 474 
330 91 
330 133 
330 316 
330 248 
330 121 
330 180 
330 148 
330 430 
330 219 
330 25 
330 188 
330 74 
330 302 
330 319 
330 30 
330 249 
330 297 
330 381 
330 95 
330 392 
330 465 
330 119 
330 58 
330 426 
330 419 
330 486 
330 31 
330 172 
330 251 
331 465 
331 335 
331 270 
331 176 
331 336 
331 524 
331 37 
331 351 
331 13 
331 435 
331 307 
331 434 
331 432 
331 126 
331 502 
331 482 
331 492 
331 428 
331 305 
331 169 
331 332 
331 174 
331 379 
331 185 
331 70 
331 339 
331 204 
331 217 
331 172 
331 14 
331 193 
331 48 
331 131 
331 371 
331 63 
331 297 
331 528 
331 209 
331 45 
331 289 
331 163 
331 264 
331 33 
331 333 
331 278 
331 439 
331 57 
331 525 
331 95 
331 88 
331 367 
331 327 
331 387 
331 67 
331 3 
331 167 
331 496 
331 133 
331 256 
331 236 
331 135 
331 211 
331 419 
331 274 
331 313 
331 179 
331 320 
331 473 
331 132 
331 54 
331 234 
331 155 
331 519 
331 411 
331 247 
331 253 
331 66 
331 309 
331 397 
331 358 
331 444 
331 352 
331 318 
331 355 
331 365 
331 418 
331 513 
331 144 
331 53 
331 7 
331 32 
331 495 
331 92 
331 191 
331 344 
331 294 
331 182 
331 314 
331 454 
331 271 
331 243 
331 9 
331 188 
331 376 
331 490 
331 180 
331 0 
331 417 
331 86 
331 27 
331 213 
331 101 
331 401 
331 134 
331 356 
331 197 
331 405 
331 148 
331 257 
331 425 
331 523 
331 222 
331 201 
331 122 
331 369 
331 325 
331 426 
331 512 
331 291 
331 321 
331 5 
331 24 
331 90 
331 16 
331 76 
331 361 
331 316 
331 341 
331 221 
331 463 
331 385 
331 29 
331 511 
331 125 
331 137 
331 246 
331 232 
331 349 
331 105 
331 389 
331 259 
331 162 
331 212 
331 225 
331 296 
331 429 
331 522 
331 292 
331 484 
331 145 
331 150 
331 399 
331 223 
331 127 
332 308 
332 107 
332 174 
332 345 
332 339 
332 62 
332 18 
332 195 
332 87 
332 168 
332 283 
332 338 
332 260 
332 515 
332 231 
332 16 
332 149 
332 320 
332 225 
332 11 
332 95 
332 248 
332 25 
332 259 
332 477 
332 252 
332 158 
332 311 
332 45 
332 411 
332 373 
332 331 
332 224 
332 422 
332 443 
332 291 
332 337 
332 42 
332 206 
332 478 
332 403 
332 52 
332 185 
332 455 
332 186 
332 218 
332 395 
332 268 
332 341 
332 483 
332 427 
332 121 
332 97 
332 198 
332 290 
332 3 
332 43 
332 302 
332 377 
332 88 
332 520 
332 448 
332 162 
332 294 
332 202 
332 386 
332 323 
332 113 
332 271 
332 324 
332 144 
332 99 
332 241 
332 531 
332 155 
332 109 
332 272 
332 366 
332 522 
332 100 
332 54 
332 329 
332 361 
332 105 
332 471 
332 35 
332 402 
332 61 
332 416 
332 84 
332 456 
332 432 
332 518 
332 387 
332 285 
332 459 
332 229 
332 47 
332 141 
332 321 
332 101 
332 349 
332 274 
332 63 
332 41 
332 473 
332 415 
332 146 
332 390 
332 197 
332 409 
332 79 
332 208 
332 521 
332 209 
332 49 
332 139 
332 379 
332 173 
332 165 
332 26 
332 346 
332 13 
332 51 
332 217 
332 0 
332 383 
332 114 
332 83 
332 351 
332 418 
332 166 
332 240 
332 85 
332 160 
332 145 
332 528 
332 182 
332 60 
332 119 
332 413 
332 375 
332 221 
332 247 
332 468 
332 433 
332 32 
332 401 
332 238 
332 132 
332 20 
332 371 
332 59 
332 287 
332 444 
332 127 
332 501 
332 495 
332 313 
332 72 
332 82 
332 396 
332 75 
332 189 
332 353 
332 9 
332 450 
332 347 
332 488 
332 12 
332 24 
332 230 
332 405 
332 106 
333 509 
333 522 
333 263 
333 326 
333 127 
333 274 
333 14 
333 16 
333 292 
333 138 
333 84 
333 169 
333 481 
333 241 
333 450 
333 125 
333 476 
333 306 
333 514 
333 299 
333 201 
333 98 
333 221 
333 294 
333 273 
333 315 
333 9 
333 381 
333 55 
333 96 
333 249 
333 465 
333 43 
333 388 
333 422 
333 199 
333 394 
333 377 
333 46 
333 484 
333 308 
333 317 
333 181 
333 453 
333 443 
333 45 
333 331 
333 164 
333 152 
333 103 
333 396 
333 173 
333 68 
333 165 
333 323 
333 243 
333 385 
333 504 
333 391 
333 320 
333 357 
333 276 
333 406 
333 434 
333 400 
333 501 
333 225 
333 494 
333 202 
333 298 
333 352 
333 91 
333 87 
333 309 
333 281 
333 497 
333 344 
333 512 
333 140 
333 286 
333 328 
333 198 
333 118 
333 302 
333 515 
333 456 
333 420 
333 170 
333 29 
333 439 
333 85 
333 314 
333 81 
333 24 
333 403 
333 192 
333 146 
333 393 
333 161 
333 217 
333 111 
333 413 
333 399 
333 379 
333 228 
333 473 
333 310 
333 245 
333 295 
333 404 
333 499 
333 447 
333 288 
333 402 
333 260 
333 346 
333 23 
333 187 
333 51 
333 109 
333 237 
333 341 
333 468 
333 48 
333 166 
333 210 
333 35 
333 18 
333 234 
333 526 
333 235 
333 92 
333 250 
333 40 
333 485 
333 459 
333 39 
333 411 
333 397 
333 496 
333 105 
333 358 
333 266 
333 324 
333 50 
333 429 
333 513 
333 193 
333 460 
333 110 
333 428 
333 452 
333 147 
333 19 
333 177 
333 282 
334 459 
334 454 
334 365 
334 253 
334 410 
334 182 
334 481 
334 424 
334 389 
334 218 
334 162 
334 486 
334 108 
334 160 
334 274 
334 395 
334 109 
334 259 
334 399 
334 329 
334 277 
334 419 
334 490 
334 49 
334 487 
334 314 
334 398 
334 119 
334 40 
334 37 
334 232 
334 120 
334 175 
334 9 
334 74 
334 90 
334 323 
334 396 
334 237 
334 423 
334 32 
334 258 
334 7 
334 316 
334 159 
334 522 
334 99 
334 531 
334 244 
334 296 
334 113 
334 124 
334 382 
334 167 
334 482 
334 510 
334 177 
334 528 
334 81 
334 408 
334 70 
334 455 
334 210 
334 13 
334 43 
334 504 
334 508 
334 61 
334 16 
334 215 
334 520 
334 170 
334 53 
334 97 
334 117 
334 291 
334 212 
334 269 
334 233 
334 324 
334 303 
334 416 
334 357 
334 263 
334 281 
334 165 
334 285 
334 361 
334 224 
334 149 
334 470 
334 388 
334 87 
334 405 
334 8 
334 69 
334 183 
334 201 
334 341 
334 434 
334 192 
334 190 
334 135 
334 364 
334 264 
334 351 
334 199 
334 100 
334 200 
334 301 
334 138 
334 386 
334 68 
334 154 
334 118 
334 437 
334 25 
334 275 
334 65 
334 48 
334 110 
334 387 
334 10 
334 242 
334 445 
334 360 
334 356 
334 246 
334 465 
334 317 
334 221 
334 35 
334 302 
334 116 
334 457 
334 328 
334 392 
334 451 
334 89 
334 524 
334 94 
334 228 
334 444 
334 421 
334 384 
334 448 
334 59 
334 19 
334 374 
334 211 
334 338 
334 161 
334 4 
334 145 
334 471 
334 133 
334 130 
334 150 
334 44 
334 349 
334 95 
334 18 
334 440 
334 231 
334 447 
334 402 
334 305 
334 385 
335 131 
335 331 
335 47 
335 298 
335 318 
335 18 
335 377 
335 58 
335 163 
335 504 
335 303 
335 179 
335 264 
335 301 
335 239 
335 240 
335 443 
335 260 
335 442 
335 434 
335 117 
335 383 
335 475 
335 127 
335 421 
335 216 
335 3 
335 183 
335 400 
335 268 
335 528 
335 359 
335 49 
335 508 
335 25 
335 171 
335 495 
335 531 
335 490 
335 502 
335 37 
335 469 
335 4 
335 133 
335 22 
335 258 
335 19 
335 347 
335 186 
335 39 
335 396 
335 411 
335 352 
335 357 
335 283 
335 291 
335 286 
335 519 
335 109 
335 153 
335 120 
335 13 
335 26 
335 292 
335 517 
335 501 
335 426 
335 243 
335 296 
335 468 
335 457 
335 248 
335 14 
335 238 
335 476 
335 237 
335 496 
335 512 
335 330 
335 29 
335 354 
335 308 
335 168 
335 83 
335 251 
335 152 
335 518 
335 290 
335 245 
335 279 
335 80 
335 270 
335 325 
335 42 
335 64 
335 139 
335 222 
335 467 
335 404 
335 94 
335 206 
335 129 
335 322 
335 112 
335 116 
335 304 
335 213 
335 350 
335 323 
335 85 
335 340 
335 188 
335 447 
335 257 
335 328 
335 9 
335 103 
335 223 
335 485 
335 438 
335 6 
335 484 
335 284 
335 75 
335 73 
335 204 
335 118 
335 419 
335 177 
335 68 
335 453 
335 311 
335 381 
335 93 
335 514 
335 67 
335 472 
335 425 
335 409 
335 136 
335 244 
335 162 
335 366 
335 326 
335 278 
335 111 
335 388 
335 157 
335 161 
335 361 
335 195 
335 436 
335 69 
335 15 
335 55 
335 342 
335 307 
335 413 
335 439 
335 297 
335 391 
335 235 
335 218 
335 41 
335 417 
335 407 
335 431 
335 241 
335 520 
335 217 
336 20 
336 323 
336 24 
336 331 
336 327 
336 4 
336 427 
336 476 
336 214 
336 228 
336 126 
336 434 
336 360 
336 343 
336 356 
336 507 
336 58 
336 516 
336 1 
336 221 
336 330 
336 317 
336 206 
336 169 
336 531 
336 191 
336 499 
336 119 
336 471 
336 215 
336 46 
336 496 
336 247 
336 227 
336 273 
336 257 
336 359 
336 413 
336 324 
336 225 
336 305 
336 293 
336 210 
336 56 
336 76 
336 180 
336 281 
336 485 
336 109 
336 205 
336 405 
336 456 
336 33 
336 363 
336 338 
336 268 
336 311 
336 398 
336 301 
336 7 
336 132 
336 494 
336 349 
336 432 
336 315 
336 73 
336 303 
336 280 
336 195 
336 13 
336 49 
336 431 
336 153 
336 399 
336 112 
336 267 
336 47 
336 379 
336 164 
336 174 
336 348 
336 186 
336 446 
336 404 
336 2 
336 91 
336 160 
336 472 
336 75 
336 457 
336 156 
336 417 
336 81 
336 283 
336 460 
336 495 
336 352 
336 421 
336 416 
336 390 
336 465 
336 179 
336 213 
336 289 
336 526 
336 167 
336 278 
336 452 
336 25 
336 470 
336 139 
336 52 
336 322 
336 88 
336 309 
336 509 
336 442 
336 288 
336 146 
336 184 
336 176 
336 188 
336 325 
336 155 
336 530 
336 254 
336 454 
336 284 
336 197 
336 441 
336 234 
336 520 
336 39 
336 443 
336 455 
336 161 
336 426 
336 371 
336 369 
336 497 
336 203 
336 144 
336 488 
336 233 
336 493 
336 53 
336 136 
336 92 
336 230 
336 232 
336 482 
336 477 
336 135 
336 515 
337 518 
337 521 
337 362 
337 443 
337 435 
337 372 
337 172 
337 218 
337 60 
337 65 
337 316 
337 395 
337 13 
337 257 
337 53 
337 84 
337 245 
337 460 
337 8 
337 90 
337 6 
337 299 
337 16 
337 410 
337 361 
337 41 
337 174 
337 226 
337 163 
337 510 
337 332 
337 242 
337 429 
337 12 
337 179 
337 273 
337 389 
337 343 
337 39 
337 345 
337 275 
337 102 
337 61 
337 198 
337 23 
337 212 
337 430 
337 493 
337 97 
337 238 
337 318 
337 365 
337 122 
337 142 
337 401 
337 86 
337 9 
337 379 
337 381 
337 150 
337 317 
337 282 
337 58 
337 79 
337 96 
337 349 
337 29 
337 311 
337 357 
337 393 
337 240 
337 230 
337 447 
337 56 
337 454 
337 286 
337 531 
337 306 
337 289 
337 326 
337 396 
337 425 
337 164 
337 351 
337 136 
337 302 
337 157 
337 442 
337 315 
337 348 
337 483 
337 63 
337 321 
337 34 
337 522 
337 27 
337 384 
337 449 
337 312 
337 253 
337 55 
337 231 
337 70 
337 46 
337 509 
337 28 
337 141 
337 149 
337 378 
337 4 
337 75 
337 520 
337 252 
337 503 
337 482 
337 415 
337 137 
337 30 
337 170 
337 386 
337 7 
337 217 
337 363 
337 431 
337 175 
337 185 
337 205 
337 320 
337 100 
337 98 
337 314 
337 371 
337 125 
337 359 
337 259 
337 250 
337 258 
337 419 
337 5 
337 512 
337 266 
337 514 
337 310 
337 494 
337 248 
337 156 
337 427 
337 133 
337 486 
337 187 
337 465 
337 413 
337 328 
337 309 
337 288 
337 50 
338 43 
338 326 
338 137 
338 464 
338 439 
338 436 
338 277 
338 329 
338 417 
338 138 
338 28 
338 389 
338 82 
338 22 
338 432 
338 444 
338 332 
338 206 
338 498 
338 51 
338 29 
338 155 
338 530 
338 150 
338 118 
338 216 
338 50 
338 508 
338 18 
338 12 
338 174 
338 289 
338 37 
338 410 
338 472 
338 507 
338 509 
338 358 
338 401 
338 136 
338 175 
338 231 
338 4 
338 479 
338 76 
338 34 
338 266 
338 519 
338 1 
338 110 
338 211 
338 78 
338 453 
338 13 
338 45 
338 56 
338 178 
338 202 
338 395 
338 158 
338 166 
338 221 
338 62 
338 293 
338 278 
338 336 
338 390 
338 48 
338 322 
338 429 
338 478 
338 114 
338 383 
338 69 
338 181 
338 285 
338 261 
338 467 
338 357 
338 61 
338 236 
338 248 
338 57 
338 490 
338 135 
338 19 
338 457 
338 493 
338 47 
338 149 
338 359 
338 497 
338 100 
338 505 
338 273 
338 88 
338 264 
338 215 
338 449 
338 173 
338 373 
338 370 
338 176 
338 241 
338 427 
338 350 
338 510 
338 167 
338 443 
338 431 
338 529 
338 125 
338 42 
338 283 
338 408 
338 494 
338 375 
338 418 
338 518 
338 184 
338 528 
338 481 
338 474 
338 361 
338 197 
338 157 
338 450 
338 269 
338 360 
338 161 
338 106 
338 168 
338 317 
338 252 
338 404 
338 16 
338 97 
338 466 
338 170 
338 55 
338 249 
338 86 
338 516 
338 133 
338 126 
338 523 
338 526 
338 271 
338 52 
338 182 
338 130 
338 189 
338 263 
338 36 
338 393 
338 169 
338 334 
338 462 
338 115 
338 102 
338 46 
338 44 
338 95 
338 352 
338 104 
338 198 
338 503 
338 244 
338 368 
338 90 
338 6 
339 111 
339 404 
339 34 
339 38 
339 10 
339 332 
339 422 
339 425 
339 292 
339 316 
339 136 
339 189 
339 181 
339 224 
339 200 
339 271 
339 250 
339 499 
339 215 
339 484 
339 319 
339 479 
339 504 
339 91 
339 451 
339 450 
339 349 
339 130 
339 331 
339 157 
339 58 
339 45 
339 66 
339 380 
339 510 
339 384 
339 302 
339 94 
339 155 
339 475 
339 123 
339 192 
339 301 
339 235 
339 284 
339 114 
339 466 
339 109 
339 201 
339 525 
339 40 
339 203 
339 210 
339 234 
339 2 
339 402 
339 169 
339 293 
339 107 
339 69 
339 97 
339 427 
339 394 
339 35 
339 474 
339 204 
339 452 
339 470 
339 342 
339 269 
339 364 
339 62 
339 248 
339 352 
339 281 
339 382 
339 418 
339 326 
339 388 
339 461 
339 478 
339 459 
339 124 
339 305 
339 423 
339 299 
339 329 
339 245 
339 465 
339 327 
339 283 
339 230 
339 485 
339 170 
339 291 
339 481 
339 297 
339 523 
339 222 
339 141 
339 363 
339 323 
339 444 
339 330 
339 257 
339 410 
339 529 
339 464 
339 311 
339 8 
339 158 
339 377 
339 125 
339 424 
339 239 
339 216 
339 429 
339 428 
339 406 
339 52 
339 227 
339 89 
339 280 
339 90 
339 372 
339 221 
339 88 
339 93 
339 340 
339 154 
339 188 
339 100 
339 347 
339 120 
339 454 
339 260 
339 133 
339 447 
339 101 
339 4 
339 55 
339 161 
339 468 
339 117 
339 54 
339 359 
339 416 
339 17 
339 434 
339 132 
339 491 
339 344 
339 440 
339 345 
339 59 
339 84 
339 358 
339 300 
339 82 
339 528 
339 385 
339 231 
339 147 
339 23 
339 389 
339 511 
339 30 
339 407 
339 405 
339 237 
339 278 
339 153 
339 105 
339 42 
339 39 
339 199 
340 47 
340 281 
340 20 
340 405 
340 240 
340 475 
340 306 
340 368 
340 444 
340 341 
340 204 
340 221 
340 0 
340 399 
340 234 
340 100 
340 312 
340 507 
340 482 
340 505 
340 378 
340 442 
340 318 
340 137 
340 255 
340 349 
340 181 
340 500 
340 42 
340 273 
340 363 
340 202 
340 282 
340 389 
340 375 
340 92 
340 40 
340 421 
340 404 
340 433 
340 57 
340 270 
340 238 
340 519 
340 213 
340 309 
340 164 
340 54 
340 149 
340 345 
340 124 
340 198 
340 359 
340 353 
340 101 
340 489 
340 168 
340 16 
340 23 
340 481 
340 474 
340 316 
340 62 
340 256 
340 468 
340 461 
340 87 
340 326 
340 69 
340 98 
340 358 
340 511 
340 469 
340 178 
340 366 
340 252 
340 225 
340 211 
340 448 
340 342 
340 390 
340 413 
340 439 
340 34 
340 517 
340 218 
340 310 
340 179 
340 30 
340 434 
340 91 
340 200 
340 111 
340 15 
340 148 
340 76 
340 248 
340 143 
340 335 
340 215 
340 138 
340 394 
340 484 
340 264 
340 435 
340 457 
340 380 
340 319 
340 369 
340 291 
340 88 
340 343 
340 299 
340 276 
340 512 
340 170 
340 377 
340 339 
340 192 
340 226 
340 298 
340 526 
340 415 
340 113 
340 150 
340 320 
340 443 
340 63 
340 529 
340 258 
340 231 
340 330 
340 6 
340 44 
340 348 
340 491 
340 65 
340 83 
340 74 
340 29 
340 59 
340 122 
340 447 
340 445 
340 12 
340 161 
340 18 
340 112 
340 300 
340 31 
340 183 
340 97 
340 163 
340 414 
340 294 
340 173 
340 64 
340 465 
340 269 
340 41 
340 4 
341 121 
341 79 
341 76 
341 45 
341 238 
341 265 
341 340 
341 443 
341 56 
341 20 
341 167 
341 151 
341 40 
341 60 
341 43 
341 78 
341 438 
341 282 
341 214 
341 123 
341 251 
341 466 
341 358 
341 33 
341 361 
341 29 
341 225 
341 231 
341 183 
341 23 
341 484 
341 185 
341 37 
341 343 
341 81 
341 507 
341 158 
341 134 
341 109 
341 137 
341 471 
341 47 
341 135 
341 17 
341 50 
341 196 
341 318 
341 469 
341 525 
341 213 
341 514 
341 102 
341 114 
341 332 
341 383 
341 252 
341 530 
341 327 
341 255 
341 201 
341 524 
341 451 
341 220 
341 452 
341 344 
341 188 
341 143 
341 422 
341 275 
341 486 
341 230 
341 38 
341 521 
341 85 
341 454 
341 120 
341 111 
341 322 
341 310 
341 301 
341 382 
341 86 
341 80 
341 364 
341 392 
341 262 
341 88 
341 241 
341 222 
341 127 
341 161 
341 116 
341 149 
341 35 
341 99 
341 455 
341 100 
341 164 
341 119 
341 101 
341 352 
341 269 
341 498 
341 148 
341 334 
341 390 
341 506 
341 482 
341 139 
341 263 
341 245 
341 481 
341 146 
341 345 
341 500 
341 502 
341 268 
341 180 
341 128 
341 176 
341 491 
341 470 
341 95 
341 155 
341 405 
341 431 
341 8 
341 276 
341 325 
341 331 
341 348 
341 215 
341 333 
341 237 
341 289 
341 444 
341 133 
341 46 
341 140 
341 306 
341 210 
341 503 
341 202 
341 291 
341 205 
341 369 
341 319 
341 292 
341 421 
341 372 
341 4 
341 439 
341 91 
341 385 
341 69 
341 432 
341 387 
341 302 
341 150 
341 412 
341 178 
341 377 
341 445 
342 22 
342 445 
342 146 
342 393 
342 210 
342 84 
342 186 
342 274 
342 230 
342 107 
342 28 
342 110 
342 6 
342 503 
342 209 
342 282 
342 136 
342 15 
342 235 
342 406 
342 245 
342 113 
342 276 
342 97 
342 202 
342 475 
342 297 
342 440 
342 19 
342 420 
342 467 
342 44 
342 64 
342 149 
342 26 
342 87 
342 250 
342 277 
342 187 
342 379 
342 346 
342 50 
342 518 
342 363 
342 234 
342 511 
342 129 
342 390 
342 69 
342 287 
342 247 
342 455 
342 191 
342 268 
342 161 
342 401 
342 373 
342 116 
342 241 
342 62 
342 441 
342 243 
342 56 
342 265 
342 279 
342 261 
342 60 
342 403 
342 515 
342 8 
342 380 
342 317 
342 343 
342 175 
342 486 
342 232 
342 438 
342 237 
342 339 
342 101 
342 426 
342 80 
342 449 
342 199 
342 340 
342 286 
342 450 
342 300 
342 524 
342 267 
342 120 
342 215 
342 484 
342 264 
342 54 
342 0 
342 446 
342 181 
342 229 
342 278 
342 402 
342 109 
342 293 
342 318 
342 188 
342 495 
342 53 
342 117 
342 218 
342 190 
342 323 
342 512 
342 196 
342 480 
342 506 
342 320 
342 410 
342 308 
342 383 
342 139 
342 105 
342 400 
342 182 
342 180 
342 63 
342 201 
342 114 
342 347 
342 33 
342 49 
342 258 
342 24 
342 238 
342 477 
342 275 
342 375 
342 164 
342 257 
342 124 
342 431 
342 439 
342 157 
342 206 
342 316 
342 382 
342 386 
342 350 
342 408 
342 392 
342 394 
342 1 
342 325 
342 335 
342 321 
342 369 
342 291 
342 476 
342 79 
342 529 
342 118 
342 151 
342 73 
342 31 
342 359 
342 510 
342 143 
342 352 
342 304 
342 398 
342 158 
342 204 
342 115 
342 519 
342 41 
343 472 
343 194 
343 430 
343 164 
343 271 
343 147 
343 99 
343 195 
343 336 
343 437 
343 480 
343 217 
343 422 
343 122 
343 216 
343 227 
343 213 
343 290 
343 465 
343 268 
343 526 
343 467 
343 399 
343 263 
343 180 
343 341 
343 352 
343 280 
343 501 
343 251 
343 479 
343 109 
343 527 
343 383 
343 79 
343 123 
343 429 
343 449 
343 337 
343 269 
343 482 
343 386 
343 379 
343 152 
343 427 
343 524 
343 502 
343 401 
343 66 
343 391 
343 201 
343 23 
343 461 
343 287 
343 483 
343 456 
343 21 
343 281 
343 222 
343 398 
343 505 
343 16 
343 101 
343 342 
343 84 
343 368 
343 167 
343 515 
343 230 
343 426 
343 431 
343 214 
343 64 
343 325 
343 297 
343 24 
343 425 
343 145 
343 303 
343 273 
343 245 
343 462 
343 253 
343 86 
343 14 
343 138 
343 259 
343 51 
343 503 
343 441 
343 143 
343 388 
343 12 
343 134 
343 417 
343 385 
343 308 
343 393 
343 340 
343 105 
343 221 
343 58 
343 517 
343 37 
343 193 
343 506 
343 443 
343 416 
343 95 
343 3 
343 8 
343 15 
343 111 
343 4 
343 215 
343 185 
343 445 
343 242 
343 257 
343 471 
343 28 
343 320 
343 451 
343 115 
343 489 
343 481 
343 298 
343 112 
343 33 
343 190 
343 73 
343 516 
343 255 
343 140 
343 240 
343 159 
343 238 
343 184 
343 473 
343 252 
343 247 
343 17 
343 307 
343 300 
343 418 
343 476 
343 321 
343 148 
344 6 
344 189 
344 10 
344 89 
344 345 
344 207 
344 442 
344 307 
344 323 
344 137 
344 372 
344 473 
344 527 
344 416 
344 42 
344 264 
344 177 
344 187 
344 93 
344 158 
344 240 
344 258 
344 32 
344 44 
344 242 
344 143 
344 434 
344 308 
344 96 
344 233 
344 217 
344 106 
344 185 
344 439 
344 466 
344 22 
344 179 
344 531 
344 21 
344 320 
344 133 
344 404 
344 50 
344 360 
344 523 
344 462 
344 263 
344 310 
344 180 
344 270 
344 424 
344 370 
344 260 
344 278 
344 501 
344 132 
344 87 
344 477 
344 28 
344 363 
344 341 
344 406 
344 186 
344 328 
344 125 
344 107 
344 456 
344 530 
344 259 
344 390 
344 280 
344 228 
344 170 
344 516 
344 218 
344 528 
344 453 
344 72 
344 333 
344 224 
344 324 
344 367 
344 33 
344 115 
344 112 
344 19 
344 182 
344 64 
344 331 
344 15 
344 321 
344 476 
344 71 
344 329 
344 249 
344 163 
344 67 
344 140 
344 196 
344 103 
344 290 
344 305 
344 225 
344 421 
344 209 
344 376 
344 283 
344 375 
344 495 
344 349 
344 80 
344 410 
344 388 
344 447 
344 151 
344 66 
344 418 
344 374 
344 145 
344 12 
344 445 
344 165 
344 382 
344 45 
344 519 
344 237 
344 454 
344 479 
344 461 
344 90 
344 159 
344 285 
344 419 
344 13 
344 229 
344 325 
344 355 
344 213 
344 82 
344 176 
344 381 
344 296 
344 330 
344 385 
344 441 
344 339 
344 525 
344 130 
344 48 
344 109 
344 223 
344 300 
344 450 
344 37 
344 276 
344 7 
344 201 
344 414 
344 387 
344 98 
344 417 
344 303 
344 274 
344 155 
345 315 
345 33 
345 270 
345 344 
345 82 
345 332 
345 219 
345 200 
345 53 
345 93 
345 245 
345 524 
345 63 
345 514 
345 519 
345 102 
345 164 
345 156 
345 99 
345 293 
345 182 
345 142 
345 391 
345 77 
345 9 
345 490 
345 423 
345 283 
345 79 
345 425 
345 181 
345 59 
345 85 
345 444 
345 15 
345 395 
345 432 
345 107 
345 340 
345 337 
345 462 
345 184 
345 405 
345 362 
345 61 
345 486 
345 105 
345 443 
345 208 
345 356 
345 192 
345 515 
345 476 
345 222 
345 400 
345 484 
345 140 
345 104 
345 420 
345 54 
345 246 
345 308 
345 106 
345 390 
345 505 
345 521 
345 271 
345 87 
345 166 
345 220 
345 329 
345 228 
345 97 
345 101 
345 165 
345 269 
345 249 
345 530 
345 298 
345 55 
345 316 
345 376 
345 309 
345 71 
345 191 
345 355 
345 160 
345 441 
345 460 
345 123 
345 392 
345 341 
345 28 
345 187 
345 324 
345 286 
345 231 
345 434 
345 397 
345 435 
345 110 
345 112 
345 223 
345 18 
345 4 
345 417 
345 253 
345 482 
345 127 
345 40 
345 44 
345 266 
345 47 
345 190 
345 384 
345 418 
345 52 
345 233 
345 111 
345 436 
345 445 
345 174 
345 42 
345 473 
345 131 
345 469 
345 267 
345 211 
345 158 
345 354 
345 461 
345 339 
345 177 
345 458 
345 428 
345 470 
345 149 
345 237 
345 19 
345 265 
345 137 
345 382 
345 531 
345 511 
345 20 
345 529 
345 494 
345 525 
345 478 
345 224 
345 217 
345 198 
345 80 
345 414 
345 128 
345 305 
345 292 
345 194 
345 173 
345 50 
345 404 
346 45 
346 235 
346 43 
346 19 
346 275 
346 171 
346 66 
346 442 
346 278 
346 242 
346 86 
346 349 
346 396 
346 251 
346 81 
346 467 
346 419 
346 233 
346 152 
346 499 
346 234 
346 14 
346 192 
346 302 
346 265 
346 135 
346 118 
346 248 
346 326 
346 504 
346 378 
346 272 
346 65 
346 503 
346 56 
346 342 
346 119 
346 115 
346 57 
346 199 
346 218 
346 519 
346 366 
346 308 
346 318 
346 517 
346 212 
346 42 
346 162 
346 94 
346 228 
346 209 
346 361 
346 105 
346 47 
346 516 
346 244 
346 408 
346 368 
346 436 
346 285 
346 281 
346 224 
346 236 
346 245 
346 93 
346 58 
346 515 
346 169 
346 109 
346 458 
346 104 
346 201 
346 324 
346 509 
346 127 
346 195 
346 297 
346 310 
346 290 
346 84 
346 172 
346 32 
346 471 
346 506 
346 260 
346 239 
346 155 
346 435 
346 497 
346 399 
346 148 
346 358 
346 149 
346 353 
346 527 
346 294 
346 314 
346 391 
346 405 
346 49 
346 170 
346 156 
346 463 
346 468 
346 198 
346 241 
346 108 
346 487 
346 200 
346 450 
346 524 
346 329 
346 61 
346 332 
346 217 
346 490 
346 163 
346 182 
346 363 
346 357 
346 333 
346 63 
346 143 
346 502 
346 121 
346 415 
346 321 
346 393 
346 274 
346 146 
346 493 
346 99 
346 173 
346 246 
346 194 
346 208 
346 529 
346 530 
346 51 
346 424 
346 531 
346 226 
346 472 
346 13 
346 237 
346 439 
346 36 
346 418 
346 438 
346 430 
346 354 
346 453 
346 268 
346 473 
346 53 
346 447 
346 325 
346 132 
346 188 
347 261 
347 313 
347 169 
347 374 
347 225 
347 427 
347 451 
347 277 
347 503 
347 390 
347 289 
347 387 
347 148 
347 1 
347 483 
347 472 
347 488 
347 126 
347 249 
347 128 
347 508 
347 181 
347 498 
347 393 
347 482 
347 266 
347 431 
347 124 
347 259 
347 275 
347 520 
347 98 
347 147 
347 101 
347 335 
347 402 
347 92 
347 495 
347 484 
347 114 
347 74 
347 282 
347 176 
347 96 
347 364 
347 7 
347 276 
347 201 
347 371 
347 272 
347 159 
347 434 
347 375 
347 458 
347 515 
347 149 
347 281 
347 258 
347 439 
347 189 
347 239 
347 210 
347 459 
347 168 
347 54 
347 422 
347 429 
347 260 
347 301 
347 113 
347 86 
347 109 
347 136 
347 349 
347 443 
347 388 
347 48 
347 138 
347 99 
347 401 
347 163 
347 372 
347 198 
347 8 
347 195 
347 406 
347 447 
347 39 
347 103 
347 327 
347 489 
347 134 
347 237 
347 199 
347 449 
347 5 
347 517 
347 36 
347 187 
347 19 
347 230 
347 493 
347 490 
347 69 
347 123 
347 531 
347 359 
347 193 
347 330 
347 130 
347 60 
347 42 
347 436 
347 146 
347 342 
347 514 
347 164 
347 184 
347 410 
347 339 
347 288 
347 55 
347 433 
347 95 
347 400 
347 153 
347 142 
347 129 
347 398 
347 202 
347 412 
347 424 
347 463 
347 182 
347 450 
347 353 
347 242 
347 152 
347 419 
347 497 
347 175 
347 317 
347 476 
347 0 
347 420 
347 220 
347 26 
347 217 
347 306 
347 379 
347 389 
347 363 
347 302 
347 299 
347 284 
347 415 
347 221 
347 139 
347 179 
347 310 
347 332 
347 479 
347 177 
347 251 
347 106 
347 28 
347 232 
348 415 
348 243 
348 226 
348 285 
348 249 
348 32 
348 256 
348 169 
348 71 
348 429 
348 136 
348 442 
348 250 
348 451 
348 283 
348 171 
348 354 
348 326 
348 77 
348 222 
348 282 
348 258 
348 87 
348 318 
348 175 
348 59 
348 424 
348 466 
348 146 
348 307 
348 219 
348 26 
348 495 
348 449 
348 64 
348 63 
348 511 
348 163 
348 386 
348 167 
348 516 
348 394 
348 43 
348 380 
348 98 
348 497 
348 39 
348 130 
348 60 
348 103 
348 503 
348 383 
348 309 
348 115 
348 277 
348 197 
348 469 
348 133 
348 452 
348 216 
348 484 
348 457 
348 116 
348 407 
348 246 
348 295 
348 231 
348 75 
348 501 
348 188 
348 208 
348 411 
348 463 
348 325 
348 336 
348 467 
348 531 
348 393 
348 281 
348 114 
348 54 
348 119 
348 192 
348 84 
348 207 
348 17 
348 471 
348 422 
348 210 
348 225 
348 120 
348 432 
348 241 
348 53 
348 337 
348 61 
348 328 
348 468 
348 180 
348 82 
348 11 
348 365 
348 506 
348 296 
348 487 
348 21 
348 308 
348 141 
348 200 
348 357 
348 178 
348 322 
348 492 
348 399 
348 131 
348 198 
348 313 
348 105 
348 172 
348 481 
348 34 
348 341 
348 272 
348 351 
348 530 
348 310 
348 312 
348 340 
348 195 
348 83 
348 414 
348 323 
348 164 
348 218 
348 360 
348 233 
348 154 
348 24 
348 152 
348 374 
348 55 
348 12 
348 317 
348 10 
348 273 
348 179 
348 477 
348 149 
348 79 
348 270 
348 6 
348 1 
348 37 
348 254 
348 97 
348 113 
348 512 
348 184 
348 73 
348 244 
348 31 
348 397 
349 138 
349 131 
349 297 
349 79 
349 304 
349 364 
349 269 
349 60 
349 520 
349 363 
349 458 
349 213 
349 326 
349 379 
349 378 
349 2 
349 346 
349 267 
349 45 
349 366 
349 351 
349 483 
349 261 
349 340 
349 529 
349 166 
349 200 
349 339 
349 123 
349 162 
349 255 
349 143 
349 445 
349 315 
349 243 
349 524 
349 440 
349 137 
349 466 
349 102 
349 27 
349 302 
349 244 
349 20 
349 116 
349 432 
349 449 
349 44 
349 90 
349 305 
349 172 
349 369 
349 227 
349 230 
349 58 
349 80 
349 365 
349 350 
349 476 
349 405 
349 77 
349 336 
349 157 
349 473 
349 67 
349 209 
349 177 
349 170 
349 154 
349 337 
349 33 
349 451 
349 278 
349 14 
349 73 
349 224 
349 163 
349 499 
349 422 
349 249 
349 368 
349 9 
349 381 
349 191 
349 347 
349 490 
349 459 
349 232 
349 248 
349 259 
349 321 
349 318 
349 156 
349 453 
349 275 
349 329 
349 309 
349 182 
349 450 
349 332 
349 153 
349 512 
349 380 
349 356 
349 5 
349 479 
349 416 
349 50 
349 265 
349 241 
349 234 
349 240 
349 142 
349 344 
349 52 
349 148 
349 125 
349 193 
349 431 
349 88 
349 93 
349 283 
349 397 
349 198 
349 219 
349 95 
349 484 
349 266 
349 139 
349 519 
349 331 
349 26 
349 300 
349 492 
349 10 
349 515 
349 489 
349 354 
349 420 
349 212 
349 396 
349 245 
349 446 
349 235 
349 367 
349 238 
349 400 
349 21 
349 109 
349 506 
349 108 
349 6 
349 334 
349 384 
349 292 
349 253 
349 435 
349 180 
349 210 
349 296 
350 110 
350 149 
350 435 
350 507 
350 205 
350 69 
350 447 
350 413 
350 375 
350 221 
350 290 
350 326 
350 368 
350 510 
350 53 
350 511 
350 487 
350 72 
350 71 
350 412 
350 38 
350 289 
350 204 
350 521 
350 294 
350 297 
350 451 
350 48 
350 181 
350 175 
350 198 
350 84 
350 278 
350 104 
350 212 
350 262 
350 266 
350 268 
350 76 
350 390 
350 463 
350 141 
350 234 
350 443 
350 215 
350 188 
350 63 
350 79 
350 140 
350 377 
350 349 
350 514 
350 162 
350 254 
350 59 
350 321 
350 209 
350 381 
350 223 
350 91 
350 500 
350 408 
350 452 
350 109 
350 376 
350 320 
350 208 
350 228 
350 216 
350 455 
350 383 
350 285 
350 248 
350 271 
350 213 
350 218 
350 302 
350 169 
350 355 
350 319 
350 177 
350 19 
350 107 
350 220 
350 425 
350 440 
350 192 
350 151 
350 269 
350 51 
350 12 
350 505 
350 284 
350 430 
350 288 
350 338 
350 166 
350 224 
350 114 
350 160 
350 438 
350 524 
350 105 
350 335 
350 475 
350 21 
350 184 
350 0 
350 96 
350 196 
350 483 
350 477 
350 472 
350 304 
350 513 
350 508 
350 133 
350 445 
350 293 
350 150 
350 241 
350 250 
350 527 
350 94 
350 371 
350 379 
350 457 
350 295 
350 398 
350 509 
350 360 
350 525 
350 207 
350 454 
350 516 
350 342 
350 444 
350 10 
350 229 
350 312 
350 427 
350 429 
350 85 
350 434 
350 88 
350 13 
350 407 
350 380 
350 83 
350 498 
350 356 
350 134 
350 491 
350 68 
350 423 
350 329 
350 502 
350 485 
350 120 
350 43 
350 82 
350 441 
350 147 
351 280 
351 275 
351 331 
351 251 
351 210 
351 293 
351 494 
351 223 
351 61 
351 437 
351 473 
351 148 
351 179 
351 499 
351 263 
351 9 
351 117 
351 482 
351 27 
351 144 
351 139 
351 349 
351 126 
351 414 
351 64 
351 174 
351 119 
351 214 
351 425 
351 402 
351 286 
351 527 
351 141 
351 67 
351 465 
351 158 
351 195 
351 239 
351 514 
351 109 
351 0 
351 140 
351 277 
351 29 
351 167 
351 432 
351 279 
351 270 
351 393 
351 467 
351 49 
351 76 
351 55 
351 357 
351 316 
351 304 
351 314 
351 154 
351 138 
351 166 
351 370 
351 164 
351 71 
351 103 
351 367 
351 68 
351 296 
351 89 
351 501 
351 268 
351 386 
351 118 
351 374 
351 297 
351 162 
351 530 
351 417 
351 30 
351 44 
351 43 
351 233 
351 72 
351 353 
351 276 
351 373 
351 480 
351 212 
351 395 
351 248 
351 201 
351 337 
351 443 
351 416 
351 378 
351 457 
351 516 
351 104 
351 487 
351 257 
351 168 
351 318 
351 427 
351 334 
351 211 
351 478 
351 175 
351 267 
351 291 
351 33 
351 226 
351 529 
351 184 
351 48 
351 247 
351 505 
351 449 
351 332 
351 131 
351 431 
351 462 
351 446 
351 308 
351 502 
351 289 
351 255 
351 209 
351 75 
351 364 
351 348 
351 521 
351 221 
351 145 
351 57 
351 218 
351 45 
351 266 
351 471 
351 95 
351 216 
351 504 
351 413 
351 287 
351 322 
351 352 
351 486 
351 455 
351 484 
351 234 
351 129 
351 525 
351 19 
351 513 
351 519 
351 294 
351 377 
351 326 
351 452 
351 394 
351 238 
351 222 
352 43 
352 41 
352 162 
352 39 
352 14 
352 275 
352 256 
352 153 
352 443 
352 61 
352 300 
352 175 
352 191 
352 378 
352 47 
352 411 
352 72 
352 101 
352 293 
352 287 
352 122 
352 107 
352 456 
352 475 
352 151 
352 500 
352 280 
352 228 
352 343 
352 423 
352 450 
352 435 
352 220 
352 216 
352 369 
352 269 
352 129 
352 45 
352 508 
352 335 
352 19 
352 418 
352 458 
352 327 
352 6 
352 279 
352 210 
352 372 
352 323 
352 169 
352 160 
352 4 
352 87 
352 188 
352 368 
352 453 
352 406 
352 333 
352 358 
352 22 
352 461 
352 309 
352 176 
352 165 
352 267 
352 331 
352 182 
352 168 
352 339 
352 245 
352 400 
352 64 
352 494 
352 49 
352 184 
352 510 
352 180 
352 484 
352 239 
352 527 
352 515 
352 263 
352 314 
352 324 
352 447 
352 217 
352 520 
352 457 
352 336 
352 17 
352 371 
352 462 
352 482 
352 341 
352 377 
352 30 
352 425 
352 419 
352 502 
352 299 
352 392 
352 232 
352 491 
352 326 
352 3 
352 320 
352 374 
352 485 
352 383 
352 497 
352 262 
352 75 
352 273 
352 250 
352 248 
352 441 
352 243 
352 36 
352 152 
352 430 
352 33 
352 409 
352 166 
352 446 
352 208 
352 407 
352 48 
352 171 
352 297 
352 384 
352 414 
352 76 
352 227 
352 428 
352 388 
352 396 
352 274 
352 194 
352 322 
352 351 
352 16 
352 516 
352 370 
352 77 
352 252 
352 315 
352 277 
352 156 
352 463 
352 24 
352 197 
352 312 
352 342 
352 190 
352 289 
352 164 
352 472 
352 338 
352 65 
352 66 
352 390 
352 270 
352 386 
352 519 
352 415 
352 214 
352 434 
352 124 
352 382 
353 190 
353 486 
353 447 
353 206 
353 118 
353 20 
353 385 
353 324 
353 240 
353 257 
353 225 
353 357 
353 156 
353 213 
353 219 
353 445 
353 318 
353 514 
353 147 
353 208 
353 180 
353 8 
353 294 
353 471 
353 284 
353 424 
353 369 
353 72 
353 92 
353 48 
353 90 
353 12 
353 230 
353 167 
353 413 
353 293 
353 175 
353 290 
353 340 
353 148 
353 464 
353 326 
353 308 
353 439 
353 307 
353 46 
353 419 
353 291 
353 179 
353 11 
353 203 
353 381 
353 74 
353 436 
353 6 
353 19 
353 387 
353 80 
353 372 
353 276 
353 137 
353 472 
353 273 
353 487 
353 95 
353 467 
353 484 
353 408 
353 479 
353 440 
353 283 
353 351 
353 505 
353 457 
353 422 
353 492 
353 83 
353 346 
353 262 
353 379 
353 309 
353 164 
353 178 
353 500 
353 392 
353 217 
353 287 
353 199 
353 187 
353 144 
353 0 
353 513 
353 192 
353 133 
353 416 
353 201 
353 482 
353 237 
353 14 
353 132 
353 218 
353 303 
353 37 
353 82 
353 5 
353 36 
353 242 
353 111 
353 129 
353 96 
353 116 
353 401 
353 310 
353 477 
353 86 
353 58 
353 93 
353 126 
353 166 
353 7 
353 101 
353 427 
353 104 
353 263 
353 316 
353 347 
353 438 
353 124 
353 296 
353 400 
353 404 
353 196 
353 399 
353 286 
353 355 
353 449 
353 414 
353 87 
353 105 
353 497 
353 304 
353 332 
353 174 
353 468 
353 122 
353 128 
353 511 
353 181 
353 149 
354 176 
354 223 
354 525 
354 3 
354 150 
354 62 
354 113 
354 81 
354 94 
354 503 
354 376 
354 139 
354 76 
354 195 
354 377 
354 75 
354 472 
354 219 
354 226 
354 29 
354 98 
354 129 
354 198 
354 138 
354 424 
354 504 
354 60 
354 437 
354 276 
354 366 
354 233 
354 359 
354 11 
354 165 
354 482 
354 37 
354 285 
354 348 
354 433 
354 118 
354 270 
354 391 
354 505 
354 277 
354 383 
354 41 
354 447 
354 0 
354 93 
354 77 
354 420 
354 290 
354 517 
354 279 
354 160 
354 423 
354 375 
354 24 
354 262 
354 490 
354 487 
354 313 
354 328 
354 151 
354 147 
354 97 
354 261 
354 166 
354 494 
354 387 
354 304 
354 386 
354 401 
354 5 
354 266 
354 443 
354 417 
354 306 
354 260 
354 456 
354 250 
354 335 
354 42 
354 404 
354 119 
354 217 
354 473 
354 439 
354 269 
354 174 
354 527 
354 246 
354 469 
354 318 
354 523 
354 111 
354 465 
354 181 
354 121 
354 44 
354 478 
354 87 
354 493 
354 445 
354 115 
354 103 
354 405 
354 202 
354 323 
354 212 
354 492 
354 110 
354 403 
354 460 
354 59 
354 199 
354 39 
354 414 
354 467 
354 357 
354 210 
354 227 
354 530 
354 204 
354 280 
354 474 
354 31 
354 125 
354 163 
354 295 
354 522 
354 415 
354 126 
354 300 
354 229 
354 65 
354 455 
354 324 
354 263 
354 253 
354 191 
354 10 
354 225 
354 85 
354 349 
354 345 
354 197 
354 66 
354 216 
354 301 
354 88 
354 2 
354 346 
354 15 
354 190 
354 235 
354 325 
354 40 
354 130 
354 108 
354 498 
354 436 
354 463 
354 489 
354 38 
354 114 
354 293 
355 360 
355 41 
355 251 
355 175 
355 369 
355 307 
355 119 
355 240 
355 250 
355 462 
355 16 
355 264 
355 279 
355 260 
355 0 
355 88 
355 358 
355 161 
355 395 
355 438 
355 397 
355 55 
355 522 
355 493 
355 387 
355 156 
355 235 
355 442 
355 371 
355 86 
355 42 
355 102 
355 105 
355 295 
355 508 
355 378 
355 356 
355 75 
355 242 
355 367 
355 249 
355 172 
355 82 
355 494 
355 29 
355 213 
355 266 
355 460 
355 237 
355 330 
355 506 
355 57 
355 24 
355 22 
355 499 
355 530 
355 265 
355 67 
355 298 
355 17 
355 285 
355 217 
355 428 
355 253 
355 498 
355 185 
355 149 
355 167 
355 331 
355 465 
355 350 
355 304 
355 153 
355 97 
355 151 
355 203 
355 83 
355 429 
355 184 
355 139 
355 20 
355 345 
355 229 
355 451 
355 141 
355 215 
355 322 
355 111 
355 466 
355 426 
355 53 
355 315 
355 445 
355 155 
355 174 
355 21 
355 34 
355 491 
355 65 
355 418 
355 159 
355 201 
355 238 
355 292 
355 435 
355 470 
355 434 
355 45 
355 123 
355 154 
355 221 
355 510 
355 135 
355 401 
355 54 
355 502 
355 61 
355 524 
355 416 
355 411 
355 344 
355 168 
355 319 
355 7 
355 43 
355 4 
355 353 
355 246 
355 509 
355 444 
355 267 
355 441 
355 370 
355 473 
355 287 
355 189 
355 6 
355 211 
355 163 
355 272 
355 404 
355 239 
355 375 
355 202 
355 268 
356 523 
356 89 
356 435 
356 65 
356 8 
356 82 
356 412 
356 3 
356 277 
356 185 
356 485 
356 143 
356 240 
356 137 
356 336 
356 397 
356 97 
356 387 
356 468 
356 502 
356 266 
356 99 
356 259 
356 112 
356 497 
356 15 
356 414 
356 179 
356 221 
356 379 
356 509 
356 39 
356 306 
356 477 
356 116 
356 382 
356 107 
356 402 
356 117 
356 64 
356 182 
356 303 
356 104 
356 530 
356 166 
356 398 
356 257 
356 195 
356 132 
356 61 
356 484 
356 424 
356 355 
356 442 
356 452 
356 359 
356 400 
356 317 
356 270 
356 203 
356 305 
356 115 
356 138 
356 345 
356 227 
356 478 
356 204 
356 140 
356 467 
356 416 
356 210 
356 109 
356 479 
356 481 
356 69 
356 463 
356 83 
356 168 
356 437 
356 301 
356 423 
356 466 
356 399 
356 275 
356 66 
356 208 
356 180 
356 223 
356 294 
356 81 
356 506 
356 102 
356 43 
356 103 
356 133 
356 469 
356 282 
356 292 
356 196 
356 91 
356 202 
356 70 
356 504 
356 215 
356 494 
356 11 
356 358 
356 430 
356 252 
356 146 
356 22 
356 167 
356 71 
356 90 
356 163 
356 287 
356 438 
356 517 
356 331 
356 349 
356 307 
356 98 
356 214 
356 194 
356 507 
356 160 
356 491 
356 267 
356 434 
356 451 
356 334 
356 470 
356 482 
356 519 
356 21 
356 460 
356 386 
356 228 
356 165 
356 189 
356 141 
356 263 
356 459 
356 295 
356 411 
356 72 
356 291 
356 236 
356 286 
356 490 
356 59 
356 67 
356 480 
356 108 
356 58 
356 1 
356 350 
356 362 
356 384 
356 428 
356 190 
356 47 
356 312 
356 388 
356 526 
356 153 
356 405 
356 162 
357 395 
357 14 
357 36 
357 294 
357 31 
357 242 
357 256 
357 289 
357 195 
357 308 
357 82 
357 2 
357 109 
357 467 
357 127 
357 37 
357 249 
357 275 
357 414 
357 353 
357 445 
357 327 
357 420 
357 68 
357 110 
357 382 
357 376 
357 449 
357 165 
357 517 
357 309 
357 321 
357 174 
357 215 
357 429 
357 219 
357 178 
357 457 
357 216 
357 263 
357 370 
357 79 
357 59 
357 422 
357 96 
357 100 
357 302 
357 518 
357 29 
357 122 
357 335 
357 56 
357 487 
357 366 
357 351 
357 388 
357 373 
357 284 
357 333 
357 234 
357 252 
357 406 
357 338 
357 78 
357 39 
357 272 
357 75 
357 292 
357 426 
357 84 
357 494 
357 362 
357 18 
357 111 
357 511 
357 390 
357 132 
357 170 
357 328 
357 200 
357 337 
357 47 
357 425 
357 483 
357 334 
357 270 
357 451 
357 112 
357 485 
357 497 
357 305 
357 124 
357 60 
357 7 
357 415 
357 212 
357 103 
357 201 
357 402 
357 450 
357 283 
357 257 
357 22 
357 41 
357 531 
357 291 
357 85 
357 514 
357 522 
357 523 
357 486 
357 490 
357 265 
357 368 
357 89 
357 73 
357 354 
357 274 
357 71 
357 348 
357 108 
357 295 
357 180 
357 190 
357 346 
357 488 
357 57 
357 0 
357 460 
357 207 
357 371 
357 447 
357 474 
357 358 
357 369 
357 404 
357 401 
357 246 
357 43 
357 163 
357 214 
357 267 
357 465 
357 409 
357 310 
357 177 
357 10 
357 192 
357 17 
357 240 
357 318 
357 441 
357 290 
357 466 
357 176 
357 91 
357 473 
357 462 
357 454 
357 231 
357 24 
358 107 
358 137 
358 244 
358 361 
358 237 
358 82 
358 498 
358 457 
358 32 
358 270 
358 527 
358 326 
358 421 
358 210 
358 207 
358 341 
358 39 
358 158 
358 117 
358 299 
358 240 
358 439 
358 70 
358 460 
358 269 
358 355 
358 459 
358 74 
358 153 
358 502 
358 105 
358 338 
358 64 
358 51 
358 368 
358 393 
358 145 
358 440 
358 483 
358 442 
358 180 
358 398 
358 292 
358 316 
358 79 
358 139 
358 205 
358 246 
358 193 
358 134 
358 101 
358 283 
358 53 
358 184 
358 433 
358 445 
358 405 
358 127 
358 43 
358 456 
358 408 
358 327 
358 420 
358 17 
358 363 
358 487 
358 291 
358 385 
358 287 
358 272 
358 181 
358 93 
358 448 
358 149 
358 25 
358 340 
358 62 
358 331 
358 352 
358 426 
358 235 
358 182 
358 141 
358 266 
358 95 
358 372 
358 125 
358 78 
358 519 
358 400 
358 128 
358 2 
358 530 
358 164 
358 321 
358 102 
358 38 
358 430 
358 356 
358 21 
358 346 
358 304 
358 496 
358 54 
358 174 
358 511 
358 509 
358 113 
358 438 
358 254 
358 169 
358 279 
358 271 
358 369 
358 504 
358 289 
358 282 
358 259 
358 317 
358 59 
358 162 
358 521 
358 390 
358 418 
358 415 
358 328 
358 214 
358 288 
358 37 
358 135 
358 427 
358 290 
358 330 
358 516 
358 226 
358 170 
358 28 
358 20 
358 199 
358 384 
358 357 
358 308 
358 404 
358 80 
358 451 
358 319 
358 443 
358 528 
358 525 
358 258 
358 403 
358 69 
358 434 
358 0 
358 462 
358 494 
358 129 
358 484 
358 339 
358 333 
358 29 
358 513 
358 245 
358 83 
358 281 
358 397 
358 189 
358 121 
358 230 
358 489 
358 175 
358 31 
358 500 
358 300 
358 449 
358 488 
359 409 
359 295 
359 106 
359 238 
359 232 
359 187 
359 140 
359 135 
359 159 
359 25 
359 261 
359 467 
359 252 
359 486 
359 439 
359 19 
359 127 
359 354 
359 274 
359 520 
359 336 
359 372 
359 212 
359 419 
359 365 
359 381 
359 335 
359 7 
359 169 
359 518 
359 153 
359 340 
359 107 
359 446 
359 384 
359 299 
359 360 
359 149 
359 356 
359 448 
359 280 
359 373 
359 180 
359 199 
359 455 
359 41 
359 10 
359 460 
359 433 
359 206 
359 21 
359 517 
359 44 
359 69 
359 77 
359 186 
359 495 
359 208 
359 502 
359 407 
359 152 
359 237 
359 39 
359 288 
359 249 
359 192 
359 128 
359 425 
359 61 
359 211 
359 411 
359 59 
359 338 
359 67 
359 277 
359 300 
359 513 
359 279 
359 395 
359 75 
359 515 
359 479 
359 459 
359 27 
359 306 
359 314 
359 530 
359 312 
359 16 
359 347 
359 35 
359 290 
359 157 
359 240 
359 464 
359 456 
359 134 
359 244 
359 380 
359 62 
359 309 
359 284 
359 458 
359 111 
359 177 
359 374 
359 87 
359 195 
359 421 
359 438 
359 217 
359 453 
359 220 
359 258 
359 235 
359 475 
359 316 
359 214 
359 297 
359 63 
359 339 
359 367 
359 259 
359 2 
359 54 
359 423 
359 371 
359 337 
359 272 
359 104 
359 454 
359 1 
359 136 
359 165 
359 301 
359 167 
359 89 
359 531 
359 342 
359 191 
359 263 
359 185 
359 508 
359 139 
359 397 
359 71 
359 79 
359 91 
359 219 
359 92 
359 102 
359 253 
359 417 
359 30 
359 207 
360 27 
360 517 
360 104 
360 296 
360 376 
360 20 
360 355 
360 149 
360 336 
360 444 
360 449 
360 446 
360 28 
360 505 
360 29 
360 112 
360 431 
360 255 
360 3 
360 0 
360 262 
360 455 
360 225 
360 282 
360 163 
360 402 
360 36 
360 49 
360 524 
360 275 
360 107 
360 312 
360 511 
360 92 
360 368 
360 266 
360 274 
360 362 
360 52 
360 515 
360 344 
360 180 
360 318 
360 249 
360 109 
360 359 
360 48 
360 518 
360 23 
360 367 
360 57 
360 21 
360 43 
360 432 
360 271 
360 134 
360 133 
360 289 
360 9 
360 141 
360 65 
360 468 
360 1 
360 522 
360 270 
360 102 
360 508 
360 16 
360 58 
360 313 
360 230 
360 381 
360 311 
360 528 
360 81 
360 174 
360 409 
360 11 
360 259 
360 494 
360 172 
360 15 
360 279 
360 298 
360 397 
360 111 
360 371 
360 295 
360 309 
360 479 
360 386 
360 452 
360 326 
360 19 
360 393 
360 256 
360 95 
360 79 
360 496 
360 361 
360 74 
360 231 
360 338 
360 307 
360 177 
360 447 
360 164 
360 146 
360 413 
360 99 
360 159 
360 334 
360 239 
360 525 
360 488 
360 145 
360 293 
360 442 
360 64 
360 254 
360 377 
360 144 
360 470 
360 350 
360 302 
360 237 
360 281 
360 263 
360 63 
360 277 
360 183 
360 136 
360 220 
360 348 
360 128 
360 303 
360 384 
360 400 
360 435 
360 232 
360 264 
360 269 
360 372 
360 501 
360 512 
360 390 
360 308 
360 378 
360 76 
360 160 
360 51 
360 328 
360 480 
360 35 
361 462 
361 267 
361 10 
361 248 
361 252 
361 497 
361 64 
361 78 
361 373 
361 456 
361 464 
361 358 
361 96 
361 235 
361 73 
361 34 
361 388 
361 115 
361 9 
361 185 
361 434 
361 480 
361 160 
361 341 
361 383 
361 144 
361 523 
361 445 
361 421 
361 337 
361 268 
361 254 
361 249 
361 133 
361 483 
361 410 
361 510 
361 517 
361 79 
361 427 
361 391 
361 522 
361 374 
361 243 
361 71 
361 12 
361 86 
361 399 
361 188 
361 137 
361 377 
361 95 
361 437 
361 45 
361 465 
361 207 
361 251 
361 17 
361 54 
361 372 
361 41 
361 405 
361 145 
361 392 
361 33 
361 230 
361 109 
361 346 
361 178 
361 218 
361 170 
361 416 
361 11 
361 113 
361 205 
361 149 
361 302 
361 430 
361 521 
361 276 
361 22 
361 246 
361 253 
361 247 
361 263 
361 42 
361 332 
361 283 
361 21 
361 501 
361 174 
361 471 
361 201 
361 334 
361 452 
361 502 
361 455 
361 530 
361 288 
361 516 
361 30 
361 89 
361 280 
361 466 
361 220 
361 317 
361 487 
361 40 
361 265 
361 375 
361 360 
361 488 
361 286 
361 338 
361 323 
361 156 
361 528 
361 513 
361 67 
361 105 
361 59 
361 194 
361 142 
361 198 
361 177 
361 514 
361 291 
361 292 
361 37 
361 525 
361 531 
361 250 
361 273 
361 285 
361 331 
361 271 
361 175 
361 5 
361 77 
361 257 
361 432 
361 3 
361 524 
361 295 
361 101 
361 181 
361 408 
361 426 
361 293 
361 108 
361 335 
361 451 
361 500 
361 475 
361 189 
361 439 
361 164 
361 49 
361 435 
361 31 
361 279 
361 168 
361 24 
361 327 
361 199 
361 272 
361 406 
361 424 
361 255 
361 448 
361 184 
362 216 
362 40 
362 303 
362 526 
362 234 
362 70 
362 337 
362 424 
362 452 
362 262 
362 316 
362 520 
362 430 
362 289 
362 90 
362 438 
362 521 
362 113 
362 104 
362 215 
362 54 
362 472 
362 470 
362 493 
362 401 
362 525 
362 187 
362 57 
362 135 
362 27 
362 451 
362 205 
362 123 
362 463 
362 327 
362 442 
362 428 
362 396 
362 52 
362 11 
362 392 
362 518 
362 154 
362 105 
362 302 
362 481 
362 190 
362 363 
362 285 
362 450 
362 89 
362 300 
362 25 
362 370 
362 200 
362 390 
362 227 
362 529 
362 137 
362 466 
362 360 
362 416 
362 185 
362 345 
362 459 
362 22 
362 264 
362 120 
362 297 
362 274 
362 194 
362 374 
362 408 
362 44 
362 393 
362 94 
362 158 
362 413 
362 5 
362 69 
362 382 
362 28 
362 301 
362 365 
362 49 
362 179 
362 142 
362 193 
362 242 
362 271 
362 504 
362 434 
362 178 
362 357 
362 204 
362 502 
362 173 
362 485 
362 20 
362 237 
362 74 
362 140 
362 494 
362 233 
362 36 
362 172 
362 531 
362 291 
362 272 
362 516 
362 83 
362 298 
362 53 
362 192 
362 125 
362 206 
362 417 
362 513 
362 252 
362 239 
362 373 
362 17 
362 115 
362 420 
362 399 
362 414 
362 403 
362 150 
362 131 
362 111 
362 41 
362 61 
362 455 
362 7 
362 280 
362 299 
362 326 
362 3 
362 143 
362 207 
362 498 
362 188 
362 92 
362 56 
362 306 
362 72 
362 461 
362 124 
362 197 
362 145 
362 492 
362 386 
362 195 
362 313 
362 71 
362 317 
362 480 
362 486 
362 409 
362 449 
362 406 
362 482 
362 487 
362 356 
362 6 
362 116 
362 35 
362 15 
362 290 
362 453 
362 110 
362 230 
362 287 
362 42 
363 55 
363 140 
363 465 
363 523 
363 253 
363 378 
363 391 
363 322 
363 297 
363 395 
363 80 
363 424 
363 349 
363 301 
363 111 
363 505 
363 76 
363 205 
363 68 
363 255 
363 461 
363 98 
363 221 
363 103 
363 240 
363 274 
363 475 
363 422 
363 441 
363 182 
363 397 
363 309 
363 340 
363 408 
363 469 
363 487 
363 59 
363 392 
363 362 
363 67 
363 184 
363 210 
363 459 
363 25 
363 187 
363 251 
363 368 
363 174 
363 96 
363 342 
363 451 
363 500 
363 468 
363 476 
363 530 
363 336 
363 50 
363 45 
363 358 
363 344 
363 78 
363 87 
363 171 
363 490 
363 433 
363 520 
363 325 
363 153 
363 440 
363 0 
363 124 
363 456 
363 110 
363 93 
363 478 
363 94 
363 107 
363 56 
363 527 
363 183 
363 42 
363 292 
363 252 
363 284 
363 15 
363 394 
363 165 
363 202 
363 108 
363 507 
363 259 
363 47 
363 24 
363 35 
363 53 
363 511 
363 280 
363 531 
363 339 
363 13 
363 157 
363 412 
363 267 
363 102 
363 170 
363 136 
363 197 
363 323 
363 310 
363 5 
363 90 
363 482 
363 399 
363 7 
363 88 
363 228 
363 31 
363 223 
363 32 
363 120 
363 290 
363 300 
363 346 
363 486 
363 288 
363 264 
363 291 
363 208 
363 304 
363 450 
363 71 
363 258 
363 521 
363 38 
363 112 
363 239 
363 100 
363 492 
363 22 
363 506 
363 337 
363 296 
363 185 
363 101 
363 3 
363 209 
363 190 
363 526 
363 365 
363 163 
363 420 
363 232 
363 27 
363 347 
363 144 
363 491 
363 58 
363 295 
363 129 
363 417 
363 512 
363 243 
363 49 
364 452 
364 131 
364 238 
364 84 
364 494 
364 349 
364 368 
364 68 
364 259 
364 460 
364 278 
364 18 
364 179 
364 472 
364 168 
364 46 
364 461 
364 93 
364 57 
364 95 
364 438 
364 424 
364 102 
364 162 
364 448 
364 105 
364 310 
364 468 
364 320 
364 210 
364 79 
364 156 
364 502 
364 90 
364 415 
364 257 
364 126 
364 7 
364 321 
364 432 
364 401 
364 444 
364 471 
364 109 
364 194 
364 142 
364 157 
364 487 
364 121 
364 347 
364 202 
364 234 
364 37 
364 189 
364 140 
364 123 
364 2 
364 98 
364 176 
364 174 
364 519 
364 291 
364 520 
364 27 
364 48 
364 180 
364 193 
364 216 
364 469 
364 198 
364 371 
364 132 
364 284 
364 339 
364 441 
364 341 
364 427 
364 264 
364 480 
364 23 
364 462 
364 221 
364 191 
364 185 
364 199 
364 39 
364 449 
364 467 
364 214 
364 442 
364 316 
364 196 
364 426 
364 499 
364 526 
364 334 
364 231 
364 56 
364 5 
364 9 
364 507 
364 395 
364 400 
364 491 
364 501 
364 117 
364 59 
364 136 
364 3 
364 243 
364 232 
364 127 
364 309 
364 456 
364 470 
364 425 
364 366 
364 281 
364 498 
364 273 
364 518 
364 212 
364 377 
364 383 
364 351 
364 379 
364 8 
364 61 
364 307 
364 82 
364 285 
364 145 
364 184 
364 479 
364 112 
364 215 
364 286 
364 32 
364 60 
364 525 
364 492 
364 253 
364 187 
364 328 
364 235 
364 233 
364 69 
364 443 
364 276 
364 99 
364 150 
364 80 
364 370 
364 54 
364 504 
364 389 
364 485 
364 190 
364 304 
364 229 
364 365 
364 484 
365 307 
365 334 
365 321 
365 81 
365 76 
365 86 
365 7 
365 254 
365 328 
365 255 
365 16 
365 153 
365 64 
365 148 
365 212 
365 454 
365 192 
365 142 
365 211 
365 386 
365 293 
365 120 
365 175 
365 401 
365 44 
365 276 
365 511 
365 244 
365 4 
365 514 
365 359 
365 135 
365 32 
365 435 
365 453 
365 251 
365 292 
365 150 
365 75 
365 121 
365 349 
365 143 
365 189 
365 176 
365 270 
365 337 
365 227 
365 291 
365 500 
365 114 
365 41 
365 376 
365 427 
365 258 
365 151 
365 362 
365 62 
365 513 
365 118 
365 399 
365 115 
365 186 
365 374 
365 331 
365 370 
365 218 
365 12 
365 262 
365 428 
365 155 
365 271 
365 285 
365 272 
365 310 
365 472 
365 425 
365 103 
365 42 
365 449 
365 215 
365 77 
365 232 
365 490 
365 97 
365 279 
365 193 
365 174 
365 277 
365 217 
365 39 
365 492 
365 168 
365 162 
365 53 
365 380 
365 190 
365 21 
365 431 
365 501 
365 476 
365 109 
365 274 
365 413 
365 348 
365 440 
365 304 
365 94 
365 408 
365 0 
365 316 
365 437 
365 400 
365 259 
365 61 
365 88 
365 58 
365 257 
365 510 
365 35 
365 524 
365 397 
365 497 
365 525 
365 91 
365 319 
365 90 
365 145 
365 521 
365 127 
365 57 
365 45 
365 455 
365 28 
365 424 
365 169 
365 363 
365 23 
365 37 
365 516 
365 266 
365 223 
365 398 
365 253 
365 170 
365 434 
365 459 
365 195 
365 130 
365 364 
365 82 
366 194 
366 379 
366 81 
366 177 
366 424 
366 380 
366 146 
366 514 
366 102 
366 401 
366 526 
366 489 
366 97 
366 93 
366 527 
366 515 
366 495 
366 403 
366 173 
366 349 
366 168 
366 143 
366 497 
366 233 
366 54 
366 62 
366 410 
366 231 
366 271 
366 157 
366 232 
366 283 
366 354 
366 161 
366 289 
366 390 
366 318 
366 501 
366 395 
366 120 
366 98 
366 404 
366 126 
366 117 
366 131 
366 449 
366 41 
366 217 
366 375 
366 330 
366 73 
366 8 
366 346 
366 86 
366 393 
366 99 
366 453 
366 253 
366 0 
366 431 
366 320 
366 176 
366 357 
366 235 
366 88 
366 466 
366 444 
366 158 
366 382 
366 303 
366 463 
366 518 
366 15 
366 286 
366 193 
366 332 
366 329 
366 63 
366 340 
366 301 
366 237 
366 135 
366 182 
366 241 
366 472 
366 384 
366 134 
366 326 
366 167 
366 311 
366 216 
366 378 
366 467 
366 405 
366 521 
366 479 
366 64 
366 441 
366 270 
366 408 
366 370 
366 162 
366 465 
366 96 
366 503 
366 9 
366 454 
366 285 
366 435 
366 485 
366 420 
366 107 
366 20 
366 49 
366 137 
366 205 
366 443 
366 224 
366 402 
366 247 
366 198 
366 474 
366 364 
366 504 
366 229 
366 147 
366 468 
366 191 
366 298 
366 196 
366 51 
366 371 
366 204 
366 335 
366 317 
366 430 
366 248 
366 261 
366 12 
366 27 
366 277 
366 139 
366 288 
366 16 
366 266 
366 141 
366 494 
366 522 
366 52 
366 56 
366 50 
366 398 
366 124 
366 60 
366 243 
366 3 
366 220 
366 436 
367 22 
367 466 
367 436 
367 131 
367 379 
367 174 
367 495 
367 17 
367 210 
367 263 
367 152 
367 77 
367 170 
367 330 
367 478 
367 222 
367 414 
367 260 
367 268 
367 45 
367 306 
367 423 
367 313 
367 469 
367 72 
367 375 
367 149 
367 517 
367 158 
367 355 
367 255 
367 15 
367 424 
367 496 
367 331 
367 310 
367 327 
367 360 
367 399 
367 14 
367 422 
367 75 
367 427 
367 506 
367 153 
367 52 
367 93 
367 266 
367 66 
367 64 
367 119 
367 161 
367 201 
367 21 
367 454 
367 527 
367 351 
367 301 
367 408 
367 34 
367 476 
367 387 
367 344 
367 526 
367 293 
367 396 
367 2 
367 303 
367 315 
367 445 
367 374 
367 458 
367 198 
367 305 
367 317 
367 177 
367 428 
367 139 
367 525 
367 118 
367 432 
367 132 
367 252 
367 244 
367 10 
367 324 
367 404 
367 248 
367 228 
367 421 
367 3 
367 300 
367 494 
367 134 
367 81 
367 426 
367 192 
367 240 
367 493 
367 35 
367 187 
367 449 
367 430 
367 499 
367 11 
367 166 
367 530 
367 40 
367 227 
367 486 
367 460 
367 451 
367 53 
367 43 
367 417 
367 191 
367 403 
367 406 
367 359 
367 176 
367 42 
367 416 
367 500 
367 6 
367 202 
367 402 
367 199 
367 61 
367 117 
367 233 
367 349 
367 391 
367 295 
367 531 
367 283 
367 521 
367 129 
367 492 
367 389 
367 284 
367 463 
367 237 
367 190 
367 286 
367 288 
367 94 
367 282 
367 281 
368 302 
368 519 
368 9 
368 445 
368 318 
368 295 
368 340 
368 364 
368 521 
368 283 
368 112 
368 206 
368 36 
368 488 
368 350 
368 157 
368 226 
368 153 
368 447 
368 516 
368 292 
368 313 
368 13 
368 81 
368 207 
368 54 
368 185 
368 431 
368 264 
368 385 
368 145 
368 503 
368 297 
368 26 
368 358 
368 326 
368 360 
368 38 
368 255 
368 413 
368 155 
368 261 
368 363 
368 319 
368 228 
368 172 
368 159 
368 531 
368 86 
368 387 
368 158 
368 517 
368 452 
368 60 
368 253 
368 379 
368 65 
368 184 
368 217 
368 76 
368 62 
368 346 
368 72 
368 144 
368 420 
368 126 
368 27 
368 523 
368 352 
368 479 
368 176 
368 403 
368 498 
368 322 
368 271 
368 70 
368 169 
368 162 
368 22 
368 343 
368 8 
368 1 
368 528 
368 380 
368 398 
368 400 
368 221 
368 437 
368 254 
368 484 
368 372 
368 417 
368 425 
368 349 
368 390 
368 258 
368 257 
368 117 
368 102 
368 270 
368 34 
368 433 
368 215 
368 395 
368 415 
368 406 
368 269 
368 441 
368 137 
368 426 
368 376 
368 357 
368 211 
368 454 
368 191 
368 327 
368 110 
368 66 
368 315 
368 208 
368 267 
368 23 
368 210 
368 88 
368 83 
368 218 
368 311 
368 423 
368 312 
368 449 
368 524 
368 98 
368 243 
368 178 
368 451 
368 143 
368 204 
368 481 
368 281 
368 252 
368 388 
368 31 
368 136 
368 440 
368 401 
368 50 
368 123 
368 384 
368 149 
368 474 
368 230 
368 242 
368 265 
368 310 
368 127 
368 161 
368 316 
368 119 
368 33 
368 510 
368 306 
368 288 
368 338 
368 399 
368 114 
368 285 
368 198 
369 484 
369 318 
369 256 
369 457 
369 412 
369 420 
369 439 
369 415 
369 355 
369 35 
369 290 
369 32 
369 478 
369 255 
369 481 
369 65 
369 512 
369 40 
369 271 
369 452 
369 208 
369 398 
369 456 
369 138 
369 172 
369 254 
369 298 
369 121 
369 353 
369 71 
369 418 
369 226 
369 92 
369 292 
369 120 
369 463 
369 42 
369 352 
369 474 
369 131 
369 284 
369 87 
369 490 
369 526 
369 455 
369 102 
369 349 
369 527 
369 525 
369 272 
369 315 
369 453 
369 488 
369 419 
369 288 
369 67 
369 521 
369 206 
369 260 
369 308 
369 273 
369 48 
369 28 
369 156 
369 264 
369 202 
369 518 
369 247 
369 163 
369 15 
369 73 
369 295 
369 162 
369 137 
369 205 
369 145 
369 140 
369 291 
369 531 
369 301 
369 286 
369 498 
369 155 
369 476 
369 422 
369 116 
369 304 
369 265 
369 358 
369 392 
369 331 
369 234 
369 52 
369 235 
369 444 
369 119 
369 425 
369 340 
369 56 
369 461 
369 135 
369 326 
369 134 
369 214 
369 391 
369 433 
369 269 
369 101 
369 89 
369 141 
369 407 
369 215 
369 30 
369 253 
369 530 
369 23 
369 323 
369 384 
369 485 
369 216 
369 229 
369 522 
369 94 
369 37 
369 39 
369 231 
369 219 
369 29 
369 507 
369 448 
369 154 
369 21 
369 403 
369 357 
369 212 
369 187 
369 409 
369 106 
369 432 
369 12 
369 341 
369 342 
369 50 
369 336 
369 13 
369 53 
369 18 
369 434 
369 454 
370 432 
370 447 
370 423 
370 431 
370 255 
370 413 
370 159 
370 435 
370 220 
370 83 
370 290 
370 74 
370 205 
370 479 
370 389 
370 45 
370 61 
370 430 
370 29 
370 320 
370 37 
370 374 
370 103 
370 460 
370 298 
370 221 
370 60 
370 362 
370 468 
370 264 
370 357 
370 311 
370 409 
370 107 
370 487 
370 58 
370 47 
370 203 
370 375 
370 57 
370 231 
370 344 
370 520 
370 436 
370 456 
370 9 
370 379 
370 429 
370 106 
370 305 
370 174 
370 351 
370 25 
370 109 
370 454 
370 156 
370 294 
370 33 
370 316 
370 308 
370 123 
370 75 
370 416 
370 63 
370 142 
370 365 
370 179 
370 475 
370 4 
370 48 
370 176 
370 208 
370 113 
370 216 
370 467 
370 377 
370 161 
370 417 
370 120 
370 321 
370 391 
370 338 
370 129 
370 92 
370 253 
370 170 
370 469 
370 527 
370 502 
370 366 
370 425 
370 192 
370 272 
370 49 
370 153 
370 27 
370 82 
370 287 
370 323 
370 149 
370 322 
370 442 
370 222 
370 84 
370 270 
370 315 
370 402 
370 184 
370 501 
370 56 
370 40 
370 148 
370 439 
370 41 
370 279 
370 441 
370 199 
370 238 
370 505 
370 140 
370 424 
370 511 
370 99 
370 234 
370 2 
370 372 
370 446 
370 224 
370 497 
370 267 
370 51 
370 443 
370 477 
370 124 
370 71 
370 352 
370 263 
370 384 
370 355 
370 437 
370 145 
370 175 
370 387 
370 491 
370 325 
370 128 
370 463 
370 364 
370 478 
370 236 
370 22 
370 395 
370 20 
370 483 
370 282 
371 240 
371 447 
371 393 
371 117 
371 401 
371 2 
371 524 
371 233 
371 327 
371 437 
371 472 
371 154 
371 468 
371 212 
371 250 
371 238 
371 247 
371 24 
371 70 
371 192 
371 150 
371 8 
371 269 
371 87 
371 123 
371 77 
371 427 
371 80 
371 304 
371 517 
371 425 
371 415 
371 142 
371 135 
371 426 
371 157 
371 127 
371 423 
371 331 
371 9 
371 458 
371 355 
371 373 
371 403 
371 489 
371 381 
371 53 
371 10 
371 430 
371 185 
371 347 
371 130 
371 529 
371 388 
371 278 
371 293 
371 311 
371 133 
371 33 
371 125 
371 470 
371 523 
371 397 
371 94 
371 364 
371 412 
371 318 
371 184 
371 531 
371 302 
371 453 
371 129 
371 301 
371 231 
371 96 
371 325 
371 14 
371 175 
371 428 
371 360 
371 189 
371 68 
371 476 
371 436 
371 64 
371 352 
371 11 
371 224 
371 509 
371 460 
371 268 
371 236 
371 51 
371 146 
371 40 
371 522 
371 440 
371 140 
371 275 
371 474 
371 0 
371 199 
371 525 
371 316 
371 456 
371 410 
371 457 
371 162 
371 132 
371 5 
371 459 
371 512 
371 400 
371 46 
371 414 
371 97 
371 116 
371 253 
371 350 
371 366 
371 451 
371 244 
371 216 
371 357 
371 115 
371 103 
371 17 
371 503 
371 332 
371 391 
371 434 
371 239 
371 337 
371 359 
371 504 
371 336 
371 197 
371 392 
371 234 
371 465 
371 38 
371 520 
371 479 
371 187 
371 290 
371 74 
371 43 
371 526 
371 206 
371 183 
371 241 
371 306 
372 524 
372 337 
372 193 
372 344 
372 530 
372 160 
372 253 
372 275 
372 154 
372 165 
372 121 
372 425 
372 144 
372 59 
372 72 
372 140 
372 201 
372 240 
372 373 
372 280 
372 322 
372 359 
372 468 
372 77 
372 162 
372 161 
372 129 
372 225 
372 505 
372 405 
372 512 
372 413 
372 526 
372 452 
372 506 
372 327 
372 465 
372 41 
372 33 
372 326 
372 438 
372 104 
372 361 
372 79 
372 118 
372 414 
372 18 
372 417 
372 293 
372 407 
372 435 
372 22 
372 55 
372 205 
372 50 
372 233 
372 196 
372 194 
372 221 
372 498 
372 315 
372 70 
372 73 
372 352 
372 255 
372 353 
372 159 
372 151 
372 529 
372 251 
372 86 
372 458 
372 102 
372 81 
372 29 
372 525 
372 98 
372 358 
372 374 
372 453 
372 186 
372 238 
372 380 
372 84 
372 34 
372 190 
372 368 
372 324 
372 429 
372 39 
372 503 
372 325 
372 460 
372 105 
372 167 
372 347 
372 113 
372 304 
372 36 
372 528 
372 419 
372 108 
372 57 
372 310 
372 440 
372 319 
372 268 
372 206 
372 125 
372 420 
372 134 
372 390 
372 180 
372 173 
372 339 
372 94 
372 454 
372 136 
372 297 
372 239 
372 392 
372 298 
372 78 
372 132 
372 421 
372 246 
372 370 
372 244 
372 282 
372 171 
372 220 
372 155 
372 109 
372 457 
372 441 
372 316 
372 153 
372 341 
372 42 
372 426 
372 360 
372 103 
372 189 
372 290 
372 276 
372 436 
372 51 
372 14 
372 466 
372 520 
372 523 
373 216 
373 140 
373 444 
373 250 
373 361 
373 59 
373 185 
373 119 
373 472 
373 293 
373 258 
373 220 
373 152 
373 246 
373 512 
373 124 
373 65 
373 476 
373 97 
373 201 
373 332 
373 54 
373 154 
373 31 
373 80 
373 326 
373 46 
373 372 
373 529 
373 68 
373 36 
373 441 
373 400 
373 497 
373 82 
373 511 
373 289 
373 39 
373 385 
373 207 
373 382 
373 73 
373 448 
373 126 
373 519 
373 66 
373 241 
373 371 
373 359 
373 24 
373 47 
373 439 
373 481 
373 267 
373 191 
373 342 
373 357 
373 192 
373 513 
373 110 
373 55 
373 294 
373 99 
373 58 
373 243 
373 431 
373 120 
373 10 
373 296 
373 487 
373 129 
373 307 
373 434 
373 521 
373 248 
373 424 
373 417 
373 168 
373 280 
373 351 
373 310 
373 390 
373 9 
373 404 
373 338 
373 394 
373 287 
373 383 
373 125 
373 153 
373 292 
373 204 
373 501 
373 56 
373 218 
373 392 
373 127 
373 362 
373 167 
373 209 
373 508 
373 86 
373 221 
373 291 
373 193 
373 29 
373 257 
373 211 
373 509 
373 33 
373 94 
373 302 
373 457 
373 523 
373 109 
373 320 
373 253 
373 169 
373 141 
373 503 
373 52 
373 245 
373 505 
373 18 
373 43 
373 105 
373 483 
373 115 
373 530 
373 285 
373 299 
373 453 
373 145 
373 324 
373 407 
373 151 
373 446 
373 203 
373 41 
373 418 
373 323 
373 98 
373 51 
374 180 
374 56 
374 92 
374 212 
374 347 
374 133 
374 502 
374 130 
374 263 
374 157 
374 41 
374 487 
374 435 
374 16 
374 104 
374 2 
374 272 
374 147 
374 96 
374 466 
374 370 
374 43 
374 436 
374 44 
374 108 
374 405 
374 23 
374 361 
374 528 
374 485 
374 387 
374 239 
374 131 
374 33 
374 93 
374 90 
374 530 
374 415 
374 479 
374 191 
374 404 
374 161 
374 45 
374 444 
374 217 
374 54 
374 141 
374 210 
374 516 
374 384 
374 303 
374 381 
374 50 
374 97 
374 294 
374 362 
374 37 
374 173 
374 177 
374 149 
374 504 
374 132 
374 160 
374 154 
374 510 
374 249 
374 265 
374 5 
374 271 
374 115 
374 62 
374 274 
374 417 
374 137 
374 67 
374 386 
374 365 
374 351 
374 372 
374 507 
374 179 
374 176 
374 206 
374 393 
374 459 
374 367 
374 525 
374 227 
374 238 
374 252 
374 515 
374 298 
374 121 
374 398 
374 512 
374 178 
374 378 
374 383 
374 125 
374 8 
374 55 
374 464 
374 352 
374 281 
374 469 
374 522 
374 231 
374 266 
374 0 
374 518 
374 224 
374 151 
374 411 
374 123 
374 344 
374 42 
374 443 
374 232 
374 359 
374 519 
374 524 
374 101 
374 493 
374 394 
374 310 
374 460 
374 385 
374 513 
374 220 
374 234 
374 3 
374 267 
374 458 
374 74 
374 334 
374 319 
374 233 
374 312 
374 32 
374 218 
374 408 
374 348 
374 168 
374 269 
374 264 
374 470 
374 254 
374 248 
374 422 
374 511 
374 156 
374 63 
374 170 
374 520 
374 243 
374 471 
374 260 
374 226 
374 428 
375 151 
375 492 
375 494 
375 481 
375 73 
375 219 
375 164 
375 350 
375 506 
375 134 
375 278 
375 482 
375 216 
375 208 
375 35 
375 90 
375 118 
375 275 
375 267 
375 266 
375 384 
375 242 
375 102 
375 211 
375 74 
375 98 
375 340 
375 172 
375 80 
375 40 
375 234 
375 297 
375 48 
375 366 
375 367 
375 253 
375 388 
375 354 
375 529 
375 125 
375 227 
375 370 
375 168 
375 391 
375 421 
375 101 
375 113 
375 392 
375 403 
375 14 
375 405 
375 46 
375 199 
375 272 
375 290 
375 503 
375 304 
375 106 
375 141 
375 70 
375 347 
375 37 
375 514 
375 420 
375 22 
375 75 
375 517 
375 322 
375 154 
375 271 
375 42 
375 426 
375 448 
375 184 
375 487 
375 459 
375 59 
375 107 
375 152 
375 502 
375 260 
375 286 
375 321 
375 38 
375 423 
375 12 
375 408 
375 138 
375 447 
375 329 
375 137 
375 452 
375 390 
375 132 
375 501 
375 41 
375 218 
375 496 
375 361 
375 338 
375 263 
375 236 
375 298 
375 109 
375 159 
375 485 
375 47 
375 324 
375 261 
375 400 
375 516 
375 411 
375 240 
375 344 
375 380 
375 197 
375 419 
375 461 
375 237 
375 9 
375 296 
375 8 
375 36 
375 95 
375 195 
375 158 
375 142 
375 316 
375 295 
375 342 
375 119 
375 307 
375 17 
375 83 
375 504 
375 2 
375 479 
375 82 
375 157 
375 381 
375 332 
375 18 
375 330 
375 425 
375 169 
375 24 
375 129 
375 490 
375 376 
375 325 
375 521 
375 123 
375 527 
375 121 
375 478 
375 464 
375 318 
375 130 
375 269 
375 6 
375 54 
375 315 
375 57 
375 194 
375 530 
375 436 
375 401 
375 29 
375 21 
375 508 
375 28 
375 181 
375 524 
375 171 
375 406 
375 355 
375 183 
375 440 
375 499 
375 77 
376 423 
376 360 
376 16 
376 289 
376 317 
376 322 
376 354 
376 62 
376 384 
376 27 
376 200 
376 83 
376 222 
376 180 
376 182 
376 455 
376 475 
376 86 
376 152 
376 357 
376 110 
376 456 
376 60 
376 432 
376 394 
376 119 
376 199 
376 256 
376 502 
376 497 
376 267 
376 9 
376 506 
376 238 
376 64 
376 409 
376 210 
376 175 
376 463 
376 296 
376 314 
376 396 
376 165 
376 381 
376 104 
376 133 
376 504 
376 276 
376 489 
376 393 
376 420 
376 202 
376 4 
376 522 
376 477 
376 213 
376 429 
376 329 
376 122 
376 50 
376 111 
376 77 
376 191 
376 203 
376 365 
376 272 
376 449 
376 121 
376 350 
376 52 
376 212 
376 415 
376 217 
376 159 
376 206 
376 467 
376 462 
376 37 
376 483 
376 72 
376 390 
376 285 
376 107 
376 499 
376 248 
376 424 
376 264 
376 531 
376 228 
376 270 
376 345 
376 491 
376 263 
376 315 
376 39 
376 412 
376 117 
376 294 
376 331 
376 204 
376 230 
376 282 
376 399 
376 7 
376 115 
376 186 
376 161 
376 33 
376 401 
376 114 
376 461 
376 444 
376 227 
376 302 
376 318 
376 103 
376 168 
376 232 
376 235 
376 459 
376 44 
376 398 
376 465 
376 173 
376 344 
376 450 
376 178 
376 368 
376 397 
376 252 
376 448 
376 386 
376 87 
376 82 
376 79 
376 100 
376 55 
376 67 
376 324 
376 38 
376 108 
376 414 
376 192 
376 153 
376 138 
376 482 
376 403 
376 473 
376 375 
376 312 
376 105 
376 298 
376 525 
376 269 
376 507 
376 57 
376 197 
376 29 
376 436 
376 327 
376 150 
376 84 
376 519 
376 257 
376 31 
376 307 
376 112 
376 135 
376 247 
376 48 
377 16 
377 7 
377 208 
377 335 
377 395 
377 237 
377 449 
377 303 
377 77 
377 476 
377 188 
377 425 
377 149 
377 159 
377 119 
377 290 
377 158 
377 201 
377 21 
377 59 
377 354 
377 406 
377 430 
377 450 
377 200 
377 34 
377 385 
377 241 
377 144 
377 291 
377 519 
377 463 
377 517 
377 286 
377 453 
377 243 
377 175 
377 177 
377 50 
377 392 
377 111 
377 462 
377 12 
377 165 
377 422 
377 333 
377 125 
377 173 
377 38 
377 143 
377 361 
377 204 
377 43 
377 266 
377 326 
377 58 
377 87 
377 350 
377 112 
377 456 
377 423 
377 27 
377 437 
377 273 
377 145 
377 441 
377 401 
377 3 
377 126 
377 293 
377 332 
377 96 
377 379 
377 131 
377 516 
377 268 
377 500 
377 394 
377 508 
377 216 
377 172 
377 85 
377 413 
377 424 
377 322 
377 378 
377 465 
377 69 
377 492 
377 370 
377 522 
377 325 
377 137 
377 117 
377 236 
377 524 
377 317 
377 285 
377 409 
377 28 
377 41 
377 164 
377 277 
377 429 
377 48 
377 258 
377 352 
377 89 
377 443 
377 180 
377 274 
377 6 
377 5 
377 339 
377 61 
377 523 
377 76 
377 24 
377 167 
377 411 
377 153 
377 323 
377 292 
377 448 
377 486 
377 305 
377 152 
377 526 
377 340 
377 238 
377 294 
377 485 
377 14 
377 447 
377 210 
377 68 
377 46 
377 364 
377 211 
377 360 
377 245 
377 421 
377 280 
377 217 
377 9 
377 228 
377 108 
377 71 
377 100 
377 400 
377 275 
377 95 
377 327 
377 477 
377 475 
377 510 
377 40 
377 30 
377 142 
377 503 
377 414 
377 324 
377 83 
377 254 
377 199 
377 140 
377 224 
377 351 
377 39 
377 54 
377 488 
377 341 
377 396 
377 189 
378 113 
378 466 
378 363 
378 59 
378 149 
378 442 
378 188 
378 349 
378 457 
378 352 
378 340 
378 119 
378 60 
378 103 
378 193 
378 464 
378 266 
378 490 
378 497 
378 169 
378 280 
378 123 
378 160 
378 402 
378 194 
378 12 
378 445 
378 223 
378 39 
378 447 
378 426 
378 412 
378 440 
378 346 
378 531 
378 474 
378 66 
378 489 
378 140 
378 40 
378 183 
378 428 
378 219 
378 355 
378 234 
378 63 
378 318 
378 327 
378 477 
378 79 
378 128 
378 264 
378 249 
378 482 
378 51 
378 277 
378 320 
378 281 
378 306 
378 387 
378 528 
378 97 
378 312 
378 395 
378 203 
378 247 
378 458 
378 385 
378 441 
378 22 
378 501 
378 207 
378 526 
378 117 
378 377 
378 142 
378 293 
378 126 
378 284 
378 405 
378 28 
378 406 
378 153 
378 148 
378 411 
378 396 
378 220 
378 15 
378 366 
378 244 
378 351 
378 164 
378 224 
378 453 
378 241 
378 235 
378 471 
378 450 
378 408 
378 374 
378 209 
378 270 
378 200 
378 503 
378 525 
378 252 
378 287 
378 41 
378 124 
378 420 
378 438 
378 105 
378 254 
378 107 
378 175 
378 54 
378 155 
378 337 
378 176 
378 517 
378 13 
378 437 
378 93 
378 512 
378 167 
378 216 
378 81 
378 499 
378 222 
378 399 
378 156 
378 456 
378 400 
378 26 
378 518 
378 161 
378 257 
378 195 
378 38 
378 85 
378 297 
378 328 
378 422 
378 391 
378 269 
378 506 
378 239 
378 296 
378 414 
378 360 
378 462 
378 514 
378 469 
378 125 
378 87 
378 410 
378 480 
378 265 
378 75 
379 3 
379 366 
379 110 
379 227 
379 311 
379 193 
379 514 
379 427 
379 416 
379 443 
379 45 
379 47 
379 8 
379 367 
379 349 
379 448 
379 207 
379 300 
379 190 
379 118 
379 105 
379 275 
379 517 
379 391 
379 356 
379 194 
379 400 
379 154 
379 470 
379 331 
379 240 
379 413 
379 454 
379 321 
379 31 
379 175 
379 229 
379 295 
379 168 
379 92 
379 380 
379 11 
379 401 
379 72 
379 299 
379 342 
379 418 
379 209 
379 153 
379 65 
379 2 
379 7 
379 489 
379 343 
379 449 
379 431 
379 327 
379 114 
379 24 
379 368 
379 200 
379 324 
379 294 
379 246 
379 388 
379 488 
379 466 
379 370 
379 126 
379 326 
379 422 
379 103 
379 377 
379 164 
379 337 
379 201 
379 195 
379 151 
379 189 
379 297 
379 269 
379 386 
379 139 
379 15 
379 216 
379 202 
379 420 
379 336 
379 393 
379 40 
379 159 
379 510 
379 293 
379 184 
379 450 
379 131 
379 182 
379 478 
379 128 
379 44 
379 508 
379 36 
379 432 
379 206 
379 273 
379 292 
379 250 
379 487 
379 353 
379 419 
379 145 
379 255 
379 285 
379 415 
379 94 
379 183 
379 528 
379 333 
379 268 
379 53 
379 490 
379 332 
379 484 
379 272 
379 497 
379 289 
379 513 
379 34 
379 27 
379 125 
379 245 
379 173 
379 350 
379 411 
379 52 
379 364 
379 148 
379 433 
379 199 
379 234 
379 50 
379 511 
379 86 
379 447 
379 222 
379 247 
379 468 
379 210 
379 402 
379 438 
379 62 
379 398 
379 18 
379 445 
379 385 
379 347 
379 233 
379 35 
379 302 
379 187 
379 226 
379 96 
380 50 
380 220 
380 384 
380 366 
380 216 
380 31 
380 79 
380 299 
380 123 
380 319 
380 389 
380 235 
380 130 
380 170 
380 134 
380 281 
380 398 
380 85 
380 109 
380 110 
380 225 
380 467 
380 213 
380 53 
380 77 
380 500 
380 88 
380 117 
380 116 
380 447 
380 339 
380 379 
380 388 
380 315 
380 197 
380 348 
380 127 
380 307 
380 14 
380 182 
380 4 
380 17 
380 138 
380 383 
380 271 
380 249 
380 459 
380 440 
380 497 
380 297 
380 41 
380 173 
380 29 
380 456 
380 258 
380 454 
380 286 
380 142 
380 24 
380 409 
380 342 
380 262 
380 437 
380 411 
380 233 
380 272 
380 368 
380 28 
380 150 
380 396 
380 71 
380 19 
380 26 
380 464 
380 372 
380 20 
380 385 
380 330 
380 427 
380 239 
380 471 
380 531 
380 118 
380 177 
380 190 
380 186 
380 425 
380 232 
380 435 
380 246 
380 94 
380 215 
380 365 
380 278 
380 349 
380 504 
380 203 
380 214 
380 493 
380 395 
380 405 
380 219 
380 133 
380 340 
380 208 
380 450 
380 487 
380 508 
380 7 
380 439 
380 375 
380 121 
380 100 
380 298 
380 132 
380 0 
380 359 
380 153 
380 428 
380 452 
380 13 
380 140 
380 141 
380 304 
380 32 
380 255 
380 402 
380 329 
380 95 
380 67 
380 418 
380 163 
380 413 
380 143 
380 282 
380 113 
380 161 
380 162 
380 530 
380 515 
380 309 
380 275 
380 285 
380 350 
380 16 
380 224 
380 178 
380 512 
380 59 
380 72 
380 443 
380 176 
380 206 
380 84 
380 63 
380 526 
381 48 
381 270 
381 295 
381 265 
381 115 
381 271 
381 398 
381 301 
381 59 
381 415 
381 308 
381 305 
381 267 
381 496 
381 322 
381 477 
381 498 
381 111 
381 120 
381 13 
381 287 
381 507 
381 136 
381 142 
381 146 
381 109 
381 452 
381 283 
381 16 
381 160 
381 1 
381 0 
381 166 
381 102 
381 277 
381 333 
381 443 
381 80 
381 35 
381 213 
381 46 
381 450 
381 405 
381 531 
381 248 
381 64 
381 359 
381 475 
381 3 
381 148 
381 24 
381 155 
381 311 
381 502 
381 8 
381 247 
381 376 
381 371 
381 484 
381 76 
381 21 
381 374 
381 37 
381 324 
381 420 
381 259 
381 353 
381 219 
381 350 
381 5 
381 7 
381 393 
381 266 
381 337 
381 60 
381 223 
381 486 
381 471 
381 489 
381 268 
381 474 
381 360 
381 188 
381 409 
381 138 
381 504 
381 84 
381 137 
381 195 
381 349 
381 525 
381 402 
381 191 
381 194 
381 491 
381 79 
381 469 
381 323 
381 95 
381 156 
381 224 
381 57 
381 126 
381 18 
381 239 
381 66 
381 165 
381 326 
381 281 
381 497 
381 127 
381 151 
381 89 
381 163 
381 174 
381 203 
381 42 
381 81 
381 463 
381 92 
381 320 
381 501 
381 294 
381 210 
381 297 
381 242 
381 467 
381 335 
381 229 
381 508 
381 231 
381 30 
381 325 
381 406 
381 397 
381 63 
381 70 
381 375 
381 430 
381 12 
381 313 
381 527 
381 200 
381 69 
381 344 
381 139 
381 209 
381 480 
381 117 
381 51 
381 315 
381 122 
381 391 
381 384 
381 244 
381 22 
381 103 
381 330 
381 186 
381 104 
381 83 
381 96 
381 82 
381 280 
381 238 
381 490 
382 487 
382 86 
382 93 
382 250 
382 401 
382 459 
382 222 
382 156 
382 462 
382 8 
382 262 
382 454 
382 39 
382 220 
382 419 
382 316 
382 269 
382 97 
382 447 
382 306 
382 239 
382 282 
382 163 
382 357 
382 308 
382 311 
382 328 
382 525 
382 446 
382 18 
382 356 
382 422 
382 229 
382 50 
382 263 
382 436 
382 207 
382 140 
382 373 
382 257 
382 28 
382 445 
382 206 
382 154 
382 488 
382 211 
382 192 
382 52 
382 472 
382 31 
382 13 
382 334 
382 387 
382 73 
382 323 
382 404 
382 138 
382 224 
382 366 
382 505 
382 385 
382 362 
382 302 
382 17 
382 127 
382 20 
382 77 
382 212 
382 190 
382 287 
382 491 
382 341 
382 464 
382 398 
382 235 
382 56 
382 259 
382 339 
382 290 
382 423 
382 272 
382 4 
382 326 
382 26 
382 304 
382 71 
382 508 
382 92 
382 439 
382 315 
382 267 
382 98 
382 443 
382 226 
382 160 
382 417 
382 167 
382 133 
382 221 
382 112 
382 478 
382 466 
382 122 
382 27 
382 395 
382 34 
382 228 
382 87 
382 309 
382 451 
382 189 
382 57 
382 520 
382 61 
382 327 
382 494 
382 441 
382 314 
382 132 
382 413 
382 238 
382 420 
382 115 
382 344 
382 232 
382 72 
382 342 
382 243 
382 254 
382 531 
382 442 
382 199 
382 470 
382 345 
382 53 
382 522 
382 150 
382 528 
382 136 
382 64 
382 352 
383 435 
383 523 
383 138 
383 228 
383 404 
383 431 
383 410 
383 144 
383 391 
383 322 
383 229 
383 117 
383 37 
383 302 
383 335 
383 466 
383 361 
383 36 
383 518 
383 71 
383 498 
383 517 
383 421 
383 387 
383 38 
383 505 
383 7 
383 206 
383 354 
383 43 
383 343 
383 295 
383 236 
383 269 
383 262 
383 102 
383 143 
383 316 
383 192 
383 486 
383 22 
383 183 
383 323 
383 478 
383 341 
383 169 
383 256 
383 70 
383 475 
383 64 
383 46 
383 240 
383 148 
383 266 
383 212 
383 380 
383 176 
383 338 
383 80 
383 61 
383 348 
383 503 
383 30 
383 124 
383 9 
383 437 
383 19 
383 385 
383 60 
383 392 
383 133 
383 273 
383 263 
383 511 
383 72 
383 350 
383 18 
383 151 
383 120 
383 52 
383 398 
383 467 
383 116 
383 326 
383 397 
383 190 
383 304 
383 477 
383 8 
383 500 
383 424 
383 405 
383 159 
383 161 
383 178 
383 373 
383 35 
383 284 
383 20 
383 501 
383 270 
383 226 
383 454 
383 154 
383 390 
383 303 
383 330 
383 47 
383 374 
383 69 
383 129 
383 488 
383 185 
383 328 
383 112 
383 352 
383 342 
383 447 
383 460 
383 283 
383 332 
383 128 
383 214 
383 524 
383 440 
383 260 
383 213 
383 197 
383 246 
383 216 
383 527 
383 42 
383 510 
383 364 
383 288 
383 62 
383 83 
383 465 
383 396 
383 312 
383 194 
383 276 
383 24 
383 522 
383 211 
383 202 
383 327 
383 186 
383 101 
383 55 
383 250 
383 126 
383 289 
383 321 
383 28 
383 34 
383 157 
383 443 
383 91 
383 198 
383 406 
383 531 
383 278 
383 520 
384 451 
384 229 
384 469 
384 252 
384 155 
384 380 
384 201 
384 264 
384 218 
384 405 
384 389 
384 521 
384 528 
384 376 
384 477 
384 296 
384 18 
384 465 
384 215 
384 33 
384 330 
384 375 
384 43 
384 504 
384 259 
384 480 
384 127 
384 401 
384 45 
384 56 
384 236 
384 318 
384 291 
384 206 
384 151 
384 418 
384 339 
384 126 
384 168 
384 518 
384 194 
384 6 
384 306 
384 327 
384 474 
384 500 
384 54 
384 49 
384 2 
384 279 
384 87 
384 166 
384 99 
384 359 
384 66 
384 182 
384 323 
384 175 
384 300 
384 374 
384 205 
384 444 
384 261 
384 184 
384 161 
384 101 
384 505 
384 123 
384 527 
384 460 
384 183 
384 228 
384 136 
384 453 
384 420 
384 255 
384 423 
384 426 
384 160 
384 497 
384 95 
384 114 
384 320 
384 239 
384 70 
384 404 
384 125 
384 106 
384 366 
384 38 
384 442 
384 217 
384 199 
384 112 
384 41 
384 292 
384 440 
384 176 
384 188 
384 446 
384 461 
384 337 
384 409 
384 148 
384 484 
384 61 
384 248 
384 34 
384 117 
384 476 
384 55 
384 253 
384 12 
384 11 
384 118 
384 179 
384 222 
384 60 
384 121 
384 436 
384 392 
384 283 
384 157 
384 345 
384 62 
384 369 
384 93 
384 257 
384 358 
384 522 
384 402 
384 3 
384 352 
384 489 
384 408 
384 416 
384 334 
384 274 
384 96 
384 90 
384 193 
384 458 
384 224 
384 223 
384 496 
384 360 
384 393 
384 397 
384 285 
384 67 
384 519 
384 113 
384 368 
384 302 
384 501 
384 169 
384 370 
384 258 
384 356 
384 434 
384 200 
384 349 
384 381 
384 263 
384 424 
384 387 
385 34 
385 88 
385 115 
385 19 
385 485 
385 401 
385 55 
385 456 
385 425 
385 482 
385 353 
385 173 
385 516 
385 377 
385 44 
385 459 
385 98 
385 320 
385 307 
385 85 
385 467 
385 390 
385 237 
385 368 
385 310 
385 213 
385 497 
385 465 
385 504 
385 52 
385 39 
385 373 
385 226 
385 40 
385 303 
385 285 
385 439 
385 470 
385 323 
385 222 
385 139 
385 394 
385 28 
385 414 
385 278 
385 451 
385 4 
385 227 
385 478 
385 484 
385 396 
385 105 
385 333 
385 267 
385 452 
385 43 
385 23 
385 397 
385 358 
385 166 
385 208 
385 290 
385 382 
385 82 
385 187 
385 386 
385 500 
385 444 
385 399 
385 383 
385 423 
385 124 
385 109 
385 378 
385 311 
385 63 
385 147 
385 488 
385 140 
385 170 
385 498 
385 406 
385 135 
385 429 
385 183 
385 455 
385 380 
385 245 
385 280 
385 520 
385 234 
385 117 
385 274 
385 87 
385 471 
385 218 
385 13 
385 525 
385 121 
385 168 
385 474 
385 531 
385 112 
385 0 
385 120 
385 180 
385 343 
385 270 
385 201 
385 80 
385 313 
385 528 
385 400 
385 437 
385 33 
385 331 
385 391 
385 248 
385 67 
385 374 
385 150 
385 505 
385 56 
385 24 
385 344 
385 252 
385 2 
385 74 
385 417 
385 152 
385 398 
385 450 
385 322 
385 238 
385 415 
385 161 
385 339 
385 379 
385 42 
385 404 
385 341 
385 79 
385 266 
385 501 
385 17 
385 272 
385 293 
385 334 
386 241 
386 109 
386 12 
386 515 
386 17 
386 268 
386 399 
386 453 
386 163 
386 405 
386 130 
386 123 
386 154 
386 137 
386 265 
386 274 
386 302 
386 46 
386 314 
386 365 
386 94 
386 227 
386 5 
386 53 
386 48 
386 292 
386 175 
386 51 
386 167 
386 527 
386 394 
386 348 
386 195 
386 90 
386 35 
386 80 
386 343 
386 288 
386 486 
386 157 
386 114 
386 523 
386 143 
386 436 
386 254 
386 404 
386 437 
386 354 
386 484 
386 332 
386 472 
386 216 
386 477 
386 463 
386 270 
386 211 
386 385 
386 169 
386 379 
386 447 
386 4 
386 431 
386 396 
386 351 
386 255 
386 374 
386 282 
386 269 
386 150 
386 127 
386 421 
386 522 
386 151 
386 217 
386 77 
386 37 
386 460 
386 39 
386 360 
386 181 
386 411 
386 261 
386 139 
386 526 
386 438 
386 134 
386 141 
386 162 
386 413 
386 198 
386 323 
386 223 
386 430 
386 95 
386 334 
386 235 
386 455 
386 99 
386 230 
386 376 
386 156 
386 285 
386 388 
386 525 
386 422 
386 240 
386 390 
386 494 
386 356 
386 420 
386 501 
386 57 
386 188 
386 337 
386 476 
386 232 
386 401 
386 180 
386 342 
386 239 
386 105 
386 199 
386 362 
386 409 
386 116 
386 284 
386 196 
386 146 
386 131 
386 466 
386 298 
386 222 
386 62 
386 519 
386 97 
386 406 
386 259 
386 258 
386 132 
386 144 
386 319 
386 135 
386 490 
386 417 
386 87 
386 504 
386 352 
386 43 
386 1 
386 393 
386 189 
387 138 
387 425 
387 395 
387 422 
387 176 
387 389 
387 478 
387 451 
387 403 
387 286 
387 127 
387 326 
387 63 
387 434 
387 356 
387 269 
387 44 
387 347 
387 64 
387 211 
387 439 
387 129 
387 300 
387 230 
387 20 
387 160 
387 78 
387 388 
387 267 
387 210 
387 443 
387 302 
387 132 
387 200 
387 195 
387 483 
387 423 
387 17 
387 383 
387 41 
387 217 
387 197 
387 264 
387 374 
387 355 
387 16 
387 278 
387 474 
387 484 
387 220 
387 328 
387 445 
387 368 
387 233 
387 46 
387 186 
387 229 
387 70 
387 331 
387 382 
387 43 
387 0 
387 391 
387 354 
387 49 
387 378 
387 93 
387 353 
387 327 
387 492 
387 71 
387 462 
387 321 
387 191 
387 392 
387 482 
387 243 
387 486 
387 12 
387 471 
387 236 
387 19 
387 125 
387 367 
387 323 
387 293 
387 412 
387 39 
387 438 
387 82 
387 26 
387 510 
387 109 
387 244 
387 295 
387 51 
387 97 
387 332 
387 227 
387 123 
387 527 
387 10 
387 2 
387 301 
387 245 
387 28 
387 283 
387 496 
387 485 
387 159 
387 168 
387 518 
387 495 
387 108 
387 86 
387 155 
387 164 
387 11 
387 308 
387 334 
387 475 
387 60 
387 265 
387 172 
387 279 
387 249 
387 399 
387 99 
387 458 
387 467 
387 193 
387 114 
387 531 
387 136 
387 53 
387 203 
387 190 
387 182 
387 530 
387 171 
387 115 
387 226 
387 370 
387 107 
387 440 
387 428 
387 184 
387 344 
387 341 
387 491 
387 466 
387 223 
387 282 
387 149 
387 235 
387 119 
387 384 
388 517 
388 218 
388 492 
388 25 
388 443 
388 80 
388 91 
388 53 
388 110 
388 21 
388 469 
388 361 
388 22 
388 73 
388 290 
388 298 
388 225 
388 295 
388 264 
388 387 
388 102 
388 38 
388 89 
388 333 
388 249 
388 450 
388 82 
388 380 
388 227 
388 127 
388 196 
388 375 
388 453 
388 117 
388 467 
388 305 
388 520 
388 508 
388 59 
388 76 
388 19 
388 29 
388 125 
388 446 
388 357 
388 379 
388 519 
388 280 
388 393 
388 371 
388 105 
388 316 
388 140 
388 289 
388 60 
388 262 
388 197 
388 497 
388 396 
388 529 
388 221 
388 431 
388 67 
388 172 
388 482 
388 106 
388 2 
388 268 
388 474 
388 480 
388 182 
388 294 
388 77 
388 339 
388 347 
388 10 
388 299 
388 315 
388 334 
388 78 
388 282 
388 296 
388 214 
388 326 
388 54 
388 18 
388 189 
388 92 
388 124 
388 330 
388 458 
388 495 
388 392 
388 192 
388 176 
388 429 
388 343 
388 449 
388 37 
388 285 
388 317 
388 267 
388 217 
388 512 
388 96 
388 7 
388 389 
388 293 
388 386 
388 509 
388 402 
388 42 
388 428 
388 223 
388 128 
388 344 
388 179 
388 434 
388 510 
388 413 
388 147 
388 71 
388 488 
388 325 
388 276 
388 190 
388 161 
388 250 
388 473 
388 309 
388 451 
388 291 
388 278 
388 186 
388 335 
388 90 
388 368 
388 87 
388 352 
388 224 
388 503 
388 273 
388 143 
388 85 
388 141 
388 100 
388 16 
388 47 
388 24 
388 204 
388 436 
388 98 
388 123 
388 170 
388 398 
388 403 
388 419 
388 356 
388 65 
388 136 
388 66 
389 153 
389 48 
389 22 
389 110 
389 304 
389 140 
389 62 
389 414 
389 89 
389 387 
389 442 
389 384 
389 334 
389 97 
389 26 
389 338 
389 380 
389 431 
389 370 
389 164 
389 394 
389 400 
389 177 
389 0 
389 463 
389 143 
389 520 
389 92 
389 340 
389 507 
389 423 
389 240 
389 118 
389 98 
389 13 
389 471 
389 256 
389 303 
389 91 
389 267 
389 12 
389 453 
389 430 
389 248 
389 324 
389 337 
389 130 
389 6 
389 198 
389 44 
389 519 
389 194 
389 307 
389 43 
389 226 
389 233 
389 111 
389 213 
389 187 
389 299 
389 2 
389 1 
389 419 
389 169 
389 456 
389 263 
389 182 
389 319 
389 222 
389 448 
389 173 
389 38 
389 488 
389 23 
389 429 
389 298 
389 270 
389 482 
389 455 
389 416 
389 323 
389 158 
389 486 
389 185 
389 399 
389 472 
389 179 
389 288 
389 418 
389 227 
389 408 
389 275 
389 467 
389 264 
389 328 
389 205 
389 123 
389 137 
389 498 
389 278 
389 124 
389 109 
389 469 
389 522 
389 201 
389 189 
389 237 
389 90 
389 58 
389 17 
389 133 
389 79 
389 216 
389 72 
389 388 
389 88 
389 21 
389 420 
389 176 
389 330 
389 9 
389 78 
389 210 
389 454 
389 246 
389 417 
389 152 
389 310 
389 145 
389 502 
389 531 
389 193 
389 20 
389 199 
389 446 
389 331 
389 217 
389 52 
389 224 
389 397 
389 447 
389 261 
389 223 
389 108 
389 156 
389 367 
389 347 
389 339 
389 53 
389 285 
389 364 
389 87 
389 401 
389 232 
389 398 
389 239 
389 432 
389 329 
389 195 
390 527 
390 171 
390 415 
390 308 
390 9 
390 207 
390 53 
390 273 
390 528 
390 310 
390 522 
390 347 
390 161 
390 149 
390 169 
390 479 
390 221 
390 493 
390 477 
390 385 
390 143 
390 179 
390 366 
390 253 
390 274 
390 34 
390 54 
390 173 
390 503 
390 123 
390 362 
390 350 
390 489 
390 232 
390 227 
390 24 
390 177 
390 197 
390 6 
390 11 
390 162 
390 167 
390 10 
390 266 
390 400 
390 80 
390 342 
390 516 
390 32 
390 166 
390 0 
390 338 
390 264 
390 433 
390 66 
390 290 
390 109 
390 501 
390 191 
390 145 
390 490 
390 398 
390 119 
390 196 
390 344 
390 345 
390 458 
390 159 
390 69 
390 190 
390 422 
390 82 
390 239 
390 257 
390 483 
390 277 
390 68 
390 460 
390 357 
390 488 
390 410 
390 263 
390 465 
390 376 
390 340 
390 37 
390 27 
390 368 
390 298 
390 464 
390 373 
390 86 
390 107 
390 297 
390 35 
390 122 
390 63 
390 336 
390 293 
390 89 
390 181 
390 375 
390 406 
390 383 
390 341 
390 44 
390 2 
390 186 
390 291 
390 432 
390 332 
390 481 
390 401 
390 453 
390 244 
390 100 
390 3 
390 405 
390 25 
390 70 
390 129 
390 447 
390 446 
390 57 
390 427 
390 51 
390 50 
390 358 
390 372 
390 13 
390 206 
390 280 
390 386 
390 468 
390 8 
390 425 
390 403 
390 330 
390 81 
390 187 
390 141 
390 125 
390 270 
390 449 
390 510 
390 472 
390 139 
390 78 
390 22 
390 444 
390 136 
390 508 
390 224 
390 150 
390 474 
390 36 
390 504 
390 38 
390 360 
390 46 
390 168 
390 218 
390 352 
390 216 
390 521 
390 85 
391 279 
391 464 
391 311 
391 266 
391 429 
391 93 
391 363 
391 477 
391 232 
391 220 
391 383 
391 317 
391 27 
391 521 
391 44 
391 128 
391 228 
391 492 
391 504 
391 489 
391 92 
391 239 
391 95 
391 235 
391 89 
391 431 
391 70 
391 261 
391 436 
391 379 
391 148 
391 330 
391 258 
391 457 
391 427 
391 484 
391 435 
391 345 
391 396 
391 470 
391 361 
391 354 
391 4 
391 12 
391 84 
391 449 
391 22 
391 76 
391 85 
391 257 
391 424 
391 105 
391 343 
391 24 
391 375 
391 276 
391 206 
391 387 
391 147 
391 333 
391 517 
391 136 
391 202 
391 519 
391 530 
391 219 
391 289 
391 186 
391 299 
391 245 
391 41 
391 281 
391 322 
391 196 
391 9 
391 236 
391 475 
391 207 
391 268 
391 8 
391 262 
391 31 
391 212 
391 444 
391 259 
391 370 
391 413 
391 458 
391 265 
391 487 
391 452 
391 242 
391 455 
391 505 
391 422 
391 410 
391 285 
391 189 
391 346 
391 527 
391 443 
391 162 
391 399 
391 125 
391 161 
391 98 
391 53 
391 497 
391 291 
391 405 
391 474 
391 108 
391 231 
391 288 
391 16 
391 141 
391 428 
391 264 
391 369 
391 14 
391 79 
391 432 
391 302 
391 248 
391 10 
391 290 
391 511 
391 282 
391 385 
391 58 
391 139 
391 103 
391 205 
391 371 
391 507 
391 1 
391 32 
391 300 
391 246 
391 26 
391 425 
391 72 
391 378 
391 456 
391 255 
391 451 
391 367 
391 335 
391 315 
391 131 
391 229 
391 3 
391 222 
391 381 
391 417 
391 230 
391 318 
391 274 
392 69 
392 100 
392 271 
392 253 
392 428 
392 181 
392 394 
392 453 
392 398 
392 206 
392 205 
392 66 
392 318 
392 125 
392 419 
392 146 
392 117 
392 321 
392 326 
392 418 
392 249 
392 362 
392 226 
392 377 
392 363 
392 144 
392 87 
392 512 
392 531 
392 210 
392 504 
392 410 
392 506 
392 300 
392 280 
392 467 
392 200 
392 465 
392 138 
392 361 
392 162 
392 2 
392 304 
392 56 
392 443 
392 375 
392 510 
392 172 
392 41 
392 456 
392 110 
392 319 
392 91 
392 46 
392 62 
392 393 
392 42 
392 387 
392 383 
392 208 
392 196 
392 500 
392 155 
392 341 
392 252 
392 406 
392 420 
392 451 
392 135 
392 439 
392 242 
392 241 
392 409 
392 324 
392 75 
392 227 
392 239 
392 256 
392 44 
392 402 
392 197 
392 519 
392 353 
392 479 
392 373 
392 442 
392 462 
392 352 
392 388 
392 345 
392 28 
392 74 
392 72 
392 369 
392 76 
392 235 
392 445 
392 285 
392 23 
392 175 
392 224 
392 298 
392 170 
392 487 
392 301 
392 84 
392 314 
392 497 
392 431 
392 176 
392 127 
392 288 
392 503 
392 384 
392 5 
392 492 
392 513 
392 334 
392 25 
392 237 
392 372 
392 496 
392 50 
392 529 
392 102 
392 202 
392 106 
392 423 
392 444 
392 9 
392 6 
392 118 
392 218 
392 461 
392 289 
392 279 
392 342 
392 109 
392 246 
392 114 
392 17 
392 215 
392 128 
392 195 
392 474 
392 371 
392 34 
392 309 
392 203 
392 455 
392 457 
392 275 
392 313 
392 476 
392 179 
392 116 
392 403 
392 129 
392 482 
392 132 
392 330 
392 440 
392 405 
392 22 
393 109 
393 371 
393 128 
393 342 
393 183 
393 429 
393 15 
393 16 
393 306 
393 424 
393 20 
393 135 
393 126 
393 222 
393 52 
393 168 
393 91 
393 416 
393 253 
393 404 
393 328 
393 293 
393 70 
393 47 
393 227 
393 315 
393 110 
393 347 
393 527 
393 0 
393 428 
393 358 
393 483 
393 213 
393 98 
393 294 
393 231 
393 233 
393 366 
393 508 
393 12 
393 290 
393 148 
393 351 
393 107 
393 526 
393 376 
393 469 
393 269 
393 398 
393 388 
393 234 
393 362 
393 282 
393 250 
393 129 
393 142 
393 392 
393 381 
393 522 
393 273 
393 447 
393 174 
393 243 
393 23 
393 417 
393 379 
393 482 
393 309 
393 408 
393 221 
393 348 
393 337 
393 374 
393 75 
393 445 
393 146 
393 251 
393 137 
393 400 
393 120 
393 125 
393 476 
393 193 
393 504 
393 246 
393 50 
393 473 
393 360 
393 333 
393 90 
393 76 
393 198 
393 301 
393 104 
393 130 
393 228 
393 438 
393 296 
393 401 
393 343 
393 319 
393 529 
393 14 
393 427 
393 149 
393 86 
393 410 
393 466 
393 53 
393 448 
393 224 
393 413 
393 289 
393 346 
393 506 
393 457 
393 261 
393 206 
393 492 
393 8 
393 338 
393 42 
393 500 
393 384 
393 264 
393 266 
393 494 
393 486 
393 186 
393 81 
393 140 
393 323 
393 302 
393 430 
393 461 
393 297 
393 499 
393 7 
393 326 
393 44 
393 117 
393 386 
394 443 
394 280 
394 468 
394 27 
394 145 
394 14 
394 392 
394 109 
394 323 
394 262 
394 199 
394 487 
394 106 
394 490 
394 214 
394 389 
394 209 
394 67 
394 304 
394 222 
394 376 
394 195 
394 450 
394 138 
394 0 
394 152 
394 333 
394 146 
394 28 
394 495 
394 112 
394 470 
394 88 
394 15 
394 13 
394 464 
394 425 
394 397 
394 207 
394 386 
394 396 
394 457 
394 348 
394 507 
394 227 
394 385 
394 264 
394 481 
394 208 
394 90 
394 412 
394 87 
394 467 
394 422 
394 92 
394 329 
394 324 
394 462 
394 284 
394 148 
394 303 
394 430 
394 321 
394 339 
394 46 
394 377 
394 129 
394 484 
394 61 
394 115 
394 11 
394 363 
394 132 
394 33 
394 119 
394 125 
394 247 
394 527 
394 23 
394 373 
394 177 
394 511 
394 155 
394 276 
394 190 
394 418 
394 438 
394 400 
394 465 
394 97 
394 516 
394 340 
394 236 
394 460 
394 528 
394 499 
394 44 
394 94 
394 273 
394 508 
394 437 
394 260 
394 423 
394 1 
394 403 
394 419 
394 275 
394 270 
394 157 
394 510 
394 521 
394 475 
394 449 
394 229 
394 205 
394 307 
394 6 
394 26 
394 69 
394 421 
394 50 
394 492 
394 398 
394 445 
394 429 
394 62 
394 374 
394 518 
394 240 
394 243 
394 218 
394 342 
394 108 
394 193 
394 322 
394 246 
394 52 
394 77 
394 293 
394 233 
394 472 
394 8 
394 288 
394 351 
394 252 
394 411 
394 48 
394 469 
394 413 
395 357 
395 164 
395 485 
395 401 
395 524 
395 377 
395 387 
395 363 
395 405 
395 60 
395 276 
395 337 
395 267 
395 307 
395 313 
395 334 
395 317 
395 416 
395 447 
395 82 
395 4 
395 297 
395 273 
395 293 
395 499 
395 84 
395 422 
395 218 
395 250 
395 366 
395 243 
395 355 
395 177 
395 181 
395 102 
395 185 
395 445 
395 14 
395 238 
395 473 
395 345 
395 219 
395 477 
395 436 
395 482 
395 108 
395 284 
395 494 
395 44 
395 175 
395 234 
395 332 
395 439 
395 47 
395 338 
395 237 
395 270 
395 498 
395 497 
395 294 
395 505 
395 274 
395 269 
395 330 
395 122 
395 115 
395 378 
395 159 
395 131 
395 466 
395 418 
395 125 
395 208 
395 272 
395 15 
395 428 
395 328 
395 412 
395 8 
395 188 
395 359 
395 253 
395 166 
395 351 
395 95 
395 93 
395 65 
395 254 
395 470 
395 69 
395 423 
395 268 
395 368 
395 236 
395 525 
395 7 
395 382 
395 380 
395 296 
395 30 
395 364 
395 98 
395 409 
395 106 
395 209 
395 463 
395 435 
395 39 
395 421 
395 50 
395 132 
395 157 
395 262 
395 278 
395 506 
395 89 
395 426 
395 100 
395 260 
395 487 
395 526 
395 22 
395 119 
395 169 
395 319 
395 36 
395 290 
395 492 
395 321 
395 25 
395 425 
395 147 
395 81 
395 471 
395 152 
395 80 
395 501 
395 491 
395 504 
395 161 
395 231 
395 55 
395 149 
395 370 
395 110 
395 2 
395 298 
395 265 
395 441 
396 29 
396 320 
396 61 
396 489 
396 491 
396 86 
396 465 
396 51 
396 443 
396 346 
396 517 
396 494 
396 450 
396 0 
396 49 
396 410 
396 45 
396 196 
396 83 
396 152 
396 38 
396 89 
396 301 
396 362 
396 257 
396 439 
396 206 
396 266 
396 391 
396 218 
396 234 
396 447 
396 276 
396 245 
396 195 
396 212 
396 151 
396 284 
396 334 
396 394 
396 329 
396 46 
396 205 
396 376 
396 295 
396 335 
396 416 
396 198 
396 333 
396 496 
396 186 
396 452 
396 385 
396 2 
396 241 
396 422 
396 222 
396 437 
396 327 
396 523 
396 92 
396 41 
396 78 
396 294 
396 182 
396 512 
396 201 
396 119 
396 388 
396 154 
396 399 
396 386 
396 267 
396 492 
396 300 
396 121 
396 380 
396 367 
396 252 
396 144 
396 109 
396 461 
396 397 
396 506 
396 176 
396 378 
396 42 
396 208 
396 337 
396 10 
396 98 
396 445 
396 156 
396 467 
396 302 
396 164 
396 482 
396 149 
396 473 
396 449 
396 82 
396 522 
396 313 
396 7 
396 518 
396 100 
396 219 
396 32 
396 20 
396 507 
396 525 
396 62 
396 459 
396 256 
396 134 
396 468 
396 433 
396 133 
396 183 
396 56 
396 499 
396 428 
396 436 
396 17 
396 299 
396 24 
396 25 
396 286 
396 383 
396 324 
396 306 
396 398 
396 495 
396 527 
396 63 
396 455 
396 352 
396 250 
396 457 
396 349 
396 221 
396 140 
396 112 
396 497 
396 110 
396 332 
396 72 
396 103 
396 146 
396 309 
396 220 
396 406 
396 228 
396 414 
396 377 
396 318 
396 419 
397 172 
397 232 
397 446 
397 212 
397 126 
397 213 
397 327 
397 156 
397 47 
397 178 
397 177 
397 356 
397 60 
397 237 
397 220 
397 179 
397 210 
397 414 
397 7 
397 141 
397 419 
397 363 
397 196 
397 431 
397 15 
397 273 
397 355 
397 31 
397 320 
397 209 
397 407 
397 426 
397 394 
397 164 
397 155 
397 530 
397 103 
397 234 
397 211 
397 470 
397 118 
397 217 
397 269 
397 32 
397 50 
397 154 
397 131 
397 427 
397 13 
397 146 
397 165 
397 53 
397 64 
397 180 
397 315 
397 492 
397 40 
397 150 
397 435 
397 385 
397 27 
397 153 
397 226 
397 10 
397 176 
397 331 
397 400 
397 300 
397 4 
397 67 
397 371 
397 133 
397 281 
397 399 
397 494 
397 190 
397 66 
397 77 
397 321 
397 383 
397 403 
397 413 
397 396 
397 30 
397 17 
397 317 
397 459 
397 326 
397 360 
397 79 
397 519 
397 55 
397 46 
397 330 
397 429 
397 421 
397 110 
397 192 
397 450 
397 219 
397 318 
397 267 
397 258 
397 139 
397 517 
397 246 
397 442 
397 274 
397 275 
397 271 
397 204 
397 408 
397 295 
397 345 
397 376 
397 223 
397 187 
397 305 
397 11 
397 349 
397 493 
397 62 
397 365 
397 485 
397 381 
397 252 
397 417 
397 3 
397 28 
397 438 
397 454 
397 21 
397 389 
397 333 
397 464 
397 203 
397 384 
397 500 
397 132 
397 472 
397 99 
397 502 
397 358 
397 163 
397 526 
397 324 
397 161 
397 308 
397 359 
397 292 
397 207 
397 496 
397 170 
397 422 
397 265 
397 348 
397 513 
398 399 
398 408 
398 381 
398 10 
398 426 
398 513 
398 288 
398 96 
398 459 
398 33 
398 392 
398 425 
398 94 
398 23 
398 380 
398 466 
398 369 
398 414 
398 59 
398 46 
398 431 
398 133 
398 37 
398 118 
398 255 
398 430 
398 494 
398 334 
398 239 
398 185 
398 238 
398 21 
398 301 
398 217 
398 438 
398 17 
398 172 
398 502 
398 42 
398 528 
398 436 
398 107 
398 356 
398 60 
398 358 
398 472 
398 267 
398 36 
398 138 
398 106 
398 476 
398 170 
398 440 
398 400 
398 56 
398 393 
398 0 
398 253 
398 423 
398 417 
398 336 
398 509 
398 220 
398 328 
398 343 
398 390 
398 481 
398 88 
398 82 
398 29 
398 505 
398 303 
398 480 
398 192 
398 75 
398 155 
398 248 
398 146 
398 383 
398 382 
398 269 
398 424 
398 368 
398 455 
398 216 
398 132 
398 214 
398 299 
398 276 
398 296 
398 504 
398 470 
398 113 
398 278 
398 448 
398 31 
398 374 
398 28 
398 321 
398 322 
398 121 
398 191 
398 62 
398 186 
398 245 
398 163 
398 230 
398 263 
398 105 
398 79 
398 305 
398 134 
398 12 
398 376 
398 110 
398 454 
398 283 
398 161 
398 412 
398 526 
398 177 
398 497 
398 437 
398 347 
398 394 
398 292 
398 8 
398 350 
398 141 
398 98 
398 396 
398 483 
398 128 
398 159 
398 290 
398 406 
398 180 
398 206 
398 66 
398 457 
398 385 
398 486 
398 379 
398 247 
398 498 
398 293 
398 16 
398 69 
398 203 
398 93 
398 342 
398 202 
398 298 
398 365 
398 420 
398 388 
398 366 
398 450 
398 30 
398 256 
398 389 
398 280 
398 421 
399 398 
399 330 
399 91 
399 406 
399 340 
399 200 
399 414 
399 407 
399 112 
399 386 
399 34 
399 334 
399 471 
399 192 
399 486 
399 132 
399 123 
399 25 
399 169 
399 102 
399 130 
399 489 
399 343 
399 290 
399 75 
399 98 
399 328 
399 460 
399 488 
399 470 
399 7 
399 217 
399 110 
399 237 
399 148 
399 525 
399 415 
399 188 
399 361 
399 446 
399 214 
399 197 
399 136 
399 425 
399 137 
399 367 
399 251 
399 220 
399 80 
399 3 
399 12 
399 240 
399 310 
399 10 
399 454 
399 298 
399 249 
399 129 
399 174 
399 82 
399 385 
399 402 
399 517 
399 70 
399 356 
399 396 
399 443 
399 5 
399 365 
399 336 
399 20 
399 397 
399 15 
399 227 
399 288 
399 248 
399 36 
399 88 
399 476 
399 66 
399 145 
399 389 
399 168 
399 231 
399 47 
399 346 
399 299 
399 155 
399 159 
399 435 
399 194 
399 99 
399 252 
399 178 
399 376 
399 449 
399 152 
399 104 
399 440 
399 391 
399 19 
399 333 
399 133 
399 189 
399 81 
399 428 
399 242 
399 281 
399 272 
399 362 
399 179 
399 363 
399 447 
399 29 
399 506 
399 291 
399 157 
399 325 
399 348 
399 259 
399 411 
399 321 
399 322 
399 387 
399 289 
399 177 
399 378 
399 198 
399 433 
399 257 
399 78 
399 309 
399 317 
399 210 
399 199 
399 304 
399 119 
399 423 
399 524 
399 353 
399 60 
399 275 
399 73 
399 205 
399 209 
399 286 
399 59 
399 262 
399 319 
399 432 
399 48 
399 292 
399 305 
399 479 
399 2 
399 458 
399 419 
399 31 
399 331 
399 368 
400 180 
400 67 
400 304 
400 80 
400 443 
400 432 
400 101 
400 427 
400 93 
400 242 
400 71 
400 277 
400 449 
400 102 
400 494 
400 438 
400 330 
400 446 
400 146 
400 487 
400 389 
400 216 
400 444 
400 217 
400 379 
400 435 
400 236 
400 97 
400 373 
400 141 
400 29 
400 62 
400 335 
400 458 
400 269 
400 206 
400 424 
400 294 
400 488 
400 115 
400 259 
400 96 
400 228 
400 356 
400 244 
400 390 
400 95 
400 229 
400 398 
400 462 
400 85 
400 345 
400 183 
400 327 
400 215 
400 274 
400 333 
400 233 
400 40 
400 397 
400 82 
400 248 
400 99 
400 185 
400 499 
400 109 
400 513 
400 368 
400 352 
400 358 
400 0 
400 310 
400 176 
400 174 
400 26 
400 482 
400 125 
400 1 
400 500 
400 9 
400 83 
400 132 
400 261 
400 328 
400 151 
400 23 
400 161 
400 278 
400 197 
400 129 
400 120 
400 416 
400 86 
400 393 
400 240 
400 209 
400 405 
400 224 
400 167 
400 509 
400 7 
400 491 
400 126 
400 394 
400 45 
400 329 
400 162 
400 188 
400 459 
400 142 
400 364 
400 442 
400 76 
400 420 
400 262 
400 100 
400 88 
400 375 
400 260 
400 342 
400 520 
400 531 
400 406 
400 365 
400 121 
400 208 
400 371 
400 175 
400 89 
400 501 
400 426 
400 90 
400 385 
400 18 
400 214 
400 522 
400 347 
400 309 
400 257 
400 516 
400 477 
400 128 
400 497 
400 138 
400 135 
400 103 
400 222 
400 378 
400 163 
400 377 
400 425 
400 16 
400 353 
400 157 
400 66 
400 117 
400 315 
400 401 
400 36 
400 467 
400 349 
400 360 
400 475 
400 268 
400 123 
400 210 
400 147 
400 285 
400 317 
400 322 
400 58 
400 455 
400 253 
400 98 
400 46 
400 474 
400 177 
400 21 
400 8 
400 107 
401 371 
401 90 
401 170 
401 395 
401 437 
401 453 
401 385 
401 382 
401 231 
401 485 
401 366 
401 244 
401 206 
401 32 
401 362 
401 517 
401 23 
401 421 
401 316 
401 477 
401 201 
401 404 
401 143 
401 480 
401 384 
401 61 
401 3 
401 115 
401 300 
401 208 
401 338 
401 327 
401 365 
401 451 
401 63 
401 511 
401 268 
401 379 
401 190 
401 324 
401 403 
401 148 
401 405 
401 220 
401 326 
401 364 
401 139 
401 293 
401 83 
401 343 
401 97 
401 28 
401 377 
401 503 
401 342 
401 420 
401 510 
401 337 
401 286 
401 233 
401 434 
401 441 
401 62 
401 460 
401 354 
401 108 
401 46 
401 69 
401 256 
401 192 
401 53 
401 446 
401 68 
401 189 
401 321 
401 435 
401 481 
401 409 
401 81 
401 278 
401 161 
401 87 
401 291 
401 2 
401 267 
401 449 
401 183 
401 522 
401 117 
401 199 
401 347 
401 15 
401 251 
401 141 
401 519 
401 498 
401 418 
401 88 
401 181 
401 306 
401 196 
401 209 
401 72 
401 331 
401 416 
401 483 
401 376 
401 436 
401 218 
401 100 
401 261 
401 390 
401 277 
401 213 
401 60 
401 51 
401 393 
401 459 
401 287 
401 430 
401 150 
401 152 
401 50 
401 473 
401 308 
401 229 
401 195 
401 507 
401 159 
401 212 
401 20 
401 353 
401 210 
401 355 
401 59 
401 67 
401 520 
401 406 
401 247 
401 386 
401 332 
401 114 
401 330 
401 357 
401 469 
401 158 
401 368 
401 91 
401 400 
401 243 
401 202 
401 455 
401 493 
401 375 
401 180 
401 443 
401 304 
401 411 
401 389 
401 429 
401 163 
402 447 
402 304 
402 282 
402 107 
402 405 
402 19 
402 95 
402 31 
402 483 
402 503 
402 406 
402 280 
402 461 
402 137 
402 61 
402 5 
402 69 
402 504 
402 32 
402 270 
402 442 
402 161 
402 180 
402 126 
402 458 
402 444 
402 513 
402 116 
402 463 
402 378 
402 360 
402 85 
402 356 
402 351 
402 441 
402 473 
402 235 
402 205 
402 476 
402 422 
402 411 
402 158 
402 460 
402 209 
402 424 
402 194 
402 347 
402 84 
402 413 
402 430 
402 149 
402 203 
402 477 
402 130 
402 514 
402 479 
402 245 
402 339 
402 182 
402 6 
402 223 
402 399 
402 410 
402 78 
402 15 
402 322 
402 22 
402 326 
402 518 
402 163 
402 268 
402 332 
402 217 
402 493 
402 0 
402 58 
402 491 
402 381 
402 123 
402 530 
402 54 
402 92 
402 305 
402 141 
402 153 
402 357 
402 407 
402 495 
402 342 
402 125 
402 456 
402 392 
402 249 
402 527 
402 1 
402 302 
402 12 
402 64 
402 237 
402 162 
402 65 
402 319 
402 49 
402 433 
402 323 
402 93 
402 459 
402 178 
402 316 
402 165 
402 80 
402 7 
402 50 
402 366 
402 388 
402 77 
402 370 
402 251 
402 239 
402 333 
402 226 
402 515 
402 68 
402 18 
402 74 
402 414 
402 37 
402 480 
402 284 
402 246 
402 242 
402 212 
402 380 
402 9 
402 384 
402 102 
402 499 
402 108 
402 171 
402 134 
402 273 
402 110 
402 86 
402 240 
402 29 
402 207 
402 367 
402 516 
402 502 
402 72 
402 306 
402 379 
402 90 
402 238 
402 142 
402 500 
402 432 
402 439 
402 127 
402 299 
402 285 
402 507 
402 520 
402 334 
402 79 
402 173 
402 187 
403 122 
403 226 
403 246 
403 151 
403 299 
403 447 
403 142 
403 310 
403 154 
403 308 
403 387 
403 112 
403 95 
403 225 
403 259 
403 420 
403 509 
403 179 
403 0 
403 235 
403 53 
403 366 
403 44 
403 108 
403 475 
403 133 
403 111 
403 23 
403 147 
403 54 
403 131 
403 201 
403 18 
403 163 
403 65 
403 496 
403 467 
403 442 
403 332 
403 114 
403 521 
403 401 
403 20 
403 157 
403 79 
403 264 
403 371 
403 478 
403 110 
403 83 
403 118 
403 244 
403 148 
403 197 
403 269 
403 375 
403 211 
403 266 
403 227 
403 416 
403 502 
403 407 
403 135 
403 504 
403 486 
403 368 
403 342 
403 423 
403 430 
403 415 
403 508 
403 456 
403 166 
403 285 
403 213 
403 436 
403 448 
403 519 
403 282 
403 397 
403 221 
403 193 
403 468 
403 279 
403 294 
403 245 
403 238 
403 252 
403 298 
403 19 
403 333 
403 86 
403 152 
403 514 
403 85 
403 408 
403 171 
403 280 
403 6 
403 159 
403 194 
403 354 
403 317 
403 74 
403 304 
403 199 
403 101 
403 137 
403 460 
403 320 
403 29 
403 289 
403 491 
403 69 
403 443 
403 394 
403 362 
403 209 
403 328 
403 172 
403 170 
403 390 
403 329 
403 100 
403 435 
403 175 
403 12 
403 231 
403 52 
403 195 
403 367 
403 57 
403 376 
403 369 
403 440 
403 480 
403 485 
403 34 
403 358 
403 500 
403 106 
403 464 
403 410 
403 186 
403 174 
403 161 
403 55 
403 123 
403 388 
403 392 
404 100 
404 238 
404 339 
404 494 
404 202 
404 257 
404 383 
404 487 
404 269 
404 65 
404 32 
404 64 
404 437 
404 304 
404 158 
404 288 
404 167 
404 46 
404 214 
404 225 
404 266 
404 320 
404 313 
404 111 
404 460 
404 83 
404 401 
404 245 
404 393 
404 222 
404 103 
404 117 
404 450 
404 321 
404 340 
404 366 
404 457 
404 17 
404 102 
404 415 
404 132 
404 193 
404 146 
404 293 
404 344 
404 135 
404 232 
404 434 
404 299 
404 374 
404 438 
404 272 
404 382 
404 262 
404 386 
404 227 
404 27 
404 251 
404 118 
404 154 
404 130 
404 416 
404 436 
404 325 
404 70 
404 322 
404 411 
404 354 
404 318 
404 148 
404 451 
404 278 
404 384 
404 521 
404 336 
404 38 
404 107 
404 13 
404 328 
404 373 
404 153 
404 335 
404 147 
404 211 
404 509 
404 274 
404 250 
404 271 
404 449 
404 466 
404 367 
404 307 
404 478 
404 489 
404 188 
404 486 
404 28 
404 421 
404 209 
404 16 
404 164 
404 292 
404 5 
404 338 
404 105 
404 495 
404 333 
404 515 
404 52 
404 300 
404 469 
404 435 
404 155 
404 144 
404 20 
404 86 
404 303 
404 44 
404 499 
404 123 
404 491 
404 168 
404 358 
404 205 
404 357 
404 18 
404 302 
404 418 
404 45 
404 353 
404 79 
404 462 
404 97 
404 472 
404 185 
404 473 
404 136 
404 508 
404 385 
404 71 
404 82 
404 62 
404 246 
404 178 
404 407 
404 355 
404 345 
404 470 
404 233 
404 247 
405 509 
405 530 
405 340 
405 119 
405 402 
405 438 
405 98 
405 185 
405 313 
405 395 
405 384 
405 215 
405 133 
405 420 
405 158 
405 471 
405 53 
405 22 
405 4 
405 135 
405 459 
405 485 
405 277 
405 84 
405 230 
405 386 
405 159 
405 245 
405 481 
405 75 
405 480 
405 269 
405 312 
405 411 
405 216 
405 42 
405 374 
405 147 
405 381 
405 518 
405 97 
405 426 
405 192 
405 110 
405 524 
405 273 
405 372 
405 257 
405 235 
405 68 
405 319 
405 401 
405 345 
405 336 
405 361 
405 246 
405 26 
405 494 
405 89 
405 491 
405 57 
405 431 
405 264 
405 358 
405 484 
405 270 
405 375 
405 27 
405 148 
405 151 
405 204 
405 349 
405 291 
405 70 
405 429 
405 526 
405 252 
405 477 
405 326 
405 427 
405 225 
405 107 
405 421 
405 12 
405 43 
405 433 
405 222 
405 290 
405 378 
405 417 
405 32 
405 470 
405 161 
405 0 
405 383 
405 177 
405 128 
405 88 
405 366 
405 79 
405 400 
405 334 
405 102 
405 139 
405 233 
405 72 
405 175 
405 275 
405 125 
405 354 
405 346 
405 483 
405 100 
405 323 
405 10 
405 331 
405 478 
405 380 
405 390 
405 138 
405 391 
405 140 
405 499 
405 456 
405 29 
405 493 
405 341 
405 94 
405 259 
405 3 
405 249 
405 287 
405 217 
405 134 
405 258 
405 124 
405 115 
405 118 
405 243 
405 99 
405 181 
405 137 
405 251 
405 314 
405 61 
405 6 
405 74 
405 309 
405 262 
405 300 
405 121 
405 156 
405 409 
405 149 
405 432 
405 95 
405 178 
405 266 
405 116 
405 515 
405 474 
405 11 
405 267 
405 278 
405 322 
405 306 
405 112 
405 237 
405 292 
405 198 
405 260 
405 339 
405 105 
405 58 
405 356 
405 392 
405 332 
406 475 
406 58 
406 119 
406 399 
406 523 
406 490 
406 270 
406 402 
406 166 
406 128 
406 441 
406 304 
406 519 
406 486 
406 55 
406 377 
406 150 
406 436 
406 261 
406 290 
406 342 
406 157 
406 445 
406 63 
406 195 
406 428 
406 466 
406 287 
406 522 
406 267 
406 2 
406 146 
406 73 
406 237 
406 278 
406 170 
406 461 
406 275 
406 242 
406 122 
406 514 
406 414 
406 38 
406 407 
406 120 
406 274 
406 189 
406 297 
406 57 
406 265 
406 231 
406 344 
406 333 
406 357 
406 219 
406 271 
406 298 
406 492 
406 481 
406 352 
406 268 
406 468 
406 302 
406 17 
406 499 
406 16 
406 300 
406 329 
406 203 
406 258 
406 444 
406 34 
406 385 
406 198 
406 513 
406 415 
406 392 
406 378 
406 525 
406 480 
406 293 
406 97 
406 322 
406 316 
406 224 
406 244 
406 37 
406 301 
406 347 
406 421 
406 75 
406 8 
406 390 
406 306 
406 60 
406 168 
406 431 
406 83 
406 143 
406 32 
406 9 
406 368 
406 254 
406 115 
406 213 
406 263 
406 276 
406 164 
406 504 
406 319 
406 273 
406 311 
406 176 
406 125 
406 339 
406 400 
406 314 
406 226 
406 151 
406 191 
406 134 
406 381 
406 141 
406 453 
406 217 
406 433 
406 77 
406 251 
406 25 
406 401 
406 68 
406 13 
406 367 
406 238 
406 88 
406 327 
406 264 
406 472 
406 35 
406 498 
406 446 
406 398 
406 155 
406 454 
406 321 
406 463 
406 386 
406 207 
406 362 
406 257 
406 202 
406 501 
406 411 
406 459 
406 14 
406 7 
406 246 
406 383 
406 361 
406 144 
406 396 
406 323 
406 312 
406 123 
406 375 
406 44 
406 20 
406 517 
406 524 
406 426 
406 181 
407 57 
407 425 
407 129 
407 204 
407 502 
407 101 
407 183 
407 304 
407 498 
407 399 
407 529 
407 474 
407 228 
407 496 
407 486 
407 253 
407 456 
407 218 
407 70 
407 242 
407 479 
407 175 
407 250 
407 322 
407 15 
407 442 
407 440 
407 419 
407 17 
407 465 
407 526 
407 292 
407 516 
407 194 
407 233 
407 182 
407 397 
407 229 
407 156 
407 95 
407 406 
407 501 
407 328 
407 40 
407 372 
407 208 
407 2 
407 119 
407 517 
407 41 
407 191 
407 121 
407 359 
407 116 
407 488 
407 460 
407 147 
407 441 
407 403 
407 125 
407 348 
407 143 
407 126 
407 97 
407 261 
407 494 
407 249 
407 185 
407 504 
407 459 
407 266 
407 195 
407 483 
407 525 
407 270 
407 402 
407 453 
407 493 
407 67 
407 315 
407 287 
407 153 
407 196 
407 487 
407 471 
407 48 
407 103 
407 193 
407 74 
407 5 
407 203 
407 26 
407 297 
407 492 
407 325 
407 415 
407 369 
407 173 
407 248 
407 352 
407 478 
407 531 
407 172 
407 244 
407 424 
407 491 
407 232 
407 243 
407 350 
407 197 
407 122 
407 432 
407 283 
407 323 
407 120 
407 373 
407 463 
407 72 
407 111 
407 319 
407 167 
407 104 
407 200 
407 404 
407 335 
407 320 
407 339 
407 429 
407 210 
407 73 
407 131 
407 162 
407 46 
408 398 
408 274 
408 413 
408 201 
408 330 
408 122 
408 134 
408 481 
408 38 
408 94 
408 469 
408 217 
408 418 
408 163 
408 10 
408 90 
408 49 
408 58 
408 25 
408 137 
408 242 
408 268 
408 277 
408 363 
408 304 
408 8 
408 117 
408 152 
408 479 
408 150 
408 240 
408 439 
408 307 
408 126 
408 74 
408 57 
408 123 
408 271 
408 93 
408 294 
408 472 
408 282 
408 473 
408 213 
408 456 
408 480 
408 14 
408 214 
408 208 
408 95 
408 288 
408 334 
408 358 
408 346 
408 362 
408 135 
408 42 
408 350 
408 287 
408 218 
408 230 
408 367 
408 248 
408 109 
408 66 
408 46 
408 284 
408 142 
408 173 
408 140 
408 393 
408 458 
408 508 
408 353 
408 112 
408 105 
408 507 
408 81 
408 128 
408 389 
408 375 
408 236 
408 146 
408 366 
408 378 
408 216 
408 338 
408 403 
408 167 
408 500 
408 486 
408 435 
408 205 
408 524 
408 321 
408 116 
408 365 
408 48 
408 397 
408 1 
408 103 
408 143 
408 477 
408 191 
408 89 
408 499 
408 147 
408 528 
408 139 
408 501 
408 496 
408 21 
408 505 
408 157 
408 361 
408 475 
408 482 
408 39 
408 229 
408 324 
408 384 
408 342 
408 465 
408 414 
408 207 
408 303 
408 490 
408 327 
408 53 
408 110 
408 426 
408 374 
408 525 
408 197 
408 421 
408 513 
408 234 
408 245 
408 162 
408 158 
408 521 
408 510 
409 359 
409 124 
409 167 
409 497 
409 487 
409 8 
409 171 
409 436 
409 196 
409 139 
409 47 
409 416 
409 250 
409 42 
409 439 
409 193 
409 276 
409 140 
409 157 
409 88 
409 120 
409 12 
409 445 
409 440 
409 30 
409 215 
409 131 
409 173 
409 43 
409 55 
409 71 
409 197 
409 370 
409 376 
409 302 
409 44 
409 413 
409 327 
409 482 
409 190 
409 99 
409 452 
409 18 
409 161 
409 480 
409 476 
409 159 
409 525 
409 485 
409 60 
409 254 
409 182 
409 411 
409 119 
409 330 
409 201 
409 27 
409 59 
409 38 
409 177 
409 15 
409 229 
409 380 
409 7 
409 303 
409 447 
409 77 
409 259 
409 320 
409 270 
409 232 
409 202 
409 130 
409 401 
409 381 
409 428 
409 150 
409 360 
409 200 
409 81 
409 431 
409 114 
409 318 
409 61 
409 377 
409 504 
409 420 
409 392 
409 430 
409 160 
409 192 
409 434 
409 125 
409 498 
409 442 
409 384 
409 261 
409 243 
409 332 
409 395 
409 85 
409 109 
409 25 
409 238 
409 505 
409 203 
409 314 
409 169 
409 143 
409 312 
409 172 
409 456 
409 455 
409 164 
409 204 
409 352 
409 335 
409 83 
409 277 
409 526 
409 268 
409 49 
409 45 
409 463 
409 405 
409 86 
409 386 
409 464 
409 123 
409 369 
409 293 
409 251 
409 151 
409 489 
409 362 
409 530 
409 62 
409 322 
409 181 
409 357 
409 324 
409 471 
409 78 
409 289 
409 474 
409 468 
409 176 
409 296 
409 94 
410 515 
410 334 
410 383 
410 265 
410 303 
410 295 
410 199 
410 482 
410 251 
410 208 
410 513 
410 164 
410 123 
410 125 
410 26 
410 396 
410 136 
410 224 
410 366 
410 185 
410 235 
410 337 
410 206 
410 282 
410 186 
410 338 
410 413 
410 361 
410 520 
410 191 
410 179 
410 310 
410 121 
410 392 
410 438 
410 160 
410 242 
410 311 
410 84 
410 285 
410 176 
410 246 
410 428 
410 419 
410 293 
410 326 
410 497 
410 59 
410 284 
410 49 
410 118 
410 54 
410 124 
410 490 
410 68 
410 148 
410 100 
410 130 
410 56 
410 86 
410 63 
410 72 
410 455 
410 253 
410 180 
410 38 
410 12 
410 503 
410 306 
410 402 
410 21 
410 30 
410 187 
410 42 
410 294 
410 390 
410 494 
410 325 
410 97 
410 472 
410 89 
410 96 
410 65 
410 249 
410 474 
410 78 
410 518 
410 170 
410 444 
410 104 
410 175 
410 415 
410 234 
410 521 
410 174 
410 391 
410 276 
410 127 
410 320 
410 441 
410 422 
410 339 
410 141 
410 143 
410 442 
410 342 
410 114 
410 258 
410 514 
410 112 
410 226 
410 231 
410 371 
410 344 
410 155 
410 221 
410 25 
410 17 
410 150 
410 347 
410 35 
410 393 
410 298 
410 132 
410 189 
410 181 
410 161 
410 116 
410 213 
410 483 
410 8 
410 470 
410 500 
410 158 
410 146 
410 34 
410 505 
410 20 
410 403 
410 0 
410 107 
410 9 
410 450 
410 166 
410 434 
410 29 
410 485 
410 418 
410 233 
410 378 
410 144 
411 169 
411 251 
411 34 
411 145 
411 211 
411 193 
411 498 
411 327 
411 274 
411 234 
411 493 
411 462 
411 151 
411 141 
411 412 
411 155 
411 161 
411 352 
411 267 
411 332 
411 74 
411 50 
411 230 
411 72 
411 405 
411 506 
411 243 
411 503 
411 440 
411 66 
411 71 
411 124 
411 63 
411 53 
411 522 
411 479 
411 12 
411 198 
411 402 
411 240 
411 4 
411 103 
411 426 
411 39 
411 517 
411 104 
411 330 
411 335 
411 296 
411 213 
411 140 
411 239 
411 220 
411 484 
411 511 
411 494 
411 409 
411 418 
411 284 
411 431 
411 262 
411 331 
411 425 
411 281 
411 19 
411 186 
411 422 
411 380 
411 404 
411 37 
411 29 
411 505 
411 21 
411 348 
411 182 
411 81 
411 359 
411 113 
411 415 
411 530 
411 152 
411 165 
411 525 
411 378 
411 233 
411 269 
411 437 
411 121 
411 173 
411 136 
411 386 
411 441 
411 190 
411 249 
411 515 
411 101 
411 27 
411 30 
411 164 
411 38 
411 464 
411 13 
411 215 
411 266 
411 79 
411 143 
411 70 
411 375 
411 43 
411 377 
411 56 
411 180 
411 518 
411 231 
411 449 
411 374 
411 310 
411 317 
411 197 
411 69 
411 195 
411 10 
411 456 
411 8 
411 399 
411 379 
411 156 
411 5 
411 248 
411 442 
411 356 
411 414 
411 261 
411 181 
411 481 
411 355 
411 133 
411 482 
411 288 
411 265 
411 333 
411 209 
411 0 
411 258 
411 264 
411 259 
411 41 
411 432 
411 33 
411 406 
411 294 
411 474 
411 194 
411 401 
411 394 
411 59 
411 110 
411 325 
411 444 
412 285 
412 454 
412 369 
412 320 
412 112 
412 327 
412 356 
412 287 
412 221 
412 478 
412 501 
412 241 
412 223 
412 99 
412 20 
412 452 
412 297 
412 100 
412 411 
412 45 
412 445 
412 166 
412 261 
412 350 
412 25 
412 51 
412 157 
412 108 
412 502 
412 461 
412 462 
412 110 
412 46 
412 253 
412 245 
412 378 
412 63 
412 531 
412 28 
412 270 
412 75 
412 52 
412 6 
412 281 
412 98 
412 119 
412 124 
412 187 
412 444 
412 239 
412 273 
412 103 
412 394 
412 443 
412 203 
412 136 
412 143 
412 418 
412 442 
412 56 
412 244 
412 184 
412 318 
412 162 
412 308 
412 371 
412 290 
412 474 
412 155 
412 307 
412 387 
412 500 
412 480 
412 472 
412 312 
412 448 
412 230 
412 395 
412 420 
412 118 
412 319 
412 207 
412 513 
412 144 
412 494 
412 26 
412 104 
412 193 
412 80 
412 376 
412 292 
412 185 
412 323 
412 227 
412 175 
412 456 
412 70 
412 363 
412 525 
412 18 
412 262 
412 139 
412 19 
412 511 
412 289 
412 95 
412 499 
412 66 
412 3 
412 503 
412 117 
412 61 
412 300 
412 226 
412 168 
412 9 
412 488 
412 398 
412 196 
412 324 
412 248 
412 254 
412 473 
412 419 
412 228 
412 517 
412 433 
412 483 
412 132 
412 34 
412 347 
412 425 
412 115 
412 50 
412 64 
412 451 
412 282 
412 295 
412 0 
412 434 
412 303 
412 71 
412 465 
412 201 
412 149 
412 267 
412 91 
412 152 
412 493 
412 93 
412 518 
412 164 
412 341 
412 450 
412 234 
413 408 
413 111 
413 526 
413 445 
413 316 
413 84 
413 370 
413 230 
413 350 
413 448 
413 498 
413 20 
413 207 
413 242 
413 429 
413 530 
413 428 
413 59 
413 522 
413 410 
413 336 
413 326 
413 379 
413 90 
413 173 
413 246 
413 256 
413 493 
413 221 
413 292 
413 320 
413 317 
413 101 
413 444 
413 325 
413 304 
413 368 
413 353 
413 372 
413 483 
413 476 
413 243 
413 509 
413 16 
413 409 
413 313 
413 70 
413 402 
413 281 
413 269 
413 48 
413 52 
413 485 
413 433 
413 415 
413 12 
413 43 
413 362 
413 475 
413 112 
413 462 
413 377 
413 62 
413 442 
413 102 
413 141 
413 277 
413 397 
413 484 
413 145 
413 165 
413 340 
413 189 
413 276 
413 98 
413 86 
413 391 
413 466 
413 245 
413 297 
413 76 
413 447 
413 182 
413 386 
413 306 
413 333 
413 365 
413 41 
413 27 
413 513 
413 416 
413 61 
413 39 
413 360 
413 239 
413 37 
413 274 
413 82 
413 175 
413 45 
413 481 
413 388 
413 74 
413 138 
413 213 
413 85 
413 72 
413 161 
413 382 
413 99 
413 393 
413 332 
413 268 
413 168 
413 502 
413 303 
413 259 
413 421 
413 380 
413 465 
413 351 
413 266 
413 468 
413 204 
413 80 
413 126 
413 114 
413 335 
413 494 
413 463 
413 54 
413 267 
413 231 
413 103 
413 486 
413 492 
413 232 
413 34 
413 504 
413 337 
413 464 
413 215 
413 455 
413 394 
414 297 
414 263 
414 423 
414 447 
414 48 
414 285 
414 476 
414 6 
414 470 
414 249 
414 466 
414 389 
414 399 
414 283 
414 488 
414 70 
414 486 
414 118 
414 198 
414 302 
414 506 
414 56 
414 357 
414 44 
414 292 
414 184 
414 153 
414 397 
414 398 
414 438 
414 351 
414 281 
414 356 
414 418 
414 30 
414 320 
414 75 
414 524 
414 38 
414 94 
414 14 
414 367 
414 45 
414 164 
414 530 
414 253 
414 192 
414 406 
414 265 
414 8 
414 385 
414 489 
414 145 
414 372 
414 34 
414 254 
414 39 
414 310 
414 305 
414 49 
414 86 
414 479 
414 454 
414 445 
414 220 
414 76 
414 525 
414 316 
414 311 
414 93 
414 428 
414 490 
414 315 
414 487 
414 69 
414 79 
414 102 
414 510 
414 291 
414 518 
414 499 
414 293 
414 146 
414 274 
414 193 
414 113 
414 481 
414 251 
414 89 
414 425 
414 186 
414 517 
414 235 
414 433 
414 207 
414 469 
414 150 
414 467 
414 278 
414 124 
414 501 
414 15 
414 430 
414 169 
414 155 
414 206 
414 96 
414 354 
414 63 
414 362 
414 258 
414 512 
414 516 
414 10 
414 22 
414 371 
414 29 
414 484 
414 156 
414 217 
414 308 
414 461 
414 296 
414 515 
414 402 
414 1 
414 82 
414 502 
414 376 
414 304 
414 411 
414 301 
414 348 
414 352 
414 215 
414 97 
414 176 
414 117 
414 67 
414 134 
414 408 
414 439 
414 136 
414 37 
414 179 
414 457 
414 60 
414 353 
414 57 
414 378 
414 377 
414 344 
414 130 
414 340 
414 513 
414 141 
414 345 
414 495 
414 5 
414 459 
414 98 
414 62 
414 101 
414 396 
414 23 
414 309 
415 348 
415 524 
415 529 
415 390 
415 81 
415 26 
415 518 
415 130 
415 493 
415 291 
415 381 
415 20 
415 369 
415 462 
415 485 
415 126 
415 243 
415 89 
415 526 
415 516 
415 474 
415 198 
415 487 
415 208 
415 317 
415 439 
415 530 
415 39 
415 147 
415 144 
415 179 
415 481 
415 438 
415 326 
415 10 
415 228 
415 167 
415 371 
415 404 
415 313 
415 399 
415 364 
415 233 
415 111 
415 374 
415 289 
415 460 
415 282 
415 471 
415 139 
415 225 
415 204 
415 425 
415 413 
415 206 
415 302 
415 220 
415 468 
415 46 
415 470 
415 212 
415 131 
415 306 
415 490 
415 453 
415 376 
415 403 
415 253 
415 489 
415 515 
415 304 
415 113 
415 298 
415 473 
415 475 
415 446 
415 239 
415 316 
415 0 
415 427 
415 406 
415 522 
415 134 
415 411 
415 158 
415 431 
415 254 
415 155 
415 278 
415 357 
415 410 
415 106 
415 104 
415 143 
415 192 
415 203 
415 426 
415 21 
415 379 
415 368 
415 292 
415 332 
415 53 
415 303 
415 440 
415 299 
415 57 
415 209 
415 508 
415 476 
415 249 
415 442 
415 12 
415 115 
415 170 
415 276 
415 491 
415 358 
415 237 
415 102 
415 337 
415 323 
415 407 
415 340 
415 464 
415 354 
415 307 
415 454 
415 9 
415 330 
415 436 
415 310 
415 88 
415 256 
415 99 
415 501 
415 346 
415 77 
415 110 
415 16 
415 148 
415 80 
415 273 
415 185 
415 232 
415 163 
415 156 
415 513 
415 136 
415 285 
415 266 
415 7 
415 465 
415 385 
415 448 
415 222 
415 68 
415 347 
415 55 
415 275 
415 100 
415 52 
415 226 
415 455 
415 352 
415 280 
415 87 
416 527 
416 86 
416 379 
416 488 
416 204 
416 442 
416 468 
416 218 
416 409 
416 508 
416 506 
416 395 
416 344 
416 446 
416 393 
416 3 
416 276 
416 81 
416 205 
416 269 
416 326 
416 155 
416 199 
416 185 
416 61 
416 499 
416 478 
416 179 
416 280 
416 60 
416 472 
416 449 
416 89 
416 55 
416 114 
416 54 
416 362 
416 208 
416 195 
416 507 
416 460 
416 530 
416 294 
416 448 
416 396 
416 529 
416 490 
416 15 
416 505 
416 130 
416 19 
416 182 
416 24 
416 215 
416 356 
416 154 
416 361 
416 403 
416 517 
416 36 
416 28 
416 140 
416 484 
416 260 
416 404 
416 258 
416 146 
416 370 
416 319 
416 443 
416 292 
416 116 
416 45 
416 77 
416 314 
416 389 
416 144 
416 35 
416 229 
416 68 
416 196 
416 122 
416 493 
416 334 
416 332 
416 249 
416 511 
416 108 
416 164 
416 151 
416 400 
416 486 
416 351 
416 336 
416 209 
416 315 
416 180 
416 32 
416 252 
416 401 
416 296 
416 220 
416 113 
416 201 
416 512 
416 353 
416 349 
416 72 
416 469 
416 290 
416 413 
416 67 
416 33 
416 525 
416 171 
416 153 
416 125 
416 52 
416 206 
416 121 
416 197 
416 501 
416 156 
416 418 
416 38 
416 23 
416 1 
416 115 
416 226 
416 343 
416 285 
416 502 
416 117 
416 40 
416 313 
416 503 
416 124 
416 118 
416 355 
416 515 
416 426 
416 42 
416 384 
416 339 
416 423 
416 367 
416 64 
416 459 
416 277 
416 21 
416 91 
416 11 
416 175 
416 192 
416 165 
416 509 
416 48 
416 87 
416 174 
416 123 
416 248 
416 94 
416 141 
416 317 
416 106 
417 524 
417 438 
417 423 
417 205 
417 226 
417 100 
417 190 
417 29 
417 164 
417 80 
417 338 
417 475 
417 257 
417 20 
417 77 
417 238 
417 41 
417 198 
417 168 
417 467 
417 289 
417 309 
417 15 
417 433 
417 259 
417 210 
417 194 
417 470 
417 9 
417 126 
417 227 
417 295 
417 208 
417 123 
417 21 
417 237 
417 324 
417 8 
417 507 
417 113 
417 527 
417 108 
417 157 
417 62 
417 372 
417 272 
417 431 
417 398 
417 481 
417 354 
417 115 
417 374 
417 393 
417 427 
417 58 
417 484 
417 288 
417 64 
417 65 
417 454 
417 526 
417 351 
417 373 
417 405 
417 39 
417 312 
417 451 
417 368 
417 18 
417 48 
417 370 
417 469 
417 471 
417 326 
417 247 
417 336 
417 442 
417 112 
417 274 
417 151 
417 458 
417 382 
417 263 
417 479 
417 331 
417 362 
417 464 
417 460 
417 140 
417 57 
417 44 
417 91 
417 24 
417 488 
417 49 
417 186 
417 444 
417 422 
417 136 
417 314 
417 477 
417 148 
417 66 
417 55 
417 248 
417 343 
417 192 
417 50 
417 196 
417 169 
417 281 
417 19 
417 188 
417 30 
417 249 
417 76 
417 74 
417 265 
417 5 
417 310 
417 225 
417 448 
417 345 
417 69 
417 166 
417 494 
417 497 
417 466 
417 389 
417 297 
417 397 
417 367 
417 63 
417 290 
417 234 
417 240 
417 441 
417 105 
417 531 
417 193 
417 150 
417 215 
417 131 
417 505 
417 102 
417 385 
417 483 
417 127 
417 514 
417 121 
417 114 
417 16 
417 171 
417 35 
417 344 
417 386 
417 84 
417 335 
417 122 
417 496 
417 0 
417 67 
417 391 
417 502 
417 301 
417 363 
417 436 
417 359 
417 139 
417 283 
418 523 
418 309 
418 58 
418 172 
418 154 
418 98 
418 321 
418 53 
418 91 
418 244 
418 308 
418 431 
418 254 
418 408 
418 271 
418 212 
418 158 
418 291 
418 494 
418 201 
418 27 
418 64 
418 120 
418 451 
418 1 
418 414 
418 26 
418 189 
418 392 
418 259 
418 17 
418 369 
418 384 
418 152 
418 379 
418 468 
418 516 
418 305 
418 441 
418 287 
418 114 
418 497 
418 320 
418 215 
418 70 
418 102 
418 496 
418 325 
418 175 
418 104 
418 518 
418 352 
418 205 
418 524 
418 81 
418 430 
418 44 
418 2 
418 425 
418 412 
418 141 
418 465 
418 438 
418 411 
418 135 
418 515 
418 520 
418 446 
418 227 
418 49 
418 395 
418 330 
418 196 
418 331 
418 206 
418 339 
418 137 
418 491 
418 456 
418 226 
418 10 
418 289 
418 95 
418 389 
418 60 
418 162 
418 476 
418 401 
418 432 
418 329 
418 449 
418 394 
418 248 
418 338 
418 116 
418 50 
418 62 
418 55 
418 490 
418 355 
418 225 
418 469 
418 47 
418 178 
418 75 
418 221 
418 480 
418 358 
418 35 
418 332 
418 0 
418 416 
418 344 
418 461 
418 151 
418 6 
418 153 
418 33 
418 82 
418 126 
418 48 
418 224 
418 121 
418 345 
418 68 
418 31 
418 380 
418 508 
418 421 
418 522 
418 260 
418 404 
418 463 
418 346 
418 11 
418 504 
418 436 
418 528 
418 4 
418 155 
418 202 
418 146 
418 9 
418 464 
418 80 
418 410 
418 373 
418 198 
418 239 
418 343 
418 157 
418 517 
418 319 
418 115 
418 52 
419 232 
419 294 
419 297 
419 425 
419 74 
419 484 
419 11 
419 3 
419 515 
419 520 
419 164 
419 346 
419 141 
419 382 
419 121 
419 210 
419 194 
419 397 
419 334 
419 392 
419 227 
419 497 
419 473 
419 22 
419 70 
419 407 
419 511 
419 507 
419 203 
419 65 
419 268 
419 359 
419 72 
419 454 
419 224 
419 90 
419 269 
419 410 
419 231 
419 174 
419 312 
419 465 
419 453 
419 353 
419 369 
419 331 
419 211 
419 329 
419 282 
419 389 
419 116 
419 327 
419 241 
419 178 
419 489 
419 220 
419 199 
419 97 
419 197 
419 136 
419 280 
419 80 
419 318 
419 499 
419 142 
419 474 
419 184 
419 208 
419 104 
419 163 
419 529 
419 14 
419 234 
419 64 
419 285 
419 427 
419 122 
419 434 
419 249 
419 530 
419 277 
419 372 
419 485 
419 283 
419 240 
419 379 
419 44 
419 352 
419 114 
419 504 
419 239 
419 436 
419 289 
419 326 
419 12 
419 316 
419 56 
419 459 
419 34 
419 477 
419 394 
419 325 
419 375 
419 335 
419 147 
419 204 
419 216 
419 505 
419 61 
419 242 
419 412 
419 169 
419 215 
419 447 
419 438 
419 0 
419 439 
419 53 
419 177 
419 344 
419 43 
419 154 
419 40 
419 42 
419 21 
419 347 
419 421 
419 253 
419 91 
419 223 
419 320 
419 337 
419 196 
419 25 
419 52 
419 516 
419 482 
419 388 
419 399 
419 286 
419 236 
419 172 
419 313 
419 330 
419 396 
420 166 
420 61 
420 108 
420 266 
420 121 
420 369 
420 321 
420 405 
420 289 
420 403 
420 513 
420 191 
420 171 
420 472 
420 86 
420 501 
420 330 
420 79 
420 357 
420 96 
420 496 
420 51 
420 217 
420 467 
420 342 
420 97 
420 474 
420 452 
420 295 
420 112 
420 178 
420 263 
420 354 
420 186 
420 124 
420 180 
420 245 
420 56 
420 198 
420 376 
420 307 
420 358 
420 381 
420 401 
420 328 
420 503 
420 345 
420 368 
420 63 
420 93 
420 104 
420 484 
420 133 
420 375 
420 148 
420 483 
420 461 
420 384 
420 106 
420 379 
420 147 
420 131 
420 132 
420 88 
420 150 
420 243 
420 26 
420 235 
420 267 
420 392 
420 231 
420 514 
420 256 
420 333 
420 282 
420 412 
420 57 
420 302 
420 33 
420 442 
420 213 
420 409 
420 82 
420 94 
420 258 
420 204 
420 210 
420 211 
420 36 
420 280 
420 309 
420 277 
420 240 
420 98 
420 317 
420 276 
420 271 
420 41 
420 159 
420 486 
420 366 
420 504 
420 378 
420 362 
420 221 
420 400 
420 507 
420 125 
420 372 
420 479 
420 278 
420 246 
420 80 
420 167 
420 518 
420 528 
420 220 
420 264 
420 389 
420 437 
420 176 
420 386 
420 298 
420 113 
420 16 
420 228 
420 422 
420 382 
420 29 
420 226 
420 202 
420 491 
420 465 
420 129 
420 454 
420 288 
420 135 
420 508 
420 347 
420 349 
420 184 
420 55 
420 363 
420 432 
420 286 
420 458 
420 326 
420 304 
420 398 
420 143 
420 48 
420 140 
421 135 
421 435 
421 477 
421 487 
421 5 
421 168 
421 320 
421 180 
421 32 
421 285 
421 358 
421 18 
421 522 
421 422 
421 401 
421 424 
421 486 
421 160 
421 126 
421 144 
421 16 
421 303 
421 361 
421 106 
421 163 
421 97 
421 335 
421 340 
421 459 
421 276 
421 64 
421 383 
421 152 
421 167 
421 519 
421 493 
421 512 
421 150 
421 78 
421 141 
421 195 
421 271 
421 166 
421 47 
421 80 
421 132 
421 300 
421 91 
421 21 
421 441 
421 497 
421 429 
421 375 
421 440 
421 30 
421 237 
421 63 
421 55 
421 323 
421 267 
421 453 
421 289 
421 265 
421 38 
421 162 
421 505 
421 530 
421 75 
421 313 
421 156 
421 19 
421 84 
421 405 
421 71 
421 4 
421 105 
421 68 
421 386 
421 48 
421 111 
421 496 
421 450 
421 290 
421 308 
421 508 
421 528 
421 336 
421 406 
421 216 
421 109 
421 397 
421 243 
421 304 
421 298 
421 367 
421 456 
421 317 
421 404 
421 469 
421 295 
421 284 
421 480 
421 344 
421 498 
421 291 
421 501 
421 214 
421 449 
421 329 
421 395 
421 8 
421 464 
421 211 
421 224 
421 468 
421 120 
421 1 
421 193 
421 446 
421 438 
421 394 
421 72 
421 359 
421 221 
421 377 
421 46 
421 372 
421 520 
421 413 
421 138 
421 334 
421 418 
421 125 
421 521 
421 419 
421 7 
421 408 
421 232 
421 73 
421 514 
421 9 
421 341 
421 161 
421 66 
421 186 
421 154 
421 443 
421 182 
421 158 
421 531 
421 516 
421 398 
422 58 
422 69 
422 163 
422 42 
422 18 
422 196 
422 231 
422 28 
422 239 
422 387 
422 5 
422 299 
422 7 
422 339 
422 483 
422 194 
422 156 
422 246 
422 256 
422 343 
422 470 
422 267 
422 421 
422 144 
422 110 
422 308 
422 150 
422 524 
422 363 
422 324 
422 242 
422 38 
422 424 
422 332 
422 109 
422 11 
422 395 
422 171 
422 232 
422 98 
422 382 
422 333 
422 377 
422 203 
422 496 
422 357 
422 467 
422 307 
422 465 
422 90 
422 402 
422 26 
422 182 
422 499 
422 497 
422 192 
422 34 
422 471 
422 367 
422 517 
422 525 
422 220 
422 155 
422 396 
422 303 
422 40 
422 309 
422 13 
422 394 
422 177 
422 162 
422 379 
422 250 
422 146 
422 122 
422 341 
422 130 
422 390 
422 314 
422 520 
422 512 
422 271 
422 289 
422 411 
422 516 
422 74 
422 446 
422 347 
422 31 
422 96 
422 204 
422 436 
422 455 
422 349 
422 531 
422 288 
422 252 
422 251 
422 240 
422 353 
422 111 
422 348 
422 277 
422 284 
422 64 
422 506 
422 72 
422 99 
422 75 
422 179 
422 114 
422 391 
422 513 
422 126 
422 369 
422 87 
422 410 
422 88 
422 320 
422 417 
422 154 
422 167 
422 529 
422 326 
422 124 
422 85 
422 329 
422 86 
422 48 
422 120 
422 505 
422 260 
422 500 
422 219 
422 386 
422 273 
422 268 
422 244 
422 152 
422 306 
422 81 
422 25 
422 425 
422 0 
422 190 
422 420 
422 73 
422 227 
422 165 
422 311 
422 61 
422 304 
422 378 
422 461 
422 459 
422 112 
422 229 
422 441 
422 440 
422 92 
422 456 
422 185 
422 312 
422 269 
422 101 
422 257 
422 448 
422 181 
422 283 
422 374 
422 432 
422 83 
422 209 
422 321 
422 60 
422 397 
422 245 
422 237 
423 430 
423 414 
423 161 
423 376 
423 189 
423 417 
423 370 
423 35 
423 105 
423 325 
423 466 
423 501 
423 224 
423 445 
423 6 
423 128 
423 135 
423 437 
423 34 
423 456 
423 242 
423 508 
423 284 
423 45 
423 199 
423 114 
423 239 
423 192 
423 92 
423 259 
423 502 
423 352 
423 307 
423 75 
423 387 
423 389 
423 214 
423 51 
423 345 
423 317 
423 434 
423 72 
423 204 
423 228 
423 84 
423 276 
423 367 
423 371 
423 0 
423 156 
423 310 
423 52 
423 334 
423 98 
423 479 
423 292 
423 354 
423 17 
423 436 
423 377 
423 251 
423 232 
423 175 
423 305 
423 464 
423 254 
423 398 
423 441 
423 100 
423 15 
423 137 
423 524 
423 240 
423 260 
423 261 
423 263 
423 313 
423 459 
423 151 
423 248 
423 385 
423 30 
423 44 
423 356 
423 67 
423 403 
423 384 
423 529 
423 76 
423 506 
423 163 
423 50 
423 304 
423 382 
423 210 
423 488 
423 453 
423 118 
423 4 
423 375 
423 275 
423 339 
423 323 
423 130 
423 43 
423 490 
423 148 
423 121 
423 70 
423 476 
423 495 
423 395 
423 60 
423 185 
423 237 
423 113 
423 126 
423 300 
423 493 
423 215 
423 282 
423 512 
423 256 
423 306 
423 14 
423 394 
423 522 
423 270 
423 77 
423 460 
423 249 
423 329 
423 318 
423 514 
423 368 
423 174 
423 149 
423 439 
423 233 
423 392 
423 416 
423 10 
423 217 
423 359 
423 65 
423 258 
423 399 
423 91 
423 273 
423 429 
423 238 
423 308 
423 327 
423 202 
423 350 
423 513 
423 482 
423 56 
423 178 
423 309 
424 192 
424 260 
424 362 
424 325 
424 366 
424 74 
424 14 
424 363 
424 334 
424 265 
424 393 
424 23 
424 138 
424 455 
424 317 
424 76 
424 452 
424 438 
424 421 
424 210 
424 283 
424 364 
424 457 
424 354 
424 16 
424 299 
424 62 
424 143 
424 422 
424 196 
424 244 
424 56 
424 523 
424 488 
424 148 
424 46 
424 498 
424 300 
424 353 
424 198 
424 156 
424 348 
424 443 
424 400 
424 5 
424 497 
424 129 
424 356 
424 402 
424 293 
424 327 
424 367 
424 319 
424 467 
424 391 
424 474 
424 344 
424 94 
424 42 
424 60 
424 135 
424 261 
424 197 
424 301 
424 224 
424 277 
424 234 
424 530 
424 377 
424 204 
424 526 
424 445 
424 80 
424 119 
424 398 
424 373 
424 468 
424 206 
424 202 
424 442 
424 376 
424 203 
424 144 
424 35 
424 383 
424 282 
424 287 
424 292 
424 313 
424 97 
424 93 
424 229 
424 175 
424 527 
424 190 
424 228 
424 4 
424 211 
424 169 
424 73 
424 433 
424 240 
424 27 
424 339 
424 528 
424 67 
424 104 
424 194 
424 306 
424 147 
424 30 
424 232 
424 508 
424 272 
424 280 
424 461 
424 141 
424 9 
424 100 
424 471 
424 124 
424 103 
424 370 
424 222 
424 50 
424 347 
424 323 
424 88 
424 158 
424 428 
424 407 
424 516 
424 346 
424 58 
424 476 
424 365 
424 494 
424 465 
424 270 
424 216 
424 126 
424 55 
424 37 
424 38 
424 473 
424 456 
424 248 
424 311 
424 188 
424 384 
424 361 
425 407 
425 282 
425 470 
425 60 
425 195 
425 387 
425 419 
425 81 
425 161 
425 191 
425 377 
425 485 
425 339 
425 385 
425 513 
425 231 
425 398 
425 305 
425 247 
425 313 
425 525 
425 306 
425 372 
425 136 
425 246 
425 10 
425 439 
425 212 
425 524 
425 530 
425 89 
425 351 
425 345 
425 196 
425 453 
425 371 
425 228 
425 265 
425 138 
425 252 
425 68 
425 300 
425 394 
425 156 
425 507 
425 210 
425 197 
425 150 
425 476 
425 232 
425 113 
425 399 
425 434 
425 328 
425 165 
425 184 
425 204 
425 461 
425 3 
425 274 
425 19 
425 234 
425 72 
425 415 
425 418 
425 85 
425 13 
425 121 
425 326 
425 438 
425 472 
425 173 
425 411 
425 22 
425 237 
425 207 
425 193 
425 474 
425 7 
425 359 
425 84 
425 77 
425 320 
425 357 
425 117 
425 73 
425 272 
425 146 
425 368 
425 350 
425 1 
425 129 
425 11 
425 365 
425 50 
425 414 
425 304 
425 218 
425 168 
425 225 
425 500 
425 224 
425 337 
425 214 
425 190 
425 343 
425 5 
425 157 
425 477 
425 380 
425 219 
425 198 
425 293 
425 64 
425 321 
425 162 
425 40 
425 503 
425 370 
425 21 
425 352 
425 298 
425 307 
425 30 
425 107 
425 285 
425 331 
425 444 
425 467 
425 236 
425 267 
425 431 
425 369 
425 189 
425 483 
425 220 
425 364 
425 440 
425 251 
425 390 
425 209 
425 422 
425 335 
425 309 
425 493 
425 412 
425 454 
425 375 
425 478 
425 139 
425 400 
425 148 
425 32 
425 391 
425 316 
425 59 
425 94 
425 61 
425 152 
425 110 
425 67 
425 134 
425 245 
425 199 
425 395 
425 46 
425 92 
425 74 
425 446 
425 186 
425 455 
425 112 
425 322 
425 432 
425 48 
425 464 
425 170 
425 98 
425 277 
426 251 
426 517 
426 12 
426 240 
426 104 
426 0 
426 398 
426 8 
426 471 
426 23 
426 55 
426 39 
426 462 
426 140 
426 249 
426 483 
426 516 
426 136 
426 67 
426 59 
426 525 
426 510 
426 197 
426 178 
426 201 
426 503 
426 371 
426 193 
426 378 
426 405 
426 239 
426 229 
426 490 
426 162 
426 397 
426 192 
426 194 
426 530 
426 48 
426 143 
426 411 
426 110 
426 44 
426 454 
426 523 
426 225 
426 431 
426 154 
426 207 
426 130 
426 492 
426 159 
426 253 
426 293 
426 296 
426 335 
426 27 
426 49 
426 64 
426 514 
426 181 
426 281 
426 529 
426 473 
426 358 
426 357 
426 20 
426 509 
426 375 
426 199 
426 384 
426 452 
426 528 
426 342 
426 232 
426 343 
426 185 
426 42 
426 327 
426 146 
426 205 
426 190 
426 328 
426 50 
426 202 
426 139 
426 246 
426 272 
426 415 
426 126 
426 364 
426 355 
426 317 
426 92 
426 274 
426 367 
426 212 
426 220 
426 149 
426 160 
426 325 
426 331 
426 164 
426 368 
426 463 
426 312 
426 17 
426 258 
426 148 
426 213 
426 231 
426 522 
426 430 
426 153 
426 306 
426 400 
426 307 
426 439 
426 161 
426 129 
426 112 
426 485 
426 189 
426 395 
426 171 
426 361 
426 416 
426 491 
426 504 
426 221 
426 15 
426 481 
426 85 
426 169 
426 43 
426 163 
426 408 
426 89 
426 102 
426 336 
426 433 
426 270 
426 495 
426 184 
426 186 
426 450 
426 372 
426 33 
426 300 
426 505 
426 521 
426 156 
426 285 
426 257 
426 177 
426 478 
426 305 
426 94 
426 330 
426 406 
426 46 
426 507 
426 499 
427 56 
427 379 
427 336 
427 57 
427 495 
427 146 
427 489 
427 400 
427 227 
427 281 
427 196 
427 347 
427 17 
427 276 
427 30 
427 316 
427 207 
427 220 
427 233 
427 452 
427 54 
427 27 
427 286 
427 506 
427 170 
427 129 
427 459 
427 453 
427 520 
427 391 
427 371 
427 150 
427 458 
427 361 
427 110 
427 190 
427 160 
427 516 
427 343 
427 310 
427 332 
427 397 
427 460 
427 62 
427 437 
427 261 
427 100 
427 367 
427 251 
427 157 
427 76 
427 277 
427 115 
427 365 
427 517 
427 339 
427 291 
427 59 
427 287 
427 195 
427 405 
427 330 
427 52 
427 231 
427 142 
427 474 
427 162 
427 429 
427 329 
427 417 
427 434 
427 364 
427 83 
427 217 
427 415 
427 266 
427 441 
427 13 
427 380 
427 163 
427 480 
427 312 
427 79 
427 419 
427 338 
427 181 
427 247 
427 18 
427 122 
427 69 
427 481 
427 116 
427 215 
427 464 
427 351 
427 221 
427 137 
427 308 
427 487 
427 91 
427 529 
427 264 
427 390 
427 16 
427 303 
427 393 
427 318 
427 167 
427 358 
427 194 
427 284 
427 120 
427 104 
427 177 
427 275 
427 309 
427 48 
427 20 
427 229 
427 511 
427 113 
427 274 
427 353 
427 350 
427 10 
427 75 
427 262 
427 468 
427 519 
427 45 
427 192 
427 265 
427 172 
427 135 
427 317 
427 209 
427 171 
427 337 
427 111 
427 36 
427 154 
427 273 
427 7 
428 101 
428 182 
428 281 
428 11 
428 477 
428 473 
428 392 
428 56 
428 293 
428 75 
428 220 
428 40 
428 261 
428 308 
428 496 
428 331 
428 260 
428 449 
428 290 
428 502 
428 65 
428 235 
428 413 
428 492 
428 36 
428 362 
428 406 
428 514 
428 146 
428 270 
428 277 
428 279 
428 455 
428 309 
428 47 
428 70 
428 393 
428 435 
428 57 
428 410 
428 378 
428 485 
428 109 
428 314 
428 321 
428 295 
428 203 
428 78 
428 148 
428 69 
428 10 
428 76 
428 239 
428 459 
428 42 
428 464 
428 520 
428 471 
428 430 
428 170 
428 414 
428 355 
428 217 
428 91 
428 244 
428 365 
428 409 
428 395 
428 243 
428 204 
428 74 
428 228 
428 371 
428 131 
428 367 
428 472 
428 2 
428 312 
428 259 
428 280 
428 194 
428 137 
428 119 
428 230 
428 531 
428 31 
428 3 
428 205 
428 224 
428 399 
428 201 
428 525 
428 43 
428 339 
428 310 
428 391 
428 96 
428 139 
428 388 
428 6 
428 158 
428 39 
428 380 
428 467 
428 285 
428 396 
428 125 
428 503 
428 62 
428 294 
428 140 
428 186 
428 208 
428 326 
428 116 
428 320 
428 53 
428 222 
428 328 
428 1 
428 352 
428 424 
428 507 
428 113 
428 107 
428 450 
428 223 
428 234 
428 345 
428 26 
428 156 
428 111 
428 188 
428 524 
428 448 
428 528 
428 247 
428 462 
428 81 
428 387 
428 356 
428 333 
428 16 
428 15 
428 209 
428 59 
428 374 
429 184 
429 391 
429 529 
429 259 
429 237 
429 393 
429 223 
429 271 
429 88 
429 330 
429 127 
429 348 
429 304 
429 479 
429 525 
429 293 
429 413 
429 474 
429 78 
429 273 
429 506 
429 226 
429 67 
429 309 
429 267 
429 357 
429 60 
429 337 
429 62 
429 513 
429 313 
429 112 
429 85 
429 34 
429 343 
429 137 
429 83 
429 431 
429 148 
429 84 
429 240 
429 448 
429 488 
429 161 
429 421 
429 12 
429 338 
429 376 
429 523 
429 76 
429 295 
429 66 
429 370 
429 106 
429 511 
429 297 
429 450 
429 205 
429 405 
429 319 
429 61 
429 443 
429 266 
429 64 
429 427 
429 389 
429 277 
429 73 
429 347 
429 191 
429 233 
429 108 
429 289 
429 438 
429 159 
429 51 
429 453 
429 385 
429 500 
429 41 
429 194 
429 292 
429 372 
429 355 
429 168 
429 455 
429 445 
429 146 
429 436 
429 475 
429 103 
429 176 
429 262 
429 397 
429 377 
429 182 
429 110 
429 468 
429 487 
429 243 
429 149 
429 446 
429 145 
429 505 
429 449 
429 210 
429 128 
429 197 
429 216 
429 467 
429 218 
429 388 
429 516 
429 324 
429 169 
429 339 
429 19 
429 524 
429 251 
429 299 
429 105 
429 265 
429 187 
429 454 
429 65 
429 139 
429 256 
429 132 
429 301 
429 231 
429 461 
429 490 
429 115 
429 212 
429 36 
429 32 
429 279 
429 394 
429 55 
429 278 
429 244 
429 249 
429 206 
429 350 
429 456 
429 44 
429 49 
429 518 
429 198 
429 307 
429 75 
429 117 
429 423 
429 331 
429 508 
429 333 
429 207 
429 483 
429 4 
429 177 
429 481 
429 321 
429 407 
429 491 
429 401 
430 423 
430 95 
430 239 
430 155 
430 100 
430 73 
430 103 
430 343 
430 362 
430 503 
430 265 
430 455 
430 88 
430 18 
430 377 
430 215 
430 496 
430 115 
430 99 
430 93 
430 51 
430 370 
430 31 
430 219 
430 476 
430 481 
430 27 
430 398 
430 261 
430 212 
430 301 
430 490 
430 220 
430 507 
430 89 
430 389 
430 297 
430 518 
430 97 
430 160 
430 63 
430 205 
430 286 
430 142 
430 337 
430 80 
430 402 
430 32 
430 371 
430 218 
430 469 
430 487 
430 492 
430 418 
430 528 
430 39 
430 256 
430 530 
430 329 
430 394 
430 201 
430 257 
430 94 
430 519 
430 428 
430 255 
430 250 
430 361 
430 403 
430 161 
430 90 
430 322 
430 307 
430 243 
430 452 
430 316 
430 512 
430 319 
430 434 
430 509 
430 55 
430 128 
430 480 
430 130 
430 66 
430 326 
430 154 
430 529 
430 12 
430 358 
430 145 
430 165 
430 477 
430 350 
430 197 
430 465 
430 356 
430 409 
430 254 
430 211 
430 171 
430 267 
430 131 
430 462 
430 116 
430 276 
430 527 
430 386 
430 143 
430 221 
430 15 
430 200 
430 303 
430 182 
430 414 
430 139 
430 450 
430 510 
430 0 
430 495 
430 367 
430 401 
430 236 
430 106 
430 426 
430 82 
430 141 
430 277 
430 187 
430 9 
430 352 
430 456 
430 47 
430 483 
430 366 
430 76 
430 381 
430 238 
430 436 
430 83 
430 163 
430 438 
430 431 
430 491 
430 493 
430 206 
430 446 
430 346 
430 52 
430 441 
430 188 
430 210 
430 330 
430 114 
430 227 
430 11 
430 393 
430 28 
431 169 
431 370 
431 457 
431 383 
431 418 
431 287 
431 389 
431 511 
431 47 
431 360 
431 103 
431 465 
431 78 
431 520 
431 129 
431 310 
431 391 
431 398 
431 180 
431 80 
431 248 
431 442 
431 397 
431 291 
431 368 
431 10 
431 154 
431 21 
431 472 
431 297 
431 105 
431 196 
431 509 
431 199 
431 347 
431 293 
431 167 
431 44 
431 34 
431 490 
431 125 
431 429 
431 214 
431 110 
431 140 
431 379 
431 366 
431 405 
431 426 
431 168 
431 160 
431 183 
431 417 
431 151 
431 70 
431 83 
431 264 
431 411 
431 57 
431 471 
431 244 
431 373 
431 69 
431 19 
431 237 
431 280 
431 336 
431 475 
431 502 
431 292 
431 386 
431 124 
431 42 
431 388 
431 217 
431 190 
431 221 
431 266 
431 445 
431 231 
431 56 
431 330 
431 29 
431 63 
431 309 
431 343 
431 449 
431 473 
431 503 
431 415 
431 109 
431 409 
431 50 
431 156 
431 300 
431 328 
431 96 
431 338 
431 163 
431 439 
431 290 
431 1 
431 136 
431 513 
431 77 
431 406 
431 195 
431 312 
431 365 
431 73 
431 192 
431 147 
431 425 
431 92 
431 45 
431 483 
431 113 
431 26 
431 272 
431 179 
431 486 
431 84 
431 482 
431 392 
431 349 
431 351 
431 165 
431 341 
431 283 
431 263 
431 530 
431 146 
431 508 
431 270 
431 53 
431 86 
431 342 
431 130 
431 474 
431 317 
431 258 
431 149 
431 100 
431 104 
431 177 
431 82 
431 284 
431 515 
431 126 
431 219 
431 337 
431 145 
431 22 
431 499 
431 31 
431 430 
431 102 
431 438 
431 460 
431 61 
431 194 
431 459 
431 241 
431 501 
431 524 
431 33 
431 6 
431 13 
431 466 
431 451 
431 476 
431 59 
431 181 
431 238 
431 37 
431 335 
431 187 
431 495 
432 370 
432 295 
432 38 
432 400 
432 77 
432 272 
432 239 
432 446 
432 177 
432 331 
432 301 
432 338 
432 472 
432 125 
432 183 
432 495 
432 150 
432 138 
432 259 
432 16 
432 67 
432 191 
432 136 
432 83 
432 318 
432 376 
432 202 
432 208 
432 517 
432 95 
432 117 
432 160 
432 262 
432 519 
432 512 
432 290 
432 453 
432 164 
432 531 
432 13 
432 345 
432 46 
432 71 
432 349 
432 128 
432 364 
432 266 
432 221 
432 351 
432 174 
432 298 
432 6 
432 205 
432 498 
432 114 
432 360 
432 189 
432 462 
432 275 
432 299 
432 0 
432 188 
432 284 
432 210 
432 195 
432 336 
432 476 
432 307 
432 88 
432 185 
432 41 
432 314 
432 304 
432 196 
432 451 
432 454 
432 470 
432 285 
432 186 
432 167 
432 181 
432 43 
432 49 
432 291 
432 33 
432 458 
432 233 
432 141 
432 332 
432 108 
432 379 
432 131 
432 218 
432 110 
432 367 
432 490 
432 348 
432 478 
432 204 
432 87 
432 418 
432 289 
432 509 
432 515 
432 527 
432 390 
432 198 
432 209 
432 102 
432 435 
432 391 
432 45 
432 245 
432 97 
432 69 
432 488 
432 70 
432 143 
432 361 
432 308 
432 124 
432 328 
432 127 
432 17 
432 2 
432 234 
432 497 
432 78 
432 190 
432 53 
432 100 
432 173 
432 405 
432 452 
432 153 
432 369 
432 242 
432 250 
432 230 
432 15 
432 35 
432 327 
432 89 
432 407 
432 130 
432 467 
432 402 
432 19 
432 58 
432 420 
432 503 
432 411 
432 456 
432 422 
432 399 
432 341 
432 68 
432 31 
432 243 
432 459 
432 32 
432 484 
432 389 
432 55 
432 155 
432 425 
432 516 
433 163 
433 112 
433 301 
433 478 
433 104 
433 213 
433 520 
433 49 
433 467 
433 48 
433 109 
433 315 
433 280 
433 275 
433 21 
433 94 
433 237 
433 448 
433 453 
433 20 
433 340 
433 354 
433 417 
433 485 
433 147 
433 123 
433 165 
433 300 
433 358 
433 141 
433 359 
433 264 
433 390 
433 466 
433 413 
433 56 
433 363 
433 281 
433 450 
433 136 
433 475 
433 101 
433 492 
433 465 
433 55 
433 89 
433 207 
433 43 
433 206 
433 2 
433 438 
433 405 
433 255 
433 279 
433 224 
433 225 
433 470 
433 117 
433 284 
433 482 
433 227 
433 288 
433 70 
433 83 
433 57 
433 307 
433 156 
433 295 
433 414 
433 202 
433 185 
433 51 
433 368 
433 4 
433 186 
433 53 
433 424 
433 196 
433 308 
433 90 
433 325 
433 135 
433 402 
433 192 
433 170 
433 447 
433 31 
433 24 
433 151 
433 451 
433 19 
433 396 
433 129 
433 503 
433 369 
433 122 
433 508 
433 47 
433 216 
433 347 
433 120 
433 518 
433 406 
433 412 
433 379 
433 483 
433 510 
433 452 
433 332 
433 515 
433 64 
433 5 
433 399 
433 184 
433 468 
433 79 
433 262 
433 124 
433 495 
433 71 
433 426 
433 167 
433 294 
433 153 
433 81 
433 274 
433 436 
433 36 
433 58 
433 38 
433 524 
433 228 
433 133 
433 444 
433 526 
433 244 
433 92 
434 65 
434 478 
434 470 
434 217 
434 199 
434 63 
434 248 
434 336 
434 446 
434 170 
434 273 
434 331 
434 25 
434 97 
434 304 
434 387 
434 198 
434 361 
434 74 
434 111 
434 176 
434 335 
434 212 
434 86 
434 288 
434 235 
434 93 
434 66 
434 240 
434 42 
434 344 
434 16 
434 515 
434 73 
434 467 
434 239 
434 423 
434 232 
434 318 
434 453 
434 503 
434 291 
434 202 
434 30 
434 152 
434 71 
434 522 
434 404 
434 38 
434 425 
434 437 
434 192 
434 323 
434 272 
434 218 
434 14 
434 129 
434 177 
434 319 
434 17 
434 512 
434 401 
434 224 
434 40 
434 465 
434 252 
434 347 
434 333 
434 123 
434 457 
434 69 
434 311 
434 263 
434 246 
434 362 
434 33 
434 269 
434 373 
434 324 
434 427 
434 430 
434 443 
434 517 
434 464 
434 321 
434 20 
434 114 
434 276 
434 82 
434 145 
434 134 
434 529 
434 419 
434 195 
434 126 
434 104 
434 305 
434 340 
434 459 
434 241 
434 527 
434 409 
434 334 
434 490 
434 84 
434 102 
434 204 
434 259 
434 496 
434 313 
434 7 
434 265 
434 477 
434 267 
434 245 
434 345 
434 231 
434 455 
434 27 
434 290 
434 78 
434 185 
434 356 
434 528 
434 524 
434 355 
434 173 
434 388 
434 257 
434 1 
434 112 
434 242 
434 181 
434 87 
434 157 
434 260 
434 460 
434 329 
434 518 
434 268 
434 197 
434 79 
434 124 
434 236 
434 296 
434 35 
434 119 
434 523 
434 237 
434 484 
434 350 
434 371 
434 339 
434 358 
434 21 
434 15 
434 412 
434 327 
434 299 
434 308 
434 384 
434 369 
434 410 
434 287 
434 365 
434 121 
434 138 
434 352 
434 280 
435 383 
435 421 
435 122 
435 356 
435 337 
435 302 
435 498 
435 198 
435 470 
435 350 
435 331 
435 68 
435 370 
435 40 
435 159 
435 141 
435 212 
435 45 
435 126 
435 374 
435 138 
435 53 
435 491 
435 278 
435 400 
435 200 
435 493 
435 480 
435 285 
435 21 
435 391 
435 282 
435 279 
435 352 
435 147 
435 295 
435 428 
435 442 
435 8 
435 156 
435 192 
435 305 
435 190 
435 365 
435 47 
435 313 
435 161 
435 131 
435 311 
435 448 
435 372 
435 301 
435 33 
435 99 
435 397 
435 231 
435 208 
435 184 
435 171 
435 276 
435 462 
435 73 
435 501 
435 202 
435 489 
435 104 
435 12 
435 83 
435 449 
435 528 
435 71 
435 77 
435 499 
435 401 
435 180 
435 132 
435 107 
435 151 
435 118 
435 48 
435 256 
435 271 
435 153 
435 494 
435 328 
435 18 
435 487 
435 346 
435 322 
435 128 
435 204 
435 509 
435 234 
435 399 
435 476 
435 380 
435 330 
435 255 
435 303 
435 193 
435 245 
435 366 
435 274 
435 436 
435 408 
435 117 
435 340 
435 326 
435 133 
435 264 
435 345 
435 36 
435 395 
435 194 
435 91 
435 432 
435 13 
435 355 
435 119 
435 62 
435 247 
435 106 
435 513 
435 404 
435 146 
435 191 
435 97 
435 403 
435 233 
435 258 
435 299 
435 524 
435 300 
435 218 
435 203 
435 135 
435 110 
435 139 
435 17 
435 177 
435 481 
435 60 
435 514 
435 163 
435 360 
435 456 
435 507 
435 277 
435 361 
435 123 
435 232 
435 324 
435 65 
435 349 
435 286 
436 441 
436 132 
436 185 
436 409 
436 2 
436 236 
436 113 
436 338 
436 367 
436 446 
436 117 
436 114 
436 180 
436 98 
436 206 
436 112 
436 460 
436 406 
436 295 
436 4 
436 223 
436 102 
436 279 
436 225 
436 391 
436 211 
436 67 
436 516 
436 297 
436 374 
436 286 
436 459 
436 449 
436 278 
436 245 
436 382 
436 398 
436 82 
436 193 
436 462 
436 48 
436 395 
436 159 
436 453 
436 213 
436 524 
436 9 
436 250 
436 215 
436 293 
436 267 
436 423 
436 133 
436 512 
436 16 
436 89 
436 370 
436 386 
436 222 
436 184 
436 322 
436 346 
436 60 
436 353 
436 469 
436 208 
436 5 
436 61 
436 463 
436 404 
436 283 
436 309 
436 178 
436 294 
436 403 
436 261 
436 239 
436 526 
436 198 
436 128 
436 422 
436 238 
436 277 
436 480 
436 483 
436 509 
436 249 
436 429 
436 93 
436 451 
436 201 
436 371 
436 205 
436 183 
436 248 
436 39 
436 108 
436 455 
436 227 
436 49 
436 440 
436 234 
436 228 
436 435 
436 465 
436 401 
436 123 
436 69 
436 119 
436 419 
436 145 
436 164 
436 479 
436 499 
436 347 
436 329 
436 437 
436 468 
436 384 
436 91 
436 519 
436 444 
436 396 
436 126 
436 73 
436 124 
436 161 
436 458 
436 187 
436 83 
436 415 
436 157 
436 316 
436 95 
436 285 
436 326 
436 345 
436 210 
436 430 
436 58 
436 456 
436 485 
436 335 
436 65 
436 500 
436 327 
436 418 
436 52 
436 443 
436 176 
436 50 
436 433 
436 269 
436 276 
436 256 
436 375 
436 137 
436 34 
436 388 
436 376 
436 325 
436 143 
436 354 
436 372 
436 186 
436 280 
436 417 
436 314 
436 366 
437 453 
437 276 
437 401 
437 321 
437 81 
437 371 
437 45 
437 183 
437 273 
437 222 
437 95 
437 211 
437 351 
437 404 
437 343 
437 423 
437 136 
437 463 
437 50 
437 258 
437 354 
437 310 
437 516 
437 30 
437 197 
437 489 
437 153 
437 255 
437 454 
437 265 
437 98 
437 361 
437 36 
437 146 
437 113 
437 434 
437 504 
437 526 
437 13 
437 472 
437 200 
437 377 
437 9 
437 139 
437 427 
437 253 
437 288 
437 234 
437 530 
437 396 
437 386 
437 106 
437 306 
437 383 
437 235 
437 249 
437 38 
437 105 
437 21 
437 74 
437 33 
437 498 
437 356 
437 121 
437 20 
437 518 
437 209 
437 440 
437 290 
437 329 
437 380 
437 148 
437 161 
437 14 
437 15 
437 451 
437 257 
437 368 
437 529 
437 510 
437 16 
437 497 
437 243 
437 508 
437 411 
437 168 
437 64 
437 322 
437 302 
437 97 
437 162 
437 525 
437 155 
437 58 
437 212 
437 492 
437 226 
437 439 
437 334 
437 204 
437 214 
437 394 
437 137 
437 238 
437 0 
437 365 
437 188 
437 144 
437 436 
437 160 
437 37 
437 201 
437 11 
437 239 
437 444 
437 420 
437 378 
437 466 
437 127 
437 385 
437 316 
437 460 
437 398 
437 442 
437 479 
437 312 
437 39 
437 514 
437 505 
437 69 
437 141 
437 272 
437 456 
437 232 
437 478 
437 132 
437 299 
437 189 
437 57 
437 485 
437 229 
437 199 
437 260 
437 210 
437 261 
437 247 
437 370 
437 92 
437 207 
437 180 
437 111 
437 328 
437 475 
438 486 
438 417 
438 237 
438 127 
438 155 
438 405 
438 249 
438 260 
438 362 
438 493 
438 341 
438 503 
438 75 
438 108 
438 216 
438 424 
438 221 
438 98 
438 400 
438 364 
438 414 
438 60 
438 2 
438 254 
438 139 
438 223 
438 195 
438 398 
438 204 
438 355 
438 415 
438 322 
438 41 
438 473 
438 469 
438 16 
438 479 
438 410 
438 309 
438 67 
438 453 
438 103 
438 277 
438 464 
438 285 
438 150 
438 259 
438 404 
438 372 
438 29 
438 456 
438 511 
438 516 
438 157 
438 124 
438 224 
438 498 
438 206 
438 115 
438 418 
438 242 
438 212 
438 517 
438 43 
438 179 
438 425 
438 226 
438 131 
438 342 
438 180 
438 449 
438 433 
438 463 
438 508 
438 471 
438 123 
438 476 
438 107 
438 294 
438 233 
438 429 
438 265 
438 81 
438 387 
438 145 
438 205 
438 177 
438 271 
438 236 
438 501 
438 4 
438 225 
438 263 
438 350 
438 122 
438 386 
438 488 
438 187 
438 89 
438 182 
438 58 
438 279 
438 230 
438 358 
438 356 
438 394 
438 477 
438 207 
438 335 
438 378 
438 494 
438 287 
438 393 
438 470 
438 232 
438 290 
438 147 
438 105 
438 500 
438 210 
438 311 
438 135 
438 175 
438 451 
438 315 
438 24 
438 39 
438 134 
438 196 
438 421 
438 266 
438 359 
438 190 
438 419 
438 176 
438 184 
438 397 
438 218 
438 430 
438 460 
438 118 
438 308 
438 353 
438 62 
438 1 
438 284 
438 46 
438 302 
438 431 
438 125 
438 38 
438 467 
438 6 
438 346 
438 101 
438 379 
438 95 
438 304 
438 526 
438 116 
438 170 
438 186 
438 88 
438 264 
438 457 
438 96 
438 173 
438 149 
438 507 
438 442 
438 13 
438 5 
439 287 
439 191 
439 302 
439 184 
439 297 
439 102 
439 169 
439 65 
439 338 
439 148 
439 369 
439 525 
439 203 
439 281 
439 26 
439 20 
439 409 
439 201 
439 286 
439 293 
439 127 
439 510 
439 11 
439 359 
439 284 
439 271 
439 94 
439 59 
439 327 
439 387 
439 223 
439 415 
439 326 
439 9 
439 259 
439 323 
439 358 
439 396 
439 425 
439 119 
439 344 
439 531 
439 218 
439 276 
439 516 
439 408 
439 226 
439 84 
439 123 
439 158 
439 268 
439 494 
439 142 
439 248 
439 485 
439 172 
439 385 
439 395 
439 331 
439 89 
439 443 
439 178 
439 353 
439 373 
439 37 
439 189 
439 229 
439 124 
439 133 
439 134 
439 505 
439 450 
439 500 
439 444 
439 155 
439 288 
439 112 
439 251 
439 183 
439 277 
439 177 
439 294 
439 227 
439 347 
439 131 
439 71 
439 320 
439 445 
439 460 
439 354 
439 31 
439 188 
439 509 
439 63 
439 476 
439 340 
439 246 
439 392 
439 109 
439 456 
439 329 
439 333 
439 58 
439 192 
439 270 
439 382 
439 101 
439 269 
439 91 
439 431 
439 62 
439 240 
439 250 
439 300 
439 10 
439 106 
439 228 
439 99 
439 34 
439 87 
439 437 
439 514 
439 471 
439 442 
439 176 
439 100 
439 231 
439 186 
439 16 
439 467 
439 380 
439 159 
439 245 
439 483 
439 72 
439 253 
439 252 
439 255 
439 224 
439 330 
439 370 
439 325 
439 495 
439 426 
439 453 
439 342 
439 206 
439 496 
439 6 
439 419 
439 256 
439 423 
439 126 
439 86 
439 132 
439 474 
439 316 
439 414 
439 79 
439 143 
439 504 
439 346 
439 308 
439 524 
439 335 
439 361 
439 402 
439 25 
439 341 
439 258 
439 45 
439 95 
439 328 
439 319 
439 317 
439 499 
439 200 
439 481 
440 310 
440 481 
440 187 
440 498 
440 441 
440 245 
440 196 
440 508 
440 142 
440 61 
440 203 
440 16 
440 445 
440 409 
440 342 
440 407 
440 130 
440 286 
440 276 
440 411 
440 272 
440 378 
440 349 
440 358 
440 461 
440 306 
440 229 
440 194 
440 40 
440 45 
440 132 
440 398 
440 128 
440 7 
440 111 
440 421 
440 143 
440 380 
440 234 
440 243 
440 138 
440 82 
440 363 
440 221 
440 139 
440 97 
440 281 
440 437 
440 193 
440 274 
440 28 
440 313 
440 47 
440 495 
440 17 
440 318 
440 60 
440 529 
440 353 
440 108 
440 320 
440 350 
440 487 
440 106 
440 90 
440 466 
440 450 
440 137 
440 384 
440 446 
440 520 
440 67 
440 372 
440 436 
440 399 
440 98 
440 31 
440 371 
440 452 
440 242 
440 174 
440 365 
440 470 
440 415 
440 173 
440 121 
440 210 
440 99 
440 72 
440 95 
440 383 
440 66 
440 425 
440 58 
440 304 
440 73 
440 283 
440 490 
440 39 
440 444 
440 91 
440 70 
440 105 
440 328 
440 167 
440 473 
440 480 
440 519 
440 208 
440 403 
440 259 
440 294 
440 282 
440 462 
440 314 
440 368 
440 339 
440 117 
440 422 
440 158 
440 517 
440 148 
440 447 
440 222 
440 458 
440 190 
440 244 
440 387 
440 269 
440 1 
440 334 
440 55 
440 505 
440 3 
440 89 
440 202 
440 392 
440 375 
441 23 
441 206 
441 436 
441 44 
441 498 
441 98 
441 45 
441 291 
441 221 
441 92 
441 301 
441 406 
441 225 
441 440 
441 173 
441 448 
441 514 
441 122 
441 455 
441 248 
441 148 
441 204 
441 474 
441 363 
441 4 
441 9 
441 18 
441 154 
441 105 
441 79 
441 157 
441 138 
441 373 
441 254 
441 133 
441 220 
441 402 
441 447 
441 256 
441 472 
441 262 
441 146 
441 149 
441 418 
441 227 
441 421 
441 468 
441 313 
441 377 
441 20 
441 294 
441 163 
441 223 
441 342 
441 401 
441 491 
441 423 
441 110 
441 442 
441 510 
441 82 
441 22 
441 407 
441 378 
441 233 
441 249 
441 69 
441 364 
441 17 
441 113 
441 52 
441 65 
441 427 
441 200 
441 183 
441 34 
441 159 
441 411 
441 213 
441 48 
441 445 
441 64 
441 366 
441 3 
441 345 
441 519 
441 136 
441 100 
441 164 
441 410 
441 276 
441 303 
441 343 
441 530 
441 368 
441 443 
441 115 
441 116 
441 216 
441 181 
441 245 
441 107 
441 265 
441 483 
441 97 
441 177 
441 458 
441 318 
441 266 
441 279 
441 309 
441 352 
441 54 
441 168 
441 104 
441 194 
441 153 
441 370 
441 382 
441 118 
441 198 
441 176 
441 131 
441 186 
441 417 
441 26 
441 522 
441 336 
441 317 
441 328 
441 217 
441 502 
441 344 
441 191 
441 372 
441 422 
441 507 
441 236 
441 190 
441 57 
441 284 
441 355 
441 475 
441 430 
441 195 
441 484 
441 59 
441 357 
441 172 
441 7 
441 509 
441 350 
441 134 
441 202 
441 395 
442 274 
442 50 
442 215 
442 61 
442 389 
442 416 
442 346 
442 378 
442 344 
442 247 
442 250 
442 294 
442 97 
442 302 
442 301 
442 340 
442 335 
442 35 
442 251 
442 512 
442 348 
442 402 
442 92 
442 70 
442 15 
442 362 
442 212 
442 205 
442 445 
442 275 
442 229 
442 284 
442 431 
442 166 
442 510 
442 407 
442 327 
442 276 
442 157 
442 150 
442 403 
442 435 
442 458 
442 96 
442 83 
442 358 
442 355 
442 523 
442 9 
442 21 
442 531 
442 2 
442 356 
442 240 
442 0 
442 72 
442 490 
442 516 
442 307 
442 152 
442 412 
442 242 
442 203 
442 46 
442 260 
442 441 
442 487 
442 182 
442 466 
442 82 
442 255 
442 413 
442 175 
442 315 
442 296 
442 443 
442 230 
442 84 
442 424 
442 94 
442 169 
442 156 
442 384 
442 452 
442 313 
442 420 
442 417 
442 464 
442 324 
442 337 
442 364 
442 140 
442 529 
442 28 
442 58 
442 455 
442 392 
442 325 
442 409 
442 410 
442 179 
442 439 
442 400 
442 397 
442 39 
442 415 
442 234 
442 370 
442 65 
442 14 
442 180 
442 209 
442 241 
442 336 
442 477 
442 492 
442 293 
442 360 
442 73 
442 437 
442 121 
442 221 
442 88 
442 272 
442 489 
442 100 
442 148 
442 278 
442 299 
442 411 
442 222 
442 224 
442 263 
442 311 
442 524 
442 465 
442 459 
442 303 
442 40 
442 101 
442 382 
442 60 
442 291 
442 62 
442 81 
442 223 
442 77 
442 93 
442 186 
442 114 
442 265 
442 316 
442 216 
442 208 
442 245 
442 438 
442 105 
442 23 
443 181 
443 394 
443 337 
443 160 
443 252 
443 31 
443 320 
443 379 
443 388 
443 341 
443 400 
443 460 
443 1 
443 194 
443 396 
443 286 
443 182 
443 335 
443 352 
443 69 
443 95 
443 129 
443 102 
443 53 
443 13 
443 226 
443 39 
443 49 
443 247 
443 60 
443 477 
443 332 
443 387 
443 177 
443 381 
443 154 
443 276 
443 319 
443 264 
443 132 
443 444 
443 79 
443 312 
443 424 
443 333 
443 350 
443 59 
443 475 
443 462 
443 123 
443 345 
443 439 
443 392 
443 412 
443 19 
443 294 
443 202 
443 517 
443 240 
443 237 
443 354 
443 71 
443 429 
443 90 
443 399 
443 290 
443 162 
443 416 
443 248 
443 482 
443 211 
443 274 
443 442 
443 131 
443 434 
443 491 
443 165 
443 347 
443 100 
443 523 
443 172 
443 316 
443 338 
443 351 
443 116 
443 382 
443 110 
443 206 
443 481 
443 152 
443 83 
443 391 
443 108 
443 283 
443 84 
443 516 
443 518 
443 377 
443 113 
443 242 
443 441 
443 467 
443 463 
443 466 
443 112 
443 403 
443 366 
443 234 
443 215 
443 40 
443 454 
443 101 
443 149 
443 374 
443 343 
443 73 
443 256 
443 322 
443 340 
443 10 
443 269 
443 26 
443 238 
443 511 
443 65 
443 472 
443 267 
443 23 
443 135 
443 241 
443 370 
443 530 
443 358 
443 219 
443 302 
443 105 
443 291 
443 325 
443 336 
443 205 
443 82 
443 364 
443 436 
443 383 
443 36 
443 326 
443 119 
443 158 
443 15 
443 380 
443 173 
443 109 
443 401 
443 421 
443 494 
443 157 
443 468 
443 255 
443 448 
443 144 
444 92 
444 260 
444 373 
444 340 
444 360 
444 210 
444 245 
444 6 
444 338 
444 310 
444 95 
444 506 
444 489 
444 100 
444 400 
444 51 
444 35 
444 490 
444 402 
444 516 
444 174 
444 305 
444 237 
444 149 
444 443 
444 345 
444 243 
444 188 
444 413 
444 136 
444 479 
444 4 
444 499 
444 525 
444 13 
444 446 
444 277 
444 469 
444 412 
444 374 
444 166 
444 364 
444 12 
444 90 
444 200 
444 457 
444 155 
444 329 
444 384 
444 366 
444 473 
444 158 
444 234 
444 175 
444 241 
444 513 
444 39 
444 317 
444 497 
444 41 
444 439 
444 172 
444 453 
444 385 
444 449 
444 475 
444 36 
444 269 
444 331 
444 274 
444 510 
444 406 
444 256 
444 294 
444 461 
444 318 
444 463 
444 78 
444 529 
444 103 
444 511 
444 261 
444 67 
444 85 
444 500 
444 391 
444 249 
444 410 
444 187 
444 93 
444 152 
444 55 
444 339 
444 224 
444 120 
444 34 
444 507 
444 494 
444 376 
444 417 
444 425 
444 474 
444 72 
444 108 
444 369 
444 163 
444 239 
444 171 
444 128 
444 57 
444 190 
444 88 
444 437 
444 81 
444 7 
444 326 
444 514 
444 519 
444 527 
444 436 
444 487 
444 43 
444 521 
444 440 
444 515 
444 3 
444 226 
444 227 
444 131 
444 56 
444 125 
444 350 
444 334 
444 311 
444 268 
444 222 
444 341 
444 392 
444 306 
444 275 
444 253 
444 390 
444 215 
444 220 
444 332 
444 183 
444 355 
444 144 
444 98 
444 319 
444 324 
444 281 
444 293 
444 303 
444 5 
444 240 
444 207 
444 181 
444 531 
444 433 
444 111 
444 24 
444 411 
445 76 
445 342 
445 368 
445 14 
445 301 
445 171 
445 50 
445 413 
445 423 
445 148 
445 174 
445 85 
445 513 
445 253 
445 459 
445 199 
445 464 
445 412 
445 70 
445 353 
445 79 
445 157 
445 357 
445 406 
445 440 
445 206 
445 442 
445 409 
445 361 
445 34 
445 152 
445 378 
445 224 
445 222 
445 150 
445 349 
445 117 
445 395 
445 62 
445 300 
445 478 
445 382 
445 477 
445 387 
445 124 
445 479 
445 273 
445 25 
445 144 
445 125 
445 43 
445 358 
445 501 
445 21 
445 145 
445 312 
445 500 
445 220 
445 414 
445 45 
445 11 
445 42 
445 470 
445 72 
445 163 
445 524 
445 60 
445 205 
445 8 
445 482 
445 424 
445 431 
445 131 
445 439 
445 246 
445 237 
445 155 
445 367 
445 258 
445 516 
445 393 
445 429 
445 184 
445 302 
445 202 
445 223 
445 122 
445 175 
445 498 
445 305 
445 354 
445 396 
445 441 
445 63 
445 269 
445 128 
445 9 
445 321 
445 473 
445 465 
445 37 
445 183 
445 355 
445 484 
445 1 
445 139 
445 200 
445 265 
445 392 
445 263 
445 30 
445 260 
445 234 
445 527 
445 334 
445 278 
445 185 
445 261 
445 350 
445 188 
445 530 
445 515 
445 293 
445 344 
445 210 
445 507 
445 296 
445 203 
445 16 
445 451 
445 505 
445 471 
445 28 
445 394 
445 52 
445 343 
445 475 
445 345 
445 12 
445 38 
445 457 
445 232 
445 19 
445 452 
445 73 
445 3 
445 340 
445 476 
445 526 
445 138 
445 192 
445 488 
445 379 
445 483 
445 319 
445 116 
445 522 
445 103 
445 187 
445 341 
445 149 
445 282 
446 527 
446 156 
446 397 
446 129 
446 436 
446 434 
446 360 
446 0 
446 432 
446 241 
446 507 
446 272 
446 142 
446 89 
446 513 
446 416 
446 2 
446 202 
446 61 
446 49 
446 509 
446 400 
446 212 
446 32 
446 472 
446 245 
446 247 
446 116 
446 496 
446 208 
446 382 
446 110 
446 78 
446 27 
446 477 
446 455 
446 512 
446 267 
446 166 
446 300 
446 117 
446 104 
446 399 
446 447 
446 222 
446 25 
446 452 
446 69 
446 72 
446 8 
446 118 
446 77 
446 359 
446 161 
446 444 
446 306 
446 259 
446 526 
446 275 
446 469 
446 199 
446 297 
446 324 
446 388 
446 448 
446 516 
446 233 
446 284 
446 206 
446 57 
446 74 
446 401 
446 418 
446 120 
446 98 
446 318 
446 97 
446 82 
446 422 
446 237 
446 415 
446 76 
446 148 
446 296 
446 100 
446 238 
446 514 
446 336 
446 248 
446 342 
446 466 
446 487 
446 488 
446 302 
446 186 
446 313 
446 321 
446 4 
446 80 
446 66 
446 471 
446 517 
446 440 
446 429 
446 63 
446 271 
446 384 
446 502 
446 304 
446 36 
446 240 
446 70 
446 46 
446 310 
446 138 
446 390 
446 146 
446 125 
446 285 
446 35 
446 329 
446 351 
446 119 
446 525 
446 467 
446 505 
446 421 
446 483 
446 352 
446 325 
446 244 
446 312 
446 155 
446 370 
446 197 
446 105 
446 485 
446 491 
446 406 
446 389 
446 523 
446 13 
446 201 
446 349 
446 430 
446 231 
446 478 
446 528 
446 6 
446 522 
446 255 
446 213 
446 167 
446 151 
446 425 
446 251 
446 84 
446 373 
446 288 
446 283 
446 280 
446 75 
446 530 
446 468 
446 134 
447 159 
447 25 
447 371 
447 2 
447 402 
447 353 
447 414 
447 370 
447 219 
447 202 
447 403 
447 225 
447 475 
447 31 
447 165 
447 79 
447 198 
447 87 
447 127 
447 325 
447 502 
447 350 
447 150 
447 182 
447 495 
447 33 
447 395 
447 519 
447 92 
447 252 
447 368 
447 305 
447 382 
447 505 
447 83 
447 330 
447 312 
447 190 
447 0 
447 191 
447 380 
447 396 
447 378 
447 309 
447 266 
447 235 
447 441 
447 354 
447 62 
447 446 
447 272 
447 123 
447 289 
447 246 
447 274 
447 300 
447 280 
447 45 
447 470 
447 176 
447 503 
447 250 
447 452 
447 14 
447 220 
447 510 
447 195 
447 49 
447 310 
447 299 
447 196 
447 521 
447 297 
447 80 
447 314 
447 134 
447 136 
447 131 
447 50 
447 323 
447 530 
447 393 
447 10 
447 106 
447 177 
447 117 
447 263 
447 18 
447 386 
447 524 
447 253 
447 409 
447 93 
447 238 
447 164 
447 133 
447 337 
447 34 
447 170 
447 459 
447 451 
447 90 
447 352 
447 311 
447 98 
447 517 
447 65 
447 174 
447 38 
447 375 
447 347 
447 322 
447 67 
447 214 
447 70 
447 260 
447 55 
447 13 
447 313 
447 110 
447 105 
447 413 
447 157 
447 465 
447 335 
447 277 
447 508 
447 383 
447 448 
447 390 
447 485 
447 107 
447 360 
447 399 
447 329 
447 433 
447 147 
447 281 
447 292 
447 218 
447 242 
447 333 
447 128 
447 344 
447 57 
447 230 
447 377 
447 339 
447 48 
447 223 
447 461 
447 419 
447 316 
447 357 
447 21 
447 321 
447 215 
447 379 
447 82 
447 200 
447 255 
447 463 
447 389 
447 340 
447 113 
447 24 
447 493 
447 173 
447 440 
447 59 
447 346 
447 160 
447 108 
447 153 
447 334 
447 528 
447 53 
447 264 
447 301 
447 479 
447 241 
447 511 
447 271 
448 1 
448 292 
448 465 
448 186 
448 266 
448 196 
448 441 
448 145 
448 102 
448 99 
448 379 
448 413 
448 309 
448 8 
448 495 
448 55 
448 520 
448 310 
448 62 
448 463 
448 94 
448 253 
448 25 
448 480 
448 512 
448 32 
448 205 
448 201 
448 116 
448 142 
448 166 
448 364 
448 10 
448 433 
448 71 
448 199 
448 39 
448 329 
448 232 
448 271 
448 58 
448 243 
448 325 
448 112 
448 476 
448 28 
448 254 
448 179 
448 373 
448 496 
448 328 
448 263 
448 416 
448 359 
448 429 
448 502 
448 312 
448 509 
448 80 
448 183 
448 108 
448 435 
448 30 
448 446 
448 12 
448 332 
448 19 
448 106 
448 358 
448 141 
448 135 
448 289 
448 119 
448 452 
448 389 
448 321 
448 118 
448 505 
448 163 
448 375 
448 531 
448 324 
448 306 
448 403 
448 305 
448 70 
448 340 
448 290 
448 117 
448 412 
448 514 
448 511 
448 218 
448 150 
448 236 
448 140 
448 154 
448 486 
448 178 
448 190 
448 81 
448 398 
448 115 
448 27 
448 231 
448 153 
448 300 
448 233 
448 258 
448 134 
448 177 
448 248 
448 147 
448 447 
448 157 
448 51 
448 376 
448 9 
448 377 
448 235 
448 82 
448 417 
448 530 
448 517 
448 164 
448 130 
448 493 
448 31 
448 393 
448 503 
448 38 
448 44 
448 88 
448 45 
448 369 
448 18 
448 474 
448 334 
448 308 
448 189 
448 72 
448 67 
448 220 
448 475 
448 91 
448 422 
448 478 
448 428 
448 295 
448 415 
448 78 
448 238 
448 131 
448 14 
448 526 
448 144 
448 457 
448 89 
448 443 
448 361 
448 230 
449 176 
449 11 
449 377 
449 512 
449 134 
449 15 
449 360 
449 231 
449 135 
449 322 
449 453 
449 400 
449 215 
449 101 
449 278 
449 3 
449 137 
449 267 
449 232 
449 132 
449 498 
449 165 
449 64 
449 305 
449 428 
449 478 
449 467 
449 357 
449 145 
449 182 
449 501 
449 155 
449 42 
449 436 
449 241 
449 198 
449 184 
449 9 
449 110 
449 147 
449 330 
449 181 
449 416 
449 366 
449 69 
449 27 
449 75 
449 207 
449 348 
449 343 
449 349 
449 469 
449 391 
449 298 
449 379 
449 264 
449 255 
449 502 
449 4 
449 127 
449 233 
449 172 
449 158 
449 90 
449 376 
449 206 
449 444 
449 273 
449 292 
449 294 
449 87 
449 229 
449 14 
449 435 
449 521 
449 438 
449 80 
449 171 
449 495 
449 308 
449 240 
449 342 
449 431 
449 50 
449 338 
449 401 
449 16 
449 256 
449 465 
449 365 
449 174 
449 114 
449 318 
449 364 
449 73 
449 78 
449 262 
449 404 
449 399 
449 250 
449 418 
449 513 
449 429 
449 249 
449 396 
449 242 
449 337 
449 347 
449 40 
449 515 
449 226 
449 39 
449 388 
449 472 
449 452 
449 421 
449 367 
449 93 
449 531 
449 230 
449 70 
449 522 
449 411 
449 351 
449 32 
449 179 
449 188 
449 201 
449 112 
449 197 
449 394 
449 310 
449 312 
449 527 
449 159 
449 269 
449 190 
449 138 
449 151 
449 368 
449 221 
449 122 
449 390 
449 489 
449 463 
449 192 
449 173 
449 199 
449 323 
449 222 
449 307 
449 258 
449 28 
449 520 
449 6 
449 170 
449 530 
449 141 
449 219 
449 479 
449 362 
449 276 
449 353 
449 97 
449 460 
449 178 
449 271 
449 252 
449 313 
449 528 
449 275 
449 160 
449 491 
449 10 
449 358 
450 11 
450 508 
450 125 
450 512 
450 501 
450 117 
450 252 
450 149 
450 12 
450 377 
450 483 
450 396 
450 144 
450 268 
450 333 
450 159 
450 509 
450 72 
450 140 
450 156 
450 217 
450 525 
450 131 
450 220 
450 339 
450 134 
450 404 
450 394 
450 89 
450 292 
450 284 
450 139 
450 352 
450 128 
450 188 
450 54 
450 362 
450 381 
450 388 
450 456 
450 511 
450 320 
450 147 
450 82 
450 44 
450 238 
450 505 
450 251 
450 304 
450 246 
450 253 
450 510 
450 102 
450 23 
450 439 
450 453 
450 499 
450 429 
450 433 
450 105 
450 223 
450 273 
450 282 
450 94 
450 150 
450 184 
450 130 
450 474 
450 464 
450 81 
450 38 
450 274 
450 210 
450 133 
450 3 
450 59 
450 232 
450 206 
450 342 
450 295 
450 91 
450 379 
450 421 
450 517 
450 30 
450 473 
450 120 
450 357 
450 440 
450 378 
450 397 
450 349 
450 305 
450 190 
450 20 
450 523 
450 45 
450 250 
450 79 
450 338 
450 317 
450 346 
450 148 
450 287 
450 267 
450 430 
450 306 
450 492 
450 380 
450 376 
450 498 
450 311 
450 229 
450 166 
450 46 
450 104 
450 152 
450 110 
450 99 
450 289 
450 491 
450 259 
450 363 
450 296 
450 16 
450 6 
450 198 
450 204 
450 307 
450 50 
450 221 
450 347 
450 226 
450 35 
450 80 
450 27 
450 527 
450 476 
450 428 
450 228 
450 385 
450 118 
450 240 
450 344 
450 171 
450 426 
450 194 
450 67 
450 410 
450 78 
450 103 
450 34 
450 127 
450 71 
450 66 
450 76 
450 398 
450 146 
450 332 
450 412 
450 482 
450 175 
450 155 
451 282 
451 384 
451 242 
451 133 
451 45 
451 17 
451 387 
451 73 
451 347 
451 137 
451 93 
451 53 
451 189 
451 476 
451 28 
451 41 
451 362 
451 241 
451 348 
451 506 
451 418 
451 339 
451 456 
451 486 
451 491 
451 350 
451 215 
451 75 
451 164 
451 126 
451 271 
451 457 
451 401 
451 206 
451 297 
451 236 
451 119 
451 103 
451 264 
451 516 
451 312 
451 78 
451 115 
451 499 
451 47 
451 233 
451 229 
451 363 
451 530 
451 385 
451 454 
451 341 
451 36 
451 328 
451 121 
451 480 
451 302 
451 253 
451 485 
451 467 
451 209 
451 280 
451 199 
451 455 
451 154 
451 66 
451 38 
451 157 
451 324 
451 59 
451 40 
451 432 
451 349 
451 404 
451 289 
451 39 
451 437 
451 6 
451 232 
451 258 
451 80 
451 417 
451 392 
451 249 
451 180 
451 357 
451 228 
451 447 
451 160 
451 166 
451 172 
451 355 
451 436 
451 26 
451 11 
451 33 
451 266 
451 98 
451 321 
451 519 
451 188 
451 462 
451 161 
451 475 
451 62 
451 124 
451 270 
451 521 
451 211 
451 68 
451 295 
451 307 
451 151 
451 488 
451 481 
451 125 
451 356 
451 433 
451 263 
451 382 
451 42 
451 526 
451 223 
451 498 
451 158 
451 438 
451 496 
451 367 
451 1 
451 334 
451 445 
451 371 
451 96 
451 265 
451 305 
451 272 
451 205 
451 368 
451 388 
451 159 
451 13 
451 474 
451 174 
451 527 
451 358 
451 248 
451 412 
451 14 
451 69 
451 343 
451 177 
451 146 
451 99 
451 361 
451 471 
451 461 
451 391 
451 27 
451 493 
451 19 
451 8 
451 495 
451 60 
451 190 
451 507 
451 431 
451 61 
451 224 
451 212 
451 21 
452 245 
452 364 
452 174 
452 185 
452 164 
452 151 
452 362 
452 55 
452 509 
452 84 
452 83 
452 458 
452 270 
452 234 
452 412 
452 252 
452 77 
452 267 
452 115 
452 86 
452 424 
452 381 
452 254 
452 369 
452 427 
452 163 
452 472 
452 53 
452 250 
452 198 
452 280 
452 219 
452 155 
452 168 
452 231 
452 420 
452 460 
452 291 
452 467 
452 241 
452 500 
452 121 
452 1 
452 10 
452 42 
452 31 
452 79 
452 446 
452 372 
452 113 
452 516 
452 447 
452 356 
452 368 
452 396 
452 341 
452 409 
452 246 
452 149 
452 146 
452 171 
452 385 
452 485 
452 469 
452 287 
452 98 
452 350 
452 204 
452 3 
452 4 
452 348 
452 499 
452 89 
452 281 
452 448 
452 481 
452 339 
452 119 
452 137 
452 511 
452 240 
452 430 
452 101 
452 426 
452 461 
452 292 
452 530 
452 308 
452 75 
452 442 
452 130 
452 11 
452 361 
452 15 
452 142 
452 391 
452 478 
452 456 
452 482 
452 360 
452 477 
452 26 
452 375 
452 301 
452 170 
452 116 
452 261 
452 518 
452 218 
452 140 
452 459 
452 39 
452 336 
452 310 
452 440 
452 35 
452 474 
452 236 
452 325 
452 449 
452 120 
452 229 
452 160 
452 184 
452 169 
452 242 
452 479 
452 37 
452 129 
452 380 
452 470 
452 68 
452 201 
452 514 
452 293 
452 187 
452 433 
452 57 
452 488 
452 259 
452 63 
452 104 
452 161 
452 2 
452 175 
452 445 
452 432 
452 6 
452 217 
452 463 
452 126 
452 182 
452 28 
452 333 
452 351 
452 247 
452 266 
452 244 
452 71 
452 213 
453 437 
453 86 
453 38 
453 216 
453 401 
453 184 
453 392 
453 5 
453 71 
453 88 
453 154 
453 479 
453 244 
453 449 
453 461 
453 133 
453 386 
453 95 
453 469 
453 486 
453 145 
453 117 
453 427 
453 234 
453 107 
453 15 
453 377 
453 471 
453 433 
453 37 
453 228 
453 225 
453 425 
453 468 
453 432 
453 273 
453 434 
453 438 
453 389 
453 512 
453 491 
453 333 
453 436 
453 310 
453 338 
453 295 
453 388 
453 365 
453 366 
453 481 
453 369 
453 212 
453 528 
453 419 
453 323 
453 258 
453 210 
453 118 
453 53 
453 165 
453 514 
453 312 
453 215 
453 191 
453 450 
453 316 
453 110 
453 421 
453 55 
453 18 
453 444 
453 199 
453 229 
453 352 
453 294 
453 415 
453 144 
453 384 
453 506 
453 525 
453 344 
453 256 
453 284 
453 36 
453 181 
453 130 
453 372 
453 371 
453 26 
453 11 
453 429 
453 206 
453 33 
453 155 
453 274 
453 423 
453 521 
453 180 
453 42 
453 79 
453 174 
453 255 
453 173 
453 91 
453 27 
453 51 
453 307 
453 349 
453 167 
453 105 
453 497 
453 478 
453 378 
453 407 
453 127 
453 135 
453 237 
453 166 
453 498 
453 302 
453 203 
453 122 
453 390 
453 516 
453 72 
453 477 
453 474 
453 64 
453 182 
453 187 
453 290 
453 214 
453 87 
453 179 
453 31 
453 510 
453 335 
453 511 
453 157 
453 456 
453 406 
453 197 
453 513 
453 439 
453 473 
453 198 
453 138 
453 359 
453 40 
453 309 
453 13 
453 16 
453 517 
453 308 
453 185 
453 301 
453 9 
453 146 
453 211 
453 247 
453 259 
453 240 
453 265 
453 222 
453 373 
453 346 
453 315 
453 502 
453 245 
453 188 
453 137 
453 319 
453 248 
453 219 
453 518 
453 362 
453 50 
453 159 
453 34 
454 110 
454 334 
454 412 
454 40 
454 251 
454 192 
454 39 
454 230 
454 160 
454 254 
454 484 
454 202 
454 525 
454 382 
454 489 
454 143 
454 302 
454 154 
454 111 
454 87 
454 26 
454 72 
454 486 
454 184 
454 365 
454 246 
454 215 
454 228 
454 509 
454 461 
454 477 
454 311 
454 379 
454 474 
454 512 
454 145 
454 241 
454 121 
454 278 
454 419 
454 519 
454 506 
454 279 
454 183 
454 470 
454 437 
454 16 
454 63 
454 173 
454 285 
454 52 
454 226 
454 426 
454 330 
454 325 
454 0 
454 298 
454 37 
454 451 
454 78 
454 41 
454 129 
454 253 
454 414 
454 31 
454 48 
454 399 
454 106 
454 1 
454 529 
454 190 
454 370 
454 148 
454 380 
454 367 
454 284 
454 84 
454 237 
454 457 
454 49 
454 341 
454 487 
454 232 
454 13 
454 306 
454 432 
454 282 
454 417 
454 464 
454 2 
454 14 
454 337 
454 247 
454 257 
454 331 
454 280 
454 476 
454 212 
454 514 
454 383 
454 71 
454 75 
454 68 
454 19 
454 366 
454 492 
454 217 
454 191 
454 398 
454 524 
454 459 
454 368 
454 58 
454 73 
454 429 
454 522 
454 113 
454 443 
454 318 
454 134 
454 372 
454 507 
454 481 
454 339 
454 196 
454 194 
454 53 
454 9 
454 415 
454 389 
454 205 
454 344 
454 336 
454 116 
454 425 
454 350 
454 420 
454 227 
454 142 
454 397 
454 268 
454 286 
454 289 
454 324 
454 159 
454 473 
454 406 
454 359 
454 233 
454 221 
454 18 
454 309 
454 5 
454 65 
454 520 
454 267 
454 45 
454 15 
454 162 
454 56 
454 288 
454 67 
454 161 
454 137 
454 523 
454 369 
454 472 
454 223 
454 357 
455 248 
455 98 
455 265 
455 107 
455 57 
455 430 
455 11 
455 23 
455 424 
455 137 
455 521 
455 475 
455 317 
455 192 
455 441 
455 267 
455 376 
455 360 
455 250 
455 54 
455 428 
455 171 
455 124 
455 467 
455 200 
455 446 
455 460 
455 297 
455 214 
455 27 
455 530 
455 332 
455 509 
455 86 
455 141 
455 294 
455 306 
455 369 
455 239 
455 258 
455 261 
455 153 
455 228 
455 304 
455 136 
455 359 
455 328 
455 59 
455 169 
455 342 
455 295 
455 485 
455 296 
455 118 
455 176 
455 35 
455 94 
455 504 
455 334 
455 104 
455 162 
455 410 
455 154 
455 152 
455 126 
455 135 
455 466 
455 262 
455 451 
455 264 
455 179 
455 269 
455 0 
455 350 
455 497 
455 93 
455 242 
455 187 
455 146 
455 389 
455 134 
455 398 
455 385 
455 100 
455 422 
455 519 
455 515 
455 102 
455 471 
455 429 
455 341 
455 361 
455 121 
455 476 
455 391 
455 43 
455 193 
455 47 
455 520 
455 436 
455 132 
455 244 
455 462 
455 79 
455 442 
455 139 
455 64 
455 129 
455 386 
455 479 
455 434 
455 142 
455 316 
455 74 
455 362 
455 503 
455 61 
455 409 
455 255 
455 58 
455 224 
455 18 
455 278 
455 157 
455 354 
455 26 
455 55 
455 226 
455 131 
455 148 
455 110 
455 526 
455 159 
455 236 
455 117 
455 396 
455 32 
455 245 
455 336 
455 122 
455 365 
455 232 
455 53 
455 351 
455 230 
455 514 
455 401 
455 172 
455 392 
455 324 
455 525 
455 288 
455 314 
455 21 
455 220 
455 425 
455 216 
455 302 
455 415 
455 400 
455 473 
455 222 
455 46 
455 12 
455 512 
455 470 
455 413 
455 206 
456 484 
456 146 
456 287 
456 361 
456 60 
456 186 
456 271 
456 385 
456 270 
456 283 
456 278 
456 325 
456 268 
456 495 
456 144 
456 205 
456 494 
456 302 
456 407 
456 98 
456 16 
456 423 
456 369 
456 65 
456 122 
456 232 
456 352 
456 528 
456 276 
456 513 
456 376 
456 166 
456 451 
456 247 
456 151 
456 307 
456 279 
456 523 
456 224 
456 450 
456 285 
456 463 
456 137 
456 264 
456 0 
456 524 
456 462 
456 288 
456 408 
456 531 
456 169 
456 41 
456 111 
456 483 
456 194 
456 438 
456 158 
456 489 
456 377 
456 336 
456 296 
456 358 
456 370 
456 78 
456 120 
456 466 
456 274 
456 139 
456 392 
456 189 
456 343 
456 380 
456 344 
456 389 
456 18 
456 460 
456 467 
456 363 
456 403 
456 236 
456 354 
456 89 
456 15 
456 173 
456 487 
456 226 
456 101 
456 333 
456 521 
456 176 
456 418 
456 229 
456 235 
456 527 
456 284 
456 332 
456 491 
456 439 
456 23 
456 208 
456 452 
456 211 
456 7 
456 135 
456 402 
456 412 
456 506 
456 163 
456 421 
456 47 
456 171 
456 245 
456 238 
456 530 
456 81 
456 405 
456 168 
456 371 
456 511 
456 306 
456 359 
456 364 
456 202 
456 409 
456 504 
456 411 
456 453 
456 31 
456 149 
456 430 
456 46 
456 30 
456 155 
456 492 
456 322 
456 378 
456 437 
456 99 
456 436 
456 190 
456 429 
456 170 
456 262 
456 522 
456 26 
456 188 
456 422 
456 465 
456 391 
456 435 
456 117 
456 508 
456 153 
456 432 
456 69 
456 100 
456 424 
456 53 
456 157 
456 83 
457 309 
457 207 
457 84 
457 369 
457 431 
457 258 
457 499 
457 32 
457 358 
457 287 
457 514 
457 378 
457 150 
457 157 
457 83 
457 164 
457 38 
457 4 
457 79 
457 327 
457 424 
457 504 
457 94 
457 6 
457 391 
457 511 
457 231 
457 260 
457 273 
457 54 
457 104 
457 118 
457 279 
457 451 
457 404 
457 89 
457 493 
457 321 
457 357 
457 226 
457 45 
457 517 
457 102 
457 394 
457 109 
457 467 
457 137 
457 263 
457 494 
457 195 
457 444 
457 219 
457 526 
457 326 
457 311 
457 313 
457 147 
457 507 
457 186 
457 294 
457 255 
457 518 
457 203 
457 434 
457 250 
457 335 
457 300 
457 454 
457 41 
457 348 
457 283 
457 500 
457 205 
457 488 
457 282 
457 177 
457 338 
457 244 
457 180 
457 318 
457 111 
457 179 
457 315 
457 107 
457 108 
457 92 
457 161 
457 251 
457 336 
457 353 
457 72 
457 317 
457 171 
457 352 
457 128 
457 351 
457 270 
457 22 
457 501 
457 184 
457 253 
457 462 
457 46 
457 135 
457 512 
457 106 
457 139 
457 257 
457 340 
457 47 
457 371 
457 120 
457 12 
457 7 
457 223 
457 189 
457 19 
457 240 
457 76 
457 334 
457 44 
457 25 
457 329 
457 373 
457 350 
457 236 
457 138 
457 187 
457 295 
457 56 
457 248 
457 393 
457 516 
457 460 
457 39 
457 445 
457 237 
457 49 
457 293 
457 396 
457 495 
457 372 
457 528 
457 239 
457 196 
457 414 
457 57 
457 398 
457 229 
457 134 
457 50 
457 392 
457 249 
457 86 
457 64 
457 438 
457 175 
457 87 
457 489 
457 448 
457 276 
457 232 
457 473 
457 130 
458 170 
458 207 
458 231 
458 185 
458 270 
458 312 
458 349 
458 236 
458 452 
458 63 
458 494 
458 488 
458 42 
458 220 
458 175 
458 461 
458 99 
458 39 
458 129 
458 320 
458 140 
458 248 
458 402 
458 14 
458 427 
458 109 
458 400 
458 204 
458 503 
458 163 
458 442 
458 327 
458 514 
458 371 
458 21 
458 498 
458 197 
458 322 
458 127 
458 228 
458 352 
458 176 
458 497 
458 30 
458 491 
458 125 
458 54 
458 487 
458 106 
458 478 
458 252 
458 182 
458 347 
458 378 
458 390 
458 296 
458 233 
458 299 
458 158 
458 372 
458 324 
458 244 
458 329 
458 346 
458 260 
458 408 
458 209 
458 256 
458 221 
458 367 
458 460 
458 432 
458 471 
458 242 
458 28 
458 37 
458 391 
458 135 
458 512 
458 26 
458 79 
458 417 
458 187 
458 486 
458 122 
458 459 
458 257 
458 36 
458 80 
458 523 
458 388 
458 504 
458 161 
458 154 
458 85 
458 282 
458 304 
458 134 
458 8 
458 179 
458 67 
458 200 
458 441 
458 308 
458 500 
458 359 
458 130 
458 46 
458 165 
458 273 
458 305 
458 34 
458 436 
458 156 
458 181 
458 148 
458 155 
458 387 
458 292 
458 49 
458 138 
458 215 
458 374 
458 384 
458 160 
458 91 
458 278 
458 266 
458 345 
458 18 
458 525 
458 227 
458 84 
458 440 
458 262 
458 466 
458 480 
458 420 
458 268 
458 2 
458 326 
458 13 
458 399 
458 476 
458 224 
459 334 
459 238 
459 130 
459 280 
459 13 
459 493 
459 382 
459 47 
459 304 
459 229 
459 398 
459 276 
459 311 
459 210 
459 445 
459 405 
459 385 
459 63 
459 321 
459 82 
459 211 
459 250 
459 225 
459 427 
459 152 
459 472 
459 516 
459 186 
459 41 
459 515 
459 0 
459 116 
459 358 
459 294 
459 473 
459 330 
459 421 
459 277 
459 436 
459 39 
459 111 
459 164 
459 31 
459 90 
459 77 
459 363 
459 316 
459 172 
459 275 
459 67 
459 214 
459 253 
459 89 
459 362 
459 157 
459 306 
459 3 
459 325 
459 179 
459 112 
459 128 
459 204 
459 252 
459 205 
459 488 
459 380 
459 17 
459 29 
459 428 
459 42 
459 138 
459 163 
459 15 
459 423 
459 478 
459 34 
459 75 
459 35 
459 512 
459 347 
459 518 
459 209 
459 113 
459 62 
459 375 
459 36 
459 329 
459 407 
459 1 
459 374 
459 135 
459 447 
459 466 
459 397 
459 339 
459 349 
459 237 
459 309 
459 480 
459 300 
459 194 
459 115 
459 332 
459 170 
459 144 
459 235 
459 434 
459 132 
459 359 
459 177 
459 143 
459 302 
459 458 
459 103 
459 224 
459 295 
459 452 
459 259 
459 400 
459 162 
459 376 
459 178 
459 320 
459 402 
459 198 
459 396 
459 401 
459 232 
459 317 
459 419 
459 454 
459 371 
459 145 
459 175 
459 464 
459 146 
459 56 
459 216 
459 121 
459 51 
459 102 
459 173 
459 267 
459 226 
459 356 
459 288 
459 279 
459 286 
459 6 
459 106 
459 305 
459 507 
459 495 
459 262 
459 212 
459 298 
459 442 
459 137 
459 416 
459 202 
459 333 
459 88 
459 422 
459 526 
459 200 
459 193 
459 70 
459 431 
459 167 
459 189 
459 180 
459 406 
459 324 
459 66 
459 290 
459 365 
459 19 
459 69 
459 432 
459 414 
459 185 
459 471 
459 174 
460 230 
460 73 
460 186 
460 297 
460 51 
460 483 
460 180 
460 136 
460 443 
460 364 
460 337 
460 134 
460 144 
460 436 
460 263 
460 95 
460 204 
460 15 
460 6 
460 404 
460 232 
460 148 
460 275 
460 472 
460 399 
460 149 
460 358 
460 72 
460 370 
460 466 
460 452 
460 38 
460 16 
460 455 
460 57 
460 269 
460 503 
460 522 
460 529 
460 39 
460 416 
460 509 
460 402 
460 202 
460 44 
460 415 
460 104 
460 227 
460 84 
460 427 
460 317 
460 359 
460 142 
460 463 
460 102 
460 355 
460 189 
460 384 
460 482 
460 401 
460 117 
460 174 
460 13 
460 480 
460 407 
460 193 
460 45 
460 456 
460 285 
460 390 
460 110 
460 114 
460 159 
460 439 
460 131 
460 281 
460 329 
460 458 
460 113 
460 166 
460 319 
460 372 
460 138 
460 265 
460 386 
460 336 
460 241 
460 345 
460 371 
460 417 
460 19 
460 162 
460 231 
460 394 
460 354 
460 506 
460 196 
460 403 
460 383 
460 479 
460 461 
460 69 
460 105 
460 330 
460 247 
460 356 
460 423 
460 300 
460 176 
460 367 
460 499 
460 357 
460 437 
460 27 
460 434 
460 322 
460 256 
460 147 
460 327 
460 184 
460 457 
460 374 
460 276 
460 462 
460 438 
460 0 
460 52 
460 208 
460 37 
460 107 
460 160 
460 282 
460 206 
460 431 
460 295 
460 126 
460 467 
460 164 
460 328 
460 449 
460 129 
460 248 
460 266 
460 333 
460 475 
460 270 
460 20 
460 303 
460 267 
460 103 
461 193 
461 53 
461 64 
461 250 
461 78 
461 90 
461 153 
461 499 
461 108 
461 402 
461 128 
461 86 
461 481 
461 74 
461 155 
461 171 
461 55 
461 453 
461 363 
461 150 
461 261 
461 458 
461 364 
461 119 
461 277 
461 530 
461 239 
461 482 
461 491 
461 412 
461 454 
461 462 
461 182 
461 464 
461 302 
461 208 
461 487 
461 493 
461 496 
461 129 
461 176 
461 326 
461 106 
461 75 
461 240 
461 14 
461 87 
461 406 
461 109 
461 113 
461 164 
461 440 
461 188 
461 22 
461 9 
461 146 
461 497 
461 279 
461 425 
461 173 
461 473 
461 484 
461 40 
461 32 
461 508 
461 343 
461 521 
461 340 
461 121 
461 132 
461 304 
461 225 
461 7 
461 2 
461 509 
461 466 
461 420 
461 483 
461 313 
461 525 
461 162 
461 352 
461 170 
461 444 
461 241 
461 452 
461 396 
461 71 
461 339 
461 84 
461 246 
461 229 
461 309 
461 159 
461 144 
461 231 
461 8 
461 273 
461 517 
461 502 
461 117 
461 384 
461 31 
461 196 
461 376 
461 93 
461 515 
461 252 
461 211 
461 292 
461 143 
461 92 
461 303 
461 369 
461 217 
461 460 
461 91 
461 76 
461 375 
461 199 
461 73 
461 237 
461 236 
461 220 
461 498 
461 142 
461 424 
461 418 
461 414 
461 297 
461 244 
461 44 
461 281 
461 478 
461 447 
461 429 
461 238 
461 315 
461 160 
461 344 
461 500 
461 522 
461 296 
461 362 
461 131 
461 283 
461 216 
461 254 
461 17 
461 392 
461 422 
461 295 
461 82 
461 136 
461 345 
461 124 
461 451 
461 202 
461 65 
461 167 
461 149 
461 486 
461 276 
461 178 
461 98 
461 314 
461 184 
461 528 
461 89 
461 218 
461 393 
461 118 
461 102 
461 529 
461 249 
461 504 
461 206 
462 361 
462 497 
462 144 
462 29 
462 50 
462 44 
462 415 
462 382 
462 411 
462 256 
462 64 
462 288 
462 116 
462 305 
462 471 
462 80 
462 162 
462 426 
462 505 
462 355 
462 322 
462 119 
462 8 
462 171 
462 101 
462 412 
462 187 
462 461 
462 228 
462 218 
462 203 
462 377 
462 510 
462 76 
462 151 
462 436 
462 115 
462 93 
462 238 
462 185 
462 147 
462 191 
462 456 
462 345 
462 307 
462 285 
462 344 
462 19 
462 443 
462 262 
462 188 
462 400 
462 154 
462 513 
462 131 
462 432 
462 394 
462 69 
462 200 
462 166 
462 387 
462 276 
462 413 
462 435 
462 530 
462 475 
462 145 
462 293 
462 248 
462 25 
462 49 
462 65 
462 298 
462 463 
462 376 
462 495 
462 325 
462 252 
462 314 
462 508 
462 364 
462 286 
462 127 
462 140 
462 304 
462 469 
462 95 
462 327 
462 326 
462 490 
462 63 
462 352 
462 343 
462 451 
462 472 
462 137 
462 430 
462 223 
462 455 
462 236 
462 457 
462 392 
462 527 
462 531 
462 525 
462 14 
462 135 
462 477 
462 23 
462 97 
462 168 
462 212 
462 310 
462 26 
462 198 
462 190 
462 46 
462 13 
462 104 
462 351 
462 329 
462 165 
462 194 
462 239 
462 467 
462 460 
462 31 
462 241 
462 440 
462 358 
462 338 
462 267 
462 296 
462 404 
462 242 
462 146 
462 520 
462 16 
462 235 
462 59 
462 197 
462 428 
462 269 
462 479 
462 378 
462 178 
462 265 
462 306 
462 209 
462 509 
462 7 
462 357 
462 319 
462 511 
463 177 
463 60 
463 201 
463 301 
463 481 
463 38 
463 178 
463 506 
463 252 
463 52 
463 306 
463 109 
463 520 
463 512 
463 437 
463 273 
463 267 
463 28 
463 448 
463 37 
463 262 
463 295 
463 377 
463 318 
463 362 
463 303 
463 193 
463 514 
463 389 
463 122 
463 220 
463 402 
463 105 
463 198 
463 292 
463 152 
463 136 
463 507 
463 487 
463 244 
463 456 
463 194 
463 369 
463 350 
463 187 
463 488 
463 521 
463 516 
463 97 
463 115 
463 142 
463 376 
463 95 
463 76 
463 156 
463 501 
463 23 
463 133 
463 96 
463 0 
463 460 
463 213 
463 493 
463 183 
463 286 
463 106 
463 366 
463 386 
463 356 
463 149 
463 73 
463 184 
463 264 
463 436 
463 47 
463 121 
463 257 
463 438 
463 462 
463 128 
463 348 
463 161 
463 80 
463 185 
463 175 
463 510 
463 444 
463 528 
463 477 
463 222 
463 171 
463 330 
463 496 
463 274 
463 239 
463 141 
463 21 
463 324 
463 79 
463 12 
463 319 
463 284 
463 494 
463 346 
463 265 
463 497 
463 310 
463 69 
463 223 
463 126 
463 443 
463 381 
463 172 
463 86 
463 426 
463 26 
463 395 
463 279 
463 256 
463 118 
463 146 
463 22 
463 289 
463 482 
463 158 
463 294 
463 518 
463 130 
463 249 
463 331 
463 475 
463 62 
463 522 
463 153 
463 144 
463 19 
463 449 
463 87 
463 347 
463 409 
463 117 
463 197 
463 139 
463 260 
463 16 
463 14 
463 523 
463 447 
463 418 
463 110 
463 268 
463 296 
463 287 
463 406 
463 413 
463 352 
463 145 
463 261 
463 452 
463 272 
463 407 
463 370 
463 129 
463 135 
463 367 
463 474 
463 354 
463 90 
464 391 
464 76 
464 152 
464 113 
464 203 
464 338 
464 361 
464 231 
464 205 
464 201 
464 303 
464 29 
464 107 
464 189 
464 175 
464 177 
464 40 
464 291 
464 305 
464 75 
464 445 
464 378 
464 493 
464 483 
464 88 
464 148 
464 138 
464 218 
464 330 
464 99 
464 461 
464 211 
464 477 
464 110 
464 66 
464 150 
464 267 
464 241 
464 283 
464 394 
464 68 
464 139 
464 438 
464 509 
464 226 
464 275 
464 482 
464 104 
464 353 
464 168 
464 121 
464 77 
464 499 
464 35 
464 423 
464 64 
464 128 
464 37 
464 246 
464 428 
464 250 
464 80 
464 7 
464 279 
464 503 
464 129 
464 515 
464 204 
464 474 
464 299 
464 450 
464 497 
464 302 
464 181 
464 317 
464 176 
464 382 
464 133 
464 67 
464 298 
464 140 
464 159 
464 160 
464 238 
464 380 
464 454 
464 262 
464 434 
464 502 
464 390 
464 479 
464 272 
464 87 
464 442 
464 179 
464 478 
464 495 
464 89 
464 58 
464 94 
464 417 
464 427 
464 339 
464 374 
464 188 
464 411 
464 60 
464 486 
464 164 
464 239 
464 311 
464 102 
464 510 
464 0 
464 359 
464 259 
464 530 
464 324 
464 326 
464 253 
464 459 
464 421 
464 187 
464 230 
464 415 
464 78 
464 43 
464 312 
464 38 
464 97 
464 52 
464 162 
464 409 
464 375 
464 397 
464 522 
464 300 
464 403 
464 491 
464 513 
464 153 
464 124 
464 245 
464 69 
464 473 
464 418 
464 122 
464 413 
464 277 
464 425 
464 32 
465 331 
465 363 
465 164 
465 469 
465 91 
465 448 
465 221 
465 170 
465 96 
465 282 
465 488 
465 57 
465 242 
465 396 
465 136 
465 166 
465 280 
465 82 
465 270 
465 384 
465 431 
465 343 
465 141 
465 217 
465 67 
465 504 
465 478 
465 147 
465 32 
465 224 
465 279 
465 481 
465 333 
465 226 
465 407 
465 385 
465 69 
465 496 
465 222 
465 228 
465 216 
465 351 
465 422 
465 372 
465 361 
465 392 
465 201 
465 89 
465 207 
465 223 
465 143 
465 81 
465 249 
465 419 
465 39 
465 225 
465 214 
465 85 
465 105 
465 309 
465 49 
465 180 
465 490 
465 418 
465 526 
465 287 
465 434 
465 41 
465 22 
465 304 
465 255 
465 232 
465 154 
465 102 
465 433 
465 301 
465 155 
465 144 
465 310 
465 377 
465 33 
465 355 
465 10 
465 390 
465 124 
465 256 
465 234 
465 485 
465 281 
465 354 
465 449 
465 339 
465 495 
465 265 
465 430 
465 149 
465 470 
465 160 
465 193 
465 311 
465 336 
465 48 
465 5 
465 366 
465 445 
465 71 
465 104 
465 447 
465 394 
465 436 
465 145 
465 487 
465 14 
465 376 
465 142 
465 315 
465 317 
465 491 
465 46 
465 325 
465 334 
465 297 
465 127 
465 156 
465 239 
465 314 
465 383 
465 240 
465 205 
465 524 
465 420 
465 322 
465 413 
465 194 
465 442 
465 162 
465 408 
465 324 
465 424 
465 456 
465 371 
465 152 
465 412 
465 415 
465 357 
465 501 
465 489 
465 37 
465 233 
465 340 
465 172 
465 158 
465 337 
465 330 
465 220 
465 188 
466 378 
466 6 
466 514 
466 367 
466 414 
466 423 
466 499 
466 113 
466 472 
466 269 
466 286 
466 487 
466 58 
466 341 
466 398 
466 40 
466 470 
466 383 
466 156 
466 374 
466 406 
466 144 
466 328 
466 60 
466 460 
466 145 
466 490 
466 313 
466 221 
466 344 
466 134 
466 197 
466 348 
466 55 
466 349 
466 362 
466 315 
466 28 
466 291 
466 526 
466 106 
466 522 
466 164 
466 211 
466 339 
466 23 
466 236 
466 498 
466 97 
466 366 
466 172 
466 256 
466 433 
466 379 
466 496 
466 456 
466 231 
466 253 
466 523 
466 260 
466 455 
466 111 
466 91 
466 8 
466 442 
466 356 
466 461 
466 395 
466 311 
466 510 
466 492 
466 177 
466 212 
466 329 
466 527 
466 301 
466 174 
466 275 
466 189 
466 267 
466 459 
466 446 
466 316 
466 232 
466 137 
466 440 
466 413 
466 146 
466 361 
466 501 
466 46 
466 185 
466 65 
466 180 
466 355 
466 404 
466 123 
466 157 
466 261 
466 382 
466 131 
466 140 
466 322 
466 530 
466 163 
466 42 
466 57 
466 443 
466 497 
466 54 
466 63 
466 272 
466 477 
466 266 
466 122 
466 112 
466 303 
466 338 
466 437 
466 485 
466 31 
466 277 
466 469 
466 37 
466 125 
466 417 
466 393 
466 297 
466 493 
466 10 
466 83 
466 279 
466 136 
466 238 
466 282 
466 246 
466 207 
466 179 
466 230 
466 302 
466 314 
466 502 
466 205 
466 169 
466 386 
466 484 
466 289 
466 51 
466 141 
466 41 
466 458 
466 0 
466 210 
466 489 
466 245 
466 431 
466 482 
466 25 
466 387 
466 372 
466 24 
466 480 
466 251 
466 357 
466 121 
466 101 
466 326 
466 276 
467 242 
467 252 
467 243 
467 166 
467 2 
467 505 
467 357 
467 359 
467 433 
467 48 
467 521 
467 346 
467 484 
467 319 
467 480 
467 254 
467 10 
467 343 
467 385 
467 449 
467 192 
467 270 
467 380 
467 420 
467 527 
467 342 
467 99 
467 417 
467 217 
467 434 
467 302 
467 455 
467 22 
467 452 
467 403 
467 100 
467 516 
467 258 
467 123 
467 422 
467 225 
467 153 
467 392 
467 105 
467 134 
467 457 
467 27 
467 44 
467 388 
467 424 
467 351 
467 305 
467 30 
467 172 
467 394 
467 303 
467 54 
467 356 
467 213 
467 16 
467 130 
467 119 
467 282 
467 451 
467 498 
467 245 
467 103 
467 338 
467 157 
467 307 
467 280 
467 200 
467 184 
467 483 
467 179 
467 456 
467 376 
467 59 
467 231 
467 237 
467 113 
467 383 
467 196 
467 348 
467 209 
467 49 
467 353 
467 226 
467 41 
467 370 
467 193 
467 102 
467 311 
467 335 
467 85 
467 161 
467 315 
467 366 
467 389 
467 364 
467 476 
467 170 
467 396 
467 129 
467 300 
467 240 
467 202 
467 323 
467 155 
467 414 
467 276 
467 43 
467 429 
467 425 
467 443 
467 306 
467 439 
467 206 
467 92 
467 354 
467 197 
467 381 
467 519 
467 207 
467 508 
467 275 
467 111 
467 428 
467 227 
467 492 
467 446 
467 220 
467 109 
467 74 
467 526 
467 229 
467 462 
467 251 
467 72 
467 387 
467 118 
467 256 
467 495 
467 52 
467 173 
467 400 
467 438 
467 246 
467 509 
467 460 
467 432 
467 504 
467 176 
467 219 
467 471 
467 199 
467 223 
467 158 
467 232 
467 287 
467 510 
467 40 
467 205 
467 167 
467 110 
468 25 
468 157 
468 212 
468 205 
468 147 
468 394 
468 187 
468 286 
468 416 
468 56 
468 133 
468 371 
468 144 
468 270 
468 30 
468 38 
468 325 
468 356 
468 117 
468 151 
468 265 
468 66 
468 167 
468 501 
468 288 
468 35 
468 79 
468 17 
468 223 
468 196 
468 89 
468 136 
468 254 
468 31 
468 259 
468 364 
468 372 
468 483 
468 51 
468 243 
468 453 
468 370 
468 418 
468 493 
468 88 
468 245 
468 236 
468 363 
468 441 
468 104 
468 242 
468 526 
468 125 
468 165 
468 150 
468 146 
468 340 
468 77 
468 32 
468 415 
468 173 
468 225 
468 278 
468 258 
468 252 
468 527 
468 153 
468 335 
468 490 
468 496 
468 305 
468 360 
468 126 
468 406 
468 67 
468 177 
468 15 
468 158 
468 27 
468 98 
468 204 
468 424 
468 282 
468 174 
468 13 
468 475 
468 69 
468 103 
468 217 
468 474 
468 180 
468 403 
468 163 
468 297 
468 148 
468 216 
468 429 
468 308 
468 186 
468 257 
468 348 
468 112 
468 277 
468 503 
468 346 
468 86 
468 469 
468 12 
468 161 
468 485 
468 241 
468 200 
468 218 
468 92 
468 309 
468 80 
468 21 
468 181 
468 78 
468 396 
468 436 
468 284 
468 41 
468 390 
468 421 
468 366 
468 142 
468 140 
468 155 
468 333 
468 310 
468 525 
468 332 
468 339 
468 433 
468 271 
468 198 
468 162 
468 427 
468 379 
468 413 
468 280 
468 18 
468 124 
468 443 
468 183 
468 266 
468 353 
468 409 
468 60 
468 518 
468 113 
468 446 
469 384 
469 465 
469 322 
469 305 
469 139 
469 496 
469 206 
469 266 
469 314 
469 408 
469 61 
469 388 
469 42 
469 282 
469 478 
469 164 
469 190 
469 453 
469 514 
469 310 
469 15 
469 18 
469 522 
469 212 
469 319 
469 363 
469 197 
469 104 
469 438 
469 152 
469 91 
469 193 
469 511 
469 367 
469 341 
469 100 
469 302 
469 335 
469 94 
469 449 
469 277 
469 24 
469 189 
469 110 
469 154 
469 444 
469 250 
469 446 
469 227 
469 292 
469 430 
469 393 
469 51 
469 300 
469 518 
469 296 
469 202 
469 298 
469 452 
469 436 
469 176 
469 249 
469 348 
469 60 
469 364 
469 340 
469 185 
469 270 
469 187 
469 150 
469 226 
469 489 
469 356 
469 68 
469 508 
469 201 
469 354 
469 49 
469 417 
469 320 
469 462 
469 26 
469 477 
469 186 
469 263 
469 381 
469 4 
469 473 
469 77 
469 214 
469 130 
469 23 
469 62 
469 531 
469 414 
469 87 
469 175 
469 370 
469 235 
469 275 
469 301 
469 178 
469 78 
469 80 
469 47 
469 468 
469 389 
469 421 
469 374 
469 416 
469 418 
469 512 
469 132 
469 299 
469 482 
469 471 
469 307 
469 207 
469 128 
469 97 
469 404 
469 246 
469 232 
469 466 
469 236 
469 528 
469 195 
469 188 
469 503 
469 497 
469 507 
469 345 
469 46 
469 161 
469 273 
469 308 
469 401 
469 530 
469 487 
469 113 
469 172 
469 2 
469 267 
469 148 
469 90 
469 124 
469 71 
469 65 
469 501 
469 328 
469 166 
469 163 
469 228 
469 378 
469 22 
469 253 
469 170 
469 37 
469 131 
469 126 
469 394 
470 217 
470 473 
470 158 
470 220 
470 434 
470 178 
470 425 
470 116 
470 9 
470 414 
470 222 
470 253 
470 500 
470 276 
470 435 
470 362 
470 422 
470 55 
470 89 
470 68 
470 300 
470 497 
470 13 
470 263 
470 246 
470 284 
470 512 
470 26 
470 466 
470 266 
470 379 
470 70 
470 185 
470 399 
470 59 
470 391 
470 310 
470 137 
470 394 
470 417 
470 454 
470 306 
470 206 
470 184 
470 153 
470 397 
470 505 
470 145 
470 385 
470 447 
470 223 
470 267 
470 190 
470 227 
470 198 
470 192 
470 514 
470 260 
470 474 
470 483 
470 183 
470 495 
470 165 
470 506 
470 63 
470 445 
470 415 
470 371 
470 339 
470 307 
470 147 
470 215 
470 511 
470 432 
470 498 
470 308 
470 433 
470 405 
470 69 
470 232 
470 126 
470 103 
470 177 
470 231 
470 334 
470 398 
470 395 
470 465 
470 64 
470 87 
470 136 
470 478 
470 314 
470 52 
470 57 
470 336 
470 235 
470 262 
470 440 
470 170 
470 438 
470 159 
470 22 
470 135 
470 295 
470 176 
470 356 
470 341 
470 364 
470 355 
470 41 
470 71 
470 34 
470 39 
470 91 
470 452 
470 129 
470 142 
470 58 
470 53 
470 360 
470 251 
470 510 
470 160 
470 211 
470 225 
470 499 
470 271 
470 487 
470 410 
470 479 
470 182 
470 256 
470 382 
470 146 
470 144 
470 345 
470 83 
470 61 
470 152 
470 111 
470 374 
470 297 
470 36 
470 14 
470 80 
470 318 
470 95 
470 317 
470 293 
470 304 
470 516 
470 96 
470 320 
470 404 
470 455 
470 2 
471 0 
471 80 
471 83 
471 426 
471 505 
471 142 
471 405 
471 482 
471 96 
471 40 
471 168 
471 13 
471 234 
471 162 
471 325 
471 66 
471 203 
471 399 
471 462 
471 484 
471 26 
471 336 
471 288 
471 213 
471 480 
471 244 
471 217 
471 201 
471 518 
471 511 
471 453 
471 353 
471 69 
471 120 
471 507 
471 341 
471 389 
471 320 
471 222 
471 287 
471 227 
471 115 
471 491 
471 175 
471 194 
471 364 
471 415 
471 422 
471 290 
471 139 
471 309 
471 106 
471 8 
471 223 
471 528 
471 62 
471 44 
471 166 
471 428 
471 479 
471 431 
471 48 
471 164 
471 153 
471 210 
471 387 
471 182 
471 381 
471 122 
471 438 
471 477 
471 332 
471 510 
471 159 
471 361 
471 455 
471 458 
471 380 
471 305 
471 417 
471 346 
471 348 
471 34 
471 30 
471 154 
471 172 
471 4 
471 446 
471 205 
471 378 
471 301 
471 385 
471 318 
471 206 
471 196 
471 407 
471 439 
471 70 
471 267 
471 278 
471 129 
471 526 
471 469 
471 117 
471 521 
471 269 
471 37 
471 237 
471 11 
471 517 
471 424 
471 51 
471 250 
471 125 
471 445 
471 522 
471 36 
471 481 
471 127 
471 274 
471 229 
471 351 
471 221 
471 343 
471 102 
471 23 
471 291 
471 226 
471 476 
471 485 
471 451 
471 148 
471 231 
471 478 
471 334 
471 512 
471 68 
471 467 
471 395 
471 492 
471 212 
471 409 
471 236 
471 149 
471 374 
471 215 
471 459 
472 479 
472 79 
472 343 
472 4 
472 13 
472 171 
472 73 
472 179 
472 371 
472 186 
472 373 
472 279 
472 466 
472 364 
472 93 
472 354 
472 362 
472 157 
472 432 
472 420 
472 120 
472 63 
472 452 
472 172 
472 189 
472 134 
472 459 
472 347 
472 446 
472 460 
472 503 
472 150 
472 338 
472 293 
472 162 
472 144 
472 431 
472 416 
472 490 
472 198 
472 249 
472 96 
472 441 
472 398 
472 527 
472 5 
472 110 
472 303 
472 408 
472 475 
472 328 
472 226 
472 289 
472 382 
472 55 
472 132 
472 437 
472 320 
472 177 
472 515 
472 10 
472 62 
472 246 
472 517 
472 258 
472 166 
472 240 
472 113 
472 386 
472 9 
472 425 
472 84 
472 300 
472 308 
472 101 
472 194 
472 353 
472 497 
472 273 
472 218 
472 259 
472 311 
472 40 
472 49 
472 115 
472 305 
472 412 
472 366 
472 410 
472 336 
472 327 
472 262 
472 389 
472 365 
472 428 
472 77 
472 280 
472 72 
472 239 
472 123 
472 519 
472 302 
472 109 
472 208 
472 106 
472 138 
472 462 
472 92 
472 513 
472 233 
472 243 
472 51 
472 30 
472 524 
472 11 
472 281 
472 201 
472 152 
472 495 
472 39 
472 44 
472 449 
472 54 
472 489 
472 350 
472 16 
472 480 
472 498 
472 76 
472 153 
472 330 
472 36 
472 165 
472 335 
472 220 
472 223 
472 516 
472 225 
472 323 
472 315 
472 443 
472 156 
472 502 
472 94 
472 56 
472 406 
472 390 
472 318 
472 283 
472 346 
472 292 
472 149 
472 57 
472 296 
472 404 
472 397 
472 309 
472 105 
472 145 
472 291 
472 80 
472 227 
472 313 
472 139 
472 352 
472 394 
472 193 
472 91 
472 508 
472 34 
472 454 
472 529 
472 122 
472 491 
472 492 
472 481 
472 129 
473 470 
473 201 
473 516 
473 428 
473 200 
473 141 
473 153 
473 190 
473 500 
473 351 
473 344 
473 69 
473 492 
473 282 
473 202 
473 44 
473 21 
473 22 
473 523 
473 499 
473 37 
473 497 
473 459 
473 419 
473 438 
473 67 
473 488 
473 137 
473 395 
473 294 
473 402 
473 131 
473 229 
473 225 
473 147 
473 408 
473 120 
473 525 
473 130 
473 312 
473 152 
473 99 
473 175 
473 461 
473 119 
473 193 
473 133 
473 489 
473 199 
473 19 
473 444 
473 112 
473 210 
473 477 
473 331 
473 206 
473 103 
473 216 
473 349 
473 11 
473 164 
473 256 
473 426 
473 306 
473 479 
473 208 
473 155 
473 517 
473 415 
473 354 
473 191 
473 118 
473 246 
473 290 
473 431 
473 40 
473 172 
473 142 
473 252 
473 501 
473 255 
473 304 
473 113 
473 450 
473 186 
473 469 
473 72 
473 512 
473 524 
473 109 
473 52 
473 393 
473 188 
473 122 
473 105 
473 474 
473 27 
473 396 
473 135 
473 243 
473 445 
473 317 
473 237 
473 332 
473 125 
473 215 
473 214 
473 104 
473 145 
473 47 
473 514 
473 333 
473 260 
473 209 
473 320 
473 76 
473 173 
473 124 
473 401 
473 79 
473 66 
473 412 
473 307 
473 318 
473 453 
473 315 
473 23 
473 4 
473 226 
473 388 
473 440 
473 376 
473 509 
473 345 
473 259 
473 211 
473 266 
473 30 
473 454 
473 475 
473 93 
473 65 
473 330 
473 38 
473 404 
473 355 
473 329 
473 346 
473 291 
473 114 
473 343 
473 464 
473 280 
473 29 
473 424 
473 98 
473 455 
473 248 
473 357 
473 457 
474 510 
474 523 
474 4 
474 38 
474 228 
474 28 
474 107 
474 41 
474 166 
474 326 
474 407 
474 234 
474 190 
474 63 
474 305 
474 415 
474 441 
474 96 
474 429 
474 511 
474 193 
474 77 
474 79 
474 420 
474 192 
474 476 
474 454 
474 142 
474 71 
474 384 
474 173 
474 74 
474 378 
474 387 
474 369 
474 51 
474 180 
474 130 
474 253 
474 69 
474 211 
474 86 
474 0 
474 275 
474 83 
474 424 
474 161 
474 499 
474 258 
474 178 
474 340 
474 92 
474 55 
474 186 
474 297 
474 24 
474 172 
474 312 
474 67 
474 99 
474 209 
474 48 
474 54 
474 470 
474 10 
474 162 
474 339 
474 304 
474 464 
474 450 
474 522 
474 427 
474 154 
474 490 
474 425 
474 515 
474 259 
474 412 
474 134 
474 381 
474 256 
474 419 
474 492 
474 388 
474 95 
474 491 
474 233 
474 505 
474 181 
474 75 
474 468 
474 218 
474 14 
474 204 
474 516 
474 508 
474 410 
474 157 
474 291 
474 473 
474 171 
474 198 
474 371 
474 338 
474 517 
474 385 
474 452 
474 101 
474 5 
474 444 
474 43 
474 391 
474 453 
474 366 
474 210 
474 32 
474 276 
474 354 
474 91 
474 207 
474 247 
474 225 
474 200 
474 217 
474 431 
474 503 
474 448 
474 357 
474 111 
474 451 
474 76 
474 123 
474 509 
474 56 
474 23 
474 279 
474 520 
474 439 
474 82 
474 40 
474 229 
474 20 
474 405 
474 185 
474 392 
474 330 
474 390 
474 368 
474 479 
474 18 
474 507 
474 248 
474 288 
474 411 
474 167 
474 463 
474 125 
474 179 
474 271 
474 531 
474 409 
474 400 
474 287 
474 61 
474 122 
475 406 
475 340 
475 244 
475 131 
475 103 
475 447 
475 220 
475 281 
475 17 
475 417 
475 42 
475 112 
475 37 
475 455 
475 119 
475 324 
475 237 
475 363 
475 185 
475 310 
475 403 
475 376 
475 352 
475 50 
475 335 
475 272 
475 291 
475 342 
475 24 
475 276 
475 330 
475 212 
475 222 
475 94 
475 228 
475 162 
475 289 
475 249 
475 115 
475 381 
475 327 
475 38 
475 215 
475 527 
475 214 
475 523 
475 144 
475 123 
475 339 
475 133 
475 82 
475 241 
475 472 
475 165 
475 443 
475 51 
475 383 
475 15 
475 270 
475 52 
475 315 
475 211 
475 486 
475 268 
475 187 
475 13 
475 413 
475 62 
475 233 
475 433 
475 2 
475 8 
475 208 
475 444 
475 479 
475 462 
475 431 
475 287 
475 135 
475 321 
475 199 
475 264 
475 504 
475 80 
475 415 
475 49 
475 31 
475 102 
475 147 
475 370 
475 468 
475 498 
475 113 
475 391 
475 481 
475 10 
475 329 
475 61 
475 429 
475 23 
475 65 
475 517 
475 483 
475 508 
475 451 
475 350 
475 254 
475 229 
475 227 
475 161 
475 507 
475 47 
475 105 
475 246 
475 290 
475 184 
475 387 
475 107 
475 242 
475 326 
475 394 
475 300 
475 531 
475 25 
475 53 
475 66 
475 70 
475 463 
475 96 
475 100 
475 194 
475 359 
475 20 
475 154 
475 312 
475 408 
475 445 
475 74 
475 377 
475 497 
475 173 
475 257 
475 473 
475 54 
475 361 
475 293 
475 56 
475 301 
475 400 
475 448 
475 441 
475 490 
475 43 
475 125 
475 97 
475 460 
475 156 
475 519 
475 484 
475 256 
475 437 
476 274 
476 159 
476 177 
476 414 
476 336 
476 259 
476 248 
476 377 
476 203 
476 238 
476 284 
476 186 
476 268 
476 451 
476 213 
476 333 
476 373 
476 522 
476 122 
476 96 
476 165 
476 81 
476 430 
476 498 
476 89 
476 121 
476 523 
476 149 
476 157 
476 48 
476 474 
476 85 
476 49 
476 6 
476 78 
476 448 
476 142 
476 230 
476 402 
476 413 
476 0 
476 425 
476 481 
476 61 
476 202 
476 55 
476 398 
476 1 
476 363 
476 112 
476 345 
476 286 
476 409 
476 349 
476 68 
476 27 
476 8 
476 51 
476 109 
476 314 
476 19 
476 432 
476 335 
476 125 
476 190 
476 367 
476 167 
476 58 
476 118 
476 154 
476 438 
476 488 
476 171 
476 34 
476 66 
476 399 
476 298 
476 439 
476 252 
476 84 
476 257 
476 344 
476 232 
476 508 
476 67 
476 309 
476 371 
476 455 
476 418 
476 393 
476 454 
476 423 
476 162 
476 467 
476 102 
476 146 
476 435 
476 504 
476 277 
476 369 
476 291 
476 21 
476 192 
476 520 
476 300 
476 365 
476 269 
476 110 
476 80 
476 14 
476 28 
476 384 
476 35 
476 151 
476 216 
476 415 
476 306 
476 174 
476 521 
476 127 
476 477 
476 258 
476 130 
476 503 
476 244 
476 69 
476 224 
476 50 
476 225 
476 87 
476 184 
476 250 
476 289 
476 285 
476 386 
476 210 
476 65 
476 2 
476 495 
476 219 
476 275 
476 189 
476 471 
476 347 
476 450 
476 424 
476 445 
476 496 
476 307 
476 30 
476 497 
476 518 
476 342 
476 222 
476 526 
476 530 
476 77 
476 392 
476 261 
476 144 
476 237 
476 32 
476 221 
476 137 
476 431 
476 343 
476 458 
477 267 
477 193 
477 421 
477 191 
477 6 
477 428 
477 391 
477 146 
477 381 
477 276 
477 329 
477 384 
477 173 
477 135 
477 237 
477 82 
477 507 
477 332 
477 401 
477 64 
477 201 
477 8 
477 390 
477 443 
477 226 
477 43 
477 250 
477 270 
477 454 
477 92 
477 356 
477 464 
477 97 
477 154 
477 446 
477 174 
477 16 
477 58 
477 494 
477 73 
477 395 
477 260 
477 167 
477 228 
477 445 
477 484 
477 21 
477 46 
477 60 
477 274 
477 378 
477 66 
477 528 
477 266 
477 129 
477 244 
477 376 
477 402 
477 481 
477 344 
477 204 
477 473 
477 86 
477 521 
477 156 
477 31 
477 61 
477 386 
477 126 
477 518 
477 321 
477 162 
477 251 
477 165 
477 139 
477 405 
477 56 
477 309 
477 196 
477 295 
477 182 
477 286 
477 471 
477 28 
477 247 
477 7 
477 263 
477 383 
477 39 
477 463 
477 430 
477 469 
477 160 
477 59 
477 114 
477 105 
477 452 
477 425 
477 98 
477 281 
477 69 
477 79 
477 85 
477 300 
477 51 
477 229 
477 438 
477 417 
477 462 
477 183 
477 271 
477 434 
477 198 
477 350 
477 453 
477 22 
477 172 
477 476 
477 277 
477 419 
477 110 
477 306 
477 480 
477 78 
477 466 
477 408 
477 246 
477 207 
477 301 
477 202 
477 526 
477 442 
477 342 
477 72 
477 179 
477 212 
477 278 
477 303 
477 168 
477 41 
477 353 
477 140 
477 400 
477 107 
477 125 
477 88 
477 370 
477 377 
477 109 
477 510 
477 189 
477 486 
477 308 
477 498 
477 530 
477 90 
477 30 
477 348 
477 175 
477 5 
477 259 
477 531 
477 520 
477 248 
477 2 
477 142 
477 317 
477 336 
478 8 
478 318 
478 255 
478 60 
478 189 
478 146 
478 434 
478 120 
478 274 
478 213 
478 33 
478 78 
478 58 
478 232 
478 221 
478 433 
478 387 
478 412 
478 499 
478 253 
478 369 
478 469 
478 449 
478 222 
478 465 
478 174 
478 367 
478 191 
478 25 
478 101 
478 416 
478 19 
478 332 
478 15 
478 143 
478 279 
478 105 
478 445 
478 155 
478 403 
478 383 
478 385 
478 133 
478 321 
478 356 
478 99 
478 482 
478 296 
478 338 
478 29 
478 219 
478 90 
478 117 
478 178 
478 458 
478 459 
478 104 
478 72 
478 289 
478 522 
478 150 
478 40 
478 515 
478 51 
478 363 
478 292 
478 138 
478 483 
478 17 
478 493 
478 128 
478 501 
478 181 
478 36 
478 267 
478 34 
478 12 
478 516 
478 100 
478 317 
478 339 
478 69 
478 245 
478 54 
478 480 
478 379 
478 523 
478 329 
478 354 
478 225 
478 175 
478 266 
478 235 
478 492 
478 452 
478 172 
478 453 
478 464 
478 432 
478 103 
478 147 
478 208 
478 111 
478 470 
478 382 
478 110 
478 204 
478 404 
478 70 
478 351 
478 517 
478 82 
478 405 
478 481 
478 22 
478 18 
478 7 
478 107 
478 263 
478 183 
478 200 
478 322 
478 92 
478 276 
478 158 
478 198 
478 461 
478 294 
478 106 
478 494 
478 407 
478 490 
478 425 
478 269 
478 502 
478 237 
478 310 
478 227 
478 437 
478 91 
478 375 
478 277 
478 207 
478 127 
478 471 
478 307 
478 446 
478 300 
478 136 
478 448 
478 124 
478 273 
478 519 
478 234 
478 38 
478 278 
478 151 
478 81 
478 345 
478 129 
478 370 
478 426 
478 123 
478 184 
479 472 
479 35 
479 526 
479 521 
479 170 
479 110 
479 209 
479 17 
479 84 
479 453 
479 89 
479 38 
479 429 
479 370 
479 138 
479 132 
479 33 
479 290 
479 90 
479 44 
479 305 
479 115 
479 390 
479 201 
479 253 
479 339 
479 244 
479 52 
479 407 
479 173 
479 224 
479 45 
479 319 
479 408 
479 522 
479 338 
479 483 
479 197 
479 343 
479 438 
479 207 
479 7 
479 491 
479 30 
479 101 
479 411 
479 444 
479 214 
479 118 
479 423 
479 374 
479 127 
479 145 
479 445 
479 250 
479 514 
479 164 
479 180 
479 148 
479 304 
479 227 
479 402 
479 0 
479 107 
479 414 
479 517 
479 247 
479 122 
479 356 
479 326 
479 208 
479 471 
479 54 
479 368 
479 475 
479 274 
479 32 
479 473 
479 329 
479 504 
479 28 
479 196 
479 263 
479 515 
479 353 
479 123 
479 191 
479 265 
479 152 
479 189 
479 516 
479 8 
479 464 
479 360 
479 359 
479 530 
479 22 
479 21 
479 510 
479 366 
479 193 
479 417 
479 322 
479 279 
479 29 
479 392 
479 531 
479 349 
479 77 
479 2 
479 420 
479 455 
479 43 
479 460 
479 296 
479 25 
479 120 
479 294 
479 436 
479 195 
479 88 
479 85 
479 324 
479 300 
479 153 
479 452 
479 64 
479 437 
479 126 
479 272 
479 375 
479 228 
479 344 
479 494 
479 73 
479 111 
479 364 
479 273 
479 172 
479 161 
479 493 
479 470 
479 277 
479 449 
479 492 
479 371 
479 474 
479 157 
479 41 
479 16 
479 462 
479 399 
479 46 
479 328 
479 347 
479 104 
479 447 
480 1 
480 23 
480 77 
480 49 
480 127 
480 7 
480 173 
480 21 
480 5 
480 343 
480 136 
480 508 
480 14 
480 448 
480 503 
480 361 
480 467 
480 0 
480 471 
480 405 
480 401 
480 384 
480 257 
480 435 
480 146 
480 58 
480 123 
480 288 
480 310 
480 111 
480 125 
480 89 
480 408 
480 135 
480 190 
480 149 
480 208 
480 50 
480 217 
480 409 
480 451 
480 6 
480 137 
480 63 
480 494 
480 312 
480 27 
480 130 
480 460 
480 75 
480 180 
480 37 
480 12 
480 398 
480 311 
480 213 
480 215 
480 117 
480 53 
480 522 
480 193 
480 72 
480 88 
480 301 
480 388 
480 486 
480 364 
480 412 
480 71 
480 8 
480 406 
480 148 
480 430 
480 436 
480 516 
480 427 
480 351 
480 236 
480 459 
480 478 
480 184 
480 326 
480 29 
480 181 
480 316 
480 224 
480 26 
480 304 
480 76 
480 192 
480 498 
480 269 
480 328 
480 278 
480 3 
480 342 
480 421 
480 70 
480 483 
480 488 
480 81 
480 133 
480 472 
480 150 
480 92 
480 477 
480 418 
480 223 
480 101 
480 247 
480 293 
480 402 
480 65 
480 530 
480 206 
480 272 
480 440 
480 507 
480 403 
480 42 
480 362 
480 115 
480 356 
480 295 
480 381 
480 100 
480 252 
480 159 
480 303 
480 314 
480 121 
480 458 
480 202 
480 35 
480 19 
480 291 
480 59 
480 466 
480 378 
480 360 
481 236 
481 463 
481 517 
481 258 
481 281 
481 137 
481 525 
481 334 
481 375 
481 440 
481 408 
481 216 
481 174 
481 186 
481 110 
481 461 
481 248 
481 172 
481 84 
481 369 
481 333 
481 79 
481 86 
481 171 
481 312 
481 405 
481 274 
481 430 
481 134 
481 191 
481 465 
481 362 
481 415 
481 154 
481 254 
481 119 
481 39 
481 514 
481 185 
481 52 
481 233 
481 311 
481 199 
481 133 
481 476 
481 123 
481 499 
481 453 
481 394 
481 340 
481 255 
481 166 
481 182 
481 373 
481 303 
481 477 
481 318 
481 326 
481 300 
481 224 
481 356 
481 4 
481 398 
481 417 
481 57 
481 94 
481 521 
481 40 
481 406 
481 275 
481 452 
481 77 
481 54 
481 287 
481 21 
481 401 
481 97 
481 56 
481 173 
481 497 
481 82 
481 23 
481 475 
481 414 
481 70 
481 265 
481 112 
481 252 
481 298 
481 127 
481 107 
481 96 
481 443 
481 50 
481 158 
481 339 
481 71 
481 492 
481 427 
481 528 
481 483 
481 211 
481 26 
481 289 
481 338 
481 341 
481 486 
481 478 
481 390 
481 135 
481 175 
481 29 
481 32 
481 170 
481 16 
481 451 
481 247 
481 304 
481 205 
481 189 
481 116 
481 413 
481 454 
481 506 
481 485 
481 348 
481 131 
481 147 
481 167 
481 117 
481 18 
481 471 
481 181 
481 411 
481 368 
481 426 
481 104 
481 435 
481 156 
481 328 
481 309 
481 513 
481 343 
481 47 
481 88 
481 262 
481 87 
481 193 
481 264 
481 288 
481 61 
481 60 
481 429 
481 270 
481 325 
481 20 
481 35 
481 315 
481 496 
481 439 
481 232 
481 472 
482 145 
482 308 
482 20 
482 104 
482 265 
482 52 
482 106 
482 282 
482 187 
482 340 
482 410 
482 471 
482 278 
482 385 
482 209 
482 331 
482 320 
482 375 
482 351 
482 316 
482 9 
482 285 
482 58 
482 92 
482 177 
482 504 
482 243 
482 461 
482 31 
482 23 
482 354 
482 288 
482 62 
482 516 
482 518 
482 135 
482 347 
482 65 
482 139 
482 172 
482 395 
482 503 
482 152 
482 526 
482 207 
482 464 
482 515 
482 343 
482 214 
482 89 
482 409 
482 215 
482 242 
482 334 
482 517 
482 478 
482 378 
482 24 
482 200 
482 460 
482 247 
482 311 
482 70 
482 55 
482 387 
482 491 
482 201 
482 165 
482 388 
482 61 
482 173 
482 445 
482 393 
482 443 
482 118 
482 389 
482 194 
482 400 
482 198 
482 433 
482 531 
482 523 
482 329 
482 324 
482 484 
482 11 
482 264 
482 452 
482 352 
482 396 
482 341 
482 512 
482 142 
482 363 
482 111 
482 230 
482 293 
482 353 
482 272 
482 117 
482 255 
482 123 
482 14 
482 356 
482 431 
482 193 
482 469 
482 337 
482 7 
482 345 
482 463 
482 273 
482 143 
482 126 
482 213 
482 290 
482 249 
482 199 
482 140 
482 376 
482 408 
482 224 
482 527 
482 167 
482 529 
482 411 
482 95 
482 85 
482 109 
482 83 
482 236 
482 362 
482 67 
482 513 
482 486 
482 466 
482 488 
482 419 
482 3 
482 4 
482 210 
482 336 
482 392 
482 450 
482 423 
482 57 
482 42 
482 86 
483 124 
483 9 
483 83 
483 146 
483 95 
483 103 
483 308 
483 460 
483 264 
483 402 
483 523 
483 30 
483 484 
483 422 
483 282 
483 267 
483 130 
483 197 
483 489 
483 450 
483 51 
483 313 
483 265 
483 464 
483 349 
483 275 
483 347 
483 426 
483 23 
483 112 
483 298 
483 43 
483 361 
483 19 
483 387 
483 82 
483 330 
483 468 
483 132 
483 241 
483 479 
483 253 
483 151 
483 358 
483 393 
483 516 
483 119 
483 413 
483 55 
483 90 
483 456 
483 332 
483 495 
483 52 
483 239 
483 47 
483 184 
483 249 
483 202 
483 502 
483 80 
483 141 
483 343 
483 274 
483 470 
483 322 
483 237 
483 261 
483 513 
483 266 
483 526 
483 206 
483 467 
483 420 
483 65 
483 461 
483 168 
483 390 
483 478 
483 179 
483 376 
483 8 
483 219 
483 357 
483 111 
483 125 
483 26 
483 436 
483 61 
483 328 
483 163 
483 57 
483 118 
483 407 
483 299 
483 41 
483 525 
483 337 
483 101 
483 228 
483 173 
483 497 
483 475 
483 481 
483 485 
483 405 
483 401 
483 135 
483 300 
483 28 
483 515 
483 287 
483 524 
483 0 
483 517 
483 42 
483 58 
483 480 
483 277 
483 350 
483 441 
483 303 
483 48 
483 116 
483 431 
483 258 
483 520 
483 425 
483 269 
483 439 
483 120 
483 71 
483 11 
483 288 
483 2 
483 84 
483 200 
483 54 
483 27 
483 294 
483 15 
483 38 
483 198 
483 164 
483 446 
483 430 
483 121 
483 412 
483 312 
483 433 
483 283 
483 522 
483 398 
483 260 
483 410 
483 107 
483 203 
483 309 
483 498 
483 373 
483 138 
483 66 
483 233 
483 143 
483 108 
483 417 
483 319 
483 201 
483 99 
483 16 
483 445 
483 50 
483 429 
483 1 
483 53 
483 285 
483 167 
483 225 
483 89 
483 33 
483 370 
483 504 
484 369 
484 245 
484 456 
484 506 
484 289 
484 186 
484 117 
484 280 
484 419 
484 483 
484 454 
484 495 
484 139 
484 275 
484 68 
484 29 
484 467 
484 266 
484 143 
484 471 
484 283 
484 125 
484 488 
484 339 
484 26 
484 63 
484 341 
484 391 
484 153 
484 493 
484 286 
484 138 
484 141 
484 146 
484 17 
484 333 
484 387 
484 330 
484 58 
484 200 
484 477 
484 223 
484 158 
484 356 
484 5 
484 166 
484 347 
484 175 
484 219 
484 66 
484 385 
484 501 
484 253 
484 461 
484 381 
484 405 
484 512 
484 238 
484 9 
484 84 
484 252 
484 36 
484 345 
484 411 
484 110 
484 50 
484 386 
484 276 
484 91 
484 416 
484 301 
484 509 
484 239 
484 178 
484 420 
484 348 
484 394 
484 294 
484 118 
484 299 
484 40 
484 172 
484 215 
484 35 
484 516 
484 169 
484 417 
484 97 
484 413 
484 208 
484 353 
484 147 
484 368 
484 162 
484 78 
484 224 
484 191 
484 176 
484 342 
484 352 
484 249 
484 482 
484 270 
484 312 
484 243 
484 148 
484 167 
484 39 
484 201 
484 261 
484 16 
484 445 
484 296 
484 131 
484 211 
484 384 
484 340 
484 268 
484 207 
484 108 
484 322 
484 133 
484 379 
484 335 
484 517 
484 198 
484 2 
484 306 
484 156 
484 279 
484 258 
484 414 
484 132 
484 177 
484 349 
484 244 
484 22 
484 315 
484 121 
484 434 
484 81 
484 79 
484 34 
484 358 
484 466 
484 80 
484 351 
484 511 
484 152 
484 96 
484 174 
484 441 
484 331 
484 127 
484 278 
484 284 
484 155 
484 77 
484 87 
484 41 
484 232 
484 432 
484 475 
484 182 
484 295 
484 364 
485 272 
485 218 
485 395 
485 523 
485 385 
485 75 
485 213 
485 157 
485 425 
485 401 
485 210 
485 356 
485 415 
485 39 
485 214 
485 530 
485 492 
485 405 
485 4 
485 256 
485 322 
485 205 
485 531 
485 32 
485 235 
485 20 
485 149 
485 99 
485 301 
485 111 
485 41 
485 374 
485 265 
485 303 
485 433 
485 336 
485 43 
485 163 
485 439 
485 428 
485 104 
485 525 
485 92 
485 455 
485 413 
485 142 
485 287 
485 121 
485 29 
485 451 
485 488 
485 16 
485 409 
485 452 
485 110 
485 277 
485 247 
485 33 
485 499 
485 198 
485 49 
485 295 
485 197 
485 528 
485 241 
485 315 
485 362 
485 514 
485 266 
485 6 
485 9 
485 12 
485 357 
485 465 
485 529 
485 155 
485 326 
485 226 
485 200 
485 34 
485 339 
485 117 
485 486 
485 134 
485 419 
485 132 
485 483 
485 116 
485 387 
485 140 
485 282 
485 495 
485 230 
485 236 
485 73 
485 335 
485 366 
485 352 
485 242 
485 257 
485 468 
485 76 
485 375 
485 112 
485 46 
485 447 
485 506 
485 289 
485 167 
485 27 
485 504 
485 10 
485 255 
485 59 
485 271 
485 377 
485 70 
485 466 
485 66 
485 481 
485 178 
485 97 
485 426 
485 397 
485 490 
485 306 
485 369 
485 312 
485 501 
485 436 
485 91 
485 74 
485 81 
485 446 
485 171 
485 333 
485 403 
485 239 
485 96 
485 308 
485 471 
485 131 
485 199 
485 437 
485 319 
485 184 
485 511 
485 509 
485 63 
485 249 
485 240 
485 136 
485 410 
485 300 
485 15 
485 364 
485 135 
485 350 
485 150 
485 268 
485 82 
485 285 
486 438 
486 353 
486 199 
486 507 
486 135 
486 334 
486 414 
486 46 
486 406 
486 229 
486 67 
486 407 
486 147 
486 359 
486 399 
486 421 
486 107 
486 453 
486 125 
486 454 
486 10 
486 451 
486 44 
486 257 
486 225 
486 319 
486 58 
486 159 
486 496 
486 3 
486 383 
486 202 
486 345 
486 89 
486 386 
486 190 
486 198 
486 113 
486 475 
486 20 
486 289 
486 495 
486 142 
486 520 
486 274 
486 328 
486 221 
486 136 
486 341 
486 177 
486 381 
486 119 
486 387 
486 403 
486 233 
486 14 
486 500 
486 279 
486 342 
486 252 
486 156 
486 41 
486 132 
486 207 
486 13 
486 480 
486 43 
486 389 
486 94 
486 271 
486 321 
486 416 
486 325 
486 458 
486 448 
486 158 
486 485 
486 263 
486 408 
486 488 
486 404 
486 481 
486 420 
486 512 
486 357 
486 510 
486 256 
486 11 
486 60 
486 464 
486 300 
486 104 
486 254 
486 431 
486 377 
486 503 
486 259 
486 15 
486 85 
486 231 
486 315 
486 363 
486 367 
486 260 
486 248 
486 519 
486 296 
486 184 
486 120 
486 112 
486 143 
486 151 
486 194 
486 56 
486 304 
486 37 
486 192 
486 114 
486 261 
486 74 
486 90 
486 477 
486 351 
486 273 
486 362 
486 222 
486 398 
486 461 
486 393 
486 160 
486 499 
486 31 
486 482 
486 505 
486 413 
486 295 
486 337 
486 54 
486 101 
486 330 
487 227 
487 207 
487 382 
487 312 
487 409 
487 421 
487 273 
487 144 
487 63 
487 62 
487 274 
487 404 
487 156 
487 219 
487 195 
487 182 
487 19 
487 32 
487 83 
487 466 
487 489 
487 99 
487 230 
487 245 
487 254 
487 248 
487 374 
487 394 
487 350 
487 400 
487 508 
487 415 
487 278 
487 334 
487 308 
487 268 
487 461 
487 363 
487 122 
487 463 
487 155 
487 186 
487 515 
487 329 
487 137 
487 307 
487 12 
487 15 
487 119 
487 326 
487 370 
487 322 
487 101 
487 179 
487 357 
487 354 
487 190 
487 364 
487 430 
487 240 
487 358 
487 225 
487 4 
487 7 
487 458 
487 216 
487 442 
487 75 
487 256 
487 373 
487 2 
487 414 
487 149 
487 454 
487 171 
487 353 
487 204 
487 270 
487 513 
487 103 
487 202 
487 456 
487 106 
487 375 
487 43 
487 327 
487 11 
487 165 
487 501 
487 194 
487 236 
487 440 
487 295 
487 496 
487 446 
487 435 
487 123 
487 136 
487 391 
487 157 
487 494 
487 512 
487 379 
487 351 
487 53 
487 429 
487 361 
487 47 
487 286 
487 20 
487 407 
487 346 
487 176 
487 111 
487 427 
487 465 
487 517 
487 214 
487 97 
487 348 
487 380 
487 211 
487 130 
487 392 
487 499 
487 497 
487 509 
487 36 
487 201 
487 531 
487 444 
487 511 
487 112 
487 86 
487 100 
487 395 
487 313 
487 84 
487 147 
487 328 
487 506 
487 316 
487 470 
487 311 
487 71 
487 469 
487 164 
487 196 
487 138 
487 253 
487 9 
487 318 
487 324 
487 488 
487 502 
487 505 
487 264 
487 362 
487 521 
487 127 
487 529 
487 232 
487 188 
487 143 
487 191 
487 140 
487 280 
488 305 
488 102 
488 5 
488 62 
488 416 
488 252 
488 465 
488 490 
488 414 
488 97 
488 27 
488 531 
488 90 
488 458 
488 295 
488 319 
488 74 
488 368 
488 45 
488 227 
488 26 
488 216 
488 94 
488 484 
488 347 
488 399 
488 231 
488 185 
488 424 
488 184 
488 153 
488 473 
488 48 
488 463 
488 400 
488 93 
488 244 
488 528 
488 143 
488 382 
488 78 
488 234 
488 101 
488 309 
488 70 
488 429 
488 121 
488 192 
488 196 
488 369 
488 296 
488 91 
488 286 
488 500 
488 459 
488 379 
488 503 
488 43 
488 485 
488 279 
488 95 
488 155 
488 407 
488 505 
488 328 
488 321 
488 385 
488 389 
488 527 
488 181 
488 457 
488 122 
488 476 
488 521 
488 494 
488 292 
488 390 
488 130 
488 423 
488 52 
488 113 
488 446 
488 288 
488 166 
488 176 
488 502 
488 208 
488 509 
488 189 
488 124 
488 438 
488 213 
488 417 
488 172 
488 526 
488 486 
488 383 
488 361 
488 243 
488 218 
488 312 
488 480 
488 156 
488 512 
488 451 
488 17 
488 47 
488 239 
488 160 
488 412 
488 177 
488 360 
488 298 
488 493 
488 357 
488 388 
488 432 
488 18 
488 37 
488 518 
488 525 
488 506 
488 452 
488 125 
488 266 
488 182 
488 265 
488 191 
488 530 
488 79 
488 67 
488 39 
488 88 
488 271 
488 310 
488 214 
488 487 
488 42 
488 293 
488 336 
488 445 
488 29 
488 524 
488 297 
488 200 
488 20 
488 482 
488 149 
488 220 
488 193 
488 332 
488 283 
488 377 
488 161 
488 358 
489 231 
489 291 
489 267 
489 396 
489 190 
489 197 
489 427 
489 205 
489 117 
489 32 
489 366 
489 511 
489 55 
489 150 
489 454 
489 521 
489 303 
489 487 
489 483 
489 50 
489 391 
489 444 
489 266 
489 255 
489 399 
489 115 
489 118 
489 242 
489 309 
489 289 
489 136 
489 106 
489 112 
489 437 
489 501 
489 82 
489 390 
489 137 
489 146 
489 506 
489 378 
489 314 
489 24 
489 379 
489 340 
489 160 
489 456 
489 371 
489 151 
489 175 
489 76 
489 414 
489 195 
489 376 
489 210 
489 473 
489 239 
489 145 
489 223 
489 111 
489 163 
489 88 
489 36 
489 103 
489 258 
489 182 
489 251 
489 247 
489 126 
489 42 
489 419 
489 51 
489 435 
489 26 
489 77 
489 122 
489 33 
489 133 
489 240 
489 415 
489 74 
489 14 
489 381 
489 491 
489 277 
489 282 
489 469 
489 39 
489 229 
489 129 
489 275 
489 46 
489 494 
489 174 
489 148 
489 347 
489 498 
489 243 
489 149 
489 510 
489 198 
489 404 
489 327 
489 262 
489 313 
489 199 
489 307 
489 212 
489 516 
489 472 
489 113 
489 17 
489 503 
489 192 
489 201 
489 236 
489 95 
489 173 
489 271 
489 40 
489 138 
489 442 
489 528 
489 216 
489 203 
489 449 
489 280 
489 48 
489 384 
489 3 
489 97 
489 324 
489 297 
489 252 
489 274 
489 349 
489 264 
489 207 
489 328 
489 493 
489 300 
489 343 
489 409 
489 158 
489 224 
489 139 
489 524 
489 466 
489 465 
489 72 
489 69 
489 358 
489 9 
489 292 
489 354 
489 208 
489 41 
489 457 
490 501 
490 196 
490 166 
490 406 
490 67 
490 308 
490 488 
490 290 
490 56 
490 497 
490 252 
490 228 
490 266 
490 511 
490 28 
490 279 
490 394 
490 182 
490 265 
490 25 
490 256 
490 255 
490 378 
490 31 
490 291 
490 334 
490 444 
490 506 
490 345 
490 430 
490 219 
490 128 
490 466 
490 170 
490 319 
490 216 
490 472 
490 426 
490 81 
490 431 
490 335 
490 115 
490 369 
490 199 
490 491 
490 354 
490 416 
490 215 
490 410 
490 35 
490 169 
490 442 
490 191 
490 289 
490 326 
490 465 
490 161 
490 363 
490 174 
490 507 
490 5 
490 51 
490 390 
490 327 
490 21 
490 130 
490 54 
490 468 
490 76 
490 178 
490 415 
490 414 
490 50 
490 100 
490 146 
490 184 
490 261 
490 19 
490 474 
490 338 
490 2 
490 198 
490 27 
490 313 
490 281 
490 94 
490 500 
490 349 
490 503 
490 113 
490 423 
490 3 
490 237 
490 316 
490 151 
490 365 
490 137 
490 432 
490 462 
490 65 
490 331 
490 434 
490 258 
490 32 
490 247 
490 264 
490 418 
490 347 
490 122 
490 379 
490 88 
490 357 
490 0 
490 346 
490 107 
490 269 
490 82 
490 142 
490 180 
490 85 
490 274 
490 80 
490 440 
490 531 
490 275 
490 59 
490 485 
490 301 
490 105 
490 254 
490 429 
490 302 
490 478 
490 375 
490 356 
490 408 
490 272 
490 172 
490 293 
490 165 
490 233 
490 303 
490 475 
490 11 
490 246 
490 84 
490 75 
490 508 
490 386 
490 518 
490 167 
490 93 
490 298 
490 292 
490 381 
491 7 
491 528 
491 530 
491 396 
491 12 
491 244 
491 5 
491 57 
491 145 
491 61 
491 514 
491 168 
491 522 
491 135 
491 139 
491 521 
491 310 
491 461 
491 435 
491 106 
491 283 
491 161 
491 451 
491 52 
491 224 
491 494 
491 48 
491 479 
491 22 
491 185 
491 242 
491 236 
491 299 
491 148 
491 453 
491 211 
491 131 
491 527 
491 126 
491 500 
491 245 
491 54 
491 471 
491 490 
491 195 
491 157 
491 405 
491 511 
491 189 
491 108 
491 6 
491 111 
491 320 
491 50 
491 202 
491 122 
491 441 
491 232 
491 458 
491 482 
491 26 
491 132 
491 382 
491 204 
491 489 
491 313 
491 79 
491 267 
491 474 
491 2 
491 256 
491 207 
491 443 
491 418 
491 402 
491 103 
491 376 
491 456 
491 44 
491 381 
491 21 
491 90 
491 172 
491 18 
491 190 
491 31 
491 1 
491 136 
491 400 
491 133 
491 120 
491 352 
491 0 
491 206 
491 355 
491 96 
491 138 
491 364 
491 125 
491 277 
491 165 
491 403 
491 356 
491 155 
491 465 
491 198 
491 341 
491 415 
491 187 
491 200 
491 269 
491 327 
491 506 
491 450 
491 91 
491 149 
491 215 
491 493 
491 262 
491 492 
491 182 
491 404 
491 420 
491 60 
491 340 
491 205 
491 426 
491 446 
491 67 
491 228 
491 339 
491 330 
491 430 
491 407 
491 152 
491 296 
491 212 
491 464 
491 498 
491 271 
491 370 
491 265 
491 350 
491 395 
491 363 
491 387 
491 124 
491 510 
491 213 
491 429 
491 472 
491 449 
492 219 
492 388 
492 68 
492 375 
492 514 
492 527 
492 5 
492 309 
492 297 
492 485 
492 12 
492 1 
492 391 
492 331 
492 43 
492 473 
492 235 
492 178 
492 9 
492 428 
492 19 
492 498 
492 158 
492 88 
492 239 
492 20 
492 320 
492 38 
492 327 
492 208 
492 79 
492 149 
492 229 
492 127 
492 506 
492 430 
492 426 
492 76 
492 271 
492 397 
492 306 
492 48 
492 47 
492 260 
492 122 
492 240 
492 256 
492 74 
492 387 
492 433 
492 406 
492 128 
492 495 
492 207 
492 146 
492 169 
492 396 
492 242 
492 466 
492 186 
492 325 
492 54 
492 198 
492 474 
492 377 
492 281 
492 10 
492 266 
492 176 
492 46 
492 257 
492 283 
492 501 
492 510 
492 104 
492 249 
492 353 
492 516 
492 502 
492 478 
492 503 
492 303 
492 118 
492 110 
492 512 
492 481 
492 365 
492 285 
492 14 
492 437 
492 454 
492 224 
492 354 
492 165 
492 293 
492 328 
492 450 
492 108 
492 218 
492 329 
492 112 
492 348 
492 22 
492 407 
492 227 
492 129 
492 318 
492 442 
492 313 
492 392 
492 467 
492 277 
492 491 
492 394 
492 456 
492 282 
492 163 
492 363 
492 194 
492 364 
492 393 
492 302 
492 349 
492 362 
492 195 
492 162 
492 93 
492 395 
492 505 
492 36 
492 286 
492 479 
492 181 
492 262 
492 275 
492 141 
492 367 
492 205 
492 289 
492 471 
492 274 
492 287 
492 199 
492 413 
492 288 
492 472 
492 511 
492 30 
492 66 
493 415 
493 99 
493 196 
493 518 
493 137 
493 153 
493 154 
493 459 
493 438 
493 511 
493 411 
493 362 
493 49 
493 464 
493 79 
493 269 
493 17 
493 165 
493 149 
493 390 
493 330 
493 227 
493 435 
493 152 
493 461 
493 305 
493 530 
493 306 
493 355 
493 484 
493 457 
493 413 
493 142 
493 59 
493 421 
493 205 
493 509 
493 468 
493 125 
493 329 
493 194 
493 7 
493 337 
493 16 
493 9 
493 195 
493 81 
493 300 
493 202 
493 198 
493 219 
493 91 
493 173 
493 463 
493 77 
493 503 
493 186 
493 34 
493 505 
493 478 
493 27 
493 338 
493 402 
493 416 
493 244 
493 215 
493 88 
493 193 
493 354 
493 204 
493 323 
493 528 
493 307 
493 30 
493 98 
493 78 
493 320 
493 407 
493 262 
493 200 
493 423 
493 380 
493 324 
493 48 
493 50 
493 221 
493 347 
493 367 
493 31 
493 233 
493 158 
493 32 
493 255 
493 124 
493 159 
493 265 
493 405 
493 108 
493 53 
493 290 
493 316 
493 508 
493 488 
493 264 
493 397 
493 499 
493 134 
493 313 
493 448 
493 491 
493 466 
493 500 
493 425 
493 374 
493 346 
493 527 
493 0 
493 479 
493 489 
493 10 
493 280 
493 145 
493 430 
493 292 
493 447 
493 314 
493 93 
493 285 
493 451 
493 183 
493 111 
493 39 
493 237 
493 74 
493 401 
493 169 
493 336 
493 327 
493 218 
493 135 
493 412 
493 89 
493 261 
493 272 
493 18 
493 495 
494 64 
494 364 
494 375 
494 404 
494 496 
494 351 
494 56 
494 503 
494 458 
494 396 
494 234 
494 456 
494 266 
494 213 
494 230 
494 400 
494 418 
494 316 
494 46 
494 132 
494 294 
494 251 
494 530 
494 398 
494 519 
494 203 
494 323 
494 29 
494 491 
494 526 
494 13 
494 31 
494 477 
494 270 
494 58 
494 439 
494 2 
494 100 
494 320 
494 395 
494 322 
494 164 
494 78 
494 219 
494 162 
494 102 
494 246 
494 531 
494 143 
494 405 
494 457 
494 116 
494 355 
494 122 
494 217 
494 166 
494 208 
494 354 
494 147 
494 411 
494 249 
494 336 
494 480 
494 233 
494 325 
494 333 
494 238 
494 5 
494 256 
494 281 
494 509 
494 280 
494 28 
494 397 
494 357 
494 488 
494 30 
494 407 
494 362 
494 83 
494 410 
494 352 
494 205 
494 221 
494 7 
494 289 
494 38 
494 161 
494 514 
494 360 
494 435 
494 106 
494 139 
494 356 
494 412 
494 170 
494 529 
494 489 
494 269 
494 201 
494 501 
494 67 
494 487 
494 168 
494 223 
494 338 
494 463 
494 367 
494 96 
494 444 
494 0 
494 20 
494 193 
494 86 
494 438 
494 66 
494 89 
494 127 
494 211 
494 110 
494 81 
494 326 
494 84 
494 4 
494 386 
494 512 
494 35 
494 382 
494 114 
494 146 
494 417 
494 111 
494 508 
494 478 
494 479 
494 243 
494 254 
494 248 
494 265 
494 518 
494 25 
494 358 
494 225 
494 282 
494 424 
494 73 
494 366 
494 413 
494 393 
494 144 
494 345 
494 337 
494 47 
494 163 
494 443 
495 303 
495 502 
495 176 
495 68 
495 14 
495 427 
495 324 
495 155 
495 146 
495 13 
495 225 
495 330 
495 314 
495 484 
495 185 
495 367 
495 113 
495 447 
495 507 
495 456 
495 366 
495 448 
495 118 
495 273 
495 432 
495 209 
495 147 
495 203 
495 48 
495 164 
495 271 
495 27 
495 517 
495 279 
495 512 
495 98 
495 172 
495 139 
495 506 
495 174 
495 300 
495 238 
495 394 
495 16 
495 211 
495 55 
495 335 
495 348 
495 329 
495 311 
495 112 
495 21 
495 10 
495 347 
495 483 
495 189 
495 208 
495 97 
495 157 
495 152 
495 525 
495 309 
495 521 
495 140 
495 173 
495 486 
495 57 
495 359 
495 470 
495 77 
495 498 
495 327 
495 45 
495 268 
495 492 
495 245 
495 186 
495 254 
495 109 
495 440 
495 449 
495 307 
495 462 
495 276 
495 320 
495 115 
495 7 
495 530 
495 232 
495 67 
495 106 
495 331 
495 183 
495 84 
495 197 
495 465 
495 237 
495 336 
495 251 
495 138 
495 29 
495 464 
495 402 
495 423 
495 204 
495 342 
495 388 
495 485 
495 22 
495 153 
495 31 
495 387 
495 472 
495 187 
495 531 
495 510 
495 111 
495 124 
495 160 
495 518 
495 8 
495 404 
495 430 
495 344 
495 524 
495 100 
495 175 
495 439 
495 59 
495 149 
495 264 
495 154 
495 260 
495 73 
495 265 
495 476 
495 396 
495 168 
495 459 
495 33 
495 50 
495 246 
495 66 
495 72 
495 433 
495 18 
495 467 
495 457 
495 19 
495 257 
495 212 
495 86 
495 133 
495 426 
495 332 
495 451 
495 207 
495 91 
495 275 
495 74 
495 49 
495 61 
495 414 
495 70 
495 58 
495 289 
495 431 
495 493 
496 300 
496 145 
496 233 
496 177 
496 146 
496 494 
496 381 
496 241 
496 469 
496 123 
496 242 
496 407 
496 430 
496 428 
496 26 
496 275 
496 126 
496 23 
496 50 
496 306 
496 268 
496 336 
496 525 
496 420 
496 320 
496 98 
496 234 
496 219 
496 210 
496 461 
496 446 
496 101 
496 403 
496 501 
496 465 
496 215 
496 422 
496 59 
496 31 
496 237 
496 486 
496 224 
496 448 
496 151 
496 118 
496 330 
496 367 
496 58 
496 418 
496 6 
496 250 
496 396 
496 230 
496 208 
496 269 
496 186 
496 331 
496 315 
496 152 
496 53 
496 466 
496 10 
496 157 
496 319 
496 468 
496 127 
496 113 
496 335 
496 2 
496 133 
496 137 
496 62 
496 112 
496 184 
496 166 
496 49 
496 313 
496 285 
496 513 
496 7 
496 421 
496 487 
496 207 
496 463 
496 209 
496 35 
496 358 
496 204 
496 274 
496 387 
496 38 
496 375 
496 134 
496 360 
496 173 
496 239 
496 516 
496 42 
496 434 
496 143 
496 21 
496 115 
496 24 
496 526 
496 27 
496 205 
496 34 
496 95 
496 18 
496 108 
496 451 
496 201 
496 302 
496 206 
496 87 
496 503 
496 408 
496 392 
496 439 
496 298 
496 140 
496 39 
496 122 
496 197 
496 75 
496 8 
496 324 
496 305 
496 384 
496 323 
496 196 
496 333 
496 193 
496 476 
496 0 
496 221 
496 165 
496 84 
496 187 
496 290 
496 69 
496 282 
496 135 
496 417 
496 397 
496 481 
497 8 
497 409 
497 462 
497 361 
497 153 
497 147 
497 261 
497 232 
497 199 
497 173 
497 126 
497 490 
497 366 
497 470 
497 356 
497 62 
497 128 
497 207 
497 500 
497 507 
497 283 
497 378 
497 503 
497 419 
497 473 
497 187 
497 373 
497 291 
497 180 
497 385 
497 67 
497 376 
497 116 
497 185 
497 4 
497 82 
497 35 
497 521 
497 175 
497 40 
497 200 
497 424 
497 7 
497 122 
497 511 
497 410 
497 106 
497 418 
497 527 
497 316 
497 22 
497 422 
497 461 
497 21 
497 421 
497 348 
497 395 
497 71 
497 236 
497 458 
497 171 
497 30 
497 217 
497 34 
497 33 
497 380 
497 237 
497 444 
497 133 
497 176 
497 219 
497 197 
497 93 
497 124 
497 388 
497 279 
497 530 
497 464 
497 140 
497 472 
497 111 
497 125 
497 333 
497 455 
497 384 
497 45 
497 16 
497 516 
497 58 
497 481 
497 338 
497 264 
497 44 
497 357 
497 41 
497 437 
497 196 
497 6 
497 158 
497 280 
497 346 
497 453 
497 221 
497 271 
497 167 
497 483 
497 313 
497 499 
497 274 
497 381 
497 255 
497 165 
497 463 
497 352 
497 252 
497 391 
497 143 
497 466 
497 134 
497 529 
497 218 
497 379 
497 95 
497 101 
497 166 
497 392 
497 487 
497 317 
497 305 
497 123 
497 519 
497 277 
497 398 
497 278 
497 365 
497 417 
497 518 
497 513 
497 304 
497 289 
497 301 
497 157 
497 469 
497 61 
497 400 
497 172 
497 309 
497 201 
497 370 
497 432 
497 284 
497 161 
497 5 
497 13 
497 347 
497 475 
497 205 
497 260 
497 295 
497 193 
497 37 
497 476 
497 202 
497 246 
497 336 
497 186 
497 215 
497 396 
497 120 
497 190 
497 256 
497 353 
497 325 
497 85 
497 17 
497 151 
497 59 
497 206 
497 306 
497 223 
497 136 
497 253 
497 318 
498 65 
498 441 
498 435 
498 113 
498 411 
498 216 
498 358 
498 17 
498 407 
498 381 
498 314 
498 440 
498 202 
498 522 
498 142 
498 338 
498 29 
498 204 
498 413 
498 43 
498 449 
498 53 
498 215 
498 9 
498 322 
498 180 
498 19 
498 70 
498 149 
498 89 
498 59 
498 242 
498 507 
498 476 
498 223 
498 101 
498 492 
498 73 
498 383 
498 424 
498 56 
498 347 
498 247 
498 239 
498 154 
498 185 
498 37 
498 184 
498 22 
498 458 
498 299 
498 513 
498 298 
498 75 
498 515 
498 120 
498 119 
498 288 
498 136 
498 395 
498 508 
498 466 
498 432 
498 293 
498 438 
498 372 
498 50 
498 467 
498 80 
498 495 
498 268 
498 78 
498 252 
498 437 
498 368 
498 355 
498 30 
498 213 
498 385 
498 210 
498 222 
498 470 
498 263 
498 530 
498 92 
498 108 
498 475 
498 260 
498 261 
498 308 
498 164 
498 124 
498 156 
498 114 
498 445 
498 162 
498 203 
498 401 
498 167 
498 329 
498 341 
498 27 
498 480 
498 259 
498 489 
498 369 
498 389 
498 72 
498 409 
498 453 
498 303 
498 118 
498 179 
498 421 
498 246 
498 450 
498 4 
498 85 
498 52 
498 472 
498 312 
498 132 
498 0 
498 243 
498 451 
498 461 
498 364 
498 523 
498 278 
498 267 
498 95 
498 362 
498 34 
498 250 
498 18 
498 90 
498 271 
498 325 
498 54 
498 32 
498 26 
498 152 
498 406 
498 499 
498 98 
498 483 
498 291 
498 477 
498 290 
498 501 
498 491 
498 310 
498 350 
498 398 
498 182 
498 147 
498 218 
498 354 
498 220 
498 323 
498 178 
498 321 
499 78 
499 71 
499 198 
499 457 
499 93 
499 466 
499 478 
499 461 
499 282 
499 148 
499 226 
499 111 
499 191 
499 159 
499 351 
499 37 
499 324 
499 84 
499 336 
499 346 
499 339 
499 395 
499 211 
499 513 
499 473 
499 85 
499 275 
499 154 
499 163 
499 24 
499 416 
499 451 
499 271 
499 444 
499 109 
499 519 
499 11 
499 26 
499 176 
499 481 
499 169 
499 252 
499 422 
499 156 
499 270 
499 464 
499 206 
499 474 
499 521 
499 138 
499 94 
499 450 
499 46 
499 5 
499 140 
499 485 
499 355 
499 30 
499 35 
499 452 
499 435 
499 527 
499 406 
499 419 
499 400 
499 515 
499 507 
499 51 
499 414 
499 349 
499 376 
499 197 
499 531 
499 266 
499 291 
499 277 
499 193 
499 240 
499 102 
499 29 
499 160 
499 278 
499 254 
499 364 
499 330 
499 142 
499 112 
499 302 
499 276 
499 497 
499 204 
499 394 
499 105 
499 253 
499 106 
499 405 
499 412 
499 145 
499 6 
499 311 
499 263 
499 436 
499 130 
499 487 
499 367 
499 333 
499 255 
499 179 
499 44 
499 147 
499 220 
499 396 
499 408 
499 508 
499 460 
499 1 
499 493 
499 108 
499 28 
499 404 
499 207 
499 378 
499 222 
499 402 
499 32 
499 186 
499 125 
499 316 
499 280 
499 10 
499 470 
499 498 
499 431 
499 165 
499 54 
499 506 
499 185 
499 152 
499 146 
499 189 
499 126 
499 177 
499 45 
499 486 
499 64 
499 250 
499 323 
499 439 
499 393 
499 151 
499 375 
499 307 
499 426 
500 166 
500 70 
500 470 
500 513 
500 287 
500 473 
500 0 
500 80 
500 133 
500 526 
500 131 
500 25 
500 123 
500 233 
500 49 
500 352 
500 44 
500 330 
500 160 
500 497 
500 340 
500 530 
500 380 
500 24 
500 21 
500 102 
500 452 
500 384 
500 245 
500 512 
500 14 
500 234 
500 6 
500 320 
500 491 
500 363 
500 81 
500 159 
500 191 
500 142 
500 252 
500 298 
500 32 
500 488 
500 289 
500 445 
500 365 
500 327 
500 350 
500 277 
500 439 
500 89 
500 385 
500 377 
500 280 
500 210 
500 457 
500 392 
500 486 
500 509 
500 250 
500 310 
500 412 
500 429 
500 179 
500 400 
500 383 
500 490 
500 78 
500 325 
500 213 
500 31 
500 34 
500 444 
500 425 
500 524 
500 312 
500 143 
500 274 
500 290 
500 5 
500 353 
500 127 
500 203 
500 408 
500 251 
500 72 
500 156 
500 341 
500 263 
500 261 
500 223 
500 221 
500 187 
500 422 
500 438 
500 8 
500 75 
500 458 
500 76 
500 136 
500 104 
500 243 
500 87 
500 161 
500 100 
500 322 
500 493 
500 97 
500 461 
500 247 
500 23 
500 228 
500 507 
500 33 
500 192 
500 20 
500 367 
500 410 
500 361 
500 403 
500 15 
500 393 
500 436 
500 397 
500 402 
500 13 
500 232 
500 248 
500 65 
500 134 
500 96 
500 121 
500 42 
500 57 
500 358 
500 56 
501 508 
501 321 
501 490 
501 269 
501 163 
501 65 
501 423 
501 450 
501 104 
501 412 
501 176 
501 420 
501 468 
501 136 
501 59 
501 235 
501 291 
501 37 
501 366 
501 312 
501 186 
501 522 
501 110 
501 449 
501 16 
501 75 
501 520 
501 343 
501 304 
501 61 
501 130 
501 496 
501 290 
501 115 
501 489 
501 155 
501 526 
501 73 
501 287 
501 303 
501 227 
501 407 
501 207 
501 463 
501 158 
501 279 
501 272 
501 484 
501 445 
501 239 
501 344 
501 10 
501 283 
501 205 
501 390 
501 324 
501 32 
501 335 
501 285 
501 64 
501 36 
501 173 
501 333 
501 435 
501 119 
501 378 
501 211 
501 351 
501 348 
501 129 
501 478 
501 183 
501 123 
501 20 
501 50 
501 126 
501 361 
501 139 
501 6 
501 487 
501 507 
501 492 
501 267 
501 473 
501 182 
501 273 
501 157 
501 438 
501 466 
501 494 
501 30 
501 238 
501 383 
501 268 
501 457 
501 144 
501 172 
501 375 
501 373 
501 194 
501 276 
501 148 
501 202 
501 131 
501 414 
501 365 
501 259 
501 307 
501 56 
501 117 
501 42 
501 188 
501 364 
501 421 
501 381 
501 187 
501 204 
501 124 
501 203 
501 181 
501 278 
501 146 
501 509 
501 416 
501 370 
501 225 
501 400 
501 151 
501 386 
501 408 
501 127 
501 90 
501 415 
501 323 
501 82 
501 244 
501 245 
501 485 
501 38 
501 114 
501 277 
501 332 
501 255 
501 48 
501 195 
501 107 
501 384 
501 52 
501 498 
501 156 
501 46 
501 152 
501 246 
501 166 
501 469 
501 431 
501 360 
501 51 
501 247 
501 465 
501 406 
501 395 
501 200 
501 111 
501 101 
501 385 
501 521 
501 264 
502 270 
502 495 
502 206 
502 407 
502 305 
502 108 
502 188 
502 447 
502 374 
502 331 
502 53 
502 288 
502 159 
502 315 
502 182 
502 356 
502 428 
502 96 
502 112 
502 330 
502 412 
502 178 
502 290 
502 142 
502 358 
502 423 
502 310 
502 153 
502 179 
502 376 
502 398 
502 72 
502 117 
502 9 
502 317 
502 252 
502 166 
502 364 
502 190 
502 183 
502 89 
502 335 
502 146 
502 320 
502 229 
502 381 
502 63 
502 24 
502 209 
502 208 
502 129 
502 343 
502 448 
502 2 
502 30 
502 110 
502 144 
502 291 
502 275 
502 173 
502 483 
502 7 
502 449 
502 180 
502 0 
502 294 
502 403 
502 101 
502 107 
502 359 
502 277 
502 257 
502 202 
502 26 
502 4 
502 431 
502 170 
502 273 
502 125 
502 13 
502 318 
502 276 
502 362 
502 306 
502 12 
502 40 
502 375 
502 76 
502 464 
502 80 
502 47 
502 361 
502 98 
502 319 
502 245 
502 31 
502 259 
502 203 
502 530 
502 492 
502 488 
502 181 
502 512 
502 123 
502 370 
502 135 
502 227 
502 461 
502 527 
502 115 
502 239 
502 352 
502 289 
502 446 
502 109 
502 341 
502 293 
502 54 
502 244 
502 247 
502 321 
502 525 
502 351 
502 416 
502 205 
502 111 
502 130 
502 301 
502 414 
502 346 
502 355 
502 274 
502 472 
502 413 
502 389 
502 478 
502 237 
502 441 
502 402 
502 85 
502 466 
502 97 
502 397 
502 487 
502 163 
502 453 
502 69 
502 33 
502 36 
502 350 
502 139 
502 417 
502 263 
502 88 
502 21 
502 150 
503 277 
503 7 
503 228 
503 165 
503 226 
503 133 
503 402 
503 164 
503 430 
503 494 
503 354 
503 91 
503 315 
503 342 
503 519 
503 118 
503 261 
503 438 
503 347 
503 217 
503 287 
503 117 
503 480 
503 180 
503 525 
503 192 
503 497 
503 472 
503 4 
503 284 
503 67 
503 281 
503 426 
503 368 
503 115 
503 152 
503 9 
503 411 
503 190 
503 460 
503 523 
503 458 
503 390 
503 309 
503 434 
503 346 
503 256 
503 482 
503 22 
503 87 
503 447 
503 111 
503 68 
503 401 
503 96 
503 488 
503 420 
503 348 
503 142 
503 255 
503 383 
503 375 
503 151 
503 245 
503 232 
503 107 
503 410 
503 493 
503 464 
503 173 
503 207 
503 36 
503 316 
503 125 
503 15 
503 194 
503 431 
503 100 
503 510 
503 253 
503 372 
503 196 
503 213 
503 40 
503 170 
503 490 
503 222 
503 307 
503 33 
503 174 
503 150 
503 138 
503 3 
503 521 
503 492 
503 182 
503 264 
503 211 
503 425 
503 366 
503 468 
503 378 
503 63 
503 343 
503 16 
503 317 
503 202 
503 297 
503 233 
503 28 
503 489 
503 412 
503 71 
503 486 
503 433 
503 337 
503 476 
503 78 
503 392 
503 181 
503 73 
503 455 
503 221 
503 294 
503 428 
503 144 
503 496 
503 76 
503 515 
503 330 
503 448 
503 474 
503 469 
503 416 
503 193 
503 110 
503 373 
503 43 
503 240 
503 169 
503 371 
503 25 
503 109 
503 314 
503 388 
503 341 
503 32 
503 6 
503 54 
503 127 
503 52 
503 177 
503 377 
503 432 
503 252 
503 325 
503 300 
503 266 
503 260 
503 210 
503 338 
503 24 
503 124 
503 188 
503 0 
503 508 
504 279 
504 294 
504 92 
504 136 
504 161 
504 198 
504 27 
504 335 
504 88 
504 138 
504 151 
504 391 
504 41 
504 307 
504 103 
504 402 
504 62 
504 457 
504 354 
504 482 
504 311 
504 23 
504 148 
504 384 
504 339 
504 145 
504 465 
504 95 
504 115 
504 287 
504 316 
504 81 
504 208 
504 385 
504 303 
504 346 
504 392 
504 152 
504 26 
504 437 
504 220 
504 293 
504 302 
504 130 
504 114 
504 507 
504 376 
504 312 
504 24 
504 55 
504 455 
504 231 
504 530 
504 171 
504 333 
504 84 
504 6 
504 374 
504 283 
504 239 
504 334 
504 234 
504 112 
504 403 
504 104 
504 82 
504 330 
504 362 
504 155 
504 514 
504 475 
504 479 
504 193 
504 72 
504 163 
504 381 
504 407 
504 60 
504 86 
504 235 
504 356 
504 252 
504 398 
504 4 
504 328 
504 32 
504 409 
504 204 
504 393 
504 200 
504 178 
504 476 
504 11 
504 184 
504 189 
504 284 
504 458 
504 380 
504 419 
504 358 
504 420 
504 15 
504 216 
504 255 
504 406 
504 236 
504 282 
504 313 
504 527 
504 521 
504 146 
504 485 
504 17 
504 288 
504 366 
504 233 
504 63 
504 456 
504 327 
504 326 
504 375 
504 301 
504 65 
504 94 
504 519 
504 101 
504 426 
504 67 
504 351 
504 147 
504 164 
504 439 
504 207 
504 221 
504 371 
504 205 
504 89 
504 19 
504 57 
504 5 
504 124 
504 418 
504 467 
504 390 
504 40 
504 395 
504 364 
504 386 
504 413 
504 461 
504 122 
504 116 
504 483 
505 137 
505 79 
505 193 
505 160 
505 471 
505 196 
505 123 
505 363 
505 360 
505 59 
505 228 
505 70 
505 467 
505 104 
505 340 
505 102 
505 462 
505 288 
505 447 
505 149 
505 255 
505 314 
505 86 
505 214 
505 236 
505 92 
505 56 
505 191 
505 262 
505 383 
505 173 
505 354 
505 143 
505 222 
505 372 
505 514 
505 470 
505 109 
505 450 
505 416 
505 147 
505 508 
505 395 
505 247 
505 384 
505 230 
505 439 
505 343 
505 382 
505 156 
505 204 
505 488 
505 398 
505 345 
505 421 
505 72 
505 33 
505 493 
505 448 
505 71 
505 411 
505 261 
505 34 
505 507 
505 1 
505 474 
505 167 
505 338 
505 144 
505 353 
505 239 
505 350 
505 163 
505 234 
505 259 
505 113 
505 155 
505 391 
505 168 
505 96 
505 523 
505 429 
505 134 
505 509 
505 65 
505 301 
505 286 
505 20 
505 189 
505 170 
505 186 
505 233 
505 164 
505 292 
505 282 
505 422 
505 188 
505 140 
505 264 
505 409 
505 351 
505 29 
505 419 
505 10 
505 446 
505 517 
505 370 
505 219 
505 408 
505 445 
505 47 
505 293 
505 106 
505 437 
505 275 
505 530 
505 179 
505 373 
505 213 
505 197 
505 44 
505 385 
505 330 
505 417 
505 492 
505 519 
505 410 
505 63 
505 75 
505 487 
505 13 
505 246 
505 426 
505 486 
505 440 
505 62 
505 325 
505 297 
505 310 
505 118 
505 28 
506 130 
506 309 
506 484 
506 0 
506 246 
506 225 
506 312 
506 103 
506 13 
506 90 
506 226 
506 258 
506 186 
506 463 
506 375 
506 416 
506 199 
506 414 
506 444 
506 131 
506 29 
506 427 
506 296 
506 244 
506 451 
506 47 
506 205 
506 490 
506 202 
506 429 
506 411 
506 89 
506 495 
506 223 
506 236 
506 221 
506 76 
506 191 
506 392 
506 454 
506 176 
506 192 
506 94 
506 101 
506 376 
506 48 
506 154 
506 489 
506 198 
506 372 
506 56 
506 172 
506 286 
506 512 
506 524 
506 21 
506 230 
506 492 
506 367 
506 97 
506 288 
506 129 
506 355 
506 240 
506 470 
506 106 
506 119 
506 211 
506 46 
506 453 
506 527 
506 280 
506 197 
506 74 
506 356 
506 278 
506 423 
506 525 
506 4 
506 43 
506 396 
506 193 
506 163 
506 209 
506 346 
506 98 
506 12 
506 32 
506 272 
506 256 
506 267 
506 233 
506 422 
506 78 
506 517 
506 10 
506 456 
506 19 
506 266 
506 341 
506 96 
506 35 
506 342 
506 348 
506 318 
506 310 
506 159 
506 127 
506 460 
506 485 
506 399 
506 302 
506 285 
506 491 
506 325 
506 321 
506 343 
506 481 
506 38 
506 55 
506 91 
506 395 
506 85 
506 307 
506 237 
506 488 
506 301 
506 393 
506 254 
506 363 
506 518 
506 516 
506 290 
506 196 
506 305 
506 161 
506 487 
506 65 
506 152 
506 217 
506 520 
506 499 
506 523 
506 378 
506 349 
506 299 
506 6 
506 5 
506 36 
507 6 
507 524 
507 19 
507 518 
507 486 
507 179 
507 296 
507 209 
507 350 
507 214 
507 340 
507 222 
507 309 
507 446 
507 336 
507 495 
507 381 
507 75 
507 136 
507 522 
507 477 
507 100 
507 245 
507 220 
507 497 
507 45 
507 498 
507 301 
507 520 
507 338 
507 341 
507 471 
507 389 
507 419 
507 430 
507 512 
507 463 
507 297 
507 62 
507 128 
507 322 
507 328 
507 425 
507 523 
507 262 
507 416 
507 56 
507 394 
507 147 
507 201 
507 324 
507 417 
507 29 
507 504 
507 131 
507 138 
507 237 
507 313 
507 92 
507 234 
507 317 
507 457 
507 490 
507 119 
507 157 
507 145 
507 304 
507 26 
507 205 
507 519 
507 216 
507 170 
507 52 
507 59 
507 21 
507 374 
507 143 
507 499 
507 505 
507 258 
507 326 
507 155 
507 501 
507 408 
507 124 
507 363 
507 218 
507 212 
507 286 
507 33 
507 30 
507 49 
507 55 
507 308 
507 110 
507 195 
507 444 
507 159 
507 65 
507 364 
507 475 
507 53 
507 175 
507 215 
507 420 
507 64 
507 356 
507 396 
507 57 
507 192 
507 223 
507 54 
507 231 
507 242 
507 112 
507 107 
507 329 
507 116 
507 454 
507 46 
507 207 
507 401 
507 445 
507 273 
507 148 
507 513 
507 163 
507 88 
507 369 
507 37 
507 459 
507 284 
507 500 
507 469 
507 10 
507 480 
507 391 
507 120 
507 206 
507 428 
507 3 
507 441 
507 435 
507 474 
507 376 
507 99 
507 525 
507 68 
507 101 
507 9 
507 451 
507 402 
507 285 
507 438 
507 238 
507 247 
507 213 
507 47 
507 426 
508 501 
508 129 
508 249 
508 530 
508 450 
508 165 
508 253 
508 266 
508 280 
508 83 
508 310 
508 92 
508 270 
508 210 
508 416 
508 58 
508 519 
508 197 
508 56 
508 440 
508 480 
508 487 
508 172 
508 512 
508 423 
508 256 
508 156 
508 338 
508 301 
508 44 
508 247 
508 517 
508 347 
508 235 
508 34 
508 52 
508 184 
508 335 
508 40 
508 265 
508 30 
508 4 
508 11 
508 329 
508 323 
508 355 
508 282 
508 352 
508 393 
508 93 
508 101 
508 99 
508 216 
508 388 
508 305 
508 498 
508 505 
508 461 
508 77 
508 147 
508 309 
508 146 
508 2 
508 287 
508 7 
508 86 
508 67 
508 145 
508 36 
508 24 
508 334 
508 377 
508 107 
508 244 
508 403 
508 293 
508 360 
508 59 
508 438 
508 108 
508 272 
508 408 
508 469 
508 5 
508 141 
508 286 
508 462 
508 322 
508 21 
508 211 
508 421 
508 474 
508 379 
508 382 
508 437 
508 178 
508 476 
508 161 
508 243 
508 100 
508 39 
508 19 
508 28 
508 179 
508 475 
508 15 
508 57 
508 89 
508 168 
508 236 
508 326 
508 73 
508 180 
508 131 
508 447 
508 138 
508 525 
508 415 
508 380 
508 394 
508 373 
508 312 
508 350 
508 424 
508 10 
508 49 
508 45 
508 298 
508 263 
508 38 
508 433 
508 467 
508 493 
508 381 
508 431 
508 23 
508 79 
508 499 
508 33 
508 91 
508 494 
508 221 
508 315 
508 308 
508 526 
508 154 
508 418 
508 227 
508 420 
508 46 
508 390 
508 136 
508 429 
508 271 
508 222 
508 82 
508 456 
508 297 
508 511 
508 61 
508 404 
508 125 
508 359 
508 375 
508 490 
508 69 
508 116 
508 188 
508 472 
508 503 
508 269 
508 122 
509 123 
509 405 
509 333 
509 527 
509 76 
509 315 
509 49 
509 138 
509 327 
509 452 
509 231 
509 36 
509 267 
509 295 
509 308 
509 516 
509 403 
509 167 
509 160 
509 91 
509 512 
509 19 
509 450 
509 446 
509 24 
509 51 
509 14 
509 152 
509 304 
509 454 
509 86 
509 356 
509 175 
509 284 
509 338 
509 278 
509 88 
509 431 
509 117 
509 137 
509 80 
509 311 
509 464 
509 493 
509 455 
509 413 
509 460 
509 120 
509 250 
509 448 
509 300 
509 119 
509 245 
509 398 
509 44 
509 277 
509 114 
509 484 
509 188 
509 521 
509 461 
509 171 
509 221 
509 494 
509 500 
509 153 
509 426 
509 186 
509 84 
509 81 
509 346 
509 276 
509 118 
509 439 
509 430 
509 74 
509 523 
509 262 
509 103 
509 436 
509 312 
509 266 
509 155 
509 282 
509 435 
509 11 
509 404 
509 261 
509 22 
509 529 
509 488 
509 314 
509 520 
509 400 
509 358 
509 371 
509 32 
509 242 
509 224 
509 12 
509 432 
509 299 
509 505 
509 98 
509 111 
509 141 
509 101 
509 337 
509 511 
509 388 
509 336 
509 130 
509 105 
509 501 
509 487 
509 373 
509 178 
509 293 
509 172 
509 4 
509 82 
509 273 
509 302 
509 350 
509 142 
509 288 
509 473 
509 474 
509 170 
509 68 
509 58 
509 198 
509 467 
509 5 
509 416 
509 355 
509 95 
509 485 
509 271 
509 518 
509 125 
509 462 
509 215 
509 441 
509 53 
510 474 
510 112 
510 175 
510 165 
510 120 
510 188 
510 131 
510 84 
510 63 
510 283 
510 313 
510 350 
510 439 
510 245 
510 287 
510 242 
510 142 
510 148 
510 286 
510 291 
510 198 
510 264 
510 74 
510 442 
510 337 
510 361 
510 426 
510 58 
510 462 
510 189 
510 339 
510 9 
510 23 
510 39 
510 182 
510 147 
510 325 
510 187 
510 200 
510 85 
510 222 
510 447 
510 269 
510 190 
510 450 
510 334 
510 392 
510 514 
510 401 
510 330 
510 327 
510 2 
510 237 
510 315 
510 374 
510 441 
510 89 
510 13 
510 229 
510 221 
510 290 
510 466 
510 444 
510 54 
510 520 
510 414 
510 379 
510 36 
510 463 
510 228 
510 246 
510 210 
510 471 
510 70 
510 75 
510 239 
510 352 
510 437 
510 45 
510 503 
510 387 
510 492 
510 21 
510 216 
510 306 
510 27 
510 207 
510 25 
510 338 
510 99 
510 479 
510 62 
510 153 
510 489 
510 110 
510 30 
510 192 
510 279 
510 515 
510 163 
510 529 
510 226 
510 486 
510 495 
510 19 
510 208 
510 136 
510 215 
510 430 
510 249 
510 41 
510 320 
510 129 
510 464 
510 453 
510 155 
510 365 
510 394 
510 388 
510 4 
510 140 
510 53 
510 193 
510 234 
510 383 
510 217 
510 355 
510 113 
510 433 
510 280 
510 304 
510 297 
510 86 
510 35 
510 470 
510 257 
510 390 
510 109 
510 276 
510 527 
510 321 
510 102 
510 209 
510 157 
510 377 
510 477 
510 516 
510 305 
510 121 
510 294 
510 22 
510 288 
510 342 
510 289 
510 518 
510 300 
510 308 
510 368 
510 467 
510 491 
510 57 
510 408 
511 142 
511 196 
511 156 
511 100 
511 44 
511 231 
511 64 
511 315 
511 493 
511 108 
511 489 
511 226 
511 89 
511 431 
511 62 
511 193 
511 490 
511 350 
511 220 
511 180 
511 30 
511 244 
511 474 
511 457 
511 471 
511 111 
511 238 
511 310 
511 249 
511 419 
511 285 
511 27 
511 143 
511 365 
511 274 
511 373 
511 401 
511 450 
511 42 
511 154 
511 360 
511 280 
511 524 
511 469 
511 214 
511 348 
511 181 
511 497 
511 188 
511 438 
511 342 
511 491 
511 215 
511 519 
511 517 
511 20 
511 429 
511 411 
511 126 
511 122 
511 6 
511 78 
511 383 
511 97 
511 279 
511 340 
511 470 
511 452 
511 357 
511 148 
511 28 
511 520 
511 262 
511 521 
511 416 
511 444 
511 448 
511 92 
511 94 
511 207 
511 171 
511 13 
511 394 
511 363 
511 131 
511 358 
511 104 
511 219 
511 237 
511 134 
511 328 
511 155 
511 412 
511 288 
511 456 
511 137 
511 509 
511 7 
511 300 
511 0 
511 242 
511 528 
511 232 
511 200 
511 54 
511 58 
511 453 
511 487 
511 530 
511 523 
511 246 
511 145 
511 391 
511 443 
511 218 
511 331 
511 370 
511 80 
511 427 
511 379 
511 252 
511 112 
511 269 
511 197 
511 271 
511 9 
511 264 
511 484 
511 485 
511 345 
511 125 
511 513 
511 374 
511 19 
511 508 
511 295 
511 85 
511 339 
511 135 
511 63 
511 118 
511 229 
511 492 
511 353 
511 60 
511 48 
511 462 
511 447 
512 21 
512 7 
512 449 
512 201 
512 450 
512 175 
512 60 
512 111 
512 102 
512 274 
512 463 
512 103 
512 97 
512 20 
512 46 
512 181 
512 509 
512 369 
512 442 
512 275 
512 373 
512 448 
512 470 
512 508 
512 41 
512 258 
512 495 
512 257 
512 229 
512 189 
512 123 
512 83 
512 454 
512 520 
512 392 
512 507 
512 310 
512 432 
512 166 
512 259 
512 110 
512 446 
512 453 
512 421 
512 500 
512 328 
512 372 
512 525 
512 187 
512 2 
512 278 
512 531 
512 506 
512 164 
512 57 
512 107 
512 28 
512 106 
512 436 
512 484 
512 178 
512 514 
512 434 
512 70 
512 92 
512 25 
512 396 
512 35 
512 202 
512 422 
512 245 
512 459 
512 335 
512 333 
512 72 
512 183 
512 430 
512 262 
512 260 
512 314 
512 320 
512 231 
512 458 
512 473 
512 185 
512 325 
512 487 
512 492 
512 146 
512 502 
512 374 
512 134 
512 194 
512 73 
512 261 
512 309 
512 349 
512 482 
512 308 
512 342 
512 486 
512 457 
512 307 
512 416 
512 99 
512 423 
512 207 
512 388 
512 488 
512 331 
512 469 
512 246 
512 330 
512 371 
512 215 
512 273 
512 340 
512 22 
512 216 
512 252 
512 290 
512 414 
512 494 
512 527 
512 34 
512 19 
512 206 
512 255 
512 204 
512 40 
512 33 
512 522 
512 378 
512 54 
512 153 
512 147 
512 161 
512 18 
512 251 
512 248 
512 27 
512 471 
512 517 
512 337 
512 380 
512 168 
512 272 
512 247 
512 137 
512 360 
512 348 
512 240 
512 48 
512 199 
512 455 
512 363 
512 529 
512 42 
513 150 
513 32 
513 65 
513 524 
513 500 
513 398 
513 248 
513 425 
513 167 
513 420 
513 445 
513 410 
513 523 
513 446 
513 161 
513 171 
513 275 
513 520 
513 22 
513 456 
513 499 
513 402 
513 529 
513 227 
513 258 
513 64 
513 147 
513 48 
513 221 
513 238 
513 164 
513 174 
513 328 
513 54 
513 429 
513 26 
513 128 
513 91 
513 165 
513 314 
513 291 
513 498 
513 194 
513 146 
513 522 
513 528 
513 462 
513 242 
513 142 
513 373 
513 444 
513 220 
513 46 
513 312 
513 160 
513 154 
513 243 
513 318 
513 483 
513 169 
513 299 
513 49 
513 365 
513 247 
513 297 
513 487 
513 105 
513 207 
513 228 
513 400 
513 406 
513 331 
513 92 
513 319 
513 56 
513 215 
513 316 
513 359 
513 496 
513 156 
513 412 
513 304 
513 20 
513 289 
513 135 
513 264 
513 514 
513 15 
513 157 
513 51 
513 181 
513 284 
513 257 
513 13 
513 422 
513 449 
513 431 
513 472 
513 8 
513 362 
513 204 
513 120 
513 353 
513 361 
513 12 
513 315 
513 34 
513 300 
513 114 
513 413 
513 159 
513 18 
513 6 
513 350 
513 153 
513 379 
513 36 
513 102 
513 435 
513 163 
513 392 
513 111 
513 453 
513 507 
513 497 
513 145 
513 122 
513 273 
513 118 
513 374 
513 182 
513 195 
513 158 
513 4 
513 71 
513 0 
513 527 
513 481 
513 126 
513 72 
513 269 
513 358 
513 415 
513 131 
513 408 
513 288 
513 170 
513 464 
513 333 
513 351 
513 96 
513 511 
513 482 
513 180 
513 414 
513 423 
513 261 
513 11 
513 397 
513 272 
514 143 
514 379 
514 193 
514 39 
514 466 
514 525 
514 492 
514 172 
514 366 
514 277 
514 55 
514 457 
514 185 
514 491 
514 441 
514 73 
514 288 
514 345 
514 260 
514 469 
514 270 
514 333 
514 202 
514 463 
514 353 
514 428 
514 278 
514 28 
514 22 
514 111 
514 290 
514 522 
514 71 
514 365 
514 481 
514 32 
514 287 
514 12 
514 48 
514 458 
514 147 
514 341 
514 505 
514 351 
514 119 
514 244 
514 406 
514 197 
514 306 
514 297 
514 479 
514 231 
514 76 
514 350 
514 189 
514 160 
514 110 
514 87 
514 510 
514 402 
514 214 
514 512 
514 453 
514 29 
514 266 
514 31 
514 164 
514 470 
514 234 
514 518 
514 57 
514 323 
514 226 
514 375 
514 232 
514 426 
514 251 
514 43 
514 194 
514 504 
514 137 
514 126 
514 127 
514 238 
514 327 
514 246 
514 485 
514 220 
514 180 
514 446 
514 35 
514 170 
514 1 
514 420 
514 494 
514 448 
514 320 
514 62 
514 80 
514 242 
514 513 
514 140 
514 83 
514 252 
514 519 
514 199 
514 84 
514 224 
514 454 
514 183 
514 403 
514 130 
514 60 
514 116 
514 10 
514 439 
514 13 
514 357 
514 227 
514 473 
514 298 
514 286 
514 361 
514 410 
514 135 
514 521 
514 347 
514 444 
514 335 
514 423 
514 9 
514 218 
514 452 
514 228 
514 279 
514 302 
514 63 
514 253 
514 99 
514 437 
514 113 
514 256 
514 133 
514 217 
514 285 
514 330 
514 308 
514 435 
514 105 
514 455 
514 97 
514 307 
514 421 
514 417 
514 37 
514 72 
514 240 
514 303 
514 337 
514 216 
514 212 
514 378 
514 123 
514 186 
514 85 
514 18 
514 292 
514 145 
514 316 
515 410 
515 113 
515 272 
515 20 
515 232 
515 123 
515 289 
515 153 
515 386 
515 329 
515 108 
515 325 
515 419 
515 366 
515 332 
515 251 
515 459 
515 12 
515 202 
515 434 
515 36 
515 193 
515 285 
515 487 
515 258 
515 206 
515 73 
515 360 
515 261 
515 482 
515 498 
515 330 
515 100 
515 327 
515 522 
515 29 
515 472 
515 146 
515 345 
515 39 
515 90 
515 110 
515 221 
515 188 
515 218 
515 418 
515 347 
515 13 
515 464 
515 225 
515 247 
515 342 
515 76 
515 478 
515 346 
515 415 
515 198 
515 269 
515 267 
515 474 
515 499 
515 208 
515 333 
515 343 
515 255 
515 318 
515 71 
515 479 
515 455 
515 138 
515 276 
515 352 
515 236 
515 56 
515 374 
515 359 
515 316 
515 128 
515 162 
515 224 
515 211 
515 50 
515 320 
515 52 
515 411 
515 204 
515 212 
515 85 
515 104 
515 432 
515 57 
515 189 
515 449 
515 461 
515 510 
515 483 
515 38 
515 40 
515 328 
515 283 
515 242 
515 125 
515 30 
515 239 
515 404 
515 268 
515 530 
515 445 
515 402 
515 58 
515 296 
515 414 
515 528 
515 11 
515 319 
515 177 
515 503 
515 3 
515 101 
515 194 
515 444 
515 266 
515 226 
515 433 
515 163 
515 416 
515 525 
515 431 
515 109 
515 349 
515 121 
515 43 
515 405 
515 45 
515 0 
515 210 
515 380 
515 305 
515 49 
515 324 
515 273 
515 235 
515 132 
515 86 
515 244 
515 4 
515 80 
515 336 
516 167 
516 473 
516 157 
516 119 
516 297 
516 248 
516 509 
516 336 
516 385 
516 415 
516 368 
516 97 
516 85 
516 426 
516 459 
516 286 
516 21 
516 63 
516 444 
516 436 
516 5 
516 301 
516 216 
516 61 
516 437 
516 482 
516 58 
516 161 
516 191 
516 26 
516 439 
516 407 
516 86 
516 275 
516 451 
516 179 
516 467 
516 483 
516 76 
516 463 
516 77 
516 28 
516 168 
516 147 
516 427 
516 348 
516 418 
516 452 
516 521 
516 279 
516 438 
516 305 
516 390 
516 374 
516 346 
516 442 
516 326 
516 117 
516 132 
516 294 
516 446 
516 105 
516 102 
516 377 
516 230 
516 321 
516 344 
516 314 
516 422 
516 201 
516 484 
516 241 
516 323 
516 172 
516 497 
516 139 
516 302 
516 478 
516 236 
516 138 
516 445 
516 151 
516 0 
516 480 
516 272 
516 362 
516 479 
516 474 
516 267 
516 95 
516 492 
516 361 
516 10 
516 351 
516 74 
516 318 
516 443 
516 496 
516 394 
516 429 
516 291 
516 453 
516 529 
516 221 
516 489 
516 310 
516 375 
516 144 
516 70 
516 232 
516 258 
516 278 
516 414 
516 53 
516 358 
516 57 
516 472 
516 237 
516 338 
516 400 
516 322 
516 116 
516 83 
516 109 
516 457 
516 155 
516 298 
516 80 
516 350 
516 506 
516 520 
516 152 
516 243 
516 1 
516 210 
516 213 
516 300 
516 424 
516 196 
516 526 
516 402 
516 510 
516 122 
516 352 
516 217 
516 100 
516 78 
516 343 
516 365 
516 283 
516 313 
516 419 
516 327 
516 470 
516 518 
516 304 
516 162 
516 84 
516 280 
516 432 
516 421 
517 107 
517 388 
517 121 
517 360 
517 426 
517 481 
517 253 
517 10 
517 396 
517 67 
517 317 
517 401 
517 97 
517 526 
517 141 
517 284 
517 377 
517 87 
517 521 
517 379 
517 495 
517 131 
517 71 
517 137 
517 357 
517 361 
517 508 
517 432 
517 383 
517 43 
517 303 
517 371 
517 118 
517 3 
517 313 
517 119 
517 186 
517 188 
517 457 
517 122 
517 354 
517 367 
517 98 
517 183 
517 346 
517 411 
517 239 
517 368 
517 272 
517 422 
517 482 
517 291 
517 310 
517 359 
517 279 
517 528 
517 140 
517 472 
517 511 
517 443 
517 479 
517 407 
517 1 
517 26 
517 292 
517 438 
517 416 
517 335 
517 0 
517 427 
517 35 
517 78 
517 176 
517 391 
517 128 
517 399 
517 51 
517 375 
517 228 
517 178 
517 92 
517 473 
517 14 
517 85 
517 45 
517 146 
517 434 
517 340 
517 293 
517 57 
517 93 
517 450 
517 135 
517 165 
517 447 
517 414 
517 506 
517 207 
517 446 
517 475 
517 4 
517 461 
517 356 
517 52 
517 478 
517 347 
517 75 
517 54 
517 209 
517 235 
517 397 
517 474 
517 316 
517 236 
517 182 
517 483 
517 31 
517 62 
517 6 
517 487 
517 151 
517 213 
517 484 
517 40 
517 80 
517 263 
517 172 
517 378 
517 343 
517 325 
517 30 
517 15 
517 448 
517 471 
517 505 
517 412 
517 241 
517 240 
517 453 
517 139 
517 177 
517 17 
517 101 
517 126 
517 60 
517 524 
517 102 
517 288 
517 440 
517 512 
517 212 
517 155 
517 28 
517 312 
517 96 
517 519 
517 190 
517 322 
517 214 
517 294 
517 217 
517 418 
517 406 
517 38 
518 337 
518 164 
518 150 
518 106 
518 523 
518 507 
518 415 
518 189 
518 280 
518 493 
518 279 
518 260 
518 155 
518 67 
518 76 
518 122 
518 305 
518 309 
518 273 
518 46 
518 316 
518 178 
518 17 
518 383 
518 471 
518 168 
518 328 
518 221 
518 217 
518 362 
518 482 
518 304 
518 384 
518 405 
518 146 
518 186 
518 38 
518 430 
518 10 
518 359 
518 342 
518 524 
518 32 
518 357 
518 107 
518 312 
518 34 
518 319 
518 360 
518 166 
518 215 
518 418 
518 142 
518 469 
518 137 
518 73 
518 9 
518 457 
518 57 
518 514 
518 366 
518 1 
518 477 
518 247 
518 138 
518 306 
518 136 
518 437 
518 105 
518 459 
518 94 
518 402 
518 276 
518 108 
518 335 
518 369 
518 58 
518 102 
518 414 
518 329 
518 281 
518 287 
518 104 
518 78 
518 113 
518 323 
518 103 
518 258 
518 145 
518 332 
518 35 
518 410 
518 45 
518 119 
518 452 
518 192 
518 443 
518 338 
518 65 
518 125 
518 11 
518 387 
518 396 
518 50 
518 495 
518 160 
518 26 
518 374 
518 310 
518 411 
518 420 
518 243 
518 190 
518 28 
518 278 
518 2 
518 200 
518 283 
518 13 
518 92 
518 109 
518 85 
518 364 
518 433 
518 463 
518 497 
518 162 
518 127 
518 434 
518 20 
518 488 
518 324 
518 506 
518 394 
518 194 
518 79 
518 47 
518 378 
518 311 
518 494 
518 203 
518 429 
518 41 
518 128 
518 80 
518 476 
518 56 
518 275 
518 250 
518 197 
518 143 
518 214 
518 253 
518 244 
518 83 
518 268 
518 510 
518 327 
518 453 
518 490 
518 509 
518 412 
518 179 
518 110 
518 516 
518 99 
518 97 
518 468 
518 256 
518 19 
518 60 
519 260 
519 368 
519 162 
519 302 
519 116 
519 312 
519 257 
519 316 
519 259 
519 406 
519 508 
519 503 
519 447 
519 521 
519 9 
519 275 
519 141 
519 297 
519 377 
519 345 
519 68 
519 192 
519 15 
519 184 
519 234 
519 115 
519 206 
519 494 
519 210 
519 432 
519 163 
519 340 
519 421 
519 338 
519 454 
519 317 
519 524 
519 281 
519 125 
519 38 
519 373 
519 346 
519 499 
519 389 
519 47 
519 89 
519 320 
519 108 
519 511 
519 77 
519 335 
519 388 
519 138 
519 201 
519 282 
519 107 
519 149 
519 304 
519 239 
519 331 
519 246 
519 364 
519 430 
519 507 
519 301 
519 62 
519 528 
519 391 
519 46 
519 298 
519 83 
519 314 
519 358 
519 403 
519 236 
519 86 
519 35 
519 198 
519 455 
519 132 
519 2 
519 397 
519 6 
519 55 
519 217 
519 514 
519 401 
519 472 
519 188 
519 309 
519 42 
519 441 
519 286 
519 451 
519 392 
519 95 
519 43 
519 50 
519 14 
519 145 
519 164 
519 133 
519 159 
519 7 
519 315 
519 266 
519 467 
519 177 
519 271 
519 356 
519 306 
519 76 
519 129 
519 436 
519 497 
519 444 
519 32 
519 223 
519 127 
519 374 
519 486 
519 37 
519 215 
519 344 
519 261 
519 289 
519 504 
519 230 
519 349 
519 440 
519 87 
519 78 
519 427 
519 204 
519 248 
519 505 
519 386 
519 384 
519 170 
519 311 
519 478 
519 231 
519 109 
519 25 
519 264 
519 168 
519 22 
519 154 
519 183 
519 376 
519 351 
519 517 
519 34 
519 475 
519 352 
519 88 
519 342 
519 119 
519 52 
520 302 
520 185 
520 362 
520 349 
520 112 
520 202 
520 41 
520 27 
520 249 
520 288 
520 82 
520 433 
520 19 
520 463 
520 419 
520 448 
520 192 
520 431 
520 319 
520 513 
520 197 
520 84 
520 262 
520 427 
520 359 
520 204 
520 507 
520 161 
520 389 
520 410 
520 512 
520 501 
520 222 
520 271 
520 299 
520 94 
520 174 
520 347 
520 306 
520 205 
520 154 
520 1 
520 251 
520 295 
520 388 
520 145 
520 294 
520 370 
520 51 
520 522 
520 115 
520 332 
520 25 
520 428 
520 363 
520 188 
520 486 
520 183 
520 199 
520 418 
520 364 
520 274 
520 257 
520 53 
520 152 
520 422 
520 334 
520 35 
520 228 
520 182 
520 510 
520 279 
520 309 
520 267 
520 122 
520 327 
520 65 
520 98 
520 116 
520 315 
520 259 
520 106 
520 88 
520 194 
520 511 
520 83 
520 385 
520 203 
520 143 
520 118 
520 352 
520 170 
520 56 
520 509 
520 3 
520 455 
520 103 
520 440 
520 26 
520 476 
520 313 
520 297 
520 208 
520 172 
520 273 
520 108 
520 400 
520 138 
520 323 
520 10 
520 111 
520 483 
520 337 
520 75 
520 260 
520 382 
520 527 
520 110 
520 15 
520 85 
520 245 
520 242 
520 401 
520 49 
520 184 
520 211 
520 239 
520 421 
520 516 
520 270 
520 336 
520 124 
520 474 
520 157 
520 193 
520 506 
520 164 
520 72 
520 238 
520 449 
520 0 
520 462 
520 371 
520 286 
520 329 
520 454 
520 20 
520 477 
520 383 
520 374 
520 402 
520 372 
520 335 
520 79 
521 56 
521 219 
521 310 
521 337 
521 151 
521 368 
521 479 
521 14 
521 209 
521 139 
521 0 
521 384 
521 362 
521 277 
521 144 
521 391 
521 170 
521 489 
521 455 
521 155 
521 467 
521 296 
521 519 
521 525 
521 311 
521 491 
521 191 
521 279 
521 517 
521 274 
521 350 
521 77 
521 286 
521 241 
521 8 
521 28 
521 156 
521 190 
521 71 
521 497 
521 92 
521 403 
521 463 
521 233 
521 309 
521 516 
521 299 
521 329 
521 203 
521 183 
521 526 
521 231 
521 327 
521 300 
521 499 
521 461 
521 169 
521 447 
521 202 
521 268 
521 207 
521 495 
521 477 
521 523 
521 198 
521 6 
521 140 
521 369 
521 527 
521 312 
521 133 
521 308 
521 46 
521 41 
521 345 
521 481 
521 509 
521 245 
521 341 
521 361 
521 449 
521 120 
521 297 
521 276 
521 242 
521 200 
521 488 
521 265 
521 58 
521 373 
521 33 
521 224 
521 173 
521 404 
521 74 
521 456 
521 453 
521 206 
521 84 
521 511 
521 122 
521 194 
521 106 
521 115 
521 503 
521 366 
521 99 
521 37 
521 410 
521 275 
521 258 
521 174 
521 278 
521 451 
521 125 
521 235 
521 332 
521 476 
521 146 
521 504 
521 62 
521 358 
521 271 
521 181 
521 514 
521 232 
521 185 
521 471 
521 394 
521 152 
521 98 
521 164 
521 105 
521 267 
521 444 
521 26 
521 257 
521 195 
521 363 
521 118 
521 351 
521 23 
521 80 
521 227 
521 50 
521 375 
521 225 
521 365 
521 421 
521 116 
521 168 
521 52 
521 328 
521 103 
521 43 
521 176 
521 367 
521 88 
521 246 
521 61 
521 487 
521 2 
521 76 
521 97 
521 426 
521 132 
521 316 
521 319 
521 54 
521 303 
521 501 
521 408 
521 25 
521 390 
521 35 
522 333 
522 244 
522 97 
522 172 
522 124 
522 202 
522 240 
522 3 
522 45 
522 498 
522 247 
522 158 
522 421 
522 491 
522 316 
522 390 
522 88 
522 143 
522 314 
522 219 
522 44 
522 507 
522 476 
522 263 
522 92 
522 469 
522 321 
522 48 
522 406 
522 413 
522 501 
522 479 
522 514 
522 361 
522 308 
522 302 
522 251 
522 252 
522 355 
522 329 
522 460 
522 209 
522 411 
522 19 
522 246 
522 295 
522 220 
522 173 
522 434 
522 223 
522 334 
522 466 
522 0 
522 513 
522 515 
522 80 
522 376 
522 229 
522 520 
522 38 
522 237 
522 271 
522 275 
522 292 
522 12 
522 179 
522 117 
522 393 
522 478 
522 255 
522 360 
522 90 
522 18 
522 474 
522 480 
522 332 
522 153 
522 300 
522 415 
522 386 
522 30 
522 318 
522 377 
522 401 
522 34 
522 26 
522 327 
522 162 
522 102 
522 226 
522 192 
522 186 
522 110 
522 170 
522 193 
522 20 
522 337 
522 396 
522 371 
522 120 
522 134 
522 357 
522 70 
522 128 
522 191 
522 389 
522 374 
522 49 
522 9 
522 296 
522 56 
522 423 
522 301 
522 250 
522 281 
522 288 
522 449 
522 151 
522 312 
522 426 
522 524 
522 238 
522 454 
522 154 
522 95 
522 258 
522 400 
522 221 
522 354 
522 139 
522 512 
522 261 
522 483 
522 384 
522 159 
522 471 
522 369 
522 53 
522 463 
522 307 
522 383 
522 461 
522 198 
522 418 
522 441 
522 274 
522 23 
522 10 
522 456 
522 268 
522 464 
522 289 
522 446 
522 366 
522 129 
522 331 
522 230 
522 50 
522 529 
522 382 
522 31 
522 445 
522 317 
523 356 
523 418 
523 202 
523 383 
523 518 
523 363 
523 485 
523 474 
523 406 
523 483 
523 72 
523 268 
523 131 
523 201 
523 105 
523 297 
523 524 
523 316 
523 513 
523 58 
523 95 
523 236 
523 31 
523 98 
523 361 
523 256 
523 473 
523 10 
523 424 
523 199 
523 476 
523 259 
523 456 
523 214 
523 130 
523 238 
523 287 
523 127 
523 503 
523 103 
523 139 
523 442 
523 475 
523 179 
523 145 
523 507 
523 326 
523 312 
523 237 
523 344 
523 107 
523 232 
523 426 
523 275 
523 150 
523 292 
523 152 
523 126 
523 386 
523 314 
523 27 
523 55 
523 115 
523 429 
523 118 
523 129 
523 521 
523 396 
523 466 
523 210 
523 122 
523 368 
523 57 
523 17 
523 6 
523 291 
523 190 
523 371 
523 320 
523 525 
523 116 
523 80 
523 283 
523 67 
523 285 
523 509 
523 263 
523 482 
523 354 
523 228 
523 443 
523 79 
523 478 
523 330 
523 153 
523 197 
523 78 
523 86 
523 7 
523 167 
523 47 
523 109 
523 149 
523 339 
523 505 
523 528 
523 8 
523 163 
523 458 
523 142 
523 450 
523 144 
523 311 
523 101 
523 331 
523 171 
523 357 
523 377 
523 280 
523 73 
523 143 
523 120 
523 498 
523 242 
523 526 
523 511 
523 162 
523 373 
523 100 
523 338 
523 193 
523 434 
523 463 
523 446 
523 213 
523 194 
523 52 
523 506 
523 454 
523 252 
523 106 
523 188 
523 372 
523 248 
524 417 
524 415 
524 507 
524 248 
524 372 
524 371 
524 331 
524 395 
524 513 
524 274 
524 22 
524 9 
524 523 
524 116 
524 84 
524 345 
524 143 
524 183 
524 133 
524 311 
524 422 
524 293 
524 77 
524 93 
524 141 
524 283 
524 75 
524 12 
524 186 
524 254 
524 414 
524 425 
524 255 
524 360 
524 269 
524 322 
524 330 
524 349 
524 70 
524 519 
524 511 
524 405 
524 233 
524 456 
524 107 
524 36 
524 436 
524 518 
524 157 
524 135 
524 156 
524 343 
524 506 
524 58 
524 235 
524 313 
524 341 
524 112 
524 137 
524 155 
524 175 
524 418 
524 305 
524 102 
524 138 
524 154 
524 126 
524 423 
524 136 
524 201 
524 128 
524 73 
524 445 
524 447 
524 258 
524 111 
524 288 
524 88 
524 62 
524 303 
524 44 
524 188 
524 7 
524 342 
524 31 
524 246 
524 377 
524 286 
524 132 
524 500 
524 147 
524 473 
524 177 
524 300 
524 208 
524 146 
524 60 
524 350 
524 104 
524 259 
524 6 
524 127 
524 296 
524 472 
524 174 
524 408 
524 20 
524 483 
524 114 
524 346 
524 47 
524 429 
524 151 
524 454 
524 495 
524 129 
524 289 
524 528 
524 383 
524 434 
524 522 
524 65 
524 365 
524 97 
524 55 
524 234 
524 52 
524 245 
524 368 
524 361 
524 334 
524 374 
524 219 
524 465 
524 355 
524 231 
524 15 
524 435 
524 276 
524 124 
524 50 
524 181 
524 442 
524 91 
524 66 
524 182 
524 517 
524 399 
524 282 
524 14 
524 439 
524 428 
524 431 
524 489 
524 488 
524 433 
524 375 
524 406 
525 131 
525 195 
525 354 
525 514 
525 528 
525 481 
525 439 
525 188 
525 454 
525 53 
525 55 
525 425 
525 216 
525 362 
525 192 
525 526 
525 221 
525 521 
525 61 
525 503 
525 429 
525 159 
525 496 
525 245 
525 450 
525 115 
525 14 
525 382 
525 426 
525 35 
525 213 
525 30 
525 179 
525 261 
525 399 
525 112 
525 341 
525 512 
525 95 
525 17 
525 444 
525 473 
525 260 
525 84 
525 485 
525 369 
525 331 
525 198 
525 241 
525 129 
525 187 
525 339 
525 320 
525 422 
525 16 
525 495 
525 323 
525 409 
525 414 
525 132 
525 80 
525 243 
525 453 
525 248 
525 461 
525 266 
525 523 
525 372 
525 286 
525 258 
525 86 
525 506 
525 219 
525 166 
525 290 
525 39 
525 381 
525 406 
525 374 
525 411 
525 165 
525 139 
525 200 
525 172 
525 367 
525 407 
525 483 
525 123 
525 41 
525 244 
525 236 
525 40 
525 257 
525 189 
525 437 
525 186 
525 160 
525 395 
525 60 
525 412 
525 385 
525 462 
525 378 
525 324 
525 65 
525 428 
525 240 
525 508 
525 371 
525 151 
525 396 
525 416 
525 311 
525 1 
525 57 
525 386 
525 361 
525 360 
525 278 
525 502 
525 58 
525 446 
525 4 
525 365 
525 68 
525 215 
525 94 
525 468 
525 488 
525 350 
525 109 
525 515 
525 255 
525 364 
525 358 
525 28 
525 344 
525 271 
525 408 
525 376 
525 229 
525 178 
525 254 
525 458 
525 351 
525 455 
525 507 
525 82 
525 345 
525 325 
525 85 
525 67 
525 103 
525 144 
525 218 
525 7 
525 209 
525 225 
525 270 
526 362 
526 183 
526 479 
526 413 
526 320 
526 86 
526 118 
526 366 
526 500 
526 415 
526 265 
526 125 
526 294 
526 525 
526 263 
526 517 
526 57 
526 206 
526 343 
526 236 
526 241 
526 17 
526 143 
526 163 
526 93 
526 254 
526 407 
526 312 
526 110 
526 494 
526 41 
526 311 
526 117 
526 234 
526 501 
526 105 
526 229 
526 482 
526 137 
526 109 
526 372 
526 466 
526 298 
526 369 
526 246 
526 437 
526 186 
526 161 
526 288 
526 446 
526 59 
526 267 
526 393 
526 468 
526 126 
526 36 
526 257 
526 457 
526 521 
526 60 
526 262 
526 44 
526 177 
526 529 
526 326 
526 531 
526 164 
526 465 
526 153 
526 286 
526 405 
526 483 
526 77 
526 132 
526 255 
526 201 
526 378 
526 149 
526 424 
526 276 
526 367 
526 436 
526 417 
526 114 
526 178 
526 252 
526 49 
526 53 
526 90 
526 129 
526 9 
526 150 
526 4 
526 386 
526 131 
526 364 
526 245 
526 336 
526 80 
526 37 
526 488 
526 81 
526 58 
526 304 
526 306 
526 496 
526 141 
526 316 
526 471 
526 258 
526 377 
526 451 
526 120 
526 87 
526 203 
526 328 
526 477 
526 398 
526 166 
526 340 
526 313 
526 523 
526 39 
526 135 
526 18 
526 330 
526 82 
526 193 
526 228 
526 119 
526 409 
526 467 
526 395 
526 333 
526 338 
526 508 
526 282 
526 455 
526 167 
526 134 
526 70 
526 324 
526 5 
526 516 
526 136 
526 274 
526 459 
526 30 
526 46 
526 363 
526 445 
526 247 
526 25 
526 476 
526 192 
526 438 
526 225 
526 397 
526 371 
526 301 
526 221 
526 29 
526 448 
526 356 
526 433 
526 380 
527 390 
527 416 
527 203 
527 509 
527 255 
527 446 
527 295 
527 492 
527 132 
527 274 
527 71 
527 122 
527 358 
527 72 
527 17 
527 49 
527 143 
527 344 
527 144 
527 366 
527 217 
527 38 
527 82 
527 152 
527 2 
527 324 
527 467 
527 8 
527 303 
527 393 
527 145 
527 31 
527 45 
527 58 
527 77 
527 343 
527 253 
527 351 
527 28 
527 267 
527 475 
527 472 
527 386 
527 491 
527 10 
527 243 
527 497 
527 369 
527 30 
527 65 
527 417 
527 115 
527 190 
527 56 
527 149 
527 240 
527 384 
527 313 
527 302 
527 155 
527 170 
527 521 
527 33 
527 468 
527 257 
527 90 
527 156 
527 367 
527 185 
527 249 
527 499 
527 506 
527 110 
527 178 
527 488 
527 309 
527 138 
527 363 
527 466 
527 121 
527 228 
527 354 
527 322 
527 305 
527 222 
527 204 
527 456 
527 111 
527 352 
527 258 
527 22 
527 394 
527 387 
527 176 
527 117 
527 424 
527 130 
527 346 
527 434 
527 370 
527 402 
527 113 
527 391 
527 502 
527 430 
527 85 
527 462 
527 432 
527 123 
527 124 
527 321 
527 127 
527 224 
527 504 
527 530 
527 75 
527 239 
527 6 
527 13 
527 445 
527 286 
527 165 
527 285 
527 218 
527 520 
527 250 
527 277 
527 383 
527 199 
527 512 
527 25 
527 444 
527 350 
527 449 
527 78 
527 237 
527 276 
527 120 
527 212 
527 12 
527 221 
527 230 
527 193 
527 173 
527 396 
527 381 
527 451 
527 86 
527 482 
527 510 
527 493 
527 268 
527 450 
527 375 
527 263 
527 297 
527 513 
527 291 
527 42 
527 288 
527 175 
527 146 
527 293 
527 34 
527 161 
527 32 
527 76 
527 244 
527 62 
527 270 
527 211 
527 153 
527 27 
527 213 
527 109 
528 150 
528 491 
528 211 
528 289 
528 525 
528 18 
528 259 
528 260 
528 252 
528 194 
528 62 
528 384 
528 80 
528 105 
528 251 
528 390 
528 24 
528 128 
528 38 
528 54 
528 456 
528 116 
528 296 
528 7 
528 103 
528 374 
528 335 
528 199 
528 19 
528 93 
528 161 
528 20 
528 69 
528 398 
528 121 
528 331 
528 302 
528 488 
528 22 
528 236 
528 11 
528 1 
528 148 
528 477 
528 453 
528 31 
528 334 
528 513 
528 177 
528 195 
528 517 
528 430 
528 471 
528 113 
528 284 
528 378 
528 196 
528 123 
528 233 
528 250 
528 224 
528 159 
528 307 
528 244 
528 106 
528 57 
528 125 
528 235 
528 519 
528 435 
528 344 
528 485 
528 273 
528 368 
528 6 
528 426 
528 238 
528 168 
528 360 
528 29 
528 265 
528 133 
528 147 
528 463 
528 228 
528 27 
528 178 
528 318 
528 149 
528 214 
528 421 
528 28 
528 157 
528 372 
528 531 
528 99 
528 87 
528 493 
528 226 
528 10 
528 134 
528 34 
528 481 
528 310 
528 523 
528 205 
528 107 
528 338 
528 379 
528 122 
528 361 
528 90 
528 394 
528 222 
528 424 
528 301 
528 100 
528 156 
528 73 
528 434 
528 524 
528 231 
528 276 
528 420 
528 111 
528 511 
528 385 
528 408 
528 158 
528 515 
528 332 
528 327 
528 51 
528 469 
528 209 
528 489 
528 43 
528 314 
528 239 
528 14 
528 326 
528 358 
528 287 
528 457 
528 0 
528 243 
528 42 
528 316 
528 339 
528 418 
528 446 
528 94 
528 16 
528 428 
528 530 
528 192 
528 303 
528 461 
528 129 
528 449 
528 447 
528 193 
528 382 
528 5 
529 415 
529 173 
529 429 
529 229 
529 202 
529 145 
529 208 
529 407 
529 314 
529 230 
529 273 
529 164 
529 45 
529 255 
529 107 
529 244 
529 6 
529 317 
529 349 
529 227 
529 513 
529 373 
529 67 
529 35 
529 69 
529 205 
529 329 
529 362 
529 207 
529 277 
529 460 
529 297 
529 375 
529 203 
529 416 
529 231 
529 285 
529 118 
529 267 
529 9 
529 309 
529 526 
529 371 
529 16 
529 259 
529 454 
529 55 
529 26 
529 184 
529 372 
529 388 
529 295 
529 426 
529 204 
529 74 
529 423 
529 178 
529 199 
529 97 
529 59 
529 249 
529 440 
529 437 
529 444 
529 171 
529 87 
529 142 
529 419 
529 485 
529 430 
529 261 
529 434 
529 316 
529 174 
529 102 
529 70 
529 306 
529 494 
529 71 
529 338 
529 44 
529 509 
529 95 
529 530 
529 3 
529 442 
529 181 
529 339 
529 170 
529 510 
529 72 
529 98 
529 172 
529 422 
529 427 
529 116 
529 516 
529 351 
529 305 
529 497 
529 219 
529 133 
529 393 
529 321 
529 151 
529 104 
529 340 
529 68 
529 1 
529 313 
529 30 
529 392 
529 76 
529 195 
529 210 
529 280 
529 346 
529 482 
529 128 
529 279 
529 283 
529 43 
529 141 
529 342 
529 180 
529 522 
529 345 
529 228 
529 487 
529 121 
529 34 
529 233 
529 472 
529 461 
529 52 
529 225 
529 531 
529 58 
529 512 
530 405 
530 116 
530 103 
530 508 
530 263 
530 491 
530 47 
530 135 
530 82 
530 137 
530 53 
530 89 
530 32 
530 196 
530 485 
530 277 
530 372 
530 301 
530 22 
530 155 
530 338 
530 461 
530 178 
530 73 
530 413 
530 112 
530 494 
530 415 
530 257 
530 83 
530 500 
530 101 
530 132 
530 236 
530 219 
530 322 
530 287 
530 425 
530 121 
530 314 
530 252 
530 156 
530 288 
530 493 
530 356 
530 414 
530 295 
530 455 
530 397 
530 426 
530 93 
530 374 
530 40 
530 416 
530 451 
530 341 
530 31 
530 321 
530 64 
530 43 
530 363 
530 303 
530 258 
530 504 
530 437 
530 199 
530 316 
530 283 
530 13 
530 344 
530 430 
530 355 
530 111 
530 231 
530 462 
530 447 
530 220 
530 421 
530 214 
530 424 
530 96 
530 497 
530 216 
530 172 
530 253 
530 274 
530 391 
530 150 
530 181 
530 21 
530 23 
530 60 
530 50 
530 105 
530 215 
530 210 
530 351 
530 498 
530 495 
530 358 
530 411 
530 452 
530 345 
530 289 
530 185 
530 402 
530 184 
530 75 
530 361 
530 502 
530 479 
530 183 
530 108 
530 419 
530 529 
530 115 
530 87 
530 234 
530 128 
530 359 
530 441 
530 466 
530 70 
530 456 
530 44 
530 29 
530 134 
530 297 
530 256 
530 527 
530 33 
530 189 
530 163 
530 464 
530 110 
530 354 
530 367 
530 38 
530 515 
530 445 
530 431 
530 448 
530 106 
530 142 
530 511 
530 369 
530 480 
530 336 
530 348 
530 278 
530 161 
530 282 
530 2 
530 63 
530 279 
530 505 
530 320 
530 221 
530 443 
530 346 
530 148 
530 488 
530 469 
530 187 
530 313 
530 6 
530 157 
530 387 
530 373 
530 218 
530 409 
530 380 
530 449 
530 200 
530 477 
530 56 
530 249 
530 46 
530 476 
530 97 
530 375 
530 528 
530 37 
530 285 
530 237 
530 173 
530 127 
530 446 
531 119 
531 80 
531 59 
531 280 
531 284 
531 109 
531 488 
531 191 
531 141 
531 161 
531 154 
531 336 
531 485 
531 273 
531 198 
531 0 
531 244 
531 95 
531 439 
531 181 
531 122 
531 392 
531 271 
531 381 
531 412 
531 432 
531 378 
531 344 
531 335 
531 294 
531 442 
531 222 
531 97 
531 153 
531 456 
531 512 
531 368 
531 243 
531 303 
531 334 
531 317 
531 224 
531 494 
531 96 
531 65 
531 214 
531 133 
531 526 
531 285 
531 307 
531 33 
531 211 
531 259 
531 207 
531 53 
531 248 
531 330 
531 71 
531 81 
531 332 
531 239 
531 323 
531 124 
531 448 
531 164 
531 371 
531 137 
531 68 
531 348 
531 174 
531 55 
531 422 
531 499 
531 482 
531 362 
531 376 
531 380 
531 126 
531 337 
531 258 
531 369 
531 528 
531 11 
531 363 
531 469 
531 7 
531 212 
531 236 
531 60 
531 215 
531 48 
531 263 
531 479 
531 428 
531 32 
531 14 
531 357 
531 277 
531 70 
531 462 
531 189 
531 49 
531 125 
531 213 
531 385 
531 495 
531 347 
531 400 
531 449 
531 192 
531 112 
531 315 
531 361 
531 76 
531 102 
531 475 
531 487 
531 490 
531 169 
531 62 
531 120 
531 92 
531 145 
531 83 
531 407 
531 140 
531 389 
531 101 
531 417 
531 266 
531 387 
531 187 
531 346 
531 382 
531 235 
531 283 
531 264 
531 367 
531 253 
531 275 
531 251 
531 17 
531 56 
531 5 
531 328 
531 359 
531 345 
531 38 
531 9 
531 200 
531 477 
531 165 
531 272 
531 383 
531 474 
531 444 
531 421 
531 529 
531 180 
531 176 
