0 300 
0 133 
0 88 
0 291 
0 38 
0 171 
0 177 
0 170 
0 77 
0 80 
0 141 
0 315 
0 10 
0 174 
0 321 
0 249 
0 216 
0 66 
0 316 
0 152 
0 325 
0 290 
0 180 
0 187 
0 245 
0 149 
0 288 
0 130 
0 113 
0 37 
0 166 
0 220 
0 240 
0 185 
0 39 
0 305 
0 252 
0 86 
0 163 
0 44 
0 213 
0 59 
0 117 
0 198 
0 303 
0 268 
0 29 
0 64 
0 267 
0 195 
0 313 
0 320 
0 212 
0 119 
0 175 
0 21 
0 304 
0 68 
0 107 
0 7 
0 90 
0 332 
0 33 
0 211 
0 22 
0 138 
0 82 
0 112 
0 178 
0 272 
0 238 
0 197 
0 162 
0 131 
0 337 
0 100 
0 108 
0 79 
0 277 
0 200 
0 69 
0 323 
0 136 
0 11 
0 58 
0 161 
0 224 
0 282 
0 122 
0 101 
0 137 
0 314 
0 230 
0 225 
0 204 
1 110 
1 77 
1 270 
1 83 
1 200 
1 326 
1 231 
1 177 
1 158 
1 302 
1 234 
1 94 
1 328 
1 273 
1 26 
1 58 
1 316 
1 288 
1 282 
1 319 
1 161 
1 308 
1 116 
1 240 
1 101 
1 181 
1 153 
1 278 
1 184 
1 75 
1 257 
1 232 
1 185 
1 289 
1 255 
1 81 
1 90 
1 12 
1 238 
1 59 
1 264 
1 68 
1 170 
1 295 
1 172 
1 73 
1 57 
1 314 
1 44 
1 189 
1 151 
1 313 
1 210 
1 128 
1 250 
1 157 
1 284 
1 304 
1 235 
1 78 
1 22 
1 218 
1 93 
1 267 
1 102 
1 167 
1 336 
1 271 
1 35 
1 247 
1 287 
1 159 
1 266 
1 60 
1 206 
1 142 
1 174 
1 321 
1 309 
1 322 
1 139 
1 124 
1 239 
1 286 
1 67 
1 15 
1 178 
1 106 
1 269 
1 111 
1 144 
1 154 
1 155 
1 220 
1 241 
1 248 
1 105 
1 192 
1 208 
1 30 
1 31 
1 89 
1 229 
1 254 
1 34 
1 198 
1 175 
1 2 
1 64 
1 312 
1 209 
2 286 
2 224 
2 340 
2 270 
2 177 
2 276 
2 12 
2 141 
2 26 
2 183 
2 59 
2 330 
2 209 
2 181 
2 17 
2 79 
2 172 
2 102 
2 202 
2 162 
2 237 
2 260 
2 220 
2 218 
2 41 
2 151 
2 75 
2 230 
2 126 
2 192 
2 65 
2 314 
2 139 
2 54 
2 289 
2 71 
2 242 
2 80 
2 81 
2 113 
2 190 
2 175 
2 197 
2 198 
2 324 
2 293 
2 263 
2 185 
2 284 
2 244 
2 310 
2 290 
2 89 
2 119 
2 173 
2 329 
2 281 
2 233 
2 38 
2 210 
2 250 
2 33 
2 204 
2 85 
2 274 
2 43 
2 109 
2 44 
2 103 
2 28 
2 156 
2 271 
2 111 
2 69 
2 182 
2 100 
2 288 
2 83 
2 251 
2 45 
2 238 
2 5 
2 136 
2 50 
2 1 
2 299 
2 216 
2 269 
2 13 
2 219 
3 294 
3 277 
3 209 
3 147 
3 187 
3 173 
3 300 
3 212 
3 94 
3 321 
3 247 
3 137 
3 33 
3 168 
3 263 
3 61 
3 75 
3 281 
3 117 
3 194 
3 125 
3 186 
3 214 
3 200 
3 86 
3 193 
3 42 
3 254 
3 210 
3 331 
3 184 
3 82 
3 328 
3 62 
3 128 
3 327 
3 339 
3 182 
3 283 
3 206 
3 119 
3 287 
3 136 
3 48 
3 160 
3 315 
3 295 
3 230 
3 159 
3 208 
3 305 
3 58 
3 102 
3 152 
3 248 
3 314 
3 169 
3 16 
3 190 
3 11 
3 134 
3 7 
3 106 
3 46 
3 274 
3 52 
3 145 
3 318 
3 240 
3 113 
3 151 
3 319 
3 188 
3 310 
3 313 
3 41 
3 154 
3 109 
3 88 
3 18 
3 81 
3 17 
3 161 
3 57 
3 89 
3 66 
3 27 
3 260 
3 24 
3 216 
3 335 
3 146 
3 228 
3 213 
4 233 
4 133 
4 290 
4 60 
4 24 
4 332 
4 320 
4 135 
4 170 
4 66 
4 169 
4 125 
4 270 
4 326 
4 248 
4 246 
4 274 
4 28 
4 253 
4 166 
4 214 
4 226 
4 318 
4 56 
4 260 
4 158 
4 5 
4 155 
4 291 
4 323 
4 339 
4 263 
4 213 
4 292 
4 126 
4 315 
4 76 
4 227 
4 223 
4 261 
4 307 
4 20 
4 161 
4 127 
4 139 
4 25 
4 186 
4 36 
4 59 
4 239 
4 178 
4 256 
4 206 
4 47 
4 247 
4 18 
4 63 
4 143 
4 179 
4 334 
4 242 
4 153 
4 116 
4 245 
4 177 
4 11 
4 324 
4 113 
4 8 
4 147 
4 188 
4 254 
4 180 
4 31 
4 61 
4 183 
4 209 
4 189 
4 38 
4 67 
4 306 
4 55 
4 267 
4 68 
4 231 
4 152 
4 16 
4 94 
4 195 
4 327 
4 120 
4 146 
5 8 
5 35 
5 56 
5 293 
5 248 
5 13 
5 116 
5 49 
5 266 
5 18 
5 165 
5 215 
5 143 
5 22 
5 211 
5 182 
5 270 
5 108 
5 316 
5 331 
5 32 
5 7 
5 312 
5 170 
5 221 
5 234 
5 25 
5 29 
5 322 
5 36 
5 168 
5 223 
5 4 
5 20 
5 62 
5 258 
5 122 
5 130 
5 112 
5 241 
5 176 
5 158 
5 105 
5 225 
5 313 
5 321 
5 95 
5 128 
5 101 
5 139 
5 183 
5 231 
5 126 
5 191 
5 311 
5 251 
5 228 
5 327 
5 297 
5 222 
5 328 
5 291 
5 189 
5 14 
5 134 
5 289 
5 33 
5 30 
5 67 
5 121 
5 259 
5 111 
5 323 
5 52 
5 277 
5 181 
5 48 
5 246 
5 160 
5 217 
5 193 
5 104 
5 281 
5 178 
5 44 
5 17 
5 73 
5 252 
5 150 
5 45 
5 81 
5 188 
5 15 
5 47 
5 85 
5 2 
5 87 
5 296 
5 177 
6 137 
6 291 
6 171 
6 239 
6 153 
6 33 
6 60 
6 155 
6 270 
6 236 
6 267 
6 130 
6 134 
6 40 
6 21 
6 99 
6 245 
6 28 
6 52 
6 243 
6 83 
6 219 
6 194 
6 50 
6 45 
6 16 
6 340 
6 241 
6 244 
6 232 
6 189 
6 274 
6 199 
6 54 
6 26 
6 196 
6 81 
6 234 
6 279 
6 114 
6 233 
6 13 
6 224 
6 113 
6 38 
6 165 
6 323 
6 273 
6 281 
6 86 
6 220 
6 94 
6 190 
6 148 
6 284 
6 25 
6 341 
6 142 
6 110 
6 172 
6 298 
6 152 
6 318 
6 66 
6 51 
6 278 
6 327 
6 160 
6 131 
6 9 
6 11 
6 188 
6 15 
6 143 
6 76 
6 64 
6 55 
6 227 
6 79 
6 177 
6 275 
6 214 
6 75 
6 269 
6 48 
6 23 
6 289 
6 334 
6 145 
6 174 
6 314 
6 101 
6 63 
6 181 
6 37 
6 218 
6 191 
6 47 
6 32 
6 303 
6 68 
6 310 
6 62 
6 89 
6 178 
6 251 
6 229 
7 192 
7 75 
7 111 
7 294 
7 241 
7 312 
7 8 
7 326 
7 68 
7 332 
7 333 
7 146 
7 167 
7 152 
7 85 
7 340 
7 27 
7 72 
7 5 
7 190 
7 77 
7 206 
7 124 
7 310 
7 257 
7 273 
7 223 
7 182 
7 116 
7 328 
7 156 
7 289 
7 179 
7 284 
7 239 
7 151 
7 295 
7 320 
7 73 
7 308 
7 291 
7 251 
7 227 
7 253 
7 330 
7 113 
7 288 
7 105 
7 263 
7 260 
7 60 
7 160 
7 83 
7 303 
7 79 
7 297 
7 163 
7 169 
7 298 
7 282 
7 216 
7 276 
7 184 
7 17 
7 306 
7 138 
7 3 
7 195 
7 324 
7 44 
7 102 
7 0 
7 158 
7 197 
7 39 
7 45 
7 261 
7 66 
7 286 
7 309 
7 22 
7 99 
7 210 
7 338 
7 24 
7 203 
7 285 
7 311 
7 139 
7 70 
7 95 
7 245 
7 84 
7 49 
7 10 
7 117 
7 314 
7 78 
7 274 
7 214 
7 126 
7 110 
7 129 
7 145 
7 89 
7 217 
7 205 
7 166 
8 5 
8 239 
8 204 
8 49 
8 216 
8 210 
8 7 
8 243 
8 134 
8 111 
8 261 
8 240 
8 287 
8 125 
8 120 
8 130 
8 101 
8 256 
8 71 
8 332 
8 257 
8 99 
8 30 
8 84 
8 17 
8 337 
8 44 
8 147 
8 83 
8 320 
8 98 
8 34 
8 46 
8 89 
8 150 
8 126 
8 50 
8 247 
8 139 
8 292 
8 73 
8 189 
8 128 
8 160 
8 260 
8 333 
8 94 
8 233 
8 174 
8 131 
8 78 
8 28 
8 20 
8 65 
8 193 
8 133 
8 201 
8 61 
8 169 
8 219 
8 114 
8 109 
8 321 
8 157 
8 202 
8 289 
8 195 
8 105 
8 166 
8 45 
8 75 
8 254 
8 223 
8 318 
8 176 
8 213 
8 90 
8 303 
8 135 
8 67 
8 108 
8 140 
8 119 
8 281 
8 21 
8 93 
8 117 
8 246 
8 4 
8 276 
8 319 
8 145 
8 159 
8 116 
8 253 
8 338 
8 230 
8 249 
8 52 
8 18 
8 106 
8 222 
8 35 
8 27 
8 329 
8 235 
8 331 
8 286 
9 317 
9 37 
9 57 
9 251 
9 296 
9 158 
9 109 
9 234 
9 123 
9 323 
9 52 
9 181 
9 292 
9 177 
9 262 
9 294 
9 55 
9 172 
9 269 
9 195 
9 122 
9 221 
9 166 
9 169 
9 297 
9 308 
9 160 
9 268 
9 240 
9 286 
9 157 
9 218 
9 101 
9 191 
9 73 
9 318 
9 145 
9 120 
9 161 
9 249 
9 96 
9 275 
9 78 
9 21 
9 163 
9 252 
9 266 
9 131 
9 327 
9 230 
9 183 
9 205 
9 65 
9 291 
9 315 
9 137 
9 143 
9 19 
9 300 
9 302 
9 193 
9 126 
9 14 
9 336 
9 167 
9 45 
9 196 
9 228 
9 192 
9 293 
9 272 
9 148 
9 23 
9 70 
9 335 
9 340 
9 6 
9 140 
9 185 
9 79 
9 151 
9 147 
9 207 
9 208 
9 289 
9 261 
9 105 
9 40 
9 144 
9 309 
9 332 
9 51 
9 222 
9 117 
9 214 
9 184 
9 271 
9 58 
9 339 
9 341 
9 236 
9 60 
9 243 
9 139 
9 194 
9 128 
9 175 
9 260 
10 40 
10 216 
10 65 
10 196 
10 250 
10 197 
10 18 
10 287 
10 285 
10 187 
10 258 
10 215 
10 0 
10 92 
10 186 
10 334 
10 201 
10 292 
10 104 
10 116 
10 114 
10 231 
10 21 
10 76 
10 117 
10 310 
10 173 
10 316 
10 105 
10 113 
10 38 
10 289 
10 268 
10 280 
10 79 
10 269 
10 282 
10 170 
10 125 
10 311 
10 244 
10 256 
10 274 
10 294 
10 154 
10 98 
10 164 
10 74 
10 130 
10 239 
10 112 
10 34 
10 59 
10 30 
10 309 
10 71 
10 44 
10 132 
10 35 
10 246 
10 193 
10 53 
10 189 
10 127 
10 273 
10 203 
10 318 
10 47 
10 194 
10 158 
10 339 
10 91 
10 180 
10 29 
10 225 
10 178 
10 143 
10 238 
10 97 
10 314 
10 83 
10 7 
10 319 
10 149 
10 208 
10 321 
10 226 
10 341 
10 265 
10 255 
10 48 
10 109 
10 320 
10 102 
10 61 
10 126 
11 144 
11 48 
11 224 
11 319 
11 45 
11 139 
11 294 
11 164 
11 310 
11 66 
11 295 
11 111 
11 62 
11 78 
11 103 
11 149 
11 341 
11 273 
11 55 
11 169 
11 274 
11 206 
11 29 
11 92 
11 195 
11 41 
11 204 
11 241 
11 335 
11 167 
11 314 
11 326 
11 39 
11 230 
11 207 
11 275 
11 86 
11 242 
11 35 
11 135 
11 215 
11 143 
11 176 
11 57 
11 83 
11 259 
11 276 
11 247 
11 168 
11 105 
11 222 
11 211 
11 158 
11 267 
11 202 
11 203 
11 3 
11 16 
11 71 
11 228 
11 174 
11 284 
11 159 
11 193 
11 262 
11 118 
11 6 
11 339 
11 220 
11 161 
11 165 
11 4 
11 286 
11 166 
11 67 
11 320 
11 46 
11 188 
11 87 
11 147 
11 316 
11 98 
11 100 
11 72 
11 42 
11 14 
11 155 
11 13 
11 0 
11 61 
11 184 
11 28 
11 218 
11 325 
11 266 
11 196 
11 323 
11 157 
11 190 
12 250 
12 224 
12 23 
12 211 
12 158 
12 205 
12 266 
12 186 
12 2 
12 27 
12 145 
12 282 
12 151 
12 80 
12 132 
12 253 
12 228 
12 332 
12 112 
12 209 
12 127 
12 168 
12 121 
12 304 
12 1 
12 114 
12 138 
12 150 
12 135 
12 215 
12 51 
12 265 
12 77 
12 331 
12 93 
12 201 
12 32 
12 91 
12 247 
12 90 
12 62 
12 207 
12 76 
12 34 
12 87 
12 333 
12 54 
12 221 
12 18 
12 45 
12 338 
12 78 
12 210 
12 171 
12 167 
12 316 
12 98 
12 38 
12 218 
12 314 
12 274 
12 162 
12 74 
12 83 
12 321 
12 165 
12 339 
12 191 
12 95 
12 334 
12 102 
12 313 
12 230 
12 60 
12 188 
12 258 
12 96 
12 229 
12 53 
12 164 
12 187 
12 156 
12 204 
12 152 
12 271 
12 155 
12 302 
12 153 
12 307 
12 105 
12 180 
12 284 
12 30 
13 96 
13 323 
13 5 
13 177 
13 110 
13 28 
13 263 
13 90 
13 150 
13 57 
13 91 
13 262 
13 44 
13 230 
13 219 
13 330 
13 212 
13 204 
13 288 
13 194 
13 61 
13 170 
13 147 
13 83 
13 152 
13 125 
13 6 
13 17 
13 103 
13 222 
13 37 
13 277 
13 20 
13 38 
13 14 
13 269 
13 326 
13 169 
13 35 
13 29 
13 126 
13 42 
13 185 
13 286 
13 54 
13 45 
13 153 
13 105 
13 236 
13 272 
13 243 
13 88 
13 218 
13 94 
13 143 
13 133 
13 299 
13 225 
13 228 
13 174 
13 56 
13 134 
13 128 
13 341 
13 116 
13 65 
13 193 
13 231 
13 158 
13 166 
13 74 
13 281 
13 124 
13 164 
13 89 
13 137 
13 111 
13 171 
13 192 
13 157 
13 76 
13 232 
13 11 
13 119 
13 79 
13 139 
13 155 
13 191 
13 183 
13 2 
13 82 
14 20 
14 339 
14 156 
14 123 
14 308 
14 64 
14 153 
14 47 
14 321 
14 316 
14 250 
14 138 
14 258 
14 46 
14 287 
14 30 
14 205 
14 23 
14 86 
14 307 
14 48 
14 133 
14 130 
14 295 
14 50 
14 297 
14 325 
14 334 
14 39 
14 317 
14 172 
14 82 
14 324 
14 257 
14 291 
14 132 
14 240 
14 155 
14 300 
14 285 
14 190 
14 181 
14 29 
14 13 
14 288 
14 333 
14 131 
14 110 
14 265 
14 185 
14 299 
14 283 
14 201 
14 122 
14 146 
14 96 
14 125 
14 323 
14 9 
14 309 
14 81 
14 255 
14 136 
14 274 
14 264 
14 150 
14 5 
14 242 
14 306 
14 91 
14 120 
14 78 
14 286 
14 74 
14 33 
14 169 
14 166 
14 112 
14 199 
14 53 
14 55 
14 54 
14 119 
14 267 
14 227 
14 223 
14 11 
14 94 
14 24 
14 37 
14 118 
14 25 
14 246 
14 128 
14 17 
14 68 
14 293 
14 273 
14 105 
14 137 
14 237 
14 18 
14 177 
15 169 
15 36 
15 117 
15 90 
15 217 
15 137 
15 238 
15 144 
15 304 
15 119 
15 280 
15 321 
15 51 
15 204 
15 143 
15 241 
15 205 
15 160 
15 236 
15 323 
15 76 
15 249 
15 23 
15 56 
15 224 
15 108 
15 176 
15 232 
15 43 
15 150 
15 234 
15 305 
15 273 
15 179 
15 330 
15 327 
15 33 
15 94 
15 39 
15 257 
15 282 
15 250 
15 184 
15 147 
15 332 
15 289 
15 290 
15 126 
15 79 
15 193 
15 318 
15 291 
15 89 
15 129 
15 324 
15 101 
15 163 
15 259 
15 260 
15 53 
15 298 
15 72 
15 69 
15 268 
15 152 
15 112 
15 215 
15 146 
15 233 
15 28 
15 181 
15 242 
15 142 
15 6 
15 207 
15 252 
15 91 
15 1 
15 278 
15 171 
15 307 
15 95 
15 255 
15 185 
15 140 
15 239 
15 19 
15 45 
15 287 
15 315 
15 25 
15 231 
15 186 
15 5 
15 61 
15 270 
15 27 
15 283 
15 114 
15 339 
15 54 
15 322 
16 131 
16 312 
16 294 
16 204 
16 327 
16 99 
16 184 
16 265 
16 297 
16 145 
16 215 
16 56 
16 228 
16 91 
16 291 
16 84 
16 216 
16 154 
16 143 
16 77 
16 285 
16 6 
16 324 
16 310 
16 66 
16 101 
16 258 
16 47 
16 163 
16 122 
16 33 
16 280 
16 247 
16 38 
16 79 
16 58 
16 306 
16 21 
16 275 
16 234 
16 274 
16 136 
16 172 
16 170 
16 100 
16 174 
16 149 
16 301 
16 22 
16 208 
16 173 
16 51 
16 119 
16 313 
16 87 
16 253 
16 191 
16 95 
16 31 
16 292 
16 3 
16 11 
16 224 
16 323 
16 86 
16 303 
16 276 
16 30 
16 314 
16 254 
16 55 
16 220 
16 76 
16 121 
16 194 
16 53 
16 268 
16 277 
16 61 
16 85 
16 244 
16 44 
16 222 
16 117 
16 178 
16 304 
16 202 
16 326 
16 129 
16 325 
16 219 
16 288 
16 63 
16 26 
16 266 
16 242 
16 282 
16 110 
16 238 
16 133 
16 141 
16 329 
16 132 
16 4 
16 262 
16 41 
16 48 
17 154 
17 320 
17 277 
17 123 
17 147 
17 200 
17 193 
17 75 
17 173 
17 89 
17 330 
17 106 
17 271 
17 144 
17 174 
17 40 
17 8 
17 211 
17 2 
17 215 
17 168 
17 79 
17 56 
17 54 
17 45 
17 327 
17 43 
17 120 
17 88 
17 82 
17 340 
17 325 
17 34 
17 338 
17 270 
17 98 
17 68 
17 114 
17 248 
17 152 
17 329 
17 13 
17 311 
17 253 
17 250 
17 90 
17 278 
17 176 
17 300 
17 276 
17 69 
17 259 
17 177 
17 112 
17 149 
17 92 
17 319 
17 125 
17 321 
17 257 
17 124 
17 18 
17 273 
17 182 
17 186 
17 314 
17 93 
17 239 
17 232 
17 212 
17 7 
17 96 
17 335 
17 22 
17 148 
17 119 
17 280 
17 274 
17 258 
17 205 
17 281 
17 301 
17 262 
17 77 
17 337 
17 29 
17 127 
17 80 
17 33 
17 223 
17 137 
17 272 
17 101 
17 128 
17 5 
17 294 
17 218 
17 316 
17 332 
17 3 
17 318 
17 150 
17 81 
17 52 
17 142 
17 108 
17 238 
17 14 
17 225 
17 44 
17 207 
17 131 
17 249 
18 129 
18 54 
18 159 
18 125 
18 249 
18 248 
18 185 
18 272 
18 86 
18 131 
18 27 
18 250 
18 40 
18 174 
18 10 
18 5 
18 243 
18 267 
18 215 
18 255 
18 139 
18 194 
18 67 
18 147 
18 113 
18 152 
18 69 
18 340 
18 334 
18 300 
18 56 
18 66 
18 108 
18 24 
18 201 
18 123 
18 331 
18 237 
18 326 
18 317 
18 104 
18 219 
18 51 
18 96 
18 84 
18 311 
18 173 
18 114 
18 296 
18 208 
18 17 
18 244 
18 76 
18 263 
18 286 
18 281 
18 190 
18 271 
18 12 
18 156 
18 235 
18 280 
18 124 
18 279 
18 291 
18 192 
18 214 
18 53 
18 260 
18 319 
18 232 
18 164 
18 26 
18 303 
18 313 
18 4 
18 341 
18 38 
18 207 
18 41 
18 240 
18 116 
18 324 
18 314 
18 242 
18 222 
18 231 
18 333 
18 103 
18 269 
18 60 
18 318 
18 330 
18 25 
18 264 
18 178 
18 322 
18 221 
18 3 
18 294 
18 37 
18 306 
18 142 
18 8 
18 252 
18 254 
18 70 
18 323 
18 315 
18 145 
18 75 
18 100 
18 14 
18 204 
19 218 
19 89 
19 100 
19 73 
19 178 
19 99 
19 110 
19 67 
19 191 
19 50 
19 275 
19 87 
19 303 
19 175 
19 29 
19 177 
19 295 
19 330 
19 75 
19 164 
19 32 
19 157 
19 241 
19 326 
19 189 
19 182 
19 94 
19 266 
19 237 
19 257 
19 294 
19 91 
19 148 
19 261 
19 239 
19 141 
19 101 
19 258 
19 127 
19 236 
19 216 
19 34 
19 133 
19 328 
19 195 
19 190 
19 25 
19 310 
19 292 
19 78 
19 41 
19 200 
19 62 
19 117 
19 146 
19 31 
19 323 
19 204 
19 123 
19 51 
19 135 
19 131 
19 95 
19 174 
19 282 
19 321 
19 118 
19 152 
19 288 
19 9 
19 57 
19 269 
19 80 
19 280 
19 161 
19 45 
19 304 
19 325 
19 335 
19 336 
19 64 
19 193 
19 186 
19 316 
19 112 
19 225 
19 264 
19 290 
19 188 
19 185 
19 173 
19 253 
19 248 
19 159 
19 120 
19 331 
19 317 
19 144 
19 15 
19 287 
19 69 
19 272 
19 165 
19 60 
19 84 
19 163 
19 170 
19 145 
19 276 
19 228 
19 97 
19 65 
19 273 
19 66 
19 244 
19 28 
19 259 
20 14 
20 306 
20 102 
20 269 
20 76 
20 161 
20 75 
20 318 
20 310 
20 93 
20 66 
20 317 
20 144 
20 127 
20 111 
20 67 
20 25 
20 117 
20 273 
20 277 
20 91 
20 335 
20 85 
20 321 
20 198 
20 255 
20 197 
20 35 
20 246 
20 293 
20 135 
20 245 
20 146 
20 162 
20 5 
20 53 
20 304 
20 163 
20 219 
20 49 
20 63 
20 327 
20 290 
20 177 
20 133 
20 54 
20 115 
20 13 
20 243 
20 302 
20 103 
20 8 
20 27 
20 254 
20 4 
20 94 
20 232 
20 266 
20 81 
20 82 
20 313 
20 37 
20 315 
20 328 
20 58 
20 156 
20 340 
20 57 
20 213 
20 224 
20 143 
20 138 
20 68 
20 250 
20 79 
20 56 
20 64 
20 307 
20 38 
20 299 
20 223 
20 259 
20 238 
20 261 
20 149 
20 295 
20 308 
20 123 
20 43 
20 322 
20 276 
20 100 
20 200 
20 231 
20 139 
20 332 
20 47 
20 209 
20 160 
20 271 
20 130 
20 229 
20 104 
20 32 
20 235 
20 77 
20 211 
20 203 
20 272 
20 314 
21 296 
21 209 
21 241 
21 208 
21 66 
21 46 
21 153 
21 70 
21 282 
21 212 
21 99 
21 6 
21 337 
21 79 
21 281 
21 168 
21 327 
21 158 
21 49 
21 228 
21 239 
21 40 
21 161 
21 205 
21 263 
21 310 
21 292 
21 89 
21 90 
21 307 
21 206 
21 186 
21 279 
21 10 
21 25 
21 31 
21 28 
21 200 
21 16 
21 332 
21 75 
21 322 
21 35 
21 210 
21 9 
21 34 
21 154 
21 214 
21 237 
21 39 
21 265 
21 174 
21 125 
21 266 
21 164 
21 165 
21 274 
21 53 
21 103 
21 124 
21 224 
21 148 
21 151 
21 37 
21 0 
21 110 
21 187 
21 198 
21 60 
21 24 
21 218 
21 294 
21 255 
21 251 
21 8 
21 221 
21 85 
21 81 
21 150 
21 122 
21 113 
21 261 
21 193 
21 57 
21 129 
21 248 
21 246 
21 300 
21 317 
21 234 
21 63 
21 338 
21 78 
21 166 
21 149 
21 324 
21 270 
21 277 
21 130 
21 117 
21 211 
21 236 
22 174 
22 301 
22 195 
22 81 
22 309 
22 242 
22 308 
22 197 
22 49 
22 271 
22 55 
22 331 
22 85 
22 256 
22 121 
22 204 
22 5 
22 185 
22 226 
22 167 
22 31 
22 306 
22 128 
22 119 
22 232 
22 295 
22 270 
22 268 
22 290 
22 103 
22 150 
22 106 
22 138 
22 313 
22 70 
22 282 
22 227 
22 335 
22 166 
22 43 
22 98 
22 58 
22 277 
22 258 
22 126 
22 144 
22 48 
22 165 
22 102 
22 164 
22 233 
22 327 
22 16 
22 215 
22 246 
22 186 
22 1 
22 288 
22 182 
22 254 
22 280 
22 255 
22 100 
22 190 
22 203 
22 60 
22 324 
22 261 
22 160 
22 17 
22 124 
22 273 
22 275 
22 73 
22 294 
22 88 
22 196 
22 223 
22 101 
22 218 
22 224 
22 42 
22 7 
22 228 
22 0 
22 125 
22 212 
22 140 
22 143 
22 286 
22 79 
22 35 
22 142 
22 240 
22 107 
22 252 
22 192 
22 87 
22 310 
22 225 
22 274 
22 199 
22 30 
22 284 
22 336 
22 171 
22 83 
22 123 
22 36 
23 45 
23 301 
23 261 
23 91 
23 272 
23 33 
23 12 
23 136 
23 61 
23 205 
23 46 
23 221 
23 217 
23 93 
23 273 
23 14 
23 298 
23 306 
23 100 
23 15 
23 212 
23 122 
23 210 
23 103 
23 125 
23 335 
23 104 
23 324 
23 37 
23 149 
23 188 
23 51 
23 178 
23 87 
23 30 
23 250 
23 96 
23 251 
23 236 
23 338 
23 124 
23 235 
23 117 
23 75 
23 309 
23 315 
23 101 
23 134 
23 97 
23 57 
23 288 
23 105 
23 44 
23 50 
23 144 
23 319 
23 9 
23 94 
23 119 
23 208 
23 62 
23 281 
23 204 
23 190 
23 320 
23 274 
23 107 
23 185 
23 133 
23 216 
23 35 
23 6 
23 187 
23 229 
23 336 
23 186 
23 74 
23 290 
23 275 
23 127 
23 168 
23 282 
23 27 
23 171 
23 312 
24 128 
24 240 
24 213 
24 237 
24 67 
24 115 
24 4 
24 259 
24 167 
24 35 
24 263 
24 43 
24 37 
24 194 
24 233 
24 175 
24 158 
24 29 
24 78 
24 188 
24 220 
24 32 
24 324 
24 254 
24 294 
24 18 
24 310 
24 336 
24 147 
24 329 
24 183 
24 251 
24 216 
24 283 
24 103 
24 278 
24 182 
24 76 
24 87 
24 280 
24 129 
24 144 
24 169 
24 140 
24 253 
24 222 
24 73 
24 195 
24 303 
24 228 
24 302 
24 225 
24 48 
24 132 
24 241 
24 226 
24 54 
24 64 
24 290 
24 330 
24 162 
24 326 
24 84 
24 21 
24 61 
24 164 
24 300 
24 88 
24 80 
24 7 
24 120 
24 141 
24 215 
24 92 
24 31 
24 166 
24 117 
24 285 
24 41 
24 45 
24 14 
24 66 
24 53 
24 3 
24 339 
24 138 
24 261 
24 319 
24 49 
25 176 
25 298 
25 249 
25 227 
25 209 
25 97 
25 123 
25 254 
25 341 
25 215 
25 20 
25 95 
25 5 
25 182 
25 50 
25 102 
25 197 
25 27 
25 112 
25 39 
25 282 
25 64 
25 36 
25 119 
25 21 
25 307 
25 83 
25 109 
25 105 
25 250 
25 19 
25 152 
25 156 
25 208 
25 202 
25 273 
25 277 
25 184 
25 85 
25 77 
25 82 
25 147 
25 219 
25 325 
25 251 
25 331 
25 194 
25 4 
25 89 
25 317 
25 259 
25 67 
25 204 
25 121 
25 155 
25 265 
25 6 
25 171 
25 236 
25 88 
25 57 
25 335 
25 38 
25 122 
25 309 
25 328 
25 299 
25 239 
25 316 
25 18 
25 167 
25 69 
25 228 
25 34 
25 181 
25 289 
25 177 
25 161 
25 15 
25 40 
25 14 
25 172 
25 261 
25 300 
25 301 
25 66 
25 159 
25 133 
26 263 
26 74 
26 339 
26 310 
26 337 
26 55 
26 287 
26 108 
26 153 
26 168 
26 326 
26 295 
26 320 
26 2 
26 165 
26 183 
26 1 
26 49 
26 200 
26 90 
26 252 
26 234 
26 170 
26 66 
26 41 
26 179 
26 289 
26 100 
26 137 
26 113 
26 220 
26 6 
26 37 
26 329 
26 101 
26 164 
26 208 
26 29 
26 145 
26 270 
26 322 
26 324 
26 243 
26 227 
26 154 
26 133 
26 173 
26 260 
26 43 
26 162 
26 123 
26 184 
26 36 
26 238 
26 40 
26 63 
26 300 
26 197 
26 58 
26 305 
26 45 
26 269 
26 163 
26 267 
26 316 
26 33 
26 207 
26 247 
26 158 
26 146 
26 110 
26 246 
26 178 
26 180 
26 68 
26 166 
26 107 
26 18 
26 141 
26 32 
26 285 
26 161 
26 195 
26 112 
26 190 
26 255 
26 218 
26 125 
26 304 
26 88 
26 225 
26 241 
26 181 
26 282 
26 201 
26 188 
26 16 
26 223 
26 130 
26 283 
26 205 
26 157 
26 182 
26 216 
26 272 
26 275 
26 332 
26 175 
26 209 
27 306 
27 286 
27 235 
27 279 
27 18 
27 211 
27 102 
27 130 
27 12 
27 98 
27 204 
27 103 
27 313 
27 62 
27 55 
27 7 
27 335 
27 264 
27 169 
27 268 
27 72 
27 93 
27 261 
27 108 
27 25 
27 54 
27 135 
27 63 
27 160 
27 151 
27 293 
27 30 
27 150 
27 139 
27 158 
27 35 
27 100 
27 300 
27 141 
27 190 
27 240 
27 60 
27 200 
27 332 
27 36 
27 84 
27 20 
27 297 
27 44 
27 296 
27 299 
27 255 
27 97 
27 236 
27 40 
27 116 
27 294 
27 228 
27 171 
27 104 
27 242 
27 168 
27 312 
27 76 
27 177 
27 314 
27 243 
27 316 
27 156 
27 74 
27 185 
27 191 
27 66 
27 115 
27 284 
27 265 
27 215 
27 162 
27 270 
27 336 
27 83 
27 85 
27 221 
27 201 
27 56 
27 307 
27 140 
27 3 
27 321 
27 68 
27 322 
27 8 
27 43 
27 271 
27 15 
27 23 
27 266 
27 164 
27 227 
27 90 
27 272 
27 65 
27 57 
27 174 
28 88 
28 103 
28 336 
28 48 
28 34 
28 291 
28 13 
28 243 
28 260 
28 205 
28 179 
28 272 
28 330 
28 38 
28 112 
28 6 
28 64 
28 4 
28 197 
28 90 
28 36 
28 209 
28 183 
28 204 
28 276 
28 228 
28 163 
28 21 
28 85 
28 227 
28 51 
28 111 
28 29 
28 168 
28 70 
28 266 
28 233 
28 120 
28 254 
28 325 
28 314 
28 241 
28 68 
28 8 
28 234 
28 133 
28 113 
28 299 
28 154 
28 30 
28 115 
28 148 
28 31 
28 248 
28 301 
28 319 
28 180 
28 97 
28 213 
28 337 
28 142 
28 105 
28 77 
28 71 
28 242 
28 58 
28 189 
28 15 
28 335 
28 118 
28 171 
28 290 
28 186 
28 200 
28 207 
28 110 
28 198 
28 235 
28 178 
28 102 
28 202 
28 2 
28 182 
28 277 
28 255 
28 217 
28 323 
28 119 
28 149 
28 52 
28 91 
28 151 
28 44 
28 161 
28 116 
28 11 
28 109 
28 274 
28 321 
28 292 
28 19 
28 150 
29 302 
29 341 
29 176 
29 301 
29 316 
29 68 
29 312 
29 335 
29 61 
29 175 
29 19 
29 224 
29 124 
29 253 
29 94 
29 159 
29 5 
29 11 
29 183 
29 188 
29 323 
29 24 
29 143 
29 214 
29 331 
29 154 
29 103 
29 244 
29 26 
29 162 
29 28 
29 191 
29 59 
29 325 
29 93 
29 117 
29 92 
29 166 
29 14 
29 13 
29 296 
29 67 
29 205 
29 123 
29 64 
29 60 
29 150 
29 265 
29 0 
29 173 
29 337 
29 187 
29 339 
29 180 
29 54 
29 39 
29 281 
29 215 
29 220 
29 275 
29 69 
29 263 
29 190 
29 172 
29 115 
29 206 
29 82 
29 258 
29 95 
29 37 
29 53 
29 277 
29 234 
29 98 
29 308 
29 213 
29 66 
29 10 
29 17 
29 256 
29 65 
29 193 
29 62 
29 109 
29 153 
29 73 
29 198 
29 285 
29 75 
29 156 
30 254 
30 92 
30 326 
30 64 
30 49 
30 104 
30 207 
30 83 
30 268 
30 232 
30 45 
30 71 
30 134 
30 59 
30 215 
30 14 
30 114 
30 334 
30 184 
30 126 
30 321 
30 8 
30 221 
30 141 
30 123 
30 95 
30 36 
30 68 
30 33 
30 276 
30 27 
30 60 
30 182 
30 89 
30 106 
30 307 
30 197 
30 56 
30 212 
30 272 
30 23 
30 211 
30 200 
30 135 
30 281 
30 28 
30 142 
30 130 
30 176 
30 10 
30 185 
30 258 
30 255 
30 69 
30 81 
30 206 
30 249 
30 173 
30 245 
30 235 
30 298 
30 259 
30 100 
30 278 
30 16 
30 5 
30 46 
30 160 
30 280 
30 289 
30 177 
30 238 
30 34 
30 312 
30 324 
30 167 
30 269 
30 260 
30 85 
30 91 
30 191 
30 37 
30 65 
30 222 
30 1 
30 264 
30 155 
30 113 
30 101 
30 22 
30 243 
30 159 
30 107 
30 219 
30 303 
30 94 
30 12 
31 193 
31 325 
31 213 
31 216 
31 233 
31 224 
31 65 
31 138 
31 245 
31 284 
31 301 
31 341 
31 55 
31 327 
31 68 
31 22 
31 261 
31 124 
31 113 
31 48 
31 146 
31 97 
31 222 
31 53 
31 299 
31 298 
31 165 
31 243 
31 121 
31 129 
31 210 
31 21 
31 289 
31 310 
31 285 
31 89 
31 170 
31 173 
31 109 
31 185 
31 135 
31 197 
31 139 
31 244 
31 255 
31 51 
31 36 
31 19 
31 91 
31 67 
31 156 
31 260 
31 116 
31 304 
31 79 
31 76 
31 100 
31 107 
31 16 
31 208 
31 268 
31 102 
31 28 
31 111 
31 190 
31 253 
31 321 
31 258 
31 309 
31 171 
31 148 
31 181 
31 331 
31 44 
31 140 
31 166 
31 24 
31 147 
31 320 
31 226 
31 32 
31 4 
31 335 
31 227 
31 276 
31 218 
31 217 
31 292 
31 183 
31 59 
31 154 
31 1 
31 280 
31 143 
31 249 
31 176 
31 66 
31 303 
31 312 
31 62 
31 237 
32 227 
32 264 
32 75 
32 239 
32 177 
32 223 
32 188 
32 175 
32 131 
32 5 
32 179 
32 19 
32 56 
32 285 
32 48 
32 150 
32 257 
32 33 
32 320 
32 154 
32 144 
32 141 
32 261 
32 152 
32 24 
32 159 
32 164 
32 214 
32 180 
32 220 
32 230 
32 171 
32 316 
32 195 
32 136 
32 68 
32 314 
32 12 
32 332 
32 100 
32 41 
32 255 
32 272 
32 287 
32 213 
32 211 
32 165 
32 70 
32 189 
32 182 
32 219 
32 283 
32 87 
32 338 
32 203 
32 247 
32 194 
32 170 
32 94 
32 95 
32 60 
32 92 
32 190 
32 26 
32 55 
32 248 
32 218 
32 290 
32 120 
32 288 
32 126 
32 61 
32 299 
32 172 
32 302 
32 232 
32 114 
32 250 
32 256 
32 221 
32 51 
32 84 
32 99 
32 217 
32 74 
32 324 
32 31 
32 323 
32 315 
32 78 
32 298 
32 161 
32 291 
32 243 
32 82 
32 295 
32 340 
32 44 
32 294 
32 259 
32 113 
32 20 
32 6 
32 216 
32 97 
32 310 
33 113 
33 186 
33 23 
33 53 
33 298 
33 263 
33 209 
33 6 
33 189 
33 216 
33 3 
33 205 
33 153 
33 177 
33 195 
33 96 
33 94 
33 129 
33 315 
33 124 
33 151 
33 304 
33 32 
33 30 
33 274 
33 252 
33 16 
33 215 
33 91 
33 307 
33 79 
33 146 
33 337 
33 50 
33 127 
33 232 
33 46 
33 15 
33 49 
33 145 
33 308 
33 112 
33 194 
33 301 
33 147 
33 148 
33 283 
33 39 
33 324 
33 221 
33 138 
33 171 
33 282 
33 26 
33 231 
33 244 
33 212 
33 268 
33 164 
33 80 
33 5 
33 133 
33 0 
33 128 
33 37 
33 255 
33 159 
33 89 
33 206 
33 265 
33 296 
33 2 
33 225 
33 55 
33 149 
33 118 
33 14 
33 82 
33 210 
33 95 
33 108 
33 161 
33 157 
33 312 
33 17 
33 227 
33 97 
33 236 
33 187 
33 105 
33 168 
33 278 
33 176 
33 139 
33 54 
33 52 
33 240 
33 64 
33 203 
33 246 
33 249 
33 239 
33 294 
33 245 
33 182 
33 59 
33 63 
33 180 
33 116 
33 193 
33 132 
33 163 
33 318 
34 234 
34 123 
34 102 
34 82 
34 85 
34 330 
34 89 
34 150 
34 28 
34 47 
34 127 
34 265 
34 146 
34 52 
34 336 
34 202 
34 322 
34 297 
34 328 
34 231 
34 44 
34 194 
34 287 
34 226 
34 335 
34 144 
34 158 
34 8 
34 108 
34 198 
34 213 
34 193 
34 151 
34 122 
34 17 
34 70 
34 295 
34 237 
34 19 
34 65 
34 95 
34 197 
34 53 
34 232 
34 66 
34 145 
34 174 
34 227 
34 264 
34 21 
34 72 
34 51 
34 136 
34 12 
34 222 
34 325 
34 220 
34 124 
34 74 
34 200 
34 10 
34 116 
34 245 
34 92 
34 91 
34 327 
34 115 
34 206 
34 54 
34 270 
34 41 
34 168 
34 276 
34 317 
34 255 
34 299 
34 30 
34 166 
34 241 
34 304 
34 25 
34 262 
34 267 
34 187 
34 186 
34 337 
34 188 
34 269 
34 172 
34 238 
34 251 
34 332 
34 1 
34 84 
34 300 
34 120 
34 230 
34 257 
34 290 
34 109 
35 100 
35 5 
35 103 
35 278 
35 196 
35 88 
35 138 
35 153 
35 228 
35 270 
35 157 
35 91 
35 52 
35 193 
35 24 
35 170 
35 308 
35 332 
35 286 
35 147 
35 206 
35 191 
35 256 
35 132 
35 336 
35 304 
35 312 
35 20 
35 107 
35 125 
35 127 
35 299 
35 244 
35 253 
35 195 
35 93 
35 257 
35 27 
35 174 
35 130 
35 267 
35 11 
35 181 
35 128 
35 98 
35 86 
35 21 
35 111 
35 13 
35 324 
35 207 
35 113 
35 225 
35 43 
35 274 
35 293 
35 83 
35 155 
35 277 
35 140 
35 252 
35 179 
35 1 
35 266 
35 75 
35 10 
35 282 
35 246 
35 162 
35 289 
35 55 
35 275 
35 178 
35 287 
35 215 
35 236 
35 247 
35 61 
35 322 
35 187 
35 291 
35 309 
35 224 
35 23 
35 227 
35 240 
35 22 
35 216 
35 281 
35 302 
35 185 
35 284 
35 283 
35 47 
35 245 
35 8 
35 238 
35 105 
35 190 
35 64 
35 159 
35 175 
36 41 
36 15 
36 157 
36 196 
36 89 
36 316 
36 127 
36 319 
36 202 
36 203 
36 118 
36 276 
36 297 
36 188 
36 261 
36 318 
36 290 
36 315 
36 123 
36 154 
36 112 
36 259 
36 230 
36 113 
36 5 
36 279 
36 28 
36 226 
36 91 
36 243 
36 295 
36 240 
36 108 
36 46 
36 30 
36 269 
36 25 
36 305 
36 106 
36 71 
36 293 
36 238 
36 168 
36 90 
36 234 
36 208 
36 177 
36 326 
36 275 
36 257 
36 194 
36 86 
36 27 
36 31 
36 26 
36 70 
36 160 
36 104 
36 102 
36 210 
36 264 
36 4 
36 288 
36 161 
36 285 
36 212 
36 95 
36 163 
36 258 
36 126 
36 186 
36 42 
36 185 
36 57 
36 132 
36 76 
36 45 
36 296 
36 50 
36 111 
36 164 
36 191 
36 64 
36 128 
36 121 
36 263 
36 244 
36 320 
36 94 
36 131 
36 62 
36 116 
36 179 
36 165 
36 124 
36 166 
36 93 
36 82 
36 241 
36 138 
36 215 
36 171 
36 143 
36 317 
36 335 
36 237 
36 262 
36 22 
36 266 
37 224 
37 9 
37 282 
37 91 
37 285 
37 339 
37 171 
37 121 
37 127 
37 48 
37 214 
37 100 
37 41 
37 24 
37 108 
37 287 
37 60 
37 230 
37 311 
37 133 
37 89 
37 234 
37 53 
37 190 
37 118 
37 196 
37 167 
37 59 
37 51 
37 336 
37 0 
37 338 
37 26 
37 305 
37 23 
37 135 
37 114 
37 193 
37 149 
37 146 
37 120 
37 13 
37 70 
37 71 
37 84 
37 172 
37 112 
37 290 
37 154 
37 223 
37 332 
37 319 
37 281 
37 138 
37 182 
37 132 
37 329 
37 270 
37 49 
37 298 
37 82 
37 52 
37 20 
37 170 
37 126 
37 56 
37 21 
37 85 
37 327 
37 291 
37 278 
37 237 
37 318 
37 57 
37 141 
37 29 
37 251 
37 66 
37 341 
37 148 
37 33 
37 272 
37 265 
37 183 
37 274 
37 131 
37 116 
37 88 
37 316 
37 202 
37 169 
37 225 
37 210 
37 90 
37 103 
37 276 
37 18 
37 30 
37 97 
37 213 
37 328 
37 113 
37 14 
37 6 
37 164 
37 119 
37 77 
37 245 
37 301 
37 208 
37 280 
37 304 
38 138 
38 305 
38 68 
38 86 
38 244 
38 194 
38 0 
38 198 
38 65 
38 340 
38 28 
38 274 
38 334 
38 148 
38 203 
38 287 
38 137 
38 42 
38 291 
38 47 
38 124 
38 326 
38 152 
38 58 
38 329 
38 100 
38 169 
38 122 
38 275 
38 230 
38 268 
38 191 
38 41 
38 16 
38 53 
38 218 
38 6 
38 10 
38 46 
38 102 
38 199 
38 331 
38 197 
38 219 
38 214 
38 265 
38 267 
38 64 
38 13 
38 159 
38 92 
38 259 
38 242 
38 99 
38 98 
38 327 
38 141 
38 176 
38 297 
38 238 
38 227 
38 310 
38 132 
38 252 
38 85 
38 126 
38 139 
38 262 
38 304 
38 12 
38 213 
38 18 
38 155 
38 258 
38 2 
38 270 
38 94 
38 153 
38 25 
38 20 
38 325 
38 241 
38 303 
38 228 
38 147 
38 172 
38 248 
38 107 
38 59 
38 233 
38 319 
38 156 
38 61 
38 292 
38 4 
38 93 
38 179 
38 63 
38 77 
38 73 
38 229 
38 220 
38 235 
38 144 
38 167 
38 335 
39 89 
39 264 
39 221 
39 111 
39 268 
39 62 
39 312 
39 146 
39 57 
39 51 
39 243 
39 323 
39 244 
39 332 
39 142 
39 302 
39 270 
39 137 
39 234 
39 55 
39 222 
39 246 
39 128 
39 174 
39 193 
39 25 
39 154 
39 11 
39 14 
39 285 
39 0 
39 217 
39 71 
39 45 
39 215 
39 328 
39 160 
39 44 
39 225 
39 15 
39 238 
39 213 
39 96 
39 109 
39 138 
39 101 
39 283 
39 21 
39 216 
39 295 
39 191 
39 317 
39 139 
39 197 
39 33 
39 199 
39 303 
39 132 
39 29 
39 254 
39 150 
39 281 
39 253 
39 301 
39 181 
39 102 
39 185 
39 202 
39 299 
39 7 
39 210 
39 171 
39 272 
39 108 
39 64 
39 308 
39 230 
39 311 
39 188 
39 220 
39 290 
39 258 
39 267 
39 72 
39 319 
39 92 
39 280 
39 129 
39 265 
39 68 
39 93 
39 214 
39 309 
39 316 
39 196 
39 54 
39 100 
39 300 
39 320 
39 275 
39 134 
40 330 
40 157 
40 266 
40 10 
40 318 
40 261 
40 182 
40 18 
40 130 
40 335 
40 165 
40 232 
40 84 
40 6 
40 246 
40 49 
40 260 
40 235 
40 21 
40 17 
40 82 
40 237 
40 125 
40 339 
40 97 
40 208 
40 150 
40 129 
40 307 
40 327 
40 278 
40 209 
40 225 
40 287 
40 179 
40 175 
40 281 
40 267 
40 74 
40 255 
40 71 
40 109 
40 258 
40 218 
40 73 
40 66 
40 45 
40 101 
40 114 
40 52 
40 263 
40 215 
40 26 
40 200 
40 242 
40 198 
40 89 
40 163 
40 202 
40 314 
40 306 
40 211 
40 259 
40 229 
40 27 
40 173 
40 216 
40 47 
40 105 
40 139 
40 104 
40 110 
40 60 
40 317 
40 268 
40 50 
40 224 
40 252 
40 98 
40 201 
40 238 
40 64 
40 239 
40 9 
40 41 
40 146 
40 121 
40 223 
40 83 
40 25 
40 293 
40 333 
40 68 
40 303 
40 305 
40 227 
40 169 
41 36 
41 175 
41 228 
41 67 
41 88 
41 248 
41 61 
41 256 
41 100 
41 109 
41 337 
41 188 
41 169 
41 37 
41 200 
41 218 
41 157 
41 313 
41 294 
41 239 
41 181 
41 85 
41 329 
41 240 
41 171 
41 11 
41 26 
41 255 
41 312 
41 111 
41 253 
41 2 
41 123 
41 292 
41 77 
41 138 
41 38 
41 58 
41 127 
41 197 
41 205 
41 271 
41 224 
41 55 
41 245 
41 259 
41 19 
41 208 
41 140 
41 52 
41 50 
41 234 
41 32 
41 296 
41 318 
41 339 
41 142 
41 229 
41 182 
41 287 
41 96 
41 242 
41 236 
41 136 
41 216 
41 291 
41 45 
41 128 
41 64 
41 168 
41 219 
41 258 
41 326 
41 270 
41 84 
41 209 
41 310 
41 51 
41 106 
41 302 
41 178 
41 164 
41 91 
41 268 
41 18 
41 289 
41 230 
41 34 
41 222 
41 191 
41 186 
41 298 
41 132 
41 76 
41 227 
41 24 
41 3 
41 279 
41 75 
41 103 
41 40 
41 86 
41 267 
41 59 
41 304 
41 193 
41 192 
41 286 
41 141 
41 320 
41 122 
41 107 
41 263 
41 16 
41 252 
42 320 
42 284 
42 176 
42 270 
42 83 
42 163 
42 132 
42 194 
42 138 
42 288 
42 283 
42 160 
42 142 
42 186 
42 289 
42 3 
42 38 
42 77 
42 141 
42 156 
42 93 
42 233 
42 335 
42 90 
42 330 
42 85 
42 322 
42 286 
42 190 
42 105 
42 57 
42 244 
42 58 
42 172 
42 215 
42 53 
42 157 
42 231 
42 115 
42 129 
42 306 
42 13 
42 276 
42 98 
42 67 
42 222 
42 116 
42 108 
42 124 
42 45 
42 151 
42 140 
42 36 
42 252 
42 168 
42 153 
42 192 
42 87 
42 165 
42 248 
42 195 
42 133 
42 22 
42 97 
42 272 
42 207 
42 96 
42 341 
42 312 
42 191 
42 143 
42 262 
42 236 
42 117 
42 294 
42 118 
42 134 
42 171 
42 242 
42 309 
42 11 
42 206 
42 230 
42 256 
42 100 
42 275 
42 325 
42 338 
42 175 
42 107 
43 150 
43 134 
43 147 
43 232 
43 181 
43 265 
43 121 
43 86 
43 179 
43 184 
43 24 
43 288 
43 251 
43 196 
43 185 
43 105 
43 225 
43 151 
43 220 
43 328 
43 332 
43 17 
43 280 
43 47 
43 327 
43 215 
43 15 
43 153 
43 309 
43 333 
43 129 
43 94 
43 229 
43 240 
43 80 
43 223 
43 22 
43 125 
43 325 
43 26 
43 252 
43 139 
43 55 
43 305 
43 140 
43 257 
43 295 
43 90 
43 315 
43 227 
43 68 
43 96 
43 35 
43 141 
43 154 
43 132 
43 82 
43 319 
43 118 
43 244 
43 122 
43 155 
43 152 
43 135 
43 259 
43 99 
43 195 
43 91 
43 126 
43 2 
43 145 
43 130 
43 60 
43 20 
43 201 
43 248 
43 263 
43 341 
43 296 
43 27 
43 271 
43 97 
43 49 
43 339 
43 241 
43 321 
43 337 
43 208 
43 114 
44 262 
44 103 
44 229 
44 112 
44 325 
44 184 
44 143 
44 127 
44 324 
44 248 
44 175 
44 13 
44 161 
44 334 
44 163 
44 102 
44 246 
44 259 
44 79 
44 34 
44 151 
44 8 
44 118 
44 231 
44 241 
44 216 
44 121 
44 162 
44 129 
44 236 
44 1 
44 178 
44 39 
44 59 
44 0 
44 257 
44 192 
44 117 
44 291 
44 314 
44 195 
44 276 
44 165 
44 27 
44 242 
44 142 
44 301 
44 269 
44 83 
44 212 
44 254 
44 53 
44 293 
44 113 
44 70 
44 107 
44 219 
44 10 
44 308 
44 130 
44 7 
44 23 
44 307 
44 233 
44 55 
44 31 
44 226 
44 71 
44 274 
44 153 
44 180 
44 158 
44 300 
44 16 
44 101 
44 228 
44 2 
44 144 
44 331 
44 5 
44 263 
44 280 
44 56 
44 317 
44 319 
44 273 
44 214 
44 32 
44 179 
44 64 
44 217 
44 28 
44 152 
44 148 
44 315 
44 196 
44 125 
44 17 
44 98 
44 258 
45 166 
45 23 
45 302 
45 91 
45 11 
45 30 
45 238 
45 226 
45 83 
45 247 
45 326 
45 307 
45 305 
45 160 
45 279 
45 219 
45 218 
45 251 
45 128 
45 6 
45 155 
45 17 
45 214 
45 183 
45 255 
45 325 
45 257 
45 56 
45 276 
45 334 
45 256 
45 96 
45 335 
45 39 
45 136 
45 108 
45 40 
45 78 
45 137 
45 151 
45 290 
45 236 
45 180 
45 235 
45 113 
45 13 
45 189 
45 26 
45 41 
45 53 
45 261 
45 12 
45 316 
45 42 
45 175 
45 341 
45 139 
45 61 
45 312 
45 124 
45 187 
45 234 
45 8 
45 211 
45 9 
45 313 
45 19 
45 143 
45 50 
45 36 
45 263 
45 242 
45 7 
45 240 
45 127 
45 223 
45 271 
45 100 
45 72 
45 87 
45 130 
45 337 
45 119 
45 24 
45 63 
45 315 
45 230 
45 229 
45 15 
45 327 
45 5 
45 107 
45 94 
45 118 
45 67 
45 248 
45 2 
45 92 
45 225 
45 167 
45 177 
46 303 
46 115 
46 202 
46 232 
46 282 
46 126 
46 21 
46 55 
46 148 
46 329 
46 234 
46 267 
46 224 
46 23 
46 14 
46 209 
46 92 
46 273 
46 60 
46 165 
46 175 
46 141 
46 123 
46 59 
46 230 
46 262 
46 182 
46 36 
46 8 
46 336 
46 140 
46 294 
46 187 
46 293 
46 177 
46 77 
46 76 
46 62 
46 311 
46 212 
46 276 
46 195 
46 38 
46 105 
46 147 
46 33 
46 319 
46 111 
46 156 
46 61 
46 241 
46 83 
46 172 
46 204 
46 194 
46 259 
46 191 
46 318 
46 81 
46 260 
46 237 
46 300 
46 3 
46 50 
46 70 
46 168 
46 272 
46 30 
46 63 
46 166 
46 238 
46 127 
46 11 
46 190 
46 120 
46 222 
46 334 
46 313 
46 315 
46 158 
46 108 
46 335 
46 220 
46 96 
46 89 
46 53 
46 339 
46 159 
46 327 
46 179 
46 113 
46 97 
46 325 
46 56 
46 139 
46 114 
46 233 
46 269 
47 320 
47 14 
47 317 
47 327 
47 34 
47 268 
47 216 
47 270 
47 238 
47 70 
47 262 
47 54 
47 339 
47 294 
47 289 
47 102 
47 313 
47 142 
47 241 
47 182 
47 210 
47 165 
47 117 
47 38 
47 248 
47 43 
47 90 
47 152 
47 16 
47 221 
47 204 
47 147 
47 264 
47 92 
47 56 
47 252 
47 304 
47 185 
47 74 
47 123 
47 60 
47 93 
47 203 
47 66 
47 108 
47 246 
47 273 
47 190 
47 338 
47 261 
47 218 
47 85 
47 243 
47 48 
47 53 
47 158 
47 125 
47 180 
47 116 
47 118 
47 237 
47 149 
47 4 
47 97 
47 40 
47 276 
47 229 
47 162 
47 309 
47 220 
47 98 
47 200 
47 157 
47 10 
47 307 
47 67 
47 144 
47 290 
47 322 
47 51 
47 236 
47 228 
47 76 
47 103 
47 35 
47 277 
47 334 
47 156 
47 20 
47 337 
47 6 
47 5 
47 148 
47 79 
47 208 
47 136 
47 105 
47 171 
47 206 
48 175 
48 11 
48 196 
48 170 
48 121 
48 213 
48 114 
48 28 
48 81 
48 335 
48 37 
48 178 
48 122 
48 160 
48 288 
48 127 
48 132 
48 31 
48 32 
48 116 
48 279 
48 14 
48 106 
48 131 
48 177 
48 89 
48 296 
48 190 
48 277 
48 331 
48 98 
48 255 
48 245 
48 3 
48 225 
48 22 
48 181 
48 332 
48 202 
48 76 
48 269 
48 291 
48 63 
48 264 
48 52 
48 133 
48 47 
48 197 
48 180 
48 303 
48 208 
48 62 
48 319 
48 97 
48 215 
48 24 
48 284 
48 205 
48 309 
48 112 
48 173 
48 314 
48 79 
48 128 
48 56 
48 306 
48 65 
48 101 
48 201 
48 68 
48 64 
48 5 
48 189 
48 73 
48 169 
48 54 
48 237 
48 236 
48 155 
48 320 
48 6 
48 206 
48 103 
48 148 
48 248 
48 312 
48 304 
48 78 
48 295 
48 186 
48 223 
48 220 
48 176 
48 10 
48 124 
48 234 
48 120 
48 283 
48 151 
48 251 
48 16 
48 166 
49 302 
49 220 
49 30 
49 8 
49 86 
49 203 
49 202 
49 191 
49 5 
49 108 
49 22 
49 271 
49 288 
49 332 
49 64 
49 321 
49 284 
49 63 
49 40 
49 215 
49 26 
49 21 
49 172 
49 228 
49 133 
49 111 
49 229 
49 62 
49 264 
49 244 
49 266 
49 235 
49 20 
49 55 
49 209 
49 258 
49 214 
49 33 
49 269 
49 205 
49 170 
49 327 
49 113 
49 145 
49 72 
49 213 
49 110 
49 66 
49 134 
49 155 
49 253 
49 87 
49 138 
49 294 
49 319 
49 81 
49 192 
49 37 
49 174 
49 295 
49 50 
49 223 
49 160 
49 157 
49 176 
49 136 
49 337 
49 54 
49 243 
49 317 
49 121 
49 221 
49 188 
49 186 
49 125 
49 166 
49 96 
49 268 
49 151 
49 307 
49 198 
49 98 
49 154 
49 75 
49 236 
49 101 
49 127 
49 78 
49 267 
49 237 
49 169 
49 51 
49 312 
49 7 
49 135 
49 105 
49 165 
49 322 
49 218 
49 182 
49 262 
49 167 
49 65 
49 43 
49 333 
49 216 
49 24 
50 288 
50 159 
50 328 
50 310 
50 339 
50 19 
50 72 
50 157 
50 267 
50 255 
50 247 
50 312 
50 25 
50 126 
50 6 
50 265 
50 145 
50 180 
50 76 
50 298 
50 103 
50 81 
50 182 
50 116 
50 309 
50 192 
50 213 
50 338 
50 14 
50 227 
50 306 
50 121 
50 142 
50 322 
50 314 
50 131 
50 104 
50 8 
50 33 
50 261 
50 186 
50 85 
50 52 
50 282 
50 75 
50 315 
50 199 
50 41 
50 102 
50 317 
50 268 
50 117 
50 274 
50 324 
50 60 
50 124 
50 323 
50 280 
50 146 
50 80 
50 169 
50 141 
50 260 
50 49 
50 79 
50 335 
50 147 
50 155 
50 238 
50 95 
50 46 
50 45 
50 23 
50 237 
50 107 
50 281 
50 256 
50 36 
50 156 
50 135 
50 222 
50 110 
50 125 
50 252 
50 40 
50 271 
50 208 
50 219 
50 209 
50 195 
50 134 
50 286 
50 292 
50 244 
50 114 
50 171 
50 254 
50 330 
50 151 
50 63 
50 236 
50 301 
50 231 
50 176 
50 225 
50 130 
50 2 
50 266 
50 56 
50 321 
50 263 
50 84 
50 210 
51 125 
51 160 
51 96 
51 39 
51 323 
51 15 
51 177 
51 250 
51 89 
51 252 
51 285 
51 218 
51 336 
51 98 
51 37 
51 173 
51 268 
51 126 
51 302 
51 294 
51 257 
51 229 
51 156 
51 84 
51 28 
51 130 
51 178 
51 315 
51 12 
51 65 
51 23 
51 135 
51 263 
51 316 
51 18 
51 180 
51 291 
51 191 
51 299 
51 168 
51 196 
51 31 
51 34 
51 16 
51 280 
51 151 
51 189 
51 19 
51 185 
51 319 
51 167 
51 272 
51 222 
51 221 
51 210 
51 124 
51 41 
51 134 
51 113 
51 83 
51 142 
51 281 
51 144 
51 123 
51 6 
51 223 
51 288 
51 240 
51 340 
51 81 
51 298 
51 269 
51 318 
51 32 
51 97 
51 121 
51 162 
51 71 
51 47 
51 289 
51 91 
51 313 
51 237 
51 49 
51 328 
51 198 
51 201 
51 9 
51 154 
51 320 
51 85 
51 337 
51 290 
51 165 
51 147 
51 70 
51 305 
51 172 
51 327 
51 304 
51 54 
51 57 
52 75 
52 279 
52 254 
52 112 
52 315 
52 34 
52 298 
52 35 
52 9 
52 184 
52 210 
52 259 
52 268 
52 217 
52 117 
52 237 
52 6 
52 133 
52 256 
52 221 
52 76 
52 163 
52 95 
52 81 
52 97 
52 335 
52 171 
52 310 
52 260 
52 158 
52 228 
52 324 
52 151 
52 194 
52 323 
52 50 
52 287 
52 55 
52 40 
52 266 
52 205 
52 110 
52 41 
52 168 
52 261 
52 48 
52 176 
52 249 
52 177 
52 200 
52 214 
52 243 
52 231 
52 294 
52 37 
52 167 
52 127 
52 62 
52 160 
52 89 
52 296 
52 241 
52 141 
52 233 
52 3 
52 83 
52 114 
52 286 
52 302 
52 332 
52 165 
52 53 
52 152 
52 289 
52 333 
52 5 
52 138 
52 202 
52 164 
52 280 
52 207 
52 72 
52 219 
52 170 
52 78 
52 156 
52 125 
52 132 
52 265 
52 330 
52 331 
52 139 
52 8 
52 33 
52 316 
52 28 
52 17 
52 59 
52 101 
52 269 
52 115 
52 306 
52 118 
52 211 
52 131 
53 337 
53 161 
53 145 
53 112 
53 235 
53 276 
53 33 
53 295 
53 216 
53 148 
53 227 
53 302 
53 307 
53 288 
53 237 
53 304 
53 75 
53 82 
53 291 
53 265 
53 128 
53 271 
53 209 
53 146 
53 175 
53 135 
53 95 
53 37 
53 331 
53 158 
53 185 
53 233 
53 90 
53 31 
53 182 
53 236 
53 189 
53 223 
53 312 
53 234 
53 20 
53 142 
53 285 
53 324 
53 38 
53 338 
53 92 
53 130 
53 319 
53 268 
53 34 
53 163 
53 98 
53 42 
53 329 
53 242 
53 298 
53 47 
53 192 
53 108 
53 318 
53 224 
53 328 
53 44 
53 261 
53 335 
53 45 
53 133 
53 21 
53 306 
53 264 
53 191 
53 157 
53 73 
53 18 
53 124 
53 258 
53 15 
53 206 
53 76 
53 67 
53 177 
53 195 
53 168 
53 10 
53 85 
53 29 
53 244 
53 52 
53 207 
53 241 
53 139 
53 166 
53 138 
53 16 
53 254 
53 91 
53 127 
53 172 
53 14 
53 89 
53 251 
53 119 
53 132 
53 121 
53 129 
53 193 
53 81 
53 160 
53 57 
53 12 
53 220 
53 272 
53 281 
53 137 
53 323 
53 115 
53 46 
53 24 
53 183 
53 339 
53 299 
53 217 
54 79 
54 18 
54 221 
54 138 
54 201 
54 149 
54 60 
54 165 
54 209 
54 74 
54 97 
54 47 
54 276 
54 307 
54 104 
54 314 
54 137 
54 96 
54 288 
54 268 
54 182 
54 135 
54 17 
54 172 
54 27 
54 157 
54 6 
54 127 
54 225 
54 130 
54 175 
54 122 
54 173 
54 2 
54 152 
54 20 
54 116 
54 86 
54 191 
54 299 
54 111 
54 80 
54 13 
54 64 
54 293 
54 156 
54 179 
54 148 
54 12 
54 295 
54 129 
54 255 
54 29 
54 110 
54 340 
54 267 
54 238 
54 262 
54 251 
54 75 
54 146 
54 236 
54 300 
54 49 
54 90 
54 24 
54 92 
54 145 
54 150 
54 34 
54 230 
54 261 
54 109 
54 277 
54 306 
54 220 
54 234 
54 71 
54 313 
54 48 
54 310 
54 283 
54 59 
54 14 
54 289 
54 301 
54 280 
54 210 
54 197 
54 241 
54 263 
54 258 
54 275 
54 33 
54 120 
54 39 
54 183 
54 139 
54 118 
54 279 
54 51 
54 112 
54 227 
54 15 
54 67 
55 337 
55 127 
55 282 
55 26 
55 68 
55 46 
55 76 
55 185 
55 22 
55 244 
55 136 
55 219 
55 261 
55 293 
55 31 
55 9 
55 27 
55 216 
55 11 
55 162 
55 172 
55 39 
55 245 
55 300 
55 271 
55 195 
55 212 
55 125 
55 57 
55 312 
55 192 
55 132 
55 319 
55 122 
55 49 
55 237 
55 107 
55 134 
55 41 
55 205 
55 167 
55 52 
55 231 
55 43 
55 232 
55 305 
55 214 
55 206 
55 266 
55 142 
55 157 
55 80 
55 108 
55 264 
55 98 
55 295 
55 270 
55 272 
55 242 
55 225 
55 210 
55 246 
55 194 
55 321 
55 32 
55 139 
55 35 
55 144 
55 331 
55 44 
55 16 
55 289 
55 33 
55 6 
55 333 
55 14 
55 196 
55 191 
55 62 
55 268 
55 124 
55 73 
55 178 
55 166 
55 248 
55 207 
55 279 
55 146 
55 326 
55 133 
55 332 
55 265 
55 4 
55 116 
55 227 
55 72 
55 101 
55 234 
55 83 
55 175 
55 182 
56 208 
56 305 
56 5 
56 307 
56 287 
56 295 
56 210 
56 227 
56 75 
56 79 
56 204 
56 77 
56 148 
56 157 
56 16 
56 299 
56 93 
56 119 
56 194 
56 122 
56 32 
56 58 
56 116 
56 309 
56 275 
56 304 
56 318 
56 17 
56 189 
56 15 
56 135 
56 4 
56 161 
56 312 
56 196 
56 45 
56 264 
56 278 
56 250 
56 18 
56 47 
56 265 
56 174 
56 30 
56 72 
56 60 
56 226 
56 105 
56 283 
56 214 
56 134 
56 329 
56 108 
56 220 
56 80 
56 249 
56 170 
56 247 
56 115 
56 101 
56 242 
56 244 
56 298 
56 257 
56 62 
56 296 
56 191 
56 64 
56 294 
56 90 
56 83 
56 37 
56 255 
56 13 
56 76 
56 325 
56 337 
56 20 
56 48 
56 184 
56 136 
56 303 
56 82 
56 151 
56 181 
56 195 
56 81 
56 340 
56 320 
56 85 
56 236 
56 206 
56 300 
56 155 
56 74 
56 44 
56 201 
56 27 
56 225 
56 172 
56 222 
56 113 
56 245 
56 50 
56 46 
56 110 
56 268 
56 167 
56 319 
56 213 
57 306 
57 9 
57 151 
57 39 
57 84 
57 317 
57 116 
57 167 
57 305 
57 155 
57 13 
57 157 
57 204 
57 169 
57 252 
57 276 
57 184 
57 248 
57 100 
57 254 
57 55 
57 87 
57 300 
57 200 
57 325 
57 42 
57 312 
57 311 
57 1 
57 249 
57 302 
57 165 
57 179 
57 316 
57 11 
57 221 
57 260 
57 137 
57 64 
57 135 
57 199 
57 19 
57 322 
57 299 
57 134 
57 214 
57 176 
57 223 
57 36 
57 23 
57 20 
57 238 
57 264 
57 37 
57 89 
57 90 
57 25 
57 180 
57 70 
57 282 
57 226 
57 255 
57 147 
57 266 
57 164 
57 301 
57 94 
57 175 
57 217 
57 166 
57 21 
57 313 
57 273 
57 297 
57 131 
57 53 
57 3 
57 333 
57 69 
57 310 
57 320 
57 298 
57 289 
57 279 
57 118 
57 194 
57 281 
57 331 
57 51 
57 27 
57 235 
58 102 
58 82 
58 103 
58 341 
58 138 
58 163 
58 184 
58 221 
58 233 
58 319 
58 249 
58 244 
58 161 
58 242 
58 179 
58 1 
58 113 
58 218 
58 217 
58 270 
58 188 
58 232 
58 56 
58 71 
58 209 
58 191 
58 219 
58 76 
58 127 
58 38 
58 239 
58 112 
58 110 
58 85 
58 124 
58 16 
58 41 
58 84 
58 231 
58 153 
58 154 
58 126 
58 65 
58 22 
58 177 
58 42 
58 228 
58 140 
58 148 
58 205 
58 144 
58 234 
58 182 
58 223 
58 26 
58 3 
58 99 
58 338 
58 59 
58 123 
58 288 
58 135 
58 20 
58 259 
58 293 
58 243 
58 287 
58 73 
58 308 
58 133 
58 245 
58 28 
58 72 
58 291 
58 192 
58 180 
58 227 
58 267 
58 331 
58 250 
58 79 
58 323 
58 120 
58 283 
58 306 
58 169 
58 240 
58 220 
58 66 
58 314 
58 130 
58 254 
58 282 
58 9 
58 203 
58 146 
58 63 
58 0 
58 215 
58 327 
58 193 
58 307 
58 162 
58 230 
58 316 
59 118 
59 261 
59 291 
59 220 
59 174 
59 251 
59 154 
59 30 
59 70 
59 264 
59 194 
59 235 
59 248 
59 138 
59 2 
59 282 
59 303 
59 90 
59 145 
59 46 
59 214 
59 64 
59 125 
59 247 
59 140 
59 37 
59 237 
59 72 
59 254 
59 275 
59 208 
59 1 
59 151 
59 300 
59 119 
59 224 
59 328 
59 29 
59 158 
59 132 
59 257 
59 44 
59 0 
59 210 
59 308 
59 252 
59 106 
59 277 
59 315 
59 129 
59 74 
59 58 
59 10 
59 160 
59 243 
59 4 
59 84 
59 245 
59 107 
59 290 
59 76 
59 221 
59 305 
59 200 
59 69 
59 163 
59 332 
59 71 
59 161 
59 278 
59 54 
59 38 
59 212 
59 273 
59 281 
59 101 
59 41 
59 289 
59 190 
59 31 
59 52 
59 295 
59 314 
59 33 
59 122 
59 153 
59 240 
59 293 
59 66 
60 166 
60 278 
60 54 
60 308 
60 4 
60 139 
60 6 
60 324 
60 249 
60 216 
60 98 
60 214 
60 46 
60 130 
60 37 
60 226 
60 265 
60 111 
60 281 
60 190 
60 84 
60 168 
60 272 
60 204 
60 295 
60 235 
60 317 
60 250 
60 30 
60 134 
60 56 
60 217 
60 27 
60 47 
60 223 
60 244 
60 285 
60 253 
60 7 
60 155 
60 270 
60 29 
60 50 
60 211 
60 104 
60 215 
60 184 
60 220 
60 62 
60 219 
60 173 
60 208 
60 239 
60 129 
60 201 
60 22 
60 233 
60 263 
60 100 
60 1 
60 32 
60 231 
60 133 
60 296 
60 142 
60 245 
60 95 
60 40 
60 21 
60 271 
60 172 
60 313 
60 71 
60 234 
60 316 
60 274 
60 218 
60 146 
60 18 
60 181 
60 12 
60 171 
60 43 
60 319 
60 242 
60 206 
60 110 
60 283 
60 74 
60 19 
60 315 
60 109 
60 330 
60 329 
60 148 
60 140 
60 9 
60 101 
60 61 
60 236 
60 198 
60 200 
61 311 
61 235 
61 84 
61 85 
61 184 
61 41 
61 252 
61 23 
61 175 
61 205 
61 327 
61 203 
61 3 
61 29 
61 174 
61 96 
61 313 
61 155 
61 172 
61 186 
61 99 
61 117 
61 285 
61 279 
61 72 
61 236 
61 166 
61 321 
61 246 
61 212 
61 81 
61 13 
61 89 
61 194 
61 299 
61 146 
61 98 
61 181 
61 263 
61 67 
61 158 
61 230 
61 127 
61 199 
61 46 
61 114 
61 207 
61 240 
61 259 
61 265 
61 239 
61 8 
61 255 
61 312 
61 226 
61 209 
61 45 
61 316 
61 210 
61 153 
61 157 
61 92 
61 307 
61 118 
61 69 
61 341 
61 136 
61 24 
61 32 
61 78 
61 304 
61 35 
61 16 
61 264 
61 301 
61 145 
61 232 
61 4 
61 282 
61 137 
61 167 
61 38 
61 278 
61 90 
61 243 
61 195 
61 287 
61 15 
61 317 
61 144 
61 11 
61 290 
61 100 
61 60 
61 10 
61 286 
62 284 
62 180 
62 229 
62 144 
62 247 
62 259 
62 82 
62 191 
62 104 
62 254 
62 39 
62 66 
62 268 
62 315 
62 11 
62 324 
62 27 
62 230 
62 288 
62 183 
62 337 
62 223 
62 279 
62 49 
62 141 
62 186 
62 89 
62 339 
62 122 
62 3 
62 319 
62 90 
62 83 
62 317 
62 160 
62 200 
62 5 
62 281 
62 46 
62 261 
62 265 
62 193 
62 208 
62 237 
62 278 
62 19 
62 12 
62 100 
62 68 
62 184 
62 213 
62 203 
62 226 
62 282 
62 322 
62 297 
62 228 
62 137 
62 60 
62 150 
62 56 
62 48 
62 84 
62 116 
62 52 
62 158 
62 131 
62 267 
62 303 
62 78 
62 294 
62 23 
62 111 
62 65 
62 304 
62 36 
62 107 
62 55 
62 181 
62 245 
62 161 
62 136 
62 159 
62 114 
62 29 
62 277 
62 189 
62 289 
62 172 
62 102 
62 271 
62 318 
62 187 
62 174 
62 167 
62 6 
62 92 
62 252 
62 31 
62 211 
62 286 
63 304 
63 94 
63 221 
63 65 
63 196 
63 204 
63 279 
63 239 
63 210 
63 67 
63 49 
63 272 
63 206 
63 163 
63 126 
63 117 
63 261 
63 317 
63 271 
63 151 
63 156 
63 300 
63 108 
63 150 
63 240 
63 27 
63 322 
63 114 
63 88 
63 229 
63 218 
63 143 
63 112 
63 81 
63 20 
63 306 
63 305 
63 121 
63 331 
63 186 
63 184 
63 303 
63 154 
63 258 
63 48 
63 26 
63 225 
63 104 
63 146 
63 188 
63 142 
63 133 
63 173 
63 159 
63 338 
63 78 
63 248 
63 105 
63 172 
63 123 
63 101 
63 328 
63 223 
63 116 
63 302 
63 191 
63 341 
63 285 
63 4 
63 167 
63 161 
63 162 
63 46 
63 242 
63 89 
63 295 
63 128 
63 152 
63 130 
63 325 
63 16 
63 45 
63 106 
63 38 
63 145 
63 177 
63 6 
63 299 
63 21 
63 118 
63 110 
63 58 
63 50 
63 33 
63 107 
63 312 
63 202 
63 135 
63 217 
63 308 
64 149 
64 14 
64 30 
64 267 
64 306 
64 140 
64 91 
64 159 
64 49 
64 163 
64 171 
64 206 
64 28 
64 98 
64 164 
64 144 
64 113 
64 92 
64 296 
64 283 
64 59 
64 188 
64 248 
64 233 
64 25 
64 130 
64 70 
64 268 
64 181 
64 123 
64 108 
64 124 
64 294 
64 182 
64 128 
64 125 
64 38 
64 199 
64 93 
64 106 
64 146 
64 176 
64 114 
64 54 
64 271 
64 29 
64 57 
64 203 
64 0 
64 173 
64 41 
64 151 
64 56 
64 321 
64 81 
64 333 
64 147 
64 304 
64 129 
64 24 
64 297 
64 288 
64 67 
64 133 
64 175 
64 316 
64 20 
64 340 
64 254 
64 246 
64 19 
64 36 
64 134 
64 6 
64 48 
64 223 
64 102 
64 174 
64 39 
64 207 
64 145 
64 201 
64 40 
64 78 
64 82 
64 279 
64 89 
64 152 
64 326 
64 200 
64 287 
64 33 
64 197 
64 44 
64 74 
64 309 
64 235 
64 1 
64 209 
64 35 
64 259 
64 334 
65 282 
65 31 
65 63 
65 38 
65 10 
65 253 
65 228 
65 89 
65 259 
65 111 
65 317 
65 330 
65 281 
65 177 
65 101 
65 104 
65 332 
65 174 
65 168 
65 231 
65 72 
65 223 
65 172 
65 175 
65 216 
65 187 
65 34 
65 200 
65 196 
65 239 
65 115 
65 264 
65 51 
65 204 
65 58 
65 122 
65 2 
65 160 
65 66 
65 260 
65 8 
65 9 
65 113 
65 151 
65 251 
65 267 
65 314 
65 159 
65 274 
65 283 
65 245 
65 328 
65 207 
65 290 
65 135 
65 140 
65 48 
65 338 
65 13 
65 273 
65 258 
65 185 
65 62 
65 139 
65 208 
65 192 
65 73 
65 209 
65 194 
65 29 
65 69 
65 271 
65 105 
65 134 
65 257 
65 30 
65 230 
65 206 
65 219 
65 179 
65 49 
65 236 
65 19 
65 214 
65 85 
65 27 
66 150 
66 126 
66 332 
66 262 
66 291 
66 184 
66 336 
66 21 
66 201 
66 11 
66 62 
66 105 
66 20 
66 67 
66 4 
66 169 
66 106 
66 276 
66 79 
66 136 
66 0 
66 312 
66 258 
66 26 
66 143 
66 16 
66 113 
66 127 
66 18 
66 176 
66 270 
66 222 
66 281 
66 88 
66 290 
66 40 
66 216 
66 288 
66 65 
66 34 
66 241 
66 253 
66 154 
66 316 
66 331 
66 47 
66 280 
66 49 
66 156 
66 283 
66 215 
66 244 
66 123 
66 166 
66 229 
66 240 
66 231 
66 145 
66 252 
66 183 
66 257 
66 101 
66 131 
66 272 
66 227 
66 264 
66 115 
66 6 
66 200 
66 37 
66 116 
66 267 
66 92 
66 7 
66 140 
66 313 
66 230 
66 300 
66 339 
66 243 
66 187 
66 330 
66 29 
66 95 
66 294 
66 248 
66 27 
66 329 
66 326 
66 173 
66 337 
66 277 
66 340 
66 320 
66 58 
66 142 
66 151 
66 335 
66 299 
66 109 
66 213 
66 304 
66 3 
66 24 
66 249 
66 284 
66 292 
66 84 
66 219 
66 25 
66 31 
66 141 
66 111 
66 19 
66 59 
67 110 
67 41 
67 284 
67 322 
67 127 
67 285 
67 24 
67 116 
67 66 
67 103 
67 19 
67 318 
67 63 
67 20 
67 135 
67 107 
67 334 
67 18 
67 111 
67 227 
67 154 
67 324 
67 332 
67 232 
67 205 
67 83 
67 146 
67 68 
67 79 
67 101 
67 166 
67 260 
67 61 
67 317 
67 120 
67 202 
67 191 
67 193 
67 219 
67 29 
67 170 
67 224 
67 85 
67 169 
67 242 
67 31 
67 42 
67 249 
67 288 
67 257 
67 25 
67 247 
67 309 
67 196 
67 158 
67 94 
67 216 
67 276 
67 218 
67 302 
67 130 
67 53 
67 70 
67 269 
67 64 
67 305 
67 8 
67 5 
67 47 
67 274 
67 240 
67 289 
67 1 
67 93 
67 311 
67 290 
67 11 
67 105 
67 138 
67 293 
67 141 
67 134 
67 148 
67 145 
67 114 
67 222 
67 4 
67 281 
67 153 
67 45 
67 299 
67 225 
67 203 
67 54 
68 276 
68 329 
68 38 
68 169 
68 167 
68 55 
68 7 
68 229 
68 309 
68 159 
68 29 
68 95 
68 111 
68 171 
68 235 
68 123 
68 216 
68 31 
68 296 
68 151 
68 260 
68 246 
68 228 
68 304 
68 91 
68 316 
68 158 
68 181 
68 326 
68 30 
68 302 
68 308 
68 310 
68 148 
68 193 
68 71 
68 1 
68 238 
68 74 
68 17 
68 67 
68 138 
68 269 
68 274 
68 270 
68 231 
68 221 
68 32 
68 283 
68 300 
68 28 
68 62 
68 224 
68 88 
68 268 
68 43 
68 298 
68 128 
68 105 
68 324 
68 182 
68 262 
68 80 
68 290 
68 0 
68 98 
68 26 
68 20 
68 333 
68 226 
68 81 
68 205 
68 291 
68 338 
68 172 
68 102 
68 311 
68 203 
68 153 
68 48 
68 106 
68 147 
68 341 
68 108 
68 232 
68 258 
68 314 
68 170 
68 118 
68 292 
68 115 
68 242 
68 191 
68 186 
68 336 
68 39 
68 227 
68 27 
68 188 
68 92 
68 100 
68 303 
68 194 
68 328 
68 40 
68 179 
68 4 
68 14 
68 6 
68 307 
69 92 
69 291 
69 196 
69 228 
69 162 
69 88 
69 204 
69 150 
69 341 
69 91 
69 218 
69 126 
69 170 
69 300 
69 337 
69 18 
69 329 
69 260 
69 251 
69 211 
69 234 
69 237 
69 73 
69 311 
69 174 
69 269 
69 253 
69 98 
69 160 
69 161 
69 17 
69 180 
69 169 
69 185 
69 193 
69 163 
69 78 
69 288 
69 184 
69 249 
69 241 
69 201 
69 128 
69 286 
69 256 
69 30 
69 316 
69 186 
69 320 
69 29 
69 327 
69 95 
69 310 
69 303 
69 15 
69 274 
69 292 
69 233 
69 188 
69 61 
69 317 
69 113 
69 227 
69 148 
69 80 
69 59 
69 254 
69 118 
69 302 
69 142 
69 258 
69 82 
69 137 
69 25 
69 65 
69 273 
69 19 
69 2 
69 0 
69 57 
69 217 
69 245 
69 192 
69 277 
69 282 
69 203 
70 149 
70 311 
70 322 
70 284 
70 166 
70 304 
70 78 
70 167 
70 146 
70 21 
70 179 
70 245 
70 47 
70 256 
70 217 
70 127 
70 251 
70 59 
70 128 
70 241 
70 120 
70 286 
70 183 
70 91 
70 173 
70 93 
70 137 
70 153 
70 226 
70 327 
70 318 
70 276 
70 110 
70 64 
70 308 
70 112 
70 339 
70 34 
70 22 
70 100 
70 28 
70 285 
70 72 
70 257 
70 37 
70 144 
70 290 
70 175 
70 317 
70 36 
70 114 
70 260 
70 287 
70 176 
70 32 
70 324 
70 44 
70 113 
70 305 
70 263 
70 242 
70 224 
70 147 
70 130 
70 46 
70 281 
70 67 
70 111 
70 107 
70 77 
70 9 
70 106 
70 132 
70 187 
70 57 
70 296 
70 215 
70 323 
70 122 
70 278 
70 193 
70 141 
70 320 
70 280 
70 291 
70 252 
70 250 
70 240 
70 233 
70 7 
70 340 
70 148 
70 195 
70 279 
70 101 
70 124 
70 208 
70 51 
70 115 
70 18 
70 216 
70 269 
71 324 
71 30 
71 204 
71 171 
71 318 
71 188 
71 8 
71 205 
71 153 
71 305 
71 58 
71 312 
71 277 
71 310 
71 169 
71 284 
71 221 
71 77 
71 276 
71 36 
71 222 
71 166 
71 68 
71 214 
71 83 
71 40 
71 159 
71 39 
71 315 
71 180 
71 230 
71 260 
71 197 
71 37 
71 303 
71 250 
71 2 
71 223 
71 85 
71 99 
71 137 
71 150 
71 338 
71 157 
71 292 
71 122 
71 215 
71 285 
71 84 
71 333 
71 82 
71 269 
71 11 
71 298 
71 325 
71 10 
71 152 
71 176 
71 226 
71 116 
71 104 
71 28 
71 178 
71 245 
71 259 
71 54 
71 60 
71 44 
71 86 
71 144 
71 59 
71 317 
71 51 
71 237 
71 194 
71 102 
71 195 
71 323 
71 133 
71 141 
71 330 
71 271 
71 121 
71 131 
71 335 
71 129 
71 147 
71 293 
72 248 
72 110 
72 237 
72 253 
72 111 
72 79 
72 126 
72 80 
72 218 
72 50 
72 215 
72 7 
72 146 
72 87 
72 149 
72 308 
72 135 
72 27 
72 250 
72 191 
72 61 
72 267 
72 271 
72 59 
72 65 
72 246 
72 153 
72 133 
72 255 
72 316 
72 176 
72 161 
72 164 
72 292 
72 247 
72 241 
72 163 
72 56 
72 70 
72 74 
72 200 
72 124 
72 89 
72 210 
72 240 
72 49 
72 34 
72 168 
72 104 
72 138 
72 160 
72 238 
72 182 
72 103 
72 275 
72 178 
72 256 
72 340 
72 259 
72 15 
72 257 
72 298 
72 295 
72 123 
72 58 
72 309 
72 287 
72 219 
72 286 
72 220 
72 45 
72 260 
72 113 
72 52 
72 101 
72 303 
72 334 
72 284 
72 207 
72 39 
72 107 
72 11 
72 105 
72 108 
72 130 
72 290 
72 134 
72 291 
72 277 
72 128 
72 55 
72 206 
72 165 
73 301 
73 336 
73 19 
73 165 
73 149 
73 84 
73 107 
73 77 
73 141 
73 335 
73 117 
73 143 
73 252 
73 85 
73 110 
73 289 
73 188 
73 268 
73 189 
73 115 
73 330 
73 309 
73 325 
73 91 
73 206 
73 74 
73 168 
73 199 
73 106 
73 175 
73 197 
73 69 
73 114 
73 320 
73 9 
73 307 
73 310 
73 7 
73 8 
73 1 
73 40 
73 245 
73 261 
73 116 
73 159 
73 248 
73 221 
73 204 
73 89 
73 87 
73 158 
73 118 
73 126 
73 24 
73 218 
73 203 
73 266 
73 270 
73 95 
73 316 
73 124 
73 298 
73 312 
73 295 
73 53 
73 214 
73 177 
73 22 
73 58 
73 304 
73 296 
73 131 
73 160 
73 338 
73 234 
73 178 
73 192 
73 232 
73 48 
73 81 
73 65 
73 297 
73 337 
73 260 
73 239 
73 127 
73 305 
73 55 
73 5 
73 315 
73 235 
73 29 
73 38 
73 120 
73 244 
73 148 
73 93 
73 340 
73 299 
73 228 
73 150 
73 257 
73 167 
73 285 
74 26 
74 314 
74 244 
74 135 
74 254 
74 205 
74 161 
74 54 
74 276 
74 274 
74 251 
74 129 
74 83 
74 285 
74 306 
74 291 
74 203 
74 138 
74 266 
74 77 
74 87 
74 271 
74 290 
74 131 
74 186 
74 273 
74 260 
74 73 
74 298 
74 103 
74 192 
74 288 
74 121 
74 141 
74 246 
74 234 
74 225 
74 68 
74 40 
74 111 
74 110 
74 144 
74 312 
74 322 
74 332 
74 113 
74 47 
74 72 
74 165 
74 233 
74 252 
74 340 
74 226 
74 10 
74 238 
74 34 
74 219 
74 59 
74 227 
74 89 
74 185 
74 116 
74 308 
74 214 
74 134 
74 210 
74 147 
74 182 
74 12 
74 320 
74 283 
74 242 
74 92 
74 215 
74 104 
74 80 
74 122 
74 14 
74 13 
74 236 
74 27 
74 76 
74 32 
74 326 
74 56 
74 206 
74 243 
74 187 
74 60 
74 120 
74 265 
74 247 
74 23 
74 189 
74 292 
74 293 
74 124 
74 301 
74 164 
74 64 
74 239 
74 307 
74 300 
74 125 
74 157 
75 52 
75 7 
75 139 
75 174 
75 305 
75 20 
75 226 
75 56 
75 130 
75 32 
75 158 
75 193 
75 211 
75 186 
75 285 
75 3 
75 249 
75 53 
75 88 
75 17 
75 331 
75 296 
75 82 
75 19 
75 144 
75 268 
75 333 
75 213 
75 175 
75 90 
75 119 
75 1 
75 147 
75 319 
75 91 
75 206 
75 260 
75 217 
75 2 
75 111 
75 314 
75 283 
75 80 
75 50 
75 98 
75 224 
75 21 
75 124 
75 120 
75 220 
75 315 
75 312 
75 235 
75 151 
75 301 
75 277 
75 23 
75 110 
75 183 
75 83 
75 245 
75 101 
75 275 
75 137 
75 54 
75 35 
75 194 
75 8 
75 251 
75 116 
75 81 
75 180 
75 276 
75 157 
75 161 
75 134 
75 205 
75 173 
75 49 
75 329 
75 290 
75 142 
75 203 
75 41 
75 6 
75 309 
75 244 
75 294 
75 133 
75 93 
75 270 
75 195 
75 236 
75 131 
75 295 
75 327 
75 29 
75 18 
76 312 
76 269 
76 20 
76 326 
76 204 
76 169 
76 55 
76 289 
76 324 
76 341 
76 293 
76 330 
76 89 
76 120 
76 209 
76 268 
76 87 
76 318 
76 189 
76 184 
76 15 
76 52 
76 131 
76 50 
76 58 
76 211 
76 104 
76 296 
76 277 
76 138 
76 203 
76 10 
76 181 
76 311 
76 220 
76 110 
76 46 
76 248 
76 285 
76 142 
76 134 
76 4 
76 327 
76 235 
76 172 
76 48 
76 122 
76 24 
76 129 
76 292 
76 12 
76 179 
76 218 
76 31 
76 333 
76 18 
76 306 
76 86 
76 329 
76 198 
76 85 
76 130 
76 282 
76 212 
76 214 
76 96 
76 240 
76 56 
76 295 
76 163 
76 53 
76 36 
76 228 
76 153 
76 59 
76 84 
76 200 
76 317 
76 339 
76 322 
76 183 
76 27 
76 323 
76 6 
76 77 
76 16 
76 149 
76 226 
76 232 
76 116 
76 158 
76 259 
76 227 
76 316 
76 239 
76 74 
76 137 
76 160 
76 41 
76 274 
76 219 
76 88 
76 242 
76 47 
76 13 
76 128 
76 205 
76 182 
76 262 
76 328 
76 119 
76 258 
76 108 
76 133 
76 286 
76 165 
76 302 
76 210 
76 314 
76 90 
77 1 
77 268 
77 144 
77 276 
77 325 
77 0 
77 56 
77 128 
77 126 
77 73 
77 310 
77 127 
77 186 
77 81 
77 258 
77 100 
77 328 
77 237 
77 7 
77 106 
77 74 
77 273 
77 94 
77 16 
77 251 
77 42 
77 192 
77 262 
77 286 
77 275 
77 71 
77 272 
77 201 
77 283 
77 264 
77 41 
77 87 
77 46 
77 249 
77 259 
77 12 
77 324 
77 315 
77 214 
77 260 
77 104 
77 240 
77 323 
77 158 
77 25 
77 122 
77 197 
77 109 
77 152 
77 239 
77 217 
77 288 
77 80 
77 167 
77 250 
77 113 
77 165 
77 265 
77 212 
77 247 
77 306 
77 92 
77 256 
77 252 
77 163 
77 177 
77 28 
77 70 
77 108 
77 179 
77 119 
77 319 
77 154 
77 330 
77 267 
77 326 
77 17 
77 105 
77 76 
77 160 
77 118 
77 213 
77 230 
77 195 
77 235 
77 289 
77 110 
77 86 
77 98 
77 284 
77 278 
77 120 
77 38 
77 332 
77 37 
77 270 
77 224 
77 20 
77 253 
77 78 
77 299 
77 112 
78 213 
78 203 
78 199 
78 87 
78 268 
78 330 
78 167 
78 163 
78 172 
78 197 
78 70 
78 151 
78 232 
78 11 
78 322 
78 138 
78 121 
78 222 
78 184 
78 331 
78 124 
78 104 
78 116 
78 318 
78 24 
78 333 
78 168 
78 225 
78 202 
78 284 
78 92 
78 256 
78 148 
78 181 
78 261 
78 269 
78 19 
78 45 
78 235 
78 8 
78 228 
78 9 
78 237 
78 314 
78 69 
78 324 
78 189 
78 1 
78 183 
78 136 
78 335 
78 233 
78 63 
78 144 
78 12 
78 298 
78 191 
78 239 
78 253 
78 198 
78 300 
78 145 
78 317 
78 302 
78 293 
78 62 
78 61 
78 240 
78 154 
78 14 
78 127 
78 280 
78 83 
78 49 
78 196 
78 64 
78 102 
78 52 
78 329 
78 297 
78 186 
78 95 
78 32 
78 334 
78 226 
78 103 
78 7 
78 328 
78 219 
78 48 
78 21 
78 215 
78 273 
78 279 
78 77 
78 140 
79 54 
79 168 
79 91 
79 287 
79 274 
79 100 
79 231 
79 56 
79 72 
79 232 
79 155 
79 87 
79 21 
79 164 
79 102 
79 66 
79 133 
79 122 
79 230 
79 44 
79 314 
79 262 
79 253 
79 94 
79 202 
79 176 
79 2 
79 17 
79 341 
79 130 
79 233 
79 167 
79 172 
79 138 
79 313 
79 67 
79 216 
79 33 
79 16 
79 317 
79 268 
79 184 
79 266 
79 180 
79 295 
79 10 
79 242 
79 311 
79 128 
79 309 
79 255 
79 234 
79 301 
79 7 
79 31 
79 111 
79 15 
79 151 
79 294 
79 135 
79 257 
79 50 
79 113 
79 196 
79 104 
79 93 
79 175 
79 48 
79 112 
79 20 
79 247 
79 310 
79 238 
79 335 
79 88 
79 308 
79 221 
79 303 
79 103 
79 9 
79 58 
79 154 
79 192 
79 210 
79 157 
79 286 
79 245 
79 6 
79 338 
79 22 
79 300 
79 162 
79 182 
79 105 
79 302 
79 205 
79 0 
79 139 
79 208 
79 174 
79 212 
79 13 
79 215 
79 96 
79 327 
79 47 
79 145 
80 102 
80 210 
80 260 
80 172 
80 269 
80 133 
80 0 
80 103 
80 72 
80 205 
80 237 
80 166 
80 242 
80 94 
80 263 
80 149 
80 12 
80 267 
80 296 
80 143 
80 309 
80 288 
80 148 
80 182 
80 231 
80 99 
80 328 
80 108 
80 337 
80 43 
80 75 
80 329 
80 156 
80 89 
80 217 
80 92 
80 2 
80 56 
80 54 
80 311 
80 180 
80 212 
80 195 
80 77 
80 50 
80 178 
80 196 
80 215 
80 134 
80 55 
80 216 
80 333 
80 150 
80 19 
80 179 
80 224 
80 68 
80 248 
80 193 
80 214 
80 146 
80 313 
80 33 
80 220 
80 318 
80 229 
80 336 
80 206 
80 24 
80 245 
80 240 
80 175 
80 74 
80 69 
80 104 
80 232 
80 239 
80 310 
80 204 
80 225 
80 17 
80 131 
80 167 
80 144 
80 130 
80 241 
80 116 
80 120 
80 136 
80 280 
80 157 
80 339 
80 169 
80 115 
80 81 
81 217 
81 269 
81 22 
81 201 
81 195 
81 48 
81 208 
81 113 
81 239 
81 241 
81 122 
81 184 
81 77 
81 185 
81 121 
81 161 
81 85 
81 317 
81 198 
81 154 
81 338 
81 276 
81 106 
81 52 
81 296 
81 257 
81 50 
81 182 
81 61 
81 103 
81 111 
81 1 
81 285 
81 6 
81 112 
81 171 
81 313 
81 331 
81 115 
81 310 
81 63 
81 108 
81 223 
81 214 
81 144 
81 2 
81 278 
81 219 
81 49 
81 206 
81 20 
81 87 
81 124 
81 46 
81 30 
81 326 
81 233 
81 237 
81 64 
81 180 
81 84 
81 14 
81 169 
81 118 
81 68 
81 244 
81 215 
81 235 
81 75 
81 236 
81 203 
81 260 
81 51 
81 209 
81 232 
81 134 
81 224 
81 56 
81 73 
81 21 
81 100 
81 295 
81 271 
81 136 
81 186 
81 191 
81 314 
81 116 
81 127 
81 53 
81 3 
81 263 
81 275 
81 5 
81 17 
81 249 
81 329 
81 254 
81 96 
81 220 
81 320 
81 192 
81 163 
81 80 
81 199 
82 189 
82 215 
82 274 
82 254 
82 34 
82 58 
82 204 
82 62 
82 98 
82 151 
82 284 
82 112 
82 295 
82 271 
82 317 
82 296 
82 53 
82 250 
82 324 
82 97 
82 99 
82 75 
82 281 
82 123 
82 305 
82 40 
82 300 
82 329 
82 122 
82 145 
82 3 
82 135 
82 17 
82 298 
82 131 
82 14 
82 306 
82 256 
82 161 
82 179 
82 243 
82 125 
82 211 
82 219 
82 137 
82 203 
82 316 
82 229 
82 87 
82 311 
82 25 
82 313 
82 43 
82 109 
82 20 
82 37 
82 157 
82 114 
82 257 
82 71 
82 176 
82 181 
82 341 
82 147 
82 334 
82 261 
82 224 
82 154 
82 276 
82 162 
82 220 
82 29 
82 164 
82 108 
82 100 
82 195 
82 186 
82 142 
82 56 
82 175 
82 152 
82 337 
82 242 
82 33 
82 0 
82 69 
82 83 
82 304 
82 315 
82 172 
82 64 
82 232 
82 228 
82 84 
82 322 
82 338 
82 32 
82 192 
82 336 
82 156 
82 36 
82 320 
82 289 
82 217 
82 218 
82 187 
82 93 
82 328 
82 13 
83 336 
83 245 
83 1 
83 30 
83 314 
83 42 
83 200 
83 220 
83 121 
83 152 
83 255 
83 313 
83 45 
83 295 
83 107 
83 321 
83 74 
83 146 
83 6 
83 190 
83 215 
83 8 
83 229 
83 228 
83 91 
83 302 
83 273 
83 334 
83 300 
83 184 
83 67 
83 62 
83 191 
83 138 
83 25 
83 13 
83 265 
83 71 
83 110 
83 260 
83 187 
83 161 
83 261 
83 211 
83 325 
83 46 
83 102 
83 11 
83 7 
83 248 
83 124 
83 337 
83 98 
83 35 
83 44 
83 101 
83 207 
83 179 
83 232 
83 117 
83 141 
83 235 
83 167 
83 323 
83 75 
83 282 
83 56 
83 218 
83 253 
83 330 
83 251 
83 51 
83 85 
83 287 
83 52 
83 12 
83 288 
83 286 
83 317 
83 312 
83 270 
83 145 
83 126 
83 96 
83 199 
83 92 
83 236 
83 78 
83 82 
83 173 
83 225 
83 132 
83 227 
83 247 
83 149 
83 239 
83 10 
83 182 
83 240 
83 112 
83 27 
83 331 
83 209 
83 40 
83 2 
83 328 
83 308 
83 234 
83 316 
83 290 
83 106 
83 197 
83 268 
83 171 
83 305 
83 55 
83 22 
83 338 
83 263 
84 61 
84 117 
84 191 
84 73 
84 144 
84 154 
84 57 
84 277 
84 40 
84 237 
84 268 
84 283 
84 318 
84 152 
84 16 
84 231 
84 8 
84 256 
84 92 
84 60 
84 280 
84 287 
84 145 
84 303 
84 307 
84 220 
84 341 
84 51 
84 258 
84 58 
84 164 
84 294 
84 298 
84 119 
84 197 
84 37 
84 18 
84 27 
84 292 
84 206 
84 254 
84 252 
84 274 
84 313 
84 275 
84 212 
84 204 
84 139 
84 167 
84 71 
84 59 
84 62 
84 326 
84 41 
84 329 
84 295 
84 81 
84 301 
84 201 
84 316 
84 216 
84 222 
84 76 
84 143 
84 232 
84 88 
84 24 
84 242 
84 330 
84 282 
84 314 
84 153 
84 155 
84 309 
84 32 
84 263 
84 97 
84 208 
84 114 
84 179 
84 266 
84 109 
84 228 
84 7 
84 91 
84 82 
84 180 
84 90 
84 19 
84 262 
84 161 
84 66 
84 123 
84 34 
84 200 
84 135 
84 177 
84 229 
84 50 
84 150 
85 176 
85 278 
85 61 
85 150 
85 34 
85 140 
85 263 
85 22 
85 316 
85 7 
85 209 
85 81 
85 73 
85 226 
85 149 
85 41 
85 181 
85 20 
85 309 
85 94 
85 122 
85 330 
85 236 
85 305 
85 175 
85 42 
85 58 
85 341 
85 28 
85 250 
85 266 
85 255 
85 50 
85 105 
85 101 
85 252 
85 129 
85 281 
85 274 
85 109 
85 324 
85 25 
85 71 
85 97 
85 47 
85 167 
85 67 
85 239 
85 297 
85 214 
85 132 
85 142 
85 191 
85 76 
85 272 
85 186 
85 141 
85 98 
85 231 
85 38 
85 314 
85 106 
85 37 
85 117 
85 83 
85 53 
85 163 
85 87 
85 102 
85 208 
85 292 
85 184 
85 2 
85 56 
85 21 
85 16 
85 121 
85 134 
85 190 
85 130 
85 195 
85 287 
85 135 
85 104 
85 30 
85 315 
85 307 
85 27 
85 235 
85 254 
85 51 
85 249 
85 112 
85 5 
85 275 
85 246 
85 257 
85 319 
85 65 
85 321 
85 215 
85 298 
85 237 
85 331 
86 218 
86 227 
86 275 
86 102 
86 142 
86 174 
86 38 
86 178 
86 91 
86 49 
86 278 
86 18 
86 293 
86 231 
86 244 
86 334 
86 161 
86 252 
86 43 
86 214 
86 101 
86 215 
86 233 
86 289 
86 131 
86 260 
86 14 
86 3 
86 272 
86 326 
86 129 
86 109 
86 208 
86 133 
86 324 
86 127 
86 150 
86 312 
86 301 
86 11 
86 271 
86 235 
86 168 
86 158 
86 189 
86 318 
86 221 
86 35 
86 0 
86 117 
86 243 
86 281 
86 6 
86 139 
86 282 
86 36 
86 54 
86 165 
86 96 
86 169 
86 95 
86 154 
86 339 
86 265 
86 76 
86 124 
86 222 
86 245 
86 240 
86 257 
86 16 
86 138 
86 167 
86 130 
86 163 
86 202 
86 259 
86 191 
86 210 
86 100 
86 113 
86 71 
86 140 
86 287 
86 300 
86 192 
86 157 
86 77 
86 336 
86 41 
86 314 
86 104 
86 290 
86 277 
86 241 
86 297 
86 134 
86 302 
86 223 
86 319 
86 119 
86 225 
87 327 
87 159 
87 78 
87 99 
87 232 
87 93 
87 167 
87 130 
87 95 
87 303 
87 79 
87 143 
87 19 
87 197 
87 325 
87 76 
87 72 
87 191 
87 193 
87 74 
87 292 
87 157 
87 211 
87 102 
87 252 
87 104 
87 337 
87 297 
87 321 
87 245 
87 320 
87 57 
87 77 
87 310 
87 155 
87 223 
87 311 
87 23 
87 315 
87 113 
87 24 
87 82 
87 289 
87 73 
87 12 
87 49 
87 16 
87 81 
87 32 
87 146 
87 263 
87 291 
87 274 
87 148 
87 233 
87 132 
87 259 
87 323 
87 129 
87 299 
87 42 
87 136 
87 163 
87 335 
87 226 
87 85 
87 262 
87 190 
87 333 
87 45 
87 338 
87 276 
87 209 
87 196 
87 210 
87 241 
87 285 
87 158 
87 11 
87 106 
87 319 
87 96 
87 105 
87 112 
87 220 
87 137 
87 22 
87 138 
87 195 
87 5 
87 249 
87 149 
87 194 
88 28 
88 41 
88 0 
88 92 
88 35 
88 185 
88 69 
88 163 
88 75 
88 114 
88 122 
88 255 
88 209 
88 220 
88 208 
88 93 
88 245 
88 89 
88 217 
88 204 
88 124 
88 228 
88 190 
88 279 
88 17 
88 116 
88 167 
88 170 
88 63 
88 66 
88 326 
88 194 
88 212 
88 283 
88 95 
88 290 
88 107 
88 117 
88 91 
88 301 
88 261 
88 68 
88 201 
88 161 
88 219 
88 224 
88 240 
88 13 
88 108 
88 216 
88 252 
88 264 
88 321 
88 236 
88 280 
88 232 
88 165 
88 223 
88 22 
88 104 
88 25 
88 129 
88 269 
88 79 
88 84 
88 97 
88 319 
88 277 
88 251 
88 24 
88 199 
88 26 
88 37 
88 193 
88 76 
88 200 
88 94 
88 231 
88 3 
88 149 
88 243 
88 196 
88 294 
88 259 
88 262 
88 234 
88 120 
88 303 
88 115 
88 126 
88 256 
89 39 
89 202 
89 192 
89 312 
89 334 
89 19 
89 34 
89 36 
89 321 
89 65 
89 76 
89 247 
89 17 
89 51 
89 88 
89 288 
89 234 
89 198 
89 37 
89 328 
89 299 
89 21 
89 233 
89 309 
89 101 
89 62 
89 211 
89 8 
89 48 
89 316 
89 303 
89 311 
89 61 
89 190 
89 31 
89 120 
89 170 
89 30 
89 304 
89 92 
89 231 
89 114 
89 323 
89 80 
89 298 
89 248 
89 72 
89 195 
89 152 
89 124 
89 289 
89 270 
89 73 
89 241 
89 269 
89 115 
89 40 
89 113 
89 25 
89 15 
89 110 
89 74 
89 121 
89 266 
89 333 
89 2 
89 242 
89 310 
89 131 
89 320 
89 52 
89 174 
89 287 
89 123 
89 235 
89 253 
89 301 
89 57 
89 183 
89 163 
89 175 
89 63 
89 33 
89 276 
89 151 
89 116 
89 271 
89 53 
89 13 
89 274 
89 149 
89 166 
89 282 
89 150 
89 64 
89 302 
89 46 
89 293 
89 326 
89 3 
89 1 
89 184 
89 7 
89 292 
89 122 
89 6 
89 148 
89 224 
90 15 
90 153 
90 149 
90 219 
90 13 
90 158 
90 336 
90 236 
90 227 
90 161 
90 256 
90 245 
90 59 
90 178 
90 26 
90 75 
90 21 
90 327 
90 143 
90 292 
90 28 
90 268 
90 197 
90 53 
90 232 
90 47 
90 42 
90 62 
90 1 
90 114 
90 333 
90 270 
90 36 
90 185 
90 204 
90 335 
90 17 
90 257 
90 323 
90 220 
90 97 
90 279 
90 177 
90 12 
90 266 
90 262 
90 199 
90 43 
90 100 
90 248 
90 226 
90 289 
90 152 
90 213 
90 341 
90 134 
90 267 
90 56 
90 280 
90 172 
90 218 
90 301 
90 148 
90 54 
90 146 
90 92 
90 0 
90 105 
90 138 
90 108 
90 8 
90 169 
90 222 
90 57 
90 127 
90 198 
90 179 
90 136 
90 187 
90 334 
90 255 
90 120 
90 93 
90 295 
90 251 
90 37 
90 264 
90 184 
90 306 
90 282 
90 61 
90 223 
90 84 
90 313 
90 131 
90 157 
90 191 
90 310 
90 159 
90 27 
90 76 
91 156 
91 204 
91 23 
91 79 
91 37 
91 45 
91 310 
91 339 
91 259 
91 86 
91 173 
91 155 
91 35 
91 64 
91 13 
91 219 
91 97 
91 245 
91 16 
91 20 
91 69 
91 207 
91 134 
91 70 
91 68 
91 216 
91 36 
91 73 
91 19 
91 328 
91 83 
91 141 
91 75 
91 33 
91 150 
91 168 
91 145 
91 12 
91 235 
91 88 
91 131 
91 31 
91 110 
91 198 
91 314 
91 140 
91 189 
91 103 
91 191 
91 129 
91 111 
91 34 
91 102 
91 128 
91 120 
91 132 
91 162 
91 202 
91 41 
91 194 
91 190 
91 14 
91 285 
91 43 
91 160 
91 53 
91 10 
91 15 
91 263 
91 326 
91 147 
91 239 
91 179 
91 181 
91 51 
91 247 
91 290 
91 165 
91 84 
91 161 
91 30 
91 28 
91 109 
91 193 
91 119 
91 154 
91 231 
91 233 
91 289 
91 304 
91 323 
91 112 
91 169 
92 214 
92 30 
92 310 
92 69 
92 212 
92 88 
92 259 
92 144 
92 283 
92 10 
92 46 
92 286 
92 141 
92 318 
92 197 
92 127 
92 64 
92 84 
92 113 
92 104 
92 11 
92 134 
92 316 
92 341 
92 163 
92 322 
92 185 
92 325 
92 99 
92 47 
92 78 
92 53 
92 220 
92 89 
92 269 
92 281 
92 29 
92 80 
92 17 
92 166 
92 309 
92 191 
92 38 
92 186 
92 234 
92 291 
92 182 
92 201 
92 34 
92 117 
92 232 
92 158 
92 97 
92 323 
92 271 
92 272 
92 111 
92 77 
92 247 
92 32 
92 160 
92 54 
92 339 
92 264 
92 90 
92 295 
92 61 
92 159 
92 172 
92 175 
92 66 
92 261 
92 74 
92 303 
92 205 
92 275 
92 83 
92 24 
92 320 
92 192 
92 215 
92 137 
92 162 
92 119 
92 289 
92 39 
92 198 
92 174 
92 268 
92 270 
92 68 
92 274 
92 45 
92 335 
92 324 
92 62 
92 327 
92 254 
93 200 
93 123 
93 286 
93 217 
93 87 
93 110 
93 191 
93 20 
93 134 
93 259 
93 23 
93 295 
93 308 
93 88 
93 116 
93 317 
93 258 
93 56 
93 165 
93 307 
93 227 
93 27 
93 260 
93 173 
93 70 
93 335 
93 171 
93 42 
93 306 
93 138 
93 281 
93 149 
93 101 
93 35 
93 293 
93 139 
93 172 
93 29 
93 175 
93 285 
93 112 
93 12 
93 47 
93 231 
93 287 
93 64 
93 210 
93 239 
93 311 
93 324 
93 195 
93 253 
93 99 
93 1 
93 17 
93 256 
93 198 
93 315 
93 157 
93 127 
93 160 
93 79 
93 276 
93 270 
93 221 
93 271 
93 209 
93 113 
93 8 
93 67 
93 187 
93 90 
93 219 
93 218 
93 215 
93 135 
93 38 
93 321 
93 147 
93 291 
93 36 
93 302 
93 228 
93 75 
93 162 
93 290 
93 225 
93 100 
93 39 
93 146 
93 98 
93 294 
93 73 
93 94 
93 82 
93 331 
93 254 
94 273 
94 63 
94 274 
94 213 
94 318 
94 3 
94 233 
94 339 
94 144 
94 1 
94 80 
94 341 
94 296 
94 29 
94 252 
94 33 
94 95 
94 228 
94 168 
94 77 
94 148 
94 85 
94 79 
94 167 
94 154 
94 19 
94 308 
94 234 
94 312 
94 140 
94 275 
94 117 
94 315 
94 109 
94 226 
94 43 
94 112 
94 147 
94 143 
94 8 
94 15 
94 241 
94 242 
94 172 
94 6 
94 198 
94 286 
94 202 
94 101 
94 305 
94 20 
94 113 
94 13 
94 271 
94 231 
94 183 
94 300 
94 249 
94 138 
94 137 
94 280 
94 32 
94 67 
94 128 
94 244 
94 301 
94 229 
94 237 
94 240 
94 282 
94 247 
94 187 
94 38 
94 23 
94 179 
94 331 
94 220 
94 36 
94 288 
94 309 
94 57 
94 125 
94 173 
94 262 
94 155 
94 283 
94 210 
94 320 
94 88 
94 201 
94 14 
94 45 
94 192 
94 304 
94 93 
94 4 
94 30 
94 218 
95 310 
95 190 
95 87 
95 117 
95 68 
95 183 
95 341 
95 172 
95 25 
95 236 
95 94 
95 298 
95 154 
95 53 
95 294 
95 52 
95 254 
95 266 
95 125 
95 30 
95 315 
95 156 
95 220 
95 161 
95 34 
95 291 
95 170 
95 115 
95 222 
95 5 
95 88 
95 249 
95 257 
95 124 
95 281 
95 165 
95 225 
95 301 
95 86 
95 176 
95 231 
95 19 
95 171 
95 339 
95 73 
95 16 
95 36 
95 198 
95 109 
95 149 
95 304 
95 32 
95 340 
95 69 
95 116 
95 147 
95 50 
95 295 
95 29 
95 60 
95 12 
95 217 
95 182 
95 299 
95 288 
95 33 
95 166 
95 66 
95 302 
95 15 
95 150 
95 251 
95 178 
95 226 
95 143 
95 7 
95 193 
95 78 
95 119 
95 140 
95 158 
95 136 
95 207 
95 160 
95 232 
95 118 
95 162 
95 210 
95 313 
96 13 
96 160 
96 51 
96 175 
96 320 
96 153 
96 263 
96 329 
96 142 
96 136 
96 144 
96 101 
96 33 
96 193 
96 61 
96 301 
96 103 
96 54 
96 230 
96 251 
96 208 
96 232 
96 229 
96 168 
96 305 
96 311 
96 185 
96 205 
96 215 
96 303 
96 252 
96 45 
96 293 
96 196 
96 9 
96 147 
96 23 
96 18 
96 39 
96 339 
96 172 
96 86 
96 201 
96 43 
96 331 
96 41 
96 276 
96 257 
96 253 
96 14 
96 319 
96 323 
96 330 
96 17 
96 76 
96 267 
96 117 
96 197 
96 128 
96 49 
96 116 
96 161 
96 42 
96 83 
96 206 
96 200 
96 314 
96 165 
96 280 
96 298 
96 87 
96 12 
96 182 
96 178 
96 100 
96 46 
96 204 
96 99 
96 264 
96 146 
96 137 
96 125 
96 79 
96 81 
96 173 
96 217 
96 270 
96 309 
96 222 
97 176 
97 248 
97 167 
97 329 
97 120 
97 25 
97 308 
97 301 
97 54 
97 312 
97 185 
97 217 
97 290 
97 82 
97 287 
97 91 
97 111 
97 151 
97 157 
97 311 
97 341 
97 40 
97 31 
97 146 
97 52 
97 211 
97 333 
97 309 
97 305 
97 320 
97 161 
97 272 
97 318 
97 275 
97 145 
97 213 
97 123 
97 90 
97 194 
97 283 
97 269 
97 187 
97 85 
97 200 
97 328 
97 335 
97 153 
97 306 
97 303 
97 285 
97 180 
97 48 
97 23 
97 319 
97 27 
97 310 
97 92 
97 278 
97 297 
97 245 
97 192 
97 28 
97 47 
97 210 
97 304 
97 229 
97 256 
97 133 
97 127 
97 88 
97 322 
97 42 
97 274 
97 172 
97 51 
97 239 
97 147 
97 84 
97 220 
97 150 
97 112 
97 33 
97 125 
97 10 
97 195 
97 259 
97 232 
97 37 
97 254 
97 332 
97 43 
97 295 
97 46 
97 19 
97 160 
97 115 
97 173 
97 32 
98 235 
98 172 
98 82 
98 277 
98 267 
98 131 
98 188 
98 109 
98 27 
98 60 
98 251 
98 238 
98 116 
98 111 
98 177 
98 216 
98 285 
98 287 
98 255 
98 241 
98 64 
98 340 
98 178 
98 130 
98 51 
98 8 
98 256 
98 272 
98 234 
98 151 
98 315 
98 163 
98 250 
98 17 
98 48 
98 61 
98 140 
98 157 
98 266 
98 69 
98 22 
98 258 
98 312 
98 75 
98 210 
98 35 
98 53 
98 195 
98 229 
98 169 
98 110 
98 259 
98 268 
98 42 
98 245 
98 10 
98 104 
98 83 
98 38 
98 299 
98 174 
98 246 
98 186 
98 85 
98 55 
98 335 
98 308 
98 318 
98 12 
98 68 
98 233 
98 173 
98 144 
98 292 
98 123 
98 47 
98 29 
98 49 
98 240 
98 40 
98 165 
98 264 
98 326 
98 11 
98 305 
98 150 
98 127 
98 77 
98 176 
98 260 
98 215 
98 114 
98 202 
98 284 
98 126 
98 252 
98 93 
98 224 
98 44 
98 262 
98 232 
99 102 
99 224 
99 259 
99 178 
99 263 
99 87 
99 111 
99 107 
99 321 
99 16 
99 174 
99 136 
99 19 
99 21 
99 6 
99 119 
99 82 
99 326 
99 189 
99 222 
99 8 
99 61 
99 264 
99 115 
99 316 
99 254 
99 104 
99 233 
99 80 
99 283 
99 92 
99 262 
99 183 
99 236 
99 207 
99 173 
99 159 
99 205 
99 274 
99 177 
99 167 
99 71 
99 38 
99 280 
99 93 
99 58 
99 144 
99 302 
99 330 
99 134 
99 295 
99 314 
99 260 
99 153 
99 255 
99 148 
99 141 
99 103 
99 147 
99 336 
99 137 
99 112 
99 43 
99 231 
99 161 
99 325 
99 116 
99 226 
99 284 
99 7 
99 128 
99 149 
99 214 
99 239 
99 323 
99 32 
99 129 
99 195 
99 229 
99 96 
99 191 
99 228 
99 331 
99 234 
99 182 
99 163 
99 176 
99 154 
99 294 
99 120 
99 133 
99 301 
99 101 
99 122 
100 35 
100 122 
100 79 
100 155 
100 19 
100 279 
100 285 
100 41 
100 121 
100 210 
100 37 
100 254 
100 336 
100 151 
100 77 
100 213 
100 304 
100 328 
100 23 
100 115 
100 167 
100 282 
100 260 
100 124 
100 57 
100 235 
100 114 
100 204 
100 26 
100 38 
100 196 
100 70 
100 27 
100 288 
100 141 
100 174 
100 16 
100 256 
100 135 
100 32 
100 62 
100 226 
100 90 
100 164 
100 305 
100 126 
100 198 
100 217 
100 275 
100 31 
100 113 
100 322 
100 150 
100 22 
100 157 
100 107 
100 105 
100 274 
100 60 
100 292 
100 331 
100 234 
100 313 
100 307 
100 109 
100 320 
100 30 
100 82 
100 220 
100 45 
100 86 
100 205 
100 116 
100 267 
100 258 
100 340 
100 219 
100 81 
100 201 
100 266 
100 0 
100 262 
100 232 
100 11 
100 300 
100 96 
100 161 
100 20 
100 147 
100 123 
100 272 
100 2 
100 42 
100 93 
100 137 
100 310 
100 221 
100 269 
100 68 
100 128 
100 39 
100 193 
100 316 
100 326 
100 61 
100 101 
100 211 
100 18 
101 237 
101 201 
101 126 
101 282 
101 267 
101 138 
101 181 
101 317 
101 105 
101 164 
101 118 
101 86 
101 96 
101 222 
101 8 
101 269 
101 233 
101 244 
101 103 
101 1 
101 270 
101 113 
101 65 
101 165 
101 272 
101 89 
101 131 
101 211 
101 143 
101 16 
101 212 
101 192 
101 93 
101 302 
101 216 
101 19 
101 26 
101 160 
101 9 
101 193 
101 206 
101 67 
101 115 
101 104 
101 277 
101 168 
101 85 
101 227 
101 40 
101 5 
101 325 
101 185 
101 180 
101 39 
101 333 
101 332 
101 288 
101 224 
101 338 
101 94 
101 56 
101 116 
101 83 
101 119 
101 235 
101 329 
101 179 
101 289 
101 23 
101 256 
101 245 
101 75 
101 246 
101 15 
101 328 
101 66 
101 63 
101 255 
101 48 
101 159 
101 22 
101 207 
101 186 
101 234 
101 293 
101 283 
101 49 
101 44 
101 174 
101 72 
101 313 
101 258 
101 271 
101 59 
101 17 
101 198 
101 70 
101 257 
101 6 
101 194 
101 265 
101 134 
101 30 
101 139 
101 240 
101 0 
101 52 
101 154 
101 99 
101 60 
101 100 
101 238 
101 55 
101 122 
102 99 
102 80 
102 34 
102 20 
102 86 
102 58 
102 255 
102 314 
102 121 
102 117 
102 27 
102 112 
102 159 
102 47 
102 44 
102 245 
102 79 
102 324 
102 107 
102 233 
102 25 
102 251 
102 135 
102 170 
102 87 
102 2 
102 311 
102 223 
102 224 
102 205 
102 302 
102 290 
102 256 
102 260 
102 38 
102 172 
102 202 
102 198 
102 110 
102 164 
102 126 
102 196 
102 163 
102 235 
102 321 
102 22 
102 247 
102 50 
102 83 
102 283 
102 120 
102 36 
102 234 
102 141 
102 307 
102 3 
102 325 
102 1 
102 201 
102 330 
102 31 
102 306 
102 91 
102 173 
102 207 
102 39 
102 239 
102 7 
102 145 
102 133 
102 200 
102 250 
102 85 
102 68 
102 212 
102 339 
102 124 
102 115 
102 232 
102 322 
102 116 
102 64 
102 12 
102 119 
102 143 
102 213 
102 78 
102 294 
102 305 
102 267 
102 28 
102 194 
102 71 
102 193 
102 182 
102 328 
102 277 
102 187 
102 62 
102 323 
102 190 
102 128 
102 10 
102 188 
102 157 
102 217 
102 175 
103 321 
103 44 
103 157 
103 28 
103 35 
103 58 
103 123 
103 262 
103 80 
103 259 
103 67 
103 11 
103 293 
103 156 
103 27 
103 312 
103 241 
103 281 
103 291 
103 96 
103 101 
103 238 
103 112 
103 212 
103 324 
103 126 
103 308 
103 50 
103 22 
103 189 
103 306 
103 81 
103 74 
103 105 
103 23 
103 301 
103 29 
103 145 
103 204 
103 303 
103 222 
103 13 
103 24 
103 20 
103 194 
103 221 
103 228 
103 177 
103 289 
103 72 
103 320 
103 225 
103 91 
103 21 
103 99 
103 202 
103 287 
103 236 
103 136 
103 218 
103 248 
103 164 
103 231 
103 79 
103 224 
103 227 
103 297 
103 318 
103 179 
103 317 
103 18 
103 272 
103 339 
103 197 
103 2 
103 338 
103 316 
103 269 
103 181 
103 41 
103 48 
103 37 
103 47 
103 139 
103 267 
103 280 
103 137 
103 78 
103 125 
103 264 
103 244 
103 333 
103 182 
103 172 
103 245 
103 263 
103 294 
103 258 
103 133 
103 205 
103 268 
104 157 
104 30 
104 62 
104 294 
104 132 
104 272 
104 178 
104 125 
104 54 
104 271 
104 326 
104 186 
104 10 
104 92 
104 273 
104 78 
104 163 
104 254 
104 269 
104 65 
104 99 
104 87 
104 287 
104 76 
104 274 
104 289 
104 170 
104 23 
104 230 
104 266 
104 215 
104 257 
104 50 
104 101 
104 18 
104 259 
104 233 
104 77 
104 286 
104 36 
104 72 
104 63 
104 171 
104 98 
104 148 
104 146 
104 60 
104 327 
104 298 
104 162 
104 315 
104 79 
104 313 
104 319 
104 201 
104 306 
104 130 
104 123 
104 301 
104 285 
104 40 
104 71 
104 184 
104 224 
104 183 
104 216 
104 88 
104 138 
104 27 
104 214 
104 210 
104 331 
104 275 
104 74 
104 206 
104 328 
104 336 
104 80 
104 221 
104 5 
104 209 
104 277 
104 258 
104 237 
104 85 
104 322 
104 137 
104 86 
104 253 
104 20 
104 265 
104 203 
104 115 
104 318 
104 153 
105 240 
105 185 
105 322 
105 101 
105 66 
105 297 
105 116 
105 335 
105 264 
105 327 
105 212 
105 43 
105 166 
105 192 
105 337 
105 218 
105 177 
105 202 
105 225 
105 209 
105 133 
105 184 
105 174 
105 287 
105 135 
105 103 
105 248 
105 163 
105 307 
105 295 
105 25 
105 42 
105 239 
105 10 
105 5 
105 46 
105 300 
105 85 
105 56 
105 257 
105 149 
105 7 
105 334 
105 332 
105 303 
105 249 
105 222 
105 68 
105 13 
105 313 
105 11 
105 170 
105 204 
105 197 
105 63 
105 205 
105 8 
105 100 
105 288 
105 106 
105 40 
105 251 
105 23 
105 148 
105 90 
105 28 
105 128 
105 325 
105 187 
105 330 
105 77 
105 258 
105 159 
105 67 
105 273 
105 301 
105 9 
105 87 
105 33 
105 206 
105 65 
105 79 
105 72 
105 254 
105 320 
105 290 
105 1 
105 49 
105 310 
105 246 
105 311 
105 35 
105 122 
105 14 
105 47 
105 141 
105 12 
105 198 
105 227 
106 283 
106 327 
106 220 
106 223 
106 307 
106 287 
106 267 
106 336 
106 202 
106 334 
106 66 
106 167 
106 326 
106 296 
106 169 
106 17 
106 306 
106 142 
106 77 
106 256 
106 319 
106 115 
106 179 
106 81 
106 48 
106 275 
106 242 
106 166 
106 135 
106 22 
106 36 
106 236 
106 73 
106 264 
106 216 
106 341 
106 335 
106 273 
106 159 
106 317 
106 30 
106 280 
106 301 
106 308 
106 185 
106 190 
106 163 
106 119 
106 64 
106 117 
106 59 
106 328 
106 227 
106 285 
106 248 
106 260 
106 338 
106 259 
106 110 
106 197 
106 85 
106 105 
106 181 
106 3 
106 41 
106 292 
106 145 
106 184 
106 70 
106 137 
106 322 
106 302 
106 315 
106 68 
106 160 
106 152 
106 155 
106 232 
106 1 
106 87 
106 180 
106 63 
106 294 
106 8 
106 224 
106 136 
106 209 
106 83 
106 108 
106 162 
106 233 
106 332 
107 319 
107 333 
107 196 
107 316 
107 99 
107 232 
107 307 
107 153 
107 73 
107 244 
107 83 
107 323 
107 122 
107 141 
107 67 
107 190 
107 225 
107 102 
107 326 
107 35 
107 187 
107 174 
107 179 
107 55 
107 129 
107 277 
107 215 
107 221 
107 301 
107 273 
107 88 
107 131 
107 335 
107 328 
107 135 
107 170 
107 254 
107 160 
107 31 
107 167 
107 288 
107 100 
107 109 
107 44 
107 297 
107 0 
107 59 
107 108 
107 26 
107 162 
107 50 
107 119 
107 70 
107 251 
107 165 
107 142 
107 199 
107 263 
107 189 
107 113 
107 23 
107 147 
107 38 
107 247 
107 62 
107 204 
107 72 
107 317 
107 219 
107 22 
107 154 
107 324 
107 212 
107 45 
107 248 
107 169 
107 304 
107 166 
107 305 
107 279 
107 30 
107 63 
107 41 
107 271 
107 42 
107 207 
107 149 
108 168 
108 191 
108 264 
108 316 
108 254 
108 182 
108 26 
108 117 
108 49 
108 272 
108 328 
108 194 
108 224 
108 233 
108 212 
108 177 
108 37 
108 282 
108 5 
108 205 
108 288 
108 186 
108 189 
108 155 
108 330 
108 192 
108 161 
108 63 
108 27 
108 226 
108 36 
108 34 
108 15 
108 136 
108 18 
108 64 
108 80 
108 175 
108 170 
108 256 
108 201 
108 299 
108 164 
108 45 
108 81 
108 306 
108 47 
108 188 
108 56 
108 229 
108 253 
108 53 
108 142 
108 88 
108 195 
108 257 
108 216 
108 42 
108 260 
108 318 
108 158 
108 285 
108 338 
108 290 
108 218 
108 55 
108 271 
108 134 
108 222 
108 200 
108 107 
108 333 
108 120 
108 154 
108 219 
108 90 
108 77 
108 82 
108 8 
108 296 
108 130 
108 178 
108 68 
108 204 
108 39 
108 33 
108 139 
108 172 
108 230 
108 223 
108 215 
108 322 
108 289 
108 211 
108 46 
108 133 
108 268 
108 0 
108 270 
108 310 
108 72 
108 160 
108 17 
108 76 
108 129 
108 106 
108 173 
108 247 
108 276 
109 223 
109 298 
109 261 
109 198 
109 202 
109 312 
109 226 
109 306 
109 288 
109 9 
109 142 
109 217 
109 221 
109 121 
109 41 
109 98 
109 188 
109 305 
109 279 
109 290 
109 318 
109 285 
109 124 
109 186 
109 215 
109 86 
109 333 
109 114 
109 173 
109 94 
109 323 
109 284 
109 25 
109 254 
109 40 
109 158 
109 31 
109 163 
109 283 
109 224 
109 134 
109 122 
109 39 
109 85 
109 167 
109 77 
109 237 
109 271 
109 260 
109 82 
109 265 
109 8 
109 126 
109 213 
109 272 
109 107 
109 201 
109 95 
109 210 
109 141 
109 320 
109 138 
109 242 
109 100 
109 132 
109 299 
109 54 
109 300 
109 337 
109 276 
109 240 
109 149 
109 211 
109 2 
109 187 
109 315 
109 111 
109 84 
109 3 
109 292 
109 29 
109 228 
109 66 
109 287 
109 208 
109 332 
109 317 
109 263 
109 60 
109 91 
109 341 
109 225 
109 171 
109 185 
109 10 
109 28 
109 319 
109 206 
109 150 
109 339 
109 243 
109 34 
110 1 
110 72 
110 228 
110 302 
110 312 
110 67 
110 93 
110 294 
110 170 
110 13 
110 142 
110 19 
110 248 
110 299 
110 201 
110 227 
110 73 
110 156 
110 157 
110 236 
110 113 
110 277 
110 149 
110 291 
110 70 
110 308 
110 270 
110 224 
110 237 
110 58 
110 265 
110 292 
110 76 
110 74 
110 83 
110 303 
110 124 
110 253 
110 281 
110 102 
110 190 
110 267 
110 52 
110 219 
110 295 
110 261 
110 317 
110 98 
110 134 
110 49 
110 91 
110 330 
110 339 
110 327 
110 120 
110 14 
110 132 
110 211 
110 75 
110 89 
110 54 
110 106 
110 192 
110 26 
110 117 
110 171 
110 213 
110 21 
110 209 
110 40 
110 307 
110 6 
110 264 
110 326 
110 210 
110 50 
110 28 
110 225 
110 151 
110 234 
110 252 
110 133 
110 271 
110 77 
110 60 
110 268 
110 341 
110 7 
110 63 
110 16 
110 243 
110 304 
110 230 
110 175 
110 204 
110 249 
110 311 
110 273 
110 56 
110 296 
110 181 
111 191 
111 7 
111 266 
111 131 
111 253 
111 99 
111 140 
111 321 
111 39 
111 8 
111 205 
111 296 
111 72 
111 187 
111 214 
111 166 
111 68 
111 11 
111 193 
111 300 
111 65 
111 141 
111 98 
111 202 
111 309 
111 20 
111 97 
111 161 
111 289 
111 60 
111 160 
111 67 
111 49 
111 256 
111 248 
111 319 
111 260 
111 226 
111 217 
111 246 
111 212 
111 335 
111 302 
111 153 
111 41 
111 174 
111 81 
111 150 
111 333 
111 157 
111 134 
111 172 
111 139 
111 173 
111 341 
111 74 
111 28 
111 75 
111 237 
111 292 
111 281 
111 46 
111 299 
111 340 
111 151 
111 35 
111 257 
111 54 
111 170 
111 190 
111 137 
111 79 
111 181 
111 156 
111 91 
111 332 
111 31 
111 92 
111 303 
111 268 
111 275 
111 229 
111 70 
111 287 
111 136 
111 279 
111 36 
111 225 
111 215 
111 62 
111 5 
111 127 
111 123 
111 109 
111 117 
111 1 
111 186 
111 13 
111 206 
111 221 
111 337 
111 155 
111 129 
111 2 
111 118 
111 318 
111 144 
111 66 
111 147 
111 115 
111 207 
111 295 
111 154 
112 53 
112 158 
112 304 
112 44 
112 259 
112 242 
112 52 
112 244 
112 82 
112 148 
112 211 
112 281 
112 324 
112 102 
112 247 
112 217 
112 206 
112 125 
112 28 
112 188 
112 118 
112 176 
112 191 
112 36 
112 314 
112 243 
112 207 
112 103 
112 127 
112 12 
112 290 
112 25 
112 289 
112 250 
112 58 
112 70 
112 293 
112 81 
112 253 
112 282 
112 94 
112 63 
112 5 
112 203 
112 140 
112 254 
112 93 
112 229 
112 240 
112 160 
112 33 
112 17 
112 142 
112 37 
112 159 
112 169 
112 174 
112 172 
112 301 
112 264 
112 252 
112 181 
112 266 
112 10 
112 201 
112 279 
112 204 
112 308 
112 312 
112 193 
112 48 
112 79 
112 15 
112 165 
112 155 
112 245 
112 26 
112 192 
112 99 
112 239 
112 337 
112 311 
112 19 
112 261 
112 223 
112 292 
112 179 
112 220 
112 151 
112 0 
112 14 
112 233 
112 322 
112 97 
112 202 
112 197 
112 133 
112 87 
112 83 
112 138 
112 221 
112 241 
112 280 
112 85 
112 313 
112 91 
112 54 
112 122 
112 296 
112 77 
113 33 
113 336 
113 316 
113 195 
113 267 
113 118 
113 81 
113 162 
113 235 
113 246 
113 151 
113 272 
113 275 
113 274 
113 334 
113 184 
113 339 
113 271 
113 58 
113 210 
113 31 
113 192 
113 264 
113 161 
113 304 
113 64 
113 120 
113 175 
113 36 
113 110 
113 127 
113 101 
113 92 
113 134 
113 126 
113 18 
113 222 
113 312 
113 281 
113 66 
113 173 
113 0 
113 26 
113 282 
113 308 
113 183 
113 338 
113 165 
113 215 
113 116 
113 221 
113 315 
113 146 
113 6 
113 10 
113 74 
113 279 
113 212 
113 233 
113 7 
113 207 
113 87 
113 49 
113 292 
113 45 
113 28 
113 307 
113 310 
113 35 
113 65 
113 223 
113 2 
113 226 
113 94 
113 329 
113 89 
113 44 
113 136 
113 191 
113 100 
113 70 
113 180 
113 77 
113 200 
113 181 
113 79 
113 164 
113 128 
113 205 
113 129 
113 187 
113 51 
113 323 
113 313 
113 93 
113 257 
113 150 
113 216 
113 322 
113 247 
113 107 
113 177 
113 3 
113 69 
113 290 
113 147 
113 86 
113 193 
113 4 
113 72 
113 21 
113 171 
113 188 
113 159 
113 243 
113 232 
113 230 
113 179 
113 122 
113 37 
113 163 
113 149 
113 30 
113 196 
113 242 
113 238 
113 32 
113 46 
113 56 
113 236 
113 168 
113 273 
113 141 
114 219 
114 48 
114 243 
114 153 
114 337 
114 329 
114 233 
114 88 
114 30 
114 297 
114 194 
114 250 
114 162 
114 10 
114 247 
114 167 
114 100 
114 242 
114 182 
114 109 
114 309 
114 90 
114 120 
114 63 
114 12 
114 129 
114 184 
114 229 
114 17 
114 73 
114 287 
114 6 
114 146 
114 37 
114 222 
114 235 
114 89 
114 40 
114 128 
114 326 
114 161 
114 136 
114 263 
114 336 
114 64 
114 341 
114 61 
114 180 
114 70 
114 18 
114 191 
114 209 
114 8 
114 207 
114 288 
114 82 
114 198 
114 234 
114 240 
114 134 
114 210 
114 248 
114 196 
114 302 
114 152 
114 310 
114 236 
114 52 
114 179 
114 318 
114 217 
114 279 
114 115 
114 32 
114 187 
114 175 
114 311 
114 141 
114 315 
114 139 
114 264 
114 269 
114 84 
114 204 
114 265 
114 199 
114 62 
114 334 
114 239 
114 67 
114 320 
114 98 
114 50 
114 278 
114 232 
114 130 
114 15 
114 270 
114 295 
114 46 
114 262 
114 43 
114 186 
115 139 
115 330 
115 46 
115 24 
115 128 
115 163 
115 251 
115 159 
115 133 
115 201 
115 150 
115 152 
115 118 
115 99 
115 73 
115 106 
115 100 
115 267 
115 240 
115 311 
115 197 
115 247 
115 157 
115 206 
115 121 
115 81 
115 65 
115 101 
115 95 
115 224 
115 337 
115 184 
115 278 
115 265 
115 281 
115 166 
115 236 
115 20 
115 120 
115 42 
115 161 
115 284 
115 123 
115 188 
115 89 
115 209 
115 243 
115 56 
115 321 
115 28 
115 130 
115 245 
115 318 
115 277 
115 228 
115 168 
115 172 
115 29 
115 34 
115 193 
115 180 
115 309 
115 132 
115 66 
115 207 
115 199 
115 215 
115 114 
115 298 
115 102 
115 258 
115 340 
115 287 
115 214 
115 222 
115 292 
115 273 
115 27 
115 310 
115 68 
115 220 
115 154 
115 316 
115 217 
115 53 
115 329 
115 125 
115 70 
115 218 
115 117 
115 289 
115 182 
115 192 
115 167 
115 104 
115 52 
115 111 
115 304 
115 300 
115 97 
115 333 
115 80 
115 88 
115 169 
115 246 
115 270 
116 126 
116 148 
116 196 
116 188 
116 240 
116 242 
116 5 
116 67 
116 57 
116 304 
116 168 
116 105 
116 221 
116 98 
116 125 
116 338 
116 93 
116 238 
116 323 
116 122 
116 308 
116 1 
116 334 
116 56 
116 300 
116 10 
116 48 
116 78 
116 264 
116 7 
116 50 
116 176 
116 208 
116 121 
116 88 
116 337 
116 339 
116 202 
116 123 
116 113 
116 253 
116 200 
116 234 
116 258 
116 209 
116 289 
116 239 
116 286 
116 236 
116 140 
116 220 
116 170 
116 272 
116 295 
116 206 
116 73 
116 54 
116 306 
116 179 
116 313 
116 215 
116 31 
116 101 
116 47 
116 219 
116 42 
116 34 
116 74 
116 62 
116 324 
116 138 
116 27 
116 95 
116 63 
116 75 
116 255 
116 248 
116 71 
116 244 
116 13 
116 172 
116 336 
116 66 
116 99 
116 96 
116 4 
116 18 
116 309 
116 100 
116 102 
116 37 
116 76 
116 89 
116 325 
116 173 
116 184 
116 36 
116 8 
116 261 
116 149 
116 81 
116 302 
116 80 
116 278 
116 328 
116 293 
116 254 
116 162 
116 226 
116 28 
116 186 
116 135 
116 257 
116 132 
116 55 
116 33 
116 180 
117 299 
117 15 
117 228 
117 84 
117 340 
117 214 
117 287 
117 108 
117 102 
117 318 
117 95 
117 284 
117 73 
117 3 
117 180 
117 188 
117 147 
117 20 
117 52 
117 236 
117 155 
117 63 
117 61 
117 254 
117 220 
117 242 
117 126 
117 324 
117 47 
117 297 
117 148 
117 119 
117 94 
117 10 
117 294 
117 301 
117 261 
117 252 
117 307 
117 177 
117 311 
117 29 
117 143 
117 270 
117 125 
117 200 
117 263 
117 86 
117 225 
117 164 
117 187 
117 88 
117 19 
117 166 
117 44 
117 0 
117 106 
117 158 
117 50 
117 185 
117 171 
117 178 
117 23 
117 83 
117 157 
117 198 
117 331 
117 92 
117 292 
117 199 
117 229 
117 174 
117 96 
117 85 
117 110 
117 189 
117 163 
117 317 
117 230 
117 183 
117 167 
117 216 
117 226 
117 8 
117 145 
117 159 
117 289 
117 150 
117 268 
117 162 
117 24 
117 184 
117 244 
117 206 
117 16 
117 42 
117 266 
117 111 
117 235 
117 7 
117 9 
117 337 
117 193 
117 172 
117 129 
117 245 
117 222 
117 115 
117 267 
117 257 
117 133 
117 21 
117 325 
118 178 
118 120 
118 59 
118 191 
118 113 
118 148 
118 327 
118 308 
118 275 
118 287 
118 101 
118 193 
118 36 
118 250 
118 291 
118 222 
118 337 
118 112 
118 276 
118 115 
118 155 
118 37 
118 44 
118 289 
118 341 
118 246 
118 131 
118 313 
118 170 
118 217 
118 228 
118 147 
118 73 
118 248 
118 189 
118 299 
118 156 
118 19 
118 47 
118 152 
118 43 
118 264 
118 271 
118 221 
118 307 
118 81 
118 213 
118 281 
118 146 
118 127 
118 28 
118 61 
118 11 
118 252 
118 77 
118 133 
118 69 
118 121 
118 33 
118 286 
118 298 
118 336 
118 68 
118 207 
118 214 
118 198 
118 42 
118 312 
118 203 
118 182 
118 14 
118 63 
118 150 
118 111 
118 138 
118 45 
118 161 
118 211 
118 54 
118 272 
118 265 
118 57 
118 162 
118 95 
118 294 
118 52 
119 221 
119 201 
119 238 
119 297 
119 226 
119 258 
119 15 
119 326 
119 99 
119 321 
119 327 
119 56 
119 311 
119 156 
119 22 
119 250 
119 75 
119 299 
119 255 
119 161 
119 132 
119 270 
119 25 
119 117 
119 225 
119 242 
119 59 
119 273 
119 338 
119 219 
119 3 
119 84 
119 159 
119 197 
119 106 
119 150 
119 300 
119 129 
119 228 
119 303 
119 316 
119 16 
119 263 
119 101 
119 271 
119 211 
119 0 
119 188 
119 2 
119 335 
119 208 
119 280 
119 264 
119 17 
119 296 
119 184 
119 107 
119 181 
119 77 
119 23 
119 147 
119 8 
119 171 
119 137 
119 268 
119 332 
119 123 
119 142 
119 102 
119 153 
119 254 
119 92 
119 14 
119 53 
119 45 
119 259 
119 324 
119 220 
119 95 
119 28 
119 204 
119 172 
119 37 
119 91 
119 179 
119 76 
119 13 
119 267 
119 277 
119 281 
119 212 
119 253 
119 86 
119 279 
119 302 
120 118 
120 97 
120 323 
120 328 
120 278 
120 8 
120 76 
120 158 
120 127 
120 220 
120 315 
120 213 
120 70 
120 113 
120 216 
120 132 
120 159 
120 17 
120 191 
120 114 
120 130 
120 334 
120 89 
120 198 
120 295 
120 125 
120 28 
120 67 
120 202 
120 9 
120 133 
120 243 
120 37 
120 75 
120 115 
120 266 
120 194 
120 172 
120 102 
120 283 
120 110 
120 209 
120 305 
120 285 
120 302 
120 91 
120 234 
120 327 
120 171 
120 286 
120 108 
120 224 
120 290 
120 326 
120 150 
120 293 
120 155 
120 32 
120 249 
120 246 
120 188 
120 14 
120 24 
120 338 
120 184 
120 58 
120 90 
120 134 
120 175 
120 46 
120 248 
120 297 
120 19 
120 247 
120 80 
120 74 
120 77 
120 139 
120 169 
120 54 
120 73 
120 140 
120 291 
120 48 
120 311 
120 99 
120 178 
120 147 
120 141 
120 88 
120 34 
120 186 
120 4 
120 166 
120 314 
120 317 
120 185 
121 48 
121 288 
121 310 
121 102 
121 37 
121 83 
121 100 
121 43 
121 109 
121 294 
121 22 
121 268 
121 302 
121 81 
121 228 
121 78 
121 241 
121 247 
121 131 
121 186 
121 258 
121 31 
121 116 
121 317 
121 74 
121 12 
121 50 
121 44 
121 115 
121 270 
121 158 
121 176 
121 216 
121 324 
121 63 
121 266 
121 132 
121 256 
121 297 
121 215 
121 321 
121 181 
121 280 
121 140 
121 224 
121 124 
121 263 
121 313 
121 169 
121 153 
121 281 
121 320 
121 337 
121 191 
121 154 
121 299 
121 89 
121 208 
121 25 
121 178 
121 168 
121 49 
121 138 
121 319 
121 326 
121 36 
121 5 
121 16 
121 118 
121 51 
121 130 
121 314 
121 85 
121 250 
121 278 
121 53 
121 129 
121 254 
121 40 
121 333 
121 237 
121 290 
121 71 
121 145 
121 212 
121 211 
121 236 
121 141 
121 235 
121 279 
122 234 
122 296 
122 279 
122 100 
122 315 
122 322 
122 283 
122 199 
122 260 
122 316 
122 81 
122 286 
122 310 
122 88 
122 48 
122 107 
122 212 
122 328 
122 187 
122 172 
122 56 
122 116 
122 79 
122 125 
122 9 
122 281 
122 139 
122 162 
122 323 
122 297 
122 23 
122 85 
122 319 
122 82 
122 287 
122 262 
122 213 
122 62 
122 229 
122 16 
122 133 
122 34 
122 38 
122 5 
122 293 
122 167 
122 55 
122 180 
122 284 
122 65 
122 329 
122 222 
122 54 
122 168 
122 109 
122 337 
122 179 
122 247 
122 76 
122 203 
122 163 
122 232 
122 77 
122 271 
122 136 
122 71 
122 334 
122 209 
122 202 
122 276 
122 14 
122 235 
122 250 
122 43 
122 289 
122 166 
122 325 
122 129 
122 148 
122 182 
122 165 
122 216 
122 123 
122 169 
122 127 
122 25 
122 70 
122 74 
122 332 
122 145 
122 150 
122 170 
122 21 
122 243 
122 272 
122 256 
122 196 
122 113 
122 146 
122 268 
122 152 
122 0 
122 265 
122 41 
122 105 
122 59 
122 89 
122 312 
122 112 
122 101 
122 99 
123 14 
123 323 
123 34 
123 297 
123 335 
123 144 
123 272 
123 93 
123 103 
123 178 
123 200 
123 241 
123 201 
123 127 
123 17 
123 25 
123 257 
123 242 
123 9 
123 313 
123 68 
123 246 
123 189 
123 137 
123 36 
123 333 
123 82 
123 265 
123 310 
123 320 
123 46 
123 258 
123 308 
123 132 
123 220 
123 270 
123 327 
123 30 
123 167 
123 340 
123 185 
123 129 
123 197 
123 41 
123 273 
123 234 
123 290 
123 64 
123 128 
123 18 
123 116 
123 252 
123 97 
123 338 
123 47 
123 304 
123 26 
123 232 
123 206 
123 286 
123 115 
123 287 
123 29 
123 207 
123 139 
123 19 
123 163 
123 154 
123 329 
123 66 
123 298 
123 267 
123 58 
123 63 
123 256 
123 104 
123 89 
123 195 
123 147 
123 72 
123 133 
123 122 
123 341 
123 51 
123 321 
123 177 
123 183 
123 98 
123 175 
123 216 
123 239 
123 324 
123 111 
123 182 
123 119 
123 255 
123 227 
123 249 
123 20 
123 316 
123 100 
123 212 
123 240 
123 180 
123 162 
123 165 
123 330 
123 134 
123 84 
123 22 
123 158 
124 217 
124 127 
124 159 
124 154 
124 31 
124 29 
124 138 
124 209 
124 109 
124 195 
124 33 
124 204 
124 172 
124 78 
124 7 
124 88 
124 100 
124 38 
124 315 
124 227 
124 58 
124 317 
124 158 
124 64 
124 206 
124 327 
124 131 
124 110 
124 165 
124 75 
124 316 
124 72 
124 305 
124 89 
124 95 
124 286 
124 121 
124 23 
124 83 
124 281 
124 337 
124 233 
124 17 
124 34 
124 50 
124 86 
124 81 
124 42 
124 18 
124 173 
124 73 
124 21 
124 184 
124 277 
124 230 
124 45 
124 208 
124 291 
124 53 
124 133 
124 22 
124 51 
124 134 
124 130 
124 215 
124 296 
124 242 
124 1 
124 102 
124 13 
124 332 
124 298 
124 228 
124 205 
124 219 
124 251 
124 55 
124 263 
124 135 
124 179 
124 161 
124 132 
124 334 
124 36 
124 70 
124 255 
124 299 
124 164 
124 310 
124 74 
124 48 
124 221 
124 322 
124 271 
124 176 
124 268 
124 126 
125 18 
125 51 
125 259 
125 264 
125 313 
125 278 
125 170 
125 104 
125 174 
125 178 
125 8 
125 116 
125 139 
125 147 
125 145 
125 341 
125 112 
125 3 
125 4 
125 224 
125 282 
125 133 
125 270 
125 165 
125 122 
125 40 
125 159 
125 59 
125 193 
125 291 
125 315 
125 35 
125 95 
125 134 
125 23 
125 55 
125 301 
125 234 
125 136 
125 290 
125 228 
125 13 
125 175 
125 144 
125 120 
125 332 
125 43 
125 176 
125 336 
125 117 
125 186 
125 297 
125 151 
125 82 
125 183 
125 64 
125 10 
125 157 
125 189 
125 17 
125 169 
125 21 
125 192 
125 267 
125 261 
125 47 
125 274 
125 154 
125 326 
125 275 
125 280 
125 222 
125 14 
125 194 
125 218 
125 236 
125 127 
125 49 
125 155 
125 334 
125 26 
125 129 
125 250 
125 50 
125 257 
125 269 
125 22 
125 181 
125 288 
125 158 
125 249 
125 340 
125 52 
125 94 
125 335 
125 97 
125 308 
125 221 
125 200 
125 103 
125 137 
125 115 
125 205 
125 96 
125 44 
125 128 
125 138 
125 74 
125 319 
126 116 
126 219 
126 254 
126 66 
126 310 
126 101 
126 288 
126 177 
126 194 
126 46 
126 77 
126 148 
126 138 
126 72 
126 259 
126 191 
126 273 
126 330 
126 30 
126 163 
126 154 
126 339 
126 161 
126 63 
126 206 
126 50 
126 69 
126 113 
126 103 
126 303 
126 117 
126 332 
126 189 
126 51 
126 331 
126 283 
126 327 
126 233 
126 242 
126 269 
126 235 
126 8 
126 338 
126 260 
126 58 
126 2 
126 326 
126 199 
126 4 
126 22 
126 131 
126 244 
126 102 
126 307 
126 279 
126 190 
126 13 
126 5 
126 263 
126 100 
126 73 
126 204 
126 15 
126 152 
126 109 
126 262 
126 224 
126 9 
126 36 
126 37 
126 38 
126 167 
126 304 
126 229 
126 32 
126 83 
126 127 
126 198 
126 43 
126 291 
126 134 
126 266 
126 320 
126 329 
126 7 
126 98 
126 298 
126 137 
126 165 
126 130 
126 147 
126 124 
126 88 
126 248 
126 10 
127 55 
127 159 
127 67 
127 292 
127 187 
127 34 
127 124 
127 37 
127 258 
127 123 
127 36 
127 277 
127 70 
127 44 
127 163 
127 77 
127 225 
127 301 
127 20 
127 229 
127 120 
127 48 
127 321 
127 261 
127 92 
127 325 
127 157 
127 164 
127 262 
127 113 
127 133 
127 234 
127 165 
127 112 
127 58 
127 35 
127 12 
127 306 
127 86 
127 199 
127 54 
127 171 
127 66 
127 329 
127 19 
127 322 
127 293 
127 131 
127 41 
127 331 
127 249 
127 33 
127 294 
127 192 
127 156 
127 189 
127 61 
127 235 
127 201 
127 305 
127 215 
127 168 
127 315 
127 4 
127 253 
127 175 
127 212 
127 52 
127 93 
127 326 
127 118 
127 10 
127 125 
127 122 
127 90 
127 97 
127 45 
127 313 
127 275 
127 126 
127 46 
127 248 
127 232 
127 111 
127 78 
127 336 
127 53 
127 49 
127 17 
127 295 
127 299 
127 290 
127 260 
127 73 
127 81 
127 98 
127 328 
127 285 
127 130 
127 307 
127 23 
127 230 
127 132 
127 300 
127 265 
127 180 
127 280 
128 237 
128 279 
128 24 
128 192 
128 202 
128 115 
128 335 
128 186 
128 77 
128 152 
128 275 
128 175 
128 70 
128 182 
128 148 
128 157 
128 53 
128 341 
128 258 
128 314 
128 22 
128 45 
128 39 
128 278 
128 166 
128 303 
128 321 
128 273 
128 3 
128 290 
128 233 
128 123 
128 178 
128 191 
128 140 
128 307 
128 8 
128 183 
128 35 
128 64 
128 5 
128 235 
128 114 
128 174 
128 79 
128 1 
128 245 
128 311 
128 316 
128 225 
128 68 
128 201 
128 139 
128 317 
128 69 
128 210 
128 165 
128 184 
128 320 
128 41 
128 322 
128 215 
128 313 
128 301 
128 333 
128 251 
128 259 
128 113 
128 256 
128 218 
128 145 
128 91 
128 13 
128 94 
128 306 
128 48 
128 203 
128 243 
128 105 
128 96 
128 131 
128 280 
128 33 
128 36 
128 284 
128 150 
128 99 
128 315 
128 227 
128 274 
128 63 
128 217 
128 136 
128 135 
128 296 
128 270 
128 242 
128 326 
128 195 
128 17 
128 331 
128 324 
128 76 
128 340 
128 239 
128 219 
128 100 
128 14 
128 246 
128 266 
128 125 
128 283 
128 72 
128 163 
128 102 
128 332 
128 9 
128 206 
129 18 
129 169 
129 203 
129 218 
129 205 
129 226 
129 249 
129 131 
129 74 
129 227 
129 257 
129 260 
129 256 
129 33 
129 241 
129 286 
129 266 
129 40 
129 86 
129 31 
129 123 
129 210 
129 114 
129 44 
129 43 
129 158 
129 313 
129 192 
129 259 
129 149 
129 215 
129 107 
129 254 
129 340 
129 290 
129 309 
129 85 
129 255 
129 163 
129 119 
129 42 
129 24 
129 76 
129 137 
129 59 
129 54 
129 246 
129 315 
129 283 
129 152 
129 91 
129 15 
129 60 
129 341 
129 113 
129 122 
129 87 
129 64 
129 214 
129 233 
129 161 
129 275 
129 88 
129 229 
129 147 
129 125 
129 146 
129 162 
129 338 
129 171 
129 270 
129 175 
129 324 
129 99 
129 336 
129 250 
129 16 
129 136 
129 21 
129 121 
129 53 
129 230 
129 223 
129 111 
129 239 
129 292 
129 135 
129 235 
129 39 
129 117 
129 7 
129 174 
129 108 
129 71 
129 164 
130 193 
130 233 
130 136 
130 307 
130 133 
130 184 
130 281 
130 75 
130 149 
130 262 
130 40 
130 87 
130 234 
130 311 
130 6 
130 27 
130 229 
130 171 
130 267 
130 139 
130 60 
130 8 
130 336 
130 197 
130 306 
130 316 
130 249 
130 98 
130 188 
130 154 
130 14 
130 301 
130 79 
130 292 
130 0 
130 252 
130 64 
130 260 
130 120 
130 35 
130 279 
130 5 
130 54 
130 282 
130 51 
130 242 
130 53 
130 275 
130 258 
130 302 
130 261 
130 199 
130 192 
130 183 
130 10 
130 295 
130 245 
130 226 
130 30 
130 115 
130 76 
130 147 
130 329 
130 312 
130 338 
130 131 
130 44 
130 104 
130 323 
130 70 
130 67 
130 182 
130 124 
130 230 
130 86 
130 191 
130 294 
130 108 
130 45 
130 63 
130 121 
130 43 
130 85 
130 317 
130 80 
130 58 
130 141 
130 167 
130 26 
130 194 
130 127 
130 221 
130 72 
130 271 
130 269 
130 20 
130 114 
130 50 
130 126 
130 21 
130 280 
130 330 
131 16 
131 144 
131 111 
131 195 
131 18 
131 240 
131 98 
131 248 
131 300 
131 269 
131 266 
131 129 
131 187 
131 32 
131 172 
131 86 
131 233 
131 74 
131 121 
131 76 
131 171 
131 133 
131 48 
131 319 
131 101 
131 222 
131 118 
131 127 
131 82 
131 50 
131 290 
131 340 
131 305 
131 124 
131 148 
131 260 
131 281 
131 126 
131 214 
131 8 
131 336 
131 335 
131 91 
131 107 
131 9 
131 200 
131 196 
131 282 
131 14 
131 19 
131 223 
131 146 
131 157 
131 89 
131 161 
131 130 
131 291 
131 177 
131 299 
131 62 
131 66 
131 140 
131 128 
131 201 
131 298 
131 6 
131 73 
131 136 
131 252 
131 139 
131 243 
131 199 
131 224 
131 235 
131 37 
131 170 
131 36 
131 267 
131 80 
131 137 
131 0 
131 162 
131 188 
131 216 
131 221 
131 57 
131 185 
131 154 
131 294 
131 247 
131 208 
131 90 
131 326 
131 75 
131 198 
131 71 
131 246 
131 296 
131 17 
131 52 
132 235 
132 283 
132 258 
132 185 
132 42 
132 139 
132 104 
132 226 
132 316 
132 194 
132 273 
132 198 
132 202 
132 48 
132 12 
132 318 
132 35 
132 123 
132 269 
132 177 
132 120 
132 213 
132 331 
132 154 
132 292 
132 182 
132 119 
132 220 
132 167 
132 227 
132 307 
132 305 
132 300 
132 289 
132 159 
132 14 
132 55 
132 214 
132 121 
132 59 
132 310 
132 135 
132 192 
132 295 
132 306 
132 265 
132 110 
132 37 
132 43 
132 134 
132 85 
132 272 
132 225 
132 290 
132 176 
132 39 
132 243 
132 321 
132 38 
132 24 
132 330 
132 188 
132 170 
132 87 
132 143 
132 10 
132 187 
132 203 
132 36 
132 91 
132 115 
132 109 
132 179 
132 70 
132 262 
132 174 
132 217 
132 136 
132 160 
132 240 
132 267 
132 320 
132 41 
132 328 
132 140 
132 83 
132 211 
132 252 
132 52 
132 184 
132 297 
132 246 
132 53 
132 337 
132 180 
132 124 
132 127 
132 116 
132 315 
132 16 
132 33 
132 276 
133 0 
133 156 
133 287 
133 4 
133 310 
133 130 
133 80 
133 319 
133 322 
133 286 
133 288 
133 339 
133 115 
133 247 
133 233 
133 308 
133 225 
133 52 
133 125 
133 37 
133 79 
133 49 
133 305 
133 148 
133 127 
133 131 
133 14 
133 105 
133 284 
133 86 
133 122 
133 72 
133 328 
133 256 
133 19 
133 245 
133 177 
133 280 
133 334 
133 240 
133 282 
133 26 
133 120 
133 20 
133 275 
133 309 
133 329 
133 28 
133 183 
133 48 
133 8 
133 197 
133 63 
133 333 
133 53 
133 13 
133 278 
133 268 
133 138 
133 243 
133 124 
133 181 
133 60 
133 58 
133 97 
133 208 
133 228 
133 123 
133 252 
133 64 
133 102 
133 42 
133 33 
133 325 
133 134 
133 290 
133 118 
133 23 
133 165 
133 232 
133 110 
133 307 
133 157 
133 289 
133 189 
133 108 
133 112 
133 306 
133 71 
133 152 
133 75 
133 143 
133 55 
133 173 
133 332 
133 16 
133 99 
133 76 
133 277 
133 117 
133 25 
133 103 
133 149 
133 216 
134 284 
134 139 
134 43 
134 8 
134 174 
134 192 
134 331 
134 93 
134 6 
134 30 
134 187 
134 236 
134 263 
134 191 
134 225 
134 288 
134 290 
134 341 
134 91 
134 205 
134 92 
134 188 
134 113 
134 254 
134 287 
134 321 
134 260 
134 125 
134 278 
134 281 
134 196 
134 314 
134 111 
134 60 
134 143 
134 55 
134 300 
134 238 
134 136 
134 292 
134 296 
134 293 
134 76 
134 109 
134 177 
134 56 
134 303 
134 159 
134 110 
134 165 
134 49 
134 162 
134 255 
134 243 
134 132 
134 99 
134 80 
134 90 
134 167 
134 338 
134 211 
134 23 
134 248 
134 145 
134 57 
134 114 
134 3 
134 171 
134 108 
134 13 
134 74 
134 51 
134 212 
134 124 
134 214 
134 310 
134 5 
134 168 
134 149 
134 140 
134 133 
134 75 
134 226 
134 147 
134 64 
134 335 
134 240 
134 251 
134 81 
134 313 
134 120 
134 126 
134 286 
134 85 
134 179 
134 67 
134 42 
134 220 
134 50 
134 65 
134 169 
134 101 
134 86 
134 172 
134 229 
134 264 
134 72 
134 253 
134 166 
134 123 
134 190 
134 257 
134 155 
134 39 
134 152 
135 221 
135 148 
135 238 
135 74 
135 297 
135 4 
135 268 
135 67 
135 174 
135 275 
135 72 
135 152 
135 270 
135 141 
135 143 
135 53 
135 185 
135 102 
135 54 
135 338 
135 56 
135 20 
135 106 
135 27 
135 82 
135 105 
135 172 
135 269 
135 178 
135 278 
135 37 
135 12 
135 237 
135 11 
135 240 
135 51 
135 31 
135 213 
135 264 
135 100 
135 132 
135 336 
135 30 
135 303 
135 107 
135 19 
135 57 
135 252 
135 177 
135 195 
135 242 
135 246 
135 160 
135 79 
135 58 
135 324 
135 286 
135 254 
135 290 
135 158 
135 159 
135 289 
135 307 
135 200 
135 43 
135 171 
135 140 
135 65 
135 292 
135 8 
135 301 
135 169 
135 50 
135 198 
135 226 
135 184 
135 170 
135 204 
135 153 
135 266 
135 128 
135 145 
135 93 
135 124 
135 85 
135 49 
135 129 
135 142 
135 173 
135 192 
135 261 
135 191 
135 291 
135 116 
135 256 
135 222 
135 84 
135 298 
135 334 
135 63 
135 322 
136 130 
136 320 
136 165 
136 240 
136 23 
136 236 
136 96 
136 99 
136 312 
136 329 
136 55 
136 241 
136 279 
136 290 
136 66 
136 317 
136 318 
136 223 
136 193 
136 108 
136 227 
136 125 
136 171 
136 323 
136 188 
136 322 
136 222 
136 32 
136 45 
136 190 
136 332 
136 16 
136 326 
136 134 
136 3 
136 266 
136 151 
136 192 
136 114 
136 202 
136 122 
136 34 
136 78 
136 191 
136 141 
136 221 
136 41 
136 113 
136 164 
136 49 
136 288 
136 14 
136 148 
136 276 
136 328 
136 87 
136 233 
136 111 
136 103 
136 61 
136 56 
136 131 
136 90 
136 149 
136 176 
136 213 
136 132 
136 254 
136 293 
136 280 
136 128 
136 152 
136 170 
136 129 
136 62 
136 81 
136 284 
136 178 
136 210 
136 246 
136 95 
136 80 
136 159 
136 0 
136 106 
136 292 
136 216 
136 243 
136 145 
136 282 
136 2 
136 47 
136 316 
137 6 
137 15 
137 167 
137 138 
137 240 
137 331 
137 315 
137 3 
137 226 
137 299 
137 322 
137 123 
137 39 
137 54 
137 38 
137 211 
137 70 
137 290 
137 319 
137 336 
137 26 
137 270 
137 139 
137 261 
137 341 
137 339 
137 330 
137 189 
137 283 
137 268 
137 307 
137 212 
137 45 
137 171 
137 146 
137 82 
137 158 
137 324 
137 155 
137 71 
137 327 
137 57 
137 129 
137 220 
137 111 
137 62 
137 9 
137 230 
137 259 
137 300 
137 94 
137 237 
137 75 
137 186 
137 218 
137 312 
137 287 
137 99 
137 267 
137 232 
137 269 
137 106 
137 174 
137 297 
137 119 
137 304 
137 177 
137 292 
137 76 
137 92 
137 69 
137 168 
137 305 
137 17 
137 13 
137 131 
137 61 
137 104 
137 276 
137 214 
137 254 
137 103 
137 87 
137 53 
137 282 
137 100 
137 125 
137 96 
137 126 
137 0 
137 14 
137 236 
138 38 
138 307 
138 137 
138 54 
138 101 
138 319 
138 252 
138 219 
138 35 
138 168 
138 31 
138 58 
138 42 
138 14 
138 126 
138 188 
138 78 
138 248 
138 261 
138 59 
138 74 
138 282 
138 124 
138 290 
138 301 
138 177 
138 145 
138 221 
138 150 
138 338 
138 93 
138 76 
138 200 
138 229 
138 267 
138 169 
138 279 
138 158 
138 83 
138 316 
138 41 
138 12 
138 22 
138 79 
138 68 
138 148 
138 160 
138 268 
138 341 
138 226 
138 193 
138 237 
138 196 
138 39 
138 247 
138 72 
138 199 
138 230 
138 283 
138 49 
138 37 
138 232 
138 33 
138 234 
138 94 
138 333 
138 133 
138 165 
138 116 
138 7 
138 231 
138 296 
138 249 
138 20 
138 121 
138 86 
138 109 
138 142 
138 90 
138 104 
138 292 
138 339 
138 53 
138 52 
138 0 
138 262 
138 263 
138 227 
138 218 
138 67 
138 317 
138 209 
138 182 
138 112 
138 254 
138 155 
138 321 
138 87 
138 244 
138 118 
138 328 
138 335 
138 36 
138 280 
138 125 
138 24 
138 212 
138 245 
139 145 
139 115 
139 308 
139 281 
139 75 
139 134 
139 11 
139 149 
139 236 
139 256 
139 60 
139 132 
139 277 
139 130 
139 140 
139 125 
139 222 
139 320 
139 18 
139 263 
139 203 
139 163 
139 288 
139 206 
139 279 
139 162 
139 304 
139 264 
139 185 
139 305 
139 122 
139 303 
139 137 
139 27 
139 269 
139 93 
139 111 
139 146 
139 8 
139 2 
139 301 
139 31 
139 271 
139 43 
139 242 
139 86 
139 173 
139 5 
139 216 
139 286 
139 280 
139 265 
139 123 
139 128 
139 336 
139 39 
139 84 
139 258 
139 4 
139 220 
139 262 
139 321 
139 174 
139 45 
139 330 
139 38 
139 40 
139 272 
139 273 
139 55 
139 252 
139 175 
139 154 
139 1 
139 232 
139 131 
139 53 
139 153 
139 65 
139 164 
139 108 
139 114 
139 291 
139 244 
139 7 
139 309 
139 294 
139 237 
139 103 
139 52 
139 33 
139 120 
139 255 
139 211 
139 20 
139 79 
139 54 
139 234 
139 205 
139 328 
139 101 
139 13 
139 217 
139 196 
139 195 
139 225 
139 9 
139 46 
140 85 
140 111 
140 64 
140 190 
140 258 
140 252 
140 296 
140 303 
140 189 
140 287 
140 302 
140 142 
140 331 
140 251 
140 307 
140 139 
140 301 
140 185 
140 269 
140 224 
140 236 
140 311 
140 59 
140 149 
140 286 
140 46 
140 94 
140 188 
140 214 
140 216 
140 247 
140 196 
140 98 
140 293 
140 128 
140 112 
140 249 
140 230 
140 285 
140 338 
140 321 
140 325 
140 116 
140 41 
140 145 
140 58 
140 43 
140 195 
140 297 
140 121 
140 215 
140 24 
140 315 
140 91 
140 151 
140 35 
140 42 
140 131 
140 135 
140 234 
140 193 
140 65 
140 134 
140 213 
140 217 
140 8 
140 147 
140 336 
140 9 
140 31 
140 66 
140 171 
140 225 
140 148 
140 86 
140 169 
140 158 
140 219 
140 132 
140 186 
140 210 
140 340 
140 22 
140 333 
140 200 
140 15 
140 243 
140 279 
140 246 
140 309 
140 95 
140 178 
140 27 
140 120 
140 163 
140 283 
140 238 
140 60 
140 250 
140 170 
140 226 
140 254 
140 177 
140 78 
141 235 
141 168 
141 298 
141 0 
141 321 
141 187 
141 73 
141 2 
141 111 
141 204 
141 92 
141 276 
141 107 
141 171 
141 341 
141 46 
141 324 
141 227 
141 212 
141 179 
141 135 
141 326 
141 302 
141 165 
141 295 
141 304 
141 30 
141 42 
141 62 
141 282 
141 318 
141 268 
141 32 
141 91 
141 257 
141 74 
141 19 
141 249 
141 219 
141 313 
141 254 
141 27 
141 100 
141 277 
141 278 
141 144 
141 258 
141 43 
141 339 
141 136 
141 102 
141 307 
141 323 
141 38 
141 50 
141 196 
141 83 
141 292 
141 167 
141 300 
141 85 
141 193 
141 109 
141 99 
141 286 
141 308 
141 222 
141 169 
141 195 
141 328 
141 240 
141 52 
141 26 
141 269 
141 37 
141 274 
141 229 
141 336 
141 297 
141 213 
141 264 
141 114 
141 24 
141 70 
141 209 
141 310 
141 67 
141 71 
141 130 
141 263 
141 145 
141 288 
141 315 
141 16 
141 41 
141 66 
141 242 
141 121 
141 120 
141 303 
141 105 
141 216 
141 294 
141 113 
142 312 
142 86 
142 109 
142 96 
142 110 
142 305 
142 140 
142 39 
142 223 
142 271 
142 42 
142 47 
142 106 
142 160 
142 220 
142 302 
142 158 
142 153 
142 53 
142 50 
142 206 
142 213 
142 294 
142 150 
142 191 
142 238 
142 76 
142 336 
142 197 
142 112 
142 41 
142 148 
142 55 
142 44 
142 63 
142 269 
142 108 
142 30 
142 236 
142 85 
142 326 
142 288 
142 286 
142 1 
142 231 
142 243 
142 6 
142 28 
142 228 
142 60 
142 51 
142 138 
142 107 
142 163 
142 15 
142 311 
142 214 
142 82 
142 174 
142 297 
142 156 
142 119 
142 69 
142 75 
142 209 
142 22 
142 242 
142 66 
142 282 
142 270 
142 335 
142 250 
142 135 
142 185 
142 18 
142 267 
142 17 
142 327 
142 258 
142 234 
143 244 
143 301 
143 323 
143 229 
143 263 
143 168 
143 177 
143 250 
143 230 
143 44 
143 212 
143 326 
143 295 
143 5 
143 87 
143 144 
143 15 
143 73 
143 257 
143 289 
143 156 
143 164 
143 298 
143 281 
143 135 
143 243 
143 16 
143 80 
143 90 
143 66 
143 184 
143 29 
143 101 
143 169 
143 204 
143 310 
143 155 
143 330 
143 226 
143 175 
143 63 
143 134 
143 94 
143 117 
143 198 
143 194 
143 322 
143 11 
143 305 
143 157 
143 336 
143 225 
143 176 
143 13 
143 267 
143 287 
143 9 
143 191 
143 185 
143 217 
143 307 
143 132 
143 254 
143 45 
143 20 
143 224 
143 261 
143 84 
143 4 
143 201 
143 159 
143 241 
143 165 
143 6 
143 294 
143 42 
143 102 
143 262 
143 22 
143 288 
143 278 
143 10 
143 259 
143 223 
143 196 
143 95 
143 277 
143 215 
143 304 
143 213 
143 133 
143 335 
143 286 
143 180 
143 314 
143 324 
143 151 
143 318 
143 167 
143 31 
143 291 
143 36 
143 302 
143 188 
144 157 
144 175 
144 11 
144 131 
144 123 
144 62 
144 207 
144 15 
144 77 
144 294 
144 178 
144 174 
144 84 
144 92 
144 94 
144 96 
144 20 
144 143 
144 206 
144 297 
144 164 
144 304 
144 17 
144 75 
144 316 
144 301 
144 64 
144 300 
144 256 
144 34 
144 32 
144 280 
144 290 
144 267 
144 74 
144 125 
144 22 
144 147 
144 141 
144 190 
144 70 
144 81 
144 58 
144 24 
144 185 
144 99 
144 250 
144 303 
144 324 
144 186 
144 231 
144 154 
144 187 
144 78 
144 244 
144 241 
144 246 
144 98 
144 23 
144 312 
144 329 
144 334 
144 55 
144 51 
144 299 
144 226 
144 169 
144 305 
144 188 
144 47 
144 337 
144 71 
144 44 
144 205 
144 295 
144 9 
144 242 
144 80 
144 288 
144 19 
144 1 
144 335 
144 208 
144 309 
144 279 
144 254 
144 177 
144 223 
144 155 
144 293 
144 159 
144 322 
144 61 
144 38 
144 111 
145 139 
145 53 
145 175 
145 331 
145 322 
145 204 
145 147 
145 219 
145 200 
145 168 
145 179 
145 16 
145 12 
145 321 
145 217 
145 315 
145 125 
145 273 
145 283 
145 206 
145 59 
145 138 
145 239 
145 259 
145 310 
145 50 
145 84 
145 248 
145 82 
145 263 
145 190 
145 209 
145 228 
145 103 
145 97 
145 26 
145 221 
145 324 
145 267 
145 240 
145 9 
145 33 
145 91 
145 34 
145 140 
145 172 
145 171 
145 49 
145 287 
145 260 
145 160 
145 211 
145 214 
145 66 
145 134 
145 128 
145 213 
145 341 
145 106 
145 54 
145 78 
145 153 
145 102 
145 330 
145 224 
145 146 
145 3 
145 296 
145 212 
145 333 
145 300 
145 83 
145 117 
145 275 
145 43 
145 337 
145 64 
145 61 
145 8 
145 122 
145 181 
145 236 
145 135 
145 326 
145 184 
145 6 
145 336 
145 63 
145 156 
145 67 
145 242 
145 141 
145 249 
145 121 
145 19 
145 7 
145 136 
145 302 
145 279 
145 18 
145 284 
145 178 
145 79 
146 316 
146 305 
146 232 
146 39 
146 70 
146 155 
146 170 
146 34 
146 180 
146 328 
146 7 
146 236 
146 168 
146 313 
146 197 
146 258 
146 227 
146 72 
146 177 
146 83 
146 294 
146 53 
146 228 
146 337 
146 203 
146 31 
146 97 
146 293 
146 181 
146 157 
146 324 
146 20 
146 304 
146 67 
146 139 
146 61 
146 336 
146 33 
146 244 
146 113 
146 192 
146 114 
146 166 
146 198 
146 37 
146 239 
146 165 
146 262 
146 152 
146 285 
146 137 
146 64 
146 19 
146 63 
146 259 
146 206 
146 104 
146 219 
146 50 
146 334 
146 14 
146 87 
146 131 
146 274 
146 26 
146 54 
146 80 
146 320 
146 90 
146 15 
146 118 
146 254 
146 145 
146 212 
146 188 
146 340 
146 129 
146 60 
146 229 
146 257 
146 266 
146 40 
146 122 
146 55 
146 279 
146 173 
146 225 
146 58 
146 93 
146 96 
146 269 
146 245 
146 3 
146 276 
146 246 
146 4 
147 230 
147 334 
147 181 
147 3 
147 331 
147 252 
147 145 
147 43 
147 296 
147 281 
147 17 
147 290 
147 231 
147 214 
147 171 
147 125 
147 35 
147 117 
147 283 
147 273 
147 18 
147 8 
147 75 
147 338 
147 13 
147 47 
147 94 
147 284 
147 24 
147 266 
147 46 
147 247 
147 144 
147 177 
147 261 
147 96 
147 15 
147 271 
147 25 
147 33 
147 118 
147 323 
147 253 
147 213 
147 152 
147 222 
147 270 
147 130 
147 197 
147 307 
147 205 
147 224 
147 82 
147 50 
147 170 
147 148 
147 99 
147 244 
147 327 
147 74 
147 64 
147 95 
147 70 
147 298 
147 161 
147 123 
147 255 
147 217 
147 341 
147 119 
147 129 
147 260 
147 140 
147 164 
147 134 
147 113 
147 57 
147 38 
147 68 
147 301 
147 223 
147 107 
147 91 
147 340 
147 4 
147 31 
147 97 
147 9 
147 339 
147 156 
147 11 
147 93 
147 100 
147 184 
147 226 
147 228 
147 256 
147 51 
147 272 
147 306 
147 111 
147 120 
147 126 
147 71 
148 116 
148 220 
148 135 
148 259 
148 53 
148 118 
148 185 
148 46 
148 126 
148 112 
148 56 
148 189 
148 286 
148 264 
148 128 
148 38 
148 339 
148 292 
148 214 
148 341 
148 94 
148 133 
148 196 
148 168 
148 80 
148 19 
148 68 
148 117 
148 179 
148 209 
148 188 
148 223 
148 78 
148 138 
148 149 
148 131 
148 291 
148 235 
148 318 
148 170 
148 58 
148 176 
148 245 
148 238 
148 325 
148 208 
148 305 
148 142 
148 104 
148 33 
148 54 
148 6 
148 165 
148 161 
148 340 
148 207 
148 28 
148 99 
148 302 
148 21 
148 87 
148 147 
148 17 
148 136 
148 105 
148 90 
148 122 
148 9 
148 31 
148 329 
148 37 
148 153 
148 69 
148 184 
148 140 
148 277 
148 338 
148 260 
148 309 
148 203 
148 215 
148 330 
148 236 
148 164 
148 211 
148 70 
148 253 
148 233 
148 313 
148 48 
148 67 
148 308 
148 243 
148 202 
148 44 
148 320 
148 73 
148 47 
148 60 
148 183 
148 266 
148 89 
148 174 
149 64 
149 70 
149 239 
149 311 
149 139 
149 170 
149 54 
149 90 
149 307 
149 248 
149 73 
149 130 
149 155 
149 166 
149 11 
149 80 
149 333 
149 203 
149 72 
149 243 
149 275 
149 85 
149 251 
149 339 
149 237 
149 164 
149 110 
149 140 
149 154 
149 278 
149 177 
149 0 
149 274 
149 93 
149 221 
149 23 
149 296 
149 293 
149 129 
149 148 
149 262 
149 37 
149 152 
149 185 
149 222 
149 319 
149 105 
149 17 
149 16 
149 282 
149 284 
149 228 
149 244 
149 257 
149 261 
149 318 
149 171 
149 47 
149 95 
149 263 
149 315 
149 182 
149 308 
149 134 
149 136 
149 99 
149 76 
149 33 
149 109 
149 150 
149 213 
149 235 
149 20 
149 83 
149 89 
149 116 
149 10 
149 212 
149 168 
149 88 
149 28 
149 113 
149 21 
149 176 
149 87 
149 133 
149 204 
149 107 
150 66 
150 260 
150 85 
150 261 
150 43 
150 178 
150 204 
150 34 
150 268 
150 287 
150 157 
150 265 
150 153 
150 170 
150 13 
150 159 
150 338 
150 259 
150 208 
150 69 
150 264 
150 115 
150 216 
150 138 
150 235 
150 273 
150 32 
150 40 
150 292 
150 63 
150 331 
150 166 
150 22 
150 282 
150 277 
150 8 
150 202 
150 111 
150 184 
150 86 
150 27 
150 182 
150 271 
150 15 
150 316 
150 91 
150 12 
150 210 
150 285 
150 239 
150 142 
150 248 
150 323 
150 174 
150 321 
150 252 
150 308 
150 119 
150 225 
150 71 
150 246 
150 29 
150 291 
150 177 
150 206 
150 200 
150 151 
150 299 
150 62 
150 100 
150 283 
150 295 
150 80 
150 39 
150 231 
150 156 
150 14 
150 257 
150 120 
150 294 
150 54 
150 223 
150 187 
150 317 
150 278 
150 113 
150 281 
150 315 
150 233 
150 128 
150 227 
150 117 
150 149 
150 21 
150 95 
150 97 
150 320 
150 312 
150 122 
150 243 
150 251 
150 89 
150 253 
150 98 
150 167 
150 303 
150 334 
150 5 
150 199 
150 169 
150 17 
150 118 
150 207 
150 229 
150 155 
150 242 
150 297 
150 109 
150 28 
150 73 
150 237 
150 84 
150 165 
151 289 
151 57 
151 288 
151 82 
151 78 
151 272 
151 113 
151 261 
151 100 
151 158 
151 166 
151 194 
151 12 
151 68 
151 237 
151 198 
151 97 
151 219 
151 319 
151 184 
151 43 
151 63 
151 276 
151 244 
151 44 
151 190 
151 33 
151 168 
151 255 
151 316 
151 293 
151 98 
151 264 
151 294 
151 27 
151 34 
151 322 
151 59 
151 7 
151 217 
151 2 
151 273 
151 234 
151 306 
151 52 
151 274 
151 275 
151 125 
151 1 
151 45 
151 136 
151 111 
151 209 
151 213 
151 162 
151 175 
151 75 
151 233 
151 51 
151 292 
151 65 
151 335 
151 245 
151 181 
151 283 
151 79 
151 336 
151 150 
151 341 
151 140 
151 167 
151 223 
151 64 
151 42 
151 21 
151 308 
151 177 
151 309 
151 172 
151 229 
151 302 
151 295 
151 174 
151 49 
151 214 
151 56 
151 3 
151 110 
151 89 
151 9 
151 112 
151 313 
151 66 
151 28 
151 297 
151 143 
151 50 
151 48 
151 254 
151 225 
151 232 
151 326 
152 218 
152 244 
152 314 
152 307 
152 83 
152 176 
152 188 
152 316 
152 250 
152 128 
152 7 
152 271 
152 284 
152 115 
152 84 
152 0 
152 222 
152 135 
152 255 
152 295 
152 221 
152 268 
152 18 
152 273 
152 283 
152 159 
152 38 
152 47 
152 32 
152 256 
152 13 
152 17 
152 249 
152 149 
152 25 
152 320 
152 54 
152 193 
152 146 
152 170 
152 89 
152 180 
152 239 
152 162 
152 305 
152 278 
152 90 
152 168 
152 204 
152 77 
152 291 
152 212 
152 332 
152 228 
152 3 
152 301 
152 118 
152 210 
152 126 
152 19 
152 147 
152 302 
152 262 
152 129 
152 43 
152 270 
152 185 
152 71 
152 114 
152 318 
152 177 
152 232 
152 15 
152 329 
152 223 
152 6 
152 234 
152 187 
152 265 
152 233 
152 52 
152 199 
152 82 
152 63 
152 106 
152 136 
152 196 
152 154 
152 322 
152 227 
152 133 
152 64 
152 327 
152 122 
152 337 
152 44 
152 12 
152 328 
152 248 
152 4 
152 158 
152 289 
152 134 
153 6 
153 14 
153 90 
153 114 
153 228 
153 191 
153 35 
153 21 
153 150 
153 96 
153 107 
153 243 
153 26 
153 292 
153 33 
153 190 
153 239 
153 182 
153 188 
153 321 
153 169 
153 71 
153 272 
153 286 
153 1 
153 293 
153 331 
153 330 
153 70 
153 142 
153 111 
153 72 
153 43 
153 192 
153 301 
153 318 
153 160 
153 288 
153 58 
153 171 
153 97 
153 291 
153 230 
153 13 
153 231 
153 300 
153 193 
153 121 
153 327 
153 99 
153 157 
153 325 
153 245 
153 336 
153 322 
153 42 
153 61 
153 326 
153 76 
153 145 
153 312 
153 161 
153 4 
153 38 
153 148 
153 84 
153 68 
153 139 
153 44 
153 135 
153 296 
153 119 
153 323 
153 173 
153 302 
153 258 
153 29 
153 178 
153 283 
153 174 
153 225 
153 265 
153 67 
153 257 
153 337 
153 12 
153 104 
153 59 
153 256 
153 280 
154 300 
154 17 
154 325 
154 239 
154 204 
154 289 
154 84 
154 284 
154 59 
154 242 
154 283 
154 124 
154 126 
154 81 
154 36 
154 326 
154 95 
154 16 
154 67 
154 296 
154 132 
154 149 
154 94 
154 216 
154 168 
154 130 
154 32 
154 228 
154 179 
154 288 
154 237 
154 39 
154 29 
154 201 
154 315 
154 171 
154 308 
154 301 
154 58 
154 26 
154 286 
154 209 
154 258 
154 66 
154 221 
154 188 
154 271 
154 63 
154 21 
154 37 
154 10 
154 274 
154 28 
154 43 
154 86 
154 231 
154 123 
154 218 
154 314 
154 278 
154 317 
154 241 
154 125 
154 144 
154 121 
154 212 
154 158 
154 82 
154 185 
154 222 
154 313 
154 169 
154 108 
154 230 
154 77 
154 139 
154 78 
154 49 
154 79 
154 234 
154 304 
154 152 
154 243 
154 332 
154 306 
154 3 
154 340 
154 1 
154 51 
154 178 
154 198 
154 107 
154 115 
154 131 
154 31 
154 293 
154 254 
154 99 
154 246 
154 91 
154 101 
154 336 
154 275 
154 111 
154 177 
154 208 
155 100 
155 229 
155 290 
155 288 
155 91 
155 146 
155 300 
155 6 
155 161 
155 149 
155 199 
155 57 
155 276 
155 79 
155 324 
155 61 
155 223 
155 117 
155 279 
155 262 
155 108 
155 118 
155 187 
155 45 
155 186 
155 196 
155 303 
155 168 
155 158 
155 310 
155 293 
155 249 
155 273 
155 340 
155 4 
155 143 
155 87 
155 255 
155 14 
155 283 
155 316 
155 137 
155 60 
155 248 
155 49 
155 175 
155 190 
155 333 
155 35 
155 184 
155 43 
155 214 
155 25 
155 192 
155 286 
155 50 
155 185 
155 112 
155 120 
155 38 
155 336 
155 125 
155 241 
155 203 
155 250 
155 220 
155 84 
155 304 
155 106 
155 48 
155 56 
155 326 
155 94 
155 321 
155 274 
155 111 
155 1 
155 332 
155 11 
155 173 
155 138 
155 234 
155 30 
155 224 
155 284 
155 305 
155 314 
155 144 
155 230 
155 319 
155 12 
155 188 
155 181 
155 13 
155 150 
155 134 
156 285 
156 14 
156 91 
156 133 
156 214 
156 165 
156 256 
156 184 
156 301 
156 266 
156 291 
156 103 
156 258 
156 252 
156 143 
156 212 
156 110 
156 157 
156 119 
156 321 
156 237 
156 63 
156 259 
156 226 
156 293 
156 264 
156 7 
156 172 
156 329 
156 42 
156 271 
156 230 
156 284 
156 193 
156 95 
156 224 
156 51 
156 222 
156 326 
156 275 
156 324 
156 127 
156 25 
156 80 
156 322 
156 46 
156 341 
156 225 
156 227 
156 247 
156 163 
156 66 
156 276 
156 31 
156 54 
156 118 
156 205 
156 309 
156 111 
156 18 
156 334 
156 192 
156 304 
156 20 
156 243 
156 150 
156 331 
156 317 
156 50 
156 242 
156 333 
156 283 
156 277 
156 233 
156 191 
156 280 
156 27 
156 142 
156 302 
156 290 
156 52 
156 147 
156 181 
156 215 
156 38 
156 289 
156 168 
156 2 
156 145 
156 327 
156 47 
156 82 
156 161 
156 12 
156 323 
156 314 
156 211 
156 29 
157 144 
157 335 
157 104 
157 230 
157 233 
157 103 
157 224 
157 36 
157 291 
157 40 
157 150 
157 35 
157 298 
157 57 
157 56 
157 50 
157 41 
157 128 
157 333 
157 184 
157 156 
157 317 
157 127 
157 97 
157 110 
157 19 
157 216 
157 247 
157 87 
157 330 
157 289 
157 146 
157 54 
157 232 
157 175 
157 191 
157 225 
157 115 
157 9 
157 111 
157 262 
157 98 
157 307 
157 218 
157 205 
157 327 
157 42 
157 264 
157 143 
157 278 
157 1 
157 212 
157 125 
157 281 
157 316 
157 252 
157 71 
157 55 
157 341 
157 117 
157 313 
157 324 
157 8 
157 82 
157 153 
157 171 
157 100 
157 93 
157 215 
157 329 
157 53 
157 49 
157 131 
157 193 
157 185 
157 198 
157 326 
157 61 
157 197 
157 227 
157 75 
157 170 
157 295 
157 47 
157 211 
157 257 
157 332 
157 33 
157 79 
157 300 
157 133 
157 86 
157 285 
157 13 
157 190 
157 273 
157 334 
157 169 
157 255 
157 204 
157 226 
157 260 
157 180 
157 90 
157 26 
157 80 
157 245 
157 268 
157 207 
157 74 
157 102 
157 11 
157 331 
157 304 
158 112 
158 179 
158 275 
158 194 
158 9 
158 75 
158 12 
158 90 
158 1 
158 225 
158 280 
158 306 
158 314 
158 151 
158 120 
158 284 
158 21 
158 290 
158 53 
158 320 
158 24 
158 215 
158 293 
158 68 
158 183 
158 185 
158 169 
158 34 
158 142 
158 155 
158 274 
158 174 
158 4 
158 138 
158 27 
158 129 
158 52 
158 124 
158 192 
158 121 
158 59 
158 109 
158 338 
158 86 
158 244 
158 5 
158 234 
158 61 
158 224 
158 137 
158 339 
158 117 
158 77 
158 242 
158 162 
158 321 
158 73 
158 47 
158 254 
158 265 
158 11 
158 336 
158 180 
158 108 
158 168 
158 92 
158 154 
158 26 
158 62 
158 135 
158 67 
158 340 
158 7 
158 206 
158 288 
158 295 
158 10 
158 13 
158 299 
158 76 
158 278 
158 140 
158 125 
158 44 
158 87 
158 46 
158 309 
158 276 
158 310 
158 251 
158 301 
158 285 
158 95 
158 209 
158 324 
158 152 
158 195 
158 160 
158 260 
158 123 
159 18 
159 87 
159 50 
159 160 
159 127 
159 285 
159 212 
159 180 
159 124 
159 150 
159 68 
159 314 
159 64 
159 177 
159 115 
159 172 
159 102 
159 219 
159 29 
159 175 
159 125 
159 269 
159 335 
159 120 
159 152 
159 32 
159 226 
159 251 
159 106 
159 301 
159 132 
159 71 
159 282 
159 306 
159 195 
159 99 
159 119 
159 240 
159 206 
159 235 
159 286 
159 73 
159 307 
159 38 
159 112 
159 134 
159 187 
159 3 
159 320 
159 63 
159 65 
159 296 
159 253 
159 294 
159 340 
159 1 
159 313 
159 135 
159 292 
159 11 
159 321 
159 92 
159 101 
159 143 
159 33 
159 209 
159 117 
159 105 
159 305 
159 248 
159 218 
159 199 
159 256 
159 8 
159 309 
159 113 
159 204 
159 262 
159 183 
159 19 
159 62 
159 311 
159 259 
159 234 
159 237 
159 287 
159 334 
159 233 
159 136 
159 247 
159 46 
159 242 
159 297 
159 144 
159 90 
159 30 
159 229 
159 303 
159 25 
159 35 
160 159 
160 51 
160 326 
160 163 
160 96 
160 320 
160 324 
160 334 
160 164 
160 333 
160 171 
160 177 
160 335 
160 220 
160 48 
160 42 
160 45 
160 15 
160 304 
160 294 
160 175 
160 111 
160 233 
160 142 
160 9 
160 278 
160 27 
160 311 
160 62 
160 336 
160 101 
160 277 
160 153 
160 223 
160 8 
160 194 
160 138 
160 69 
160 39 
160 65 
160 3 
160 112 
160 280 
160 276 
160 7 
160 36 
160 72 
160 145 
160 169 
160 107 
160 59 
160 135 
160 249 
160 93 
160 49 
160 316 
160 52 
160 339 
160 22 
160 92 
160 234 
160 341 
160 319 
160 305 
160 247 
160 231 
160 6 
160 30 
160 266 
160 73 
160 230 
160 202 
160 77 
160 91 
160 132 
160 106 
160 188 
160 302 
160 5 
160 308 
160 76 
160 189 
160 192 
160 292 
160 222 
160 235 
160 248 
160 53 
160 232 
160 283 
160 108 
160 295 
160 20 
160 95 
160 263 
160 217 
160 97 
160 244 
160 301 
160 158 
161 53 
161 189 
161 328 
161 178 
161 240 
161 20 
161 155 
161 255 
161 251 
161 74 
161 86 
161 272 
161 176 
161 58 
161 196 
161 90 
161 81 
161 44 
161 111 
161 1 
161 126 
161 21 
161 185 
161 113 
161 108 
161 119 
161 219 
161 56 
161 97 
161 72 
161 95 
161 238 
161 339 
161 82 
161 215 
161 297 
161 83 
161 69 
161 310 
161 9 
161 169 
161 114 
161 115 
161 252 
161 88 
161 246 
161 4 
161 174 
161 148 
161 36 
161 199 
161 131 
161 19 
161 218 
161 129 
161 26 
161 147 
161 63 
161 223 
161 153 
161 99 
161 319 
161 75 
161 96 
161 11 
161 209 
161 318 
161 236 
161 265 
161 33 
161 59 
161 274 
161 323 
161 302 
161 62 
161 193 
161 91 
161 124 
161 32 
161 334 
161 100 
161 25 
161 3 
161 188 
161 245 
161 235 
161 156 
161 270 
161 28 
161 250 
161 118 
161 84 
161 227 
161 0 
161 224 
161 228 
161 211 
162 254 
162 275 
162 259 
162 215 
162 274 
162 113 
162 69 
162 292 
162 180 
162 263 
162 248 
162 281 
162 201 
162 296 
162 55 
162 208 
162 139 
162 191 
162 114 
162 183 
162 326 
162 122 
162 250 
162 169 
162 2 
162 235 
162 182 
162 20 
162 185 
162 268 
162 212 
162 331 
162 44 
162 337 
162 175 
162 29 
162 267 
162 26 
162 334 
162 151 
162 320 
162 152 
162 217 
162 158 
162 134 
162 213 
162 258 
162 104 
162 174 
162 252 
162 285 
162 186 
162 230 
162 237 
162 206 
162 241 
162 207 
162 82 
162 35 
162 257 
162 91 
162 12 
162 107 
162 270 
162 24 
162 47 
162 63 
162 223 
162 287 
162 129 
162 339 
162 117 
162 199 
162 51 
162 92 
162 196 
162 168 
162 0 
162 314 
162 131 
162 27 
162 329 
162 79 
162 317 
162 321 
162 93 
162 310 
162 303 
162 116 
162 123 
162 118 
162 279 
162 58 
162 106 
162 95 
163 160 
163 78 
163 42 
163 115 
163 262 
163 58 
163 222 
163 235 
163 280 
163 127 
163 88 
163 309 
163 164 
163 64 
163 126 
163 44 
163 315 
163 286 
163 193 
163 63 
163 139 
163 203 
163 179 
163 52 
163 104 
163 251 
163 92 
163 16 
163 105 
163 296 
163 312 
163 28 
163 20 
163 98 
163 199 
163 293 
163 339 
163 283 
163 334 
163 278 
163 250 
163 72 
163 109 
163 53 
163 0 
163 290 
163 265 
163 102 
163 106 
163 258 
163 189 
163 9 
163 129 
163 69 
163 122 
163 156 
163 123 
163 40 
163 26 
163 7 
163 228 
163 268 
163 36 
163 15 
163 177 
163 76 
163 77 
163 117 
163 87 
163 327 
163 85 
163 86 
163 89 
163 270 
163 142 
163 238 
163 297 
163 59 
163 260 
163 294 
163 242 
163 257 
163 244 
163 113 
163 331 
163 252 
163 19 
163 140 
163 99 
163 328 
163 128 
163 81 
163 200 
163 176 
163 33 
163 306 
164 214 
164 241 
164 11 
164 337 
164 252 
164 328 
164 319 
164 160 
164 101 
164 170 
164 169 
164 187 
164 245 
164 268 
164 163 
164 79 
164 257 
164 294 
164 144 
164 305 
164 143 
164 246 
164 19 
164 127 
164 64 
164 275 
164 149 
164 218 
164 231 
164 264 
164 32 
164 26 
164 198 
164 184 
164 72 
164 168 
164 84 
164 311 
164 108 
164 209 
164 233 
164 210 
164 102 
164 243 
164 238 
164 172 
164 117 
164 22 
164 203 
164 100 
164 10 
164 21 
164 217 
164 253 
164 136 
164 263 
164 290 
164 113 
164 232 
164 193 
164 297 
164 278 
164 190 
164 177 
164 273 
164 301 
164 18 
164 259 
164 41 
164 298 
164 82 
164 33 
164 336 
164 182 
164 36 
164 24 
164 103 
164 171 
164 147 
164 199 
164 230 
164 224 
164 57 
164 52 
164 139 
164 295 
164 306 
164 314 
164 13 
164 216 
164 327 
164 148 
164 166 
164 265 
164 12 
164 280 
164 124 
164 37 
164 188 
164 189 
164 272 
164 288 
164 74 
164 129 
164 27 
164 200 
165 246 
165 323 
165 295 
165 156 
165 329 
165 54 
165 73 
165 319 
165 136 
165 255 
165 301 
165 40 
165 316 
165 5 
165 254 
165 270 
165 252 
165 173 
165 26 
165 313 
165 46 
165 227 
165 241 
165 182 
165 203 
165 284 
165 93 
165 125 
165 223 
165 271 
165 101 
165 47 
165 141 
165 127 
165 310 
165 31 
165 256 
165 113 
165 302 
165 308 
165 334 
165 184 
165 179 
165 6 
165 146 
165 124 
165 309 
165 57 
165 22 
165 74 
165 281 
165 44 
165 86 
165 95 
165 134 
165 259 
165 32 
165 186 
165 21 
165 245 
165 128 
165 148 
165 277 
165 260 
165 77 
165 239 
165 211 
165 138 
165 224 
165 88 
165 322 
165 199 
165 42 
165 236 
165 233 
165 180 
165 122 
165 112 
165 12 
165 107 
165 52 
165 240 
165 143 
165 191 
165 11 
165 298 
165 303 
165 98 
165 183 
165 133 
165 336 
165 96 
165 177 
165 225 
165 91 
165 238 
165 36 
165 253 
165 168 
165 333 
165 207 
165 19 
165 49 
165 51 
165 166 
165 293 
165 275 
165 123 
165 126 
165 76 
165 72 
165 314 
165 210 
165 194 
165 150 
166 250 
166 45 
166 60 
166 70 
166 111 
166 80 
166 149 
166 240 
166 177 
166 277 
166 179 
166 151 
166 259 
166 105 
166 249 
166 4 
166 9 
166 61 
166 128 
166 150 
166 106 
166 210 
166 184 
166 296 
166 174 
166 0 
166 299 
166 71 
166 223 
166 67 
166 22 
166 311 
166 146 
166 29 
166 115 
166 293 
166 117 
166 92 
166 225 
166 201 
166 66 
166 261 
166 333 
166 230 
166 193 
166 341 
166 251 
166 286 
166 122 
166 195 
166 8 
166 26 
166 245 
166 270 
166 49 
166 297 
166 295 
166 268 
166 272 
166 13 
166 46 
166 53 
166 31 
166 11 
166 24 
166 95 
166 274 
166 14 
166 34 
166 254 
166 242 
166 89 
166 57 
166 164 
166 283 
166 55 
166 36 
166 200 
166 171 
166 227 
166 21 
166 290 
166 165 
166 217 
166 107 
166 334 
166 284 
166 134 
166 7 
166 48 
166 120 
166 300 
167 97 
167 184 
167 137 
167 78 
167 308 
167 70 
167 68 
167 224 
167 299 
167 266 
167 87 
167 57 
167 7 
167 24 
167 197 
167 310 
167 192 
167 189 
167 225 
167 301 
167 106 
167 237 
167 22 
167 278 
167 265 
167 202 
167 223 
167 195 
167 100 
167 37 
167 94 
167 284 
167 114 
167 11 
167 293 
167 123 
167 296 
167 330 
167 88 
167 79 
167 337 
167 132 
167 283 
167 122 
167 206 
167 55 
167 215 
167 230 
167 182 
167 240 
167 172 
167 303 
167 329 
167 251 
167 99 
167 180 
167 85 
167 109 
167 295 
167 268 
167 255 
167 84 
167 77 
167 134 
167 52 
167 151 
167 210 
167 83 
167 333 
167 107 
167 141 
167 51 
167 242 
167 1 
167 12 
167 213 
167 314 
167 126 
167 9 
167 179 
167 86 
167 63 
167 279 
167 216 
167 262 
167 117 
167 257 
167 173 
167 220 
167 325 
167 247 
167 335 
167 80 
167 239 
167 246 
167 25 
167 30 
167 252 
167 190 
167 61 
167 248 
167 150 
167 177 
167 130 
167 227 
167 322 
167 238 
167 143 
167 49 
167 38 
167 200 
167 188 
167 62 
167 115 
167 297 
167 232 
167 196 
167 321 
167 56 
167 45 
167 73 
168 108 
168 79 
168 318 
168 236 
168 141 
168 272 
168 198 
168 143 
168 305 
168 138 
168 145 
168 26 
168 267 
168 3 
168 317 
168 116 
168 146 
168 324 
168 277 
168 21 
168 289 
168 274 
168 179 
168 94 
168 234 
168 60 
168 96 
168 151 
168 17 
168 155 
168 148 
168 154 
168 240 
168 65 
168 78 
168 299 
168 5 
168 189 
168 73 
168 12 
168 180 
168 244 
168 164 
168 335 
168 290 
168 36 
168 91 
168 28 
168 86 
168 101 
168 231 
168 252 
168 323 
168 122 
168 51 
168 222 
168 72 
168 52 
168 312 
168 127 
168 191 
168 152 
168 11 
168 170 
168 41 
168 302 
168 235 
168 158 
168 115 
168 42 
168 121 
168 253 
168 46 
168 53 
168 134 
168 27 
168 173 
168 340 
168 320 
168 34 
168 211 
168 329 
168 137 
168 232 
168 162 
168 249 
168 333 
168 156 
168 33 
168 165 
168 149 
168 171 
168 284 
168 23 
168 278 
168 212 
168 113 
168 247 
168 279 
168 182 
169 129 
169 15 
169 68 
169 251 
169 214 
169 315 
169 76 
169 278 
169 272 
169 57 
169 66 
169 41 
169 164 
169 4 
169 153 
169 106 
169 232 
169 11 
169 27 
169 312 
169 300 
169 254 
169 71 
169 249 
169 9 
169 158 
169 337 
169 162 
169 303 
169 175 
169 143 
169 138 
169 38 
169 181 
169 248 
169 228 
169 255 
169 161 
169 69 
169 185 
169 13 
169 283 
169 98 
169 24 
169 67 
169 112 
169 86 
169 125 
169 322 
169 221 
169 241 
169 121 
169 8 
169 160 
169 50 
169 7 
169 188 
169 3 
169 292 
169 274 
169 299 
169 240 
169 319 
169 141 
169 197 
169 81 
169 189 
169 307 
169 293 
169 316 
169 154 
169 331 
169 269 
169 122 
169 90 
169 135 
169 339 
169 268 
169 144 
169 224 
169 296 
169 327 
169 140 
169 14 
169 48 
169 264 
169 58 
169 37 
169 187 
169 216 
169 199 
169 237 
169 49 
169 226 
169 134 
169 157 
169 341 
169 150 
169 120 
169 107 
169 330 
169 222 
169 200 
169 40 
169 217 
169 80 
169 115 
169 340 
169 91 
169 210 
170 225 
170 323 
170 48 
170 277 
170 149 
170 0 
170 214 
170 325 
170 110 
170 146 
170 150 
170 258 
170 336 
170 326 
170 125 
170 327 
170 4 
170 177 
170 164 
170 35 
170 328 
170 230 
170 5 
170 208 
170 301 
170 69 
170 203 
170 102 
170 26 
170 281 
170 13 
170 104 
170 88 
170 1 
170 89 
170 108 
170 95 
170 118 
170 31 
170 16 
170 226 
170 116 
170 49 
170 195 
170 148 
170 152 
170 227 
170 10 
170 241 
170 249 
170 265 
170 67 
170 111 
170 213 
170 107 
170 56 
170 220 
170 338 
170 184 
170 168 
170 255 
170 105 
170 262 
170 37 
170 178 
170 207 
170 32 
170 147 
170 132 
170 237 
170 209 
170 248 
170 189 
170 330 
170 183 
170 157 
170 216 
170 171 
170 313 
170 268 
170 135 
170 131 
170 341 
170 68 
170 52 
170 136 
170 122 
170 247 
170 297 
170 191 
170 274 
170 182 
170 273 
170 19 
170 293 
170 140 
170 257 
170 289 
171 6 
171 186 
171 37 
171 0 
171 205 
171 172 
171 160 
171 68 
171 339 
171 71 
171 130 
171 336 
171 147 
171 141 
171 64 
171 277 
171 340 
171 275 
171 41 
171 337 
171 199 
171 131 
171 93 
171 301 
171 302 
171 274 
171 191 
171 127 
171 52 
171 247 
171 266 
171 331 
171 81 
171 32 
171 136 
171 208 
171 154 
171 153 
171 255 
171 231 
171 137 
171 145 
171 181 
171 117 
171 104 
171 180 
171 280 
171 95 
171 149 
171 33 
171 250 
171 157 
171 271 
171 273 
171 12 
171 295 
171 183 
171 134 
171 334 
171 224 
171 110 
171 120 
171 135 
171 206 
171 330 
171 219 
171 312 
171 31 
171 25 
171 27 
171 28 
171 176 
171 170 
171 164 
171 39 
171 119 
171 310 
171 187 
171 140 
171 311 
171 260 
171 129 
171 218 
171 221 
171 298 
171 270 
171 15 
171 193 
171 60 
171 113 
171 192 
171 13 
171 42 
171 258 
171 207 
171 168 
171 166 
171 241 
171 50 
171 209 
171 190 
171 228 
171 109 
171 36 
171 22 
171 269 
171 225 
171 83 
171 23 
171 47 
172 254 
172 98 
172 78 
172 278 
172 202 
172 311 
172 80 
172 192 
172 171 
172 232 
172 95 
172 9 
172 203 
172 159 
172 299 
172 61 
172 131 
172 288 
172 122 
172 314 
172 49 
172 55 
172 124 
172 2 
172 54 
172 156 
172 264 
172 323 
172 333 
172 228 
172 135 
172 65 
172 293 
172 111 
172 201 
172 320 
172 79 
172 14 
172 185 
172 93 
172 1 
172 218 
172 216 
172 102 
172 257 
172 16 
172 42 
172 167 
172 164 
172 194 
172 145 
172 94 
172 76 
172 240 
172 37 
172 120 
172 96 
172 46 
172 112 
172 227 
172 280 
172 252 
172 181 
172 263 
172 285 
172 179 
172 90 
172 63 
172 242 
172 115 
172 29 
172 292 
172 266 
172 178 
172 6 
172 251 
172 151 
172 92 
172 116 
172 247 
172 68 
172 310 
172 60 
172 32 
172 183 
172 97 
172 53 
172 38 
172 108 
172 82 
172 291 
172 325 
172 258 
172 119 
172 117 
172 62 
172 196 
172 103 
172 25 
172 56 
172 134 
172 34 
172 236 
172 326 
172 51 
172 270 
172 341 
173 305 
173 208 
173 182 
173 3 
173 91 
173 258 
173 278 
173 339 
173 225 
173 165 
173 259 
173 17 
173 195 
173 204 
173 327 
173 251 
173 239 
173 186 
173 93 
173 70 
173 187 
173 51 
173 194 
173 202 
173 113 
173 271 
173 321 
173 338 
173 109 
173 111 
173 191 
173 250 
173 10 
173 282 
173 323 
173 99 
173 31 
173 292 
173 26 
173 54 
173 341 
173 188 
173 319 
173 139 
173 209 
173 16 
173 18 
173 29 
173 256 
173 63 
173 64 
173 228 
173 307 
173 60 
173 174 
173 124 
173 242 
173 317 
173 30 
173 102 
173 40 
173 300 
173 2 
173 219 
173 48 
173 98 
173 168 
173 167 
173 183 
173 75 
173 116 
173 19 
173 83 
173 94 
173 153 
173 329 
173 66 
173 291 
173 273 
173 155 
173 146 
173 135 
173 249 
173 224 
173 216 
173 289 
173 133 
173 261 
173 96 
173 108 
173 97 
173 241 
174 296 
174 22 
174 86 
174 75 
174 299 
174 134 
174 301 
174 144 
174 290 
174 99 
174 18 
174 340 
174 59 
174 125 
174 61 
174 282 
174 320 
174 176 
174 0 
174 135 
174 197 
174 204 
174 295 
174 17 
174 180 
174 39 
174 268 
174 203 
174 241 
174 65 
174 105 
174 179 
174 325 
174 158 
174 111 
174 166 
174 107 
174 35 
174 69 
174 307 
174 267 
174 56 
174 100 
174 253 
174 312 
174 8 
174 181 
174 16 
174 150 
174 287 
174 34 
174 128 
174 200 
174 293 
174 175 
174 214 
174 21 
174 112 
174 19 
174 98 
174 139 
174 49 
174 161 
174 162 
174 173 
174 207 
174 335 
174 13 
174 233 
174 331 
174 117 
174 275 
174 89 
174 243 
174 11 
174 291 
174 1 
174 260 
174 193 
174 151 
174 137 
174 132 
174 142 
174 292 
174 317 
174 310 
174 64 
174 224 
174 189 
174 198 
174 101 
174 244 
174 276 
174 6 
174 330 
174 219 
174 314 
174 153 
174 92 
174 279 
174 79 
174 252 
174 129 
174 62 
174 195 
174 316 
174 148 
174 27 
175 41 
175 314 
175 144 
175 334 
175 48 
175 145 
175 269 
175 178 
175 96 
175 207 
175 227 
175 61 
175 249 
175 128 
175 44 
175 32 
175 222 
175 29 
175 46 
175 19 
175 325 
175 303 
175 53 
175 24 
175 160 
175 75 
175 224 
175 113 
175 159 
175 169 
175 157 
175 85 
175 201 
175 73 
175 65 
175 40 
175 230 
175 162 
175 108 
175 143 
175 125 
175 188 
175 54 
175 93 
175 328 
175 300 
175 199 
175 244 
175 341 
175 281 
175 174 
175 279 
175 70 
175 151 
175 181 
175 313 
175 182 
175 155 
175 2 
175 127 
175 238 
175 262 
175 237 
175 45 
175 0 
175 79 
175 266 
175 315 
175 139 
175 233 
175 255 
175 277 
175 64 
175 92 
175 283 
175 123 
175 239 
175 330 
175 254 
175 204 
175 89 
175 179 
175 80 
175 114 
175 257 
175 82 
175 129 
175 301 
175 217 
175 120 
175 286 
175 57 
175 192 
175 256 
175 304 
175 197 
175 110 
175 1 
175 42 
175 211 
175 26 
175 9 
175 55 
175 200 
175 102 
175 35 
176 85 
176 25 
176 224 
176 97 
176 29 
176 42 
176 250 
176 201 
176 254 
176 152 
176 286 
176 282 
176 161 
176 281 
176 245 
176 231 
176 174 
176 264 
176 255 
176 285 
176 248 
176 112 
176 79 
176 252 
176 189 
176 217 
176 193 
176 215 
176 200 
176 116 
176 253 
176 15 
176 321 
176 72 
176 324 
176 66 
176 320 
176 209 
176 121 
176 5 
176 125 
176 17 
176 280 
176 180 
176 185 
176 296 
176 148 
176 64 
176 11 
176 335 
176 238 
176 52 
176 322 
176 289 
176 95 
176 199 
176 278 
176 70 
176 221 
176 143 
176 240 
176 244 
176 30 
176 38 
176 132 
176 242 
176 197 
176 49 
176 82 
176 57 
176 315 
176 273 
176 277 
176 71 
176 304 
176 8 
176 336 
176 313 
176 171 
176 206 
176 290 
176 136 
176 270 
176 190 
176 265 
176 214 
176 295 
176 33 
176 98 
176 339 
176 48 
176 208 
176 99 
176 50 
176 31 
176 124 
176 149 
176 163 
177 280 
177 143 
177 126 
177 0 
177 13 
177 339 
177 2 
177 197 
177 1 
177 160 
177 32 
177 33 
177 243 
177 170 
177 9 
177 159 
177 166 
177 51 
177 108 
177 98 
177 269 
177 19 
177 253 
177 146 
177 211 
177 138 
177 65 
177 233 
177 262 
177 263 
177 132 
177 210 
177 105 
177 149 
177 289 
177 202 
177 48 
177 223 
177 219 
177 46 
177 133 
177 274 
177 36 
177 117 
177 316 
177 319 
177 58 
177 217 
177 17 
177 147 
177 20 
177 99 
177 281 
177 134 
177 341 
177 90 
177 199 
177 249 
177 190 
177 103 
177 307 
177 256 
177 52 
177 150 
177 212 
177 135 
177 163 
177 131 
177 337 
177 73 
177 151 
177 164 
177 152 
177 53 
177 77 
177 336 
177 123 
177 257 
177 238 
177 113 
177 27 
177 311 
177 264 
177 30 
177 4 
177 178 
177 137 
177 271 
177 6 
177 333 
177 331 
177 165 
177 25 
177 321 
177 299 
177 167 
177 63 
177 144 
177 301 
177 320 
177 288 
177 291 
177 84 
177 330 
177 45 
177 14 
177 5 
177 154 
177 140 
178 99 
178 118 
178 318 
178 161 
178 150 
178 86 
178 123 
178 175 
178 144 
178 48 
178 19 
178 104 
178 241 
178 125 
178 340 
178 260 
178 249 
178 90 
178 321 
178 201 
178 98 
178 220 
178 214 
178 337 
178 252 
178 135 
178 216 
178 128 
178 51 
178 324 
178 23 
178 44 
178 331 
178 297 
178 265 
178 117 
178 336 
178 80 
178 72 
178 226 
178 234 
178 4 
178 170 
178 267 
178 121 
178 186 
178 187 
178 309 
178 26 
178 277 
178 245 
178 172 
178 41 
178 190 
178 71 
178 35 
178 341 
178 268 
178 199 
178 282 
178 209 
178 223 
178 177 
178 73 
178 108 
178 215 
178 211 
178 0 
178 1 
178 339 
178 10 
178 95 
178 16 
178 28 
178 224 
178 5 
178 246 
178 18 
178 203 
178 136 
178 55 
178 235 
178 96 
178 323 
178 154 
178 140 
178 153 
178 304 
178 230 
178 317 
178 294 
178 285 
178 296 
178 120 
178 6 
178 145 
178 231 
179 189 
179 252 
179 158 
179 304 
179 260 
179 70 
179 145 
179 242 
179 249 
179 28 
179 251 
179 43 
179 272 
179 270 
179 58 
179 166 
179 213 
179 318 
179 32 
179 141 
179 163 
179 168 
179 211 
179 205 
179 106 
179 335 
179 299 
179 26 
179 221 
179 174 
179 306 
179 154 
179 281 
179 7 
179 262 
179 288 
179 148 
179 107 
179 40 
179 246 
179 336 
179 15 
179 192 
179 82 
179 165 
179 218 
179 225 
179 226 
179 216 
179 122 
179 57 
179 233 
179 116 
179 316 
179 290 
179 76 
179 54 
179 83 
179 297 
179 101 
179 199 
179 172 
179 35 
179 188 
179 80 
179 167 
179 317 
179 114 
179 4 
179 77 
179 132 
179 244 
179 94 
179 90 
179 175 
179 112 
179 332 
179 91 
179 103 
179 196 
179 241 
179 84 
179 300 
179 134 
179 36 
179 208 
179 340 
179 124 
179 113 
179 38 
179 303 
179 44 
179 119 
179 46 
179 68 
179 65 
179 207 
179 190 
179 325 
180 62 
180 220 
180 248 
180 159 
180 146 
180 196 
180 117 
180 162 
180 275 
180 200 
180 174 
180 327 
180 265 
180 0 
180 50 
180 247 
180 32 
180 225 
180 168 
180 267 
180 122 
180 71 
180 339 
180 79 
180 69 
180 269 
180 207 
180 176 
180 51 
180 45 
180 229 
180 101 
180 152 
180 167 
180 114 
180 48 
180 80 
180 171 
180 268 
180 199 
180 310 
180 47 
180 285 
180 29 
180 97 
180 113 
180 158 
180 291 
180 81 
180 28 
180 203 
180 26 
180 115 
180 165 
180 75 
180 230 
180 58 
180 57 
180 319 
180 335 
180 222 
180 221 
180 10 
180 205 
180 44 
180 4 
180 313 
180 284 
180 263 
180 243 
180 258 
180 132 
180 106 
180 84 
180 320 
180 279 
180 143 
180 185 
180 157 
180 127 
180 234 
180 123 
180 283 
180 195 
180 33 
180 340 
180 12 
180 116 
181 147 
181 201 
181 237 
181 43 
181 101 
181 219 
181 221 
181 9 
181 258 
181 248 
181 188 
181 282 
181 198 
181 2 
181 41 
181 85 
181 186 
181 1 
181 184 
181 146 
181 68 
181 260 
181 229 
181 76 
181 169 
181 64 
181 257 
181 228 
181 300 
181 218 
181 222 
181 235 
181 337 
181 78 
181 35 
181 61 
181 14 
181 174 
181 48 
181 325 
181 249 
181 121 
181 175 
181 171 
181 224 
181 189 
181 264 
181 288 
181 112 
181 151 
181 269 
181 172 
181 111 
181 216 
181 277 
181 113 
181 296 
181 263 
181 82 
181 39 
181 106 
181 133 
181 233 
181 246 
181 275 
181 119 
181 272 
181 31 
181 15 
181 183 
181 231 
181 303 
181 56 
181 5 
181 125 
181 339 
181 314 
181 60 
181 145 
181 91 
181 62 
181 156 
181 26 
181 103 
181 25 
181 206 
181 313 
181 270 
181 196 
181 6 
181 289 
181 286 
181 253 
181 207 
181 332 
181 155 
181 110 
181 278 
182 173 
182 241 
182 108 
182 324 
182 310 
182 282 
182 40 
182 335 
182 298 
182 250 
182 128 
182 5 
182 153 
182 165 
182 25 
182 270 
182 246 
182 295 
182 47 
182 192 
182 19 
182 7 
182 54 
182 50 
182 46 
182 132 
182 81 
182 53 
182 162 
182 114 
182 238 
182 80 
182 150 
182 197 
182 3 
182 30 
182 64 
182 281 
182 167 
182 213 
182 307 
182 24 
182 317 
182 186 
182 329 
182 184 
182 58 
182 41 
182 191 
182 308 
182 72 
182 208 
182 22 
182 175 
182 37 
182 92 
182 201 
182 274 
182 302 
182 17 
182 32 
182 68 
182 291 
182 297 
182 290 
182 296 
182 130 
182 122 
182 74 
182 149 
182 271 
182 164 
182 336 
182 311 
182 95 
182 265 
182 234 
182 123 
182 263 
182 267 
182 269 
182 230 
182 232 
182 28 
182 102 
182 207 
182 334 
182 83 
182 190 
182 322 
182 189 
182 96 
182 79 
182 138 
182 261 
182 118 
182 2 
182 170 
182 103 
182 76 
182 99 
182 26 
182 49 
182 203 
182 33 
182 115 
182 216 
182 168 
182 55 
183 314 
183 315 
183 300 
183 262 
183 243 
183 301 
183 310 
183 309 
183 335 
183 95 
183 281 
183 224 
183 26 
183 2 
183 195 
183 223 
183 62 
183 271 
183 294 
183 70 
183 203 
183 29 
183 303 
183 328 
183 162 
183 158 
183 45 
183 28 
183 270 
183 113 
183 257 
183 339 
183 211 
183 99 
183 200 
183 283 
183 194 
183 128 
183 334 
183 298 
183 24 
183 125 
183 220 
183 5 
183 240 
183 133 
183 9 
183 289 
183 130 
183 78 
183 286 
183 75 
183 285 
183 94 
183 324 
183 198 
183 225 
183 66 
183 171 
183 297 
183 330 
183 313 
183 264 
183 104 
183 89 
183 117 
183 295 
183 123 
183 170 
183 205 
183 181 
183 76 
183 307 
183 312 
183 234 
183 172 
183 322 
183 337 
183 216 
183 173 
183 37 
183 185 
183 165 
183 326 
183 252 
183 4 
183 159 
183 245 
183 248 
183 259 
183 31 
183 331 
183 308 
183 239 
183 54 
183 325 
183 191 
183 306 
183 53 
183 148 
183 329 
183 232 
183 13 
184 167 
184 229 
184 235 
184 230 
184 66 
184 130 
184 61 
184 44 
184 16 
184 58 
184 156 
184 113 
184 52 
184 81 
184 286 
184 43 
184 243 
184 30 
184 157 
184 57 
184 306 
184 76 
184 78 
184 151 
184 309 
184 329 
184 214 
184 218 
184 256 
184 1 
184 181 
184 3 
184 143 
184 105 
184 166 
184 150 
184 83 
184 207 
184 114 
184 164 
184 339 
184 233 
184 79 
184 165 
184 239 
184 115 
184 238 
184 63 
184 211 
184 26 
184 341 
184 25 
184 267 
184 15 
184 62 
184 182 
184 206 
184 69 
184 326 
184 203 
184 301 
184 193 
184 60 
184 303 
184 170 
184 128 
184 155 
184 7 
184 124 
184 324 
184 288 
184 119 
184 106 
184 104 
184 204 
184 56 
184 291 
184 227 
184 148 
184 135 
184 85 
184 120 
184 228 
184 308 
184 117 
184 116 
184 132 
184 145 
184 90 
184 9 
184 147 
184 265 
184 280 
184 89 
184 290 
184 11 
184 255 
184 191 
184 338 
184 253 
185 105 
185 18 
185 297 
185 207 
185 132 
185 214 
185 88 
185 263 
185 337 
185 55 
185 148 
185 328 
185 243 
185 259 
185 195 
185 97 
185 81 
185 22 
185 140 
185 233 
185 198 
185 43 
185 320 
185 161 
185 197 
185 187 
185 139 
185 53 
185 135 
185 267 
185 158 
185 96 
185 123 
185 1 
185 92 
185 162 
185 283 
185 326 
185 325 
185 172 
185 0 
185 217 
185 208 
185 90 
185 333 
185 47 
185 31 
185 277 
185 106 
185 149 
185 176 
185 69 
185 228 
185 101 
185 169 
185 196 
185 278 
185 117 
185 202 
185 13 
185 316 
185 144 
185 14 
185 51 
185 30 
185 2 
185 74 
185 143 
185 152 
185 36 
185 155 
185 157 
185 154 
185 39 
185 291 
185 334 
185 65 
185 215 
185 304 
185 9 
185 327 
185 300 
185 340 
185 183 
185 257 
185 19 
185 23 
185 27 
185 281 
185 285 
185 238 
185 317 
185 190 
185 15 
185 35 
185 289 
185 188 
185 131 
185 310 
185 216 
185 330 
185 142 
185 180 
185 109 
185 201 
185 120 
185 251 
185 209 
186 33 
186 171 
186 128 
186 332 
186 75 
186 12 
186 328 
186 290 
186 77 
186 10 
186 3 
186 108 
186 42 
186 319 
186 104 
186 61 
186 181 
186 109 
186 173 
186 231 
186 74 
186 121 
186 155 
186 62 
186 21 
186 197 
186 258 
186 295 
186 320 
186 321 
186 272 
186 190 
186 211 
186 233 
186 50 
186 192 
186 220 
186 63 
186 323 
186 125 
186 218 
186 182 
186 325 
186 327 
186 266 
186 22 
186 92 
186 291 
186 165 
186 274 
186 144 
186 4 
186 306 
186 17 
186 85 
186 98 
186 69 
186 340 
186 36 
186 137 
186 308 
186 162 
186 178 
186 267 
186 316 
186 301 
186 49 
186 28 
186 82 
186 101 
186 263 
186 196 
186 19 
186 334 
186 41 
186 294 
186 194 
186 318 
186 245 
186 333 
186 335 
186 140 
186 203 
186 329 
186 219 
186 111 
186 81 
186 78 
186 212 
186 68 
186 200 
186 217 
186 23 
186 256 
186 48 
186 15 
186 34 
186 227 
186 338 
186 330 
186 215 
186 116 
186 304 
186 242 
186 230 
186 317 
186 120 
186 315 
186 114 
187 3 
187 336 
187 229 
187 127 
187 213 
187 269 
187 271 
187 307 
187 285 
187 234 
187 111 
187 10 
187 141 
187 222 
187 134 
187 275 
187 164 
187 197 
187 131 
187 122 
187 253 
187 272 
187 303 
187 185 
187 247 
187 155 
187 0 
187 251 
187 173 
187 107 
187 301 
187 298 
187 65 
187 46 
187 230 
187 304 
187 322 
187 83 
187 233 
187 220 
187 267 
187 252 
187 117 
187 97 
187 232 
187 159 
187 227 
187 268 
187 295 
187 198 
187 29 
187 321 
187 308 
187 144 
187 235 
187 270 
187 279 
187 45 
187 113 
187 178 
187 132 
187 21 
187 288 
187 150 
187 152 
187 94 
187 70 
187 105 
187 286 
187 90 
187 248 
187 114 
187 171 
187 192 
187 66 
187 93 
187 35 
187 109 
187 169 
187 228 
187 33 
187 200 
187 23 
187 74 
187 280 
187 102 
187 34 
187 12 
187 261 
187 219 
187 62 
187 82 
187 231 
187 294 
187 196 
187 338 
188 272 
188 308 
188 116 
188 293 
188 152 
188 98 
188 109 
188 41 
188 289 
188 227 
188 228 
188 320 
188 32 
188 310 
188 138 
188 36 
188 232 
188 71 
188 181 
188 117 
188 292 
188 112 
188 153 
188 332 
188 73 
188 335 
188 58 
188 270 
188 134 
188 64 
188 341 
188 29 
188 314 
188 217 
188 24 
188 130 
188 197 
188 140 
188 214 
188 148 
188 230 
188 136 
188 276 
188 23 
188 175 
188 243 
188 294 
188 173 
188 154 
188 290 
188 108 
188 275 
188 115 
188 305 
188 63 
188 169 
188 189 
188 220 
188 179 
188 119 
188 132 
188 191 
188 49 
188 295 
188 69 
188 196 
188 285 
188 288 
188 304 
188 120 
188 146 
188 6 
188 245 
188 263 
188 144 
188 257 
188 19 
188 324 
188 160 
188 4 
188 11 
188 327 
188 3 
188 194 
188 113 
188 12 
188 323 
188 39 
188 131 
188 211 
188 333 
188 26 
188 185 
188 242 
188 161 
188 298 
188 199 
188 5 
188 164 
188 68 
188 34 
188 155 
188 167 
188 102 
188 225 
188 143 
189 295 
189 82 
189 179 
189 161 
189 264 
189 305 
189 33 
189 148 
189 140 
189 213 
189 167 
189 242 
189 123 
189 283 
189 99 
189 76 
189 108 
189 73 
189 19 
189 176 
189 56 
189 126 
189 6 
189 103 
189 168 
189 53 
189 203 
189 303 
189 215 
189 315 
189 137 
189 200 
189 8 
189 208 
189 245 
189 202 
189 86 
189 290 
189 287 
189 127 
189 1 
189 265 
189 163 
189 331 
189 277 
189 191 
189 302 
189 199 
189 312 
189 125 
189 78 
189 51 
189 181 
189 45 
189 118 
189 262 
189 300 
189 297 
189 32 
189 223 
189 188 
189 91 
189 240 
189 325 
189 169 
189 117 
189 233 
189 214 
189 5 
189 28 
189 10 
189 170 
189 192 
189 251 
189 107 
189 266 
189 48 
189 260 
189 294 
189 326 
189 160 
189 174 
189 335 
189 284 
189 289 
189 304 
189 4 
189 133 
189 182 
189 62 
189 327 
189 204 
189 74 
189 164 
189 255 
189 205 
189 254 
189 323 
189 235 
189 329 
190 307 
190 199 
190 246 
190 95 
190 140 
190 153 
190 338 
190 197 
190 107 
190 310 
190 7 
190 279 
190 83 
190 37 
190 60 
190 194 
190 151 
190 88 
190 145 
190 291 
190 48 
190 89 
190 251 
190 186 
190 42 
190 215 
190 19 
190 136 
190 14 
190 27 
190 110 
190 106 
190 144 
190 126 
190 198 
190 47 
190 177 
190 6 
190 111 
190 2 
190 287 
190 155 
190 211 
190 191 
190 18 
190 258 
190 281 
190 22 
190 313 
190 3 
190 237 
190 218 
190 31 
190 200 
190 29 
190 164 
190 213 
190 32 
190 233 
190 223 
190 311 
190 178 
190 26 
190 322 
190 91 
190 87 
190 333 
190 205 
190 23 
190 195 
190 271 
190 176 
190 46 
190 210 
190 85 
190 185 
190 167 
190 331 
190 157 
190 226 
190 182 
190 341 
190 245 
190 59 
190 312 
190 278 
190 171 
190 298 
190 225 
190 265 
190 335 
190 102 
190 35 
190 266 
190 268 
190 321 
190 196 
190 134 
190 11 
190 179 
191 111 
191 108 
191 276 
191 118 
191 62 
191 49 
191 259 
191 84 
191 239 
191 153 
191 328 
191 93 
191 199 
191 198 
191 19 
191 225 
191 205 
191 312 
191 126 
191 237 
191 323 
191 213 
191 280 
191 246 
191 112 
191 35 
191 134 
191 87 
191 206 
191 162 
191 315 
191 72 
191 260 
191 306 
191 301 
191 223 
191 58 
191 214 
191 316 
191 171 
191 157 
191 313 
191 120 
191 83 
191 270 
191 173 
191 9 
191 231 
191 38 
191 29 
191 128 
191 253 
191 142 
191 263 
191 67 
191 51 
191 189 
191 54 
191 92 
191 272 
191 5 
191 182 
191 114 
191 287 
191 168 
191 39 
191 136 
191 46 
191 307 
191 308 
191 262 
191 113 
191 85 
191 190 
191 121 
191 16 
191 91 
191 143 
191 56 
191 53 
191 305 
191 220 
191 188 
191 78 
191 221 
191 196 
191 63 
191 268 
191 130 
191 12 
191 36 
191 86 
191 156 
191 41 
191 271 
191 165 
191 42 
191 229 
191 247 
191 201 
191 327 
191 55 
191 27 
191 241 
191 81 
191 170 
191 332 
191 278 
191 68 
191 30 
191 99 
191 204 
191 261 
191 317 
191 6 
191 318 
191 135 
191 245 
191 183 
191 90 
191 197 
191 13 
191 184 
191 333 
191 331 
192 7 
192 89 
192 128 
192 233 
192 172 
192 134 
192 317 
192 286 
192 240 
192 209 
192 277 
192 167 
192 220 
192 246 
192 113 
192 332 
192 105 
192 309 
192 108 
192 283 
192 281 
192 211 
192 182 
192 77 
192 320 
192 222 
192 50 
192 74 
192 101 
192 153 
192 251 
192 129 
192 267 
192 275 
192 158 
192 55 
192 186 
192 146 
192 179 
192 311 
192 2 
192 236 
192 238 
192 127 
192 229 
192 132 
192 44 
192 136 
192 223 
192 130 
192 290 
192 125 
192 53 
192 293 
192 305 
192 49 
192 329 
192 245 
192 18 
192 155 
192 110 
192 156 
192 288 
192 97 
192 42 
192 9 
192 112 
192 189 
192 58 
192 201 
192 215 
192 203 
192 73 
192 187 
192 92 
192 65 
192 282 
192 79 
192 86 
192 160 
192 325 
192 280 
192 171 
192 206 
192 13 
192 175 
192 324 
192 247 
192 22 
192 1 
192 82 
192 69 
192 135 
192 94 
192 41 
192 115 
192 81 
192 316 
193 31 
193 130 
193 308 
193 244 
193 337 
193 233 
193 329 
193 75 
193 17 
193 111 
193 35 
193 118 
193 96 
193 319 
193 163 
193 304 
193 324 
193 269 
193 273 
193 87 
193 3 
193 309 
193 125 
193 257 
193 39 
193 176 
193 204 
193 285 
193 34 
193 136 
193 156 
193 68 
193 101 
193 323 
193 37 
193 62 
193 138 
193 280 
193 152 
193 67 
193 69 
193 247 
193 248 
193 8 
193 277 
193 307 
193 184 
193 275 
193 153 
193 253 
193 206 
193 264 
193 15 
193 166 
193 9 
193 141 
193 164 
193 112 
193 289 
193 80 
193 213 
193 313 
193 157 
193 115 
193 10 
193 140 
193 174 
193 11 
193 237 
193 218 
193 13 
193 208 
193 19 
193 70 
193 113 
193 303 
193 311 
193 5 
193 171 
193 88 
193 161 
193 102 
193 21 
193 230 
193 296 
193 29 
193 95 
193 330 
193 317 
193 53 
193 294 
193 197 
193 223 
193 117 
193 91 
193 41 
193 235 
193 58 
193 100 
193 33 
193 245 
194 303 
194 216 
194 252 
194 38 
194 126 
194 158 
194 42 
194 108 
194 218 
194 132 
194 24 
194 3 
194 59 
194 151 
194 261 
194 278 
194 219 
194 114 
194 18 
194 326 
194 56 
194 195 
194 34 
194 6 
194 190 
194 262 
194 324 
194 225 
194 13 
194 173 
194 322 
194 297 
194 61 
194 306 
194 212 
194 52 
194 280 
194 88 
194 318 
194 183 
194 160 
194 341 
194 213 
194 143 
194 243 
194 97 
194 172 
194 211 
194 36 
194 228 
194 103 
194 120 
194 33 
194 233 
194 338 
194 301 
194 282 
194 46 
194 25 
194 200 
194 221 
194 294 
194 125 
194 32 
194 75 
194 55 
194 283 
194 91 
194 10 
194 263 
194 273 
194 328 
194 16 
194 186 
194 217 
194 321 
194 198 
194 337 
194 65 
194 258 
194 102 
194 71 
194 251 
194 188 
194 241 
194 309 
194 207 
194 292 
194 101 
194 130 
194 325 
194 271 
194 316 
194 68 
194 57 
194 329 
194 205 
194 244 
194 9 
194 299 
194 87 
194 165 
195 22 
195 131 
195 270 
195 113 
195 81 
195 209 
195 238 
195 222 
195 298 
195 185 
195 33 
195 183 
195 9 
195 173 
195 289 
195 297 
195 194 
195 124 
195 167 
195 11 
195 260 
195 305 
195 334 
195 212 
195 240 
195 55 
195 35 
195 323 
195 325 
195 326 
195 304 
195 32 
195 243 
195 19 
195 46 
195 159 
195 246 
195 321 
195 98 
195 170 
195 223 
195 227 
195 140 
195 89 
195 44 
195 262 
195 271 
195 322 
195 93 
195 251 
195 80 
195 24 
195 108 
195 135 
195 0 
195 317 
195 8 
195 269 
195 249 
195 166 
195 7 
195 301 
195 141 
195 226 
195 281 
195 279 
195 319 
195 285 
195 123 
195 53 
195 26 
195 329 
195 280 
195 43 
195 42 
195 82 
195 199 
195 196 
195 190 
195 56 
195 282 
195 300 
195 200 
195 315 
195 77 
195 242 
195 331 
195 332 
195 221 
195 71 
195 99 
195 85 
195 293 
195 128 
195 225 
195 97 
195 70 
195 50 
195 327 
195 275 
195 299 
195 276 
195 248 
195 61 
195 75 
195 219 
195 87 
195 303 
195 312 
195 174 
195 180 
195 158 
195 139 
195 4 
196 116 
196 48 
196 299 
196 107 
196 36 
196 223 
196 35 
196 10 
196 63 
196 69 
196 180 
196 161 
196 228 
196 43 
196 235 
196 37 
196 148 
196 155 
196 233 
196 274 
196 56 
196 134 
196 218 
196 6 
196 100 
196 214 
196 140 
196 279 
196 65 
196 96 
196 216 
196 331 
196 102 
196 138 
196 185 
196 51 
196 131 
196 273 
196 201 
196 234 
196 314 
196 80 
196 141 
196 328 
196 256 
196 79 
196 319 
196 114 
196 245 
196 67 
196 191 
196 9 
196 264 
196 269 
196 227 
196 303 
196 188 
196 22 
196 298 
196 306 
196 186 
196 195 
196 200 
196 87 
196 179 
196 78 
196 55 
196 199 
196 152 
196 162 
196 336 
196 270 
196 259 
196 143 
196 209 
196 247 
196 122 
196 181 
196 280 
196 88 
196 172 
196 39 
196 251 
196 113 
196 44 
196 316 
196 212 
196 190 
196 202 
196 139 
196 187 
196 11 
196 167 
196 283 
196 266 
197 289 
197 78 
197 22 
197 10 
197 249 
197 177 
197 246 
197 167 
197 282 
197 208 
197 146 
197 87 
197 187 
197 296 
197 130 
197 190 
197 232 
197 174 
197 92 
197 281 
197 185 
197 304 
197 28 
197 25 
197 20 
197 244 
197 90 
197 115 
197 186 
197 188 
197 284 
197 123 
197 250 
197 182 
197 205 
197 73 
197 41 
197 34 
197 30 
197 312 
197 225 
197 84 
197 38 
197 199 
197 320 
197 71 
197 299 
197 31 
197 119 
197 142 
197 223 
197 308 
197 295 
197 77 
197 26 
197 133 
197 48 
197 2 
197 324 
197 39 
197 176 
197 105 
197 147 
197 106 
197 233 
197 204 
197 169 
197 303 
197 277 
197 96 
197 257 
197 258 
197 7 
197 157 
197 337 
197 198 
197 222 
197 276 
197 327 
197 286 
197 224 
197 103 
197 0 
197 309 
197 54 
197 112 
197 336 
197 298 
197 193 
197 64 
197 339 
197 211 
197 252 
197 175 
197 253 
197 191 
197 83 
197 330 
197 332 
197 306 
198 324 
198 168 
198 109 
198 38 
198 284 
198 261 
198 257 
198 239 
198 191 
198 208 
198 132 
198 185 
198 81 
198 151 
198 181 
198 248 
198 89 
198 20 
198 302 
198 276 
198 334 
198 34 
198 203 
198 297 
198 164 
198 232 
198 258 
198 120 
198 323 
198 146 
198 102 
198 143 
198 309 
198 256 
198 0 
198 190 
198 94 
198 321 
198 300 
198 91 
198 209 
198 40 
198 237 
198 187 
198 2 
198 100 
198 223 
198 76 
198 117 
198 327 
198 320 
198 93 
198 253 
198 114 
198 95 
198 215 
198 221 
198 183 
198 283 
198 157 
198 78 
198 230 
198 331 
198 246 
198 21 
198 218 
198 90 
198 135 
198 216 
198 49 
198 197 
198 126 
198 28 
198 194 
198 301 
198 271 
198 269 
198 174 
198 325 
198 118 
198 51 
198 101 
198 308 
198 285 
198 154 
198 92 
198 29 
198 131 
198 1 
198 275 
198 105 
198 319 
198 60 
199 268 
199 284 
199 190 
199 78 
199 321 
199 326 
199 191 
199 122 
199 155 
199 315 
199 171 
199 317 
199 330 
199 6 
199 127 
199 73 
199 301 
199 163 
199 211 
199 231 
199 319 
199 320 
199 38 
199 126 
199 197 
199 175 
199 334 
199 50 
199 64 
199 61 
199 130 
199 340 
199 90 
199 237 
199 177 
199 189 
199 253 
199 138 
199 217 
199 336 
199 180 
199 176 
199 203 
199 208 
199 39 
199 57 
199 179 
199 241 
199 220 
199 276 
199 161 
199 117 
199 251 
199 205 
199 165 
199 316 
199 115 
199 107 
199 178 
199 333 
199 88 
199 195 
199 152 
199 164 
199 83 
199 131 
199 297 
199 248 
199 162 
199 14 
199 159 
199 196 
199 169 
199 283 
199 114 
199 332 
199 150 
199 188 
199 22 
199 225 
199 324 
199 235 
199 285 
199 81 
200 93 
200 254 
200 123 
200 1 
200 145 
200 83 
200 209 
200 17 
200 306 
200 277 
200 41 
200 319 
200 316 
200 180 
200 26 
200 292 
200 3 
200 313 
200 208 
200 283 
200 176 
200 279 
200 273 
200 281 
200 138 
200 62 
200 183 
200 318 
200 57 
200 21 
200 309 
200 65 
200 116 
200 189 
200 322 
200 117 
200 72 
200 27 
200 19 
200 285 
200 321 
200 174 
200 30 
200 270 
200 131 
200 97 
200 315 
200 223 
200 299 
200 205 
200 40 
200 246 
200 52 
200 34 
200 194 
200 150 
200 113 
200 244 
200 190 
200 108 
200 135 
200 325 
200 76 
200 66 
200 102 
200 47 
200 59 
200 28 
200 196 
200 307 
200 195 
200 96 
200 333 
200 237 
200 249 
200 88 
200 248 
200 140 
200 187 
200 125 
200 301 
200 20 
200 64 
200 186 
200 166 
200 0 
200 230 
200 334 
200 331 
200 264 
200 167 
200 255 
200 169 
200 163 
200 84 
200 276 
200 300 
200 266 
200 296 
200 164 
200 245 
200 175 
200 221 
200 60 
201 119 
201 101 
201 54 
201 181 
201 81 
201 123 
201 267 
201 176 
201 66 
201 203 
201 110 
201 241 
201 162 
201 327 
201 115 
201 10 
201 178 
201 212 
201 257 
201 268 
201 202 
201 337 
201 331 
201 211 
201 279 
201 77 
201 175 
201 259 
201 172 
201 339 
201 154 
201 18 
201 248 
201 266 
201 305 
201 108 
201 276 
201 263 
201 12 
201 219 
201 127 
201 88 
201 196 
201 271 
201 96 
201 128 
201 8 
201 209 
201 166 
201 242 
201 69 
201 182 
201 304 
201 14 
201 92 
201 112 
201 102 
201 224 
201 109 
201 60 
201 281 
201 250 
201 264 
201 104 
201 333 
201 84 
201 131 
201 330 
201 285 
201 143 
201 192 
201 48 
201 275 
201 329 
201 226 
201 191 
201 40 
201 64 
201 328 
201 100 
201 214 
201 26 
201 56 
201 43 
201 51 
201 295 
201 94 
201 341 
201 27 
201 215 
201 282 
201 286 
201 277 
201 289 
201 185 
201 278 
202 89 
202 285 
202 46 
202 49 
202 128 
202 172 
202 109 
202 209 
202 34 
202 36 
202 220 
202 106 
202 111 
202 132 
202 315 
202 238 
202 167 
202 273 
202 79 
202 212 
202 105 
202 201 
202 2 
202 177 
202 78 
202 261 
202 173 
202 150 
202 339 
202 302 
202 116 
202 189 
202 102 
202 260 
202 67 
202 120 
202 263 
202 25 
202 48 
202 136 
202 262 
202 334 
202 185 
202 298 
202 94 
202 295 
202 122 
202 40 
202 11 
202 8 
202 280 
202 337 
202 103 
202 270 
202 207 
202 223 
202 39 
202 91 
202 330 
202 240 
202 218 
202 256 
202 86 
202 221 
202 268 
202 333 
202 323 
202 160 
202 332 
202 52 
202 287 
202 37 
202 16 
202 229 
202 112 
202 28 
202 245 
202 286 
202 335 
202 98 
202 297 
202 148 
202 328 
202 210 
202 327 
202 196 
202 63 
203 242 
203 78 
203 313 
203 49 
203 129 
203 316 
203 296 
203 312 
203 61 
203 36 
203 201 
203 172 
203 38 
203 149 
203 321 
203 139 
203 74 
203 165 
203 330 
203 183 
203 333 
203 163 
203 170 
203 146 
203 290 
203 174 
203 215 
203 198 
203 76 
203 189 
203 306 
203 303 
203 217 
203 225 
203 204 
203 112 
203 248 
203 304 
203 47 
203 315 
203 122 
203 270 
203 82 
203 164 
203 271 
203 62 
203 301 
203 252 
203 340 
203 184 
203 64 
203 311 
203 73 
203 199 
203 22 
203 250 
203 280 
203 277 
203 11 
203 32 
203 260 
203 132 
203 180 
203 128 
203 10 
203 300 
203 81 
203 155 
203 274 
203 192 
203 291 
203 68 
203 7 
203 334 
203 148 
203 249 
203 246 
203 186 
203 75 
203 226 
203 178 
203 341 
203 220 
203 118 
203 293 
203 209 
203 245 
203 58 
203 33 
203 278 
203 69 
203 182 
203 104 
203 20 
203 67 
204 220 
204 298 
204 91 
204 8 
204 279 
204 82 
204 16 
204 150 
204 145 
204 154 
204 207 
204 76 
204 234 
204 56 
204 63 
204 71 
204 250 
204 57 
204 228 
204 15 
204 22 
204 27 
204 141 
204 69 
204 286 
204 328 
204 302 
204 174 
204 173 
204 247 
204 124 
204 294 
204 13 
204 88 
204 318 
204 11 
204 60 
204 100 
204 193 
204 28 
204 47 
204 235 
204 244 
204 143 
204 103 
204 203 
204 258 
204 90 
204 217 
204 65 
204 297 
204 287 
204 299 
204 73 
204 19 
204 266 
204 46 
204 84 
204 152 
204 126 
204 280 
204 105 
204 112 
204 25 
204 197 
204 232 
204 332 
204 263 
204 322 
204 184 
204 212 
204 296 
204 175 
204 251 
204 23 
204 223 
204 301 
204 2 
204 211 
204 135 
204 108 
204 80 
204 284 
204 323 
204 240 
204 107 
204 159 
204 114 
204 243 
204 96 
204 119 
204 189 
204 157 
204 191 
204 12 
204 110 
204 281 
204 236 
204 206 
204 149 
204 0 
204 18 
205 272 
205 111 
205 74 
205 171 
205 129 
205 23 
205 12 
205 61 
205 33 
205 28 
205 80 
205 191 
205 14 
205 319 
205 339 
205 317 
205 15 
205 216 
205 108 
205 71 
205 21 
205 298 
205 179 
205 134 
205 273 
205 235 
205 330 
205 96 
205 67 
205 102 
205 296 
205 217 
205 197 
205 232 
205 315 
205 302 
205 41 
205 314 
205 55 
205 236 
205 157 
205 99 
205 52 
205 322 
205 49 
205 58 
205 331 
205 29 
205 9 
205 306 
205 200 
205 156 
205 218 
205 113 
205 105 
205 147 
205 256 
205 48 
205 259 
205 199 
205 223 
205 68 
205 249 
205 210 
205 183 
205 313 
205 17 
205 320 
205 190 
205 75 
205 100 
205 92 
205 243 
205 207 
205 180 
205 269 
205 248 
205 124 
205 318 
205 233 
205 144 
205 281 
205 250 
205 254 
205 222 
205 79 
205 214 
205 26 
205 76 
205 125 
205 139 
205 341 
205 255 
205 194 
205 189 
205 7 
205 103 
205 279 
206 209 
206 300 
206 341 
206 222 
206 144 
206 270 
206 64 
206 112 
206 63 
206 35 
206 139 
206 298 
206 126 
206 11 
206 145 
206 191 
206 241 
206 7 
206 304 
206 249 
206 237 
206 21 
206 242 
206 73 
206 75 
206 115 
206 265 
206 142 
206 101 
206 3 
206 326 
206 232 
206 283 
206 124 
206 167 
206 307 
206 339 
206 159 
206 116 
206 55 
206 123 
206 301 
206 84 
206 184 
206 252 
206 146 
206 150 
206 216 
206 193 
206 81 
206 30 
206 238 
206 277 
206 4 
206 1 
206 162 
206 53 
206 34 
206 171 
206 29 
206 261 
206 158 
206 247 
206 176 
206 80 
206 33 
206 338 
206 104 
206 321 
206 96 
206 56 
206 117 
206 311 
206 264 
206 111 
206 74 
206 192 
206 287 
206 48 
206 181 
206 60 
206 105 
206 280 
206 42 
206 248 
206 291 
206 327 
206 65 
206 331 
206 72 
206 109 
206 243 
206 204 
206 271 
206 128 
206 47 
207 30 
207 144 
207 307 
207 185 
207 204 
207 175 
207 320 
207 230 
207 309 
207 251 
207 91 
207 112 
207 333 
207 227 
207 221 
207 332 
207 301 
207 322 
207 267 
207 184 
207 334 
207 11 
207 99 
207 337 
207 330 
207 113 
207 180 
207 245 
207 278 
207 248 
207 12 
207 247 
207 123 
207 61 
207 214 
207 35 
207 254 
207 240 
207 234 
207 83 
207 114 
207 228 
207 287 
207 148 
207 249 
207 275 
207 335 
207 26 
207 174 
207 170 
207 102 
207 65 
207 162 
207 246 
207 202 
207 115 
207 18 
207 260 
207 101 
207 232 
207 53 
207 42 
207 15 
207 28 
207 211 
207 205 
207 52 
207 340 
207 263 
207 256 
207 64 
207 268 
207 9 
207 241 
207 118 
207 72 
207 182 
207 194 
207 171 
207 165 
207 55 
207 219 
207 299 
207 95 
207 181 
207 239 
207 223 
207 150 
207 215 
207 17 
207 297 
207 111 
207 157 
207 328 
207 179 
207 107 
208 56 
208 173 
208 320 
208 308 
208 21 
208 81 
208 280 
208 233 
208 197 
208 150 
208 198 
208 88 
208 278 
208 227 
208 321 
208 162 
208 170 
208 96 
208 340 
208 222 
208 322 
208 40 
208 200 
208 116 
208 250 
208 86 
208 216 
208 213 
208 59 
208 223 
208 241 
208 269 
208 26 
208 171 
208 185 
208 36 
208 189 
208 327 
208 312 
208 238 
208 25 
208 62 
208 41 
208 231 
208 273 
208 307 
208 239 
208 16 
208 290 
208 148 
208 3 
208 182 
208 18 
208 331 
208 219 
208 255 
208 199 
208 60 
208 48 
208 121 
208 31 
208 313 
208 266 
208 332 
208 119 
208 124 
208 298 
208 133 
208 281 
208 85 
208 23 
208 193 
208 275 
208 225 
208 65 
208 214 
208 84 
208 240 
208 9 
208 210 
208 215 
208 211 
208 50 
208 179 
208 277 
208 268 
208 325 
208 144 
208 10 
208 70 
208 1 
208 109 
208 131 
208 79 
208 176 
208 287 
208 47 
208 37 
208 243 
208 43 
208 154 
209 283 
209 265 
209 3 
209 206 
209 21 
209 25 
209 200 
209 195 
209 33 
209 54 
209 202 
209 46 
209 313 
209 227 
209 192 
209 76 
209 85 
209 88 
209 324 
209 214 
209 53 
209 2 
209 286 
209 311 
209 124 
209 328 
209 270 
209 28 
209 58 
209 309 
209 105 
209 12 
209 40 
209 248 
209 145 
209 148 
209 317 
209 176 
209 225 
209 49 
209 259 
209 116 
209 164 
209 154 
209 257 
209 243 
209 151 
209 290 
209 173 
209 278 
209 310 
209 331 
209 281 
209 198 
209 201 
209 120 
209 115 
209 114 
209 237 
209 122 
209 285 
209 61 
209 41 
209 110 
209 93 
209 231 
209 321 
209 170 
209 333 
209 323 
209 178 
209 307 
209 159 
209 81 
209 161 
209 235 
209 87 
209 141 
209 263 
209 65 
209 217 
209 210 
209 104 
209 264 
209 289 
209 325 
209 196 
209 4 
209 142 
209 240 
209 226 
209 50 
209 138 
209 203 
209 83 
209 158 
209 171 
209 20 
209 106 
209 308 
209 341 
209 64 
209 1 
209 26 
209 185 
210 229 
210 219 
210 295 
210 243 
210 80 
210 56 
210 8 
210 268 
210 100 
210 52 
210 63 
210 277 
210 113 
210 239 
210 237 
210 217 
210 177 
210 47 
210 3 
210 231 
210 166 
210 23 
210 31 
210 129 
210 321 
210 308 
210 150 
210 222 
210 214 
210 98 
210 164 
210 248 
210 280 
210 232 
210 21 
210 93 
210 59 
210 1 
210 72 
210 236 
210 251 
210 264 
210 36 
210 128 
210 152 
210 167 
210 262 
210 109 
210 61 
210 12 
210 114 
210 225 
210 51 
210 74 
210 55 
210 263 
210 97 
210 291 
210 110 
210 205 
210 39 
210 104 
210 281 
210 275 
210 2 
210 334 
210 7 
210 298 
210 86 
210 257 
210 238 
210 33 
210 87 
210 318 
210 79 
210 190 
210 209 
210 300 
210 140 
210 37 
210 208 
210 215 
210 54 
210 94 
210 136 
210 278 
210 245 
210 283 
210 202 
210 95 
210 76 
210 289 
210 165 
210 285 
210 169 
210 50 
211 260 
211 218 
211 12 
211 27 
211 317 
211 75 
211 313 
211 112 
211 238 
211 236 
211 5 
211 177 
211 17 
211 179 
211 326 
211 137 
211 192 
211 87 
211 289 
211 76 
211 89 
211 201 
211 101 
211 97 
211 283 
211 312 
211 269 
211 183 
211 69 
211 186 
211 199 
211 298 
211 300 
211 334 
211 83 
211 281 
211 184 
211 30 
211 194 
211 82 
211 216 
211 261 
211 335 
211 32 
211 338 
211 60 
211 190 
211 324 
211 11 
211 110 
211 145 
211 276 
211 134 
211 291 
211 40 
211 119 
211 254 
211 165 
211 45 
211 262 
211 321 
211 264 
211 308 
211 240 
211 0 
211 168 
211 223 
211 207 
211 204 
211 225 
211 337 
211 157 
211 178 
211 109 
211 132 
211 208 
211 108 
211 266 
211 148 
211 188 
211 219 
211 279 
211 234 
211 139 
211 197 
211 248 
211 273 
211 118 
211 275 
211 213 
211 258 
211 20 
211 121 
211 274 
211 156 
211 100 
211 21 
211 175 
211 161 
211 52 
211 62 
212 243 
212 333 
212 280 
212 233 
212 92 
212 159 
212 318 
212 3 
212 21 
212 143 
212 329 
212 108 
212 292 
212 294 
212 276 
212 317 
212 122 
212 156 
212 105 
212 13 
212 141 
212 103 
212 201 
212 309 
212 23 
212 284 
212 202 
212 111 
212 61 
212 262 
212 230 
212 195 
212 55 
212 101 
212 162 
212 306 
212 248 
212 194 
212 328 
212 88 
212 46 
212 30 
212 137 
212 316 
212 113 
212 219 
212 313 
212 157 
212 84 
212 80 
212 272 
212 177 
212 44 
212 152 
212 127 
212 298 
212 0 
212 326 
212 154 
212 36 
212 265 
212 17 
212 77 
212 76 
212 297 
212 134 
212 315 
212 33 
212 255 
212 238 
212 214 
212 145 
212 204 
212 146 
212 260 
212 229 
212 102 
212 236 
212 241 
212 281 
212 22 
212 227 
212 59 
212 218 
212 239 
212 240 
212 149 
212 186 
212 107 
212 325 
212 123 
212 302 
212 79 
212 121 
212 196 
212 168 
212 119 
212 324 
212 234 
212 307 
212 138 
213 286 
213 78 
213 31 
213 287 
213 24 
213 214 
213 316 
213 48 
213 187 
213 94 
213 265 
213 189 
213 269 
213 313 
213 191 
213 225 
213 100 
213 218 
213 120 
213 179 
213 228 
213 75 
213 132 
213 283 
213 280 
213 50 
213 122 
213 34 
213 208 
213 142 
213 223 
213 222 
213 97 
213 258 
213 273 
213 4 
213 135 
213 285 
213 182 
213 327 
213 194 
213 0 
213 256 
213 151 
213 39 
213 49 
213 62 
213 170 
213 32 
213 339 
213 291 
213 90 
213 331 
213 162 
213 147 
213 309 
213 109 
213 305 
213 324 
213 274 
213 229 
213 167 
213 193 
213 242 
213 190 
213 145 
213 28 
213 110 
213 20 
213 38 
213 118 
213 8 
213 325 
213 140 
213 141 
213 136 
213 29 
213 300 
213 149 
213 77 
213 102 
213 261 
213 296 
213 268 
213 143 
213 329 
213 37 
213 66 
213 220 
213 311 
213 317 
213 211 
213 275 
213 3 
213 56 
214 92 
214 270 
214 164 
214 213 
214 156 
214 117 
214 170 
214 185 
214 169 
214 311 
214 37 
214 111 
214 86 
214 267 
214 147 
214 60 
214 308 
214 225 
214 209 
214 258 
214 3 
214 227 
214 148 
214 184 
214 59 
214 292 
214 4 
214 45 
214 191 
214 286 
214 29 
214 178 
214 140 
214 32 
214 188 
214 238 
214 231 
214 196 
214 71 
214 303 
214 132 
214 307 
214 210 
214 49 
214 283 
214 38 
214 77 
214 131 
214 56 
214 234 
214 81 
214 55 
214 21 
214 277 
214 207 
214 174 
214 230 
214 247 
214 85 
214 329 
214 218 
214 295 
214 52 
214 223 
214 145 
214 285 
214 57 
214 18 
214 155 
214 73 
214 243 
214 76 
214 74 
214 80 
214 268 
214 129 
214 134 
214 269 
214 189 
214 212 
214 104 
214 229 
214 282 
214 336 
214 142 
214 151 
214 99 
214 115 
214 208 
214 302 
214 176 
214 321 
214 6 
214 118 
214 201 
214 272 
214 299 
214 137 
214 281 
214 9 
214 7 
214 205 
214 44 
214 39 
214 337 
214 290 
214 255 
214 65 
214 323 
214 273 
215 219 
215 82 
215 320 
215 300 
215 162 
215 10 
215 268 
215 16 
215 5 
215 287 
215 86 
215 30 
215 18 
215 25 
215 72 
215 49 
215 317 
215 17 
215 83 
215 158 
215 176 
215 249 
215 109 
215 203 
215 319 
215 43 
215 329 
215 96 
215 33 
215 273 
215 316 
215 279 
215 104 
215 113 
215 286 
215 189 
215 295 
215 190 
215 220 
215 12 
215 39 
215 129 
215 167 
215 161 
215 107 
215 11 
215 42 
215 323 
215 121 
215 40 
215 334 
215 326 
215 22 
215 116 
215 127 
215 140 
215 313 
215 280 
215 66 
215 71 
215 309 
215 241 
215 60 
215 312 
215 80 
215 302 
215 338 
215 128 
215 330 
215 242 
215 335 
215 252 
215 157 
215 29 
215 48 
215 198 
215 307 
215 331 
215 81 
215 15 
215 332 
215 124 
215 115 
215 240 
215 70 
215 192 
215 35 
215 185 
215 74 
215 111 
215 336 
215 251 
215 283 
215 24 
215 178 
215 301 
215 92 
215 304 
215 148 
215 299 
215 272 
215 93 
215 108 
215 210 
215 156 
215 208 
215 305 
215 262 
215 27 
215 143 
215 253 
215 243 
215 328 
215 341 
215 239 
215 98 
215 284 
215 201 
215 285 
215 78 
215 230 
215 58 
215 186 
215 36 
215 207 
215 79 
215 265 
215 337 
215 232 
215 85 
216 31 
216 322 
216 194 
216 308 
216 8 
216 53 
216 305 
216 47 
216 10 
216 33 
216 60 
216 334 
216 266 
216 68 
216 261 
216 205 
216 98 
216 55 
216 0 
216 243 
216 16 
216 157 
216 150 
216 306 
216 120 
216 91 
216 154 
216 277 
216 208 
216 300 
216 140 
216 101 
216 44 
216 328 
216 106 
216 65 
216 336 
216 79 
216 19 
216 178 
216 251 
216 121 
216 231 
216 172 
216 66 
216 196 
216 274 
216 279 
216 327 
216 24 
216 179 
216 271 
216 139 
216 211 
216 237 
216 39 
216 318 
216 206 
216 88 
216 41 
216 108 
216 263 
216 7 
216 181 
216 80 
216 281 
216 257 
216 40 
216 276 
216 67 
216 332 
216 290 
216 84 
216 122 
216 337 
216 104 
216 167 
216 254 
216 170 
216 123 
216 113 
216 117 
216 238 
216 183 
216 230 
216 227 
216 198 
216 245 
216 23 
216 289 
216 303 
216 164 
216 169 
216 317 
216 35 
216 256 
216 323 
216 131 
216 325 
216 220 
216 280 
216 235 
216 185 
216 284 
216 173 
216 291 
216 26 
216 136 
216 296 
216 70 
216 3 
216 250 
216 182 
216 2 
216 32 
216 141 
216 307 
216 49 
216 133 
217 124 
217 81 
217 15 
217 93 
217 273 
217 70 
217 109 
217 23 
217 145 
217 97 
217 271 
217 52 
217 112 
217 246 
217 234 
217 58 
217 301 
217 88 
217 210 
217 242 
217 111 
217 263 
217 176 
217 267 
217 188 
217 274 
217 247 
217 205 
217 277 
217 203 
217 151 
217 316 
217 75 
217 185 
217 262 
217 39 
217 314 
217 264 
217 204 
217 248 
217 60 
217 289 
217 177 
217 118 
217 80 
217 304 
217 268 
217 278 
217 162 
217 199 
217 269 
217 77 
217 231 
217 164 
217 100 
217 338 
217 336 
217 296 
217 240 
217 319 
217 265 
217 143 
217 230 
217 291 
217 140 
217 114 
217 147 
217 95 
217 331 
217 334 
217 132 
217 128 
217 194 
217 175 
217 32 
217 5 
217 241 
217 209 
217 57 
217 31 
217 28 
217 326 
217 186 
217 257 
217 115 
217 69 
217 44 
217 292 
217 166 
217 82 
217 7 
217 160 
217 139 
217 315 
217 96 
217 219 
217 330 
217 169 
217 53 
217 102 
217 63 
218 337 
218 152 
218 86 
218 19 
218 211 
218 129 
218 286 
218 276 
218 304 
218 287 
218 194 
218 72 
218 223 
218 41 
218 265 
218 213 
218 58 
218 331 
218 45 
218 247 
218 69 
218 51 
218 184 
218 105 
218 261 
218 225 
218 164 
218 290 
218 242 
218 2 
218 196 
218 9 
218 307 
218 296 
218 221 
218 268 
218 181 
218 63 
218 308 
218 172 
218 157 
218 38 
218 40 
218 179 
218 315 
218 186 
218 236 
218 301 
218 47 
218 220 
218 323 
218 214 
218 76 
218 73 
218 154 
218 13 
218 1 
218 285 
218 224 
218 249 
218 313 
218 262 
218 306 
218 205 
218 108 
218 128 
218 319 
218 190 
218 293 
218 83 
218 274 
218 125 
218 90 
218 67 
218 12 
218 137 
218 292 
218 161 
218 316 
218 32 
218 193 
218 103 
218 281 
218 198 
218 202 
218 22 
218 26 
218 21 
218 228 
218 226 
218 250 
218 263 
218 171 
218 60 
218 138 
218 159 
218 93 
218 260 
218 31 
218 212 
218 251 
218 329 
218 321 
218 17 
218 295 
218 6 
218 311 
218 240 
218 115 
218 49 
218 82 
218 11 
218 94 
219 321 
219 126 
219 210 
219 263 
219 215 
219 114 
219 338 
219 310 
219 259 
219 145 
219 302 
219 138 
219 90 
219 288 
219 256 
219 181 
219 245 
219 55 
219 264 
219 91 
219 257 
219 159 
219 13 
219 194 
219 316 
219 45 
219 151 
219 292 
219 330 
219 6 
219 58 
219 242 
219 161 
219 278 
219 319 
219 177 
219 20 
219 119 
219 141 
219 274 
219 309 
219 18 
219 38 
219 212 
219 261 
219 110 
219 281 
219 275 
219 82 
219 201 
219 67 
219 277 
219 25 
219 88 
219 146 
219 81 
219 331 
219 262 
219 8 
219 208 
219 74 
219 116 
219 60 
219 41 
219 32 
219 44 
219 276 
219 241 
219 173 
219 171 
219 293 
219 108 
219 326 
219 72 
219 251 
219 253 
219 313 
219 312 
219 140 
219 100 
219 52 
219 93 
219 124 
219 76 
219 186 
219 16 
219 234 
219 50 
219 283 
219 295 
219 211 
219 107 
219 78 
219 174 
219 207 
219 269 
219 128 
219 195 
219 66 
219 187 
219 231 
219 65 
219 318 
219 217 
219 30 
219 2 
220 272 
220 204 
220 241 
220 148 
220 106 
220 49 
220 316 
220 83 
220 180 
220 59 
220 251 
220 160 
220 202 
220 120 
220 255 
220 88 
220 230 
220 192 
220 117 
220 43 
220 123 
220 142 
220 248 
220 178 
220 314 
220 24 
220 132 
220 26 
220 2 
220 84 
220 0 
220 321 
220 95 
220 76 
220 32 
220 92 
220 215 
220 186 
220 187 
220 90 
220 75 
220 116 
220 294 
220 183 
220 277 
220 6 
220 56 
220 218 
220 34 
220 221 
220 170 
220 137 
220 60 
220 139 
220 188 
220 199 
220 191 
220 29 
220 82 
220 259 
220 54 
220 223 
220 47 
220 80 
220 94 
220 100 
220 11 
220 72 
220 296 
220 16 
220 155 
220 167 
220 299 
220 112 
220 233 
220 269 
220 330 
220 97 
220 58 
220 309 
220 334 
220 39 
220 203 
220 134 
220 115 
220 216 
220 87 
220 119 
220 1 
220 46 
220 53 
220 286 
220 292 
220 48 
220 302 
220 213 
220 38 
220 327 
220 81 
220 227 
220 324 
220 315 
220 252 
221 119 
221 54 
221 135 
221 282 
221 276 
221 39 
221 63 
221 319 
221 58 
221 23 
221 109 
221 181 
221 116 
221 330 
221 5 
221 52 
221 152 
221 138 
221 30 
221 9 
221 272 
221 207 
221 252 
221 71 
221 179 
221 328 
221 334 
221 47 
221 149 
221 218 
221 229 
221 113 
221 145 
221 285 
221 86 
221 223 
221 107 
221 68 
221 154 
221 314 
221 103 
221 310 
221 273 
221 73 
221 57 
221 169 
221 220 
221 176 
221 136 
221 12 
221 302 
221 258 
221 194 
221 33 
221 325 
221 324 
221 198 
221 51 
221 118 
221 191 
221 93 
221 270 
221 49 
221 59 
221 202 
221 299 
221 281 
221 318 
221 79 
221 333 
221 32 
221 180 
221 21 
221 104 
221 171 
221 279 
221 294 
221 195 
221 125 
221 111 
221 301 
221 18 
221 131 
221 27 
221 278 
221 112 
221 130 
221 100 
221 222 
221 124 
221 245 
221 254 
221 240 
221 329 
221 331 
221 200 
222 293 
222 289 
222 329 
222 206 
222 195 
222 163 
222 187 
222 101 
222 175 
222 253 
222 336 
222 139 
222 332 
222 118 
222 99 
222 78 
222 320 
222 152 
222 322 
222 271 
222 39 
222 208 
222 113 
222 31 
222 251 
222 292 
222 192 
222 131 
222 306 
222 71 
222 156 
222 181 
222 213 
222 66 
222 210 
222 284 
222 136 
222 114 
222 103 
222 13 
222 95 
222 122 
222 149 
222 168 
222 256 
222 229 
222 278 
222 34 
222 105 
222 24 
222 42 
222 267 
222 285 
222 327 
222 11 
222 5 
222 147 
222 86 
222 125 
222 51 
222 263 
222 141 
222 108 
222 231 
222 154 
222 84 
222 334 
222 90 
222 232 
222 41 
222 50 
222 180 
222 224 
222 197 
222 18 
222 16 
222 115 
222 46 
222 341 
222 321 
222 160 
222 243 
222 9 
222 205 
222 67 
222 30 
222 8 
222 221 
222 117 
222 56 
222 246 
222 169 
222 239 
222 135 
222 258 
222 96 
223 269 
223 270 
223 109 
223 106 
223 249 
223 293 
223 196 
223 308 
223 32 
223 251 
223 218 
223 275 
223 305 
223 183 
223 142 
223 325 
223 155 
223 288 
223 240 
223 167 
223 268 
223 263 
223 315 
223 62 
223 165 
223 7 
223 191 
223 321 
223 102 
223 177 
223 5 
223 136 
223 53 
223 208 
223 65 
223 292 
223 213 
223 166 
223 148 
223 160 
223 43 
223 221 
223 87 
223 60 
223 81 
223 195 
223 71 
223 229 
223 192 
223 37 
223 200 
223 197 
223 4 
223 113 
223 58 
223 131 
223 198 
223 214 
223 189 
223 327 
223 151 
223 234 
223 49 
223 255 
223 306 
223 57 
223 63 
223 88 
223 190 
223 205 
223 8 
223 150 
223 152 
223 202 
223 304 
223 161 
223 258 
223 51 
223 220 
223 162 
223 22 
223 320 
223 178 
223 45 
223 204 
223 211 
223 20 
223 244 
223 112 
223 147 
223 64 
223 108 
223 17 
223 143 
223 129 
223 14 
223 90 
223 26 
223 40 
223 193 
223 309 
223 48 
223 144 
223 318 
223 207 
223 86 
223 302 
223 326 
223 259 
223 297 
224 99 
224 37 
224 176 
224 295 
224 12 
224 11 
224 341 
224 157 
224 242 
224 2 
224 31 
224 167 
224 46 
224 304 
224 108 
224 332 
224 245 
224 240 
224 183 
224 277 
224 125 
224 29 
224 140 
224 175 
224 266 
224 249 
224 272 
224 15 
224 102 
224 110 
224 156 
224 283 
224 233 
224 298 
224 255 
224 59 
224 265 
224 6 
224 115 
224 247 
224 41 
224 263 
224 268 
224 331 
224 75 
224 109 
224 158 
224 227 
224 68 
224 321 
224 67 
224 101 
224 121 
224 181 
224 88 
224 53 
224 305 
224 303 
224 218 
224 201 
224 229 
224 327 
224 297 
224 126 
224 21 
224 147 
224 80 
224 70 
224 326 
224 165 
224 16 
224 171 
224 292 
224 82 
224 20 
224 120 
224 143 
224 244 
224 104 
224 320 
224 145 
224 310 
224 22 
224 169 
224 222 
224 103 
224 81 
224 131 
224 164 
224 40 
224 197 
224 174 
224 35 
224 275 
224 178 
224 300 
224 340 
224 339 
224 239 
224 287 
224 173 
224 311 
224 307 
224 155 
224 106 
224 334 
224 0 
224 77 
224 309 
224 98 
224 161 
224 89 
225 170 
225 319 
225 280 
225 258 
225 324 
225 265 
225 158 
225 302 
225 173 
225 191 
225 127 
225 291 
225 167 
225 213 
225 298 
225 214 
225 107 
225 133 
225 43 
225 134 
225 194 
225 105 
225 78 
225 218 
225 157 
225 40 
225 119 
225 180 
225 54 
225 74 
225 275 
225 203 
225 251 
225 261 
225 209 
225 197 
225 5 
225 179 
225 48 
225 39 
225 117 
225 156 
225 283 
225 95 
225 63 
225 150 
225 143 
225 128 
225 35 
225 166 
225 257 
225 326 
225 290 
225 132 
225 103 
225 300 
225 13 
225 332 
225 24 
225 323 
225 327 
225 183 
225 210 
225 55 
225 263 
225 111 
225 208 
225 238 
225 339 
225 19 
225 33 
225 140 
225 337 
225 338 
225 278 
225 110 
225 211 
225 26 
225 80 
225 10 
225 37 
225 83 
225 296 
225 165 
225 195 
225 303 
225 93 
225 273 
225 268 
225 146 
225 153 
225 22 
225 56 
225 231 
225 269 
225 310 
225 109 
225 199 
225 190 
225 50 
225 45 
225 17 
225 67 
225 151 
225 171 
225 139 
225 188 
225 0 
225 86 
226 340 
226 310 
226 75 
226 119 
226 109 
226 313 
226 230 
226 137 
226 45 
226 129 
226 132 
226 229 
226 22 
226 60 
226 85 
226 312 
226 34 
226 331 
226 111 
226 70 
226 36 
226 4 
226 156 
226 108 
226 259 
226 228 
226 254 
226 242 
226 324 
226 325 
226 159 
226 94 
226 143 
226 314 
226 56 
226 138 
226 179 
226 170 
226 100 
226 90 
226 62 
226 300 
226 74 
226 251 
226 113 
226 130 
226 315 
226 178 
226 61 
226 279 
226 24 
226 195 
226 71 
226 237 
226 332 
226 68 
226 87 
226 144 
226 238 
226 99 
226 134 
226 239 
226 135 
226 218 
226 57 
226 44 
226 117 
226 76 
226 341 
226 201 
226 31 
226 240 
226 335 
226 303 
226 203 
226 297 
226 95 
226 209 
226 190 
226 271 
226 169 
226 78 
226 147 
226 10 
226 287 
226 157 
226 116 
226 336 
226 296 
226 140 
226 231 
226 321 
227 32 
227 86 
227 25 
227 56 
227 53 
227 175 
227 238 
227 209 
227 188 
227 267 
227 241 
227 90 
227 165 
227 237 
227 298 
227 146 
227 129 
227 110 
227 208 
227 334 
227 141 
227 214 
227 93 
227 67 
227 207 
227 235 
227 124 
227 50 
227 136 
227 132 
227 28 
227 22 
227 299 
227 7 
227 26 
227 339 
227 101 
227 326 
227 224 
227 34 
227 4 
227 195 
227 170 
227 332 
227 156 
227 275 
227 43 
227 187 
227 172 
227 106 
227 74 
227 324 
227 325 
227 311 
227 254 
227 297 
227 38 
227 289 
227 196 
227 66 
227 309 
227 157 
227 281 
227 58 
227 184 
227 69 
227 216 
227 150 
227 234 
227 128 
227 252 
227 103 
227 300 
227 138 
227 76 
227 6 
227 315 
227 212 
227 83 
227 33 
227 41 
227 123 
227 31 
227 35 
227 152 
227 314 
227 14 
227 302 
227 307 
227 330 
227 329 
227 306 
227 68 
227 167 
227 166 
227 341 
227 186 
227 161 
227 323 
227 230 
227 55 
227 220 
227 40 
227 27 
227 54 
227 105 
227 286 
228 41 
228 110 
228 117 
228 235 
228 234 
228 153 
228 35 
228 65 
228 69 
228 204 
228 317 
228 188 
228 232 
228 242 
228 16 
228 121 
228 213 
228 196 
228 21 
228 49 
228 12 
228 94 
228 289 
228 146 
228 305 
228 68 
228 88 
228 83 
228 154 
228 28 
228 292 
228 226 
228 172 
228 145 
228 250 
228 181 
228 125 
228 52 
228 169 
228 337 
228 315 
228 78 
228 332 
228 58 
228 118 
228 299 
228 194 
228 185 
228 271 
228 103 
228 119 
228 322 
228 149 
228 285 
228 314 
228 62 
228 152 
228 5 
228 173 
228 24 
228 207 
228 276 
228 291 
228 290 
228 163 
228 13 
228 11 
228 115 
228 293 
228 266 
228 9 
228 297 
228 240 
228 76 
228 142 
228 133 
228 27 
228 238 
228 218 
228 22 
228 38 
228 326 
228 184 
228 124 
228 44 
228 318 
228 279 
228 25 
228 187 
228 269 
228 82 
228 84 
228 47 
228 330 
228 109 
228 93 
228 307 
228 280 
228 99 
228 147 
228 274 
228 171 
228 283 
228 19 
228 328 
228 3 
228 161 
228 73 
229 210 
229 143 
229 184 
229 292 
229 327 
229 44 
229 62 
229 233 
229 187 
229 155 
229 304 
229 68 
229 242 
229 296 
229 130 
229 127 
229 226 
229 274 
229 241 
229 324 
229 291 
229 332 
229 340 
229 319 
229 250 
229 273 
229 254 
229 49 
229 96 
229 83 
229 122 
229 138 
229 181 
229 114 
229 51 
229 63 
229 221 
229 249 
229 43 
229 276 
229 290 
229 192 
229 112 
229 98 
229 180 
229 82 
229 223 
229 41 
229 222 
229 108 
229 310 
229 257 
229 275 
229 256 
229 268 
229 339 
229 66 
229 224 
229 40 
229 213 
229 117 
229 289 
229 94 
229 300 
229 47 
229 97 
229 111 
229 235 
229 151 
229 126 
229 214 
229 212 
229 129 
229 80 
229 141 
229 314 
229 191 
229 245 
229 146 
229 202 
229 230 
229 307 
229 12 
229 23 
229 45 
229 99 
229 1 
229 38 
229 134 
229 20 
229 150 
229 159 
229 329 
229 84 
229 6 
230 147 
230 157 
230 184 
230 143 
230 226 
230 248 
230 278 
230 263 
230 207 
230 337 
230 62 
230 13 
230 220 
230 37 
230 170 
230 96 
230 269 
230 36 
230 79 
230 46 
230 259 
230 156 
230 212 
230 242 
230 334 
230 104 
230 38 
230 187 
230 175 
230 32 
230 188 
230 11 
230 2 
230 272 
230 140 
230 71 
230 279 
230 167 
230 61 
230 280 
230 235 
230 9 
230 306 
230 153 
230 214 
230 3 
230 245 
230 138 
230 137 
230 332 
230 166 
230 312 
230 124 
230 300 
230 162 
230 198 
230 130 
230 217 
230 117 
230 54 
230 154 
230 180 
230 41 
230 216 
230 160 
230 293 
230 66 
230 164 
230 268 
230 301 
230 264 
230 276 
230 77 
230 12 
230 108 
230 238 
230 39 
230 8 
230 229 
230 182 
230 193 
230 113 
230 129 
230 45 
230 308 
230 42 
230 270 
230 244 
230 243 
230 178 
230 200 
230 127 
230 215 
230 65 
230 155 
230 110 
230 186 
230 227 
230 58 
230 341 
230 317 
230 34 
230 0 
231 271 
231 79 
231 1 
231 86 
231 241 
231 313 
231 147 
231 269 
231 176 
231 34 
231 340 
231 273 
231 294 
231 302 
231 84 
231 10 
231 266 
231 186 
231 44 
231 237 
231 210 
231 164 
231 65 
231 265 
231 80 
231 281 
231 214 
231 191 
231 245 
231 199 
231 58 
231 264 
231 253 
231 216 
231 263 
231 68 
231 168 
231 89 
231 55 
231 336 
231 304 
231 208 
231 93 
231 242 
231 171 
231 42 
231 306 
231 5 
231 256 
231 248 
231 234 
231 314 
231 154 
231 153 
231 217 
231 95 
231 52 
231 144 
231 94 
231 66 
231 85 
231 33 
231 138 
231 142 
231 222 
231 150 
231 60 
231 240 
231 209 
231 99 
231 160 
231 181 
231 13 
231 233 
231 103 
231 296 
231 320 
231 319 
231 291 
231 18 
231 309 
231 330 
231 88 
231 20 
231 337 
231 283 
231 252 
231 15 
231 225 
231 50 
231 272 
231 339 
231 219 
231 4 
231 187 
231 91 
231 324 
231 226 
231 260 
231 178 
231 232 
231 301 
232 237 
232 46 
232 87 
232 146 
232 43 
232 107 
232 335 
232 306 
232 79 
232 30 
232 78 
232 290 
232 172 
232 40 
232 242 
232 294 
232 302 
232 228 
232 188 
232 338 
232 197 
232 235 
232 256 
232 169 
232 58 
232 22 
232 96 
232 247 
232 249 
232 67 
232 6 
232 90 
232 304 
232 157 
232 1 
232 15 
232 278 
232 205 
232 198 
232 206 
232 33 
232 277 
232 325 
232 34 
232 263 
232 210 
232 55 
232 270 
232 123 
232 187 
232 245 
232 122 
232 20 
232 83 
232 138 
232 315 
232 92 
232 17 
232 88 
232 164 
232 251 
232 204 
232 152 
232 18 
232 239 
232 137 
232 84 
232 222 
232 207 
232 32 
232 139 
232 81 
232 318 
232 76 
232 127 
232 102 
232 73 
232 80 
232 68 
232 293 
232 106 
232 297 
232 133 
232 61 
232 168 
232 82 
232 182 
232 320 
232 295 
232 113 
232 100 
232 281 
232 97 
232 160 
232 13 
232 327 
232 114 
232 95 
232 215 
232 260 
232 322 
232 151 
232 183 
232 167 
232 296 
232 231 
232 268 
232 98 
233 284 
233 157 
233 4 
233 269 
233 130 
233 240 
233 266 
233 193 
233 264 
233 212 
233 229 
233 31 
233 192 
233 94 
233 208 
233 114 
233 58 
233 295 
233 108 
233 282 
233 234 
233 86 
233 185 
233 133 
233 307 
233 101 
233 24 
233 131 
233 177 
233 102 
233 160 
233 298 
233 89 
233 53 
233 64 
233 196 
233 99 
233 42 
233 237 
233 323 
233 126 
233 79 
233 224 
233 128 
233 186 
233 184 
233 6 
233 261 
233 28 
233 187 
233 164 
233 8 
233 113 
233 104 
233 74 
233 179 
233 22 
233 194 
233 151 
233 315 
233 124 
233 78 
233 81 
233 316 
233 174 
233 197 
233 60 
233 87 
233 317 
233 254 
233 190 
233 98 
233 44 
233 52 
233 189 
233 165 
233 181 
233 129 
233 136 
233 69 
233 15 
233 175 
233 2 
233 248 
233 272 
233 330 
233 239 
233 231 
233 152 
233 306 
233 150 
233 156 
233 255 
233 220 
233 328 
233 112 
233 341 
233 268 
233 205 
233 38 
233 70 
233 310 
233 236 
233 148 
233 262 
233 159 
233 257 
233 340 
233 285 
233 91 
233 313 
233 46 
233 106 
234 34 
234 330 
234 122 
234 260 
234 322 
234 228 
234 204 
234 187 
234 130 
234 46 
234 9 
234 328 
234 242 
234 311 
234 1 
234 314 
234 233 
234 217 
234 5 
234 39 
234 89 
234 37 
234 313 
234 168 
234 289 
234 127 
234 326 
234 235 
234 26 
234 94 
234 245 
234 98 
234 53 
234 74 
234 15 
234 123 
234 6 
234 125 
234 69 
234 151 
234 36 
234 116 
234 241 
234 16 
234 158 
234 41 
234 214 
234 312 
234 28 
234 58 
234 266 
234 246 
234 79 
234 231 
234 92 
234 102 
234 207 
234 196 
234 178 
234 238 
234 138 
234 243 
234 114 
234 223 
234 262 
234 45 
234 120 
234 100 
234 160 
234 273 
234 140 
234 152 
234 54 
234 319 
234 29 
234 183 
234 101 
234 237 
234 73 
234 292 
234 227 
234 274 
234 182 
234 154 
234 110 
234 60 
234 263 
234 219 
234 159 
234 211 
234 268 
234 21 
234 155 
234 99 
234 291 
234 139 
234 48 
234 83 
234 180 
234 258 
234 325 
234 255 
234 88 
234 332 
234 142 
234 55 
234 212 
234 309 
234 267 
235 98 
235 53 
235 141 
235 61 
235 270 
235 228 
235 184 
235 132 
235 299 
235 27 
235 336 
235 113 
235 310 
235 163 
235 68 
235 239 
235 59 
235 232 
235 40 
235 292 
235 261 
235 196 
235 150 
235 227 
235 290 
235 234 
235 100 
235 60 
235 205 
235 323 
235 162 
235 297 
235 49 
235 204 
235 126 
235 281 
235 255 
235 339 
235 86 
235 181 
235 247 
235 276 
235 320 
235 114 
235 78 
235 128 
235 148 
235 76 
235 159 
235 260 
235 102 
235 91 
235 285 
235 45 
235 230 
235 75 
235 127 
235 243 
235 277 
235 237 
235 271 
235 1 
235 23 
235 314 
235 101 
235 83 
235 122 
235 289 
235 168 
235 18 
235 282 
235 187 
235 30 
235 283 
235 89 
235 229 
235 81 
235 275 
235 301 
235 131 
235 319 
235 244 
235 209 
235 28 
235 149 
235 77 
235 312 
235 117 
235 178 
235 160 
235 85 
235 73 
235 129 
235 216 
235 291 
235 161 
235 193 
235 249 
235 20 
235 38 
235 8 
235 337 
235 64 
235 341 
235 296 
235 121 
235 307 
235 199 
235 189 
235 57 
236 168 
236 277 
236 139 
236 322 
236 136 
236 253 
236 6 
236 146 
236 272 
236 90 
236 134 
236 251 
236 237 
236 211 
236 117 
236 302 
236 294 
236 15 
236 95 
236 140 
236 110 
236 293 
236 306 
236 61 
236 309 
236 299 
236 85 
236 53 
236 106 
236 19 
236 268 
236 99 
236 44 
236 270 
236 256 
236 192 
236 205 
236 264 
236 116 
236 115 
236 45 
236 246 
236 218 
236 290 
236 300 
236 23 
236 210 
236 13 
236 41 
236 142 
236 307 
236 338 
236 88 
236 252 
236 27 
236 249 
236 54 
236 125 
236 114 
236 165 
236 273 
236 103 
236 25 
236 81 
236 35 
236 212 
236 280 
236 259 
236 49 
236 161 
236 83 
236 74 
236 56 
236 265 
236 42 
236 289 
236 48 
236 274 
236 145 
236 47 
236 148 
236 33 
236 298 
236 233 
236 334 
236 278 
236 287 
236 75 
236 327 
236 50 
236 172 
236 9 
236 65 
236 121 
236 340 
236 254 
236 113 
236 204 
236 238 
236 60 
236 137 
236 21 
237 101 
237 128 
237 232 
237 24 
237 181 
237 292 
237 274 
237 72 
237 296 
237 53 
237 80 
237 191 
237 236 
237 302 
237 84 
237 227 
237 167 
237 259 
237 151 
237 331 
237 77 
237 52 
237 308 
237 40 
237 210 
237 156 
237 206 
237 325 
237 149 
237 19 
237 231 
237 243 
237 59 
237 233 
237 2 
237 154 
237 110 
237 265 
237 34 
237 69 
237 248 
237 135 
237 111 
237 55 
237 18 
237 323 
237 62 
237 138 
237 255 
237 78 
237 199 
237 273 
237 21 
237 340 
237 235 
237 216 
237 279 
237 109 
237 198 
237 209 
237 319 
237 175 
237 47 
237 252 
237 190 
237 81 
237 137 
237 244 
237 46 
237 162 
237 37 
237 226 
237 170 
237 94 
237 271 
237 50 
237 193 
237 266 
237 277 
237 234 
237 300 
237 290 
237 288 
237 48 
237 49 
237 200 
237 71 
237 294 
237 169 
237 51 
237 261 
237 242 
237 104 
237 139 
237 257 
237 159 
237 260 
237 239 
237 121 
237 313 
237 322 
237 36 
237 14 
237 31 
237 314 
237 150 
237 304 
237 85 
238 119 
238 15 
238 135 
238 195 
238 47 
238 45 
238 267 
238 227 
238 338 
238 211 
238 98 
238 305 
238 327 
238 335 
238 116 
238 202 
238 103 
238 328 
238 285 
238 182 
238 214 
238 1 
238 68 
238 291 
238 319 
238 36 
238 161 
238 134 
238 192 
238 208 
238 278 
238 184 
238 142 
238 164 
238 39 
238 148 
238 258 
238 26 
238 176 
238 303 
238 283 
238 72 
238 74 
238 175 
238 234 
238 38 
238 54 
238 206 
238 294 
238 50 
238 57 
238 301 
238 314 
238 298 
238 268 
238 300 
238 212 
238 79 
238 330 
238 226 
238 228 
238 216 
238 177 
238 163 
238 275 
238 225 
238 46 
238 210 
238 30 
238 253 
238 20 
238 326 
238 40 
238 230 
238 185 
238 0 
238 10 
238 263 
238 269 
238 165 
238 293 
238 167 
238 16 
238 113 
238 34 
238 35 
238 2 
238 140 
238 17 
238 277 
238 244 
238 341 
238 101 
238 236 
239 6 
239 8 
239 149 
239 154 
239 191 
239 32 
239 302 
239 81 
239 198 
239 309 
239 63 
239 235 
239 256 
239 153 
239 21 
239 41 
239 210 
239 145 
239 173 
239 334 
239 290 
239 339 
239 58 
239 19 
239 7 
239 315 
239 254 
239 65 
239 105 
239 327 
239 184 
239 150 
239 116 
239 146 
239 276 
239 331 
239 240 
239 286 
239 272 
239 93 
239 263 
239 152 
239 208 
239 85 
239 320 
239 61 
239 77 
239 306 
239 283 
239 340 
239 10 
239 165 
239 17 
239 60 
239 4 
239 78 
239 102 
239 112 
239 232 
239 175 
239 233 
239 1 
239 226 
239 123 
239 249 
239 80 
239 99 
239 97 
239 91 
239 76 
239 337 
239 269 
239 167 
239 25 
239 73 
239 40 
239 83 
239 212 
239 303 
239 275 
239 15 
239 224 
239 259 
239 335 
239 114 
239 129 
239 215 
239 183 
239 128 
239 237 
239 33 
239 207 
239 74 
239 294 
239 222 
240 105 
240 233 
240 24 
240 116 
240 137 
240 258 
240 161 
240 295 
240 131 
240 136 
240 8 
240 335 
240 250 
240 224 
240 192 
240 166 
240 255 
240 285 
240 223 
240 1 
240 41 
240 325 
240 115 
240 168 
240 9 
240 63 
240 36 
240 304 
240 333 
240 195 
240 339 
240 0 
240 341 
240 312 
240 324 
240 290 
240 14 
240 43 
240 133 
240 135 
240 145 
240 317 
240 27 
240 159 
240 260 
240 336 
240 112 
240 167 
240 239 
240 251 
240 172 
240 77 
240 183 
240 72 
240 331 
240 61 
240 207 
240 88 
240 176 
240 217 
240 287 
240 66 
240 265 
240 114 
240 86 
240 189 
240 328 
240 169 
240 76 
240 299 
240 298 
240 270 
240 141 
240 228 
240 231 
240 94 
240 202 
240 18 
240 51 
240 215 
240 45 
240 211 
240 3 
240 165 
240 78 
240 80 
240 134 
240 67 
240 109 
240 132 
240 326 
240 98 
240 226 
240 58 
240 208 
240 204 
240 70 
240 35 
240 212 
240 209 
240 22 
240 83 
240 340 
240 323 
240 33 
240 218 
240 319 
240 123 
240 101 
240 221 
240 314 
240 278 
240 276 
240 59 
241 220 
241 265 
241 7 
241 21 
241 182 
241 123 
241 164 
241 267 
241 231 
241 257 
241 81 
241 136 
241 178 
241 227 
241 15 
241 103 
241 70 
241 165 
241 201 
241 229 
241 294 
241 98 
241 121 
241 129 
241 47 
241 206 
241 19 
241 6 
241 174 
241 11 
241 44 
241 333 
241 208 
241 72 
241 268 
241 5 
241 234 
241 322 
241 66 
241 94 
241 338 
241 28 
241 46 
241 170 
241 255 
241 89 
241 69 
241 330 
241 215 
241 169 
241 154 
241 199 
241 24 
241 144 
241 219 
241 264 
241 52 
241 162 
241 341 
241 308 
241 155 
241 143 
241 261 
241 53 
241 339 
241 38 
241 212 
241 262 
241 87 
241 217 
241 263 
241 34 
241 26 
241 207 
241 301 
241 179 
241 191 
241 194 
241 80 
241 54 
241 326 
241 1 
241 270 
241 86 
241 253 
241 171 
241 275 
241 112 
241 334 
241 36 
241 318 
241 317 
241 283 
241 282 
241 43 
241 173 
242 203 
242 330 
242 224 
242 296 
242 116 
242 22 
242 336 
242 112 
242 341 
242 229 
242 280 
242 307 
242 123 
242 234 
242 179 
242 232 
242 308 
242 243 
242 58 
242 154 
242 80 
242 332 
242 189 
242 228 
242 117 
242 217 
242 258 
242 206 
242 219 
242 106 
242 114 
242 288 
242 218 
242 126 
242 226 
242 230 
242 119 
242 11 
242 130 
242 292 
242 337 
242 139 
242 231 
242 94 
242 79 
242 53 
242 312 
242 329 
242 2 
242 338 
242 263 
242 158 
242 38 
242 67 
242 44 
242 41 
242 40 
242 201 
242 56 
242 287 
242 261 
242 135 
242 176 
242 215 
242 167 
242 323 
242 70 
242 89 
242 173 
242 213 
242 55 
242 172 
242 109 
242 28 
242 45 
242 14 
242 27 
242 15 
242 4 
242 124 
242 156 
242 74 
242 84 
242 63 
242 18 
242 82 
242 266 
242 195 
242 166 
242 128 
242 60 
242 76 
242 163 
242 237 
242 144 
242 68 
242 142 
242 42 
242 16 
242 188 
242 145 
242 319 
242 269 
242 159 
242 113 
242 245 
242 186 
242 333 
242 150 
242 141 
242 265 
243 212 
243 183 
243 210 
243 310 
243 114 
243 298 
243 8 
243 28 
243 153 
243 185 
243 18 
243 39 
243 177 
243 242 
243 184 
243 283 
243 149 
243 340 
243 280 
243 6 
243 216 
243 112 
243 143 
243 301 
243 326 
243 36 
243 237 
243 31 
243 292 
243 260 
243 188 
243 26 
243 195 
243 82 
243 120 
243 164 
243 194 
243 86 
243 209 
243 268 
243 20 
243 235 
243 47 
243 288 
243 294 
243 115 
243 13 
243 134 
243 52 
243 59 
243 132 
243 234 
243 214 
243 133 
243 273 
243 174 
243 142 
243 156 
243 49 
243 58 
243 128 
243 332 
243 281 
243 131 
243 27 
243 205 
243 66 
243 150 
243 154 
243 329 
243 122 
243 113 
243 74 
243 180 
243 140 
243 215 
243 222 
243 204 
243 148 
243 88 
243 32 
243 255 
243 61 
243 230 
243 110 
243 276 
243 30 
243 263 
243 136 
243 9 
243 324 
243 308 
243 206 
243 208 
243 109 
244 143 
244 193 
244 74 
244 152 
244 38 
244 324 
244 112 
244 86 
244 107 
244 55 
244 256 
244 58 
244 332 
244 39 
244 270 
244 101 
244 316 
244 247 
244 151 
244 257 
244 197 
244 6 
244 49 
244 294 
244 35 
244 322 
244 276 
244 29 
244 314 
244 204 
244 168 
244 146 
244 288 
244 158 
244 42 
244 290 
244 126 
244 266 
244 60 
244 262 
244 327 
244 175 
244 31 
244 10 
244 319 
244 284 
244 149 
244 66 
244 18 
244 312 
244 56 
244 176 
244 267 
244 273 
244 277 
244 43 
244 2 
244 295 
244 200 
244 268 
244 144 
244 264 
244 237 
244 147 
244 271 
244 94 
244 246 
244 33 
244 224 
244 81 
244 116 
244 278 
244 179 
244 53 
244 223 
244 36 
244 235 
244 308 
244 16 
244 117 
244 315 
244 139 
244 75 
244 174 
244 300 
244 163 
244 103 
244 230 
244 50 
244 138 
244 250 
244 73 
244 323 
244 287 
244 238 
244 296 
244 160 
244 19 
244 194 
245 288 
245 83 
245 340 
245 31 
245 70 
245 219 
245 252 
245 224 
245 164 
245 176 
245 291 
245 91 
245 6 
245 102 
245 88 
245 90 
245 0 
245 55 
245 20 
245 234 
245 286 
245 283 
245 87 
245 279 
245 231 
245 133 
245 189 
245 73 
245 41 
245 48 
245 287 
245 298 
245 271 
245 207 
245 260 
245 148 
245 128 
245 232 
245 98 
245 230 
245 130 
245 151 
245 270 
245 165 
245 34 
245 192 
245 115 
245 292 
245 86 
245 75 
245 59 
245 101 
245 30 
245 308 
245 153 
245 196 
245 97 
245 65 
245 178 
245 166 
245 58 
245 60 
245 112 
245 71 
245 274 
245 4 
245 80 
245 188 
245 324 
245 328 
245 186 
245 327 
245 266 
245 216 
245 326 
245 315 
245 229 
245 79 
245 62 
245 7 
245 183 
245 202 
245 190 
245 281 
245 267 
245 309 
245 203 
245 161 
245 103 
245 210 
245 69 
245 35 
245 117 
245 247 
245 253 
245 300 
245 242 
245 191 
245 33 
245 37 
245 56 
245 157 
245 146 
245 221 
245 299 
245 278 
245 285 
245 193 
245 138 
245 200 
246 291 
246 190 
246 165 
246 113 
246 197 
246 40 
246 123 
246 304 
246 191 
246 217 
246 327 
246 4 
246 192 
246 164 
246 44 
246 337 
246 182 
246 308 
246 39 
246 68 
246 111 
246 61 
246 20 
246 302 
246 118 
246 72 
246 272 
246 74 
246 179 
246 261 
246 292 
246 303 
246 195 
246 249 
246 236 
246 301 
246 47 
246 285 
246 22 
246 234 
246 150 
246 200 
246 161 
246 250 
246 278 
246 129 
246 269 
246 98 
246 333 
246 135 
246 251 
246 339 
246 101 
246 144 
246 26 
246 35 
246 10 
246 55 
246 244 
246 207 
246 181 
246 198 
246 310 
246 64 
246 334 
246 120 
246 275 
246 319 
246 8 
246 5 
246 297 
246 340 
246 203 
246 167 
246 178 
246 258 
246 132 
246 140 
246 290 
246 323 
246 313 
246 21 
246 136 
246 33 
246 14 
246 105 
246 222 
246 154 
246 128 
246 131 
246 316 
246 288 
246 307 
246 85 
246 146 
246 115 
247 328 
247 313 
247 62 
247 327 
247 3 
247 282 
247 45 
247 112 
247 89 
247 255 
247 133 
247 268 
247 50 
247 218 
247 204 
247 244 
247 187 
247 121 
247 272 
247 157 
247 232 
247 288 
247 318 
247 114 
247 59 
247 289 
247 180 
247 217 
247 335 
247 115 
247 16 
247 171 
247 140 
247 72 
247 8 
247 235 
247 280 
247 224 
247 307 
247 334 
247 301 
247 310 
247 147 
247 122 
247 12 
247 193 
247 102 
247 207 
247 138 
247 341 
247 156 
247 214 
247 308 
247 56 
247 11 
247 303 
247 315 
247 283 
247 276 
247 26 
247 32 
247 1 
247 67 
247 77 
247 319 
247 92 
247 4 
247 79 
247 94 
247 160 
247 206 
247 172 
247 256 
247 113 
247 35 
247 320 
247 167 
247 286 
247 191 
247 300 
247 107 
247 83 
247 91 
247 170 
247 196 
247 293 
247 120 
247 192 
247 337 
247 74 
247 159 
247 131 
247 249 
247 245 
247 311 
247 266 
247 324 
247 270 
247 271 
247 309 
247 108 
247 168 
248 72 
248 97 
248 18 
248 41 
248 5 
248 336 
248 149 
248 180 
248 230 
248 131 
248 300 
248 110 
248 287 
248 308 
248 44 
248 181 
248 162 
248 138 
248 176 
248 59 
248 4 
248 259 
248 198 
248 252 
248 57 
248 111 
248 220 
248 145 
248 64 
248 47 
248 304 
248 105 
248 209 
248 212 
248 17 
248 237 
248 201 
248 169 
248 313 
248 217 
248 76 
248 150 
248 203 
248 210 
248 89 
248 207 
248 341 
248 293 
248 193 
248 73 
248 90 
248 83 
248 155 
248 231 
248 118 
248 3 
248 106 
248 28 
248 134 
248 63 
248 114 
248 80 
248 340 
248 116 
248 32 
248 315 
248 264 
248 233 
248 170 
248 42 
248 103 
248 295 
248 187 
248 297 
248 338 
248 127 
248 199 
248 333 
248 38 
248 66 
248 159 
248 274 
248 205 
248 19 
248 302 
248 120 
248 200 
248 167 
248 183 
248 21 
248 160 
248 55 
248 48 
248 206 
248 1 
248 43 
248 107 
248 195 
248 211 
248 45 
248 251 
248 152 
248 328 
248 275 
248 126 
249 18 
249 25 
249 301 
249 223 
249 253 
249 197 
249 60 
249 175 
249 129 
249 179 
249 58 
249 75 
249 0 
249 297 
249 178 
249 269 
249 15 
249 130 
249 166 
249 206 
249 232 
249 169 
249 224 
249 252 
249 215 
249 155 
249 274 
249 308 
249 287 
249 282 
249 141 
249 229 
249 294 
249 127 
249 152 
249 77 
249 140 
249 57 
249 331 
249 246 
249 9 
249 95 
249 181 
249 170 
249 177 
249 105 
249 69 
249 52 
249 56 
249 304 
249 67 
249 279 
249 218 
249 94 
249 207 
249 30 
249 160 
249 195 
249 236 
249 338 
249 138 
249 205 
249 339 
249 250 
249 266 
249 120 
249 239 
249 309 
249 289 
249 125 
249 203 
249 123 
249 168 
249 324 
249 8 
249 200 
249 260 
249 329 
249 299 
249 173 
249 247 
249 33 
249 66 
249 145 
249 85 
249 263 
249 235 
249 81 
249 31 
249 110 
249 87 
249 17 
250 166 
250 12 
250 176 
250 270 
250 18 
250 143 
250 10 
250 14 
250 152 
250 204 
250 182 
250 240 
250 82 
250 118 
250 51 
250 114 
250 334 
250 229 
250 119 
250 72 
250 300 
250 320 
250 162 
250 310 
250 208 
250 112 
250 319 
250 197 
250 262 
250 60 
250 56 
250 98 
250 228 
250 85 
250 25 
250 173 
250 163 
250 17 
250 260 
250 305 
250 259 
250 307 
250 325 
250 23 
250 71 
250 15 
250 1 
250 281 
250 324 
250 144 
250 246 
250 77 
250 122 
250 171 
250 203 
250 285 
250 304 
250 301 
250 201 
250 258 
250 20 
250 284 
250 286 
250 264 
250 275 
250 102 
250 249 
250 155 
250 292 
250 32 
250 125 
250 58 
250 2 
250 218 
250 70 
250 129 
250 294 
250 205 
250 121 
250 251 
250 142 
250 161 
250 244 
250 276 
250 337 
250 312 
250 140 
250 216 
250 308 
251 320 
251 279 
251 9 
251 169 
251 220 
251 161 
251 70 
251 59 
251 277 
251 263 
251 74 
251 223 
251 179 
251 98 
251 236 
251 140 
251 115 
251 43 
251 259 
251 305 
251 335 
251 96 
251 207 
251 173 
251 45 
251 149 
251 102 
251 77 
251 163 
251 187 
251 222 
251 192 
251 190 
251 69 
251 159 
251 225 
251 337 
251 216 
251 7 
251 275 
251 24 
251 314 
251 240 
251 266 
251 318 
251 167 
251 23 
251 210 
251 195 
251 25 
251 226 
251 297 
251 65 
251 5 
251 128 
251 246 
251 252 
251 166 
251 232 
251 54 
251 333 
251 83 
251 105 
251 199 
251 339 
251 75 
251 172 
251 107 
251 37 
251 189 
251 260 
251 204 
251 88 
251 219 
251 316 
251 21 
251 215 
251 134 
251 262 
251 322 
251 270 
251 95 
251 53 
251 124 
251 194 
251 218 
251 150 
251 90 
251 158 
251 307 
251 250 
251 253 
251 2 
251 196 
251 248 
251 291 
251 326 
251 310 
251 34 
251 48 
251 338 
251 6 
251 303 
251 185 
252 179 
252 290 
252 194 
252 147 
252 138 
252 164 
252 61 
252 270 
252 140 
252 245 
252 86 
252 282 
252 165 
252 57 
252 335 
252 264 
252 156 
252 73 
252 94 
252 248 
252 51 
252 287 
252 280 
252 26 
252 253 
252 221 
252 87 
252 176 
252 269 
252 249 
252 130 
252 33 
252 178 
252 96 
252 123 
252 47 
252 325 
252 117 
252 168 
252 0 
252 43 
252 258 
252 85 
252 187 
252 150 
252 330 
252 9 
252 74 
252 59 
252 84 
252 161 
252 261 
252 206 
252 203 
252 298 
252 112 
252 157 
252 135 
252 277 
252 172 
252 88 
252 162 
252 237 
252 35 
252 215 
252 66 
252 236 
252 251 
252 38 
252 42 
252 77 
252 139 
252 291 
252 133 
252 257 
252 286 
252 310 
252 285 
252 131 
252 315 
252 118 
252 50 
252 227 
252 276 
252 15 
252 40 
252 110 
252 183 
252 70 
252 132 
252 167 
252 337 
252 5 
252 22 
252 293 
252 231 
252 163 
252 18 
252 267 
252 304 
252 302 
252 98 
252 197 
252 297 
252 274 
252 174 
252 328 
252 62 
252 41 
252 220 
253 111 
253 72 
253 280 
253 249 
253 337 
253 307 
253 65 
253 236 
253 341 
253 291 
253 222 
253 279 
253 177 
253 187 
253 273 
253 29 
253 12 
253 4 
253 258 
253 301 
253 79 
253 252 
253 176 
253 35 
253 41 
253 286 
253 112 
253 276 
253 116 
253 231 
253 17 
253 69 
253 110 
253 7 
253 191 
253 300 
253 174 
253 66 
253 312 
253 199 
253 60 
253 270 
253 49 
253 24 
253 93 
253 108 
253 147 
253 16 
253 193 
253 281 
253 164 
253 127 
253 290 
253 96 
253 264 
253 299 
253 292 
253 198 
253 313 
253 159 
253 325 
253 295 
253 83 
253 39 
253 31 
253 78 
253 254 
253 168 
253 288 
253 89 
253 314 
253 272 
253 219 
253 298 
253 328 
253 238 
253 259 
253 331 
253 322 
253 262 
253 19 
253 8 
253 150 
253 148 
253 215 
253 309 
253 305 
253 165 
253 104 
253 241 
253 251 
253 181 
253 245 
253 197 
253 134 
253 327 
253 255 
253 77 
253 119 
253 184 
253 321 
254 287 
254 200 
254 30 
254 126 
254 162 
254 82 
254 172 
254 108 
254 52 
254 176 
254 62 
254 74 
254 274 
254 165 
254 100 
254 25 
254 330 
254 333 
254 258 
254 117 
254 3 
254 269 
254 99 
254 104 
254 229 
254 134 
254 169 
254 264 
254 95 
254 271 
254 312 
254 59 
254 57 
254 226 
254 24 
254 239 
254 109 
254 306 
254 141 
254 302 
254 260 
254 286 
254 112 
254 28 
254 129 
254 265 
254 301 
254 323 
254 305 
254 340 
254 282 
254 84 
254 207 
254 20 
254 257 
254 291 
254 325 
254 107 
254 44 
254 158 
254 22 
254 227 
254 309 
254 211 
254 39 
254 135 
254 233 
254 143 
254 253 
254 8 
254 146 
254 64 
254 216 
254 175 
254 16 
254 300 
254 318 
254 315 
254 326 
254 69 
254 136 
254 53 
254 335 
254 255 
254 4 
254 166 
254 278 
254 119 
254 324 
254 295 
254 205 
254 121 
254 137 
254 105 
254 144 
254 138 
254 58 
254 285 
254 85 
254 97 
254 18 
254 116 
254 50 
254 154 
254 81 
254 1 
254 151 
254 221 
254 140 
254 314 
254 236 
254 189 
254 93 
254 92 
255 102 
255 300 
255 165 
255 83 
255 161 
255 331 
255 289 
255 88 
255 18 
255 247 
255 176 
255 220 
255 274 
255 240 
255 98 
255 50 
255 152 
255 322 
255 333 
255 338 
255 313 
255 20 
255 151 
255 119 
255 41 
255 297 
255 340 
255 45 
255 1 
255 265 
255 72 
255 309 
255 235 
255 224 
255 40 
255 336 
255 85 
255 155 
255 48 
255 171 
255 169 
255 323 
255 129 
255 32 
255 31 
255 237 
255 277 
255 79 
255 241 
255 167 
255 61 
255 134 
255 208 
255 54 
255 170 
255 22 
255 30 
255 296 
255 99 
255 27 
255 223 
255 301 
255 56 
255 314 
255 14 
255 302 
255 116 
255 101 
255 212 
255 175 
255 257 
255 283 
255 147 
255 26 
255 33 
255 233 
255 21 
255 275 
255 57 
255 34 
255 254 
255 90 
255 123 
255 288 
255 15 
255 317 
255 28 
255 324 
255 124 
255 284 
255 157 
255 139 
255 243 
255 292 
255 294 
255 10 
255 189 
255 214 
255 184 
255 205 
255 234 
255 200 
255 253 
256 320 
256 309 
256 156 
256 265 
256 139 
256 41 
256 219 
256 70 
256 258 
256 267 
256 22 
256 244 
256 263 
256 239 
256 8 
256 232 
256 129 
256 90 
256 35 
256 52 
256 288 
256 111 
256 84 
256 106 
256 144 
256 184 
256 98 
256 165 
256 152 
256 45 
256 133 
256 82 
256 78 
256 262 
256 102 
256 236 
256 108 
256 279 
256 121 
256 100 
256 198 
256 322 
256 213 
256 300 
256 274 
256 10 
256 323 
256 282 
256 336 
256 290 
256 222 
256 231 
256 177 
256 318 
256 173 
256 69 
256 229 
256 341 
256 93 
256 196 
256 101 
256 128 
256 4 
256 123 
256 72 
256 205 
256 77 
256 270 
256 97 
256 312 
256 50 
256 311 
256 202 
256 247 
256 284 
256 32 
256 286 
256 259 
256 207 
256 339 
256 159 
256 29 
256 216 
256 269 
256 175 
256 310 
256 122 
256 289 
256 272 
256 42 
256 291 
256 186 
256 147 
256 276 
256 135 
256 153 
256 88 
257 330 
257 241 
257 198 
257 123 
257 326 
257 280 
257 312 
257 219 
257 143 
257 164 
257 8 
257 129 
257 244 
257 7 
257 201 
257 294 
257 193 
257 32 
257 81 
257 1 
257 19 
257 45 
257 141 
257 338 
257 35 
257 183 
257 51 
257 181 
257 104 
257 14 
257 314 
257 90 
257 302 
257 172 
257 327 
257 70 
257 105 
257 59 
257 44 
257 209 
257 36 
257 15 
257 296 
257 43 
257 111 
257 95 
257 254 
257 291 
257 17 
257 225 
257 96 
257 229 
257 149 
257 108 
257 67 
257 305 
257 337 
257 56 
257 79 
257 82 
257 66 
257 216 
257 86 
257 295 
257 72 
257 162 
257 150 
257 197 
257 303 
257 252 
257 255 
257 113 
257 274 
257 177 
257 167 
257 271 
257 125 
257 210 
257 175 
257 188 
257 185 
257 157 
257 146 
257 324 
257 283 
257 237 
257 163 
257 101 
257 233 
257 65 
257 217 
257 116 
257 117 
257 153 
257 170 
257 286 
257 134 
257 85 
257 34 
257 73 
257 321 
258 173 
258 225 
258 240 
258 132 
258 127 
258 119 
258 278 
258 140 
258 170 
258 14 
258 256 
258 10 
258 181 
258 312 
258 272 
258 156 
258 77 
258 146 
258 254 
258 214 
258 93 
258 128 
258 253 
258 123 
258 66 
258 242 
258 265 
258 121 
258 271 
258 186 
258 16 
258 19 
258 5 
258 321 
258 84 
258 198 
258 204 
258 116 
258 330 
258 130 
258 40 
258 213 
258 49 
258 98 
258 310 
258 22 
258 275 
258 154 
258 252 
258 163 
258 63 
258 141 
258 296 
258 335 
258 238 
258 324 
258 289 
258 139 
258 221 
258 162 
258 30 
258 190 
258 281 
258 41 
258 36 
258 300 
258 279 
258 250 
258 53 
258 283 
258 31 
258 328 
258 268 
258 197 
258 29 
258 17 
258 338 
258 38 
258 307 
258 223 
258 65 
258 331 
258 115 
258 105 
258 325 
258 303 
258 100 
258 68 
258 69 
258 320 
258 194 
258 12 
258 101 
258 246 
258 104 
258 39 
258 180 
258 171 
258 153 
258 263 
258 172 
258 54 
258 234 
258 76 
258 211 
258 103 
258 142 
258 262 
258 305 
258 222 
258 44 
259 99 
259 337 
259 300 
259 297 
259 91 
259 125 
259 219 
259 112 
259 62 
259 162 
259 148 
259 92 
259 191 
259 320 
259 24 
259 65 
259 103 
259 185 
259 150 
259 93 
259 126 
259 330 
259 173 
259 331 
259 52 
259 166 
259 237 
259 251 
259 248 
259 44 
259 36 
259 145 
259 339 
259 308 
259 230 
259 305 
259 156 
259 226 
259 340 
259 201 
259 315 
259 129 
259 209 
259 77 
259 250 
259 41 
259 104 
259 17 
259 309 
259 38 
259 98 
259 61 
259 336 
259 165 
259 11 
259 146 
259 46 
259 262 
259 137 
259 128 
259 106 
259 25 
259 40 
259 299 
259 15 
259 326 
259 302 
259 87 
259 58 
259 72 
259 327 
259 205 
259 30 
259 43 
259 307 
259 164 
259 220 
259 295 
259 71 
259 86 
259 5 
259 236 
259 276 
259 253 
259 314 
259 20 
259 76 
259 256 
259 321 
259 143 
259 196 
259 119 
259 183 
259 97 
259 159 
259 239 
259 289 
259 32 
259 88 
259 223 
259 64 
259 338 
259 19 
260 211 
260 150 
260 338 
260 234 
260 80 
260 329 
260 179 
260 294 
260 122 
260 28 
260 314 
260 339 
260 310 
260 40 
260 178 
260 129 
260 68 
260 86 
260 334 
260 276 
260 93 
260 191 
260 111 
260 100 
260 195 
260 74 
260 328 
260 134 
260 308 
260 2 
260 4 
260 69 
260 181 
260 243 
260 52 
260 130 
260 75 
260 279 
260 83 
260 126 
260 67 
260 102 
260 250 
260 288 
260 254 
260 71 
260 202 
260 8 
260 131 
260 240 
260 26 
260 263 
260 77 
260 235 
260 245 
260 7 
260 65 
260 57 
260 145 
260 70 
260 31 
260 281 
260 305 
260 304 
260 109 
260 106 
260 108 
260 317 
260 99 
260 165 
260 50 
260 203 
260 46 
260 18 
260 15 
260 174 
260 296 
260 207 
260 212 
260 251 
260 286 
260 287 
260 147 
260 81 
260 299 
260 171 
260 316 
260 163 
260 189 
260 72 
260 148 
260 218 
260 73 
260 266 
260 127 
260 249 
260 30 
260 237 
260 98 
260 157 
260 3 
260 321 
260 232 
260 231 
260 158 
260 271 
260 9 
260 322 
261 23 
261 150 
261 59 
261 279 
261 109 
261 40 
261 8 
261 198 
261 336 
261 55 
261 151 
261 36 
261 303 
261 216 
261 288 
261 194 
261 138 
261 31 
261 127 
261 235 
261 63 
261 304 
261 27 
261 218 
261 202 
261 32 
261 19 
261 137 
261 320 
261 246 
261 50 
261 225 
261 117 
261 62 
261 266 
261 233 
261 78 
261 83 
261 73 
261 219 
261 147 
261 110 
261 130 
261 47 
261 88 
261 52 
261 211 
261 252 
261 4 
261 125 
261 53 
261 242 
261 149 
261 166 
261 45 
261 297 
261 22 
261 82 
261 143 
261 206 
261 262 
261 54 
261 7 
261 92 
261 241 
261 306 
261 112 
261 275 
261 20 
261 213 
261 9 
261 274 
261 21 
261 116 
261 237 
261 334 
261 309 
261 182 
261 25 
261 191 
261 135 
261 173 
261 187 
261 293 
261 280 
261 322 
261 24 
262 44 
262 183 
262 66 
262 103 
262 163 
262 333 
262 130 
262 323 
262 47 
262 13 
262 9 
262 302 
262 309 
262 127 
262 155 
262 338 
262 276 
262 177 
262 79 
262 332 
262 194 
262 46 
262 314 
262 77 
262 122 
262 212 
262 275 
262 179 
262 250 
262 291 
262 157 
262 99 
262 299 
262 217 
262 256 
262 270 
262 303 
262 149 
262 244 
262 146 
262 297 
262 90 
262 195 
262 202 
262 306 
262 271 
262 189 
262 341 
262 219 
262 191 
262 139 
262 175 
262 68 
262 170 
262 259 
262 152 
262 273 
262 210 
262 218 
262 126 
262 54 
262 234 
262 307 
262 294 
262 38 
262 326 
262 211 
262 261 
262 11 
262 167 
262 132 
262 87 
262 17 
262 325 
262 138 
262 251 
262 241 
262 42 
262 253 
262 143 
262 215 
262 94 
262 159 
262 100 
262 337 
262 34 
262 319 
262 233 
262 84 
262 76 
262 49 
262 335 
262 88 
262 258 
262 16 
262 36 
262 114 
262 98 
263 26 
263 219 
263 311 
263 99 
263 143 
263 33 
263 185 
263 13 
263 96 
263 85 
263 251 
263 230 
263 3 
263 319 
263 283 
263 24 
263 256 
263 80 
263 162 
263 134 
263 339 
263 139 
263 279 
263 21 
263 223 
263 322 
263 177 
263 282 
263 217 
263 308 
263 145 
263 269 
263 326 
263 61 
263 4 
263 51 
263 224 
263 231 
263 201 
263 202 
263 191 
263 232 
263 117 
263 260 
263 40 
263 7 
263 114 
263 296 
263 239 
263 242 
263 280 
263 126 
263 307 
263 121 
263 119 
263 18 
263 286 
263 2 
263 172 
263 320 
263 216 
263 164 
263 323 
263 70 
263 181 
263 222 
263 87 
263 333 
263 60 
263 29 
263 210 
263 321 
263 204 
263 149 
263 225 
263 45 
263 304 
263 107 
263 186 
263 194 
263 329 
263 324 
263 36 
263 218 
263 188 
263 91 
263 138 
263 182 
263 84 
263 207 
263 209 
263 241 
263 44 
263 234 
263 180 
263 238 
263 124 
263 287 
263 285 
263 281 
263 54 
263 258 
263 81 
263 141 
263 109 
263 43 
263 249 
263 243 
263 160 
263 103 
263 41 
263 50 
263 83 
264 32 
264 233 
264 189 
264 39 
264 108 
264 125 
264 219 
264 148 
264 176 
264 252 
264 105 
264 336 
264 59 
264 295 
264 150 
264 286 
264 283 
264 27 
264 113 
264 99 
264 318 
264 139 
264 116 
264 254 
264 49 
264 156 
264 172 
264 164 
264 151 
264 56 
264 77 
264 106 
264 1 
264 47 
264 269 
264 65 
264 231 
264 217 
264 236 
264 135 
264 276 
264 157 
264 34 
264 48 
264 112 
264 210 
264 181 
264 193 
264 253 
264 36 
264 327 
264 88 
264 53 
264 118 
264 335 
264 297 
264 55 
264 244 
264 201 
264 241 
264 119 
264 196 
264 14 
264 92 
264 57 
264 183 
264 66 
264 248 
264 250 
264 110 
264 211 
264 275 
264 177 
264 141 
264 19 
264 284 
264 230 
264 169 
264 61 
264 98 
264 114 
264 209 
264 268 
264 18 
264 206 
264 314 
264 90 
264 103 
264 330 
264 339 
264 321 
264 30 
264 265 
264 96 
264 300 
264 134 
264 200 
264 298 
264 323 
264 278 
264 288 
265 209 
265 241 
265 225 
265 256 
265 34 
265 150 
265 43 
265 213 
265 16 
265 267 
265 53 
265 218 
265 60 
265 167 
265 123 
265 180 
265 328 
265 50 
265 258 
265 289 
265 231 
265 206 
265 255 
265 83 
265 237 
265 110 
265 56 
265 224 
265 12 
265 62 
265 297 
265 38 
265 115 
265 189 
265 254 
265 163 
265 170 
265 269 
265 132 
265 21 
265 139 
265 178 
265 61 
265 268 
265 29 
265 14 
265 317 
265 86 
265 109 
265 158 
265 311 
265 77 
265 217 
265 212 
265 292 
265 240 
265 284 
265 25 
265 270 
265 310 
265 152 
265 333 
265 33 
265 37 
265 182 
265 331 
265 161 
265 236 
265 176 
265 27 
265 52 
265 114 
265 164 
265 302 
265 39 
265 74 
265 101 
265 275 
265 10 
265 184 
265 264 
265 153 
265 127 
265 55 
265 104 
265 118 
265 190 
265 122 
265 215 
265 337 
265 307 
265 278 
265 242 
266 111 
266 233 
266 40 
266 167 
266 323 
266 5 
266 12 
266 131 
266 216 
266 156 
266 283 
266 74 
266 274 
266 231 
266 129 
266 224 
266 19 
266 95 
266 306 
266 300 
266 49 
266 277 
266 315 
266 171 
266 104 
266 201 
266 85 
266 261 
266 98 
266 28 
266 147 
266 79 
266 121 
266 273 
266 244 
266 136 
266 294 
266 52 
266 287 
266 251 
266 120 
266 9 
266 90 
266 279 
266 186 
266 234 
266 341 
266 55 
266 272 
266 204 
266 319 
266 21 
266 321 
266 112 
266 20 
266 73 
266 89 
266 275 
266 208 
266 35 
266 1 
266 289 
266 228 
266 175 
266 172 
266 331 
266 249 
266 237 
266 160 
266 284 
266 189 
266 57 
266 338 
266 242 
266 135 
266 245 
266 126 
266 290 
266 117 
266 260 
266 84 
266 100 
266 146 
266 211 
266 270 
266 16 
266 298 
266 288 
266 247 
266 308 
266 128 
266 148 
266 190 
266 310 
266 50 
266 27 
266 11 
266 200 
266 286 
266 196 
266 307 
266 36 
266 314 
267 64 
267 101 
267 113 
267 331 
267 201 
267 241 
267 98 
267 314 
267 6 
267 106 
267 46 
267 256 
267 168 
267 238 
267 18 
267 214 
267 227 
267 265 
267 130 
267 305 
267 80 
267 50 
267 72 
267 115 
267 285 
267 217 
267 185 
267 299 
267 207 
267 326 
267 286 
267 298 
267 138 
267 268 
267 281 
267 144 
267 40 
267 180 
267 192 
267 35 
267 174 
267 145 
267 303 
267 187 
267 38 
267 110 
267 162 
267 184 
267 125 
267 222 
267 65 
267 0 
267 272 
267 244 
267 11 
267 143 
267 1 
267 26 
267 90 
267 319 
267 123 
267 54 
267 178 
267 96 
267 186 
267 300 
267 292 
267 137 
267 62 
267 66 
267 77 
267 58 
267 132 
267 100 
267 330 
267 290 
267 315 
267 182 
267 277 
267 131 
267 49 
267 102 
267 14 
267 288 
267 41 
267 39 
267 103 
267 245 
267 34 
267 252 
267 307 
267 142 
267 117 
267 273 
267 4 
267 332 
267 119 
267 312 
267 275 
267 283 
267 234 
267 284 
268 199 
268 78 
268 319 
268 77 
268 150 
268 47 
268 39 
268 315 
268 310 
268 30 
268 62 
268 288 
268 210 
268 287 
268 289 
268 215 
268 164 
268 135 
268 121 
268 52 
268 84 
268 76 
268 269 
268 247 
268 324 
268 73 
268 75 
268 27 
268 223 
268 152 
268 54 
268 323 
268 277 
268 201 
268 90 
268 174 
268 22 
268 9 
268 51 
268 141 
268 267 
268 162 
268 328 
268 64 
268 236 
268 38 
268 218 
268 79 
268 241 
268 137 
268 138 
268 224 
268 53 
268 292 
268 10 
268 243 
268 217 
268 316 
268 50 
268 68 
268 187 
268 98 
268 334 
268 167 
268 265 
268 0 
268 180 
268 326 
268 229 
268 31 
268 133 
268 301 
268 163 
268 244 
268 111 
268 327 
268 214 
268 191 
268 15 
268 258 
268 238 
268 33 
268 41 
268 178 
268 169 
268 49 
268 166 
268 40 
268 202 
268 282 
268 170 
268 119 
268 230 
268 117 
268 317 
268 16 
268 207 
268 307 
268 325 
268 264 
268 233 
268 55 
268 208 
268 278 
268 213 
268 108 
268 110 
268 321 
268 234 
268 122 
268 225 
268 92 
268 271 
268 281 
268 337 
268 190 
268 157 
268 341 
268 56 
268 83 
268 306 
268 124 
268 284 
268 103 
268 232 
269 223 
269 81 
269 20 
269 233 
269 175 
269 76 
269 290 
269 80 
269 319 
269 187 
269 131 
269 231 
269 213 
269 9 
269 177 
269 268 
269 294 
269 101 
269 140 
269 303 
269 272 
269 193 
269 230 
269 301 
269 249 
269 159 
269 132 
269 254 
269 104 
269 252 
269 36 
269 126 
269 139 
269 135 
269 263 
269 211 
269 208 
269 68 
269 264 
269 69 
269 92 
269 78 
269 323 
269 49 
269 180 
269 10 
269 285 
269 13 
269 97 
269 332 
269 48 
269 265 
269 283 
269 89 
269 217 
269 142 
269 26 
269 44 
269 181 
269 246 
269 279 
269 277 
269 19 
269 195 
269 71 
269 336 
269 328 
269 341 
269 214 
269 196 
269 67 
269 141 
269 169 
269 306 
269 137 
269 88 
269 314 
269 321 
269 316 
269 51 
269 125 
269 220 
269 205 
269 198 
269 114 
269 289 
269 18 
269 239 
269 1 
269 182 
269 103 
269 228 
269 30 
269 6 
269 286 
269 238 
269 256 
269 281 
269 273 
269 219 
269 242 
269 100 
269 34 
269 130 
269 225 
269 146 
269 52 
269 70 
269 171 
269 2 
269 317 
269 46 
270 223 
270 328 
270 235 
270 214 
270 1 
270 195 
270 250 
270 42 
270 35 
270 47 
270 2 
270 6 
270 252 
270 302 
270 165 
270 179 
270 325 
270 244 
270 206 
270 313 
270 278 
270 5 
270 4 
270 39 
270 281 
270 125 
270 58 
270 182 
270 294 
270 135 
270 188 
270 101 
270 209 
270 123 
270 22 
270 119 
270 110 
270 137 
270 183 
270 338 
270 191 
270 90 
270 329 
270 317 
270 17 
270 121 
270 26 
270 66 
270 330 
270 262 
270 236 
270 68 
270 117 
270 304 
270 299 
270 232 
270 203 
270 273 
270 200 
270 89 
270 60 
270 253 
270 245 
270 37 
270 279 
270 73 
270 309 
270 147 
270 322 
270 41 
270 187 
270 334 
270 152 
270 55 
270 272 
270 240 
270 93 
270 202 
270 256 
270 221 
270 162 
270 166 
270 38 
270 265 
270 34 
270 163 
270 83 
270 336 
270 316 
270 176 
270 129 
270 308 
270 251 
270 171 
270 315 
270 128 
270 289 
270 326 
270 196 
270 319 
270 27 
270 266 
270 108 
270 181 
270 142 
270 241 
270 230 
270 75 
270 92 
270 161 
270 15 
270 77 
270 247 
270 96 
270 114 
270 172 
270 21 
270 276 
270 115 
271 231 
271 187 
271 331 
271 22 
271 49 
271 288 
271 82 
271 113 
271 152 
271 217 
271 142 
271 104 
271 53 
271 183 
271 17 
271 63 
271 294 
271 222 
271 74 
271 165 
271 72 
271 254 
271 258 
271 305 
271 156 
271 55 
271 173 
271 297 
271 150 
271 310 
271 86 
271 41 
271 317 
271 293 
271 139 
271 154 
271 245 
271 216 
271 228 
271 195 
271 203 
271 235 
271 147 
271 201 
271 64 
271 122 
271 303 
271 262 
271 109 
271 94 
271 340 
271 119 
271 18 
271 171 
271 278 
271 336 
271 118 
271 304 
271 1 
271 92 
271 108 
271 244 
271 93 
271 237 
271 182 
271 272 
271 60 
271 45 
271 316 
271 313 
271 257 
271 191 
271 281 
271 190 
271 89 
271 279 
271 198 
271 177 
271 50 
271 110 
271 330 
271 101 
271 81 
271 65 
271 226 
271 2 
271 280 
271 9 
271 322 
271 71 
271 268 
271 130 
271 194 
271 62 
271 338 
271 20 
271 12 
271 43 
271 27 
271 124 
271 247 
271 107 
271 318 
271 335 
271 260 
271 206 
272 220 
272 188 
272 205 
272 168 
272 123 
272 23 
272 18 
272 295 
272 341 
272 151 
272 108 
272 169 
272 104 
272 113 
272 161 
272 236 
272 28 
272 179 
272 258 
272 63 
272 269 
272 153 
272 187 
272 247 
272 221 
272 60 
272 86 
272 101 
272 301 
272 224 
272 98 
272 77 
272 246 
272 309 
272 97 
272 186 
272 286 
272 277 
272 230 
272 30 
272 116 
272 239 
272 288 
272 284 
272 32 
272 191 
272 266 
272 13 
272 212 
272 132 
272 267 
272 85 
272 109 
272 51 
272 338 
272 92 
272 55 
272 270 
272 139 
272 300 
272 329 
272 66 
272 9 
272 233 
272 46 
272 181 
272 271 
272 253 
272 315 
272 337 
272 42 
272 37 
272 278 
272 166 
272 39 
272 290 
272 0 
272 103 
272 293 
272 215 
272 332 
272 334 
272 17 
272 214 
272 122 
272 310 
272 256 
272 19 
272 100 
272 53 
272 320 
272 276 
272 164 
272 147 
272 231 
272 118 
272 26 
272 298 
272 27 
272 20 
273 94 
273 217 
273 335 
273 23 
273 46 
273 1 
273 126 
273 132 
273 145 
273 20 
273 11 
273 253 
273 231 
273 193 
273 291 
273 77 
273 315 
273 229 
273 147 
273 104 
273 7 
273 202 
273 205 
273 150 
273 74 
273 152 
273 318 
273 200 
273 128 
273 83 
273 325 
273 123 
273 155 
273 215 
273 106 
273 151 
273 119 
273 15 
273 299 
273 213 
273 6 
273 266 
273 107 
273 25 
273 284 
273 208 
273 332 
273 221 
273 47 
273 270 
273 237 
273 196 
273 17 
273 244 
273 262 
273 171 
273 176 
273 243 
273 22 
273 164 
273 139 
273 234 
273 236 
273 10 
273 65 
273 295 
273 310 
273 302 
273 194 
273 298 
273 105 
273 115 
273 59 
273 313 
273 69 
273 57 
273 157 
273 173 
273 44 
273 269 
273 225 
273 211 
273 170 
273 78 
273 328 
273 267 
273 14 
273 19 
273 110 
273 113 
273 214 
274 338 
274 82 
274 79 
274 283 
274 94 
274 237 
274 162 
274 254 
274 113 
274 74 
274 38 
274 299 
274 229 
274 255 
274 276 
274 4 
274 168 
274 11 
274 266 
274 318 
274 277 
274 335 
274 196 
274 6 
274 149 
274 171 
274 217 
274 296 
274 104 
274 325 
274 158 
274 33 
274 331 
274 323 
274 317 
274 249 
274 177 
274 151 
274 68 
274 219 
274 16 
274 306 
274 216 
274 99 
274 256 
274 314 
274 85 
274 281 
274 10 
274 50 
274 84 
274 154 
274 35 
274 182 
274 186 
274 125 
274 21 
274 308 
274 302 
274 65 
274 213 
274 169 
274 100 
274 146 
274 87 
274 218 
274 14 
274 69 
274 3 
274 12 
274 17 
274 141 
274 245 
274 257 
274 291 
274 97 
274 203 
274 234 
274 128 
274 67 
274 23 
274 326 
274 37 
274 2 
274 44 
274 166 
274 60 
274 161 
274 248 
274 236 
274 76 
274 261 
274 89 
274 303 
274 155 
274 170 
274 7 
274 22 
274 228 
274 92 
274 252 
274 284 
274 294 
274 211 
274 28 
275 86 
275 300 
275 308 
275 158 
275 162 
275 128 
275 113 
275 118 
275 187 
275 19 
275 223 
275 180 
275 283 
275 282 
275 303 
275 149 
275 171 
275 135 
275 56 
275 164 
275 106 
275 77 
275 262 
275 59 
275 324 
275 94 
275 296 
275 97 
275 38 
275 225 
275 192 
275 11 
275 130 
275 156 
275 319 
275 16 
275 151 
275 251 
275 258 
275 133 
275 36 
275 219 
275 9 
275 227 
275 188 
275 84 
275 72 
275 193 
275 100 
275 229 
275 335 
275 125 
275 207 
275 266 
275 75 
275 29 
275 174 
275 295 
275 291 
275 22 
275 111 
275 181 
275 35 
275 250 
275 129 
275 235 
275 313 
275 276 
275 210 
275 246 
275 208 
275 264 
275 238 
275 104 
275 127 
275 201 
275 255 
275 287 
275 261 
275 92 
275 145 
275 305 
275 224 
275 6 
275 288 
275 284 
275 239 
275 195 
275 54 
275 81 
275 265 
275 241 
275 42 
275 23 
275 332 
275 165 
275 341 
275 211 
275 85 
275 267 
275 26 
275 39 
275 213 
275 154 
275 198 
275 248 
275 323 
276 53 
276 68 
276 191 
276 221 
276 339 
276 77 
276 291 
276 74 
276 2 
276 155 
276 218 
276 54 
276 300 
276 36 
276 141 
276 57 
276 212 
276 66 
276 274 
276 118 
276 151 
276 260 
276 262 
276 310 
276 81 
276 198 
276 70 
276 28 
276 244 
276 295 
276 30 
276 71 
276 45 
276 289 
276 253 
276 308 
276 188 
276 235 
276 229 
276 46 
276 201 
276 239 
276 17 
276 264 
276 338 
276 44 
276 160 
276 42 
276 156 
276 11 
276 96 
276 122 
276 228 
276 211 
276 7 
276 316 
276 247 
276 199 
276 319 
276 219 
276 93 
276 216 
276 288 
276 67 
276 82 
276 136 
276 47 
276 16 
276 75 
276 275 
276 278 
276 109 
276 34 
276 287 
276 315 
276 252 
276 89 
276 259 
276 87 
276 326 
276 197 
276 230 
276 8 
276 31 
276 174 
276 158 
276 284 
276 137 
276 37 
276 20 
276 272 
276 195 
276 283 
276 250 
276 243 
276 332 
276 19 
276 256 
276 282 
276 200 
276 240 
276 146 
276 132 
276 108 
276 270 
277 335 
277 3 
277 236 
277 170 
277 98 
277 17 
277 127 
277 84 
277 251 
277 200 
277 139 
277 224 
277 166 
277 168 
277 192 
277 20 
277 340 
277 320 
277 210 
277 171 
277 302 
277 337 
277 274 
277 110 
277 71 
277 268 
277 312 
277 299 
277 334 
277 76 
277 216 
277 150 
277 266 
277 48 
277 217 
277 160 
277 272 
277 285 
277 101 
277 22 
277 107 
277 232 
277 185 
277 141 
277 13 
277 25 
277 220 
277 316 
277 255 
277 189 
277 318 
277 219 
277 235 
277 214 
277 338 
277 59 
277 193 
277 293 
277 252 
277 75 
277 165 
277 244 
277 35 
277 181 
277 269 
277 203 
277 115 
277 206 
277 124 
277 176 
277 292 
277 178 
277 197 
277 175 
277 54 
277 29 
277 156 
277 88 
277 237 
277 5 
277 148 
277 16 
277 267 
277 104 
277 143 
277 66 
277 208 
277 28 
277 102 
277 62 
277 336 
277 0 
277 86 
277 47 
277 69 
277 314 
277 72 
277 238 
277 201 
277 119 
277 133 
277 21 
277 278 
277 315 
277 303 
278 85 
278 60 
278 325 
278 86 
278 35 
278 172 
278 173 
278 125 
278 258 
278 169 
278 230 
278 120 
278 270 
278 306 
278 167 
278 208 
278 194 
278 1 
278 128 
278 324 
278 149 
278 331 
278 219 
278 134 
278 160 
278 40 
278 56 
278 300 
278 232 
278 135 
278 163 
278 291 
278 17 
278 115 
278 238 
278 141 
278 62 
278 24 
278 207 
278 157 
278 185 
278 336 
278 209 
278 217 
278 81 
278 315 
278 152 
278 222 
278 176 
278 246 
278 154 
278 133 
278 271 
278 97 
278 164 
278 37 
278 323 
278 341 
278 30 
278 244 
278 6 
278 150 
278 276 
278 272 
278 70 
278 225 
278 308 
278 158 
278 15 
278 254 
278 59 
278 305 
278 143 
278 121 
278 268 
278 293 
278 288 
278 191 
278 33 
278 339 
278 77 
278 116 
278 61 
278 236 
278 314 
278 221 
278 210 
278 190 
278 203 
278 114 
278 168 
278 318 
278 335 
278 245 
278 240 
278 277 
278 290 
278 264 
278 201 
278 181 
278 265 
279 128 
279 122 
279 204 
279 52 
279 261 
279 251 
279 100 
279 27 
279 63 
279 298 
279 136 
279 293 
279 253 
279 109 
279 155 
279 45 
279 139 
279 263 
279 284 
279 190 
279 36 
279 61 
279 62 
279 48 
279 88 
279 200 
279 21 
279 201 
279 307 
279 283 
279 138 
279 245 
279 291 
279 215 
279 260 
279 6 
279 196 
279 130 
279 314 
279 113 
279 256 
279 230 
279 216 
279 90 
279 126 
279 175 
279 266 
279 237 
279 329 
279 297 
279 270 
279 249 
279 112 
279 269 
279 18 
279 226 
279 187 
279 258 
279 195 
279 316 
279 111 
279 167 
279 114 
279 323 
279 325 
279 271 
279 317 
279 64 
279 221 
279 228 
279 41 
279 301 
279 140 
279 70 
279 211 
279 144 
279 55 
279 180 
279 146 
279 174 
279 57 
279 107 
279 162 
279 145 
279 54 
279 78 
279 285 
279 121 
279 119 
279 168 
279 205 
280 212 
280 177 
280 225 
280 253 
280 208 
280 242 
280 15 
280 158 
280 163 
280 257 
280 191 
280 243 
280 252 
280 84 
280 287 
280 43 
280 213 
280 16 
280 144 
280 282 
280 133 
280 194 
280 247 
280 106 
280 322 
280 176 
280 210 
280 10 
280 193 
280 160 
280 230 
280 66 
280 24 
280 121 
280 139 
280 315 
280 263 
280 51 
280 99 
280 215 
280 172 
280 171 
280 50 
280 204 
280 22 
280 288 
280 18 
280 203 
280 125 
280 88 
280 90 
280 202 
280 94 
280 331 
280 19 
280 119 
280 17 
280 298 
280 340 
280 195 
280 128 
280 294 
280 30 
280 156 
280 236 
280 327 
280 52 
280 78 
280 337 
280 136 
280 296 
280 70 
280 96 
280 54 
280 192 
280 44 
280 103 
280 206 
280 271 
280 39 
280 216 
280 187 
280 196 
280 164 
280 228 
280 184 
280 112 
280 80 
280 31 
280 309 
280 261 
280 138 
280 130 
280 127 
280 37 
280 153 
281 139 
281 340 
281 130 
281 295 
281 147 
281 112 
281 183 
281 176 
281 3 
281 21 
281 162 
281 322 
281 103 
281 82 
281 197 
281 65 
281 270 
281 143 
281 60 
281 122 
281 192 
281 113 
281 298 
281 170 
281 93 
281 200 
281 179 
281 134 
281 231 
281 267 
281 40 
281 235 
281 62 
281 66 
281 111 
281 330 
281 110 
281 92 
281 338 
281 182 
281 131 
281 6 
281 211 
281 115 
281 305 
281 219 
281 86 
281 177 
281 336 
281 85 
281 175 
281 165 
281 274 
281 30 
281 95 
281 209 
281 157 
281 317 
281 250 
281 37 
281 260 
281 124 
281 253 
281 121 
281 339 
281 18 
281 190 
281 290 
281 258 
281 29 
281 216 
281 201 
281 314 
281 39 
281 195 
281 70 
281 118 
281 2 
281 51 
281 292 
281 208 
281 218 
281 50 
281 321 
281 227 
281 17 
281 210 
281 150 
281 221 
281 23 
281 8 
281 243 
281 271 
281 13 
281 212 
281 185 
281 308 
281 304 
281 5 
281 205 
281 59 
281 332 
281 35 
281 232 
281 263 
281 245 
281 214 
281 53 
281 269 
281 67 
281 315 
281 268 
281 303 
281 57 
281 119 
281 204 
281 334 
282 319 
282 65 
282 37 
282 221 
282 101 
282 55 
282 46 
282 182 
282 21 
282 247 
282 176 
282 197 
282 252 
282 174 
282 233 
282 293 
282 108 
282 12 
282 181 
282 1 
282 125 
282 275 
282 315 
282 59 
282 138 
282 341 
282 340 
282 100 
282 330 
282 263 
282 141 
282 309 
282 25 
282 150 
282 113 
282 280 
282 112 
282 22 
282 249 
282 130 
282 173 
282 50 
282 159 
282 307 
282 321 
282 133 
282 86 
282 15 
282 10 
282 254 
282 149 
282 256 
282 131 
282 62 
282 194 
282 19 
282 326 
282 7 
282 33 
282 83 
282 76 
282 235 
282 35 
282 94 
282 316 
282 292 
282 214 
282 178 
282 57 
282 84 
282 268 
282 195 
282 192 
282 61 
282 89 
282 26 
282 300 
282 295 
282 142 
282 90 
282 58 
282 331 
282 137 
282 16 
282 69 
282 201 
282 0 
282 136 
282 23 
282 276 
282 241 
283 106 
283 209 
283 274 
283 132 
283 122 
283 306 
283 92 
283 263 
283 266 
283 154 
283 341 
283 243 
283 42 
283 84 
283 189 
283 145 
283 275 
283 147 
283 264 
283 328 
283 192 
283 64 
283 213 
283 152 
283 200 
283 126 
283 245 
283 211 
283 77 
283 279 
283 224 
283 185 
283 99 
283 167 
283 3 
283 335 
283 163 
283 183 
283 206 
283 75 
283 137 
283 339 
283 214 
283 109 
283 88 
283 68 
283 56 
283 24 
283 225 
283 310 
283 97 
283 155 
283 169 
283 326 
283 102 
283 39 
283 287 
283 269 
283 238 
283 330 
283 66 
283 120 
283 138 
283 239 
283 14 
283 33 
283 151 
283 32 
283 129 
283 150 
283 247 
283 65 
283 198 
283 235 
283 258 
283 194 
283 175 
283 255 
283 312 
283 74 
283 156 
283 101 
283 316 
283 215 
283 298 
283 58 
283 313 
283 54 
283 338 
283 199 
283 257 
283 94 
283 219 
283 60 
283 166 
283 35 
283 333 
283 231 
283 153 
283 26 
283 276 
283 160 
283 210 
283 180 
283 140 
283 228 
283 48 
283 128 
283 15 
283 267 
283 241 
283 196 
284 233 
284 62 
284 199 
284 134 
284 67 
284 70 
284 42 
284 82 
284 31 
284 198 
284 341 
284 154 
284 340 
284 117 
284 158 
284 299 
284 49 
284 318 
284 152 
284 165 
284 279 
284 212 
284 71 
284 167 
284 133 
284 156 
284 197 
284 78 
284 7 
284 304 
284 325 
284 109 
284 326 
284 147 
284 222 
284 122 
284 337 
284 293 
284 273 
284 315 
284 272 
284 115 
284 1 
284 244 
284 149 
284 309 
284 2 
284 312 
284 265 
284 300 
284 6 
284 48 
284 11 
284 250 
284 329 
284 99 
284 128 
284 266 
284 256 
284 311 
284 297 
284 264 
284 330 
284 204 
284 180 
284 72 
284 27 
284 189 
284 275 
284 136 
284 276 
284 35 
284 77 
284 307 
284 255 
284 216 
284 215 
284 98 
284 168 
284 155 
284 66 
284 286 
284 22 
284 166 
284 274 
284 145 
284 268 
284 12 
284 267 
285 156 
285 286 
285 37 
285 159 
285 202 
285 67 
285 100 
285 187 
285 10 
285 328 
285 75 
285 74 
285 176 
285 297 
285 98 
285 240 
285 340 
285 109 
285 32 
285 61 
285 51 
285 16 
285 267 
285 238 
285 193 
285 321 
285 81 
285 53 
285 31 
285 39 
285 150 
285 341 
285 221 
285 299 
285 277 
285 316 
285 14 
285 140 
285 93 
285 213 
285 76 
285 70 
285 146 
285 200 
285 269 
285 60 
285 235 
285 246 
285 294 
285 228 
285 106 
285 222 
285 180 
285 97 
285 218 
285 183 
285 209 
285 71 
285 214 
285 250 
285 172 
285 36 
285 108 
285 120 
285 162 
285 104 
285 195 
285 63 
285 26 
285 188 
285 201 
285 91 
285 252 
285 306 
285 87 
285 24 
285 185 
285 7 
285 324 
285 157 
285 263 
285 198 
285 158 
285 127 
285 309 
285 304 
285 332 
285 254 
285 215 
285 178 
285 233 
285 29 
285 245 
285 301 
285 279 
285 210 
285 199 
285 73 
286 213 
286 285 
286 27 
286 93 
286 2 
286 218 
286 176 
286 133 
286 192 
286 122 
286 184 
286 148 
286 92 
286 35 
286 204 
286 163 
286 301 
286 264 
286 313 
286 70 
286 209 
286 129 
286 153 
286 306 
286 77 
286 140 
286 214 
286 9 
286 267 
286 245 
286 253 
286 272 
286 327 
286 215 
286 42 
286 254 
286 154 
286 116 
286 239 
286 159 
286 104 
286 139 
286 123 
286 308 
286 94 
286 124 
286 13 
286 183 
286 69 
286 263 
286 18 
286 142 
286 141 
286 329 
286 166 
286 135 
286 155 
286 120 
286 303 
286 250 
286 52 
286 252 
286 83 
286 260 
286 187 
286 339 
286 7 
286 72 
286 14 
286 256 
286 1 
286 247 
286 291 
286 11 
286 118 
286 197 
286 79 
286 134 
286 175 
286 22 
286 289 
286 269 
286 202 
286 50 
286 316 
286 143 
286 220 
286 181 
286 284 
286 41 
286 201 
286 311 
286 76 
286 257 
286 266 
286 8 
286 61 
286 341 
286 227 
286 62 
287 254 
287 133 
287 79 
287 317 
287 213 
287 337 
287 56 
287 26 
287 117 
287 106 
287 150 
287 10 
287 268 
287 314 
287 8 
287 14 
287 218 
287 118 
287 140 
287 248 
287 215 
287 97 
287 37 
287 38 
287 310 
287 98 
287 297 
287 252 
287 34 
287 84 
287 134 
287 280 
287 122 
287 104 
287 105 
287 294 
287 329 
287 40 
287 249 
287 114 
287 325 
287 320 
287 52 
287 3 
287 189 
287 266 
287 245 
287 93 
287 174 
287 204 
287 324 
287 145 
287 32 
287 123 
287 283 
287 291 
287 41 
287 191 
287 190 
287 70 
287 318 
287 242 
287 143 
287 240 
287 207 
287 306 
287 1 
287 103 
287 89 
287 58 
287 83 
287 137 
287 111 
287 288 
287 35 
287 260 
287 72 
287 162 
287 276 
287 275 
287 86 
287 115 
287 202 
287 290 
287 330 
287 85 
287 206 
287 333 
287 263 
287 19 
287 293 
287 159 
287 64 
287 15 
287 109 
287 224 
287 226 
287 236 
287 61 
287 208 
287 244 
288 245 
288 50 
288 126 
288 121 
288 155 
288 151 
288 49 
288 109 
288 271 
288 268 
288 219 
288 53 
288 42 
288 133 
288 43 
288 1 
288 48 
288 261 
288 62 
288 172 
288 108 
288 223 
288 139 
288 89 
288 134 
288 256 
288 54 
288 13 
288 247 
288 323 
288 80 
288 307 
288 242 
288 0 
288 292 
288 74 
288 154 
288 179 
288 244 
288 153 
288 321 
288 100 
288 260 
288 66 
288 327 
288 7 
288 290 
288 272 
288 69 
288 14 
288 243 
288 101 
288 22 
288 181 
288 77 
288 67 
288 337 
288 280 
288 19 
288 36 
288 310 
288 142 
288 114 
288 107 
288 58 
288 105 
288 136 
288 192 
288 276 
288 23 
288 184 
288 253 
288 187 
288 64 
288 83 
288 287 
288 158 
288 51 
288 188 
288 32 
288 339 
288 297 
288 341 
288 318 
288 125 
288 95 
288 293 
288 94 
288 255 
288 237 
288 294 
288 143 
288 267 
288 16 
288 275 
288 314 
288 144 
288 330 
288 278 
288 312 
288 2 
288 266 
288 141 
288 177 
288 319 
288 164 
288 246 
288 302 
288 264 
289 305 
289 222 
289 151 
289 197 
289 154 
289 76 
289 304 
289 268 
289 188 
289 255 
289 330 
289 47 
289 143 
289 86 
289 195 
289 73 
289 168 
289 111 
289 42 
289 228 
289 234 
289 211 
289 247 
289 118 
289 177 
289 26 
289 157 
289 265 
289 112 
289 315 
289 1 
289 7 
289 104 
289 341 
289 276 
289 31 
289 132 
289 301 
289 291 
289 10 
289 116 
289 217 
289 2 
289 89 
289 103 
289 90 
289 183 
289 87 
289 323 
289 176 
289 258 
289 15 
289 303 
289 235 
289 101 
289 8 
289 122 
289 193 
289 227 
289 266 
289 135 
289 312 
289 229 
289 296 
289 35 
289 5 
289 335 
289 41 
289 52 
289 30 
289 55 
289 117 
289 67 
289 249 
289 300 
289 216 
289 269 
289 236 
289 51 
289 9 
289 54 
289 286 
289 209 
289 270 
289 108 
289 189 
289 133 
289 77 
289 25 
289 156 
289 324 
289 6 
289 59 
289 185 
289 259 
289 256 
289 308 
289 92 
289 173 
289 62 
289 181 
289 295 
289 57 
289 82 
289 115 
289 201 
289 313 
289 91 
289 210 
289 170 
289 152 
290 4 
290 252 
290 269 
290 155 
290 174 
290 147 
290 232 
290 299 
290 186 
290 36 
290 97 
290 136 
290 327 
290 109 
290 158 
290 138 
290 134 
290 0 
290 74 
290 239 
290 235 
290 203 
290 137 
290 311 
290 22 
290 112 
290 218 
290 324 
290 144 
290 128 
290 123 
290 125 
290 240 
290 315 
290 168 
290 131 
290 66 
290 328 
290 102 
290 229 
290 189 
290 244 
290 129 
290 20 
290 163 
290 88 
290 288 
290 45 
290 188 
290 70 
290 209 
290 236 
290 37 
290 298 
290 256 
290 192 
290 208 
290 179 
290 15 
290 225 
290 333 
290 253 
290 132 
290 281 
290 228 
290 164 
290 108 
290 2 
290 182 
290 135 
290 68 
290 216 
290 59 
290 65 
290 120 
290 24 
290 28 
290 32 
290 325 
290 176 
290 113 
290 133 
290 237 
290 19 
290 47 
290 267 
290 272 
290 67 
290 156 
290 75 
290 266 
290 321 
290 287 
290 127 
290 332 
290 91 
290 39 
290 297 
290 246 
290 86 
290 105 
290 93 
290 23 
290 331 
290 121 
290 51 
290 166 
290 214 
290 184 
290 72 
290 83 
290 61 
290 316 
290 278 
290 34 
291 246 
291 6 
291 59 
291 66 
291 157 
291 0 
291 28 
291 69 
291 276 
291 156 
291 225 
291 253 
291 341 
291 53 
291 118 
291 245 
291 74 
291 229 
291 103 
291 16 
291 307 
291 273 
291 323 
291 294 
291 125 
291 38 
291 110 
291 190 
291 262 
291 279 
291 4 
291 238 
291 14 
291 95 
291 7 
291 289 
291 278 
291 310 
291 148 
291 51 
291 44 
291 48 
291 287 
291 153 
291 213 
291 254 
291 150 
291 257 
291 92 
291 330 
291 152 
291 186 
291 9 
291 41 
291 182 
291 15 
291 228 
291 211 
291 180 
291 313 
291 18 
291 87 
291 5 
291 131 
291 124 
291 37 
291 275 
291 174 
291 68 
291 210 
291 252 
291 217 
291 58 
291 184 
291 185 
291 274 
291 203 
291 286 
291 35 
291 231 
291 339 
291 126 
291 316 
291 70 
291 139 
291 172 
291 173 
291 312 
291 93 
291 32 
291 256 
291 206 
291 235 
291 216 
291 234 
291 120 
291 135 
291 251 
291 143 
291 72 
291 177 
291 315 
291 292 
292 336 
292 229 
292 294 
292 322 
292 127 
292 237 
292 341 
292 316 
292 153 
292 332 
292 9 
292 212 
292 162 
292 317 
292 188 
292 320 
292 148 
292 235 
292 200 
292 219 
292 21 
292 10 
292 314 
292 87 
292 90 
292 214 
292 132 
292 150 
292 313 
292 222 
292 288 
292 130 
292 243 
292 228 
292 41 
292 223 
292 110 
292 72 
292 246 
292 8 
292 323 
292 111 
292 173 
292 242 
292 312 
292 4 
292 134 
292 19 
292 268 
292 307 
292 113 
292 84 
292 76 
292 305 
292 151 
292 71 
292 141 
292 253 
292 169 
292 16 
292 245 
292 265 
292 117 
292 301 
292 100 
292 306 
292 159 
292 224 
292 172 
292 277 
292 106 
292 218 
292 69 
292 267 
292 98 
292 281 
292 135 
292 331 
292 282 
292 138 
292 85 
292 250 
292 174 
292 234 
292 327 
292 112 
292 137 
292 115 
292 160 
292 38 
292 68 
292 31 
292 109 
292 194 
292 50 
292 129 
292 308 
292 340 
292 220 
292 74 
292 255 
292 217 
292 66 
292 303 
292 136 
292 310 
292 89 
292 302 
292 28 
292 291 
293 222 
293 5 
293 223 
293 86 
293 188 
293 76 
293 55 
293 319 
293 103 
293 282 
293 279 
293 311 
293 236 
293 153 
293 158 
293 146 
293 156 
293 20 
293 167 
293 151 
293 332 
293 27 
293 93 
293 172 
293 112 
293 155 
293 36 
293 127 
293 163 
293 122 
293 46 
293 140 
293 96 
293 316 
293 149 
293 323 
293 271 
293 284 
293 134 
293 329 
293 166 
293 318 
293 174 
293 248 
293 54 
293 192 
293 35 
293 277 
293 2 
293 44 
293 294 
293 324 
293 218 
293 228 
293 58 
293 169 
293 219 
293 9 
293 120 
293 78 
293 101 
293 338 
293 230 
293 136 
293 336 
293 288 
293 232 
293 272 
293 67 
293 195 
293 278 
293 238 
293 247 
293 203 
293 252 
293 287 
293 89 
293 74 
293 40 
293 154 
293 116 
293 315 
293 144 
293 170 
293 165 
293 261 
293 328 
293 14 
293 308 
293 71 
293 310 
293 59 
294 3 
294 7 
294 16 
294 292 
294 333 
294 11 
294 144 
294 104 
294 110 
294 260 
294 335 
294 121 
294 232 
294 212 
294 9 
294 47 
294 304 
294 269 
294 164 
294 236 
294 41 
294 183 
294 146 
294 241 
294 231 
294 160 
294 270 
294 204 
294 271 
294 95 
294 325 
294 291 
294 257 
294 19 
294 244 
294 151 
294 51 
294 287 
294 46 
294 117 
294 24 
294 142 
294 324 
294 249 
294 84 
294 188 
294 127 
294 64 
294 266 
294 220 
294 10 
294 285 
294 243 
294 49 
294 52 
294 79 
294 298 
294 194 
294 56 
294 159 
294 293 
294 238 
294 330 
294 262 
294 295 
294 27 
294 150 
294 22 
294 340 
294 130 
294 280 
294 21 
294 62 
294 186 
294 143 
294 328 
294 334 
294 189 
294 66 
294 288 
294 102 
294 237 
294 338 
294 42 
294 250 
294 221 
294 163 
294 341 
294 75 
294 17 
294 139 
294 18 
294 193 
294 332 
294 106 
294 131 
294 32 
294 255 
294 178 
294 88 
294 33 
294 93 
294 99 
294 103 
294 274 
294 316 
294 187 
294 239 
294 118 
294 337 
294 141 
294 309 
295 189 
295 210 
295 224 
295 309 
295 56 
295 165 
295 272 
295 53 
295 318 
295 240 
295 11 
295 82 
295 281 
295 300 
295 233 
295 83 
295 26 
295 143 
295 93 
295 19 
295 264 
295 174 
295 152 
295 182 
295 141 
295 22 
295 60 
295 299 
295 36 
295 14 
295 276 
295 186 
295 34 
295 7 
295 105 
295 215 
295 1 
295 312 
295 120 
295 297 
295 79 
295 110 
295 116 
295 331 
295 132 
295 323 
295 3 
295 43 
295 167 
295 197 
295 187 
295 39 
295 202 
295 130 
295 54 
295 214 
295 99 
295 316 
295 49 
295 150 
295 171 
295 73 
295 244 
295 84 
295 55 
295 253 
295 325 
295 76 
295 257 
295 275 
295 95 
295 294 
295 92 
295 72 
295 303 
295 310 
295 188 
295 183 
295 259 
295 157 
295 166 
295 273 
295 151 
295 158 
295 248 
295 63 
295 164 
295 339 
295 81 
295 20 
295 127 
295 90 
295 144 
295 254 
295 232 
295 336 
295 219 
295 176 
295 282 
295 201 
295 32 
295 218 
295 48 
295 160 
295 289 
295 59 
295 97 
295 75 
295 114 
295 111 
295 320 
295 298 
296 174 
296 21 
296 122 
296 242 
296 147 
296 9 
296 203 
296 111 
296 237 
296 140 
296 229 
296 82 
296 323 
296 197 
296 94 
296 68 
296 162 
296 75 
296 106 
296 80 
296 64 
296 81 
296 154 
296 341 
296 76 
296 274 
296 317 
296 166 
296 167 
296 48 
296 205 
296 275 
296 163 
296 218 
296 149 
296 327 
296 324 
296 326 
296 134 
296 41 
296 257 
296 176 
296 29 
296 263 
296 258 
296 27 
296 18 
296 217 
296 56 
296 255 
296 159 
296 181 
296 52 
296 321 
296 138 
296 182 
296 119 
296 306 
296 289 
296 36 
296 260 
296 60 
296 145 
296 73 
296 124 
296 204 
296 70 
296 169 
296 108 
296 231 
296 220 
296 33 
296 298 
296 153 
296 280 
296 305 
296 128 
296 225 
296 213 
296 193 
296 329 
296 313 
296 43 
296 226 
296 216 
296 178 
296 131 
296 5 
296 333 
296 244 
296 235 
296 232 
296 110 
296 200 
296 112 
297 123 
297 259 
297 185 
297 119 
297 135 
297 34 
297 105 
297 16 
297 36 
297 144 
297 285 
297 114 
297 249 
297 195 
297 287 
297 329 
297 122 
297 9 
297 117 
297 255 
297 87 
297 194 
297 14 
297 271 
297 198 
297 235 
297 308 
297 335 
297 295 
297 265 
297 161 
297 125 
297 121 
297 262 
297 178 
297 204 
297 27 
297 140 
297 336 
297 85 
297 251 
297 62 
297 341 
297 7 
297 189 
297 179 
297 279 
297 5 
297 182 
297 38 
297 227 
297 261 
297 224 
297 264 
297 164 
297 183 
297 212 
297 97 
297 107 
297 228 
297 64 
297 166 
297 317 
297 137 
297 141 
297 248 
297 163 
297 288 
297 142 
297 314 
297 103 
297 199 
297 246 
297 284 
297 73 
297 232 
297 120 
297 226 
297 132 
297 78 
297 290 
297 170 
297 57 
297 86 
297 202 
297 151 
297 311 
297 159 
297 252 
297 324 
297 312 
297 207 
297 167 
297 150 
297 223 
297 300 
298 204 
298 25 
298 141 
298 109 
298 33 
298 243 
298 313 
298 319 
298 195 
298 157 
298 320 
298 52 
298 182 
298 279 
298 23 
298 312 
298 339 
298 227 
298 225 
298 206 
298 143 
298 95 
298 205 
298 233 
298 50 
298 31 
298 281 
298 74 
298 305 
298 267 
298 82 
298 187 
298 224 
298 211 
298 306 
298 183 
298 84 
298 89 
298 245 
298 53 
298 290 
298 325 
298 202 
298 68 
298 252 
298 302 
298 104 
298 294 
298 212 
298 37 
298 56 
298 7 
298 123 
298 73 
298 78 
298 71 
298 329 
298 240 
298 15 
298 30 
298 238 
298 208 
298 147 
298 72 
298 280 
298 6 
298 337 
298 164 
298 131 
298 196 
298 115 
298 331 
298 210 
298 51 
298 253 
298 41 
298 296 
298 165 
298 273 
298 171 
298 283 
298 118 
298 124 
298 308 
298 236 
298 96 
298 32 
298 197 
298 333 
298 266 
298 188 
298 57 
298 190 
298 309 
298 126 
298 264 
298 272 
298 135 
298 295 
298 85 
299 117 
299 196 
299 318 
299 235 
299 174 
299 167 
299 137 
299 290 
299 311 
299 110 
299 56 
299 329 
299 284 
299 172 
299 274 
299 89 
299 119 
299 179 
299 277 
299 236 
299 295 
299 31 
299 168 
299 35 
299 267 
299 166 
299 61 
299 262 
299 227 
299 273 
299 285 
299 324 
299 108 
299 197 
299 270 
299 111 
299 228 
299 51 
299 204 
299 54 
299 304 
299 28 
299 200 
299 337 
299 14 
299 118 
299 98 
299 27 
299 150 
299 13 
299 253 
299 121 
299 57 
299 259 
299 169 
299 240 
299 131 
299 315 
299 87 
299 109 
299 39 
299 144 
299 302 
299 221 
299 32 
299 20 
299 260 
299 95 
299 220 
299 158 
299 34 
299 319 
299 331 
299 25 
299 215 
299 127 
299 334 
299 214 
299 177 
299 323 
299 66 
299 124 
299 249 
299 207 
299 195 
299 63 
299 67 
299 245 
299 2 
299 53 
299 73 
299 194 
299 77 
300 0 
300 275 
300 259 
300 183 
300 154 
300 308 
300 206 
300 3 
300 215 
300 255 
300 155 
300 131 
300 295 
300 248 
300 111 
300 276 
300 316 
300 319 
300 144 
300 169 
300 82 
300 116 
300 63 
300 250 
300 69 
300 321 
300 266 
300 55 
300 216 
300 83 
300 278 
300 18 
300 57 
300 59 
300 132 
300 181 
300 27 
300 134 
300 105 
300 14 
300 211 
300 253 
300 175 
300 17 
300 338 
300 68 
300 256 
300 119 
300 337 
300 236 
300 26 
300 226 
300 198 
300 153 
300 189 
300 301 
300 330 
300 225 
300 94 
300 9 
300 141 
300 137 
300 284 
300 173 
300 258 
300 326 
300 230 
300 46 
300 54 
300 78 
300 229 
300 238 
300 272 
300 267 
300 109 
300 203 
300 24 
300 254 
300 145 
300 185 
300 237 
300 66 
300 227 
300 195 
300 86 
300 213 
300 289 
300 56 
300 44 
300 210 
300 247 
300 157 
300 224 
300 179 
300 79 
300 244 
300 282 
300 100 
300 21 
300 25 
300 245 
300 264 
300 127 
300 39 
300 34 
300 115 
300 74 
300 200 
300 297 
300 166 
301 143 
301 22 
301 23 
301 249 
301 73 
301 183 
301 174 
301 165 
301 29 
301 97 
301 31 
301 156 
301 127 
301 313 
301 167 
301 96 
301 140 
301 324 
301 286 
301 217 
301 138 
301 144 
301 269 
301 170 
301 243 
301 191 
301 253 
301 207 
301 272 
301 171 
301 130 
301 309 
301 187 
301 103 
301 199 
301 153 
301 125 
301 117 
301 86 
301 159 
301 154 
301 289 
301 331 
301 106 
301 335 
301 247 
301 107 
301 139 
301 254 
301 246 
301 218 
301 206 
301 16 
301 33 
301 88 
301 203 
301 95 
301 194 
301 112 
301 79 
301 184 
301 75 
301 44 
301 300 
301 152 
301 128 
301 334 
301 268 
301 28 
301 292 
301 250 
301 255 
301 327 
301 84 
301 195 
301 39 
301 104 
301 238 
301 317 
301 90 
301 186 
301 164 
301 94 
301 89 
301 135 
301 17 
301 204 
301 235 
301 147 
301 230 
301 57 
301 175 
301 215 
301 61 
301 198 
301 241 
301 105 
301 54 
301 279 
301 221 
301 328 
301 339 
301 314 
301 158 
301 200 
301 320 
301 177 
301 74 
301 50 
301 322 
301 25 
301 37 
301 341 
301 99 
301 285 
301 160 
301 231 
302 49 
302 29 
302 110 
302 45 
302 341 
302 219 
302 317 
302 239 
302 53 
302 270 
302 225 
302 1 
302 232 
302 140 
302 237 
302 121 
302 39 
302 204 
302 236 
302 320 
302 262 
302 315 
302 277 
302 231 
302 309 
302 141 
302 198 
302 171 
302 142 
302 246 
302 111 
302 323 
302 51 
302 68 
302 83 
302 101 
302 165 
302 202 
302 205 
302 102 
302 254 
302 257 
302 57 
302 337 
302 20 
302 130 
302 189 
302 298 
302 182 
302 99 
302 221 
302 215 
302 274 
302 152 
302 168 
302 24 
302 9 
302 120 
302 148 
302 259 
302 114 
302 63 
302 67 
302 255 
302 41 
302 52 
302 78 
302 151 
302 299 
302 32 
302 273 
302 106 
302 306 
302 333 
302 69 
302 160 
302 156 
302 95 
302 214 
302 248 
302 161 
302 321 
302 35 
302 227 
302 116 
302 265 
302 153 
302 79 
302 93 
302 89 
302 322 
302 220 
302 252 
302 86 
302 212 
302 305 
302 12 
302 223 
302 288 
302 145 
302 143 
302 292 
302 325 
302 76 
302 119 
303 194 
303 46 
303 337 
303 341 
303 87 
303 317 
303 140 
303 338 
303 19 
303 261 
303 269 
303 175 
303 275 
303 59 
303 187 
303 183 
303 323 
303 126 
303 139 
303 128 
303 155 
303 84 
303 169 
303 89 
303 319 
303 96 
303 203 
303 189 
303 103 
303 246 
303 214 
303 262 
303 318 
303 110 
303 267 
303 63 
303 71 
303 167 
303 134 
303 105 
303 0 
303 238 
303 135 
303 119 
303 7 
303 271 
303 247 
303 97 
303 144 
303 184 
303 224 
303 24 
303 289 
303 48 
303 39 
303 111 
303 69 
303 197 
303 18 
303 257 
303 16 
303 196 
303 286 
303 295 
303 62 
303 8 
303 56 
303 181 
303 92 
303 38 
303 79 
303 258 
303 193 
303 165 
303 72 
303 216 
303 226 
303 326 
303 274 
303 239 
303 150 
303 179 
303 225 
303 162 
303 68 
303 292 
303 195 
303 281 
303 6 
303 321 
303 40 
303 31 
303 159 
303 141 
303 88 
303 30 
303 251 
303 277 
304 63 
304 112 
304 70 
304 229 
304 179 
304 289 
304 15 
304 224 
304 218 
304 116 
304 53 
304 246 
304 294 
304 334 
304 100 
304 193 
304 144 
304 160 
304 261 
304 139 
304 113 
304 197 
304 333 
304 206 
304 68 
304 56 
304 35 
304 33 
304 141 
304 248 
304 232 
304 240 
304 146 
304 20 
304 12 
304 284 
304 195 
304 187 
304 89 
304 47 
304 320 
304 270 
304 203 
304 231 
304 123 
304 217 
304 299 
304 1 
304 249 
304 260 
304 31 
304 201 
304 250 
304 271 
304 95 
304 322 
304 0 
304 156 
304 126 
304 64 
304 38 
304 176 
304 19 
304 97 
304 73 
304 263 
304 223 
304 188 
304 26 
304 61 
304 185 
304 137 
304 62 
304 155 
304 154 
304 215 
304 281 
304 82 
304 16 
304 34 
304 189 
304 175 
304 143 
304 66 
304 41 
304 48 
304 178 
304 285 
304 252 
304 110 
304 186 
304 107 
304 329 
304 94 
304 51 
304 91 
304 115 
304 37 
304 157 
304 237 
305 173 
305 289 
305 38 
305 56 
305 146 
305 189 
305 341 
305 168 
305 75 
305 216 
305 57 
305 308 
305 142 
305 109 
305 238 
305 267 
305 223 
305 45 
305 164 
305 319 
305 251 
305 339 
305 82 
305 71 
305 228 
305 133 
305 330 
305 139 
305 195 
305 259 
305 96 
305 323 
305 271 
305 85 
305 298 
305 36 
305 97 
305 37 
305 15 
305 132 
305 201 
305 131 
305 63 
305 250 
305 0 
305 281 
305 327 
305 43 
305 254 
305 55 
305 143 
305 124 
305 127 
305 292 
305 100 
305 152 
305 148 
305 3 
305 188 
305 324 
305 260 
305 26 
305 94 
305 192 
305 224 
305 257 
305 213 
305 70 
305 120 
305 191 
305 313 
305 59 
305 67 
305 160 
305 144 
305 159 
305 296 
305 337 
305 102 
305 278 
305 275 
305 137 
305 215 
305 98 
305 73 
305 320 
305 253 
305 311 
305 155 
305 302 
305 107 
305 51 
305 40 
305 83 
305 258 
305 338 
306 20 
306 57 
306 311 
306 320 
306 27 
306 64 
306 109 
306 326 
306 232 
306 283 
306 200 
306 158 
306 278 
306 74 
306 23 
306 322 
306 22 
306 184 
306 106 
306 130 
306 236 
306 286 
306 216 
306 191 
306 266 
306 103 
306 93 
306 179 
306 222 
306 127 
306 50 
306 332 
306 194 
306 203 
306 212 
306 82 
306 151 
306 254 
306 16 
306 298 
306 159 
306 63 
306 274 
306 108 
306 231 
306 132 
306 42 
306 116 
306 329 
306 230 
306 205 
306 97 
306 262 
306 239 
306 76 
306 186 
306 40 
306 53 
306 218 
306 102 
306 223 
306 7 
306 287 
306 77 
306 104 
306 292 
306 340 
306 128 
306 296 
306 317 
306 307 
306 48 
306 269 
306 54 
306 14 
306 196 
306 233 
306 261 
306 302 
306 164 
306 285 
306 58 
306 154 
306 133 
306 90 
306 18 
306 227 
306 4 
306 147 
306 183 
306 327 
306 331 
306 268 
306 52 
306 163 
306 197 
307 190 
307 138 
307 56 
307 130 
307 207 
307 106 
307 149 
307 152 
307 107 
307 253 
307 187 
307 53 
307 242 
307 45 
307 140 
307 54 
307 233 
307 93 
307 291 
307 329 
307 14 
307 21 
307 40 
307 288 
307 311 
307 84 
307 279 
307 333 
307 25 
307 218 
307 33 
307 132 
307 105 
307 73 
307 157 
307 174 
307 128 
307 30 
307 282 
307 117 
307 206 
307 214 
307 247 
307 137 
307 250 
307 182 
307 126 
307 208 
307 292 
307 159 
307 113 
307 177 
307 4 
307 263 
307 193 
307 141 
307 102 
307 337 
307 191 
307 236 
307 173 
307 147 
307 143 
307 118 
307 262 
307 215 
307 135 
307 169 
307 44 
307 259 
307 100 
307 306 
307 110 
307 316 
307 61 
307 258 
307 20 
307 330 
307 183 
307 47 
307 209 
307 49 
307 200 
307 335 
307 15 
307 268 
307 133 
307 229 
307 85 
307 331 
307 227 
307 284 
307 251 
307 228 
307 127 
307 27 
307 224 
307 267 
307 246 
307 58 
307 74 
307 235 
307 12 
307 265 
307 212 
307 216 
307 310 
307 68 
307 266 
308 139 
308 14 
308 193 
308 275 
308 188 
308 300 
308 216 
308 167 
308 22 
308 208 
308 60 
308 223 
308 97 
308 118 
308 305 
308 248 
308 242 
308 35 
308 93 
308 214 
308 237 
308 133 
308 341 
308 1 
308 72 
308 116 
308 123 
308 246 
308 259 
308 103 
308 311 
308 94 
308 9 
308 263 
308 110 
308 260 
308 70 
308 68 
308 113 
308 249 
308 210 
308 276 
308 165 
308 154 
308 297 
308 218 
308 7 
308 106 
308 33 
308 150 
308 334 
308 59 
308 286 
308 197 
308 182 
308 247 
308 191 
308 274 
308 187 
308 112 
308 313 
308 245 
308 74 
308 141 
308 98 
308 186 
308 44 
308 151 
308 333 
308 241 
308 312 
308 58 
308 149 
308 79 
308 211 
308 278 
308 29 
308 270 
308 244 
308 39 
308 298 
308 160 
308 184 
308 281 
308 20 
308 125 
308 340 
308 198 
308 289 
308 230 
308 148 
308 292 
308 183 
308 83 
308 209 
308 266 
308 250 
308 293 
308 330 
308 243 
308 324 
308 63 
309 256 
309 295 
309 22 
309 68 
309 183 
309 239 
309 163 
309 111 
309 326 
309 262 
309 207 
309 324 
309 192 
309 325 
309 184 
309 193 
309 85 
309 56 
309 302 
309 80 
309 212 
309 73 
309 310 
309 236 
309 89 
309 209 
309 282 
309 50 
309 301 
309 97 
309 114 
309 272 
309 312 
309 43 
309 255 
309 200 
309 332 
309 219 
309 165 
309 129 
309 259 
309 198 
309 133 
309 331 
309 79 
309 320 
309 92 
309 215 
309 284 
309 156 
309 23 
309 213 
309 270 
309 254 
309 10 
309 14 
309 67 
309 178 
309 48 
309 31 
309 151 
309 115 
309 227 
309 47 
309 72 
309 1 
309 7 
309 316 
309 330 
309 317 
309 25 
309 116 
309 84 
309 249 
309 341 
309 94 
309 148 
309 35 
309 159 
309 197 
309 220 
309 315 
309 75 
309 194 
309 139 
309 231 
309 158 
309 253 
309 9 
309 42 
309 261 
309 144 
309 140 
309 285 
309 245 
309 223 
309 39 
309 280 
309 298 
309 224 
309 64 
309 96 
309 247 
309 234 
309 294 
310 95 
310 314 
310 126 
310 92 
310 26 
310 133 
310 91 
310 219 
310 243 
310 121 
310 336 
310 182 
310 50 
310 226 
310 20 
310 11 
310 268 
310 183 
310 327 
310 235 
310 77 
310 122 
310 167 
310 188 
310 260 
310 340 
310 287 
310 190 
310 123 
310 21 
310 7 
310 276 
310 145 
310 316 
310 71 
310 309 
310 165 
310 250 
310 16 
310 68 
310 52 
310 155 
310 31 
310 143 
310 87 
310 10 
310 24 
310 271 
310 73 
310 81 
310 258 
310 291 
310 19 
310 247 
310 161 
310 341 
310 132 
310 283 
310 221 
310 209 
310 332 
310 113 
310 229 
310 180 
310 288 
310 38 
310 2 
310 89 
310 97 
310 41 
310 114 
310 69 
310 134 
310 295 
310 246 
310 79 
310 224 
310 265 
310 172 
310 252 
310 273 
310 171 
310 174 
310 80 
310 54 
310 334 
310 141 
310 3 
310 115 
310 233 
310 272 
310 158 
310 256 
310 185 
310 108 
310 124 
310 162 
310 324 
310 22 
310 100 
310 105 
310 57 
310 225 
310 292 
310 251 
310 90 
310 266 
310 6 
310 293 
310 307 
310 32 
311 61 
311 306 
311 70 
311 263 
311 323 
311 149 
311 172 
311 214 
311 130 
311 234 
311 299 
311 333 
311 37 
311 314 
311 119 
311 209 
311 97 
311 293 
311 140 
311 308 
311 341 
311 115 
311 96 
311 290 
311 102 
311 307 
311 160 
311 89 
311 76 
311 69 
311 46 
311 166 
311 17 
311 192 
311 57 
311 117 
311 164 
311 324 
311 87 
311 79 
311 10 
311 128 
311 82 
311 93 
311 18 
311 80 
311 340 
311 5 
311 203 
311 227 
311 265 
311 190 
311 256 
311 112 
311 182 
311 142 
311 68 
311 177 
311 171 
311 284 
311 114 
311 67 
311 327 
311 193 
311 7 
311 206 
311 39 
311 159 
311 313 
311 224 
311 218 
311 305 
311 213 
311 297 
311 247 
311 105 
311 317 
311 120 
311 286 
311 110 
312 142 
312 76 
312 16 
312 89 
312 110 
312 7 
312 335 
312 109 
312 39 
312 136 
312 332 
312 203 
312 29 
312 257 
312 258 
312 191 
312 97 
312 103 
312 325 
312 298 
312 5 
312 66 
312 338 
312 169 
312 50 
312 226 
312 71 
312 277 
312 35 
312 113 
312 94 
312 254 
312 41 
312 56 
312 53 
312 211 
312 163 
312 86 
312 309 
312 240 
312 55 
312 295 
312 340 
312 74 
312 57 
312 197 
312 98 
312 208 
312 292 
312 174 
312 329 
312 75 
312 253 
312 234 
312 242 
312 168 
312 189 
312 215 
312 244 
312 61 
312 130 
312 284 
312 112 
312 73 
312 230 
312 45 
312 289 
312 171 
312 308 
312 137 
312 256 
312 153 
312 144 
312 328 
312 283 
312 27 
312 83 
312 183 
312 341 
312 42 
312 219 
312 30 
312 330 
312 150 
312 33 
312 324 
312 235 
312 49 
312 291 
312 118 
312 288 
312 317 
312 331 
312 48 
312 190 
312 250 
312 326 
312 195 
312 297 
312 267 
312 337 
312 63 
312 122 
312 31 
312 1 
312 23 
313 203 
313 247 
313 330 
313 125 
313 226 
313 298 
313 83 
313 231 
313 211 
313 209 
313 146 
313 123 
313 213 
313 301 
313 27 
313 270 
313 61 
313 165 
313 41 
313 47 
313 286 
313 234 
313 255 
313 200 
313 292 
313 314 
313 191 
313 334 
313 329 
313 22 
313 79 
313 129 
313 81 
313 118 
313 141 
313 248 
313 5 
313 328 
313 1 
313 212 
313 116 
313 175 
313 215 
313 84 
313 16 
313 82 
313 121 
313 105 
313 157 
313 0 
313 128 
313 218 
313 190 
313 253 
313 20 
313 208 
313 291 
313 308 
313 159 
313 104 
313 193 
313 45 
313 154 
313 100 
313 183 
313 18 
313 305 
313 113 
313 176 
313 332 
313 80 
313 275 
313 205 
313 170 
313 60 
313 127 
313 54 
313 271 
313 66 
313 134 
313 219 
313 12 
313 283 
313 180 
313 101 
313 151 
313 46 
313 3 
313 51 
313 57 
313 273 
313 181 
313 148 
313 246 
313 311 
313 90 
313 341 
313 296 
313 237 
313 112 
313 289 
313 233 
313 95 
314 183 
314 175 
314 310 
314 74 
314 152 
314 102 
314 83 
314 267 
314 159 
314 287 
314 260 
314 234 
314 158 
314 54 
314 172 
314 311 
314 128 
314 323 
314 292 
314 79 
314 112 
314 262 
314 220 
314 337 
314 188 
314 11 
314 313 
314 134 
314 244 
314 50 
314 320 
314 257 
314 75 
314 205 
314 279 
314 226 
314 217 
314 1 
314 2 
314 32 
314 251 
314 28 
314 221 
314 274 
314 44 
314 78 
314 228 
314 91 
314 231 
314 235 
314 154 
314 196 
314 40 
314 99 
314 17 
314 65 
314 3 
314 281 
314 85 
314 255 
314 167 
314 327 
314 238 
314 48 
314 12 
314 253 
314 16 
314 269 
314 84 
314 27 
314 18 
314 229 
314 297 
314 259 
314 68 
314 164 
314 96 
314 181 
314 121 
314 162 
314 264 
314 227 
314 81 
314 10 
314 288 
314 58 
314 86 
314 7 
314 6 
314 301 
314 174 
314 278 
314 143 
314 155 
314 277 
314 59 
314 156 
314 240 
314 254 
314 165 
314 76 
314 0 
314 20 
314 120 
314 237 
314 266 
315 183 
315 122 
315 137 
315 52 
315 268 
315 169 
315 62 
315 0 
315 145 
315 120 
315 36 
315 163 
315 302 
315 282 
315 202 
315 199 
315 191 
315 33 
315 223 
315 273 
315 335 
315 125 
315 124 
315 95 
315 289 
315 334 
315 98 
315 266 
315 239 
315 94 
315 259 
315 205 
315 154 
315 290 
315 189 
315 113 
315 318 
315 71 
315 51 
315 218 
315 77 
315 228 
315 4 
315 50 
315 203 
315 75 
315 87 
315 3 
315 284 
315 43 
315 200 
315 280 
315 59 
315 278 
315 127 
315 233 
315 9 
315 140 
315 226 
315 339 
315 23 
315 129 
315 93 
315 247 
315 232 
315 337 
315 20 
315 104 
315 176 
315 299 
315 212 
315 175 
315 331 
315 149 
315 333 
315 248 
315 272 
315 150 
315 254 
315 252 
315 106 
315 128 
315 276 
315 114 
315 267 
315 195 
315 270 
315 245 
315 109 
315 227 
315 244 
315 82 
315 46 
315 309 
315 326 
315 32 
315 85 
315 73 
315 45 
315 15 
315 60 
315 293 
315 281 
315 44 
315 141 
315 132 
315 217 
315 18 
315 291 
315 220 
315 186 
315 277 
316 320 
316 146 
316 113 
316 220 
316 108 
316 213 
316 107 
316 324 
316 203 
316 36 
316 292 
316 340 
316 14 
316 152 
316 29 
316 122 
316 331 
316 165 
316 85 
316 132 
316 200 
316 1 
316 5 
316 300 
316 219 
316 339 
316 323 
316 244 
316 144 
316 0 
316 130 
316 99 
316 310 
316 68 
316 92 
316 151 
316 191 
316 89 
316 138 
316 150 
316 215 
316 72 
316 217 
316 32 
316 10 
316 293 
316 177 
316 285 
316 51 
316 212 
316 124 
316 66 
316 277 
316 57 
316 82 
316 268 
316 155 
316 179 
316 128 
316 185 
316 119 
316 157 
316 338 
316 341 
316 73 
316 295 
316 69 
316 45 
316 26 
316 276 
316 61 
316 160 
316 233 
316 328 
316 12 
316 186 
316 84 
316 218 
316 169 
316 279 
316 199 
316 307 
316 282 
316 64 
316 271 
316 269 
316 251 
316 19 
316 283 
316 309 
316 270 
316 27 
316 260 
316 76 
316 60 
316 291 
316 37 
316 334 
316 103 
316 25 
316 11 
316 123 
316 17 
316 286 
316 115 
316 52 
316 39 
316 194 
316 83 
316 196 
316 246 
316 294 
316 174 
316 100 
316 192 
316 290 
316 136 
316 58 
317 9 
317 287 
317 47 
317 302 
317 57 
317 101 
317 192 
317 211 
317 82 
317 303 
317 168 
317 20 
317 341 
317 228 
317 65 
317 205 
317 292 
317 212 
317 81 
317 93 
317 157 
317 63 
317 215 
317 136 
317 199 
317 296 
317 60 
317 121 
317 274 
317 62 
317 270 
317 14 
317 124 
317 106 
317 209 
317 79 
317 327 
317 240 
317 18 
317 271 
317 67 
317 326 
317 182 
317 110 
317 50 
317 70 
317 281 
317 39 
317 128 
317 265 
317 154 
317 25 
317 260 
317 195 
317 173 
317 323 
317 233 
317 301 
317 49 
317 179 
317 306 
317 117 
317 78 
317 156 
317 150 
317 76 
317 297 
317 69 
317 83 
317 40 
317 34 
317 174 
317 309 
317 268 
317 103 
317 138 
317 71 
317 279 
317 335 
317 185 
317 255 
317 216 
317 130 
317 44 
317 107 
317 19 
317 193 
317 162 
317 312 
317 21 
317 109 
317 178 
317 191 
317 213 
317 61 
317 311 
317 324 
317 186 
317 241 
317 36 
317 230 
317 120 
317 269 
318 168 
318 178 
318 299 
318 40 
318 212 
318 94 
318 20 
318 295 
318 117 
318 67 
318 71 
318 36 
318 284 
318 92 
318 76 
318 179 
318 109 
318 84 
318 328 
318 132 
318 274 
318 264 
318 78 
318 204 
318 247 
318 56 
318 273 
318 70 
318 4 
318 141 
318 136 
318 153 
318 97 
318 200 
318 315 
318 194 
318 303 
318 9 
318 86 
318 148 
318 293 
318 41 
318 251 
318 277 
318 256 
318 216 
318 53 
318 287 
318 149 
318 15 
318 332 
318 46 
318 108 
318 325 
318 115 
318 98 
318 152 
318 335 
318 37 
318 8 
318 6 
318 3 
318 114 
318 80 
318 10 
318 221 
318 254 
318 232 
318 51 
318 288 
318 186 
318 161 
318 103 
318 210 
318 205 
318 228 
318 327 
318 18 
318 17 
318 223 
318 191 
318 143 
318 111 
318 241 
318 62 
318 324 
318 278 
318 219 
318 104 
318 271 
318 33 
319 282 
319 107 
319 335 
319 11 
319 225 
319 268 
319 138 
319 269 
319 165 
319 164 
319 221 
319 298 
319 133 
319 36 
319 58 
319 263 
319 293 
319 205 
319 200 
319 193 
319 1 
319 300 
319 305 
319 186 
319 229 
319 151 
319 332 
319 106 
319 111 
319 322 
319 122 
319 137 
319 131 
319 75 
319 215 
319 250 
319 219 
319 303 
319 62 
319 238 
319 55 
319 199 
319 275 
319 53 
319 177 
319 46 
319 173 
319 149 
319 244 
319 17 
319 326 
319 37 
319 266 
319 49 
319 237 
319 43 
319 96 
319 51 
319 217 
319 341 
319 48 
319 267 
319 97 
319 218 
319 276 
319 247 
319 196 
319 28 
319 169 
319 104 
319 18 
319 195 
319 121 
319 23 
319 160 
319 88 
319 234 
319 77 
319 180 
319 161 
319 246 
319 235 
319 3 
319 231 
319 331 
319 299 
319 8 
319 38 
319 87 
319 60 
319 270 
319 44 
319 10 
319 39 
319 262 
319 242 
319 240 
319 155 
319 288 
319 320 
319 109 
319 24 
319 86 
319 85 
319 198 
319 125 
319 56 
320 256 
320 316 
320 47 
320 306 
320 42 
320 215 
320 251 
320 208 
320 17 
320 96 
320 136 
320 160 
320 207 
320 259 
320 298 
320 4 
320 324 
320 188 
320 26 
320 174 
320 139 
320 277 
320 292 
320 302 
320 185 
320 222 
320 123 
320 321 
320 158 
320 250 
320 8 
320 192 
320 32 
320 97 
320 261 
320 87 
320 186 
320 172 
320 176 
320 7 
320 73 
320 314 
320 304 
320 235 
320 199 
320 287 
320 152 
320 197 
320 162 
320 309 
320 239 
320 159 
320 103 
320 331 
320 121 
320 128 
320 263 
320 0 
320 198 
320 89 
320 109 
320 69 
320 146 
320 100 
320 224 
320 74 
320 168 
320 223 
320 205 
320 338 
320 23 
320 231 
320 247 
320 36 
320 92 
320 70 
320 56 
320 132 
320 11 
320 333 
320 31 
320 258 
320 126 
320 150 
320 48 
320 332 
320 232 
320 305 
320 66 
320 94 
320 105 
320 301 
320 180 
320 272 
320 51 
320 114 
320 57 
320 82 
320 148 
320 177 
320 41 
320 81 
320 319 
320 10 
320 39 
320 295 
321 219 
321 103 
321 199 
321 111 
321 89 
321 14 
321 3 
321 99 
321 141 
321 15 
321 145 
321 83 
321 49 
321 0 
321 119 
321 127 
321 203 
321 153 
321 208 
321 30 
321 178 
321 156 
321 20 
321 320 
321 339 
321 61 
321 128 
321 223 
321 300 
321 134 
321 87 
321 341 
321 173 
321 176 
321 285 
321 220 
321 210 
321 186 
321 258 
321 340 
321 288 
321 282 
321 140 
321 5 
321 150 
321 195 
321 102 
321 200 
321 121 
321 224 
321 158 
321 198 
321 17 
321 266 
321 115 
321 322 
321 19 
321 139 
321 187 
321 8 
321 88 
321 132 
321 64 
321 296 
321 31 
321 263 
321 1 
321 55 
321 209 
321 12 
321 159 
321 123 
321 281 
321 211 
321 269 
321 206 
321 194 
321 214 
321 290 
321 259 
321 302 
321 155 
321 222 
321 177 
321 93 
321 162 
321 218 
321 268 
321 10 
321 264 
321 27 
321 138 
321 260 
321 190 
321 303 
321 28 
321 50 
321 43 
321 167 
321 226 
321 253 
321 85 
321 257 
322 216 
322 70 
322 105 
322 67 
322 292 
322 122 
322 145 
322 234 
322 236 
322 34 
322 133 
322 137 
322 78 
322 281 
322 306 
322 222 
322 255 
322 263 
322 5 
322 208 
322 319 
322 207 
322 92 
322 244 
322 194 
322 63 
322 151 
322 50 
322 127 
322 42 
322 332 
322 26 
322 136 
322 187 
322 74 
322 280 
322 200 
322 241 
322 156 
322 205 
322 21 
322 143 
322 256 
322 228 
322 176 
322 195 
322 330 
322 62 
322 169 
322 326 
322 321 
322 128 
322 100 
322 270 
322 57 
322 304 
322 153 
322 165 
322 204 
322 190 
322 76 
322 1 
322 113 
322 97 
322 183 
322 106 
322 335 
322 35 
322 102 
322 253 
322 251 
322 47 
322 112 
322 152 
322 108 
322 20 
322 18 
322 182 
322 104 
322 82 
322 302 
322 271 
322 167 
322 49 
322 27 
322 301 
322 144 
322 124 
322 334 
322 237 
322 261 
322 232 
322 135 
322 15 
322 260 
323 123 
323 143 
323 311 
323 337 
323 170 
323 165 
323 13 
323 120 
323 266 
323 51 
323 9 
323 262 
323 296 
323 39 
323 107 
323 191 
323 15 
323 316 
323 116 
323 335 
323 314 
323 291 
323 268 
323 303 
323 288 
323 122 
323 29 
323 305 
323 235 
323 302 
323 172 
323 233 
323 274 
323 195 
323 330 
323 109 
323 136 
323 4 
323 324 
323 52 
323 193 
323 198 
323 292 
323 173 
323 90 
323 293 
323 6 
323 186 
323 237 
323 269 
323 89 
323 168 
323 150 
323 255 
323 215 
323 254 
323 295 
323 256 
323 77 
323 327 
323 19 
323 218 
323 289 
323 147 
323 50 
323 141 
323 263 
323 83 
323 96 
323 225 
323 14 
323 242 
323 92 
323 317 
323 87 
323 16 
323 334 
323 130 
323 336 
323 278 
323 113 
323 209 
323 70 
323 279 
323 76 
323 202 
323 5 
323 58 
323 99 
323 204 
323 161 
323 32 
323 153 
323 188 
323 328 
323 216 
323 71 
323 246 
323 178 
323 299 
323 28 
323 240 
323 0 
323 53 
323 264 
323 102 
323 227 
323 18 
323 244 
323 156 
323 332 
323 91 
323 329 
323 11 
323 189 
323 214 
323 275 
324 198 
324 71 
324 337 
324 182 
324 225 
324 316 
324 244 
324 60 
324 160 
324 76 
324 320 
324 44 
324 112 
324 155 
324 168 
324 62 
324 82 
324 301 
324 268 
324 229 
324 102 
324 209 
324 141 
324 193 
324 309 
324 103 
324 278 
324 194 
324 16 
324 117 
324 67 
324 146 
324 86 
324 275 
324 290 
324 24 
324 226 
324 240 
324 23 
324 53 
324 176 
324 14 
324 294 
324 52 
324 323 
324 26 
324 121 
324 145 
324 178 
324 299 
324 156 
324 296 
324 311 
324 77 
324 331 
324 85 
324 78 
324 287 
324 35 
324 137 
324 93 
324 50 
324 258 
324 305 
324 68 
324 250 
324 144 
324 197 
324 2 
324 211 
324 227 
324 33 
324 157 
324 70 
324 183 
324 221 
324 340 
324 213 
324 293 
324 116 
324 135 
324 22 
324 15 
324 7 
324 184 
324 18 
324 263 
324 123 
324 245 
324 4 
324 333 
324 188 
324 129 
324 32 
324 312 
324 285 
324 257 
324 30 
324 249 
324 254 
324 119 
324 289 
324 255 
324 192 
324 128 
324 107 
324 310 
324 143 
324 21 
324 297 
324 247 
324 158 
324 317 
324 318 
324 199 
324 231 
324 92 
324 243 
324 220 
324 212 
324 326 
324 308 
325 31 
325 278 
325 154 
325 44 
325 170 
325 77 
325 270 
325 87 
325 312 
325 340 
325 175 
325 223 
325 127 
325 309 
325 0 
325 294 
325 237 
325 240 
325 73 
325 45 
325 174 
325 274 
325 273 
325 92 
325 17 
325 14 
325 226 
325 185 
325 284 
325 195 
325 287 
325 29 
325 57 
325 252 
325 250 
325 232 
325 43 
325 140 
325 181 
325 28 
325 83 
325 101 
325 186 
325 148 
325 298 
325 254 
325 25 
325 34 
325 227 
325 102 
325 318 
325 221 
325 253 
325 153 
325 71 
325 122 
325 295 
325 189 
325 56 
325 200 
325 19 
325 213 
325 105 
325 99 
325 133 
325 290 
325 38 
325 262 
325 167 
325 258 
325 63 
325 279 
325 116 
325 268 
325 198 
325 192 
325 16 
325 209 
325 172 
325 208 
325 216 
325 194 
325 212 
325 42 
325 335 
325 183 
325 234 
325 11 
325 46 
325 302 
325 117 
325 179 
326 30 
326 160 
326 327 
326 76 
326 1 
326 7 
326 306 
326 199 
326 170 
326 257 
326 143 
326 26 
326 45 
326 335 
326 119 
326 309 
326 106 
326 99 
326 4 
326 104 
326 194 
326 154 
326 211 
326 107 
326 19 
326 141 
326 162 
326 234 
326 86 
326 243 
326 38 
326 68 
326 267 
326 334 
326 11 
326 185 
326 284 
326 195 
326 206 
326 88 
326 156 
326 126 
326 263 
326 18 
326 296 
326 136 
326 317 
326 227 
326 36 
326 114 
326 13 
326 283 
326 215 
326 319 
326 184 
326 225 
326 282 
326 322 
326 142 
326 268 
326 125 
326 81 
326 212 
326 127 
326 41 
326 84 
326 259 
326 224 
326 300 
326 153 
326 120 
326 157 
326 262 
326 219 
326 110 
326 121 
326 24 
326 77 
326 254 
326 228 
326 274 
326 276 
326 91 
326 240 
326 238 
326 189 
326 245 
326 183 
326 74 
326 16 
326 66 
326 145 
326 270 
326 303 
326 155 
326 315 
326 128 
326 98 
326 241 
326 64 
326 217 
326 55 
326 89 
326 131 
326 251 
326 312 
326 172 
326 223 
326 100 
326 151 
326 324 
327 87 
327 106 
327 326 
327 229 
327 47 
327 16 
327 247 
327 310 
327 118 
327 61 
327 170 
327 31 
327 21 
327 105 
327 238 
327 246 
327 201 
327 119 
327 290 
327 173 
327 180 
327 90 
327 123 
327 70 
327 17 
327 40 
327 43 
327 126 
327 3 
327 286 
327 317 
327 124 
327 239 
327 15 
327 296 
327 20 
327 208 
327 257 
327 216 
327 213 
327 288 
327 157 
327 244 
327 305 
327 76 
327 49 
327 22 
327 9 
327 186 
327 323 
327 137 
327 110 
327 104 
327 222 
327 153 
327 38 
327 5 
327 264 
327 223 
327 198 
327 224 
327 225 
327 301 
327 69 
327 37 
327 147 
327 34 
327 314 
327 268 
327 259 
327 120 
327 163 
327 6 
327 185 
327 169 
327 292 
327 280 
327 311 
327 245 
327 197 
327 191 
327 318 
327 188 
327 164 
327 331 
327 152 
327 195 
327 45 
327 156 
327 189 
327 232 
327 206 
327 46 
327 142 
327 236 
327 220 
327 306 
327 79 
327 58 
327 75 
327 253 
327 202 
327 51 
327 4 
327 92 
328 247 
328 50 
328 270 
328 161 
328 164 
328 120 
328 191 
328 108 
328 146 
328 234 
328 285 
328 185 
328 186 
328 1 
328 34 
328 122 
328 204 
328 339 
328 77 
328 100 
328 170 
328 318 
328 283 
328 89 
328 43 
328 265 
328 183 
328 209 
328 7 
328 260 
328 238 
328 91 
328 221 
328 3 
328 268 
328 216 
328 80 
328 336 
328 133 
328 59 
328 212 
328 290 
328 19 
328 175 
328 39 
328 313 
328 97 
328 107 
328 106 
328 53 
328 196 
328 240 
328 5 
328 20 
328 101 
328 316 
328 269 
328 63 
328 65 
328 141 
328 331 
328 258 
328 136 
328 312 
328 194 
328 253 
328 104 
328 245 
328 294 
328 132 
328 233 
328 25 
328 201 
328 51 
328 323 
328 102 
328 215 
328 301 
328 127 
328 37 
328 78 
328 116 
328 83 
328 152 
328 138 
328 76 
328 139 
328 163 
328 273 
328 68 
328 248 
328 202 
328 228 
328 293 
328 252 
328 82 
328 207 
329 68 
329 97 
329 222 
329 260 
329 165 
329 193 
329 114 
329 96 
329 46 
329 136 
329 212 
329 299 
329 41 
329 184 
329 82 
329 307 
329 331 
329 297 
329 156 
329 38 
329 69 
329 215 
329 127 
329 287 
329 339 
329 26 
329 313 
329 270 
329 17 
329 80 
329 122 
329 24 
329 312 
329 293 
329 53 
329 56 
329 182 
329 133 
329 167 
329 306 
329 242 
329 214 
329 37 
329 337 
329 279 
329 113 
329 123 
329 192 
329 76 
329 335 
329 101 
329 130 
329 157 
329 298 
329 84 
329 286 
329 332 
329 2 
329 152 
329 272 
329 195 
329 144 
329 284 
329 148 
329 263 
329 201 
329 75 
329 168 
329 186 
329 66 
329 78 
329 173 
329 243 
329 126 
329 162 
329 218 
329 249 
329 213 
329 227 
329 115 
329 296 
329 60 
329 8 
329 81 
329 194 
329 183 
329 16 
329 304 
329 229 
329 221 
329 323 
329 189 
330 40 
330 242 
330 234 
330 313 
330 78 
330 115 
330 34 
330 257 
330 76 
330 259 
330 28 
330 126 
330 254 
330 289 
330 221 
330 17 
330 19 
330 13 
330 2 
330 203 
330 65 
330 219 
330 108 
330 157 
330 153 
330 282 
330 305 
330 73 
330 199 
330 339 
330 85 
330 205 
330 335 
330 167 
330 42 
330 323 
330 143 
330 270 
330 137 
330 15 
330 207 
330 258 
330 281 
330 7 
330 252 
330 110 
330 322 
330 341 
330 283 
330 241 
330 291 
330 99 
330 300 
330 215 
330 102 
330 96 
330 132 
330 340 
330 139 
330 83 
330 294 
330 183 
330 171 
330 24 
330 145 
330 202 
330 201 
330 233 
330 307 
330 238 
330 170 
330 175 
330 77 
330 84 
330 105 
330 309 
330 66 
330 267 
330 284 
330 220 
330 337 
330 312 
330 148 
330 271 
330 18 
330 287 
330 288 
330 52 
330 193 
330 231 
330 227 
330 228 
330 174 
330 264 
330 71 
330 185 
330 60 
330 186 
330 50 
330 169 
330 123 
330 308 
330 217 
330 197 
330 130 
330 177 
331 145 
331 147 
331 137 
331 267 
331 271 
331 134 
331 22 
331 316 
331 255 
331 140 
331 259 
331 75 
331 5 
331 237 
331 218 
331 78 
331 53 
331 153 
331 132 
331 329 
331 226 
331 3 
331 150 
331 201 
331 278 
331 126 
331 274 
331 29 
331 340 
331 162 
331 171 
331 48 
331 81 
331 127 
331 18 
331 301 
331 249 
331 38 
331 63 
331 224 
331 196 
331 178 
331 12 
331 239 
331 324 
331 66 
331 295 
331 332 
331 205 
331 309 
331 189 
331 240 
331 209 
331 96 
331 213 
331 25 
331 208 
331 219 
331 320 
331 117 
331 280 
331 174 
331 100 
331 328 
331 315 
331 198 
331 266 
331 215 
331 156 
331 169 
331 55 
331 31 
331 292 
331 94 
331 104 
331 298 
331 217 
331 58 
331 258 
331 253 
331 265 
331 319 
331 299 
331 195 
331 44 
331 177 
331 327 
331 190 
331 19 
331 52 
331 128 
331 307 
331 83 
331 312 
331 282 
331 183 
331 335 
331 99 
331 163 
331 290 
331 200 
331 206 
331 306 
331 57 
331 93 
331 8 
331 157 
331 221 
331 191 
331 85 
332 66 
332 7 
332 4 
332 312 
332 186 
332 49 
332 292 
332 224 
332 244 
332 35 
332 242 
332 39 
332 222 
332 8 
332 188 
332 229 
332 192 
332 319 
332 43 
332 12 
332 262 
332 67 
332 207 
332 65 
332 126 
332 293 
332 306 
332 322 
332 125 
332 309 
332 74 
332 21 
332 136 
332 48 
332 32 
332 228 
332 273 
332 27 
332 331 
332 105 
332 269 
332 101 
332 227 
332 310 
332 37 
332 15 
332 152 
332 333 
332 318 
332 230 
332 225 
332 111 
332 208 
332 204 
332 329 
332 216 
332 339 
332 226 
332 0 
332 243 
332 313 
332 52 
332 215 
332 202 
332 122 
332 59 
332 119 
332 338 
332 124 
332 179 
332 157 
332 195 
332 272 
332 320 
332 290 
332 281 
332 199 
332 154 
332 9 
332 191 
332 17 
332 155 
332 285 
332 294 
332 109 
332 20 
332 77 
332 97 
332 55 
332 275 
332 181 
332 276 
332 133 
332 34 
332 267 
332 323 
332 128 
332 234 
332 26 
332 197 
332 106 
333 212 
333 107 
333 294 
333 262 
333 160 
333 7 
333 157 
333 149 
333 254 
333 311 
333 123 
333 75 
333 203 
333 304 
333 255 
333 207 
333 78 
333 240 
333 109 
333 97 
333 111 
333 172 
333 307 
333 90 
333 241 
333 43 
333 339 
333 185 
333 8 
333 101 
333 14 
333 12 
333 76 
333 332 
333 155 
333 290 
333 133 
333 246 
333 166 
333 167 
333 128 
333 71 
333 89 
333 138 
333 80 
333 64 
333 251 
333 263 
333 201 
333 108 
333 308 
333 68 
333 315 
333 209 
333 156 
333 190 
333 199 
333 87 
333 265 
333 202 
333 145 
333 52 
333 221 
333 324 
333 336 
333 302 
333 55 
333 320 
333 18 
333 248 
333 186 
333 200 
333 140 
333 177 
333 168 
333 287 
333 188 
333 165 
333 298 
333 283 
333 103 
333 57 
333 121 
333 40 
333 242 
333 191 
333 296 
333 115 
333 49 
334 147 
334 175 
334 89 
334 160 
334 86 
334 113 
334 216 
334 106 
334 30 
334 38 
334 44 
334 304 
334 67 
334 10 
334 227 
334 260 
334 250 
334 116 
334 239 
334 195 
334 277 
334 336 
334 198 
334 315 
334 83 
334 326 
334 221 
334 18 
334 313 
334 14 
334 45 
334 207 
334 230 
334 120 
334 163 
334 165 
334 133 
334 183 
334 247 
334 211 
334 199 
334 308 
334 162 
334 105 
334 340 
334 215 
334 202 
334 268 
334 122 
334 146 
334 301 
334 156 
334 270 
334 171 
334 82 
334 323 
334 222 
334 144 
334 4 
334 246 
334 125 
334 185 
334 12 
334 210 
334 186 
334 217 
334 90 
334 294 
334 203 
334 316 
334 310 
334 72 
334 46 
334 272 
334 220 
334 182 
334 261 
334 299 
334 6 
334 114 
334 78 
334 236 
334 161 
334 124 
334 150 
334 157 
334 159 
334 47 
334 241 
334 224 
334 200 
334 166 
334 322 
334 135 
334 281 
334 64 
335 277 
335 157 
335 123 
335 319 
335 312 
335 48 
335 128 
335 232 
335 182 
335 40 
335 240 
335 183 
335 160 
335 29 
335 294 
335 73 
335 273 
335 105 
335 252 
335 326 
335 27 
335 238 
335 20 
335 251 
335 323 
335 188 
335 159 
335 315 
335 34 
335 93 
335 179 
335 111 
335 274 
335 52 
335 11 
335 42 
335 330 
335 247 
335 341 
335 23 
335 106 
335 283 
335 168 
335 45 
335 22 
335 297 
335 90 
335 301 
335 131 
335 176 
335 258 
335 97 
335 107 
335 211 
335 151 
335 329 
335 53 
335 78 
335 275 
335 215 
335 264 
335 207 
335 174 
335 50 
335 98 
335 119 
335 17 
335 318 
335 28 
335 87 
335 289 
335 19 
335 79 
335 25 
335 9 
335 180 
335 134 
335 322 
335 254 
335 307 
335 186 
335 167 
335 189 
335 226 
335 317 
335 31 
335 125 
335 46 
335 144 
335 239 
335 66 
335 142 
335 143 
335 202 
335 331 
335 325 
335 138 
335 71 
335 92 
335 190 
335 262 
335 38 
335 278 
335 3 
335 36 
335 271 
336 292 
336 113 
336 83 
336 28 
336 187 
336 248 
336 310 
336 66 
336 242 
336 73 
336 235 
336 34 
336 261 
336 170 
336 106 
336 171 
336 100 
336 90 
336 338 
336 264 
336 222 
336 130 
336 35 
336 51 
336 137 
336 334 
336 37 
336 46 
336 160 
336 328 
336 179 
336 216 
336 146 
336 24 
336 255 
336 341 
336 125 
336 240 
336 231 
336 135 
336 142 
336 131 
336 281 
336 143 
336 278 
336 114 
336 297 
336 256 
336 259 
336 199 
336 139 
336 178 
336 151 
336 217 
336 158 
336 271 
336 1 
336 153 
336 269 
336 99 
336 9 
336 323 
336 177 
336 176 
336 155 
336 164 
336 19 
336 116 
336 214 
336 141 
336 80 
336 182 
336 140 
336 215 
336 270 
336 104 
336 333 
336 293 
336 127 
336 118 
336 165 
336 129 
336 196 
336 86 
336 295 
336 27 
336 145 
336 197 
336 277 
336 23 
336 68 
336 82 
336 226 
336 22 
336 154 
337 53 
337 55 
337 218 
337 259 
337 193 
337 323 
337 340 
337 303 
337 26 
337 287 
337 324 
337 164 
337 253 
337 114 
337 185 
337 41 
337 21 
337 230 
337 118 
337 246 
337 277 
337 62 
337 146 
337 8 
337 171 
337 105 
337 314 
337 201 
337 169 
337 69 
337 87 
337 178 
337 116 
337 167 
337 162 
337 251 
337 80 
337 33 
337 181 
337 207 
337 228 
337 115 
337 284 
337 242 
337 302 
337 122 
337 300 
337 124 
337 83 
337 299 
337 29 
337 307 
337 329 
337 121 
337 288 
337 257 
337 315 
337 202 
337 177 
337 49 
337 28 
337 56 
337 216 
337 298 
337 112 
337 272 
337 183 
337 17 
337 109 
337 197 
337 45 
337 225 
337 144 
337 211 
337 82 
337 280 
337 194 
337 330 
337 145 
337 305 
337 239 
337 73 
337 0 
337 66 
337 111 
337 132 
337 252 
337 262 
337 247 
337 231 
337 117 
337 51 
337 214 
337 152 
337 47 
337 34 
337 250 
337 268 
337 153 
337 312 
337 235 
337 215 
337 265 
337 294 
337 43 
338 274 
338 219 
338 260 
338 150 
338 190 
338 238 
338 303 
338 336 
338 232 
338 116 
338 312 
338 262 
338 255 
338 81 
338 135 
338 147 
338 138 
338 50 
338 37 
338 113 
338 173 
338 270 
338 257 
338 17 
338 119 
338 126 
338 53 
338 158 
338 123 
338 281 
338 140 
338 300 
338 276 
338 241 
338 47 
338 194 
338 277 
338 242 
338 23 
338 101 
338 71 
338 316 
338 211 
338 58 
338 170 
338 217 
338 236 
338 215 
338 63 
338 134 
338 12 
338 106 
338 130 
338 108 
338 272 
338 32 
338 249 
338 68 
338 65 
338 258 
338 73 
338 7 
338 248 
338 320 
338 206 
338 293 
338 129 
338 120 
338 225 
338 266 
338 87 
338 332 
338 148 
338 294 
338 79 
338 103 
338 283 
338 8 
338 82 
338 21 
338 186 
338 271 
338 42 
338 184 
338 251 
338 187 
338 259 
338 83 
338 305 
339 14 
339 26 
339 91 
339 37 
339 276 
339 177 
339 94 
339 173 
339 50 
339 171 
339 47 
339 113 
339 260 
339 133 
339 205 
339 298 
339 263 
339 328 
339 148 
339 126 
339 316 
339 305 
339 40 
339 321 
339 259 
339 149 
339 239 
339 330 
339 62 
339 70 
339 329 
339 137 
339 240 
339 202 
339 183 
339 3 
339 116 
339 201 
339 163 
339 235 
339 184 
339 333 
339 4 
339 161 
339 283 
339 227 
339 180 
339 206 
339 41 
339 158 
339 96 
339 110 
339 213 
339 141 
339 86 
339 29 
339 95 
339 281 
339 315 
339 229 
339 246 
339 160 
339 251 
339 332 
339 92 
339 12 
339 249 
339 76 
339 169 
339 138 
339 102 
339 286 
339 11 
339 241 
339 288 
339 10 
339 225 
339 66 
339 181 
339 162 
339 291 
339 295 
339 178 
339 147 
339 103 
339 256 
339 224 
339 278 
339 301 
339 176 
339 264 
339 9 
339 197 
339 46 
339 24 
339 231 
339 80 
339 15 
339 53 
339 43 
339 109 
340 337 
340 117 
340 281 
340 226 
340 2 
340 245 
340 316 
340 174 
340 284 
340 7 
340 38 
340 178 
340 310 
340 325 
340 231 
340 277 
340 243 
340 171 
340 229 
340 285 
340 208 
340 282 
340 98 
340 6 
340 255 
340 123 
340 18 
340 259 
340 17 
340 331 
340 155 
340 321 
340 312 
340 131 
340 341 
340 129 
340 111 
340 254 
340 334 
340 199 
340 237 
340 74 
340 311 
340 203 
340 239 
340 271 
340 148 
340 54 
340 324 
340 186 
340 330 
340 72 
340 159 
340 95 
340 158 
340 20 
340 306 
340 248 
340 280 
340 294 
340 64 
340 168 
340 51 
340 9 
340 146 
340 185 
340 56 
340 115 
340 207 
340 147 
340 100 
340 246 
340 140 
340 125 
340 70 
340 66 
340 308 
340 224 
340 179 
340 154 
340 240 
340 292 
340 128 
340 32 
340 233 
340 73 
340 236 
340 180 
340 169 
341 29 
341 224 
341 303 
341 206 
341 302 
341 305 
341 58 
341 292 
341 272 
341 242 
341 253 
341 284 
341 76 
341 31 
341 317 
341 95 
341 25 
341 291 
341 94 
341 283 
341 11 
341 125 
341 141 
341 69 
341 128 
341 308 
341 282 
341 148 
341 134 
341 97 
341 188 
341 311 
341 79 
341 296 
341 92 
341 118 
341 335 
341 321 
341 289 
341 137 
341 85 
341 240 
341 106 
341 84 
341 111 
341 285 
341 340 
341 336 
341 138 
341 194 
341 173 
341 310 
341 156 
341 177 
341 184 
341 175 
341 248 
341 114 
341 247 
341 266 
341 330 
341 262 
341 90 
341 297 
341 316 
341 157 
341 151 
341 256 
341 319 
341 45 
341 166 
341 129 
341 82 
341 63 
341 6 
341 145 
341 241 
341 160 
341 269 
341 278 
341 18 
341 13 
341 123 
341 178 
341 61 
341 37 
341 147 
341 312 
341 42 
341 288 
341 68 
341 226 
341 309 
341 170 
341 233 
341 222 
341 294 
341 203 
341 190 
341 201 
341 215 
341 110 
341 169 
341 313 
341 10 
341 227 
341 43 
341 109 
341 275 
341 205 
341 9 
341 301 
341 209 
341 268 
341 238 
341 235 
341 230 
341 172 
341 286 
