0 283 
0 269 
0 160 
0 383 
0 149 
0 51 
0 49 
0 428 
0 22 
0 24 
0 70 
0 503 
0 352 
0 371 
0 415 
0 217 
0 512 
0 312 
0 262 
0 222 
0 32 
0 423 
0 31 
0 59 
0 56 
0 136 
0 17 
0 37 
0 71 
0 258 
0 107 
0 401 
0 294 
0 221 
0 511 
0 205 
0 450 
0 461 
0 332 
0 81 
0 66 
0 210 
0 393 
0 227 
0 79 
0 421 
0 244 
0 117 
0 13 
0 448 
0 166 
0 501 
0 193 
0 322 
0 287 
0 405 
0 446 
0 362 
0 68 
0 92 
0 412 
0 327 
0 42 
0 485 
0 53 
0 62 
0 468 
0 224 
0 263 
0 34 
0 183 
0 510 
0 143 
0 200 
0 60 
0 228 
0 99 
0 347 
0 372 
0 16 
0 484 
0 153 
0 381 
0 101 
0 253 
0 356 
0 499 
0 67 
0 417 
0 342 
0 489 
0 395 
0 402 
0 163 
0 375 
0 138 
0 20 
0 89 
0 324 
0 407 
0 363 
0 404 
0 504 
0 170 
0 10 
0 169 
0 135 
0 30 
0 475 
0 418 
0 330 
0 391 
0 505 
0 445 
0 21 
0 340 
0 35 
0 189 
0 338 
0 165 
0 96 
0 12 
0 69 
0 211 
0 84 
0 481 
0 359 
0 321 
0 245 
0 482 
0 150 
0 199 
0 493 
0 19 
0 207 
0 194 
0 307 
1 272 
1 71 
1 397 
1 267 
1 432 
1 221 
1 371 
1 293 
1 309 
1 109 
1 362 
1 349 
1 53 
1 396 
1 220 
1 265 
1 14 
1 428 
1 20 
1 91 
1 41 
1 81 
1 59 
1 165 
1 48 
1 281 
1 294 
1 295 
1 310 
1 235 
1 506 
1 340 
1 412 
1 302 
1 175 
1 191 
1 10 
1 156 
1 201 
1 283 
1 167 
1 163 
1 5 
1 305 
1 216 
1 54 
1 153 
1 62 
1 278 
1 415 
1 299 
1 489 
1 111 
1 253 
1 8 
1 271 
1 458 
1 482 
1 277 
1 52 
1 224 
1 383 
1 291 
1 443 
1 452 
1 414 
1 29 
1 30 
1 387 
1 75 
1 198 
1 488 
1 501 
1 97 
1 420 
1 386 
1 209 
1 119 
1 212 
1 379 
1 496 
1 130 
1 290 
1 466 
1 307 
1 297 
1 382 
1 399 
1 236 
1 2 
1 260 
1 84 
1 345 
1 102 
1 143 
1 127 
1 431 
1 189 
1 61 
1 480 
1 47 
1 205 
1 512 
1 425 
1 435 
1 117 
1 353 
1 263 
1 174 
1 444 
1 63 
1 426 
1 237 
1 403 
1 450 
1 82 
1 342 
1 13 
1 214 
1 341 
1 17 
1 99 
1 66 
1 287 
1 319 
1 495 
1 120 
1 98 
1 135 
1 327 
1 168 
1 114 
1 471 
1 451 
1 182 
1 195 
1 250 
1 370 
1 301 
1 255 
1 286 
1 68 
1 339 
1 55 
1 441 
1 115 
1 226 
1 317 
1 116 
1 469 
1 181 
1 21 
1 4 
1 394 
1 160 
2 171 
2 112 
2 188 
2 82 
2 18 
2 25 
2 328 
2 314 
2 191 
2 106 
2 483 
2 424 
2 223 
2 315 
2 364 
2 157 
2 415 
2 162 
2 130 
2 287 
2 439 
2 28 
2 160 
2 182 
2 94 
2 399 
2 79 
2 138 
2 39 
2 50 
2 295 
2 251 
2 97 
2 19 
2 411 
2 392 
2 172 
2 14 
2 496 
2 298 
2 428 
2 7 
2 183 
2 503 
2 189 
2 229 
2 429 
2 127 
2 67 
2 317 
2 180 
2 139 
2 190 
2 288 
2 228 
2 464 
2 443 
2 356 
2 83 
2 432 
2 457 
2 101 
2 11 
2 136 
2 119 
2 388 
2 343 
2 23 
2 125 
2 111 
2 481 
2 459 
2 297 
2 22 
2 318 
2 385 
2 513 
2 151 
2 358 
2 447 
2 9 
2 485 
2 355 
2 283 
2 511 
2 320 
2 461 
2 217 
2 240 
2 494 
2 114 
2 85 
2 1 
2 20 
2 81 
2 286 
2 210 
2 224 
2 207 
2 487 
2 177 
2 230 
2 472 
2 434 
2 448 
2 478 
2 326 
2 327 
2 419 
2 142 
2 166 
2 299 
2 311 
2 73 
2 437 
2 367 
2 407 
2 116 
2 371 
2 95 
2 197 
2 92 
2 427 
2 387 
2 269 
2 322 
2 169 
2 255 
2 309 
2 477 
2 391 
2 132 
2 198 
2 76 
2 401 
2 93 
2 170 
2 86 
2 290 
2 74 
2 330 
2 418 
2 423 
2 155 
2 390 
2 282 
2 196 
2 36 
2 404 
2 69 
2 168 
2 59 
2 53 
2 102 
2 495 
2 460 
2 293 
2 47 
2 145 
2 344 
2 70 
2 408 
2 468 
2 209 
2 467 
2 475 
2 175 
3 154 
3 415 
3 430 
3 162 
3 336 
3 221 
3 397 
3 359 
3 216 
3 139 
3 317 
3 253 
3 147 
3 102 
3 391 
3 429 
3 234 
3 464 
3 46 
3 436 
3 149 
3 480 
3 373 
3 79 
3 408 
3 322 
3 211 
3 191 
3 299 
3 409 
3 473 
3 381 
3 315 
3 153 
3 456 
3 125 
3 160 
3 494 
3 145 
3 267 
3 376 
3 444 
3 452 
3 360 
3 47 
3 97 
3 495 
3 280 
3 24 
3 324 
3 268 
3 345 
3 25 
3 65 
3 53 
3 316 
3 282 
3 320 
3 144 
3 310 
3 354 
3 289 
3 142 
3 240 
3 134 
3 346 
3 261 
3 21 
3 183 
3 130 
3 85 
3 413 
3 43 
3 118 
3 263 
3 133 
3 92 
3 484 
3 472 
3 286 
3 220 
3 127 
3 84 
3 26 
3 349 
3 412 
3 123 
3 384 
3 143 
3 477 
3 210 
3 308 
3 181 
3 141 
3 490 
3 224 
3 164 
3 113 
3 278 
3 438 
3 148 
3 23 
3 152 
3 168 
3 337 
3 30 
3 270 
3 303 
3 96 
3 105 
3 343 
3 151 
3 28 
3 242 
3 333 
3 176 
3 284 
3 482 
3 262 
3 298 
3 342 
3 421 
3 111 
3 329 
3 19 
3 232 
3 195 
3 301 
3 227 
3 498 
3 201 
3 353 
3 401 
3 212 
3 6 
3 5 
4 48 
4 508 
4 447 
4 345 
4 174 
4 56 
4 67 
4 284 
4 59 
4 140 
4 239 
4 312 
4 384 
4 279 
4 485 
4 480 
4 122 
4 386 
4 352 
4 182 
4 246 
4 162 
4 316 
4 506 
4 164 
4 37 
4 443 
4 139 
4 381 
4 434 
4 173 
4 110 
4 414 
4 46 
4 325 
4 299 
4 396 
4 187 
4 154 
4 439 
4 32 
4 131 
4 190 
4 221 
4 296 
4 467 
4 406 
4 229 
4 206 
4 268 
4 111 
4 305 
4 393 
4 341 
4 161 
4 159 
4 355 
4 379 
4 99 
4 85 
4 321 
4 310 
4 354 
4 472 
4 76 
4 303 
4 500 
4 65 
4 6 
4 240 
4 207 
4 150 
4 259 
4 93 
4 29 
4 407 
4 356 
4 484 
4 79 
4 22 
4 475 
4 244 
4 313 
4 441 
4 412 
4 260 
4 52 
4 149 
4 51 
4 101 
4 340 
4 287 
4 228 
4 324 
4 105 
4 400 
4 275 
4 193 
4 168 
4 201 
4 262 
4 306 
4 94 
4 308 
4 12 
4 457 
4 226 
4 214 
4 503 
4 24 
4 30 
4 479 
4 509 
4 62 
4 255 
4 408 
4 360 
4 416 
4 191 
4 181 
4 327 
4 103 
4 488 
4 338 
4 108 
4 120 
4 460 
4 153 
4 435 
4 1 
4 423 
4 87 
4 34 
4 218 
4 395 
5 468 
5 50 
5 491 
5 140 
5 419 
5 232 
5 8 
5 496 
5 41 
5 511 
5 376 
5 235 
5 413 
5 390 
5 212 
5 475 
5 476 
5 211 
5 268 
5 49 
5 304 
5 7 
5 24 
5 377 
5 449 
5 205 
5 361 
5 22 
5 433 
5 401 
5 9 
5 259 
5 153 
5 456 
5 84 
5 80 
5 28 
5 337 
5 393 
5 245 
5 360 
5 158 
5 292 
5 312 
5 192 
5 99 
5 448 
5 143 
5 97 
5 178 
5 74 
5 354 
5 16 
5 1 
5 359 
5 309 
5 144 
5 472 
5 296 
5 203 
5 487 
5 86 
5 340 
5 156 
5 327 
5 305 
5 300 
5 12 
5 83 
5 399 
5 207 
5 339 
5 486 
5 484 
5 35 
5 162 
5 71 
5 278 
5 432 
5 77 
5 119 
5 507 
5 513 
5 332 
5 176 
5 239 
5 276 
5 161 
5 92 
5 46 
5 481 
5 141 
5 243 
5 274 
5 451 
5 57 
5 145 
5 23 
5 444 
5 47 
5 45 
5 116 
5 94 
5 322 
5 48 
5 501 
5 250 
5 201 
5 157 
5 14 
5 478 
5 254 
5 281 
5 357 
5 314 
5 473 
5 402 
5 262 
5 426 
5 185 
5 130 
5 430 
5 498 
5 490 
5 246 
5 315 
5 13 
5 282 
5 32 
5 492 
5 198 
5 219 
5 60 
5 489 
5 117 
5 137 
5 64 
5 438 
5 418 
5 6 
5 58 
5 429 
5 249 
5 10 
5 29 
5 386 
5 40 
5 277 
5 368 
5 471 
5 102 
5 392 
5 202 
5 251 
5 499 
5 427 
5 446 
5 336 
5 267 
5 452 
5 114 
5 272 
5 279 
5 3 
6 322 
6 336 
6 18 
6 478 
6 426 
6 481 
6 203 
6 291 
6 83 
6 140 
6 311 
6 26 
6 61 
6 480 
6 45 
6 271 
6 300 
6 319 
6 351 
6 404 
6 90 
6 148 
6 65 
6 475 
6 150 
6 428 
6 483 
6 208 
6 34 
6 465 
6 15 
6 123 
6 299 
6 255 
6 235 
6 260 
6 125 
6 240 
6 101 
6 63 
6 424 
6 238 
6 201 
6 103 
6 389 
6 430 
6 116 
6 385 
6 136 
6 145 
6 303 
6 93 
6 467 
6 360 
6 366 
6 111 
6 178 
6 358 
6 122 
6 306 
6 402 
6 258 
6 247 
6 346 
6 243 
6 186 
6 494 
6 51 
6 364 
6 104 
6 77 
6 415 
6 249 
6 112 
6 242 
6 390 
6 159 
6 156 
6 421 
6 318 
6 441 
6 163 
6 353 
6 477 
6 213 
6 24 
6 185 
6 334 
6 395 
6 7 
6 128 
6 180 
6 4 
6 262 
6 396 
6 274 
6 257 
6 447 
6 416 
6 375 
6 407 
6 469 
6 369 
6 109 
6 147 
6 345 
6 305 
6 267 
6 462 
6 20 
6 365 
6 276 
6 444 
6 115 
6 502 
6 177 
6 461 
6 169 
6 22 
6 144 
6 78 
6 332 
6 341 
6 165 
6 27 
6 133 
6 137 
6 324 
6 5 
6 95 
6 377 
6 405 
6 134 
6 154 
6 11 
6 67 
6 129 
6 173 
6 485 
6 443 
6 376 
6 168 
6 187 
6 227 
6 172 
6 273 
6 302 
6 214 
6 236 
6 96 
6 400 
6 363 
6 497 
6 265 
6 425 
6 244 
6 183 
6 3 
6 266 
6 60 
6 254 
7 385 
7 414 
7 232 
7 439 
7 44 
7 276 
7 242 
7 124 
7 43 
7 221 
7 166 
7 375 
7 78 
7 454 
7 145 
7 180 
7 24 
7 208 
7 352 
7 468 
7 5 
7 18 
7 93 
7 496 
7 15 
7 271 
7 42 
7 117 
7 260 
7 55 
7 485 
7 29 
7 97 
7 9 
7 14 
7 189 
7 505 
7 337 
7 456 
7 160 
7 2 
7 243 
7 484 
7 185 
7 390 
7 402 
7 403 
7 19 
7 394 
7 312 
7 415 
7 251 
7 95 
7 252 
7 476 
7 108 
7 283 
7 404 
7 105 
7 405 
7 353 
7 491 
7 342 
7 59 
7 218 
7 346 
7 502 
7 80 
7 86 
7 215 
7 409 
7 311 
7 396 
7 183 
7 511 
7 362 
7 446 
7 144 
7 304 
7 266 
7 38 
7 66 
7 507 
7 23 
7 104 
7 131 
7 417 
7 503 
7 368 
7 343 
7 220 
7 122 
7 297 
7 413 
7 212 
7 263 
7 447 
7 169 
7 142 
7 217 
7 247 
7 6 
7 68 
7 392 
7 91 
7 168 
7 65 
7 370 
7 298 
7 90 
7 345 
7 277 
7 427 
7 479 
7 488 
7 300 
7 320 
7 77 
7 179 
7 89 
7 408 
7 264 
7 455 
7 207 
7 406 
7 236 
7 193 
7 395 
7 307 
7 113 
7 123 
7 110 
7 501 
7 175 
7 191 
7 40 
7 151 
7 178 
7 34 
7 272 
7 325 
7 460 
7 341 
7 434 
7 374 
7 155 
7 133 
7 493 
7 431 
7 397 
7 367 
7 234 
7 380 
7 393 
7 17 
7 249 
7 28 
7 226 
7 401 
7 463 
7 32 
7 461 
7 464 
7 88 
7 239 
7 350 
7 118 
7 255 
7 240 
7 377 
7 173 
7 321 
7 292 
7 60 
8 375 
8 5 
8 313 
8 429 
8 223 
8 131 
8 418 
8 89 
8 99 
8 86 
8 216 
8 337 
8 208 
8 130 
8 506 
8 265 
8 64 
8 134 
8 317 
8 475 
8 158 
8 262 
8 462 
8 302 
8 95 
8 484 
8 116 
8 148 
8 111 
8 440 
8 495 
8 397 
8 334 
8 290 
8 85 
8 345 
8 486 
8 347 
8 153 
8 108 
8 29 
8 510 
8 457 
8 452 
8 470 
8 213 
8 107 
8 207 
8 181 
8 374 
8 336 
8 415 
8 14 
8 79 
8 295 
8 40 
8 1 
8 281 
8 282 
8 62 
8 222 
8 90 
8 180 
8 483 
8 214 
8 243 
8 44 
8 168 
8 445 
8 34 
8 310 
8 193 
8 360 
8 102 
8 383 
8 351 
8 323 
8 120 
8 174 
8 236 
8 311 
8 361 
8 332 
8 466 
8 438 
8 278 
8 299 
8 363 
8 103 
8 346 
8 312 
8 444 
8 171 
8 283 
8 322 
8 500 
8 56 
8 268 
8 87 
8 357 
8 431 
8 35 
8 163 
8 331 
8 150 
8 198 
8 316 
8 69 
8 190 
8 321 
8 395 
8 54 
8 191 
8 71 
8 294 
8 291 
8 30 
8 254 
8 173 
8 119 
8 274 
8 315 
8 443 
8 94 
8 339 
8 88 
8 39 
8 304 
8 106 
8 96 
8 364 
8 186 
8 141 
8 188 
8 159 
8 50 
8 164 
8 449 
8 167 
8 396 
8 442 
8 491 
8 403 
8 22 
8 169 
8 109 
8 340 
8 380 
8 215 
8 487 
8 428 
8 101 
9 100 
9 154 
9 404 
9 383 
9 42 
9 382 
9 94 
9 153 
9 32 
9 158 
9 260 
9 44 
9 61 
9 331 
9 416 
9 89 
9 408 
9 358 
9 103 
9 478 
9 295 
9 373 
9 133 
9 5 
9 217 
9 28 
9 147 
9 7 
9 369 
9 357 
9 173 
9 441 
9 445 
9 340 
9 492 
9 237 
9 430 
9 157 
9 203 
9 254 
9 315 
9 118 
9 330 
9 187 
9 121 
9 95 
9 111 
9 483 
9 457 
9 425 
9 59 
9 406 
9 411 
9 395 
9 191 
9 230 
9 321 
9 302 
9 298 
9 117 
9 126 
9 161 
9 150 
9 193 
9 250 
9 210 
9 200 
9 367 
9 148 
9 238 
9 132 
9 52 
9 397 
9 458 
9 2 
9 268 
9 45 
9 468 
9 77 
9 114 
9 497 
9 301 
9 343 
9 163 
9 232 
9 285 
9 322 
9 38 
9 189 
9 333 
9 482 
9 346 
9 33 
9 251 
9 127 
9 433 
9 259 
9 476 
9 212 
9 365 
9 227 
9 18 
9 171 
9 99 
9 110 
9 166 
9 228 
9 488 
9 332 
9 142 
9 207 
9 480 
9 112 
9 288 
9 296 
9 277 
9 511 
9 351 
9 26 
9 219 
9 119 
9 80 
9 466 
9 426 
9 368 
9 324 
9 82 
9 192 
9 442 
9 506 
9 64 
9 25 
9 233 
9 84 
9 414 
9 211 
9 422 
9 386 
9 15 
9 13 
9 379 
9 67 
9 306 
9 113 
9 184 
9 477 
9 218 
9 102 
9 55 
9 434 
9 31 
9 305 
9 178 
9 104 
9 129 
9 436 
9 393 
10 414 
10 216 
10 36 
10 393 
10 236 
10 278 
10 50 
10 338 
10 480 
10 104 
10 96 
10 315 
10 169 
10 149 
10 471 
10 364 
10 346 
10 222 
10 379 
10 194 
10 133 
10 259 
10 449 
10 375 
10 195 
10 61 
10 458 
10 11 
10 472 
10 200 
10 489 
10 1 
10 434 
10 430 
10 91 
10 32 
10 215 
10 225 
10 359 
10 474 
10 296 
10 405 
10 421 
10 280 
10 95 
10 420 
10 130 
10 412 
10 181 
10 29 
10 439 
10 229 
10 384 
10 311 
10 88 
10 238 
10 113 
10 240 
10 336 
10 399 
10 171 
10 244 
10 374 
10 455 
10 54 
10 165 
10 235 
10 123 
10 423 
10 484 
10 79 
10 495 
10 83 
10 154 
10 321 
10 500 
10 417 
10 223 
10 432 
10 182 
10 71 
10 245 
10 256 
10 128 
10 72 
10 213 
10 409 
10 406 
10 334 
10 0 
10 358 
10 422 
10 65 
10 482 
10 305 
10 341 
10 13 
10 132 
10 226 
10 179 
10 150 
10 51 
10 100 
10 254 
10 47 
10 199 
10 152 
10 156 
10 277 
10 357 
10 231 
10 85 
10 20 
10 431 
10 310 
10 97 
10 327 
10 508 
10 394 
10 503 
10 386 
10 450 
10 86 
10 140 
10 317 
10 369 
10 5 
10 473 
10 237 
10 219 
10 52 
10 205 
10 488 
10 436 
10 188 
10 387 
10 271 
10 80 
10 66 
10 135 
10 220 
10 355 
10 395 
10 504 
10 196 
10 451 
10 491 
10 26 
10 460 
10 408 
10 210 
11 471 
11 491 
11 57 
11 377 
11 190 
11 475 
11 421 
11 339 
11 109 
11 212 
11 389 
11 327 
11 107 
11 97 
11 332 
11 405 
11 224 
11 350 
11 71 
11 437 
11 222 
11 310 
11 411 
11 393 
11 206 
11 266 
11 238 
11 492 
11 64 
11 141 
11 510 
11 36 
11 306 
11 273 
11 10 
11 255 
11 313 
11 366 
11 453 
11 288 
11 257 
11 62 
11 125 
11 325 
11 152 
11 477 
11 448 
11 337 
11 410 
11 447 
11 334 
11 70 
11 384 
11 156 
11 133 
11 67 
11 343 
11 370 
11 219 
11 100 
11 435 
11 46 
11 361 
11 2 
11 511 
11 423 
11 354 
11 484 
11 488 
11 386 
11 407 
11 369 
11 96 
11 458 
11 344 
11 493 
11 239 
11 244 
11 443 
11 94 
11 359 
11 430 
11 319 
11 102 
11 101 
11 137 
11 207 
11 199 
11 304 
11 119 
11 355 
11 168 
11 513 
11 165 
11 78 
11 201 
11 183 
11 113 
11 69 
11 495 
11 400 
11 420 
11 221 
11 416 
11 29 
11 35 
11 426 
11 399 
11 290 
11 191 
11 352 
11 302 
11 427 
11 466 
11 364 
11 374 
11 482 
11 227 
11 39 
11 118 
11 449 
11 508 
11 473 
11 164 
11 6 
11 88 
11 209 
11 503 
11 160 
11 351 
11 413 
11 21 
11 147 
11 283 
11 396 
11 49 
11 291 
11 173 
11 123 
11 187 
11 378 
11 74 
12 52 
12 150 
12 417 
12 151 
12 487 
12 125 
12 24 
12 442 
12 88 
12 195 
12 322 
12 17 
12 290 
12 13 
12 163 
12 335 
12 355 
12 287 
12 424 
12 46 
12 21 
12 357 
12 375 
12 391 
12 91 
12 459 
12 465 
12 458 
12 248 
12 449 
12 14 
12 366 
12 401 
12 358 
12 461 
12 367 
12 384 
12 53 
12 86 
12 85 
12 488 
12 33 
12 184 
12 414 
12 31 
12 428 
12 35 
12 173 
12 511 
12 351 
12 405 
12 230 
12 25 
12 369 
12 408 
12 251 
12 5 
12 385 
12 348 
12 96 
12 231 
12 456 
12 142 
12 506 
12 473 
12 98 
12 240 
12 40 
12 344 
12 22 
12 189 
12 306 
12 434 
12 204 
12 102 
12 177 
12 19 
12 507 
12 443 
12 350 
12 152 
12 63 
12 404 
12 106 
12 238 
12 136 
12 76 
12 61 
12 170 
12 71 
12 462 
12 200 
12 43 
12 445 
12 245 
12 41 
12 307 
12 500 
12 209 
12 127 
12 107 
12 67 
12 38 
12 133 
12 490 
12 512 
12 471 
12 47 
12 397 
12 126 
12 309 
12 29 
12 395 
12 65 
12 182 
12 363 
12 44 
12 26 
12 431 
12 128 
12 185 
12 4 
12 411 
12 0 
12 480 
12 49 
12 249 
12 349 
12 421 
12 341 
12 283 
12 485 
12 124 
12 265 
12 305 
12 311 
12 484 
12 345 
12 406 
12 161 
12 89 
12 291 
12 60 
12 130 
12 380 
12 123 
12 69 
12 237 
12 120 
12 178 
12 216 
12 467 
12 444 
12 56 
13 425 
13 164 
13 227 
13 76 
13 26 
13 117 
13 370 
13 354 
13 475 
13 163 
13 133 
13 68 
13 104 
13 14 
13 409 
13 12 
13 122 
13 365 
13 57 
13 157 
13 89 
13 268 
13 276 
13 109 
13 441 
13 339 
13 417 
13 263 
13 295 
13 474 
13 449 
13 254 
13 313 
13 317 
13 231 
13 84 
13 495 
13 292 
13 119 
13 83 
13 238 
13 145 
13 310 
13 204 
13 277 
13 508 
13 284 
13 256 
13 391 
13 372 
13 350 
13 33 
13 431 
13 0 
13 467 
13 481 
13 368 
13 464 
13 43 
13 267 
13 215 
13 341 
13 225 
13 499 
13 77 
13 359 
13 496 
13 332 
13 80 
13 220 
13 217 
13 111 
13 201 
13 414 
13 402 
13 101 
13 184 
13 498 
13 422 
13 412 
13 85 
13 218 
13 116 
13 193 
13 373 
13 344 
13 196 
13 283 
13 212 
13 156 
13 452 
13 45 
13 149 
13 376 
13 434 
13 71 
13 91 
13 95 
13 208 
13 483 
13 497 
13 210 
13 36 
13 53 
13 400 
13 216 
13 42 
13 70 
13 10 
13 165 
13 92 
13 244 
13 66 
13 247 
13 503 
13 507 
13 21 
13 5 
13 413 
13 49 
13 375 
13 433 
13 229 
13 166 
13 261 
13 1 
13 476 
13 488 
13 489 
13 123 
13 58 
13 108 
13 132 
13 430 
13 189 
13 458 
13 398 
13 99 
13 207 
13 455 
13 364 
13 213 
13 205 
13 9 
13 202 
13 54 
13 460 
13 445 
13 415 
13 319 
13 242 
13 249 
13 404 
13 235 
13 120 
13 134 
14 148 
14 482 
14 182 
14 212 
14 358 
14 332 
14 104 
14 44 
14 37 
14 13 
14 128 
14 119 
14 122 
14 1 
14 177 
14 369 
14 248 
14 446 
14 508 
14 113 
14 401 
14 345 
14 366 
14 210 
14 431 
14 92 
14 142 
14 262 
14 311 
14 294 
14 2 
14 143 
14 12 
14 7 
14 204 
14 260 
14 154 
14 363 
14 469 
14 290 
14 74 
14 250 
14 361 
14 16 
14 157 
14 504 
14 372 
14 206 
14 512 
14 429 
14 15 
14 385 
14 407 
14 226 
14 467 
14 327 
14 256 
14 392 
14 447 
14 45 
14 98 
14 238 
14 8 
14 338 
14 43 
14 485 
14 354 
14 317 
14 141 
14 511 
14 27 
14 360 
14 281 
14 87 
14 149 
14 52 
14 95 
14 432 
14 413 
14 389 
14 51 
14 63 
14 329 
14 264 
14 239 
14 50 
14 186 
14 152 
14 168 
14 374 
14 386 
14 125 
14 460 
14 476 
14 411 
14 198 
14 409 
14 276 
14 5 
14 145 
14 220 
14 48 
14 441 
14 269 
14 213 
14 144 
14 484 
14 159 
14 324 
14 399 
14 279 
14 244 
14 161 
14 230 
14 183 
14 325 
14 507 
14 163 
14 343 
14 228 
14 280 
14 171 
14 284 
14 102 
14 40 
14 60 
14 421 
14 237 
14 353 
14 380 
14 103 
14 302 
14 22 
14 78 
14 259 
14 314 
14 247 
14 232 
14 216 
14 180 
14 468 
14 121 
14 209 
14 140 
14 41 
14 61 
14 263 
14 54 
14 442 
14 106 
15 104 
15 466 
15 230 
15 97 
15 506 
15 248 
15 171 
15 496 
15 392 
15 377 
15 41 
15 426 
15 337 
15 503 
15 298 
15 256 
15 6 
15 454 
15 7 
15 275 
15 325 
15 204 
15 510 
15 153 
15 374 
15 188 
15 231 
15 223 
15 23 
15 165 
15 313 
15 249 
15 391 
15 285 
15 399 
15 14 
15 385 
15 280 
15 368 
15 240 
15 447 
15 111 
15 29 
15 379 
15 112 
15 81 
15 19 
15 71 
15 130 
15 362 
15 123 
15 403 
15 250 
15 505 
15 443 
15 247 
15 158 
15 103 
15 236 
15 194 
15 87 
15 226 
15 151 
15 212 
15 31 
15 492 
15 297 
15 488 
15 138 
15 254 
15 237 
15 16 
15 140 
15 200 
15 148 
15 464 
15 264 
15 458 
15 432 
15 34 
15 239 
15 75 
15 421 
15 100 
15 209 
15 243 
15 303 
15 495 
15 348 
15 431 
15 253 
15 202 
15 418 
15 217 
15 315 
15 224 
15 330 
15 170 
15 381 
15 340 
15 364 
15 422 
15 420 
15 175 
15 76 
15 27 
15 463 
15 344 
15 305 
15 401 
15 411 
15 467 
15 311 
15 383 
15 283 
15 98 
15 246 
15 482 
15 441 
15 486 
15 85 
15 359 
15 157 
15 509 
15 90 
15 221 
15 499 
15 481 
15 47 
15 57 
15 152 
15 105 
15 177 
15 326 
15 317 
15 161 
15 210 
15 21 
15 176 
15 166 
15 9 
15 347 
15 504 
15 78 
15 417 
15 512 
15 339 
15 155 
15 304 
15 371 
15 513 
15 427 
15 430 
16 163 
16 40 
16 31 
16 267 
16 97 
16 43 
16 200 
16 128 
16 144 
16 314 
16 257 
16 146 
16 103 
16 112 
16 341 
16 250 
16 67 
16 418 
16 121 
16 270 
16 351 
16 184 
16 495 
16 384 
16 27 
16 63 
16 353 
16 262 
16 311 
16 474 
16 289 
16 107 
16 380 
16 50 
16 445 
16 194 
16 303 
16 484 
16 14 
16 189 
16 241 
16 458 
16 442 
16 5 
16 338 
16 454 
16 273 
16 236 
16 451 
16 156 
16 46 
16 461 
16 391 
16 376 
16 492 
16 357 
16 127 
16 479 
16 497 
16 432 
16 118 
16 342 
16 49 
16 299 
16 56 
16 512 
16 143 
16 316 
16 240 
16 150 
16 114 
16 509 
16 280 
16 390 
16 242 
16 274 
16 500 
16 0 
16 123 
16 227 
16 199 
16 407 
16 15 
16 469 
16 381 
16 478 
16 83 
16 365 
16 186 
16 328 
16 330 
16 398 
16 243 
16 129 
16 25 
16 489 
16 245 
16 411 
16 115 
16 246 
16 60 
16 343 
16 457 
16 80 
16 260 
16 420 
16 251 
16 226 
16 410 
16 38 
16 358 
16 225 
16 104 
16 232 
16 283 
16 145 
16 47 
16 501 
16 220 
16 193 
16 422 
16 33 
16 481 
16 473 
16 210 
16 37 
16 487 
16 181 
16 413 
16 306 
16 135 
16 414 
16 345 
16 228 
16 475 
16 265 
16 132 
16 54 
16 285 
16 154 
16 86 
16 98 
16 310 
16 109 
16 433 
16 366 
16 291 
16 213 
16 26 
17 105 
17 478 
17 190 
17 112 
17 282 
17 286 
17 149 
17 267 
17 373 
17 417 
17 278 
17 67 
17 12 
17 485 
17 469 
17 60 
17 214 
17 391 
17 398 
17 33 
17 285 
17 313 
17 38 
17 120 
17 251 
17 423 
17 187 
17 79 
17 0 
17 445 
17 62 
17 512 
17 421 
17 26 
17 281 
17 305 
17 498 
17 19 
17 450 
17 169 
17 289 
17 287 
17 119 
17 256 
17 477 
17 493 
17 94 
17 247 
17 189 
17 272 
17 204 
17 279 
17 315 
17 91 
17 178 
17 377 
17 244 
17 476 
17 104 
17 351 
17 435 
17 126 
17 440 
17 72 
17 146 
17 461 
17 372 
17 240 
17 59 
17 160 
17 65 
17 144 
17 504 
17 404 
17 277 
17 346 
17 432 
17 98 
17 181 
17 457 
17 125 
17 152 
17 328 
17 42 
17 137 
17 319 
17 142 
17 370 
17 494 
17 177 
17 310 
17 66 
17 34 
17 185 
17 317 
17 100 
17 304 
17 129 
17 326 
17 123 
17 467 
17 182 
17 151 
17 179 
17 1 
17 57 
17 403 
17 27 
17 41 
17 414 
17 28 
17 155 
17 69 
17 303 
17 226 
17 369 
17 368 
17 468 
17 430 
17 455 
17 355 
17 335 
17 431 
17 228 
17 290 
17 316 
17 7 
17 408 
17 513 
17 159 
17 257 
17 205 
17 194 
17 359 
17 492 
17 360 
17 232 
18 281 
18 461 
18 364 
18 6 
18 42 
18 2 
18 473 
18 275 
18 128 
18 395 
18 106 
18 263 
18 331 
18 506 
18 362 
18 96 
18 464 
18 361 
18 276 
18 381 
18 339 
18 236 
18 30 
18 255 
18 471 
18 504 
18 217 
18 7 
18 190 
18 463 
18 407 
18 201 
18 92 
18 349 
18 509 
18 495 
18 271 
18 472 
18 169 
18 49 
18 137 
18 492 
18 146 
18 273 
18 121 
18 325 
18 111 
18 453 
18 44 
18 101 
18 138 
18 223 
18 242 
18 73 
18 287 
18 315 
18 304 
18 392 
18 485 
18 416 
18 180 
18 426 
18 365 
18 47 
18 70 
18 228 
18 150 
18 197 
18 312 
18 144 
18 200 
18 505 
18 208 
18 338 
18 40 
18 210 
18 149 
18 46 
18 376 
18 390 
18 469 
18 326 
18 387 
18 206 
18 119 
18 503 
18 267 
18 38 
18 143 
18 295 
18 487 
18 123 
18 253 
18 9 
18 300 
18 77 
18 110 
18 370 
18 233 
18 434 
18 189 
18 512 
18 297 
18 238 
18 240 
18 219 
18 391 
18 251 
18 441 
18 256 
18 384 
18 258 
18 419 
18 99 
18 379 
18 41 
18 490 
18 309 
18 327 
18 479 
18 475 
18 85 
18 203 
18 481 
18 350 
18 318 
18 56 
18 58 
18 402 
18 112 
18 186 
18 439 
18 239 
18 165 
18 48 
18 477 
18 456 
18 194 
18 135 
18 82 
18 216 
18 163 
18 142 
18 19 
18 78 
18 447 
19 442 
19 343 
19 62 
19 435 
19 86 
19 504 
19 183 
19 475 
19 326 
19 267 
19 230 
19 351 
19 464 
19 281 
19 108 
19 169 
19 172 
19 334 
19 371 
19 27 
19 471 
19 220 
19 446 
19 291 
19 160 
19 391 
19 2 
19 145 
19 31 
19 171 
19 419 
19 264 
19 337 
19 55 
19 359 
19 7 
19 21 
19 388 
19 17 
19 165 
19 361 
19 284 
19 443 
19 245 
19 37 
19 256 
19 349 
19 153 
19 299 
19 422 
19 413 
19 50 
19 15 
19 181 
19 276 
19 47 
19 378 
19 296 
19 255 
19 466 
19 107 
19 56 
19 246 
19 447 
19 232 
19 311 
19 368 
19 346 
19 149 
19 377 
19 97 
19 170 
19 254 
19 126 
19 12 
19 358 
19 339 
19 215 
19 208 
19 347 
19 191 
19 344 
19 367 
19 216 
19 200 
19 197 
19 151 
19 355 
19 195 
19 261 
19 333 
19 82 
19 415 
19 173 
19 362 
19 85 
19 370 
19 506 
19 184 
19 143 
19 489 
19 470 
19 356 
19 297 
19 38 
19 42 
19 429 
19 146 
19 330 
19 399 
19 411 
19 91 
19 511 
19 136 
19 131 
19 392 
19 478 
19 451 
19 467 
19 375 
19 81 
19 45 
19 434 
19 166 
19 214 
19 472 
19 287 
19 480 
19 95 
19 26 
19 239 
19 496 
19 282 
19 266 
19 156 
19 268 
19 332 
19 320 
19 329 
19 164 
19 3 
19 453 
19 259 
19 373 
19 0 
19 52 
19 18 
19 396 
19 421 
19 226 
19 425 
19 129 
19 300 
19 289 
19 501 
19 111 
19 88 
19 458 
20 234 
20 276 
20 33 
20 485 
20 437 
20 375 
20 273 
20 145 
20 214 
20 84 
20 159 
20 36 
20 364 
20 380 
20 1 
20 264 
20 208 
20 253 
20 255 
20 361 
20 92 
20 401 
20 209 
20 48 
20 117 
20 238 
20 240 
20 108 
20 187 
20 267 
20 40 
20 181 
20 114 
20 66 
20 178 
20 293 
20 213 
20 508 
20 480 
20 365 
20 497 
20 287 
20 105 
20 54 
20 272 
20 462 
20 321 
20 103 
20 152 
20 338 
20 335 
20 188 
20 221 
20 231 
20 151 
20 210 
20 241 
20 68 
20 132 
20 171 
20 377 
20 392 
20 346 
20 476 
20 157 
20 202 
20 35 
20 129 
20 433 
20 505 
20 41 
20 78 
20 288 
20 263 
20 345 
20 249 
20 302 
20 496 
20 27 
20 2 
20 63 
20 415 
20 277 
20 418 
20 49 
20 292 
20 409 
20 285 
20 0 
20 466 
20 368 
20 504 
20 47 
20 29 
20 484 
20 301 
20 310 
20 381 
20 268 
20 367 
20 153 
20 243 
20 336 
20 6 
20 360 
20 236 
20 182 
20 101 
20 72 
20 252 
20 142 
20 478 
20 257 
20 10 
20 23 
20 111 
20 469 
20 24 
20 45 
20 97 
20 330 
20 158 
20 96 
20 314 
20 344 
20 174 
20 205 
20 430 
20 98 
20 284 
20 77 
20 192 
20 135 
20 120 
20 324 
20 400 
20 162 
20 223 
20 435 
20 283 
20 323 
20 482 
20 512 
20 300 
20 62 
20 156 
20 140 
20 160 
20 444 
20 250 
20 52 
20 456 
21 358 
21 26 
21 227 
21 482 
21 182 
21 419 
21 98 
21 446 
21 323 
21 141 
21 64 
21 510 
21 89 
21 73 
21 478 
21 117 
21 362 
21 508 
21 12 
21 88 
21 132 
21 189 
21 328 
21 251 
21 395 
21 155 
21 108 
21 233 
21 270 
21 474 
21 289 
21 252 
21 259 
21 173 
21 200 
21 351 
21 475 
21 19 
21 140 
21 432 
21 423 
21 310 
21 166 
21 133 
21 120 
21 58 
21 401 
21 231 
21 414 
21 77 
21 359 
21 272 
21 445 
21 45 
21 326 
21 111 
21 174 
21 209 
21 424 
21 448 
21 228 
21 503 
21 473 
21 399 
21 90 
21 458 
21 190 
21 253 
21 51 
21 113 
21 438 
21 331 
21 139 
21 3 
21 216 
21 496 
21 437 
21 379 
21 333 
21 232 
21 377 
21 147 
21 298 
21 420 
21 210 
21 476 
21 412 
21 201 
21 243 
21 85 
21 31 
21 360 
21 123 
21 56 
21 135 
21 303 
21 509 
21 392 
21 314 
21 463 
21 192 
21 264 
21 390 
21 223 
21 237 
21 363 
21 431 
21 369 
21 403 
21 167 
21 250 
21 421 
21 418 
21 244 
21 149 
21 218 
21 447 
21 239 
21 504 
21 13 
21 183 
21 0 
21 512 
21 470 
21 151 
21 175 
21 365 
21 368 
21 380 
21 327 
21 355 
21 491 
21 191 
21 409 
21 256 
21 254 
21 286 
21 492 
21 268 
21 96 
21 43 
21 334 
21 452 
21 97 
21 294 
21 15 
21 342 
21 11 
21 234 
21 506 
21 188 
21 388 
21 301 
21 400 
21 104 
21 181 
21 505 
21 309 
21 317 
21 199 
21 299 
21 1 
21 321 
21 42 
21 349 
21 63 
21 427 
22 68 
22 153 
22 398 
22 55 
22 197 
22 397 
22 378 
22 122 
22 0 
22 110 
22 230 
22 240 
22 184 
22 66 
22 374 
22 288 
22 294 
22 23 
22 5 
22 117 
22 76 
22 106 
22 278 
22 484 
22 109 
22 451 
22 473 
22 267 
22 35 
22 222 
22 266 
22 41 
22 426 
22 260 
22 432 
22 201 
22 379 
22 38 
22 466 
22 508 
22 485 
22 439 
22 361 
22 255 
22 364 
22 136 
22 168 
22 139 
22 351 
22 2 
22 284 
22 368 
22 233 
22 359 
22 227 
22 322 
22 47 
22 81 
22 156 
22 96 
22 12 
22 108 
22 425 
22 455 
22 465 
22 501 
22 219 
22 64 
22 419 
22 416 
22 199 
22 453 
22 161 
22 505 
22 401 
22 207 
22 175 
22 224 
22 82 
22 492 
22 4 
22 133 
22 509 
22 283 
22 57 
22 490 
22 307 
22 194 
22 112 
22 253 
22 327 
22 28 
22 434 
22 238 
22 259 
22 402 
22 472 
22 148 
22 273 
22 331 
22 479 
22 6 
22 71 
22 510 
22 39 
22 56 
22 276 
22 221 
22 193 
22 293 
22 243 
22 54 
22 97 
22 339 
22 334 
22 130 
22 315 
22 448 
22 14 
22 409 
22 301 
22 200 
22 405 
22 53 
22 357 
22 8 
22 50 
22 326 
22 256 
22 499 
22 503 
22 410 
22 395 
22 77 
22 137 
22 216 
22 350 
22 195 
22 302 
23 389 
23 432 
23 401 
23 187 
23 304 
23 419 
23 164 
23 140 
23 475 
23 179 
23 252 
23 481 
23 250 
23 262 
23 314 
23 73 
23 63 
23 264 
23 109 
23 513 
23 464 
23 251 
23 294 
23 139 
23 22 
23 284 
23 144 
23 160 
23 54 
23 290 
23 238 
23 136 
23 321 
23 181 
23 231 
23 99 
23 79 
23 447 
23 93 
23 98 
23 148 
23 53 
23 381 
23 442 
23 151 
23 263 
23 15 
23 46 
23 200 
23 386 
23 103 
23 162 
23 149 
23 100 
23 173 
23 356 
23 394 
23 382 
23 227 
23 452 
23 199 
23 451 
23 482 
23 239 
23 407 
23 487 
23 273 
23 70 
23 178 
23 2 
23 28 
23 244 
23 24 
23 500 
23 202 
23 64 
23 310 
23 287 
23 7 
23 391 
23 508 
23 367 
23 490 
23 143 
23 309 
23 376 
23 477 
23 217 
23 512 
23 71 
23 112 
23 485 
23 342 
23 5 
23 81 
23 226 
23 359 
23 410 
23 155 
23 317 
23 253 
23 57 
23 503 
23 308 
23 78 
23 271 
23 422 
23 106 
23 491 
23 48 
23 468 
23 77 
23 265 
23 127 
23 246 
23 454 
23 110 
23 416 
23 332 
23 347 
23 247 
23 37 
23 65 
23 74 
23 448 
23 398 
23 134 
23 118 
23 228 
23 361 
23 50 
23 3 
23 318 
23 168 
23 395 
23 20 
23 312 
23 489 
23 101 
23 91 
23 498 
23 268 
23 219 
23 166 
23 113 
23 194 
23 224 
23 82 
23 274 
23 260 
23 259 
23 150 
23 405 
23 364 
23 285 
23 341 
23 396 
23 492 
23 426 
23 295 
23 466 
23 467 
23 169 
24 326 
24 160 
24 407 
24 415 
24 496 
24 352 
24 484 
24 71 
24 240 
24 28 
24 12 
24 34 
24 0 
24 433 
24 232 
24 489 
24 459 
24 210 
24 317 
24 248 
24 227 
24 214 
24 380 
24 197 
24 7 
24 247 
24 246 
24 417 
24 335 
24 432 
24 49 
24 266 
24 111 
24 5 
24 59 
24 180 
24 175 
24 499 
24 299 
24 429 
24 321 
24 168 
24 50 
24 209 
24 447 
24 64 
24 164 
24 225 
24 316 
24 369 
24 293 
24 91 
24 439 
24 115 
24 458 
24 416 
24 112 
24 135 
24 511 
24 350 
24 285 
24 226 
24 178 
24 126 
24 3 
24 277 
24 399 
24 362 
24 483 
24 378 
24 314 
24 23 
24 403 
24 473 
24 446 
24 179 
24 359 
24 488 
24 121 
24 89 
24 36 
24 131 
24 61 
24 188 
24 346 
24 42 
24 274 
24 6 
24 497 
24 212 
24 128 
24 374 
24 76 
24 344 
24 287 
24 38 
24 231 
24 261 
24 155 
24 391 
24 181 
24 81 
24 158 
24 304 
24 223 
24 242 
24 109 
24 152 
24 100 
24 201 
24 476 
24 412 
24 376 
24 172 
24 510 
24 311 
24 491 
24 468 
24 288 
24 137 
24 191 
24 174 
24 286 
24 20 
24 257 
24 153 
24 418 
24 113 
24 65 
24 301 
24 486 
24 151 
24 57 
24 25 
24 196 
24 92 
24 4 
24 157 
24 469 
24 305 
24 125 
24 88 
24 83 
24 245 
24 431 
24 141 
24 395 
24 383 
24 506 
24 103 
24 149 
24 238 
24 102 
24 260 
24 244 
25 397 
25 133 
25 345 
25 263 
25 2 
25 407 
25 493 
25 380 
25 445 
25 471 
25 428 
25 302 
25 141 
25 314 
25 237 
25 245 
25 197 
25 422 
25 256 
25 365 
25 43 
25 315 
25 301 
25 450 
25 37 
25 208 
25 338 
25 202 
25 119 
25 192 
25 503 
25 131 
25 482 
25 413 
25 115 
25 258 
25 173 
25 63 
25 251 
25 414 
25 209 
25 113 
25 328 
25 249 
25 261 
25 68 
25 178 
25 116 
25 51 
25 313 
25 12 
25 431 
25 72 
25 442 
25 97 
25 126 
25 36 
25 267 
25 59 
25 73 
25 330 
25 420 
25 3 
25 90 
25 153 
25 195 
25 32 
25 98 
25 111 
25 91 
25 396 
25 170 
25 443 
25 372 
25 500 
25 461 
25 505 
25 453 
25 317 
25 108 
25 507 
25 323 
25 268 
25 74 
25 310 
25 296 
25 76 
25 67 
25 337 
25 16 
25 417 
25 61 
25 468 
25 217 
25 233 
25 214 
25 306 
25 303 
25 405 
25 194 
25 322 
25 287 
25 158 
25 124 
25 474 
25 475 
25 121 
25 441 
25 254 
25 485 
25 162 
25 473 
25 66 
25 125 
25 439 
25 511 
25 424 
25 31 
25 359 
25 143 
25 460 
25 179 
25 344 
25 24 
25 9 
25 350 
25 508 
25 400 
25 472 
25 282 
25 387 
25 120 
25 212 
25 160 
25 329 
25 70 
25 352 
25 376 
25 412 
25 363 
25 92 
26 183 
26 485 
26 148 
26 123 
26 355 
26 13 
26 130 
26 44 
26 21 
26 79 
26 27 
26 229 
26 336 
26 81 
26 39 
26 92 
26 299 
26 6 
26 350 
26 413 
26 479 
26 180 
26 146 
26 367 
26 170 
26 143 
26 360 
26 333 
26 403 
26 393 
26 53 
26 437 
26 420 
26 52 
26 500 
26 426 
26 322 
26 230 
26 507 
26 127 
26 177 
26 82 
26 129 
26 17 
26 404 
26 35 
26 321 
26 329 
26 54 
26 296 
26 380 
26 480 
26 213 
26 505 
26 77 
26 342 
26 295 
26 267 
26 106 
26 392 
26 62 
26 74 
26 95 
26 395 
26 496 
26 187 
26 208 
26 371 
26 448 
26 166 
26 117 
26 457 
26 250 
26 28 
26 78 
26 109 
26 223 
26 499 
26 330 
26 94 
26 353 
26 200 
26 43 
26 116 
26 41 
26 317 
26 419 
26 417 
26 473 
26 402 
26 122 
26 328 
26 80 
26 476 
26 432 
26 284 
26 169 
26 120 
26 241 
26 249 
26 153 
26 504 
26 405 
26 212 
26 365 
26 181 
26 3 
26 352 
26 436 
26 111 
26 275 
26 209 
26 150 
26 494 
26 205 
26 323 
26 397 
26 468 
26 156 
26 372 
26 423 
26 199 
26 438 
26 34 
26 68 
26 36 
26 513 
26 214 
26 147 
26 138 
26 431 
26 465 
26 316 
26 216 
26 12 
26 489 
26 9 
26 314 
26 416 
26 493 
26 226 
26 471 
26 233 
26 137 
26 19 
26 174 
26 272 
26 121 
26 50 
26 269 
26 204 
26 171 
26 277 
26 318 
26 388 
26 75 
26 160 
26 260 
26 51 
26 197 
26 99 
26 310 
26 495 
26 464 
26 85 
26 10 
26 324 
26 196 
26 89 
26 16 
26 467 
27 71 
27 448 
27 477 
27 306 
27 221 
27 86 
27 444 
27 428 
27 26 
27 45 
27 97 
27 480 
27 456 
27 280 
27 169 
27 52 
27 327 
27 504 
27 156 
27 159 
27 419 
27 89 
27 77 
27 235 
27 54 
27 324 
27 316 
27 378 
27 175 
27 279 
27 407 
27 241 
27 16 
27 19 
27 39 
27 67 
27 250 
27 204 
27 489 
27 254 
27 404 
27 146 
27 193 
27 346 
27 147 
27 487 
27 155 
27 35 
27 207 
27 331 
27 410 
27 340 
27 509 
27 257 
27 370 
27 451 
27 218 
27 319 
27 360 
27 209 
27 441 
27 91 
27 281 
27 358 
27 348 
27 85 
27 49 
27 153 
27 14 
27 369 
27 334 
27 375 
27 425 
27 366 
27 498 
27 434 
27 210 
27 232 
27 228 
27 63 
27 272 
27 231 
27 79 
27 381 
27 462 
27 252 
27 418 
27 513 
27 303 
27 20 
27 215 
27 295 
27 463 
27 205 
27 107 
27 483 
27 259 
27 439 
27 332 
27 176 
27 359 
27 41 
27 80 
27 291 
27 115 
27 88 
27 166 
27 177 
27 105 
27 118 
27 109 
27 339 
27 164 
27 236 
27 243 
27 29 
27 15 
27 341 
27 34 
27 491 
27 342 
27 472 
27 66 
27 17 
27 421 
27 6 
27 312 
27 308 
27 436 
27 511 
27 219 
27 423 
27 424 
27 90 
27 492 
27 345 
27 409 
27 318 
27 158 
27 442 
27 343 
27 440 
27 307 
27 103 
27 503 
27 238 
27 84 
27 143 
27 427 
27 292 
27 190 
27 426 
27 298 
27 226 
27 70 
27 133 
27 57 
27 51 
27 247 
28 211 
28 467 
28 24 
28 137 
28 156 
28 280 
28 46 
28 135 
28 183 
28 58 
28 95 
28 367 
28 2 
28 384 
28 163 
28 214 
28 365 
28 162 
28 43 
28 391 
28 456 
28 451 
28 351 
28 9 
28 37 
28 318 
28 5 
28 115 
28 363 
28 314 
28 221 
28 149 
28 199 
28 370 
28 414 
28 164 
28 257 
28 402 
28 368 
28 428 
28 160 
28 109 
28 288 
28 263 
28 144 
28 121 
28 194 
28 40 
28 98 
28 243 
28 253 
28 433 
28 296 
28 271 
28 23 
28 286 
28 26 
28 301 
28 170 
28 491 
28 210 
28 392 
28 322 
28 350 
28 486 
28 293 
28 297 
28 238 
28 270 
28 96 
28 82 
28 35 
28 430 
28 227 
28 503 
28 245 
28 508 
28 291 
28 157 
28 326 
28 366 
28 119 
28 118 
28 342 
28 329 
28 496 
28 407 
28 41 
28 395 
28 443 
28 89 
28 180 
28 74 
28 225 
28 59 
28 302 
28 462 
28 22 
28 438 
28 435 
28 349 
28 446 
28 139 
28 345 
28 506 
28 404 
28 328 
28 3 
28 239 
28 292 
28 17 
28 120 
28 321 
28 512 
28 7 
28 235 
28 498 
28 36 
28 261 
28 250 
28 418 
28 279 
28 42 
28 259 
28 113 
28 313 
28 343 
28 317 
28 364 
28 122 
29 420 
29 61 
29 199 
29 394 
29 448 
29 506 
29 240 
29 403 
29 332 
29 251 
29 289 
29 402 
29 500 
29 38 
29 282 
29 307 
29 346 
29 49 
29 102 
29 156 
29 160 
29 108 
29 474 
29 163 
29 328 
29 378 
29 198 
29 479 
29 177 
29 395 
29 287 
29 194 
29 293 
29 7 
29 143 
29 174 
29 8 
29 211 
29 31 
29 139 
29 320 
29 101 
29 385 
29 433 
29 109 
29 277 
29 69 
29 207 
29 491 
29 259 
29 492 
29 298 
29 382 
29 196 
29 148 
29 270 
29 15 
29 169 
29 501 
29 380 
29 10 
29 133 
29 481 
29 358 
29 64 
29 512 
29 141 
29 1 
29 120 
29 195 
29 159 
29 252 
29 377 
29 107 
29 98 
29 475 
29 344 
29 388 
29 50 
29 429 
29 249 
29 209 
29 441 
29 264 
29 103 
29 201 
29 300 
29 447 
29 104 
29 438 
29 4 
29 117 
29 454 
29 404 
29 469 
29 20 
29 334 
29 424 
29 96 
29 391 
29 352 
29 462 
29 222 
29 88 
29 127 
29 459 
29 41 
29 267 
29 11 
29 232 
29 12 
29 310 
29 27 
29 179 
29 430 
29 343 
29 79 
29 360 
29 487 
29 350 
29 112 
29 62 
29 466 
29 255 
29 405 
29 276 
29 231 
29 510 
29 205 
29 142 
29 188 
29 356 
29 202 
29 398 
29 417 
29 55 
29 166 
29 256 
29 173 
29 5 
29 294 
29 370 
29 301 
29 161 
29 158 
29 306 
29 243 
29 241 
29 86 
29 70 
29 464 
29 376 
30 36 
30 316 
30 481 
30 230 
30 185 
30 102 
30 331 
30 58 
30 172 
30 205 
30 238 
30 215 
30 213 
30 289 
30 477 
30 138 
30 312 
30 394 
30 81 
30 18 
30 276 
30 174 
30 373 
30 271 
30 344 
30 354 
30 171 
30 234 
30 59 
30 143 
30 50 
30 368 
30 478 
30 39 
30 127 
30 189 
30 49 
30 379 
30 407 
30 329 
30 487 
30 444 
30 386 
30 511 
30 117 
30 359 
30 168 
30 425 
30 224 
30 150 
30 361 
30 84 
30 293 
30 218 
30 374 
30 349 
30 449 
30 492 
30 418 
30 144 
30 246 
30 233 
30 240 
30 473 
30 324 
30 467 
30 457 
30 372 
30 360 
30 348 
30 116 
30 325 
30 296 
30 408 
30 1 
30 351 
30 160 
30 299 
30 493 
30 419 
30 64 
30 133 
30 396 
30 176 
30 397 
30 309 
30 433 
30 51 
30 96 
30 311 
30 435 
30 173 
30 72 
30 406 
30 34 
30 62 
30 479 
30 305 
30 219 
30 308 
30 85 
30 409 
30 483 
30 281 
30 471 
30 385 
30 260 
30 0 
30 119 
30 195 
30 366 
30 384 
30 295 
30 370 
30 65 
30 304 
30 307 
30 227 
30 262 
30 175 
30 283 
30 8 
30 3 
30 86 
30 201 
30 424 
30 432 
30 322 
30 292 
30 393 
30 484 
30 178 
30 52 
30 323 
30 78 
30 90 
30 68 
30 4 
30 129 
30 392 
30 153 
30 140 
30 398 
30 300 
30 399 
30 294 
30 317 
30 375 
30 245 
30 252 
30 105 
30 47 
30 287 
30 92 
31 185 
31 16 
31 481 
31 193 
31 307 
31 375 
31 239 
31 146 
31 59 
31 277 
31 205 
31 133 
31 480 
31 364 
31 223 
31 341 
31 300 
31 94 
31 395 
31 299 
31 488 
31 331 
31 305 
31 444 
31 473 
31 321 
31 179 
31 79 
31 0 
31 344 
31 230 
31 309 
31 178 
31 110 
31 180 
31 261 
31 434 
31 263 
31 332 
31 29 
31 19 
31 460 
31 281 
31 90 
31 140 
31 320 
31 211 
31 176 
31 169 
31 251 
31 195 
31 12 
31 414 
31 201 
31 130 
31 337 
31 489 
31 387 
31 73 
31 121 
31 187 
31 253 
31 441 
31 122 
31 165 
31 171 
31 492 
31 373 
31 134 
31 89 
31 58 
31 157 
31 403 
31 207 
31 343 
31 46 
31 463 
31 15 
31 93 
31 453 
31 284 
31 461 
31 264 
31 505 
31 72 
31 470 
31 248 
31 418 
31 21 
31 340 
31 402 
31 446 
31 219 
31 327 
31 303 
31 156 
31 410 
31 128 
31 431 
31 342 
31 318 
31 240 
31 360 
31 190 
31 350 
31 35 
31 316 
31 100 
31 115 
31 206 
31 423 
31 123 
31 338 
31 237 
31 252 
31 302 
31 184 
31 117 
31 55 
31 339 
31 335 
31 62 
31 432 
31 160 
31 346 
31 25 
31 202 
31 296 
31 181 
31 204 
31 56 
31 208 
31 374 
31 127 
31 498 
31 513 
31 483 
31 228 
31 39 
31 430 
31 476 
31 322 
31 95 
31 194 
31 368 
31 9 
31 77 
31 145 
31 357 
31 81 
31 407 
32 98 
32 208 
32 100 
32 147 
32 56 
32 176 
32 450 
32 509 
32 240 
32 445 
32 223 
32 159 
32 315 
32 310 
32 334 
32 9 
32 306 
32 150 
32 53 
32 111 
32 481 
32 351 
32 234 
32 39 
32 0 
32 339 
32 140 
32 171 
32 400 
32 362 
32 168 
32 146 
32 472 
32 60 
32 414 
32 57 
32 128 
32 72 
32 411 
32 382 
32 261 
32 170 
32 307 
32 10 
32 323 
32 41 
32 55 
32 265 
32 282 
32 135 
32 194 
32 503 
32 428 
32 180 
32 402 
32 313 
32 79 
32 64 
32 4 
32 254 
32 89 
32 455 
32 328 
32 286 
32 477 
32 396 
32 434 
32 236 
32 85 
32 483 
32 506 
32 42 
32 25 
32 82 
32 459 
32 59 
32 490 
32 167 
32 302 
32 86 
32 431 
32 179 
32 377 
32 309 
32 458 
32 289 
32 488 
32 178 
32 155 
32 361 
32 496 
32 46 
32 275 
32 409 
32 324 
32 81 
32 142 
32 346 
32 383 
32 319 
32 486 
32 247 
32 311 
32 283 
32 144 
32 220 
32 352 
32 384 
32 260 
32 164 
32 121 
32 115 
32 5 
32 271 
32 498 
32 436 
32 485 
32 215 
32 88 
32 157 
32 353 
32 77 
32 365 
32 256 
32 298 
32 200 
32 270 
32 292 
32 417 
32 224 
32 83 
32 443 
32 482 
32 476 
32 432 
32 51 
32 191 
32 442 
32 444 
32 35 
32 119 
32 114 
32 406 
32 7 
32 279 
32 336 
32 34 
32 295 
32 420 
32 63 
32 112 
32 123 
32 464 
32 419 
32 228 
32 348 
32 391 
33 401 
33 294 
33 487 
33 372 
33 42 
33 315 
33 422 
33 425 
33 408 
33 134 
33 20 
33 392 
33 169 
33 482 
33 512 
33 263 
33 229 
33 271 
33 464 
33 181 
33 60 
33 17 
33 168 
33 367 
33 316 
33 296 
33 384 
33 119 
33 226 
33 175 
33 44 
33 59 
33 258 
33 150 
33 282 
33 409 
33 463 
33 332 
33 182 
33 345 
33 329 
33 429 
33 373 
33 256 
33 216 
33 277 
33 361 
33 12 
33 500 
33 314 
33 462 
33 13 
33 162 
33 450 
33 45 
33 414 
33 320 
33 127 
33 155 
33 458 
33 220 
33 261 
33 301 
33 204 
33 171 
33 141 
33 40 
33 455 
33 443 
33 262 
33 381 
33 149 
33 78 
33 307 
33 311 
33 439 
33 101 
33 37 
33 167 
33 265 
33 43 
33 235 
33 236 
33 380 
33 501 
33 84 
33 427 
33 321 
33 166 
33 66 
33 356 
33 81 
33 405 
33 306 
33 339 
33 313 
33 454 
33 35 
33 9 
33 513 
33 245 
33 293 
33 300 
33 203 
33 100 
33 505 
33 399 
33 176 
33 274 
33 93 
33 68 
33 385 
33 85 
33 54 
33 174 
33 207 
33 121 
33 16 
33 107 
33 186 
33 391 
33 278 
33 396 
33 327 
33 431 
33 243 
33 215 
33 352 
33 347 
33 493 
33 252 
33 459 
33 510 
33 472 
33 398 
33 441 
33 75 
33 342 
33 49 
33 288 
33 504 
33 132 
33 466 
33 303 
33 154 
33 210 
33 196 
33 131 
33 507 
34 176 
34 395 
34 413 
34 267 
34 186 
34 220 
34 319 
34 402 
34 470 
34 508 
34 24 
34 165 
34 139 
34 399 
34 504 
34 251 
34 500 
34 254 
34 116 
34 506 
34 58 
34 96 
34 321 
34 507 
34 149 
34 490 
34 345 
34 172 
34 6 
34 160 
34 497 
34 215 
34 167 
34 233 
34 340 
34 286 
34 143 
34 241 
34 161 
34 109 
34 93 
34 177 
34 357 
34 260 
34 382 
34 303 
34 179 
34 219 
34 95 
34 396 
34 62 
34 362 
34 356 
34 47 
34 262 
34 35 
34 249 
34 247 
34 366 
34 194 
34 130 
34 236 
34 455 
34 55 
34 349 
34 192 
34 327 
34 84 
34 214 
34 75 
34 185 
34 86 
34 203 
34 145 
34 281 
34 169 
34 410 
34 228 
34 458 
34 0 
34 373 
34 255 
34 273 
34 178 
34 132 
34 124 
34 8 
34 67 
34 479 
34 164 
34 274 
34 445 
34 335 
34 207 
34 384 
34 291 
34 120 
34 229 
34 30 
34 421 
34 285 
34 210 
34 374 
34 15 
34 487 
34 309 
34 81 
34 503 
34 129 
34 156 
34 180 
34 110 
34 328 
34 275 
34 433 
34 469 
34 459 
34 222 
34 264 
34 43 
34 154 
34 292 
34 114 
34 26 
34 329 
34 17 
34 127 
34 423 
34 443 
34 27 
34 343 
34 197 
34 7 
34 50 
34 456 
34 118 
34 99 
34 46 
34 117 
34 102 
34 218 
34 74 
34 512 
34 488 
34 484 
34 206 
34 414 
34 112 
34 339 
34 258 
34 367 
34 411 
34 369 
34 104 
34 32 
34 483 
34 56 
34 208 
34 376 
34 326 
34 358 
34 4 
34 454 
35 506 
35 484 
35 84 
35 361 
35 182 
35 420 
35 371 
35 202 
35 407 
35 211 
35 238 
35 261 
35 113 
35 350 
35 368 
35 333 
35 223 
35 54 
35 429 
35 133 
35 363 
35 246 
35 487 
35 300 
35 79 
35 413 
35 250 
35 117 
35 289 
35 170 
35 71 
35 464 
35 287 
35 340 
35 108 
35 129 
35 180 
35 282 
35 482 
35 230 
35 82 
35 278 
35 68 
35 205 
35 27 
35 377 
35 179 
35 473 
35 328 
35 34 
35 26 
35 104 
35 406 
35 141 
35 329 
35 22 
35 83 
35 12 
35 201 
35 158 
35 101 
35 375 
35 49 
35 199 
35 369 
35 85 
35 228 
35 432 
35 497 
35 5 
35 336 
35 40 
35 421 
35 296 
35 408 
35 41 
35 309 
35 110 
35 229 
35 130 
35 485 
35 76 
35 493 
35 153 
35 20 
35 286 
35 132 
35 491 
35 212 
35 331 
35 471 
35 28 
35 209 
35 488 
35 344 
35 494 
35 382 
35 319 
35 318 
35 410 
35 128 
35 178 
35 415 
35 33 
35 220 
35 402 
35 189 
35 221 
35 8 
35 139 
35 165 
35 492 
35 288 
35 405 
35 479 
35 311 
35 435 
35 489 
35 349 
35 31 
35 461 
35 166 
35 11 
35 66 
35 431 
35 233 
35 172 
35 468 
35 293 
35 0 
35 191 
35 383 
35 159 
35 154 
35 507 
35 277 
35 55 
35 237 
35 124 
35 134 
35 142 
35 294 
35 147 
35 111 
35 412 
35 276 
35 360 
35 169 
35 112 
35 32 
35 436 
35 97 
35 218 
35 343 
35 365 
35 245 
35 216 
35 502 
35 78 
35 100 
35 338 
35 283 
35 304 
35 422 
35 70 
35 440 
36 30 
36 102 
36 507 
36 348 
36 482 
36 10 
36 395 
36 303 
36 43 
36 403 
36 184 
36 430 
36 86 
36 421 
36 58 
36 308 
36 230 
36 20 
36 409 
36 362 
36 293 
36 87 
36 381 
36 11 
36 99 
36 462 
36 199 
36 309 
36 317 
36 407 
36 425 
36 105 
36 280 
36 91 
36 344 
36 240 
36 447 
36 248 
36 218 
36 343 
36 505 
36 458 
36 389 
36 221 
36 155 
36 61 
36 336 
36 319 
36 325 
36 477 
36 358 
36 229 
36 499 
36 361 
36 490 
36 150 
36 25 
36 431 
36 496 
36 377 
36 311 
36 235 
36 226 
36 210 
36 41 
36 476 
36 480 
36 165 
36 111 
36 438 
36 215 
36 305 
36 460 
36 365 
36 24 
36 116 
36 339 
36 244 
36 275 
36 324 
36 212 
36 130 
36 247 
36 245 
36 357 
36 268 
36 253 
36 192 
36 148 
36 345 
36 359 
36 133 
36 451 
36 121 
36 107 
36 328 
36 200 
36 494 
36 284 
36 176 
36 341 
36 153 
36 66 
36 488 
36 98 
36 360 
36 65 
36 352 
36 13 
36 457 
36 511 
36 405 
36 294 
36 142 
36 50 
36 392 
36 96 
36 351 
36 420 
36 340 
36 26 
36 114 
36 376 
36 453 
36 157 
36 72 
36 396 
36 76 
36 434 
36 374 
36 85 
36 2 
36 254 
36 203 
36 391 
36 177 
36 189 
36 419 
36 371 
36 383 
36 28 
36 444 
36 415 
36 64 
36 330 
36 71 
36 137 
36 104 
36 491 
36 331 
36 160 
36 497 
36 408 
36 332 
36 233 
37 498 
37 362 
37 42 
37 458 
37 400 
37 255 
37 438 
37 14 
37 219 
37 469 
37 336 
37 122 
37 342 
37 390 
37 432 
37 260 
37 87 
37 230 
37 419 
37 399 
37 197 
37 334 
37 117 
37 49 
37 114 
37 25 
37 224 
37 468 
37 163 
37 407 
37 28 
37 139 
37 0 
37 4 
37 131 
37 367 
37 179 
37 443 
37 182 
37 296 
37 192 
37 381 
37 202 
37 350 
37 415 
37 19 
37 170 
37 435 
37 405 
37 68 
37 321 
37 298 
37 104 
37 427 
37 194 
37 391 
37 95 
37 317 
37 376 
37 505 
37 176 
37 189 
37 212 
37 450 
37 337 
37 445 
37 327 
37 57 
37 261 
37 33 
37 324 
37 40 
37 414 
37 246 
37 358 
37 215 
37 130 
37 62 
37 392 
37 200 
37 304 
37 147 
37 382 
37 461 
37 44 
37 76 
37 210 
37 339 
37 233 
37 86 
37 506 
37 370 
37 160 
37 96 
37 221 
37 413 
37 403 
37 23 
37 343 
37 417 
37 250 
37 203 
37 412 
37 149 
37 503 
37 138 
37 135 
37 301 
37 315 
37 39 
37 368 
37 374 
37 72 
37 307 
37 331 
37 457 
37 52 
37 310 
37 172 
37 218 
37 305 
37 332 
37 16 
37 372 
37 183 
37 283 
37 387 
37 133 
37 205 
37 316 
37 134 
37 380 
37 345 
37 78 
37 241 
37 366 
37 129 
37 90 
37 277 
37 375 
37 115 
37 388 
37 437 
37 280 
37 451 
37 340 
37 429 
37 132 
37 217 
37 308 
37 426 
37 456 
37 180 
37 480 
37 100 
37 474 
38 436 
38 74 
38 493 
38 274 
38 400 
38 131 
38 335 
38 80 
38 86 
38 184 
38 130 
38 327 
38 29 
38 103 
38 262 
38 17 
38 285 
38 429 
38 304 
38 396 
38 443 
38 63 
38 194 
38 83 
38 306 
38 384 
38 432 
38 181 
38 345 
38 77 
38 143 
38 290 
38 96 
38 223 
38 336 
38 386 
38 97 
38 466 
38 303 
38 376 
38 115 
38 451 
38 22 
38 502 
38 55 
38 307 
38 428 
38 200 
38 75 
38 227 
38 237 
38 509 
38 167 
38 341 
38 471 
38 7 
38 377 
38 326 
38 91 
38 448 
38 434 
38 254 
38 71 
38 486 
38 412 
38 172 
38 298 
38 165 
38 117 
38 206 
38 263 
38 403 
38 24 
38 458 
38 494 
38 399 
38 281 
38 423 
38 196 
38 9 
38 455 
38 276 
38 197 
38 348 
38 203 
38 18 
38 357 
38 507 
38 498 
38 305 
38 102 
38 235 
38 503 
38 140 
38 211 
38 284 
38 266 
38 51 
38 12 
38 216 
38 41 
38 323 
38 421 
38 98 
38 40 
38 158 
38 331 
38 299 
38 337 
38 78 
38 369 
38 16 
38 508 
38 218 
38 390 
38 19 
38 496 
38 199 
38 295 
38 240 
38 136 
38 372 
38 252 
38 415 
38 129 
38 157 
38 112 
38 57 
38 219 
38 375 
38 215 
38 454 
38 84 
38 139 
38 366 
38 137 
38 191 
38 229 
38 433 
38 64 
38 52 
38 359 
38 404 
38 353 
38 461 
38 414 
38 480 
38 360 
38 234 
38 355 
38 65 
38 239 
38 506 
39 460 
39 507 
39 330 
39 409 
39 226 
39 222 
39 261 
39 26 
39 388 
39 184 
39 77 
39 52 
39 491 
39 189 
39 274 
39 433 
39 482 
39 397 
39 164 
39 298 
39 67 
39 32 
39 96 
39 305 
39 228 
39 99 
39 2 
39 50 
39 27 
39 260 
39 475 
39 412 
39 30 
39 172 
39 229 
39 506 
39 141 
39 200 
39 405 
39 243 
39 82 
39 375 
39 71 
39 203 
39 45 
39 89 
39 472 
39 289 
39 103 
39 471 
39 445 
39 187 
39 156 
39 212 
39 496 
39 163 
39 158 
39 364 
39 104 
39 154 
39 314 
39 48 
39 181 
39 174 
39 299 
39 231 
39 142 
39 69 
39 262 
39 112 
39 42 
39 251 
39 106 
39 353 
39 411 
39 40 
39 205 
39 148 
39 326 
39 244 
39 207 
39 464 
39 395 
39 446 
39 423 
39 422 
39 109 
39 108 
39 150 
39 386 
39 322 
39 505 
39 438 
39 64 
39 88 
39 76 
39 393 
39 191 
39 390 
39 426 
39 110 
39 72 
39 293 
39 166 
39 129 
39 194 
39 213 
39 253 
39 93 
39 37 
39 169 
39 387 
39 183 
39 197 
39 22 
39 146 
39 58 
39 301 
39 421 
39 8 
39 87 
39 376 
39 11 
39 296 
39 331 
39 267 
39 115 
39 389 
39 484 
39 250 
39 377 
39 97 
39 350 
39 264 
39 366 
39 217 
39 121 
39 480 
39 221 
39 245 
39 177 
39 47 
39 404 
39 436 
39 284 
39 130 
39 124 
39 31 
39 275 
39 258 
39 157 
39 503 
39 352 
39 483 
39 324 
39 268 
39 360 
39 126 
40 278 
40 346 
40 16 
40 123 
40 495 
40 258 
40 72 
40 267 
40 263 
40 61 
40 164 
40 259 
40 229 
40 488 
40 311 
40 87 
40 487 
40 88 
40 384 
40 181 
40 345 
40 143 
40 249 
40 450 
40 220 
40 214 
40 404 
40 490 
40 341 
40 115 
40 425 
40 308 
40 375 
40 302 
40 20 
40 67 
40 443 
40 130 
40 434 
40 45 
40 380 
40 476 
40 469 
40 49 
40 116 
40 435 
40 63 
40 90 
40 480 
40 28 
40 94 
40 70 
40 47 
40 315 
40 402 
40 107 
40 172 
40 240 
40 55 
40 57 
40 127 
40 395 
40 439 
40 8 
40 156 
40 280 
40 33 
40 458 
40 474 
40 448 
40 362 
40 35 
40 73 
40 66 
40 255 
40 244 
40 219 
40 369 
40 133 
40 274 
40 12 
40 307 
40 37 
40 39 
40 344 
40 159 
40 471 
40 132 
40 111 
40 460 
40 411 
40 18 
40 110 
40 334 
40 224 
40 330 
40 299 
40 270 
40 80 
40 463 
40 477 
40 399 
40 467 
40 171 
40 494 
40 371 
40 136 
40 503 
40 253 
40 91 
40 281 
40 198 
40 464 
40 237 
40 100 
40 275 
40 38 
40 365 
40 177 
40 436 
40 283 
40 238 
40 336 
40 124 
40 7 
40 126 
40 165 
40 496 
40 306 
40 200 
40 14 
40 331 
40 295 
40 392 
40 167 
40 388 
40 180 
40 184 
40 106 
40 502 
40 140 
40 129 
40 157 
40 465 
40 294 
40 5 
40 442 
40 201 
40 431 
40 284 
40 321 
40 118 
40 50 
40 44 
40 455 
41 273 
41 486 
41 369 
41 110 
41 89 
41 5 
41 76 
41 220 
41 222 
41 300 
41 261 
41 310 
41 15 
41 182 
41 235 
41 484 
41 1 
41 487 
41 204 
41 468 
41 319 
41 133 
41 47 
41 146 
41 48 
41 278 
41 118 
41 171 
41 252 
41 119 
41 61 
41 283 
41 49 
41 185 
41 212 
41 449 
41 395 
41 424 
41 149 
41 32 
41 282 
41 435 
41 22 
41 233 
41 215 
41 471 
41 128 
41 406 
41 388 
41 181 
41 481 
41 428 
41 210 
41 64 
41 325 
41 326 
41 254 
41 303 
41 179 
41 461 
41 363 
41 331 
41 225 
41 312 
41 410 
41 489 
41 437 
41 474 
41 229 
41 462 
41 397 
41 36 
41 409 
41 307 
41 35 
41 384 
41 191 
41 270 
41 329 
41 407 
41 365 
41 69 
41 141 
41 26 
41 297 
41 195 
41 336 
41 20 
41 458 
41 328 
41 46 
41 340 
41 223 
41 67 
41 347 
41 264 
41 269 
41 230 
41 442 
41 183 
41 58 
41 441 
41 27 
41 114 
41 373 
41 196 
41 28 
41 422 
41 12 
41 497 
41 339 
41 82 
41 284 
41 377 
41 500 
41 138 
41 420 
41 275 
41 314 
41 38 
41 403 
41 29 
41 404 
41 502 
41 387 
41 188 
41 512 
41 350 
41 245 
41 211 
41 457 
41 117 
41 18 
41 142 
41 344 
41 135 
41 483 
41 279 
41 17 
41 219 
41 134 
41 345 
41 440 
41 444 
41 490 
41 192 
41 427 
41 203 
41 445 
41 501 
41 426 
41 148 
41 62 
41 158 
41 102 
41 243 
41 14 
41 401 
41 479 
41 53 
41 228 
41 433 
41 389 
41 393 
42 464 
42 18 
42 37 
42 33 
42 267 
42 208 
42 307 
42 66 
42 47 
42 71 
42 9 
42 137 
42 328 
42 251 
42 488 
42 352 
42 241 
42 181 
42 394 
42 311 
42 64 
42 475 
42 224 
42 275 
42 249 
42 7 
42 333 
42 499 
42 256 
42 291 
42 408 
42 356 
42 88 
42 231 
42 306 
42 52 
42 298 
42 215 
42 277 
42 112 
42 503 
42 428 
42 450 
42 376 
42 85 
42 501 
42 78 
42 294 
42 365 
42 349 
42 469 
42 292 
42 144 
42 322 
42 98 
42 474 
42 176 
42 44 
42 158 
42 175 
42 143 
42 187 
42 380 
42 87 
42 186 
42 391 
42 345 
42 0 
42 396 
42 405 
42 202 
42 315 
42 198 
42 150 
42 472 
42 210 
42 190 
42 262 
42 398 
42 321 
42 32 
42 379 
42 53 
42 43 
42 39 
42 244 
42 344 
42 197 
42 48 
42 80 
42 505 
42 59 
42 199 
42 482 
42 189 
42 24 
42 310 
42 436 
42 217 
42 67 
42 452 
42 370 
42 63 
42 399 
42 151 
42 132 
42 409 
42 77 
42 194 
42 232 
42 121 
42 146 
42 510 
42 17 
42 434 
42 284 
42 13 
42 51 
42 448 
42 382 
42 288 
42 483 
42 233 
42 93 
42 79 
42 425 
42 451 
42 19 
42 416 
42 219 
42 99 
42 57 
42 54 
42 373 
42 157 
42 387 
42 97 
42 493 
42 320 
42 478 
42 138 
42 83 
42 312 
42 50 
42 417 
42 82 
42 105 
42 60 
42 94 
42 301 
42 397 
42 73 
42 420 
42 282 
42 164 
42 309 
42 406 
42 96 
42 28 
42 506 
42 446 
42 440 
42 487 
42 188 
42 108 
42 21 
42 130 
43 496 
43 369 
43 390 
43 511 
43 36 
43 46 
43 256 
43 217 
43 16 
43 102 
43 197 
43 263 
43 7 
43 416 
43 450 
43 229 
43 459 
43 422 
43 240 
43 408 
43 327 
43 28 
43 44 
43 25 
43 385 
43 289 
43 297 
43 294 
43 164 
43 398 
43 329 
43 414 
43 213 
43 68 
43 380 
43 122 
43 108 
43 100 
43 334 
43 252 
43 166 
43 54 
43 446 
43 487 
43 423 
43 299 
43 286 
43 464 
43 296 
43 362 
43 73 
43 145 
43 434 
43 456 
43 285 
43 66 
43 14 
43 174 
43 439 
43 175 
43 202 
43 13 
43 402 
43 454 
43 339 
43 80 
43 173 
43 306 
43 468 
43 512 
43 391 
43 298 
43 194 
43 42 
43 432 
43 84 
43 473 
43 228 
43 26 
43 275 
43 33 
43 237 
43 417 
43 375 
43 424 
43 482 
43 226 
43 3 
43 112 
43 469 
43 441 
43 59 
43 497 
43 425 
43 427 
43 476 
43 277 
43 236 
43 192 
43 238 
43 429 
43 360 
43 71 
43 12 
43 343 
43 123 
43 223 
43 109 
43 34 
43 218 
43 350 
43 266 
43 374 
43 418 
43 49 
43 110 
43 345 
43 437 
43 88 
43 265 
43 87 
43 397 
43 259 
43 241 
43 479 
43 209 
43 495 
43 258 
43 426 
43 191 
43 55 
43 152 
43 352 
43 234 
43 21 
43 81 
43 356 
43 295 
43 196 
43 483 
43 204 
43 137 
43 62 
43 503 
43 449 
43 396 
43 111 
43 149 
43 82 
43 384 
43 189 
43 53 
43 405 
43 172 
43 480 
43 201 
43 261 
44 138 
44 182 
44 214 
44 128 
44 194 
44 26 
44 336 
44 7 
44 193 
44 357 
44 480 
44 185 
44 14 
44 278 
44 494 
44 405 
44 99 
44 441 
44 191 
44 233 
44 146 
44 129 
44 9 
44 296 
44 292 
44 144 
44 356 
44 339 
44 266 
44 509 
44 43 
44 295 
44 256 
44 376 
44 398 
44 305 
44 279 
44 33 
44 324 
44 131 
44 47 
44 306 
44 75 
44 426 
44 488 
44 155 
44 130 
44 410 
44 383 
44 406 
44 381 
44 510 
44 161 
44 361 
44 18 
44 124 
44 313 
44 42 
44 491 
44 120 
44 149 
44 340 
44 484 
44 267 
44 108 
44 224 
44 94 
44 362 
44 430 
44 150 
44 221 
44 337 
44 316 
44 8 
44 466 
44 397 
44 458 
44 508 
44 435 
44 226 
44 302 
44 445 
44 62 
44 486 
44 166 
44 332 
44 70 
44 450 
44 475 
44 65 
44 439 
44 308 
44 293 
44 378 
44 513 
44 209 
44 500 
44 245 
44 501 
44 117 
44 37 
44 498 
44 341 
44 187 
44 46 
44 485 
44 511 
44 409 
44 328 
44 244 
44 323 
44 388 
44 211 
44 370 
44 162 
44 281 
44 261 
44 371 
44 512 
44 345 
44 217 
44 343 
44 483 
44 112 
44 12 
44 207 
44 505 
44 153 
44 403 
44 335 
44 380 
44 183 
44 275 
44 71 
44 444 
44 54 
44 52 
44 195 
44 497 
44 232 
44 448 
44 407 
44 359 
44 243 
44 462 
44 142 
44 291 
44 395 
44 228 
44 375 
44 366 
44 186 
44 504 
44 349 
44 40 
44 173 
44 105 
45 333 
45 169 
45 392 
45 144 
45 65 
45 394 
45 224 
45 501 
45 62 
45 27 
45 261 
45 6 
45 89 
45 402 
45 130 
45 192 
45 143 
45 297 
45 147 
45 140 
45 477 
45 247 
45 141 
45 372 
45 213 
45 464 
45 166 
45 177 
45 358 
45 149 
45 382 
45 412 
45 440 
45 167 
45 444 
45 40 
45 56 
45 94 
45 39 
45 71 
45 455 
45 228 
45 75 
45 387 
45 346 
45 490 
45 189 
45 154 
45 91 
45 446 
45 206 
45 58 
45 33 
45 328 
45 370 
45 299 
45 14 
45 69 
45 59 
45 432 
45 84 
45 85 
45 171 
45 158 
45 301 
45 21 
45 385 
45 195 
45 281 
45 357 
45 187 
45 268 
45 221 
45 117 
45 291 
45 439 
45 47 
45 270 
45 280 
45 329 
45 306 
45 425 
45 229 
45 447 
45 284 
45 298 
45 311 
45 202 
45 156 
45 277 
45 461 
45 479 
45 9 
45 474 
45 457 
45 122 
45 421 
45 108 
45 316 
45 13 
45 5 
45 476 
45 347 
45 389 
45 173 
45 511 
45 263 
45 148 
45 223 
45 155 
45 451 
45 418 
45 485 
45 499 
45 153 
45 233 
45 120 
45 126 
45 235 
45 72 
45 191 
45 506 
45 317 
45 242 
45 245 
45 454 
45 308 
45 212 
45 176 
45 98 
45 258 
45 364 
45 121 
45 400 
45 61 
45 20 
45 220 
45 19 
45 200 
45 97 
45 342 
45 475 
45 203 
45 204 
45 142 
45 159 
45 433 
45 83 
45 351 
45 484 
45 262 
45 325 
45 104 
45 362 
45 361 
45 99 
45 216 
45 208 
45 81 
45 249 
45 106 
46 225 
46 258 
46 297 
46 402 
46 507 
46 113 
46 253 
46 43 
46 287 
46 482 
46 28 
46 279 
46 264 
46 118 
46 174 
46 348 
46 462 
46 300 
46 265 
46 441 
46 140 
46 347 
46 413 
46 58 
46 268 
46 240 
46 444 
46 508 
46 468 
46 12 
46 3 
46 410 
46 500 
46 155 
46 351 
46 466 
46 373 
46 430 
46 221 
46 51 
46 84 
46 340 
46 23 
46 298 
46 181 
46 191 
46 449 
46 189 
46 4 
46 415 
46 172 
46 436 
46 404 
46 104 
46 339 
46 368 
46 164 
46 16 
46 162 
46 11 
46 138 
46 280 
46 108 
46 443 
46 301 
46 343 
46 80 
46 395 
46 446 
46 91 
46 229 
46 460 
46 283 
46 475 
46 31 
46 137 
46 338 
46 288 
46 384 
46 78 
46 420 
46 63 
46 284 
46 5 
46 203 
46 498 
46 492 
46 132 
46 238 
46 41 
46 379 
46 398 
46 82 
46 206 
46 116 
46 304 
46 18 
46 323 
46 276 
46 94 
46 269 
46 99 
46 495 
46 411 
46 491 
46 32 
46 44 
46 151 
46 344 
46 422 
46 349 
46 205 
46 502 
46 450 
46 188 
46 332 
46 438 
46 362 
46 417 
46 243 
46 201 
46 199 
46 439 
46 47 
46 224 
46 291 
46 75 
46 115 
46 152 
46 209 
46 142 
46 34 
46 71 
46 235 
46 393 
46 207 
46 307 
46 184 
46 196 
46 62 
46 370 
46 405 
46 481 
46 148 
46 126 
46 448 
46 409 
46 431 
46 452 
46 175 
46 325 
46 457 
46 149 
46 470 
46 365 
47 340 
47 135 
47 206 
47 152 
47 190 
47 42 
47 265 
47 462 
47 270 
47 444 
47 188 
47 402 
47 394 
47 366 
47 98 
47 118 
47 110 
47 395 
47 41 
47 451 
47 356 
47 424 
47 357 
47 473 
47 482 
47 202 
47 475 
47 346 
47 150 
47 44 
47 55 
47 427 
47 242 
47 335 
47 495 
47 300 
47 485 
47 49 
47 474 
47 414 
47 34 
47 447 
47 149 
47 296 
47 512 
47 496 
47 232 
47 493 
47 204 
47 175 
47 40 
47 3 
47 51 
47 247 
47 257 
47 50 
47 416 
47 92 
47 325 
47 107 
47 421 
47 170 
47 19 
47 448 
47 45 
47 511 
47 128 
47 18 
47 158 
47 305 
47 58 
47 405 
47 179 
47 168 
47 79 
47 22 
47 212 
47 122 
47 415 
47 410 
47 323 
47 237 
47 235 
47 374 
47 429 
47 52 
47 328 
47 164 
47 5 
47 437 
47 466 
47 130 
47 342 
47 193 
47 439 
47 133 
47 258 
47 106 
47 392 
47 386 
47 126 
47 20 
47 248 
47 1 
47 116 
47 254 
47 361 
47 339 
47 240 
47 336 
47 252 
47 434 
47 182 
47 487 
47 183 
47 12 
47 10 
47 378 
47 276 
47 66 
47 73 
47 102 
47 508 
47 304 
47 16 
47 46 
47 353 
47 74 
47 461 
47 210 
47 486 
47 359 
47 409 
47 249 
47 269 
47 513 
47 15 
47 368 
47 208 
47 404 
47 272 
47 86 
47 112 
47 330 
47 2 
47 301 
47 39 
47 483 
47 285 
47 303 
47 115 
47 129 
47 351 
47 173 
47 251 
47 186 
47 412 
47 30 
47 373 
47 227 
47 291 
48 4 
48 420 
48 183 
48 286 
48 399 
48 290 
48 164 
48 252 
48 363 
48 483 
48 95 
48 97 
48 103 
48 145 
48 113 
48 195 
48 431 
48 207 
48 129 
48 276 
48 318 
48 85 
48 81 
48 500 
48 241 
48 77 
48 236 
48 279 
48 20 
48 456 
48 69 
48 288 
48 1 
48 41 
48 451 
48 488 
48 433 
48 509 
48 243 
48 190 
48 101 
48 265 
48 144 
48 102 
48 127 
48 469 
48 419 
48 75 
48 320 
48 390 
48 300 
48 289 
48 473 
48 377 
48 143 
48 140 
48 274 
48 136 
48 219 
48 135 
48 414 
48 268 
48 210 
48 307 
48 362 
48 370 
48 423 
48 425 
48 480 
48 64 
48 39 
48 91 
48 72 
48 485 
48 398 
48 481 
48 294 
48 201 
48 305 
48 42 
48 153 
48 52 
48 440 
48 353 
48 198 
48 388 
48 489 
48 58 
48 51 
48 217 
48 232 
48 5 
48 415 
48 254 
48 479 
48 23 
48 330 
48 458 
48 258 
48 14 
48 209 
48 147 
48 434 
48 321 
48 461 
48 467 
48 385 
48 383 
48 247 
48 427 
48 402 
48 511 
48 373 
48 349 
48 167 
48 393 
48 315 
48 194 
48 397 
48 237 
48 213 
48 68 
48 67 
48 150 
48 142 
48 199 
48 104 
48 376 
48 356 
48 208 
48 65 
48 513 
48 292 
48 125 
48 392 
48 400 
48 470 
48 18 
48 202 
48 354 
48 163 
48 53 
48 442 
48 107 
48 175 
48 438 
48 445 
48 173 
48 312 
49 372 
49 120 
49 291 
49 316 
49 407 
49 89 
49 391 
49 354 
49 336 
49 0 
49 457 
49 287 
49 375 
49 226 
49 125 
49 328 
49 5 
49 81 
49 255 
49 29 
49 167 
49 108 
49 215 
49 393 
49 24 
49 37 
49 189 
49 459 
49 445 
49 141 
49 401 
49 386 
49 30 
49 371 
49 18 
49 128 
49 56 
49 342 
49 47 
49 116 
49 41 
49 103 
49 281 
49 127 
49 40 
49 370 
49 198 
49 161 
49 252 
49 361 
49 470 
49 360 
49 122 
49 100 
49 441 
49 172 
49 178 
49 35 
49 195 
49 465 
49 300 
49 248 
49 253 
49 87 
49 183 
49 213 
49 27 
49 65 
49 481 
49 16 
49 90 
49 377 
49 435 
49 480 
49 93 
49 512 
49 210 
49 451 
49 464 
49 136 
49 382 
49 318 
49 237 
49 153 
49 431 
49 502 
49 274 
49 124 
49 236 
49 410 
49 262 
49 160 
49 461 
49 357 
49 304 
49 251 
49 446 
49 20 
49 362 
49 147 
49 270 
49 242 
49 313 
49 282 
49 129 
49 267 
49 185 
49 432 
49 359 
49 310 
49 214 
49 505 
49 488 
49 288 
49 130 
49 142 
49 367 
49 92 
49 437 
49 164 
49 66 
49 217 
49 221 
49 196 
49 43 
49 434 
49 13 
49 513 
49 105 
49 118 
49 159 
49 245 
49 230 
49 132 
49 78 
49 137 
49 12 
49 244 
49 419 
49 126 
49 364 
49 150 
49 392 
49 496 
49 71 
49 365 
49 381 
49 266 
49 249 
49 224 
49 317 
49 64 
49 33 
49 11 
49 98 
49 475 
49 447 
49 356 
49 312 
49 427 
49 155 
49 322 
49 423 
49 257 
49 254 
50 436 
50 5 
50 435 
50 166 
50 10 
50 403 
50 125 
50 380 
50 211 
50 151 
50 288 
50 167 
50 303 
50 146 
50 455 
50 282 
50 224 
50 363 
50 258 
50 201 
50 484 
50 328 
50 116 
50 204 
50 267 
50 472 
50 502 
50 337 
50 138 
50 479 
50 217 
50 2 
50 39 
50 179 
50 24 
50 499 
50 195 
50 30 
50 266 
50 279 
50 397 
50 16 
50 248 
50 107 
50 175 
50 442 
50 58 
50 456 
50 302 
50 182 
50 275 
50 370 
50 389 
50 108 
50 190 
50 66 
50 391 
50 495 
50 255 
50 418 
50 119 
50 399 
50 114 
50 342 
50 19 
50 271 
50 47 
50 268 
50 486 
50 508 
50 440 
50 358 
50 90 
50 221 
50 278 
50 392 
50 387 
50 150 
50 357 
50 450 
50 29 
50 14 
50 332 
50 262 
50 338 
50 149 
50 143 
50 274 
50 109 
50 281 
50 153 
50 231 
50 313 
50 280 
50 71 
50 304 
50 205 
50 331 
50 132 
50 191 
50 54 
50 314 
50 137 
50 488 
50 53 
50 36 
50 423 
50 494 
50 98 
50 198 
50 93 
50 187 
50 295 
50 23 
50 97 
50 493 
50 496 
50 385 
50 368 
50 394 
50 181 
50 511 
50 447 
50 414 
50 429 
50 34 
50 254 
50 241 
50 69 
50 500 
50 293 
50 437 
50 42 
50 164 
50 247 
50 26 
50 129 
50 452 
50 284 
50 8 
50 412 
50 92 
50 453 
50 213 
50 329 
50 466 
50 333 
50 124 
50 22 
50 89 
50 350 
50 251 
50 469 
50 102 
50 65 
50 95 
50 40 
50 215 
50 319 
50 505 
50 78 
50 413 
51 315 
51 54 
51 450 
51 65 
51 412 
51 308 
51 289 
51 0 
51 476 
51 196 
51 318 
51 435 
51 341 
51 501 
51 269 
51 95 
51 244 
51 464 
51 190 
51 326 
51 116 
51 122 
51 483 
51 490 
51 277 
51 461 
51 419 
51 182 
51 451 
51 52 
51 478 
51 123 
51 443 
51 401 
51 480 
51 306 
51 80 
51 282 
51 120 
51 346 
51 46 
51 392 
51 337 
51 369 
51 64 
51 400 
51 160 
51 471 
51 372 
51 57 
51 376 
51 173 
51 359 
51 25 
51 272 
51 261 
51 237 
51 47 
51 256 
51 506 
51 284 
51 133 
51 295 
51 94 
51 6 
51 189 
51 448 
51 121 
51 127 
51 21 
51 187 
51 92 
51 420 
51 14 
51 486 
51 98 
51 30 
51 441 
51 253 
51 339 
51 279 
51 503 
51 312 
51 63 
51 167 
51 172 
51 48 
51 404 
51 174 
51 360 
51 345 
51 53 
51 180 
51 72 
51 59 
51 274 
51 304 
51 250 
51 299 
51 473 
51 42 
51 38 
51 394 
51 4 
51 70 
51 10 
51 66 
51 203 
51 240 
51 159 
51 379 
51 479 
51 207 
51 262 
51 374 
51 71 
51 367 
51 152 
51 447 
51 456 
51 238 
51 491 
51 408 
51 285 
51 267 
51 141 
51 377 
51 248 
51 204 
51 495 
51 177 
51 235 
51 333 
51 221 
51 119 
51 55 
51 395 
51 223 
51 229 
51 309 
51 437 
51 292 
51 465 
51 488 
51 26 
51 32 
51 208 
51 202 
51 498 
51 319 
51 58 
51 220 
51 507 
51 139 
51 205 
51 131 
51 227 
51 368 
51 455 
51 79 
51 468 
51 27 
51 474 
51 415 
51 230 
51 236 
51 439 
51 176 
52 502 
52 12 
52 181 
52 420 
52 301 
52 495 
52 287 
52 367 
52 71 
52 152 
52 478 
52 127 
52 448 
52 481 
52 399 
52 27 
52 108 
52 39 
52 425 
52 124 
52 195 
52 486 
52 156 
52 155 
52 349 
52 136 
52 437 
52 285 
52 94 
52 76 
52 213 
52 51 
52 26 
52 289 
52 219 
52 387 
52 42 
52 485 
52 361 
52 58 
52 83 
52 508 
52 85 
52 144 
52 506 
52 295 
52 157 
52 498 
52 259 
52 316 
52 321 
52 140 
52 63 
52 419 
52 352 
52 56 
52 427 
52 177 
52 149 
52 464 
52 512 
52 95 
52 456 
52 472 
52 471 
52 232 
52 1 
52 167 
52 342 
52 429 
52 176 
52 14 
52 489 
52 9 
52 487 
52 496 
52 146 
52 272 
52 360 
52 55 
52 212 
52 139 
52 236 
52 256 
52 423 
52 372 
52 48 
52 134 
52 228 
52 279 
52 47 
52 126 
52 171 
52 414 
52 395 
52 434 
52 507 
52 82 
52 208 
52 282 
52 216 
52 119 
52 397 
52 403 
52 87 
52 4 
52 366 
52 391 
52 418 
52 254 
52 283 
52 273 
52 151 
52 190 
52 258 
52 510 
52 511 
52 388 
52 97 
52 114 
52 242 
52 278 
52 37 
52 322 
52 270 
52 385 
52 165 
52 100 
52 441 
52 142 
52 30 
52 44 
52 199 
52 296 
52 298 
52 438 
52 88 
52 10 
52 38 
52 202 
52 413 
52 303 
52 378 
52 308 
52 197 
52 244 
52 500 
52 160 
52 159 
52 453 
52 172 
52 19 
52 92 
52 421 
52 20 
52 392 
52 86 
53 293 
53 141 
53 408 
53 289 
53 106 
53 257 
53 165 
53 511 
53 93 
53 354 
53 470 
53 280 
53 352 
53 1 
53 309 
53 32 
53 382 
53 455 
53 211 
53 494 
53 186 
53 396 
53 501 
53 254 
53 26 
53 430 
53 473 
53 458 
53 105 
53 23 
53 299 
53 178 
53 376 
53 145 
53 12 
53 76 
53 348 
53 321 
53 247 
53 227 
53 130 
53 421 
53 453 
53 180 
53 251 
53 445 
53 168 
53 71 
53 339 
53 381 
53 437 
53 115 
53 92 
53 0 
53 461 
53 250 
53 90 
53 290 
53 3 
53 78 
53 155 
53 42 
53 410 
53 468 
53 343 
53 110 
53 113 
53 378 
53 345 
53 191 
53 189 
53 149 
53 333 
53 80 
53 456 
53 231 
53 102 
53 158 
53 204 
53 416 
53 51 
53 509 
53 441 
53 497 
53 114 
53 467 
53 97 
53 13 
53 477 
53 386 
53 389 
53 428 
53 463 
53 462 
53 228 
53 50 
53 86 
53 512 
53 379 
53 161 
53 478 
53 457 
53 153 
53 88 
53 100 
53 485 
53 224 
53 405 
53 190 
53 377 
53 310 
53 218 
53 55 
53 411 
53 132 
53 265 
53 442 
53 81 
53 232 
53 336 
53 173 
53 406 
53 2 
53 362 
53 146 
53 372 
53 240 
53 391 
53 77 
53 436 
53 353 
53 429 
53 22 
53 215 
53 337 
53 203 
53 43 
53 48 
53 192 
53 41 
53 103 
54 230 
54 175 
54 211 
54 168 
54 210 
54 148 
54 51 
54 449 
54 253 
54 382 
54 66 
54 144 
54 94 
54 508 
54 109 
54 255 
54 35 
54 298 
54 80 
54 27 
54 156 
54 56 
54 480 
54 343 
54 330 
54 93 
54 335 
54 377 
54 23 
54 92 
54 428 
54 285 
54 78 
54 228 
54 72 
54 345 
54 294 
54 271 
54 127 
54 458 
54 158 
54 290 
54 111 
54 333 
54 112 
54 173 
54 43 
54 246 
54 174 
54 20 
54 100 
54 99 
54 172 
54 262 
54 26 
54 405 
54 388 
54 131 
54 139 
54 1 
54 85 
54 184 
54 235 
54 484 
54 283 
54 182 
54 96 
54 83 
54 356 
54 383 
54 459 
54 398 
54 478 
54 161 
54 344 
54 470 
54 98 
54 336 
54 509 
54 10 
54 494 
54 241 
54 209 
54 502 
54 473 
54 318 
54 143 
54 195 
54 350 
54 226 
54 422 
54 362 
54 82 
54 223 
54 451 
54 384 
54 215 
54 272 
54 50 
54 275 
54 76 
54 448 
54 501 
54 460 
54 297 
54 239 
54 325 
54 224 
54 232 
54 400 
54 8 
54 208 
54 303 
54 155 
54 250 
54 320 
54 136 
54 42 
54 203 
54 287 
54 219 
54 326 
54 358 
54 33 
54 434 
54 58 
54 292 
54 249 
54 22 
54 404 
54 256 
54 44 
54 500 
54 142 
54 482 
54 270 
54 486 
54 510 
54 91 
54 65 
54 251 
54 16 
54 13 
54 375 
54 389 
54 276 
54 14 
54 258 
55 22 
55 120 
55 313 
55 223 
55 160 
55 284 
55 297 
55 76 
55 396 
55 199 
55 385 
55 415 
55 68 
55 496 
55 382 
55 231 
55 89 
55 331 
55 119 
55 504 
55 344 
55 403 
55 499 
55 109 
55 7 
55 272 
55 47 
55 64 
55 266 
55 428 
55 204 
55 267 
55 502 
55 299 
55 501 
55 58 
55 19 
55 326 
55 281 
55 106 
55 407 
55 110 
55 104 
55 32 
55 360 
55 34 
55 92 
55 354 
55 241 
55 316 
55 365 
55 417 
55 40 
55 340 
55 233 
55 86 
55 352 
55 38 
55 445 
55 184 
55 446 
55 158 
55 342 
55 75 
55 465 
55 95 
55 483 
55 362 
55 211 
55 386 
55 309 
55 339 
55 162 
55 454 
55 424 
55 484 
55 413 
55 263 
55 52 
55 375 
55 300 
55 498 
55 100 
55 489 
55 143 
55 163 
55 190 
55 219 
55 276 
55 202 
55 314 
55 373 
55 125 
55 117 
55 435 
55 137 
55 182 
55 378 
55 380 
55 368 
55 456 
55 475 
55 96 
55 311 
55 213 
55 458 
55 310 
55 420 
55 147 
55 355 
55 207 
55 244 
55 369 
55 222 
55 235 
55 486 
55 169 
55 315 
55 296 
55 245 
55 128 
55 330 
55 216 
55 288 
55 334 
55 236 
55 419 
55 31 
55 264 
55 274 
55 243 
55 247 
55 427 
55 139 
55 319 
55 467 
55 470 
55 53 
55 500 
55 230 
55 43 
55 164 
55 51 
55 122 
55 35 
55 177 
55 29 
55 131 
55 448 
55 83 
55 393 
55 203 
55 485 
55 283 
55 1 
55 322 
55 9 
55 200 
55 269 
55 307 
56 236 
56 76 
56 183 
56 109 
56 419 
56 479 
56 506 
56 154 
56 255 
56 494 
56 65 
56 478 
56 32 
56 191 
56 4 
56 105 
56 475 
56 222 
56 239 
56 468 
56 348 
56 96 
56 318 
56 121 
56 162 
56 354 
56 453 
56 322 
56 132 
56 192 
56 477 
56 108 
56 274 
56 54 
56 503 
56 362 
56 389 
56 116 
56 0 
56 414 
56 379 
56 399 
56 95 
56 327 
56 217 
56 412 
56 49 
56 135 
56 45 
56 152 
56 174 
56 311 
56 364 
56 52 
56 186 
56 261 
56 241 
56 421 
56 436 
56 16 
56 231 
56 371 
56 402 
56 19 
56 111 
56 480 
56 373 
56 243 
56 77 
56 104 
56 317 
56 352 
56 67 
56 326 
56 114 
56 169 
56 395 
56 329 
56 304 
56 380 
56 353 
56 460 
56 185 
56 254 
56 339 
56 355 
56 210 
56 347 
56 404 
56 511 
56 197 
56 8 
56 177 
56 350 
56 21 
56 323 
56 127 
56 462 
56 376 
56 504 
56 459 
56 424 
56 167 
56 284 
56 423 
56 86 
56 458 
56 120 
56 405 
56 143 
56 306 
56 119 
56 357 
56 486 
56 282 
56 242 
56 335 
56 22 
56 200 
56 406 
56 321 
56 415 
56 361 
56 463 
56 18 
56 31 
56 394 
56 221 
56 485 
56 117 
56 268 
56 155 
56 112 
56 437 
56 199 
56 316 
56 369 
56 240 
56 491 
56 74 
56 271 
56 232 
56 413 
56 202 
56 277 
56 175 
56 100 
56 34 
56 130 
56 273 
56 410 
56 230 
56 438 
56 442 
56 435 
56 12 
57 11 
57 488 
57 229 
57 487 
57 407 
57 413 
57 183 
57 171 
57 507 
57 58 
57 496 
57 181 
57 231 
57 65 
57 431 
57 204 
57 314 
57 148 
57 370 
57 13 
57 92 
57 272 
57 158 
57 472 
57 219 
57 344 
57 157 
57 418 
57 154 
57 102 
57 327 
57 224 
57 352 
57 410 
57 32 
57 90 
57 319 
57 155 
57 237 
57 120 
57 232 
57 153 
57 212 
57 468 
57 182 
57 479 
57 108 
57 500 
57 251 
57 51 
57 489 
57 107 
57 387 
57 91 
57 40 
57 336 
57 429 
57 197 
57 177 
57 184 
57 110 
57 427 
57 357 
57 243 
57 350 
57 188 
57 235 
57 277 
57 463 
57 464 
57 273 
57 379 
57 452 
57 227 
57 481 
57 288 
57 359 
57 37 
57 275 
57 244 
57 380 
57 160 
57 415 
57 215 
57 194 
57 5 
57 198 
57 136 
57 317 
57 340 
57 510 
57 372 
57 23 
57 478 
57 417 
57 367 
57 411 
57 368 
57 140 
57 423 
57 356 
57 419 
57 22 
57 172 
57 161 
57 106 
57 118 
57 166 
57 365 
57 448 
57 71 
57 42 
57 76 
57 165 
57 473 
57 80 
57 353 
57 38 
57 17 
57 321 
57 287 
57 512 
57 304 
57 247 
57 447 
57 24 
57 484 
57 15 
57 193 
57 298 
57 341 
57 179 
57 200 
57 334 
57 369 
57 345 
57 134 
57 146 
57 116 
57 27 
57 75 
57 131 
57 164 
57 133 
57 397 
57 381 
57 437 
57 162 
57 268 
57 214 
57 440 
57 156 
58 203 
58 317 
58 505 
58 202 
58 319 
58 436 
58 323 
58 513 
58 30 
58 57 
58 377 
58 312 
58 461 
58 328 
58 473 
58 28 
58 34 
58 36 
58 131 
58 459 
58 46 
58 512 
58 182 
58 106 
58 186 
58 365 
58 284 
58 477 
58 104 
58 269 
58 437 
58 181 
58 266 
58 388 
58 177 
58 441 
58 309 
58 173 
58 238 
58 320 
58 52 
58 201 
58 50 
58 55 
58 144 
58 206 
58 452 
58 347 
58 231 
58 458 
58 45 
58 476 
58 21 
58 495 
58 466 
58 280 
58 121 
58 153 
58 211 
58 31 
58 507 
58 397 
58 413 
58 198 
58 371 
58 419 
58 395 
58 420 
58 47 
58 213 
58 218 
58 282 
58 346 
58 267 
58 344 
58 351 
58 83 
58 221 
58 503 
58 174 
58 356 
58 48 
58 100 
58 389 
58 481 
58 281 
58 425 
58 348 
58 276 
58 93 
58 183 
58 166 
58 277 
58 41 
58 199 
58 245 
58 86 
58 246 
58 361 
58 278 
58 222 
58 75 
58 112 
58 217 
58 91 
58 490 
58 354 
58 393 
58 390 
58 208 
58 353 
58 59 
58 379 
58 102 
58 239 
58 480 
58 306 
58 343 
58 385 
58 398 
58 326 
58 332 
58 98 
58 501 
58 492 
58 330 
58 293 
58 54 
58 39 
58 434 
58 380 
58 13 
58 204 
58 89 
58 439 
58 265 
58 322 
58 160 
58 243 
58 402 
58 375 
58 5 
58 345 
58 18 
58 191 
58 360 
58 368 
58 464 
58 327 
58 417 
58 127 
58 51 
58 294 
58 307 
58 289 
58 370 
58 130 
58 465 
58 88 
58 493 
58 373 
58 391 
58 498 
59 294 
59 228 
59 238 
59 395 
59 31 
59 236 
59 4 
59 305 
59 409 
59 503 
59 457 
59 219 
59 286 
59 175 
59 223 
59 447 
59 271 
59 24 
59 398 
59 1 
59 187 
59 513 
59 418 
59 481 
59 0 
59 33 
59 476 
59 396 
59 252 
59 445 
59 296 
59 30 
59 92 
59 239 
59 436 
59 470 
59 501 
59 333 
59 90 
59 261 
59 278 
59 85 
59 195 
59 460 
59 403 
59 168 
59 414 
59 202 
59 143 
59 147 
59 332 
59 94 
59 287 
59 45 
59 9 
59 7 
59 151 
59 263 
59 335 
59 65 
59 267 
59 370 
59 348 
59 132 
59 76 
59 64 
59 203 
59 310 
59 25 
59 259 
59 169 
59 130 
59 384 
59 424 
59 32 
59 373 
59 448 
59 145 
59 358 
59 42 
59 93 
59 504 
59 126 
59 454 
59 17 
59 302 
59 167 
59 43 
59 257 
59 404 
59 115 
59 81 
59 123 
59 345 
59 340 
59 160 
59 254 
59 51 
59 110 
59 86 
59 442 
59 233 
59 88 
59 320 
59 288 
59 324 
59 226 
59 28 
59 119 
59 184 
59 58 
59 297 
59 84 
59 486 
59 512 
59 173 
59 369 
59 338 
59 191 
59 344 
59 415 
59 388 
59 399 
59 327 
59 161 
59 317 
59 188 
59 386 
59 206 
59 250 
59 364 
59 2 
59 443 
59 437 
59 181 
59 347 
59 381 
59 159 
59 362 
59 204 
59 270 
59 197 
59 60 
59 374 
59 277 
60 344 
60 72 
60 372 
60 417 
60 200 
60 323 
60 62 
60 180 
60 472 
60 367 
60 97 
60 193 
60 292 
60 303 
60 277 
60 81 
60 212 
60 17 
60 341 
60 494 
60 33 
60 243 
60 469 
60 142 
60 130 
60 256 
60 238 
60 108 
60 127 
60 415 
60 395 
60 32 
60 397 
60 408 
60 75 
60 340 
60 354 
60 90 
60 187 
60 264 
60 449 
60 194 
60 120 
60 381 
60 126 
60 482 
60 201 
60 287 
60 208 
60 235 
60 325 
60 170 
60 67 
60 434 
60 339 
60 271 
60 359 
60 406 
60 446 
60 268 
60 470 
60 502 
60 191 
60 416 
60 186 
60 331 
60 0 
60 148 
60 390 
60 351 
60 484 
60 401 
60 349 
60 302 
60 166 
60 504 
60 435 
60 240 
60 411 
60 160 
60 448 
60 128 
60 320 
60 69 
60 119 
60 172 
60 429 
60 456 
60 450 
60 291 
60 475 
60 263 
60 480 
60 162 
60 68 
60 305 
60 16 
60 328 
60 333 
60 352 
60 267 
60 219 
60 368 
60 157 
60 91 
60 211 
60 106 
60 392 
60 511 
60 280 
60 425 
60 360 
60 362 
60 203 
60 154 
60 423 
60 231 
60 115 
60 226 
60 152 
60 5 
60 105 
60 467 
60 14 
60 234 
60 171 
60 290 
60 42 
60 487 
60 274 
60 330 
60 363 
60 205 
60 244 
60 197 
60 297 
60 413 
60 110 
60 318 
60 293 
60 332 
60 12 
60 195 
60 462 
60 509 
60 209 
60 296 
60 59 
60 316 
60 6 
60 7 
61 80 
61 29 
61 284 
61 273 
61 409 
61 124 
61 268 
61 171 
61 137 
61 85 
61 40 
61 139 
61 332 
61 319 
61 412 
61 6 
61 466 
61 394 
61 216 
61 87 
61 9 
61 108 
61 104 
61 390 
61 448 
61 329 
61 135 
61 338 
61 451 
61 512 
61 96 
61 114 
61 10 
61 303 
61 307 
61 438 
61 91 
61 430 
61 375 
61 378 
61 238 
61 142 
61 73 
61 150 
61 255 
61 436 
61 41 
61 212 
61 363 
61 463 
61 509 
61 105 
61 86 
61 371 
61 331 
61 36 
61 228 
61 151 
61 285 
61 361 
61 495 
61 79 
61 450 
61 397 
61 410 
61 117 
61 496 
61 498 
61 497 
61 443 
61 245 
61 76 
61 130 
61 402 
61 112 
61 278 
61 454 
61 98 
61 78 
61 24 
61 479 
61 174 
61 68 
61 492 
61 200 
61 213 
61 444 
61 99 
61 274 
61 408 
61 276 
61 499 
61 118 
61 65 
61 501 
61 442 
61 421 
61 360 
61 488 
61 467 
61 500 
61 168 
61 116 
61 379 
61 12 
61 183 
61 231 
61 233 
61 25 
61 262 
61 157 
61 455 
61 1 
61 253 
61 398 
61 175 
61 188 
61 493 
61 486 
61 419 
61 405 
61 437 
61 82 
61 134 
61 127 
61 323 
61 465 
61 489 
61 45 
61 69 
61 484 
61 370 
61 71 
61 427 
61 461 
61 340 
61 178 
61 199 
61 462 
61 232 
61 327 
61 333 
61 241 
61 504 
61 468 
61 156 
61 403 
61 195 
61 426 
61 491 
61 95 
61 210 
61 424 
61 369 
61 445 
61 286 
61 322 
61 404 
61 153 
61 346 
61 349 
61 219 
61 447 
61 389 
61 513 
61 14 
61 176 
61 101 
61 149 
61 247 
61 291 
61 179 
62 86 
62 211 
62 19 
62 132 
62 60 
62 252 
62 179 
62 167 
62 45 
62 88 
62 85 
62 131 
62 239 
62 255 
62 459 
62 148 
62 422 
62 189 
62 302 
62 110 
62 437 
62 275 
62 285 
62 208 
62 440 
62 401 
62 318 
62 340 
62 212 
62 258 
62 414 
62 11 
62 17 
62 354 
62 34 
62 270 
62 366 
62 191 
62 365 
62 80 
62 254 
62 412 
62 248 
62 79 
62 351 
62 223 
62 65 
62 406 
62 464 
62 384 
62 404 
62 142 
62 1 
62 456 
62 26 
62 244 
62 335 
62 381 
62 367 
62 119 
62 342 
62 321 
62 510 
62 8 
62 463 
62 455 
62 392 
62 0 
62 135 
62 209 
62 187 
62 439 
62 193 
62 466 
62 233 
62 502 
62 326 
62 421 
62 151 
62 250 
62 126 
62 170 
62 313 
62 97 
62 44 
62 305 
62 245 
62 100 
62 172 
62 487 
62 213 
62 477 
62 37 
62 30 
62 362 
62 390 
62 333 
62 409 
62 253 
62 297 
62 238 
62 114 
62 434 
62 219 
62 300 
62 296 
62 420 
62 495 
62 341 
62 308 
62 508 
62 164 
62 345 
62 72 
62 428 
62 128 
62 256 
62 380 
62 273 
62 286 
62 426 
62 484 
62 277 
62 31 
62 29 
62 446 
62 501 
62 152 
62 98 
62 496 
62 444 
62 118 
62 396 
62 486 
62 265 
62 483 
62 389 
62 186 
62 4 
62 46 
62 329 
62 64 
62 231 
62 240 
62 415 
62 217 
62 43 
62 234 
62 105 
62 162 
62 358 
62 20 
62 418 
62 41 
62 68 
62 138 
62 102 
62 221 
62 417 
62 349 
62 378 
62 478 
62 330 
62 344 
62 322 
63 135 
63 156 
63 388 
63 359 
63 490 
63 237 
63 330 
63 387 
63 294 
63 64 
63 263 
63 412 
63 23 
63 314 
63 182 
63 66 
63 312 
63 284 
63 488 
63 283 
63 471 
63 133 
63 16 
63 264 
63 466 
63 38 
63 148 
63 350 
63 295 
63 409 
63 509 
63 108 
63 380 
63 242 
63 265 
63 266 
63 6 
63 334 
63 25 
63 52 
63 40 
63 74 
63 252 
63 137 
63 465 
63 189 
63 184 
63 159 
63 357 
63 170 
63 117 
63 433 
63 234 
63 167 
63 371 
63 149 
63 243 
63 222 
63 99 
63 14 
63 452 
63 46 
63 386 
63 355 
63 27 
63 421 
63 228 
63 174 
63 51 
63 277 
63 204 
63 389 
63 151 
63 42 
63 285 
63 71 
63 20 
63 12 
63 309 
63 396 
63 125 
63 321 
63 176 
63 378 
63 497 
63 247 
63 139 
63 323 
63 192 
63 308 
63 197 
63 356 
63 230 
63 366 
63 244 
63 195 
63 218 
63 84 
63 201 
63 129 
63 1 
63 248 
63 475 
63 457 
63 241 
63 403 
63 274 
63 331 
63 124 
63 501 
63 127 
63 455 
63 361 
63 293 
63 177 
63 136 
63 481 
63 291 
63 114 
63 349 
63 193 
63 150 
63 208 
63 365 
63 377 
63 280 
63 70 
63 473 
63 427 
63 333 
63 358 
63 318 
63 106 
63 32 
63 292 
63 324 
63 281 
63 287 
63 491 
63 21 
63 506 
63 289 
63 69 
64 104 
64 447 
64 475 
64 291 
64 139 
64 390 
64 334 
64 396 
64 387 
64 353 
64 308 
64 371 
64 158 
64 467 
64 503 
64 417 
64 313 
64 21 
64 8 
64 125 
64 377 
64 142 
64 63 
64 97 
64 324 
64 452 
64 173 
64 403 
64 412 
64 86 
64 186 
64 42 
64 388 
64 124 
64 204 
64 11 
64 429 
64 108 
64 144 
64 501 
64 75 
64 194 
64 239 
64 259 
64 148 
64 55 
64 24 
64 214 
64 505 
64 94 
64 122 
64 442 
64 425 
64 364 
64 354 
64 231 
64 440 
64 113 
64 170 
64 51 
64 488 
64 95 
64 102 
64 200 
64 446 
64 241 
64 337 
64 135 
64 492 
64 502 
64 131 
64 41 
64 32 
64 59 
64 233 
64 265 
64 466 
64 320 
64 257 
64 83 
64 422 
64 29 
64 48 
64 287 
64 372 
64 23 
64 30 
64 301 
64 177 
64 134 
64 280 
64 349 
64 138 
64 462 
64 302 
64 87 
64 202 
64 156 
64 469 
64 451 
64 22 
64 399 
64 228 
64 199 
64 350 
64 427 
64 438 
64 290 
64 254 
64 101 
64 256 
64 195 
64 39 
64 472 
64 260 
64 470 
64 197 
64 394 
64 219 
64 171 
64 282 
64 319 
64 116 
64 253 
64 305 
64 136 
64 437 
64 360 
64 490 
64 316 
64 486 
64 283 
64 476 
64 5 
64 381 
64 430 
64 9 
64 310 
64 103 
64 38 
64 62 
64 218 
64 189 
64 369 
64 145 
64 410 
64 409 
64 236 
64 49 
64 338 
64 384 
64 323 
64 80 
64 294 
64 36 
64 208 
64 380 
64 439 
64 300 
65 169 
65 56 
65 45 
65 409 
65 51 
65 434 
65 359 
65 294 
65 453 
65 57 
65 377 
65 279 
65 79 
65 141 
65 6 
65 130 
65 448 
65 128 
65 265 
65 214 
65 72 
65 348 
65 81 
65 365 
65 119 
65 375 
65 427 
65 510 
65 319 
65 200 
65 244 
65 360 
65 496 
65 391 
65 98 
65 426 
65 282 
65 231 
65 285 
65 467 
65 256 
65 62 
65 225 
65 249 
65 493 
65 347 
65 405 
65 199 
65 242 
65 124 
65 239 
65 151 
65 109 
65 69 
65 59 
65 349 
65 386 
65 422 
65 250 
65 111 
65 49 
65 308 
65 443 
65 3 
65 102 
65 296 
65 432 
65 474 
65 97 
65 202 
65 157 
65 91 
65 68 
65 446 
65 154 
65 112 
65 481 
65 136 
65 44 
65 475 
65 229 
65 369 
65 71 
65 468 
65 17 
65 4 
65 61 
65 435 
65 291 
65 7 
65 163 
65 455 
65 173 
65 483 
65 268 
65 457 
65 352 
65 168 
65 512 
65 36 
65 67 
65 411 
65 406 
65 10 
65 23 
65 203 
65 304 
65 159 
65 30 
65 407 
65 476 
65 12 
65 346 
65 218 
65 238 
65 227 
65 444 
65 298 
65 131 
65 24 
65 336 
65 418 
65 297 
65 149 
65 350 
65 48 
65 86 
65 189 
65 396 
65 273 
65 252 
65 310 
65 379 
65 54 
65 89 
65 500 
65 451 
65 127 
65 439 
65 193 
65 394 
65 335 
65 50 
65 38 
65 90 
66 170 
66 79 
66 306 
66 118 
66 129 
66 99 
66 410 
66 42 
66 242 
66 394 
66 157 
66 101 
66 357 
66 451 
66 54 
66 251 
66 310 
66 266 
66 22 
66 231 
66 63 
66 150 
66 90 
66 462 
66 273 
66 89 
66 373 
66 238 
66 486 
66 20 
66 86 
66 437 
66 291 
66 168 
66 113 
66 468 
66 502 
66 501 
66 409 
66 491 
66 487 
66 267 
66 0 
66 411 
66 82 
66 434 
66 50 
66 236 
66 232 
66 142 
66 95 
66 416 
66 485 
66 182 
66 43 
66 106 
66 143 
66 429 
66 316 
66 225 
66 213 
66 396 
66 424 
66 40 
66 70 
66 436 
66 403 
66 146 
66 7 
66 336 
66 276 
66 181 
66 340 
66 431 
66 69 
66 180 
66 169 
66 490 
66 226 
66 309 
66 203 
66 452 
66 130 
66 359 
66 204 
66 252 
66 33 
66 454 
66 295 
66 253 
66 463 
66 438 
66 214 
66 102 
66 243 
66 83 
66 36 
66 450 
66 331 
66 165 
66 224 
66 108 
66 171 
66 472 
66 476 
66 138 
66 352 
66 192 
66 457 
66 305 
66 51 
66 49 
66 92 
66 13 
66 17 
66 164 
66 119 
66 274 
66 334 
66 391 
66 35 
66 72 
66 47 
66 183 
66 25 
66 125 
66 68 
66 320 
66 278 
66 330 
66 400 
66 427 
66 269 
66 512 
66 270 
66 1 
66 27 
66 250 
66 304 
66 321 
66 495 
66 405 
66 348 
66 477 
66 332 
66 155 
66 360 
66 126 
66 364 
66 407 
66 388 
66 121 
66 144 
66 245 
66 10 
66 162 
66 414 
66 268 
66 371 
66 209 
66 341 
66 417 
66 281 
66 98 
66 84 
67 425 
67 236 
67 323 
67 265 
67 191 
67 228 
67 487 
67 297 
67 4 
67 386 
67 340 
67 17 
67 166 
67 201 
67 320 
67 151 
67 269 
67 117 
67 164 
67 16 
67 281 
67 79 
67 421 
67 504 
67 39 
67 186 
67 391 
67 486 
67 442 
67 161 
67 455 
67 27 
67 245 
67 397 
67 456 
67 40 
67 475 
67 237 
67 243 
67 252 
67 102 
67 503 
67 483 
67 100 
67 317 
67 78 
67 372 
67 436 
67 2 
67 131 
67 467 
67 334 
67 341 
67 226 
67 208 
67 125 
67 11 
67 215 
67 155 
67 176 
67 259 
67 207 
67 60 
67 212 
67 266 
67 469 
67 197 
67 400 
67 162 
67 431 
67 345 
67 376 
67 157 
67 444 
67 121 
67 115 
67 292 
67 481 
67 221 
67 34 
67 505 
67 85 
67 235 
67 56 
67 459 
67 199 
67 247 
67 388 
67 451 
67 378 
67 163 
67 509 
67 462 
67 280 
67 141 
67 41 
67 42 
67 0 
67 389 
67 220 
67 453 
67 182 
67 365 
67 300 
67 111 
67 170 
67 132 
67 336 
67 255 
67 358 
67 25 
67 104 
67 412 
67 65 
67 352 
67 12 
67 290 
67 173 
67 488 
67 80 
67 276 
67 322 
67 500 
67 319 
67 302 
67 283 
67 282 
67 494 
67 395 
67 48 
67 159 
67 82 
67 423 
67 438 
67 254 
67 270 
67 120 
67 262 
67 328 
67 305 
67 502 
67 84 
67 6 
67 230 
67 205 
67 98 
67 81 
67 9 
67 490 
67 137 
67 489 
67 450 
67 329 
67 152 
67 73 
67 424 
67 342 
68 89 
68 22 
68 444 
68 297 
68 118 
68 340 
68 72 
68 397 
68 488 
68 208 
68 13 
68 198 
68 192 
68 376 
68 383 
68 459 
68 341 
68 400 
68 55 
68 512 
68 379 
68 186 
68 284 
68 86 
68 225 
68 249 
68 349 
68 286 
68 371 
68 366 
68 348 
68 136 
68 248 
68 43 
68 425 
68 308 
68 474 
68 483 
68 485 
68 35 
68 296 
68 282 
68 111 
68 347 
68 324 
68 160 
68 511 
68 437 
68 25 
68 481 
68 180 
68 361 
68 288 
68 414 
68 175 
68 334 
68 0 
68 37 
68 298 
68 167 
68 265 
68 177 
68 130 
68 70 
68 190 
68 20 
68 369 
68 279 
68 360 
68 158 
68 65 
68 428 
68 207 
68 462 
68 142 
68 92 
68 420 
68 333 
68 427 
68 61 
68 365 
68 244 
68 492 
68 7 
68 108 
68 109 
68 457 
68 455 
68 106 
68 245 
68 507 
68 262 
68 274 
68 339 
68 60 
68 454 
68 435 
68 300 
68 138 
68 247 
68 401 
68 26 
68 314 
68 278 
68 270 
68 359 
68 228 
68 95 
68 237 
68 66 
68 233 
68 448 
68 33 
68 473 
68 370 
68 120 
68 325 
68 417 
68 48 
68 408 
68 413 
68 189 
68 440 
68 272 
68 161 
68 402 
68 219 
68 277 
68 30 
68 128 
68 1 
68 451 
68 299 
68 452 
68 423 
68 105 
68 351 
68 76 
68 350 
68 407 
68 62 
68 271 
68 99 
68 312 
68 94 
68 336 
68 490 
68 306 
68 318 
69 345 
69 354 
69 331 
69 240 
69 226 
69 497 
69 207 
69 286 
69 287 
69 186 
69 399 
69 135 
69 158 
69 449 
69 261 
69 430 
69 314 
69 232 
69 218 
69 346 
69 322 
69 48 
69 424 
69 425 
69 284 
69 165 
69 416 
69 452 
69 320 
69 363 
69 492 
69 220 
69 326 
69 157 
69 29 
69 118 
69 473 
69 45 
69 347 
69 192 
69 340 
69 65 
69 437 
69 406 
69 512 
69 488 
69 233 
69 199 
69 404 
69 457 
69 39 
69 296 
69 383 
69 41 
69 148 
69 79 
69 211 
69 420 
69 66 
69 466 
69 501 
69 201 
69 380 
69 371 
69 187 
69 154 
69 175 
69 403 
69 143 
69 409 
69 181 
69 356 
69 239 
69 202 
69 76 
69 402 
69 295 
69 200 
69 78 
69 60 
69 487 
69 395 
69 88 
69 508 
69 318 
69 490 
69 197 
69 260 
69 163 
69 89 
69 221 
69 137 
69 471 
69 335 
69 368 
69 11 
69 140 
69 400 
69 386 
69 315 
69 223 
69 511 
69 433 
69 8 
69 196 
69 357 
69 193 
69 167 
69 212 
69 235 
69 373 
69 115 
69 173 
69 61 
69 185 
69 348 
69 311 
69 161 
69 50 
69 236 
69 491 
69 463 
69 267 
69 277 
69 2 
69 109 
69 502 
69 17 
69 0 
69 117 
69 442 
69 266 
69 431 
69 365 
69 338 
69 234 
69 288 
69 444 
69 133 
69 427 
69 461 
69 377 
69 304 
69 343 
69 411 
69 12 
69 319 
69 513 
69 306 
69 166 
69 63 
70 430 
70 465 
70 219 
70 396 
70 182 
70 389 
70 0 
70 291 
70 253 
70 325 
70 388 
70 172 
70 209 
70 362 
70 381 
70 240 
70 328 
70 499 
70 501 
70 250 
70 270 
70 128 
70 265 
70 200 
70 236 
70 290 
70 420 
70 376 
70 243 
70 180 
70 491 
70 195 
70 282 
70 393 
70 339 
70 386 
70 166 
70 213 
70 513 
70 80 
70 217 
70 11 
70 77 
70 392 
70 449 
70 129 
70 241 
70 476 
70 350 
70 40 
70 496 
70 329 
70 84 
70 183 
70 361 
70 199 
70 170 
70 23 
70 233 
70 68 
70 326 
70 142 
70 481 
70 490 
70 122 
70 354 
70 66 
70 434 
70 163 
70 18 
70 498 
70 474 
70 303 
70 318 
70 295 
70 477 
70 44 
70 348 
70 107 
70 296 
70 150 
70 468 
70 512 
70 426 
70 457 
70 155 
70 387 
70 479 
70 378 
70 338 
70 251 
70 275 
70 297 
70 324 
70 244 
70 131 
70 343 
70 483 
70 234 
70 231 
70 127 
70 451 
70 267 
70 171 
70 196 
70 13 
70 504 
70 51 
70 146 
70 75 
70 115 
70 157 
70 248 
70 83 
70 315 
70 406 
70 72 
70 95 
70 507 
70 90 
70 443 
70 203 
70 366 
70 313 
70 86 
70 413 
70 118 
70 373 
70 255 
70 400 
70 105 
70 450 
70 470 
70 461 
70 151 
70 390 
70 100 
70 435 
70 433 
70 277 
70 63 
70 263 
70 27 
70 428 
70 269 
70 2 
70 25 
70 85 
70 29 
70 345 
70 335 
70 111 
70 35 
70 305 
70 333 
70 126 
71 27 
71 271 
71 162 
71 1 
71 24 
71 52 
71 165 
71 414 
71 76 
71 343 
71 83 
71 42 
71 259 
71 244 
71 433 
71 11 
71 182 
71 275 
71 281 
71 496 
71 189 
71 283 
71 161 
71 125 
71 247 
71 411 
71 395 
71 232 
71 350 
71 396 
71 425 
71 421 
71 35 
71 422 
71 207 
71 248 
71 309 
71 100 
71 0 
71 251 
71 467 
71 112 
71 89 
71 429 
71 279 
71 436 
71 39 
71 268 
71 371 
71 45 
71 362 
71 337 
71 262 
71 381 
71 138 
71 90 
71 236 
71 300 
71 114 
71 423 
71 479 
71 307 
71 53 
71 120 
71 503 
71 80 
71 15 
71 291 
71 209 
71 5 
71 157 
71 428 
71 84 
71 163 
71 265 
71 145 
71 134 
71 221 
71 38 
71 269 
71 375 
71 213 
71 65 
71 23 
71 215 
71 10 
71 379 
71 63 
71 409 
71 492 
71 50 
71 190 
71 43 
71 13 
71 486 
71 406 
71 388 
71 298 
71 301 
71 305 
71 12 
71 75 
71 285 
71 327 
71 352 
71 393 
71 338 
71 77 
71 399 
71 282 
71 311 
71 323 
71 319 
71 452 
71 266 
71 175 
71 256 
71 299 
71 361 
71 306 
71 57 
71 501 
71 177 
71 8 
71 82 
71 51 
71 427 
71 455 
71 184 
71 22 
71 356 
71 61 
71 325 
71 133 
71 44 
71 216 
71 363 
71 226 
71 349 
71 46 
71 230 
71 220 
71 94 
71 223 
71 49 
71 179 
71 91 
71 224 
71 468 
71 208 
71 466 
71 483 
71 85 
71 143 
71 255 
71 331 
71 346 
71 36 
71 448 
71 316 
71 365 
71 294 
71 322 
72 60 
72 68 
72 78 
72 402 
72 412 
72 246 
72 40 
72 324 
72 414 
72 154 
72 86 
72 157 
72 359 
72 121 
72 513 
72 486 
72 229 
72 351 
72 508 
72 245 
72 239 
72 506 
72 213 
72 378 
72 65 
72 234 
72 469 
72 108 
72 344 
72 383 
72 32 
72 251 
72 54 
72 139 
72 484 
72 331 
72 477 
72 316 
72 198 
72 210 
72 103 
72 74 
72 438 
72 115 
72 391 
72 320 
72 159 
72 354 
72 450 
72 272 
72 507 
72 142 
72 418 
72 25 
72 252 
72 181 
72 505 
72 291 
72 483 
72 427 
72 332 
72 481 
72 256 
72 337 
72 135 
72 168 
72 48 
72 270 
72 480 
72 260 
72 313 
72 459 
72 158 
72 456 
72 420 
72 132 
72 448 
72 463 
72 285 
72 30 
72 384 
72 325 
72 17 
72 166 
72 221 
72 31 
72 173 
72 191 
72 361 
72 445 
72 311 
72 500 
72 73 
72 409 
72 217 
72 394 
72 155 
72 410 
72 10 
72 396 
72 230 
72 51 
72 219 
72 117 
72 208 
72 404 
72 160 
72 447 
72 45 
72 223 
72 39 
72 423 
72 308 
72 66 
72 20 
72 102 
72 172 
72 204 
72 62 
72 261 
72 36 
72 360 
72 395 
72 167 
72 76 
72 442 
72 37 
72 70 
72 307 
72 218 
72 346 
72 392 
72 195 
72 424 
72 227 
72 137 
72 125 
72 433 
72 304 
72 341 
72 416 
72 472 
72 257 
72 269 
72 220 
72 122 
72 510 
72 192 
72 179 
72 368 
72 443 
72 262 
73 186 
73 121 
73 290 
73 260 
73 479 
73 396 
73 388 
73 143 
73 474 
73 350 
73 308 
73 209 
73 201 
73 302 
73 21 
73 243 
73 23 
73 240 
73 90 
73 221 
73 162 
73 131 
73 100 
73 239 
73 367 
73 134 
73 61 
73 168 
73 238 
73 397 
73 153 
73 466 
73 434 
73 257 
73 43 
73 270 
73 380 
73 204 
73 31 
73 314 
73 189 
73 18 
73 310 
73 170 
73 356 
73 447 
73 141 
73 232 
73 108 
73 357 
73 25 
73 467 
73 206 
73 490 
73 130 
73 394 
73 417 
73 40 
73 163 
73 414 
73 269 
73 300 
73 469 
73 179 
73 426 
73 182 
73 227 
73 406 
73 384 
73 205 
73 140 
73 325 
73 502 
73 512 
73 472 
73 348 
73 265 
73 211 
73 470 
73 489 
73 463 
73 72 
73 440 
73 493 
73 191 
73 148 
73 222 
73 385 
73 138 
73 2 
73 187 
73 75 
73 340 
73 365 
73 202 
73 370 
73 374 
73 307 
73 387 
73 359 
73 136 
73 382 
73 144 
73 455 
73 495 
73 47 
73 332 
73 352 
73 460 
73 312 
73 77 
73 174 
73 509 
73 393 
73 329 
73 360 
73 166 
73 119 
73 266 
73 150 
73 496 
73 401 
73 218 
73 431 
73 315 
73 172 
73 42 
73 293 
73 184 
73 309 
73 351 
73 116 
73 430 
73 304 
73 219 
73 175 
73 67 
73 346 
73 482 
73 295 
73 139 
73 126 
74 135 
74 203 
74 38 
74 104 
74 250 
74 388 
74 305 
74 110 
74 214 
74 482 
74 223 
74 146 
74 148 
74 478 
74 220 
74 184 
74 428 
74 404 
74 76 
74 292 
74 466 
74 332 
74 77 
74 398 
74 179 
74 489 
74 419 
74 171 
74 14 
74 492 
74 82 
74 331 
74 365 
74 405 
74 196 
74 187 
74 301 
74 72 
74 447 
74 373 
74 5 
74 309 
74 63 
74 260 
74 347 
74 152 
74 26 
74 462 
74 287 
74 467 
74 351 
74 133 
74 128 
74 298 
74 88 
74 436 
74 394 
74 221 
74 246 
74 215 
74 502 
74 159 
74 345 
74 166 
74 372 
74 249 
74 190 
74 140 
74 352 
74 509 
74 103 
74 241 
74 392 
74 178 
74 109 
74 25 
74 468 
74 94 
74 438 
74 87 
74 157 
74 366 
74 101 
74 397 
74 229 
74 408 
74 150 
74 418 
74 399 
74 28 
74 306 
74 23 
74 267 
74 151 
74 310 
74 443 
74 479 
74 335 
74 266 
74 90 
74 504 
74 158 
74 251 
74 268 
74 168 
74 314 
74 47 
74 279 
74 303 
74 413 
74 320 
74 2 
74 385 
74 217 
74 313 
74 328 
74 491 
74 457 
74 200 
74 244 
74 34 
74 126 
74 231 
74 256 
74 407 
74 188 
74 426 
74 189 
74 469 
74 129 
74 458 
74 323 
74 427 
74 311 
74 156 
74 403 
74 207 
74 327 
74 56 
74 99 
74 318 
74 161 
74 340 
74 11 
74 296 
74 486 
75 87 
75 305 
75 312 
75 250 
75 134 
75 97 
75 240 
75 388 
75 140 
75 396 
75 158 
75 412 
75 208 
75 170 
75 493 
75 138 
75 131 
75 307 
75 181 
75 399 
75 453 
75 242 
75 127 
75 124 
75 94 
75 304 
75 64 
75 194 
75 167 
75 364 
75 44 
75 162 
75 358 
75 60 
75 48 
75 151 
75 96 
75 485 
75 282 
75 148 
75 45 
75 95 
75 292 
75 438 
75 219 
75 34 
75 365 
75 112 
75 157 
75 238 
75 55 
75 446 
75 354 
75 90 
75 110 
75 334 
75 38 
75 402 
75 223 
75 125 
75 395 
75 1 
75 320 
75 330 
75 471 
75 222 
75 513 
75 128 
75 220 
75 171 
75 204 
75 178 
75 165 
75 349 
75 184 
75 188 
75 345 
75 340 
75 200 
75 247 
75 15 
75 203 
75 254 
75 104 
75 326 
75 318 
75 71 
75 385 
75 346 
75 372 
75 394 
75 498 
75 285 
75 73 
75 378 
75 58 
75 232 
75 278 
75 185 
75 510 
75 70 
75 328 
75 212 
75 357 
75 130 
75 216 
75 480 
75 145 
75 258 
75 46 
75 474 
75 477 
75 302 
75 440 
75 101 
75 153 
75 416 
75 390 
75 503 
75 103 
75 93 
75 81 
75 439 
75 26 
75 473 
75 450 
75 431 
75 499 
75 146 
75 187 
75 179 
75 33 
75 133 
75 470 
75 363 
75 57 
75 279 
75 512 
75 391 
75 443 
75 251 
75 265 
76 481 
76 56 
76 450 
76 197 
76 13 
76 405 
76 429 
76 41 
76 422 
76 71 
76 161 
76 438 
76 179 
76 326 
76 55 
76 336 
76 318 
76 468 
76 510 
76 486 
76 223 
76 74 
76 252 
76 270 
76 428 
76 416 
76 22 
76 52 
76 107 
76 275 
76 125 
76 215 
76 498 
76 53 
76 102 
76 504 
76 261 
76 426 
76 386 
76 353 
76 401 
76 85 
76 277 
76 497 
76 320 
76 122 
76 165 
76 59 
76 95 
76 257 
76 476 
76 114 
76 420 
76 130 
76 182 
76 137 
76 334 
76 35 
76 61 
76 485 
76 295 
76 488 
76 313 
76 258 
76 187 
76 205 
76 181 
76 350 
76 96 
76 349 
76 286 
76 4 
76 248 
76 224 
76 104 
76 24 
76 69 
76 509 
76 37 
76 12 
76 25 
76 312 
76 230 
76 376 
76 136 
76 185 
76 507 
76 251 
76 54 
76 331 
76 265 
76 39 
76 193 
76 112 
76 496 
76 505 
76 452 
76 358 
76 245 
76 15 
76 72 
76 57 
76 36 
76 392 
76 2 
76 446 
76 332 
76 241 
76 166 
76 200 
76 177 
76 216 
76 97 
76 359 
76 128 
76 434 
76 87 
76 119 
76 174 
76 455 
76 180 
76 297 
76 456 
76 117 
76 348 
76 68 
76 424 
76 234 
76 142 
76 214 
76 479 
76 191 
76 473 
76 249 
76 404 
76 314 
76 308 
76 508 
76 188 
76 210 
76 171 
76 351 
76 138 
77 391 
77 331 
77 430 
77 471 
77 287 
77 248 
77 212 
77 509 
77 202 
77 427 
77 236 
77 164 
77 39 
77 404 
77 320 
77 27 
77 315 
77 403 
77 418 
77 48 
77 225 
77 397 
77 344 
77 455 
77 423 
77 74 
77 354 
77 230 
77 89 
77 297 
77 166 
77 434 
77 408 
77 125 
77 38 
77 214 
77 216 
77 127 
77 433 
77 267 
77 245 
77 452 
77 92 
77 70 
77 211 
77 412 
77 361 
77 172 
77 123 
77 278 
77 26 
77 283 
77 21 
77 309 
77 128 
77 285 
77 169 
77 134 
77 367 
77 488 
77 440 
77 86 
77 326 
77 449 
77 464 
77 291 
77 13 
77 5 
77 421 
77 474 
77 364 
77 369 
77 173 
77 6 
77 56 
77 298 
77 395 
77 493 
77 477 
77 78 
77 316 
77 324 
77 438 
77 9 
77 152 
77 280 
77 426 
77 415 
77 217 
77 368 
77 42 
77 345 
77 228 
77 23 
77 306 
77 71 
77 160 
77 282 
77 335 
77 139 
77 7 
77 18 
77 241 
77 486 
77 478 
77 155 
77 314 
77 207 
77 363 
77 277 
77 148 
77 102 
77 73 
77 376 
77 262 
77 237 
77 101 
77 432 
77 159 
77 32 
77 401 
77 416 
77 419 
77 463 
77 195 
77 20 
77 410 
77 299 
77 239 
77 305 
77 490 
77 292 
77 53 
77 189 
77 460 
77 138 
77 154 
77 95 
77 256 
77 510 
77 118 
77 22 
77 275 
77 356 
77 31 
77 429 
77 445 
78 464 
78 131 
78 377 
78 72 
78 269 
78 190 
78 495 
78 242 
78 179 
78 276 
78 362 
78 439 
78 312 
78 124 
78 359 
78 7 
78 284 
78 265 
78 398 
78 475 
78 245 
78 262 
78 213 
78 180 
78 499 
78 139 
78 268 
78 323 
78 112 
78 149 
78 223 
78 54 
78 333 
78 344 
78 358 
78 508 
78 117 
78 125 
78 100 
78 218 
78 42 
78 67 
78 271 
78 184 
78 484 
78 103 
78 91 
78 166 
78 481 
78 467 
78 388 
78 92 
78 177 
78 471 
78 468 
78 452 
78 306 
78 337 
78 188 
78 26 
78 227 
78 53 
78 324 
78 256 
78 33 
78 321 
78 83 
78 378 
78 129 
78 46 
78 77 
78 90 
78 453 
78 20 
78 61 
78 389 
78 369 
78 273 
78 176 
78 478 
78 123 
78 489 
78 420 
78 147 
78 491 
78 69 
78 237 
78 109 
78 23 
78 157 
78 239 
78 257 
78 11 
78 208 
78 163 
78 116 
78 294 
78 459 
78 136 
78 364 
78 309 
78 205 
78 400 
78 405 
78 143 
78 396 
78 85 
78 264 
78 436 
78 38 
78 387 
78 380 
78 361 
78 275 
78 146 
78 447 
78 167 
78 382 
78 6 
78 194 
78 49 
78 371 
78 461 
78 30 
78 170 
78 210 
78 145 
78 93 
78 95 
78 37 
78 132 
78 14 
78 232 
78 214 
78 353 
78 162 
78 15 
78 141 
78 35 
78 487 
78 308 
78 86 
78 335 
78 102 
78 500 
78 150 
78 18 
78 392 
78 434 
78 437 
78 50 
79 438 
79 292 
79 66 
79 211 
79 227 
79 229 
79 375 
79 302 
79 26 
79 332 
79 172 
79 347 
79 253 
79 333 
79 390 
79 468 
79 304 
79 157 
79 81 
79 395 
79 247 
79 324 
79 239 
79 198 
79 407 
79 450 
79 65 
79 374 
79 67 
79 510 
79 2 
79 35 
79 162 
79 272 
79 131 
79 31 
79 168 
79 396 
79 284 
79 150 
79 152 
79 23 
79 376 
79 17 
79 382 
79 3 
79 83 
79 124 
79 259 
79 362 
79 196 
79 344 
79 282 
79 110 
79 320 
79 62 
79 183 
79 0 
79 480 
79 487 
79 190 
79 305 
79 505 
79 127 
79 121 
79 508 
79 472 
79 171 
79 32 
79 8 
79 144 
79 369 
79 108 
79 421 
79 61 
79 117 
79 216 
79 225 
79 118 
79 291 
79 402 
79 308 
79 234 
79 186 
79 445 
79 140 
79 228 
79 224 
79 143 
79 311 
79 273 
79 69 
79 47 
79 10 
79 188 
79 84 
79 27 
79 491 
79 312 
79 293 
79 203 
79 235 
79 310 
79 221 
79 420 
79 441 
79 177 
79 345 
79 317 
79 116 
79 252 
79 486 
79 466 
79 126 
79 366 
79 4 
79 85 
79 316 
79 279 
79 348 
79 219 
79 372 
79 201 
79 248 
79 197 
79 435 
79 120 
79 470 
79 463 
79 495 
79 42 
79 267 
79 184 
79 173 
79 513 
79 378 
79 240 
79 29 
79 200 
79 415 
79 483 
79 328 
79 439 
79 490 
79 80 
79 307 
79 401 
79 87 
79 494 
79 88 
79 274 
79 388 
79 442 
79 471 
79 299 
79 264 
79 278 
79 387 
79 192 
79 506 
79 458 
79 51 
79 368 
79 242 
79 447 
79 243 
79 288 
79 511 
80 61 
80 234 
80 411 
80 275 
80 232 
80 88 
80 120 
80 423 
80 476 
80 38 
80 440 
80 218 
80 254 
80 339 
80 200 
80 54 
80 283 
80 216 
80 513 
80 185 
80 443 
80 347 
80 455 
80 272 
80 198 
80 161 
80 264 
80 5 
80 51 
80 124 
80 62 
80 261 
80 123 
80 256 
80 70 
80 262 
80 300 
80 427 
80 511 
80 372 
80 350 
80 344 
80 223 
80 486 
80 7 
80 471 
80 278 
80 430 
80 361 
80 71 
80 43 
80 468 
80 414 
80 269 
80 46 
80 137 
80 431 
80 236 
80 13 
80 506 
80 212 
80 270 
80 389 
80 150 
80 391 
80 42 
80 152 
80 208 
80 287 
80 345 
80 343 
80 133 
80 290 
80 432 
80 138 
80 437 
80 421 
80 469 
80 489 
80 53 
80 168 
80 26 
80 333 
80 89 
80 444 
80 40 
80 277 
80 357 
80 478 
80 158 
80 329 
80 408 
80 27 
80 126 
80 171 
80 475 
80 16 
80 328 
80 306 
80 499 
80 252 
80 67 
80 117 
80 148 
80 115 
80 202 
80 473 
80 267 
80 57 
80 504 
80 244 
80 383 
80 118 
80 9 
80 182 
80 392 
80 257 
80 447 
80 79 
80 145 
80 122 
80 483 
80 298 
80 495 
80 169 
80 189 
80 92 
80 209 
80 90 
80 151 
80 184 
80 10 
80 438 
80 316 
80 396 
80 64 
80 397 
80 402 
80 201 
80 225 
81 189 
81 342 
81 459 
81 26 
81 156 
81 119 
81 60 
81 432 
81 79 
81 421 
81 49 
81 488 
81 478 
81 30 
81 438 
81 48 
81 1 
81 464 
81 395 
81 206 
81 65 
81 170 
81 302 
81 455 
81 227 
81 512 
81 281 
81 171 
81 469 
81 411 
81 194 
81 130 
81 326 
81 121 
81 356 
81 431 
81 364 
81 0 
81 450 
81 466 
81 294 
81 203 
81 94 
81 293 
81 155 
81 506 
81 376 
81 15 
81 229 
81 154 
81 183 
81 143 
81 245 
81 437 
81 199 
81 258 
81 327 
81 125 
81 22 
81 92 
81 142 
81 456 
81 343 
81 299 
81 23 
81 415 
81 138 
81 374 
81 2 
81 368 
81 320 
81 399 
81 33 
81 24 
81 321 
81 304 
81 486 
81 59 
81 34 
81 222 
81 263 
81 305 
81 139 
81 82 
81 494 
81 265 
81 32 
81 429 
81 185 
81 479 
81 112 
81 148 
81 408 
81 215 
81 371 
81 453 
81 336 
81 361 
81 113 
81 274 
81 442 
81 363 
81 111 
81 499 
81 252 
81 509 
81 474 
81 353 
81 409 
81 19 
81 335 
81 226 
81 332 
81 355 
81 237 
81 291 
81 53 
81 207 
81 279 
81 85 
81 492 
81 513 
81 75 
81 43 
81 463 
81 485 
81 101 
81 104 
81 107 
81 176 
81 458 
81 67 
81 330 
81 83 
81 465 
81 144 
81 99 
81 223 
81 98 
81 484 
81 160 
81 168 
81 190 
81 136 
81 45 
81 140 
81 31 
81 173 
81 406 
82 269 
82 2 
82 406 
82 415 
82 489 
82 465 
82 135 
82 191 
82 244 
82 263 
82 462 
82 328 
82 161 
82 268 
82 446 
82 282 
82 120 
82 450 
82 299 
82 504 
82 474 
82 311 
82 280 
82 181 
82 364 
82 279 
82 271 
82 423 
82 495 
82 35 
82 26 
82 89 
82 74 
82 216 
82 169 
82 39 
82 107 
82 336 
82 127 
82 323 
82 66 
82 97 
82 220 
82 349 
82 442 
82 275 
82 506 
82 341 
82 315 
82 360 
82 173 
82 83 
82 473 
82 188 
82 256 
82 427 
82 510 
82 32 
82 351 
82 466 
82 464 
82 230 
82 246 
82 211 
82 490 
82 441 
82 319 
82 367 
82 487 
82 445 
82 125 
82 28 
82 457 
82 46 
82 486 
82 463 
82 470 
82 285 
82 93 
82 467 
82 348 
82 22 
82 436 
82 54 
82 376 
82 52 
82 92 
82 81 
82 426 
82 19 
82 130 
82 461 
82 41 
82 419 
82 177 
82 117 
82 507 
82 456 
82 195 
82 307 
82 443 
82 61 
82 472 
82 439 
82 392 
82 71 
82 316 
82 237 
82 1 
82 207 
82 218 
82 172 
82 241 
82 9 
82 67 
82 390 
82 408 
82 412 
82 42 
82 471 
82 88 
82 200 
82 183 
82 23 
82 330 
82 149 
82 378 
82 362 
82 251 
82 249 
82 18 
82 43 
82 145 
82 187 
82 505 
82 386 
82 278 
82 492 
82 236 
82 231 
82 368 
83 404 
83 317 
83 291 
83 170 
83 354 
83 263 
83 110 
83 202 
83 71 
83 6 
83 294 
83 232 
83 100 
83 234 
83 465 
83 159 
83 409 
83 502 
83 206 
83 88 
83 282 
83 327 
83 454 
83 156 
83 264 
83 310 
83 332 
83 455 
83 113 
83 450 
83 446 
83 38 
83 447 
83 103 
83 13 
83 79 
83 374 
83 348 
83 52 
83 331 
83 102 
83 311 
83 151 
83 330 
83 471 
83 91 
83 283 
83 385 
83 227 
83 416 
83 35 
83 335 
83 281 
83 269 
83 431 
83 407 
83 321 
83 2 
83 286 
83 511 
83 5 
83 412 
83 82 
83 466 
83 255 
83 130 
83 147 
83 277 
83 361 
83 64 
83 54 
83 140 
83 266 
83 257 
83 224 
83 141 
83 189 
83 78 
83 199 
83 165 
83 214 
83 373 
83 10 
83 390 
83 489 
83 58 
83 300 
83 201 
83 16 
83 86 
83 309 
83 371 
83 378 
83 402 
83 115 
83 149 
83 414 
83 295 
83 66 
83 405 
83 500 
83 240 
83 273 
83 504 
83 212 
83 116 
83 338 
83 411 
83 485 
83 222 
83 382 
83 499 
83 394 
83 453 
83 218 
83 484 
83 188 
83 162 
83 451 
83 70 
83 248 
83 318 
83 479 
83 319 
83 497 
83 448 
83 470 
83 163 
83 133 
83 315 
83 209 
83 344 
83 468 
83 340 
83 42 
83 254 
83 109 
83 403 
83 481 
83 191 
83 32 
83 150 
83 24 
83 349 
83 55 
83 45 
83 258 
83 386 
83 81 
83 129 
83 197 
83 280 
83 469 
83 460 
84 35 
84 447 
84 97 
84 289 
84 314 
84 364 
84 291 
84 408 
84 454 
84 380 
84 137 
84 20 
84 253 
84 406 
84 158 
84 165 
84 120 
84 461 
84 336 
84 511 
84 168 
84 467 
84 127 
84 197 
84 404 
84 373 
84 247 
84 91 
84 13 
84 351 
84 94 
84 5 
84 332 
84 449 
84 504 
84 195 
84 400 
84 178 
84 410 
84 145 
84 412 
84 46 
84 198 
84 453 
84 396 
84 85 
84 357 
84 485 
84 371 
84 129 
84 352 
84 30 
84 439 
84 258 
84 292 
84 210 
84 45 
84 230 
84 159 
84 34 
84 320 
84 493 
84 413 
84 70 
84 375 
84 121 
84 152 
84 233 
84 180 
84 337 
84 71 
84 420 
84 237 
84 96 
84 438 
84 508 
84 219 
84 418 
84 491 
84 409 
84 392 
84 242 
84 43 
84 350 
84 308 
84 79 
84 322 
84 398 
84 488 
84 185 
84 471 
84 33 
84 216 
84 395 
84 132 
84 429 
84 1 
84 355 
84 189 
84 382 
84 286 
84 188 
84 295 
84 475 
84 446 
84 3 
84 187 
84 405 
84 399 
84 416 
84 426 
84 457 
84 63 
84 264 
84 59 
84 176 
84 309 
84 282 
84 451 
84 393 
84 113 
84 500 
84 480 
84 104 
84 38 
84 164 
84 435 
84 270 
84 67 
84 241 
84 92 
84 0 
84 9 
84 208 
84 245 
84 422 
84 93 
84 339 
84 366 
84 463 
84 27 
84 259 
84 239 
84 179 
84 368 
84 205 
84 290 
84 280 
84 436 
84 66 
85 61 
85 432 
85 377 
85 62 
85 357 
85 156 
85 324 
85 301 
85 458 
85 403 
85 431 
85 218 
85 146 
85 48 
85 227 
85 172 
85 391 
85 504 
85 151 
85 387 
85 300 
85 133 
85 8 
85 212 
85 440 
85 148 
85 332 
85 368 
85 52 
85 199 
85 59 
85 402 
85 42 
85 12 
85 174 
85 463 
85 329 
85 325 
85 125 
85 84 
85 128 
85 192 
85 446 
85 321 
85 488 
85 54 
85 45 
85 76 
85 415 
85 35 
85 228 
85 438 
85 27 
85 469 
85 378 
85 32 
85 159 
85 171 
85 433 
85 472 
85 207 
85 416 
85 211 
85 451 
85 67 
85 371 
85 482 
85 394 
85 439 
85 13 
85 297 
85 3 
85 187 
85 384 
85 507 
85 4 
85 307 
85 209 
85 234 
85 110 
85 379 
85 229 
85 441 
85 2 
85 388 
85 302 
85 162 
85 366 
85 21 
85 182 
85 138 
85 271 
85 30 
85 176 
85 481 
85 375 
85 79 
85 149 
85 232 
85 183 
85 163 
85 474 
85 19 
85 343 
85 490 
85 487 
85 314 
85 78 
85 293 
85 92 
85 190 
85 220 
85 318 
85 417 
85 465 
85 243 
85 420 
85 10 
85 309 
85 33 
85 508 
85 427 
85 238 
85 240 
85 355 
85 15 
85 421 
85 36 
85 108 
85 495 
85 18 
85 367 
85 397 
85 259 
85 81 
85 154 
85 364 
85 299 
85 501 
85 122 
85 71 
85 132 
85 484 
85 157 
85 206 
85 26 
85 370 
85 198 
85 312 
85 280 
85 467 
85 70 
85 328 
85 353 
85 322 
85 208 
85 373 
85 323 
86 62 
86 229 
86 27 
86 38 
86 19 
86 380 
86 72 
86 8 
86 36 
86 204 
86 64 
86 307 
86 405 
86 242 
86 358 
86 68 
86 323 
86 264 
86 408 
86 260 
86 398 
86 453 
86 256 
86 216 
86 232 
86 66 
86 150 
86 105 
86 455 
86 207 
86 322 
86 433 
86 12 
86 487 
86 237 
86 107 
86 205 
86 175 
86 412 
86 318 
86 61 
86 88 
86 134 
86 116 
86 5 
86 7 
86 403 
86 55 
86 34 
86 225 
86 183 
86 386 
86 77 
86 325 
86 112 
86 500 
86 221 
86 238 
86 139 
86 173 
86 390 
86 239 
86 137 
86 259 
86 345 
86 477 
86 32 
86 434 
86 219 
86 481 
86 282 
86 456 
86 442 
86 381 
86 457 
86 451 
86 144 
86 228 
86 83 
86 118 
86 407 
86 235 
86 503 
86 253 
86 37 
86 231 
86 224 
86 263 
86 194 
86 59 
86 58 
86 212 
86 155 
86 255 
86 327 
86 305 
86 458 
86 153 
86 141 
86 369 
86 246 
86 209 
86 93 
86 427 
86 53 
86 385 
86 56 
86 378 
86 138 
86 440 
86 243 
86 193 
86 202 
86 30 
86 121 
86 129 
86 2 
86 513 
86 488 
86 319 
86 505 
86 324 
86 337 
86 268 
86 70 
86 333 
86 10 
86 329 
86 391 
86 388 
86 387 
86 65 
86 496 
86 240 
86 198 
86 374 
86 368 
86 47 
86 203 
86 317 
86 372 
86 338 
86 499 
86 401 
86 78 
86 16 
86 167 
86 509 
86 29 
86 127 
86 52 
87 382 
87 75 
87 478 
87 275 
87 106 
87 246 
87 102 
87 214 
87 168 
87 216 
87 390 
87 179 
87 361 
87 40 
87 379 
87 199 
87 61 
87 234 
87 207 
87 37 
87 259 
87 340 
87 128 
87 398 
87 268 
87 229 
87 389 
87 36 
87 455 
87 334 
87 359 
87 360 
87 319 
87 192 
87 505 
87 502 
87 374 
87 110 
87 205 
87 302 
87 203 
87 466 
87 433 
87 349 
87 258 
87 333 
87 357 
87 471 
87 464 
87 196 
87 368 
87 138 
87 440 
87 42 
87 49 
87 308 
87 140 
87 291 
87 332 
87 508 
87 14 
87 117 
87 432 
87 336 
87 167 
87 15 
87 425 
87 322 
87 339 
87 284 
87 190 
87 235 
87 509 
87 256 
87 202 
87 173 
87 64 
87 496 
87 267 
87 191 
87 421 
87 103 
87 264 
87 220 
87 418 
87 129 
87 119 
87 74 
87 294 
87 449 
87 399 
87 161 
87 143 
87 8 
87 285 
87 222 
87 353 
87 239 
87 169 
87 497 
87 105 
87 52 
87 494 
87 274 
87 93 
87 450 
87 262 
87 407 
87 437 
87 297 
87 314 
87 307 
87 344 
87 435 
87 43 
87 383 
87 373 
87 197 
87 438 
87 459 
87 507 
87 209 
87 495 
87 480 
87 453 
87 39 
87 424 
87 423 
87 341 
87 288 
87 363 
87 388 
87 79 
87 299 
87 154 
87 501 
87 358 
87 489 
87 164 
87 133 
87 76 
87 232 
87 269 
87 331 
87 247 
87 132 
87 465 
87 263 
87 162 
87 100 
87 417 
87 392 
87 323 
87 231 
87 157 
87 426 
87 320 
87 89 
87 242 
87 4 
88 240 
88 131 
88 461 
88 290 
88 321 
88 80 
88 178 
88 127 
88 167 
88 443 
88 12 
88 62 
88 159 
88 229 
88 40 
88 510 
88 360 
88 132 
88 412 
88 152 
88 206 
88 425 
88 83 
88 343 
88 257 
88 21 
88 227 
88 224 
88 505 
88 369 
88 476 
88 289 
88 217 
88 468 
88 339 
88 344 
88 213 
88 42 
88 363 
88 247 
88 492 
88 405 
88 445 
88 490 
88 331 
88 310 
88 386 
88 453 
88 109 
88 313 
88 431 
88 357 
88 231 
88 323 
88 429 
88 220 
88 342 
88 373 
88 86 
88 503 
88 148 
88 93 
88 156 
88 296 
88 334 
88 96 
88 312 
88 416 
88 74 
88 199 
88 10 
88 210 
88 467 
88 205 
88 142 
88 146 
88 513 
88 368 
88 482 
88 319 
88 407 
88 332 
88 186 
88 324 
88 232 
88 350 
88 129 
88 288 
88 307 
88 263 
88 451 
88 464 
88 198 
88 110 
88 283 
88 169 
88 475 
88 427 
88 211 
88 69 
88 362 
88 130 
88 166 
88 203 
88 90 
88 59 
88 303 
88 267 
88 185 
88 27 
88 160 
88 39 
88 333 
88 345 
88 29 
88 367 
88 354 
88 304 
88 436 
88 234 
88 163 
88 302 
88 300 
88 53 
88 43 
88 417 
88 139 
88 502 
88 346 
88 32 
88 204 
88 177 
88 8 
88 488 
88 282 
88 449 
88 456 
88 209 
88 485 
88 180 
88 316 
88 385 
88 376 
88 498 
88 82 
88 383 
88 301 
88 136 
88 52 
88 266 
88 79 
88 24 
88 372 
88 11 
88 259 
88 458 
88 438 
88 377 
88 509 
88 7 
88 374 
88 189 
88 58 
88 422 
88 19 
89 498 
89 230 
89 68 
89 383 
89 91 
89 41 
89 49 
89 381 
89 8 
89 297 
89 262 
89 331 
89 429 
89 195 
89 250 
89 21 
89 234 
89 45 
89 359 
89 491 
89 55 
89 27 
89 442 
89 390 
89 13 
89 417 
89 9 
89 155 
89 473 
89 480 
89 239 
89 470 
89 286 
89 266 
89 66 
89 452 
89 308 
89 274 
89 237 
89 77 
89 232 
89 158 
89 351 
89 71 
89 324 
89 404 
89 82 
89 387 
89 278 
89 471 
89 399 
89 283 
89 39 
89 226 
89 505 
89 450 
89 222 
89 154 
89 420 
89 136 
89 117 
89 144 
89 508 
89 205 
89 433 
89 427 
89 137 
89 311 
89 181 
89 32 
89 416 
89 245 
89 31 
89 410 
89 268 
89 376 
89 288 
89 235 
89 98 
89 499 
89 476 
89 316 
89 367 
89 225 
89 380 
89 454 
89 24 
89 194 
89 423 
89 456 
89 431 
89 255 
89 496 
89 276 
89 394 
89 360 
89 210 
89 159 
89 477 
89 80 
89 90 
89 188 
89 0 
89 178 
89 69 
89 485 
89 28 
89 487 
89 378 
89 196 
89 501 
89 346 
89 483 
89 7 
89 307 
89 422 
89 124 
89 458 
89 257 
89 345 
89 400 
89 248 
89 488 
89 396 
89 271 
89 58 
89 448 
89 368 
89 489 
89 374 
89 459 
89 104 
89 336 
89 313 
89 252 
89 114 
89 455 
89 267 
89 162 
89 111 
89 233 
89 361 
89 243 
89 173 
89 348 
89 65 
89 193 
89 12 
89 504 
89 424 
89 50 
89 479 
89 127 
89 202 
89 290 
89 87 
89 375 
89 26 
90 468 
90 194 
90 411 
90 270 
90 500 
90 383 
90 466 
90 312 
90 130 
90 497 
90 402 
90 357 
90 126 
90 193 
90 93 
90 152 
90 456 
90 6 
90 295 
90 457 
90 124 
90 73 
90 474 
90 66 
90 395 
90 435 
90 405 
90 412 
90 101 
90 57 
90 59 
90 461 
90 469 
90 404 
90 31 
90 305 
90 175 
90 304 
90 387 
90 60 
90 251 
90 217 
90 98 
90 436 
90 382 
90 343 
90 400 
90 40 
90 292 
90 71 
90 197 
90 407 
90 373 
90 353 
90 168 
90 307 
90 222 
90 141 
90 443 
90 75 
90 489 
90 49 
90 8 
90 53 
90 25 
90 196 
90 21 
90 133 
90 287 
90 374 
90 50 
90 235 
90 472 
90 348 
90 78 
90 425 
90 389 
90 264 
90 283 
90 503 
90 344 
90 202 
90 281 
90 285 
90 191 
90 248 
90 413 
90 322 
90 89 
90 7 
90 351 
90 226 
90 243 
90 480 
90 176 
90 502 
90 88 
90 290 
90 506 
90 155 
90 441 
90 234 
90 414 
90 423 
90 220 
90 156 
90 223 
90 342 
90 74 
90 199 
90 216 
90 174 
90 104 
90 210 
90 278 
90 509 
90 495 
90 262 
90 449 
90 184 
90 419 
90 244 
90 302 
90 504 
90 70 
90 236 
90 481 
90 91 
90 227 
90 185 
90 453 
90 462 
90 30 
90 27 
90 15 
90 132 
90 310 
90 80 
90 329 
90 137 
90 424 
90 317 
90 309 
90 37 
90 273 
90 345 
90 108 
90 366 
90 350 
90 171 
90 246 
90 454 
90 65 
90 324 
90 271 
90 446 
90 125 
91 261 
91 126 
91 89 
91 343 
91 364 
91 115 
91 477 
91 167 
91 149 
91 268 
91 182 
91 410 
91 107 
91 333 
91 170 
91 478 
91 452 
91 336 
91 297 
91 1 
91 472 
91 393 
91 222 
91 144 
91 305 
91 138 
91 12 
91 130 
91 361 
91 84 
91 198 
91 61 
91 188 
91 375 
91 476 
91 512 
91 248 
91 203 
91 106 
91 36 
91 321 
91 10 
91 427 
91 24 
91 83 
91 103 
91 244 
91 78 
91 45 
91 493 
91 482 
91 57 
91 337 
91 27 
91 451 
91 400 
91 181 
91 395 
91 223 
91 498 
91 215 
91 298 
91 309 
91 46 
91 325 
91 489 
91 48 
91 142 
91 38 
91 387 
91 411 
91 17 
91 111 
91 507 
91 65 
91 25 
91 389 
91 418 
91 342 
91 320 
91 465 
91 191 
91 132 
91 267 
91 259 
91 458 
91 486 
91 202 
91 311 
91 168 
91 7 
91 207 
91 194 
91 513 
91 358 
91 13 
91 146 
91 502 
91 382 
91 429 
91 93 
91 99 
91 275 
91 216 
91 95 
91 391 
91 40 
91 58 
91 441 
91 205 
91 176 
91 461 
91 318 
91 60 
91 19 
91 480 
91 239 
91 165 
91 274 
91 264 
91 307 
91 187 
91 428 
91 460 
91 399 
91 150 
91 23 
91 459 
91 90 
91 152 
91 381 
91 174 
91 353 
91 153 
91 434 
91 282 
91 195 
91 363 
91 127 
91 71 
91 417 
91 373 
91 54 
91 371 
91 214 
91 112 
91 455 
91 385 
91 151 
92 329 
92 199 
92 488 
92 190 
92 149 
92 341 
92 261 
92 405 
92 318 
92 171 
92 26 
92 270 
92 411 
92 453 
92 196 
92 480 
92 126 
92 491 
92 227 
92 57 
92 186 
92 93 
92 197 
92 417 
92 206 
92 512 
92 20 
92 403 
92 280 
92 241 
92 413 
92 276 
92 54 
92 373 
92 18 
92 289 
92 359 
92 14 
92 59 
92 497 
92 390 
92 191 
92 130 
92 459 
92 266 
92 461 
92 77 
92 244 
92 166 
92 95 
92 55 
92 168 
92 219 
92 78 
92 248 
92 343 
92 200 
92 0 
92 115 
92 273 
92 53 
92 466 
92 47 
92 108 
92 170 
92 125 
92 446 
92 444 
92 463 
92 385 
92 51 
92 229 
92 380 
92 455 
92 5 
92 496 
92 68 
92 169 
92 81 
92 394 
92 391 
92 465 
92 255 
92 184 
92 279 
92 353 
92 306 
92 3 
92 509 
92 363 
92 328 
92 460 
92 320 
92 82 
92 161 
92 153 
92 281 
92 326 
92 49 
92 422 
92 412 
92 13 
92 2 
92 66 
92 157 
92 85 
92 223 
92 249 
92 114 
92 398 
92 260 
92 448 
92 408 
92 484 
92 406 
92 397 
92 352 
92 423 
92 176 
92 162 
92 458 
92 195 
92 361 
92 296 
92 187 
92 301 
92 24 
92 80 
92 347 
92 287 
92 377 
92 84 
92 370 
92 382 
92 498 
92 225 
92 436 
92 50 
92 167 
92 474 
92 443 
92 292 
92 152 
92 309 
92 52 
92 362 
92 327 
92 418 
92 212 
92 30 
92 365 
92 25 
93 304 
93 154 
93 261 
93 155 
93 508 
93 53 
93 132 
93 112 
93 141 
93 105 
93 378 
93 336 
93 108 
93 90 
93 195 
93 442 
93 345 
93 417 
93 92 
93 453 
93 382 
93 265 
93 413 
93 7 
93 54 
93 258 
93 322 
93 386 
93 252 
93 242 
93 180 
93 34 
93 23 
93 366 
93 450 
93 377 
93 369 
93 451 
93 146 
93 388 
93 253 
93 248 
93 329 
93 286 
93 384 
93 182 
93 493 
93 183 
93 448 
93 389 
93 6 
93 334 
93 470 
93 88 
93 184 
93 459 
93 202 
93 391 
93 339 
93 440 
93 363 
93 206 
93 233 
93 121 
93 344 
93 422 
93 228 
93 49 
93 129 
93 218 
93 297 
93 275 
93 181 
93 31 
93 333 
93 495 
93 513 
93 193 
93 490 
93 498 
93 457 
93 114 
93 467 
93 59 
93 427 
93 246 
93 349 
93 338 
93 379 
93 474 
93 343 
93 82 
93 134 
93 244 
93 58 
93 436 
93 4 
93 445 
93 176 
93 381 
93 237 
93 217 
93 147 
93 94 
93 371 
93 91 
93 301 
93 87 
93 390 
93 354 
93 115 
93 215 
93 452 
93 86 
93 370 
93 50 
93 96 
93 42 
93 511 
93 405 
93 414 
93 350 
93 39 
93 454 
93 316 
93 33 
93 283 
93 97 
93 337 
93 151 
93 462 
93 177 
93 2 
93 455 
93 437 
93 140 
93 284 
93 264 
93 506 
93 315 
93 78 
93 75 
93 288 
93 102 
93 84 
93 468 
93 139 
93 100 
93 266 
93 277 
93 163 
93 109 
93 435 
93 456 
93 479 
93 143 
93 423 
93 502 
93 291 
93 149 
94 148 
94 149 
94 209 
94 97 
94 197 
94 232 
94 477 
94 205 
94 507 
94 134 
94 267 
94 392 
94 304 
94 9 
94 133 
94 463 
94 483 
94 54 
94 416 
94 142 
94 31 
94 211 
94 104 
94 277 
94 454 
94 2 
94 406 
94 316 
94 492 
94 231 
94 75 
94 258 
94 112 
94 234 
94 443 
94 52 
94 101 
94 498 
94 84 
94 64 
94 346 
94 356 
94 412 
94 455 
94 491 
94 355 
94 200 
94 339 
94 45 
94 279 
94 185 
94 475 
94 348 
94 484 
94 273 
94 40 
94 59 
94 81 
94 247 
94 490 
94 427 
94 17 
94 276 
94 108 
94 140 
94 432 
94 103 
94 265 
94 384 
94 44 
94 343 
94 192 
94 506 
94 315 
94 51 
94 271 
94 222 
94 26 
94 447 
94 131 
94 362 
94 235 
94 308 
94 245 
94 342 
94 11 
94 381 
94 357 
94 280 
94 254 
94 170 
94 366 
94 46 
94 278 
94 260 
94 373 
94 218 
94 500 
94 233 
94 417 
94 430 
94 129 
94 312 
94 299 
94 433 
94 5 
94 74 
94 436 
94 501 
94 124 
94 420 
94 262 
94 302 
94 390 
94 334 
94 445 
94 93 
94 294 
94 468 
94 326 
94 425 
94 415 
94 423 
94 251 
94 287 
94 397 
94 428 
94 297 
94 126 
94 138 
94 121 
94 269 
94 354 
94 246 
94 253 
94 128 
94 167 
94 96 
94 8 
94 377 
94 168 
94 441 
94 215 
94 4 
94 214 
94 324 
94 106 
94 169 
94 452 
94 71 
94 42 
94 368 
94 180 
94 467 
94 393 
94 120 
94 493 
94 395 
94 118 
94 444 
94 105 
94 421 
94 68 
94 293 
94 410 
94 466 
95 252 
95 441 
95 261 
95 280 
95 469 
95 248 
95 244 
95 178 
95 224 
95 48 
95 156 
95 245 
95 461 
95 349 
95 438 
95 51 
95 190 
95 28 
95 199 
95 195 
95 8 
95 498 
95 422 
95 103 
95 372 
95 394 
95 339 
95 511 
95 148 
95 298 
95 431 
95 256 
95 56 
95 253 
95 429 
95 432 
95 34 
95 161 
95 250 
95 436 
95 99 
95 366 
95 439 
95 226 
95 64 
95 7 
95 92 
95 75 
95 183 
95 9 
95 66 
95 287 
95 419 
95 501 
95 118 
95 10 
95 338 
95 452 
95 172 
95 367 
95 26 
95 352 
95 52 
95 378 
95 451 
95 258 
95 356 
95 503 
95 401 
95 488 
95 292 
95 76 
95 37 
95 55 
95 230 
95 398 
95 386 
95 14 
95 481 
95 146 
95 187 
95 350 
95 234 
95 315 
95 212 
95 126 
95 129 
95 319 
95 194 
95 204 
95 484 
95 185 
95 446 
95 164 
95 477 
95 335 
95 476 
95 373 
95 363 
95 254 
95 239 
95 443 
95 13 
95 437 
95 384 
95 302 
95 260 
95 237 
95 168 
95 91 
95 2 
95 457 
95 304 
95 360 
95 201 
95 324 
95 417 
95 68 
95 158 
95 127 
95 139 
95 380 
95 214 
95 70 
95 395 
95 342 
95 310 
95 377 
95 19 
95 181 
95 6 
95 507 
95 271 
95 121 
95 406 
95 192 
95 78 
95 213 
95 104 
95 513 
95 61 
95 211 
95 198 
95 382 
95 474 
95 336 
95 402 
95 77 
95 107 
95 173 
95 314 
95 165 
95 50 
95 31 
95 424 
96 248 
96 136 
96 158 
96 505 
96 359 
96 318 
96 132 
96 154 
96 460 
96 353 
96 56 
96 10 
96 18 
96 344 
96 34 
96 306 
96 116 
96 379 
96 299 
96 381 
96 99 
96 39 
96 123 
96 231 
96 61 
96 203 
96 167 
96 383 
96 242 
96 266 
96 254 
96 213 
96 319 
96 109 
96 403 
96 102 
96 147 
96 259 
96 354 
96 75 
96 486 
96 417 
96 489 
96 38 
96 371 
96 433 
96 190 
96 477 
96 465 
96 269 
96 180 
96 270 
96 337 
96 88 
96 452 
96 399 
96 140 
96 284 
96 350 
96 262 
96 12 
96 54 
96 84 
96 334 
96 494 
96 419 
96 478 
96 11 
96 343 
96 293 
96 261 
96 265 
96 30 
96 22 
96 139 
96 76 
96 208 
96 304 
96 28 
96 342 
96 256 
96 369 
96 196 
96 239 
96 55 
96 288 
96 227 
96 312 
96 98 
96 37 
96 29 
96 445 
96 107 
96 401 
96 290 
96 279 
96 226 
96 372 
96 482 
96 469 
96 204 
96 434 
96 273 
96 36 
96 93 
96 473 
96 191 
96 244 
96 110 
96 418 
96 438 
96 429 
96 393 
96 425 
96 207 
96 94 
96 217 
96 364 
96 20 
96 229 
96 3 
96 395 
96 358 
96 8 
96 0 
96 286 
96 151 
96 21 
96 111 
96 368 
96 246 
96 502 
96 493 
96 490 
96 351 
96 498 
96 281 
96 6 
96 156 
96 101 
96 42 
96 137 
96 143 
96 268 
96 144 
96 459 
96 455 
96 252 
96 134 
97 128 
97 469 
97 100 
97 470 
97 94 
97 84 
97 164 
97 15 
97 131 
97 174 
97 290 
97 75 
97 361 
97 16 
97 60 
97 27 
97 451 
97 450 
97 11 
97 456 
97 48 
97 465 
97 198 
97 110 
97 171 
97 64 
97 302 
97 492 
97 480 
97 502 
97 426 
97 346 
97 351 
97 242 
97 286 
97 360 
97 2 
97 7 
97 224 
97 213 
97 177 
97 473 
97 411 
97 357 
97 292 
97 123 
97 5 
97 264 
97 392 
97 255 
97 151 
97 189 
97 461 
97 236 
97 82 
97 402 
97 149 
97 173 
97 38 
97 139 
97 324 
97 3 
97 238 
97 299 
97 25 
97 362 
97 497 
97 339 
97 445 
97 185 
97 311 
97 395 
97 65 
97 19 
97 455 
97 62 
97 1 
97 180 
97 125 
97 300 
97 493 
97 419 
97 460 
97 260 
97 415 
97 279 
97 196 
97 257 
97 318 
97 314 
97 421 
97 162 
97 105 
97 313 
97 144 
97 222 
97 147 
97 53 
97 233 
97 305 
97 121 
97 348 
97 494 
97 448 
97 50 
97 363 
97 280 
97 471 
97 93 
97 231 
97 141 
97 406 
97 420 
97 52 
97 10 
97 42 
97 20 
97 248 
97 323 
97 178 
97 225 
97 22 
97 132 
97 190 
97 45 
97 297 
97 271 
97 76 
97 439 
97 195 
97 137 
97 287 
97 417 
97 284 
97 21 
97 342 
97 486 
97 343 
97 39 
97 367 
97 172 
97 35 
97 436 
97 457 
97 209 
97 146 
97 161 
97 329 
97 205 
97 368 
97 377 
97 375 
97 263 
98 158 
98 182 
98 32 
98 164 
98 320 
98 325 
98 490 
98 381 
98 242 
98 288 
98 274 
98 430 
98 179 
98 397 
98 245 
98 21 
98 105 
98 499 
98 180 
98 47 
98 324 
98 467 
98 178 
98 328 
98 507 
98 260 
98 243 
98 196 
98 194 
98 485 
98 404 
98 382 
98 413 
98 23 
98 411 
98 152 
98 473 
98 361 
98 65 
98 195 
98 401 
98 286 
98 329 
98 412 
98 133 
98 432 
98 353 
98 90 
98 137 
98 464 
98 393 
98 218 
98 42 
98 342 
98 455 
98 506 
98 371 
98 343 
98 293 
98 409 
98 127 
98 14 
98 433 
98 28 
98 486 
98 494 
98 498 
98 465 
98 318 
98 420 
98 466 
98 246 
98 114 
98 225 
98 200 
98 380 
98 168 
98 89 
98 280 
98 463 
98 258 
98 331 
98 156 
98 54 
98 12 
98 25 
98 273 
98 232 
98 386 
98 159 
98 29 
98 51 
98 210 
98 350 
98 352 
98 61 
98 103 
98 415 
98 406 
98 155 
98 513 
98 169 
98 365 
98 344 
98 183 
98 176 
98 165 
98 265 
98 150 
98 408 
98 108 
98 17 
98 460 
98 104 
98 360 
98 36 
98 96 
98 231 
98 192 
98 226 
98 426 
98 113 
98 50 
98 100 
98 398 
98 38 
98 170 
98 177 
98 403 
98 157 
98 45 
98 484 
98 121 
98 181 
98 275 
98 496 
98 58 
98 454 
98 476 
98 227 
98 337 
98 346 
98 15 
98 461 
98 62 
98 284 
98 1 
98 347 
98 20 
98 185 
98 510 
98 489 
98 435 
98 143 
98 147 
98 445 
98 146 
98 67 
98 278 
98 193 
98 472 
98 49 
98 16 
98 81 
98 256 
98 234 
98 378 
98 441 
98 339 
98 254 
98 151 
98 221 
98 66 
99 415 
99 402 
99 414 
99 380 
99 66 
99 287 
99 8 
99 44 
99 445 
99 358 
99 355 
99 226 
99 250 
99 437 
99 453 
99 410 
99 96 
99 303 
99 286 
99 39 
99 36 
99 447 
99 491 
99 165 
99 204 
99 269 
99 460 
99 23 
99 388 
99 360 
99 326 
99 219 
99 146 
99 95 
99 463 
99 152 
99 502 
99 5 
99 221 
99 364 
99 260 
99 166 
99 193 
99 54 
99 253 
99 432 
99 247 
99 175 
99 419 
99 461 
99 283 
99 444 
99 225 
99 434 
99 183 
99 359 
99 436 
99 176 
99 273 
99 433 
99 277 
99 290 
99 263 
99 377 
99 389 
99 249 
99 304 
99 448 
99 321 
99 398 
99 154 
99 324 
99 111 
99 63 
99 373 
99 0 
99 171 
99 313 
99 100 
99 145 
99 365 
99 500 
99 4 
99 238 
99 505 
99 441 
99 61 
99 308 
99 306 
99 46 
99 239 
99 164 
99 232 
99 280 
99 214 
99 215 
99 423 
99 348 
99 157 
99 387 
99 482 
99 91 
99 456 
99 9 
99 512 
99 351 
99 440 
99 120 
99 213 
99 42 
99 411 
99 426 
99 107 
99 446 
99 186 
99 18 
99 439 
99 235 
99 333 
99 1 
99 374 
99 459 
99 34 
99 363 
99 382 
99 329 
99 177 
99 13 
99 391 
99 449 
99 507 
99 274 
99 451 
99 26 
99 191 
99 197 
99 442 
99 498 
99 81 
99 74 
99 68 
99 45 
99 490 
99 511 
99 147 
100 97 
100 388 
100 32 
100 327 
100 441 
100 209 
100 9 
100 312 
100 83 
100 465 
100 400 
100 156 
100 278 
100 293 
100 276 
100 104 
100 456 
100 208 
100 110 
100 402 
100 454 
100 248 
100 206 
100 415 
100 176 
100 113 
100 210 
100 73 
100 350 
100 196 
100 255 
100 71 
100 475 
100 483 
100 425 
100 317 
100 178 
100 43 
100 78 
100 283 
100 67 
100 54 
100 395 
100 120 
100 128 
100 23 
100 49 
100 268 
100 347 
100 123 
100 508 
100 324 
100 11 
100 273 
100 282 
100 216 
100 235 
100 261 
100 472 
100 179 
100 236 
100 510 
100 326 
100 198 
100 99 
100 55 
100 62 
100 280 
100 286 
100 281 
100 403 
100 328 
100 371 
100 370 
100 382 
100 457 
100 58 
100 142 
100 352 
100 336 
100 377 
100 15 
100 143 
100 497 
100 24 
100 144 
100 33 
100 153 
100 406 
100 221 
100 171 
100 172 
100 31 
100 108 
100 40 
100 10 
100 98 
100 228 
100 341 
100 17 
100 105 
100 151 
100 354 
100 130 
100 53 
100 444 
100 265 
100 164 
100 471 
100 463 
100 484 
100 364 
100 289 
100 133 
100 52 
100 330 
100 134 
100 131 
100 424 
100 496 
100 320 
100 70 
100 513 
100 150 
100 374 
100 488 
100 493 
100 379 
100 460 
100 35 
100 426 
100 372 
100 93 
100 290 
100 87 
100 56 
100 498 
100 187 
100 380 
100 408 
100 343 
100 37 
100 175 
101 435 
101 462 
101 135 
101 297 
101 247 
101 347 
101 169 
101 66 
101 291 
101 298 
101 184 
101 283 
101 285 
101 138 
101 238 
101 121 
101 402 
101 445 
101 268 
101 94 
101 48 
101 90 
101 475 
101 6 
101 29 
101 318 
101 136 
101 178 
101 373 
101 369 
101 108 
101 18 
101 342 
101 471 
101 250 
101 272 
101 35 
101 381 
101 410 
101 371 
101 172 
101 306 
101 290 
101 2 
101 166 
101 207 
101 141 
101 350 
101 412 
101 292 
101 140 
101 228 
101 173 
101 474 
101 312 
101 408 
101 476 
101 176 
101 183 
101 253 
101 454 
101 452 
101 210 
101 33 
101 13 
101 127 
101 180 
101 126 
101 463 
101 331 
101 104 
101 427 
101 455 
101 11 
101 0 
101 134 
101 413 
101 175 
101 425 
101 387 
101 377 
101 143 
101 150 
101 284 
101 164 
101 262 
101 218 
101 74 
101 64 
101 448 
101 326 
101 503 
101 232 
101 156 
101 162 
101 196 
101 187 
101 319 
101 333 
101 304 
101 251 
101 4 
101 20 
101 339 
101 456 
101 151 
101 258 
101 208 
101 148 
101 511 
101 464 
101 107 
101 421 
101 277 
101 216 
101 23 
101 118 
101 264 
101 77 
101 248 
101 191 
101 75 
101 131 
101 335 
101 358 
101 117 
101 224 
101 449 
101 415 
101 81 
101 507 
101 128 
101 96 
101 506 
101 157 
101 498 
101 114 
101 61 
101 8 
101 466 
101 305 
102 458 
102 36 
102 287 
102 124 
102 30 
102 268 
102 87 
102 43 
102 436 
102 419 
102 230 
102 120 
102 149 
102 291 
102 147 
102 29 
102 3 
102 439 
102 437 
102 361 
102 57 
102 507 
102 508 
102 512 
102 96 
102 48 
102 388 
102 243 
102 173 
102 83 
102 473 
102 229 
102 67 
102 472 
102 498 
102 354 
102 266 
102 76 
102 322 
102 501 
102 465 
102 408 
102 359 
102 183 
102 178 
102 64 
102 308 
102 305 
102 451 
102 323 
102 309 
102 406 
102 389 
102 362 
102 213 
102 410 
102 65 
102 417 
102 511 
102 179 
102 497 
102 428 
102 480 
102 440 
102 445 
102 394 
102 277 
102 353 
102 296 
102 281 
102 8 
102 248 
102 142 
102 107 
102 138 
102 12 
102 11 
102 513 
102 290 
102 53 
102 196 
102 223 
102 257 
102 379 
102 1 
102 283 
102 163 
102 244 
102 66 
102 156 
102 206 
102 462 
102 324 
102 186 
102 495 
102 110 
102 442 
102 381 
102 38 
102 386 
102 221 
102 329 
102 467 
102 368 
102 378 
102 330 
102 358 
102 119 
102 350 
102 58 
102 249 
102 72 
102 47 
102 413 
102 200 
102 238 
102 233 
102 421 
102 496 
102 77 
102 398 
102 461 
102 493 
102 14 
102 286 
102 345 
102 34 
102 415 
102 2 
102 427 
102 481 
102 342 
102 416 
102 479 
102 93 
102 212 
102 317 
102 177 
102 128 
102 143 
102 234 
102 144 
102 325 
102 5 
102 510 
102 482 
102 171 
102 477 
102 78 
102 62 
102 50 
102 475 
102 148 
102 9 
102 41 
102 360 
102 466 
102 24 
102 108 
102 282 
103 340 
103 390 
103 456 
103 165 
103 244 
103 395 
103 446 
103 187 
103 327 
103 48 
103 421 
103 232 
103 474 
103 38 
103 365 
103 391 
103 16 
103 476 
103 95 
103 189 
103 495 
103 212 
103 351 
103 502 
103 243 
103 9 
103 477 
103 150 
103 377 
103 307 
103 503 
103 148 
103 83 
103 383 
103 125 
103 181 
103 467 
103 49 
103 6 
103 72 
103 23 
103 91 
103 78 
103 441 
103 426 
103 20 
103 39 
103 403 
103 290 
103 380 
103 330 
103 287 
103 359 
103 316 
103 320 
103 449 
103 409 
103 367 
103 295 
103 238 
103 481 
103 94 
103 496 
103 454 
103 141 
103 337 
103 214 
103 419 
103 231 
103 220 
103 15 
103 229 
103 256 
103 135 
103 338 
103 250 
103 190 
103 228 
103 106 
103 309 
103 360 
103 98 
103 450 
103 158 
103 465 
103 74 
103 29 
103 251 
103 171 
103 87 
103 8 
103 478 
103 276 
103 462 
103 339 
103 354 
103 196 
103 341 
103 466 
103 210 
103 489 
103 488 
103 143 
103 350 
103 252 
103 366 
103 491 
103 170 
103 378 
103 418 
103 213 
103 368 
103 326 
103 298 
103 237 
103 325 
103 486 
103 304 
103 271 
103 457 
103 333 
103 379 
103 120 
103 398 
103 108 
103 355 
103 75 
103 173 
103 14 
103 497 
103 240 
103 64 
103 27 
103 511 
103 375 
103 114 
103 163 
103 444 
103 117 
103 4 
103 353 
103 104 
103 24 
103 182 
103 201 
103 274 
103 393 
103 361 
103 53 
104 15 
104 64 
104 264 
104 407 
104 74 
104 474 
104 457 
104 296 
104 167 
104 14 
104 219 
104 287 
104 10 
104 13 
104 250 
104 476 
104 370 
104 201 
104 94 
104 100 
104 61 
104 483 
104 193 
104 106 
104 395 
104 244 
104 323 
104 118 
104 419 
104 412 
104 510 
104 164 
104 58 
104 273 
104 232 
104 278 
104 337 
104 235 
104 378 
104 423 
104 443 
104 138 
104 509 
104 293 
104 35 
104 449 
104 55 
104 46 
104 176 
104 272 
104 387 
104 385 
104 181 
104 271 
104 37 
104 39 
104 285 
104 424 
104 299 
104 109 
104 114 
104 472 
104 393 
104 459 
104 6 
104 335 
104 274 
104 391 
104 56 
104 227 
104 7 
104 145 
104 163 
104 17 
104 467 
104 429 
104 101 
104 435 
104 246 
104 452 
104 332 
104 76 
104 255 
104 261 
104 172 
104 211 
104 184 
104 29 
104 394 
104 502 
104 210 
104 165 
104 223 
104 377 
104 302 
104 354 
104 75 
104 98 
104 67 
104 480 
104 360 
104 491 
104 242 
104 127 
104 236 
104 367 
104 268 
104 151 
104 422 
104 229 
104 440 
104 215 
104 214 
104 149 
104 356 
104 448 
104 294 
104 251 
104 233 
104 291 
104 90 
104 430 
104 16 
104 479 
104 259 
104 173 
104 375 
104 84 
104 48 
104 234 
104 89 
104 484 
104 501 
104 95 
104 379 
104 486 
104 202 
104 81 
104 319 
104 318 
104 103 
104 456 
104 477 
104 402 
104 303 
104 409 
104 45 
104 146 
104 34 
104 21 
104 207 
104 126 
104 36 
104 139 
104 9 
104 504 
105 404 
105 17 
105 178 
105 249 
105 414 
105 489 
105 251 
105 56 
105 119 
105 98 
105 375 
105 440 
105 319 
105 513 
105 286 
105 435 
105 451 
105 93 
105 420 
105 246 
105 294 
105 240 
105 190 
105 323 
105 228 
105 448 
105 354 
105 177 
105 318 
105 193 
105 111 
105 325 
105 106 
105 452 
105 302 
105 53 
105 458 
105 191 
105 121 
105 36 
105 86 
105 357 
105 189 
105 271 
105 478 
105 226 
105 262 
105 20 
105 129 
105 348 
105 61 
105 436 
105 174 
105 7 
105 269 
105 149 
105 431 
105 464 
105 303 
105 128 
105 411 
105 339 
105 347 
105 506 
105 203 
105 268 
105 258 
105 342 
105 207 
105 162 
105 242 
105 321 
105 362 
105 349 
105 359 
105 161 
105 444 
105 196 
105 368 
105 306 
105 221 
105 151 
105 277 
105 373 
105 388 
105 163 
105 501 
105 110 
105 227 
105 480 
105 397 
105 446 
105 365 
105 97 
105 355 
105 263 
105 427 
105 87 
105 380 
105 154 
105 423 
105 327 
105 27 
105 120 
105 169 
105 330 
105 100 
105 316 
105 490 
105 4 
105 336 
105 148 
105 49 
105 369 
105 456 
105 492 
105 412 
105 3 
105 60 
105 281 
105 442 
105 159 
105 113 
105 204 
105 42 
105 147 
105 15 
105 70 
105 469 
105 408 
105 168 
105 118 
105 463 
105 143 
105 494 
105 62 
105 68 
105 438 
105 344 
105 94 
105 223 
105 30 
105 496 
105 44 
105 475 
106 456 
106 241 
106 87 
106 53 
106 361 
106 177 
106 2 
106 18 
106 219 
106 281 
106 237 
106 201 
106 181 
106 111 
106 471 
106 134 
106 319 
106 416 
106 104 
106 473 
106 58 
106 247 
106 290 
106 396 
106 22 
106 335 
106 105 
106 506 
106 284 
106 91 
106 410 
106 253 
106 55 
106 435 
106 381 
106 389 
106 365 
106 485 
106 394 
106 26 
106 66 
106 390 
106 214 
106 165 
106 367 
106 510 
106 145 
106 153 
106 490 
106 411 
106 397 
106 450 
106 211 
106 331 
106 323 
106 377 
106 466 
106 39 
106 292 
106 509 
106 275 
106 103 
106 322 
106 376 
106 413 
106 314 
106 262 
106 159 
106 499 
106 12 
106 401 
106 68 
106 179 
106 406 
106 246 
106 118 
106 479 
106 47 
106 353 
106 23 
106 312 
106 447 
106 330 
106 407 
106 317 
106 223 
106 354 
106 439 
106 374 
106 476 
106 57 
106 255 
106 412 
106 147 
106 148 
106 60 
106 484 
106 224 
106 414 
106 133 
106 309 
106 440 
106 301 
106 441 
106 316 
106 234 
106 252 
106 293 
106 364 
106 162 
106 149 
106 356 
106 344 
106 8 
106 285 
106 487 
106 222 
106 338 
106 452 
106 270 
106 94 
106 40 
106 375 
106 405 
106 239 
106 235 
106 264 
106 127 
106 463 
106 212 
106 190 
106 63 
106 215 
106 169 
106 123 
106 176 
106 210 
106 337 
106 45 
106 194 
106 14 
107 384 
107 413 
107 415 
107 179 
107 11 
107 208 
107 247 
107 292 
107 91 
107 369 
107 317 
107 262 
107 201 
107 111 
107 513 
107 491 
107 116 
107 243 
107 441 
107 267 
107 424 
107 76 
107 16 
107 197 
107 50 
107 0 
107 420 
107 192 
107 416 
107 8 
107 82 
107 477 
107 509 
107 86 
107 253 
107 380 
107 219 
107 133 
107 329 
107 495 
107 175 
107 57 
107 40 
107 126 
107 486 
107 229 
107 356 
107 110 
107 47 
107 389 
107 144 
107 123 
107 19 
107 318 
107 305 
107 432 
107 303 
107 168 
107 245 
107 29 
107 309 
107 482 
107 344 
107 466 
107 70 
107 102 
107 187 
107 464 
107 510 
107 453 
107 494 
107 283 
107 231 
107 109 
107 36 
107 405 
107 377 
107 224 
107 27 
107 223 
107 114 
107 299 
107 239 
107 333 
107 257 
107 326 
107 96 
107 483 
107 222 
107 170 
107 355 
107 409 
107 12 
107 498 
107 215 
107 327 
107 152 
107 258 
107 335 
107 302 
107 191 
107 361 
107 489 
107 379 
107 364 
107 291 
107 156 
107 101 
107 99 
107 429 
107 121 
107 198 
107 266 
107 490 
107 268 
107 33 
107 298 
107 343 
107 174 
107 397 
107 178 
107 359 
107 437 
107 203 
107 246 
107 81 
107 230 
107 423 
107 470 
107 463 
107 287 
107 440 
107 238 
107 95 
107 443 
107 48 
107 505 
107 392 
107 385 
107 345 
108 459 
108 256 
108 154 
108 424 
108 218 
108 261 
108 386 
108 122 
108 215 
108 436 
108 485 
108 417 
108 190 
108 52 
108 383 
108 372 
108 125 
108 493 
108 61 
108 93 
108 177 
108 49 
108 205 
108 479 
108 19 
108 56 
108 29 
108 223 
108 60 
108 375 
108 64 
108 21 
108 206 
108 72 
108 20 
108 437 
108 150 
108 433 
108 262 
108 8 
108 35 
108 43 
108 63 
108 476 
108 147 
108 167 
108 174 
108 512 
108 403 
108 445 
108 321 
108 464 
108 366 
108 341 
108 112 
108 101 
108 50 
108 243 
108 57 
108 181 
108 473 
108 7 
108 197 
108 225 
108 508 
108 248 
108 347 
108 94 
108 213 
108 79 
108 44 
108 46 
108 271 
108 92 
108 73 
108 290 
108 409 
108 408 
108 311 
108 286 
108 195 
108 292 
108 123 
108 456 
108 117 
108 124 
108 455 
108 281 
108 283 
108 307 
108 410 
108 22 
108 287 
108 159 
108 229 
108 298 
108 324 
108 175 
108 302 
108 25 
108 45 
108 68 
108 39 
108 475 
108 430 
108 98 
108 310 
108 422 
108 274 
108 251 
108 395 
108 66 
108 235 
108 247 
108 211 
108 198 
108 126 
108 401 
108 441 
108 238 
108 331 
108 293 
108 100 
108 483 
108 109 
108 453 
108 269 
108 315 
108 277 
108 165 
108 288 
108 313 
108 330 
108 340 
108 418 
108 201 
108 299 
108 196 
108 155 
108 432 
108 13 
108 85 
108 103 
108 319 
108 145 
108 478 
108 404 
108 365 
108 376 
108 178 
108 118 
108 469 
108 354 
108 246 
108 4 
108 90 
108 280 
108 188 
108 297 
108 102 
108 345 
108 42 
108 458 
108 110 
108 170 
108 317 
108 389 
109 168 
109 56 
109 466 
109 349 
109 174 
109 138 
109 275 
109 304 
109 11 
109 121 
109 353 
109 1 
109 453 
109 266 
109 390 
109 438 
109 146 
109 191 
109 505 
109 489 
109 54 
109 23 
109 13 
109 55 
109 115 
109 253 
109 202 
109 465 
109 302 
109 276 
109 249 
109 34 
109 159 
109 201 
109 237 
109 96 
109 137 
109 402 
109 22 
109 506 
109 88 
109 371 
109 379 
109 29 
109 233 
109 290 
109 28 
109 300 
109 498 
109 238 
109 444 
109 501 
109 403 
109 110 
109 291 
109 415 
109 65 
109 212 
109 395 
109 175 
109 244 
109 422 
109 198 
109 494 
109 513 
109 425 
109 104 
109 122 
109 26 
109 500 
109 245 
109 263 
109 181 
109 434 
109 279 
109 197 
109 136 
109 205 
109 318 
109 50 
109 39 
109 107 
109 74 
109 142 
109 68 
109 167 
109 152 
109 78 
109 184 
109 236 
109 24 
109 6 
109 493 
109 177 
109 423 
109 400 
109 43 
109 274 
109 221 
109 145 
109 272 
109 131 
109 392 
109 156 
109 27 
109 393 
109 108 
109 311 
109 133 
109 200 
109 512 
109 297 
109 445 
109 510 
109 338 
109 345 
109 114 
109 213 
109 458 
109 182 
109 355 
109 271 
109 83 
109 143 
109 250 
109 69 
109 485 
109 369 
109 128 
109 370 
109 230 
109 210 
109 385 
109 481 
109 317 
109 470 
109 171 
109 154 
109 172 
109 239 
109 126 
109 173 
109 303 
109 8 
109 93 
109 188 
109 16 
109 341 
109 413 
109 487 
109 224 
109 327 
110 502 
110 227 
110 41 
110 443 
110 182 
110 245 
110 119 
110 452 
110 74 
110 83 
110 138 
110 312 
110 449 
110 204 
110 368 
110 350 
110 22 
110 97 
110 296 
110 416 
110 302 
110 513 
110 62 
110 136 
110 315 
110 335 
110 100 
110 47 
110 373 
110 433 
110 260 
110 414 
110 31 
110 425 
110 344 
110 87 
110 291 
110 125 
110 343 
110 303 
110 337 
110 371 
110 298 
110 463 
110 171 
110 79 
110 473 
110 261 
110 177 
110 238 
110 194 
110 55 
110 207 
110 317 
110 4 
110 172 
110 462 
110 394 
110 249 
110 397 
110 109 
110 148 
110 264 
110 453 
110 192 
110 123 
110 281 
110 107 
110 510 
110 57 
110 444 
110 193 
110 75 
110 348 
110 230 
110 255 
110 365 
110 387 
110 35 
110 259 
110 410 
110 270 
110 53 
110 401 
110 411 
110 221 
110 445 
110 159 
110 181 
110 40 
110 403 
110 85 
110 460 
110 327 
110 88 
110 512 
110 241 
110 381 
110 330 
110 323 
110 325 
110 398 
110 105 
110 34 
110 271 
110 435 
110 113 
110 102 
110 59 
110 362 
110 23 
110 407 
110 507 
110 240 
110 18 
110 258 
110 149 
110 9 
110 217 
110 39 
110 263 
110 96 
110 429 
110 288 
110 448 
110 43 
110 7 
110 124 
110 279 
110 369 
110 508 
110 158 
110 339 
110 254 
110 408 
110 355 
110 246 
110 142 
110 253 
110 293 
110 430 
110 332 
110 247 
110 160 
110 185 
110 438 
110 252 
110 338 
110 396 
110 152 
110 219 
110 140 
110 212 
110 127 
110 60 
110 375 
110 139 
110 168 
110 108 
111 160 
111 225 
111 415 
111 405 
111 133 
111 392 
111 353 
111 324 
111 306 
111 399 
111 320 
111 282 
111 317 
111 336 
111 451 
111 491 
111 494 
111 32 
111 106 
111 161 
111 144 
111 107 
111 24 
111 427 
111 8 
111 497 
111 211 
111 345 
111 105 
111 354 
111 401 
111 504 
111 115 
111 486 
111 390 
111 264 
111 170 
111 54 
111 428 
111 18 
111 210 
111 68 
111 155 
111 272 
111 9 
111 140 
111 182 
111 460 
111 286 
111 278 
111 15 
111 505 
111 307 
111 6 
111 501 
111 1 
111 158 
111 21 
111 65 
111 383 
111 267 
111 409 
111 270 
111 2 
111 350 
111 56 
111 446 
111 181 
111 188 
111 4 
111 13 
111 36 
111 475 
111 342 
111 435 
111 91 
111 261 
111 99 
111 156 
111 25 
111 246 
111 372 
111 232 
111 153 
111 513 
111 40 
111 386 
111 492 
111 436 
111 220 
111 506 
111 418 
111 314 
111 185 
111 229 
111 279 
111 262 
111 224 
111 349 
111 186 
111 344 
111 67 
111 256 
111 379 
111 168 
111 143 
111 305 
111 26 
111 400 
111 313 
111 440 
111 395 
111 131 
111 250 
111 174 
111 444 
111 331 
111 276 
111 508 
111 300 
111 389 
111 121 
111 81 
111 172 
111 402 
111 120 
111 20 
111 369 
111 117 
111 449 
111 147 
111 166 
111 397 
111 304 
111 193 
111 303 
111 319 
111 406 
111 96 
111 476 
111 35 
111 135 
111 269 
111 159 
111 488 
111 308 
111 89 
111 467 
111 414 
111 164 
111 3 
111 43 
111 209 
111 176 
111 292 
111 453 
111 281 
111 493 
111 70 
111 230 
111 139 
111 423 
111 424 
111 299 
111 19 
112 498 
112 222 
112 2 
112 371 
112 349 
112 17 
112 137 
112 271 
112 249 
112 264 
112 231 
112 124 
112 151 
112 219 
112 93 
112 304 
112 278 
112 310 
112 431 
112 288 
112 16 
112 378 
112 204 
112 154 
112 94 
112 232 
112 78 
112 330 
112 412 
112 188 
112 71 
112 42 
112 129 
112 54 
112 322 
112 118 
112 108 
112 399 
112 24 
112 122 
112 482 
112 469 
112 420 
112 234 
112 158 
112 15 
112 398 
112 191 
112 75 
112 152 
112 252 
112 341 
112 119 
112 86 
112 315 
112 352 
112 161 
112 39 
112 253 
112 244 
112 258 
112 6 
112 240 
112 501 
112 172 
112 65 
112 494 
112 440 
112 377 
112 61 
112 504 
112 505 
112 287 
112 43 
112 23 
112 383 
112 113 
112 145 
112 407 
112 508 
112 206 
112 335 
112 237 
112 450 
112 215 
112 429 
112 140 
112 389 
112 467 
112 459 
112 273 
112 81 
112 329 
112 58 
112 165 
112 155 
112 149 
112 22 
112 76 
112 156 
112 247 
112 297 
112 391 
112 121 
112 131 
112 279 
112 169 
112 452 
112 265 
112 136 
112 492 
112 9 
112 323 
112 259 
112 133 
112 44 
112 296 
112 455 
112 365 
112 29 
112 301 
112 38 
112 175 
112 477 
112 404 
112 18 
112 413 
112 35 
112 387 
112 47 
112 56 
112 338 
112 211 
112 380 
112 275 
112 268 
112 34 
112 423 
112 235 
112 139 
112 32 
112 194 
112 128 
112 91 
112 245 
112 359 
112 144 
112 176 
112 167 
113 46 
113 249 
113 274 
113 388 
113 467 
113 376 
113 244 
113 225 
113 270 
113 386 
113 161 
113 339 
113 423 
113 299 
113 297 
113 139 
113 431 
113 35 
113 336 
113 152 
113 48 
113 362 
113 363 
113 247 
113 163 
113 272 
113 277 
113 502 
113 14 
113 504 
113 239 
113 265 
113 100 
113 377 
113 83 
113 344 
113 327 
113 435 
113 269 
113 331 
113 484 
113 262 
113 300 
113 387 
113 326 
113 392 
113 355 
113 345 
113 66 
113 64 
113 224 
113 312 
113 154 
113 214 
113 25 
113 142 
113 478 
113 390 
113 281 
113 149 
113 114 
113 436 
113 199 
113 310 
113 330 
113 444 
113 164 
113 192 
113 181 
113 223 
113 180 
113 213 
113 227 
113 285 
113 10 
113 252 
113 416 
113 477 
113 460 
113 184 
113 21 
113 350 
113 53 
113 510 
113 317 
113 338 
113 509 
113 230 
113 309 
113 352 
113 283 
113 276 
113 266 
113 112 
113 121 
113 279 
113 483 
113 218 
113 321 
113 133 
113 153 
113 119 
113 389 
113 356 
113 418 
113 110 
113 248 
113 11 
113 253 
113 98 
113 197 
113 471 
113 367 
113 437 
113 366 
113 325 
113 400 
113 328 
113 229 
113 347 
113 319 
113 313 
113 198 
113 233 
113 3 
113 474 
113 406 
113 7 
113 81 
113 171 
113 240 
113 420 
113 476 
113 288 
113 280 
113 434 
113 196 
113 384 
113 24 
113 84 
113 466 
113 404 
113 23 
113 122 
113 454 
113 222 
113 105 
113 399 
113 438 
113 368 
113 440 
113 221 
113 463 
113 147 
113 256 
113 186 
113 9 
113 28 
113 429 
113 215 
113 489 
114 153 
114 123 
114 492 
114 236 
114 228 
114 318 
114 225 
114 146 
114 191 
114 436 
114 466 
114 399 
114 501 
114 222 
114 339 
114 160 
114 157 
114 448 
114 285 
114 37 
114 289 
114 61 
114 420 
114 156 
114 421 
114 410 
114 20 
114 488 
114 230 
114 400 
114 234 
114 270 
114 162 
114 493 
114 173 
114 489 
114 245 
114 136 
114 432 
114 150 
114 422 
114 297 
114 149 
114 252 
114 113 
114 241 
114 500 
114 71 
114 159 
114 171 
114 383 
114 394 
114 386 
114 314 
114 50 
114 366 
114 143 
114 471 
114 469 
114 203 
114 98 
114 415 
114 125 
114 76 
114 104 
114 409 
114 176 
114 16 
114 336 
114 347 
114 482 
114 437 
114 56 
114 170 
114 141 
114 292 
114 202 
114 326 
114 93 
114 370 
114 382 
114 350 
114 9 
114 212 
114 2 
114 180 
114 205 
114 456 
114 238 
114 215 
114 406 
114 62 
114 369 
114 464 
114 145 
114 346 
114 135 
114 107 
114 378 
114 312 
114 41 
114 338 
114 53 
114 438 
114 459 
114 168 
114 34 
114 36 
114 398 
114 495 
114 434 
114 92 
114 259 
114 502 
114 322 
114 223 
114 185 
114 295 
114 282 
114 52 
114 109 
114 138 
114 360 
114 391 
114 256 
114 319 
114 1 
114 63 
114 276 
114 278 
114 239 
114 89 
114 467 
114 508 
114 244 
114 504 
114 283 
114 198 
114 130 
114 193 
114 103 
114 32 
114 371 
114 132 
114 313 
114 503 
114 128 
114 5 
114 405 
114 101 
114 396 
114 232 
115 200 
115 461 
115 471 
115 211 
115 321 
115 263 
115 294 
115 302 
115 191 
115 509 
115 304 
115 155 
115 505 
115 226 
115 91 
115 412 
115 183 
115 139 
115 414 
115 353 
115 506 
115 169 
115 364 
115 393 
115 109 
115 395 
115 204 
115 40 
115 455 
115 440 
115 28 
115 308 
115 111 
115 25 
115 286 
115 24 
115 190 
115 72 
115 152 
115 454 
115 209 
115 406 
115 481 
115 394 
115 276 
115 448 
115 38 
115 324 
115 449 
115 380 
115 92 
115 344 
115 53 
115 407 
115 253 
115 240 
115 342 
115 474 
115 241 
115 502 
115 67 
115 151 
115 203 
115 237 
115 357 
115 242 
115 430 
115 307 
115 327 
115 223 
115 428 
115 167 
115 197 
115 129 
115 318 
115 285 
115 83 
115 59 
115 295 
115 138 
115 411 
115 354 
115 288 
115 370 
115 460 
115 194 
115 405 
115 16 
115 166 
115 317 
115 311 
115 433 
115 467 
115 27 
115 296 
115 303 
115 93 
115 134 
115 173 
115 458 
115 257 
115 452 
115 427 
115 70 
115 373 
115 80 
115 121 
115 492 
115 6 
115 32 
115 31 
115 142 
115 453 
115 136 
115 205 
115 69 
115 122 
115 46 
115 60 
115 182 
115 377 
115 160 
115 234 
115 485 
115 323 
115 39 
115 178 
115 146 
115 419 
115 163 
115 420 
115 124 
115 192 
115 37 
115 482 
115 513 
115 282 
115 1 
115 206 
115 47 
115 477 
115 382 
116 142 
116 407 
116 303 
116 414 
116 459 
116 259 
116 457 
116 285 
116 34 
116 472 
116 185 
116 181 
116 225 
116 139 
116 151 
116 204 
116 51 
116 375 
116 482 
116 260 
116 250 
116 96 
116 8 
116 50 
116 509 
116 372 
116 480 
116 107 
116 56 
116 342 
116 169 
116 222 
116 213 
116 49 
116 262 
116 293 
116 448 
116 40 
116 6 
116 456 
116 243 
116 454 
116 377 
116 321 
116 117 
116 124 
116 499 
116 25 
116 406 
116 316 
116 428 
116 493 
116 220 
116 86 
116 365 
116 447 
116 214 
116 361 
116 411 
116 325 
116 164 
116 223 
116 311 
116 347 
116 166 
116 30 
116 176 
116 363 
116 460 
116 505 
116 217 
116 305 
116 193 
116 36 
116 368 
116 26 
116 431 
116 219 
116 131 
116 13 
116 443 
116 489 
116 386 
116 46 
116 379 
116 354 
116 335 
116 79 
116 491 
116 5 
116 129 
116 61 
116 462 
116 263 
116 506 
116 78 
116 144 
116 178 
116 299 
116 168 
116 47 
116 232 
116 83 
116 2 
116 123 
116 486 
116 429 
116 455 
116 332 
116 132 
116 395 
116 473 
116 264 
116 246 
116 179 
116 64 
116 385 
116 128 
116 425 
116 378 
116 323 
116 398 
116 503 
116 446 
116 402 
116 481 
116 329 
116 171 
116 297 
116 119 
116 73 
116 322 
116 392 
116 1 
116 57 
116 348 
116 280 
116 433 
116 140 
116 143 
116 186 
116 265 
117 450 
117 393 
117 394 
117 276 
117 136 
117 377 
117 13 
117 437 
117 424 
117 21 
117 309 
117 160 
117 297 
117 67 
117 128 
117 37 
117 397 
117 133 
117 22 
117 7 
117 35 
117 20 
117 166 
117 162 
117 339 
117 323 
117 251 
117 250 
117 333 
117 271 
117 381 
117 336 
117 78 
117 512 
117 171 
117 296 
117 238 
117 462 
117 30 
117 219 
117 301 
117 354 
117 237 
117 116 
117 119 
117 89 
117 344 
117 0 
117 452 
117 508 
117 417 
117 170 
117 494 
117 466 
117 79 
117 26 
117 9 
117 63 
117 45 
117 288 
117 61 
117 189 
117 87 
117 499 
117 149 
117 283 
117 255 
117 108 
117 131 
117 448 
117 386 
117 483 
117 430 
117 246 
117 229 
117 338 
117 143 
117 38 
117 442 
117 44 
117 455 
117 55 
117 395 
117 235 
117 382 
117 372 
117 29 
117 337 
117 474 
117 153 
117 272 
117 144 
117 310 
117 72 
117 426 
117 505 
117 479 
117 82 
117 384 
117 277 
117 492 
117 405 
117 1 
117 80 
117 433 
117 468 
117 451 
117 325 
117 472 
117 31 
117 446 
117 125 
117 491 
117 111 
117 41 
117 317 
117 392 
117 441 
117 443 
117 141 
117 352 
117 5 
117 376 
117 137 
117 101 
117 34 
117 69 
117 218 
117 480 
117 56 
117 429 
117 477 
117 456 
117 340 
117 329 
117 403 
117 364 
117 299 
117 103 
117 76 
117 471 
117 306 
117 294 
117 444 
117 412 
117 464 
117 409 
117 373 
118 308 
118 68 
118 219 
118 289 
118 266 
118 409 
118 410 
118 66 
118 129 
118 364 
118 497 
118 236 
118 138 
118 506 
118 156 
118 46 
118 267 
118 215 
118 185 
118 47 
118 411 
118 169 
118 104 
118 418 
118 475 
118 254 
118 494 
118 168 
118 513 
118 41 
118 203 
118 495 
118 446 
118 217 
118 454 
118 336 
118 335 
118 393 
118 273 
118 340 
118 450 
118 112 
118 501 
118 69 
118 260 
118 318 
118 9 
118 363 
118 356 
118 383 
118 131 
118 305 
118 465 
118 395 
118 95 
118 353 
118 330 
118 404 
118 144 
118 317 
118 457 
118 477 
118 16 
118 166 
118 374 
118 452 
118 143 
118 299 
118 503 
118 135 
118 229 
118 346 
118 79 
118 414 
118 342 
118 504 
118 505 
118 265 
118 498 
118 264 
118 405 
118 295 
118 370 
118 437 
118 171 
118 145 
118 152 
118 415 
118 274 
118 221 
118 420 
118 257 
118 3 
118 406 
118 371 
118 61 
118 86 
118 470 
118 28 
118 192 
118 106 
118 341 
118 306 
118 321 
118 210 
118 291 
118 120 
118 377 
118 375 
118 57 
118 451 
118 27 
118 329 
118 207 
118 23 
118 132 
118 473 
118 468 
118 147 
118 500 
118 126 
118 256 
118 422 
118 193 
118 290 
118 173 
118 49 
118 80 
118 101 
118 399 
118 202 
118 34 
118 380 
118 315 
118 124 
118 62 
118 11 
118 228 
118 70 
118 401 
118 174 
118 184 
118 307 
118 249 
118 108 
118 105 
118 438 
118 250 
118 476 
118 94 
118 180 
118 77 
118 7 
118 186 
118 158 
118 279 
118 40 
118 361 
118 167 
118 426 
118 388 
119 472 
119 329 
119 110 
119 442 
119 296 
119 121 
119 380 
119 190 
119 105 
119 164 
119 221 
119 81 
119 161 
119 336 
119 269 
119 204 
119 14 
119 325 
119 55 
119 124 
119 225 
119 272 
119 421 
119 33 
119 232 
119 139 
119 152 
119 444 
119 390 
119 312 
119 65 
119 25 
119 381 
119 13 
119 41 
119 291 
119 320 
119 287 
119 347 
119 450 
119 409 
119 299 
119 317 
119 386 
119 184 
119 117 
119 199 
119 456 
119 17 
119 50 
119 249 
119 188 
119 476 
119 372 
119 345 
119 62 
119 2 
119 202 
119 439 
119 112 
119 445 
119 441 
119 486 
119 394 
119 275 
119 5 
119 266 
119 374 
119 410 
119 459 
119 222 
119 228 
119 437 
119 326 
119 400 
119 307 
119 371 
119 499 
119 1 
119 492 
119 435 
119 238 
119 173 
119 300 
119 405 
119 251 
119 252 
119 235 
119 172 
119 343 
119 265 
119 473 
119 332 
119 143 
119 391 
119 11 
119 87 
119 28 
119 60 
119 239 
119 113 
119 18 
119 195 
119 407 
119 231 
119 463 
119 446 
119 52 
119 260 
119 154 
119 339 
119 453 
119 30 
119 512 
119 328 
119 383 
119 194 
119 433 
119 59 
119 431 
119 102 
119 384 
119 140 
119 66 
119 363 
119 56 
119 8 
119 250 
119 9 
119 430 
119 397 
119 480 
119 510 
119 142 
119 189 
119 288 
119 73 
119 196 
119 376 
119 51 
119 128 
119 408 
119 330 
119 427 
119 116 
119 356 
119 234 
119 76 
119 213 
119 32 
119 137 
119 507 
119 301 
119 157 
119 479 
119 403 
119 247 
119 488 
119 448 
120 441 
120 136 
120 504 
120 230 
120 55 
120 49 
120 278 
120 344 
120 80 
120 152 
120 226 
120 294 
120 139 
120 493 
120 128 
120 317 
120 359 
120 459 
120 102 
120 304 
120 392 
120 371 
120 84 
120 378 
120 270 
120 82 
120 247 
120 312 
120 216 
120 17 
120 362 
120 122 
120 436 
120 227 
120 334 
120 395 
120 429 
120 51 
120 243 
120 316 
120 57 
120 431 
120 260 
120 131 
120 127 
120 235 
120 100 
120 149 
120 192 
120 355 
120 237 
120 258 
120 432 
120 21 
120 60 
120 132 
120 44 
120 356 
120 340 
120 506 
120 400 
120 162 
120 71 
120 140 
120 308 
120 29 
120 391 
120 440 
120 410 
120 389 
120 171 
120 386 
120 187 
120 348 
120 34 
120 267 
120 321 
120 8 
120 253 
120 417 
120 189 
120 427 
120 510 
120 414 
120 484 
120 26 
120 263 
120 398 
120 475 
120 251 
120 206 
120 283 
120 45 
120 118 
120 379 
120 249 
120 198 
120 494 
120 79 
120 328 
120 276 
120 305 
120 99 
120 105 
120 212 
120 56 
120 443 
120 496 
120 111 
120 213 
120 68 
120 403 
120 221 
120 229 
120 231 
120 154 
120 103 
120 204 
120 1 
120 225 
120 298 
120 311 
120 67 
120 137 
120 20 
120 218 
120 366 
120 28 
120 125 
120 335 
120 347 
120 336 
120 94 
120 384 
120 209 
120 369 
120 223 
120 505 
120 4 
120 25 
120 313 
120 326 
120 268 
120 12 
120 13 
120 507 
121 73 
121 259 
121 497 
121 119 
121 411 
121 109 
121 388 
121 72 
121 329 
121 492 
121 498 
121 56 
121 361 
121 455 
121 372 
121 194 
121 127 
121 203 
121 260 
121 16 
121 101 
121 239 
121 332 
121 283 
121 470 
121 263 
121 380 
121 413 
121 345 
121 261 
121 268 
121 491 
121 443 
121 447 
121 136 
121 301 
121 246 
121 105 
121 257 
121 378 
121 417 
121 349 
121 81 
121 18 
121 213 
121 324 
121 317 
121 209 
121 369 
121 28 
121 162 
121 9 
121 425 
121 277 
121 267 
121 323 
121 342 
121 196 
121 79 
121 188 
121 190 
121 31 
121 467 
121 84 
121 154 
121 341 
121 134 
121 58 
121 93 
121 128 
121 391 
121 320 
121 67 
121 51 
121 258 
121 421 
121 135 
121 270 
121 158 
121 24 
121 140 
121 176 
121 137 
121 266 
121 232 
121 139 
121 165 
121 153 
121 113 
121 36 
121 152 
121 168 
121 471 
121 133 
121 322 
121 292 
121 42 
121 502 
121 442 
121 340 
121 296 
121 371 
121 441 
121 326 
121 403 
121 25 
121 97 
121 94 
121 159 
121 275 
121 112 
121 144 
121 115 
121 32 
121 430 
121 505 
121 111 
121 248 
121 367 
121 98 
121 107 
121 86 
121 45 
121 33 
121 483 
121 461 
121 375 
121 237 
121 398 
121 26 
121 358 
121 150 
121 444 
121 478 
121 141 
121 95 
121 123 
121 433 
121 377 
121 352 
121 482 
121 66 
121 445 
121 39 
121 385 
121 14 
121 220 
121 381 
121 440 
121 156 
121 235 
121 315 
121 276 
122 416 
122 442 
122 154 
122 414 
122 507 
122 22 
122 108 
122 299 
122 276 
122 226 
122 37 
122 493 
122 172 
122 489 
122 13 
122 210 
122 14 
122 4 
122 294 
122 352 
122 243 
122 51 
122 221 
122 273 
122 321 
122 363 
122 460 
122 130 
122 293 
122 304 
122 436 
122 419 
122 413 
122 429 
122 120 
122 341 
122 508 
122 209 
122 187 
122 245 
122 159 
122 496 
122 410 
122 64 
122 241 
122 43 
122 131 
122 259 
122 212 
122 432 
122 129 
122 497 
122 473 
122 230 
122 372 
122 49 
122 143 
122 167 
122 148 
122 112 
122 462 
122 384 
122 487 
122 31 
122 186 
122 495 
122 76 
122 358 
122 470 
122 492 
122 132 
122 6 
122 204 
122 147 
122 265 
122 483 
122 163 
122 70 
122 336 
122 109 
122 340 
122 218 
122 349 
122 457 
122 141 
122 238 
122 333 
122 216 
122 214 
122 162 
122 200 
122 356 
122 431 
122 188 
122 123 
122 47 
122 7 
122 206 
122 275 
122 485 
122 468 
122 254 
122 408 
122 301 
122 45 
122 26 
122 477 
122 330 
122 174 
122 228 
122 263 
122 467 
122 253 
122 315 
122 169 
122 164 
122 360 
122 249 
122 401 
122 332 
122 296 
122 379 
122 454 
122 458 
122 316 
122 290 
122 133 
122 412 
122 199 
122 161 
122 317 
122 192 
122 115 
122 389 
122 404 
122 331 
122 211 
122 80 
122 135 
122 55 
122 334 
122 113 
122 501 
122 500 
122 466 
122 291 
122 439 
122 329 
122 284 
122 189 
122 343 
122 270 
122 505 
122 72 
122 250 
122 381 
122 85 
122 282 
122 335 
122 202 
122 449 
122 227 
122 194 
122 150 
122 427 
122 357 
122 258 
122 289 
122 326 
122 28 
123 26 
123 40 
123 343 
123 397 
123 386 
123 503 
123 283 
123 114 
123 378 
123 289 
123 296 
123 404 
123 359 
123 225 
123 198 
123 398 
123 231 
123 268 
123 300 
123 332 
123 414 
123 96 
123 466 
123 6 
123 454 
123 148 
123 209 
123 210 
123 51 
123 131 
123 272 
123 247 
123 513 
123 160 
123 339 
123 80 
123 369 
123 253 
123 495 
123 183 
123 97 
123 151 
123 494 
123 207 
123 100 
123 250 
123 77 
123 220 
123 411 
123 463 
123 242 
123 447 
123 285 
123 158 
123 149 
123 15 
123 110 
123 139 
123 166 
123 298 
123 399 
123 201 
123 107 
123 239 
123 510 
123 337 
123 186 
123 138 
123 108 
123 314 
123 462 
123 375 
123 465 
123 10 
123 506 
123 243 
123 122 
123 227 
123 274 
123 16 
123 135 
123 277 
123 467 
123 379 
123 279 
123 205 
123 456 
123 355 
123 78 
123 187 
123 59 
123 385 
123 21 
123 3 
123 490 
123 350 
123 43 
123 18 
123 349 
123 124 
123 336 
123 116 
123 295 
123 228 
123 329 
123 262 
123 301 
123 136 
123 348 
123 468 
123 7 
123 31 
123 478 
123 17 
123 342 
123 469 
123 365 
123 380 
123 127 
123 163 
123 480 
123 335 
123 475 
123 246 
123 125 
123 13 
123 316 
123 416 
123 458 
123 121 
123 387 
123 216 
123 245 
123 218 
123 388 
123 286 
123 474 
123 439 
123 452 
123 499 
123 504 
123 293 
123 133 
123 12 
123 32 
123 188 
123 11 
123 106 
123 189 
124 197 
124 276 
124 61 
124 381 
124 102 
124 129 
124 450 
124 7 
124 139 
124 264 
124 78 
124 112 
124 425 
124 405 
124 157 
124 52 
124 191 
124 90 
124 119 
124 237 
124 64 
124 161 
124 206 
124 75 
124 397 
124 235 
124 189 
124 169 
124 454 
124 385 
124 187 
124 333 
124 461 
124 209 
124 466 
124 199 
124 458 
124 79 
124 80 
124 428 
124 192 
124 315 
124 116 
124 136 
124 463 
124 44 
124 261 
124 152 
124 158 
124 299 
124 65 
124 312 
124 374 
124 318 
124 292 
124 137 
124 344 
124 34 
124 108 
124 400 
124 427 
124 467 
124 505 
124 335 
124 487 
124 173 
124 486 
124 49 
124 213 
124 330 
124 478 
124 249 
124 508 
124 363 
124 414 
124 94 
124 155 
124 222 
124 204 
124 131 
124 149 
124 294 
124 496 
124 141 
124 123 
124 479 
124 323 
124 370 
124 476 
124 371 
124 25 
124 338 
124 291 
124 280 
124 263 
124 132 
124 419 
124 89 
124 257 
124 367 
124 472 
124 287 
124 223 
124 110 
124 63 
124 198 
124 134 
124 300 
124 40 
124 401 
124 322 
124 483 
124 391 
124 399 
124 255 
124 164 
124 225 
124 118 
124 475 
124 35 
124 366 
124 498 
124 147 
124 12 
124 115 
124 422 
124 240 
124 211 
124 50 
124 39 
124 253 
124 140 
124 500 
124 449 
124 334 
124 195 
124 430 
124 295 
124 205 
124 457 
124 250 
124 342 
124 193 
124 471 
124 127 
125 341 
125 503 
125 12 
125 50 
125 157 
125 260 
125 508 
125 284 
125 300 
125 283 
125 64 
125 499 
125 357 
125 49 
125 108 
125 439 
125 464 
125 396 
125 457 
125 311 
125 204 
125 186 
125 235 
125 132 
125 351 
125 375 
125 71 
125 438 
125 428 
125 465 
125 418 
125 398 
125 492 
125 155 
125 11 
125 459 
125 110 
125 103 
125 371 
125 379 
125 6 
125 77 
125 312 
125 391 
125 76 
125 78 
125 329 
125 350 
125 327 
125 3 
125 224 
125 85 
125 374 
125 419 
125 267 
125 355 
125 171 
125 477 
125 67 
125 446 
125 175 
125 192 
125 474 
125 317 
125 373 
125 346 
125 335 
125 286 
125 306 
125 400 
125 227 
125 2 
125 493 
125 92 
125 339 
125 114 
125 128 
125 450 
125 261 
125 403 
125 189 
125 75 
125 233 
125 510 
125 328 
125 278 
125 304 
125 254 
125 81 
125 489 
125 216 
125 343 
125 217 
125 140 
125 82 
125 97 
125 276 
125 436 
125 182 
125 305 
125 14 
125 55 
125 158 
125 172 
125 208 
125 63 
125 234 
125 17 
125 411 
125 242 
125 199 
125 486 
125 384 
125 365 
125 156 
125 207 
125 481 
125 255 
125 66 
125 25 
125 268 
125 320 
125 301 
125 505 
125 195 
125 487 
125 253 
125 258 
125 117 
125 390 
125 345 
125 362 
125 123 
125 288 
125 282 
125 458 
125 72 
125 360 
125 151 
125 259 
125 145 
125 409 
125 24 
125 237 
125 410 
125 48 
125 120 
125 277 
125 215 
125 298 
125 302 
125 476 
125 241 
125 240 
125 392 
125 90 
125 449 
125 441 
125 448 
126 362 
126 445 
126 91 
126 267 
126 442 
126 269 
126 283 
126 311 
126 257 
126 286 
126 454 
126 233 
126 92 
126 281 
126 90 
126 336 
126 414 
126 474 
126 293 
126 154 
126 363 
126 420 
126 274 
126 325 
126 292 
126 165 
126 513 
126 482 
126 236 
126 431 
126 497 
126 505 
126 261 
126 212 
126 335 
126 169 
126 475 
126 128 
126 409 
126 229 
126 60 
126 451 
126 294 
126 107 
126 408 
126 471 
126 263 
126 188 
126 190 
126 24 
126 25 
126 9 
126 231 
126 375 
126 194 
126 413 
126 255 
126 339 
126 132 
126 62 
126 101 
126 146 
126 473 
126 444 
126 479 
126 494 
126 246 
126 95 
126 17 
126 464 
126 196 
126 364 
126 399 
126 500 
126 59 
126 19 
126 258 
126 314 
126 508 
126 131 
126 52 
126 248 
126 309 
126 476 
126 407 
126 79 
126 222 
126 135 
126 223 
126 47 
126 80 
126 167 
126 422 
126 45 
126 182 
126 108 
126 186 
126 243 
126 295 
126 200 
126 203 
126 94 
126 150 
126 12 
126 340 
126 432 
126 461 
126 443 
126 486 
126 273 
126 446 
126 151 
126 118 
126 387 
126 377 
126 227 
126 253 
126 251 
126 495 
126 368 
126 272 
126 40 
126 197 
126 450 
126 481 
126 179 
126 452 
126 49 
126 74 
126 66 
126 345 
126 266 
126 390 
126 46 
126 312 
126 109 
126 204 
126 433 
126 484 
126 149 
126 383 
126 104 
126 351 
126 326 
126 496 
126 73 
126 70 
126 39 
127 359 
127 314 
127 420 
127 156 
127 385 
127 158 
127 88 
127 393 
127 230 
127 52 
127 419 
127 509 
127 483 
127 247 
127 388 
127 412 
127 403 
127 413 
127 180 
127 373 
127 209 
127 219 
127 362 
127 121 
127 396 
127 370 
127 197 
127 427 
127 417 
127 75 
127 60 
127 168 
127 84 
127 444 
127 438 
127 273 
127 295 
127 278 
127 30 
127 26 
127 48 
127 176 
127 54 
127 77 
127 421 
127 369 
127 472 
127 424 
127 120 
127 49 
127 2 
127 223 
127 250 
127 82 
127 241 
127 478 
127 243 
127 352 
127 79 
127 155 
127 33 
127 98 
127 503 
127 174 
127 195 
127 232 
127 299 
127 480 
127 40 
127 143 
127 16 
127 218 
127 172 
127 445 
127 436 
127 494 
127 229 
127 394 
127 252 
127 220 
127 364 
127 400 
127 51 
127 345 
127 378 
127 286 
127 203 
127 101 
127 208 
127 235 
127 253 
127 402 
127 128 
127 380 
127 450 
127 500 
127 184 
127 212 
127 374 
127 376 
127 1 
127 159 
127 3 
127 293 
127 451 
127 9 
127 426 
127 23 
127 70 
127 130 
127 56 
127 104 
127 248 
127 227 
127 12 
127 331 
127 317 
127 439 
127 29 
127 342 
127 181 
127 175 
127 242 
127 463 
127 375 
127 415 
127 95 
127 34 
127 328 
127 437 
127 61 
127 499 
127 204 
127 244 
127 405 
127 409 
127 63 
127 123 
127 343 
127 178 
127 245 
127 258 
127 474 
127 300 
127 470 
127 131 
127 464 
127 340 
127 31 
127 501 
127 326 
127 453 
127 91 
127 347 
127 106 
127 148 
127 58 
127 110 
127 282 
127 456 
127 65 
127 255 
127 497 
127 398 
127 297 
127 89 
127 383 
127 454 
127 482 
127 329 
127 263 
127 86 
127 124 
128 97 
128 453 
128 470 
128 340 
128 44 
128 412 
128 400 
128 438 
128 190 
128 434 
128 18 
128 465 
128 181 
128 372 
128 375 
128 416 
128 120 
128 158 
128 16 
128 497 
128 14 
128 413 
128 482 
128 184 
128 87 
128 449 
128 117 
128 334 
128 283 
128 505 
128 309 
128 65 
128 405 
128 366 
128 363 
128 391 
128 70 
128 205 
128 32 
128 358 
128 292 
128 361 
128 201 
128 338 
128 279 
128 203 
128 420 
128 49 
128 142 
128 85 
128 100 
128 472 
128 277 
128 151 
128 284 
128 337 
128 352 
128 126 
128 447 
128 167 
128 41 
128 215 
128 77 
128 260 
128 259 
128 105 
128 511 
128 427 
128 316 
128 241 
128 464 
128 74 
128 180 
128 436 
128 121 
128 125 
128 160 
128 47 
128 308 
128 480 
128 493 
128 137 
128 471 
128 383 
128 172 
128 75 
128 211 
128 155 
128 288 
128 212 
128 127 
128 304 
128 24 
128 229 
128 6 
128 131 
128 418 
128 494 
128 271 
128 10 
128 136 
128 219 
128 60 
128 402 
128 290 
128 35 
128 197 
128 484 
128 370 
128 31 
128 407 
128 510 
128 250 
128 239 
128 451 
128 369 
128 394 
128 55 
128 322 
128 116 
128 223 
128 62 
128 328 
128 94 
128 393 
128 330 
128 12 
128 489 
128 222 
128 165 
128 248 
128 182 
128 397 
128 481 
128 272 
128 119 
128 440 
128 145 
128 146 
128 109 
128 341 
128 433 
128 76 
128 362 
128 278 
128 68 
128 102 
128 101 
128 450 
128 307 
128 166 
128 251 
128 114 
128 195 
128 112 
128 129 
128 503 
128 431 
129 273 
129 202 
129 203 
129 493 
129 66 
129 402 
129 118 
129 124 
129 322 
129 249 
129 205 
129 319 
129 506 
129 290 
129 315 
129 44 
129 367 
129 48 
129 145 
129 323 
129 306 
129 327 
129 168 
129 467 
129 170 
129 320 
129 35 
129 400 
129 390 
129 112 
129 26 
129 122 
129 246 
129 376 
129 105 
129 510 
129 272 
129 438 
129 135 
129 146 
129 70 
129 371 
129 247 
129 84 
129 375 
129 475 
129 139 
129 289 
129 357 
129 393 
129 453 
129 143 
129 477 
129 304 
129 302 
129 349 
129 507 
129 233 
129 421 
129 407 
129 321 
129 299 
129 293 
129 346 
129 167 
129 298 
129 188 
129 443 
129 93 
129 487 
129 20 
129 78 
129 184 
129 311 
129 287 
129 339 
129 158 
129 485 
129 88 
129 147 
129 155 
129 439 
129 191 
129 95 
129 294 
129 429 
129 406 
129 489 
129 242 
129 445 
129 263 
129 383 
129 171 
129 115 
129 149 
129 94 
129 87 
129 116 
129 34 
129 49 
129 215 
129 16 
129 230 
129 469 
129 505 
129 348 
129 457 
129 231 
129 195 
129 385 
129 329 
129 458 
129 156 
129 212 
129 309 
129 481 
129 251 
129 63 
129 335 
129 369 
129 39 
129 500 
129 343 
129 404 
129 234 
129 17 
129 479 
129 409 
129 38 
129 86 
129 239 
129 511 
129 361 
129 238 
129 423 
129 372 
129 40 
129 359 
129 419 
129 362 
129 148 
129 30 
129 50 
129 6 
129 37 
129 435 
129 207 
129 196 
129 220 
129 74 
129 286 
129 379 
129 217 
129 83 
129 260 
129 47 
129 19 
129 9 
129 206 
129 128 
129 244 
129 397 
130 468 
130 336 
130 352 
130 26 
130 467 
130 326 
130 8 
130 90 
130 38 
130 368 
130 366 
130 2 
130 382 
130 346 
130 60 
130 65 
130 122 
130 45 
130 159 
130 284 
130 403 
130 302 
130 91 
130 389 
130 188 
130 388 
130 40 
130 273 
130 222 
130 166 
130 398 
130 92 
130 291 
130 333 
130 465 
130 81 
130 420 
130 234 
130 147 
130 44 
130 414 
130 472 
130 406 
130 274 
130 258 
130 34 
130 53 
130 31 
130 429 
130 167 
130 399 
130 461 
130 272 
130 10 
130 207 
130 323 
130 305 
130 15 
130 395 
130 140 
130 223 
130 68 
130 83 
130 198 
130 73 
130 260 
130 412 
130 262 
130 236 
130 332 
130 488 
130 351 
130 290 
130 457 
130 76 
130 359 
130 35 
130 464 
130 59 
130 330 
130 61 
130 506 
130 36 
130 218 
130 182 
130 3 
130 483 
130 37 
130 372 
130 1 
130 176 
130 444 
130 66 
130 201 
130 397 
130 191 
130 47 
130 162 
130 469 
130 227 
130 146 
130 88 
130 427 
130 224 
130 150 
130 127 
130 49 
130 82 
130 315 
130 394 
130 307 
130 181 
130 142 
130 5 
130 405 
130 380 
130 249 
130 75 
130 265 
130 409 
130 160 
130 100 
130 268 
130 202 
130 152 
130 362 
130 172 
130 460 
130 317 
130 210 
130 241 
130 442 
130 22 
130 196 
130 243 
130 114 
130 169 
130 239 
130 192 
130 39 
130 252 
130 416 
130 422 
130 12 
130 136 
130 487 
130 58 
130 479 
130 56 
130 294 
130 296 
130 334 
130 42 
131 78 
131 389 
131 483 
131 88 
131 97 
131 219 
131 484 
131 157 
131 38 
131 8 
131 481 
131 315 
131 443 
131 274 
131 192 
131 502 
131 62 
131 376 
131 75 
131 58 
131 241 
131 143 
131 469 
131 249 
131 447 
131 296 
131 79 
131 349 
131 73 
131 468 
131 44 
131 141 
131 482 
131 123 
131 190 
131 25 
131 122 
131 37 
131 181 
131 489 
131 120 
131 180 
131 236 
131 67 
131 199 
131 54 
131 264 
131 372 
131 304 
131 118 
131 217 
131 136 
131 194 
131 319 
131 198 
131 488 
131 64 
131 439 
131 342 
131 345 
131 415 
131 4 
131 386 
131 182 
131 400 
131 487 
131 152 
131 177 
131 318 
131 210 
131 473 
131 285 
131 321 
131 246 
131 94 
131 338 
131 7 
131 117 
131 24 
131 437 
131 280 
131 476 
131 116 
131 279 
131 446 
131 438 
131 383 
131 496 
131 406 
131 322 
131 253 
131 139 
131 126 
131 500 
131 270 
131 441 
131 128 
131 134 
131 70 
131 144 
131 396 
131 124 
131 410 
131 111 
131 168 
131 171 
131 109 
131 425 
131 408 
131 188 
131 112 
131 440 
131 334 
131 300 
131 391 
131 247 
131 211 
131 418 
131 19 
131 335 
131 504 
131 65 
131 101 
131 278 
131 289 
131 475 
131 384 
131 511 
131 100 
131 127 
131 422 
131 142 
131 55 
131 183 
131 176 
131 299 
131 232 
131 460 
131 269 
131 457 
131 306 
131 405 
131 463 
131 51 
131 262 
131 57 
131 407 
131 466 
131 248 
131 33 
132 498 
132 480 
132 430 
132 309 
132 62 
132 444 
132 96 
132 246 
132 93 
132 503 
132 423 
132 278 
132 386 
132 468 
132 88 
132 353 
132 56 
132 450 
132 125 
132 319 
132 21 
132 446 
132 396 
132 410 
132 494 
132 141 
132 424 
132 400 
132 218 
132 299 
132 381 
132 362 
132 483 
132 351 
132 298 
132 150 
132 186 
132 307 
132 236 
132 404 
132 255 
132 399 
132 454 
132 120 
132 281 
132 495 
132 208 
132 332 
132 292 
132 502 
132 443 
132 315 
132 222 
132 59 
132 122 
132 240 
132 197 
132 261 
132 330 
132 20 
132 289 
132 174 
132 382 
132 34 
132 9 
132 415 
132 126 
132 144 
132 35 
132 72 
132 418 
132 409 
132 407 
132 40 
132 181 
132 46 
132 417 
132 490 
132 149 
132 355 
132 91 
132 345 
132 191 
132 419 
132 84 
132 322 
132 195 
132 326 
132 42 
132 67 
132 251 
132 50 
132 348 
132 193 
132 291 
132 152 
132 436 
132 380 
132 467 
132 233 
132 442 
132 146 
132 500 
132 10 
132 179 
132 333 
132 116 
132 244 
132 384 
132 124 
132 118 
132 209 
132 216 
132 452 
132 465 
132 262 
132 224 
132 2 
132 264 
132 462 
132 168 
132 484 
132 53 
132 242 
132 439 
132 49 
132 97 
132 354 
132 471 
132 13 
132 221 
132 360 
132 433 
132 367 
132 90 
132 408 
132 248 
132 160 
132 464 
132 463 
132 505 
132 207 
132 78 
132 151 
132 421 
132 159 
132 271 
132 16 
132 280 
132 227 
132 357 
132 434 
132 85 
132 87 
132 114 
132 37 
132 509 
132 250 
132 33 
132 206 
132 447 
132 140 
132 306 
132 486 
132 267 
133 25 
133 440 
133 111 
133 207 
133 358 
133 31 
133 13 
133 368 
133 94 
133 136 
133 345 
133 388 
133 196 
133 507 
133 467 
133 465 
133 415 
133 155 
133 35 
133 10 
133 161 
133 41 
133 297 
133 445 
133 117 
133 63 
133 9 
133 402 
133 85 
133 381 
133 142 
133 362 
133 178 
133 416 
133 430 
133 343 
133 284 
133 425 
133 98 
133 320 
133 250 
133 257 
133 481 
133 152 
133 107 
133 459 
133 192 
133 464 
133 262 
133 406 
133 21 
133 11 
133 197 
133 492 
133 446 
133 239 
133 338 
133 413 
133 357 
133 380 
133 434 
133 74 
133 29 
133 500 
133 245 
133 51 
133 151 
133 228 
133 177 
133 278 
133 231 
133 455 
133 502 
133 337 
133 206 
133 90 
133 30 
133 510 
133 40 
133 391 
133 176 
133 202 
133 232 
133 80 
133 218 
133 3 
133 163 
133 405 
133 170 
133 36 
133 315 
133 246 
133 285 
133 185 
133 267 
133 167 
133 47 
133 113 
133 444 
133 121 
133 214 
133 22 
133 216 
133 429 
133 411 
133 330 
133 348 
133 157 
133 12 
133 187 
133 426 
133 513 
133 396 
133 310 
133 221 
133 299 
133 109 
133 122 
133 106 
133 112 
133 370 
133 83 
133 209 
133 212 
133 71 
133 346 
133 100 
133 6 
133 490 
133 443 
133 420 
133 7 
133 339 
133 37 
133 153 
133 409 
133 390 
133 87 
133 205 
133 69 
133 75 
133 123 
133 27 
133 466 
133 495 
133 259 
133 485 
133 57 
133 367 
133 412 
133 442 
133 227 
133 365 
134 412 
134 171 
134 499 
134 415 
134 75 
134 33 
134 429 
134 94 
134 466 
134 413 
134 224 
134 208 
134 198 
134 193 
134 8 
134 391 
134 470 
134 106 
134 444 
134 286 
134 468 
134 301 
134 482 
134 278 
134 201 
134 161 
134 298 
134 313 
134 173 
134 419 
134 440 
134 400 
134 247 
134 233 
134 73 
134 209 
134 303 
134 339 
134 192 
134 281 
134 288 
134 271 
134 354 
134 352 
134 459 
134 421 
134 255 
134 86 
134 243 
134 494 
134 202 
134 230 
134 492 
134 77 
134 152 
134 490 
134 121 
134 496 
134 293 
134 31 
134 284 
134 493 
134 203 
134 71 
134 416 
134 297 
134 486 
134 327 
134 219 
134 64 
134 205 
134 471 
134 3 
134 175 
134 404 
134 253 
134 52 
134 170 
134 101 
134 276 
134 242 
134 443 
134 228 
134 289 
134 93 
134 148 
134 131 
134 290 
134 176 
134 452 
134 306 
134 220 
134 280 
134 450 
134 251 
134 423 
134 115 
134 473 
134 505 
134 277 
134 381 
134 23 
134 61 
134 184 
134 425 
134 418 
134 357 
134 124 
134 154 
134 185 
134 236 
134 341 
134 355 
134 179 
134 402 
134 501 
134 41 
134 100 
134 35 
134 232 
134 332 
134 144 
134 6 
134 37 
134 477 
134 489 
134 135 
134 369 
134 266 
134 441 
134 315 
134 349 
134 238 
134 309 
134 153 
134 366 
134 279 
134 57 
134 403 
134 408 
134 270 
134 504 
134 320 
134 420 
134 335 
134 96 
134 13 
135 74 
135 47 
135 163 
135 101 
135 215 
135 405 
135 63 
135 333 
135 234 
135 475 
135 82 
135 326 
135 483 
135 482 
135 396 
135 69 
135 177 
135 28 
135 319 
135 361 
135 433 
135 360 
135 442 
135 428 
135 486 
135 434 
135 191 
135 251 
135 448 
135 484 
135 499 
135 143 
135 61 
135 359 
135 414 
135 154 
135 454 
135 289 
135 227 
135 412 
135 198 
135 203 
135 182 
135 230 
135 374 
135 56 
135 141 
135 387 
135 176 
135 158 
135 262 
135 410 
135 343 
135 129 
135 351 
135 165 
135 253 
135 32 
135 24 
135 64 
135 436 
135 48 
135 172 
135 457 
135 456 
135 485 
135 140 
135 151 
135 159 
135 378 
135 62 
135 284 
135 118 
135 477 
135 190 
135 181 
135 103 
135 72 
135 121 
135 275 
135 199 
135 465 
135 161 
135 316 
135 123 
135 269 
135 425 
135 510 
135 288 
135 424 
135 415 
135 328 
135 391 
135 192 
135 315 
135 152 
135 466 
135 114 
135 186 
135 469 
135 21 
135 126 
135 452 
135 346 
135 301 
135 313 
135 401 
135 0 
135 352 
135 513 
135 349 
135 426 
135 248 
135 323 
135 429 
135 356 
135 505 
135 37 
135 231 
135 471 
135 197 
135 331 
135 179 
135 156 
135 41 
135 122 
135 395 
135 1 
135 506 
135 493 
135 213 
135 297 
135 20 
135 497 
135 16 
135 385 
135 111 
135 167 
135 397 
135 296 
135 134 
135 208 
135 257 
135 241 
135 218 
135 390 
135 10 
135 271 
135 380 
135 18 
135 503 
135 367 
135 488 
135 196 
135 194 
135 160 
135 222 
135 370 
135 460 
136 96 
136 173 
136 262 
136 120 
136 117 
136 496 
136 485 
136 509 
136 361 
136 381 
136 427 
136 254 
136 449 
136 479 
136 344 
136 133 
136 206 
136 429 
136 481 
136 110 
136 52 
136 269 
136 0 
136 184 
136 23 
136 121 
136 68 
136 349 
136 378 
136 101 
136 114 
136 395 
136 236 
136 238 
136 89 
136 124 
136 311 
136 224 
136 48 
136 6 
136 268 
136 131 
136 308 
136 490 
136 201 
136 2 
136 203 
136 264 
136 437 
136 424 
136 263 
136 214 
136 472 
136 22 
136 202 
136 383 
136 211 
136 504 
136 337 
136 318 
136 49 
136 172 
136 398 
136 454 
136 460 
136 321 
136 420 
136 65 
136 355 
136 407 
136 109 
136 251 
136 409 
136 386 
136 416 
136 170 
136 57 
136 181 
136 242 
136 324 
136 306 
136 128 
136 12 
136 220 
136 342 
136 76 
136 145 
136 148 
136 199 
136 423 
136 139 
136 368 
136 257 
136 78 
136 40 
136 151 
136 138 
136 267 
136 513 
136 334 
136 404 
136 73 
136 370 
136 274 
136 123 
136 288 
136 158 
136 112 
136 259 
136 356 
136 312 
136 54 
136 38 
136 64 
136 19 
136 115 
136 433 
136 281 
136 341 
136 221 
136 63 
136 171 
136 512 
136 294 
136 200 
136 436 
136 88 
136 488 
136 166 
136 266 
136 491 
136 233 
136 492 
136 369 
136 487 
136 156 
136 130 
136 335 
136 292 
136 406 
136 348 
136 358 
136 241 
136 81 
136 192 
137 221 
137 112 
137 392 
137 61 
137 28 
137 477 
137 502 
137 334 
137 148 
137 396 
137 42 
137 238 
137 359 
137 325 
137 207 
137 84 
137 328 
137 233 
137 216 
137 393 
137 386 
137 263 
137 271 
137 442 
137 374 
137 178 
137 265 
137 444 
137 508 
137 312 
137 224 
137 109 
137 423 
137 18 
137 190 
137 327 
137 378 
137 414 
137 456 
137 98 
137 264 
137 208 
137 237 
137 63 
137 338 
137 240 
137 242 
137 141 
137 146 
137 152 
137 89 
137 500 
137 437 
137 462 
137 286 
137 80 
137 162 
137 124 
137 382 
137 400 
137 339 
137 406 
137 348 
137 257 
137 46 
137 128 
137 76 
137 436 
137 86 
137 181 
137 121 
137 441 
137 438 
137 413 
137 169 
137 173 
137 143 
137 501 
137 175 
137 321 
137 480 
137 11 
137 204 
137 55 
137 248 
137 484 
137 149 
137 453 
137 499 
137 138 
137 308 
137 293 
137 198 
137 449 
137 69 
137 17 
137 236 
137 200 
137 186 
137 50 
137 422 
137 404 
137 439 
137 491 
137 460 
137 397 
137 331 
137 24 
137 368 
137 447 
137 379 
137 430 
137 448 
137 150 
137 167 
137 316 
137 49 
137 197 
137 349 
137 117 
137 225 
137 26 
137 513 
137 6 
137 5 
137 330 
137 72 
137 485 
137 120 
137 145 
137 97 
137 412 
137 38 
137 90 
137 222 
137 307 
137 416 
137 188 
137 161 
137 119 
137 256 
137 43 
137 410 
137 435 
137 67 
137 96 
137 333 
137 279 
137 234 
137 144 
137 36 
137 211 
137 157 
137 22 
137 283 
138 44 
138 402 
138 109 
138 110 
138 152 
138 118 
138 215 
138 309 
138 315 
138 178 
138 224 
138 439 
138 75 
138 212 
138 322 
138 193 
138 511 
138 30 
138 101 
138 141 
138 500 
138 497 
138 386 
138 267 
138 311 
138 506 
138 2 
138 50 
138 91 
138 194 
138 329 
138 181 
138 239 
138 491 
138 462 
138 369 
138 145 
138 229 
138 456 
138 372 
138 371 
138 306 
138 504 
138 104 
138 176 
138 346 
138 430 
138 263 
138 163 
138 351 
138 246 
138 324 
138 359 
138 220 
138 18 
138 71 
138 259 
138 280 
138 161 
138 348 
138 87 
138 296 
138 433 
138 361 
138 240 
138 252 
138 294 
138 46 
138 319 
138 498 
138 477 
138 307 
138 260 
138 345 
138 399 
138 293 
138 470 
138 303 
138 355 
138 286 
138 440 
138 407 
138 449 
138 123 
138 262 
138 509 
138 266 
138 162 
138 335 
138 353 
138 64 
138 441 
138 102 
138 230 
138 15 
138 367 
138 80 
138 187 
138 342 
138 81 
138 391 
138 115 
138 0 
138 85 
138 235 
138 275 
138 196 
138 453 
138 137 
138 183 
138 473 
138 73 
138 66 
138 136 
138 41 
138 409 
138 68 
138 388 
138 156 
138 221 
138 312 
138 94 
138 414 
138 358 
138 86 
138 37 
138 304 
138 226 
138 26 
138 268 
138 236 
138 114 
138 398 
138 432 
138 42 
138 434 
138 437 
138 471 
138 419 
138 507 
138 273 
138 395 
138 417 
138 488 
138 442 
138 341 
138 77 
138 211 
138 489 
138 344 
138 62 
138 198 
138 142 
138 374 
138 258 
138 264 
138 451 
138 401 
138 384 
138 76 
139 366 
139 306 
139 281 
139 64 
139 303 
139 362 
139 220 
139 475 
139 61 
139 318 
139 124 
139 34 
139 120 
139 3 
139 113 
139 115 
139 346 
139 218 
139 434 
139 474 
139 446 
139 116 
139 141 
139 264 
139 336 
139 177 
139 354 
139 399 
139 511 
139 78 
139 278 
139 355 
139 23 
139 234 
139 119 
139 210 
139 500 
139 390 
139 332 
139 293 
139 228 
139 37 
139 442 
139 72 
139 377 
139 29 
139 480 
139 483 
139 4 
139 420 
139 429 
139 242 
139 484 
139 153 
139 272 
139 263 
139 401 
139 466 
139 166 
139 283 
139 2 
139 54 
139 297 
139 97 
139 129 
139 473 
139 389 
139 361 
139 356 
139 123 
139 188 
139 22 
139 286 
139 261 
139 231 
139 488 
139 396 
139 86 
139 282 
139 245 
139 379 
139 252 
139 491 
139 151 
139 21 
139 52 
139 334 
139 96 
139 353 
139 494 
139 121 
139 131 
139 376 
139 232 
139 465 
139 279 
139 185 
139 374 
139 430 
139 81 
139 63 
139 35 
139 136 
139 212 
139 171 
139 167 
139 77 
139 314 
139 495 
139 164 
139 208 
139 347 
139 182 
139 322 
139 195 
139 299 
139 327 
139 274 
139 95 
139 217 
139 243 
139 88 
139 28 
139 237 
139 55 
139 148 
139 408 
139 331 
139 301 
139 392 
139 298 
139 226 
139 38 
139 352 
139 503 
139 294 
139 158 
139 307 
139 222 
139 93 
139 411 
139 431 
139 51 
139 112 
139 196 
139 154 
139 341 
139 482 
139 363 
139 110 
139 385 
139 104 
139 111 
139 73 
140 271 
140 489 
140 5 
140 280 
140 334 
140 433 
140 473 
140 75 
140 481 
140 505 
140 6 
140 23 
140 4 
140 385 
140 210 
140 397 
140 46 
140 490 
140 202 
140 164 
140 32 
140 393 
140 45 
140 188 
140 380 
140 295 
140 247 
140 429 
140 31 
140 485 
140 327 
140 21 
140 357 
140 52 
140 402 
140 355 
140 48 
140 460 
140 184 
140 111 
140 389 
140 444 
140 496 
140 94 
140 438 
140 96 
140 130 
140 176 
140 262 
140 87 
140 304 
140 246 
140 135 
140 101 
140 120 
140 339 
140 83 
140 231 
140 488 
140 459 
140 79 
140 242 
140 504 
140 121 
140 417 
140 125 
140 73 
140 201 
140 400 
140 472 
140 218 
140 74 
140 284 
140 344 
140 159 
140 15 
140 442 
140 285 
140 226 
140 470 
140 112 
140 143 
140 281 
140 413 
140 401 
140 57 
140 394 
140 501 
140 388 
140 69 
140 38 
140 451 
140 502 
140 234 
140 364 
140 177 
140 119 
140 269 
140 283 
140 300 
140 373 
140 228 
140 255 
140 440 
140 507 
140 278 
140 410 
140 183 
140 408 
140 436 
140 93 
140 235 
140 404 
140 427 
140 10 
140 275 
140 180 
140 447 
140 40 
140 361 
140 30 
140 366 
140 110 
140 124 
140 20 
140 486 
140 310 
140 244 
140 14 
140 227 
140 307 
140 324 
140 116 
140 132 
140 243 
140 169 
140 81 
140 491 
141 53 
141 381 
141 248 
141 227 
141 510 
141 444 
141 149 
141 215 
141 21 
141 322 
141 379 
141 93 
141 406 
141 435 
141 175 
141 139 
141 196 
141 65 
141 138 
141 186 
141 416 
141 25 
141 459 
141 11 
141 178 
141 437 
141 478 
141 432 
141 462 
141 132 
141 131 
141 45 
141 162 
141 486 
141 49 
141 210 
141 501 
141 39 
141 332 
141 231 
141 467 
141 135 
141 296 
141 209 
141 35 
141 229 
141 326 
141 333 
141 137 
141 410 
141 189 
141 313 
141 423 
141 33 
141 328 
141 101 
141 14 
141 425 
141 73 
141 103 
141 90 
141 426 
141 232 
141 171 
141 373 
141 29 
141 499 
141 153 
141 482 
141 122 
141 237 
141 176 
141 290 
141 83 
141 172 
141 370 
141 495 
141 41 
141 269 
141 114 
141 181 
141 442 
141 5 
141 356 
141 184 
141 392 
141 380 
141 502 
141 67 
141 498 
141 173 
141 177 
141 507 
141 199 
141 348 
141 307 
141 324 
141 421 
141 124 
141 225 
141 86 
141 3 
141 157 
141 357 
141 366 
141 165 
141 480 
141 169 
141 294 
141 419 
141 289 
141 97 
141 407 
141 281 
141 236 
141 247 
141 350 
141 51 
141 299 
141 280 
141 477 
141 340 
141 488 
141 117 
141 446 
141 360 
141 414 
141 8 
141 121 
141 428 
141 382 
141 249 
141 298 
141 438 
141 450 
141 404 
141 483 
141 24 
141 346 
141 255 
141 471 
141 323 
141 314 
141 78 
141 364 
141 275 
141 214 
141 512 
141 282 
141 262 
141 155 
141 160 
142 116 
142 449 
142 218 
142 344 
142 273 
142 426 
142 325 
142 436 
142 367 
142 147 
142 204 
142 285 
142 195 
142 433 
142 475 
142 502 
142 64 
142 94 
142 459 
142 60 
142 393 
142 495 
142 378 
142 174 
142 291 
142 421 
142 493 
142 302 
142 14 
142 133 
142 61 
142 375 
142 211 
142 249 
142 128 
142 250 
142 289 
142 276 
142 245 
142 350 
142 339 
142 113 
142 313 
142 488 
142 336 
142 278 
142 66 
142 351 
142 199 
142 62 
142 400 
142 414 
142 425 
142 72 
142 416 
142 387 
142 161 
142 272 
142 347 
142 310 
142 202 
142 301 
142 70 
142 470 
142 408 
142 239 
142 455 
142 12 
142 241 
142 178 
142 88 
142 251 
142 39 
142 91 
142 309 
142 448 
142 3 
142 480 
142 404 
142 102 
142 68 
142 201 
142 81 
142 461 
142 422 
142 354 
142 7 
142 300 
142 342 
142 498 
142 420 
142 258 
142 109 
142 261 
142 100 
142 158 
142 2 
142 32 
142 447 
142 279 
142 49 
142 17 
142 185 
142 130 
142 265 
142 36 
142 189 
142 281 
142 467 
142 358 
142 424 
142 471 
142 483 
142 9 
142 308 
142 349 
142 20 
142 115 
142 374 
142 172 
142 160 
142 194 
142 423 
142 452 
142 41 
142 119 
142 182 
142 156 
142 220 
142 110 
142 48 
142 46 
142 52 
142 324 
142 29 
142 402 
142 35 
142 54 
142 196 
142 45 
142 44 
142 322 
142 131 
142 176 
142 333 
142 482 
142 437 
142 76 
142 294 
142 208 
142 352 
142 275 
142 267 
142 18 
142 138 
142 269 
142 293 
142 197 
143 309 
143 346 
143 332 
143 212 
143 201 
143 188 
143 73 
143 155 
143 273 
143 40 
143 131 
143 196 
143 453 
143 26 
143 480 
143 351 
143 354 
143 353 
143 135 
143 375 
143 45 
143 425 
143 34 
143 329 
143 29 
143 30 
143 419 
143 281 
143 370 
143 14 
143 156 
143 38 
143 297 
143 481 
143 328 
143 211 
143 153 
143 459 
143 5 
143 355 
143 435 
143 122 
143 489 
143 48 
143 418 
143 59 
143 244 
143 467 
143 289 
143 42 
143 129 
143 127 
143 470 
143 152 
143 66 
143 114 
143 254 
143 118 
143 161 
143 81 
143 235 
143 16 
143 0 
143 402 
143 79 
143 284 
143 172 
143 397 
143 316 
143 183 
143 292 
143 23 
143 55 
143 410 
143 137 
143 282 
143 54 
143 69 
143 117 
143 461 
143 50 
143 247 
143 215 
143 149 
143 200 
143 326 
143 119 
143 1 
143 337 
143 266 
143 101 
143 170 
143 431 
143 87 
143 276 
143 100 
143 111 
143 140 
143 18 
143 3 
143 103 
143 333 
143 19 
143 311 
143 78 
143 479 
143 466 
143 485 
143 300 
143 146 
143 56 
143 465 
143 308 
143 503 
143 446 
143 390 
143 371 
143 347 
143 25 
143 349 
143 218 
143 377 
143 109 
143 343 
143 233 
143 426 
143 98 
143 210 
143 291 
143 160 
143 102 
143 376 
143 105 
143 27 
143 398 
143 364 
143 71 
143 381 
143 342 
143 380 
143 96 
143 423 
143 182 
143 116 
143 181 
143 93 
143 462 
143 484 
143 304 
144 513 
144 295 
144 45 
144 452 
144 220 
144 494 
144 54 
144 16 
144 471 
144 44 
144 111 
144 198 
144 210 
144 356 
144 221 
144 23 
144 64 
144 349 
144 91 
144 419 
144 465 
144 214 
144 241 
144 501 
144 48 
144 424 
144 348 
144 361 
144 365 
144 52 
144 285 
144 358 
144 366 
144 460 
144 391 
144 384 
144 58 
144 483 
144 42 
144 28 
144 158 
144 89 
144 306 
144 368 
144 265 
144 155 
144 162 
144 5 
144 317 
144 79 
144 30 
144 118 
144 393 
144 335 
144 186 
144 187 
144 7 
144 107 
144 278 
144 193 
144 397 
144 423 
144 431 
144 281 
144 3 
144 433 
144 476 
144 422 
144 132 
144 219 
144 232 
144 18 
144 294 
144 363 
144 235 
144 469 
144 510 
144 402 
144 86 
144 17 
144 328 
144 410 
144 406 
144 382 
144 298 
144 131 
144 385 
144 237 
144 224 
144 117 
144 225 
144 116 
144 310 
144 379 
144 234 
144 97 
144 185 
144 167 
144 293 
144 151 
144 100 
144 322 
144 417 
144 309 
144 200 
144 14 
144 367 
144 32 
144 461 
144 334 
144 273 
144 73 
144 121 
144 427 
144 203 
144 440 
144 408 
144 287 
144 6 
144 400 
144 152 
144 229 
144 202 
144 435 
144 428 
144 509 
144 353 
144 376 
144 439 
144 290 
144 444 
144 437 
144 472 
144 134 
144 196 
144 218 
144 389 
144 245 
144 205 
144 426 
144 66 
144 102 
144 260 
144 390 
144 168 
144 326 
144 81 
144 271 
144 96 
144 137 
144 340 
144 467 
144 338 
144 112 
145 162 
145 246 
145 513 
145 484 
145 259 
145 257 
145 322 
145 508 
145 48 
145 7 
145 20 
145 460 
145 432 
145 129 
145 419 
145 242 
145 457 
145 399 
145 307 
145 267 
145 19 
145 332 
145 422 
145 227 
145 255 
145 138 
145 339 
145 13 
145 420 
145 53 
145 174 
145 493 
145 271 
145 263 
145 497 
145 84 
145 325 
145 351 
145 470 
145 324 
145 434 
145 3 
145 386 
145 43 
145 387 
145 260 
145 6 
145 285 
145 156 
145 262 
145 157 
145 361 
145 106 
145 469 
145 34 
145 276 
145 357 
145 377 
145 192 
145 435 
145 71 
145 180 
145 389 
145 228 
145 425 
145 229 
145 299 
145 254 
145 104 
145 292 
145 59 
145 99 
145 203 
145 118 
145 510 
145 347 
145 179 
145 345 
145 331 
145 274 
145 5 
145 472 
145 300 
145 112 
145 146 
145 114 
145 374 
145 486 
145 454 
145 136 
145 14 
145 181 
145 393 
145 381 
145 480 
145 109 
145 465 
145 153 
145 499 
145 159 
145 149 
145 459 
145 428 
145 482 
145 197 
145 352 
145 222 
145 448 
145 344 
145 75 
145 238 
145 16 
145 304 
145 437 
145 492 
145 451 
145 251 
145 370 
145 80 
145 373 
145 440 
145 207 
145 128 
145 226 
145 424 
145 256 
145 137 
145 391 
145 78 
145 125 
145 427 
145 189 
145 108 
145 458 
145 413 
145 407 
145 269 
145 490 
145 295 
145 64 
145 2 
145 230 
145 429 
145 82 
145 385 
145 337 
145 348 
145 301 
145 194 
145 233 
145 282 
145 483 
145 213 
145 31 
145 473 
146 455 
146 162 
146 356 
146 505 
146 31 
146 469 
146 250 
146 186 
146 503 
146 192 
146 114 
146 74 
146 200 
146 331 
146 50 
146 254 
146 44 
146 109 
146 181 
146 16 
146 295 
146 26 
146 391 
146 85 
146 268 
146 352 
146 298 
146 286 
146 397 
146 41 
146 32 
146 176 
146 241 
146 441 
146 403 
146 321 
146 360 
146 207 
146 27 
146 291 
146 506 
146 243 
146 99 
146 93 
146 477 
146 18 
146 485 
146 392 
146 401 
146 213 
146 375 
146 129 
146 393 
146 283 
146 171 
146 191 
146 326 
146 450 
146 137 
146 222 
146 153 
146 482 
146 154 
146 495 
146 252 
146 262 
146 346 
146 66 
146 88 
146 497 
146 373 
146 95 
146 284 
146 180 
146 414 
146 457 
146 52 
146 255 
146 126 
146 270 
146 339 
146 490 
146 274 
146 17 
146 492 
146 370 
146 165 
146 447 
146 215 
146 145 
146 396 
146 395 
146 472 
146 381 
146 130 
146 306 
146 332 
146 91 
146 184 
146 452 
146 42 
146 335 
146 458 
146 278 
146 427 
146 328 
146 354 
146 193 
146 463 
146 233 
146 445 
146 132 
146 434 
146 411 
146 382 
146 267 
146 214 
146 70 
146 333 
146 194 
146 459 
146 143 
146 19 
146 462 
146 227 
146 78 
146 451 
146 223 
146 420 
146 244 
146 467 
146 39 
146 263 
146 443 
146 358 
146 189 
146 437 
146 190 
146 399 
146 183 
146 128 
146 115 
146 290 
146 53 
146 369 
146 362 
146 164 
146 160 
146 98 
146 75 
146 388 
146 348 
146 202 
146 175 
146 57 
146 104 
146 97 
146 502 
146 409 
146 384 
146 461 
147 202 
147 32 
147 234 
147 468 
147 389 
147 489 
147 335 
147 253 
147 457 
147 142 
147 351 
147 3 
147 102 
147 444 
147 503 
147 511 
147 490 
147 279 
147 324 
147 45 
147 345 
147 390 
147 215 
147 174 
147 9 
147 182 
147 96 
147 296 
147 108 
147 27 
147 380 
147 459 
147 130 
147 364 
147 271 
147 175 
147 394 
147 59 
147 429 
147 340 
147 328 
147 264 
147 164 
147 122 
147 83 
147 281 
147 287 
147 451 
147 392 
147 342 
147 472 
147 223 
147 346 
147 193 
147 467 
147 129 
147 185 
147 397 
147 154 
147 241 
147 167 
147 21 
147 227 
147 37 
147 78 
147 49 
147 268 
147 412 
147 437 
147 55 
147 413 
147 385 
147 93 
147 6 
147 305 
147 97 
147 311 
147 243 
147 48 
147 331 
147 229 
147 357 
147 237 
147 356 
147 106 
147 473 
147 221 
147 204 
147 222 
147 306 
147 118 
147 493 
147 246 
147 26 
147 491 
147 244 
147 213 
147 111 
147 363 
147 224 
147 358 
147 469 
147 377 
147 303 
147 482 
147 350 
147 198 
147 35 
147 406 
147 124 
147 105 
147 299 
147 399 
147 353 
147 312 
147 160 
147 393 
147 113 
147 184 
147 98 
147 500 
147 326 
147 402 
147 156 
147 11 
147 405 
147 307 
147 338 
147 371 
147 333 
147 471 
147 423 
147 220 
147 497 
147 99 
148 14 
148 94 
148 151 
148 248 
148 26 
148 54 
148 444 
148 380 
148 295 
148 344 
148 407 
148 137 
148 378 
148 509 
148 185 
148 191 
148 273 
148 235 
148 62 
148 494 
148 74 
148 323 
148 57 
148 193 
148 313 
148 396 
148 182 
148 6 
148 439 
148 462 
148 347 
148 280 
148 366 
148 8 
148 95 
148 301 
148 123 
148 492 
148 234 
148 64 
148 103 
148 244 
148 63 
148 23 
148 187 
148 85 
148 343 
148 335 
148 171 
148 287 
148 334 
148 75 
148 278 
148 211 
148 513 
148 367 
148 122 
148 29 
148 337 
148 88 
148 167 
148 110 
148 296 
148 426 
148 314 
148 502 
148 410 
148 243 
148 9 
148 60 
148 269 
148 69 
148 213 
148 393 
148 178 
148 39 
148 303 
148 36 
148 504 
148 440 
148 360 
148 431 
148 15 
148 382 
148 383 
148 45 
148 134 
148 488 
148 443 
148 73 
148 169 
148 136 
148 297 
148 447 
148 436 
148 349 
148 339 
148 417 
148 81 
148 406 
148 246 
148 233 
148 165 
148 415 
148 106 
148 326 
148 80 
148 374 
148 3 
148 505 
148 511 
148 355 
148 22 
148 398 
148 77 
148 101 
148 105 
148 174 
148 268 
148 308 
148 139 
148 340 
148 486 
148 456 
148 216 
148 170 
148 180 
148 197 
148 129 
148 293 
148 399 
148 281 
148 346 
148 317 
148 253 
148 46 
148 250 
148 127 
148 254 
148 510 
148 41 
148 400 
148 207 
148 304 
148 424 
148 310 
148 481 
148 421 
148 298 
148 102 
148 322 
148 267 
148 221 
148 239 
148 202 
148 203 
148 256 
149 488 
149 94 
149 291 
149 414 
149 410 
149 92 
149 0 
149 504 
149 17 
149 476 
149 141 
149 313 
149 183 
149 272 
149 91 
149 490 
149 10 
149 171 
149 102 
149 444 
149 34 
149 176 
149 187 
149 350 
149 189 
149 293 
149 172 
149 3 
149 78 
149 282 
149 195 
149 370 
149 399 
149 512 
149 45 
149 28 
149 280 
149 387 
149 378 
149 237 
149 235 
149 47 
149 269 
149 390 
149 41 
149 120 
149 158 
149 307 
149 23 
149 97 
149 114 
149 113 
149 188 
149 222 
149 44 
149 105 
149 52 
149 249 
149 431 
149 123 
149 329 
149 330 
149 256 
149 33 
149 211 
149 14 
149 366 
149 407 
149 383 
149 117 
149 262 
149 19 
149 63 
149 412 
149 241 
149 492 
149 132 
149 53 
149 18 
149 50 
149 374 
149 342 
149 259 
149 143 
149 129 
149 474 
149 302 
149 13 
149 344 
149 367 
149 494 
149 83 
149 137 
149 162 
149 384 
149 227 
149 339 
149 184 
149 448 
149 190 
149 463 
149 85 
149 338 
149 296 
149 467 
149 337 
149 371 
149 124 
149 234 
149 306 
149 416 
149 4 
149 21 
149 145 
149 110 
149 168 
149 112 
149 104 
149 359 
149 247 
149 37 
149 174 
149 391 
149 396 
149 271 
149 364 
149 254 
149 182 
149 435 
149 242 
149 207 
149 159 
149 205 
149 422 
149 321 
149 106 
149 233 
149 481 
149 151 
149 327 
149 65 
149 169 
149 230 
149 452 
149 485 
149 198 
149 294 
149 82 
149 217 
149 419 
149 191 
149 214 
149 43 
149 24 
149 368 
149 270 
149 389 
149 486 
149 126 
149 61 
149 309 
149 462 
149 46 
149 192 
149 180 
149 93 
150 248 
150 12 
150 467 
150 341 
150 411 
150 176 
150 386 
150 32 
150 350 
150 215 
150 375 
150 202 
150 404 
150 301 
150 6 
150 510 
150 425 
150 66 
150 432 
150 398 
150 273 
150 316 
150 205 
150 189 
150 279 
150 170 
150 203 
150 103 
150 269 
150 250 
150 47 
150 33 
150 79 
150 402 
150 387 
150 108 
150 61 
150 430 
150 164 
150 246 
150 86 
150 419 
150 480 
150 132 
150 287 
150 288 
150 114 
150 336 
150 271 
150 470 
150 353 
150 30 
150 278 
150 380 
150 368 
150 260 
150 502 
150 232 
150 395 
150 266 
150 36 
150 42 
150 169 
150 44 
150 9 
150 352 
150 503 
150 345 
150 16 
150 18 
150 414 
150 282 
150 252 
150 80 
150 482 
150 152 
150 330 
150 441 
150 50 
150 437 
150 354 
150 272 
150 163 
150 70 
150 179 
150 337 
150 184 
150 39 
150 182 
150 264 
150 98 
150 261 
150 4 
150 466 
150 464 
150 101 
150 220 
150 366 
150 130 
150 504 
150 26 
150 8 
150 162 
150 74 
150 211 
150 168 
150 374 
150 10 
150 312 
150 473 
150 126 
150 310 
150 166 
150 459 
150 512 
150 431 
150 319 
150 200 
150 361 
150 268 
150 400 
150 156 
150 321 
150 91 
150 137 
150 325 
150 48 
150 73 
150 297 
150 440 
150 462 
150 121 
150 320 
150 63 
150 495 
150 479 
150 449 
150 49 
150 196 
150 267 
150 478 
150 192 
150 83 
150 416 
150 311 
150 23 
150 100 
150 0 
150 157 
150 223 
150 392 
150 234 
150 231 
150 78 
150 343 
150 122 
150 207 
150 317 
150 286 
150 307 
150 183 
151 193 
151 148 
151 441 
151 12 
151 233 
151 50 
151 323 
151 458 
151 253 
151 466 
151 112 
151 477 
151 264 
151 67 
151 209 
151 200 
151 116 
151 274 
151 255 
151 307 
151 482 
151 247 
151 85 
151 241 
151 377 
151 434 
151 322 
151 456 
151 227 
151 448 
151 292 
151 23 
151 187 
151 83 
151 75 
151 309 
151 210 
151 123 
151 446 
151 383 
151 97 
151 128 
151 234 
151 315 
151 313 
151 348 
151 452 
151 215 
151 306 
151 402 
151 59 
151 252 
151 61 
151 65 
151 177 
151 152 
151 290 
151 216 
151 427 
151 20 
151 135 
151 418 
151 133 
151 361 
151 415 
151 265 
151 2 
151 163 
151 115 
151 62 
151 483 
151 15 
151 417 
151 219 
151 139 
151 188 
151 169 
151 485 
151 460 
151 174 
151 276 
151 226 
151 105 
151 484 
151 392 
151 491 
151 303 
151 63 
151 42 
151 407 
151 19 
151 423 
151 424 
151 46 
151 490 
151 185 
151 165 
151 339 
151 144 
151 136 
151 371 
151 365 
151 230 
151 271 
151 104 
151 336 
151 249 
151 74 
151 269 
151 468 
151 100 
151 101 
151 282 
151 52 
151 126 
151 457 
151 21 
151 93 
151 358 
151 17 
151 7 
151 449 
151 228 
151 149 
151 194 
151 3 
151 171 
151 24 
151 272 
151 96 
151 125 
151 335 
151 431 
151 80 
151 70 
151 333 
151 366 
151 132 
151 259 
151 400 
151 155 
151 486 
151 513 
151 506 
151 218 
151 430 
151 444 
151 384 
151 344 
151 505 
151 397 
151 239 
151 203 
151 98 
151 422 
151 442 
151 91 
152 249 
152 424 
152 47 
152 460 
152 443 
152 52 
152 484 
152 120 
152 138 
152 312 
152 488 
152 113 
152 298 
152 379 
152 90 
152 201 
152 429 
152 88 
152 456 
152 405 
152 406 
152 207 
152 159 
152 480 
152 119 
152 500 
152 508 
152 79 
152 441 
152 98 
152 11 
152 252 
152 394 
152 99 
152 56 
152 376 
152 133 
152 286 
152 446 
152 115 
152 415 
152 397 
152 321 
152 20 
152 247 
152 74 
152 124 
152 435 
152 513 
152 137 
152 229 
152 143 
152 84 
152 251 
152 151 
152 259 
152 112 
152 345 
152 134 
152 359 
152 381 
152 273 
152 131 
152 450 
152 357 
152 486 
152 284 
152 399 
152 433 
152 364 
152 172 
152 192 
152 439 
152 347 
152 150 
152 382 
152 80 
152 459 
152 392 
152 477 
152 351 
152 292 
152 181 
152 279 
152 409 
152 118 
152 14 
152 461 
152 492 
152 77 
152 369 
152 12 
152 235 
152 390 
152 121 
152 471 
152 109 
152 135 
152 325 
152 17 
152 506 
152 24 
152 468 
152 200 
152 132 
152 315 
152 476 
152 348 
152 319 
152 167 
152 350 
152 107 
152 184 
152 189 
152 423 
152 254 
152 3 
152 507 
152 10 
152 51 
152 250 
152 430 
152 473 
152 130 
152 144 
152 62 
152 46 
152 60 
152 408 
152 43 
152 91 
152 193 
152 448 
152 510 
152 362 
152 222 
152 281 
152 425 
152 313 
152 282 
152 15 
152 479 
152 153 
152 211 
152 110 
152 199 
152 453 
152 426 
152 226 
152 240 
152 263 
152 330 
152 67 
152 92 
152 185 
153 22 
153 114 
153 447 
153 282 
153 439 
153 313 
153 373 
153 278 
153 504 
153 480 
153 9 
153 222 
153 273 
153 321 
153 287 
153 427 
153 336 
153 171 
153 335 
153 237 
153 507 
153 485 
153 5 
153 396 
153 15 
153 419 
153 473 
153 8 
153 411 
153 73 
153 497 
153 192 
153 349 
153 194 
153 139 
153 3 
153 143 
153 281 
153 57 
153 390 
153 352 
153 455 
153 294 
153 185 
153 1 
153 326 
153 19 
153 206 
153 445 
153 175 
153 146 
153 291 
153 217 
153 403 
153 409 
153 413 
153 106 
153 58 
153 27 
153 384 
153 407 
153 292 
153 474 
153 172 
153 25 
153 376 
153 141 
153 337 
153 451 
153 344 
153 35 
153 49 
153 111 
153 280 
153 378 
153 48 
153 290 
153 0 
153 121 
153 342 
153 297 
153 355 
153 50 
153 505 
153 205 
153 401 
153 329 
153 362 
153 26 
153 406 
153 196 
153 471 
153 113 
153 36 
153 117 
153 361 
153 240 
153 92 
153 45 
153 20 
153 100 
153 302 
153 86 
153 145 
153 416 
153 320 
153 262 
153 260 
153 347 
153 490 
153 442 
153 475 
153 53 
153 216 
153 44 
153 393 
153 154 
153 418 
153 438 
153 484 
153 24 
153 198 
153 239 
153 75 
153 397 
153 91 
153 244 
153 429 
153 133 
153 30 
153 152 
153 177 
153 258 
153 164 
153 167 
153 285 
153 225 
153 176 
153 328 
153 134 
153 398 
153 272 
153 450 
153 323 
153 61 
153 381 
153 4 
153 322 
153 270 
154 171 
154 93 
154 56 
154 3 
154 122 
154 236 
154 108 
154 366 
154 96 
154 217 
154 385 
154 262 
154 9 
154 267 
154 72 
154 380 
154 203 
154 273 
154 229 
154 183 
154 511 
154 299 
154 320 
154 198 
154 450 
154 428 
154 393 
154 126 
154 359 
154 307 
154 214 
154 57 
154 135 
154 112 
154 426 
154 434 
154 173 
154 347 
154 274 
154 14 
154 369 
154 376 
154 491 
154 254 
154 329 
154 113 
154 458 
154 481 
154 340 
154 279 
154 89 
154 187 
154 281 
154 181 
154 498 
154 45 
154 240 
154 194 
154 169 
154 208 
154 228 
154 218 
154 395 
154 206 
154 4 
154 483 
154 478 
154 310 
154 146 
154 463 
154 386 
154 121 
154 486 
154 39 
154 81 
154 368 
154 392 
154 247 
154 99 
154 433 
154 454 
154 65 
154 465 
154 476 
154 399 
154 350 
154 10 
154 276 
154 147 
154 188 
154 289 
154 287 
154 226 
154 69 
154 290 
154 423 
154 503 
154 424 
154 252 
154 416 
154 339 
154 446 
154 509 
154 502 
154 352 
154 363 
154 159 
154 253 
154 495 
154 383 
154 308 
154 119 
154 328 
154 326 
154 213 
154 496 
154 34 
154 487 
154 105 
154 186 
154 356 
154 234 
154 349 
154 170 
154 199 
154 60 
154 134 
154 153 
154 35 
154 120 
154 286 
154 220 
154 334 
154 245 
154 272 
154 421 
154 284 
154 370 
154 468 
154 394 
154 313 
154 87 
154 504 
154 6 
154 85 
154 410 
154 172 
154 225 
154 258 
154 304 
154 109 
154 401 
154 323 
154 77 
154 265 
154 139 
154 16 
154 297 
154 330 
154 285 
154 33 
154 407 
154 505 
154 292 
155 367 
155 171 
155 287 
155 219 
155 93 
155 189 
155 329 
155 276 
155 115 
155 294 
155 474 
155 143 
155 401 
155 430 
155 236 
155 372 
155 185 
155 453 
155 133 
155 52 
155 427 
155 403 
155 89 
155 186 
155 21 
155 269 
155 192 
155 46 
155 125 
155 57 
155 350 
155 194 
155 27 
155 289 
155 44 
155 111 
155 36 
155 436 
155 351 
155 144 
155 439 
155 352 
155 127 
155 33 
155 417 
155 463 
155 81 
155 447 
155 67 
155 459 
155 448 
155 414 
155 163 
155 472 
155 311 
155 437 
155 326 
155 488 
155 53 
155 378 
155 198 
155 280 
155 241 
155 382 
155 506 
155 128 
155 386 
155 499 
155 129 
155 507 
155 298 
155 480 
155 98 
155 70 
155 428 
155 32 
155 23 
155 24 
155 223 
155 332 
155 385 
155 72 
155 45 
155 124 
155 177 
155 363 
155 157 
155 389 
155 500 
155 86 
155 254 
155 90 
155 467 
155 112 
155 221 
155 422 
155 77 
155 272 
155 54 
155 464 
155 487 
155 434 
155 258 
155 357 
155 457 
155 424 
155 108 
155 421 
155 454 
155 497 
155 2 
155 371 
155 483 
155 17 
155 7 
155 406 
155 66 
155 345 
155 56 
155 261 
155 260 
155 151 
155 502 
155 161 
155 443 
155 383 
155 238 
155 183 
155 374 
155 15 
155 164 
155 220 
155 251 
155 49 
155 249 
155 323 
155 218 
155 141 
156 252 
156 182 
156 127 
156 345 
156 63 
156 508 
156 326 
156 201 
156 347 
156 209 
156 28 
156 163 
156 244 
156 81 
156 118 
156 162 
156 95 
156 176 
156 100 
156 85 
156 27 
156 434 
156 327 
156 52 
156 29 
156 315 
156 54 
156 188 
156 83 
156 173 
156 333 
156 114 
156 194 
156 192 
156 450 
156 393 
156 276 
156 364 
156 143 
156 487 
156 230 
156 1 
156 413 
156 275 
156 389 
156 439 
156 293 
156 472 
156 11 
156 145 
156 430 
156 16 
156 39 
156 88 
156 5 
156 492 
156 301 
156 222 
156 40 
156 190 
156 420 
156 455 
156 232 
156 416 
156 168 
156 408 
156 342 
156 374 
156 98 
156 281 
156 111 
156 499 
156 353 
156 161 
156 329 
156 22 
156 6 
156 45 
156 285 
156 356 
156 231 
156 64 
156 369 
156 304 
156 479 
156 13 
156 402 
156 316 
156 297 
156 414 
156 171 
156 208 
156 34 
156 102 
156 351 
156 410 
156 251 
156 418 
156 287 
156 461 
156 211 
156 31 
156 415 
156 250 
156 332 
156 424 
156 129 
156 101 
156 125 
156 138 
156 319 
156 26 
156 175 
156 90 
156 109 
156 112 
156 254 
156 253 
156 291 
156 426 
156 238 
156 107 
156 10 
156 504 
156 236 
156 174 
156 150 
156 248 
156 135 
156 292 
156 142 
156 187 
156 490 
156 180 
156 480 
156 300 
156 19 
156 61 
156 302 
156 474 
156 400 
156 446 
156 411 
156 468 
156 401 
156 225 
156 96 
156 147 
156 391 
156 306 
156 438 
156 20 
156 74 
156 205 
156 136 
156 311 
156 390 
156 121 
156 491 
156 57 
157 328 
157 501 
157 436 
157 360 
157 343 
157 125 
157 131 
157 182 
157 66 
157 72 
157 163 
157 294 
157 2 
157 79 
157 124 
157 464 
157 13 
157 354 
157 275 
157 114 
157 57 
157 280 
157 283 
157 494 
157 493 
157 255 
157 425 
157 474 
157 189 
157 325 
157 185 
157 381 
157 513 
157 482 
157 14 
157 52 
157 69 
157 362 
157 463 
157 9 
157 308 
157 511 
157 402 
157 145 
157 291 
157 245 
157 75 
157 176 
157 366 
157 71 
157 31 
157 329 
157 412 
157 373 
157 301 
157 67 
157 269 
157 311 
157 348 
157 499 
157 65 
157 20 
157 507 
157 457 
157 394 
157 439 
157 223 
157 484 
157 347 
157 288 
157 350 
157 368 
157 363 
157 169 
157 202 
157 438 
157 321 
157 28 
157 352 
157 377 
157 357 
157 299 
157 78 
157 266 
157 391 
157 74 
157 417 
157 5 
157 61 
157 155 
157 476 
157 295 
157 99 
157 179 
157 133 
157 307 
157 458 
157 262 
157 370 
157 141 
157 92 
157 60 
157 265 
157 70 
157 486 
157 408 
157 98 
157 36 
157 414 
157 320 
157 42 
157 38 
157 327 
157 251 
157 32 
157 303 
157 452 
157 186 
157 431 
157 447 
157 15 
157 24 
157 250 
157 40 
157 316 
157 252 
157 326 
157 456 
157 353 
157 254 
157 190 
157 297 
157 247 
157 150 
157 336 
157 349 
157 401 
157 119 
157 101 
157 85 
157 230 
157 39 
157 87 
157 137 
157 460 
157 421 
157 342 
158 98 
158 96 
158 414 
158 378 
158 127 
158 390 
158 247 
158 411 
158 75 
158 64 
158 69 
158 313 
158 512 
158 481 
158 128 
158 9 
158 413 
158 377 
158 510 
158 8 
158 84 
158 321 
158 57 
158 246 
158 490 
158 483 
158 475 
158 360 
158 189 
158 89 
158 391 
158 385 
158 54 
158 5 
158 493 
158 196 
158 362 
158 135 
158 504 
158 464 
158 149 
158 437 
158 465 
158 181 
158 498 
158 144 
158 433 
158 183 
158 42 
158 267 
158 35 
158 170 
158 124 
158 112 
158 45 
158 349 
158 179 
158 397 
158 111 
158 39 
158 489 
158 123 
158 392 
158 240 
158 55 
158 293 
158 312 
158 395 
158 215 
158 453 
158 471 
158 428 
158 15 
158 281 
158 68 
158 47 
158 198 
158 205 
158 415 
158 297 
158 283 
158 221 
158 121 
158 271 
158 209 
158 249 
158 72 
158 496 
158 129 
158 427 
158 501 
158 452 
158 103 
158 187 
158 289 
158 257 
158 53 
158 203 
158 125 
158 80 
158 502 
158 426 
158 295 
158 320 
158 24 
158 142 
158 406 
158 394 
158 260 
158 482 
158 159 
158 274 
158 330 
158 197 
158 272 
158 499 
158 288 
158 476 
158 25 
158 466 
158 291 
158 269 
158 287 
158 38 
158 136 
158 337 
158 95 
158 371 
158 460 
158 74 
158 461 
158 358 
158 110 
158 20 
158 445 
158 463 
158 368 
158 224 
158 486 
158 254 
158 27 
158 194 
158 277 
158 139 
158 214 
158 353 
158 364 
158 29 
158 422 
158 286 
158 41 
158 118 
158 279 
158 311 
158 416 
158 336 
158 234 
158 497 
158 305 
159 322 
159 240 
159 455 
159 390 
159 379 
159 466 
159 431 
159 490 
159 180 
159 269 
159 32 
159 406 
159 318 
159 359 
159 88 
159 83 
159 27 
159 389 
159 228 
159 20 
159 219 
159 152 
159 130 
159 511 
159 327 
159 510 
159 320 
159 443 
159 305 
159 467 
159 109 
159 177 
159 122 
159 257 
159 463 
159 428 
159 505 
159 497 
159 386 
159 213 
159 362 
159 278 
159 72 
159 480 
159 274 
159 223 
159 63 
159 253 
159 114 
159 492 
159 84 
159 498 
159 209 
159 162 
159 470 
159 135 
159 500 
159 385 
159 85 
159 496 
159 409 
159 248 
159 232 
159 465 
159 29 
159 460 
159 282 
159 74 
159 336 
159 196 
159 98 
159 6 
159 4 
159 40 
159 110 
159 108 
159 140 
159 388 
159 106 
159 225 
159 89 
159 255 
159 226 
159 457 
159 127 
159 154 
159 169 
159 400 
159 393 
159 201 
159 441 
159 158 
159 243 
159 391 
159 261 
159 501 
159 475 
159 145 
159 14 
159 65 
159 207 
159 325 
159 272 
159 51 
159 181 
159 286 
159 121 
159 352 
159 445 
159 297 
159 300 
159 149 
159 413 
159 281 
159 49 
159 35 
159 276 
159 410 
159 67 
159 77 
159 421 
159 291 
159 340 
159 105 
159 202 
159 187 
159 370 
159 111 
159 8 
159 132 
159 59 
159 45 
159 176 
159 507 
159 353 
159 52 
159 236 
159 17 
159 487 
159 348 
160 513 
160 24 
160 111 
160 0 
160 274 
160 55 
160 325 
160 348 
160 273 
160 380 
160 180 
160 194 
160 235 
160 117 
160 2 
160 29 
160 114 
160 34 
160 296 
160 294 
160 23 
160 210 
160 19 
160 382 
160 467 
160 272 
160 504 
160 447 
160 7 
160 123 
160 233 
160 3 
160 28 
160 299 
160 51 
160 68 
160 341 
160 230 
160 484 
160 420 
160 243 
160 232 
160 247 
160 427 
160 163 
160 457 
160 183 
160 383 
160 477 
160 267 
160 171 
160 328 
160 394 
160 396 
160 128 
160 30 
160 493 
160 473 
160 290 
160 364 
160 218 
160 255 
160 57 
160 480 
160 482 
160 483 
160 17 
160 60 
160 165 
160 49 
160 302 
160 402 
160 211 
160 172 
160 500 
160 442 
160 485 
160 417 
160 200 
160 59 
160 37 
160 227 
160 77 
160 204 
160 72 
160 355 
160 88 
160 175 
160 223 
160 413 
160 298 
160 253 
160 198 
160 436 
160 130 
160 431 
160 469 
160 367 
160 277 
160 206 
160 142 
160 389 
160 31 
160 370 
160 276 
160 115 
160 487 
160 58 
160 195 
160 406 
160 238 
160 404 
160 246 
160 110 
160 132 
160 386 
160 146 
160 147 
160 254 
160 26 
160 326 
160 143 
160 11 
160 228 
160 409 
160 345 
160 264 
160 52 
160 20 
160 25 
160 463 
160 349 
160 279 
160 453 
160 81 
160 512 
160 135 
160 459 
160 36 
160 141 
160 439 
160 1 
161 320 
161 322 
161 422 
161 113 
161 76 
161 450 
161 257 
161 487 
161 478 
161 119 
161 302 
161 82 
161 430 
161 238 
161 274 
161 381 
161 327 
161 399 
161 229 
161 401 
161 330 
161 173 
161 339 
161 111 
161 275 
161 441 
161 190 
161 133 
161 71 
161 124 
161 385 
161 134 
161 476 
161 435 
161 80 
161 67 
161 34 
161 279 
161 95 
161 244 
161 276 
161 248 
161 360 
161 49 
161 284 
161 233 
161 380 
161 488 
161 44 
161 207 
161 138 
161 390 
161 442 
161 337 
161 311 
161 462 
161 142 
161 343 
161 341 
161 208 
161 143 
161 9 
161 282 
161 259 
161 236 
161 215 
161 230 
161 112 
161 54 
161 474 
161 105 
161 4 
161 298 
161 156 
161 198 
161 5 
161 135 
161 373 
161 162 
161 197 
161 400 
161 412 
161 240 
161 333 
161 439 
161 378 
161 22 
161 388 
161 308 
161 479 
161 296 
161 87 
161 313 
161 181 
161 256 
161 92 
161 402 
161 57 
161 444 
161 469 
161 511 
161 501 
161 475 
161 53 
161 14 
161 346 
161 368 
161 269 
161 188 
161 505 
161 122 
161 59 
161 196 
161 226 
161 350 
161 290 
161 69 
161 317 
161 397 
161 434 
161 68 
161 299 
161 355 
161 406 
161 314 
161 407 
161 15 
161 137 
161 324 
161 255 
161 12 
161 29 
161 155 
161 304 
161 97 
161 353 
161 225 
161 74 
161 252 
161 348 
162 145 
162 71 
162 146 
162 3 
162 510 
162 336 
162 303 
162 201 
162 314 
162 269 
162 385 
162 156 
162 407 
162 2 
162 56 
162 358 
162 246 
162 274 
162 431 
162 420 
162 210 
162 28 
162 73 
162 4 
162 79 
162 333 
162 295 
162 291 
162 117 
162 283 
162 290 
162 141 
162 257 
162 205 
162 233 
162 75 
162 278 
162 272 
162 461 
162 453 
162 114 
162 390 
162 389 
162 451 
162 23 
162 213 
162 382 
162 121 
162 310 
162 202 
162 33 
162 191 
162 144 
162 199 
162 460 
162 46 
162 254 
162 244 
162 120 
162 425 
162 480 
162 212 
162 237 
162 159 
162 238 
162 5 
162 67 
162 137 
162 241 
162 325 
162 105 
162 55 
162 426 
162 266 
162 122 
162 288 
162 138 
162 161 
162 409 
162 449 
162 343 
162 512 
162 507 
162 348 
162 167 
162 219 
162 508 
162 85 
162 440 
162 130 
162 187 
162 149 
162 335 
162 97 
162 284 
162 44 
162 60 
162 305 
162 150 
162 459 
162 338 
162 366 
162 101 
162 298 
162 511 
162 25 
162 334 
162 351 
162 331 
162 253 
162 498 
162 234 
162 83 
162 391 
162 450 
162 345 
162 399 
162 245 
162 197 
162 296 
162 106 
162 476 
162 92 
162 413 
162 361 
162 183 
162 415 
162 349 
162 20 
162 89 
162 301 
162 220 
162 180 
162 372 
162 494 
162 326 
162 62 
162 78 
162 230 
162 66 
162 311 
162 242 
162 437 
162 227 
162 87 
162 499 
162 228 
162 204 
162 57 
162 360 
162 217 
162 505 
162 353 
163 16 
163 357 
163 307 
163 227 
163 135 
163 375 
163 429 
163 333 
163 187 
163 156 
163 212 
163 13 
163 381 
163 157 
163 260 
163 413 
163 469 
163 12 
163 199 
163 290 
163 267 
163 28 
163 434 
163 246 
163 113 
163 387 
163 346 
163 197 
163 445 
163 329 
163 29 
163 494 
163 339 
163 205 
163 336 
163 444 
163 214 
163 388 
163 37 
163 279 
163 361 
163 370 
163 302 
163 295 
163 258 
163 380 
163 138 
163 196 
163 1 
163 223 
163 343 
163 345 
163 285 
163 486 
163 409 
163 160 
163 513 
163 321 
163 396 
163 39 
163 155 
163 272 
163 180 
163 309 
163 225 
163 122 
163 71 
163 172 
163 73 
163 430 
163 416 
163 277 
163 168 
163 70 
163 151 
163 252 
163 453 
163 463 
163 306 
163 233 
163 104 
163 150 
163 195 
163 55 
163 6 
163 67 
163 476 
163 407 
163 105 
163 133 
163 324 
163 451 
163 328 
163 296 
163 474 
163 183 
163 488 
163 102 
163 65 
163 9 
163 0 
163 358 
163 365 
163 235 
163 78 
163 364 
163 459 
163 498 
163 69 
163 410 
163 8 
163 411 
163 432 
163 85 
163 402 
163 395 
163 213 
163 331 
163 88 
163 477 
163 503 
163 182 
163 355 
163 478 
163 315 
163 14 
163 221 
163 232 
163 423 
163 123 
163 83 
163 464 
163 289 
163 391 
163 323 
163 499 
163 274 
163 262 
163 440 
163 288 
163 115 
163 502 
163 506 
163 369 
163 317 
163 426 
163 322 
163 103 
163 219 
163 327 
163 490 
163 428 
163 422 
163 313 
163 366 
163 18 
163 48 
163 408 
163 419 
163 256 
163 93 
163 234 
163 371 
163 181 
163 276 
164 13 
164 308 
164 98 
164 174 
164 97 
164 311 
164 433 
164 258 
164 467 
164 220 
164 40 
164 48 
164 385 
164 212 
164 23 
164 119 
164 203 
164 342 
164 77 
164 332 
164 67 
164 458 
164 39 
164 140 
164 471 
164 355 
164 272 
164 43 
164 373 
164 104 
164 354 
164 24 
164 209 
164 497 
164 150 
164 380 
164 408 
164 4 
164 475 
164 165 
164 424 
164 274 
164 28 
164 422 
164 168 
164 416 
164 419 
164 412 
164 252 
164 185 
164 395 
164 170 
164 440 
164 315 
164 46 
164 312 
164 278 
164 337 
164 113 
164 210 
164 502 
164 116 
164 322 
164 287 
164 147 
164 335 
164 288 
164 506 
164 228 
164 304 
164 386 
164 257 
164 34 
164 500 
164 245 
164 189 
164 378 
164 470 
164 474 
164 504 
164 250 
164 95 
164 491 
164 47 
164 285 
164 122 
164 99 
164 334 
164 101 
164 197 
164 231 
164 507 
164 199 
164 381 
164 195 
164 293 
164 362 
164 139 
164 310 
164 3 
164 49 
164 281 
164 226 
164 66 
164 27 
164 480 
164 62 
164 246 
164 448 
164 292 
164 32 
164 369 
164 463 
164 204 
164 324 
164 100 
164 461 
164 271 
164 387 
164 124 
164 55 
164 50 
164 261 
164 84 
164 456 
164 353 
164 420 
164 11 
164 459 
164 313 
164 87 
164 496 
164 146 
164 153 
164 265 
164 8 
164 111 
164 42 
164 366 
164 19 
164 233 
164 481 
164 346 
164 466 
164 511 
164 155 
164 347 
164 57 
164 236 
164 186 
164 178 
164 196 
165 264 
165 303 
165 322 
165 53 
165 103 
165 71 
165 34 
165 373 
165 192 
165 336 
165 405 
165 318 
165 477 
165 508 
165 366 
165 260 
165 84 
165 394 
165 186 
165 422 
165 234 
165 1 
165 408 
165 491 
165 126 
165 99 
165 381 
165 174 
165 69 
165 225 
165 421 
165 164 
165 15 
165 482 
165 286 
165 19 
165 135 
165 168 
165 257 
165 493 
165 419 
165 235 
165 31 
165 106 
165 247 
165 250 
165 326 
165 76 
165 204 
165 170 
165 321 
165 465 
165 287 
165 297 
165 463 
165 325 
165 313 
165 274 
165 309 
165 431 
165 36 
165 181 
165 218 
165 452 
165 184 
165 10 
165 83 
165 276 
165 38 
165 265 
165 121 
165 444 
165 220 
165 367 
165 75 
165 160 
165 146 
165 343 
165 375 
165 98 
165 476 
165 258 
165 291 
165 104 
165 489 
165 11 
165 382 
165 459 
165 66 
165 151 
165 35 
165 296 
165 379 
165 200 
165 13 
165 112 
165 148 
165 183 
165 398 
165 456 
165 372 
165 141 
165 347 
165 432 
165 57 
165 399 
165 108 
165 91 
165 209 
165 442 
165 6 
165 40 
165 128 
165 0 
165 52 
165 512 
165 254 
165 342 
165 511 
165 449 
165 231 
165 339 
165 401 
165 249 
165 255 
165 308 
165 423 
165 18 
165 436 
165 492 
165 354 
165 202 
165 363 
165 187 
165 324 
165 353 
165 95 
165 280 
165 507 
165 494 
165 349 
166 431 
166 319 
166 50 
166 395 
166 288 
166 202 
166 505 
166 7 
166 421 
166 67 
166 375 
166 426 
166 199 
166 410 
166 356 
166 329 
166 241 
166 502 
166 404 
166 336 
166 281 
166 489 
166 222 
166 402 
166 204 
166 472 
166 216 
166 413 
166 289 
166 458 
166 117 
166 275 
166 77 
166 200 
166 360 
166 130 
166 45 
166 380 
166 456 
166 397 
166 43 
166 70 
166 99 
166 311 
166 92 
166 139 
166 21 
166 411 
166 78 
166 0 
166 180 
166 325 
166 294 
166 474 
166 503 
166 475 
166 508 
166 101 
166 368 
166 118 
166 123 
166 26 
166 465 
166 283 
166 432 
166 116 
166 473 
166 430 
166 226 
166 318 
166 339 
166 398 
166 234 
166 185 
166 248 
166 74 
166 393 
166 44 
166 346 
166 60 
166 337 
166 72 
166 491 
166 184 
166 33 
166 299 
166 326 
166 306 
166 357 
166 218 
166 355 
166 58 
166 88 
166 447 
166 279 
166 354 
166 2 
166 115 
166 220 
166 384 
166 250 
166 213 
166 314 
166 500 
166 27 
166 207 
166 377 
166 512 
166 417 
166 57 
166 406 
166 9 
166 332 
166 150 
166 35 
166 39 
166 13 
166 370 
166 305 
166 387 
166 293 
166 19 
166 73 
166 111 
166 350 
166 76 
166 23 
166 348 
166 441 
166 320 
166 29 
166 461 
166 136 
166 351 
166 15 
166 435 
166 244 
166 495 
166 361 
166 128 
166 217 
166 429 
166 436 
166 254 
166 291 
166 485 
166 367 
166 498 
166 444 
166 256 
166 349 
166 69 
166 362 
167 362 
167 502 
167 405 
167 62 
167 476 
167 413 
167 294 
167 337 
167 88 
167 104 
167 488 
167 50 
167 91 
167 230 
167 318 
167 339 
167 185 
167 429 
167 269 
167 49 
167 168 
167 192 
167 273 
167 491 
167 408 
167 274 
167 34 
167 96 
167 75 
167 108 
167 331 
167 45 
167 237 
167 317 
167 508 
167 1 
167 122 
167 424 
167 130 
167 395 
167 128 
167 148 
167 297 
167 187 
167 184 
167 68 
167 52 
167 276 
167 232 
167 63 
167 299 
167 38 
167 129 
167 290 
167 260 
167 293 
167 87 
167 358 
167 360 
167 223 
167 353 
167 388 
167 33 
167 32 
167 328 
167 252 
167 247 
167 246 
167 193 
167 401 
167 59 
167 147 
167 115 
167 51 
167 162 
167 485 
167 391 
167 133 
167 109 
167 300 
167 418 
167 374 
167 169 
167 393 
167 369 
167 338 
167 198 
167 144 
167 126 
167 459 
167 139 
167 323 
167 219 
167 21 
167 152 
167 56 
167 453 
167 295 
167 490 
167 69 
167 72 
167 332 
167 342 
167 421 
167 78 
167 504 
167 94 
167 48 
167 292 
167 498 
167 409 
167 263 
167 137 
167 208 
167 377 
167 473 
167 303 
167 224 
167 40 
167 469 
167 314 
167 135 
167 225 
167 214 
167 153 
167 376 
167 457 
167 456 
167 406 
167 92 
167 239 
167 8 
167 394 
167 415 
167 396 
167 267 
167 86 
167 118 
167 179 
167 470 
167 112 
168 109 
168 54 
168 268 
168 288 
168 219 
168 449 
168 175 
168 306 
168 87 
168 416 
168 367 
168 341 
168 377 
168 167 
168 33 
168 84 
168 127 
168 79 
168 32 
168 427 
168 300 
168 129 
168 118 
168 24 
168 338 
168 347 
168 292 
168 73 
168 363 
168 488 
168 508 
168 194 
168 66 
168 328 
168 164 
168 30 
168 360 
168 233 
168 59 
168 165 
168 205 
168 303 
168 499 
168 92 
168 207 
168 335 
168 53 
168 90 
168 318 
168 290 
168 274 
168 428 
168 267 
168 314 
168 22 
168 156 
168 245 
168 163 
168 98 
168 278 
168 8 
168 72 
168 261 
168 206 
168 180 
168 472 
168 107 
168 213 
168 47 
168 187 
168 342 
168 14 
168 456 
168 382 
168 80 
168 355 
168 257 
168 91 
168 412 
168 7 
168 121 
168 450 
168 247 
168 11 
168 61 
168 248 
168 111 
168 387 
168 366 
168 469 
168 471 
168 202 
168 169 
168 65 
168 253 
168 495 
168 242 
168 116 
168 476 
168 188 
168 436 
168 325 
168 375 
168 95 
168 150 
168 204 
168 131 
168 114 
168 149 
168 498 
168 364 
168 361 
168 230 
168 445 
168 227 
168 3 
168 457 
168 23 
168 74 
168 4 
168 132 
168 440 
168 407 
168 94 
168 386 
168 391 
168 351 
168 225 
168 1 
168 2 
168 304 
168 506 
168 237 
168 105 
168 6 
168 444 
168 144 
168 443 
168 81 
168 110 
168 460 
169 45 
169 65 
169 320 
169 440 
169 445 
169 297 
169 402 
169 101 
169 448 
169 461 
169 511 
169 221 
169 249 
169 425 
169 304 
169 305 
169 33 
169 27 
169 10 
169 115 
169 295 
169 218 
169 118 
169 467 
169 492 
169 287 
169 19 
169 306 
169 435 
169 211 
169 124 
169 277 
169 276 
169 248 
169 116 
169 313 
169 274 
169 271 
169 262 
169 389 
169 251 
169 18 
169 406 
169 342 
169 82 
169 278 
169 201 
169 508 
169 126 
169 31 
169 378 
169 17 
169 154 
169 426 
169 388 
169 29 
169 185 
169 302 
169 77 
169 375 
169 311 
169 486 
169 237 
169 217 
169 150 
169 34 
169 193 
169 468 
169 395 
169 443 
169 264 
169 233 
169 203 
169 419 
169 59 
169 349 
169 465 
169 415 
169 151 
169 56 
169 409 
169 66 
169 92 
169 229 
169 137 
169 285 
169 7 
169 392 
169 476 
169 334 
169 157 
169 98 
169 88 
169 330 
169 122 
169 26 
169 474 
169 167 
169 401 
169 159 
169 214 
169 244 
169 168 
169 312 
169 148 
169 303 
169 0 
169 87 
169 472 
169 283 
169 55 
169 340 
169 174 
169 363 
169 183 
169 105 
169 447 
169 112 
169 424 
169 141 
169 2 
169 220 
169 39 
169 322 
169 464 
169 6 
169 241 
169 265 
169 377 
169 200 
169 80 
169 416 
169 149 
169 489 
169 94 
169 331 
169 360 
169 35 
169 192 
169 449 
169 222 
169 230 
169 345 
169 130 
169 171 
169 433 
169 359 
169 8 
169 376 
169 106 
169 140 
169 387 
169 423 
169 23 
170 66 
170 467 
170 277 
170 83 
170 376 
170 303 
170 511 
170 452 
170 354 
170 466 
170 278 
170 465 
170 411 
170 75 
170 398 
170 425 
170 244 
170 26 
170 91 
170 202 
170 407 
170 305 
170 174 
170 195 
170 150 
170 81 
170 401 
170 434 
170 35 
170 129 
170 226 
170 282 
170 442 
170 492 
170 32 
170 111 
170 352 
170 64 
170 446 
170 191 
170 356 
170 384 
170 164 
170 37 
170 215 
170 158 
170 365 
170 409 
170 117 
170 241 
170 63 
170 60 
170 268 
170 73 
170 165 
170 314 
170 70 
170 320 
170 47 
170 92 
170 506 
170 216 
170 438 
170 253 
170 345 
170 462 
170 388 
170 486 
170 28 
170 221 
170 62 
170 114 
170 301 
170 332 
170 270 
170 399 
170 19 
170 232 
170 25 
170 482 
170 491 
170 265 
170 136 
170 134 
170 94 
170 196 
170 133 
170 280 
170 468 
170 307 
170 67 
170 143 
170 449 
170 350 
170 12 
170 257 
170 204 
170 210 
170 392 
170 0 
170 218 
170 276 
170 107 
170 333 
170 263 
170 480 
170 239 
170 103 
170 405 
170 15 
170 98 
170 225 
170 461 
170 154 
170 457 
170 209 
170 212 
170 2 
170 291 
170 382 
170 469 
170 383 
170 179 
170 336 
170 413 
170 78 
170 419 
170 148 
170 421 
170 233 
170 176 
170 173 
170 379 
170 203 
170 353 
170 414 
170 312 
170 262 
170 201 
170 426 
170 274 
170 460 
170 448 
170 108 
170 247 
170 188 
170 458 
171 154 
171 342 
171 2 
171 341 
171 155 
171 283 
171 199 
171 478 
171 294 
171 396 
171 134 
171 326 
171 311 
171 213 
171 61 
171 356 
171 389 
171 92 
171 57 
171 500 
171 196 
171 220 
171 252 
171 290 
171 421 
171 15 
171 330 
171 431 
171 149 
171 97 
171 316 
171 374 
171 448 
171 385 
171 288 
171 393 
171 379 
171 422 
171 450 
171 313 
171 32 
171 153 
171 30 
171 41 
171 296 
171 508 
171 465 
171 281 
171 81 
171 482 
171 363 
171 74 
171 179 
171 148 
171 485 
171 19 
171 117 
171 110 
171 234 
171 338 
171 456 
171 188 
171 125 
171 484 
171 146 
171 469 
171 174 
171 114 
171 415 
171 79 
171 230 
171 45 
171 487 
171 248 
171 31 
171 204 
171 33 
171 207 
171 305 
171 160 
171 426 
171 141 
171 20 
171 355 
171 85 
171 182 
171 274 
171 360 
171 343 
171 418 
171 10 
171 453 
171 461 
171 438 
171 241 
171 99 
171 120 
171 339 
171 75 
171 118 
171 219 
171 390 
171 445 
171 404 
171 129 
171 103 
171 52 
171 156 
171 476 
171 193 
171 357 
171 388 
171 8 
171 224 
171 310 
171 264 
171 40 
171 444 
171 139 
171 351 
171 315 
171 66 
171 80 
171 440 
171 70 
171 259 
171 9 
171 100 
171 284 
171 401 
171 377 
171 506 
171 131 
171 206 
171 504 
171 64 
171 397 
171 297 
171 113 
171 251 
171 314 
171 328 
171 358 
171 428 
171 423 
171 14 
171 321 
171 136 
171 151 
171 349 
171 491 
171 60 
171 197 
171 116 
171 409 
171 337 
171 494 
171 507 
171 26 
171 303 
171 419 
171 287 
171 109 
171 169 
171 458 
171 238 
171 90 
171 102 
171 457 
171 505 
171 483 
171 365 
171 228 
171 76 
171 512 
172 265 
172 307 
172 190 
172 264 
172 469 
172 373 
172 30 
172 79 
172 202 
172 247 
172 454 
172 209 
172 491 
172 122 
172 234 
172 352 
172 258 
172 70 
172 218 
172 302 
172 461 
172 485 
172 392 
172 504 
172 34 
172 285 
172 282 
172 19 
172 85 
172 206 
172 238 
172 149 
172 466 
172 243 
172 428 
172 2 
172 351 
172 449 
172 39 
172 278 
172 298 
172 378 
172 185 
172 362 
172 315 
172 456 
172 54 
172 260 
172 110 
172 49 
172 275 
172 46 
172 197 
172 77 
172 268 
172 173 
172 463 
172 135 
172 101 
172 40 
172 225 
172 95 
172 413 
172 467 
172 127 
172 357 
172 305 
172 475 
172 163 
172 153 
172 257 
172 398 
172 270 
172 408 
172 255 
172 152 
172 141 
172 136 
172 262 
172 143 
172 498 
172 128 
172 112 
172 421 
172 62 
172 261 
172 433 
172 38 
172 479 
172 368 
172 437 
172 446 
172 183 
172 51 
172 119 
172 221 
172 104 
172 311 
172 356 
172 459 
172 160 
172 310 
172 306 
172 125 
172 60 
172 409 
172 240 
172 208 
172 478 
172 296 
172 251 
172 57 
172 312 
172 250 
172 328 
172 235 
172 326 
172 444 
172 427 
172 100 
172 405 
172 24 
172 412 
172 511 
172 506 
172 386 
172 350 
172 232 
172 474 
172 329 
172 175 
172 72 
172 439 
172 513 
172 35 
172 111 
172 142 
172 82 
172 130 
172 194 
172 195 
172 229 
172 387 
172 37 
172 287 
172 188 
172 327 
172 364 
172 462 
172 73 
172 245 
172 388 
172 334 
172 154 
172 402 
172 6 
172 97 
172 341 
172 109 
172 308 
172 230 
172 43 
172 52 
172 480 
172 501 
172 233 
172 244 
172 216 
173 136 
173 487 
173 462 
173 502 
173 482 
173 364 
173 216 
173 503 
173 345 
173 235 
173 197 
173 185 
173 257 
173 413 
173 501 
173 438 
173 275 
173 64 
173 205 
173 161 
173 338 
173 447 
173 495 
173 312 
173 331 
173 394 
173 156 
173 304 
173 134 
173 429 
173 318 
173 154 
173 373 
173 357 
173 58 
173 491 
173 274 
173 21 
173 306 
173 339 
173 102 
173 9 
173 114 
173 54 
173 320 
173 25 
173 4 
173 509 
173 415 
173 270 
173 348 
173 214 
173 340 
173 12 
173 485 
173 23 
173 97 
173 481 
173 51 
173 467 
173 384 
173 172 
173 207 
173 463 
173 434 
173 490 
173 82 
173 43 
173 475 
173 101 
173 206 
173 313 
173 405 
173 246 
173 230 
173 86 
173 77 
173 314 
173 309 
173 291 
173 124 
173 379 
173 87 
173 30 
173 137 
173 342 
173 119 
173 444 
173 191 
173 380 
173 72 
173 141 
173 45 
173 65 
173 409 
173 229 
173 200 
173 374 
173 19 
173 244 
173 443 
173 388 
173 194 
173 294 
173 115 
173 67 
173 195 
173 393 
173 448 
173 59 
173 79 
173 8 
173 477 
173 403 
173 118 
173 69 
173 336 
173 308 
173 104 
173 401 
173 243 
173 488 
173 53 
173 103 
173 385 
173 512 
173 29 
173 170 
173 6 
173 272 
173 89 
173 423 
173 109 
173 249 
173 95 
173 225 
173 363 
173 11 
173 47 
173 433 
173 499 
173 7 
173 383 
173 292 
173 44 
173 48 
173 486 
173 358 
173 81 
173 449 
174 382 
174 351 
174 164 
174 346 
174 303 
174 266 
174 109 
174 176 
174 97 
174 4 
174 354 
174 46 
174 337 
174 437 
174 232 
174 498 
174 371 
174 268 
174 192 
174 142 
174 170 
174 30 
174 464 
174 319 
174 223 
174 147 
174 279 
174 396 
174 165 
174 457 
174 29 
174 321 
174 384 
174 108 
174 145 
174 272 
174 258 
174 85 
174 54 
174 397 
174 56 
174 296 
174 283 
174 344 
174 105 
174 306 
174 171 
174 127 
174 188 
174 248 
174 43 
174 381 
174 512 
174 356 
174 21 
174 309 
174 339 
174 286 
174 203 
174 39 
174 132 
174 425 
174 216 
174 475 
174 194 
174 179 
174 305 
174 376 
174 63 
174 151 
174 61 
174 377 
174 8 
174 195 
174 206 
174 58 
174 243 
174 386 
174 122 
174 51 
174 486 
174 310 
174 443 
174 410 
174 415 
174 462 
174 255 
174 187 
174 240 
174 474 
174 245 
174 508 
174 211 
174 511 
174 111 
174 252 
174 169 
174 190 
174 1 
174 227 
174 149 
174 420 
174 90 
174 446 
174 300 
174 24 
174 452 
174 148 
174 156 
174 178 
174 73 
174 335 
174 33 
174 295 
174 489 
174 363 
174 369 
174 229 
174 20 
174 91 
174 107 
174 456 
174 26 
174 118 
174 333 
174 403 
174 76 
174 441 
174 323 
174 297 
174 298 
174 401 
174 175 
174 467 
174 182 
174 509 
174 483 
174 438 
174 349 
174 485 
175 54 
175 427 
175 397 
175 422 
175 511 
175 343 
175 168 
175 188 
175 419 
175 457 
175 500 
175 262 
175 368 
175 478 
175 141 
175 404 
175 59 
175 253 
175 27 
175 471 
175 189 
175 24 
175 33 
175 347 
175 365 
175 186 
175 1 
175 257 
175 210 
175 50 
175 387 
175 393 
175 182 
175 480 
175 487 
175 90 
175 86 
175 147 
175 203 
175 99 
175 107 
175 309 
175 200 
175 376 
175 47 
175 42 
175 349 
175 125 
175 153 
175 68 
175 229 
175 470 
175 43 
175 378 
175 464 
175 109 
175 216 
175 292 
175 322 
175 507 
175 448 
175 381 
175 250 
175 134 
175 270 
175 311 
175 420 
175 479 
175 224 
175 441 
175 108 
175 137 
175 260 
175 69 
175 101 
175 417 
175 342 
175 22 
175 297 
175 462 
175 369 
175 394 
175 472 
175 277 
175 461 
175 505 
175 374 
175 261 
175 61 
175 233 
175 413 
175 483 
175 489 
175 160 
175 192 
175 156 
175 71 
175 436 
175 300 
175 127 
175 15 
175 30 
175 172 
175 275 
175 303 
175 7 
175 389 
175 21 
175 299 
175 235 
175 215 
175 434 
175 197 
175 112 
175 425 
175 234 
175 323 
175 327 
175 390 
175 307 
175 330 
175 245 
175 399 
175 73 
175 146 
175 281 
175 174 
175 46 
175 482 
175 56 
175 48 
175 491 
175 259 
175 288 
175 2 
175 226 
175 100 
176 34 
176 484 
176 32 
176 272 
176 331 
176 174 
176 490 
176 346 
176 428 
176 150 
176 288 
176 442 
176 156 
176 498 
176 448 
176 496 
176 293 
176 421 
176 204 
176 149 
176 390 
176 100 
176 476 
176 146 
176 197 
176 336 
176 212 
176 177 
176 242 
176 127 
176 222 
176 138 
176 487 
176 352 
176 315 
176 135 
176 371 
176 270 
176 31 
176 446 
176 342 
176 297 
176 265 
176 349 
176 452 
176 42 
176 395 
176 99 
176 104 
176 334 
176 67 
176 186 
176 402 
176 157 
176 140 
176 188 
176 408 
176 231 
176 200 
176 37 
176 458 
176 358 
176 116 
176 52 
176 101 
176 485 
176 471 
176 114 
176 354 
176 141 
176 198 
176 252 
176 30 
176 5 
176 133 
176 121 
176 245 
176 489 
176 281 
176 235 
176 322 
176 404 
176 375 
176 130 
176 295 
176 368 
176 278 
176 462 
176 78 
176 383 
176 337 
176 236 
176 98 
176 504 
176 416 
176 36 
176 307 
176 360 
176 277 
176 238 
176 439 
176 134 
176 63 
176 350 
176 85 
176 507 
176 418 
176 93 
176 27 
176 90 
176 241 
176 202 
176 411 
176 361 
176 321 
176 451 
176 284 
176 91 
176 84 
176 467 
176 33 
176 45 
176 459 
176 205 
176 345 
176 263 
176 92 
176 370 
176 508 
176 339 
176 181 
176 499 
176 190 
176 3 
176 312 
176 335 
176 170 
176 131 
176 15 
176 230 
176 159 
176 81 
176 153 
176 142 
176 463 
176 276 
176 302 
176 111 
176 497 
176 410 
176 406 
176 290 
176 502 
176 480 
176 338 
176 106 
176 61 
176 425 
176 306 
176 112 
176 51 
177 442 
177 222 
177 408 
177 106 
177 368 
177 135 
177 362 
177 470 
177 476 
177 410 
177 14 
177 180 
177 108 
177 238 
177 139 
177 256 
177 284 
177 412 
177 105 
177 433 
177 29 
177 430 
177 212 
177 211 
177 306 
177 215 
177 159 
177 34 
177 58 
177 497 
177 507 
177 176 
177 45 
177 97 
177 379 
177 26 
177 407 
177 269 
177 350 
177 393 
177 110 
177 287 
177 270 
177 198 
177 204 
177 502 
177 341 
177 411 
177 210 
177 508 
177 513 
177 305 
177 52 
177 78 
177 188 
177 151 
177 483 
177 465 
177 68 
177 57 
177 131 
177 133 
177 219 
177 349 
177 486 
177 64 
177 452 
177 317 
177 445 
177 312 
177 316 
177 367 
177 421 
177 358 
177 275 
177 12 
177 79 
177 353 
177 141 
177 235 
177 339 
177 230 
177 190 
177 2 
177 295 
177 56 
177 510 
177 155 
177 456 
177 432 
177 202 
177 109 
177 402 
177 423 
177 434 
177 82 
177 273 
177 206 
177 233 
177 17 
177 437 
177 140 
177 27 
177 311 
177 420 
177 98 
177 448 
177 40 
177 71 
177 261 
177 403 
177 6 
177 249 
177 220 
177 93 
177 501 
177 260 
177 499 
177 88 
177 512 
177 264 
177 187 
177 51 
177 63 
177 76 
177 263 
177 491 
177 395 
177 366 
177 301 
177 479 
177 55 
177 363 
177 36 
177 309 
177 473 
177 153 
177 15 
177 102 
177 99 
177 416 
177 485 
177 392 
177 278 
177 39 
177 455 
177 274 
177 352 
178 405 
178 342 
178 385 
178 105 
178 191 
178 443 
178 335 
178 465 
178 437 
178 487 
178 88 
178 285 
178 218 
178 95 
178 461 
178 340 
178 138 
178 98 
178 215 
178 339 
178 484 
178 141 
178 482 
178 449 
178 274 
178 137 
178 214 
178 463 
178 500 
178 229 
178 31 
178 432 
178 299 
178 444 
178 53 
178 133 
178 20 
178 100 
178 253 
178 368 
178 84 
178 213 
178 5 
178 101 
178 102 
178 395 
178 323 
178 225 
178 25 
178 247 
178 49 
178 414 
178 181 
178 24 
178 6 
178 286 
178 220 
178 23 
178 224 
178 352 
178 481 
178 142 
178 428 
178 287 
178 34 
178 477 
178 320 
178 392 
178 17 
178 468 
178 374 
178 305 
178 359 
178 459 
178 311 
178 233 
178 148 
178 221 
178 454 
178 302 
178 75 
178 209 
178 325 
178 197 
178 266 
178 32 
178 319 
178 301 
178 74 
178 269 
178 360 
178 293 
178 471 
178 35 
178 407 
178 406 
178 440 
178 89 
178 222 
178 116 
178 230 
178 196 
178 223 
178 445 
178 240 
178 420 
178 375 
178 208 
178 398 
178 322 
178 409 
178 486 
178 448 
178 174 
178 455 
178 415 
178 7 
178 127 
178 362 
178 422 
178 312 
178 97 
178 505 
178 61 
178 246 
178 30 
178 328 
178 315 
178 115 
178 107 
178 388 
178 108 
178 401 
178 252 
178 383 
178 232 
178 431 
178 261 
178 367 
178 350 
178 333 
178 337 
178 12 
178 164 
178 9 
178 474 
179 281 
179 333 
179 449 
179 331 
179 62 
179 78 
179 98 
179 107 
179 76 
179 337 
179 411 
179 23 
179 443 
179 87 
179 272 
179 439 
179 233 
179 356 
179 299 
179 404 
179 215 
179 482 
179 31 
179 289 
179 508 
179 50 
179 238 
179 415 
179 74 
179 371 
179 424 
179 438 
179 34 
179 171 
179 216 
179 374 
179 264 
179 37 
179 494 
179 430 
179 229 
179 311 
179 380 
179 35 
179 473 
179 377 
179 280 
179 236 
179 284 
179 378 
179 328 
179 491 
179 463 
179 436 
179 158 
179 406 
179 41 
179 499 
179 100 
179 460 
179 360 
179 189 
179 73 
179 218 
179 468 
179 102 
179 24 
179 425 
179 354 
179 47 
179 174 
179 375 
179 32 
179 365 
179 329 
179 369 
179 145 
179 204 
179 335 
179 488 
179 464 
179 150 
179 446 
179 269 
179 307 
179 325 
179 183 
179 413 
179 106 
179 212 
179 437 
179 345 
179 244 
179 310 
179 213 
179 419 
179 290 
179 338 
179 7 
179 157 
179 132 
179 10 
179 302 
179 116 
179 295 
179 273 
179 472 
179 455 
179 420 
179 29 
179 184 
179 199 
179 17 
179 135 
179 444 
179 134 
179 185 
179 25 
179 170 
179 181 
179 228 
179 191 
179 400 
179 340 
179 126 
179 194 
179 313 
179 257 
179 458 
179 230 
179 71 
179 57 
179 285 
179 75 
179 441 
179 304 
179 190 
179 84 
179 484 
179 314 
179 512 
179 72 
179 167 
179 61 
180 506 
180 60 
180 279 
180 244 
180 316 
180 159 
180 239 
180 208 
180 385 
180 318 
180 210 
180 160 
180 407 
180 495 
180 335 
180 98 
180 329 
180 7 
180 26 
180 127 
180 409 
180 472 
180 177 
180 412 
180 78 
180 24 
180 331 
180 285 
180 369 
180 93 
180 231 
180 415 
180 31 
180 396 
180 475 
180 304 
180 437 
180 35 
180 70 
180 275 
180 207 
180 266 
180 192 
180 131 
180 276 
180 364 
180 187 
180 2 
180 228 
180 404 
180 68 
180 53 
180 32 
180 312 
180 166 
180 435 
180 96 
180 84 
180 163 
180 429 
180 360 
180 213 
180 322 
180 352 
180 278 
180 113 
180 128 
180 274 
180 8 
180 18 
180 145 
180 296 
180 336 
180 168 
180 146 
180 492 
180 247 
180 507 
180 101 
180 363 
180 97 
180 66 
180 498 
180 390 
180 378 
180 405 
180 186 
180 6 
180 114 
180 373 
180 205 
180 315 
180 237 
180 349 
180 302 
180 34 
180 51 
180 252 
180 424 
180 477 
180 202 
180 454 
180 317 
180 28 
180 206 
180 320 
180 480 
180 255 
180 420 
180 199 
180 423 
180 419 
180 306 
180 465 
180 436 
180 212 
180 351 
180 479 
180 496 
180 303 
180 414 
180 460 
180 326 
180 383 
180 201 
180 362 
180 442 
180 474 
180 509 
180 156 
180 88 
180 140 
180 287 
180 148 
180 40 
180 321 
180 344 
180 452 
180 365 
180 297 
180 94 
180 162 
180 487 
180 76 
180 339 
180 14 
180 188 
180 220 
180 347 
180 118 
180 233 
180 346 
180 470 
180 37 
180 293 
180 370 
180 149 
180 190 
181 52 
181 300 
181 397 
181 353 
181 317 
181 264 
181 239 
181 128 
181 461 
181 263 
181 57 
181 40 
181 202 
181 146 
181 116 
181 33 
181 75 
181 106 
181 42 
181 418 
181 339 
181 335 
181 406 
181 502 
181 23 
181 245 
181 138 
181 311 
181 58 
181 225 
181 20 
181 193 
181 82 
181 103 
181 38 
181 291 
181 131 
181 200 
181 184 
181 425 
181 321 
181 293 
181 252 
181 8 
181 154 
181 46 
181 158 
181 108 
181 197 
181 371 
181 194 
181 248 
181 505 
181 41 
181 223 
181 356 
181 89 
181 178 
181 104 
181 10 
181 19 
181 72 
181 91 
181 113 
181 436 
181 243 
181 493 
181 351 
181 39 
181 135 
181 111 
181 165 
181 254 
181 93 
181 66 
181 403 
181 109 
181 398 
181 137 
181 479 
181 141 
181 233 
181 380 
181 152 
181 476 
181 412 
181 434 
181 132 
181 76 
181 110 
181 268 
181 136 
181 69 
181 494 
181 511 
181 24 
181 313 
181 410 
181 17 
181 26 
181 161 
181 282 
181 296 
181 509 
181 192 
181 456 
181 424 
181 259 
181 145 
181 185 
181 241 
181 3 
181 413 
181 130 
181 440 
181 327 
181 262 
181 448 
181 235 
181 322 
181 159 
181 127 
181 382 
181 304 
181 215 
181 270 
181 237 
181 394 
181 98 
181 331 
181 427 
181 50 
181 278 
181 274 
181 332 
181 438 
181 355 
181 176 
181 179 
181 286 
181 187 
181 31 
181 16 
181 495 
181 95 
181 277 
181 404 
181 287 
181 59 
181 4 
181 467 
181 271 
181 437 
181 326 
181 320 
181 183 
181 475 
181 345 
181 229 
181 21 
181 417 
181 143 
181 1 
181 472 
181 163 
181 381 
181 395 
182 360 
182 98 
182 44 
182 398 
182 156 
182 14 
182 110 
182 412 
182 35 
182 404 
182 157 
182 201 
182 324 
182 70 
182 425 
182 21 
182 387 
182 380 
182 91 
182 364 
182 71 
182 148 
182 478 
182 4 
182 325 
182 2 
182 63 
182 41 
182 58 
182 221 
182 473 
182 51 
182 224 
182 135 
182 460 
182 147 
182 33 
182 421 
182 271 
182 307 
182 357 
182 37 
182 175 
182 284 
182 50 
182 93 
182 513 
182 57 
182 445 
182 220 
182 257 
182 66 
182 111 
182 217 
182 255 
182 368 
182 261 
182 426 
182 447 
182 131 
182 54 
182 218 
182 330 
182 186 
182 171 
182 76 
182 388 
182 348 
182 73 
182 298 
182 353 
182 222 
182 130 
182 499 
182 395 
182 203 
182 236 
182 125 
182 383 
182 10 
182 487 
182 494 
182 490 
182 375 
182 400 
182 55 
182 150 
182 67 
182 85 
182 316 
182 433 
182 231 
182 279 
182 229 
182 259 
182 376 
182 248 
182 215 
182 507 
182 342 
182 329 
182 455 
182 126 
182 211 
182 139 
182 355 
182 47 
182 354 
182 495 
182 223 
182 448 
182 20 
182 449 
182 184 
182 163 
182 230 
182 393 
182 149 
182 12 
182 17 
182 333 
182 314 
182 80 
182 142 
182 509 
182 115 
182 277 
182 128 
182 109 
182 286 
182 451 
182 401 
182 1 
182 431 
182 265 
182 309 
182 275 
182 428 
182 477 
182 349 
182 287 
182 436 
182 303 
182 443 
182 422 
182 479 
182 472 
182 195 
182 103 
182 174 
182 143 
182 430 
182 296 
182 489 
183 56 
183 26 
183 48 
183 256 
183 232 
183 277 
183 331 
183 57 
183 379 
183 199 
183 149 
183 28 
183 115 
183 19 
183 154 
183 449 
183 342 
183 450 
183 273 
183 185 
183 395 
183 278 
183 283 
183 437 
183 267 
183 265 
183 497 
183 209 
183 443 
183 456 
183 288 
183 485 
183 2 
183 191 
183 422 
183 264 
183 446 
183 123 
183 391 
183 206 
183 466 
183 79 
183 102 
183 93 
183 219 
183 369 
183 487 
183 95 
183 237 
183 158 
183 499 
183 501 
183 99 
183 333 
183 423 
183 473 
183 479 
183 509 
183 70 
183 160 
183 469 
183 294 
183 398 
183 49 
183 7 
183 86 
183 81 
183 429 
183 394 
183 0 
183 217 
183 435 
183 438 
183 308 
183 378 
183 101 
183 370 
183 202 
183 212 
183 388 
183 250 
183 143 
183 3 
183 384 
183 458 
183 412 
183 439 
183 311 
183 210 
183 289 
183 464 
183 348 
183 172 
183 163 
183 98 
183 179 
183 482 
183 196 
183 58 
183 385 
183 41 
183 61 
183 455 
183 138 
183 85 
183 11 
183 490 
183 241 
183 447 
183 165 
183 326 
183 47 
183 353 
183 169 
183 14 
183 253 
183 362 
183 66 
183 475 
183 239 
183 21 
183 320 
183 39 
183 442 
183 238 
183 284 
183 315 
183 140 
183 426 
183 44 
183 218 
183 486 
183 312 
183 415 
183 146 
183 37 
183 192 
183 377 
183 162 
183 339 
183 421 
183 82 
183 260 
183 452 
183 186 
183 251 
183 131 
183 330 
183 307 
183 211 
183 274 
183 221 
183 181 
183 350 
183 207 
183 322 
183 155 
183 418 
183 280 
183 313 
183 386 
183 6 
183 150 
184 432 
184 411 
184 429 
184 487 
184 476 
184 38 
184 234 
184 36 
184 339 
184 39 
184 101 
184 373 
184 22 
184 128 
184 74 
184 16 
184 318 
184 381 
184 136 
184 358 
184 218 
184 513 
184 347 
184 492 
184 239 
184 216 
184 181 
184 332 
184 212 
184 267 
184 12 
184 78 
184 345 
184 119 
184 185 
184 140 
184 296 
184 315 
184 63 
184 458 
184 93 
184 204 
184 54 
184 392 
184 307 
184 493 
184 445 
184 167 
184 55 
184 189 
184 192 
184 208 
184 276 
184 57 
184 261 
184 265 
184 308 
184 399 
184 394 
184 378 
184 311 
184 165 
184 251 
184 421 
184 113 
184 367 
184 199 
184 13 
184 129 
184 285 
184 401 
184 264 
184 141 
184 317 
184 447 
184 312 
184 300 
184 451 
184 237 
184 262 
184 465 
184 92 
184 127 
184 75 
184 166 
184 202 
184 319 
184 323 
184 150 
184 230 
184 104 
184 371 
184 456 
184 299 
184 109 
184 149 
184 146 
184 200 
184 375 
184 229 
184 333 
184 248 
184 329 
184 19 
184 294 
184 253 
184 227 
184 301 
184 363 
184 59 
184 152 
184 471 
184 477 
184 79 
184 420 
184 182 
184 328 
184 509 
184 245 
184 134 
184 179 
184 31 
184 293 
184 499 
184 71 
184 90 
184 400 
184 250 
184 484 
184 40 
184 498 
184 46 
184 433 
184 118 
184 238 
184 73 
184 147 
184 80 
184 257 
184 226 
184 306 
184 343 
184 320 
184 313 
184 240 
184 494 
184 423 
184 501 
184 372 
184 9 
184 254 
184 436 
184 203 
184 193 
184 512 
184 398 
184 380 
185 31 
185 229 
185 504 
185 457 
185 302 
185 30 
185 245 
185 220 
185 453 
185 44 
185 237 
185 148 
185 244 
185 429 
185 173 
185 167 
185 118 
185 116 
185 155 
185 204 
185 183 
185 498 
185 193 
185 489 
185 372 
185 223 
185 426 
185 80 
185 264 
185 304 
185 436 
185 455 
185 353 
185 209 
185 481 
185 157 
185 409 
185 186 
185 412 
185 172 
185 41 
185 7 
185 307 
185 466 
185 433 
185 347 
185 305 
185 477 
185 94 
185 250 
185 469 
185 164 
185 184 
185 456 
185 153 
185 414 
185 254 
185 373 
185 370 
185 338 
185 34 
185 207 
185 169 
185 283 
185 428 
185 241 
185 395 
185 310 
185 212 
185 439 
185 97 
185 381 
185 299 
185 440 
185 470 
185 166 
185 312 
185 431 
185 501 
185 464 
185 147 
185 289 
185 56 
185 6 
185 84 
185 95 
185 268 
185 111 
185 390 
185 251 
185 133 
185 139 
185 313 
185 151 
185 311 
185 49 
185 300 
185 76 
185 394 
185 81 
185 144 
185 375 
185 380 
185 443 
185 265 
185 181 
185 441 
185 88 
185 376 
185 142 
185 450 
185 444 
185 75 
185 348 
185 5 
185 194 
185 17 
185 230 
185 267 
185 218 
185 384 
185 357 
185 224 
185 114 
185 287 
185 134 
185 69 
185 386 
185 454 
185 475 
185 179 
185 511 
185 222 
185 12 
185 368 
185 90 
185 317 
185 98 
185 462 
185 199 
185 110 
185 461 
185 266 
185 281 
185 506 
185 284 
185 351 
185 190 
185 211 
185 478 
185 196 
185 420 
185 226 
185 152 
186 73 
186 251 
186 210 
186 34 
186 282 
186 69 
186 146 
186 256 
186 407 
186 273 
186 92 
186 125 
186 276 
186 64 
186 141 
186 165 
186 68 
186 58 
186 67 
186 401 
186 53 
186 236 
186 475 
186 155 
186 317 
186 229 
186 428 
186 232 
186 231 
186 375 
186 175 
186 192 
186 397 
186 257 
186 246 
186 265 
186 371 
186 185 
186 249 
186 405 
186 445 
186 132 
186 496 
186 209 
186 434 
186 319 
186 56 
186 198 
186 473 
186 390 
186 42 
186 122 
186 380 
186 304 
186 176 
186 227 
186 393 
186 235 
186 294 
186 144 
186 182 
186 189 
186 423 
186 6 
186 433 
186 327 
186 353 
186 60 
186 123 
186 79 
186 483 
186 500 
186 216 
186 384 
186 195 
186 88 
186 266 
186 367 
186 278 
186 222 
186 467 
186 199 
186 14 
186 313 
186 347 
186 180 
186 425 
186 338 
186 16 
186 261 
186 111 
186 205 
186 486 
186 135 
186 102 
186 406 
186 360 
186 421 
186 137 
186 429 
186 254 
186 126 
186 154 
186 221 
186 238 
186 214 
186 218 
186 203 
186 411 
186 455 
186 316 
186 272 
186 363 
186 499 
186 191 
186 99 
186 225 
186 436 
186 243 
186 202 
186 157 
186 466 
186 33 
186 314 
186 308 
186 346 
186 228 
186 474 
186 62 
186 8 
186 485 
186 476 
186 334 
186 18 
186 183 
186 492 
186 477 
186 480 
186 288 
186 379 
186 44 
186 285 
186 113 
186 118 
186 510 
186 47 
186 164 
186 471 
186 244 
186 274 
186 116 
186 230 
186 400 
186 491 
186 438 
187 228 
187 417 
187 23 
187 163 
187 473 
187 346 
187 402 
187 384 
187 103 
187 382 
187 303 
187 466 
187 413 
187 201 
187 324 
187 471 
187 490 
187 59 
187 149 
187 224 
187 124 
187 122 
187 351 
187 20 
187 17 
187 511 
187 148 
187 321 
187 151 
187 234 
187 448 
187 487 
187 233 
187 60 
187 460 
187 74 
187 388 
187 354 
187 154 
187 180 
187 336 
187 9 
187 297 
187 39 
187 240 
187 376 
187 295 
187 4 
187 42 
187 31 
187 213 
187 167 
187 286 
187 488 
187 368 
187 337 
187 465 
187 26 
187 45 
187 144 
187 459 
187 268 
187 62 
187 505 
187 292 
187 383 
187 451 
187 260 
187 420 
187 209 
187 51 
187 358 
187 478 
187 424 
187 95 
187 392 
187 314 
187 76 
187 120 
187 85 
187 168 
187 107 
187 69 
187 158 
187 138 
187 429 
187 251 
187 247 
187 270 
187 467 
187 266 
187 123 
187 162 
187 389 
187 44 
187 236 
187 434 
187 203 
187 84 
187 462 
187 255 
187 174 
187 248 
187 475 
187 352 
187 73 
187 380 
187 461 
187 425 
187 301 
187 317 
187 205 
187 243 
187 281 
187 133 
187 101 
187 50 
187 283 
187 238 
187 91 
187 265 
187 504 
187 273 
187 390 
187 375 
187 447 
187 156 
187 177 
187 489 
187 181 
187 409 
187 464 
187 92 
187 422 
187 159 
187 298 
187 263 
187 6 
187 75 
187 165 
187 330 
187 253 
187 418 
187 82 
187 480 
187 100 
187 288 
187 11 
187 385 
187 242 
187 235 
188 2 
188 340 
188 268 
188 220 
188 463 
188 175 
188 490 
188 143 
188 271 
188 308 
188 419 
188 202 
188 47 
188 195 
188 328 
188 408 
188 477 
188 426 
188 313 
188 433 
188 362 
188 415 
188 156 
188 467 
188 189 
188 488 
188 140 
188 385 
188 350 
188 396 
188 468 
188 130 
188 91 
188 444 
188 482 
188 489 
188 112 
188 15 
188 436 
188 414 
188 388 
188 309 
188 286 
188 171 
188 279 
188 226 
188 448 
188 149 
188 215 
188 121 
188 413 
188 174 
188 119 
188 177 
188 359 
188 20 
188 442 
188 126 
188 443 
188 176 
188 82 
188 194 
188 236 
188 139 
188 57 
188 435 
188 78 
188 332 
188 129 
188 111 
188 245 
188 151 
188 278 
188 291 
188 122 
188 495 
188 230 
188 192 
188 79 
188 24 
188 374 
188 282 
188 285 
188 154 
188 259 
188 254 
188 75 
188 509 
188 256 
188 211 
188 492 
188 329 
188 375 
188 84 
188 89 
188 431 
188 296 
188 391 
188 429 
188 399 
188 470 
188 61 
188 46 
188 367 
188 168 
188 397 
188 263 
188 434 
188 255 
188 131 
188 281 
188 276 
188 83 
188 41 
188 161 
188 378 
188 486 
188 59 
188 401 
188 172 
188 469 
188 272 
188 29 
188 386 
188 8 
188 10 
188 318 
188 74 
188 137 
188 428 
188 457 
188 242 
188 511 
188 180 
188 409 
188 21 
188 260 
188 108 
188 430 
188 123 
188 109 
188 42 
188 76 
188 170 
189 314 
189 81 
189 437 
189 309 
189 155 
189 248 
189 230 
189 273 
189 359 
189 427 
189 464 
189 421 
189 39 
189 62 
189 352 
189 71 
189 103 
189 382 
189 422 
189 404 
189 175 
189 21 
189 150 
189 49 
189 494 
189 188 
189 340 
189 124 
189 149 
189 276 
189 158 
189 157 
189 373 
189 480 
189 7 
189 512 
189 491 
189 30 
189 250 
189 105 
189 221 
189 207 
189 16 
189 418 
189 2 
189 399 
189 97 
189 46 
189 194 
189 45 
189 63 
189 199 
189 445 
189 73 
189 451 
189 192 
189 141 
189 302 
189 513 
189 17 
189 184 
189 440 
189 318 
189 337 
189 432 
189 186 
189 179 
189 37 
189 117 
189 125 
189 216 
189 51 
189 232 
189 83 
189 311 
189 504 
189 214 
189 260 
189 164 
189 12 
189 396 
189 245 
189 42 
189 499 
189 205 
189 510 
189 53 
189 120 
189 428 
189 433 
189 344 
189 297 
189 350 
189 84 
189 508 
189 9 
189 1 
189 35 
189 370 
189 332 
189 271 
189 18 
189 226 
189 447 
189 502 
189 456 
189 142 
189 190 
189 152 
189 408 
189 251 
189 312 
189 398 
189 241 
189 233 
189 322 
189 0 
189 242 
189 119 
189 506 
189 220 
189 146 
189 68 
189 263 
189 316 
189 13 
189 80 
189 240 
189 438 
189 280 
189 307 
189 145 
189 203 
189 304 
189 212 
189 36 
189 65 
189 228 
189 122 
189 64 
189 413 
189 252 
189 77 
189 74 
189 497 
189 217 
189 198 
189 315 
189 43 
189 209 
189 321 
189 88 
189 341 
189 249 
189 123 
189 501 
189 347 
190 288 
190 172 
190 241 
190 300 
190 11 
190 444 
190 17 
190 78 
190 47 
190 128 
190 92 
190 347 
190 468 
190 425 
190 119 
190 427 
190 503 
190 108 
190 202 
190 227 
190 95 
190 51 
190 237 
190 244 
190 303 
190 105 
190 161 
190 204 
190 18 
190 414 
190 245 
190 494 
190 297 
190 211 
190 335 
190 48 
190 341 
190 131 
190 428 
190 250 
190 137 
190 255 
190 482 
190 115 
190 213 
190 96 
190 353 
190 79 
190 50 
190 475 
190 2 
190 502 
190 302 
190 121 
190 383 
190 4 
190 156 
190 126 
190 401 
190 459 
190 467 
190 68 
190 381 
190 260 
190 42 
190 355 
190 135 
190 273 
190 208 
190 336 
190 239 
190 281 
190 21 
190 339 
190 470 
190 103 
190 206 
190 87 
190 340 
190 399 
190 74 
190 376 
190 481 
190 431 
190 55 
190 256 
190 405 
190 379 
190 271 
190 225 
190 306 
190 457 
190 415 
190 71 
190 177 
190 408 
190 224 
190 382 
190 149 
190 389 
190 488 
190 511 
190 194 
190 31 
190 485 
190 174 
190 253 
190 390 
190 8 
190 85 
190 240 
190 491 
190 420 
190 320 
190 189 
190 391 
190 343 
190 272 
190 52 
190 282 
190 205 
190 242 
190 53 
190 248 
190 97 
190 337 
190 146 
190 176 
190 238 
190 229 
190 400 
190 221 
190 487 
190 509 
190 207 
190 429 
190 287 
190 284 
190 477 
190 157 
190 27 
190 179 
190 106 
190 478 
190 185 
190 322 
190 81 
190 193 
190 395 
190 180 
191 269 
191 319 
191 178 
191 67 
191 56 
191 115 
191 211 
191 2 
191 82 
191 332 
191 321 
191 455 
191 397 
191 312 
191 114 
191 148 
191 383 
191 291 
191 44 
191 423 
191 357 
191 109 
191 466 
191 317 
191 337 
191 124 
191 252 
191 469 
191 135 
191 480 
191 501 
191 201 
191 481 
191 364 
191 261 
191 306 
191 490 
191 105 
191 1 
191 391 
191 92 
191 3 
191 465 
191 255 
191 508 
191 301 
191 183 
191 62 
191 333 
191 170 
191 236 
191 349 
191 227 
191 283 
191 46 
191 162 
191 146 
191 354 
191 477 
191 331 
191 448 
191 375 
191 112 
191 9 
191 245 
191 488 
191 389 
191 225 
191 253 
191 224 
191 60 
191 314 
191 387 
191 432 
191 207 
191 41 
191 256 
191 493 
191 371 
191 222 
191 444 
191 435 
191 368 
191 129 
191 53 
191 91 
191 173 
191 132 
191 90 
191 231 
191 72 
191 130 
191 87 
191 19 
191 234 
191 395 
191 338 
191 443 
191 192 
191 276 
191 218 
191 50 
191 73 
191 365 
191 417 
191 394 
191 373 
191 275 
191 470 
191 45 
191 402 
191 39 
191 230 
191 193 
191 369 
191 347 
191 421 
191 107 
191 96 
191 247 
191 512 
191 8 
191 323 
191 243 
191 24 
191 59 
191 238 
191 474 
191 11 
191 494 
191 186 
191 273 
191 299 
191 341 
191 35 
191 7 
191 418 
191 507 
191 101 
191 43 
191 21 
191 436 
191 322 
191 179 
191 431 
191 58 
191 194 
191 449 
191 343 
191 38 
191 427 
191 83 
191 295 
191 32 
191 4 
191 149 
191 476 
191 99 
191 437 
191 76 
191 216 
191 241 
191 208 
191 339 
192 511 
192 412 
192 224 
192 221 
192 245 
192 348 
192 131 
192 165 
192 146 
192 289 
192 68 
192 465 
192 303 
192 207 
192 449 
192 167 
192 56 
192 471 
192 367 
192 174 
192 45 
192 489 
192 407 
192 87 
192 493 
192 155 
192 258 
192 444 
192 25 
192 156 
192 186 
192 382 
192 242 
192 153 
192 124 
192 134 
192 107 
192 344 
192 453 
192 37 
192 5 
192 180 
192 454 
192 243 
192 120 
192 85 
192 371 
192 133 
192 326 
192 235 
192 34 
192 338 
192 253 
192 474 
192 403 
192 383 
192 125 
192 394 
192 189 
192 69 
192 294 
192 113 
192 110 
192 377 
192 184 
192 94 
192 421 
192 451 
192 145 
192 309 
192 152 
192 397 
192 188 
192 232 
192 411 
192 370 
192 239 
192 347 
192 484 
192 36 
192 220 
192 354 
192 322 
192 43 
192 494 
192 384 
192 135 
192 502 
192 118 
192 284 
192 191 
192 488 
192 333 
192 297 
192 63 
192 476 
192 181 
192 231 
192 98 
192 21 
192 456 
192 419 
192 204 
192 336 
192 66 
192 175 
192 223 
192 238 
192 448 
192 229 
192 330 
192 499 
192 379 
192 455 
192 432 
192 428 
192 276 
192 122 
192 445 
192 307 
192 399 
192 433 
192 9 
192 446 
192 183 
192 20 
192 388 
192 496 
192 495 
192 95 
192 169 
192 41 
192 150 
192 343 
192 434 
192 195 
192 327 
192 422 
192 115 
192 316 
192 130 
192 248 
192 218 
192 79 
192 395 
192 53 
192 426 
192 72 
192 505 
192 452 
192 149 
192 136 
193 307 
193 151 
193 470 
193 337 
193 493 
193 31 
193 482 
193 44 
193 60 
193 201 
193 402 
193 480 
193 134 
193 235 
193 268 
193 90 
193 293 
193 148 
193 138 
193 270 
193 297 
193 104 
193 264 
193 427 
193 265 
193 185 
193 457 
193 398 
193 434 
193 385 
193 392 
193 105 
193 377 
193 441 
193 181 
193 372 
193 478 
193 229 
193 333 
193 27 
193 295 
193 459 
193 197 
193 420 
193 199 
193 356 
193 99 
193 380 
193 338 
193 205 
193 0 
193 343 
193 224 
193 214 
193 386 
193 238 
193 330 
193 110 
193 169 
193 62 
193 499 
193 225 
193 144 
193 223 
193 317 
193 9 
193 391 
193 233 
193 399 
193 394 
193 116 
193 8 
193 147 
193 462 
193 93 
193 282 
193 409 
193 411 
193 13 
193 256 
193 167 
193 425 
193 314 
193 171 
193 47 
193 132 
193 146 
193 443 
193 316 
193 388 
193 196 
193 334 
193 230 
193 428 
193 325 
193 299 
193 76 
193 191 
193 274 
193 335 
193 396 
193 244 
193 7 
193 69 
193 464 
193 495 
193 86 
193 375 
193 118 
193 4 
193 16 
193 22 
193 436 
193 312 
193 258 
193 152 
193 111 
193 401 
193 342 
193 198 
193 63 
193 437 
193 340 
193 57 
193 234 
193 510 
193 262 
193 114 
193 374 
193 406 
193 454 
193 243 
193 445 
193 98 
193 453 
193 302 
193 89 
193 426 
193 246 
193 472 
193 65 
193 404 
193 184 
193 435 
193 491 
193 124 
193 190 
194 90 
194 44 
194 503 
194 305 
194 381 
194 427 
194 376 
194 477 
194 295 
194 345 
194 217 
194 160 
194 332 
194 121 
194 315 
194 500 
194 472 
194 10 
194 462 
194 460 
194 243 
194 270 
194 138 
194 98 
194 64 
194 75 
194 156 
194 29 
194 196 
194 38 
194 496 
194 287 
194 155 
194 16 
194 81 
194 308 
194 168 
194 485 
194 153 
194 421 
194 488 
194 392 
194 459 
194 110 
194 442 
194 371 
194 34 
194 189 
194 28 
194 60 
194 504 
194 32 
194 154 
194 321 
194 181 
194 131 
194 418 
194 318 
194 430 
194 393 
194 451 
194 226 
194 478 
194 37 
194 406 
194 242 
194 188 
194 240 
194 507 
194 281 
194 126 
194 43 
194 15 
194 260 
194 509 
194 89 
194 174 
194 391 
194 483 
194 233 
194 473 
194 95 
194 296 
194 57 
194 372 
194 364 
194 467 
194 317 
194 413 
194 363 
194 203 
194 241 
194 213 
194 410 
194 91 
194 231 
194 42 
194 238 
194 438 
194 86 
194 115 
194 395 
194 326 
194 455 
194 239 
194 25 
194 341 
194 173 
194 512 
194 190 
194 119 
194 216 
194 339 
194 22 
194 185 
194 384 
194 342 
194 400 
194 285 
194 411 
194 39 
194 146 
194 357 
194 352 
194 230 
194 368 
194 142 
194 486 
194 419 
194 78 
194 172 
194 221 
194 408 
194 48 
194 250 
194 247 
194 436 
194 252 
194 506 
194 151 
194 23 
194 179 
194 191 
194 204 
194 201 
194 158 
194 450 
194 440 
194 273 
194 340 
194 311 
194 18 
194 246 
194 258 
194 404 
194 304 
194 464 
194 135 
194 112 
194 17 
194 122 
194 145 
194 31 
194 0 
194 106 
194 301 
195 275 
195 454 
195 243 
195 365 
195 12 
195 199 
195 443 
195 142 
195 89 
195 493 
195 206 
195 188 
195 48 
195 391 
195 435 
195 416 
195 52 
195 93 
195 343 
195 211 
195 437 
195 491 
195 509 
195 95 
195 410 
195 469 
195 398 
195 170 
195 369 
195 354 
195 10 
195 304 
195 413 
195 363 
195 231 
195 149 
195 366 
195 50 
195 284 
195 258 
195 485 
195 470 
195 84 
195 218 
195 70 
195 220 
195 98 
195 222 
195 59 
195 347 
195 367 
195 31 
195 240 
195 319 
195 452 
195 379 
195 497 
195 348 
195 296 
195 127 
195 200 
195 336 
195 494 
195 500 
195 346 
195 505 
195 353 
195 49 
195 444 
195 45 
195 498 
195 438 
195 414 
195 307 
195 490 
195 436 
195 429 
195 461 
195 301 
195 246 
195 25 
195 108 
195 29 
195 451 
195 506 
195 186 
195 315 
195 248 
195 41 
195 163 
195 322 
195 329 
195 255 
195 476 
195 174 
195 54 
195 496 
195 445 
195 342 
195 132 
195 270 
195 415 
195 355 
195 19 
195 356 
195 385 
195 289 
195 119 
195 378 
195 479 
195 333 
195 64 
195 300 
195 230 
195 358 
195 129 
195 30 
195 335 
195 164 
195 503 
195 63 
195 82 
195 173 
195 403 
195 424 
195 488 
195 265 
195 462 
195 139 
195 428 
195 320 
195 266 
195 204 
195 125 
195 362 
195 172 
195 221 
195 285 
195 72 
195 219 
195 92 
195 160 
195 77 
195 1 
195 44 
195 97 
195 213 
195 91 
195 61 
195 422 
195 393 
195 192 
195 477 
195 297 
195 124 
195 182 
195 3 
195 274 
195 60 
195 228 
195 128 
195 209 
195 22 
195 448 
196 497 
196 441 
196 198 
196 258 
196 379 
196 263 
196 506 
196 330 
196 456 
196 239 
196 51 
196 357 
196 327 
196 199 
196 171 
196 434 
196 307 
196 92 
196 381 
196 493 
196 133 
196 340 
196 143 
196 141 
196 512 
196 241 
196 393 
196 209 
196 366 
196 355 
196 98 
196 226 
196 223 
196 213 
196 246 
196 100 
196 384 
196 194 
196 359 
196 485 
196 354 
196 319 
196 79 
196 273 
196 276 
196 74 
196 158 
196 237 
196 163 
196 376 
196 503 
196 303 
196 443 
196 463 
196 406 
196 348 
196 29 
196 87 
196 121 
196 347 
196 436 
196 328 
196 251 
196 442 
196 219 
196 90 
196 269 
196 385 
196 280 
196 159 
196 105 
196 288 
196 126 
196 432 
196 200 
196 13 
196 422 
196 170 
196 221 
196 326 
196 102 
196 386 
196 96 
196 97 
196 153 
196 272 
196 438 
196 183 
196 495 
196 103 
196 401 
196 229 
196 38 
196 412 
196 394 
196 138 
196 492 
196 41 
196 208 
196 178 
196 346 
196 501 
196 484 
196 505 
196 70 
196 454 
196 89 
196 274 
196 212 
196 193 
196 101 
196 69 
196 244 
196 452 
196 339 
196 49 
196 329 
196 201 
196 397 
196 286 
196 431 
196 161 
196 471 
196 113 
196 261 
196 108 
196 383 
196 444 
196 426 
196 119 
196 2 
196 367 
196 227 
196 490 
196 301 
196 24 
196 430 
196 496 
196 345 
196 235 
196 254 
196 142 
196 144 
196 46 
196 130 
196 350 
196 150 
196 43 
196 129 
196 323 
196 10 
196 139 
196 262 
196 206 
196 388 
196 135 
196 215 
196 410 
196 185 
196 164 
196 26 
196 33 
197 124 
197 268 
197 76 
197 419 
197 22 
197 210 
197 94 
197 393 
197 385 
197 431 
197 43 
197 493 
197 173 
197 501 
197 309 
197 442 
197 24 
197 401 
197 316 
197 37 
197 272 
197 371 
197 92 
197 127 
197 163 
197 25 
197 421 
197 345 
197 84 
197 176 
197 334 
197 436 
197 262 
197 227 
197 343 
197 215 
197 428 
197 355 
197 107 
197 228 
197 204 
197 193 
197 479 
197 342 
197 416 
197 340 
197 396 
197 418 
197 172 
197 133 
197 108 
197 181 
197 90 
197 326 
197 407 
197 261 
197 226 
197 352 
197 57 
197 67 
197 317 
197 132 
197 359 
197 319 
197 322 
197 384 
197 388 
197 491 
197 245 
197 212 
197 18 
197 422 
197 494 
197 42 
197 446 
197 281 
197 109 
197 383 
197 391 
197 266 
197 161 
197 369 
197 178 
197 259 
197 307 
197 115 
197 394 
197 463 
197 19 
197 200 
197 458 
197 56 
197 207 
197 437 
197 128 
197 397 
197 38 
197 311 
197 69 
197 466 
197 476 
197 164 
197 499 
197 312 
197 63 
197 271 
197 158 
197 113 
197 2 
197 412 
197 79 
197 64 
197 298 
197 145 
197 349 
197 315 
197 483 
197 256 
197 417 
197 409 
197 229 
197 87 
197 243 
197 379 
197 297 
197 264 
197 162 
197 34 
197 135 
197 363 
197 39 
197 330 
197 244 
197 126 
197 211 
197 325 
197 284 
197 137 
197 218 
197 175 
197 223 
197 171 
197 358 
197 148 
197 387 
197 375 
197 251 
197 462 
197 423 
197 202 
197 26 
197 60 
197 258 
197 52 
197 402 
197 99 
197 267 
197 239 
197 83 
197 291 
197 59 
197 400 
197 445 
197 313 
197 142 
198 328 
198 468 
198 362 
198 458 
198 196 
198 456 
198 68 
198 374 
198 340 
198 134 
198 123 
198 97 
198 493 
198 251 
198 154 
198 79 
198 334 
198 233 
198 451 
198 144 
198 237 
198 29 
198 257 
198 80 
198 425 
198 232 
198 91 
198 135 
198 281 
198 469 
198 322 
198 381 
198 498 
198 357 
198 216 
198 476 
198 302 
198 435 
198 72 
198 329 
198 474 
198 239 
198 84 
198 494 
198 483 
198 177 
198 49 
198 513 
198 186 
198 248 
198 131 
198 303 
198 327 
198 282 
198 42 
198 109 
198 130 
198 338 
198 504 
198 438 
198 58 
198 454 
198 314 
198 158 
198 1 
198 155 
198 176 
198 199 
198 100 
198 382 
198 297 
198 161 
198 358 
198 266 
198 462 
198 48 
198 383 
198 57 
198 448 
198 88 
198 205 
198 455 
198 356 
198 388 
198 443 
198 429 
198 264 
198 14 
198 279 
198 203 
198 246 
198 403 
198 137 
198 167 
198 426 
198 108 
198 8 
198 346 
198 236 
198 427 
198 40 
198 113 
198 120 
198 50 
198 160 
198 209 
198 316 
198 406 
198 227 
198 259 
198 335 
198 372 
198 342 
198 353 
198 5 
198 2 
198 399 
198 309 
198 124 
198 107 
198 234 
198 491 
198 344 
198 153 
198 409 
198 193 
198 147 
198 267 
198 320 
198 149 
198 404 
198 418 
198 86 
198 292 
198 114 
198 310 
198 95 
198 394 
198 189 
198 392 
198 85 
198 138 
198 245 
199 171 
199 29 
199 494 
199 239 
199 405 
199 215 
199 92 
199 297 
199 195 
199 183 
199 196 
199 87 
199 55 
199 368 
199 427 
199 163 
199 390 
199 166 
199 95 
199 421 
199 315 
199 263 
199 330 
199 488 
199 507 
199 345 
199 504 
199 295 
199 245 
199 349 
199 438 
199 362 
199 264 
199 36 
199 124 
199 396 
199 478 
199 268 
199 85 
199 28 
199 332 
199 193 
199 258 
199 476 
199 131 
199 230 
199 119 
199 142 
199 299 
199 262 
199 284 
199 65 
199 189 
199 162 
199 354 
199 482 
199 434 
199 113 
199 322 
199 241 
199 35 
199 460 
199 23 
199 274 
199 70 
199 448 
199 468 
199 462 
199 266 
199 88 
199 255 
199 487 
199 484 
199 69 
199 81 
199 237 
199 198 
199 184 
199 83 
199 417 
199 67 
199 481 
199 135 
199 334 
199 227 
199 42 
199 186 
199 200 
199 316 
199 16 
199 22 
199 64 
199 450 
199 270 
199 435 
199 360 
199 11 
199 361 
199 141 
199 389 
199 392 
199 214 
199 58 
199 480 
199 136 
199 327 
199 424 
199 492 
199 164 
199 125 
199 373 
199 371 
199 180 
199 318 
199 26 
199 459 
199 456 
199 351 
199 455 
199 90 
199 10 
199 380 
199 38 
199 466 
199 179 
199 46 
199 496 
199 325 
199 463 
199 436 
199 122 
199 154 
199 403 
199 339 
199 61 
199 376 
199 48 
199 52 
199 282 
199 328 
199 454 
199 185 
199 457 
199 431 
199 277 
199 348 
199 152 
199 272 
199 363 
199 265 
199 458 
199 267 
199 56 
199 211 
199 0 
199 425 
199 223 
199 474 
199 286 
199 298 
199 21 
200 115 
200 331 
200 223 
200 441 
200 507 
200 60 
200 293 
200 421 
200 231 
200 16 
200 146 
200 308 
200 207 
200 239 
200 242 
200 503 
200 206 
200 151 
200 80 
200 292 
200 240 
200 463 
200 70 
200 487 
200 10 
200 268 
200 65 
200 451 
200 336 
200 166 
200 244 
200 181 
200 94 
200 21 
200 409 
200 446 
200 39 
200 378 
200 220 
200 23 
200 418 
200 328 
200 315 
200 64 
200 482 
200 175 
200 492 
200 436 
200 376 
200 225 
200 195 
200 348 
200 509 
200 92 
200 216 
200 510 
200 389 
200 416 
200 38 
200 297 
200 394 
200 98 
200 504 
200 176 
200 204 
200 234 
200 0 
200 398 
200 9 
200 390 
200 122 
200 26 
200 454 
200 18 
200 469 
200 241 
200 199 
200 61 
200 407 
200 403 
200 196 
200 430 
200 413 
200 431 
200 491 
200 201 
200 143 
200 15 
200 37 
200 261 
200 36 
200 429 
200 75 
200 335 
200 19 
200 197 
200 69 
200 478 
200 497 
200 274 
200 160 
200 404 
200 419 
200 173 
200 184 
200 12 
200 152 
200 250 
200 340 
200 224 
200 137 
200 144 
200 165 
200 262 
200 256 
200 304 
200 126 
200 302 
200 476 
200 377 
200 109 
200 251 
200 458 
200 102 
200 150 
200 362 
200 281 
200 327 
200 318 
200 79 
200 169 
200 263 
200 211 
200 56 
200 45 
200 325 
200 307 
200 40 
200 468 
200 76 
200 32 
200 136 
200 74 
200 440 
200 82 
200 477 
200 276 
200 22 
200 215 
200 313 
200 246 
200 57 
200 248 
200 391 
200 512 
200 323 
200 55 
200 357 
201 426 
201 225 
201 156 
201 182 
201 162 
201 143 
201 495 
201 300 
201 252 
201 193 
201 445 
201 73 
201 67 
201 104 
201 106 
201 283 
201 187 
201 152 
201 482 
201 50 
201 416 
201 107 
201 294 
201 447 
201 345 
201 322 
201 203 
201 18 
201 134 
201 191 
201 386 
201 109 
201 335 
201 284 
201 128 
201 301 
201 439 
201 254 
201 336 
201 295 
201 58 
201 324 
201 1 
201 347 
201 463 
201 6 
201 169 
201 379 
201 343 
201 441 
201 312 
201 430 
201 396 
201 453 
201 31 
201 493 
201 265 
201 411 
201 35 
201 207 
201 309 
201 261 
201 60 
201 435 
201 22 
201 431 
201 209 
201 136 
201 357 
201 406 
201 348 
201 123 
201 237 
201 465 
201 392 
201 484 
201 395 
201 13 
201 352 
201 228 
201 48 
201 277 
201 359 
201 274 
201 223 
201 69 
201 306 
201 142 
201 140 
201 130 
201 288 
201 29 
201 200 
201 243 
201 83 
201 21 
201 361 
201 333 
201 353 
201 405 
201 337 
201 421 
201 320 
201 212 
201 466 
201 338 
201 5 
201 389 
201 402 
201 159 
201 364 
201 11 
201 508 
201 236 
201 289 
201 24 
201 79 
201 63 
201 308 
201 95 
201 248 
201 245 
201 196 
201 291 
201 46 
201 240 
201 232 
201 272 
201 332 
201 30 
201 108 
201 180 
201 4 
201 408 
201 331 
201 459 
201 205 
201 215 
201 419 
201 194 
201 278 
201 384 
201 371 
201 422 
201 427 
201 255 
201 503 
201 257 
201 492 
201 170 
201 363 
201 40 
201 241 
201 342 
201 103 
201 497 
201 259 
201 3 
201 80 
201 399 
201 43 
201 268 
201 299 
202 147 
202 129 
202 256 
202 439 
202 58 
202 488 
202 228 
202 388 
202 35 
202 243 
202 506 
202 328 
202 83 
202 297 
202 166 
202 77 
202 287 
202 188 
202 172 
202 190 
202 181 
202 291 
202 443 
202 369 
202 150 
202 206 
202 140 
202 170 
202 245 
202 109 
202 305 
202 324 
202 455 
202 47 
202 25 
202 431 
202 397 
202 416 
202 374 
202 244 
202 262 
202 306 
202 253 
202 432 
202 37 
202 238 
202 425 
202 342 
202 372 
202 59 
202 222 
202 162 
202 436 
202 450 
202 289 
202 453 
202 242 
202 356 
202 444 
202 470 
202 134 
202 292 
202 93 
202 43 
202 264 
202 119 
202 469 
202 42 
202 402 
202 326 
202 367 
202 142 
202 288 
202 136 
202 283 
202 23 
202 327 
202 339 
202 482 
202 65 
202 266 
202 183 
202 20 
202 259 
202 133 
202 45 
202 87 
202 114 
202 203 
202 64 
202 348 
202 90 
202 447 
202 55 
202 345 
202 401 
202 484 
202 184 
202 157 
202 252 
202 69 
202 373 
202 91 
202 361 
202 226 
202 285 
202 168 
202 246 
202 299 
202 318 
202 180 
202 440 
202 177 
202 505 
202 258 
202 15 
202 176 
202 73 
202 392 
202 333 
202 411 
202 441 
202 224 
202 218 
202 445 
202 80 
202 86 
202 454 
202 130 
202 208 
202 295 
202 144 
202 186 
202 31 
202 118 
202 471 
202 363 
202 310 
202 423 
202 29 
202 159 
202 446 
202 383 
202 104 
202 52 
202 197 
202 475 
202 51 
202 358 
202 376 
202 48 
202 474 
202 165 
202 5 
202 13 
202 146 
202 56 
202 122 
202 89 
202 421 
202 460 
202 303 
202 148 
202 409 
202 350 
202 387 
203 58 
203 74 
203 243 
203 502 
203 441 
203 255 
203 129 
203 270 
203 491 
203 298 
203 313 
203 6 
203 212 
203 445 
203 488 
203 486 
203 154 
203 438 
203 164 
203 337 
203 217 
203 490 
203 498 
203 227 
203 329 
203 338 
203 401 
203 238 
203 121 
203 414 
203 365 
203 201 
203 96 
203 150 
203 455 
203 257 
203 135 
203 496 
203 118 
203 396 
203 91 
203 128 
203 449 
203 87 
203 372 
203 249 
203 448 
203 461 
203 39 
203 400 
203 9 
203 351 
203 292 
203 281 
203 175 
203 206 
203 343 
203 419 
203 363 
203 277 
203 81 
203 223 
203 336 
203 333 
203 232 
203 5 
203 430 
203 380 
203 450 
203 366 
203 440 
203 34 
203 136 
203 59 
203 221 
203 114 
203 105 
203 432 
203 134 
203 169 
203 349 
203 174 
203 261 
203 115 
203 127 
203 145 
203 46 
203 202 
203 268 
203 482 
203 182 
203 79 
203 373 
203 274 
203 66 
203 246 
203 411 
203 194 
203 356 
203 158 
203 267 
203 252 
203 387 
203 382 
203 510 
203 216 
203 75 
203 493 
203 187 
203 198 
203 213 
203 458 
203 88 
203 443 
203 38 
203 33 
203 225 
203 289 
203 503 
203 65 
203 375 
203 389 
203 258 
203 126 
203 37 
203 51 
203 346 
203 369 
203 283 
203 144 
203 477 
203 186 
203 326 
203 235 
203 54 
203 224 
203 60 
203 342 
203 425 
203 418 
203 70 
203 405 
203 328 
203 413 
203 45 
203 18 
203 36 
203 295 
203 433 
203 385 
203 189 
203 107 
203 513 
203 395 
203 478 
203 170 
203 242 
203 451 
203 41 
203 86 
203 55 
203 481 
203 420 
203 472 
203 53 
203 466 
203 184 
203 151 
203 247 
203 148 
204 363 
204 401 
204 340 
204 216 
204 110 
204 142 
204 270 
204 393 
204 271 
204 475 
204 511 
204 376 
204 57 
204 119 
204 86 
204 116 
204 185 
204 463 
204 125 
204 245 
204 228 
204 293 
204 439 
204 205 
204 356 
204 190 
204 64 
204 242 
204 50 
204 176 
204 41 
204 112 
204 115 
204 166 
204 15 
204 342 
204 286 
204 99 
204 404 
204 418 
204 359 
204 364 
204 430 
204 27 
204 386 
204 14 
204 55 
204 272 
204 415 
204 388 
204 287 
204 197 
204 13 
204 215 
204 314 
204 456 
204 495 
204 241 
204 244 
204 177 
204 366 
204 469 
204 47 
204 73 
204 247 
204 436 
204 312 
204 252 
204 458 
204 184 
204 306 
204 171 
204 33 
204 165 
204 391 
204 264 
204 219 
204 122 
204 17 
204 200 
204 377 
204 266 
204 468 
204 268 
204 227 
204 352 
204 290 
204 372 
204 449 
204 309 
204 300 
204 424 
204 179 
204 334 
204 12 
204 75 
204 95 
204 279 
204 63 
204 66 
204 499 
204 235 
204 370 
204 251 
204 137 
204 53 
204 394 
204 267 
204 315 
204 170 
204 124 
204 464 
204 445 
204 160 
204 192 
204 259 
204 358 
204 214 
204 168 
204 96 
204 492 
204 310 
204 302 
204 147 
204 232 
204 72 
204 164 
204 275 
204 127 
204 195 
204 357 
204 308 
204 434 
204 88 
204 303 
204 384 
204 378 
204 385 
204 412 
204 51 
204 120 
204 58 
204 502 
204 31 
204 494 
204 239 
204 45 
204 289 
204 105 
204 26 
204 194 
204 237 
204 498 
204 213 
204 43 
204 435 
204 225 
204 491 
204 420 
204 59 
204 126 
204 341 
204 328 
204 162 
204 354 
205 483 
205 94 
205 395 
205 129 
205 31 
205 208 
205 30 
205 397 
205 212 
205 462 
205 336 
205 501 
205 173 
205 108 
205 204 
205 150 
205 312 
205 491 
205 5 
205 363 
205 262 
205 163 
205 128 
205 340 
205 367 
205 460 
205 402 
205 162 
205 349 
205 337 
205 87 
205 206 
205 480 
205 465 
205 406 
205 352 
205 35 
205 392 
205 481 
205 0 
205 448 
205 409 
205 86 
205 380 
205 502 
205 303 
205 216 
205 339 
205 398 
205 443 
205 376 
205 193 
205 288 
205 168 
205 89 
205 302 
205 472 
205 88 
205 214 
205 158 
205 400 
205 347 
205 386 
205 134 
205 373 
205 512 
205 377 
205 496 
205 251 
205 39 
205 76 
205 73 
205 109 
205 330 
205 189 
205 299 
205 123 
205 198 
205 114 
205 438 
205 180 
205 153 
205 186 
205 326 
205 27 
205 50 
205 429 
205 417 
205 492 
205 355 
205 366 
205 46 
205 509 
205 279 
205 1 
205 228 
205 391 
205 244 
205 78 
205 26 
205 187 
205 383 
205 91 
205 225 
205 248 
205 393 
205 384 
205 497 
205 447 
205 437 
205 342 
205 260 
205 190 
205 464 
205 149 
205 176 
205 115 
205 223 
205 450 
205 463 
205 240 
205 482 
205 484 
205 243 
205 20 
205 29 
205 261 
205 454 
205 201 
205 37 
205 10 
205 144 
205 285 
205 133 
205 60 
205 67 
205 252 
205 13 
205 431 
205 357 
205 272 
205 242 
205 156 
205 17 
205 51 
205 433 
205 84 
205 301 
205 234 
205 354 
205 124 
205 97 
206 347 
206 320 
206 360 
206 412 
206 47 
206 471 
206 349 
206 420 
206 378 
206 195 
206 136 
206 200 
206 335 
206 402 
206 88 
206 418 
206 11 
206 202 
206 83 
206 432 
206 92 
206 124 
206 398 
206 316 
206 100 
206 81 
206 172 
206 505 
206 401 
206 108 
206 383 
206 357 
206 496 
206 441 
206 311 
206 342 
206 429 
206 377 
206 273 
206 205 
206 370 
206 464 
206 452 
206 294 
206 14 
206 392 
206 58 
206 183 
206 203 
206 45 
206 433 
206 261 
206 389 
206 513 
206 224 
206 154 
206 153 
206 476 
206 404 
206 350 
206 93 
206 430 
206 73 
206 173 
206 369 
206 498 
206 448 
206 254 
206 4 
206 315 
206 440 
206 133 
206 168 
206 190 
206 468 
206 304 
206 502 
206 484 
206 339 
206 122 
206 284 
206 480 
206 174 
206 46 
206 38 
206 362 
206 208 
206 112 
206 246 
206 416 
206 472 
206 264 
206 282 
206 492 
206 451 
206 18 
206 427 
206 102 
206 292 
206 331 
206 228 
206 120 
206 251 
206 445 
206 220 
206 425 
206 180 
206 400 
206 485 
206 177 
206 171 
206 268 
206 368 
206 500 
206 457 
206 31 
206 482 
206 160 
206 259 
206 275 
206 490 
206 346 
206 341 
206 59 
206 218 
206 374 
206 293 
206 323 
206 308 
206 450 
206 290 
206 34 
206 307 
206 207 
206 85 
206 305 
206 196 
206 115 
206 266 
206 132 
206 410 
206 504 
206 303 
206 129 
206 371 
207 361 
207 376 
207 69 
207 133 
207 278 
207 495 
207 480 
207 367 
207 413 
207 393 
207 200 
207 137 
207 192 
207 87 
207 326 
207 48 
207 321 
207 433 
207 152 
207 410 
207 337 
207 249 
207 239 
207 401 
207 427 
207 497 
207 432 
207 435 
207 443 
207 318 
207 274 
207 422 
207 356 
207 237 
207 404 
207 407 
207 71 
207 146 
207 503 
207 180 
207 408 
207 86 
207 189 
207 436 
207 446 
207 27 
207 8 
207 29 
207 214 
207 123 
207 233 
207 250 
207 110 
207 234 
207 161 
207 293 
207 201 
207 385 
207 272 
207 173 
207 168 
207 185 
207 441 
207 130 
207 457 
207 67 
207 345 
207 5 
207 101 
207 428 
207 300 
207 297 
207 171 
207 31 
207 412 
207 105 
207 85 
207 191 
207 329 
207 430 
207 68 
207 437 
207 34 
207 357 
207 419 
207 223 
207 39 
207 305 
207 489 
207 417 
207 290 
207 414 
207 439 
207 11 
207 228 
207 2 
207 22 
207 91 
207 4 
207 197 
207 332 
207 382 
207 242 
207 309 
207 492 
207 456 
207 55 
207 379 
207 166 
207 315 
207 125 
207 159 
207 276 
207 7 
207 118 
207 51 
207 353 
207 77 
207 371 
207 9 
207 482 
207 352 
207 383 
207 471 
207 483 
207 149 
207 96 
207 44 
207 296 
207 215 
207 82 
207 33 
207 231 
207 478 
207 261 
207 347 
207 327 
207 397 
207 418 
207 145 
207 81 
207 216 
207 512 
207 298 
207 46 
207 270 
207 319 
207 190 
207 132 
207 129 
207 13 
207 268 
207 462 
207 208 
207 206 
207 183 
207 307 
207 148 
207 74 
207 500 
207 289 
207 463 
207 104 
207 150 
207 0 
207 469 
207 255 
208 435 
208 354 
208 32 
208 42 
208 68 
208 369 
208 75 
208 205 
208 180 
208 423 
208 107 
208 8 
208 134 
208 380 
208 491 
208 7 
208 100 
208 294 
208 279 
208 363 
208 307 
208 6 
208 20 
208 488 
208 62 
208 253 
208 411 
208 25 
208 402 
208 413 
208 318 
208 211 
208 257 
208 470 
208 232 
208 447 
208 306 
208 387 
208 137 
208 67 
208 434 
208 256 
208 497 
208 154 
208 132 
208 60 
208 481 
208 310 
208 492 
208 464 
208 505 
208 273 
208 407 
208 184 
208 26 
208 399 
208 161 
208 337 
208 190 
208 418 
208 379 
208 386 
208 372 
208 127 
208 80 
208 471 
208 18 
208 370 
208 265 
208 96 
208 494 
208 340 
208 368 
208 19 
208 352 
208 245 
208 206 
208 156 
208 262 
208 303 
208 125 
208 309 
208 401 
208 366 
208 451 
208 216 
208 390 
208 274 
208 330 
208 460 
208 78 
208 240 
208 449 
208 52 
208 233 
208 392 
208 172 
208 237 
208 260 
208 13 
208 196 
208 72 
208 270 
208 510 
208 139 
208 178 
208 58 
208 289 
208 247 
208 54 
208 356 
208 381 
208 287 
208 462 
208 101 
208 266 
208 229 
208 511 
208 456 
208 202 
208 284 
208 349 
208 445 
208 167 
208 359 
208 238 
208 286 
208 473 
208 48 
208 474 
208 31 
208 47 
208 421 
208 63 
208 437 
208 135 
208 84 
208 51 
208 490 
208 475 
208 207 
208 71 
208 478 
208 440 
208 142 
208 322 
208 360 
208 244 
208 226 
208 301 
208 34 
208 64 
208 85 
208 355 
208 45 
208 500 
208 191 
209 431 
209 94 
209 382 
209 350 
209 100 
209 291 
209 156 
209 432 
209 299 
209 172 
209 73 
209 248 
209 151 
209 70 
209 127 
209 311 
209 300 
209 388 
209 455 
209 448 
209 343 
209 196 
209 349 
209 394 
209 252 
209 20 
209 230 
209 477 
209 183 
209 123 
209 122 
209 24 
209 185 
209 124 
209 385 
209 164 
209 383 
209 292 
209 134 
209 141 
209 25 
209 387 
209 464 
209 186 
209 337 
209 115 
209 263 
209 121 
209 303 
209 224 
209 513 
209 210 
209 310 
209 255 
209 27 
209 421 
209 201 
209 480 
209 159 
209 327 
209 267 
209 423 
209 71 
209 21 
209 468 
209 62 
209 284 
209 381 
209 249 
209 429 
209 419 
209 262 
209 187 
209 346 
209 398 
209 407 
209 158 
209 54 
209 243 
209 1 
209 214 
209 296 
209 29 
209 85 
209 35 
209 256 
209 44 
209 178 
209 290 
209 220 
209 301 
209 354 
209 15 
209 278 
209 362 
209 268 
209 26 
209 213 
209 246 
209 48 
209 334 
209 322 
209 438 
209 12 
209 364 
209 488 
209 260 
209 86 
209 456 
209 328 
209 198 
209 132 
209 347 
209 479 
209 165 
209 170 
209 259 
209 87 
209 43 
209 133 
209 83 
209 46 
209 88 
209 80 
209 493 
209 475 
209 219 
209 240 
209 11 
209 298 
209 374 
209 120 
209 221 
209 443 
209 309 
209 111 
209 97 
209 14 
209 66 
209 2 
209 189 
209 294 
209 60 
209 195 
209 481 
209 357 
210 186 
210 54 
210 487 
210 414 
210 197 
210 219 
210 296 
210 407 
210 24 
210 180 
210 450 
210 217 
210 382 
210 140 
210 474 
210 122 
210 390 
210 308 
210 416 
210 430 
210 144 
210 162 
210 139 
210 100 
210 160 
210 14 
210 269 
210 123 
210 442 
210 252 
210 496 
210 367 
210 141 
210 312 
210 175 
210 284 
210 336 
210 72 
210 369 
210 111 
210 278 
210 151 
210 457 
210 0 
210 422 
210 406 
210 378 
210 512 
210 443 
210 177 
210 482 
210 209 
210 84 
210 334 
210 421 
210 288 
210 300 
210 441 
210 352 
210 267 
210 372 
210 41 
210 48 
210 263 
210 291 
210 164 
210 226 
210 20 
210 420 
210 386 
210 505 
210 402 
210 42 
210 344 
210 88 
210 131 
210 446 
210 439 
210 36 
210 9 
210 49 
210 101 
210 28 
210 27 
210 98 
210 469 
210 183 
210 231 
210 240 
210 18 
210 34 
210 21 
210 89 
210 472 
210 56 
210 249 
210 2 
210 321 
210 104 
210 37 
210 318 
210 323 
210 271 
210 170 
210 387 
210 298 
210 103 
210 118 
210 322 
210 13 
210 304 
210 273 
210 497 
210 436 
210 413 
210 3 
210 333 
210 380 
210 320 
210 250 
210 229 
210 400 
210 214 
210 314 
210 499 
210 90 
210 274 
210 313 
210 500 
210 47 
210 462 
210 315 
210 16 
210 276 
210 368 
210 130 
210 239 
210 78 
210 470 
210 109 
210 259 
210 143 
210 394 
210 15 
210 61 
210 359 
210 363 
210 251 
210 489 
210 404 
210 218 
210 335 
210 397 
210 432 
210 106 
210 351 
210 76 
210 33 
210 10 
211 304 
211 303 
211 28 
211 54 
211 237 
211 62 
211 115 
211 384 
211 335 
211 79 
211 264 
211 346 
211 191 
211 50 
211 254 
211 361 
211 277 
211 454 
211 35 
211 322 
211 316 
211 5 
211 94 
211 53 
211 229 
211 424 
211 195 
211 399 
211 493 
211 111 
211 169 
211 328 
211 375 
211 190 
211 395 
211 177 
211 271 
211 215 
211 142 
211 3 
211 315 
211 29 
211 226 
211 432 
211 239 
211 230 
211 208 
211 353 
211 31 
211 143 
211 427 
211 148 
211 77 
211 373 
211 488 
211 394 
211 388 
211 442 
211 58 
211 327 
211 106 
211 136 
211 55 
211 149 
211 298 
211 425 
211 504 
211 404 
211 85 
211 217 
211 82 
211 301 
211 396 
211 69 
211 362 
211 128 
211 305 
211 460 
211 299 
211 490 
211 236 
211 73 
211 220 
211 188 
211 104 
211 160 
211 296 
211 222 
211 263 
211 88 
211 463 
211 219 
211 156 
211 397 
211 44 
211 108 
211 477 
211 38 
211 182 
211 150 
211 174 
211 323 
211 435 
211 356 
211 406 
211 311 
211 60 
211 371 
211 319 
211 414 
211 367 
211 131 
211 281 
211 41 
211 200 
211 122 
211 197 
211 270 
211 251 
211 411 
211 0 
211 223 
211 474 
211 402 
211 152 
211 503 
211 9 
211 95 
211 183 
211 348 
211 124 
211 112 
211 138 
211 199 
211 451 
211 410 
211 443 
211 185 
211 431 
211 352 
211 137 
211 293 
211 398 
212 237 
212 231 
212 439 
212 329 
212 313 
212 283 
212 143 
212 14 
212 369 
212 421 
212 413 
212 77 
212 164 
212 330 
212 203 
212 11 
212 370 
212 470 
212 257 
212 5 
212 163 
212 205 
212 445 
212 60 
212 494 
212 138 
212 264 
212 434 
212 253 
212 103 
212 417 
212 224 
212 335 
212 62 
212 483 
212 177 
212 176 
212 85 
212 126 
212 41 
212 122 
212 379 
212 61 
212 344 
212 184 
212 323 
212 274 
212 57 
212 348 
212 250 
212 482 
212 39 
212 374 
212 334 
212 109 
212 355 
212 67 
212 162 
212 390 
212 327 
212 342 
212 409 
212 185 
212 458 
212 221 
212 298 
212 37 
212 382 
212 288 
212 415 
212 80 
212 341 
212 197 
212 441 
212 15 
212 183 
212 509 
212 325 
212 47 
212 36 
212 412 
212 360 
212 52 
212 95 
212 35 
212 7 
212 218 
212 128 
212 310 
212 1 
212 226 
212 321 
212 457 
212 114 
212 24 
212 488 
212 13 
212 127 
212 473 
212 354 
212 26 
212 307 
212 496 
212 179 
212 201 
212 481 
212 273 
212 139 
212 350 
212 86 
212 83 
212 364 
212 363 
212 9 
212 196 
212 129 
212 243 
212 383 
212 398 
212 468 
212 180 
212 75 
212 120 
212 331 
212 498 
212 438 
212 291 
212 320 
212 45 
212 69 
212 462 
212 389 
212 340 
212 245 
212 287 
212 170 
212 477 
212 312 
212 410 
212 474 
212 133 
212 361 
212 491 
212 395 
212 497 
212 372 
212 229 
212 284 
212 416 
212 102 
212 189 
212 465 
212 269 
212 235 
212 259 
212 232 
212 110 
212 290 
212 339 
212 418 
212 106 
212 432 
212 300 
212 246 
212 25 
212 297 
212 436 
212 233 
212 467 
212 3 
212 92 
212 217 
213 507 
213 384 
213 171 
213 234 
213 457 
213 344 
213 368 
213 30 
213 318 
213 256 
213 379 
213 222 
213 78 
213 434 
213 72 
213 52 
213 196 
213 96 
213 484 
213 88 
213 45 
213 416 
213 43 
213 97 
213 495 
213 20 
213 116 
213 178 
213 8 
213 70 
213 475 
213 248 
213 146 
213 159 
213 190 
213 437 
213 162 
213 121 
213 355 
213 509 
213 278 
213 466 
213 447 
213 26 
213 254 
213 358 
213 187 
213 108 
213 215 
213 412 
213 49 
213 326 
213 180 
213 294 
213 506 
213 288 
213 66 
213 113 
213 102 
213 421 
213 309 
213 420 
213 58 
213 168 
213 369 
213 247 
213 393 
213 415 
213 148 
213 124 
213 371 
213 71 
213 504 
213 320 
213 62 
213 6 
213 61 
213 264 
213 400 
213 394 
213 441 
213 398 
213 417 
213 501 
213 194 
213 280 
213 237 
213 203 
213 10 
213 55 
213 408 
213 209 
213 154 
213 179 
213 166 
213 293 
213 14 
213 306 
213 246 
213 236 
213 103 
213 163 
213 253 
213 454 
213 291 
213 266 
213 99 
213 250 
213 312 
213 39 
213 316 
213 386 
213 424 
213 446 
213 444 
213 120 
213 452 
213 439 
213 48 
213 147 
213 109 
213 442 
213 443 
213 135 
213 311 
213 430 
213 195 
213 95 
213 435 
213 331 
213 373 
213 464 
213 363 
213 119 
213 204 
213 473 
213 305 
213 13 
213 276 
213 50 
213 407 
213 385 
213 474 
213 145 
213 16 
214 333 
214 398 
214 513 
214 44 
214 477 
214 362 
214 74 
214 474 
214 87 
214 237 
214 319 
214 457 
214 24 
214 17 
214 20 
214 508 
214 378 
214 327 
214 40 
214 28 
214 371 
214 431 
214 468 
214 272 
214 154 
214 65 
214 428 
214 178 
214 452 
214 163 
214 144 
214 64 
214 492 
214 231 
214 323 
214 77 
214 347 
214 358 
214 335 
214 291 
214 113 
214 406 
214 207 
214 502 
214 482 
214 216 
214 173 
214 318 
214 495 
214 306 
214 436 
214 34 
214 356 
214 106 
214 116 
214 264 
214 426 
214 360 
214 193 
214 136 
214 328 
214 103 
214 471 
214 8 
214 392 
214 367 
214 205 
214 442 
214 276 
214 273 
214 122 
214 409 
214 430 
214 420 
214 83 
214 189 
214 441 
214 338 
214 490 
214 395 
214 209 
214 311 
214 230 
214 407 
214 321 
214 357 
214 391 
214 315 
214 312 
214 263 
214 399 
214 66 
214 169 
214 199 
214 99 
214 133 
214 364 
214 25 
214 49 
214 301 
214 388 
214 410 
214 204 
214 458 
214 450 
214 422 
214 303 
214 104 
214 146 
214 343 
214 210 
214 186 
214 26 
214 342 
214 320 
214 340 
214 228 
214 1 
214 95 
214 296 
214 267 
214 19 
214 94 
214 244 
214 361 
214 324 
214 310 
214 4 
214 224 
214 334 
214 511 
214 408 
214 167 
214 249 
214 302 
214 149 
214 6 
214 158 
214 304 
214 78 
214 451 
214 325 
214 76 
214 248 
214 274 
214 317 
214 499 
214 141 
214 307 
214 91 
214 57 
215 483 
215 264 
215 357 
215 369 
215 135 
215 199 
215 309 
215 379 
215 416 
215 343 
215 108 
215 138 
215 295 
215 141 
215 118 
215 282 
215 30 
215 150 
215 441 
215 310 
215 381 
215 251 
215 178 
215 49 
215 368 
215 179 
215 462 
215 34 
215 378 
215 414 
215 254 
215 339 
215 478 
215 332 
215 147 
215 286 
215 293 
215 177 
215 197 
215 253 
215 300 
215 211 
215 222 
215 42 
215 288 
215 513 
215 224 
215 204 
215 487 
215 465 
215 76 
215 377 
215 459 
215 10 
215 495 
215 509 
215 289 
215 226 
215 188 
215 41 
215 170 
215 151 
215 67 
215 476 
215 284 
215 128 
215 307 
215 449 
215 292 
215 7 
215 489 
215 213 
215 233 
215 440 
215 13 
215 372 
215 341 
215 158 
215 91 
215 259 
215 221 
215 450 
215 161 
215 263 
215 468 
215 36 
215 74 
215 474 
215 323 
215 237 
215 37 
215 57 
215 71 
215 19 
215 143 
215 146 
215 27 
215 114 
215 457 
215 129 
215 112 
215 456 
215 99 
215 54 
215 346 
215 242 
215 299 
215 270 
215 504 
215 182 
215 281 
215 294 
215 93 
215 107 
215 318 
215 104 
215 81 
215 351 
215 466 
215 333 
215 321 
215 385 
215 297 
215 181 
215 340 
215 334 
215 236 
215 403 
215 338 
215 428 
215 207 
215 389 
215 349 
215 32 
215 407 
215 94 
215 336 
215 175 
215 38 
215 276 
215 411 
215 497 
215 201 
215 33 
215 200 
215 352 
215 316 
215 219 
215 125 
215 277 
215 314 
215 486 
215 53 
215 302 
215 266 
215 106 
215 380 
215 196 
215 50 
215 370 
215 326 
215 8 
215 376 
215 260 
215 113 
216 10 
216 493 
216 481 
216 173 
216 204 
216 506 
216 87 
216 3 
216 8 
216 338 
216 61 
216 137 
216 341 
216 80 
216 120 
216 373 
216 414 
216 451 
216 166 
216 365 
216 86 
216 301 
216 358 
216 287 
216 385 
216 198 
216 184 
216 179 
216 310 
216 77 
216 400 
216 344 
216 433 
216 82 
216 346 
216 33 
216 425 
216 297 
216 377 
216 498 
216 205 
216 426 
216 419 
216 214 
216 1 
216 325 
216 306 
216 380 
216 264 
216 359 
216 434 
216 200 
216 100 
216 151 
216 175 
216 237 
216 300 
216 79 
216 406 
216 170 
216 447 
216 513 
216 470 
216 418 
216 189 
216 337 
216 362 
216 360 
216 174 
216 288 
216 186 
216 122 
216 382 
216 296 
216 254 
216 410 
216 125 
216 21 
216 249 
216 330 
216 386 
216 84 
216 443 
216 444 
216 350 
216 398 
216 407 
216 411 
216 372 
216 19 
216 384 
216 457 
216 203 
216 208 
216 349 
216 431 
216 133 
216 52 
216 356 
216 239 
216 333 
216 13 
216 91 
216 289 
216 194 
216 38 
216 505 
216 238 
216 132 
216 90 
216 75 
216 55 
216 101 
216 26 
216 497 
216 226 
216 153 
216 468 
216 454 
216 286 
216 71 
216 207 
216 148 
216 76 
216 298 
216 274 
216 471 
216 123 
216 282 
216 317 
216 313 
216 14 
216 35 
216 18 
216 324 
216 191 
216 45 
216 408 
216 12 
216 22 
216 509 
216 172 
217 410 
217 247 
217 154 
217 43 
217 400 
217 350 
217 476 
217 210 
217 203 
217 0 
217 487 
217 336 
217 194 
217 246 
217 492 
217 249 
217 318 
217 432 
217 256 
217 18 
217 237 
217 501 
217 88 
217 493 
217 50 
217 9 
217 415 
217 327 
217 371 
217 367 
217 56 
217 442 
217 118 
217 369 
217 474 
217 90 
217 70 
217 271 
217 388 
217 230 
217 131 
217 431 
217 397 
217 182 
217 153 
217 373 
217 240 
217 268 
217 466 
217 169 
217 229 
217 352 
217 183 
217 251 
217 13 
217 116 
217 276 
217 227 
217 211 
217 232 
217 383 
217 386 
217 510 
217 411 
217 307 
217 125 
217 380 
217 23 
217 451 
217 396 
217 7 
217 264 
217 2 
217 42 
217 375 
217 461 
217 478 
217 387 
217 401 
217 48 
217 77 
217 331 
217 72 
217 290 
217 359 
217 253 
217 25 
217 93 
217 496 
217 361 
217 15 
217 489 
217 368 
217 344 
217 58 
217 110 
217 288 
217 283 
217 49 
217 44 
217 221 
217 139 
217 275 
217 445 
217 96 
217 376 
217 236 
217 74 
217 467 
217 384 
217 233 
217 413 
217 470 
217 381 
217 313 
217 295 
217 39 
217 149 
217 62 
217 272 
217 328 
217 353 
217 189 
217 129 
217 481 
217 166 
217 37 
217 311 
217 502 
217 473 
217 340 
217 407 
217 162 
217 219 
217 465 
217 212 
218 247 
218 142 
218 108 
218 454 
218 409 
218 178 
218 502 
218 80 
218 269 
218 139 
218 264 
218 356 
218 232 
218 85 
218 169 
218 172 
218 427 
218 279 
218 393 
218 69 
218 274 
218 361 
218 348 
218 294 
218 288 
218 512 
218 444 
218 132 
218 510 
218 430 
218 184 
218 290 
218 195 
218 238 
218 249 
218 344 
218 78 
218 445 
218 36 
218 486 
218 245 
218 98 
218 389 
218 30 
218 154 
218 27 
218 7 
218 289 
218 380 
218 317 
218 127 
218 351 
218 237 
218 396 
218 182 
218 425 
218 303 
218 122 
218 179 
218 219 
218 165 
218 160 
218 93 
218 251 
218 379 
218 58 
218 130 
218 281 
218 13 
218 327 
218 369 
218 263 
218 433 
218 133 
218 212 
218 257 
218 140 
218 297 
218 94 
218 357 
218 489 
218 400 
218 166 
218 113 
218 319 
218 382 
218 383 
218 462 
218 191 
218 493 
218 101 
218 471 
218 482 
218 428 
218 470 
218 170 
218 292 
218 43 
218 63 
218 495 
218 21 
218 368 
218 243 
218 338 
218 415 
218 363 
218 186 
218 270 
218 38 
218 346 
218 83 
218 345 
218 202 
218 185 
218 65 
218 299 
218 398 
218 82 
218 311 
218 239 
218 53 
218 72 
218 503 
218 458 
218 491 
218 183 
218 37 
218 206 
218 143 
218 197 
218 73 
218 287 
218 315 
218 318 
218 321 
218 120 
218 34 
218 117 
218 144 
218 429 
218 123 
218 64 
218 135 
218 35 
218 151 
218 192 
218 9 
218 210 
218 499 
218 376 
218 391 
218 448 
218 155 
218 227 
218 4 
219 155 
219 70 
219 118 
219 210 
219 131 
219 168 
219 444 
219 104 
219 427 
219 106 
219 37 
219 112 
219 233 
219 341 
219 59 
219 237 
219 159 
219 127 
219 57 
219 293 
219 220 
219 347 
219 294 
219 313 
219 234 
219 468 
219 52 
219 99 
219 34 
219 387 
219 311 
219 273 
219 117 
219 513 
219 107 
219 343 
219 475 
219 446 
219 331 
219 183 
219 365 
219 236 
219 48 
219 11 
219 92 
219 75 
219 441 
219 366 
219 204 
219 319 
219 177 
219 252 
219 307 
219 196 
219 84 
219 280 
219 367 
219 218 
219 134 
219 40 
219 381 
219 144 
219 151 
219 116 
219 308 
219 318 
219 228 
219 86 
219 22 
219 171 
219 55 
219 231 
219 504 
219 472 
219 277 
219 399 
219 238 
219 392 
219 419 
219 162 
219 128 
219 30 
219 62 
219 31 
219 407 
219 317 
219 72 
219 211 
219 298 
219 371 
219 414 
219 474 
219 79 
219 167 
219 359 
219 310 
219 498 
219 60 
219 64 
219 415 
219 477 
219 276 
219 469 
219 18 
219 489 
219 42 
219 54 
219 492 
219 297 
219 454 
219 9 
219 400 
219 404 
219 471 
219 5 
219 38 
219 23 
219 195 
219 41 
219 68 
219 27 
219 445 
219 495 
219 435 
219 10 
219 279 
219 209 
219 340 
219 402 
219 244 
219 374 
219 110 
219 239 
219 163 
219 292 
219 215 
219 73 
219 361 
219 490 
219 368 
219 375 
219 383 
219 61 
219 345 
219 411 
219 503 
219 217 
220 474 
220 414 
220 188 
220 34 
220 139 
220 330 
220 41 
220 164 
220 185 
220 294 
220 144 
220 171 
220 1 
220 40 
220 74 
220 480 
220 312 
220 442 
220 444 
220 259 
220 453 
220 439 
220 221 
220 219 
220 19 
220 260 
220 241 
220 421 
220 195 
220 69 
220 431 
220 396 
220 368 
220 200 
220 275 
220 333 
220 138 
220 361 
220 428 
220 88 
220 182 
220 82 
220 123 
220 493 
220 116 
220 33 
220 490 
220 427 
220 369 
220 178 
220 355 
220 407 
220 497 
220 103 
220 269 
220 500 
220 127 
220 499 
220 13 
220 376 
220 411 
220 293 
220 403 
220 348 
220 302 
220 75 
220 7 
220 362 
220 501 
220 309 
220 374 
220 111 
220 165 
220 268 
220 211 
220 192 
220 209 
220 413 
220 67 
220 87 
220 326 
220 409 
220 3 
220 136 
220 338 
220 150 
220 301 
220 134 
220 35 
220 319 
220 448 
220 166 
220 437 
220 14 
220 206 
220 233 
220 222 
220 32 
220 90 
220 85 
220 169 
220 250 
220 341 
220 327 
220 335 
220 350 
220 452 
220 16 
220 177 
220 45 
220 365 
220 261 
220 283 
220 430 
220 367 
220 142 
220 189 
220 154 
220 484 
220 383 
220 71 
220 469 
220 398 
220 236 
220 72 
220 305 
220 162 
220 227 
220 129 
220 234 
220 454 
220 278 
220 320 
220 10 
220 436 
220 280 
220 180 
220 51 
220 121 
220 457 
220 258 
220 370 
220 420 
220 155 
220 345 
220 147 
220 447 
220 314 
220 290 
221 137 
221 296 
221 393 
221 192 
221 27 
221 234 
221 3 
221 1 
221 169 
221 7 
221 119 
221 507 
221 484 
221 458 
221 122 
221 182 
221 73 
221 325 
221 144 
221 220 
221 248 
221 241 
221 362 
221 501 
221 387 
221 224 
221 28 
221 420 
221 466 
221 0 
221 189 
221 46 
221 99 
221 412 
221 396 
221 36 
221 404 
221 346 
221 319 
221 4 
221 20 
221 326 
221 203 
221 45 
221 352 
221 74 
221 254 
221 44 
221 215 
221 86 
221 212 
221 433 
221 460 
221 477 
221 492 
221 67 
221 452 
221 158 
221 345 
221 170 
221 272 
221 294 
221 445 
221 364 
221 50 
221 461 
221 230 
221 448 
221 71 
221 265 
221 110 
221 268 
221 178 
221 222 
221 105 
221 247 
221 308 
221 347 
221 72 
221 118 
221 79 
221 249 
221 58 
221 385 
221 196 
221 172 
221 481 
221 367 
221 358 
221 311 
221 309 
221 263 
221 424 
221 302 
221 35 
221 37 
221 262 
221 270 
221 69 
221 419 
221 479 
221 102 
221 269 
221 379 
221 109 
221 293 
221 100 
221 286 
221 138 
221 155 
221 186 
221 133 
221 11 
221 401 
221 217 
221 297 
221 49 
221 147 
221 441 
221 377 
221 290 
221 498 
221 459 
221 356 
221 163 
221 361 
221 316 
221 473 
221 22 
221 194 
221 120 
221 195 
221 359 
221 395 
221 136 
221 51 
221 331 
221 283 
221 132 
221 239 
221 435 
221 287 
221 15 
221 315 
221 56 
221 190 
221 292 
221 113 
221 338 
221 382 
221 39 
221 471 
221 307 
221 282 
221 439 
221 209 
221 183 
221 232 
221 378 
221 62 
221 478 
221 261 
221 148 
221 342 
221 98 
222 112 
222 337 
222 322 
222 363 
222 177 
222 288 
222 39 
222 287 
222 247 
222 357 
222 41 
222 56 
222 384 
222 420 
222 286 
222 153 
222 11 
222 114 
222 213 
222 10 
222 421 
222 242 
222 0 
222 252 
222 382 
222 166 
222 91 
222 438 
222 317 
222 262 
222 215 
222 497 
222 481 
222 130 
222 466 
222 116 
222 392 
222 176 
222 195 
222 237 
222 417 
222 324 
222 463 
222 348 
222 355 
222 240 
222 89 
222 309 
222 22 
222 472 
222 258 
222 246 
222 202 
222 460 
222 149 
222 285 
222 404 
222 502 
222 146 
222 300 
222 398 
222 132 
222 301 
222 395 
222 156 
222 90 
222 457 
222 8 
222 316 
222 94 
222 119 
222 388 
222 63 
222 231 
222 235 
222 434 
222 275 
222 335 
222 75 
222 182 
222 186 
222 191 
222 331 
222 221 
222 383 
222 354 
222 249 
222 284 
222 293 
222 271 
222 211 
222 81 
222 506 
222 439 
222 126 
222 124 
222 487 
222 87 
222 178 
222 73 
222 34 
222 97 
222 107 
222 58 
222 220 
222 251 
222 55 
222 29 
222 83 
222 429 
222 145 
222 290 
222 256 
222 147 
222 344 
222 390 
222 470 
222 480 
222 128 
222 358 
222 185 
222 283 
222 106 
222 152 
222 113 
222 233 
222 361 
222 379 
222 397 
222 137 
222 278 
222 169 
222 369 
222 456 
222 139 
222 394 
222 364 
222 268 
222 250 
222 330 
222 402 
222 499 
222 135 
223 357 
223 200 
223 55 
223 8 
223 505 
223 32 
223 450 
223 2 
223 74 
223 31 
223 227 
223 414 
223 396 
223 35 
223 76 
223 59 
223 496 
223 279 
223 224 
223 395 
223 432 
223 108 
223 185 
223 274 
223 433 
223 406 
223 365 
223 196 
223 331 
223 174 
223 78 
223 416 
223 244 
223 444 
223 15 
223 442 
223 456 
223 127 
223 506 
223 509 
223 62 
223 483 
223 163 
223 38 
223 459 
223 276 
223 18 
223 159 
223 467 
223 504 
223 203 
223 362 
223 80 
223 270 
223 181 
223 412 
223 477 
223 438 
223 264 
223 292 
223 116 
223 130 
223 246 
223 113 
223 370 
223 91 
223 332 
223 193 
223 75 
223 26 
223 353 
223 355 
223 147 
223 167 
223 293 
223 201 
223 207 
223 157 
223 347 
223 41 
223 115 
223 326 
223 323 
223 266 
223 10 
223 314 
223 236 
223 102 
223 491 
223 155 
223 386 
223 104 
223 45 
223 486 
223 54 
223 439 
223 107 
223 24 
223 273 
223 280 
223 231 
223 126 
223 178 
223 21 
223 43 
223 106 
223 387 
223 272 
223 69 
223 260 
223 425 
223 351 
223 408 
223 336 
223 160 
223 72 
223 192 
223 275 
223 182 
223 368 
223 90 
223 92 
223 454 
223 503 
223 128 
223 375 
223 471 
223 124 
223 372 
223 146 
223 114 
223 205 
223 310 
223 241 
223 359 
223 394 
223 371 
223 197 
223 453 
223 345 
223 51 
223 255 
223 320 
223 428 
223 211 
223 71 
223 242 
223 295 
223 20 
223 284 
223 269 
223 301 
223 120 
223 150 
223 457 
223 81 
223 261 
223 199 
223 105 
223 402 
223 499 
224 266 
224 192 
224 231 
224 357 
224 45 
224 296 
224 431 
224 495 
224 134 
224 95 
224 289 
224 475 
224 138 
224 11 
224 362 
224 50 
224 318 
224 359 
224 420 
224 351 
224 223 
224 42 
224 456 
224 88 
224 212 
224 187 
224 510 
224 57 
224 237 
224 37 
224 137 
224 182 
224 221 
224 344 
224 97 
224 489 
224 215 
224 437 
224 264 
224 367 
224 113 
224 397 
224 125 
224 268 
224 280 
224 368 
224 30 
224 209 
224 499 
224 136 
224 206 
224 193 
224 306 
224 369 
224 484 
224 425 
224 44 
224 1 
224 178 
224 355 
224 459 
224 0 
224 191 
224 284 
224 474 
224 250 
224 436 
224 83 
224 79 
224 348 
224 254 
224 251 
224 233 
224 175 
224 285 
224 341 
224 400 
224 509 
224 496 
224 40 
224 76 
224 272 
224 454 
224 393 
224 235 
224 111 
224 434 
224 2 
224 22 
224 240 
224 190 
224 478 
224 107 
224 353 
224 144 
224 171 
224 86 
224 415 
224 130 
224 66 
224 324 
224 370 
224 200 
224 328 
224 396 
224 314 
224 54 
224 15 
224 3 
224 502 
224 202 
224 106 
224 258 
224 464 
224 132 
224 203 
224 185 
224 53 
224 273 
224 399 
224 46 
224 275 
224 228 
224 481 
224 334 
224 395 
224 363 
224 147 
224 338 
224 448 
224 158 
224 167 
224 101 
224 23 
224 214 
224 32 
224 267 
224 462 
224 49 
224 71 
224 274 
224 255 
224 505 
224 453 
224 312 
224 286 
224 402 
224 109 
225 46 
225 242 
225 201 
225 111 
225 464 
225 113 
225 398 
225 114 
225 123 
225 451 
225 460 
225 333 
225 379 
225 116 
225 416 
225 119 
225 68 
225 319 
225 77 
225 439 
225 181 
225 24 
225 357 
225 165 
225 271 
225 277 
225 498 
225 10 
225 450 
225 342 
225 427 
225 356 
225 65 
225 303 
225 178 
225 99 
225 352 
225 108 
225 317 
225 200 
225 172 
225 313 
225 254 
225 86 
225 475 
225 424 
225 66 
225 163 
225 238 
225 13 
225 41 
225 449 
225 511 
225 98 
225 193 
225 79 
225 269 
225 191 
225 299 
225 239 
225 330 
225 89 
225 383 
225 236 
225 358 
225 353 
225 465 
225 410 
225 438 
225 255 
225 349 
225 316 
225 190 
225 159 
225 387 
225 386 
225 367 
225 348 
225 489 
225 420 
225 144 
225 457 
225 312 
225 377 
225 276 
225 203 
225 141 
225 373 
225 28 
225 413 
225 385 
225 425 
225 205 
225 329 
225 232 
225 170 
225 16 
225 305 
225 403 
225 473 
225 265 
225 462 
225 247 
225 308 
225 484 
225 186 
225 430 
225 246 
225 168 
225 97 
225 120 
225 124 
225 137 
225 477 
225 360 
225 502 
225 382 
225 292 
225 249 
225 233 
225 167 
225 92 
225 154 
225 153 
225 490 
225 374 
225 506 
225 156 
225 204 
225 261 
225 229 
225 445 
225 173 
225 415 
225 343 
225 80 
225 161 
225 234 
225 496 
225 230 
226 361 
226 363 
226 459 
226 69 
226 352 
226 39 
226 416 
226 339 
226 412 
226 487 
226 120 
226 346 
226 115 
226 485 
226 441 
226 122 
226 279 
226 273 
226 49 
226 99 
226 375 
226 319 
226 354 
226 343 
226 253 
226 467 
226 359 
226 445 
226 368 
226 230 
226 457 
226 33 
226 463 
226 344 
226 196 
226 408 
226 328 
226 502 
226 437 
226 170 
226 241 
226 450 
226 348 
226 211 
226 365 
226 386 
226 105 
226 403 
226 478 
226 456 
226 340 
226 474 
226 376 
226 89 
226 490 
226 95 
226 188 
226 483 
226 14 
226 67 
226 288 
226 229 
226 258 
226 284 
226 215 
226 498 
226 286 
226 245 
226 268 
226 291 
226 381 
226 491 
226 464 
226 384 
226 197 
226 24 
226 194 
226 366 
226 210 
226 432 
226 166 
226 250 
226 36 
226 513 
226 263 
226 393 
226 277 
226 481 
226 15 
226 44 
226 151 
226 43 
226 511 
226 212 
226 66 
226 154 
226 390 
226 367 
226 54 
226 23 
226 497 
226 293 
226 307 
226 159 
226 431 
226 448 
226 140 
226 507 
226 90 
226 231 
226 202 
226 308 
226 505 
226 233 
226 322 
226 98 
226 506 
226 334 
226 96 
226 59 
226 360 
226 442 
226 274 
226 10 
226 16 
226 271 
226 164 
226 189 
226 433 
226 484 
226 385 
226 407 
226 138 
226 305 
226 312 
226 395 
226 216 
226 314 
226 161 
226 81 
226 240 
226 26 
226 372 
226 60 
226 227 
226 315 
226 247 
226 276 
226 357 
226 71 
226 466 
226 249 
226 4 
226 145 
226 139 
226 17 
226 262 
226 290 
226 184 
226 7 
226 27 
226 415 
226 1 
226 152 
226 208 
226 251 
226 296 
226 313 
226 19 
226 185 
226 175 
227 267 
227 383 
227 110 
227 13 
227 502 
227 163 
227 141 
227 426 
227 79 
227 498 
227 21 
227 325 
227 276 
227 437 
227 298 
227 273 
227 24 
227 332 
227 253 
227 190 
227 203 
227 223 
227 92 
227 434 
227 85 
227 88 
227 135 
227 387 
227 120 
227 197 
227 151 
227 81 
227 315 
227 321 
227 145 
227 417 
227 441 
227 355 
227 296 
227 398 
227 0 
227 191 
227 83 
227 262 
227 53 
227 234 
227 323 
227 228 
227 440 
227 452 
227 386 
227 23 
227 246 
227 345 
227 186 
227 125 
227 237 
227 385 
227 244 
227 492 
227 239 
227 38 
227 513 
227 113 
227 78 
227 57 
227 410 
227 22 
227 104 
227 217 
227 412 
227 483 
227 330 
227 73 
227 204 
227 454 
227 123 
227 199 
227 499 
227 16 
227 254 
227 28 
227 302 
227 229 
227 491 
227 487 
227 147 
227 497 
227 130 
227 105 
227 149 
227 326 
227 375 
227 414 
227 96 
227 235 
227 264 
227 268 
227 260 
227 160 
227 252 
227 378 
227 9 
227 293 
227 127 
227 376 
227 420 
227 485 
227 508 
227 507 
227 318 
227 394 
227 428 
227 184 
227 30 
227 174 
227 365 
227 462 
227 466 
227 198 
227 430 
227 146 
227 168 
227 370 
227 270 
227 456 
227 451 
227 126 
227 98 
227 399 
227 65 
227 282 
227 226 
227 11 
227 90 
227 241 
227 72 
227 231 
227 196 
227 470 
227 307 
227 339 
227 368 
227 474 
227 220 
227 290 
227 6 
227 348 
227 132 
227 390 
227 340 
227 162 
227 438 
227 421 
227 408 
227 140 
227 484 
227 322 
227 51 
227 259 
227 3 
227 122 
227 255 
227 47 
227 133 
227 218 
227 272 
228 187 
228 202 
228 59 
228 291 
228 67 
228 459 
228 325 
228 114 
228 314 
228 320 
228 269 
228 278 
228 356 
228 159 
228 437 
228 322 
228 455 
228 308 
228 337 
228 204 
228 493 
228 105 
228 289 
228 39 
228 412 
228 368 
228 344 
228 503 
228 480 
228 139 
228 490 
228 513 
228 479 
228 54 
228 374 
228 346 
228 441 
228 279 
228 197 
228 327 
228 388 
228 462 
228 296 
228 45 
228 2 
228 180 
228 318 
228 244 
228 353 
228 227 
228 292 
228 154 
228 422 
228 383 
228 61 
228 451 
228 397 
228 85 
228 35 
228 270 
228 382 
228 101 
228 164 
228 21 
228 133 
228 34 
228 145 
228 319 
228 417 
228 18 
228 93 
228 0 
228 424 
228 79 
228 249 
228 201 
228 103 
228 321 
228 119 
228 366 
228 43 
228 359 
228 27 
228 219 
228 293 
228 317 
228 63 
228 485 
228 399 
228 385 
228 52 
228 245 
228 232 
228 86 
228 64 
228 122 
228 380 
228 454 
228 370 
228 248 
228 134 
228 474 
228 394 
228 207 
228 438 
228 489 
228 241 
228 284 
228 414 
228 434 
228 77 
228 206 
228 205 
228 431 
228 497 
228 53 
228 123 
228 378 
228 428 
228 481 
228 9 
228 348 
228 68 
228 100 
228 23 
228 4 
228 140 
228 392 
228 214 
228 14 
228 224 
228 332 
228 256 
228 151 
228 500 
228 290 
228 179 
228 186 
228 118 
228 492 
228 237 
228 433 
228 507 
228 398 
228 387 
228 260 
228 16 
228 300 
228 471 
228 17 
228 189 
228 160 
228 44 
228 31 
228 469 
228 401 
228 295 
228 315 
228 162 
228 195 
228 267 
228 32 
228 41 
228 171 
228 435 
228 449 
229 430 
229 502 
229 185 
229 466 
229 272 
229 86 
229 57 
229 79 
229 26 
229 305 
229 462 
229 40 
229 154 
229 240 
229 509 
229 361 
229 88 
229 437 
229 510 
229 72 
229 33 
229 234 
229 401 
229 161 
229 485 
229 211 
229 43 
229 381 
229 345 
229 379 
229 441 
229 87 
229 490 
229 178 
229 186 
229 312 
229 327 
229 317 
229 268 
229 39 
229 138 
229 193 
229 332 
229 266 
229 102 
229 310 
229 179 
229 386 
229 2 
229 442 
229 468 
229 141 
229 446 
229 248 
229 253 
229 349 
229 257 
229 226 
229 412 
229 126 
229 319 
229 175 
229 152 
229 36 
229 107 
229 81 
229 10 
229 291 
229 217 
229 410 
229 127 
229 416 
229 118 
229 46 
229 41 
229 4 
229 103 
229 256 
229 35 
229 145 
229 45 
229 92 
229 303 
229 169 
229 65 
229 34 
229 117 
229 371 
229 108 
229 506 
229 85 
229 227 
229 128 
229 111 
229 488 
229 491 
229 454 
229 453 
229 343 
229 173 
229 196 
229 299 
229 242 
229 398 
229 513 
229 182 
229 448 
229 487 
229 397 
229 184 
229 74 
229 282 
229 499 
229 290 
229 113 
229 504 
229 104 
229 481 
229 469 
229 147 
229 249 
229 210 
229 192 
229 421 
229 208 
229 197 
229 471 
229 13 
229 241 
229 394 
229 144 
229 293 
229 120 
229 172 
229 96 
229 295 
229 493 
229 174 
229 507 
229 423 
229 212 
229 392 
229 505 
229 51 
229 190 
229 322 
229 38 
229 374 
229 359 
229 378 
229 470 
229 225 
229 260 
229 245 
229 181 
229 350 
229 365 
229 443 
229 309 
229 286 
230 54 
230 89 
230 282 
230 15 
230 120 
230 30 
230 442 
230 189 
230 265 
230 513 
230 297 
230 127 
230 386 
230 167 
230 338 
230 102 
230 298 
230 351 
230 292 
230 241 
230 465 
230 19 
230 411 
230 22 
230 37 
230 36 
230 419 
230 458 
230 268 
230 250 
230 488 
230 391 
230 226 
230 395 
230 209 
230 31 
230 77 
230 26 
230 135 
230 156 
230 114 
230 35 
230 341 
230 211 
230 456 
230 504 
230 364 
230 122 
230 160 
230 440 
230 199 
230 302 
230 405 
230 217 
230 262 
230 397 
230 501 
230 84 
230 12 
230 171 
230 134 
230 467 
230 344 
230 9 
230 479 
230 310 
230 294 
230 317 
230 95 
230 487 
230 420 
230 314 
230 110 
230 350 
230 380 
230 173 
230 246 
230 461 
230 161 
230 288 
230 498 
230 82 
230 454 
230 296 
230 221 
230 299 
230 113 
230 188 
230 138 
230 258 
230 327 
230 214 
230 308 
230 382 
230 503 
230 332 
230 41 
230 184 
230 177 
230 2 
230 76 
230 72 
230 238 
230 432 
230 129 
230 178 
230 413 
230 195 
230 469 
230 151 
230 63 
230 417 
230 193 
230 191 
230 357 
230 378 
230 14 
230 168 
230 261 
230 182 
230 185 
230 482 
230 301 
230 194 
230 267 
230 389 
230 255 
230 276 
230 337 
230 55 
230 49 
230 324 
230 252 
230 402 
230 348 
230 71 
230 149 
230 109 
230 400 
230 244 
230 410 
230 412 
230 384 
230 67 
230 179 
230 231 
230 286 
230 169 
230 176 
230 322 
230 107 
230 381 
230 423 
230 145 
230 162 
230 240 
230 172 
230 157 
230 263 
230 111 
230 51 
230 56 
230 186 
230 225 
231 212 
231 224 
231 112 
231 200 
231 290 
231 57 
231 123 
231 55 
231 392 
231 66 
231 369 
231 512 
231 94 
231 96 
231 339 
231 180 
231 251 
231 23 
231 186 
231 195 
231 13 
231 401 
231 42 
231 406 
231 214 
231 453 
231 15 
231 141 
231 337 
231 64 
231 338 
231 312 
231 361 
231 65 
231 88 
231 451 
231 498 
231 58 
231 488 
231 255 
231 21 
231 327 
231 448 
231 389 
231 20 
231 176 
231 367 
231 103 
231 126 
231 12 
231 56 
231 342 
231 442 
231 139 
231 133 
231 39 
231 140 
231 285 
231 484 
231 222 
231 360 
231 317 
231 433 
231 314 
231 258 
231 250 
231 27 
231 487 
231 156 
231 497 
231 311 
231 210 
231 219 
231 232 
231 275 
231 384 
231 191 
231 107 
231 50 
231 53 
231 24 
231 235 
231 182 
231 194 
231 226 
231 86 
231 61 
231 371 
231 119 
231 223 
231 98 
231 164 
231 192 
231 70 
231 471 
231 402 
231 129 
231 268 
231 509 
231 284 
231 242 
231 306 
231 443 
231 417 
231 256 
231 135 
231 10 
231 97 
231 464 
231 405 
231 60 
231 277 
231 207 
231 120 
231 403 
231 29 
231 408 
231 291 
231 227 
231 249 
231 165 
231 469 
231 74 
231 333 
231 435 
231 230 
231 62 
231 254 
231 452 
231 273 
231 388 
231 400 
231 150 
231 428 
231 476 
231 87 
231 422 
231 418 
231 293 
231 82 
232 7 
232 343 
232 5 
232 183 
232 310 
232 94 
232 458 
232 80 
232 433 
232 412 
232 289 
232 380 
232 24 
232 83 
232 409 
232 482 
232 510 
232 103 
232 469 
232 308 
232 218 
232 174 
232 69 
232 326 
232 340 
232 306 
232 378 
232 317 
232 119 
232 281 
232 112 
232 480 
232 268 
232 198 
232 186 
232 71 
232 459 
232 86 
232 104 
232 89 
232 488 
232 407 
232 353 
232 288 
232 298 
232 420 
232 57 
232 208 
232 512 
232 444 
232 47 
232 374 
232 66 
232 255 
232 160 
232 203 
232 460 
232 127 
232 336 
232 150 
232 446 
232 495 
232 52 
232 476 
232 73 
232 167 
232 156 
232 371 
232 141 
232 19 
232 159 
232 331 
232 189 
232 367 
232 313 
232 432 
232 239 
232 217 
232 322 
232 144 
232 111 
232 98 
232 133 
232 170 
232 27 
232 88 
232 492 
232 192 
232 241 
232 356 
232 272 
232 244 
232 121 
232 231 
232 397 
232 406 
232 228 
232 21 
232 233 
232 139 
232 404 
232 48 
232 345 
232 330 
232 282 
232 99 
232 9 
232 418 
232 325 
232 279 
232 372 
232 42 
232 475 
232 437 
232 85 
232 438 
232 411 
232 116 
232 391 
232 490 
232 101 
232 54 
232 75 
232 507 
232 236 
232 354 
232 225 
232 172 
232 346 
232 29 
232 204 
232 16 
232 201 
232 254 
232 163 
232 401 
232 314 
232 497 
232 327 
232 61 
232 53 
232 134 
232 284 
232 402 
232 44 
232 467 
232 87 
232 379 
232 131 
232 260 
232 491 
232 324 
232 78 
232 212 
232 389 
232 365 
232 319 
232 14 
232 3 
232 486 
232 221 
232 178 
232 252 
232 56 
232 388 
232 483 
232 431 
232 17 
232 114 
233 296 
233 151 
233 476 
233 261 
233 330 
233 328 
233 477 
233 44 
233 126 
233 264 
233 137 
233 219 
233 179 
233 198 
233 292 
233 298 
233 34 
233 21 
233 134 
233 443 
233 406 
233 279 
233 162 
233 472 
233 397 
233 187 
233 160 
233 399 
233 453 
233 109 
233 304 
233 161 
233 439 
233 168 
233 207 
233 329 
233 269 
233 41 
233 319 
233 440 
233 339 
233 55 
233 466 
233 479 
233 215 
233 434 
233 84 
233 30 
233 129 
233 393 
233 64 
233 70 
233 93 
233 452 
233 69 
233 169 
233 285 
233 62 
233 22 
233 396 
233 380 
233 193 
233 125 
233 366 
233 163 
233 392 
233 181 
233 224 
233 194 
233 178 
233 238 
233 232 
233 423 
233 94 
233 327 
233 426 
233 37 
233 208 
233 61 
233 341 
233 226 
233 25 
233 313 
233 240 
233 146 
233 45 
233 59 
233 97 
233 220 
233 132 
233 175 
233 308 
233 481 
233 336 
233 148 
233 448 
233 113 
233 18 
233 177 
233 359 
233 42 
233 245 
233 274 
233 239 
233 368 
233 104 
233 451 
233 300 
233 249 
233 68 
233 35 
233 372 
233 331 
233 102 
233 235 
233 488 
233 454 
233 189 
233 432 
233 471 
233 345 
233 333 
233 149 
233 26 
233 450 
233 363 
233 387 
233 222 
233 217 
233 234 
233 9 
233 170 
233 143 
233 355 
233 225 
233 265 
233 89 
233 340 
233 404 
233 317 
233 164 
233 388 
233 136 
233 180 
233 212 
233 145 
233 172 
233 36 
234 80 
234 20 
234 510 
234 147 
234 135 
234 282 
234 221 
234 213 
234 262 
234 83 
234 184 
234 354 
234 172 
234 89 
234 87 
234 463 
234 477 
234 229 
234 277 
234 32 
234 458 
234 382 
234 3 
234 476 
234 139 
234 165 
234 72 
234 461 
234 418 
234 94 
234 314 
234 301 
234 30 
234 219 
234 148 
234 293 
234 247 
234 479 
234 187 
234 114 
234 171 
234 130 
234 315 
234 237 
234 207 
234 151 
234 473 
234 227 
234 350 
234 474 
234 112 
234 303 
234 337 
234 289 
234 475 
234 288 
234 393 
234 492 
234 63 
234 427 
234 345 
234 200 
234 79 
234 166 
234 470 
234 497 
234 95 
234 505 
234 85 
234 437 
234 432 
234 490 
234 191 
234 383 
234 125 
234 70 
234 296 
234 273 
234 370 
234 144 
234 328 
234 465 
234 256 
234 412 
234 280 
234 406 
234 305 
234 486 
234 149 
234 90 
234 467 
234 297 
234 140 
234 485 
234 239 
234 154 
234 254 
234 88 
234 129 
234 359 
234 488 
234 162 
234 501 
234 452 
234 106 
234 198 
234 459 
234 336 
234 252 
234 487 
234 355 
234 104 
234 43 
234 115 
234 60 
234 233 
234 175 
234 450 
234 351 
234 193 
234 7 
234 119 
234 69 
234 242 
234 102 
234 499 
234 220 
234 294 
234 62 
234 506 
234 21 
234 472 
234 76 
234 150 
234 38 
234 448 
234 367 
234 98 
234 378 
234 348 
234 163 
234 205 
234 137 
234 158 
234 225 
234 426 
234 416 
234 415 
235 377 
235 364 
235 483 
235 316 
235 248 
235 342 
235 420 
235 5 
235 406 
235 470 
235 173 
235 148 
235 193 
235 288 
235 457 
235 395 
235 323 
235 242 
235 160 
235 451 
235 322 
235 27 
235 398 
235 125 
235 276 
235 357 
235 414 
235 41 
235 353 
235 124 
235 1 
235 416 
235 502 
235 391 
235 6 
235 104 
235 327 
235 481 
235 373 
235 390 
235 442 
235 268 
235 149 
235 426 
235 403 
235 408 
235 120 
235 258 
235 402 
235 498 
235 374 
235 192 
235 441 
235 240 
235 499 
235 165 
235 60 
235 429 
235 54 
235 427 
235 100 
235 505 
235 356 
235 293 
235 186 
235 474 
235 263 
235 320 
235 143 
235 57 
235 36 
235 486 
235 89 
235 264 
235 446 
235 250 
235 447 
235 275 
235 94 
235 266 
235 375 
235 222 
235 90 
235 67 
235 10 
235 301 
235 246 
235 87 
235 289 
235 127 
235 144 
235 33 
235 467 
235 176 
235 379 
235 79 
235 47 
235 480 
235 309 
235 435 
235 269 
235 119 
235 204 
235 177 
235 152 
235 224 
235 380 
235 231 
235 86 
235 347 
235 117 
235 461 
235 138 
235 163 
235 227 
235 509 
235 108 
235 38 
235 45 
235 172 
235 55 
235 412 
235 181 
235 407 
235 468 
235 330 
235 382 
235 308 
235 203 
235 69 
235 233 
235 431 
235 463 
235 321 
235 399 
235 386 
235 368 
235 99 
235 249 
235 314 
235 253 
235 387 
235 513 
235 140 
235 51 
235 175 
235 300 
235 46 
235 421 
235 196 
235 351 
235 409 
235 339 
235 350 
235 212 
235 106 
235 238 
235 280 
235 28 
235 278 
235 331 
235 385 
235 510 
235 404 
235 325 
235 363 
235 112 
235 436 
235 294 
235 13 
235 381 
235 121 
235 388 
235 469 
235 434 
235 187 
236 56 
236 67 
236 323 
236 320 
236 154 
236 10 
236 114 
236 357 
236 118 
236 59 
236 352 
236 77 
236 289 
236 355 
236 253 
236 445 
236 155 
236 487 
236 18 
236 460 
236 186 
236 48 
236 453 
236 305 
236 126 
236 450 
236 371 
236 70 
236 457 
236 304 
236 416 
236 369 
236 250 
236 191 
236 333 
236 131 
236 470 
236 341 
236 280 
236 136 
236 132 
236 97 
236 66 
236 179 
236 471 
236 34 
236 322 
236 402 
236 71 
236 219 
236 503 
236 491 
236 16 
236 451 
236 247 
236 330 
236 495 
236 269 
236 391 
236 188 
236 100 
236 32 
236 161 
236 80 
236 437 
236 328 
236 130 
236 273 
236 15 
236 225 
236 430 
236 286 
236 512 
236 284 
236 291 
236 332 
236 510 
236 52 
236 238 
236 468 
236 334 
236 49 
236 296 
236 33 
236 455 
236 8 
236 182 
236 211 
236 376 
236 1 
236 340 
236 223 
236 361 
236 421 
236 43 
236 505 
236 176 
236 288 
236 187 
236 109 
236 439 
236 259 
236 277 
236 502 
236 428 
236 329 
236 308 
236 137 
236 201 
236 276 
236 104 
236 415 
236 198 
236 342 
236 408 
236 489 
236 390 
236 213 
236 350 
236 232 
236 264 
236 20 
236 480 
236 7 
236 27 
236 215 
236 55 
236 156 
236 379 
236 252 
236 438 
236 141 
236 338 
236 134 
236 506 
236 448 
236 138 
236 275 
236 90 
236 377 
236 217 
236 69 
236 326 
236 262 
236 337 
236 501 
236 388 
236 220 
236 482 
236 485 
236 255 
236 321 
236 475 
236 6 
236 64 
236 159 
236 164 
236 82 
236 287 
236 51 
237 212 
237 211 
237 309 
237 315 
237 485 
237 370 
237 492 
237 476 
237 384 
237 63 
237 432 
237 286 
237 214 
237 185 
237 375 
237 247 
237 106 
237 435 
237 254 
237 190 
237 219 
237 323 
237 198 
237 25 
237 124 
237 400 
237 445 
237 391 
237 217 
237 153 
237 224 
237 349 
237 453 
237 258 
237 109 
237 207 
237 89 
237 67 
237 57 
237 222 
237 433 
237 149 
237 196 
237 262 
237 167 
237 86 
237 9 
237 314 
237 353 
237 240 
237 508 
237 299 
237 117 
237 507 
237 120 
237 234 
237 137 
237 183 
237 436 
237 276 
237 424 
237 351 
237 51 
237 395 
237 292 
237 287 
237 218 
237 227 
237 162 
237 169 
237 216 
237 398 
237 505 
237 478 
237 84 
237 38 
237 201 
237 322 
237 401 
237 141 
237 115 
237 199 
237 455 
237 282 
237 49 
237 215 
237 495 
237 43 
237 439 
237 450 
237 184 
237 47 
237 15 
237 430 
237 320 
237 180 
237 112 
237 78 
237 144 
237 213 
237 382 
237 208 
237 93 
237 394 
237 273 
237 21 
237 425 
237 509 
237 95 
237 369 
237 506 
237 147 
237 40 
237 387 
237 275 
237 470 
237 440 
237 301 
237 1 
237 355 
237 325 
237 423 
237 68 
237 330 
237 295 
237 284 
237 82 
237 103 
237 31 
237 181 
237 139 
237 380 
237 48 
237 77 
237 346 
237 389 
237 274 
237 81 
237 239 
237 121 
237 35 
237 14 
237 416 
237 228 
237 10 
237 268 
237 204 
237 168 
237 125 
237 426 
237 238 
237 503 
237 244 
237 263 
237 291 
237 312 
237 241 
237 12 
237 359 
237 245 
237 371 
238 486 
238 476 
238 59 
238 262 
238 247 
238 357 
238 35 
238 30 
238 306 
238 137 
238 161 
238 281 
238 177 
238 203 
238 11 
238 101 
238 304 
238 60 
238 172 
238 23 
238 252 
238 66 
238 317 
238 470 
238 20 
238 179 
238 296 
238 61 
238 263 
238 477 
238 298 
238 358 
238 13 
238 73 
238 58 
238 375 
238 218 
238 316 
238 390 
238 448 
238 264 
238 6 
238 330 
238 350 
238 117 
238 202 
238 110 
238 504 
238 469 
238 136 
238 109 
238 493 
238 410 
238 14 
238 103 
238 97 
238 75 
238 312 
238 305 
238 331 
238 162 
238 225 
238 193 
238 391 
238 10 
238 417 
238 86 
238 472 
238 381 
238 122 
238 9 
238 240 
238 343 
238 394 
238 465 
238 403 
238 392 
238 303 
238 236 
238 277 
238 119 
238 46 
238 233 
238 99 
238 376 
238 369 
238 257 
238 28 
238 258 
238 219 
238 509 
238 408 
238 114 
238 43 
238 489 
238 12 
238 62 
238 176 
238 382 
238 491 
238 194 
238 230 
238 484 
238 437 
238 451 
238 483 
238 290 
238 292 
238 108 
238 452 
238 242 
238 402 
238 291 
238 374 
238 460 
238 192 
238 186 
238 18 
238 319 
238 216 
238 480 
238 156 
238 22 
238 244 
238 191 
238 411 
238 145 
238 102 
238 288 
238 183 
238 40 
238 187 
238 51 
238 455 
238 65 
238 250 
238 364 
238 425 
238 85 
238 322 
238 129 
238 208 
238 400 
238 160 
238 190 
238 439 
238 488 
238 184 
238 293 
238 27 
238 416 
238 235 
238 134 
238 237 
238 453 
238 171 
238 426 
238 107 
238 284 
238 155 
238 24 
238 366 
239 351 
239 315 
239 440 
239 417 
239 199 
239 317 
239 31 
239 378 
239 365 
239 181 
239 483 
239 180 
239 196 
239 56 
239 461 
239 4 
239 62 
239 200 
239 273 
239 363 
239 79 
239 72 
239 276 
239 393 
239 400 
239 207 
239 121 
239 370 
239 113 
239 316 
239 89 
239 491 
239 308 
239 386 
239 73 
239 64 
239 138 
239 420 
239 59 
239 286 
239 184 
239 211 
239 198 
239 372 
239 310 
239 375 
239 242 
239 460 
239 505 
239 506 
239 382 
239 309 
239 379 
239 65 
239 343 
239 133 
239 23 
239 359 
239 352 
239 469 
239 142 
239 227 
239 252 
239 271 
239 367 
239 123 
239 190 
239 225 
239 470 
239 86 
239 265 
239 430 
239 232 
239 11 
239 335 
239 5 
239 255 
239 257 
239 14 
239 510 
239 192 
239 297 
239 285 
239 497 
239 244 
239 496 
239 69 
239 99 
239 424 
239 15 
239 96 
239 299 
239 78 
239 119 
239 456 
239 477 
239 95 
239 107 
239 428 
239 447 
239 251 
239 87 
239 216 
239 194 
239 423 
239 54 
239 170 
239 128 
239 472 
239 337 
239 320 
239 274 
239 234 
239 21 
239 480 
239 58 
239 233 
239 183 
239 91 
239 300 
239 129 
239 218 
239 410 
239 437 
239 358 
239 339 
239 153 
239 237 
239 28 
239 19 
239 445 
239 210 
239 413 
239 364 
239 204 
239 221 
239 489 
239 114 
239 77 
239 18 
239 106 
239 219 
239 167 
239 130 
239 109 
239 84 
239 272 
239 451 
239 197 
239 7 
239 415 
239 412 
239 38 
239 151 
239 509 
239 374 
239 148 
239 321 
240 439 
240 159 
240 88 
240 69 
240 468 
240 29 
240 75 
240 24 
240 32 
240 261 
240 308 
240 455 
240 229 
240 512 
240 257 
240 470 
240 322 
240 22 
240 73 
240 492 
240 70 
240 46 
240 351 
240 105 
240 43 
240 511 
240 407 
240 200 
240 491 
240 355 
240 296 
240 295 
240 297 
240 254 
240 311 
240 20 
240 278 
240 281 
240 6 
240 376 
240 340 
240 36 
240 222 
240 408 
240 237 
240 335 
240 426 
240 386 
240 195 
240 137 
240 154 
240 15 
240 357 
240 187 
240 437 
240 235 
240 461 
240 40 
240 138 
240 217 
240 158 
240 30 
240 380 
240 464 
240 132 
240 115 
240 320 
240 194 
240 441 
240 263 
240 474 
240 10 
240 16 
240 314 
240 260 
240 238 
240 332 
240 12 
240 112 
240 3 
240 276 
240 462 
240 60 
240 210 
240 369 
240 302 
240 161 
240 17 
240 436 
240 2 
240 400 
240 286 
240 428 
240 4 
240 342 
240 224 
240 275 
240 208 
240 434 
240 405 
240 429 
240 153 
240 172 
240 255 
240 451 
240 83 
240 233 
240 359 
240 504 
240 174 
240 178 
240 110 
240 47 
240 31 
240 456 
240 270 
240 510 
240 51 
240 291 
240 412 
240 190 
240 18 
240 348 
240 253 
240 113 
240 201 
240 38 
240 79 
240 287 
240 349 
240 268 
240 85 
240 226 
240 205 
240 416 
240 189 
240 304 
240 86 
240 53 
240 103 
240 466 
240 209 
240 477 
240 62 
240 309 
240 124 
240 331 
240 230 
240 56 
240 184 
240 338 
240 244 
240 442 
240 315 
240 152 
240 7 
240 125 
240 472 
241 471 
241 473 
241 190 
241 106 
241 320 
241 380 
241 461 
241 335 
241 296 
241 444 
241 230 
241 131 
241 42 
241 166 
241 196 
241 386 
241 265 
241 48 
241 92 
241 27 
241 221 
241 509 
241 151 
241 146 
241 503 
241 220 
241 34 
241 292 
241 271 
241 144 
241 439 
241 226 
241 311 
241 309 
241 122 
241 266 
241 465 
241 354 
241 450 
241 462 
241 369 
241 263 
241 204 
241 445 
241 381 
241 16 
241 127 
241 70 
241 64 
241 429 
241 277 
241 295 
241 114 
241 362 
241 391 
241 55 
241 388 
241 56 
241 302 
241 416 
241 313 
241 199 
241 170 
241 128 
241 333 
241 470 
241 20 
241 451 
241 185 
241 421 
241 115 
241 162 
241 142 
241 500 
241 261 
241 171 
241 274 
241 155 
241 54 
241 149 
241 200 
241 232 
241 389 
241 440 
241 492 
241 147 
241 280 
241 484 
241 344 
241 74 
241 194 
241 110 
241 26 
241 513 
241 228 
241 245 
241 349 
241 176 
241 183 
241 405 
241 181 
241 510 
241 348 
241 77 
241 395 
241 301 
241 351 
241 428 
241 63 
241 339 
241 435 
241 352 
241 447 
241 189 
241 229 
241 299 
241 43 
241 169 
241 481 
241 223 
241 452 
241 315 
241 82 
241 361 
241 50 
241 76 
241 227 
241 61 
241 130 
241 298 
241 394 
241 84 
241 252 
241 304 
241 37 
241 247 
241 350 
241 135 
241 379 
241 303 
241 346 
241 324 
241 237 
241 201 
241 191 
241 29 
241 125 
241 345 
241 136 
242 490 
242 225 
242 252 
242 388 
242 98 
242 275 
242 491 
242 78 
242 7 
242 273 
242 66 
242 443 
242 363 
242 200 
242 235 
242 280 
242 86 
242 75 
242 222 
242 204 
242 145 
242 97 
242 96 
242 338 
242 93 
242 266 
242 502 
242 282 
242 485 
242 412 
242 498 
242 47 
242 279 
242 176 
242 63 
242 192 
242 378 
242 421 
242 417 
242 139 
242 395 
242 250 
242 463 
242 239 
242 137 
242 65 
242 18 
242 202 
242 475 
242 123 
242 433 
242 341 
242 494 
242 194 
242 447 
242 361 
242 105 
242 84 
242 140 
242 354 
242 398 
242 16 
242 360 
242 115 
242 366 
242 6 
242 446 
242 262 
242 489 
242 464 
242 129 
242 136 
242 134 
242 460 
242 407 
242 458 
242 49 
242 229 
242 249 
242 406 
242 401 
242 24 
242 207 
242 244 
242 125 
242 451 
242 215 
242 104 
242 168 
242 512 
242 238 
242 442 
242 45 
242 270 
242 255 
242 355 
242 258 
242 231 
242 339 
242 343 
242 127 
242 329 
242 328 
242 149 
242 190 
242 56 
242 425 
242 480 
242 261 
242 497 
242 482 
242 52 
242 189 
242 132 
242 483 
242 453 
242 413 
242 310 
242 3 
242 223 
242 271 
242 234 
242 203 
242 298 
242 454 
242 188 
242 439 
242 205 
242 162 
242 315 
242 322 
242 449 
242 13 
242 79 
242 334 
242 187 
242 87 
242 344 
242 321 
243 431 
243 444 
243 203 
243 253 
243 202 
243 271 
243 195 
243 281 
243 298 
243 73 
243 409 
243 60 
243 467 
243 122 
243 261 
243 410 
243 103 
243 98 
243 445 
243 194 
243 479 
243 107 
243 172 
243 404 
243 333 
243 48 
243 505 
243 408 
243 477 
243 449 
243 262 
243 102 
243 70 
243 382 
243 146 
243 67 
243 120 
243 7 
243 291 
243 39 
243 374 
243 192 
243 463 
243 116 
243 373 
243 108 
243 411 
243 406 
243 127 
243 378 
243 250 
243 134 
243 457 
243 160 
243 312 
243 28 
243 437 
243 366 
243 322 
243 309 
243 57 
243 6 
243 447 
243 412 
243 460 
243 289 
243 181 
243 8 
243 510 
243 418 
243 56 
243 268 
243 346 
243 148 
243 63 
243 436 
243 482 
243 123 
243 209 
243 358 
243 5 
243 294 
243 483 
243 369 
243 421 
243 384 
243 272 
243 174 
243 485 
243 338 
243 287 
243 201 
243 416 
243 308 
243 21 
243 66 
243 16 
243 367 
243 90 
243 15 
243 260 
243 496 
243 335 
243 244 
243 159 
243 501 
243 420 
243 486 
243 147 
243 459 
243 126 
243 20 
243 212 
243 187 
243 372 
243 218 
243 46 
243 321 
243 394 
243 27 
243 191 
243 86 
243 85 
243 361 
243 405 
243 139 
243 197 
243 270 
243 55 
243 299 
243 286 
243 377 
243 318 
243 495 
243 186 
243 22 
243 458 
243 205 
243 58 
243 353 
243 276 
243 307 
243 173 
243 355 
243 513 
243 33 
243 44 
243 415 
243 375 
243 130 
243 508 
243 511 
243 89 
243 305 
243 329 
243 435 
243 424 
243 428 
243 193 
243 503 
243 469 
243 248 
243 29 
243 41 
243 455 
243 140 
243 246 
243 284 
243 390 
243 79 
244 264 
244 103 
244 113 
244 180 
244 361 
244 71 
244 348 
244 95 
244 156 
244 440 
244 185 
244 82 
244 357 
244 290 
244 327 
244 51 
244 436 
244 190 
244 170 
244 382 
244 104 
244 365 
244 486 
244 325 
244 505 
244 326 
244 148 
244 65 
244 200 
244 499 
244 223 
244 279 
244 202 
244 402 
244 161 
244 261 
244 319 
244 257 
244 204 
244 91 
244 92 
244 143 
244 228 
244 0 
244 508 
244 313 
244 162 
244 504 
244 62 
244 379 
244 109 
244 227 
244 358 
244 369 
244 418 
244 23 
244 40 
244 378 
244 509 
244 10 
244 42 
244 112 
244 392 
244 17 
244 320 
244 36 
244 11 
244 343 
244 57 
244 287 
244 39 
244 232 
244 458 
244 239 
244 450 
244 68 
244 415 
244 367 
244 437 
244 93 
244 102 
244 70 
244 388 
244 250 
244 246 
244 339 
244 169 
244 4 
244 179 
244 242 
244 474 
244 405 
244 44 
244 283 
244 243 
244 173 
244 55 
244 205 
244 323 
244 63 
244 21 
244 13 
244 132 
244 476 
244 14 
244 473 
244 96 
244 196 
244 193 
244 363 
244 346 
244 238 
244 260 
244 513 
244 127 
244 370 
244 147 
244 444 
244 427 
244 80 
244 146 
244 90 
244 197 
244 362 
244 419 
244 317 
244 341 
244 254 
244 259 
244 214 
244 249 
244 487 
244 399 
244 350 
244 49 
244 74 
244 153 
244 247 
244 426 
244 230 
244 448 
244 373 
244 488 
244 114 
244 303 
244 497 
244 219 
244 60 
244 237 
244 166 
244 52 
244 314 
244 208 
244 240 
244 381 
244 375 
244 140 
244 293 
244 449 
244 6 
244 172 
244 186 
244 24 
244 129 
245 317 
245 110 
245 287 
245 192 
245 295 
245 185 
245 294 
245 98 
245 443 
245 308 
245 449 
245 95 
245 276 
245 329 
245 72 
245 78 
245 273 
245 204 
245 202 
245 320 
245 370 
245 25 
245 279 
245 503 
245 190 
245 414 
245 181 
245 263 
245 199 
245 352 
245 122 
245 67 
245 481 
245 310 
245 296 
245 264 
245 5 
245 299 
245 251 
245 253 
245 77 
245 142 
245 340 
245 114 
245 218 
245 452 
245 409 
245 269 
245 19 
245 445 
245 433 
245 489 
245 389 
245 455 
245 226 
245 495 
245 377 
245 157 
245 302 
245 367 
245 191 
245 89 
245 374 
245 133 
245 265 
245 168 
245 460 
245 398 
245 81 
245 139 
245 188 
245 61 
245 428 
245 319 
245 197 
245 252 
245 278 
245 107 
245 109 
245 94 
245 164 
245 62 
245 176 
245 189 
245 480 
245 415 
245 313 
245 36 
245 359 
245 400 
245 228 
245 248 
245 349 
245 28 
245 44 
245 304 
245 303 
245 208 
245 10 
245 491 
245 68 
245 241 
245 300 
245 16 
245 406 
245 58 
245 262 
245 33 
245 12 
245 174 
245 301 
245 343 
245 365 
245 504 
245 293 
245 371 
245 45 
245 55 
245 401 
245 233 
245 76 
245 201 
245 484 
245 184 
245 41 
245 334 
245 274 
245 162 
245 212 
245 285 
245 49 
245 298 
245 439 
245 127 
245 305 
245 154 
245 256 
245 472 
245 306 
245 281 
245 500 
245 172 
245 144 
245 123 
245 0 
245 24 
245 84 
245 454 
245 66 
245 39 
245 249 
245 175 
245 505 
245 35 
245 513 
245 510 
245 357 
245 384 
245 229 
245 471 
245 198 
245 465 
245 30 
245 255 
245 440 
245 237 
245 112 
245 277 
246 509 
246 499 
246 145 
246 72 
246 380 
246 501 
246 87 
246 345 
246 395 
246 132 
246 353 
246 276 
246 264 
246 316 
246 477 
246 162 
246 312 
246 217 
246 24 
246 274 
246 4 
246 163 
246 324 
246 105 
246 440 
246 158 
246 35 
246 310 
246 321 
246 407 
246 196 
246 121 
246 451 
246 446 
246 150 
246 186 
246 402 
246 325 
246 129 
246 54 
246 355 
246 138 
246 270 
246 222 
246 364 
246 369 
246 347 
246 249 
246 317 
246 374 
246 227 
246 370 
246 30 
246 490 
246 223 
246 510 
246 140 
246 307 
246 98 
246 288 
246 173 
246 19 
246 230 
246 487 
246 308 
246 465 
246 376 
246 195 
246 371 
246 74 
246 373 
246 131 
246 82 
246 111 
246 235 
246 117 
246 37 
246 126 
246 336 
246 338 
246 505 
246 167 
246 431 
246 93 
246 320 
246 104 
246 281 
246 203 
246 382 
246 133 
246 206 
246 513 
246 362 
246 399 
246 106 
246 428 
246 244 
246 454 
246 198 
246 202 
246 23 
246 304 
246 58 
246 16 
246 209 
246 488 
246 326 
246 292 
246 213 
246 148 
246 342 
246 250 
246 86 
246 5 
246 116 
246 305 
246 164 
246 94 
246 257 
246 381 
246 341 
246 334 
246 147 
246 441 
246 300 
246 447 
246 419 
246 123 
246 15 
246 297 
246 225 
246 178 
246 110 
246 96 
246 160 
246 372 
246 107 
246 363 
246 200 
246 108 
246 194 
246 348 
246 193 
246 90 
246 212 
246 283 
246 255 
246 449 
246 243 
246 260 
246 272 
247 218 
247 217 
247 101 
247 428 
247 158 
247 222 
247 238 
247 276 
247 426 
247 377 
247 172 
247 127 
247 237 
247 345 
247 265 
247 107 
247 79 
247 298 
247 304 
247 418 
247 24 
247 113 
247 421 
247 120 
247 106 
247 151 
247 71 
247 326 
247 45 
247 84 
247 134 
247 348 
247 379 
247 440 
247 483 
247 88 
247 234 
247 123 
247 273 
247 429 
247 363 
247 481 
247 140 
247 358 
247 269 
247 489 
247 34 
247 497 
247 53 
247 503 
247 99 
247 129 
247 152 
247 178 
247 360 
247 280 
247 204 
247 94 
247 390 
247 236 
247 160 
247 424 
247 17 
247 165 
247 451 
247 47 
247 6 
247 260 
247 491 
247 504 
247 507 
247 258 
247 343 
247 15 
247 286 
247 154 
247 374 
247 448 
247 414 
247 180 
247 213 
247 449 
247 67 
247 36 
247 465 
247 167 
247 221 
247 344 
247 7 
247 396 
247 143 
247 293 
247 187 
247 75 
247 168 
247 470 
247 63 
247 301 
247 435 
247 108 
247 439 
247 23 
247 303 
247 400 
247 285 
247 32 
247 68 
247 459 
247 13 
247 112 
247 208 
247 48 
247 362 
247 149 
247 191 
247 262 
247 325 
247 289 
247 442 
247 131 
247 310 
247 225 
247 307 
247 141 
247 55 
247 431 
247 444 
247 330 
247 408 
247 485 
247 274 
247 194 
247 226 
247 500 
247 57 
247 50 
247 493 
247 473 
247 278 
247 333 
247 110 
247 479 
247 328 
247 244 
247 241 
247 319 
247 406 
247 369 
247 157 
247 14 
247 347 
247 87 
247 412 
247 299 
247 430 
247 384 
247 27 
247 119 
247 61 
247 203 
247 422 
247 388 
247 296 
247 264 
247 170 
248 96 
248 353 
248 150 
248 504 
248 148 
248 141 
248 416 
248 253 
248 189 
248 235 
248 77 
248 95 
248 389 
248 24 
248 453 
248 321 
248 15 
248 390 
248 492 
248 209 
248 262 
248 508 
248 370 
248 387 
248 14 
248 455 
248 264 
248 100 
248 331 
248 323 
248 221 
248 332 
248 380 
248 12 
248 376 
248 169 
248 431 
248 364 
248 68 
248 71 
248 91 
248 316 
248 50 
248 450 
248 295 
248 471 
248 345 
248 161 
248 466 
248 93 
248 36 
248 213 
248 62 
248 229 
248 317 
248 267 
248 408 
248 181 
248 198 
248 108 
248 92 
248 511 
248 174 
248 171 
248 49 
248 427 
248 296 
248 460 
248 438 
248 395 
248 413 
248 406 
248 159 
248 340 
248 465 
248 397 
248 485 
248 347 
248 166 
248 195 
248 102 
248 338 
248 287 
248 479 
248 487 
248 245 
248 435 
248 432 
248 31 
248 76 
248 507 
248 228 
248 137 
248 126 
248 90 
248 328 
248 168 
248 113 
248 47 
248 182 
248 187 
248 184 
248 456 
248 127 
248 291 
248 135 
248 355 
248 79 
248 501 
248 205 
248 288 
248 201 
248 63 
248 344 
248 70 
248 477 
248 121 
248 89 
248 83 
248 315 
248 250 
248 278 
248 97 
248 190 
248 156 
248 301 
248 51 
248 101 
248 392 
248 128 
248 386 
248 132 
248 322 
248 496 
248 424 
248 200 
248 243 
248 192 
248 488 
248 214 
248 131 
248 495 
248 433 
249 403 
249 152 
249 105 
249 338 
249 311 
249 258 
249 113 
249 334 
249 112 
249 394 
249 129 
249 327 
249 381 
249 342 
249 169 
249 485 
249 436 
249 500 
249 40 
249 467 
249 217 
249 432 
249 282 
249 131 
249 207 
249 378 
249 42 
249 477 
249 68 
249 384 
249 315 
249 358 
249 109 
249 412 
249 447 
249 506 
249 414 
249 274 
249 463 
249 218 
249 142 
249 203 
249 466 
249 322 
249 186 
249 34 
249 15 
249 405 
249 401 
249 449 
249 25 
249 287 
249 110 
249 65 
249 409 
249 246 
249 396 
249 119 
249 422 
249 501 
249 374 
249 149 
249 353 
249 336 
249 360 
249 99 
249 495 
249 499 
249 209 
249 299 
249 228 
249 6 
249 502 
249 430 
249 481 
249 158 
249 74 
249 390 
249 475 
249 29 
249 482 
249 216 
249 278 
249 221 
249 124 
249 20 
249 222 
249 210 
249 26 
249 348 
249 261 
249 242 
249 511 
249 122 
249 264 
249 377 
249 229 
249 151 
249 476 
249 120 
249 262 
249 320 
249 487 
249 397 
249 130 
249 102 
249 92 
249 233 
249 332 
249 340 
249 177 
249 365 
249 421 
249 304 
249 503 
249 235 
249 47 
249 438 
249 54 
249 303 
249 380 
249 407 
249 244 
249 226 
249 231 
249 12 
249 5 
249 165 
249 225 
249 141 
249 118 
249 260 
249 398 
249 214 
249 49 
249 296 
249 333 
249 7 
249 460 
249 284 
249 245 
249 308 
249 82 
249 173 
249 410 
249 343 
249 76 
249 452 
249 13 
249 461 
249 346 
249 189 
249 155 
249 426 
249 45 
250 275 
250 251 
250 340 
250 74 
250 75 
250 284 
250 253 
250 146 
250 104 
250 89 
250 504 
250 23 
250 461 
250 99 
250 392 
250 311 
250 230 
250 116 
250 16 
250 338 
250 326 
250 483 
250 35 
250 70 
250 503 
250 150 
250 381 
250 458 
250 481 
250 27 
250 117 
250 507 
250 189 
250 190 
250 95 
250 14 
250 142 
250 393 
250 511 
250 236 
250 242 
250 133 
250 127 
250 277 
250 185 
250 474 
250 207 
250 123 
250 431 
250 101 
250 212 
250 243 
250 365 
250 324 
250 165 
250 361 
250 299 
250 278 
250 65 
250 15 
250 53 
250 226 
250 26 
250 394 
250 235 
250 341 
250 9 
250 103 
250 347 
250 224 
250 62 
250 423 
250 281 
250 362 
250 183 
250 499 
250 175 
250 412 
250 398 
250 231 
250 401 
250 325 
250 164 
250 463 
250 332 
250 488 
250 428 
250 300 
250 244 
250 5 
250 254 
250 200 
250 387 
250 156 
250 166 
250 172 
250 303 
250 51 
250 21 
250 268 
250 357 
250 111 
250 37 
250 128 
250 246 
250 210 
250 276 
250 213 
250 422 
250 354 
250 287 
250 54 
250 220 
250 283 
250 385 
250 262 
250 152 
250 312 
250 238 
250 119 
250 248 
250 256 
250 194 
250 66 
250 59 
250 184 
250 371 
250 109 
250 297 
250 1 
250 157 
250 263 
250 39 
250 427 
250 148 
250 122 
250 118 
250 485 
250 447 
250 28 
250 473 
250 500 
250 288 
250 132 
250 222 
250 124 
250 493 
250 486 
250 391 
250 20 
251 186 
251 250 
251 283 
251 105 
251 333 
251 29 
251 66 
251 34 
251 42 
251 198 
251 463 
251 388 
251 435 
251 215 
251 269 
251 135 
251 23 
251 264 
251 357 
251 17 
251 21 
251 231 
251 2 
251 352 
251 117 
251 404 
251 72 
251 313 
251 71 
251 169 
251 245 
251 490 
251 446 
251 25 
251 90 
251 436 
251 31 
251 7 
251 334 
251 260 
251 57 
251 374 
251 438 
251 53 
251 304 
251 12 
251 152 
251 324 
251 406 
251 296 
251 482 
251 278 
251 366 
251 297 
251 289 
251 196 
251 401 
251 468 
251 284 
251 402 
251 217 
251 142 
251 377 
251 39 
251 512 
251 477 
251 378 
251 184 
251 218 
251 415 
251 205 
251 224 
251 318 
251 136 
251 369 
251 443 
251 335 
251 410 
251 119 
251 185 
251 103 
251 329 
251 187 
251 204 
251 413 
251 49 
251 252 
251 70 
251 291 
251 448 
251 132 
251 407 
251 156 
251 108 
251 434 
251 9 
251 76 
251 460 
251 120 
251 239 
251 412 
251 172 
251 206 
251 222 
251 134 
251 94 
251 16 
251 129 
251 361 
251 261 
251 101 
251 104 
251 492 
251 200 
251 18 
251 358 
251 171 
251 341 
251 189 
251 74 
251 483 
251 426 
251 126 
251 498 
251 157 
251 494 
251 145 
251 414 
251 425 
251 286 
251 399 
251 303 
251 466 
251 449 
251 507 
251 472 
251 510 
251 255 
251 211 
251 359 
251 197 
251 183 
251 453 
251 82 
251 5 
251 54 
251 210 
251 128 
251 50 
251 226 
251 155 
251 47 
251 454 
251 391 
251 279 
251 75 
252 156 
252 242 
252 359 
252 95 
252 62 
252 402 
252 286 
252 201 
252 48 
252 171 
252 23 
252 325 
252 343 
252 419 
252 191 
252 460 
252 76 
252 308 
252 222 
252 289 
252 209 
252 434 
252 238 
252 458 
252 93 
252 258 
252 59 
252 294 
252 21 
252 41 
252 210 
252 152 
252 67 
252 477 
252 480 
252 43 
252 445 
252 181 
252 464 
252 502 
252 505 
252 164 
252 49 
252 501 
252 7 
252 63 
252 114 
252 335 
252 204 
252 151 
252 256 
252 317 
252 427 
252 436 
252 138 
252 72 
252 112 
252 146 
252 500 
252 337 
252 475 
252 364 
252 127 
252 395 
252 219 
252 239 
252 163 
252 113 
252 139 
252 264 
252 176 
252 245 
252 150 
252 29 
252 167 
252 296 
252 274 
252 451 
252 450 
252 27 
252 154 
252 299 
252 119 
252 363 
252 481 
252 202 
252 66 
252 370 
252 79 
252 251 
252 413 
252 203 
252 331 
252 512 
252 284 
252 397 
252 401 
252 180 
252 365 
252 227 
252 435 
252 262 
252 103 
252 360 
252 416 
252 174 
252 80 
252 486 
252 472 
252 47 
252 306 
252 310 
252 20 
252 349 
252 31 
252 351 
252 81 
252 271 
252 236 
252 38 
252 332 
252 106 
252 234 
252 366 
252 389 
252 487 
252 230 
252 194 
252 489 
252 314 
252 510 
252 285 
252 347 
252 89 
252 157 
252 241 
252 390 
252 503 
252 33 
252 110 
252 65 
252 394 
252 189 
252 205 
252 178 
252 471 
252 348 
252 279 
252 328 
252 276 
252 130 
252 368 
252 232 
252 406 
252 407 
252 400 
252 288 
252 340 
252 441 
252 30 
252 161 
252 96 
253 243 
253 359 
253 248 
253 46 
253 54 
253 277 
253 393 
253 250 
253 147 
253 502 
253 151 
253 79 
253 70 
253 227 
253 236 
253 432 
253 290 
253 335 
253 84 
253 3 
253 453 
253 226 
253 498 
253 412 
253 487 
253 212 
253 175 
253 20 
253 208 
253 109 
253 481 
253 474 
253 346 
253 421 
253 256 
253 294 
253 310 
253 300 
253 424 
253 95 
253 215 
253 435 
253 269 
253 443 
253 178 
253 448 
253 106 
253 245 
253 93 
253 372 
253 202 
253 123 
253 107 
253 229 
253 99 
253 506 
253 135 
253 343 
253 476 
253 159 
253 485 
253 313 
253 303 
253 192 
253 31 
253 1 
253 28 
253 254 
253 49 
253 115 
253 361 
253 451 
253 170 
253 299 
253 410 
253 191 
253 482 
253 336 
253 307 
253 101 
253 398 
253 465 
253 21 
253 112 
253 382 
253 316 
253 492 
253 397 
253 314 
253 51 
253 127 
253 134 
253 471 
253 479 
253 120 
253 36 
253 381 
253 0 
253 131 
253 354 
253 122 
253 413 
253 23 
253 66 
253 62 
253 86 
253 426 
253 488 
253 271 
253 154 
253 217 
253 168 
253 61 
253 113 
253 495 
253 302 
253 15 
253 18 
253 295 
253 40 
253 184 
253 213 
253 503 
253 160 
253 22 
253 190 
253 484 
253 344 
253 183 
253 156 
253 39 
253 64 
253 162 
253 240 
253 94 
253 125 
253 126 
253 330 
253 431 
253 429 
253 311 
253 408 
253 289 
253 283 
253 235 
253 362 
253 349 
253 110 
253 318 
253 263 
253 350 
253 418 
253 267 
253 464 
253 148 
253 444 
253 407 
253 124 
253 298 
253 187 
253 468 
253 383 
253 281 
254 489 
254 413 
254 491 
254 211 
254 433 
254 438 
254 136 
254 401 
254 287 
254 336 
254 358 
254 324 
254 146 
254 310 
254 322 
254 34 
254 396 
254 80 
254 237 
254 266 
254 492 
254 472 
254 305 
254 424 
254 308 
254 118 
254 370 
254 420 
254 215 
254 457 
254 357 
254 53 
254 13 
254 293 
254 240 
254 309 
254 96 
254 415 
254 295 
254 431 
254 362 
254 444 
254 27 
254 403 
254 201 
254 154 
254 62 
254 325 
254 9 
254 372 
254 319 
254 351 
254 442 
254 471 
254 213 
254 304 
254 447 
254 185 
254 162 
254 487 
254 429 
254 225 
254 505 
254 32 
254 253 
254 41 
254 143 
254 496 
254 276 
254 480 
254 221 
254 206 
254 402 
254 297 
254 181 
254 224 
254 125 
254 145 
254 216 
254 38 
254 397 
254 334 
254 258 
254 288 
254 484 
254 94 
254 122 
254 19 
254 15 
254 227 
254 188 
254 56 
254 414 
254 446 
254 280 
254 95 
254 48 
254 427 
254 75 
254 64 
254 250 
254 59 
254 306 
254 5 
254 346 
254 47 
254 155 
254 186 
254 504 
254 285 
254 353 
254 423 
254 335 
254 330 
254 354 
254 52 
254 10 
254 25 
254 409 
254 156 
254 234 
254 152 
254 500 
254 149 
254 8 
254 392 
254 374 
254 232 
254 412 
254 387 
254 110 
254 434 
254 478 
254 307 
254 337 
254 244 
254 50 
254 497 
254 493 
254 483 
254 513 
254 21 
254 165 
254 67 
254 83 
254 36 
254 452 
254 158 
254 268 
254 196 
254 398 
254 364 
254 160 
254 157 
254 445 
254 411 
254 488 
254 231 
254 323 
254 148 
254 284 
254 466 
254 394 
254 184 
254 343 
254 441 
254 470 
254 166 
254 98 
254 494 
254 6 
254 315 
254 49 
255 500 
255 460 
255 203 
255 56 
255 37 
255 354 
255 265 
255 348 
255 288 
255 404 
255 62 
255 383 
255 49 
255 304 
255 408 
255 54 
255 151 
255 399 
255 413 
255 18 
255 20 
255 359 
255 489 
255 334 
255 426 
255 379 
255 157 
255 11 
255 6 
255 439 
255 100 
255 295 
255 145 
255 61 
255 191 
255 457 
255 442 
255 190 
255 134 
255 97 
255 50 
255 414 
255 132 
255 299 
255 232 
255 231 
255 307 
255 384 
255 209 
255 268 
255 467 
255 287 
255 182 
255 301 
255 478 
255 323 
255 22 
255 83 
255 387 
255 410 
255 19 
255 296 
255 293 
255 199 
255 391 
255 468 
255 401 
255 40 
255 110 
255 449 
255 34 
255 329 
255 172 
255 126 
255 117 
255 146 
255 459 
255 260 
255 89 
255 437 
255 239 
255 160 
255 370 
255 225 
255 195 
255 507 
255 92 
255 269 
255 446 
255 373 
255 316 
255 104 
255 159 
255 504 
255 485 
255 67 
255 273 
255 392 
255 471 
255 438 
255 294 
255 187 
255 240 
255 377 
255 174 
255 86 
255 450 
255 483 
255 324 
255 180 
255 440 
255 125 
255 106 
255 270 
255 458 
255 297 
255 322 
255 464 
255 242 
255 188 
255 508 
255 326 
255 429 
255 2 
255 421 
255 490 
255 418 
255 290 
255 140 
255 406 
255 230 
255 479 
255 465 
255 279 
255 369 
255 29 
255 124 
255 434 
255 281 
255 393 
255 365 
255 455 
255 371 
255 499 
255 70 
255 223 
255 251 
255 165 
255 280 
255 1 
255 395 
255 4 
255 502 
255 236 
255 141 
255 305 
255 318 
255 224 
255 201 
255 161 
255 127 
255 7 
255 71 
255 360 
255 245 
255 246 
255 227 
255 256 
255 207 
256 108 
256 202 
256 329 
256 367 
256 183 
256 443 
256 315 
256 43 
256 186 
256 351 
256 390 
256 414 
256 380 
256 328 
256 213 
256 463 
256 500 
256 279 
256 352 
256 490 
256 427 
256 60 
256 217 
256 260 
256 361 
256 177 
256 15 
256 25 
256 44 
256 253 
256 42 
256 404 
256 86 
256 95 
256 394 
256 258 
256 281 
256 263 
256 334 
256 33 
256 445 
256 378 
256 80 
256 65 
256 13 
256 14 
256 293 
256 506 
256 321 
256 337 
256 19 
256 476 
256 208 
256 446 
256 17 
256 252 
256 291 
256 399 
256 51 
256 82 
256 449 
256 149 
256 402 
256 317 
256 494 
256 103 
256 401 
256 229 
256 72 
256 325 
256 288 
256 78 
256 356 
256 489 
256 369 
256 191 
256 87 
256 52 
256 308 
256 374 
256 193 
256 292 
256 190 
256 209 
256 383 
256 284 
256 437 
256 264 
256 468 
256 96 
256 10 
256 188 
256 409 
256 341 
256 444 
256 111 
256 359 
256 161 
256 64 
256 234 
256 430 
256 452 
256 200 
256 488 
256 498 
256 303 
256 71 
256 478 
256 222 
256 316 
256 393 
256 18 
256 197 
256 231 
256 512 
256 62 
256 118 
256 228 
256 269 
256 250 
256 434 
256 416 
256 466 
256 54 
256 413 
256 396 
256 21 
256 114 
256 245 
256 32 
256 365 
256 425 
256 415 
256 145 
256 357 
256 29 
256 74 
256 491 
256 137 
256 423 
256 113 
256 259 
256 295 
256 372 
256 77 
256 22 
256 163 
256 98 
256 345 
256 384 
256 166 
256 485 
256 255 
256 268 
256 148 
257 264 
257 53 
257 126 
257 265 
257 145 
257 161 
257 212 
257 240 
257 495 
257 173 
257 311 
257 359 
257 16 
257 468 
257 453 
257 381 
257 271 
257 88 
257 382 
257 278 
257 276 
257 198 
257 321 
257 336 
257 203 
257 11 
257 369 
257 162 
257 159 
257 175 
257 186 
257 121 
257 273 
257 258 
257 279 
257 208 
257 401 
257 285 
257 244 
257 28 
257 342 
257 280 
257 370 
257 303 
257 133 
257 460 
257 483 
257 375 
257 73 
257 330 
257 229 
257 165 
257 27 
257 367 
257 182 
257 473 
257 335 
257 262 
257 448 
257 316 
257 318 
257 47 
257 405 
257 76 
257 64 
257 349 
257 263 
257 489 
257 172 
257 419 
257 164 
257 137 
257 83 
257 398 
257 390 
257 492 
257 239 
257 404 
257 476 
257 508 
257 238 
257 456 
257 218 
257 118 
257 328 
257 268 
257 493 
257 158 
257 168 
257 59 
257 102 
257 477 
257 361 
257 6 
257 358 
257 97 
257 78 
257 288 
257 170 
257 266 
257 107 
257 329 
257 136 
257 471 
257 115 
257 89 
257 466 
257 124 
257 246 
257 462 
257 409 
257 427 
257 459 
257 20 
257 393 
257 449 
257 24 
257 443 
257 80 
257 485 
257 513 
257 72 
257 384 
257 304 
257 179 
257 135 
257 282 
257 184 
257 310 
257 201 
257 307 
257 17 
257 344 
257 357 
257 470 
257 49 
257 429 
258 433 
258 46 
258 366 
258 288 
258 491 
258 249 
258 196 
258 381 
258 40 
258 464 
258 164 
258 401 
258 172 
258 495 
258 414 
258 50 
258 316 
258 93 
258 478 
258 94 
258 341 
258 33 
258 62 
258 252 
258 192 
258 237 
258 384 
258 365 
258 195 
258 426 
258 457 
258 335 
258 256 
258 286 
258 0 
258 257 
258 25 
258 163 
258 174 
258 130 
258 199 
258 235 
258 120 
258 87 
258 222 
258 445 
258 226 
258 84 
258 441 
258 399 
258 299 
258 383 
258 382 
258 411 
258 95 
258 308 
258 6 
258 324 
258 332 
258 501 
258 247 
258 480 
258 105 
258 98 
258 121 
258 81 
258 416 
258 112 
258 231 
258 432 
258 254 
258 329 
258 76 
258 430 
258 347 
258 230 
258 340 
258 238 
258 126 
258 379 
258 427 
258 142 
258 402 
258 494 
258 165 
258 474 
258 303 
258 265 
258 510 
258 47 
258 500 
258 333 
258 294 
258 48 
258 202 
258 110 
258 203 
258 372 
258 264 
258 389 
258 107 
258 242 
258 400 
258 224 
258 101 
258 297 
258 466 
258 45 
258 75 
258 371 
258 52 
258 410 
258 18 
258 155 
258 352 
258 125 
258 403 
258 468 
258 477 
258 43 
258 259 
258 193 
258 507 
258 428 
258 127 
258 423 
258 456 
258 393 
258 343 
258 319 
258 512 
258 153 
258 154 
258 374 
258 280 
258 197 
258 83 
258 344 
258 194 
258 34 
258 220 
258 39 
258 338 
258 273 
258 318 
258 138 
258 398 
258 122 
258 285 
258 54 
259 437 
259 288 
259 121 
259 267 
259 116 
259 307 
259 71 
259 145 
259 483 
259 40 
259 360 
259 479 
259 296 
259 461 
259 87 
259 353 
259 369 
259 220 
259 10 
259 300 
259 494 
259 5 
259 355 
259 64 
259 21 
259 301 
259 79 
259 122 
259 358 
259 96 
259 52 
259 325 
259 29 
259 138 
259 128 
259 502 
259 312 
259 405 
259 67 
259 263 
259 152 
259 406 
259 59 
259 320 
259 385 
259 161 
259 215 
259 110 
259 86 
259 470 
259 202 
259 471 
259 328 
259 509 
259 188 
259 260 
259 91 
259 197 
259 438 
259 505 
259 149 
259 410 
259 4 
259 444 
259 361 
259 391 
259 27 
259 392 
259 236 
259 424 
259 499 
259 182 
259 362 
259 9 
259 181 
259 506 
259 354 
259 204 
259 171 
259 293 
259 510 
259 333 
259 198 
259 22 
259 136 
259 112 
259 114 
259 429 
259 43 
259 206 
259 209 
259 387 
259 347 
259 450 
259 104 
259 258 
259 244 
259 407 
259 281 
259 403 
259 379 
259 397 
259 85 
259 319 
259 125 
259 380 
259 512 
259 210 
259 365 
259 276 
259 88 
259 212 
259 322 
259 383 
259 23 
259 151 
259 434 
259 476 
259 256 
259 14 
259 84 
259 330 
259 19 
259 487 
259 439 
259 492 
259 28 
259 133 
259 389 
259 201 
259 496 
259 227 
259 175 
259 292 
259 474 
260 406 
260 306 
260 73 
260 322 
260 333 
260 502 
260 125 
260 428 
260 163 
260 37 
260 9 
260 402 
260 165 
260 303 
260 510 
260 116 
260 121 
260 98 
260 448 
260 256 
260 86 
260 435 
260 110 
260 457 
260 7 
260 405 
260 220 
260 39 
260 6 
260 34 
260 14 
260 503 
260 375 
260 292 
260 120 
260 441 
260 504 
260 99 
260 468 
260 321 
260 434 
260 118 
260 172 
260 412 
260 334 
260 384 
260 74 
260 251 
260 145 
260 22 
260 487 
260 431 
260 300 
260 128 
260 492 
260 150 
260 500 
260 315 
260 392 
260 506 
260 247 
260 138 
260 190 
260 368 
260 484 
260 130 
260 345 
260 167 
260 495 
260 187 
260 370 
260 194 
260 240 
260 72 
260 263 
260 189 
260 255 
260 277 
260 480 
260 338 
260 259 
260 175 
260 436 
260 94 
260 97 
260 421 
260 1 
260 447 
260 356 
260 351 
260 494 
260 308 
260 396 
260 461 
260 361 
260 400 
260 363 
260 243 
260 69 
260 208 
260 227 
260 119 
260 158 
260 30 
260 95 
260 310 
260 223 
260 4 
260 16 
260 64 
260 209 
260 153 
260 32 
260 299 
260 465 
260 302 
260 335 
260 357 
260 92 
260 244 
260 205 
260 407 
260 177 
260 444 
260 452 
260 352 
260 507 
260 355 
260 450 
260 183 
260 433 
260 23 
260 317 
260 228 
260 249 
260 456 
260 382 
260 26 
260 232 
260 155 
260 144 
260 491 
260 386 
260 393 
260 320 
260 482 
260 398 
260 229 
260 477 
260 188 
260 129 
260 24 
260 445 
260 215 
260 493 
260 246 
260 289 
260 353 
261 91 
261 435 
261 508 
261 280 
261 93 
261 492 
261 95 
261 290 
261 334 
261 108 
261 421 
261 92 
261 463 
261 233 
261 240 
261 39 
261 45 
261 434 
261 296 
261 35 
261 466 
261 69 
261 407 
261 346 
261 41 
261 495 
261 349 
261 412 
261 372 
261 243 
261 404 
261 278 
261 291 
261 417 
261 121 
261 31 
261 191 
261 32 
261 318 
261 126 
261 59 
261 452 
261 244 
261 80 
261 355 
261 110 
261 322 
261 396 
261 436 
261 275 
261 288 
261 271 
261 369 
261 438 
261 76 
261 25 
261 504 
261 327 
261 124 
261 206 
261 201 
261 497 
261 56 
261 375 
261 311 
261 51 
261 33 
261 197 
261 182 
261 100 
261 433 
261 184 
261 132 
261 487 
261 125 
261 139 
261 365 
261 298 
261 203 
261 241 
261 424 
261 168 
261 448 
261 37 
261 111 
261 96 
261 397 
261 3 
261 172 
261 510 
261 264 
261 104 
261 473 
261 200 
261 489 
261 142 
261 186 
261 24 
261 356 
261 150 
261 453 
261 285 
261 249 
261 360 
261 19 
261 266 
261 511 
261 469 
261 175 
261 44 
261 159 
261 486 
261 505 
261 374 
261 263 
261 506 
261 251 
261 343 
261 437 
261 230 
261 72 
261 177 
261 390 
261 484 
261 403 
261 339 
261 295 
261 13 
261 305 
261 242 
261 196 
261 220 
261 207 
261 341 
261 328 
261 477 
261 366 
261 164 
261 205 
261 419 
261 440 
261 155 
261 320 
261 325 
261 454 
261 28 
261 225 
261 300 
261 178 
261 223 
261 481 
261 342 
261 221 
261 43 
262 136 
262 332 
262 463 
262 154 
262 238 
262 234 
262 89 
262 483 
262 175 
262 337 
262 452 
262 248 
262 423 
262 23 
262 8 
262 38 
262 78 
262 107 
262 272 
262 292 
262 0 
262 507 
262 437 
262 434 
262 432 
262 205 
262 324 
262 16 
262 459 
262 313 
262 197 
262 113 
262 14 
262 265 
262 108 
262 222 
262 169 
262 243 
262 202 
262 116 
262 273 
262 34 
262 487 
262 105 
262 416 
262 237 
262 135 
262 425 
262 54 
262 227 
262 71 
262 476 
262 133 
262 80 
262 230 
262 199 
262 145 
262 327 
262 257 
262 370 
262 140 
262 146 
262 387 
262 96 
262 33 
262 42 
262 130 
262 39 
262 399 
262 149 
262 209 
262 138 
262 172 
262 242 
262 263 
262 467 
262 397 
262 407 
262 184 
262 50 
262 451 
262 303 
262 106 
262 346 
262 49 
262 6 
262 111 
262 208 
262 68 
262 94 
262 101 
262 455 
262 61 
262 245 
262 382 
262 221 
262 405 
262 478 
262 252 
262 282 
262 87 
262 396 
262 200 
262 5 
262 181 
262 153 
262 123 
262 157 
262 371 
262 249 
262 473 
262 288 
262 30 
262 247 
262 51 
262 293 
262 442 
262 431 
262 250 
262 132 
262 90 
262 469 
262 413 
262 4 
262 77 
262 394 
262 333 
262 456 
262 318 
262 280 
262 163 
262 448 
262 236 
262 67 
262 226 
262 278 
262 3 
262 344 
262 193 
262 501 
262 45 
262 446 
262 345 
262 170 
262 196 
262 461 
262 131 
262 322 
262 414 
262 495 
262 503 
262 320 
262 141 
262 415 
262 72 
263 329 
263 305 
263 115 
263 427 
263 25 
263 196 
263 83 
263 40 
263 286 
263 335 
263 445 
263 503 
263 500 
263 18 
263 43 
263 439 
263 398 
263 181 
263 82 
263 402 
263 63 
263 465 
263 33 
263 476 
263 450 
263 282 
263 137 
263 199 
263 409 
263 330 
263 345 
263 121 
263 420 
263 13 
263 278 
263 388 
263 307 
263 383 
263 245 
263 357 
263 238 
263 300 
263 31 
263 256 
263 23 
263 462 
263 145 
263 241 
263 468 
263 138 
263 354 
263 139 
263 297 
263 209 
263 288 
263 334 
263 435 
263 28 
263 266 
263 339 
263 407 
263 59 
263 210 
263 259 
263 126 
263 502 
263 99 
263 356 
263 451 
263 136 
263 281 
263 379 
263 235 
263 240 
263 494 
263 432 
263 0 
263 426 
263 269 
263 257 
263 226 
263 363 
263 443 
263 215 
263 109 
263 264 
263 55 
263 260 
263 262 
263 218 
263 321 
263 20 
263 88 
263 7 
263 296 
263 337 
263 380 
263 283 
263 129 
263 3 
263 38 
263 457 
263 122 
263 472 
263 414 
263 492 
263 387 
263 214 
263 45 
263 211 
263 386 
263 81 
263 116 
263 86 
263 331 
263 120 
263 449 
263 221 
263 483 
263 105 
263 60 
263 267 
263 265 
263 368 
263 170 
263 188 
263 261 
263 1 
263 509 
263 110 
263 124 
263 389 
263 487 
263 167 
263 200 
263 146 
263 176 
263 275 
263 271 
263 438 
263 493 
263 189 
263 177 
263 253 
263 433 
263 276 
263 372 
263 456 
263 315 
263 309 
263 250 
263 287 
263 393 
263 187 
263 70 
263 237 
263 293 
263 295 
263 378 
263 87 
263 152 
263 391 
263 362 
263 230 
263 399 
263 14 
263 127 
263 97 
264 257 
264 104 
264 457 
264 215 
264 165 
264 244 
264 331 
264 496 
264 211 
264 172 
264 112 
264 409 
264 383 
264 411 
264 181 
264 376 
264 124 
264 46 
264 345 
264 151 
264 246 
264 233 
264 218 
264 212 
264 434 
264 304 
264 23 
264 463 
264 139 
264 484 
264 193 
264 20 
264 421 
264 265 
264 251 
264 86 
264 248 
264 275 
264 185 
264 83 
264 402 
264 277 
264 63 
264 392 
264 365 
264 199 
264 80 
264 245 
264 179 
264 111 
264 444 
264 224 
264 238 
264 267 
264 183 
264 339 
264 19 
264 97 
264 419 
264 375 
264 60 
264 137 
264 346 
264 363 
264 131 
264 438 
264 216 
264 214 
264 202 
264 110 
264 302 
264 136 
264 223 
264 204 
264 147 
264 404 
264 364 
264 459 
264 169 
264 235 
264 252 
264 118 
264 263 
264 465 
264 14 
264 184 
264 90 
264 31 
264 217 
264 213 
264 261 
264 29 
264 466 
264 360 
264 305 
264 451 
264 256 
264 41 
264 87 
264 15 
264 150 
264 206 
264 470 
264 498 
264 198 
264 278 
264 369 
264 171 
264 271 
264 227 
264 289 
264 21 
264 34 
264 395 
264 511 
264 249 
264 423 
264 407 
264 78 
264 258 
264 7 
264 84 
264 236 
264 116 
264 391 
264 394 
264 377 
264 436 
264 497 
264 344 
264 91 
264 132 
264 55 
264 433 
264 197 
264 393 
264 476 
264 101 
264 177 
264 443 
264 487 
264 93 
264 366 
264 475 
264 313 
264 320 
264 508 
264 420 
264 298 
264 39 
264 106 
264 282 
264 160 
264 79 
264 499 
264 384 
264 138 
264 297 
264 472 
264 247 
265 172 
265 343 
265 281 
265 67 
265 412 
265 369 
265 465 
265 255 
265 230 
265 317 
265 257 
265 47 
265 377 
265 8 
265 247 
265 415 
265 78 
265 46 
265 1 
265 508 
265 361 
265 264 
265 193 
265 241 
265 93 
265 65 
265 113 
265 472 
265 437 
265 323 
265 183 
265 137 
265 399 
265 70 
265 262 
265 48 
265 276 
265 306 
265 318 
265 272 
265 186 
265 63 
265 416 
265 376 
265 32 
265 176 
265 201 
265 491 
265 144 
265 363 
265 449 
265 486 
265 94 
265 68 
265 401 
265 64 
265 366 
265 321 
265 184 
265 122 
265 245 
265 287 
265 71 
265 447 
265 151 
265 431 
265 299 
265 359 
265 239 
265 118 
265 410 
265 294 
265 96 
265 418 
265 221 
265 33 
265 444 
265 170 
265 208 
265 165 
265 73 
265 324 
265 385 
265 420 
265 498 
265 511 
265 119 
265 505 
265 98 
265 258 
265 347 
265 23 
265 478 
265 81 
265 404 
265 185 
265 263 
265 320 
265 279 
265 76 
265 367 
265 142 
265 436 
265 358 
265 492 
265 362 
265 157 
265 195 
265 494 
265 488 
265 337 
265 112 
265 130 
265 356 
265 496 
265 408 
265 357 
265 43 
265 225 
265 100 
265 378 
265 411 
265 187 
265 459 
265 169 
265 53 
265 403 
265 58 
265 62 
265 335 
265 375 
265 182 
265 405 
265 269 
265 12 
265 164 
265 233 
265 490 
265 16 
265 199 
265 154 
265 6 
265 481 
265 451 
265 391 
265 116 
265 75 
266 224 
266 118 
266 377 
266 433 
266 355 
266 174 
266 366 
266 362 
266 109 
266 400 
266 66 
266 254 
266 11 
266 267 
266 393 
266 24 
266 44 
266 499 
266 483 
266 489 
266 397 
266 89 
266 242 
266 96 
266 413 
266 58 
266 55 
266 50 
266 394 
266 241 
266 229 
266 472 
266 63 
266 180 
266 331 
266 102 
266 92 
266 406 
266 410 
266 22 
266 263 
266 313 
266 484 
266 409 
266 150 
266 446 
266 328 
266 347 
266 67 
266 391 
266 199 
266 396 
266 509 
266 7 
266 119 
266 83 
266 204 
266 202 
266 162 
266 454 
266 496 
266 138 
266 283 
266 235 
266 186 
266 500 
266 198 
266 513 
266 338 
266 121 
266 337 
266 371 
266 197 
266 113 
266 223 
266 392 
266 464 
266 178 
266 343 
266 420 
266 187 
266 289 
266 281 
266 310 
266 143 
266 453 
266 382 
266 157 
266 438 
266 431 
266 440 
266 257 
266 417 
266 346 
266 261 
266 501 
266 288 
266 38 
266 424 
266 336 
266 71 
266 213 
266 43 
266 74 
266 195 
266 208 
266 488 
266 306 
266 107 
266 282 
266 364 
266 291 
266 73 
266 301 
266 511 
266 19 
266 493 
266 69 
266 352 
266 457 
266 88 
266 304 
266 295 
266 134 
266 136 
266 274 
266 49 
266 126 
266 492 
266 185 
266 340 
266 358 
266 345 
266 387 
266 322 
266 477 
266 93 
266 215 
266 206 
266 429 
266 402 
266 6 
266 379 
266 271 
267 227 
267 16 
267 34 
267 126 
267 42 
267 326 
267 259 
267 1 
267 40 
267 491 
267 17 
267 154 
267 94 
267 402 
267 481 
267 118 
267 502 
267 19 
267 163 
267 513 
267 323 
267 266 
267 383 
267 359 
267 50 
267 361 
267 138 
267 183 
267 107 
267 145 
267 302 
267 20 
267 296 
267 55 
267 414 
267 276 
267 264 
267 77 
267 184 
267 66 
267 495 
267 290 
267 271 
267 22 
267 125 
267 283 
267 420 
267 248 
267 3 
267 121 
267 358 
267 438 
267 158 
267 307 
267 26 
267 437 
267 478 
267 210 
267 476 
267 390 
267 59 
267 13 
267 44 
267 209 
267 160 
267 168 
267 512 
267 111 
267 25 
267 268 
267 332 
267 488 
267 407 
267 120 
267 501 
267 58 
267 467 
267 91 
267 460 
267 508 
267 482 
267 312 
267 87 
267 309 
267 445 
267 133 
267 349 
267 389 
267 203 
267 305 
267 204 
267 49 
267 18 
267 320 
267 473 
267 450 
267 403 
267 263 
267 418 
267 70 
267 88 
267 136 
267 6 
267 385 
267 60 
267 146 
267 74 
267 310 
267 29 
267 304 
267 79 
267 415 
267 449 
267 185 
267 80 
267 341 
267 230 
267 51 
267 214 
267 346 
267 297 
267 442 
267 69 
267 39 
267 354 
267 253 
267 198 
267 353 
267 224 
267 408 
267 150 
267 89 
267 443 
267 293 
267 199 
267 479 
267 197 
267 5 
267 142 
267 167 
267 275 
267 364 
267 148 
267 228 
267 132 
267 287 
268 354 
268 197 
268 168 
268 348 
268 188 
268 438 
268 61 
268 271 
268 102 
268 279 
268 397 
268 91 
268 349 
268 82 
268 401 
268 193 
268 123 
268 5 
268 425 
268 230 
268 46 
268 174 
268 146 
268 278 
268 270 
268 13 
268 87 
268 78 
268 479 
268 491 
268 375 
268 121 
268 232 
268 101 
268 481 
268 313 
268 394 
268 229 
268 200 
268 459 
268 286 
268 383 
268 346 
268 199 
268 451 
268 272 
268 235 
268 489 
268 483 
268 71 
268 304 
268 224 
268 395 
268 100 
268 380 
268 447 
268 136 
268 172 
268 403 
268 226 
268 48 
268 334 
268 255 
268 340 
268 365 
268 170 
268 217 
268 496 
268 289 
268 45 
268 60 
268 480 
268 187 
268 50 
268 3 
268 89 
268 309 
268 105 
268 4 
268 356 
268 389 
268 243 
268 267 
268 204 
268 432 
268 9 
268 368 
268 203 
268 221 
268 302 
268 36 
268 181 
268 185 
268 220 
268 276 
268 257 
268 25 
268 329 
268 316 
268 327 
268 337 
268 306 
268 322 
268 372 
268 420 
268 65 
268 147 
268 8 
268 408 
268 227 
268 209 
268 20 
268 273 
268 443 
268 421 
268 104 
268 419 
268 301 
268 325 
268 250 
268 231 
268 305 
268 391 
268 206 
268 353 
268 315 
268 125 
268 130 
268 148 
268 74 
268 150 
268 288 
268 292 
268 377 
268 138 
268 240 
268 107 
268 364 
268 23 
268 86 
268 294 
268 21 
268 19 
268 254 
268 497 
268 373 
268 308 
268 237 
268 56 
268 504 
268 207 
268 495 
268 112 
268 66 
268 506 
268 434 
268 222 
268 96 
268 381 
268 39 
268 120 
268 201 
268 57 
268 310 
268 256 
269 82 
269 191 
269 482 
269 0 
269 78 
269 293 
269 126 
269 325 
269 345 
269 159 
269 431 
269 162 
269 320 
269 119 
269 228 
269 218 
269 299 
269 51 
269 385 
269 167 
269 67 
269 447 
269 251 
269 407 
269 434 
269 136 
269 309 
269 150 
269 155 
269 315 
269 210 
269 113 
269 312 
269 99 
269 58 
269 400 
269 339 
269 394 
269 479 
269 413 
269 253 
269 444 
269 404 
269 177 
269 436 
269 247 
269 149 
269 245 
269 233 
269 383 
269 83 
269 334 
269 105 
269 317 
269 96 
269 433 
269 512 
269 236 
269 351 
269 80 
269 468 
269 220 
269 225 
269 263 
269 73 
269 157 
269 196 
269 373 
269 401 
269 148 
269 141 
269 367 
269 135 
269 71 
269 291 
269 307 
269 481 
269 402 
269 255 
269 392 
269 46 
269 235 
269 372 
269 328 
269 178 
269 499 
269 41 
269 302 
269 179 
269 491 
269 363 
269 461 
269 486 
269 475 
269 326 
269 467 
269 336 
269 340 
269 357 
269 488 
269 14 
269 221 
269 459 
269 396 
269 415 
269 158 
269 283 
269 2 
269 94 
269 151 
269 341 
269 140 
269 108 
269 161 
269 451 
269 271 
269 470 
269 66 
269 256 
269 47 
269 333 
269 388 
269 438 
269 26 
269 277 
269 72 
269 111 
269 265 
269 212 
269 145 
269 87 
269 223 
269 349 
269 276 
269 131 
269 331 
269 452 
269 505 
269 391 
269 70 
269 335 
269 142 
269 55 
270 281 
270 346 
270 203 
270 113 
270 90 
270 47 
270 464 
270 414 
270 92 
270 444 
270 204 
270 431 
270 447 
270 494 
270 193 
270 120 
270 268 
270 486 
270 16 
270 76 
270 289 
270 194 
270 508 
270 70 
270 384 
270 21 
270 377 
270 390 
270 279 
270 416 
270 495 
270 62 
270 114 
270 483 
270 176 
270 363 
270 177 
270 475 
270 274 
270 246 
270 173 
270 292 
270 73 
270 427 
270 310 
270 433 
270 458 
270 29 
270 223 
270 96 
270 228 
270 425 
270 111 
270 45 
270 172 
270 80 
270 121 
270 72 
270 41 
270 110 
270 460 
270 455 
270 338 
270 170 
270 175 
270 146 
270 271 
270 451 
270 28 
270 491 
270 320 
270 328 
270 397 
270 280 
270 131 
270 187 
270 40 
270 195 
270 199 
270 446 
270 49 
270 428 
270 470 
270 318 
270 221 
270 510 
270 215 
270 208 
270 467 
270 240 
270 255 
270 242 
270 68 
270 218 
270 325 
270 227 
270 181 
270 492 
270 371 
270 500 
270 462 
270 285 
270 243 
270 283 
270 329 
270 3 
270 334 
270 66 
270 52 
270 323 
270 211 
270 450 
270 106 
270 67 
270 394 
270 379 
270 32 
270 473 
270 54 
270 84 
270 207 
270 422 
270 375 
270 340 
270 122 
270 314 
270 434 
270 449 
270 324 
270 149 
270 463 
270 380 
270 134 
270 59 
270 370 
270 277 
270 153 
271 140 
271 71 
271 314 
271 448 
271 112 
271 243 
271 268 
271 188 
271 204 
271 346 
271 6 
271 500 
271 33 
271 483 
271 434 
271 257 
271 342 
271 59 
271 334 
271 373 
271 30 
271 428 
271 137 
271 7 
271 367 
271 458 
271 353 
271 241 
271 18 
271 169 
271 272 
271 211 
271 82 
271 54 
271 117 
271 182 
271 506 
271 421 
271 105 
271 473 
271 381 
271 145 
271 134 
271 225 
271 479 
271 345 
271 410 
271 78 
271 267 
271 217 
271 261 
271 147 
271 150 
271 480 
271 380 
271 281 
271 323 
271 329 
271 1 
271 104 
271 60 
271 50 
271 426 
271 108 
271 28 
271 363 
271 239 
271 94 
271 425 
271 280 
271 359 
271 312 
271 470 
271 158 
271 370 
271 509 
271 476 
271 327 
271 277 
271 270 
271 407 
271 418 
271 190 
271 304 
271 128 
271 222 
271 487 
271 23 
271 253 
271 85 
271 422 
271 210 
271 264 
271 110 
271 456 
271 197 
271 436 
271 365 
271 151 
271 417 
271 297 
271 226 
271 481 
271 484 
271 341 
271 189 
271 488 
271 309 
271 149 
271 437 
271 396 
271 455 
271 252 
271 32 
271 269 
271 405 
271 103 
271 361 
271 374 
271 467 
271 89 
271 164 
271 263 
271 109 
271 278 
271 362 
271 97 
271 499 
271 95 
271 242 
271 439 
271 462 
271 10 
271 132 
271 181 
271 464 
271 276 
271 286 
271 135 
271 56 
271 68 
271 303 
271 393 
271 390 
271 144 
271 90 
271 389 
271 495 
271 356 
271 266 
272 1 
272 397 
272 445 
272 229 
272 412 
272 176 
272 343 
272 370 
272 426 
272 331 
272 149 
272 467 
272 179 
272 462 
272 389 
272 197 
272 57 
272 262 
272 214 
272 119 
272 113 
272 367 
272 358 
272 482 
272 79 
272 164 
272 429 
272 80 
272 439 
272 298 
272 414 
272 297 
272 55 
272 160 
272 457 
272 271 
272 204 
272 123 
272 265 
272 162 
272 174 
272 328 
272 496 
272 268 
272 299 
272 379 
272 139 
272 365 
272 324 
272 129 
272 20 
272 477 
272 336 
272 111 
272 459 
272 402 
272 101 
272 207 
272 433 
272 72 
272 51 
272 21 
272 104 
272 274 
272 130 
272 500 
272 163 
272 142 
272 17 
272 473 
272 317 
272 378 
272 221 
272 436 
272 52 
272 507 
272 430 
272 492 
272 27 
272 150 
272 347 
272 232 
272 277 
272 243 
272 224 
272 318 
272 196 
272 413 
272 323 
272 411 
272 469 
272 117 
272 54 
272 320 
272 362 
272 223 
272 454 
272 158 
272 109 
272 395 
272 159 
272 363 
272 155 
272 186 
272 440 
272 278 
272 190 
272 356 
272 503 
272 422 
272 201 
272 290 
272 486 
272 126 
272 7 
272 475 
272 312 
272 128 
272 68 
272 188 
272 151 
272 321 
272 154 
272 26 
272 364 
272 47 
272 435 
272 460 
272 199 
272 173 
272 301 
272 217 
272 205 
272 153 
272 239 
272 368 
272 443 
272 275 
272 5 
272 409 
272 342 
272 227 
272 361 
272 246 
272 302 
273 464 
273 61 
273 129 
273 41 
273 348 
273 487 
273 142 
273 327 
273 437 
273 242 
273 351 
273 290 
273 160 
273 189 
273 364 
273 333 
273 154 
273 430 
273 227 
273 508 
273 148 
273 20 
273 226 
273 239 
273 340 
273 143 
273 183 
273 153 
273 186 
273 245 
273 122 
273 321 
273 167 
273 479 
273 509 
273 150 
273 468 
273 66 
273 317 
273 441 
273 456 
273 11 
273 336 
273 458 
273 127 
273 104 
273 451 
273 130 
273 206 
273 247 
273 196 
273 396 
273 257 
273 337 
273 448 
273 262 
273 219 
273 18 
273 118 
273 328 
273 370 
273 416 
273 94 
273 294 
273 16 
273 418 
273 434 
273 100 
273 208 
273 99 
273 92 
273 23 
273 152 
273 463 
273 305 
273 57 
273 190 
273 236 
273 34 
273 214 
273 378 
273 98 
273 79 
273 398 
273 329 
273 318 
273 369 
273 291 
273 281 
273 356 
273 326 
273 78 
273 475 
273 350 
273 387 
273 355 
273 285 
273 497 
273 255 
273 234 
273 223 
273 212 
273 432 
273 237 
273 83 
273 268 
273 210 
273 112 
273 177 
273 280 
273 96 
273 144 
273 484 
273 179 
273 274 
273 353 
273 22 
273 126 
273 52 
273 191 
273 499 
273 62 
273 224 
273 187 
273 511 
273 428 
273 383 
273 276 
273 485 
273 288 
273 138 
273 314 
273 65 
273 90 
273 296 
273 194 
273 6 
273 309 
273 330 
273 462 
273 374 
273 231 
273 501 
273 258 
273 342 
273 56 
273 393 
273 510 
273 483 
274 340 
274 443 
274 38 
274 497 
274 98 
274 485 
274 113 
274 160 
274 436 
274 131 
274 475 
274 161 
274 427 
274 162 
274 39 
274 151 
274 429 
274 246 
274 56 
274 167 
274 466 
274 218 
274 178 
274 483 
274 223 
274 504 
274 126 
274 89 
274 421 
274 207 
274 169 
274 386 
274 154 
274 303 
274 425 
274 173 
274 249 
274 456 
274 333 
274 432 
274 293 
274 164 
274 130 
274 341 
274 212 
274 270 
274 48 
274 159 
274 435 
274 272 
274 332 
274 199 
274 480 
274 168 
274 289 
274 180 
274 353 
274 343 
274 496 
274 165 
274 355 
274 104 
274 171 
274 459 
274 388 
274 323 
274 16 
274 40 
274 241 
274 285 
274 34 
274 123 
274 201 
274 396 
274 49 
274 404 
274 5 
274 252 
274 118 
274 321 
274 24 
274 146 
274 145 
274 302 
274 338 
274 203 
274 61 
274 50 
274 495 
274 6 
274 299 
274 310 
274 478 
274 208 
274 200 
274 348 
274 108 
274 68 
274 360 
274 417 
274 277 
274 434 
274 329 
274 51 
274 158 
274 383 
274 87 
274 297 
274 409 
274 109 
274 196 
274 226 
274 327 
274 384 
274 382 
274 275 
274 331 
274 239 
274 193 
274 136 
274 463 
274 66 
274 233 
274 273 
274 445 
274 81 
274 492 
274 139 
274 33 
274 403 
274 337 
274 63 
274 210 
274 8 
274 91 
274 245 
274 290 
274 324 
274 55 
274 366 
274 428 
274 361 
274 247 
274 511 
274 181 
274 163 
274 237 
274 449 
274 342 
274 305 
274 371 
274 502 
274 23 
274 426 
274 60 
274 216 
274 397 
274 79 
274 266 
274 311 
274 99 
274 224 
274 183 
274 464 
274 472 
274 347 
274 214 
274 103 
274 442 
274 491 
274 351 
274 195 
274 170 
274 186 
274 177 
275 250 
275 414 
275 195 
275 87 
275 80 
275 242 
275 331 
275 18 
275 109 
275 402 
275 304 
275 383 
275 370 
275 71 
275 345 
275 173 
275 500 
275 426 
275 62 
275 161 
275 157 
275 381 
275 42 
275 264 
275 15 
275 418 
275 481 
275 166 
275 476 
275 440 
275 442 
275 342 
275 480 
275 180 
275 76 
275 330 
275 156 
275 220 
275 385 
275 261 
275 380 
275 475 
275 50 
275 332 
275 348 
275 172 
275 324 
275 277 
275 82 
275 356 
275 377 
275 296 
275 298 
275 498 
275 467 
275 276 
275 461 
275 496 
275 307 
275 119 
275 421 
275 340 
275 235 
275 93 
275 222 
275 43 
275 135 
275 36 
275 457 
275 106 
275 57 
275 310 
275 122 
275 328 
275 323 
275 490 
275 177 
275 231 
275 512 
275 447 
275 336 
275 346 
275 462 
275 487 
275 70 
275 382 
275 32 
275 483 
275 240 
275 513 
275 138 
275 34 
275 26 
275 350 
275 54 
275 191 
275 286 
275 91 
275 295 
275 41 
275 274 
275 339 
275 237 
275 223 
275 472 
275 40 
275 474 
275 121 
275 412 
275 473 
275 452 
275 78 
275 175 
275 204 
275 217 
275 4 
275 98 
275 206 
275 224 
275 236 
275 335 
275 367 
275 503 
275 263 
275 44 
275 495 
275 287 
275 371 
275 394 
275 140 
275 509 
275 182 
275 305 
275 358 
275 415 
275 285 
275 306 
275 401 
275 112 
275 39 
275 142 
275 267 
275 369 
275 316 
275 141 
275 272 
275 77 
275 433 
276 20 
276 124 
276 117 
276 450 
276 155 
276 7 
276 473 
276 227 
276 414 
276 78 
276 393 
276 247 
276 122 
276 325 
276 246 
276 383 
276 245 
276 18 
276 100 
276 413 
276 239 
276 186 
276 48 
276 235 
276 30 
276 13 
276 257 
276 109 
276 92 
276 189 
276 497 
276 338 
276 169 
276 474 
276 286 
276 265 
276 156 
276 371 
276 267 
276 196 
276 377 
276 161 
276 437 
276 142 
276 180 
276 337 
276 416 
276 326 
276 223 
276 401 
276 322 
276 115 
276 336 
276 237 
276 434 
276 94 
276 499 
276 418 
276 498 
276 353 
276 462 
276 184 
276 254 
276 167 
276 19 
276 145 
276 275 
276 444 
276 324 
276 483 
276 217 
276 214 
276 66 
276 407 
276 508 
276 5 
276 165 
276 240 
276 151 
276 154 
276 89 
276 125 
276 113 
276 357 
276 268 
276 55 
276 46 
276 495 
276 61 
276 134 
276 441 
276 295 
276 103 
276 58 
276 421 
276 408 
276 191 
276 365 
276 143 
276 376 
276 38 
276 368 
276 14 
276 397 
276 236 
276 313 
276 225 
276 170 
276 457 
276 301 
276 67 
276 6 
276 501 
276 207 
276 120 
276 219 
276 250 
276 47 
276 111 
276 188 
276 304 
276 384 
276 192 
276 22 
276 328 
276 319 
276 159 
276 230 
276 406 
276 340 
276 210 
276 160 
276 486 
276 29 
276 226 
276 243 
276 373 
276 215 
276 451 
276 494 
276 402 
276 114 
276 273 
276 263 
276 345 
276 35 
276 200 
276 507 
276 481 
276 259 
276 213 
276 362 
276 269 
276 271 
276 176 
276 252 
276 435 
276 461 
276 395 
276 476 
276 54 
276 288 
276 374 
276 163 
276 299 
276 121 
277 170 
277 363 
277 183 
277 253 
277 449 
277 31 
277 298 
277 360 
277 211 
277 377 
277 60 
277 462 
277 476 
277 94 
277 305 
277 465 
277 234 
277 509 
277 113 
277 51 
277 378 
277 264 
277 169 
277 463 
277 495 
277 350 
277 446 
277 42 
277 461 
277 309 
277 13 
277 357 
277 225 
277 33 
277 29 
277 250 
277 375 
277 128 
277 503 
277 121 
277 241 
277 203 
277 275 
277 486 
277 76 
277 99 
277 1 
277 424 
277 385 
277 403 
277 24 
277 484 
277 83 
277 380 
277 314 
277 472 
277 57 
277 163 
277 479 
277 226 
277 201 
277 102 
277 506 
277 45 
277 353 
277 260 
277 238 
277 271 
277 414 
277 123 
277 398 
277 504 
277 105 
277 278 
277 272 
277 219 
277 63 
277 43 
277 468 
277 17 
277 20 
277 432 
277 80 
277 434 
277 372 
277 176 
277 502 
277 290 
277 58 
277 7 
277 236 
277 274 
277 175 
277 430 
277 117 
277 489 
277 392 
277 369 
277 134 
277 412 
277 77 
277 507 
277 10 
277 315 
277 348 
277 160 
277 9 
277 108 
277 101 
277 444 
277 62 
277 231 
277 488 
277 300 
277 469 
277 365 
277 371 
277 182 
277 442 
277 35 
277 287 
277 69 
277 181 
277 68 
277 313 
277 304 
277 269 
277 428 
277 26 
277 199 
277 37 
277 5 
277 485 
277 158 
277 336 
277 423 
277 125 
277 70 
277 215 
277 283 
277 343 
277 93 
277 56 
277 397 
277 458 
277 395 
277 425 
277 270 
277 245 
277 345 
277 421 
277 59 
278 40 
278 308 
278 10 
278 120 
278 207 
278 170 
278 153 
278 44 
278 17 
278 403 
278 495 
278 280 
278 412 
278 132 
278 228 
278 380 
278 100 
278 341 
278 112 
278 419 
278 307 
278 268 
278 410 
278 384 
278 134 
278 183 
278 139 
278 261 
278 306 
278 257 
278 263 
278 41 
278 446 
278 104 
278 172 
278 127 
278 162 
278 367 
278 240 
278 22 
278 35 
278 169 
278 59 
278 89 
278 437 
278 414 
278 210 
278 302 
278 445 
278 159 
278 213 
278 148 
278 142 
278 417 
278 287 
278 285 
278 77 
278 150 
278 305 
278 1 
278 111 
278 434 
278 80 
278 164 
278 351 
278 377 
278 374 
278 368 
278 250 
278 251 
278 180 
278 5 
278 144 
278 133 
278 428 
278 168 
278 301 
278 245 
278 125 
278 186 
278 188 
278 381 
278 297 
278 50 
278 309 
278 61 
278 470 
278 392 
278 418 
278 431 
278 249 
278 277 
278 493 
278 506 
278 8 
278 94 
278 176 
278 443 
278 366 
278 339 
278 319 
278 264 
278 371 
278 209 
278 146 
278 491 
278 436 
278 58 
278 484 
278 510 
278 501 
278 75 
278 411 
278 68 
278 3 
278 447 
278 66 
278 90 
278 272 
278 181 
278 248 
278 140 
278 52 
278 499 
278 314 
278 131 
278 360 
278 33 
278 271 
278 114 
278 247 
278 346 
278 128 
278 408 
278 395 
278 262 
278 201 
278 290 
278 222 
278 220 
278 235 
278 177 
278 98 
278 79 
278 344 
278 497 
278 435 
278 82 
278 386 
279 403 
279 180 
279 468 
279 268 
279 46 
279 226 
279 317 
279 4 
279 485 
279 287 
279 507 
279 256 
279 401 
279 65 
279 426 
279 406 
279 427 
279 223 
279 208 
279 487 
279 218 
279 147 
279 27 
279 150 
279 245 
279 338 
279 48 
279 44 
279 480 
279 450 
279 161 
279 174 
279 163 
279 50 
279 361 
279 233 
279 82 
279 376 
279 242 
279 228 
279 128 
279 244 
279 270 
279 421 
279 449 
279 381 
279 71 
279 257 
279 420 
279 94 
279 411 
279 154 
279 301 
279 188 
279 337 
279 336 
279 68 
279 509 
279 17 
279 372 
279 491 
279 369 
279 109 
279 323 
279 152 
279 131 
279 51 
279 375 
279 473 
279 123 
279 204 
279 436 
279 52 
279 92 
279 111 
279 446 
279 333 
279 377 
279 113 
279 378 
279 455 
279 139 
279 97 
279 182 
279 232 
279 430 
279 198 
279 166 
279 409 
279 339 
279 205 
279 142 
279 345 
279 96 
279 79 
279 265 
279 310 
279 475 
279 14 
279 389 
279 476 
279 332 
279 112 
279 353 
279 313 
279 356 
279 110 
279 441 
279 312 
279 74 
279 255 
279 41 
279 478 
279 81 
279 497 
279 319 
279 331 
279 219 
279 503 
279 252 
279 289 
279 298 
279 134 
279 28 
279 510 
279 32 
279 359 
279 395 
279 158 
279 394 
279 118 
279 160 
279 137 
279 75 
279 5 
279 481 
279 251 
280 311 
280 435 
280 316 
280 140 
280 348 
280 261 
280 343 
280 95 
280 318 
280 28 
280 479 
280 358 
280 303 
280 457 
280 278 
280 53 
280 27 
280 389 
280 242 
280 392 
280 441 
280 148 
280 314 
280 157 
280 92 
280 395 
280 82 
280 309 
280 36 
280 315 
280 473 
280 149 
280 463 
280 257 
280 336 
280 356 
280 236 
280 470 
280 224 
280 179 
280 15 
280 138 
280 289 
280 247 
280 444 
280 10 
280 454 
280 58 
280 3 
280 40 
280 350 
280 281 
280 510 
280 317 
280 46 
280 297 
280 98 
280 397 
280 219 
280 271 
280 45 
280 383 
280 16 
280 64 
280 155 
280 196 
280 153 
280 131 
280 100 
280 382 
280 285 
280 448 
280 94 
280 67 
280 241 
280 334 
280 489 
280 373 
280 502 
280 77 
280 490 
280 270 
280 50 
280 170 
280 254 
280 99 
280 213 
280 327 
280 429 
280 433 
280 477 
280 223 
280 434 
280 134 
280 234 
280 322 
280 414 
280 363 
280 273 
280 390 
280 359 
280 333 
280 124 
280 466 
280 480 
280 97 
280 370 
280 503 
280 60 
280 113 
280 14 
280 141 
280 262 
280 483 
280 189 
280 293 
280 255 
280 506 
280 330 
280 437 
280 469 
280 347 
280 258 
280 235 
280 301 
280 63 
280 132 
280 220 
280 37 
280 361 
280 108 
280 83 
280 85 
280 116 
280 183 
280 165 
280 84 
280 296 
280 478 
280 387 
280 494 
280 394 
281 416 
281 18 
281 179 
281 270 
281 423 
281 287 
281 265 
281 139 
281 355 
281 292 
281 361 
281 243 
281 396 
281 463 
281 106 
281 493 
281 486 
281 430 
281 126 
281 323 
281 238 
281 19 
281 476 
281 71 
281 504 
281 440 
281 67 
281 320 
281 166 
281 232 
281 455 
281 1 
281 362 
281 198 
281 458 
281 81 
281 171 
281 143 
281 385 
281 256 
281 387 
281 356 
281 240 
281 134 
281 31 
281 335 
281 49 
281 17 
281 153 
281 55 
281 442 
281 496 
281 154 
281 203 
281 113 
281 83 
281 472 
281 132 
281 368 
281 501 
281 271 
281 344 
281 27 
281 363 
281 8 
281 280 
281 45 
281 464 
281 110 
281 263 
281 34 
281 147 
281 14 
281 345 
281 420 
281 158 
281 194 
281 144 
281 190 
281 380 
281 156 
281 250 
281 310 
281 357 
281 108 
281 197 
281 218 
281 102 
281 422 
281 176 
281 100 
281 374 
281 273 
281 90 
281 246 
281 50 
281 58 
281 364 
281 467 
281 266 
281 38 
281 332 
281 338 
281 398 
281 140 
281 298 
281 30 
281 215 
281 5 
281 92 
281 44 
281 351 
281 333 
281 329 
281 40 
281 187 
281 164 
281 483 
281 142 
281 188 
281 469 
281 447 
281 360 
281 393 
281 465 
281 384 
281 507 
281 307 
281 424 
281 492 
281 200 
281 211 
281 141 
281 480 
281 159 
281 136 
281 354 
281 255 
281 105 
281 259 
281 334 
281 245 
281 353 
281 152 
281 148 
281 324 
281 312 
281 96 
281 306 
281 175 
281 510 
281 185 
281 383 
281 111 
281 468 
281 63 
281 445 
281 66 
281 253 
282 336 
282 230 
282 153 
282 416 
282 186 
282 435 
282 234 
282 288 
282 17 
282 430 
282 111 
282 385 
282 215 
282 337 
282 513 
282 29 
282 485 
282 50 
282 399 
282 400 
282 82 
282 249 
282 263 
282 83 
282 322 
282 172 
282 441 
282 500 
282 149 
282 242 
282 33 
282 369 
282 170 
282 440 
282 410 
282 51 
282 300 
282 35 
282 70 
282 65 
282 445 
282 79 
282 75 
282 68 
282 452 
282 323 
282 414 
282 392 
282 41 
282 409 
282 32 
282 483 
282 341 
282 482 
282 333 
282 100 
282 332 
282 292 
282 293 
282 442 
282 317 
282 198 
282 8 
282 417 
282 161 
282 319 
282 3 
282 139 
282 289 
282 285 
282 310 
282 351 
282 150 
282 237 
282 347 
282 159 
282 404 
282 58 
282 193 
282 188 
282 143 
282 86 
282 413 
282 206 
282 232 
282 316 
282 49 
282 52 
282 181 
282 364 
282 431 
282 481 
282 77 
282 229 
282 262 
282 406 
282 71 
282 342 
282 361 
282 64 
282 303 
282 297 
282 5 
282 151 
282 326 
282 367 
282 320 
282 84 
282 407 
282 365 
282 395 
282 494 
282 190 
282 56 
282 472 
282 315 
282 386 
282 114 
282 67 
282 444 
282 227 
282 266 
282 346 
282 88 
282 2 
282 125 
282 391 
282 19 
282 199 
282 448 
282 152 
282 402 
282 443 
282 91 
282 477 
282 466 
282 257 
282 42 
282 216 
282 467 
282 264 
282 484 
282 221 
282 127 
282 25 
282 122 
282 115 
282 374 
282 456 
282 338 
282 425 
282 496 
282 141 
282 457 
282 145 
282 102 
282 447 
282 437 
282 427 
283 0 
283 171 
283 478 
283 442 
283 123 
283 251 
283 126 
283 212 
283 405 
283 429 
283 125 
283 376 
283 364 
283 378 
283 101 
283 201 
283 399 
283 435 
283 128 
283 80 
283 321 
283 71 
283 183 
283 121 
283 462 
283 157 
283 455 
283 63 
283 342 
283 327 
283 350 
283 162 
283 436 
283 303 
283 307 
283 41 
283 368 
283 1 
283 100 
283 89 
283 83 
283 174 
283 390 
283 502 
283 191 
283 139 
283 267 
283 507 
283 99 
283 7 
283 146 
283 466 
283 423 
283 77 
283 288 
283 336 
283 185 
283 412 
283 495 
283 54 
283 428 
283 166 
283 314 
283 286 
283 501 
283 410 
283 290 
283 357 
283 46 
283 202 
283 299 
283 360 
283 158 
283 117 
283 411 
283 266 
283 494 
283 305 
283 499 
283 433 
283 108 
283 2 
283 113 
283 474 
283 90 
283 13 
283 263 
283 379 
283 480 
283 107 
283 88 
283 102 
283 418 
283 287 
283 391 
283 302 
283 8 
283 348 
283 349 
283 22 
283 306 
283 244 
283 120 
283 457 
283 332 
283 169 
283 325 
283 32 
283 269 
283 217 
283 140 
283 203 
283 30 
283 52 
283 396 
283 250 
283 40 
283 385 
283 93 
283 16 
283 187 
283 67 
283 386 
283 270 
283 15 
283 253 
283 220 
283 64 
283 397 
283 421 
283 222 
283 221 
283 345 
283 37 
283 487 
283 298 
283 12 
283 114 
283 20 
283 277 
283 11 
283 55 
283 284 
283 425 
283 310 
283 479 
283 35 
283 374 
283 334 
283 361 
283 246 
283 419 
283 309 
283 137 
284 61 
284 397 
284 455 
284 461 
284 250 
284 443 
284 55 
284 125 
284 412 
284 4 
284 431 
284 395 
284 321 
284 478 
284 78 
284 404 
284 405 
284 477 
284 505 
284 334 
284 130 
284 68 
284 177 
284 58 
284 63 
284 383 
284 340 
284 23 
284 469 
284 296 
284 79 
284 308 
284 457 
284 195 
284 466 
284 201 
284 69 
284 486 
284 106 
284 210 
284 133 
284 182 
284 438 
284 476 
284 161 
284 13 
284 447 
284 19 
284 128 
284 179 
284 226 
284 512 
284 199 
284 341 
284 215 
284 393 
284 96 
284 345 
284 134 
284 51 
284 135 
284 209 
284 22 
284 251 
284 152 
284 224 
284 360 
284 482 
284 391 
284 146 
284 448 
284 143 
284 45 
284 87 
284 236 
284 398 
284 31 
284 491 
284 46 
284 318 
284 206 
284 490 
284 357 
284 352 
284 289 
284 319 
284 140 
284 336 
284 511 
284 256 
284 26 
284 36 
284 222 
284 192 
284 252 
284 228 
284 424 
284 101 
284 428 
284 162 
284 42 
284 510 
284 41 
284 38 
284 171 
284 56 
284 176 
284 492 
284 231 
284 406 
284 302 
284 237 
284 427 
284 354 
284 384 
284 342 
284 434 
284 183 
284 208 
284 348 
284 98 
284 14 
284 197 
284 93 
284 20 
284 232 
284 212 
284 154 
284 3 
284 344 
284 316 
284 97 
284 418 
284 50 
284 223 
284 122 
284 456 
284 387 
284 425 
284 190 
284 249 
284 39 
284 238 
284 254 
284 283 
284 185 
284 40 
284 484 
284 454 
284 380 
284 243 
284 400 
284 449 
284 437 
285 503 
285 456 
285 178 
285 471 
285 142 
285 298 
285 116 
285 364 
285 412 
285 338 
285 101 
285 17 
285 62 
285 482 
285 172 
285 38 
285 114 
285 389 
285 52 
285 180 
285 417 
285 415 
285 54 
285 307 
285 443 
285 144 
285 440 
285 257 
285 422 
285 15 
285 65 
285 386 
285 321 
285 324 
285 163 
285 278 
285 145 
285 290 
285 511 
285 222 
285 410 
285 43 
285 336 
285 24 
285 390 
285 405 
285 123 
285 77 
285 61 
285 337 
285 293 
285 104 
285 442 
285 450 
285 233 
285 113 
285 131 
285 231 
285 282 
285 427 
285 391 
285 368 
285 274 
285 434 
285 184 
285 156 
285 280 
285 224 
285 466 
285 72 
285 498 
285 169 
285 188 
285 393 
285 239 
285 34 
285 90 
285 462 
285 433 
285 63 
285 441 
285 140 
285 164 
285 133 
285 486 
285 115 
285 273 
285 82 
285 9 
285 399 
285 261 
285 20 
285 332 
285 202 
285 308 
285 426 
285 423 
285 87 
285 499 
285 71 
285 479 
285 75 
285 322 
285 254 
285 247 
285 377 
285 392 
285 500 
285 194 
285 491 
285 270 
285 51 
285 245 
285 195 
285 344 
285 484 
285 348 
285 106 
285 375 
285 355 
285 252 
285 408 
285 292 
285 205 
285 153 
285 419 
285 179 
285 275 
285 23 
285 186 
285 16 
285 47 
285 349 
285 496 
285 154 
285 467 
285 258 
286 459 
286 341 
286 384 
286 474 
286 353 
286 48 
286 465 
286 349 
286 17 
286 311 
286 69 
286 237 
286 263 
286 126 
286 309 
286 422 
286 252 
286 350 
286 222 
286 105 
286 300 
286 440 
286 59 
286 134 
286 493 
286 511 
286 321 
286 297 
286 416 
286 146 
286 426 
286 99 
286 326 
286 89 
286 68 
286 204 
286 215 
286 485 
286 97 
286 34 
286 276 
286 239 
286 268 
286 258 
286 401 
286 369 
286 419 
286 98 
286 115 
286 165 
286 93 
286 152 
286 43 
286 188 
286 510 
286 301 
286 478 
286 226 
286 111 
286 325 
286 407 
286 187 
286 83 
286 125 
286 302 
286 178 
286 32 
286 283 
286 490 
286 137 
286 139 
286 28 
286 174 
286 513 
286 247 
286 108 
286 138 
286 435 
286 127 
286 236 
286 324 
286 35 
286 335 
286 373 
286 421 
286 100 
286 396 
286 76 
286 240 
286 2 
286 3 
286 84 
286 340 
286 275 
286 402 
286 307 
286 221 
286 295 
286 414 
286 159 
286 466 
286 296 
286 452 
286 432 
286 62 
286 24 
286 410 
286 196 
286 243 
286 251 
286 216 
286 154 
286 479 
286 102 
286 182 
286 181 
286 208 
286 21 
286 96 
286 436 
286 318 
286 445 
286 480 
286 230 
286 1 
286 123 
286 347 
286 392 
286 129 
286 61 
286 271 
286 158 
286 351 
286 224 
286 199 
286 229 
286 339 
286 456 
286 495 
286 150 
287 102 
287 155 
287 382 
287 281 
287 52 
287 245 
287 77 
287 99 
287 408 
287 46 
287 458 
287 222 
287 69 
287 493 
287 104 
287 460 
287 49 
287 443 
287 202 
287 496 
287 254 
287 406 
287 2 
287 343 
287 279 
287 12 
287 153 
287 169 
287 347 
287 317 
287 29 
287 302 
287 309 
287 291 
287 35 
287 216 
287 392 
287 194 
287 204 
287 119 
287 480 
287 410 
287 148 
287 20 
287 150 
287 177 
287 359 
287 396 
287 319 
287 249 
287 278 
287 95 
287 17 
287 59 
287 432 
287 103 
287 60 
287 414 
287 0 
287 18 
287 255 
287 74 
287 237 
287 405 
287 338 
287 164 
287 165 
287 415 
287 265 
287 64 
287 357 
287 421 
287 147 
287 23 
287 178 
287 90 
287 465 
287 505 
287 484 
287 322 
287 394 
287 129 
287 80 
287 248 
287 108 
287 244 
287 498 
287 112 
287 154 
287 243 
287 288 
287 24 
287 283 
287 429 
287 156 
287 398 
287 464 
287 438 
287 25 
287 445 
287 479 
287 94 
287 315 
287 158 
287 455 
287 491 
287 4 
287 478 
287 250 
287 208 
287 124 
287 54 
287 144 
287 240 
287 185 
287 212 
287 362 
287 301 
287 477 
287 1 
287 57 
287 172 
287 19 
287 275 
287 277 
287 413 
287 218 
287 180 
287 221 
287 181 
287 92 
287 97 
287 263 
287 171 
287 466 
287 391 
287 304 
287 501 
287 190 
287 182 
287 400 
287 107 
287 475 
287 472 
287 409 
287 508 
287 385 
287 351 
287 336 
287 507 
287 63 
287 416 
287 388 
287 236 
287 267 
287 468 
287 30 
288 190 
288 404 
288 469 
288 259 
288 258 
288 438 
288 98 
288 443 
288 168 
288 222 
288 282 
288 349 
288 50 
288 166 
288 176 
288 422 
288 255 
288 374 
288 397 
288 406 
288 235 
288 384 
288 327 
288 22 
288 112 
288 405 
288 171 
288 511 
288 48 
288 218 
288 296 
288 11 
288 427 
288 232 
288 293 
288 183 
288 215 
288 394 
288 134 
288 299 
288 495 
288 351 
288 261 
288 150 
288 330 
288 263 
288 28 
288 2 
288 226 
288 205 
288 459 
288 68 
288 210 
288 283 
288 395 
288 457 
288 234 
288 449 
288 367 
288 505 
288 202 
288 213 
288 164 
288 89 
288 246 
288 117 
288 325 
288 313 
288 230 
288 212 
288 256 
288 497 
288 57 
288 338 
288 216 
288 162 
288 46 
288 254 
288 88 
288 20 
288 354 
288 196 
288 128 
288 346 
288 157 
288 135 
288 287 
288 201 
288 488 
288 410 
288 115 
288 236 
288 257 
288 96 
288 345 
288 496 
288 49 
288 508 
288 35 
288 59 
288 266 
288 158 
288 42 
288 217 
288 248 
288 136 
288 262 
288 312 
288 110 
288 24 
288 55 
288 9 
288 353 
288 238 
288 478 
288 108 
288 113 
288 440 
288 268 
288 509 
288 119 
288 341 
288 87 
288 408 
288 125 
288 407 
288 163 
288 289 
288 273 
288 93 
288 69 
288 421 
288 366 
288 186 
288 302 
288 33 
288 499 
288 250 
288 492 
288 329 
288 252 
288 386 
288 437 
288 187 
288 301 
288 276 
288 401 
288 175 
288 79 
288 297 
288 375 
288 468 
288 433 
289 53 
289 118 
289 509 
289 84 
289 321 
289 51 
289 123 
289 387 
289 232 
289 481 
289 463 
289 192 
289 224 
289 29 
289 464 
289 492 
289 236 
289 344 
289 360 
289 30 
289 410 
289 432 
289 470 
289 297 
289 404 
289 270 
289 228 
289 252 
289 135 
289 114 
289 179 
289 358 
289 43 
289 88 
289 407 
289 35 
289 166 
289 92 
289 16 
289 52 
289 21 
289 452 
289 479 
289 490 
289 408 
289 473 
289 343 
289 449 
289 363 
289 155 
289 142 
289 48 
289 39 
289 340 
289 327 
289 293 
289 215 
289 17 
289 202 
289 129 
289 280 
289 143 
289 502 
289 372 
289 218 
289 425 
289 234 
289 268 
289 251 
289 274 
289 445 
289 461 
289 132 
289 243 
289 507 
289 282 
289 3 
289 315 
289 444 
289 468 
289 508 
289 235 
289 414 
289 362 
289 436 
289 185 
289 513 
289 284 
289 346 
289 154 
289 183 
289 411 
289 32 
289 158 
289 505 
289 457 
289 134 
289 266 
289 351 
289 456 
289 427 
289 195 
289 392 
289 443 
289 428 
289 430 
289 365 
289 264 
289 201 
289 216 
289 203 
289 342 
289 439 
289 208 
289 366 
289 338 
289 339 
289 247 
289 141 
289 304 
289 310 
289 253 
289 348 
289 163 
289 100 
289 447 
289 451 
289 476 
289 298 
289 131 
289 391 
289 204 
289 288 
289 350 
289 417 
289 367 
289 279 
289 484 
289 58 
289 207 
289 510 
289 330 
289 122 
289 19 
289 260 
289 63 
290 510 
290 73 
290 311 
290 88 
290 261 
290 97 
290 48 
290 512 
290 273 
290 231 
290 362 
290 171 
290 430 
290 12 
290 129 
290 253 
290 244 
290 309 
290 163 
290 437 
290 431 
290 375 
290 293 
290 513 
290 106 
290 476 
290 23 
290 333 
290 401 
290 8 
290 162 
290 496 
290 355 
290 70 
290 218 
290 494 
290 349 
290 387 
290 14 
290 358 
290 54 
290 38 
290 455 
290 340 
290 386 
290 267 
290 359 
290 109 
290 303 
290 367 
290 103 
290 285 
290 101 
290 492 
290 99 
290 151 
290 168 
290 314 
290 108 
290 352 
290 53 
290 283 
290 167 
290 160 
290 130 
290 141 
290 204 
290 396 
290 153 
290 414 
290 394 
290 457 
290 80 
290 1 
290 207 
290 154 
290 209 
290 300 
290 326 
290 397 
290 102 
290 305 
290 400 
290 134 
290 498 
290 128 
290 297 
290 217 
290 277 
290 364 
290 64 
290 90 
290 96 
290 504 
290 479 
290 179 
290 238 
290 229 
290 67 
290 122 
290 222 
290 221 
290 11 
290 470 
290 432 
290 410 
290 339 
290 392 
290 255 
290 274 
290 118 
290 272 
290 2 
290 161 
290 388 
290 144 
290 439 
290 228 
290 473 
290 475 
290 60 
290 146 
290 474 
290 226 
290 446 
290 278 
290 348 
290 227 
290 17 
290 444 
290 427 
290 212 
290 488 
290 206 
290 356 
290 100 
290 342 
290 176 
290 502 
290 84 
290 89 
290 338 
290 418 
290 220 
291 149 
291 83 
291 64 
291 480 
291 422 
291 228 
291 49 
291 209 
291 6 
291 366 
291 475 
291 306 
291 70 
291 101 
291 191 
291 414 
291 84 
291 102 
291 202 
291 508 
291 322 
291 261 
291 324 
291 142 
291 399 
291 359 
291 396 
291 19 
291 42 
291 417 
291 162 
291 287 
291 317 
291 486 
291 377 
291 110 
291 146 
291 66 
291 119 
291 335 
291 130 
291 181 
291 307 
291 243 
291 402 
291 314 
291 388 
291 479 
291 378 
291 412 
291 214 
291 478 
291 386 
291 363 
291 157 
291 109 
291 226 
291 153 
291 325 
291 438 
291 210 
291 256 
291 354 
291 424 
291 71 
291 72 
291 326 
291 229 
291 1 
291 87 
291 77 
291 469 
291 45 
291 79 
291 434 
291 395 
291 407 
291 188 
291 236 
291 310 
291 173 
291 34 
291 337 
291 269 
291 273 
291 390 
291 442 
291 298 
291 28 
291 65 
291 299 
291 251 
291 165 
291 444 
291 485 
291 440 
291 408 
291 309 
291 60 
291 132 
291 27 
291 468 
291 118 
291 381 
291 248 
291 418 
291 470 
291 238 
291 158 
291 124 
291 213 
291 240 
291 379 
291 446 
291 156 
291 107 
291 104 
291 201 
291 212 
291 369 
291 8 
291 458 
291 409 
291 383 
291 46 
291 338 
291 170 
291 491 
291 266 
291 353 
291 319 
291 81 
291 63 
291 231 
291 159 
291 328 
291 368 
291 372 
291 394 
291 463 
291 44 
291 496 
291 143 
291 122 
291 329 
291 323 
291 237 
291 12 
291 443 
291 11 
291 197 
291 166 
291 483 
291 16 
291 61 
291 47 
291 93 
292 314 
292 310 
292 402 
292 79 
292 389 
292 281 
292 325 
292 60 
292 341 
292 318 
292 230 
292 316 
292 107 
292 343 
292 415 
292 44 
292 262 
292 233 
292 383 
292 200 
292 74 
292 308 
292 346 
292 126 
292 453 
292 128 
292 168 
292 368 
292 241 
292 513 
292 510 
292 13 
292 457 
292 334 
292 209 
292 295 
292 151 
292 97 
292 5 
292 260 
292 350 
292 203 
292 348 
292 42 
292 270 
292 90 
292 474 
292 333 
292 228 
292 75 
292 84 
292 132 
292 282 
292 202 
292 373 
292 215 
292 237 
292 414 
292 223 
292 175 
292 95 
292 370 
292 101 
292 500 
292 349 
292 124 
292 153 
292 399 
292 187 
292 486 
292 67 
292 108 
292 353 
292 106 
292 145 
292 143 
292 152 
292 114 
292 256 
292 381 
292 446 
292 508 
292 472 
292 335 
292 358 
292 504 
292 377 
292 20 
292 121 
292 206 
292 401 
292 465 
292 460 
292 218 
292 450 
292 238 
292 434 
292 246 
292 34 
292 427 
292 364 
292 164 
292 480 
292 30 
292 268 
292 167 
292 410 
292 54 
292 156 
292 445 
292 345 
292 296 
292 432 
292 499 
292 342 
292 28 
292 463 
292 498 
292 319 
292 405 
292 32 
292 225 
292 48 
292 285 
292 423 
292 221 
292 77 
292 51 
292 407 
292 198 
292 484 
292 27 
292 315 
292 219 
292 340 
292 449 
292 455 
292 111 
292 299 
292 92 
292 338 
292 63 
292 136 
292 173 
292 7 
292 395 
292 259 
292 154 
292 476 
293 53 
293 349 
293 466 
293 494 
293 269 
293 397 
293 200 
293 1 
293 489 
293 499 
293 193 
293 100 
293 308 
293 122 
293 204 
293 126 
293 176 
293 355 
293 219 
293 36 
293 378 
293 290 
293 406 
293 490 
293 303 
293 149 
293 254 
293 139 
293 215 
293 29 
293 491 
293 383 
293 426 
293 20 
293 234 
293 288 
293 297 
293 464 
293 116 
293 24 
293 181 
293 274 
293 104 
293 156 
293 429 
293 289 
293 446 
293 256 
293 30 
293 207 
293 98 
293 356 
293 81 
293 282 
293 399 
293 158 
293 235 
293 296 
293 285 
293 134 
293 450 
293 392 
293 255 
293 351 
293 129 
293 138 
293 295 
293 411 
293 167 
293 463 
293 96 
293 220 
293 223 
293 483 
293 228 
293 412 
293 367 
293 28 
293 344 
293 79 
293 44 
293 385 
293 301 
293 496 
293 509 
293 247 
293 226 
293 178 
293 358 
293 222 
293 376 
293 127 
293 137 
293 307 
293 33 
293 144 
293 422 
293 382 
293 227 
293 362 
293 213 
293 164 
293 221 
293 108 
293 245 
293 39 
293 317 
293 259 
293 85 
293 363 
293 262 
293 401 
293 184 
293 354 
293 345 
293 35 
293 229 
293 106 
293 58 
293 22 
293 166 
293 63 
293 361 
293 50 
293 110 
293 428 
293 148 
293 280 
293 206 
293 398 
293 2 
293 73 
293 424 
293 238 
293 506 
293 405 
293 380 
293 267 
293 263 
293 123 
293 60 
293 451 
293 338 
293 416 
293 244 
293 455 
293 409 
293 211 
293 180 
293 231 
293 94 
293 142 
293 347 
294 33 
294 59 
294 171 
294 476 
294 360 
294 439 
294 115 
294 464 
294 330 
294 461 
294 363 
294 352 
294 65 
294 167 
294 220 
294 245 
294 83 
294 155 
294 120 
294 157 
294 507 
294 63 
294 447 
294 504 
294 122 
294 208 
294 105 
294 201 
294 22 
294 23 
294 219 
294 160 
294 43 
294 218 
294 253 
294 455 
294 1 
294 252 
294 386 
294 14 
294 340 
294 332 
294 387 
294 54 
294 0 
294 206 
294 496 
294 42 
294 500 
294 484 
294 393 
294 383 
294 81 
294 153 
294 433 
294 273 
294 316 
294 166 
294 126 
294 404 
294 315 
294 138 
294 192 
294 183 
294 301 
294 186 
294 389 
294 213 
294 338 
294 230 
294 318 
294 308 
294 307 
294 306 
294 462 
294 326 
294 329 
294 48 
294 221 
294 403 
294 265 
294 441 
294 349 
294 347 
294 144 
294 243 
294 432 
294 458 
294 129 
294 428 
294 295 
294 355 
294 375 
294 87 
294 384 
294 311 
294 420 
294 396 
294 78 
294 255 
294 258 
294 448 
294 124 
294 94 
294 344 
294 215 
294 411 
294 416 
294 173 
294 309 
294 184 
294 413 
294 335 
294 36 
294 104 
294 366 
294 368 
294 8 
294 141 
294 443 
294 385 
294 429 
294 471 
294 268 
294 479 
294 136 
294 35 
294 149 
294 339 
294 139 
294 21 
294 40 
294 444 
294 492 
294 29 
294 234 
294 380 
294 58 
294 30 
294 142 
294 372 
294 235 
294 117 
294 64 
294 409 
294 209 
294 130 
294 71 
294 371 
294 485 
295 144 
295 336 
295 478 
295 148 
295 491 
295 245 
295 307 
295 354 
295 335 
295 369 
295 215 
295 194 
295 169 
295 146 
295 90 
295 333 
295 382 
295 361 
295 447 
295 482 
295 44 
295 352 
295 13 
295 9 
295 162 
295 240 
295 1 
295 199 
295 2 
295 254 
295 255 
295 127 
295 63 
295 388 
295 292 
295 140 
295 201 
295 193 
295 248 
295 163 
295 52 
295 416 
295 485 
295 493 
295 395 
295 513 
295 362 
295 241 
295 409 
295 187 
295 26 
295 103 
295 450 
295 8 
295 309 
295 483 
295 353 
295 51 
295 293 
295 470 
295 489 
295 445 
295 372 
295 414 
295 325 
295 70 
295 376 
295 76 
295 426 
295 118 
295 316 
295 509 
295 322 
295 176 
295 294 
295 378 
295 27 
295 66 
295 69 
295 402 
295 276 
295 115 
295 84 
295 83 
295 177 
295 158 
295 425 
295 406 
295 330 
295 157 
295 329 
295 480 
295 18 
295 253 
295 486 
295 275 
295 359 
295 408 
295 30 
295 126 
295 123 
295 464 
295 286 
295 167 
295 179 
295 50 
295 385 
295 237 
295 38 
295 427 
295 381 
295 261 
295 444 
295 320 
295 380 
295 114 
295 174 
295 460 
295 202 
295 510 
295 495 
295 229 
295 40 
295 404 
295 203 
295 419 
295 429 
295 461 
295 465 
295 266 
295 43 
295 313 
295 351 
295 217 
295 191 
295 223 
295 145 
295 256 
295 228 
295 263 
295 32 
295 124 
295 23 
295 377 
295 73 
295 368 
296 300 
296 381 
296 432 
296 233 
296 221 
296 474 
296 507 
296 389 
296 210 
296 119 
296 224 
296 104 
296 123 
296 475 
296 477 
296 241 
296 261 
296 484 
296 259 
296 110 
296 503 
296 44 
296 403 
296 33 
296 131 
296 494 
296 339 
296 160 
296 288 
296 240 
296 284 
296 59 
296 238 
296 171 
296 267 
296 245 
296 147 
296 397 
296 227 
296 117 
296 141 
296 409 
296 37 
296 68 
296 47 
296 228 
296 174 
296 43 
296 26 
296 324 
296 340 
296 344 
296 10 
296 184 
296 5 
296 195 
296 88 
296 138 
296 4 
296 28 
296 148 
296 275 
296 251 
296 248 
296 293 
296 19 
296 255 
296 30 
296 65 
296 180 
296 35 
296 69 
296 411 
296 326 
296 230 
296 216 
296 369 
296 299 
296 102 
296 444 
296 360 
296 252 
296 236 
296 457 
296 70 
296 263 
296 317 
296 209 
296 194 
296 163 
296 461 
296 211 
296 319 
296 415 
296 161 
296 25 
296 445 
296 401 
296 188 
296 234 
296 62 
296 400 
296 181 
296 149 
296 172 
296 165 
296 309 
296 121 
296 115 
296 345 
296 122 
296 418 
296 495 
296 55 
296 455 
296 372 
296 286 
296 399 
296 462 
296 413 
296 9 
296 112 
296 511 
296 207 
296 162 
296 214 
296 488 
296 471 
296 39 
296 31 
296 292 
296 92 
296 424 
296 510 
296 52 
296 313 
296 451 
296 135 
296 273 
296 249 
296 349 
296 502 
296 226 
296 483 
296 280 
296 427 
296 130 
296 60 
296 182 
296 247 
296 74 
297 349 
297 68 
297 46 
297 101 
297 169 
297 459 
297 380 
297 230 
297 202 
297 199 
297 67 
297 89 
297 356 
297 113 
297 55 
297 374 
297 117 
297 193 
297 91 
297 289 
297 45 
297 441 
297 418 
297 286 
297 494 
297 341 
297 133 
297 439 
297 344 
297 43 
297 455 
297 190 
297 240 
297 272 
297 507 
297 348 
297 420 
297 77 
297 293 
297 397 
297 143 
297 491 
297 310 
297 216 
297 422 
297 263 
297 337 
297 176 
297 114 
297 139 
297 187 
297 495 
297 167 
297 384 
297 364 
297 430 
297 207 
297 305 
297 165 
297 251 
297 280 
297 200 
297 2 
297 477 
297 373 
297 319 
297 134 
297 254 
297 158 
297 93 
297 309 
297 198 
297 278 
297 428 
297 316 
297 41 
297 15 
297 85 
297 7 
297 331 
297 28 
297 239 
297 375 
297 1 
297 153 
297 425 
297 218 
297 339 
297 189 
297 156 
297 421 
297 62 
297 493 
297 70 
297 290 
297 379 
297 175 
297 454 
297 192 
297 476 
297 148 
297 365 
297 510 
297 274 
297 54 
297 346 
297 301 
297 271 
297 234 
297 94 
297 255 
297 59 
297 112 
297 18 
297 460 
297 215 
297 221 
297 282 
297 419 
297 171 
297 87 
297 19 
297 258 
297 330 
297 109 
297 159 
297 468 
297 219 
297 469 
297 197 
297 320 
297 246 
297 267 
297 150 
297 135 
297 65 
297 97 
297 250 
297 116 
297 437 
297 483 
297 180 
297 496 
297 195 
297 76 
297 60 
297 157 
297 512 
297 478 
297 174 
297 350 
297 127 
297 154 
297 212 
297 108 
297 357 
297 366 
297 438 
297 264 
297 288 
298 318 
298 446 
298 203 
298 277 
298 227 
298 230 
298 500 
298 285 
298 101 
298 243 
298 152 
298 247 
298 315 
298 54 
298 482 
298 233 
298 15 
298 39 
298 146 
298 441 
298 95 
298 134 
298 272 
298 512 
298 363 
298 238 
298 42 
298 172 
298 458 
298 2 
298 232 
298 407 
298 110 
298 132 
298 383 
298 376 
298 351 
298 414 
298 436 
298 46 
298 330 
298 369 
298 29 
298 367 
298 300 
298 359 
298 320 
298 68 
298 37 
298 437 
298 9 
298 74 
298 275 
298 454 
298 451 
298 316 
298 406 
298 123 
298 91 
298 43 
298 261 
298 129 
298 212 
298 328 
298 211 
298 433 
298 484 
298 338 
298 77 
298 371 
298 313 
298 435 
298 465 
298 182 
298 161 
298 332 
298 45 
298 499 
298 38 
298 108 
298 485 
298 21 
298 155 
298 291 
298 511 
298 322 
298 144 
298 7 
298 327 
298 71 
298 210 
298 219 
298 281 
298 508 
298 347 
298 365 
298 404 
298 480 
298 311 
298 324 
298 356 
298 162 
298 344 
298 197 
298 160 
298 103 
298 329 
298 308 
298 364 
298 402 
298 424 
298 384 
298 309 
298 245 
298 65 
298 382 
298 289 
298 107 
298 80 
298 120 
298 497 
298 32 
298 207 
298 139 
298 241 
298 456 
298 52 
298 216 
298 187 
298 283 
298 57 
298 399 
298 264 
298 426 
298 3 
298 141 
298 340 
298 209 
298 438 
298 242 
298 27 
298 501 
298 125 
298 279 
298 253 
298 174 
298 443 
298 148 
298 474 
298 199 
298 302 
298 452 
298 303 
299 422 
299 414 
299 330 
299 419 
299 122 
299 442 
299 113 
299 26 
299 209 
299 154 
299 337 
299 269 
299 356 
299 179 
299 31 
299 312 
299 457 
299 318 
299 96 
299 82 
299 403 
299 458 
299 24 
299 6 
299 178 
299 446 
299 53 
299 132 
299 3 
299 420 
299 245 
299 355 
299 385 
299 288 
299 55 
299 272 
299 43 
299 237 
299 119 
299 160 
299 468 
299 255 
299 45 
299 199 
299 4 
299 124 
299 19 
299 1 
299 127 
299 258 
299 375 
299 250 
299 472 
299 97 
299 379 
299 118 
299 16 
299 253 
299 104 
299 129 
299 463 
299 167 
299 30 
299 225 
299 249 
299 265 
299 39 
299 283 
299 185 
299 145 
299 307 
299 363 
299 296 
299 230 
299 211 
299 485 
299 334 
299 205 
299 369 
299 166 
299 40 
299 81 
299 252 
299 8 
299 305 
299 364 
299 94 
299 291 
299 444 
299 157 
299 274 
299 239 
299 502 
299 184 
299 436 
299 342 
299 229 
299 107 
299 202 
299 309 
299 481 
299 456 
299 116 
299 410 
299 215 
299 441 
299 2 
299 435 
299 350 
299 323 
299 51 
299 311 
299 316 
299 193 
299 260 
299 133 
299 38 
299 71 
299 389 
299 501 
299 139 
299 431 
299 432 
299 191 
299 338 
299 448 
299 362 
299 241 
299 393 
299 218 
299 243 
299 141 
299 108 
299 175 
299 306 
299 161 
299 426 
299 87 
299 77 
299 147 
299 488 
299 85 
299 68 
299 466 
299 131 
299 117 
299 505 
299 79 
299 396 
299 479 
299 443 
299 247 
299 408 
299 292 
299 358 
299 380 
299 387 
299 21 
299 510 
299 111 
299 276 
299 201 
300 296 
300 357 
300 190 
300 181 
300 373 
300 505 
300 366 
300 458 
300 467 
300 501 
300 201 
300 125 
300 308 
300 46 
300 286 
300 41 
300 31 
300 123 
300 6 
300 209 
300 345 
300 422 
300 469 
300 35 
300 259 
300 449 
300 168 
300 319 
300 85 
300 405 
300 328 
300 386 
300 253 
300 401 
300 113 
300 440 
300 215 
300 367 
300 263 
300 282 
300 47 
300 393 
300 486 
300 473 
300 445 
300 48 
300 451 
300 109 
300 80 
300 71 
300 210 
300 260 
300 222 
300 298 
300 49 
300 5 
300 320 
300 485 
300 484 
300 207 
300 216 
300 480 
300 441 
300 73 
300 358 
300 410 
300 309 
300 55 
300 407 
300 413 
300 327 
300 204 
300 97 
300 184 
300 142 
300 119 
300 306 
300 290 
300 145 
300 29 
300 83 
300 250 
300 379 
300 167 
300 67 
300 503 
300 62 
300 185 
300 245 
300 321 
300 448 
300 7 
300 417 
300 33 
300 195 
300 18 
300 68 
300 395 
300 175 
300 143 
300 361 
300 88 
300 233 
300 411 
300 111 
300 174 
300 131 
300 494 
300 140 
300 403 
300 453 
300 159 
300 239 
300 124 
300 483 
300 246 
300 500 
300 277 
300 322 
300 156 
300 235 
300 481 
300 127 
300 352 
300 348 
300 228 
300 332 
300 30 
300 355 
300 472 
300 20 
300 335 
300 334 
300 506 
300 212 
300 430 
300 261 
300 364 
300 398 
300 399 
300 19 
300 315 
300 64 
300 502 
301 513 
301 433 
301 306 
301 511 
301 52 
301 503 
301 328 
301 448 
301 375 
301 85 
301 432 
301 305 
301 150 
301 134 
301 446 
301 25 
301 352 
301 339 
301 148 
301 400 
301 427 
301 234 
301 351 
301 216 
301 121 
301 397 
301 483 
301 259 
301 350 
301 347 
301 402 
301 201 
301 451 
301 191 
301 460 
301 74 
301 386 
301 117 
301 279 
301 417 
301 286 
301 359 
301 373 
301 45 
301 156 
301 222 
301 416 
301 255 
301 33 
301 294 
301 46 
301 142 
301 195 
301 309 
301 157 
301 408 
301 278 
301 28 
301 322 
301 457 
301 64 
301 235 
301 211 
301 170 
301 371 
301 122 
301 293 
301 9 
301 439 
301 178 
301 209 
301 459 
301 474 
301 447 
301 453 
301 247 
301 71 
301 220 
301 354 
301 135 
301 20 
301 93 
301 214 
301 492 
301 268 
301 297 
301 245 
301 187 
301 276 
301 184 
301 123 
301 241 
301 358 
301 237 
301 404 
301 37 
301 384 
301 321 
301 106 
301 230 
301 125 
301 441 
301 414 
301 112 
301 248 
301 39 
301 287 
301 266 
301 24 
301 139 
301 196 
301 177 
301 92 
301 88 
301 1 
301 42 
301 367 
301 22 
301 368 
301 162 
301 493 
301 272 
301 280 
301 47 
301 477 
301 223 
301 450 
301 119 
301 29 
301 420 
301 463 
301 21 
301 391 
301 208 
301 3 
301 205 
301 145 
301 336 
301 342 
301 288 
301 194 
302 304 
302 357 
302 321 
302 436 
302 185 
302 115 
302 326 
302 79 
302 446 
302 317 
302 161 
302 428 
302 73 
302 110 
302 489 
302 62 
302 97 
302 25 
302 8 
302 172 
302 412 
302 376 
302 377 
302 427 
302 109 
302 81 
302 130 
302 414 
302 142 
302 337 
302 379 
302 40 
302 267 
302 287 
302 105 
302 1 
302 87 
302 332 
302 163 
302 348 
302 198 
302 421 
302 50 
302 278 
302 420 
302 230 
302 488 
302 190 
302 339 
302 470 
302 476 
302 241 
302 205 
302 245 
302 189 
302 169 
302 129 
302 264 
302 286 
302 464 
302 365 
302 9 
302 456 
302 419 
302 373 
302 306 
302 44 
302 32 
302 220 
302 406 
302 64 
302 367 
302 60 
302 268 
302 392 
302 400 
302 178 
302 274 
302 240 
302 227 
302 417 
302 108 
302 59 
302 20 
302 160 
302 85 
302 462 
302 149 
302 269 
302 430 
302 283 
302 310 
302 104 
302 487 
302 328 
302 180 
302 94 
302 221 
302 95 
302 253 
302 480 
302 153 
302 399 
302 28 
302 200 
302 107 
302 513 
302 389 
302 179 
302 204 
302 260 
302 88 
302 284 
302 31 
302 11 
302 402 
302 483 
302 67 
302 461 
302 90 
302 75 
302 501 
302 320 
302 156 
302 14 
302 497 
302 378 
302 214 
302 6 
302 288 
302 193 
302 176 
302 450 
302 403 
302 425 
302 125 
302 215 
302 452 
302 298 
302 22 
302 485 
302 272 
303 211 
303 165 
303 116 
303 174 
303 36 
303 139 
303 170 
303 489 
303 162 
303 60 
303 50 
303 280 
303 187 
303 450 
303 192 
303 260 
303 190 
303 99 
303 293 
303 61 
303 436 
303 447 
303 467 
303 34 
303 110 
303 274 
303 415 
303 134 
303 283 
303 443 
303 393 
303 16 
303 424 
303 355 
303 257 
303 360 
303 405 
303 205 
303 196 
303 421 
303 290 
303 225 
303 209 
303 464 
303 320 
303 6 
303 168 
303 426 
303 367 
303 253 
303 38 
303 442 
303 105 
303 234 
303 198 
303 397 
303 41 
303 461 
303 346 
303 138 
303 218 
303 404 
303 487 
303 506 
303 107 
303 70 
303 401 
303 505 
303 420 
303 418 
303 229 
303 238 
303 310 
303 462 
303 148 
303 262 
303 151 
303 4 
303 366 
303 245 
303 27 
303 359 
303 460 
303 208 
303 258 
303 435 
303 428 
303 452 
303 15 
303 21 
303 31 
303 513 
303 169 
303 342 
303 455 
303 25 
303 472 
303 471 
303 247 
303 88 
303 250 
303 115 
303 457 
303 341 
303 351 
303 214 
303 314 
303 282 
303 256 
303 363 
303 463 
303 490 
303 412 
303 54 
303 388 
303 180 
303 330 
303 175 
303 377 
303 340 
303 204 
303 74 
303 157 
303 249 
303 3 
303 251 
303 406 
303 167 
303 147 
303 353 
303 111 
303 378 
303 17 
303 376 
303 504 
303 345 
303 171 
303 244 
303 451 
303 52 
303 503 
303 241 
303 182 
303 104 
303 109 
303 47 
303 271 
303 492 
303 423 
303 33 
303 206 
303 202 
303 313 
303 319 
303 343 
303 408 
303 329 
303 298 
304 211 
304 302 
304 93 
304 438 
304 386 
304 115 
304 109 
304 23 
304 412 
304 511 
304 94 
304 509 
304 275 
304 318 
304 169 
304 79 
304 112 
304 120 
304 5 
304 247 
304 255 
304 383 
304 264 
304 471 
304 122 
304 468 
304 374 
304 238 
304 448 
304 498 
304 38 
304 185 
304 432 
304 195 
304 75 
304 173 
304 362 
304 444 
304 350 
304 180 
304 236 
304 312 
304 90 
304 496 
304 233 
304 322 
304 422 
304 368 
304 268 
304 326 
304 131 
304 478 
304 254 
304 476 
304 321 
304 406 
304 325 
304 251 
304 420 
304 434 
304 186 
304 129 
304 140 
304 99 
304 18 
304 445 
304 164 
304 404 
304 7 
304 331 
304 375 
304 435 
304 125 
304 206 
304 387 
304 56 
304 373 
304 436 
304 96 
304 128 
304 46 
304 156 
304 271 
304 245 
304 37 
304 49 
304 11 
304 501 
304 50 
304 81 
304 451 
304 313 
304 398 
304 24 
304 246 
304 210 
304 51 
304 399 
304 65 
304 200 
304 384 
304 30 
304 95 
304 489 
304 88 
304 459 
304 462 
304 101 
304 366 
304 267 
304 363 
304 181 
304 17 
304 308 
304 276 
304 378 
304 343 
304 138 
304 385 
304 423 
304 339 
304 446 
304 145 
304 47 
304 289 
304 455 
304 456 
304 305 
304 485 
304 249 
304 103 
304 367 
304 402 
304 405 
304 8 
304 441 
304 348 
304 433 
304 66 
304 111 
304 477 
304 57 
304 416 
304 452 
304 72 
304 277 
304 168 
304 240 
304 257 
304 241 
304 189 
304 266 
304 307 
304 469 
304 287 
304 154 
304 512 
304 73 
304 214 
304 179 
304 194 
304 148 
304 161 
304 403 
304 470 
304 15 
304 69 
304 344 
304 35 
304 460 
304 143 
305 75 
305 263 
305 389 
305 74 
305 417 
305 330 
305 485 
305 194 
305 229 
305 59 
305 169 
305 277 
305 301 
305 31 
305 170 
305 481 
305 254 
305 382 
305 39 
305 309 
305 506 
305 464 
305 202 
305 44 
305 91 
305 159 
305 236 
305 369 
305 90 
305 388 
305 17 
305 185 
305 437 
305 316 
305 374 
305 1 
305 326 
305 79 
305 102 
305 509 
305 118 
305 177 
305 508 
305 278 
305 387 
305 477 
305 130 
305 5 
305 398 
305 420 
305 393 
305 238 
305 433 
305 171 
305 297 
305 422 
305 380 
305 172 
305 391 
305 273 
305 107 
305 47 
305 496 
305 368 
305 4 
305 36 
305 116 
305 48 
305 395 
305 178 
305 283 
305 174 
305 62 
305 211 
305 499 
305 469 
305 345 
305 207 
305 125 
305 480 
305 264 
305 495 
305 401 
305 471 
305 484 
305 299 
305 439 
305 30 
305 267 
305 290 
305 490 
305 81 
305 111 
305 71 
305 351 
305 367 
305 147 
305 38 
305 234 
305 60 
305 6 
305 162 
305 86 
305 10 
305 97 
305 353 
305 436 
305 66 
305 268 
305 120 
305 397 
305 246 
305 399 
305 225 
305 64 
305 226 
305 365 
305 512 
305 15 
305 371 
305 304 
305 418 
305 261 
305 166 
305 312 
305 402 
305 310 
305 450 
305 461 
305 245 
305 37 
305 359 
305 274 
305 352 
305 67 
305 24 
305 275 
305 77 
305 498 
305 355 
305 220 
305 12 
305 243 
305 213 
305 255 
305 510 
305 206 
305 338 
305 9 
305 494 
305 70 
305 101 
305 158 
305 456 
306 396 
306 260 
306 301 
306 139 
306 66 
306 27 
306 500 
306 111 
306 168 
306 381 
306 421 
306 355 
306 313 
306 238 
306 291 
306 503 
306 318 
306 32 
306 96 
306 496 
306 350 
306 232 
306 169 
306 278 
306 333 
306 129 
306 11 
306 177 
306 501 
306 191 
306 44 
306 38 
306 51 
306 42 
306 265 
306 173 
306 387 
306 393 
306 138 
306 358 
306 202 
306 208 
306 490 
306 144 
306 174 
306 151 
306 216 
306 214 
306 438 
306 478 
306 204 
306 101 
306 224 
306 340 
306 384 
306 467 
306 125 
306 6 
306 43 
306 78 
306 294 
306 363 
306 436 
306 346 
306 302 
306 45 
306 495 
306 163 
306 12 
306 466 
306 201 
306 105 
306 441 
306 300 
306 362 
306 410 
306 190 
306 92 
306 415 
306 99 
306 338 
306 409 
306 425 
306 166 
306 136 
306 395 
306 172 
306 268 
306 491 
306 146 
306 33 
306 134 
306 118 
306 77 
306 25 
306 254 
306 283 
306 506 
306 402 
306 463 
306 149 
306 368 
306 74 
306 213 
306 80 
306 385 
306 325 
306 180 
306 328 
306 252 
306 71 
306 231 
306 58 
306 147 
306 56 
306 498 
306 483 
306 469 
306 412 
306 417 
306 266 
306 398 
306 4 
306 471 
306 356 
306 299 
306 40 
306 391 
306 379 
306 394 
306 245 
306 456 
306 497 
306 16 
306 462 
306 459 
306 281 
306 275 
306 184 
306 9 
306 156 
306 131 
306 117 
306 400 
306 29 
306 472 
306 69 
306 132 
306 176 
306 324 
306 508 
306 68 
306 360 
307 193 
307 320 
307 172 
307 163 
307 491 
307 406 
307 31 
307 42 
307 342 
307 492 
307 259 
307 362 
307 295 
307 465 
307 356 
307 196 
307 29 
307 431 
307 75 
307 86 
307 151 
307 390 
307 278 
307 208 
307 371 
307 154 
307 331 
307 61 
307 263 
307 402 
307 463 
307 145 
307 103 
307 363 
307 476 
307 472 
307 283 
307 285 
307 464 
307 182 
307 32 
307 291 
307 185 
307 430 
307 337 
307 132 
307 436 
307 149 
307 488 
307 388 
307 255 
307 267 
307 462 
307 215 
307 111 
307 184 
307 48 
307 71 
307 38 
307 90 
307 138 
307 195 
307 380 
307 246 
307 294 
307 460 
307 365 
307 429 
307 275 
307 219 
307 335 
307 41 
307 417 
307 253 
307 33 
307 299 
307 40 
307 119 
307 108 
307 217 
307 487 
307 310 
307 115 
307 473 
307 88 
307 269 
307 85 
307 1 
307 376 
307 197 
307 336 
307 226 
307 179 
307 386 
307 451 
307 319 
307 176 
307 170 
307 212 
307 141 
307 364 
307 456 
307 503 
307 293 
307 459 
307 12 
307 399 
307 512 
307 22 
307 130 
307 286 
307 73 
307 157 
307 82 
307 30 
307 89 
307 355 
307 7 
307 510 
307 443 
307 87 
307 452 
307 450 
307 281 
307 339 
307 374 
307 433 
307 91 
307 247 
307 72 
307 37 
307 432 
307 341 
307 254 
307 79 
307 192 
307 200 
307 243 
307 435 
307 46 
307 227 
307 189 
307 118 
307 137 
307 304 
307 27 
307 183 
307 175 
307 221 
307 139 
307 397 
307 58 
307 206 
307 128 
307 207 
307 359 
307 393 
307 257 
307 147 
307 308 
307 325 
307 140 
307 214 
307 369 
307 442 
307 55 
307 150 
307 0 
308 164 
308 118 
308 477 
308 479 
308 278 
308 437 
308 395 
308 51 
308 64 
308 418 
308 240 
308 300 
308 188 
308 245 
308 313 
308 200 
308 493 
308 73 
308 377 
308 481 
308 370 
308 232 
308 36 
308 210 
308 427 
308 228 
308 293 
308 367 
308 388 
308 252 
308 254 
308 239 
308 40 
308 292 
308 89 
308 373 
308 284 
308 68 
308 475 
308 385 
308 466 
308 115 
308 194 
308 157 
308 465 
308 312 
308 444 
308 102 
308 428 
308 136 
308 339 
308 327 
308 509 
308 258 
308 87 
308 294 
308 184 
308 65 
308 120 
308 246 
308 396 
308 79 
308 183 
308 128 
308 449 
308 366 
308 94 
308 219 
308 476 
308 455 
308 311 
308 84 
308 256 
308 488 
308 310 
308 44 
308 230 
308 221 
308 99 
308 496 
308 334 
308 391 
308 243 
308 161 
308 260 
308 492 
308 372 
308 23 
308 438 
308 361 
308 30 
308 226 
308 285 
308 137 
308 154 
308 63 
308 236 
308 440 
308 355 
308 62 
308 233 
308 3 
308 336 
308 201 
308 321 
308 72 
308 143 
308 45 
308 304 
308 142 
308 235 
308 363 
308 436 
308 430 
308 148 
308 511 
308 204 
308 225 
308 298 
308 173 
308 360 
308 4 
308 186 
308 27 
308 317 
308 268 
308 452 
308 165 
308 206 
308 111 
308 52 
308 499 
308 172 
308 249 
308 433 
308 78 
308 307 
308 498 
308 404 
308 37 
308 76 
308 346 
309 132 
309 237 
309 143 
309 475 
309 412 
309 215 
309 189 
309 441 
309 286 
309 138 
309 1 
309 350 
309 197 
309 53 
309 290 
309 496 
309 117 
309 487 
309 422 
309 128 
309 513 
309 305 
309 396 
309 269 
309 31 
309 431 
309 254 
309 367 
309 498 
309 406 
309 287 
309 36 
309 58 
309 71 
309 241 
309 280 
309 277 
309 188 
309 151 
309 378 
309 222 
309 74 
309 453 
309 175 
309 454 
309 239 
309 362 
309 5 
309 201 
309 357 
309 77 
309 505 
309 432 
309 102 
309 356 
309 295 
309 448 
309 174 
309 163 
309 340 
309 243 
309 458 
309 472 
309 268 
309 91 
309 301 
309 370 
309 165 
309 192 
309 213 
309 35 
309 55 
309 346 
309 377 
309 300 
309 142 
309 297 
309 30 
309 369 
309 107 
309 173 
309 278 
309 387 
309 23 
309 204 
309 113 
309 103 
309 32 
309 220 
309 66 
309 447 
309 380 
309 235 
309 267 
309 83 
309 506 
309 403 
309 438 
309 126 
309 63 
309 208 
309 345 
309 34 
309 324 
309 221 
309 299 
309 413 
309 291 
309 207 
309 359 
309 443 
309 402 
309 338 
309 484 
309 296 
309 78 
309 385 
309 485 
309 381 
309 144 
309 294 
309 391 
309 129 
309 310 
309 341 
309 271 
309 12 
309 106 
309 393 
309 462 
309 84 
309 2 
309 433 
309 85 
309 482 
309 198 
309 353 
309 386 
309 298 
309 500 
309 316 
309 18 
309 411 
309 325 
309 263 
309 51 
309 182 
309 398 
309 177 
309 90 
309 512 
309 73 
309 240 
309 42 
309 134 
309 273 
309 439 
309 209 
309 489 
309 332 
309 92 
309 331 
309 21 
309 149 
309 414 
309 229 
309 283 
310 292 
310 232 
310 341 
310 357 
310 458 
310 329 
310 32 
310 497 
310 362 
310 374 
310 254 
310 66 
310 372 
310 41 
310 440 
310 470 
310 112 
310 11 
310 215 
310 375 
310 456 
310 353 
310 246 
310 433 
310 498 
310 83 
310 253 
310 1 
310 408 
310 320 
310 475 
310 321 
310 245 
310 492 
310 13 
310 468 
310 216 
310 416 
310 379 
310 88 
310 229 
310 239 
310 495 
310 297 
310 386 
310 21 
310 348 
310 162 
310 345 
310 402 
310 482 
310 270 
310 209 
310 480 
310 208 
310 113 
310 154 
310 364 
310 512 
310 73 
310 59 
310 142 
310 230 
310 185 
310 358 
310 405 
310 23 
310 3 
310 282 
310 407 
310 8 
310 394 
310 432 
310 425 
310 281 
310 291 
310 313 
310 275 
310 303 
310 460 
310 307 
310 308 
310 462 
310 212 
310 42 
310 4 
310 79 
310 316 
310 174 
310 172 
310 266 
310 274 
310 25 
310 302 
310 108 
310 171 
310 117 
310 326 
310 413 
310 55 
310 144 
310 49 
310 20 
310 179 
310 260 
310 219 
310 484 
310 164 
310 309 
310 279 
310 133 
310 74 
310 17 
310 252 
310 150 
310 267 
310 342 
310 204 
310 29 
310 507 
310 247 
310 385 
310 10 
310 289 
310 223 
310 53 
310 37 
310 95 
310 305 
310 202 
310 242 
310 426 
310 486 
310 214 
310 477 
310 90 
310 64 
310 198 
310 488 
310 65 
310 257 
310 26 
310 373 
310 148 
310 283 
310 140 
310 16 
310 333 
310 436 
310 268 
310 327 
311 280 
311 290 
311 249 
311 164 
311 171 
311 319 
311 286 
311 126 
311 442 
311 347 
311 495 
311 6 
311 40 
311 257 
311 357 
311 362 
311 424 
311 125 
311 209 
311 250 
311 366 
311 42 
311 402 
311 329 
311 138 
311 506 
311 16 
311 240 
311 181 
311 82 
311 14 
311 206 
311 241 
311 450 
311 455 
311 83 
311 326 
311 219 
311 179 
311 447 
311 396 
311 166 
311 312 
311 56 
311 136 
311 438 
311 261 
311 374 
311 89 
311 469 
311 7 
311 161 
311 421 
311 169 
311 116 
311 390 
311 155 
311 10 
311 453 
311 439 
311 36 
311 108 
311 157 
311 19 
311 97 
311 184 
311 321 
311 480 
311 33 
311 369 
311 79 
311 492 
311 189 
311 400 
311 129 
311 45 
311 308 
311 30 
311 175 
311 178 
311 377 
311 183 
311 231 
311 452 
311 342 
311 8 
311 214 
311 315 
311 510 
311 422 
311 488 
311 379 
311 401 
311 72 
311 91 
311 172 
311 504 
311 294 
311 475 
311 503 
311 459 
311 221 
311 55 
311 399 
311 185 
311 197 
311 433 
311 375 
311 335 
311 115 
311 2 
311 381 
311 412 
311 318 
311 35 
311 147 
311 32 
311 299 
311 389 
311 71 
311 298 
311 143 
311 468 
311 341 
311 24 
311 177 
311 385 
311 211 
311 109 
311 331 
311 462 
311 497 
311 508 
311 218 
311 15 
311 253 
311 353 
311 69 
311 426 
311 213 
311 120 
311 384 
311 407 
311 320 
311 274 
311 150 
311 12 
311 451 
311 194 
311 74 
311 162 
311 500 
311 464 
311 340 
311 158 
311 330 
311 217 
311 481 
311 156 
312 454 
312 75 
312 448 
312 391 
312 393 
312 100 
312 496 
312 337 
312 110 
312 152 
312 90 
312 78 
312 446 
312 191 
312 501 
312 58 
312 4 
312 246 
312 0 
312 299 
312 220 
312 30 
312 173 
312 390 
312 120 
312 63 
312 408 
312 321 
312 389 
312 205 
312 431 
312 351 
312 229 
312 119 
312 137 
312 269 
312 376 
312 210 
312 125 
312 231 
312 5 
312 304 
312 113 
312 201 
312 311 
312 339 
312 7 
312 308 
312 368 
312 180 
312 455 
312 124 
312 204 
312 243 
312 392 
312 259 
312 164 
312 366 
312 504 
312 88 
312 158 
312 238 
312 41 
312 341 
312 101 
312 344 
312 461 
312 271 
312 338 
312 185 
312 18 
312 177 
312 466 
312 395 
312 184 
312 513 
312 79 
312 51 
312 267 
312 383 
312 214 
312 94 
312 417 
312 8 
312 451 
312 499 
312 509 
312 76 
312 106 
312 96 
312 474 
312 169 
312 114 
312 329 
312 225 
312 197 
312 405 
312 428 
312 172 
312 317 
312 138 
312 150 
312 506 
312 288 
312 213 
312 438 
312 342 
312 136 
312 492 
312 189 
312 73 
312 250 
312 226 
312 23 
312 279 
312 497 
312 305 
312 212 
312 178 
312 193 
312 272 
312 314 
312 477 
312 183 
312 27 
312 42 
312 176 
312 510 
312 147 
312 346 
312 416 
312 281 
312 126 
312 170 
312 324 
312 237 
312 85 
312 407 
312 224 
312 369 
312 49 
312 68 
312 457 
312 354 
312 48 
313 387 
313 55 
313 8 
313 212 
313 359 
313 203 
313 153 
313 380 
313 456 
313 357 
313 149 
313 158 
313 306 
313 308 
313 64 
313 355 
313 188 
313 148 
313 457 
313 483 
313 358 
313 424 
313 501 
313 17 
313 499 
313 171 
313 219 
313 268 
313 11 
313 134 
313 262 
313 469 
313 13 
313 169 
313 416 
313 251 
313 15 
313 88 
313 142 
313 151 
313 394 
313 266 
313 44 
313 392 
313 253 
313 244 
313 32 
313 25 
313 241 
313 488 
313 225 
313 141 
313 173 
313 333 
313 404 
313 423 
313 165 
313 410 
313 288 
313 480 
313 508 
313 232 
313 348 
313 407 
313 298 
313 62 
313 99 
313 72 
313 310 
313 76 
313 245 
313 484 
313 186 
313 50 
313 326 
313 437 
313 304 
313 402 
313 49 
313 161 
313 341 
313 181 
313 185 
313 33 
313 97 
313 472 
313 381 
313 135 
313 4 
313 475 
313 233 
313 425 
313 111 
313 509 
313 276 
313 382 
313 113 
313 361 
313 453 
313 279 
313 210 
313 319 
313 108 
313 495 
313 70 
313 74 
313 264 
313 277 
313 152 
313 154 
313 89 
313 296 
313 179 
313 418 
313 164 
313 422 
313 217 
313 295 
313 200 
313 216 
313 397 
313 462 
313 184 
313 370 
313 163 
313 120 
313 337 
313 114 
313 28 
313 458 
313 226 
313 183 
313 197 
313 303 
313 494 
313 338 
314 447 
314 189 
314 292 
314 127 
314 271 
314 381 
314 468 
314 2 
314 84 
314 162 
314 228 
314 392 
314 479 
314 69 
314 486 
314 57 
314 16 
314 23 
314 63 
314 493 
314 280 
314 347 
314 25 
314 344 
314 467 
314 234 
314 443 
314 480 
314 357 
314 28 
314 476 
314 416 
314 342 
314 204 
314 291 
314 237 
314 33 
314 371 
314 73 
314 376 
314 415 
314 114 
314 465 
314 433 
314 290 
314 332 
314 170 
314 412 
314 168 
314 462 
314 283 
314 39 
314 277 
314 230 
314 148 
314 24 
314 402 
314 414 
314 329 
314 191 
314 198 
314 123 
314 240 
314 231 
314 389 
314 452 
314 173 
314 253 
314 187 
314 334 
314 126 
314 111 
314 463 
314 106 
314 223 
314 55 
314 397 
314 420 
314 383 
314 396 
314 193 
314 422 
314 434 
314 97 
314 477 
314 373 
314 451 
314 50 
314 21 
314 453 
314 139 
314 166 
314 498 
314 224 
314 5 
314 436 
314 85 
314 41 
314 303 
314 501 
314 500 
314 68 
314 318 
314 87 
314 210 
314 444 
314 77 
314 401 
314 171 
314 226 
314 74 
314 182 
314 232 
314 372 
314 26 
314 425 
314 235 
314 427 
314 20 
314 490 
314 278 
314 312 
314 186 
314 252 
314 345 
314 161 
314 167 
314 341 
314 273 
314 270 
314 14 
314 141 
314 215 
314 244 
314 356 
314 336 
314 461 
314 95 
314 179 
314 76 
314 367 
314 220 
314 322 
314 321 
315 51 
315 239 
315 237 
315 459 
315 33 
315 256 
315 131 
315 475 
315 32 
315 138 
315 2 
315 477 
315 10 
315 339 
315 129 
315 298 
315 438 
315 383 
315 194 
315 199 
315 110 
315 77 
315 156 
315 470 
315 25 
315 249 
315 269 
315 432 
315 227 
315 319 
315 415 
315 211 
315 349 
315 345 
315 280 
315 124 
315 378 
315 176 
315 3 
315 172 
315 234 
315 405 
315 452 
315 9 
315 200 
315 437 
315 151 
315 480 
315 184 
315 493 
315 164 
315 40 
315 294 
315 400 
315 132 
315 468 
315 82 
315 260 
315 385 
315 321 
315 18 
315 499 
315 42 
315 389 
315 94 
315 340 
315 206 
315 112 
315 410 
315 17 
315 289 
315 501 
315 195 
315 95 
315 496 
315 362 
315 376 
315 311 
315 436 
315 133 
315 382 
315 404 
315 513 
315 214 
315 180 
315 122 
315 135 
315 408 
315 204 
315 397 
315 466 
315 152 
315 338 
315 409 
315 443 
315 171 
315 392 
315 130 
315 15 
315 69 
315 207 
315 55 
315 287 
315 511 
315 5 
315 348 
315 197 
315 37 
315 108 
315 277 
315 364 
315 163 
315 268 
315 8 
315 352 
315 336 
315 248 
315 70 
315 398 
315 282 
315 48 
315 183 
315 462 
315 422 
315 210 
315 373 
315 83 
315 241 
315 471 
315 226 
315 118 
315 357 
315 416 
315 178 
315 218 
315 263 
315 395 
315 93 
315 358 
315 221 
315 73 
315 22 
315 431 
315 333 
315 361 
315 134 
315 292 
315 370 
315 242 
315 189 
315 240 
315 228 
315 495 
315 342 
315 334 
315 300 
315 121 
315 254 
316 280 
316 30 
316 235 
316 496 
316 49 
316 433 
316 180 
316 510 
316 382 
316 246 
316 317 
316 292 
316 211 
316 171 
316 197 
316 380 
316 33 
316 94 
316 258 
316 27 
316 206 
316 150 
316 239 
316 4 
316 414 
316 493 
316 405 
316 464 
316 375 
316 248 
316 24 
316 474 
316 238 
316 458 
316 72 
316 416 
316 120 
316 494 
316 397 
316 396 
316 52 
316 305 
316 499 
316 294 
316 116 
316 497 
316 55 
316 103 
316 347 
316 394 
316 392 
316 257 
316 128 
316 507 
316 66 
316 438 
316 298 
316 331 
316 3 
316 16 
316 44 
316 222 
316 398 
316 89 
316 253 
316 400 
316 434 
316 143 
316 417 
316 297 
316 177 
316 295 
316 135 
316 77 
316 199 
316 424 
316 225 
316 354 
316 435 
316 310 
316 255 
316 427 
316 45 
316 268 
316 156 
316 478 
316 182 
316 282 
316 366 
316 426 
316 482 
316 79 
316 371 
316 401 
316 488 
316 193 
316 448 
316 383 
316 299 
316 31 
316 8 
316 122 
316 476 
316 198 
316 213 
316 256 
316 468 
316 82 
316 105 
316 186 
316 93 
316 106 
316 26 
316 221 
316 64 
316 509 
316 429 
316 460 
316 511 
316 372 
316 137 
316 123 
316 309 
316 495 
316 189 
316 444 
316 437 
316 88 
316 157 
316 37 
316 284 
316 17 
316 215 
316 330 
316 80 
316 449 
316 192 
316 56 
316 275 
316 403 
316 451 
316 470 
316 71 
316 355 
316 60 
316 463 
317 245 
317 83 
317 484 
317 58 
317 239 
317 330 
317 500 
317 265 
317 181 
317 345 
317 302 
317 365 
317 24 
317 120 
317 111 
317 3 
317 279 
317 316 
317 8 
317 508 
317 421 
317 191 
317 107 
317 471 
317 342 
317 498 
317 232 
317 467 
317 273 
317 287 
317 186 
317 238 
317 404 
317 229 
317 13 
317 222 
317 291 
317 497 
317 36 
317 100 
317 167 
317 67 
317 468 
317 119 
317 323 
317 248 
317 121 
317 2 
317 110 
317 368 
317 269 
317 225 
317 144 
317 246 
317 125 
317 252 
317 381 
317 218 
317 118 
317 335 
317 14 
317 506 
317 473 
317 282 
317 445 
317 488 
317 280 
317 197 
317 230 
317 337 
317 37 
317 272 
317 256 
317 322 
317 193 
317 56 
317 177 
317 231 
317 113 
317 466 
317 26 
317 228 
317 184 
317 296 
317 333 
317 25 
317 194 
317 57 
317 465 
317 448 
317 79 
317 23 
317 427 
317 375 
317 485 
317 219 
317 457 
317 180 
317 115 
317 372 
317 106 
317 362 
317 127 
317 312 
317 187 
317 396 
317 45 
317 353 
317 490 
317 363 
317 453 
317 293 
317 422 
317 479 
317 17 
317 456 
317 418 
317 374 
317 489 
317 512 
317 122 
317 360 
317 59 
317 117 
317 379 
317 244 
317 504 
317 161 
317 130 
317 185 
317 470 
317 308 
317 405 
317 10 
317 109 
317 148 
317 260 
317 90 
317 15 
317 102 
317 163 
317 233 
317 392 
317 216 
317 86 
317 49 
317 434 
317 1 
317 214 
317 359 
317 30 
317 410 
317 28 
317 21 
317 496 
317 150 
317 370 
317 382 
317 390 
317 108 
318 298 
318 96 
318 417 
318 498 
318 356 
318 280 
318 92 
318 139 
318 114 
318 304 
318 380 
318 180 
318 167 
318 398 
318 159 
318 51 
318 292 
318 306 
318 56 
318 349 
318 165 
318 428 
318 325 
318 213 
318 76 
318 224 
318 416 
318 390 
318 344 
318 501 
318 484 
318 444 
318 217 
318 48 
318 299 
318 511 
318 486 
318 62 
318 105 
318 184 
318 413 
318 207 
318 424 
318 173 
318 28 
318 463 
318 265 
318 208 
318 261 
318 323 
318 509 
318 502 
318 101 
318 353 
318 375 
318 513 
318 86 
318 118 
318 228 
318 214 
318 507 
318 381 
318 365 
318 394 
318 194 
318 476 
318 124 
318 340 
318 168 
318 383 
318 257 
318 98 
318 189 
318 294 
318 131 
318 2 
318 166 
318 107 
318 333 
318 449 
318 342 
318 136 
318 396 
318 49 
318 446 
318 70 
318 436 
318 377 
318 284 
318 219 
318 6 
318 474 
318 410 
318 251 
318 362 
318 273 
318 363 
318 109 
318 54 
318 364 
318 439 
318 453 
318 442 
318 115 
318 272 
318 35 
318 320 
318 495 
318 210 
318 97 
318 483 
318 202 
318 69 
318 75 
318 270 
318 480 
318 31 
318 311 
318 482 
318 392 
318 227 
318 331 
318 215 
318 338 
318 199 
318 91 
318 448 
318 397 
318 314 
318 85 
318 23 
318 369 
318 423 
318 83 
318 200 
318 405 
318 418 
318 243 
318 441 
318 253 
318 262 
318 18 
318 286 
318 406 
318 218 
318 421 
318 27 
318 319 
318 26 
318 188 
318 456 
318 327 
318 104 
318 255 
318 479 
318 60 
318 63 
318 468 
318 74 
318 258 
318 339 
318 68 
318 414 
319 166 
319 191 
319 399 
319 311 
319 34 
319 58 
319 327 
319 129 
319 61 
319 214 
319 451 
319 135 
319 105 
319 226 
319 334 
319 6 
319 373 
319 106 
319 352 
319 491 
319 132 
319 320 
319 225 
319 41 
319 403 
319 87 
319 174 
319 300 
319 350 
319 96 
319 65 
319 315 
319 57 
319 469 
319 367 
319 196 
319 355 
319 244 
319 473 
319 186 
319 287 
319 425 
319 195 
319 254 
319 354 
319 493 
319 410 
319 229 
319 233 
319 27 
319 131 
319 221 
319 36 
319 138 
319 512 
319 219 
319 405 
319 492 
319 197 
319 497 
319 297 
319 349 
319 282 
319 348 
319 438 
319 228 
319 88 
319 490 
319 245 
319 323 
319 82 
319 455 
319 361 
319 95 
319 505 
319 333 
319 11 
319 462 
319 284 
319 437 
319 353 
319 178 
319 419 
319 184 
319 501 
319 428 
319 35 
319 383 
319 296 
319 307 
319 332 
319 218 
319 278 
319 220 
319 456 
319 433 
319 17 
319 341 
319 32 
319 152 
319 113 
319 447 
319 156 
319 71 
319 101 
319 489 
319 463 
319 64 
319 238 
319 470 
319 211 
319 377 
319 150 
319 67 
319 313 
319 83 
319 485 
319 55 
319 384 
319 276 
319 86 
319 509 
319 412 
319 1 
319 291 
319 114 
319 111 
319 292 
319 108 
319 279 
319 258 
319 259 
319 370 
319 207 
319 318 
319 247 
319 439 
319 104 
319 232 
319 321 
319 51 
319 13 
319 50 
319 69 
319 449 
319 303 
320 307 
320 161 
320 98 
320 236 
320 206 
320 169 
320 241 
320 111 
320 269 
320 359 
320 343 
320 228 
320 376 
320 361 
320 67 
320 154 
320 77 
320 245 
320 319 
320 281 
320 494 
320 159 
320 310 
320 58 
320 129 
320 445 
320 69 
320 388 
320 119 
320 429 
320 29 
320 173 
320 133 
320 48 
320 31 
320 497 
320 79 
320 421 
320 331 
320 357 
320 72 
320 303 
320 426 
320 33 
320 475 
320 103 
320 84 
320 76 
320 389 
320 298 
320 300 
320 325 
320 368 
320 240 
320 170 
320 64 
320 349 
320 259 
320 398 
320 235 
320 437 
320 121 
320 75 
320 507 
320 3 
320 178 
320 498 
320 481 
320 369 
320 244 
320 342 
320 2 
320 366 
320 443 
320 213 
320 470 
320 91 
320 270 
320 246 
320 466 
320 237 
320 371 
320 81 
320 201 
320 60 
320 318 
320 405 
320 512 
320 158 
320 92 
320 341 
320 367 
320 267 
320 272 
320 7 
320 59 
320 265 
320 180 
320 153 
320 210 
320 239 
320 249 
320 448 
320 441 
320 385 
320 190 
320 66 
320 212 
320 352 
320 54 
320 482 
320 195 
320 214 
320 415 
320 282 
320 125 
320 183 
320 157 
320 295 
320 297 
320 355 
320 454 
320 42 
320 74 
320 323 
320 390 
320 264 
320 302 
320 348 
320 428 
320 150 
320 166 
320 198 
320 223 
320 100 
320 311 
320 378 
320 19 
320 381 
320 431 
320 261 
320 510 
320 220 
320 394 
320 370 
320 181 
320 184 
320 457 
320 513 
320 260 
320 134 
320 403 
320 87 
320 336 
320 262 
321 461 
321 413 
321 302 
321 115 
321 451 
321 88 
321 422 
321 289 
321 191 
321 248 
321 284 
321 207 
321 34 
321 153 
321 158 
321 273 
321 122 
321 427 
321 426 
321 377 
321 330 
321 283 
321 395 
321 286 
321 31 
321 312 
321 406 
321 379 
321 246 
321 505 
321 23 
321 24 
321 257 
321 146 
321 310 
321 227 
321 499 
321 187 
321 174 
321 91 
321 181 
321 108 
321 26 
321 468 
321 457 
321 472 
321 260 
321 285 
321 53 
321 52 
321 116 
321 152 
321 20 
321 481 
321 194 
321 420 
321 256 
321 85 
321 322 
321 453 
321 304 
321 83 
321 335 
321 163 
321 501 
321 315 
321 62 
321 37 
321 165 
321 9 
321 509 
321 265 
321 129 
321 512 
321 42 
321 431 
321 99 
321 410 
321 131 
321 311 
321 105 
321 78 
321 228 
321 474 
321 136 
321 263 
321 10 
321 120 
321 274 
321 212 
321 4 
321 214 
321 33 
321 137 
321 435 
321 157 
321 210 
321 81 
321 113 
321 63 
321 508 
321 341 
321 300 
321 338 
321 118 
321 480 
321 337 
321 496 
321 343 
321 434 
321 475 
321 391 
321 176 
321 48 
321 491 
321 215 
321 308 
321 479 
321 243 
321 8 
321 346 
321 463 
321 301 
321 347 
321 235 
321 150 
321 149 
321 57 
321 378 
321 56 
321 171 
321 66 
321 272 
321 180 
321 487 
321 218 
321 411 
321 28 
321 340 
321 432 
321 0 
321 401 
321 236 
321 319 
321 421 
321 483 
321 40 
321 189 
321 7 
321 21 
321 239 
321 390 
321 314 
321 242 
321 358 
322 6 
322 352 
322 159 
322 161 
322 260 
322 165 
322 418 
322 222 
322 129 
322 438 
322 326 
322 337 
322 12 
322 145 
322 141 
322 211 
322 396 
322 254 
322 240 
322 480 
322 410 
322 501 
322 228 
322 56 
322 138 
322 495 
322 235 
322 328 
322 291 
322 282 
322 201 
322 69 
322 93 
322 403 
322 344 
322 426 
322 151 
322 477 
322 26 
322 198 
322 3 
322 390 
322 86 
322 249 
322 261 
322 102 
322 112 
322 350 
322 434 
322 304 
322 436 
322 42 
322 236 
322 276 
322 321 
322 0 
322 199 
322 416 
322 463 
322 164 
322 180 
322 243 
322 175 
322 317 
322 197 
322 237 
322 301 
322 87 
322 232 
322 28 
322 287 
322 509 
322 22 
322 195 
322 84 
322 373 
322 358 
322 176 
322 466 
322 106 
322 295 
322 471 
322 431 
322 131 
322 366 
322 427 
322 432 
322 132 
322 382 
322 192 
322 39 
322 368 
322 5 
322 298 
322 9 
322 90 
322 268 
322 121 
322 8 
322 335 
322 386 
322 226 
322 394 
322 498 
322 210 
322 144 
322 402 
322 285 
322 209 
322 25 
322 458 
322 280 
322 485 
322 482 
322 139 
322 255 
322 181 
322 67 
322 178 
322 380 
322 2 
322 128 
322 338 
322 353 
322 442 
322 169 
322 114 
322 30 
322 189 
322 238 
322 385 
322 124 
322 52 
322 58 
322 341 
322 191 
322 300 
322 484 
322 468 
322 229 
322 349 
322 505 
322 142 
322 248 
322 339 
322 259 
322 163 
322 230 
322 364 
322 116 
322 208 
322 61 
322 266 
322 183 
322 242 
322 262 
322 55 
322 419 
322 148 
322 31 
322 190 
322 227 
322 49 
322 430 
322 85 
322 314 
322 153 
322 71 
322 387 
322 62 
323 236 
323 67 
323 60 
323 369 
323 397 
323 151 
323 58 
323 21 
323 486 
323 148 
323 281 
323 235 
323 503 
323 237 
323 267 
323 105 
323 104 
323 86 
323 441 
323 129 
323 78 
323 248 
323 265 
323 393 
323 392 
323 413 
323 386 
323 117 
323 214 
323 480 
323 318 
323 32 
323 212 
323 282 
323 88 
323 317 
323 82 
323 437 
323 414 
323 178 
323 227 
323 458 
323 121 
323 469 
323 367 
323 327 
323 419 
323 130 
323 360 
323 102 
323 382 
323 271 
323 255 
323 333 
323 383 
323 106 
323 343 
323 274 
323 396 
323 326 
323 215 
323 438 
323 355 
323 319 
323 279 
323 47 
323 8 
323 275 
323 484 
323 223 
323 46 
323 25 
323 184 
323 110 
323 488 
323 272 
323 210 
323 512 
323 63 
323 418 
323 44 
323 56 
323 167 
323 244 
323 124 
323 499 
323 428 
323 405 
323 299 
323 135 
323 26 
323 373 
323 211 
323 71 
323 493 
323 492 
323 38 
323 191 
323 506 
323 112 
323 61 
323 116 
323 508 
323 460 
323 97 
323 354 
323 320 
323 163 
323 270 
323 30 
323 385 
323 115 
323 478 
323 175 
323 328 
323 206 
323 463 
323 20 
323 154 
323 141 
323 74 
323 254 
323 291 
323 436 
323 174 
323 196 
323 153 
323 64 
323 200 
323 449 
323 87 
323 477 
323 368 
323 504 
323 155 
323 85 
324 401 
324 72 
324 182 
324 111 
324 426 
324 254 
324 79 
324 85 
324 64 
324 98 
324 332 
324 438 
324 385 
324 187 
324 503 
324 246 
324 499 
324 27 
324 291 
324 147 
324 440 
324 262 
324 202 
324 44 
324 368 
324 462 
324 89 
324 390 
324 222 
324 201 
324 350 
324 463 
324 427 
324 145 
324 138 
324 68 
324 272 
324 121 
324 296 
324 285 
324 452 
324 275 
324 359 
324 100 
324 97 
324 250 
324 115 
324 251 
324 30 
324 450 
324 3 
324 258 
324 384 
324 276 
324 78 
324 356 
324 99 
324 286 
324 88 
324 421 
324 489 
324 36 
324 37 
324 465 
324 493 
324 397 
324 77 
324 475 
324 108 
324 265 
324 163 
324 136 
324 70 
324 309 
324 32 
324 102 
324 0 
324 141 
324 429 
324 487 
324 224 
324 59 
324 255 
324 456 
324 298 
324 480 
324 469 
324 14 
324 95 
324 361 
324 4 
324 461 
324 164 
324 436 
324 380 
324 274 
324 9 
324 333 
324 230 
324 328 
324 86 
324 94 
324 142 
324 416 
324 411 
324 6 
324 214 
324 444 
324 508 
324 398 
324 20 
324 281 
324 232 
324 364 
324 387 
324 241 
324 161 
324 345 
324 270 
324 165 
324 312 
324 413 
324 216 
324 63 
324 140 
324 39 
324 90 
324 26 
324 399 
324 306 
324 437 
324 335 
325 439 
325 98 
325 494 
325 227 
325 142 
325 228 
325 160 
325 269 
325 292 
325 380 
325 276 
325 252 
325 137 
325 70 
325 318 
325 119 
325 182 
325 391 
325 449 
325 221 
325 473 
325 370 
325 389 
325 332 
325 15 
325 126 
325 244 
325 105 
325 327 
325 403 
325 471 
325 11 
325 157 
325 246 
325 145 
325 359 
325 18 
325 254 
325 259 
325 362 
325 502 
325 85 
325 4 
325 477 
325 504 
325 216 
325 166 
325 304 
325 286 
325 291 
325 36 
325 60 
325 41 
325 116 
325 320 
325 463 
325 47 
325 86 
325 30 
325 288 
325 165 
325 91 
325 510 
325 162 
325 256 
325 442 
325 407 
325 295 
325 212 
325 452 
325 336 
325 508 
325 402 
325 250 
325 73 
325 72 
325 405 
325 178 
325 179 
325 110 
325 481 
325 232 
325 152 
325 505 
325 421 
325 395 
325 113 
325 168 
325 54 
325 283 
325 422 
325 268 
325 379 
325 306 
325 425 
325 479 
325 193 
325 159 
325 117 
325 434 
325 237 
325 14 
325 247 
325 335 
325 270 
325 103 
325 199 
325 383 
325 68 
325 71 
325 150 
325 7 
325 200 
325 197 
325 455 
325 447 
325 309 
325 499 
325 460 
325 360 
325 461 
325 386 
325 261 
325 373 
325 365 
325 102 
325 235 
325 214 
325 501 
325 45 
325 468 
325 408 
325 46 
325 307 
325 495 
325 351 
326 24 
326 171 
326 267 
326 417 
326 156 
326 302 
326 135 
326 322 
326 441 
326 487 
326 76 
326 130 
326 19 
326 368 
326 207 
326 51 
326 392 
326 232 
326 447 
326 469 
326 250 
326 510 
326 286 
326 461 
326 247 
326 508 
326 498 
326 386 
326 244 
326 113 
326 99 
326 342 
326 394 
326 395 
326 311 
326 81 
326 69 
326 55 
326 334 
326 391 
326 141 
326 276 
326 304 
326 305 
326 192 
326 153 
326 434 
326 197 
326 146 
326 351 
326 494 
326 382 
326 41 
326 165 
326 21 
326 213 
326 202 
326 221 
326 291 
326 77 
326 406 
326 70 
326 155 
326 451 
326 294 
326 62 
326 479 
326 38 
326 296 
326 100 
326 323 
326 369 
326 483 
326 478 
326 336 
326 56 
326 119 
326 449 
326 489 
326 114 
326 340 
326 331 
326 39 
326 223 
326 273 
326 290 
326 484 
326 18 
326 196 
326 166 
326 419 
326 220 
326 28 
326 132 
326 143 
326 313 
326 205 
326 227 
326 446 
326 410 
326 75 
326 310 
326 381 
326 269 
326 2 
326 194 
326 373 
326 107 
326 154 
326 495 
326 92 
326 94 
326 101 
326 172 
326 246 
326 121 
326 472 
326 183 
326 103 
326 148 
326 255 
326 203 
326 282 
326 17 
326 440 
326 511 
326 58 
326 506 
326 180 
326 54 
326 327 
326 360 
326 513 
326 462 
326 428 
326 236 
326 127 
326 15 
326 157 
326 160 
326 412 
326 366 
326 147 
326 456 
326 162 
326 181 
326 22 
326 144 
326 379 
326 120 
326 393 
326 438 
326 126 
326 491 
326 215 
326 122 
326 34 
327 389 
327 513 
327 438 
327 100 
327 273 
327 319 
327 249 
327 11 
327 367 
327 196 
327 103 
327 38 
327 469 
327 27 
327 161 
327 244 
327 214 
327 428 
327 156 
327 508 
327 288 
327 375 
327 470 
327 83 
327 43 
327 398 
327 159 
327 129 
327 57 
327 283 
327 229 
327 113 
327 465 
327 325 
327 217 
327 503 
327 235 
327 56 
327 488 
327 228 
327 137 
327 330 
327 125 
327 140 
327 415 
327 14 
327 289 
327 486 
327 261 
327 445 
327 362 
327 335 
327 34 
327 334 
327 323 
327 262 
327 231 
327 5 
327 209 
327 0 
327 308 
327 198 
327 452 
327 212 
327 211 
327 186 
327 202 
327 430 
327 380 
327 134 
327 439 
327 37 
327 81 
327 385 
327 373 
327 391 
327 376 
327 466 
327 218 
327 300 
327 271 
327 115 
327 435 
327 230 
327 410 
327 110 
327 381 
327 403 
327 233 
327 268 
327 384 
327 422 
327 280 
327 298 
327 31 
327 2 
327 71 
327 199 
327 448 
327 409 
327 416 
327 86 
327 181 
327 274 
327 399 
327 423 
327 105 
327 481 
327 107 
327 22 
327 407 
327 427 
327 364 
327 139 
327 220 
327 349 
327 338 
327 400 
327 200 
327 326 
327 59 
327 157 
327 10 
327 232 
327 21 
327 207 
327 18 
327 360 
327 1 
327 149 
327 61 
327 390 
327 408 
327 33 
327 172 
327 175 
327 397 
327 192 
327 425 
327 163 
327 4 
327 432 
327 58 
327 318 
327 74 
327 378 
327 92 
327 401 
327 310 
327 109 
328 157 
328 198 
328 2 
328 202 
328 484 
328 301 
328 452 
328 233 
328 82 
328 58 
328 188 
328 42 
328 256 
328 137 
328 49 
328 464 
328 98 
328 418 
328 50 
328 70 
328 350 
328 322 
328 392 
328 422 
328 29 
328 211 
328 21 
328 393 
328 351 
328 447 
328 226 
328 300 
328 451 
328 479 
328 457 
328 403 
328 272 
328 143 
328 168 
328 35 
328 507 
328 440 
328 273 
328 200 
328 25 
328 471 
328 358 
328 491 
328 404 
328 45 
328 179 
328 473 
328 445 
328 416 
328 266 
328 141 
328 32 
328 147 
328 214 
328 402 
328 423 
328 160 
328 196 
328 298 
328 236 
328 478 
328 472 
328 125 
328 446 
328 387 
328 167 
328 259 
328 41 
328 275 
328 499 
328 100 
328 419 
328 270 
328 361 
328 257 
328 26 
328 506 
328 427 
328 47 
328 269 
328 144 
328 135 
328 163 
328 36 
328 388 
328 16 
328 456 
328 248 
328 92 
328 426 
328 302 
328 34 
328 511 
328 17 
328 234 
328 146 
328 44 
328 441 
328 154 
328 454 
328 505 
328 224 
328 172 
328 80 
328 113 
328 119 
328 60 
328 424 
328 306 
328 461 
328 75 
328 120 
328 209 
328 474 
328 184 
328 127 
328 128 
328 242 
328 437 
328 380 
328 459 
328 377 
328 28 
328 276 
328 171 
328 338 
328 333 
328 79 
328 261 
328 324 
328 203 
328 178 
328 74 
328 466 
328 390 
328 376 
328 498 
328 291 
328 508 
328 199 
328 67 
328 247 
328 366 
328 323 
328 407 
328 470 
328 371 
328 217 
328 153 
328 252 
328 331 
328 336 
328 334 
328 204 
328 85 
329 263 
329 390 
329 212 
329 256 
329 92 
329 119 
329 155 
329 310 
329 121 
329 180 
329 433 
329 203 
329 245 
329 369 
329 499 
329 166 
329 61 
329 362 
329 427 
329 163 
329 311 
329 409 
329 479 
329 448 
329 138 
329 393 
329 43 
329 143 
329 342 
329 384 
329 346 
329 30 
329 33 
329 348 
329 198 
329 98 
329 394 
329 125 
329 154 
329 93 
329 26 
329 422 
329 470 
329 35 
329 85 
329 107 
329 449 
329 431 
329 233 
329 486 
329 70 
329 271 
329 149 
329 420 
329 157 
329 332 
329 441 
329 314 
329 454 
329 45 
329 255 
329 494 
329 294 
329 343 
329 435 
329 41 
329 473 
329 207 
329 14 
329 156 
329 258 
329 273 
329 333 
329 56 
329 179 
329 195 
329 336 
329 378 
329 340 
329 251 
329 268 
329 153 
329 188 
329 80 
329 28 
329 439 
329 312 
329 236 
329 295 
329 330 
329 274 
329 257 
329 489 
329 491 
329 389 
329 182 
329 112 
329 102 
329 184 
329 129 
329 281 
329 123 
329 487 
329 225 
329 118 
329 34 
329 172 
329 196 
329 242 
329 416 
329 298 
329 469 
329 270 
329 73 
329 452 
329 467 
329 375 
329 512 
329 459 
329 373 
329 446 
329 116 
329 86 
329 99 
329 381 
329 410 
329 90 
329 62 
329 19 
329 117 
329 122 
329 359 
329 291 
329 243 
329 480 
329 50 
329 3 
329 444 
329 67 
329 25 
329 288 
329 97 
329 360 
329 127 
329 374 
329 423 
329 303 
330 39 
330 294 
330 220 
330 317 
330 299 
330 305 
330 480 
330 212 
330 196 
330 363 
330 376 
330 233 
330 63 
330 380 
330 484 
330 171 
330 426 
330 384 
330 161 
330 472 
330 413 
330 321 
330 482 
330 364 
330 54 
330 263 
330 199 
330 112 
330 373 
330 334 
330 362 
330 238 
330 327 
330 83 
330 275 
330 408 
330 450 
330 257 
330 298 
330 9 
330 288 
330 365 
330 382 
330 385 
330 103 
330 236 
330 338 
330 118 
330 113 
330 436 
330 471 
330 386 
330 370 
330 149 
330 182 
330 193 
330 132 
330 25 
330 407 
330 345 
330 402 
330 348 
330 26 
330 225 
330 75 
330 130 
330 227 
330 150 
330 124 
330 205 
330 216 
330 122 
330 40 
330 387 
330 409 
330 169 
330 506 
330 473 
330 110 
330 447 
330 232 
330 16 
330 458 
330 208 
330 466 
330 106 
330 295 
330 329 
330 48 
330 158 
330 133 
330 377 
330 102 
330 254 
330 15 
330 420 
330 405 
330 192 
330 55 
330 0 
330 440 
330 105 
330 237 
330 19 
330 235 
330 66 
330 297 
330 352 
330 303 
330 108 
330 459 
330 513 
330 253 
330 128 
330 247 
330 197 
330 58 
330 360 
330 477 
330 20 
330 417 
330 388 
330 366 
330 2 
330 397 
330 100 
330 137 
330 119 
330 424 
330 346 
330 82 
330 421 
330 403 
330 60 
330 183 
330 280 
330 47 
330 349 
330 175 
330 316 
330 273 
330 259 
330 81 
330 187 
330 152 
330 412 
330 425 
330 154 
330 311 
330 36 
330 289 
330 222 
330 62 
331 504 
331 200 
331 264 
331 69 
331 77 
331 179 
331 275 
331 176 
331 183 
331 437 
331 367 
331 379 
331 30 
331 467 
331 474 
331 18 
331 89 
331 272 
331 146 
331 9 
331 508 
331 385 
331 55 
331 31 
331 180 
331 438 
331 307 
331 248 
331 173 
331 395 
331 223 
331 113 
331 334 
331 72 
331 83 
331 88 
331 509 
331 74 
331 266 
331 167 
331 27 
331 320 
331 468 
331 219 
331 399 
331 61 
331 453 
331 191 
331 507 
331 462 
331 492 
331 491 
331 463 
331 357 
331 238 
331 41 
331 341 
331 316 
331 377 
331 106 
331 436 
331 232 
331 361 
331 98 
331 60 
331 304 
331 431 
331 21 
331 297 
331 326 
331 222 
331 101 
331 354 
331 35 
331 380 
331 145 
331 420 
331 371 
331 486 
331 217 
331 350 
331 252 
331 332 
331 404 
331 360 
331 50 
331 263 
331 66 
331 206 
331 8 
331 416 
331 76 
331 127 
331 381 
331 318 
331 147 
331 108 
331 274 
331 465 
331 163 
331 440 
331 339 
331 38 
331 311 
331 212 
331 111 
331 137 
331 475 
331 162 
331 233 
331 22 
331 63 
331 336 
331 479 
331 181 
331 480 
331 135 
331 37 
331 122 
331 201 
331 139 
331 221 
331 40 
331 39 
331 279 
331 169 
331 383 
331 213 
331 87 
331 235 
331 240 
331 269 
331 464 
331 328 
331 403 
331 364 
331 71 
331 488 
331 309 
331 36 
331 469 
332 350 
332 262 
332 143 
332 29 
332 14 
332 79 
332 61 
332 191 
332 343 
332 513 
332 227 
332 11 
332 123 
332 194 
332 324 
332 164 
332 368 
332 341 
332 121 
332 446 
332 215 
332 83 
332 325 
332 466 
332 139 
332 248 
332 74 
332 454 
332 145 
332 84 
332 294 
332 85 
332 33 
332 31 
332 302 
332 229 
332 440 
332 141 
332 388 
332 199 
332 184 
332 427 
332 0 
332 275 
332 489 
332 497 
332 59 
332 132 
332 450 
332 282 
332 424 
332 274 
332 467 
332 314 
332 87 
332 258 
332 223 
332 72 
332 329 
332 13 
332 188 
332 130 
332 417 
332 369 
332 88 
332 5 
332 240 
332 267 
332 298 
332 512 
332 170 
332 236 
332 44 
332 464 
332 50 
332 8 
332 250 
332 482 
332 104 
332 507 
332 230 
332 119 
332 319 
332 155 
332 281 
332 331 
332 207 
332 146 
332 480 
332 486 
332 285 
332 469 
332 367 
332 472 
332 27 
332 462 
332 393 
332 156 
332 23 
332 189 
332 283 
332 46 
332 122 
332 479 
332 116 
332 484 
332 376 
332 359 
332 436 
332 166 
332 279 
332 9 
332 73 
332 249 
332 167 
332 201 
332 411 
332 58 
332 494 
332 6 
332 252 
332 228 
332 81 
332 76 
332 181 
332 37 
332 419 
332 377 
332 110 
332 361 
332 498 
332 134 
332 66 
332 485 
332 19 
332 353 
332 300 
332 508 
332 506 
332 60 
332 471 
332 309 
332 36 
333 214 
333 45 
333 179 
333 352 
333 384 
333 260 
333 135 
333 163 
333 251 
333 425 
333 478 
333 273 
333 498 
333 79 
333 225 
333 35 
333 91 
333 295 
333 385 
333 356 
333 401 
333 335 
333 162 
333 306 
333 500 
333 416 
333 26 
333 42 
333 156 
333 290 
333 243 
333 124 
333 475 
333 78 
333 469 
333 117 
333 59 
333 369 
333 361 
333 193 
333 130 
333 395 
333 274 
333 342 
333 54 
333 191 
333 236 
333 340 
333 220 
333 394 
333 448 
333 87 
333 141 
333 292 
333 282 
333 203 
333 183 
333 414 
333 349 
333 241 
333 323 
333 436 
333 313 
333 318 
333 122 
333 480 
333 93 
333 375 
333 68 
333 329 
333 407 
333 370 
333 319 
333 344 
333 317 
333 21 
333 53 
333 466 
333 161 
333 279 
333 80 
333 62 
333 201 
333 461 
333 419 
333 464 
333 9 
333 192 
333 467 
333 258 
333 447 
333 107 
333 19 
333 184 
333 195 
333 143 
333 216 
333 170 
333 88 
333 60 
333 281 
333 417 
333 210 
333 371 
333 280 
333 132 
333 215 
333 101 
333 202 
333 259 
333 420 
333 499 
333 146 
333 400 
333 424 
333 418 
333 402 
333 182 
333 470 
333 513 
333 103 
333 99 
333 328 
333 233 
333 324 
333 269 
333 262 
333 51 
333 508 
333 86 
333 61 
333 393 
333 3 
333 247 
333 506 
333 174 
333 440 
333 315 
333 231 
333 151 
333 387 
333 494 
333 343 
333 249 
333 50 
333 142 
333 348 
333 63 
333 473 
333 363 
333 178 
333 137 
333 310 
333 147 
333 428 
333 380 
333 70 
334 412 
334 140 
334 261 
334 249 
334 64 
334 496 
334 137 
334 443 
334 32 
334 493 
334 351 
334 319 
334 383 
334 198 
334 505 
334 37 
334 465 
334 128 
334 284 
334 421 
334 271 
334 87 
334 19 
334 255 
334 197 
334 489 
334 120 
334 8 
334 331 
334 350 
334 330 
334 292 
334 433 
334 403 
334 454 
334 256 
334 43 
334 374 
334 365 
334 63 
334 148 
334 326 
334 11 
334 260 
334 263 
334 67 
334 251 
334 447 
334 269 
334 93 
334 210 
334 327 
334 268 
334 68 
334 212 
334 88 
334 370 
334 176 
334 418 
334 481 
334 494 
334 75 
334 486 
334 27 
334 96 
334 440 
334 404 
334 76 
334 254 
334 199 
334 139 
334 461 
334 236 
334 299 
334 204 
334 314 
334 6 
334 474 
334 280 
334 40 
334 169 
334 308 
334 457 
334 456 
334 358 
334 502 
334 164 
334 29 
334 94 
334 10 
334 226 
334 209 
334 136 
334 396 
334 193 
334 345 
334 144 
334 487 
334 473 
334 162 
334 66 
334 371 
334 504 
334 401 
334 215 
334 246 
334 131 
334 55 
334 511 
334 245 
334 353 
334 224 
334 270 
334 395 
334 408 
334 154 
334 122 
334 281 
334 390 
334 21 
334 22 
334 186 
334 492 
334 477 
334 214 
334 172 
334 400 
334 57 
334 485 
334 469 
334 438 
334 300 
334 124 
334 283 
334 328 
334 452 
334 512 
334 360 
334 242 
334 449 
334 315 
334 130 
335 211 
335 478 
335 178 
335 386 
335 394 
335 147 
335 489 
335 38 
335 263 
335 241 
335 295 
335 350 
335 462 
335 458 
335 180 
335 253 
335 12 
335 206 
335 396 
335 385 
335 24 
335 356 
335 110 
335 398 
335 181 
335 54 
335 333 
335 153 
335 212 
335 450 
335 106 
335 201 
335 190 
335 511 
335 258 
335 47 
335 291 
335 148 
335 448 
335 387 
335 418 
335 281 
335 214 
335 118 
335 345 
335 445 
335 126 
335 240 
335 83 
335 252 
335 327 
335 321 
335 455 
335 257 
335 446 
335 168 
335 62 
335 484 
335 59 
335 125 
335 20 
335 317 
335 512 
335 144 
335 477 
335 164 
335 482 
335 349 
335 436 
335 104 
335 307 
335 441 
335 465 
335 490 
335 513 
335 431 
335 486 
335 222 
335 286 
335 239 
335 384 
335 34 
335 413 
335 416 
335 124 
335 138 
335 437 
335 179 
335 251 
335 292 
335 116 
335 95 
335 376 
335 443 
335 112 
335 200 
335 162 
335 322 
335 359 
335 146 
335 311 
335 243 
335 69 
335 337 
335 77 
335 471 
335 195 
335 427 
335 481 
335 294 
335 254 
335 129 
335 107 
335 193 
335 463 
335 74 
335 325 
335 260 
335 198 
335 419 
335 370 
335 220 
335 31 
335 505 
335 131 
335 410 
335 56 
335 174 
335 44 
335 123 
335 81 
335 275 
335 424 
335 405 
335 373 
335 101 
335 265 
335 426 
335 388 
335 151 
335 368 
335 176 
335 17 
335 120 
335 420 
335 300 
335 122 
335 78 
335 210 
335 136 
335 65 
335 468 
335 70 
335 269 
335 324 
335 134 
336 130 
336 6 
336 282 
336 432 
336 431 
336 44 
336 295 
336 504 
336 360 
336 162 
336 3 
336 26 
336 49 
336 254 
336 37 
336 165 
336 205 
336 119 
336 76 
336 113 
336 93 
336 217 
336 342 
336 111 
336 126 
336 139 
336 91 
336 337 
336 166 
336 84 
336 436 
336 456 
336 153 
336 163 
336 257 
336 273 
336 176 
336 354 
336 200 
336 117 
336 201 
336 210 
336 118 
336 82 
336 469 
336 280 
336 444 
336 150 
336 187 
336 38 
336 142 
336 272 
336 276 
336 8 
336 203 
336 285 
336 36 
336 490 
336 283 
336 195 
336 232 
336 418 
336 57 
336 279 
336 249 
336 380 
336 35 
336 388 
336 420 
336 501 
336 356 
336 477 
336 122 
336 383 
336 87 
336 438 
336 190 
336 253 
336 180 
336 10 
336 66 
336 471 
336 114 
336 54 
336 384 
336 461 
336 326 
336 509 
336 159 
336 449 
336 412 
336 325 
336 508 
336 41 
336 246 
336 329 
336 284 
336 275 
336 467 
336 307 
336 393 
336 67 
336 100 
336 433 
336 505 
336 269 
336 482 
336 475 
336 450 
336 458 
336 123 
336 192 
336 47 
336 448 
336 233 
336 308 
336 20 
336 151 
336 460 
336 426 
336 223 
336 266 
336 349 
336 446 
336 447 
336 81 
336 462 
336 435 
336 390 
336 105 
336 331 
336 315 
336 40 
336 173 
336 234 
336 455 
336 396 
336 215 
336 170 
336 376 
336 65 
336 53 
336 454 
336 373 
336 89 
336 389 
336 340 
336 358 
336 120 
336 277 
336 441 
336 157 
336 95 
336 314 
336 32 
336 5 
336 419 
336 328 
336 345 
336 287 
336 301 
336 158 
336 68 
336 404 
336 320 
337 193 
337 222 
337 380 
337 167 
337 312 
337 179 
337 452 
337 322 
337 8 
337 262 
337 203 
337 174 
337 282 
337 476 
337 299 
337 191 
337 15 
337 228 
337 428 
337 336 
337 508 
337 207 
337 343 
337 413 
337 432 
337 50 
337 376 
337 302 
337 440 
337 104 
337 5 
337 110 
337 205 
337 7 
337 231 
337 11 
337 273 
337 307 
337 19 
337 367 
337 430 
337 51 
337 276 
337 209 
337 297 
337 71 
337 461 
337 128 
337 31 
337 148 
337 256 
337 64 
337 279 
337 91 
337 234 
337 161 
337 96 
337 431 
337 164 
337 420 
337 503 
337 409 
337 187 
337 285 
337 78 
337 103 
337 208 
337 84 
337 189 
337 317 
337 252 
337 339 
337 44 
337 136 
337 216 
337 72 
337 123 
337 37 
337 153 
337 133 
337 498 
337 491 
337 396 
337 488 
337 291 
337 266 
337 403 
337 263 
337 166 
337 418 
337 407 
337 392 
337 176 
337 150 
337 268 
337 201 
337 143 
337 399 
337 438 
337 478 
337 25 
337 117 
337 149 
337 492 
337 321 
337 335 
337 477 
337 505 
337 414 
337 239 
337 38 
337 490 
337 265 
337 158 
337 3 
337 274 
337 93 
337 98 
337 230 
337 254 
337 481 
337 86 
337 190 
337 422 
337 171 
337 236 
337 364 
337 366 
337 423 
337 377 
337 442 
337 469 
337 368 
337 53 
337 313 
337 338 
337 145 
337 178 
337 398 
337 381 
337 485 
337 106 
337 391 
338 411 
338 458 
338 249 
338 10 
338 488 
338 230 
338 216 
338 475 
338 203 
338 424 
338 285 
338 173 
338 415 
338 470 
338 250 
338 61 
338 279 
338 242 
338 276 
338 376 
338 25 
338 484 
338 168 
338 417 
338 128 
338 401 
338 492 
338 231 
338 445 
338 347 
338 414 
338 171 
338 413 
338 425 
338 342 
338 16 
338 378 
338 193 
338 137 
338 192 
338 350 
338 461 
338 407 
338 330 
338 20 
338 185 
338 14 
338 95 
338 133 
338 287 
338 294 
338 198 
338 380 
338 103 
338 504 
338 298 
338 369 
338 439 
338 131 
338 288 
338 312 
338 412 
338 352 
338 46 
338 270 
338 113 
338 248 
338 266 
338 456 
338 18 
338 214 
338 498 
338 460 
338 348 
338 246 
338 260 
338 404 
338 117 
338 274 
338 50 
338 371 
338 243 
338 93 
338 306 
338 186 
338 70 
338 191 
338 354 
338 281 
338 220 
338 444 
338 201 
338 499 
338 149 
338 321 
338 167 
338 503 
338 114 
338 453 
338 71 
338 315 
338 309 
338 83 
338 162 
338 179 
338 490 
338 434 
338 124 
338 318 
338 392 
338 452 
338 360 
338 443 
338 218 
338 289 
338 322 
338 59 
338 31 
338 215 
338 397 
338 327 
338 299 
338 109 
338 236 
338 291 
338 489 
338 328 
338 0 
338 224 
338 106 
338 509 
338 110 
338 221 
338 69 
338 112 
338 4 
338 86 
338 64 
338 240 
338 35 
338 406 
338 147 
338 293 
338 292 
338 258 
338 337 
338 282 
338 176 
338 305 
338 144 
338 290 
338 313 
339 226 
339 431 
339 11 
339 113 
339 428 
339 345 
339 184 
339 167 
339 448 
339 315 
339 435 
339 501 
339 114 
339 161 
339 459 
339 18 
339 80 
339 178 
339 493 
339 44 
339 415 
339 181 
339 95 
339 296 
339 32 
339 507 
339 13 
339 163 
339 215 
339 301 
339 231 
339 88 
339 117 
339 269 
339 145 
339 504 
339 173 
339 134 
339 70 
339 123 
339 264 
339 94 
339 142 
339 417 
339 312 
339 205 
339 439 
339 343 
339 46 
339 302 
339 478 
339 263 
339 233 
339 93 
339 451 
339 53 
339 308 
339 492 
339 5 
339 43 
339 60 
339 105 
339 398 
339 125 
339 174 
339 97 
339 140 
339 388 
339 337 
339 347 
339 166 
339 137 
339 202 
339 387 
339 55 
339 363 
339 190 
339 87 
339 126 
339 36 
339 171 
339 385 
339 129 
339 51 
339 206 
339 383 
339 146 
339 498 
339 353 
339 56 
339 297 
339 19 
339 154 
339 278 
339 419 
339 177 
339 103 
339 37 
339 149 
339 33 
339 484 
339 447 
339 244 
339 449 
339 483 
339 360 
339 481 
339 279 
339 119 
339 151 
339 68 
339 41 
339 148 
339 433 
339 47 
339 399 
339 348 
339 194 
339 275 
339 442 
339 432 
339 27 
339 331 
339 242 
339 196 
339 101 
339 289 
339 241 
339 307 
339 290 
339 505 
339 304 
339 261 
339 31 
339 401 
339 110 
339 508 
339 8 
339 373 
339 358 
339 199 
339 176 
339 239 
339 480 
339 487 
339 133 
339 165 
339 22 
339 183 
339 294 
339 235 
339 227 
339 355 
339 84 
339 322 
339 180 
339 1 
339 212 
339 495 
339 34 
339 15 
339 374 
339 98 
339 368 
339 479 
339 454 
339 386 
339 286 
339 318 
339 191 
340 274 
340 103 
340 47 
340 128 
340 188 
340 250 
340 68 
340 506 
340 204 
340 67 
340 198 
340 178 
340 273 
340 355 
340 87 
340 469 
340 455 
340 196 
340 396 
340 389 
340 232 
340 421 
340 513 
340 284 
340 189 
340 62 
340 34 
340 397 
340 1 
340 205 
340 35 
340 486 
340 294 
340 482 
340 458 
340 60 
340 439 
340 240 
340 290 
340 46 
340 9 
340 245 
340 226 
340 118 
340 501 
340 333 
340 154 
340 440 
340 197 
340 289 
340 27 
340 296 
340 443 
340 436 
340 173 
340 423 
340 120 
340 5 
340 55 
340 480 
340 147 
340 380 
340 69 
340 268 
340 44 
340 306 
340 318 
340 508 
340 309 
340 509 
340 315 
340 122 
340 495 
340 248 
340 275 
340 66 
340 382 
340 411 
340 479 
340 190 
340 326 
340 41 
340 258 
340 236 
340 57 
340 208 
340 329 
340 75 
340 31 
340 359 
340 475 
340 59 
340 451 
340 386 
340 269 
340 487 
340 286 
340 200 
340 121 
340 492 
340 73 
340 374 
340 456 
340 169 
340 36 
340 15 
340 4 
340 126 
340 215 
340 393 
340 214 
340 249 
340 212 
340 0 
340 108 
340 303 
340 61 
340 403 
340 141 
340 276 
340 454 
340 148 
340 83 
340 179 
340 159 
340 476 
340 193 
340 407 
340 478 
340 344 
340 321 
340 127 
340 468 
340 219 
340 298 
340 117 
340 336 
340 270 
340 503 
340 233 
340 194 
340 266 
340 292 
340 227 
340 37 
340 370 
340 311 
340 446 
340 8 
340 373 
340 368 
340 252 
340 384 
340 144 
340 217 
340 74 
340 453 
341 171 
341 125 
341 286 
341 150 
341 398 
341 310 
341 92 
341 292 
341 479 
341 51 
341 416 
341 168 
341 373 
341 31 
341 68 
341 489 
341 60 
341 401 
341 471 
341 219 
341 278 
341 511 
341 16 
341 384 
341 367 
341 216 
341 368 
341 332 
341 40 
341 402 
341 507 
341 456 
341 297 
341 487 
341 122 
341 258 
341 190 
341 413 
341 230 
341 446 
341 108 
341 236 
341 274 
341 160 
341 427 
341 177 
341 67 
341 407 
341 282 
341 284 
341 474 
341 463 
341 82 
341 242 
341 121 
341 350 
341 13 
341 112 
341 161 
341 215 
341 419 
341 312 
341 331 
341 38 
341 355 
341 250 
341 212 
341 439 
341 348 
341 4 
341 378 
341 488 
341 224 
341 256 
341 44 
341 36 
341 103 
341 451 
341 313 
341 118 
341 320 
341 233 
341 321 
341 484 
341 319 
341 194 
341 62 
341 454 
341 303 
341 10 
341 376 
341 271 
341 510 
341 311 
341 403 
341 309 
341 370 
341 269 
341 100 
341 246 
341 220 
341 365 
341 251 
341 460 
341 267 
341 27 
341 404 
341 191 
341 415 
341 6 
341 1 
341 307 
341 134 
341 261 
341 418 
341 288 
341 244 
341 136 
341 206 
341 322 
341 486 
341 87 
341 7 
341 426 
341 395 
341 391 
341 359 
341 354 
341 72 
341 128 
341 428 
341 342 
341 314 
341 12 
341 57 
341 453 
341 417 
341 447 
341 363 
341 172 
341 138 
341 23 
341 379 
341 377 
341 204 
341 475 
341 66 
341 139 
341 189 
341 503 
341 109 
342 347 
342 171 
342 178 
342 344 
342 81 
342 307 
342 460 
342 235 
342 249 
342 164 
342 37 
342 183 
342 512 
342 336 
342 317 
342 271 
342 406 
342 414 
342 283 
342 204 
342 116 
342 497 
342 206 
342 418 
342 371 
342 329 
342 326 
342 275 
342 391 
342 444 
342 314 
342 169 
342 49 
342 333 
342 400 
342 197 
342 257 
342 498 
342 225 
342 338 
342 176 
342 202 
342 98 
342 449 
342 88 
342 101 
342 121 
342 401 
342 7 
342 26 
342 356 
342 50 
342 131 
342 62 
342 55 
342 16 
342 212 
342 115 
342 52 
342 349 
342 231 
342 156 
342 360 
342 105 
342 318 
342 118 
342 147 
342 111 
342 94 
342 425 
342 320 
342 374 
342 173 
342 91 
342 311 
342 142 
342 452 
342 96 
342 168 
342 153 
342 149 
342 23 
342 496 
342 501 
342 0 
342 195 
342 138 
342 399 
342 413 
342 47 
342 175 
342 493 
342 240 
342 136 
342 28 
342 299 
342 475 
342 428 
342 303 
342 182 
342 450 
342 31 
342 236 
342 471 
342 289 
342 419 
342 246 
342 429 
342 282 
342 194 
342 127 
342 90 
342 482 
342 310 
342 359 
342 205 
342 214 
342 312 
342 417 
342 198 
342 123 
342 284 
342 167 
342 1 
342 467 
342 27 
342 203 
342 358 
342 95 
342 432 
342 348 
342 45 
342 292 
342 416 
342 274 
342 193 
342 165 
342 102 
342 365 
342 341 
342 97 
342 3 
342 21 
342 439 
342 33 
342 438 
342 361 
342 463 
342 201 
342 290 
342 143 
342 273 
342 301 
342 261 
342 315 
342 221 
342 124 
342 272 
342 67 
342 157 
342 506 
342 398 
343 265 
343 473 
343 418 
343 19 
343 232 
343 123 
343 494 
343 280 
343 272 
343 157 
343 91 
343 71 
343 175 
343 215 
343 332 
343 320 
343 502 
343 409 
343 373 
343 372 
343 252 
343 287 
343 477 
343 195 
343 226 
343 292 
343 391 
343 425 
343 383 
343 88 
343 454 
343 54 
343 209 
343 337 
343 407 
343 368 
343 197 
343 110 
343 289 
343 148 
343 346 
343 133 
343 345 
343 467 
343 434 
343 201 
343 36 
343 135 
343 219 
343 498 
343 90 
343 339 
343 488 
343 163 
343 203 
343 253 
343 455 
343 11 
343 98 
343 403 
343 193 
343 239 
343 92 
343 442 
343 161 
343 2 
343 94 
343 400 
343 46 
343 247 
343 274 
343 323 
343 359 
343 31 
343 460 
343 171 
343 96 
343 329 
343 53 
343 347 
343 238 
343 422 
343 7 
343 401 
343 244 
343 125 
343 484 
343 162 
343 80 
343 448 
343 440 
343 466 
343 81 
343 119 
343 266 
343 165 
343 9 
343 408 
343 93 
343 229 
343 70 
343 43 
343 321 
343 16 
343 85 
343 353 
343 37 
343 245 
343 453 
343 423 
343 393 
343 214 
343 443 
343 404 
343 261 
343 242 
343 129 
343 417 
343 44 
343 58 
343 364 
343 304 
343 190 
343 491 
343 29 
343 14 
343 34 
343 501 
343 127 
343 360 
343 107 
343 3 
343 427 
343 482 
343 476 
343 258 
343 143 
343 388 
343 191 
343 27 
343 192 
343 97 
343 441 
343 333 
343 122 
343 461 
343 371 
343 35 
343 184 
343 474 
343 374 
343 249 
343 277 
343 69 
343 254 
343 510 
343 28 
343 225 
343 406 
343 150 
343 100 
343 303 
344 60 
344 142 
344 342 
344 120 
344 148 
344 213 
344 464 
344 136 
344 478 
344 289 
344 417 
344 469 
344 404 
344 96 
344 451 
344 450 
344 318 
344 373 
344 55 
344 57 
344 354 
344 314 
344 441 
344 77 
344 30 
344 322 
344 297 
344 31 
344 226 
344 391 
344 228 
344 374 
344 113 
344 72 
344 88 
344 110 
344 78 
344 224 
344 79 
344 216 
344 192 
344 36 
344 218 
344 212 
344 423 
344 174 
344 380 
344 296 
344 117 
344 499 
344 426 
344 429 
344 444 
344 80 
344 346 
344 281 
344 115 
344 230 
344 482 
344 421 
344 473 
344 210 
344 93 
344 312 
344 397 
344 124 
344 54 
344 11 
344 153 
344 490 
344 42 
344 12 
344 40 
344 29 
344 107 
344 293 
344 388 
344 436 
344 58 
344 333 
344 247 
344 90 
344 13 
344 512 
344 140 
344 241 
344 35 
344 189 
344 98 
344 24 
344 149 
344 19 
344 111 
344 439 
344 46 
344 294 
344 416 
344 217 
344 453 
344 425 
344 377 
344 298 
344 412 
344 363 
344 463 
344 253 
344 248 
344 386 
344 353 
344 460 
344 59 
344 222 
344 145 
344 87 
344 264 
344 15 
344 365 
344 458 
344 198 
344 41 
344 20 
344 431 
344 83 
344 106 
344 285 
344 497 
344 25 
344 349 
344 504 
344 505 
344 180 
344 284 
344 340 
344 454 
344 262 
344 506 
344 2 
344 258 
344 278 
344 382 
344 446 
344 138 
344 372 
344 105 
344 459 
344 151 
344 479 
344 257 
344 304 
344 242 
344 62 
345 69 
345 25 
345 156 
345 372 
345 403 
345 452 
345 417 
345 4 
345 269 
345 246 
345 317 
345 173 
345 339 
345 264 
345 384 
345 355 
345 247 
345 133 
345 419 
345 40 
345 194 
345 275 
345 385 
345 93 
345 300 
345 229 
345 34 
345 201 
345 492 
345 263 
345 199 
345 197 
345 111 
345 147 
345 121 
345 14 
345 365 
345 391 
345 8 
345 351 
345 54 
345 33 
345 38 
345 466 
345 315 
345 248 
345 113 
345 343 
345 352 
345 335 
345 271 
345 455 
345 184 
345 366 
345 163 
345 310 
345 359 
345 447 
345 227 
345 131 
345 119 
345 207 
345 42 
345 469 
345 152 
345 284 
345 138 
345 3 
345 281 
345 67 
345 170 
345 350 
345 260 
345 150 
345 234 
345 330 
345 461 
345 127 
345 221 
345 86 
345 74 
345 80 
345 349 
345 508 
345 476 
345 305 
345 53 
345 482 
345 145 
345 36 
345 132 
345 20 
345 79 
345 202 
345 75 
345 503 
345 51 
345 1 
345 232 
345 309 
345 7 
345 288 
345 59 
345 77 
345 179 
345 6 
345 279 
345 499 
345 394 
345 296 
345 362 
345 88 
345 334 
345 361 
345 373 
345 44 
345 392 
345 62 
345 475 
345 218 
345 89 
345 43 
345 415 
345 493 
345 162 
345 497 
345 491 
345 293 
345 28 
345 125 
345 176 
345 109 
345 233 
345 495 
345 364 
345 449 
345 292 
345 346 
345 102 
345 480 
345 437 
345 41 
345 283 
345 314 
345 223 
345 58 
345 196 
345 276 
345 511 
345 27 
345 37 
345 16 
345 155 
345 381 
345 303 
345 126 
345 169 
345 90 
345 160 
345 12 
345 379 
345 266 
345 324 
345 370 
345 57 
345 262 
345 181 
345 336 
345 220 
345 219 
345 70 
345 256 
345 108 
345 241 
345 277 
345 425 
345 107 
346 40 
346 270 
346 174 
346 143 
346 459 
346 211 
346 405 
346 176 
346 187 
346 226 
346 271 
346 139 
346 29 
346 261 
346 130 
346 10 
346 509 
346 163 
346 354 
346 97 
346 69 
346 253 
346 414 
346 292 
346 439 
346 352 
346 47 
346 468 
346 433 
346 347 
346 442 
346 94 
346 228 
346 503 
346 27 
346 470 
346 343 
346 268 
346 452 
346 51 
346 329 
346 216 
346 138 
346 361 
346 440 
346 264 
346 45 
346 221 
346 7 
346 195 
346 344 
346 125 
346 487 
346 502 
346 429 
346 420 
346 6 
346 402 
346 303 
346 380 
346 129 
346 504 
346 406 
346 118 
346 146 
346 357 
346 306 
346 19 
346 20 
346 243 
346 309 
346 209 
346 491 
346 383 
346 147 
346 3 
346 166 
346 58 
346 24 
346 448 
346 288 
346 289 
346 262 
346 366 
346 275 
346 492 
346 362 
346 379 
346 8 
346 17 
346 114 
346 9 
346 478 
346 135 
346 358 
346 215 
346 266 
346 75 
346 32 
346 196 
346 254 
346 424 
346 438 
346 198 
346 297 
346 89 
346 370 
346 355 
346 500 
346 203 
346 463 
346 321 
346 161 
346 232 
346 462 
346 244 
346 455 
346 218 
346 65 
346 386 
346 371 
346 360 
346 472 
346 88 
346 98 
346 31 
346 206 
346 72 
346 237 
346 133 
346 267 
346 282 
346 345 
346 186 
346 498 
346 278 
346 330 
346 382 
346 387 
346 148 
346 312 
346 141 
346 241 
346 378 
346 164 
346 400 
346 450 
346 61 
346 180 
346 71 
346 377 
346 73 
346 249 
346 308 
347 342 
347 206 
347 437 
347 156 
347 101 
347 190 
347 311 
347 79 
347 474 
347 467 
347 46 
347 148 
347 314 
347 395 
347 479 
347 287 
347 219 
347 80 
347 504 
347 383 
347 175 
347 168 
347 346 
347 8 
347 184 
347 154 
347 355 
347 301 
347 457 
347 214 
347 119 
347 185 
347 201 
347 338 
347 433 
347 195 
347 68 
347 58 
347 368 
347 100 
347 74 
347 65 
347 246 
347 69 
347 196 
347 473 
347 108 
347 316 
347 486 
347 361 
347 427 
347 266 
347 142 
347 105 
347 116 
347 339 
347 250 
347 114 
347 248 
347 205 
347 441 
347 343 
347 282 
347 152 
347 0 
347 294 
347 482 
347 258 
347 145 
347 192 
347 157 
347 272 
347 223 
347 472 
347 512 
347 221 
347 41 
347 186 
347 19 
347 56 
347 390 
347 45 
347 235 
347 265 
347 440 
347 429 
347 418 
347 23 
347 476 
347 298 
347 375 
347 113 
347 139 
347 191 
347 428 
347 209 
347 165 
347 153 
347 352 
347 384 
347 321 
347 143 
347 259 
347 453 
347 207 
347 98 
347 398 
347 92 
347 252 
347 59 
347 362 
347 33 
347 400 
347 286 
347 451 
347 280 
347 120 
347 127 
347 385 
347 15 
347 493 
347 247 
347 180 
347 274 
347 389 
347 164 
347 419 
347 438 
347 293 
347 189 
348 36 
348 280 
348 268 
348 273 
348 192 
348 387 
348 160 
348 255 
348 244 
348 420 
348 46 
348 56 
348 359 
348 371 
348 435 
348 396 
348 65 
348 218 
348 445 
348 68 
348 247 
348 297 
348 370 
348 226 
348 83 
348 144 
348 302 
348 372 
348 449 
348 329 
348 419 
348 222 
348 53 
348 105 
348 94 
348 292 
348 275 
348 212 
348 436 
348 310 
348 173 
348 196 
348 151 
348 470 
348 195 
348 138 
348 200 
348 409 
348 59 
348 351 
348 27 
348 12 
348 201 
348 376 
348 30 
348 110 
348 384 
348 467 
348 319 
348 157 
348 378 
348 137 
348 330 
348 313 
348 224 
348 182 
348 341 
348 90 
348 220 
348 417 
348 70 
348 120 
348 338 
348 485 
348 472 
348 73 
348 183 
348 369 
348 202 
348 162 
348 437 
348 440 
348 58 
348 225 
348 82 
348 249 
348 412 
348 374 
348 405 
348 458 
348 274 
348 283 
348 132 
348 141 
348 38 
348 504 
348 99 
348 15 
348 129 
348 79 
348 152 
348 461 
348 507 
348 133 
348 339 
348 362 
348 185 
348 241 
348 228 
348 97 
348 451 
348 315 
348 123 
348 484 
348 240 
348 277 
348 432 
348 447 
348 446 
348 365 
348 289 
348 284 
348 69 
348 342 
348 304 
348 285 
348 230 
348 66 
348 320 
348 166 
348 300 
348 290 
348 199 
348 358 
348 89 
348 227 
348 211 
348 146 
348 252 
348 76 
348 497 
348 333 
348 463 
348 354 
348 246 
348 360 
348 116 
348 145 
348 234 
348 136 
348 389 
348 159 
348 161 
348 32 
349 352 
349 293 
349 297 
349 483 
349 109 
349 439 
349 112 
349 206 
349 286 
349 288 
349 429 
349 356 
349 1 
349 268 
349 318 
349 95 
349 424 
349 261 
349 486 
349 52 
349 209 
349 131 
349 394 
349 68 
349 144 
349 430 
349 237 
349 18 
349 199 
349 484 
349 136 
349 205 
349 315 
349 433 
349 290 
349 121 
349 153 
349 437 
349 42 
349 191 
349 495 
349 87 
349 229 
349 408 
349 369 
349 176 
349 450 
349 34 
349 82 
349 175 
349 30 
349 19 
349 158 
349 129 
349 65 
349 363 
349 333 
349 405 
349 320 
349 292 
349 342 
349 467 
349 257 
349 177 
349 335 
349 203 
349 319 
349 122 
349 351 
349 169 
349 105 
349 64 
349 294 
349 60 
349 412 
349 345 
349 225 
349 76 
349 245 
349 93 
349 75 
349 473 
349 441 
349 419 
349 267 
349 180 
349 111 
349 452 
349 404 
349 216 
349 3 
349 241 
349 373 
349 46 
349 283 
349 123 
349 444 
349 148 
349 135 
349 378 
349 395 
349 35 
349 368 
349 336 
349 476 
349 494 
349 154 
349 197 
349 252 
349 28 
349 142 
349 414 
349 480 
349 327 
349 482 
349 48 
349 215 
349 240 
349 208 
349 513 
349 253 
349 143 
349 137 
349 411 
349 171 
349 445 
349 512 
349 71 
349 63 
349 344 
349 358 
349 410 
349 12 
349 461 
349 322 
349 162 
349 396 
349 134 
349 83 
349 330 
349 182 
349 269 
349 157 
349 446 
349 296 
349 407 
349 44 
349 372 
349 285 
349 61 
349 160 
349 62 
349 174 
349 165 
349 166 
349 21 
350 332 
350 209 
350 217 
350 408 
350 335 
350 286 
350 309 
350 485 
350 110 
350 73 
350 26 
350 11 
350 150 
350 35 
350 422 
350 435 
350 501 
350 328 
350 306 
350 500 
350 420 
350 149 
350 100 
350 319 
350 188 
350 364 
350 71 
350 283 
350 334 
350 63 
350 277 
350 301 
350 304 
350 155 
350 369 
350 437 
350 125 
350 177 
350 238 
350 324 
350 292 
350 142 
350 322 
350 388 
350 37 
350 367 
350 13 
350 432 
350 394 
350 234 
350 70 
350 338 
350 80 
350 474 
350 24 
350 484 
350 381 
350 467 
350 430 
350 461 
350 341 
350 280 
350 206 
350 475 
350 101 
350 440 
350 96 
350 457 
350 57 
350 111 
350 230 
350 345 
350 383 
350 406 
350 494 
350 84 
350 28 
350 113 
350 438 
350 95 
350 478 
350 98 
350 88 
350 154 
350 419 
350 471 
350 499 
350 76 
350 114 
350 453 
350 157 
350 443 
350 54 
350 216 
350 12 
350 273 
350 189 
350 64 
350 352 
350 331 
350 170 
350 176 
350 492 
350 56 
350 123 
350 389 
350 275 
350 212 
350 103 
350 299 
350 393 
350 43 
350 31 
350 152 
350 236 
350 465 
350 102 
350 172 
350 93 
350 458 
350 483 
350 220 
350 41 
350 415 
350 141 
350 431 
350 29 
350 490 
350 161 
350 166 
350 373 
350 253 
350 18 
350 147 
350 399 
350 244 
350 65 
350 397 
350 385 
350 463 
350 289 
350 25 
350 196 
350 241 
350 39 
350 235 
350 384 
350 479 
350 183 
350 68 
350 90 
350 50 
350 297 
350 7 
350 178 
350 495 
350 229 
350 378 
350 22 
350 202 
351 174 
351 239 
351 447 
351 492 
351 273 
351 256 
351 147 
351 334 
351 230 
351 405 
351 451 
351 488 
351 72 
351 19 
351 499 
351 6 
351 32 
351 446 
351 504 
351 240 
351 506 
351 224 
351 143 
351 125 
351 103 
351 16 
351 97 
351 312 
351 445 
351 328 
351 28 
351 462 
351 301 
351 187 
351 345 
351 84 
351 172 
351 475 
351 89 
351 46 
351 132 
351 486 
351 463 
351 21 
351 419 
351 145 
351 298 
351 288 
351 62 
351 138 
351 203 
351 135 
351 142 
351 254 
351 386 
351 155 
351 473 
351 12 
351 326 
351 237 
351 371 
351 442 
351 485 
351 278 
351 74 
351 348 
351 218 
351 269 
351 369 
351 424 
351 293 
351 22 
351 459 
351 181 
351 30 
351 130 
351 349 
351 82 
351 373 
351 282 
351 490 
351 60 
351 450 
351 413 
351 152 
351 17 
351 396 
351 8 
351 58 
351 423 
351 456 
351 289 
351 260 
351 409 
351 90 
351 365 
351 156 
351 476 
351 305 
351 355 
351 391 
351 171 
351 382 
351 281 
351 223 
351 303 
351 99 
351 215 
351 359 
351 36 
351 367 
351 363 
351 404 
351 427 
351 180 
351 241 
351 199 
351 162 
351 498 
351 252 
351 408 
351 392 
351 9 
351 361 
351 168 
351 439 
351 381 
351 358 
351 453 
351 234 
351 440 
351 235 
351 295 
351 96 
351 166 
351 73 
351 11 
351 45 
351 68 
351 458 
351 287 
351 185 
351 274 
351 47 
351 286 
351 325 
351 126 
351 210 
351 76 
352 349 
352 322 
352 130 
352 333 
352 226 
352 24 
352 294 
352 434 
352 0 
352 236 
352 53 
352 414 
352 172 
352 42 
352 189 
352 256 
352 122 
352 4 
352 7 
352 389 
352 319 
352 398 
352 146 
352 295 
352 423 
352 420 
352 301 
352 346 
352 57 
352 460 
352 245 
352 251 
352 500 
352 512 
352 382 
352 205 
352 176 
352 134 
352 170 
352 488 
352 345 
352 471 
352 454 
352 153 
352 52 
352 494 
352 84 
352 127 
352 225 
352 128 
352 155 
352 210 
352 95 
352 55 
352 197 
352 180 
352 397 
352 462 
352 221 
352 290 
352 436 
352 239 
352 178 
352 217 
352 457 
352 150 
352 112 
352 444 
352 401 
352 201 
352 432 
352 380 
352 372 
352 338 
352 385 
352 56 
352 505 
352 482 
352 204 
352 98 
352 113 
352 284 
352 510 
352 415 
352 74 
352 208 
352 456 
352 157 
352 459 
352 154 
352 350 
352 100 
352 508 
352 355 
352 26 
352 65 
352 395 
352 363 
352 71 
352 36 
352 187 
352 135 
352 66 
352 29 
352 501 
352 60 
352 67 
352 32 
352 435 
352 145 
352 485 
352 194 
352 159 
352 410 
352 347 
352 320 
352 73 
352 373 
352 207 
352 11 
352 241 
352 330 
352 315 
352 258 
352 403 
352 92 
352 484 
352 117 
352 43 
352 260 
352 476 
352 489 
352 305 
352 300 
352 139 
352 266 
352 33 
352 121 
352 215 
352 388 
352 502 
352 142 
352 39 
352 211 
352 25 
352 426 
352 433 
352 177 
353 248 
353 360 
353 426 
353 286 
353 181 
353 96 
353 111 
353 64 
353 109 
353 419 
353 376 
353 115 
353 246 
353 429 
353 259 
353 132 
353 483 
353 143 
353 310 
353 235 
353 16 
353 357 
353 439 
353 185 
353 271 
353 471 
353 232 
353 412 
353 98 
353 371 
353 211 
353 318 
353 237 
353 463 
353 477 
353 190 
353 150 
353 228 
353 76 
353 7 
353 118 
353 90 
353 195 
353 378 
353 414 
353 432 
353 276 
353 249 
353 441 
353 295 
353 392 
353 274 
353 186 
353 223 
353 513 
353 407 
353 292 
353 39 
353 26 
353 167 
353 156 
353 225 
353 182 
353 102 
353 277 
353 138 
353 139 
353 48 
353 56 
353 6 
353 427 
353 393 
353 482 
353 319 
353 339 
353 92 
353 177 
353 201 
353 356 
353 420 
353 224 
353 480 
353 106 
353 87 
353 367 
353 343 
353 501 
353 254 
353 450 
353 1 
353 389 
353 317 
353 305 
353 416 
353 58 
353 183 
353 344 
353 207 
353 322 
353 268 
353 499 
353 273 
353 279 
353 288 
353 198 
353 81 
353 47 
353 309 
353 382 
353 334 
353 400 
353 430 
353 57 
353 311 
353 411 
353 492 
353 144 
353 32 
353 291 
353 243 
353 303 
353 465 
353 91 
353 14 
353 281 
353 164 
353 468 
353 485 
353 267 
353 500 
353 147 
353 462 
353 332 
353 398 
353 509 
353 157 
353 38 
353 170 
353 53 
353 103 
353 217 
353 78 
353 158 
353 159 
353 165 
353 410 
353 369 
353 161 
353 3 
353 85 
353 494 
353 394 
353 424 
353 260 
353 162 
354 69 
354 268 
354 208 
354 83 
354 255 
354 13 
354 170 
354 473 
354 49 
354 295 
354 174 
354 508 
354 53 
354 234 
354 56 
354 492 
354 226 
354 157 
354 489 
354 143 
354 461 
354 139 
354 344 
354 495 
354 346 
354 424 
354 105 
354 195 
354 30 
354 111 
354 452 
354 77 
354 336 
354 465 
354 164 
354 196 
354 241 
354 504 
354 62 
354 64 
354 460 
354 60 
354 96 
354 485 
354 134 
354 102 
354 478 
354 263 
354 474 
354 117 
354 187 
354 5 
354 319 
354 396 
354 72 
354 55 
354 191 
354 199 
354 14 
354 457 
354 358 
354 372 
354 291 
354 75 
354 11 
354 440 
354 442 
354 513 
354 70 
354 402 
354 501 
354 176 
354 242 
354 3 
354 179 
354 500 
354 150 
354 288 
354 331 
354 468 
354 142 
354 432 
354 4 
354 316 
354 116 
354 222 
354 253 
354 192 
354 405 
354 212 
354 338 
354 115 
354 398 
354 103 
354 209 
354 104 
354 301 
354 166 
354 386 
354 146 
354 106 
354 259 
354 93 
354 254 
354 58 
354 364 
354 182 
354 88 
354 94 
354 232 
354 509 
354 462 
354 250 
354 100 
354 284 
354 293 
354 323 
354 132 
354 281 
354 267 
354 341 
354 385 
354 108 
354 165 
354 412 
354 48 
354 348 
354 477 
354 205 
354 204 
354 407 
354 312 
355 468 
355 26 
355 266 
355 281 
355 306 
355 367 
355 345 
355 474 
355 236 
355 313 
355 99 
355 340 
355 12 
355 439 
355 293 
355 376 
355 139 
355 452 
355 164 
355 196 
355 240 
355 480 
355 501 
355 259 
355 442 
355 366 
355 290 
355 197 
355 347 
355 113 
355 227 
355 94 
355 299 
355 319 
355 261 
355 222 
355 356 
355 303 
355 464 
355 246 
355 143 
355 120 
355 213 
355 140 
355 125 
355 441 
355 212 
355 432 
355 220 
355 224 
355 190 
355 171 
355 341 
355 138 
355 422 
355 274 
355 223 
355 400 
355 2 
355 63 
355 323 
355 4 
355 136 
355 415 
355 444 
355 402 
355 132 
355 294 
355 153 
355 123 
355 484 
355 398 
355 168 
355 56 
355 84 
355 476 
355 273 
355 11 
355 379 
355 19 
355 195 
355 166 
355 374 
355 352 
355 205 
355 450 
355 55 
355 105 
355 351 
355 308 
355 512 
355 160 
355 107 
355 248 
355 346 
355 182 
355 307 
355 242 
355 237 
355 487 
355 148 
355 507 
355 473 
355 163 
355 471 
355 378 
355 463 
355 320 
355 408 
355 134 
355 85 
355 110 
355 469 
355 453 
355 234 
355 21 
355 181 
355 388 
355 81 
355 109 
355 479 
355 161 
355 285 
355 260 
355 103 
355 243 
355 233 
355 17 
355 305 
355 416 
355 339 
355 300 
355 481 
355 10 
355 430 
355 499 
355 377 
355 38 
355 431 
355 316 
355 208 
356 146 
356 461 
356 489 
356 432 
356 318 
356 171 
356 433 
356 391 
356 506 
356 297 
356 349 
356 307 
356 358 
356 494 
356 228 
356 218 
356 299 
356 179 
356 460 
356 166 
356 44 
356 335 
356 428 
356 204 
356 333 
356 144 
356 455 
356 47 
356 367 
356 207 
356 42 
356 405 
356 94 
356 281 
356 34 
356 81 
356 484 
356 366 
356 355 
356 361 
356 170 
356 193 
356 280 
356 364 
356 378 
356 441 
356 225 
356 118 
356 23 
356 490 
356 498 
356 120 
356 293 
356 202 
356 342 
356 416 
356 408 
356 2 
356 214 
356 139 
356 181 
356 309 
356 275 
356 411 
356 390 
356 235 
356 263 
356 95 
356 107 
356 73 
356 174 
356 336 
356 398 
356 54 
356 268 
356 324 
356 256 
356 438 
356 122 
356 457 
356 376 
356 403 
356 156 
356 504 
356 141 
356 232 
356 273 
356 0 
356 509 
356 400 
356 58 
356 483 
356 69 
356 198 
356 203 
356 260 
356 33 
356 261 
356 172 
356 353 
356 195 
356 4 
356 113 
356 57 
356 63 
356 216 
356 492 
356 135 
356 298 
356 211 
356 104 
356 147 
356 19 
356 154 
356 420 
356 379 
356 208 
356 265 
356 136 
356 279 
356 272 
356 221 
356 496 
356 71 
356 306 
356 106 
356 409 
356 48 
356 29 
356 119 
356 43 
356 370 
356 458 
356 382 
356 472 
356 375 
356 362 
356 314 
356 365 
356 290 
356 49 
356 372 
356 77 
356 439 
356 414 
356 271 
357 302 
357 215 
357 300 
357 163 
357 223 
357 224 
357 44 
357 236 
357 310 
357 511 
357 222 
357 426 
357 313 
357 238 
357 468 
357 85 
357 66 
357 196 
357 244 
357 191 
357 125 
357 311 
357 90 
357 502 
357 497 
357 235 
357 465 
357 251 
357 399 
357 12 
357 254 
357 47 
357 353 
357 314 
357 206 
357 435 
357 34 
357 263 
357 173 
357 225 
357 198 
357 386 
357 434 
357 105 
357 97 
357 9 
357 182 
357 277 
357 88 
357 140 
357 378 
357 84 
357 320 
357 87 
357 396 
357 240 
357 63 
357 129 
357 309 
357 448 
357 201 
357 16 
357 133 
357 172 
357 45 
357 331 
357 57 
357 494 
357 73 
357 145 
357 431 
357 283 
357 152 
357 287 
357 346 
357 371 
357 115 
357 505 
357 281 
357 207 
357 50 
357 94 
357 504 
357 284 
357 36 
357 361 
357 214 
357 276 
357 373 
357 460 
357 49 
357 218 
357 157 
357 166 
357 447 
357 80 
357 171 
357 416 
357 425 
357 8 
357 471 
357 269 
357 406 
357 38 
357 394 
357 5 
357 480 
357 250 
357 485 
357 147 
357 230 
357 69 
357 141 
357 194 
357 75 
357 440 
357 414 
357 56 
357 260 
357 10 
357 265 
357 185 
357 204 
357 488 
357 134 
357 383 
357 155 
357 409 
357 410 
357 315 
357 226 
357 422 
357 256 
357 436 
357 478 
357 444 
357 370 
357 453 
357 132 
357 205 
357 22 
357 245 
357 369 
357 257 
357 297 
357 490 
357 122 
357 31 
357 209 
357 200 
357 424 
358 21 
358 14 
358 133 
358 366 
358 280 
358 254 
358 483 
358 356 
358 99 
358 162 
358 313 
358 397 
358 86 
358 272 
358 367 
358 385 
358 457 
358 9 
358 289 
358 476 
358 249 
358 128 
358 509 
358 184 
358 380 
358 216 
358 238 
358 78 
358 75 
358 45 
358 12 
358 290 
358 306 
358 500 
358 259 
358 247 
358 401 
358 214 
358 144 
358 510 
358 377 
358 328 
358 267 
358 378 
358 505 
358 213 
358 36 
358 27 
358 122 
358 354 
358 6 
358 478 
358 392 
358 469 
358 29 
358 244 
358 468 
358 176 
358 461 
358 310 
358 300 
358 50 
358 2 
358 167 
358 187 
358 225 
358 450 
358 198 
358 481 
358 59 
358 243 
358 37 
358 177 
358 322 
358 19 
358 376 
358 400 
358 292 
358 334 
358 293 
358 221 
358 257 
358 163 
358 426 
358 67 
358 91 
358 499 
358 485 
358 346 
358 460 
358 511 
358 10 
358 195 
358 403 
358 204 
358 102 
358 265 
358 138 
358 301 
358 76 
358 16 
358 142 
358 251 
358 503 
358 158 
358 496 
358 151 
358 54 
358 342 
358 222 
358 171 
358 490 
358 146 
358 339 
358 239 
358 96 
358 423 
358 473 
358 101 
358 147 
358 351 
358 121 
358 349 
358 197 
358 402 
358 315 
358 87 
358 448 
358 348 
358 336 
358 275 
358 471 
358 394 
358 202 
358 442 
358 62 
358 266 
358 63 
358 431 
358 299 
358 379 
358 136 
358 173 
358 436 
358 34 
358 321 
359 397 
359 127 
359 252 
359 458 
359 399 
359 96 
359 253 
359 501 
359 313 
359 63 
359 461 
359 65 
359 375 
359 389 
359 373 
359 3 
359 123 
359 189 
359 320 
359 486 
359 72 
359 78 
359 159 
359 120 
359 482 
359 137 
359 459 
359 257 
359 364 
359 348 
359 89 
359 224 
359 226 
359 135 
359 154 
359 267 
359 370 
359 87 
359 255 
359 291 
359 489 
359 204 
359 92 
359 371 
359 196 
359 325 
359 510 
359 466 
359 19 
359 287 
359 290 
359 102 
359 30 
359 138 
359 10 
359 5 
359 301 
359 324 
359 51 
359 99 
359 345 
359 103 
359 216 
359 21 
359 469 
359 188 
359 369 
359 298 
359 152 
359 60 
359 381 
359 239 
359 197 
359 484 
359 362 
359 13 
359 503 
359 343 
359 22 
359 271 
359 130 
359 57 
359 265 
359 24 
359 105 
359 403 
359 228 
359 201 
359 178 
359 413 
359 11 
359 245 
359 36 
359 66 
359 23 
359 303 
359 424 
359 340 
359 256 
359 217 
359 407 
359 335 
359 27 
359 49 
359 309 
359 396 
359 240 
359 219 
359 295 
359 280 
359 73 
359 233 
359 351 
359 332 
359 149 
359 68 
359 401 
359 342 
359 234 
359 374 
359 47 
359 221 
359 25 
359 208 
359 421 
359 223 
359 15 
359 305 
359 341 
359 129 
359 76 
359 465 
359 44 
359 251 
359 423 
359 107 
359 0 
359 452 
359 38 
359 329 
359 229 
359 454 
359 210 
359 488 
359 169 
359 307 
359 279 
359 317 
359 237 
359 17 
359 112 
360 182 
360 449 
360 433 
360 353 
360 294 
360 206 
360 157 
360 336 
360 507 
360 277 
360 259 
360 440 
360 135 
360 88 
360 289 
360 421 
360 455 
360 486 
360 26 
360 87 
360 97 
360 146 
360 99 
360 158 
360 415 
360 471 
360 65 
360 396 
360 166 
360 5 
360 161 
360 303 
360 168 
360 49 
360 55 
360 460 
360 422 
360 247 
360 3 
360 27 
360 6 
360 323 
360 404 
360 82 
360 214 
360 180 
360 249 
360 409 
360 179 
360 14 
360 30 
360 371 
360 367 
360 68 
360 342 
360 284 
360 501 
360 171 
360 283 
360 216 
360 167 
360 394 
360 389 
360 242 
360 364 
360 231 
360 408 
360 446 
360 52 
360 397 
360 416 
360 384 
360 212 
360 8 
360 296 
360 103 
360 511 
360 478 
360 264 
360 411 
360 89 
360 51 
360 148 
360 178 
360 439 
360 199 
360 490 
360 489 
360 61 
360 21 
360 176 
360 43 
360 382 
360 419 
360 331 
360 376 
360 122 
360 261 
360 98 
360 391 
360 413 
360 104 
360 339 
360 274 
360 36 
360 417 
360 186 
360 370 
360 444 
360 252 
360 393 
360 509 
360 226 
360 31 
360 429 
360 95 
360 463 
360 20 
360 338 
360 281 
360 72 
360 60 
360 431 
360 64 
360 346 
360 326 
360 29 
360 476 
360 317 
360 330 
360 73 
360 308 
360 114 
360 343 
360 362 
360 327 
360 378 
360 432 
360 225 
360 412 
360 278 
360 132 
360 141 
360 125 
360 466 
360 58 
360 472 
360 35 
360 169 
360 66 
360 325 
360 458 
360 4 
360 208 
360 38 
360 348 
360 485 
360 102 
360 329 
360 255 
360 334 
360 399 
360 17 
360 491 
360 39 
360 162 
360 306 
361 226 
361 420 
361 428 
361 207 
361 35 
361 417 
361 136 
361 106 
361 510 
361 362 
361 97 
361 281 
361 211 
361 244 
361 495 
361 388 
361 87 
361 320 
361 229 
361 135 
361 414 
361 18 
361 121 
361 410 
361 371 
361 265 
361 295 
361 256 
361 502 
361 267 
361 20 
361 5 
361 485 
361 218 
361 102 
361 91 
361 128 
361 279 
361 52 
361 333 
361 163 
361 98 
361 144 
361 14 
361 346 
361 33 
361 231 
361 356 
361 49 
361 220 
361 436 
361 44 
361 19 
361 77 
361 30 
361 68 
361 139 
361 11 
361 138 
361 145 
361 61 
361 444 
361 116 
361 70 
361 250 
361 347 
361 22 
361 80 
361 36 
361 451 
361 253 
361 83 
361 151 
361 407 
361 331 
361 475 
361 465 
361 242 
361 419 
361 392 
361 454 
361 319 
361 479 
361 8 
361 491 
361 357 
361 328 
361 486 
361 236 
361 72 
361 201 
361 452 
361 32 
361 489 
361 426 
361 199 
361 257 
361 202 
361 308 
361 448 
361 260 
361 398 
361 259 
361 153 
361 58 
361 47 
361 217 
361 387 
361 480 
361 427 
361 176 
361 313 
361 345 
361 251 
361 282 
361 492 
361 437 
361 107 
361 71 
361 81 
361 78 
361 324 
361 300 
361 168 
361 23 
361 372 
361 460 
361 439 
361 243 
361 150 
361 221 
361 351 
361 129 
361 271 
361 274 
361 63 
361 241 
361 481 
361 293 
361 212 
361 92 
361 56 
361 214 
361 490 
361 332 
361 162 
361 222 
361 370 
361 140 
361 315 
361 477 
361 89 
361 166 
361 342 
361 219 
361 280 
361 283 
361 397 
361 400 
361 45 
361 118 
361 103 
361 449 
361 272 
362 126 
362 198 
362 37 
362 214 
362 167 
362 139 
362 498 
362 361 
362 438 
362 266 
362 307 
362 78 
362 413 
362 290 
362 1 
362 310 
362 177 
362 18 
362 224 
362 411 
362 113 
362 311 
362 70 
362 127 
362 394 
362 188 
362 21 
362 329 
362 36 
362 431 
362 364 
362 56 
362 32 
362 428 
362 120 
362 221 
362 304 
362 281 
362 133 
362 199 
362 395 
362 404 
362 330 
362 254 
362 79 
362 132 
362 34 
362 172 
362 375 
362 157 
362 158 
362 159 
362 71 
362 325 
362 43 
362 295 
362 458 
362 309 
362 398 
362 327 
362 241 
362 453 
362 396 
362 223 
362 0 
362 420 
362 15 
362 48 
362 97 
362 472 
362 7 
362 44 
362 24 
362 40 
362 102 
362 55 
362 359 
362 216 
362 504 
362 94 
362 105 
362 250 
362 440 
362 211 
362 289 
362 220 
362 315 
362 318 
362 485 
362 306 
362 62 
362 430 
362 206 
362 415 
362 153 
362 346 
362 488 
362 49 
362 54 
362 246 
362 377 
362 88 
362 209 
362 460 
362 110 
362 259 
362 272 
362 19 
362 317 
362 293 
362 164 
362 345 
362 348 
362 46 
362 247 
362 265 
362 183 
362 367 
362 200 
362 60 
362 407 
362 299 
362 130 
362 416 
362 391 
362 287 
362 180 
362 125 
362 195 
362 178 
362 244 
362 383 
362 253 
362 360 
362 509 
362 513 
362 152 
362 452 
362 271 
362 53 
362 129 
362 128 
362 347 
362 410 
362 146 
362 476 
362 82 
362 276 
362 59 
362 356 
362 45 
362 467 
362 482 
362 263 
362 481 
362 92 
362 425 
362 166 
363 226 
363 204 
363 222 
363 277 
363 386 
363 294 
363 330 
363 48 
363 398 
363 374 
363 242 
363 239 
363 50 
363 113 
363 496 
363 122 
363 505 
363 444 
363 208 
363 35 
363 126 
363 448 
363 457 
363 431 
363 205 
363 477 
363 128 
363 425 
363 307 
363 375 
363 195 
363 298 
363 88 
363 168 
363 171 
363 28 
363 14 
363 247 
363 69 
363 509 
363 289 
363 61 
363 389 
363 270 
363 264 
363 460 
363 118 
363 502 
363 203 
363 383 
363 506 
363 291 
363 265 
363 418 
363 281 
363 93 
363 349 
363 41 
363 271 
363 116 
363 404 
363 433 
363 306 
363 263 
363 339 
363 299 
363 180 
363 435 
363 144 
363 439 
363 446 
363 318 
363 157 
363 465 
363 487 
363 252 
363 194 
363 8 
363 450 
363 454 
363 124 
363 269 
363 92 
363 154 
363 95 
363 260 
363 495 
363 469 
363 155 
363 0 
363 352 
363 479 
363 212 
363 21 
363 478 
363 280 
363 184 
363 351 
363 317 
363 169 
363 344 
363 293 
363 303 
363 304 
363 218 
363 272 
363 244 
363 97 
363 119 
363 77 
363 186 
363 81 
363 308 
363 424 
363 12 
363 197 
363 174 
363 147 
363 224 
363 202 
363 233 
363 71 
363 99 
363 422 
363 87 
363 177 
363 428 
363 91 
363 60 
363 213 
363 438 
363 246 
363 199 
363 341 
363 411 
363 436 
363 165 
363 210 
363 235 
363 403 
363 6 
363 494 
363 201 
363 75 
363 475 
363 173 
363 333 
363 139 
363 474 
363 370 
363 470 
363 420 
363 25 
364 235 
364 18 
364 467 
364 455 
364 173 
364 118 
364 91 
364 31 
364 273 
364 484 
364 84 
364 283 
364 2 
364 359 
364 115 
364 182 
364 285 
364 10 
364 20 
364 423 
364 330 
364 413 
364 362 
364 191 
364 350 
364 204 
364 75 
364 248 
364 493 
364 82 
364 156 
364 377 
364 64 
364 436 
364 81 
364 99 
364 454 
364 147 
364 453 
364 393 
364 230 
364 489 
364 356 
364 180 
364 56 
364 385 
364 424 
364 246 
364 477 
364 500 
364 483 
364 310 
364 297 
364 459 
364 39 
364 264 
364 22 
364 429 
364 486 
364 252 
364 6 
364 77 
364 127 
364 152 
364 411 
364 160 
364 360 
364 221 
364 373 
364 471 
364 126 
364 318 
364 194 
364 281 
364 299 
364 479 
364 290 
364 307 
364 163 
364 417 
364 214 
364 201 
364 282 
364 78 
364 212 
364 465 
364 209 
364 140 
364 354 
364 292 
364 15 
364 168 
364 107 
364 327 
364 149 
364 497 
364 343 
364 315 
364 395 
364 45 
364 405 
364 298 
364 238 
364 11 
364 96 
364 268 
364 106 
364 266 
364 100 
364 345 
364 59 
364 8 
364 239 
364 476 
364 400 
364 172 
364 490 
364 272 
364 434 
364 49 
364 337 
364 403 
364 85 
364 443 
364 66 
364 254 
364 117 
364 322 
364 13 
364 324 
364 23 
364 158 
364 222 
364 143 
364 331 
364 141 
364 450 
364 267 
364 300 
364 399 
364 437 
364 28 
364 404 
365 239 
365 472 
365 448 
365 195 
365 317 
365 444 
365 453 
365 493 
365 13 
365 103 
365 505 
365 28 
365 244 
365 58 
365 203 
365 475 
365 25 
365 65 
365 216 
365 345 
365 223 
365 264 
365 175 
365 258 
365 501 
365 226 
365 144 
365 74 
365 334 
365 62 
365 20 
365 272 
365 507 
365 424 
365 375 
365 42 
365 106 
365 330 
365 504 
365 441 
365 219 
365 318 
365 400 
365 250 
365 394 
365 439 
365 511 
365 55 
365 116 
365 170 
365 404 
365 75 
365 268 
365 302 
365 307 
365 410 
365 405 
365 494 
365 261 
365 422 
365 18 
365 110 
365 366 
365 41 
365 36 
365 432 
365 382 
365 455 
365 99 
365 179 
365 68 
365 442 
365 98 
365 16 
365 499 
365 67 
365 163 
365 26 
365 276 
365 351 
365 105 
365 191 
365 289 
365 252 
365 378 
365 485 
365 297 
365 9 
365 271 
365 151 
365 73 
365 406 
365 298 
365 125 
365 418 
365 245 
365 445 
365 6 
365 57 
365 227 
365 40 
365 341 
365 459 
365 282 
365 305 
365 112 
365 123 
365 503 
365 249 
365 344 
365 348 
365 220 
365 21 
365 277 
365 380 
365 492 
365 411 
365 32 
365 255 
365 256 
365 389 
365 388 
365 180 
365 342 
365 108 
365 63 
365 259 
365 49 
365 468 
365 69 
365 325 
365 232 
365 35 
365 356 
365 421 
365 229 
365 506 
365 71 
365 171 
365 46 
365 133 
365 92 
366 139 
366 258 
366 154 
366 266 
366 300 
366 372 
366 377 
366 358 
366 291 
366 396 
366 440 
366 130 
366 47 
366 382 
366 165 
366 443 
366 311 
366 500 
366 148 
366 196 
366 467 
366 128 
366 68 
366 14 
366 379 
366 11 
366 402 
366 195 
366 93 
366 484 
366 355 
366 12 
366 62 
366 95 
366 451 
366 144 
366 356 
366 429 
366 108 
366 204 
366 453 
366 34 
366 345 
366 6 
366 203 
366 312 
366 114 
366 493 
366 495 
366 226 
366 157 
366 219 
366 391 
366 243 
366 251 
366 265 
366 394 
366 496 
366 438 
366 149 
366 365 
366 308 
366 242 
366 404 
366 233 
366 381 
366 27 
366 228 
366 489 
366 320 
366 485 
366 437 
366 346 
366 376 
366 322 
366 94 
366 303 
366 278 
366 473 
366 504 
366 85 
366 446 
366 28 
366 411 
366 208 
366 449 
366 79 
366 168 
366 431 
366 316 
366 74 
366 433 
366 205 
366 487 
366 150 
366 409 
366 397 
366 30 
366 113 
366 63 
366 103 
366 162 
366 52 
366 458 
366 289 
366 370 
366 304 
366 141 
366 392 
366 294 
366 459 
366 390 
366 465 
366 274 
366 470 
366 463 
366 252 
366 70 
366 330 
366 469 
366 261 
366 264 
366 177 
366 124 
366 120 
366 38 
366 461 
366 328 
366 337 
366 37 
366 151 
366 140 
366 39 
366 84 
366 326 
366 288 
366 164 
366 44 
366 479 
366 134 
366 90 
366 163 
366 297 
366 238 
366 423 
366 16 
366 416 
366 462 
367 155 
367 256 
367 485 
367 52 
367 60 
367 331 
367 409 
367 142 
367 490 
367 327 
367 355 
367 486 
367 168 
367 207 
367 497 
367 28 
367 129 
367 26 
367 33 
367 192 
367 341 
367 308 
367 369 
367 272 
367 358 
367 271 
367 491 
367 356 
367 309 
367 73 
367 205 
367 373 
367 426 
367 210 
367 300 
367 217 
367 278 
367 319 
367 471 
367 37 
367 12 
367 394 
367 224 
367 337 
367 195 
367 479 
367 290 
367 148 
367 401 
367 350 
367 257 
367 303 
367 323 
367 298 
367 103 
367 245 
367 95 
367 399 
367 106 
367 62 
367 77 
367 436 
367 202 
367 288 
367 231 
367 360 
367 374 
367 239 
367 214 
367 219 
367 232 
367 89 
367 9 
367 184 
367 186 
367 23 
367 372 
367 269 
367 395 
367 82 
367 504 
367 177 
367 302 
367 293 
367 411 
367 138 
367 474 
367 165 
367 226 
367 379 
367 412 
367 244 
367 149 
367 221 
367 19 
367 225 
367 243 
367 502 
367 57 
367 332 
367 320 
367 441 
367 305 
367 353 
367 20 
367 2 
367 104 
367 49 
367 113 
367 188 
367 482 
367 483 
367 265 
367 144 
367 512 
367 88 
367 351 
367 444 
367 124 
367 447 
367 393 
367 51 
367 211 
367 282 
367 160 
367 362 
367 121 
367 464 
367 275 
367 304 
367 220 
367 468 
367 390 
367 432 
367 196 
367 85 
367 492 
367 384 
367 132 
367 7 
367 440 
367 301 
367 289 
367 97 
367 500 
367 34 
367 135 
367 501 
367 178 
367 234 
367 404 
367 133 
367 314 
367 166 
367 503 
367 484 
368 415 
368 177 
368 213 
368 133 
368 450 
368 468 
368 110 
368 130 
368 508 
368 490 
368 175 
368 326 
368 402 
368 199 
368 386 
368 35 
368 462 
368 215 
368 341 
368 332 
368 226 
368 228 
368 324 
368 343 
368 292 
368 30 
368 85 
368 484 
368 283 
368 178 
368 403 
368 434 
368 220 
368 399 
368 28 
368 304 
368 347 
368 224 
368 427 
368 312 
368 15 
368 317 
368 144 
368 46 
368 395 
368 281 
368 13 
368 87 
368 458 
368 150 
368 380 
368 432 
368 373 
368 187 
368 182 
368 278 
368 166 
368 320 
368 460 
368 154 
368 260 
368 22 
368 439 
368 19 
368 305 
368 88 
368 506 
368 285 
368 384 
368 116 
368 268 
368 7 
368 416 
368 105 
368 191 
368 172 
368 157 
368 470 
368 176 
368 382 
368 208 
368 81 
368 322 
368 77 
368 55 
368 376 
368 276 
368 20 
368 57 
368 444 
368 69 
368 136 
368 263 
368 306 
368 102 
368 217 
368 492 
368 349 
368 494 
368 60 
368 420 
368 103 
368 218 
368 223 
368 206 
368 294 
368 161 
368 233 
368 137 
368 37 
368 50 
368 442 
368 194 
368 126 
368 235 
368 9 
368 21 
368 210 
368 185 
368 457 
368 493 
368 158 
368 89 
368 485 
368 291 
368 96 
368 17 
368 424 
368 47 
368 335 
368 390 
368 94 
368 471 
368 433 
368 58 
368 301 
368 113 
368 86 
368 227 
368 5 
368 337 
368 252 
368 149 
368 219 
368 507 
368 84 
368 272 
368 340 
368 409 
368 51 
368 79 
368 339 
368 31 
368 323 
368 72 
368 295 
368 97 
368 422 
368 385 
368 447 
368 509 
368 82 
369 41 
369 215 
369 43 
369 323 
369 265 
369 208 
369 212 
369 445 
369 483 
369 498 
369 295 
369 396 
369 107 
369 259 
369 329 
369 231 
369 202 
369 455 
369 495 
369 14 
369 367 
369 382 
369 393 
369 88 
369 195 
369 180 
369 401 
369 257 
369 282 
369 138 
369 474 
369 333 
369 93 
369 286 
369 24 
369 464 
369 9 
369 305 
369 154 
369 350 
369 416 
369 241 
369 442 
369 388 
369 127 
369 236 
369 210 
369 123 
369 217 
369 51 
369 261 
369 101 
369 298 
369 121 
369 349 
369 183 
369 246 
369 387 
369 12 
369 35 
369 359 
369 79 
369 224 
369 465 
369 395 
369 220 
369 351 
369 68 
369 463 
369 244 
369 206 
369 27 
369 11 
369 431 
369 452 
369 77 
369 338 
369 332 
369 311 
369 326 
369 40 
369 256 
369 320 
369 213 
369 309 
369 513 
369 296 
369 279 
369 218 
369 384 
369 179 
369 238 
369 273 
369 65 
369 243 
369 417 
369 240 
369 197 
369 348 
369 251 
369 78 
369 156 
369 299 
369 429 
369 152 
369 379 
369 504 
369 96 
369 114 
369 447 
369 264 
369 500 
369 496 
369 167 
369 420 
369 441 
369 175 
369 6 
369 55 
369 410 
369 21 
369 237 
369 402 
369 86 
369 277 
369 191 
369 203 
369 128 
369 129 
369 38 
369 481 
369 59 
369 164 
369 291 
369 476 
369 318 
369 110 
369 105 
369 111 
369 482 
369 255 
369 174 
369 377 
369 505 
369 418 
369 109 
369 17 
369 446 
369 10 
369 146 
369 134 
369 385 
369 372 
369 222 
369 163 
369 64 
369 247 
369 61 
369 458 
369 57 
369 120 
369 56 
369 509 
369 136 
369 34 
369 275 
369 353 
369 511 
369 357 
369 312 
369 307 
369 413 
370 13 
370 237 
370 432 
370 419 
370 212 
370 272 
370 430 
370 104 
370 275 
370 308 
370 57 
370 248 
370 451 
370 381 
370 127 
370 245 
370 405 
370 239 
370 254 
370 359 
370 325 
370 447 
370 513 
370 454 
370 149 
370 439 
370 143 
370 348 
370 206 
370 163 
370 485 
370 464 
370 28 
370 391 
370 426 
370 257 
370 49 
370 273 
370 50 
370 486 
370 27 
370 377 
370 45 
370 11 
370 510 
370 461 
370 185 
370 246 
370 334 
370 59 
370 441 
370 262 
370 406 
370 330 
370 376 
370 484 
370 292 
370 408 
370 223 
370 48 
370 397 
370 309 
370 431 
370 260 
370 183 
370 483 
370 271 
370 141 
370 456 
370 118 
370 386 
370 208 
370 255 
370 192 
370 435 
370 114 
370 480 
370 333 
370 404 
370 100 
370 146 
370 42 
370 228 
370 489 
370 204 
370 252 
370 7 
370 115 
370 37 
370 234 
370 128 
370 44 
370 360 
370 189 
370 224 
370 19 
370 73 
370 124 
370 490 
370 17 
370 30 
370 494 
370 18 
370 346 
370 422 
370 93 
370 157 
370 136 
370 341 
370 366 
370 372 
370 227 
370 335 
370 280 
370 244 
370 166 
370 68 
370 61 
370 133 
370 145 
370 160 
370 176 
370 443 
370 154 
370 482 
370 109 
370 385 
370 361 
370 159 
370 1 
370 402 
370 319 
370 92 
370 496 
370 46 
370 462 
370 356 
370 384 
370 357 
370 29 
370 478 
370 315 
370 320 
370 313 
370 345 
370 85 
370 58 
370 340 
370 220 
370 270 
370 373 
370 374 
370 394 
370 215 
370 317 
370 180 
370 363 
370 481 
370 135 
371 112 
371 35 
371 376 
371 472 
371 64 
371 1 
371 406 
371 0 
371 348 
371 120 
371 384 
371 361 
371 174 
371 214 
371 197 
371 307 
371 501 
371 499 
371 19 
371 68 
371 179 
371 359 
371 504 
371 217 
371 236 
371 342 
371 125 
371 442 
371 110 
371 49 
371 138 
371 186 
371 276 
371 109 
371 176 
371 353 
371 71 
371 96 
371 395 
371 444 
371 194 
371 314 
371 192 
371 129 
371 84 
371 412 
371 61 
371 98 
371 181 
371 493 
371 101 
371 431 
371 351 
371 497 
371 402 
371 26 
371 232 
371 360 
371 56 
371 388 
371 58 
371 357 
371 246 
371 63 
371 298 
371 85 
371 385 
371 119 
371 191 
371 301 
371 432 
371 404 
371 213 
371 266 
371 229 
371 100 
371 69 
371 331 
371 338 
371 118 
371 476 
371 83 
371 320 
371 184 
371 503 
371 278 
371 231 
371 382 
371 478 
371 149 
371 219 
371 40 
371 316 
371 93 
371 506 
371 151 
371 429 
371 121 
371 44 
371 2 
371 465 
371 124 
371 199 
371 437 
371 333 
371 245 
371 262 
371 81 
371 334 
371 211 
371 389 
371 433 
371 158 
371 207 
371 270 
371 258 
371 305 
371 143 
371 346 
371 479 
371 277 
371 78 
371 400 
371 488 
371 413 
371 155 
371 275 
371 250 
371 512 
371 223 
371 274 
371 255 
371 492 
371 380 
371 201 
371 36 
371 328 
371 114 
371 343 
371 416 
371 399 
371 455 
371 509 
371 66 
371 147 
371 91 
371 398 
371 15 
371 294 
371 163 
371 206 
371 372 
371 237 
372 433 
372 391 
372 33 
372 60 
372 49 
372 465 
372 345 
372 459 
372 366 
372 432 
372 128 
372 466 
372 310 
372 108 
372 343 
372 155 
372 121 
372 427 
372 431 
372 95 
372 261 
372 185 
372 116 
372 462 
372 408 
372 504 
372 418 
372 381 
372 492 
372 45 
372 193 
372 138 
372 486 
372 348 
372 203 
372 373 
372 440 
372 239 
372 253 
372 14 
372 506 
372 67 
372 122 
372 254 
372 413 
372 202 
372 13 
372 51 
372 131 
372 80 
372 488 
372 119 
372 380 
372 289 
372 210 
372 509 
372 403 
372 392 
372 377 
372 354 
372 215 
372 30 
372 412 
372 64 
372 454 
372 402 
372 279 
372 416 
372 352 
372 295 
372 208 
372 111 
372 0 
372 204 
372 367 
372 74 
372 25 
372 379 
372 52 
372 503 
372 130 
372 194 
372 17 
372 448 
372 269 
372 57 
372 216 
372 419 
372 308 
372 277 
372 268 
372 117 
372 232 
372 75 
372 473 
372 317 
372 487 
372 401 
372 445 
372 96 
372 79 
372 258 
372 243 
372 26 
372 165 
372 296 
372 370 
372 484 
372 361 
372 198 
372 233 
372 451 
372 452 
372 223 
372 38 
372 314 
372 501 
372 316 
372 226 
372 129 
372 423 
372 461 
372 37 
372 375 
372 212 
372 263 
372 291 
372 53 
372 246 
372 497 
372 88 
372 369 
372 162 
372 86 
372 256 
372 446 
372 100 
372 184 
372 344 
372 294 
372 349 
372 356 
372 444 
372 390 
372 371 
372 510 
373 300 
373 153 
373 359 
373 172 
373 441 
373 442 
373 165 
373 17 
373 446 
373 341 
373 343 
373 409 
373 184 
373 127 
373 507 
373 443 
373 319 
373 344 
373 110 
373 30 
373 271 
373 216 
373 476 
373 9 
373 164 
373 92 
373 66 
373 500 
373 330 
373 84 
373 308 
373 425 
373 3 
373 173 
373 380 
373 367 
373 189 
373 404 
373 235 
373 46 
373 485 
373 372 
373 33 
373 74 
373 101 
373 243 
373 211 
373 88 
373 301 
373 90 
373 185 
373 125 
373 292 
373 397 
373 368 
373 217 
373 374 
373 430 
373 31 
373 393 
373 157 
373 141 
373 297 
373 34 
373 302 
373 269 
373 56 
373 457 
373 508 
373 146 
373 246 
373 351 
373 205 
373 99 
373 59 
373 327 
373 423 
373 364 
373 83 
373 161 
373 286 
373 420 
373 322 
373 304 
373 13 
373 105 
373 203 
373 438 
373 255 
373 94 
373 357 
373 280 
373 55 
373 202 
373 180 
373 403 
373 503 
373 450 
373 95 
373 349 
373 314 
373 41 
373 326 
373 418 
373 191 
373 411 
373 199 
373 225 
373 453 
373 323 
373 345 
373 389 
373 472 
373 115 
373 352 
373 468 
373 140 
373 395 
373 87 
373 504 
373 48 
373 492 
373 69 
373 42 
373 396 
373 426 
373 339 
373 482 
373 315 
373 427 
373 145 
373 329 
373 335 
373 276 
373 350 
373 454 
373 70 
373 336 
373 268 
373 431 
373 483 
373 244 
373 405 
373 213 
373 91 
373 325 
373 456 
373 461 
373 413 
373 383 
373 19 
373 422 
373 310 
373 340 
373 370 
373 47 
373 375 
373 85 
373 117 
373 58 
374 403 
374 428 
374 502 
374 494 
374 198 
374 415 
374 288 
374 363 
374 501 
374 310 
374 509 
374 297 
374 171 
374 22 
374 79 
374 304 
374 384 
374 137 
374 87 
374 344 
374 202 
374 15 
374 228 
374 83 
374 135 
374 179 
374 420 
374 334 
374 243 
374 305 
374 125 
374 472 
374 232 
374 448 
374 426 
374 424 
374 235 
374 8 
374 30 
374 251 
374 445 
374 418 
374 249 
374 212 
374 246 
374 124 
374 311 
374 452 
374 423 
374 278 
374 373 
374 118 
374 245 
374 443 
374 425 
374 367 
374 119 
374 156 
374 500 
374 90 
374 247 
374 10 
374 503 
374 178 
374 188 
374 256 
374 342 
374 281 
374 220 
374 434 
374 47 
374 149 
374 14 
374 127 
374 24 
374 512 
374 34 
374 81 
374 167 
374 355 
374 139 
374 348 
374 145 
374 406 
374 173 
374 482 
374 175 
374 106 
374 340 
374 73 
374 150 
374 261 
374 238 
374 390 
374 148 
374 43 
374 51 
374 317 
374 142 
374 481 
374 37 
374 307 
374 254 
374 359 
374 505 
374 11 
374 271 
374 437 
374 99 
374 36 
374 206 
374 89 
374 7 
374 31 
374 86 
374 229 
374 193 
374 219 
374 258 
374 467 
374 100 
374 225 
374 412 
374 209 
374 273 
374 449 
374 282 
374 485 
374 343 
374 479 
374 155 
374 88 
374 283 
374 138 
374 339 
374 370 
374 239 
374 329 
374 276 
374 476 
374 59 
375 8 
375 393 
375 163 
375 31 
375 476 
375 79 
375 510 
375 359 
375 383 
375 128 
375 403 
375 105 
375 460 
375 7 
375 237 
375 20 
375 301 
375 49 
375 226 
375 166 
375 408 
375 453 
375 310 
375 150 
375 327 
375 116 
375 290 
375 143 
375 493 
375 125 
375 465 
375 10 
375 12 
375 479 
375 108 
375 268 
375 211 
375 40 
375 363 
375 186 
375 65 
375 431 
375 91 
375 61 
375 142 
375 316 
375 238 
375 260 
375 425 
375 362 
375 382 
375 39 
375 239 
375 365 
375 318 
375 264 
375 146 
375 257 
375 277 
375 480 
375 129 
375 477 
375 430 
375 261 
375 35 
375 191 
375 84 
375 299 
375 169 
375 414 
375 467 
375 447 
375 422 
375 126 
375 441 
375 27 
375 411 
375 123 
375 504 
375 235 
375 304 
375 469 
375 333 
375 55 
375 399 
375 179 
375 43 
375 71 
375 279 
375 176 
375 297 
375 217 
375 182 
375 165 
375 294 
375 188 
375 317 
375 395 
375 0 
375 6 
375 227 
375 85 
375 418 
375 184 
375 311 
375 185 
375 434 
375 483 
375 168 
375 118 
375 347 
375 203 
375 178 
375 488 
375 127 
375 223 
375 193 
375 13 
375 397 
375 494 
375 421 
375 19 
375 407 
375 378 
375 187 
375 329 
375 463 
375 104 
375 38 
375 439 
375 121 
375 438 
375 285 
375 372 
375 486 
375 58 
375 265 
375 197 
375 106 
375 448 
375 243 
375 270 
375 475 
375 103 
375 44 
375 37 
375 356 
375 482 
375 54 
375 219 
375 244 
375 513 
375 30 
375 110 
375 454 
375 89 
375 97 
375 373 
375 288 
376 442 
376 207 
376 371 
376 170 
376 113 
376 5 
376 461 
376 428 
376 264 
376 283 
376 68 
376 330 
376 353 
376 320 
376 381 
376 194 
376 204 
376 131 
376 409 
376 405 
376 302 
376 355 
376 44 
376 337 
376 338 
376 248 
376 414 
376 387 
376 312 
376 79 
376 416 
376 70 
376 279 
376 53 
376 495 
376 154 
376 240 
376 298 
376 42 
376 129 
376 152 
376 226 
376 196 
376 265 
376 3 
376 175 
376 205 
376 51 
376 200 
376 187 
376 314 
376 397 
376 38 
376 81 
376 16 
376 503 
376 391 
376 506 
376 479 
376 426 
376 370 
376 348 
376 37 
376 89 
376 67 
376 153 
376 246 
376 220 
376 478 
376 356 
376 295 
376 433 
376 327 
376 406 
376 174 
376 512 
376 190 
376 23 
376 238 
376 315 
376 398 
376 106 
376 236 
376 366 
376 307 
376 18 
376 492 
376 509 
376 358 
376 139 
376 437 
376 466 
376 335 
376 418 
376 127 
376 13 
376 435 
376 368 
376 360 
376 82 
376 293 
376 489 
376 76 
376 276 
376 421 
376 182 
376 56 
376 227 
376 185 
376 24 
376 341 
376 378 
376 332 
376 36 
376 505 
376 499 
376 77 
376 400 
376 429 
376 446 
376 408 
376 390 
376 217 
376 487 
376 39 
376 382 
376 119 
376 117 
376 144 
376 336 
376 199 
376 328 
376 48 
376 88 
376 504 
376 497 
376 303 
376 108 
376 6 
376 477 
376 143 
376 167 
376 417 
376 484 
376 202 
376 404 
376 494 
376 454 
376 169 
376 218 
376 25 
376 34 
376 215 
376 476 
376 29 
377 235 
377 78 
377 11 
377 496 
377 117 
377 266 
377 418 
377 265 
377 366 
377 85 
377 58 
377 277 
377 247 
377 505 
377 64 
377 308 
377 158 
377 15 
377 498 
377 65 
377 168 
377 321 
377 302 
377 502 
377 5 
377 54 
377 113 
377 494 
377 151 
377 103 
377 193 
377 270 
377 291 
377 93 
377 206 
377 139 
377 364 
377 276 
377 35 
377 358 
377 215 
377 491 
377 179 
377 458 
377 216 
377 116 
377 48 
377 400 
377 437 
377 386 
377 370 
377 417 
377 475 
377 245 
377 372 
377 278 
377 275 
377 99 
377 410 
377 192 
377 394 
377 145 
377 36 
377 331 
377 49 
377 106 
377 204 
377 20 
377 38 
377 251 
377 309 
377 397 
377 19 
377 17 
377 205 
377 29 
377 318 
377 472 
377 112 
377 32 
377 484 
377 311 
377 174 
377 506 
377 21 
377 279 
377 157 
377 292 
377 101 
377 362 
377 107 
377 104 
377 511 
377 100 
377 255 
377 404 
377 225 
377 41 
377 118 
377 330 
377 166 
377 249 
377 171 
377 344 
377 420 
377 285 
377 398 
377 487 
377 467 
377 463 
377 200 
377 264 
377 221 
377 319 
377 461 
377 126 
377 303 
377 408 
377 94 
377 243 
377 268 
377 53 
377 328 
377 169 
377 51 
377 473 
377 379 
377 236 
377 167 
377 115 
377 369 
377 95 
377 332 
377 147 
377 143 
377 183 
377 6 
377 92 
377 503 
377 39 
377 507 
377 121 
377 413 
377 63 
377 378 
377 455 
377 337 
377 88 
377 355 
377 69 
377 341 
377 346 
377 7 
377 295 
377 97 
377 439 
378 158 
378 22 
378 123 
378 383 
378 239 
378 496 
378 206 
378 148 
378 422 
378 394 
378 283 
378 93 
378 509 
378 214 
378 393 
378 120 
378 142 
378 249 
378 232 
378 27 
378 293 
378 112 
378 72 
378 277 
378 215 
378 29 
378 467 
378 406 
378 485 
378 61 
378 104 
378 172 
378 121 
378 136 
378 443 
378 315 
378 242 
378 149 
378 200 
378 479 
378 137 
378 291 
378 513 
378 256 
378 309 
378 357 
378 356 
378 169 
378 338 
378 210 
378 179 
378 460 
378 358 
378 243 
378 437 
378 484 
378 508 
378 175 
378 353 
378 431 
378 409 
378 95 
378 462 
378 382 
378 402 
378 135 
378 19 
378 85 
378 419 
378 24 
378 348 
378 244 
378 183 
378 184 
378 272 
378 155 
378 473 
378 127 
378 251 
378 273 
378 78 
378 341 
378 461 
378 153 
378 164 
378 53 
378 67 
378 180 
378 44 
378 438 
378 500 
378 295 
378 329 
378 161 
378 279 
378 55 
378 83 
378 70 
378 420 
378 456 
378 397 
378 63 
378 114 
378 195 
378 492 
378 428 
378 365 
378 227 
378 75 
378 89 
378 349 
378 102 
378 103 
378 228 
378 376 
378 230 
378 86 
378 47 
378 304 
378 79 
378 355 
378 116 
378 265 
378 188 
378 433 
378 381 
378 447 
378 375 
378 204 
378 421 
378 321 
378 360 
378 303 
378 512 
378 320 
378 302 
378 377 
378 82 
378 52 
378 417 
378 346 
378 229 
378 494 
378 221 
378 263 
378 448 
378 387 
378 385 
378 98 
378 234 
378 497 
378 327 
378 350 
378 62 
378 11 
379 196 
379 159 
379 215 
379 331 
379 183 
379 141 
379 87 
379 152 
379 225 
379 213 
379 68 
379 10 
379 96 
379 416 
379 229 
379 458 
379 171 
379 442 
379 424 
379 321 
379 255 
379 366 
379 56 
379 302 
379 247 
379 125 
379 177 
379 30 
379 310 
379 212 
379 272 
379 381 
379 109 
379 201 
379 195 
379 434 
379 400 
379 513 
379 239 
379 425 
379 22 
379 15 
379 244 
379 428 
379 443 
379 299 
379 263 
379 467 
379 57 
379 208 
379 42 
379 139 
379 445 
379 510 
379 218 
379 488 
379 173 
379 4 
379 392 
379 372 
379 380 
379 448 
379 46 
379 1 
379 190 
379 235 
379 123 
379 85 
379 258 
379 21 
379 116 
379 283 
379 367 
379 311 
379 369 
379 93 
379 71 
379 102 
379 346 
379 300 
379 355 
379 474 
379 111 
379 297 
379 61 
379 144 
379 418 
379 479 
379 433 
379 221 
379 207 
379 165 
379 325 
379 122 
379 120 
379 460 
379 426 
379 53 
379 291 
379 58 
379 491 
379 51 
379 107 
379 356 
379 192 
379 494 
379 440 
379 387 
379 477 
379 137 
379 236 
379 197 
379 18 
379 103 
379 317 
379 377 
379 306 
379 502 
379 259 
379 270 
379 222 
379 104 
379 170 
379 232 
379 241 
379 471 
379 186 
379 65 
379 9 
379 345 
379 100 
379 129 
379 341 
379 454 
379 326 
379 358 
379 406 
379 266 
380 450 
380 422 
380 246 
380 99 
380 297 
380 148 
380 241 
380 50 
380 337 
380 119 
380 313 
380 232 
380 25 
380 160 
380 154 
380 86 
380 394 
380 318 
380 427 
380 325 
380 182 
380 330 
380 447 
380 256 
380 84 
380 24 
380 208 
380 278 
380 412 
380 316 
380 501 
380 20 
380 419 
380 481 
380 458 
380 499 
380 121 
380 500 
380 248 
380 382 
380 358 
380 373 
380 140 
380 164 
380 43 
380 16 
380 166 
380 63 
380 147 
380 179 
380 40 
380 163 
380 107 
380 426 
380 275 
380 205 
380 161 
380 436 
380 193 
380 344 
380 271 
380 509 
380 268 
380 26 
380 73 
380 413 
380 103 
380 150 
380 42 
380 216 
380 372 
380 475 
380 368 
380 203 
380 218 
380 496 
380 340 
380 186 
380 115 
380 29 
380 437 
380 240 
380 133 
380 336 
380 503 
380 307 
380 423 
380 305 
380 277 
380 346 
380 338 
380 230 
380 98 
380 233 
380 440 
380 327 
380 281 
380 89 
380 352 
380 92 
380 433 
380 57 
380 181 
380 455 
380 379 
380 217 
380 460 
380 56 
380 331 
380 141 
380 263 
380 33 
380 127 
380 69 
380 309 
380 173 
380 228 
380 442 
380 384 
380 235 
380 55 
380 444 
380 401 
380 395 
380 185 
380 132 
380 187 
380 513 
380 105 
380 210 
380 130 
380 462 
380 322 
380 78 
380 492 
380 199 
380 488 
380 95 
380 62 
380 324 
380 123 
380 295 
380 328 
380 237 
380 398 
380 44 
380 58 
380 435 
380 21 
380 365 
380 249 
380 118 
380 14 
380 438 
380 371 
380 259 
380 415 
380 37 
380 7 
380 293 
380 294 
380 112 
380 135 
380 485 
380 270 
380 12 
380 143 
380 8 
380 215 
380 284 
380 100 
380 299 
380 333 
380 64 
380 184 
381 296 
381 447 
381 415 
381 141 
381 314 
381 98 
381 124 
381 258 
381 468 
381 136 
381 249 
381 306 
381 89 
381 486 
381 194 
381 163 
381 376 
381 161 
381 196 
381 440 
381 18 
381 215 
381 70 
381 471 
381 257 
381 229 
381 275 
381 370 
381 96 
381 435 
381 36 
381 184 
381 372 
381 133 
381 250 
381 389 
381 429 
381 198 
381 119 
381 165 
381 483 
381 413 
381 23 
381 117 
381 132 
381 279 
381 508 
381 157 
381 271 
381 3 
381 4 
381 37 
381 456 
381 392 
381 379 
381 241 
381 44 
381 420 
381 106 
381 502 
381 71 
381 318 
381 60 
381 505 
381 101 
381 509 
381 350 
381 226 
381 458 
381 391 
381 317 
381 62 
381 53 
381 174 
381 498 
381 152 
381 359 
381 190 
381 472 
381 470 
381 493 
381 33 
381 209 
381 499 
381 490 
381 185 
381 476 
381 396 
381 175 
381 238 
381 219 
381 366 
381 480 
381 278 
381 94 
381 27 
381 430 
381 292 
381 0 
381 86 
381 383 
381 253 
381 416 
381 327 
381 16 
381 475 
381 110 
381 146 
381 474 
381 495 
381 326 
381 93 
381 313 
381 102 
381 20 
381 311 
381 145 
381 291 
381 164 
381 309 
381 405 
381 331 
381 441 
381 15 
381 134 
381 388 
381 208 
381 246 
381 295 
381 390 
381 401 
381 409 
381 507 
381 378 
381 434 
381 511 
381 419 
381 351 
381 91 
381 64 
381 453 
381 503 
381 329 
381 485 
381 217 
381 345 
381 320 
381 49 
381 59 
381 422 
381 506 
381 230 
381 482 
381 122 
381 244 
381 143 
381 121 
381 268 
381 57 
381 337 
381 153 
381 235 
381 181 
382 87 
382 174 
382 287 
382 449 
382 209 
382 54 
382 431 
382 9 
382 187 
382 210 
382 316 
382 53 
382 130 
382 416 
382 55 
382 366 
382 244 
382 479 
382 478 
382 295 
382 189 
382 369 
382 257 
382 234 
382 93 
382 305 
382 222 
382 380 
382 160 
382 98 
382 79 
382 34 
382 460 
382 192 
382 505 
382 411 
382 32 
382 243 
382 45 
382 458 
382 352 
382 375 
382 455 
382 511 
382 162 
382 90 
382 393 
382 466 
382 239 
382 29 
382 330 
382 23 
382 441 
382 326 
382 323 
382 258 
382 228 
382 390 
382 378 
382 137 
382 409 
382 212 
382 132 
382 410 
382 253 
382 49 
382 216 
382 198 
382 340 
382 152 
382 365 
382 155 
382 280 
382 412 
382 114 
382 451 
382 230 
382 100 
382 1 
382 35 
382 246 
382 168 
382 368 
382 315 
382 322 
382 391 
382 148 
382 37 
382 203 
382 84 
382 144 
382 275 
382 484 
382 360 
382 238 
382 218 
382 266 
382 117 
382 165 
382 190 
382 392 
382 237 
382 207 
382 371 
382 91 
382 508 
382 262 
382 293 
382 351 
382 146 
382 313 
382 274 
382 485 
382 42 
382 415 
382 474 
382 83 
382 73 
382 181 
382 437 
382 456 
382 235 
382 78 
382 353 
382 388 
382 170 
382 497 
382 464 
382 376 
382 298 
382 507 
382 428 
382 99 
382 225 
382 346 
382 141 
382 92 
382 475 
382 260 
382 356 
382 221 
382 468 
382 95 
382 344 
382 418 
382 385 
382 461 
382 512 
382 115 
382 317 
382 395 
382 423 
382 499 
383 227 
383 89 
383 510 
383 0 
383 378 
383 264 
383 9 
383 375 
383 90 
383 485 
383 497 
383 275 
383 191 
383 68 
383 276 
383 108 
383 496 
383 255 
383 334 
383 315 
383 304 
383 483 
383 430 
383 415 
383 343 
383 292 
383 267 
383 384 
383 284 
383 347 
383 96 
383 475 
383 476 
383 263 
383 206 
383 456 
383 72 
383 504 
383 395 
383 466 
383 209 
383 293 
383 103 
383 409 
383 268 
383 298 
383 385 
383 44 
383 437 
383 151 
383 511 
383 294 
383 118 
383 269 
383 363 
383 228 
383 114 
383 190 
383 192 
383 258 
383 490 
383 160 
383 318 
383 1 
383 323 
383 111 
383 419 
383 136 
383 336 
383 54 
383 438 
383 149 
383 187 
383 350 
383 433 
383 225 
383 280 
383 128 
383 416 
383 69 
383 217 
383 420 
383 346 
383 8 
383 197 
383 339 
383 198 
383 131 
383 387 
383 112 
383 493 
383 381 
383 435 
383 182 
383 222 
383 129 
383 256 
383 461 
383 176 
383 314 
383 312 
383 148 
383 234 
383 319 
383 469 
383 218 
383 499 
383 154 
383 498 
383 397 
383 392 
383 274 
383 32 
383 316 
383 119 
383 205 
383 212 
383 48 
383 386 
383 445 
383 441 
383 87 
383 512 
383 207 
383 325 
383 180 
383 80 
383 357 
383 291 
383 15 
383 35 
383 462 
383 196 
383 362 
383 170 
383 413 
383 273 
383 220 
383 454 
383 88 
383 444 
383 331 
383 202 
383 407 
383 455 
383 259 
383 36 
383 24 
383 509 
383 178 
383 373 
383 281 
383 155 
383 429 
383 219 
383 127 
383 253 
383 126 
383 173 
383 506 
384 107 
384 286 
384 211 
384 213 
384 333 
384 237 
384 187 
384 442 
384 345 
384 222 
384 503 
384 431 
384 4 
384 476 
384 40 
384 483 
384 450 
384 288 
384 330 
384 371 
384 437 
384 28 
384 341 
384 33 
384 433 
384 383 
384 278 
384 249 
384 374 
384 16 
384 270 
384 196 
384 489 
384 258 
384 38 
384 174 
384 329 
384 12 
384 488 
384 416 
384 144 
384 93 
384 11 
384 260 
384 170 
384 62 
384 173 
384 474 
384 255 
384 122 
384 456 
384 297 
384 226 
384 463 
384 452 
384 507 
384 390 
384 306 
384 94 
384 421 
384 423 
384 153 
384 10 
384 324 
384 348 
384 197 
384 41 
384 59 
384 336 
384 461 
384 186 
384 368 
384 46 
384 482 
384 335 
384 360 
384 73 
384 34 
384 506 
384 183 
384 369 
384 85 
384 72 
384 417 
384 243 
384 420 
384 436 
384 231 
384 388 
384 380 
384 403 
384 192 
384 327 
384 386 
384 216 
384 149 
384 294 
384 54 
384 3 
384 166 
384 95 
384 497 
384 117 
384 125 
384 30 
384 274 
384 304 
384 194 
384 119 
384 32 
384 132 
384 205 
384 426 
384 281 
384 18 
384 301 
384 276 
384 347 
384 284 
384 185 
384 511 
384 319 
384 113 
384 204 
384 298 
384 435 
384 413 
384 367 
384 131 
384 217 
384 311 
384 475 
384 257 
384 201 
384 230 
384 468 
384 422 
384 370 
384 120 
384 350 
384 64 
384 43 
384 453 
384 151 
384 245 
384 247 
384 264 
384 340 
384 256 
384 146 
384 471 
384 138 
385 444 
385 7 
385 417 
385 178 
385 127 
385 197 
385 154 
385 164 
385 429 
385 405 
385 282 
385 180 
385 432 
385 162 
385 493 
385 140 
385 55 
385 466 
385 269 
385 331 
385 345 
385 324 
385 335 
385 171 
385 441 
385 333 
385 358 
385 161 
385 43 
385 193 
385 426 
385 188 
385 124 
385 407 
385 413 
385 209 
385 400 
385 440 
385 216 
385 308 
385 281 
385 158 
385 299 
385 456 
385 383 
385 29 
385 411 
385 275 
385 83 
385 6 
385 442 
385 496 
385 14 
385 15 
385 364 
385 480 
385 330 
385 207 
385 475 
385 485 
385 104 
385 447 
385 45 
385 315 
385 277 
385 227 
385 12 
385 500 
385 499 
385 259 
385 159 
385 469 
385 2 
385 495 
385 196 
385 92 
385 352 
385 327 
385 371 
385 462 
385 470 
385 339 
385 454 
385 228 
385 293 
385 473 
385 265 
385 221 
385 406 
385 155 
385 123 
385 144 
385 183 
385 195 
385 512 
385 147 
385 73 
385 75 
385 30 
385 309 
385 129 
385 267 
385 506 
385 225 
385 306 
385 48 
385 86 
385 215 
385 311 
385 320 
385 295 
385 116 
385 226 
385 481 
385 58 
385 250 
385 283 
385 304 
385 33 
385 50 
385 458 
385 310 
385 294 
385 322 
385 459 
385 204 
385 52 
385 74 
385 460 
385 414 
385 323 
385 88 
385 370 
385 135 
385 173 
385 109 
385 350 
385 437 
385 203 
385 354 
385 369 
385 492 
385 479 
385 235 
385 347 
385 427 
385 121 
385 287 
385 382 
385 145 
385 378 
385 213 
385 504 
385 421 
385 139 
385 418 
385 187 
385 91 
385 409 
385 107 
385 368 
386 439 
386 304 
386 123 
386 363 
386 335 
386 467 
386 113 
386 108 
386 230 
386 67 
386 150 
386 132 
386 416 
386 470 
386 368 
386 4 
386 471 
386 463 
386 429 
386 137 
386 241 
386 138 
386 239 
386 93 
386 491 
386 449 
386 201 
386 419 
386 326 
386 474 
386 300 
386 392 
386 323 
386 294 
386 274 
386 204 
386 357 
386 49 
386 226 
386 88 
386 229 
386 70 
386 159 
386 30 
386 290 
386 23 
386 411 
386 482 
386 301 
386 285 
386 401 
386 310 
386 240 
386 119 
386 291 
386 145 
386 377 
386 76 
386 38 
386 351 
386 431 
386 227 
386 114 
386 435 
386 453 
386 154 
386 459 
386 65 
386 131 
386 330 
386 193 
386 86 
386 210 
386 11 
386 427 
386 496 
386 95 
386 55 
386 164 
386 478 
386 208 
386 205 
386 217 
386 117 
386 98 
386 120 
386 63 
386 370 
386 1 
386 155 
386 397 
386 111 
386 136 
386 216 
386 450 
386 116 
386 469 
386 174 
386 409 
386 14 
386 399 
386 196 
386 225 
386 307 
386 39 
386 384 
386 223 
386 263 
386 448 
386 322 
386 47 
386 354 
386 340 
386 102 
386 69 
386 53 
386 172 
386 383 
386 344 
386 447 
386 213 
386 346 
386 509 
386 283 
386 235 
386 282 
386 185 
386 309 
386 393 
386 168 
386 504 
386 59 
386 460 
386 10 
386 248 
386 445 
386 188 
386 461 
386 477 
386 160 
386 5 
386 325 
386 9 
386 83 
386 442 
386 260 
386 488 
386 288 
386 82 
386 339 
386 183 
386 395 
386 278 
387 313 
387 348 
387 64 
387 289 
387 440 
387 182 
387 63 
387 458 
387 248 
387 429 
387 163 
387 428 
387 227 
387 85 
387 221 
387 376 
387 150 
387 113 
387 52 
387 465 
387 294 
387 281 
387 306 
387 290 
387 335 
387 445 
387 175 
387 461 
387 149 
387 219 
387 89 
387 439 
387 135 
387 90 
387 473 
387 209 
387 417 
387 408 
387 208 
387 45 
387 498 
387 369 
387 145 
387 31 
387 57 
387 470 
387 410 
387 104 
387 305 
387 433 
387 142 
387 494 
387 471 
387 480 
387 255 
387 501 
387 262 
387 400 
387 1 
387 110 
387 339 
387 91 
387 191 
387 50 
387 309 
387 328 
387 304 
387 406 
387 383 
387 450 
387 512 
387 330 
387 273 
387 217 
387 101 
387 263 
387 70 
387 225 
387 504 
387 203 
387 18 
387 168 
387 210 
387 250 
387 455 
387 99 
387 223 
387 361 
387 424 
387 434 
387 507 
387 457 
387 73 
387 493 
387 441 
387 2 
387 237 
387 78 
387 41 
387 379 
387 39 
387 126 
387 254 
387 42 
387 393 
387 259 
387 491 
387 166 
387 481 
387 172 
387 164 
387 235 
387 389 
387 233 
387 86 
387 37 
387 402 
387 197 
387 472 
387 346 
387 123 
387 228 
387 427 
387 333 
387 10 
387 112 
387 284 
387 324 
387 489 
387 25 
387 79 
387 266 
387 378 
387 485 
387 495 
387 299 
387 169 
387 280 
387 322 
387 463 
387 202 
388 392 
388 100 
388 242 
388 74 
388 202 
388 113 
388 63 
388 75 
388 503 
388 73 
388 361 
388 121 
388 127 
388 441 
388 39 
388 133 
388 70 
388 419 
388 440 
388 496 
388 251 
388 209 
388 308 
388 64 
388 414 
388 422 
388 487 
388 263 
388 163 
388 99 
388 58 
388 130 
388 443 
388 295 
388 102 
388 204 
388 320 
388 188 
388 93 
388 228 
388 369 
388 332 
388 401 
388 305 
388 291 
388 187 
388 468 
388 350 
388 19 
388 217 
388 54 
388 462 
388 307 
388 78 
388 241 
388 41 
388 169 
388 484 
388 418 
388 211 
388 2 
388 336 
388 457 
388 339 
388 371 
388 416 
388 170 
388 197 
388 274 
388 222 
388 182 
388 513 
388 183 
388 167 
388 427 
388 67 
388 29 
388 344 
388 48 
388 485 
388 159 
388 105 
388 384 
388 85 
388 161 
388 198 
388 328 
388 171 
388 244 
388 71 
388 472 
388 44 
388 140 
388 173 
388 193 
388 214 
388 138 
388 452 
388 381 
388 303 
388 59 
388 52 
388 482 
388 382 
388 425 
388 269 
388 330 
388 290 
388 355 
388 471 
388 86 
388 192 
388 40 
388 87 
388 501 
388 365 
388 335 
388 178 
388 343 
388 236 
388 172 
388 400 
388 123 
388 26 
388 66 
388 79 
388 352 
388 389 
388 146 
388 405 
388 233 
388 37 
388 231 
388 21 
388 196 
388 232 
388 447 
388 287 
388 235 
388 247 
388 118 
389 23 
389 327 
389 131 
389 305 
389 296 
389 292 
389 147 
389 475 
389 171 
389 359 
389 11 
389 70 
389 248 
389 467 
389 280 
389 481 
389 159 
389 272 
389 352 
389 340 
389 87 
389 312 
389 285 
389 325 
389 397 
389 56 
389 130 
389 381 
389 169 
389 478 
389 6 
389 363 
389 162 
389 156 
389 464 
389 50 
389 106 
389 452 
389 36 
389 488 
389 218 
389 93 
389 245 
389 206 
389 139 
389 140 
389 320 
389 231 
389 102 
389 99 
389 294 
389 200 
389 510 
389 315 
389 434 
389 107 
389 419 
389 191 
389 145 
389 268 
389 494 
389 513 
389 360 
389 80 
389 120 
389 314 
389 14 
389 91 
389 90 
389 241 
389 420 
389 78 
389 462 
389 489 
389 63 
389 67 
389 58 
389 450 
389 267 
389 45 
389 187 
389 426 
389 199 
389 403 
389 486 
389 112 
389 113 
389 201 
389 190 
389 350 
389 155 
389 329 
389 437 
389 395 
389 495 
389 491 
389 53 
389 311 
389 203 
389 438 
389 353 
389 373 
389 279 
389 392 
389 258 
389 470 
389 302 
389 299 
389 371 
389 111 
389 212 
389 263 
389 230 
389 442 
389 160 
389 444 
389 215 
389 175 
389 122 
389 466 
389 252 
389 460 
389 398 
389 237 
389 387 
389 465 
389 62 
389 501 
389 404 
389 394 
389 39 
389 365 
389 144 
389 336 
389 508 
389 388 
389 232 
389 149 
389 54 
389 430 
389 347 
389 259 
389 477 
389 61 
389 348 
389 271 
389 41 
389 108 
390 398 
390 329 
390 444 
390 159 
390 103 
390 64 
390 43 
390 158 
390 5 
390 477 
390 455 
390 87 
390 256 
390 109 
390 79 
390 37 
390 248 
390 199 
390 210 
390 318 
390 507 
390 61 
390 439 
390 89 
390 307 
390 434 
390 312 
390 119 
390 176 
390 419 
390 485 
390 139 
390 147 
390 424 
390 484 
390 476 
390 270 
390 456 
390 92 
390 462 
390 322 
390 495 
390 129 
390 324 
390 111 
390 235 
390 238 
390 395 
390 7 
390 162 
390 149 
390 466 
390 452 
390 153 
390 48 
390 499 
390 283 
390 113 
390 161 
390 440 
390 247 
390 186 
390 285 
390 106 
390 267 
390 460 
390 506 
390 384 
390 356 
390 382 
390 212 
390 311 
390 415 
390 494 
390 468 
390 430 
390 86 
390 200 
390 16 
390 60 
390 257 
390 6 
390 391 
390 83 
390 180 
390 249 
390 449 
390 461 
390 171 
390 427 
390 291 
390 491 
390 185 
390 226 
390 422 
390 18 
390 478 
390 62 
390 497 
390 152 
390 347 
390 447 
390 208 
390 512 
390 418 
390 505 
390 94 
390 407 
390 426 
390 21 
390 93 
390 236 
390 280 
390 39 
390 58 
390 374 
390 421 
390 190 
390 490 
390 411 
390 38 
390 465 
390 222 
390 366 
390 261 
390 336 
390 143 
390 381 
390 125 
390 376 
390 187 
390 486 
390 320 
390 400 
390 2 
390 82 
390 367 
390 328 
390 327 
390 410 
390 75 
390 334 
390 405 
390 458 
390 368 
390 133 
390 451 
390 252 
390 175 
390 70 
390 126 
390 144 
390 135 
390 227 
390 450 
390 467 
390 271 
390 156 
390 243 
390 372 
390 321 
390 317 
391 77 
391 372 
391 447 
391 312 
391 441 
391 395 
391 49 
391 356 
391 463 
391 399 
391 134 
391 435 
391 195 
391 17 
391 486 
391 103 
391 146 
391 343 
391 498 
391 513 
391 3 
391 325 
391 67 
391 230 
391 28 
391 85 
391 237 
391 12 
391 128 
391 345 
391 344 
391 453 
391 19 
391 451 
391 235 
391 474 
391 191 
391 65 
391 342 
391 158 
391 125 
391 370 
391 144 
391 15 
391 183 
391 326 
391 72 
391 13 
391 50 
391 501 
391 409 
391 402 
391 241 
391 16 
391 381 
391 376 
391 93 
391 42 
391 236 
391 204 
391 366 
391 37 
391 481 
391 266 
391 507 
391 43 
391 121 
391 305 
391 238 
391 255 
391 396 
391 193 
391 449 
391 104 
391 120 
391 508 
391 284 
391 285 
391 23 
391 80 
391 133 
391 327 
391 489 
391 194 
391 390 
391 92 
391 197 
391 442 
391 214 
391 405 
391 135 
391 308 
391 382 
391 167 
391 450 
391 138 
391 119 
391 394 
391 24 
391 283 
391 466 
391 157 
391 259 
391 360 
391 188 
391 351 
391 29 
391 444 
391 205 
391 159 
391 232 
391 452 
391 321 
391 485 
391 309 
391 91 
391 52 
391 503 
391 438 
391 268 
391 264 
391 112 
391 66 
391 149 
391 18 
391 0 
391 190 
391 131 
391 162 
391 462 
391 2 
391 362 
391 168 
391 163 
391 114 
391 124 
391 306 
391 33 
391 86 
391 289 
391 341 
391 282 
391 423 
391 145 
391 500 
391 36 
391 475 
391 411 
391 432 
391 287 
391 53 
391 99 
391 511 
391 417 
391 156 
391 200 
391 269 
391 301 
391 263 
391 75 
391 495 
391 251 
391 218 
391 250 
391 58 
391 265 
391 32 
391 337 
391 427 
392 388 
392 431 
392 45 
392 443 
392 137 
392 111 
392 94 
392 314 
392 33 
392 120 
392 15 
392 250 
392 231 
392 326 
392 280 
392 457 
392 172 
392 328 
392 455 
392 413 
392 506 
392 433 
392 193 
392 458 
392 323 
392 264 
392 386 
392 2 
392 113 
392 393 
392 287 
392 422 
392 222 
392 205 
392 381 
392 51 
392 206 
392 146 
392 194 
392 97 
392 282 
392 394 
392 462 
392 70 
392 14 
392 313 
392 26 
392 513 
392 407 
392 312 
392 466 
392 478 
392 184 
392 316 
392 372 
392 158 
392 260 
392 503 
392 358 
392 18 
392 62 
392 465 
392 293 
392 353 
392 491 
392 214 
392 201 
392 20 
392 154 
392 147 
392 84 
392 361 
392 178 
392 244 
392 28 
392 187 
392 453 
392 233 
392 152 
392 50 
392 238 
392 278 
392 379 
392 141 
392 302 
392 37 
392 151 
392 169 
392 266 
392 337 
392 269 
392 74 
392 219 
392 7 
392 418 
392 464 
392 199 
392 255 
392 382 
392 289 
392 47 
392 259 
392 208 
392 420 
392 21 
392 383 
392 170 
392 496 
392 315 
392 428 
392 277 
392 318 
392 430 
392 338 
392 285 
392 202 
392 36 
392 109 
392 389 
392 366 
392 345 
392 82 
392 489 
392 60 
392 290 
392 254 
392 351 
392 76 
392 228 
392 19 
392 456 
392 117 
392 80 
392 248 
392 72 
392 481 
392 139 
392 40 
392 229 
392 30 
392 49 
392 471 
392 426 
392 404 
392 48 
392 286 
392 317 
392 177 
392 5 
392 504 
392 116 
392 150 
392 198 
392 87 
392 107 
392 78 
392 125 
392 470 
392 52 
393 375 
393 117 
393 10 
393 221 
393 197 
393 253 
393 312 
393 127 
393 276 
393 204 
393 207 
393 419 
393 464 
393 378 
393 115 
393 137 
393 490 
393 142 
393 11 
393 239 
393 266 
393 49 
393 154 
393 196 
393 171 
393 369 
393 218 
393 91 
393 140 
393 328 
393 26 
393 323 
393 329 
393 505 
393 156 
393 392 
393 303 
393 5 
393 306 
393 70 
393 502 
393 437 
393 175 
393 300 
393 467 
393 250 
393 177 
393 118 
393 495 
393 364 
393 456 
393 294 
393 0 
393 98 
393 382 
393 487 
393 146 
393 129 
393 284 
393 493 
393 194 
393 423 
393 444 
393 408 
393 234 
393 144 
393 305 
393 186 
393 233 
393 422 
393 472 
393 373 
393 104 
393 226 
393 442 
393 4 
393 213 
393 148 
393 432 
393 166 
393 511 
393 285 
393 397 
393 433 
393 353 
393 462 
393 224 
393 336 
393 480 
393 167 
393 159 
393 428 
393 446 
393 71 
393 332 
393 145 
393 350 
393 360 
393 39 
393 173 
393 58 
393 343 
393 205 
393 109 
393 436 
393 281 
393 488 
393 256 
393 182 
393 367 
393 309 
393 340 
393 96 
393 128 
393 485 
393 299 
393 387 
393 497 
393 451 
393 153 
393 409 
393 257 
393 264 
393 84 
393 73 
393 386 
393 48 
393 413 
393 30 
393 477 
393 416 
393 255 
393 450 
393 258 
393 333 
393 46 
393 499 
393 406 
393 461 
393 263 
393 195 
393 7 
393 147 
393 94 
393 503 
393 55 
393 448 
393 260 
393 307 
393 103 
393 271 
393 326 
393 273 
393 9 
393 41 
394 29 
394 117 
394 449 
394 434 
394 454 
394 45 
394 335 
394 249 
394 66 
394 411 
394 380 
394 414 
394 378 
394 47 
394 61 
394 165 
394 42 
394 362 
394 453 
394 30 
394 95 
394 491 
394 435 
394 452 
394 396 
394 209 
394 349 
394 173 
394 268 
394 499 
394 504 
394 473 
394 269 
394 256 
394 326 
394 266 
394 458 
394 152 
394 288 
394 367 
394 488 
394 329 
394 463 
394 7 
394 392 
394 333 
394 115 
394 147 
394 110 
394 313 
394 350 
394 23 
394 106 
394 472 
394 365 
394 114 
394 318 
394 192 
394 316 
394 447 
394 407 
394 211 
394 455 
394 415 
394 74 
394 410 
394 377 
394 366 
394 200 
394 160 
394 73 
394 127 
394 183 
394 427 
394 119 
394 250 
394 184 
394 360 
394 193 
394 310 
394 238 
394 287 
394 102 
394 85 
394 512 
394 157 
394 92 
394 290 
394 89 
394 498 
394 213 
394 510 
394 197 
394 228 
394 104 
394 391 
394 204 
394 72 
394 419 
394 196 
394 185 
394 140 
394 322 
394 191 
394 175 
394 481 
394 237 
394 158 
394 75 
394 485 
394 357 
394 345 
394 130 
394 51 
394 227 
394 64 
394 420 
394 83 
394 470 
394 128 
394 264 
394 243 
394 474 
394 446 
394 438 
394 181 
394 418 
394 229 
394 50 
394 461 
394 262 
394 469 
394 10 
394 223 
394 306 
394 275 
394 270 
394 389 
394 154 
394 241 
394 56 
394 291 
394 210 
394 252 
394 358 
394 493 
394 320 
394 198 
394 167 
394 222 
394 506 
394 254 
394 65 
394 279 
394 370 
394 353 
394 409 
394 424 
394 280 
394 429 
394 1 
395 34 
395 463 
395 36 
395 103 
395 308 
395 205 
395 481 
395 506 
395 59 
395 391 
395 166 
395 18 
395 246 
395 284 
395 79 
395 235 
395 31 
395 420 
395 407 
395 498 
395 183 
395 104 
395 223 
395 321 
395 47 
395 347 
395 115 
395 81 
395 90 
395 60 
395 462 
395 230 
395 21 
395 331 
395 29 
395 71 
395 280 
395 120 
395 458 
395 211 
395 383 
395 362 
395 326 
395 411 
395 333 
395 390 
395 447 
395 41 
395 242 
395 100 
395 295 
395 371 
395 136 
395 444 
395 268 
395 164 
395 178 
395 176 
395 118 
395 368 
395 402 
395 154 
395 167 
395 288 
395 9 
395 237 
395 150 
395 40 
395 109 
395 26 
395 222 
395 369 
395 130 
395 158 
395 477 
395 91 
395 185 
395 248 
395 467 
395 46 
395 169 
395 252 
395 75 
395 493 
395 201 
395 58 
395 97 
395 291 
395 77 
395 305 
395 56 
395 511 
395 367 
395 312 
395 214 
395 182 
395 39 
395 6 
395 84 
395 442 
395 146 
395 52 
395 0 
395 306 
395 191 
395 499 
395 117 
395 375 
395 69 
395 512 
395 410 
395 352 
395 380 
395 108 
395 194 
395 28 
395 325 
395 111 
395 264 
395 389 
395 441 
395 435 
395 349 
395 488 
395 163 
395 272 
395 241 
395 116 
395 8 
395 300 
395 7 
395 12 
395 72 
395 364 
395 373 
395 23 
395 282 
395 226 
395 434 
395 487 
395 400 
395 445 
395 224 
395 221 
395 67 
395 95 
395 334 
395 96 
395 503 
395 135 
395 212 
395 177 
395 513 
395 341 
395 315 
395 51 
395 448 
395 490 
395 278 
395 255 
395 203 
395 138 
395 44 
395 405 
395 24 
395 475 
395 10 
395 431 
395 436 
395 94 
395 409 
395 433 
395 279 
395 192 
395 276 
395 22 
395 277 
395 386 
395 292 
395 382 
395 190 
395 181 
395 4 
396 306 
396 441 
396 429 
396 171 
396 70 
396 73 
396 75 
396 64 
396 135 
396 438 
396 137 
396 281 
396 369 
396 366 
396 55 
396 322 
396 1 
396 254 
396 456 
396 148 
396 223 
396 335 
396 125 
396 510 
396 348 
396 127 
396 340 
396 394 
396 309 
396 53 
396 132 
396 79 
396 291 
396 38 
396 439 
396 106 
396 153 
396 188 
396 59 
396 71 
396 180 
396 427 
396 174 
396 199 
396 360 
396 203 
396 34 
396 273 
396 453 
396 220 
396 261 
396 408 
396 316 
396 311 
396 402 
396 84 
396 505 
396 287 
396 201 
396 221 
396 493 
396 357 
396 197 
396 354 
396 249 
396 4 
396 362 
396 163 
396 398 
396 42 
396 7 
396 218 
396 66 
396 32 
396 266 
396 422 
396 160 
396 482 
396 233 
396 139 
396 500 
396 308 
396 381 
396 391 
396 465 
396 323 
396 424 
396 337 
396 504 
396 318 
396 30 
396 25 
396 466 
396 211 
396 290 
396 189 
396 423 
396 274 
396 426 
396 351 
396 286 
396 217 
396 247 
396 314 
396 146 
396 6 
396 260 
396 63 
396 406 
396 448 
396 131 
396 72 
396 294 
396 401 
396 513 
396 359 
396 224 
396 269 
396 262 
396 334 
396 478 
396 317 
396 78 
396 133 
396 492 
396 475 
396 463 
396 470 
396 193 
396 411 
396 149 
396 283 
396 271 
396 36 
396 373 
396 89 
396 403 
396 336 
396 256 
396 503 
396 62 
396 495 
396 33 
396 349 
396 65 
396 110 
396 509 
396 43 
396 8 
396 299 
396 80 
396 488 
396 11 
396 167 
396 23 
396 19 
396 114 
397 359 
397 25 
397 272 
397 488 
397 284 
397 1 
397 68 
397 175 
397 123 
397 22 
397 418 
397 181 
397 293 
397 461 
397 323 
397 430 
397 447 
397 3 
397 98 
397 191 
397 268 
397 205 
397 288 
397 140 
397 416 
397 442 
397 358 
397 500 
397 422 
397 39 
397 146 
397 117 
397 266 
397 77 
397 124 
397 389 
397 8 
397 60 
397 340 
397 202 
397 503 
397 67 
397 301 
397 50 
397 434 
397 73 
397 186 
397 296 
397 166 
397 233 
397 297 
397 174 
397 316 
397 224 
397 467 
397 152 
397 502 
397 110 
397 230 
397 217 
397 376 
397 228 
397 158 
397 303 
397 373 
397 444 
397 445 
397 61 
397 352 
397 454 
397 106 
397 58 
397 411 
397 370 
397 144 
397 41 
397 344 
397 280 
397 44 
397 248 
397 377 
397 9 
397 253 
397 30 
397 143 
397 360 
397 254 
397 261 
397 192 
397 386 
397 262 
397 147 
397 324 
397 393 
397 441 
397 232 
397 270 
397 290 
397 130 
397 314 
397 495 
397 484 
397 252 
397 378 
397 315 
397 105 
397 483 
397 197 
397 229 
397 383 
397 52 
397 74 
397 276 
397 211 
397 366 
397 188 
397 94 
397 438 
397 26 
397 408 
397 171 
397 12 
397 305 
397 489 
397 249 
397 137 
397 318 
397 469 
397 196 
397 474 
397 338 
397 43 
397 375 
397 455 
397 427 
397 435 
397 92 
397 119 
397 473 
397 48 
397 283 
397 405 
397 330 
397 111 
397 128 
397 207 
397 161 
397 85 
397 153 
397 107 
397 259 
397 350 
397 7 
397 496 
397 222 
397 499 
397 42 
397 135 
397 448 
397 274 
397 327 
397 508 
397 307 
397 313 
397 486 
397 80 
397 361 
397 57 
397 151 
397 277 
397 210 
397 512 
397 472 
397 510 
397 487 
397 129 
398 214 
398 390 
398 426 
398 22 
398 182 
398 341 
398 225 
398 494 
398 363 
398 318 
398 263 
398 170 
398 123 
398 78 
398 17 
398 352 
398 87 
398 235 
398 335 
398 417 
398 150 
398 327 
398 480 
398 206 
398 59 
398 195 
398 86 
398 193 
398 44 
398 43 
398 74 
398 125 
398 456 
398 130 
398 495 
398 461 
398 227 
398 205 
398 465 
398 509 
398 362 
398 485 
398 222 
398 112 
398 396 
398 462 
398 305 
398 183 
398 339 
398 237 
398 491 
398 320 
398 356 
398 95 
398 42 
398 453 
398 447 
398 245 
398 172 
398 54 
398 200 
398 316 
398 99 
398 166 
398 444 
398 253 
398 242 
398 48 
398 257 
398 209 
398 250 
398 181 
398 136 
398 284 
398 405 
398 513 
398 273 
398 277 
398 84 
398 46 
398 376 
398 213 
398 216 
398 507 
398 355 
398 506 
398 512 
398 110 
398 354 
398 16 
398 361 
398 420 
398 229 
398 304 
398 414 
398 409 
398 281 
398 120 
398 61 
398 287 
398 23 
398 165 
398 377 
398 178 
398 408 
398 212 
398 98 
398 114 
398 92 
398 487 
398 148 
398 58 
398 189 
398 428 
398 315 
398 218 
398 306 
398 116 
398 380 
398 102 
398 138 
398 389 
398 103 
398 121 
398 347 
398 29 
398 13 
398 443 
398 324 
398 228 
398 220 
398 309 
398 254 
398 293 
398 427 
398 353 
398 249 
398 416 
398 30 
398 33 
398 143 
398 153 
398 412 
398 260 
398 127 
398 300 
398 337 
398 371 
398 258 
398 211 
398 184 
398 342 
399 319 
399 359 
399 48 
399 495 
399 431 
399 69 
399 111 
399 462 
399 425 
399 34 
399 421 
399 443 
399 52 
399 391 
399 161 
399 283 
399 114 
399 37 
399 282 
399 211 
399 255 
399 407 
399 75 
399 139 
399 496 
399 2 
399 426 
399 357 
399 506 
399 291 
399 403 
399 436 
399 265 
399 404 
399 145 
399 56 
399 149 
399 414 
399 368 
399 233 
399 89 
399 440 
399 189 
399 15 
399 112 
399 331 
399 132 
399 130 
399 50 
399 258 
399 488 
399 507 
399 367 
399 5 
399 293 
399 96 
399 256 
399 478 
399 208 
399 473 
399 24 
399 457 
399 123 
399 292 
399 138 
399 505 
399 184 
399 21 
399 152 
399 485 
399 193 
399 262 
399 10 
399 459 
399 375 
399 170 
399 475 
399 154 
399 190 
399 228 
399 126 
399 418 
399 64 
399 219 
399 1 
399 483 
399 42 
399 342 
399 386 
399 214 
399 38 
399 81 
399 337 
399 87 
399 246 
399 285 
399 40 
399 411 
399 311 
399 84 
399 188 
399 307 
399 304 
399 71 
399 481 
399 74 
399 339 
399 302 
399 327 
399 33 
399 14 
399 305 
399 11 
399 19 
399 296 
399 165 
399 422 
399 162 
399 198 
399 59 
399 224 
399 235 
399 91 
399 227 
399 118 
399 124 
399 251 
399 192 
399 146 
399 508 
399 350 
399 244 
399 113 
399 148 
399 401 
399 147 
399 298 
399 470 
399 30 
399 371 
399 468 
399 413 
399 175 
399 364 
399 451 
399 201 
399 324 
399 263 
399 360 
399 300 
399 502 
400 506 
400 417 
400 128 
400 38 
400 37 
400 478 
400 217 
400 428 
400 513 
400 100 
400 266 
400 402 
400 68 
400 282 
400 239 
400 237 
400 32 
400 301 
400 132 
400 134 
400 485 
400 502 
400 269 
400 385 
400 114 
400 84 
400 129 
400 216 
400 342 
400 203 
400 51 
400 456 
400 90 
400 454 
400 377 
400 511 
400 379 
400 365 
400 142 
400 120 
400 422 
400 315 
400 490 
400 91 
400 125 
400 473 
400 463 
400 131 
400 67 
400 343 
400 407 
400 387 
400 137 
400 127 
400 205 
400 491 
400 316 
400 355 
400 124 
400 453 
400 311 
400 119 
400 504 
400 224 
400 302 
400 245 
400 161 
400 140 
400 458 
400 356 
400 213 
400 358 
400 240 
400 182 
400 497 
400 218 
400 290 
400 421 
400 159 
400 260 
400 296 
400 426 
400 111 
400 109 
400 78 
400 69 
400 13 
400 247 
400 113 
400 11 
400 206 
400 54 
400 194 
400 459 
400 210 
400 405 
400 333 
400 258 
400 437 
400 66 
400 89 
400 4 
400 327 
400 150 
400 144 
400 395 
400 376 
400 45 
400 353 
400 184 
400 219 
400 416 
400 390 
400 371 
400 238 
400 179 
400 480 
400 465 
400 364 
400 230 
400 70 
400 156 
400 190 
400 414 
400 503 
400 388 
400 334 
400 347 
400 20 
400 48 
400 492 
400 151 
400 287 
400 25 
400 231 
400 6 
400 148 
400 346 
400 306 
400 21 
400 252 
400 361 
400 197 
400 284 
400 418 
400 403 
400 186 
401 324 
401 33 
401 23 
401 204 
401 258 
401 254 
401 402 
401 155 
401 268 
401 341 
401 197 
401 229 
401 161 
401 279 
401 203 
401 459 
401 207 
401 186 
401 422 
401 333 
401 62 
401 20 
401 408 
401 450 
401 455 
401 14 
401 206 
401 5 
401 170 
401 488 
401 290 
401 300 
401 369 
401 425 
401 231 
401 433 
401 51 
401 111 
401 12 
401 286 
401 338 
401 49 
401 0 
401 513 
401 98 
401 388 
401 358 
401 257 
401 505 
401 146 
401 386 
401 508 
401 139 
401 249 
401 276 
401 367 
401 445 
401 21 
401 76 
401 342 
401 437 
401 190 
401 95 
401 265 
401 476 
401 251 
401 487 
401 255 
401 256 
401 498 
401 237 
401 352 
401 269 
401 424 
401 303 
401 110 
401 60 
401 343 
401 184 
401 250 
401 461 
401 167 
401 202 
401 305 
401 493 
401 153 
401 217 
401 311 
401 22 
401 106 
401 208 
401 196 
401 380 
401 252 
401 169 
401 296 
401 242 
401 396 
401 140 
401 413 
401 135 
401 292 
401 316 
401 96 
401 122 
401 436 
401 442 
401 372 
401 451 
401 418 
401 420 
401 108 
401 171 
401 479 
401 68 
401 221 
401 245 
401 359 
401 430 
401 334 
401 407 
401 314 
401 293 
401 511 
401 15 
401 2 
401 339 
401 232 
401 381 
401 124 
401 173 
401 491 
401 188 
401 77 
401 182 
401 73 
401 193 
401 118 
401 165 
401 79 
401 399 
401 321 
401 178 
401 462 
401 154 
401 156 
401 275 
401 157 
401 7 
401 228 
401 86 
401 174 
401 507 
401 41 
401 3 
401 327 
401 288 
401 138 
402 292 
402 46 
402 99 
402 72 
402 169 
402 129 
402 138 
402 511 
402 34 
402 187 
402 252 
402 267 
402 275 
402 401 
402 193 
402 29 
402 47 
402 263 
402 368 
402 90 
402 400 
402 260 
402 206 
402 501 
402 407 
402 45 
402 100 
402 476 
402 311 
402 341 
402 166 
402 101 
402 264 
402 436 
402 133 
402 307 
402 150 
402 208 
402 366 
402 205 
402 420 
402 301 
402 246 
402 244 
402 109 
402 291 
402 85 
402 430 
402 486 
402 7 
402 456 
402 28 
402 396 
402 140 
402 97 
402 272 
402 236 
402 235 
402 310 
402 403 
402 395 
402 32 
402 391 
402 157 
402 151 
402 40 
402 468 
402 371 
402 43 
402 176 
402 452 
402 498 
402 202 
402 6 
402 328 
402 346 
402 378 
402 428 
402 210 
402 256 
402 510 
402 421 
402 314 
402 56 
402 251 
402 75 
402 354 
402 254 
402 330 
402 143 
402 79 
402 467 
402 372 
402 426 
402 13 
402 454 
402 61 
402 409 
402 463 
402 325 
402 127 
402 445 
402 355 
402 144 
402 269 
402 26 
402 478 
402 156 
402 160 
402 69 
402 442 
402 258 
402 83 
402 295 
402 128 
402 0 
402 313 
402 31 
402 201 
402 35 
402 161 
402 449 
402 309 
402 231 
402 306 
402 177 
402 425 
402 483 
402 503 
402 322 
402 286 
402 437 
402 369 
402 163 
402 5 
402 191 
402 238 
402 499 
402 469 
402 48 
402 22 
402 333 
402 302 
402 111 
402 298 
402 305 
402 304 
402 230 
402 116 
402 134 
402 68 
402 58 
402 276 
402 232 
402 142 
402 387 
402 358 
402 18 
402 282 
402 370 
402 461 
402 211 
402 219 
402 494 
402 172 
402 147 
402 197 
402 474 
402 95 
402 104 
402 466 
402 80 
402 266 
402 223 
402 222 
402 224 
403 249 
403 374 
403 482 
403 345 
403 279 
403 50 
403 29 
403 487 
403 375 
403 36 
403 278 
403 127 
403 85 
403 64 
403 479 
403 77 
403 296 
403 55 
403 445 
403 436 
403 130 
403 155 
403 299 
403 459 
403 446 
403 92 
403 322 
403 319 
403 399 
403 26 
403 146 
403 455 
403 325 
403 418 
403 96 
403 254 
403 334 
403 328 
403 108 
403 368 
403 235 
403 226 
403 7 
403 493 
403 502 
403 59 
403 469 
403 473 
403 499 
403 103 
403 451 
403 402 
403 343 
403 462 
403 109 
403 268 
403 192 
403 372 
403 86 
403 153 
403 15 
403 277 
403 31 
403 125 
403 66 
403 24 
403 294 
403 359 
403 181 
403 238 
403 220 
403 356 
403 496 
403 422 
403 416 
403 337 
403 100 
403 110 
403 200 
403 69 
403 431 
403 327 
403 38 
403 373 
403 507 
403 309 
403 384 
403 494 
403 389 
403 198 
403 267 
403 52 
403 37 
403 456 
403 358 
403 21 
403 503 
403 417 
403 121 
403 195 
403 341 
403 41 
403 98 
403 478 
403 1 
403 63 
403 177 
403 215 
403 225 
403 274 
403 300 
403 261 
403 173 
403 440 
403 258 
403 199 
403 44 
403 352 
403 501 
403 120 
403 265 
403 340 
403 231 
403 396 
403 508 
403 425 
403 17 
403 259 
403 83 
403 61 
403 364 
403 174 
403 330 
403 454 
403 480 
403 117 
403 8 
403 302 
403 331 
403 363 
403 134 
403 74 
403 304 
403 472 
403 316 
403 320 
403 511 
403 119 
403 400 
404 105 
404 83 
404 288 
404 451 
404 473 
404 182 
404 418 
404 495 
404 9 
404 123 
404 255 
404 344 
404 284 
404 77 
404 6 
404 479 
404 175 
404 470 
404 150 
404 179 
404 166 
404 74 
404 189 
404 289 
404 40 
404 261 
404 407 
404 489 
404 84 
404 98 
404 243 
404 399 
404 508 
404 317 
404 256 
404 204 
404 207 
404 362 
404 251 
404 373 
404 27 
404 428 
404 89 
404 90 
404 269 
404 26 
404 132 
404 328 
404 180 
404 46 
404 7 
404 62 
404 221 
404 511 
404 222 
404 294 
404 365 
404 488 
404 118 
404 360 
404 206 
404 405 
404 264 
404 304 
404 313 
404 303 
404 363 
404 69 
404 211 
404 408 
404 334 
404 366 
404 426 
404 134 
404 282 
404 142 
404 257 
404 371 
404 274 
404 409 
404 176 
404 370 
404 446 
404 338 
404 171 
404 493 
404 51 
404 315 
404 232 
404 12 
404 17 
404 59 
404 56 
404 331 
404 429 
404 349 
404 200 
404 413 
404 475 
404 467 
404 29 
404 0 
404 265 
404 72 
404 377 
404 137 
404 298 
404 136 
404 443 
404 465 
404 351 
404 343 
404 41 
404 129 
404 301 
404 510 
404 447 
404 487 
404 28 
404 341 
404 506 
404 122 
404 423 
404 219 
404 54 
404 503 
404 140 
404 113 
404 2 
404 295 
404 389 
404 160 
404 181 
404 112 
404 198 
404 108 
404 47 
404 392 
404 486 
404 141 
404 38 
404 440 
404 233 
404 483 
404 39 
404 235 
404 376 
404 194 
404 463 
404 480 
404 61 
404 406 
404 210 
404 76 
404 367 
404 308 
404 468 
404 13 
404 193 
404 336 
404 412 
404 364 
405 178 
405 199 
405 76 
405 135 
405 167 
405 111 
405 346 
405 283 
405 466 
405 476 
405 92 
405 462 
405 385 
405 429 
405 44 
405 124 
405 165 
405 504 
405 11 
405 351 
405 288 
405 284 
405 86 
405 152 
405 376 
405 370 
405 128 
405 427 
405 260 
405 316 
405 90 
405 300 
405 88 
405 424 
405 356 
405 509 
405 74 
405 39 
405 186 
405 411 
405 315 
405 438 
405 425 
405 303 
405 249 
405 454 
405 54 
405 461 
405 230 
405 10 
405 65 
405 7 
405 12 
405 0 
405 285 
405 259 
405 37 
405 503 
405 404 
405 287 
405 42 
405 349 
405 257 
405 319 
405 470 
405 365 
405 412 
405 173 
405 310 
405 468 
405 475 
405 487 
405 47 
405 118 
405 398 
405 496 
405 488 
405 325 
405 190 
405 180 
405 119 
405 421 
405 133 
405 391 
405 473 
405 107 
405 201 
405 354 
405 26 
405 33 
405 320 
405 348 
405 437 
405 240 
405 83 
405 423 
405 115 
405 84 
405 244 
405 312 
405 262 
405 25 
405 241 
405 35 
405 469 
405 78 
405 323 
405 460 
405 381 
405 117 
405 172 
405 61 
405 36 
405 170 
405 330 
405 130 
405 93 
405 400 
405 56 
405 444 
405 501 
405 243 
405 231 
405 364 
405 318 
405 127 
405 271 
405 53 
405 304 
405 203 
405 29 
405 397 
405 335 
405 66 
405 317 
405 467 
405 292 
405 390 
405 6 
405 106 
405 265 
405 373 
405 46 
405 507 
405 293 
405 395 
405 23 
405 388 
405 22 
405 131 
405 147 
405 482 
405 43 
405 447 
405 406 
405 114 
405 449 
406 260 
406 82 
406 444 
406 307 
406 435 
406 486 
406 235 
406 371 
406 159 
406 287 
406 288 
406 141 
406 84 
406 94 
406 279 
406 152 
406 417 
406 181 
406 342 
406 293 
406 321 
406 223 
406 378 
406 309 
406 233 
406 231 
406 205 
406 169 
406 409 
406 495 
406 266 
406 130 
406 35 
406 44 
406 214 
406 115 
406 447 
406 450 
406 196 
406 210 
406 509 
406 133 
406 243 
406 507 
406 62 
406 432 
406 116 
406 9 
406 41 
406 304 
406 102 
406 201 
406 370 
406 251 
406 179 
406 69 
406 60 
406 194 
406 259 
406 326 
406 216 
406 248 
406 298 
406 437 
406 4 
406 346 
406 350 
406 137 
406 408 
406 458 
406 426 
406 73 
406 302 
406 376 
406 387 
406 30 
406 129 
406 466 
406 419 
406 232 
406 131 
406 453 
406 98 
406 118 
406 385 
406 144 
406 153 
406 114 
406 106 
406 396 
406 478 
406 374 
406 178 
406 412 
406 242 
406 71 
406 295 
406 186 
406 245 
406 10 
406 158 
406 433 
406 357 
406 483 
406 234 
406 429 
406 65 
406 282 
406 365 
406 100 
406 148 
406 166 
406 211 
406 7 
406 284 
406 198 
406 113 
406 474 
406 255 
406 97 
406 70 
406 484 
406 92 
406 276 
406 56 
406 303 
406 160 
406 155 
406 111 
406 161 
406 318 
406 53 
406 393 
406 147 
406 95 
406 462 
406 247 
406 193 
406 167 
406 418 
406 32 
406 42 
406 12 
406 338 
406 404 
406 176 
406 252 
406 405 
406 136 
406 343 
406 379 
406 504 
406 456 
406 81 
407 104 
407 116 
407 24 
407 210 
407 57 
407 25 
407 424 
407 49 
407 35 
407 491 
407 409 
407 148 
407 186 
407 180 
407 162 
407 437 
407 261 
407 79 
407 395 
407 434 
407 399 
407 426 
407 170 
407 402 
407 404 
407 269 
407 240 
407 27 
407 18 
407 343 
407 289 
407 192 
407 494 
407 246 
407 385 
407 37 
407 207 
407 232 
407 36 
407 449 
407 427 
407 177 
407 30 
407 298 
407 55 
407 499 
407 14 
407 470 
407 341 
407 443 
407 467 
407 90 
407 197 
407 83 
407 338 
407 392 
407 263 
407 286 
407 208 
407 394 
407 23 
407 115 
407 129 
407 400 
407 153 
407 220 
407 11 
407 330 
407 361 
407 149 
407 458 
407 138 
407 463 
407 325 
407 88 
407 313 
407 353 
407 41 
407 310 
407 276 
407 209 
407 291 
407 300 
407 267 
407 473 
407 132 
407 333 
407 262 
407 136 
407 271 
407 501 
407 214 
407 200 
407 16 
407 163 
407 337 
407 112 
407 216 
407 474 
407 86 
407 410 
407 151 
407 242 
407 126 
407 4 
407 178 
407 359 
407 251 
407 456 
407 219 
407 6 
407 119 
407 0 
407 28 
407 390 
407 442 
407 466 
407 106 
407 428 
407 128 
407 2 
407 110 
407 429 
407 87 
407 264 
407 441 
407 65 
407 235 
407 327 
407 401 
407 226 
407 282 
407 141 
407 362 
407 489 
407 260 
407 215 
407 375 
407 168 
407 430 
407 259 
407 249 
407 288 
407 425 
407 44 
407 311 
407 485 
407 340 
407 383 
407 74 
407 66 
407 161 
407 292 
407 328 
407 145 
407 408 
407 253 
407 349 
407 68 
407 252 
407 312 
407 213 
407 131 
407 412 
407 354 
407 154 
407 217 
407 31 
408 429 
408 53 
408 512 
408 177 
408 33 
408 287 
408 350 
408 84 
408 188 
408 375 
408 255 
408 167 
408 43 
408 312 
408 9 
408 415 
408 86 
408 505 
408 401 
408 372 
408 165 
408 444 
408 464 
408 226 
408 310 
408 510 
408 465 
408 502 
408 42 
408 243 
408 60 
408 289 
408 3 
408 164 
408 77 
408 475 
408 207 
408 235 
408 396 
408 240 
408 102 
408 330 
408 387 
408 504 
408 349 
408 446 
408 248 
408 356 
408 12 
408 126 
408 393 
408 176 
408 370 
408 108 
408 142 
408 101 
408 156 
408 30 
408 301 
408 172 
408 35 
408 488 
408 404 
408 406 
408 360 
408 463 
408 506 
408 434 
408 490 
408 417 
408 480 
408 122 
408 437 
408 424 
408 61 
408 238 
408 343 
408 98 
408 190 
408 315 
408 276 
408 80 
408 291 
408 268 
408 213 
408 428 
408 472 
408 74 
408 236 
408 81 
408 295 
408 476 
408 431 
408 397 
408 223 
408 398 
408 7 
408 131 
408 157 
408 189 
408 265 
408 144 
408 351 
408 92 
408 51 
408 377 
408 503 
408 376 
408 253 
408 110 
408 355 
408 194 
408 247 
408 201 
408 140 
408 477 
408 68 
408 139 
408 152 
408 334 
408 231 
408 288 
408 119 
408 82 
408 327 
408 132 
408 278 
408 499 
408 285 
408 267 
408 441 
408 105 
408 214 
408 4 
408 407 
408 509 
408 17 
408 299 
408 426 
408 134 
408 2 
408 325 
408 163 
408 500 
408 227 
408 10 
408 447 
408 100 
408 216 
408 36 
408 303 
408 412 
409 61 
409 118 
409 39 
409 65 
409 218 
409 367 
409 264 
409 407 
409 424 
409 232 
409 343 
409 13 
409 83 
409 59 
409 373 
409 243 
409 180 
409 376 
409 36 
409 455 
409 263 
409 329 
409 507 
409 501 
409 500 
409 452 
409 33 
409 63 
409 383 
409 449 
409 3 
409 185 
409 406 
409 498 
409 200 
409 296 
409 476 
409 66 
409 119 
409 205 
409 508 
409 282 
409 245 
409 391 
409 249 
409 126 
409 98 
409 266 
409 163 
409 295 
409 432 
409 103 
409 170 
409 348 
409 153 
409 378 
409 7 
409 337 
409 360 
409 108 
409 212 
409 111 
409 159 
409 114 
409 382 
409 41 
409 84 
409 214 
409 402 
409 162 
409 169 
409 132 
409 193 
409 152 
409 491 
409 136 
409 404 
409 69 
409 386 
409 306 
409 330 
409 499 
409 71 
409 62 
409 256 
409 220 
409 351 
409 72 
409 447 
409 173 
409 20 
409 42 
409 172 
409 32 
409 14 
409 433 
409 398 
409 30 
409 10 
409 44 
409 279 
409 366 
409 315 
409 327 
409 274 
409 138 
409 107 
409 254 
409 130 
409 178 
409 197 
409 257 
409 129 
409 291 
409 127 
409 381 
409 81 
409 393 
409 167 
409 47 
409 357 
409 445 
409 21 
409 356 
409 495 
409 198 
409 464 
409 187 
409 427 
409 171 
409 27 
409 133 
409 235 
409 125 
409 22 
409 46 
409 64 
409 426 
409 477 
409 160 
409 434 
409 287 
409 395 
409 188 
409 104 
409 146 
409 368 
409 294 
409 293 
409 272 
409 117 
409 394 
409 385 
409 202 
410 217 
410 118 
410 149 
410 444 
410 66 
410 428 
410 460 
410 91 
410 502 
410 506 
410 322 
410 422 
410 166 
410 289 
410 177 
410 361 
410 195 
410 476 
410 207 
410 278 
410 99 
410 243 
410 132 
410 46 
410 481 
410 57 
410 499 
410 114 
410 122 
410 282 
410 487 
410 106 
410 11 
410 287 
410 84 
410 505 
410 44 
410 135 
410 271 
410 27 
410 266 
410 319 
410 445 
410 285 
410 101 
410 238 
410 471 
410 387 
410 141 
410 448 
410 377 
410 472 
410 255 
410 394 
410 61 
410 89 
410 41 
410 229 
410 365 
410 34 
410 435 
410 102 
410 283 
410 491 
410 253 
410 313 
410 148 
410 119 
410 321 
410 227 
410 315 
410 53 
410 382 
410 484 
410 120 
410 300 
410 110 
410 265 
410 216 
410 225 
410 108 
410 47 
410 318 
410 452 
410 143 
410 420 
410 494 
410 443 
410 306 
410 470 
410 327 
410 49 
410 251 
410 23 
410 144 
410 432 
410 259 
410 407 
410 174 
410 288 
410 194 
410 72 
410 35 
410 395 
410 181 
410 326 
410 156 
410 163 
410 299 
410 31 
410 131 
410 369 
410 214 
410 413 
410 16 
410 482 
410 352 
410 290 
410 258 
410 286 
410 335 
410 498 
410 292 
410 239 
410 140 
410 212 
410 159 
410 357 
410 465 
410 477 
410 390 
410 511 
410 77 
410 488 
410 349 
410 230 
410 329 
410 362 
410 154 
410 125 
410 453 
410 473 
410 64 
410 137 
410 441 
410 462 
410 211 
410 249 
410 353 
410 176 
410 22 
410 317 
410 439 
410 206 
410 56 
410 196 
410 469 
410 94 
411 338 
411 80 
411 184 
411 413 
411 150 
411 90 
411 158 
411 121 
411 264 
411 179 
411 394 
411 170 
411 510 
411 92 
411 469 
411 362 
411 230 
411 118 
411 11 
411 481 
411 470 
411 208 
411 71 
411 2 
411 98 
411 32 
411 81 
411 382 
411 395 
411 153 
411 97 
411 443 
411 462 
411 499 
411 385 
411 279 
411 405 
411 386 
411 414 
411 448 
411 66 
411 484 
411 486 
411 243 
411 493 
411 177 
411 201 
411 166 
411 123 
411 495 
411 442 
411 9 
411 105 
411 116 
411 356 
411 258 
411 106 
411 397 
411 293 
411 364 
411 296 
411 283 
411 91 
411 375 
411 220 
411 39 
411 340 
411 217 
411 110 
411 192 
411 193 
411 367 
411 440 
411 40 
411 60 
411 289 
411 360 
411 203 
411 216 
411 46 
411 366 
411 115 
411 272 
411 14 
411 57 
411 501 
411 399 
411 125 
411 16 
411 133 
411 232 
411 163 
411 65 
411 373 
411 294 
411 176 
411 146 
411 83 
411 278 
411 194 
411 202 
411 429 
411 450 
411 390 
411 396 
411 19 
411 300 
411 99 
411 186 
411 238 
411 332 
411 455 
411 265 
411 412 
411 15 
411 53 
411 353 
411 419 
411 309 
411 349 
411 365 
411 12 
411 324 
411 439 
411 215 
411 321 
411 496 
411 211 
411 441 
411 391 
411 444 
411 156 
411 468 
411 363 
411 254 
411 139 
411 34 
411 69 
411 219 
412 134 
412 192 
412 334 
412 486 
412 182 
412 498 
412 128 
412 72 
412 206 
412 309 
412 272 
412 265 
412 226 
412 416 
412 51 
412 232 
412 75 
412 447 
412 304 
412 417 
412 284 
412 115 
412 478 
412 61 
412 422 
412 127 
412 278 
412 285 
412 452 
412 63 
412 380 
412 88 
412 64 
412 302 
412 261 
412 253 
412 180 
412 177 
412 104 
412 415 
412 228 
412 135 
412 249 
412 112 
412 1 
412 39 
412 90 
412 242 
412 94 
412 56 
412 464 
412 353 
412 185 
412 45 
412 84 
412 413 
412 98 
412 291 
412 221 
412 483 
412 62 
412 504 
412 86 
412 164 
412 260 
412 77 
412 371 
412 492 
412 229 
412 444 
412 489 
412 501 
412 283 
412 223 
412 0 
412 10 
412 442 
412 83 
412 213 
412 314 
412 465 
412 101 
412 372 
412 243 
412 487 
412 157 
412 405 
412 130 
412 207 
412 472 
412 338 
412 149 
412 227 
412 250 
412 13 
412 212 
412 430 
412 336 
412 349 
412 293 
412 38 
412 181 
412 183 
412 382 
412 161 
412 433 
412 21 
412 367 
412 507 
412 168 
412 495 
412 348 
412 196 
412 147 
412 406 
412 428 
412 3 
412 67 
412 451 
412 234 
412 251 
412 420 
412 311 
412 4 
412 235 
412 463 
412 24 
412 92 
412 172 
412 197 
412 344 
412 106 
412 277 
412 240 
412 37 
412 275 
412 303 
412 414 
412 122 
412 306 
412 254 
412 411 
412 105 
412 204 
412 319 
412 360 
412 82 
412 508 
412 35 
412 137 
412 230 
412 50 
412 432 
412 326 
412 374 
412 512 
412 354 
412 488 
412 482 
412 247 
412 398 
412 470 
412 330 
412 239 
412 117 
412 407 
412 133 
412 404 
412 47 
412 25 
412 408 
413 107 
413 411 
413 321 
413 34 
413 432 
413 463 
413 254 
413 212 
413 167 
413 57 
413 5 
413 134 
413 362 
413 207 
413 163 
413 173 
413 158 
413 26 
413 187 
413 127 
413 128 
413 462 
413 46 
413 276 
413 426 
413 330 
413 255 
413 364 
413 93 
413 337 
413 122 
413 392 
413 35 
413 121 
413 92 
413 418 
413 318 
413 166 
413 195 
413 266 
413 98 
413 385 
413 323 
413 208 
413 381 
413 341 
413 269 
413 25 
413 412 
413 156 
413 338 
413 372 
413 464 
413 380 
413 188 
413 19 
413 429 
413 84 
413 172 
413 153 
413 133 
413 248 
413 58 
413 465 
413 505 
413 126 
413 477 
413 441 
413 55 
413 14 
413 479 
413 335 
413 351 
413 359 
413 300 
413 7 
413 137 
413 422 
413 3 
413 473 
413 200 
413 106 
413 101 
413 425 
413 194 
413 449 
413 220 
413 251 
413 253 
413 342 
413 252 
413 282 
413 179 
413 90 
413 272 
413 404 
413 360 
413 310 
413 140 
413 401 
413 309 
413 147 
413 480 
413 230 
413 37 
413 210 
413 175 
413 181 
413 225 
413 410 
413 294 
413 160 
413 439 
413 483 
413 13 
413 102 
413 296 
413 159 
413 262 
413 435 
413 393 
413 74 
413 469 
413 383 
413 68 
413 242 
413 256 
413 371 
413 203 
413 170 
413 239 
413 70 
413 162 
413 287 
413 384 
413 446 
413 16 
413 217 
413 112 
413 145 
413 377 
413 52 
413 189 
413 11 
413 373 
413 399 
413 447 
413 60 
413 490 
413 324 
413 56 
413 424 
413 109 
413 369 
413 50 
414 10 
414 275 
414 485 
414 158 
414 7 
414 122 
414 99 
414 428 
414 149 
414 220 
414 105 
414 299 
414 210 
414 116 
414 71 
414 479 
414 276 
414 72 
414 270 
414 394 
414 115 
414 291 
414 492 
414 361 
414 256 
414 352 
414 223 
414 126 
414 258 
414 123 
414 203 
414 235 
414 190 
414 496 
414 135 
414 388 
414 216 
414 215 
414 342 
414 346 
414 110 
414 302 
414 316 
414 56 
414 32 
414 245 
414 272 
414 376 
414 62 
414 43 
414 465 
414 249 
414 464 
414 188 
414 399 
414 267 
414 421 
414 497 
414 47 
414 338 
414 130 
414 278 
414 28 
414 452 
414 137 
414 25 
414 298 
414 411 
414 282 
414 12 
414 31 
414 59 
414 4 
414 323 
414 255 
414 33 
414 185 
414 68 
414 21 
414 178 
414 287 
414 142 
414 48 
414 333 
414 155 
414 353 
414 292 
414 500 
414 375 
414 195 
414 80 
414 1 
414 73 
414 314 
414 118 
414 511 
414 150 
414 13 
414 146 
414 295 
414 247 
414 289 
414 37 
414 290 
414 277 
414 478 
414 254 
414 120 
414 207 
414 263 
414 52 
414 156 
414 83 
414 124 
414 454 
414 398 
414 228 
414 227 
414 219 
414 280 
414 90 
414 439 
414 337 
414 138 
414 451 
414 501 
414 286 
414 93 
414 470 
414 106 
414 211 
414 412 
414 357 
414 349 
414 180 
414 157 
414 301 
414 50 
414 251 
414 437 
414 17 
414 467 
414 385 
414 490 
414 141 
414 502 
414 16 
414 400 
414 446 
414 9 
414 111 
414 513 
414 170 
414 66 
414 34 
414 38 
414 262 
414 309 
414 450 
414 356 
414 318 
415 368 
415 381 
415 99 
415 3 
415 24 
415 111 
415 134 
415 82 
415 107 
415 417 
415 374 
415 0 
415 2 
415 265 
415 458 
415 55 
415 292 
415 133 
415 383 
415 338 
415 455 
415 188 
415 339 
415 501 
415 408 
415 100 
415 60 
415 412 
415 452 
415 419 
415 285 
415 180 
415 179 
415 217 
415 254 
415 360 
415 315 
415 503 
415 303 
415 204 
415 502 
415 152 
415 7 
415 327 
415 37 
415 173 
415 46 
415 8 
415 505 
415 171 
415 1 
415 109 
415 314 
415 85 
415 131 
415 432 
415 416 
415 394 
415 390 
415 287 
415 114 
415 151 
415 158 
415 212 
415 434 
415 6 
415 132 
415 169 
415 469 
415 213 
415 251 
415 467 
415 245 
415 47 
415 57 
415 510 
415 355 
415 118 
415 352 
415 98 
415 135 
415 306 
415 81 
415 244 
415 362 
415 442 
415 20 
415 195 
415 97 
415 77 
415 190 
415 296 
415 174 
415 48 
415 426 
415 35 
415 224 
415 500 
415 19 
415 156 
415 236 
415 499 
415 269 
415 94 
415 382 
415 148 
415 433 
415 219 
415 218 
415 127 
415 267 
415 59 
415 345 
415 320 
415 496 
415 350 
415 421 
415 38 
415 447 
415 341 
415 79 
415 178 
415 56 
415 183 
415 256 
415 102 
415 101 
415 162 
415 380 
415 243 
415 62 
415 275 
415 226 
415 167 
415 13 
415 36 
415 239 
415 466 
415 225 
415 438 
415 51 
415 262 
415 234 
416 122 
416 281 
416 248 
416 482 
416 282 
416 226 
416 429 
416 215 
416 412 
416 505 
416 495 
416 128 
416 168 
416 43 
416 512 
416 341 
416 397 
416 472 
416 110 
416 386 
416 94 
416 504 
416 195 
416 382 
416 318 
416 9 
416 225 
416 210 
416 201 
416 452 
416 106 
416 141 
416 379 
416 488 
416 286 
416 333 
416 76 
416 450 
416 235 
416 202 
416 223 
416 213 
416 313 
416 376 
416 133 
416 69 
416 270 
416 314 
416 310 
416 419 
416 107 
416 369 
416 316 
416 295 
416 236 
416 262 
416 384 
416 164 
416 197 
416 273 
416 265 
416 276 
416 83 
416 24 
416 442 
416 66 
416 463 
416 438 
416 356 
416 510 
416 241 
416 142 
416 88 
416 328 
416 322 
416 477 
416 301 
416 89 
416 415 
416 200 
416 47 
416 18 
416 229 
416 156 
416 163 
416 493 
416 498 
416 388 
416 60 
416 134 
416 113 
416 506 
416 85 
416 372 
416 258 
416 431 
416 383 
416 466 
416 360 
416 335 
416 496 
416 368 
416 403 
416 480 
416 425 
416 136 
416 381 
416 22 
416 154 
416 243 
416 503 
416 418 
416 206 
416 176 
416 428 
416 6 
416 357 
416 53 
416 84 
416 422 
416 327 
416 444 
416 331 
416 23 
416 344 
416 149 
416 294 
416 153 
416 252 
416 353 
416 462 
416 11 
416 42 
416 458 
416 329 
416 362 
416 26 
416 400 
416 393 
416 256 
416 77 
416 342 
416 324 
416 497 
416 240 
416 315 
416 75 
416 123 
416 304 
416 169 
416 212 
416 237 
416 72 
416 102 
416 427 
416 137 
416 150 
416 398 
416 355 
416 437 
416 312 
416 4 
416 177 
416 238 
416 371 
416 453 
416 130 
416 293 
416 158 
416 459 
416 424 
416 287 
416 451 
416 366 
416 234 
416 483 
417 400 
417 385 
417 12 
417 475 
417 239 
417 361 
417 60 
417 305 
417 326 
417 318 
417 187 
417 345 
417 415 
417 412 
417 456 
417 496 
417 507 
417 17 
417 487 
417 108 
417 64 
417 464 
417 344 
417 479 
417 93 
417 24 
417 92 
417 89 
417 468 
417 398 
417 406 
417 212 
417 127 
417 261 
417 13 
417 498 
417 285 
417 291 
417 469 
417 447 
417 338 
417 512 
417 227 
417 419 
417 443 
417 121 
417 242 
417 222 
417 96 
417 505 
417 339 
417 387 
417 301 
417 461 
417 278 
417 377 
417 117 
417 155 
417 55 
417 418 
417 427 
417 282 
417 463 
417 513 
417 73 
417 102 
417 238 
417 307 
417 228 
417 332 
417 151 
417 7 
417 199 
417 348 
417 316 
417 140 
417 43 
417 492 
417 490 
417 26 
417 132 
417 408 
417 120 
417 369 
417 207 
417 10 
417 384 
417 302 
417 501 
417 213 
417 426 
417 0 
417 175 
417 491 
417 94 
417 57 
417 312 
417 160 
417 205 
417 157 
417 25 
417 364 
417 266 
417 438 
417 191 
417 274 
417 360 
417 300 
417 144 
417 148 
417 230 
417 37 
417 271 
417 333 
417 403 
417 448 
417 166 
417 476 
417 46 
417 95 
417 465 
417 343 
417 433 
417 424 
417 231 
417 342 
417 88 
417 85 
417 197 
417 306 
417 508 
417 458 
417 68 
417 434 
417 330 
417 442 
417 437 
417 42 
417 441 
417 29 
417 97 
417 32 
417 341 
417 91 
417 289 
417 138 
417 376 
417 378 
417 391 
417 58 
417 15 
417 473 
417 471 
417 87 
417 181 
417 62 
417 66 
417 445 
417 481 
418 343 
418 322 
418 377 
418 397 
418 488 
418 474 
418 8 
418 404 
418 308 
418 247 
418 206 
418 328 
418 16 
418 181 
418 118 
418 57 
418 77 
418 297 
418 59 
418 501 
418 275 
418 372 
418 234 
418 413 
418 125 
418 204 
418 403 
418 342 
418 439 
418 335 
418 189 
418 200 
418 143 
418 50 
418 197 
418 486 
418 273 
418 194 
418 374 
418 336 
418 30 
418 424 
418 363 
418 417 
418 72 
418 388 
418 276 
418 334 
418 471 
418 151 
418 482 
418 244 
418 216 
418 208 
418 84 
418 243 
418 171 
418 463 
418 303 
418 265 
418 457 
418 132 
418 91 
418 452 
418 278 
418 455 
418 337 
418 271 
418 111 
418 399 
418 442 
418 27 
418 475 
418 484 
418 392 
418 128 
418 31 
418 87 
418 416 
418 376 
418 20 
418 283 
418 167 
418 472 
418 232 
418 469 
418 390 
418 176 
418 156 
418 323 
418 113 
418 45 
418 375 
418 347 
418 373 
418 379 
418 467 
418 477 
418 267 
418 15 
418 74 
418 401 
418 291 
418 21 
418 498 
418 365 
418 103 
418 296 
418 52 
418 503 
418 0 
418 43 
418 96 
418 317 
418 333 
418 255 
418 394 
418 131 
418 134 
418 305 
418 318 
418 108 
418 191 
418 153 
418 341 
418 203 
418 24 
418 2 
418 207 
418 65 
418 5 
418 253 
418 369 
418 313 
418 198 
418 502 
418 284 
418 450 
418 436 
418 406 
418 212 
418 62 
418 28 
418 382 
418 183 
418 187 
418 485 
418 92 
418 385 
418 504 
418 231 
418 400 
418 290 
419 56 
419 503 
419 5 
419 197 
419 442 
419 299 
419 432 
419 370 
419 23 
419 102 
419 21 
419 464 
419 175 
419 188 
419 127 
419 496 
419 353 
419 345 
419 393 
419 427 
419 252 
419 27 
419 388 
419 37 
419 479 
419 230 
419 278 
419 380 
419 445 
419 145 
419 104 
419 122 
419 51 
419 390 
419 415 
419 144 
419 134 
419 386 
419 153 
419 143 
419 494 
419 74 
419 417 
419 499 
419 286 
419 48 
419 416 
419 150 
419 348 
419 19 
419 351 
419 477 
419 164 
419 264 
419 488 
419 52 
419 125 
419 216 
419 509 
419 99 
419 203 
419 95 
419 165 
419 323 
419 501 
419 341 
419 103 
419 389 
419 383 
419 378 
419 302 
419 470 
419 257 
419 96 
419 209 
419 58 
419 30 
419 361 
419 169 
419 441 
419 207 
419 476 
419 350 
419 26 
419 469 
419 406 
419 97 
419 328 
419 22 
419 132 
419 319 
419 219 
419 326 
419 349 
419 339 
419 372 
419 447 
419 333 
419 394 
419 360 
419 200 
419 2 
419 57 
419 221 
419 179 
419 192 
419 82 
419 268 
419 61 
419 342 
419 506 
419 180 
419 124 
419 489 
419 297 
419 141 
419 335 
419 55 
419 18 
419 90 
419 246 
419 194 
419 244 
419 411 
419 381 
419 332 
419 77 
419 170 
419 513 
419 295 
419 115 
419 129 
419 49 
419 261 
419 456 
419 138 
419 201 
419 468 
419 171 
419 36 
419 285 
419 149 
419 484 
419 336 
419 163 
419 322 
419 347 
419 32 
419 283 
419 462 
420 29 
420 361 
420 48 
420 52 
420 127 
420 35 
420 461 
420 206 
420 235 
420 463 
420 348 
420 222 
420 455 
420 467 
420 395 
420 105 
420 224 
420 162 
420 126 
420 263 
420 350 
420 352 
420 114 
420 254 
420 478 
420 26 
420 446 
420 239 
420 297 
420 70 
420 402 
420 145 
420 507 
420 221 
420 107 
420 128 
420 299 
420 374 
420 193 
420 232 
420 130 
420 139 
420 496 
420 279 
420 469 
420 497 
420 465 
420 381 
420 302 
420 89 
420 488 
420 267 
420 321 
420 160 
420 112 
420 10 
420 304 
420 362 
420 337 
420 305 
420 329 
420 468 
420 346 
420 156 
420 210 
420 336 
420 98 
420 84 
420 230 
420 25 
420 448 
420 76 
420 281 
420 58 
420 213 
420 187 
420 51 
420 383 
420 433 
420 422 
420 494 
420 214 
420 303 
420 69 
420 46 
420 72 
420 1 
420 136 
420 175 
420 68 
420 373 
420 389 
420 410 
420 331 
420 79 
420 118 
420 499 
420 384 
420 21 
420 142 
420 265 
420 314 
420 266 
420 78 
420 353 
420 378 
420 268 
420 398 
420 294 
420 94 
420 225 
420 62 
420 369 
420 55 
420 392 
420 412 
420 243 
420 442 
420 401 
420 41 
420 227 
420 178 
420 16 
420 484 
420 180 
420 377 
420 11 
420 330 
420 368 
420 36 
420 394 
420 333 
420 177 
420 356 
420 15 
420 190 
420 184 
420 174 
420 179 
420 113 
420 85 
420 146 
420 464 
420 97 
420 477 
420 491 
420 133 
420 164 
420 440 
420 264 
420 115 
420 42 
420 462 
420 335 
420 495 
420 204 
420 203 
420 301 
420 32 
420 220 
420 492 
420 134 
420 185 
420 363 
421 504 
421 11 
421 212 
421 261 
421 306 
421 200 
421 399 
421 166 
421 171 
421 189 
421 103 
421 81 
421 317 
421 36 
421 360 
421 199 
421 247 
421 222 
421 264 
421 334 
421 67 
421 176 
421 119 
421 340 
421 197 
421 142 
421 253 
421 274 
421 71 
421 114 
421 220 
421 182 
421 279 
421 165 
421 271 
421 414 
421 17 
421 127 
421 242 
421 302 
421 194 
421 134 
421 320 
421 480 
421 303 
421 53 
421 0 
421 506 
421 437 
421 210 
421 10 
421 209 
421 79 
421 56 
421 311 
421 430 
421 344 
421 384 
421 47 
421 129 
421 241 
421 192 
421 35 
421 511 
421 402 
421 491 
421 77 
421 213 
421 275 
421 287 
421 467 
421 62 
421 121 
421 184 
421 324 
421 172 
421 6 
421 63 
421 177 
421 286 
421 34 
421 243 
421 45 
421 405 
421 80 
421 441 
421 260 
421 236 
421 431 
421 87 
421 297 
421 61 
421 201 
421 495 
421 400 
421 276 
421 15 
421 445 
421 97 
421 466 
421 141 
421 376 
421 325 
421 424 
421 186 
421 508 
421 268 
421 450 
421 461 
421 21 
421 487 
421 390 
421 38 
421 191 
421 229 
421 255 
421 101 
421 167 
421 102 
421 415 
421 249 
421 375 
421 39 
421 378 
421 155 
421 85 
421 484 
421 159 
421 459 
421 283 
421 359 
421 27 
421 498 
421 14 
421 154 
421 235 
421 183 
421 12 
421 318 
421 208 
421 170 
421 330 
421 132 
421 3 
421 288 
421 321 
421 438 
421 473 
421 365 
421 148 
421 227 
421 52 
421 94 
421 486 
421 385 
421 202 
421 19 
421 427 
421 157 
421 277 
421 449 
422 299 
422 380 
422 33 
422 291 
422 510 
422 431 
422 175 
422 161 
422 76 
422 321 
422 447 
422 286 
422 288 
422 378 
422 501 
422 427 
422 412 
422 350 
422 62 
422 410 
422 483 
422 43 
422 95 
422 300 
422 397 
422 189 
422 309 
422 453 
422 25 
422 171 
422 401 
422 165 
422 328 
422 388 
422 506 
422 463 
422 207 
422 145 
422 71 
422 436 
422 392 
422 183 
422 444 
422 164 
422 285 
422 329 
422 304 
422 297 
422 210 
422 114 
422 440 
422 360 
422 228 
422 467 
422 19 
422 249 
422 439 
422 460 
422 400 
422 65 
422 393 
422 109 
422 305 
422 490 
422 396 
422 64 
422 375 
422 365 
422 93 
422 438 
422 355 
422 144 
422 197 
422 420 
422 13 
422 343 
422 473 
422 403 
422 281 
422 457 
422 413 
422 142 
422 311 
422 459 
422 39 
422 390 
422 196 
422 54 
422 327 
422 314 
422 443 
422 23 
422 271 
422 108 
422 495 
422 46 
422 41 
422 416 
422 293 
422 505 
422 10 
422 126 
422 137 
422 92 
422 325 
422 104 
422 489 
422 214 
422 370 
422 155 
422 89 
422 317 
422 15 
422 250 
422 399 
422 272 
422 504 
422 118 
422 446 
422 149 
422 16 
422 479 
422 435 
422 178 
422 499 
422 315 
422 426 
422 337 
422 363 
422 187 
422 448 
422 131 
422 313 
422 357 
422 195 
422 270 
422 201 
422 84 
422 384 
422 9 
422 124 
422 192 
422 464 
422 381 
422 163 
422 373 
422 182 
422 158 
422 130 
422 35 
422 513 
422 231 
422 498 
422 88 
422 151 
422 247 
422 368 
423 500 
423 281 
423 80 
423 113 
423 208 
423 432 
423 191 
423 132 
423 262 
423 364 
423 427 
423 352 
423 0 
423 77 
423 17 
423 460 
423 82 
423 137 
423 104 
423 43 
423 344 
423 21 
423 424 
423 340 
423 283 
423 71 
423 183 
423 393 
423 374 
423 141 
423 209 
423 11 
423 384 
423 433 
423 380 
423 48 
423 328 
423 434 
423 186 
423 313 
423 144 
423 491 
423 499 
423 250 
423 89 
423 373 
423 10 
423 396 
423 501 
423 52 
423 154 
423 39 
423 351 
423 233 
423 151 
423 508 
423 38 
423 405 
423 285 
423 99 
423 57 
423 136 
423 476 
423 109 
423 177 
423 239 
423 254 
423 134 
423 94 
423 264 
423 478 
423 327 
423 105 
423 343 
423 180 
423 90 
423 50 
423 26 
423 56 
423 72 
423 237 
423 152 
423 511 
423 31 
423 34 
423 443 
423 304 
423 318 
423 163 
423 464 
423 60 
423 142 
423 92 
423 129 
423 404 
423 430 
423 171 
423 2 
423 87 
423 358 
423 229 
423 372 
423 67 
423 258 
423 202 
423 484 
423 27 
423 391 
423 359 
423 292 
423 447 
423 165 
423 197 
423 337 
423 277 
423 256 
423 230 
423 68 
423 107 
423 173 
423 112 
423 184 
423 143 
423 303 
423 428 
423 147 
423 49 
423 366 
423 93 
423 111 
423 169 
423 4 
423 382 
423 329 
424 463 
424 479 
424 503 
424 108 
424 152 
424 407 
424 476 
424 409 
424 2 
424 498 
424 472 
424 349 
424 117 
424 466 
424 311 
424 211 
424 338 
424 313 
424 12 
424 354 
424 254 
424 379 
424 47 
424 496 
424 69 
424 318 
424 107 
424 132 
424 390 
424 426 
424 253 
424 179 
424 144 
424 405 
424 492 
424 513 
424 6 
424 303 
424 41 
424 164 
424 127 
424 506 
424 365 
424 167 
424 364 
424 423 
424 374 
424 237 
424 474 
424 332 
424 247 
424 418 
424 225 
424 291 
424 445 
424 277 
424 136 
424 21 
424 351 
424 66 
424 104 
424 429 
424 261 
424 228 
424 55 
424 396 
424 59 
424 401 
424 187 
424 43 
424 204 
424 316 
424 154 
424 408 
424 135 
424 239 
424 511 
424 151 
424 359 
424 284 
424 180 
424 221 
424 259 
424 455 
424 452 
424 29 
424 199 
424 436 
424 181 
424 421 
424 156 
424 387 
424 346 
424 266 
424 328 
424 56 
424 195 
424 333 
424 169 
424 142 
424 417 
424 281 
424 363 
424 213 
424 30 
424 298 
424 502 
424 25 
424 155 
424 335 
424 510 
424 87 
424 434 
424 72 
424 27 
424 145 
424 296 
424 330 
424 368 
424 100 
424 90 
424 293 
424 448 
424 489 
424 248 
424 61 
424 243 
424 460 
424 76 
424 505 
424 89 
424 148 
424 67 
424 416 
424 95 
424 413 
424 504 
424 111 
424 394 
424 357 
424 353 
425 13 
425 67 
425 33 
425 182 
425 190 
425 333 
425 399 
425 447 
425 124 
425 169 
425 170 
425 52 
425 468 
425 268 
425 343 
425 88 
425 503 
425 150 
425 492 
425 40 
425 198 
425 363 
425 143 
425 157 
425 373 
425 71 
425 110 
425 401 
425 69 
425 68 
425 274 
425 100 
425 36 
425 64 
425 181 
425 375 
425 133 
425 428 
425 262 
425 202 
425 405 
425 216 
425 431 
425 338 
425 30 
425 319 
425 453 
425 121 
425 9 
425 142 
425 472 
425 379 
425 289 
425 224 
425 162 
425 141 
425 487 
425 499 
425 270 
425 218 
425 109 
425 48 
425 374 
425 271 
425 145 
425 174 
425 211 
425 501 
425 446 
425 45 
425 87 
425 179 
425 27 
425 310 
425 443 
425 456 
425 455 
425 342 
425 90 
425 22 
425 135 
425 416 
425 473 
425 496 
425 297 
425 43 
425 186 
425 413 
425 193 
425 101 
425 306 
425 58 
425 467 
425 295 
425 357 
425 313 
425 402 
425 237 
425 206 
425 493 
425 94 
425 187 
425 1 
425 458 
425 344 
425 223 
425 225 
425 325 
425 131 
425 42 
425 116 
425 60 
425 510 
425 134 
425 96 
425 434 
425 242 
425 238 
425 512 
425 314 
425 251 
425 203 
425 388 
425 427 
425 403 
425 477 
425 463 
425 256 
425 152 
425 407 
425 175 
425 460 
425 430 
425 497 
425 327 
425 284 
425 302 
425 199 
425 465 
425 459 
425 283 
425 330 
425 6 
425 479 
425 282 
425 495 
425 362 
425 277 
425 176 
425 19 
425 345 
426 201 
426 398 
426 353 
426 6 
426 227 
426 142 
426 433 
426 357 
426 272 
426 247 
426 324 
426 330 
426 188 
426 166 
426 15 
426 275 
426 279 
426 413 
426 321 
426 407 
426 444 
426 399 
426 501 
426 97 
426 185 
426 286 
426 385 
426 255 
426 322 
426 154 
426 26 
426 424 
426 436 
426 367 
426 293 
426 258 
426 65 
426 479 
426 44 
426 235 
426 448 
426 370 
426 380 
426 240 
426 216 
426 103 
426 76 
426 374 
426 22 
426 320 
426 344 
426 303 
426 447 
426 169 
426 502 
426 214 
426 182 
426 376 
426 475 
426 148 
426 461 
426 271 
426 141 
426 171 
426 480 
426 263 
426 18 
426 162 
426 402 
426 503 
426 73 
426 406 
426 404 
426 449 
426 295 
426 396 
426 435 
426 70 
426 417 
426 77 
426 361 
426 233 
426 455 
426 253 
426 358 
426 328 
426 389 
426 158 
426 415 
426 82 
426 285 
426 316 
426 127 
426 390 
426 117 
426 400 
426 84 
426 98 
426 198 
426 427 
426 483 
426 135 
426 133 
426 39 
426 336 
426 5 
426 439 
426 511 
426 379 
426 474 
426 1 
426 11 
426 384 
426 156 
426 99 
426 496 
426 62 
426 251 
426 373 
426 9 
426 183 
426 422 
426 196 
426 43 
426 299 
426 311 
426 310 
426 341 
426 244 
426 335 
426 274 
426 478 
426 61 
426 298 
426 143 
426 392 
426 144 
426 74 
426 163 
426 237 
426 409 
426 27 
426 41 
426 238 
426 152 
426 408 
426 193 
426 100 
426 437 
426 170 
426 430 
426 454 
426 192 
426 37 
426 450 
426 23 
426 118 
426 249 
426 87 
426 352 
426 234 
427 478 
427 456 
427 175 
427 263 
427 136 
427 190 
427 219 
427 459 
427 189 
427 77 
427 194 
427 380 
427 422 
427 274 
427 199 
427 419 
427 372 
427 308 
427 505 
427 256 
427 321 
427 218 
427 279 
427 423 
427 193 
427 155 
427 127 
427 153 
427 302 
427 329 
427 111 
427 207 
427 461 
427 168 
427 501 
427 405 
427 301 
427 65 
427 47 
427 396 
427 288 
427 407 
427 506 
427 91 
427 332 
427 211 
427 225 
427 324 
427 487 
427 368 
427 341 
427 270 
427 80 
427 475 
427 52 
427 89 
427 160 
427 94 
427 252 
427 235 
427 417 
427 128 
427 248 
427 498 
427 220 
427 151 
427 347 
427 37 
427 57 
427 72 
427 471 
427 386 
427 394 
427 234 
427 82 
427 490 
427 285 
427 388 
427 470 
427 124 
427 457 
427 495 
427 68 
427 158 
427 101 
427 353 
427 390 
427 93 
427 258 
427 33 
427 322 
427 120 
427 328 
427 43 
427 316 
427 317 
427 430 
427 447 
427 88 
427 64 
427 289 
427 206 
427 254 
427 7 
427 130 
427 146 
427 105 
427 508 
427 426 
427 361 
427 335 
427 172 
427 198 
427 292 
427 86 
427 2 
427 351 
427 115 
427 327 
427 144 
427 48 
427 284 
427 295 
427 71 
427 257 
427 66 
427 482 
427 397 
427 181 
427 11 
427 244 
427 55 
427 85 
427 61 
427 373 
427 425 
427 314 
427 460 
427 343 
427 140 
427 409 
427 467 
427 102 
427 119 
427 145 
427 191 
427 416 
427 398 
427 387 
427 250 
427 290 
427 41 
427 201 
427 27 
427 74 
427 385 
427 433 
427 63 
427 5 
427 69 
427 440 
427 49 
427 421 
427 296 
427 122 
427 21 
427 15 
427 282 
427 391 
428 361 
428 374 
428 414 
428 247 
428 410 
428 27 
428 376 
428 176 
428 0 
428 339 
428 260 
428 431 
428 400 
428 318 
428 302 
428 135 
428 327 
428 25 
428 1 
428 154 
428 337 
428 356 
428 74 
428 6 
428 125 
428 271 
428 439 
428 214 
428 76 
428 362 
428 472 
428 387 
428 54 
428 186 
428 172 
428 55 
428 404 
428 468 
428 197 
428 124 
428 159 
428 190 
428 2 
428 42 
428 513 
428 111 
428 425 
428 28 
428 12 
428 220 
428 32 
428 116 
428 308 
428 41 
428 185 
428 207 
428 379 
428 483 
428 168 
428 283 
428 38 
428 71 
428 402 
428 158 
428 465 
428 278 
428 178 
428 245 
428 102 
428 68 
428 503 
428 297 
428 494 
428 294 
428 446 
428 115 
428 189 
428 155 
428 250 
428 240 
428 319 
428 416 
428 473 
428 270 
428 303 
428 412 
428 246 
428 239 
428 289 
428 507 
428 284 
428 488 
428 236 
428 342 
428 378 
428 393 
428 312 
428 407 
428 218 
428 408 
428 392 
428 323 
428 53 
428 227 
428 94 
428 193 
428 228 
428 145 
428 347 
428 195 
428 241 
428 192 
428 62 
428 481 
428 459 
428 474 
428 215 
428 398 
428 432 
428 274 
428 91 
428 273 
428 171 
428 144 
428 258 
428 382 
428 326 
428 293 
428 320 
428 437 
428 363 
428 223 
428 141 
428 341 
428 277 
428 182 
428 188 
428 243 
428 163 
428 70 
428 231 
428 423 
428 333 
428 475 
428 8 
429 408 
429 396 
429 76 
429 163 
429 416 
429 8 
429 184 
429 134 
429 385 
429 283 
429 349 
429 405 
429 89 
429 185 
429 136 
429 353 
429 167 
429 274 
429 152 
429 443 
429 35 
429 386 
429 387 
429 3 
429 38 
429 504 
429 64 
429 272 
429 451 
429 485 
429 122 
429 471 
429 24 
429 173 
429 381 
429 465 
429 206 
429 502 
429 95 
429 120 
429 247 
429 140 
429 320 
429 33 
429 494 
429 71 
429 139 
429 455 
429 492 
429 366 
429 2 
429 14 
429 88 
429 293 
429 241 
429 130 
429 344 
429 147 
429 498 
429 413 
429 235 
429 254 
429 459 
429 57 
429 66 
429 180 
429 346 
429 501 
429 364 
429 509 
429 195 
429 183 
429 307 
429 52 
429 424 
429 209 
429 480 
429 104 
429 129 
429 29 
429 47 
429 369 
429 505 
429 187 
429 473 
429 84 
429 200 
429 431 
429 433 
429 43 
429 198 
429 404 
429 60 
429 205 
429 112 
429 280 
429 240 
429 287 
429 133 
429 347 
429 91 
429 324 
429 81 
429 458 
429 188 
429 406 
429 186 
429 371 
429 407 
429 360 
429 135 
429 116 
429 436 
429 342 
429 493 
429 222 
429 110 
429 411 
429 484 
429 486 
429 19 
429 449 
429 255 
429 96 
429 107 
429 259 
429 376 
429 441 
429 316 
429 253 
429 50 
429 294 
429 5 
429 153 
429 295 
429 117 
429 218 
429 512 
429 190 
429 472 
429 53 
429 145 
429 479 
429 37 
429 383 
429 446 
429 166 
429 437 
429 266 
429 432 
429 113 
429 257 
429 77 
429 394 
430 229 
430 132 
430 70 
430 77 
430 3 
430 455 
430 98 
430 397 
430 282 
430 370 
430 273 
430 36 
430 161 
430 69 
430 290 
430 281 
430 155 
430 383 
430 210 
430 468 
430 349 
430 53 
430 177 
430 61 
430 204 
430 218 
430 150 
430 133 
430 480 
430 497 
430 445 
430 179 
430 449 
430 46 
430 10 
430 307 
430 138 
430 6 
430 402 
430 465 
430 337 
430 9 
430 201 
430 156 
430 375 
430 203 
430 194 
430 490 
430 446 
430 350 
430 80 
430 297 
430 421 
430 373 
430 470 
430 206 
430 44 
430 166 
430 390 
430 163 
430 435 
430 327 
430 463 
430 441 
430 239 
430 115 
430 236 
430 207 
430 214 
430 249 
430 512 
430 272 
430 412 
430 117 
430 258 
430 381 
430 11 
430 28 
430 237 
430 200 
430 362 
430 94 
430 427 
430 302 
430 108 
430 139 
430 279 
430 289 
430 256 
430 277 
430 392 
430 437 
430 5 
430 401 
430 227 
430 507 
430 104 
430 121 
430 29 
430 308 
430 152 
430 481 
430 119 
430 137 
430 353 
430 225 
430 423 
430 220 
430 407 
430 20 
430 110 
430 13 
430 64 
430 196 
430 213 
430 17 
430 425 
430 73 
430 474 
430 355 
430 151 
430 440 
430 488 
430 300 
430 31 
430 247 
430 389 
430 426 
430 124 
430 182 
430 188 
430 322 
430 15 
431 243 
431 209 
431 166 
431 392 
431 492 
431 336 
431 422 
431 159 
431 339 
431 399 
431 448 
431 224 
431 197 
431 382 
431 269 
431 428 
431 284 
431 270 
431 113 
431 384 
431 486 
431 57 
431 171 
431 48 
431 85 
431 307 
431 504 
431 162 
431 112 
431 290 
431 214 
431 372 
431 362 
431 363 
431 312 
431 95 
431 309 
431 443 
431 202 
431 14 
431 254 
431 248 
431 126 
431 375 
431 220 
431 81 
431 120 
431 88 
431 497 
431 425 
431 329 
431 250 
431 13 
431 217 
431 83 
431 496 
431 386 
431 260 
431 105 
431 371 
431 201 
431 25 
431 337 
431 378 
431 149 
431 36 
431 357 
431 67 
431 80 
431 369 
431 321 
431 491 
431 265 
431 144 
431 165 
431 370 
431 416 
431 331 
431 509 
431 335 
431 49 
431 66 
431 185 
431 471 
431 32 
431 116 
431 122 
431 89 
431 278 
431 507 
431 190 
431 246 
431 505 
431 322 
431 200 
431 403 
431 421 
431 148 
431 429 
431 226 
431 188 
431 216 
431 143 
431 1 
431 366 
431 266 
431 464 
431 8 
431 282 
431 15 
431 31 
431 21 
431 228 
431 435 
431 119 
431 408 
431 35 
431 299 
431 150 
431 480 
431 262 
431 160 
431 438 
431 235 
431 360 
431 26 
431 475 
431 10 
431 196 
431 253 
431 247 
431 350 
431 12 
431 344 
431 157 
431 182 
431 191 
431 7 
431 33 
431 73 
431 151 
431 315 
431 373 
431 199 
431 69 
431 320 
431 17 
431 75 
431 24 
431 46 
431 205 
431 395 
431 139 
431 358 
431 178 
431 494 
431 40 
431 478 
431 355 
431 211 
431 232 
431 128 
432 184 
432 296 
432 413 
432 23 
432 336 
432 1 
432 237 
432 356 
432 419 
432 370 
432 372 
432 85 
432 209 
432 385 
432 423 
432 37 
432 81 
432 253 
432 301 
432 249 
432 289 
432 145 
432 217 
432 24 
432 150 
432 223 
432 206 
432 507 
432 207 
432 262 
432 337 
432 304 
432 490 
432 141 
432 315 
432 178 
432 38 
432 95 
432 211 
432 122 
432 274 
432 98 
432 202 
432 512 
432 114 
432 21 
432 99 
432 120 
432 350 
432 22 
432 406 
432 287 
432 45 
432 455 
432 409 
432 309 
432 2 
432 368 
432 94 
432 355 
432 353 
432 415 
432 16 
432 35 
432 166 
432 226 
432 5 
432 189 
432 506 
432 263 
432 203 
432 480 
432 87 
432 107 
432 232 
432 65 
432 43 
432 191 
432 268 
432 352 
432 14 
432 310 
432 365 
432 393 
432 258 
432 371 
432 294 
432 449 
432 479 
432 196 
432 80 
432 354 
432 248 
432 234 
432 10 
432 322 
432 26 
432 15 
432 410 
432 277 
432 17 
432 437 
432 230 
432 49 
432 273 
432 177 
432 460 
432 463 
432 163 
432 511 
432 503 
432 339 
432 500 
432 126 
432 192 
432 299 
432 290 
432 165 
432 286 
432 348 
432 30 
432 31 
432 428 
432 469 
432 233 
432 307 
432 77 
432 342 
432 138 
432 108 
432 464 
432 292 
432 360 
432 367 
432 488 
432 472 
432 483 
432 321 
432 391 
432 32 
432 412 
432 327 
432 212 
432 429 
432 210 
432 454 
433 258 
433 372 
433 301 
433 360 
433 164 
433 266 
433 140 
433 232 
433 498 
433 316 
433 356 
433 254 
433 426 
433 24 
433 506 
433 142 
433 71 
433 135 
433 329 
433 207 
433 188 
433 39 
433 384 
433 435 
433 110 
433 392 
433 310 
433 223 
433 490 
433 177 
433 5 
433 488 
433 48 
433 474 
433 346 
433 401 
433 108 
433 448 
433 334 
433 349 
433 496 
433 460 
433 470 
433 86 
433 216 
433 237 
433 77 
433 185 
433 347 
433 87 
433 29 
433 96 
433 158 
433 206 
433 270 
433 294 
433 245 
433 445 
433 485 
433 89 
433 272 
433 98 
433 269 
433 242 
433 138 
433 387 
433 99 
433 28 
433 486 
433 314 
433 305 
433 261 
433 511 
433 423 
433 63 
433 464 
433 186 
433 221 
433 363 
433 85 
433 298 
433 152 
433 383 
433 144 
433 468 
433 154 
433 231 
433 494 
433 30 
433 420 
433 20 
433 376 
433 283 
433 380 
433 172 
433 218 
433 393 
433 412 
433 189 
433 285 
433 94 
433 429 
433 182 
433 497 
433 336 
433 409 
433 280 
433 366 
433 34 
433 311 
433 438 
433 406 
433 319 
433 9 
433 115 
433 379 
433 339 
433 481 
433 434 
433 119 
433 69 
433 415 
433 117 
433 226 
433 477 
433 417 
433 371 
433 309 
433 13 
433 307 
433 264 
433 136 
433 378 
433 304 
433 192 
433 263 
433 132 
433 72 
433 128 
433 495 
433 203 
433 184 
433 228 
433 260 
433 482 
433 121 
433 368 
433 38 
433 507 
433 45 
433 70 
433 455 
433 169 
433 427 
433 308 
433 395 
433 126 
433 205 
433 116 
433 173 
433 275 
433 16 
433 352 
433 479 
433 248 
433 41 
433 288 
434 394 
434 128 
434 65 
434 468 
434 352 
434 261 
434 477 
434 196 
434 139 
434 156 
434 264 
434 135 
434 163 
434 227 
434 407 
434 390 
434 212 
434 271 
434 491 
434 213 
434 262 
434 269 
434 193 
434 252 
434 170 
434 151 
434 31 
434 154 
434 467 
434 77 
434 397 
434 357 
434 40 
434 453 
434 10 
434 368 
434 73 
434 343 
434 4 
434 322 
434 260 
434 186 
434 145 
434 66 
434 43 
434 99 
434 379 
434 208 
434 326 
434 273 
434 276 
434 199 
434 508 
434 216 
434 304 
434 278 
434 475 
434 173 
434 60 
434 233 
434 133 
434 389 
434 423 
434 32 
434 70 
434 438 
434 415 
434 291 
434 512 
434 222 
434 109 
434 38 
434 316 
434 27 
434 285 
434 408 
434 86 
434 181 
434 12 
434 374 
434 224 
434 52 
434 444 
434 277 
434 13 
434 314 
434 62 
434 187 
434 240 
434 2 
434 228 
434 251 
434 280 
434 42 
434 375 
434 274 
434 321 
434 177 
434 493 
434 387 
434 146 
434 292 
434 48 
434 433 
434 338 
434 96 
434 18 
434 188 
434 47 
434 507 
434 445 
434 22 
434 325 
434 114 
434 49 
434 155 
434 395 
434 284 
434 499 
434 425 
434 113 
434 204 
434 54 
434 254 
434 19 
434 417 
434 381 
434 58 
434 256 
434 36 
434 424 
434 255 
434 161 
434 175 
434 7 
434 138 
434 91 
434 76 
434 364 
434 192 
434 259 
434 270 
434 132 
434 409 
434 317 
434 513 
434 495 
434 268 
434 457 
434 479 
434 489 
434 486 
434 78 
434 9 
434 235 
434 440 
435 208 
435 261 
435 280 
435 101 
435 50 
435 458 
435 406 
435 19 
435 282 
435 51 
435 455 
435 105 
435 141 
435 391 
435 350 
435 237 
435 195 
435 339 
435 348 
435 251 
435 283 
435 433 
435 394 
435 169 
435 260 
435 381 
435 512 
435 207 
435 161 
435 90 
435 441 
435 113 
435 357 
435 253 
435 477 
435 198 
435 445 
435 476 
435 40 
435 106 
435 143 
435 41 
435 263 
435 479 
435 274 
435 152 
435 201 
435 180 
435 11 
435 386 
435 37 
435 410 
435 145 
435 430 
435 188 
435 443 
435 470 
435 183 
435 49 
435 286 
435 329 
435 111 
435 44 
435 298 
435 304 
435 363 
435 191 
435 30 
435 439 
435 17 
435 119 
435 370 
435 426 
435 60 
435 327 
435 104 
435 248 
435 383 
435 462 
435 235 
435 316 
435 483 
435 321 
435 446 
435 55 
435 199 
435 65 
435 303 
435 376 
435 110 
435 247 
435 252 
435 299 
435 466 
435 35 
435 395 
435 471 
435 431 
435 68 
435 1 
435 211 
435 456 
435 79 
435 352 
435 336 
435 28 
435 241 
435 87 
435 149 
435 397 
435 413 
435 422 
435 144 
435 480 
435 499 
435 380 
435 384 
435 503 
435 307 
435 221 
435 436 
435 84 
435 473 
435 219 
435 98 
435 272 
435 213 
435 231 
435 129 
435 70 
435 20 
435 243 
435 166 
435 204 
435 276 
435 500 
435 137 
435 278 
435 93 
435 438 
435 193 
435 4 
435 56 
435 228 
436 38 
436 50 
436 466 
436 157 
436 302 
436 274 
436 142 
436 102 
436 58 
436 108 
436 249 
436 114 
436 244 
436 403 
436 336 
436 122 
436 483 
436 3 
436 185 
436 402 
436 399 
436 120 
436 197 
436 303 
436 426 
436 455 
436 283 
436 422 
436 59 
436 510 
436 188 
436 61 
436 95 
436 440 
436 269 
436 71 
436 364 
436 207 
436 261 
436 251 
436 307 
436 298 
436 67 
436 380 
436 90 
436 361 
436 348 
436 105 
436 322 
436 340 
436 46 
436 202 
436 155 
436 237 
436 200 
436 204 
436 494 
436 135 
436 99 
436 113 
436 214 
436 179 
436 252 
436 330 
436 497 
436 461 
436 333 
436 498 
436 127 
436 367 
436 74 
436 352 
436 195 
436 128 
436 196 
436 56 
436 181 
436 331 
436 66 
436 335 
436 306 
436 224 
436 137 
436 272 
436 243 
436 318 
436 289 
436 489 
436 344 
436 304 
436 125 
436 111 
436 42 
436 240 
436 279 
436 260 
436 384 
436 315 
436 503 
436 94 
436 93 
436 82 
436 299 
436 509 
436 26 
436 443 
436 458 
436 132 
436 424 
436 271 
436 148 
436 278 
436 210 
436 401 
436 168 
436 487 
436 314 
436 265 
436 429 
436 305 
436 180 
436 78 
436 332 
436 175 
436 393 
436 160 
436 264 
436 88 
436 40 
436 456 
436 308 
436 324 
436 199 
436 464 
436 32 
436 186 
436 193 
436 140 
436 194 
436 473 
436 191 
436 27 
436 286 
436 435 
436 136 
436 10 
436 357 
436 92 
436 165 
436 35 
436 418 
436 53 
436 220 
436 97 
436 182 
436 39 
436 363 
436 395 
436 323 
436 235 
436 166 
436 212 
436 184 
436 310 
436 453 
436 9 
436 358 
436 84 
437 512 
437 469 
437 259 
437 505 
437 189 
437 347 
437 117 
437 308 
437 178 
437 273 
437 457 
437 331 
437 450 
437 227 
437 480 
437 20 
437 229 
437 407 
437 174 
437 11 
437 99 
437 439 
437 228 
437 384 
437 290 
437 195 
437 62 
437 102 
437 52 
437 262 
437 183 
437 510 
437 141 
437 265 
437 26 
437 58 
437 108 
437 226 
437 180 
437 66 
437 224 
437 350 
437 393 
437 276 
437 278 
437 349 
437 482 
437 383 
437 305 
437 213 
437 158 
437 496 
437 315 
437 323 
437 68 
437 377 
437 488 
437 484 
437 378 
437 421 
437 464 
437 240 
437 401 
437 267 
437 440 
437 243 
437 53 
437 380 
437 69 
437 298 
437 136 
437 137 
437 155 
437 406 
437 41 
437 320 
437 236 
437 81 
437 443 
437 114 
437 119 
437 445 
437 207 
437 131 
437 255 
437 118 
437 150 
437 335 
437 172 
437 21 
437 366 
437 319 
437 234 
437 408 
437 80 
437 462 
437 256 
437 47 
437 376 
437 348 
437 244 
437 313 
437 432 
437 495 
437 405 
437 197 
437 179 
437 147 
437 232 
437 95 
437 220 
437 238 
437 2 
437 389 
437 459 
437 113 
437 479 
437 402 
437 49 
437 87 
437 447 
437 371 
437 177 
437 61 
437 430 
437 361 
437 382 
437 271 
437 261 
437 400 
437 466 
437 205 
437 43 
437 127 
437 64 
437 328 
437 145 
437 239 
437 374 
437 93 
437 494 
437 417 
437 414 
437 146 
437 50 
437 345 
437 144 
437 316 
437 138 
437 297 
437 193 
437 59 
437 428 
437 385 
437 208 
437 51 
437 107 
437 416 
437 56 
437 280 
437 181 
437 37 
437 191 
437 142 
437 162 
437 426 
437 429 
437 364 
437 288 
437 57 
437 78 
437 324 
437 282 
437 284 
438 79 
438 327 
438 304 
438 288 
438 128 
438 445 
438 268 
438 322 
438 37 
438 362 
438 76 
438 254 
438 468 
438 396 
438 203 
438 109 
438 95 
438 476 
438 315 
438 173 
438 324 
438 486 
438 474 
438 81 
438 125 
438 331 
438 478 
438 222 
438 61 
438 199 
438 127 
438 179 
438 284 
438 504 
438 72 
438 405 
438 261 
438 129 
438 466 
438 264 
438 267 
438 416 
438 311 
438 75 
438 306 
438 251 
438 459 
438 291 
438 85 
438 140 
438 223 
438 467 
438 195 
438 248 
438 496 
438 500 
438 316 
438 170 
438 198 
438 84 
438 463 
438 366 
438 383 
438 183 
438 336 
438 422 
438 319 
438 434 
438 510 
438 36 
438 356 
438 171 
438 21 
438 323 
438 350 
438 462 
438 225 
438 137 
438 77 
438 131 
438 378 
438 8 
438 259 
438 373 
438 444 
438 157 
438 205 
438 503 
438 309 
438 228 
438 66 
438 74 
438 196 
438 29 
438 308 
438 337 
438 508 
438 194 
438 485 
438 266 
438 64 
438 255 
438 232 
438 417 
438 433 
438 39 
438 287 
438 114 
438 346 
438 209 
438 397 
438 46 
438 389 
438 391 
438 26 
438 3 
438 28 
438 212 
438 312 
438 96 
438 394 
438 431 
438 87 
438 236 
438 448 
438 460 
438 153 
438 249 
438 447 
438 181 
438 263 
438 489 
438 67 
438 375 
438 269 
438 5 
438 380 
438 440 
438 189 
438 52 
438 113 
438 110 
438 141 
438 118 
438 363 
438 88 
438 298 
438 80 
438 342 
438 334 
438 105 
438 421 
438 156 
438 227 
438 48 
438 435 
438 415 
438 442 
438 326 
438 174 
438 297 
438 56 
438 347 
438 186 
439 240 
439 325 
439 212 
439 386 
439 202 
439 294 
439 446 
439 349 
439 7 
439 483 
439 153 
439 463 
439 78 
439 263 
439 138 
439 478 
439 179 
439 437 
439 125 
439 2 
439 355 
439 390 
439 148 
439 102 
439 204 
439 220 
439 428 
439 297 
439 272 
439 225 
439 396 
439 353 
439 504 
439 346 
439 501 
439 241 
439 255 
439 443 
439 370 
439 458 
439 201 
439 418 
439 340 
439 387 
439 493 
439 24 
439 95 
439 156 
439 233 
439 339 
439 84 
439 155 
439 505 
439 365 
439 422 
439 4 
439 131 
439 43 
439 40 
439 10 
439 22 
439 502 
439 512 
439 119 
439 62 
439 311 
439 185 
439 45 
439 210 
439 368 
439 469 
439 338 
439 468 
439 327 
439 33 
439 341 
439 152 
439 85 
439 237 
439 435 
439 363 
439 157 
439 183 
439 129 
439 44 
439 318 
439 499 
439 301 
439 161 
439 465 
439 449 
439 207 
439 305 
439 360 
439 344 
439 47 
439 176 
439 223 
439 222 
439 236 
439 27 
439 329 
439 448 
439 447 
439 489 
439 247 
439 106 
439 127 
439 480 
439 426 
439 414 
439 289 
439 137 
439 413 
439 82 
439 361 
439 172 
439 46 
439 25 
439 213 
439 99 
439 79 
439 441 
439 132 
439 245 
439 351 
439 58 
439 144 
439 375 
439 290 
439 464 
439 411 
439 456 
439 97 
439 238 
439 75 
439 18 
439 470 
439 271 
439 122 
439 508 
439 474 
439 123 
439 319 
439 342 
439 309 
439 221 
439 242 
439 259 
439 442 
439 65 
439 509 
439 410 
439 356 
439 64 
439 51 
439 377 
439 160 
440 239 
440 169 
440 133 
440 471 
440 387 
440 244 
440 105 
440 80 
440 360 
440 366 
440 473 
440 310 
440 381 
440 388 
440 286 
440 281 
440 510 
440 246 
440 62 
440 8 
440 324 
440 134 
440 468 
440 337 
440 275 
440 247 
440 385 
440 300 
440 85 
440 115 
440 282 
440 332 
440 436 
440 372 
440 45 
440 64 
440 285 
440 346 
440 328 
440 399 
440 340 
440 422 
440 230 
440 164 
440 227 
440 390 
440 233 
440 87 
440 507 
440 437 
440 215 
440 203 
440 93 
440 77 
440 483 
440 189 
440 350 
440 354 
440 512 
440 467 
440 380 
440 50 
440 138 
440 206 
440 185 
440 120 
440 334 
440 102 
440 362 
440 458 
440 112 
440 48 
440 241 
440 17 
440 411 
440 499 
440 343 
440 148 
440 162 
440 348 
440 73 
440 291 
440 456 
440 347 
440 266 
440 178 
440 202 
440 308 
440 111 
440 171 
440 181 
440 104 
440 255 
440 99 
440 331 
440 237 
440 330 
440 131 
440 86 
440 357 
440 144 
440 106 
440 379 
440 272 
440 326 
440 479 
440 140 
440 288 
440 403 
440 481 
440 168 
440 463 
440 68 
440 75 
440 145 
440 163 
440 150 
440 128 
440 41 
440 200 
440 438 
440 351 
440 420 
440 333 
440 367 
440 261 
440 27 
440 113 
440 194 
440 404 
440 208 
440 107 
440 430 
440 427 
440 245 
440 121 
440 42 
440 57 
440 35 
440 434 
441 396 
441 196 
441 203 
441 120 
441 151 
441 95 
441 100 
441 200 
441 391 
441 326 
441 309 
441 373 
441 226 
441 44 
441 388 
441 46 
441 215 
441 280 
441 161 
441 385 
441 489 
441 229 
441 323 
441 297 
441 13 
441 344 
441 273 
441 298 
441 107 
441 282 
441 146 
441 435 
441 193 
441 58 
441 206 
441 152 
441 228 
441 227 
441 474 
441 9 
441 260 
441 201 
441 457 
441 356 
441 103 
441 49 
441 365 
441 468 
441 235 
441 382 
441 210 
441 258 
441 447 
441 31 
441 27 
441 207 
441 355 
441 481 
441 219 
441 370 
441 353 
441 240 
441 119 
441 300 
441 329 
441 375 
441 335 
441 495 
441 430 
441 212 
441 347 
441 502 
441 413 
441 419 
441 294 
441 82 
441 150 
441 214 
441 51 
441 137 
441 6 
441 460 
441 175 
441 138 
441 397 
441 99 
441 306 
441 43 
441 29 
441 213 
441 79 
441 421 
441 85 
441 276 
441 285 
441 349 
441 131 
441 41 
441 53 
441 367 
441 369 
441 478 
441 466 
441 4 
441 159 
441 328 
441 299 
441 14 
441 395 
441 90 
441 185 
441 121 
441 108 
441 91 
441 387 
441 381 
441 25 
441 407 
441 320 
441 202 
441 449 
441 221 
441 18 
441 383 
441 106 
441 246 
441 301 
441 279 
441 429 
441 480 
441 117 
441 15 
441 439 
441 94 
441 304 
441 318 
441 52 
441 166 
441 417 
441 411 
441 408 
441 134 
441 343 
441 174 
441 33 
441 336 
441 410 
441 179 
441 1 
441 458 
441 455 
441 254 
441 98 
441 252 
441 448 
441 125 
442 177 
442 19 
442 122 
442 376 
442 500 
442 283 
442 126 
442 463 
442 119 
442 419 
442 230 
442 311 
442 12 
442 373 
442 489 
442 176 
442 299 
442 384 
442 397 
442 465 
442 197 
442 135 
442 93 
442 220 
442 89 
442 445 
442 379 
442 137 
442 67 
442 210 
442 355 
442 275 
442 139 
442 346 
442 170 
442 371 
442 23 
442 470 
442 217 
442 64 
442 50 
442 255 
442 369 
442 235 
442 505 
442 223 
442 229 
442 281 
442 476 
442 16 
442 194 
442 385 
442 448 
442 416 
442 254 
442 451 
442 82 
442 161 
442 411 
442 303 
442 351 
442 282 
442 497 
442 412 
442 188 
442 501 
442 488 
442 343 
442 211 
442 25 
442 285 
442 354 
442 196 
442 231 
442 325 
442 214 
442 393 
442 141 
442 472 
442 365 
442 86 
442 471 
442 395 
442 418 
442 291 
442 391 
442 117 
442 140 
442 380 
442 415 
442 318 
442 402 
442 61 
442 41 
442 160 
442 121 
442 407 
442 102 
442 59 
442 420 
442 401 
442 511 
442 132 
442 226 
442 242 
442 339 
442 464 
442 504 
442 153 
442 262 
442 322 
442 81 
442 481 
442 247 
442 72 
442 389 
442 183 
442 165 
442 368 
442 486 
442 180 
442 53 
442 213 
442 417 
442 277 
442 443 
442 267 
442 9 
442 105 
442 130 
442 69 
442 467 
442 27 
442 79 
442 32 
442 138 
442 40 
442 358 
442 337 
442 8 
442 99 
442 386 
442 502 
442 240 
442 439 
442 48 
442 274 
442 510 
442 457 
442 438 
442 133 
442 14 
442 56 
442 478 
442 151 
442 307 
443 274 
443 110 
443 256 
443 178 
443 288 
443 392 
443 457 
443 152 
443 513 
443 284 
443 88 
443 131 
443 334 
443 245 
443 195 
443 287 
443 399 
443 242 
443 179 
443 455 
443 202 
443 373 
443 429 
443 366 
443 80 
443 38 
443 94 
443 159 
443 314 
443 207 
443 183 
443 121 
443 431 
443 51 
443 450 
443 233 
443 439 
443 474 
443 40 
443 485 
443 388 
443 303 
443 417 
443 253 
443 285 
443 411 
443 104 
443 378 
443 4 
443 37 
443 463 
443 205 
443 196 
443 19 
443 340 
443 407 
443 210 
443 470 
443 2 
443 446 
443 132 
443 188 
443 379 
443 46 
443 33 
443 15 
443 90 
443 1 
443 510 
443 65 
443 169 
443 374 
443 435 
443 263 
443 437 
443 129 
443 61 
443 11 
443 425 
443 25 
443 449 
443 116 
443 320 
443 461 
443 350 
443 410 
443 216 
443 251 
443 12 
443 278 
443 134 
443 335 
443 198 
443 174 
443 191 
443 422 
443 148 
443 502 
443 289 
443 95 
443 203 
443 512 
443 436 
443 309 
443 193 
443 315 
443 28 
443 268 
443 185 
443 173 
443 404 
443 338 
443 74 
443 466 
443 82 
443 343 
443 231 
443 307 
443 120 
443 126 
443 34 
443 423 
443 294 
443 8 
443 500 
443 257 
443 70 
443 146 
443 117 
443 442 
443 264 
443 370 
443 451 
443 213 
443 133 
443 59 
443 282 
443 398 
443 501 
443 364 
443 32 
443 6 
443 267 
443 509 
443 209 
443 468 
443 182 
443 299 
443 92 
443 168 
443 155 
443 211 
443 291 
443 298 
443 107 
443 272 
443 229 
443 465 
443 469 
443 75 
443 72 
444 385 
444 243 
444 68 
444 390 
444 190 
444 132 
444 406 
444 148 
444 486 
444 410 
444 219 
444 27 
444 141 
444 47 
444 270 
444 365 
444 241 
444 470 
444 147 
444 46 
444 134 
444 318 
444 149 
444 220 
444 363 
444 426 
444 31 
444 460 
444 119 
444 510 
444 492 
444 408 
444 127 
444 137 
444 218 
444 304 
444 163 
444 178 
444 192 
444 188 
444 254 
444 223 
444 269 
444 342 
444 490 
444 457 
444 264 
444 45 
444 422 
444 30 
444 232 
444 371 
444 336 
444 395 
444 308 
444 99 
444 109 
444 344 
444 3 
444 280 
444 202 
444 412 
444 140 
444 361 
444 113 
444 195 
444 393 
444 397 
444 445 
444 110 
444 276 
444 499 
444 92 
444 67 
444 352 
444 398 
444 480 
444 289 
444 452 
444 471 
444 105 
444 513 
444 191 
444 126 
444 489 
444 296 
444 265 
444 173 
444 355 
444 61 
444 165 
444 130 
444 216 
444 5 
444 438 
444 434 
444 80 
444 299 
444 256 
444 291 
444 380 
444 8 
444 133 
444 338 
444 259 
444 503 
444 368 
444 171 
444 391 
444 416 
444 360 
444 349 
444 161 
444 172 
444 185 
444 111 
444 1 
444 6 
444 497 
444 314 
444 367 
444 405 
444 100 
444 447 
444 244 
444 277 
444 213 
444 295 
444 389 
444 247 
444 485 
444 65 
444 179 
444 282 
444 196 
444 62 
444 260 
444 44 
444 481 
444 144 
444 316 
444 121 
444 383 
444 324 
444 41 
444 411 
444 357 
444 294 
444 290 
444 32 
444 168 
444 103 
444 69 
444 253 
444 329 
444 151 
444 94 
444 36 
444 468 
444 495 
444 117 
444 372 
444 166 
444 20 
444 12 
445 126 
445 272 
445 169 
445 438 
445 32 
445 369 
445 263 
445 203 
445 201 
445 99 
445 25 
445 212 
445 511 
445 236 
445 448 
445 483 
445 507 
445 403 
445 459 
445 442 
445 419 
445 163 
445 237 
445 226 
445 243 
445 133 
445 101 
445 348 
445 351 
445 59 
445 49 
445 17 
445 320 
445 16 
445 88 
445 430 
445 387 
445 108 
445 282 
445 252 
445 256 
445 338 
445 9 
445 218 
445 186 
445 435 
445 241 
445 335 
445 498 
445 495 
445 300 
445 278 
445 493 
445 182 
445 401 
445 258 
445 39 
445 245 
445 474 
445 327 
445 505 
445 410 
445 433 
445 189 
445 374 
445 153 
445 461 
445 53 
445 21 
445 328 
445 55 
445 184 
445 397 
445 444 
445 317 
445 424 
445 127 
445 304 
445 289 
445 119 
445 97 
445 470 
445 295 
445 506 
445 79 
445 8 
445 37 
445 379 
445 221 
445 102 
445 177 
445 44 
445 34 
445 437 
445 510 
445 110 
445 509 
445 402 
445 82 
445 477 
445 171 
445 129 
445 195 
445 72 
445 267 
445 463 
445 93 
445 296 
445 421 
445 486 
445 494 
445 12 
445 96 
445 94 
445 204 
445 206 
445 178 
445 372 
445 146 
445 287 
445 365 
445 501 
445 434 
445 383 
445 159 
445 484 
445 168 
445 202 
445 274 
445 0 
445 109 
445 217 
445 395 
445 472 
445 158 
445 409 
445 208 
445 192 
445 292 
445 349 
445 479 
445 239 
445 386 
445 512 
445 219 
445 286 
445 499 
445 121 
445 254 
445 98 
445 41 
445 61 
445 193 
445 13 
445 225 
445 197 
445 281 
445 450 
445 260 
445 48 
445 417 
445 77 
446 298 
446 439 
446 302 
446 103 
446 312 
446 21 
446 373 
446 461 
446 82 
446 139 
446 351 
446 14 
446 132 
446 403 
446 466 
446 301 
446 332 
446 19 
446 473 
446 83 
446 474 
446 420 
446 278 
446 299 
446 448 
446 246 
446 277 
446 118 
446 200 
446 498 
446 341 
446 251 
446 183 
446 43 
446 170 
446 207 
446 511 
446 151 
446 176 
446 229 
446 152 
446 85 
446 219 
446 64 
446 45 
446 293 
446 125 
446 408 
446 256 
446 133 
446 335 
446 443 
446 0 
446 430 
446 232 
446 266 
446 55 
446 75 
446 497 
446 60 
446 7 
446 46 
446 92 
446 210 
446 235 
446 111 
446 503 
446 425 
446 24 
446 360 
446 318 
446 65 
446 242 
446 197 
446 328 
446 486 
446 363 
446 131 
446 428 
446 404 
446 292 
446 172 
446 95 
446 39 
446 255 
446 279 
446 254 
446 435 
446 179 
446 154 
446 366 
446 49 
446 270 
446 84 
446 31 
446 326 
446 105 
446 508 
446 119 
446 393 
446 491 
446 479 
446 336 
446 291 
446 394 
446 505 
446 174 
446 143 
446 126 
446 28 
446 213 
446 304 
446 99 
446 117 
446 422 
446 348 
446 76 
446 376 
446 62 
446 449 
446 116 
446 192 
446 329 
446 141 
446 413 
446 369 
446 202 
446 290 
446 156 
446 414 
446 349 
446 372 
446 262 
446 344 
446 5 
446 429 
446 340 
446 42 
446 90 
446 481 
446 460 
446 462 
447 64 
447 314 
447 381 
447 391 
447 153 
447 4 
447 351 
447 84 
447 459 
447 422 
447 397 
447 412 
447 508 
447 425 
447 270 
447 380 
447 294 
447 269 
447 173 
447 295 
447 131 
447 201 
447 59 
447 326 
447 99 
447 328 
447 303 
447 121 
447 370 
447 24 
447 417 
447 23 
447 249 
447 83 
447 160 
447 395 
447 311 
447 36 
447 47 
447 208 
447 11 
447 74 
447 284 
447 406 
447 213 
447 334 
447 268 
447 14 
447 15 
447 128 
447 254 
447 426 
447 441 
447 155 
447 116 
447 345 
447 123 
447 385 
447 394 
447 73 
447 182 
447 460 
447 375 
447 243 
447 216 
447 497 
447 265 
447 398 
447 19 
447 242 
447 235 
447 483 
447 2 
447 94 
447 45 
447 495 
447 184 
447 7 
447 309 
447 275 
447 202 
447 146 
447 29 
447 260 
447 330 
447 419 
447 357 
447 409 
447 6 
447 390 
447 427 
447 500 
447 369 
447 301 
447 507 
447 339 
447 106 
447 166 
447 333 
447 439 
447 239 
447 142 
447 148 
447 469 
447 72 
447 183 
447 437 
447 319 
447 189 
447 21 
447 169 
447 475 
447 336 
447 281 
447 386 
447 205 
447 367 
447 278 
447 137 
447 404 
447 78 
447 51 
447 241 
447 444 
447 348 
447 415 
447 468 
447 246 
447 50 
447 378 
447 187 
447 80 
447 438 
447 289 
447 157 
447 57 
447 325 
447 503 
447 140 
447 510 
447 423 
447 452 
447 341 
447 485 
447 466 
447 250 
447 413 
447 49 
447 405 
447 61 
447 132 
447 408 
447 388 
447 18 
447 79 
447 220 
447 282 
447 368 
447 477 
448 27 
448 29 
448 271 
448 470 
448 499 
448 312 
448 365 
448 431 
448 169 
448 52 
448 301 
448 339 
448 445 
448 176 
448 171 
448 61 
448 135 
448 114 
448 209 
448 260 
448 304 
448 65 
448 105 
448 363 
448 329 
448 457 
448 151 
448 433 
448 446 
448 482 
448 335 
448 253 
448 11 
448 187 
448 203 
448 273 
448 238 
448 116 
448 205 
448 426 
448 5 
448 411 
448 442 
448 333 
448 494 
448 374 
448 93 
448 188 
448 0 
448 115 
448 191 
448 257 
448 357 
448 155 
448 410 
448 231 
448 199 
448 456 
448 309 
448 26 
448 40 
448 21 
448 420 
448 206 
448 47 
448 99 
448 175 
448 51 
448 261 
448 38 
448 247 
448 142 
448 284 
448 117 
448 59 
448 221 
448 72 
448 343 
448 346 
448 379 
448 280 
448 198 
448 484 
448 372 
448 60 
448 317 
448 226 
448 361 
448 396 
448 503 
448 251 
448 481 
448 2 
448 501 
448 149 
448 386 
448 229 
448 300 
448 439 
448 500 
448 294 
448 513 
448 220 
448 101 
448 327 
448 54 
448 316 
448 336 
448 42 
448 23 
448 417 
448 233 
448 181 
448 173 
448 486 
448 57 
448 320 
448 192 
448 104 
448 182 
448 145 
448 318 
448 110 
448 177 
448 164 
448 97 
448 508 
448 68 
448 480 
448 92 
448 299 
448 178 
448 498 
448 438 
448 236 
448 83 
448 137 
448 89 
448 152 
448 469 
448 224 
448 262 
448 44 
448 422 
448 282 
448 395 
448 22 
448 244 
448 490 
448 375 
448 397 
448 358 
448 55 
448 424 
448 46 
448 393 
448 378 
448 234 
448 71 
448 441 
448 218 
448 170 
448 119 
448 195 
448 125 
449 360 
449 394 
449 179 
449 142 
449 382 
449 54 
449 168 
449 277 
449 110 
449 494 
449 136 
449 69 
449 245 
449 183 
449 192 
449 460 
449 128 
449 490 
449 325 
449 178 
449 10 
449 5 
449 300 
449 13 
449 386 
449 12 
449 172 
449 243 
449 84 
449 409 
449 407 
449 203 
449 279 
449 348 
449 289 
449 475 
449 41 
449 430 
449 471 
449 104 
449 511 
449 70 
449 452 
449 329 
449 249 
449 46 
449 60 
449 342 
449 30 
449 103 
449 265 
449 215 
449 115 
449 288 
449 496 
449 225 
449 77 
449 256 
449 318 
449 255 
449 472 
449 391 
449 468 
449 138 
449 308 
449 247 
449 326 
449 426 
449 489 
449 336 
449 162 
449 204 
449 512 
449 443 
449 390 
449 432 
449 498 
449 509 
449 413 
449 439 
449 513 
449 504 
449 87 
449 366 
449 170 
449 208 
449 339 
449 263 
449 137 
449 402 
449 507 
449 182 
449 441 
449 429 
449 267 
449 510 
449 486 
449 90 
449 257 
449 451 
449 111 
449 151 
449 446 
449 345 
449 88 
449 274 
449 491 
449 11 
449 251 
449 165 
449 101 
449 191 
449 150 
449 169 
449 99 
449 8 
449 43 
449 316 
449 292 
449 270 
449 374 
449 124 
449 242 
449 323 
449 122 
449 244 
449 246 
449 319 
449 334 
449 361 
449 421 
449 125 
449 173 
449 284 
449 228 
449 405 
450 117 
450 76 
450 380 
450 276 
450 51 
450 488 
450 32 
450 124 
450 161 
450 223 
450 437 
450 489 
450 97 
450 210 
450 368 
450 476 
450 43 
450 303 
450 384 
450 183 
450 40 
450 344 
450 154 
450 263 
450 79 
450 499 
450 132 
450 82 
450 171 
450 495 
450 401 
450 25 
450 335 
450 416 
450 83 
450 279 
450 236 
450 513 
450 443 
450 156 
450 93 
450 226 
450 311 
450 241 
450 248 
450 42 
450 119 
450 0 
450 496 
450 118 
450 225 
450 81 
450 89 
450 511 
450 330 
450 406 
450 17 
450 33 
450 202 
450 349 
450 146 
450 72 
450 332 
450 494 
450 203 
450 295 
450 61 
450 324 
450 293 
450 106 
450 152 
450 125 
450 215 
450 285 
450 37 
450 463 
450 469 
450 351 
450 358 
450 510 
450 44 
450 237 
450 50 
450 252 
450 485 
450 103 
450 127 
450 386 
450 387 
450 244 
450 389 
450 199 
450 363 
450 373 
450 391 
450 168 
450 112 
450 66 
450 60 
450 355 
450 267 
450 134 
450 46 
450 336 
450 421 
450 342 
450 292 
450 255 
450 87 
450 353 
450 214 
450 185 
450 411 
450 509 
450 307 
450 1 
450 162 
450 259 
450 205 
450 474 
450 126 
450 305 
450 10 
450 233 
450 270 
450 393 
450 234 
450 260 
450 70 
450 418 
450 141 
450 194 
450 75 
450 206 
450 128 
450 479 
450 302 
450 301 
450 153 
450 67 
450 390 
450 364 
450 346 
450 426 
450 445 
450 451 
450 414 
451 404 
451 321 
451 493 
451 504 
451 97 
451 319 
451 66 
451 225 
451 351 
451 105 
451 111 
451 344 
451 235 
451 198 
451 370 
451 458 
451 481 
451 61 
451 457 
451 216 
451 47 
451 429 
451 51 
451 48 
451 28 
451 391 
451 273 
451 462 
451 200 
451 328 
451 246 
451 456 
451 301 
451 93 
451 268 
451 366 
451 22 
451 162 
451 231 
451 475 
451 300 
451 499 
451 403 
451 27 
451 442 
451 16 
451 102 
451 126 
451 236 
451 38 
451 189 
451 228 
451 486 
451 194 
451 23 
451 339 
451 91 
451 247 
451 95 
451 361 
451 263 
451 241 
451 298 
451 253 
451 192 
451 453 
451 326 
451 187 
451 147 
451 195 
451 49 
451 466 
451 153 
451 85 
451 461 
451 67 
451 5 
451 252 
451 382 
451 217 
451 270 
451 88 
451 184 
451 497 
451 64 
451 262 
451 86 
451 467 
451 264 
451 36 
451 163 
451 512 
451 307 
451 304 
451 208 
451 54 
451 312 
451 206 
451 341 
451 127 
451 45 
451 340 
451 240 
451 242 
451 314 
451 412 
451 238 
451 70 
451 491 
451 401 
451 494 
451 140 
451 128 
451 176 
451 414 
451 503 
451 501 
451 118 
451 117 
451 348 
451 42 
451 233 
451 513 
451 83 
451 372 
451 269 
451 146 
451 227 
451 19 
451 393 
451 84 
451 145 
451 449 
451 289 
451 443 
451 480 
451 182 
451 276 
451 1 
451 506 
451 296 
451 390 
451 469 
451 68 
451 303 
451 347 
451 203 
451 99 
451 311 
451 65 
451 214 
451 37 
451 211 
451 239 
451 10 
451 293 
451 316 
451 399 
451 138 
451 450 
451 416 
451 265 
452 110 
452 345 
452 170 
452 494 
452 144 
452 337 
452 328 
452 262 
452 462 
452 412 
452 64 
452 91 
452 416 
452 355 
452 394 
452 415 
452 214 
452 89 
452 354 
452 105 
452 409 
452 289 
452 464 
452 69 
452 346 
452 472 
452 8 
452 261 
452 206 
452 77 
452 414 
452 282 
452 390 
452 315 
452 58 
452 449 
452 245 
452 389 
452 324 
452 195 
452 176 
452 117 
452 151 
452 227 
452 3 
452 455 
452 95 
452 23 
452 374 
452 96 
452 384 
452 502 
452 327 
452 402 
452 492 
452 78 
452 118 
452 233 
452 477 
452 1 
452 369 
452 57 
452 165 
452 101 
452 221 
452 177 
452 444 
452 314 
452 63 
452 325 
452 500 
452 418 
452 410 
452 158 
452 311 
452 342 
452 66 
452 104 
452 42 
452 13 
452 361 
452 489 
452 349 
452 490 
452 488 
452 134 
452 303 
452 146 
452 135 
452 478 
452 424 
452 256 
452 391 
452 499 
452 93 
452 238 
452 338 
452 115 
452 71 
452 388 
452 76 
452 196 
452 475 
452 112 
452 275 
452 307 
452 132 
452 469 
452 286 
452 174 
452 372 
452 482 
452 220 
452 234 
452 213 
452 142 
452 329 
452 157 
452 241 
452 260 
452 106 
452 362 
452 474 
452 254 
452 304 
452 149 
452 126 
452 94 
452 21 
452 180 
452 308 
452 50 
452 183 
452 359 
452 68 
452 447 
452 123 
452 269 
452 46 
452 231 
452 5 
452 249 
452 467 
452 334 
452 302 
452 192 
452 298 
453 128 
453 185 
453 65 
453 92 
453 248 
453 109 
453 365 
453 495 
453 56 
453 99 
453 155 
453 375 
453 253 
453 257 
453 143 
453 394 
453 93 
453 220 
453 75 
453 422 
453 469 
453 86 
453 292 
453 236 
453 237 
453 391 
453 11 
453 231 
453 396 
453 434 
453 162 
453 192 
453 88 
453 233 
453 84 
453 364 
453 366 
453 201 
453 425 
453 18 
453 309 
453 53 
453 202 
453 331 
453 362 
453 321 
453 129 
453 386 
453 110 
453 464 
453 158 
453 311 
453 398 
453 451 
453 462 
453 163 
453 171 
453 400 
453 31 
453 392 
453 78 
453 504 
453 507 
453 350 
453 25 
453 107 
453 318 
453 406 
453 22 
453 67 
453 482 
453 229 
453 266 
453 137 
453 261 
453 301 
453 138 
453 314 
453 338 
453 119 
453 373 
453 344 
453 343 
453 167 
453 471 
453 317 
453 81 
453 83 
453 108 
453 36 
453 313 
453 300 
453 115 
453 347 
453 87 
453 355 
453 242 
453 90 
453 500 
453 381 
453 223 
453 351 
453 341 
453 127 
453 410 
453 496 
453 50 
453 357 
453 251 
453 238 
453 19 
453 416 
453 193 
453 224 
453 152 
453 384 
453 111 
453 52 
453 160 
453 436 
453 340 
454 495 
454 312 
454 195 
454 218 
454 394 
454 498 
454 211 
454 172 
454 126 
454 7 
454 84 
454 464 
454 94 
454 83 
454 343 
454 100 
454 15 
454 135 
454 123 
454 124 
454 468 
454 332 
454 370 
454 334 
454 118 
454 192 
454 497 
454 364 
454 475 
454 352 
454 116 
454 115 
454 405 
454 16 
454 400 
454 309 
454 132 
454 280 
454 43 
454 103 
454 298 
454 456 
454 397 
454 198 
454 329 
454 372 
454 101 
454 55 
454 154 
454 266 
454 89 
454 361 
454 230 
454 402 
454 200 
454 474 
454 227 
454 136 
454 61 
454 469 
454 178 
454 385 
454 487 
454 494 
454 59 
454 228 
454 224 
454 66 
454 363 
454 229 
454 145 
454 414 
454 29 
454 246 
454 33 
454 180 
454 297 
454 501 
454 23 
454 328 
454 485 
454 272 
454 68 
454 341 
454 196 
454 213 
454 122 
454 223 
454 45 
454 463 
454 93 
454 509 
454 513 
454 202 
454 98 
454 512 
454 219 
454 233 
454 185 
454 216 
454 320 
454 506 
454 155 
454 477 
454 340 
454 486 
454 38 
454 373 
454 113 
454 336 
454 205 
454 383 
454 199 
454 344 
454 403 
454 507 
454 245 
454 220 
454 359 
454 261 
454 484 
454 193 
454 242 
454 502 
454 379 
454 462 
454 90 
454 376 
454 426 
454 284 
454 127 
454 251 
454 339 
454 432 
454 375 
454 34 
455 159 
455 284 
455 146 
455 364 
455 466 
455 430 
455 390 
455 240 
455 191 
455 435 
455 50 
455 443 
455 420 
455 511 
455 121 
455 53 
455 228 
455 340 
455 415 
455 360 
455 369 
455 409 
455 209 
455 481 
455 248 
455 464 
455 505 
455 87 
455 392 
455 283 
455 401 
455 80 
455 356 
455 297 
455 281 
455 203 
455 77 
455 83 
455 202 
455 294 
455 185 
455 67 
455 115 
455 81 
455 403 
455 436 
455 94 
455 311 
455 86 
455 290 
455 485 
455 429 
455 382 
455 45 
455 504 
455 345 
455 484 
455 153 
455 469 
455 98 
455 34 
455 343 
455 312 
455 245 
455 432 
455 335 
455 452 
455 500 
455 32 
455 394 
455 33 
455 62 
455 156 
455 142 
455 133 
455 237 
455 10 
455 97 
455 270 
455 108 
455 365 
455 92 
455 425 
455 308 
455 510 
455 319 
455 380 
455 22 
455 418 
455 236 
455 473 
455 101 
455 487 
455 198 
455 117 
455 279 
455 68 
455 65 
455 426 
455 479 
455 38 
455 183 
455 262 
455 61 
455 424 
455 194 
455 303 
455 387 
455 182 
455 463 
455 116 
455 7 
455 73 
455 296 
455 287 
455 199 
455 192 
455 346 
455 179 
455 186 
455 112 
455 271 
455 411 
455 397 
455 304 
455 71 
455 238 
455 63 
455 178 
455 93 
455 460 
455 336 
455 325 
455 255 
455 17 
455 89 
455 383 
455 76 
455 13 
455 377 
455 433 
455 371 
455 513 
455 292 
455 441 
455 177 
455 490 
455 51 
455 293 
455 243 
455 96 
455 91 
455 40 
456 106 
456 427 
456 103 
456 285 
456 198 
456 313 
456 196 
456 417 
456 97 
456 27 
456 396 
456 90 
456 100 
456 310 
456 152 
456 224 
456 472 
456 341 
456 336 
456 467 
456 273 
456 48 
456 28 
456 383 
456 151 
456 67 
456 390 
456 183 
456 5 
456 398 
456 451 
456 7 
456 490 
456 166 
456 138 
456 274 
456 230 
456 385 
456 469 
456 50 
456 204 
456 381 
456 171 
456 137 
456 226 
456 223 
456 402 
456 172 
456 3 
456 116 
456 393 
456 400 
456 500 
456 185 
456 119 
456 43 
456 62 
456 509 
456 384 
456 135 
456 52 
456 448 
456 471 
456 503 
456 508 
456 454 
456 302 
456 12 
456 108 
456 89 
456 72 
456 478 
456 425 
456 370 
456 460 
456 338 
456 257 
456 86 
456 499 
456 81 
456 123 
456 168 
456 53 
456 494 
456 482 
456 351 
456 334 
456 114 
456 352 
456 470 
456 328 
456 289 
456 184 
456 55 
456 378 
456 239 
456 215 
456 440 
456 407 
456 60 
456 307 
456 177 
456 299 
456 319 
456 181 
456 271 
456 192 
456 207 
456 403 
456 248 
456 99 
456 240 
456 82 
456 324 
456 340 
456 435 
456 209 
456 165 
456 189 
456 199 
456 382 
456 317 
456 101 
456 436 
456 227 
456 51 
456 304 
456 105 
456 208 
456 392 
456 34 
456 262 
456 474 
456 88 
456 148 
456 258 
456 174 
456 306 
456 164 
456 263 
456 458 
456 298 
456 466 
456 439 
456 419 
456 462 
456 117 
456 260 
456 157 
456 318 
456 167 
456 284 
456 373 
456 222 
456 326 
456 18 
456 76 
456 104 
456 127 
456 282 
456 505 
456 463 
456 93 
456 37 
456 286 
456 406 
456 305 
456 20 
457 264 
457 185 
457 443 
457 437 
457 116 
457 104 
457 213 
457 147 
457 49 
457 175 
457 280 
457 214 
457 235 
457 59 
457 313 
457 512 
457 125 
457 90 
457 299 
457 392 
457 193 
457 363 
457 358 
457 226 
457 451 
457 254 
457 448 
457 260 
457 145 
457 284 
457 272 
457 509 
457 258 
457 292 
457 174 
457 328 
457 347 
457 255 
457 444 
457 8 
457 236 
457 483 
457 482 
457 321 
457 210 
457 441 
457 9 
457 243 
457 288 
457 135 
457 160 
457 2 
457 207 
457 118 
457 354 
457 222 
457 30 
457 399 
457 388 
457 350 
457 26 
457 352 
457 373 
457 69 
457 122 
457 130 
457 301 
457 157 
457 356 
457 146 
457 427 
457 275 
457 418 
457 93 
457 422 
457 484 
457 296 
457 290 
457 45 
457 82 
457 212 
457 86 
457 70 
457 100 
457 263 
457 334 
457 289 
457 190 
457 68 
457 467 
457 480 
457 159 
457 216 
457 215 
457 65 
457 17 
457 225 
457 317 
457 479 
457 129 
457 283 
457 16 
457 84 
457 36 
457 303 
457 387 
457 95 
457 276 
457 66 
457 53 
457 206 
457 63 
457 168 
457 170 
457 151 
457 41 
457 103 
457 37 
457 155 
457 368 
457 74 
457 4 
457 199 
457 505 
457 266 
457 461 
457 497 
457 167 
457 469 
457 188 
457 97 
457 131 
457 320 
457 220 
457 223 
457 171 
457 434 
457 442 
457 312 
457 124 
457 46 
457 282 
457 488 
457 492 
458 102 
458 338 
458 359 
458 198 
458 37 
458 435 
458 232 
458 473 
458 300 
458 287 
458 310 
458 504 
458 503 
458 151 
458 335 
458 482 
458 488 
458 415 
458 85 
458 483 
458 387 
458 461 
458 221 
458 230 
458 234 
458 451 
458 164 
458 379 
458 380 
458 299 
458 392 
458 10 
458 252 
458 12 
458 166 
458 271 
458 53 
458 273 
458 250 
458 395 
458 281 
458 124 
458 439 
458 105 
458 471 
458 394 
458 298 
458 465 
458 54 
458 382 
458 340 
458 316 
458 154 
458 24 
458 16 
458 377 
458 36 
458 58 
458 362 
458 323 
458 270 
458 184 
458 464 
458 368 
458 204 
458 33 
458 476 
458 381 
458 1 
458 40 
458 493 
458 309 
458 212 
458 472 
458 34 
458 176 
458 21 
458 407 
458 11 
458 466 
458 44 
458 406 
458 9 
458 440 
458 183 
458 41 
458 294 
458 244 
458 32 
458 400 
458 91 
458 15 
458 38 
458 197 
458 330 
458 242 
458 348 
458 203 
458 55 
458 146 
458 436 
458 429 
458 48 
458 336 
458 86 
458 322 
458 129 
458 214 
458 366 
458 425 
458 115 
458 157 
458 255 
458 484 
458 122 
458 56 
458 497 
458 89 
458 200 
458 416 
458 350 
458 291 
458 385 
458 344 
458 417 
458 218 
458 243 
458 109 
458 92 
458 510 
458 125 
458 456 
458 13 
458 123 
458 390 
458 179 
458 145 
458 360 
458 356 
458 88 
458 74 
458 81 
458 171 
458 369 
458 199 
458 351 
458 441 
458 474 
458 79 
458 313 
458 277 
458 507 
458 108 
458 19 
458 170 
459 108 
459 286 
459 226 
459 315 
459 346 
459 116 
459 297 
459 447 
459 372 
459 228 
459 512 
459 81 
459 24 
459 427 
459 68 
459 62 
459 359 
459 478 
459 120 
459 58 
459 142 
459 339 
459 43 
459 445 
459 401 
459 141 
459 485 
459 507 
459 403 
459 511 
459 12 
459 262 
459 232 
459 49 
459 125 
459 268 
459 468 
459 193 
459 147 
459 92 
459 134 
459 143 
459 215 
459 194 
459 223 
459 133 
459 272 
459 288 
459 93 
459 438 
459 155 
459 477 
459 364 
459 429 
459 386 
459 190 
459 187 
459 264 
459 2 
459 224 
459 351 
459 104 
459 54 
459 274 
459 119 
459 140 
459 486 
459 32 
459 470 
459 399 
459 494 
459 67 
459 72 
459 152 
459 255 
459 178 
459 422 
459 501 
459 352 
459 172 
459 301 
459 462 
459 311 
459 165 
459 78 
459 163 
459 513 
459 461 
459 34 
459 307 
459 510 
459 167 
459 112 
459 489 
459 162 
459 437 
459 114 
459 269 
459 243 
459 483 
459 56 
459 247 
459 145 
459 199 
459 304 
459 29 
459 400 
459 150 
459 146 
459 366 
459 365 
459 428 
459 496 
459 221 
459 257 
459 176 
459 330 
459 87 
459 234 
459 265 
459 328 
459 385 
459 497 
459 201 
459 91 
459 421 
459 329 
459 99 
459 89 
459 499 
459 471 
459 164 
459 33 
459 306 
459 505 
459 487 
459 425 
459 344 
459 416 
459 96 
459 160 
460 478 
460 39 
460 255 
460 493 
460 96 
460 152 
460 342 
460 287 
460 375 
460 410 
460 225 
460 472 
460 449 
460 356 
460 145 
460 252 
460 122 
460 236 
460 194 
460 444 
460 461 
460 99 
460 352 
460 423 
460 205 
460 382 
460 182 
460 510 
460 31 
460 433 
460 354 
460 144 
460 301 
460 59 
460 187 
460 462 
460 257 
460 491 
460 363 
460 239 
460 140 
460 360 
460 463 
460 378 
460 498 
460 222 
460 111 
460 232 
460 162 
460 422 
460 199 
460 390 
460 489 
460 248 
460 447 
460 179 
460 307 
460 368 
460 243 
460 245 
460 46 
460 479 
460 116 
460 343 
460 221 
460 159 
460 113 
460 36 
460 499 
460 270 
460 136 
460 456 
460 475 
460 211 
460 310 
460 151 
460 441 
460 338 
460 40 
460 380 
460 56 
460 267 
460 110 
460 97 
460 509 
460 357 
460 14 
460 242 
460 303 
460 92 
460 208 
460 98 
460 115 
460 432 
460 362 
460 358 
460 251 
460 292 
460 54 
460 405 
460 471 
460 504 
460 336 
460 238 
460 379 
460 137 
460 297 
460 344 
460 361 
460 158 
460 73 
460 341 
460 180 
460 91 
460 295 
460 438 
460 316 
460 130 
460 323 
460 455 
460 473 
460 389 
460 386 
460 25 
460 427 
460 7 
460 385 
460 465 
460 325 
460 2 
460 477 
460 425 
460 272 
460 131 
460 249 
460 77 
460 424 
460 13 
460 100 
460 10 
460 4 
460 202 
460 304 
460 170 
460 157 
460 168 
460 446 
460 506 
460 83 
460 135 
461 18 
461 321 
461 115 
461 88 
461 284 
461 356 
461 420 
461 359 
461 294 
461 397 
461 376 
461 241 
461 169 
461 181 
461 178 
461 58 
461 239 
461 95 
461 446 
461 250 
461 259 
461 458 
461 172 
461 354 
461 84 
461 51 
461 496 
461 427 
461 469 
461 326 
461 460 
461 234 
461 493 
461 124 
461 90 
461 277 
461 12 
461 465 
461 162 
461 387 
461 203 
461 92 
461 398 
461 0 
461 472 
461 97 
461 417 
461 405 
461 99 
461 337 
461 338 
461 370 
461 16 
461 130 
461 445 
461 240 
461 471 
461 350 
461 436 
461 41 
461 426 
461 487 
461 53 
461 303 
461 275 
461 195 
461 289 
461 474 
461 358 
461 230 
461 345 
461 312 
461 512 
461 384 
461 171 
461 336 
461 451 
461 221 
461 378 
461 507 
461 45 
461 334 
461 31 
461 401 
461 390 
461 142 
461 443 
461 25 
461 17 
461 2 
461 152 
461 143 
461 217 
461 383 
461 49 
461 296 
461 37 
461 333 
461 269 
461 260 
461 235 
461 156 
461 459 
461 175 
461 82 
461 187 
461 348 
461 421 
461 48 
461 144 
461 328 
461 91 
461 35 
461 170 
461 477 
461 126 
461 324 
461 498 
461 158 
461 6 
461 377 
461 302 
461 47 
461 394 
461 164 
461 61 
461 102 
461 98 
461 121 
461 305 
461 78 
461 372 
461 501 
461 386 
461 508 
461 393 
461 349 
461 366 
461 295 
461 457 
461 185 
461 166 
461 402 
461 70 
461 325 
461 343 
461 373 
461 38 
461 276 
461 314 
461 488 
461 69 
461 7 
461 262 
461 382 
461 249 
461 467 
461 146 
462 101 
462 464 
462 173 
462 47 
462 399 
462 405 
462 229 
462 335 
462 82 
462 452 
462 205 
462 46 
462 277 
462 272 
462 413 
462 8 
462 368 
462 148 
462 194 
462 501 
462 498 
462 215 
462 66 
462 372 
462 283 
462 395 
462 141 
462 36 
462 351 
462 324 
462 451 
462 138 
462 390 
462 500 
462 241 
462 411 
462 263 
462 228 
462 117 
462 460 
462 392 
462 20 
462 33 
462 110 
462 388 
462 403 
462 122 
462 307 
462 74 
462 331 
462 398 
462 161 
462 378 
462 276 
462 199 
462 314 
462 483 
462 352 
462 137 
462 294 
462 170 
462 41 
462 453 
462 505 
462 123 
462 385 
462 438 
462 193 
462 68 
462 64 
462 303 
462 240 
462 198 
462 310 
462 67 
462 27 
462 319 
462 389 
462 435 
462 285 
462 393 
462 176 
462 437 
462 275 
462 302 
462 103 
462 459 
462 218 
462 102 
462 116 
462 187 
462 175 
462 492 
462 174 
462 12 
462 332 
462 56 
462 29 
462 6 
462 53 
462 485 
462 28 
462 416 
462 380 
462 304 
462 354 
462 346 
462 227 
462 336 
462 195 
462 146 
462 208 
462 296 
462 257 
462 309 
462 311 
462 212 
462 391 
462 270 
462 225 
462 132 
462 93 
462 383 
462 210 
462 315 
462 326 
462 61 
462 90 
462 150 
462 185 
462 172 
462 44 
462 353 
462 197 
462 456 
462 370 
462 306 
462 271 
462 406 
462 224 
462 512 
462 207 
462 401 
462 503 
462 420 
462 480 
462 273 
462 497 
462 313 
462 410 
462 454 
462 60 
462 149 
462 143 
462 446 
462 419 
462 506 
462 366 
463 395 
463 424 
463 442 
463 413 
463 262 
463 188 
463 261 
463 439 
463 420 
463 289 
463 391 
463 473 
463 281 
463 94 
463 256 
463 234 
463 264 
463 204 
463 386 
463 251 
463 474 
463 18 
463 200 
463 178 
463 226 
463 307 
463 277 
463 422 
463 318 
463 33 
463 159 
463 249 
463 99 
463 351 
463 110 
463 222 
463 201 
463 443 
463 61 
463 157 
463 85 
463 280 
463 242 
463 243 
463 353 
463 324 
463 394 
463 196 
463 124 
463 460 
463 506 
463 416 
463 179 
463 123 
463 172 
463 155 
463 341 
463 173 
463 154 
463 384 
463 331 
463 322 
463 400 
463 325 
463 62 
463 417 
463 273 
463 369 
463 165 
463 503 
463 57 
463 438 
463 299 
463 98 
463 430 
463 92 
463 407 
463 450 
463 163 
463 31 
463 293 
463 408 
463 494 
463 418 
463 402 
463 72 
463 101 
463 250 
463 314 
463 197 
463 82 
463 73 
463 27 
463 445 
463 66 
463 40 
463 149 
463 211 
463 119 
463 479 
463 21 
463 432 
463 306 
463 146 
463 412 
463 53 
463 455 
463 509 
463 360 
463 346 
463 79 
463 377 
463 396 
463 319 
463 344 
463 274 
463 335 
463 303 
463 127 
463 321 
463 454 
463 15 
463 472 
463 164 
463 355 
463 199 
463 235 
463 100 
463 466 
463 366 
463 205 
463 158 
463 375 
463 440 
463 69 
463 77 
463 425 
463 56 
463 292 
463 350 
463 291 
463 81 
463 132 
463 323 
463 465 
463 113 
463 105 
463 84 
463 106 
463 176 
463 348 
463 107 
463 404 
463 7 
463 131 
463 301 
463 270 
463 471 
463 342 
463 160 
463 456 
463 207 
463 508 
463 387 
463 316 
464 78 
464 273 
464 42 
464 462 
464 294 
464 258 
464 225 
464 270 
464 344 
464 419 
464 417 
464 289 
464 189 
464 18 
464 501 
464 393 
464 33 
464 51 
464 454 
464 157 
464 19 
464 328 
464 125 
464 481 
464 23 
464 455 
464 3 
464 81 
464 305 
464 174 
464 408 
464 35 
464 452 
464 316 
464 485 
464 45 
464 414 
464 412 
464 369 
464 307 
464 206 
464 293 
464 370 
464 108 
464 252 
464 480 
464 355 
464 389 
464 209 
464 158 
464 98 
464 43 
464 133 
464 303 
464 87 
464 413 
464 62 
464 437 
464 2 
464 458 
464 105 
464 52 
464 13 
464 226 
464 208 
464 175 
464 128 
464 240 
464 281 
464 302 
464 453 
464 77 
464 433 
464 57 
464 491 
464 130 
464 49 
464 82 
464 498 
464 474 
464 185 
464 332 
464 242 
464 126 
464 107 
464 39 
464 467 
464 88 
464 183 
464 266 
464 179 
464 15 
464 392 
464 333 
464 114 
464 150 
464 431 
464 204 
464 287 
464 295 
464 40 
464 442 
464 255 
464 193 
464 224 
464 101 
464 155 
464 169 
464 231 
464 420 
464 205 
464 436 
464 423 
464 367 
464 163 
464 382 
464 432 
464 439 
464 494 
464 487 
464 409 
464 187 
464 127 
464 510 
464 253 
464 132 
464 213 
464 486 
464 58 
464 422 
464 271 
464 274 
464 331 
464 471 
464 26 
464 311 
464 7 
464 194 
464 32 
464 117 
464 29 
465 70 
465 372 
465 178 
465 82 
465 286 
465 470 
465 265 
465 128 
465 170 
465 192 
465 100 
465 83 
465 307 
465 97 
465 487 
465 442 
465 230 
465 263 
465 277 
465 133 
465 334 
465 357 
465 375 
465 6 
465 109 
465 125 
465 12 
465 144 
465 327 
465 408 
465 354 
465 429 
465 171 
465 414 
465 387 
465 191 
465 241 
465 205 
465 458 
465 130 
465 461 
465 481 
465 215 
465 430 
465 102 
465 420 
465 158 
465 475 
465 308 
465 398 
465 63 
465 118 
465 96 
465 49 
465 314 
465 177 
465 496 
465 369 
465 98 
465 165 
465 187 
465 412 
465 55 
465 166 
465 392 
465 468 
465 428 
465 413 
465 246 
465 201 
465 512 
465 335 
465 248 
465 361 
465 159 
465 396 
465 253 
465 169 
465 287 
465 123 
465 238 
465 298 
465 264 
465 135 
465 324 
465 225 
465 154 
465 247 
465 22 
465 91 
465 92 
465 184 
465 103 
465 363 
465 317 
465 439 
465 139 
465 490 
465 476 
465 466 
465 234 
465 507 
465 292 
465 364 
465 508 
465 145 
465 371 
465 473 
465 331 
465 404 
465 350 
465 180 
465 480 
465 260 
465 417 
465 281 
465 143 
465 390 
465 132 
465 85 
465 26 
465 366 
465 61 
465 511 
465 255 
465 410 
465 389 
465 489 
465 353 
465 460 
465 400 
465 482 
465 359 
465 295 
465 40 
465 212 
465 463 
465 51 
465 501 
465 87 
465 513 
465 81 
465 425 
465 245 
465 58 
465 443 
465 217 
466 15 
466 436 
466 109 
466 293 
466 229 
466 477 
466 455 
466 159 
466 170 
466 405 
466 134 
466 90 
466 151 
466 372 
466 505 
466 261 
466 469 
466 61 
466 187 
466 385 
466 424 
466 191 
466 114 
466 274 
466 446 
466 74 
466 123 
466 491 
466 172 
466 332 
466 63 
466 494 
466 124 
466 284 
466 383 
466 222 
466 308 
466 345 
466 221 
466 46 
466 475 
466 249 
466 73 
466 248 
466 185 
466 87 
466 359 
466 390 
466 183 
466 139 
466 81 
466 438 
466 213 
466 382 
466 283 
466 58 
466 38 
466 481 
466 392 
466 22 
466 233 
466 117 
466 83 
466 217 
466 92 
466 64 
466 98 
466 62 
466 19 
466 44 
466 106 
466 451 
466 458 
466 82 
466 416 
466 396 
466 312 
466 317 
466 69 
466 327 
466 306 
466 107 
466 285 
466 406 
466 322 
466 343 
466 1 
466 8 
466 333 
466 264 
466 320 
466 376 
466 47 
466 79 
466 391 
466 150 
466 135 
466 330 
466 201 
466 20 
466 468 
466 465 
466 421 
466 315 
466 197 
466 103 
466 407 
466 441 
466 435 
466 487 
466 158 
466 215 
466 443 
466 280 
466 257 
466 143 
466 227 
466 286 
466 437 
466 258 
466 199 
466 488 
466 9 
466 11 
466 463 
466 29 
466 389 
466 256 
466 186 
466 113 
466 497 
466 474 
466 328 
466 251 
466 226 
466 456 
466 510 
466 360 
466 498 
466 282 
466 240 
466 287 
466 122 
466 299 
466 506 
466 50 
466 71 
466 447 
466 164 
466 254 
466 402 
466 133 
466 203 
466 415 
466 102 
466 131 
466 33 
466 23 
466 101 
466 94 
467 170 
467 150 
467 364 
467 113 
467 28 
467 164 
467 386 
467 300 
467 130 
467 331 
467 64 
467 389 
467 272 
467 420 
467 249 
467 347 
467 133 
467 243 
467 98 
467 169 
467 226 
467 188 
467 366 
467 456 
467 317 
467 314 
467 84 
467 378 
467 129 
467 160 
467 159 
467 303 
467 434 
467 71 
467 103 
467 141 
467 393 
467 343 
467 65 
467 397 
467 67 
467 14 
467 13 
467 143 
467 223 
467 173 
467 407 
467 78 
467 422 
467 491 
467 6 
467 255 
467 350 
467 121 
467 74 
467 332 
467 230 
467 172 
467 306 
467 438 
467 30 
467 190 
467 375 
467 275 
467 73 
467 349 
467 395 
467 4 
467 508 
467 88 
467 440 
467 379 
467 348 
467 421 
467 402 
467 124 
467 415 
467 147 
467 186 
467 480 
467 262 
467 104 
467 235 
467 93 
467 267 
467 123 
467 464 
467 451 
467 194 
467 336 
467 122 
467 507 
467 494 
467 187 
467 457 
467 425 
467 281 
467 82 
467 61 
467 333 
467 40 
467 470 
467 404 
467 149 
467 269 
467 112 
467 53 
467 418 
467 270 
467 132 
467 115 
467 155 
467 102 
467 234 
467 48 
467 479 
467 483 
467 474 
467 377 
467 495 
467 142 
467 492 
467 176 
467 17 
467 342 
467 19 
467 15 
467 55 
467 146 
467 329 
467 271 
467 217 
467 60 
467 414 
467 405 
467 427 
467 442 
467 232 
467 114 
467 500 
467 94 
467 111 
467 181 
467 374 
467 282 
467 390 
467 174 
467 362 
467 2 
467 452 
467 212 
467 85 
467 144 
467 285 
467 12 
467 461 
467 23 
467 26 
468 5 
468 198 
468 130 
468 355 
468 240 
468 90 
468 314 
468 147 
468 381 
468 434 
468 279 
468 190 
468 438 
468 357 
468 56 
468 368 
468 79 
468 76 
468 132 
468 425 
468 257 
468 7 
468 46 
468 134 
468 304 
468 214 
468 417 
468 41 
468 273 
468 131 
468 430 
468 88 
468 454 
468 188 
468 346 
468 440 
468 37 
468 219 
468 428 
468 459 
468 497 
468 310 
468 263 
468 66 
468 229 
468 321 
468 485 
468 388 
468 260 
468 317 
468 331 
468 57 
468 473 
468 299 
468 441 
468 402 
468 315 
468 78 
468 199 
468 80 
468 420 
468 43 
468 209 
468 169 
468 390 
468 0 
468 465 
468 358 
468 251 
468 269 
468 255 
468 179 
468 449 
468 405 
468 215 
468 439 
468 433 
468 53 
468 204 
468 474 
468 178 
468 289 
468 513 
468 490 
468 206 
468 236 
468 471 
468 9 
468 122 
468 354 
468 70 
468 65 
468 74 
468 256 
468 277 
468 499 
468 170 
468 469 
468 466 
468 494 
468 25 
468 23 
468 152 
468 488 
468 291 
468 94 
468 508 
468 311 
468 26 
468 212 
468 117 
468 24 
468 151 
468 118 
468 316 
468 123 
468 235 
468 489 
468 373 
468 297 
468 35 
468 509 
468 216 
468 447 
468 258 
468 83 
468 367 
468 200 
468 322 
468 61 
468 154 
468 353 
468 17 
468 340 
468 419 
468 384 
468 365 
468 411 
468 382 
468 156 
468 71 
468 93 
468 399 
468 512 
468 14 
468 443 
468 325 
468 318 
468 444 
468 2 
468 253 
468 281 
468 404 
468 51 
468 335 
468 287 
468 288 
469 437 
469 97 
469 288 
469 497 
469 95 
469 486 
469 146 
469 492 
469 172 
469 510 
469 513 
469 37 
469 411 
469 327 
469 466 
469 344 
469 17 
469 163 
469 477 
469 232 
469 504 
469 60 
469 340 
469 191 
469 131 
469 300 
469 195 
469 326 
469 453 
469 461 
469 284 
469 72 
469 313 
469 417 
469 198 
469 81 
469 333 
469 483 
469 319 
469 14 
469 48 
469 90 
469 456 
469 336 
469 40 
469 420 
469 42 
469 403 
469 238 
469 185 
469 204 
469 455 
469 171 
469 112 
469 323 
469 359 
469 311 
469 479 
469 183 
469 345 
469 145 
469 202 
469 114 
469 67 
469 358 
469 85 
469 291 
469 239 
469 470 
469 385 
469 511 
469 73 
469 487 
469 439 
469 512 
469 375 
469 450 
469 415 
469 200 
469 454 
469 419 
469 305 
469 210 
469 43 
469 64 
469 144 
469 386 
469 16 
469 80 
469 18 
469 130 
469 468 
469 383 
469 418 
469 168 
469 135 
469 272 
469 332 
469 495 
469 363 
469 6 
469 34 
469 129 
469 29 
469 261 
469 447 
469 405 
469 230 
469 161 
469 490 
469 96 
469 229 
469 324 
469 507 
469 219 
469 281 
469 397 
469 402 
469 160 
469 452 
469 306 
469 329 
469 123 
469 432 
469 297 
469 20 
469 262 
469 394 
469 355 
469 170 
469 413 
469 277 
469 366 
469 508 
469 509 
469 448 
469 188 
469 147 
469 501 
469 24 
469 231 
469 220 
469 167 
469 498 
469 105 
469 451 
469 304 
469 108 
469 280 
469 74 
469 228 
469 457 
469 481 
469 337 
469 334 
469 243 
469 489 
469 50 
469 83 
469 1 
469 472 
469 443 
469 207 
469 235 
469 410 
469 331 
470 128 
470 193 
470 97 
470 448 
470 465 
470 34 
470 212 
470 235 
470 483 
470 53 
470 240 
470 444 
470 177 
470 134 
470 386 
470 310 
470 404 
470 327 
470 315 
470 338 
470 289 
470 411 
470 121 
470 89 
470 488 
470 238 
470 195 
470 59 
470 442 
470 346 
470 433 
470 8 
470 208 
470 145 
470 329 
470 236 
470 280 
470 49 
470 480 
470 150 
470 407 
470 348 
470 443 
470 302 
470 93 
470 202 
470 387 
470 175 
470 143 
470 122 
470 241 
470 500 
470 430 
470 60 
470 159 
470 142 
470 405 
470 381 
470 469 
470 138 
470 419 
470 216 
470 506 
470 435 
470 295 
470 445 
470 54 
470 185 
470 239 
470 271 
470 190 
470 459 
470 234 
470 259 
470 427 
470 385 
470 278 
470 164 
470 320 
470 368 
470 410 
470 31 
470 73 
470 510 
470 82 
470 456 
470 118 
470 487 
470 264 
470 140 
470 247 
470 270 
470 467 
470 188 
470 218 
470 191 
470 291 
470 64 
470 19 
470 237 
470 79 
470 394 
470 389 
470 396 
470 319 
470 478 
470 414 
470 290 
470 501 
470 482 
470 222 
470 486 
470 21 
470 269 
470 333 
470 55 
470 366 
470 83 
470 317 
470 210 
470 227 
470 127 
470 217 
470 70 
470 439 
470 109 
470 48 
470 328 
470 399 
470 503 
470 107 
470 229 
470 75 
470 489 
470 412 
470 304 
470 254 
470 257 
470 180 
470 316 
470 167 
470 392 
470 46 
470 363 
471 11 
471 241 
471 115 
471 206 
471 500 
471 440 
471 77 
471 285 
471 10 
471 25 
471 341 
471 317 
471 192 
471 386 
471 106 
471 381 
471 144 
471 304 
471 18 
471 187 
471 164 
471 175 
471 63 
471 495 
471 429 
471 483 
471 19 
471 475 
471 325 
471 353 
471 360 
471 458 
471 488 
471 487 
471 367 
471 248 
471 449 
471 83 
471 89 
471 352 
471 328 
471 236 
471 51 
471 87 
471 254 
471 101 
471 39 
471 41 
471 410 
471 78 
471 461 
471 80 
471 126 
471 387 
471 52 
471 456 
471 330 
471 418 
471 114 
471 158 
471 427 
471 214 
471 38 
471 176 
471 336 
471 484 
471 128 
471 134 
471 75 
471 444 
471 431 
471 208 
471 364 
471 350 
471 259 
471 40 
471 468 
471 509 
471 253 
471 35 
471 442 
471 84 
471 322 
471 305 
471 485 
471 152 
471 121 
471 178 
471 153 
471 168 
471 255 
471 218 
471 357 
471 231 
471 69 
471 30 
471 303 
471 113 
471 335 
471 435 
471 342 
471 460 
471 257 
471 453 
471 12 
471 184 
471 142 
471 355 
471 97 
471 135 
471 223 
471 229 
471 207 
471 196 
471 233 
471 100 
471 493 
471 306 
471 219 
471 26 
471 202 
471 315 
471 296 
471 132 
471 294 
471 388 
471 1 
471 459 
471 82 
471 138 
471 216 
471 368 
471 392 
471 228 
471 79 
471 508 
471 358 
471 221 
471 141 
471 379 
471 5 
471 252 
471 464 
471 117 
471 463 
471 332 
471 417 
471 245 
471 147 
471 186 
471 124 
471 384 
472 119 
472 60 
472 365 
472 371 
472 424 
472 416 
472 501 
472 116 
472 460 
472 180 
472 57 
472 194 
472 330 
472 481 
472 254 
472 91 
472 456 
472 265 
472 50 
472 166 
472 32 
472 428 
472 474 
472 10 
472 307 
472 18 
472 233 
472 266 
472 452 
472 102 
472 127 
472 130 
472 321 
472 39 
472 461 
472 156 
472 128 
472 374 
472 222 
472 475 
472 281 
472 394 
472 5 
472 79 
472 425 
472 484 
472 205 
472 52 
472 299 
472 155 
472 410 
472 100 
472 362 
472 136 
472 42 
472 393 
472 381 
472 277 
472 309 
472 104 
472 458 
472 449 
472 238 
472 85 
472 412 
472 168 
472 147 
472 328 
472 498 
472 90 
472 506 
472 377 
472 442 
472 347 
472 348 
472 73 
472 4 
472 140 
472 219 
472 292 
472 145 
472 210 
472 263 
472 3 
472 206 
472 146 
472 418 
472 496 
472 2 
472 332 
472 388 
472 313 
472 175 
472 303 
472 169 
472 66 
472 408 
472 64 
472 486 
472 239 
472 491 
472 326 
472 495 
472 252 
472 476 
472 373 
472 275 
472 82 
472 179 
472 124 
472 22 
472 463 
472 117 
472 282 
472 445 
472 346 
472 27 
472 19 
472 245 
472 251 
472 432 
472 144 
472 72 
472 360 
472 387 
472 33 
472 429 
472 356 
472 300 
472 274 
472 234 
472 98 
472 25 
472 287 
472 193 
472 203 
472 182 
472 403 
472 306 
472 240 
472 469 
472 397 
472 181 
472 264 
473 343 
473 241 
473 404 
473 18 
473 140 
473 458 
473 276 
473 187 
473 354 
473 463 
473 440 
473 58 
473 106 
473 31 
473 325 
473 89 
473 182 
473 47 
473 53 
473 446 
473 394 
473 481 
473 153 
473 289 
473 98 
473 97 
473 102 
473 3 
473 271 
473 280 
473 110 
473 319 
473 35 
473 179 
473 122 
473 387 
473 300 
473 22 
473 69 
473 403 
473 48 
473 234 
473 468 
473 108 
473 139 
473 351 
473 328 
473 500 
473 186 
473 257 
473 347 
473 183 
473 317 
473 400 
473 30 
473 505 
473 82 
473 399 
473 272 
473 344 
473 166 
473 21 
473 131 
473 160 
473 24 
473 12 
473 378 
473 329 
473 43 
473 488 
473 422 
473 126 
473 54 
473 407 
473 307 
473 194 
473 26 
473 455 
473 279 
473 425 
473 492 
473 385 
473 413 
473 482 
473 349 
473 429 
473 261 
473 366 
473 330 
473 405 
473 119 
473 212 
473 428 
473 267 
473 138 
473 372 
473 5 
473 51 
473 465 
473 134 
473 150 
473 116 
473 96 
473 334 
473 244 
473 262 
473 118 
473 25 
473 147 
473 275 
473 355 
473 80 
473 225 
473 57 
473 152 
473 68 
473 221 
473 397 
473 460 
473 377 
473 16 
473 436 
473 358 
473 167 
473 486 
473 290 
473 208 
473 247 
473 270 
473 11 
473 435 
473 10 
473 177 
473 75 
473 213 
473 410 
473 63 
473 421 
473 250 
473 333 
473 417 
473 76 
473 217 
473 145 
474 220 
474 296 
474 286 
474 104 
474 483 
474 418 
474 214 
474 499 
474 331 
474 155 
474 355 
474 73 
474 347 
474 511 
474 210 
474 139 
474 103 
474 501 
474 126 
474 438 
474 463 
474 90 
474 29 
474 253 
474 13 
474 472 
474 82 
474 16 
474 433 
474 21 
474 386 
474 446 
474 391 
474 276 
474 157 
474 443 
474 369 
474 68 
474 512 
474 441 
474 316 
474 47 
474 198 
474 226 
474 217 
474 354 
474 250 
474 488 
474 10 
474 292 
474 42 
474 445 
474 341 
474 424 
474 350 
474 384 
474 192 
474 166 
474 234 
474 125 
474 503 
474 507 
474 40 
474 235 
474 101 
474 240 
474 115 
474 461 
474 153 
474 41 
474 77 
474 70 
474 224 
474 161 
474 497 
474 65 
474 215 
474 468 
474 321 
474 454 
474 508 
474 464 
474 318 
474 164 
474 283 
474 45 
474 367 
474 334 
474 163 
474 149 
474 407 
474 228 
474 93 
474 169 
474 301 
474 477 
474 258 
474 379 
474 381 
474 117 
474 312 
474 244 
474 219 
474 85 
474 174 
474 25 
474 382 
474 426 
474 467 
474 328 
474 113 
474 394 
474 172 
474 275 
474 406 
474 191 
474 397 
474 428 
474 81 
474 494 
474 180 
474 75 
474 450 
474 212 
474 456 
474 127 
474 466 
474 452 
474 186 
474 208 
474 290 
474 156 
474 211 
474 227 
474 123 
474 439 
474 430 
474 202 
474 95 
474 343 
474 402 
474 92 
474 458 
474 213 
474 199 
474 298 
474 363 
474 51 
474 259 
474 37 
474 178 
475 64 
475 417 
475 11 
475 309 
475 476 
475 135 
475 139 
475 389 
475 296 
475 315 
475 13 
475 56 
475 274 
475 5 
475 291 
475 23 
475 224 
475 19 
475 142 
475 204 
475 8 
475 480 
475 338 
475 78 
475 6 
475 42 
475 500 
475 118 
475 365 
475 186 
475 383 
475 47 
475 471 
475 39 
475 333 
475 310 
475 158 
475 485 
475 180 
475 351 
475 100 
475 308 
475 67 
475 408 
475 101 
475 164 
475 466 
475 449 
475 21 
475 213 
475 270 
475 454 
475 94 
475 126 
475 275 
475 219 
475 451 
475 465 
475 190 
475 472 
475 129 
475 427 
475 242 
475 385 
475 377 
475 320 
475 380 
475 166 
475 434 
475 225 
475 234 
475 173 
475 350 
475 426 
475 507 
475 252 
475 172 
475 46 
475 361 
475 111 
475 174 
475 405 
475 495 
475 29 
475 399 
475 460 
475 44 
475 65 
475 249 
475 324 
475 273 
475 381 
475 418 
475 88 
475 108 
475 311 
475 55 
475 84 
475 340 
475 342 
475 232 
475 404 
475 4 
475 269 
475 313 
475 60 
475 336 
475 120 
475 187 
475 80 
475 321 
475 159 
475 0 
475 161 
475 25 
475 279 
475 396 
475 447 
475 331 
475 452 
475 63 
475 345 
475 183 
475 153 
475 431 
475 123 
475 510 
475 185 
475 272 
475 18 
475 45 
475 124 
475 264 
475 131 
475 290 
475 384 
475 391 
475 209 
475 382 
475 16 
475 202 
475 375 
475 208 
475 236 
475 395 
475 287 
475 181 
475 49 
475 363 
475 102 
475 341 
475 499 
475 2 
475 504 
475 494 
475 428 
475 105 
476 294 
476 238 
476 475 
476 233 
476 375 
476 237 
476 167 
476 149 
476 405 
476 424 
476 80 
476 184 
476 51 
476 217 
476 450 
476 5 
476 104 
476 384 
476 337 
476 277 
476 438 
476 177 
476 263 
476 281 
476 103 
476 410 
476 402 
476 234 
476 88 
476 373 
476 358 
476 176 
476 290 
476 161 
476 383 
476 59 
476 275 
476 307 
476 390 
476 91 
476 108 
476 198 
476 314 
476 409 
476 40 
476 284 
476 442 
476 435 
476 199 
476 262 
476 7 
476 58 
476 70 
476 253 
476 256 
476 304 
476 302 
476 215 
476 119 
476 458 
476 206 
476 318 
476 267 
476 492 
476 232 
476 401 
476 76 
476 101 
476 486 
476 479 
476 36 
476 494 
476 381 
476 502 
476 89 
476 144 
476 20 
476 17 
476 308 
476 154 
476 131 
476 419 
476 181 
476 271 
476 345 
476 491 
476 489 
476 257 
476 195 
476 163 
476 169 
476 21 
476 43 
476 26 
476 371 
476 45 
476 355 
476 484 
476 95 
476 165 
476 171 
476 126 
476 14 
476 351 
476 465 
476 192 
476 197 
476 297 
476 157 
476 168 
476 152 
476 423 
476 9 
476 66 
476 347 
476 106 
476 24 
476 158 
476 124 
476 408 
476 417 
476 249 
476 472 
476 349 
476 244 
476 200 
476 279 
476 316 
476 65 
476 369 
476 113 
476 98 
476 360 
476 13 
476 264 
476 162 
476 289 
476 64 
476 352 
476 340 
476 343 
476 364 
476 111 
476 186 
476 362 
476 32 
476 512 
476 259 
476 191 
476 118 
476 125 
476 478 
476 31 
476 276 
476 231 
476 490 
476 374 
476 376 
476 292 
477 214 
477 308 
477 27 
477 466 
477 94 
477 137 
477 390 
477 296 
477 91 
477 434 
477 151 
477 233 
477 488 
477 315 
477 246 
477 194 
477 188 
477 469 
477 165 
477 234 
477 481 
477 30 
477 343 
477 56 
477 284 
477 249 
477 363 
477 103 
477 58 
477 45 
477 209 
477 322 
477 238 
477 243 
477 506 
477 11 
477 72 
477 435 
477 146 
477 252 
477 107 
477 419 
477 185 
477 353 
477 272 
477 125 
477 96 
477 375 
477 510 
477 325 
477 191 
477 364 
477 17 
477 129 
477 305 
477 459 
477 36 
477 118 
477 416 
477 223 
477 160 
477 395 
477 335 
477 138 
477 32 
477 452 
477 492 
477 336 
477 297 
477 135 
477 221 
477 480 
477 178 
477 251 
477 113 
477 413 
477 86 
477 77 
477 70 
477 152 
477 502 
477 23 
477 445 
477 6 
477 62 
477 122 
477 95 
477 89 
477 257 
477 474 
477 239 
477 40 
477 180 
477 314 
477 280 
477 418 
477 3 
477 337 
477 53 
477 211 
477 511 
477 219 
477 184 
477 433 
477 461 
477 163 
477 203 
477 248 
477 379 
477 2 
477 173 
477 504 
477 420 
477 212 
477 330 
477 258 
477 141 
477 393 
477 408 
477 287 
477 75 
477 261 
477 454 
477 312 
477 304 
477 225 
477 410 
477 425 
477 66 
477 386 
477 310 
477 112 
477 200 
477 282 
477 134 
477 482 
477 334 
477 460 
477 117 
477 182 
477 240 
477 376 
477 186 
477 361 
477 195 
477 495 
477 190 
477 18 
477 301 
477 500 
477 409 
477 104 
477 354 
477 260 
477 102 
477 266 
477 9 
477 389 
477 323 
477 490 
477 115 
477 447 
478 460 
478 497 
478 427 
478 17 
478 87 
478 171 
478 283 
478 6 
478 56 
478 335 
478 295 
478 400 
478 52 
478 333 
478 412 
478 161 
478 344 
478 459 
478 284 
478 439 
478 175 
478 21 
478 74 
478 182 
478 91 
478 81 
478 382 
478 496 
478 507 
478 258 
478 438 
478 9 
478 141 
478 215 
478 420 
478 51 
478 501 
478 30 
478 193 
478 199 
478 105 
478 389 
478 354 
478 226 
478 291 
478 113 
478 286 
478 127 
478 304 
478 339 
478 306 
478 267 
478 392 
478 154 
478 255 
478 194 
478 399 
478 358 
478 509 
478 237 
478 54 
478 328 
478 96 
478 386 
478 187 
478 326 
478 376 
478 350 
478 456 
478 508 
478 494 
478 414 
478 124 
478 360 
478 402 
478 390 
478 78 
478 16 
478 217 
478 484 
478 316 
478 57 
478 103 
478 80 
478 224 
478 274 
478 200 
478 406 
478 337 
478 2 
478 346 
478 172 
478 265 
478 441 
478 452 
478 505 
478 371 
478 5 
478 262 
478 363 
478 396 
478 423 
478 77 
478 256 
478 470 
478 53 
478 287 
478 485 
478 403 
478 163 
478 123 
478 20 
478 288 
478 19 
478 207 
478 254 
478 42 
478 279 
478 323 
478 121 
478 340 
478 108 
478 426 
478 150 
478 357 
478 203 
478 370 
478 208 
478 297 
478 190 
478 476 
478 431 
478 221 
478 185 
478 62 
478 280 
478 442 
478 488 
479 56 
479 308 
479 424 
479 73 
479 414 
479 280 
479 136 
479 341 
479 259 
479 314 
479 417 
479 26 
479 419 
479 404 
479 382 
479 273 
479 403 
479 108 
479 329 
479 347 
479 268 
479 243 
479 375 
479 50 
479 29 
479 488 
479 289 
479 228 
479 269 
479 328 
479 486 
479 234 
479 426 
479 271 
479 378 
479 291 
479 197 
479 493 
479 367 
479 435 
479 57 
479 509 
479 71 
479 183 
479 233 
479 469 
479 376 
479 16 
479 230 
479 499 
479 476 
479 460 
479 326 
479 277 
479 34 
479 413 
479 340 
479 181 
479 175 
479 126 
479 61 
479 45 
479 253 
479 172 
479 361 
479 248 
479 432 
479 156 
479 30 
479 70 
479 161 
479 508 
479 364 
479 455 
479 106 
479 48 
479 7 
479 463 
479 195 
479 81 
479 285 
479 221 
479 363 
479 457 
479 379 
479 290 
479 35 
479 124 
479 117 
479 437 
479 512 
479 446 
479 332 
479 287 
479 401 
479 467 
479 325 
479 143 
479 74 
479 321 
479 51 
479 507 
479 317 
479 180 
479 491 
479 209 
479 440 
479 129 
479 22 
479 104 
479 331 
479 83 
479 43 
479 255 
479 422 
479 371 
479 286 
479 18 
479 355 
479 504 
479 445 
479 177 
479 294 
479 247 
479 4 
479 152 
479 150 
479 102 
479 385 
479 500 
479 350 
479 318 
479 429 
479 450 
479 366 
479 299 
479 267 
479 487 
479 76 
479 119 
479 89 
479 182 
479 283 
479 374 
479 344 
479 130 
479 434 
479 93 
479 425 
479 41 
479 339 
479 433 
480 132 
480 291 
480 330 
480 44 
480 492 
480 31 
480 207 
480 10 
480 437 
480 27 
480 153 
480 193 
480 6 
480 92 
480 322 
480 475 
480 4 
480 220 
480 143 
480 191 
480 97 
480 54 
480 152 
480 398 
480 116 
480 89 
480 232 
480 279 
480 355 
480 314 
480 3 
480 228 
480 51 
480 189 
480 205 
480 430 
480 275 
480 139 
480 323 
480 20 
480 252 
480 510 
480 150 
480 175 
480 287 
480 464 
480 421 
480 79 
480 470 
480 375 
480 271 
480 26 
480 159 
480 40 
480 315 
480 385 
480 310 
480 340 
480 127 
480 490 
480 209 
480 498 
480 274 
480 162 
480 387 
480 268 
480 505 
480 300 
480 254 
480 258 
480 426 
480 48 
480 56 
480 432 
480 36 
480 504 
480 313 
480 128 
480 477 
480 49 
480 311 
480 102 
480 444 
480 484 
480 72 
480 333 
480 142 
480 381 
480 429 
480 245 
480 260 
480 467 
480 160 
480 416 
480 408 
480 206 
480 370 
480 486 
480 235 
480 283 
480 305 
480 155 
480 137 
480 457 
480 353 
480 105 
480 393 
480 332 
480 90 
480 104 
480 493 
480 199 
480 1 
480 413 
480 321 
480 295 
480 60 
480 302 
480 318 
480 145 
480 361 
480 170 
480 357 
480 180 
480 298 
480 439 
480 324 
480 483 
480 465 
480 506 
480 236 
480 239 
480 164 
480 58 
480 141 
480 238 
480 292 
480 9 
480 91 
480 431 
480 75 
480 280 
480 349 
480 448 
480 222 
480 281 
480 242 
480 331 
480 123 
480 441 
480 119 
480 87 
480 435 
480 84 
480 451 
480 19 
480 156 
480 345 
480 339 
480 400 
480 12 
480 117 
480 286 
480 403 
480 186 
480 39 
480 329 
480 462 
480 404 
480 38 
480 43 
480 187 
480 172 
480 176 
480 37 
481 76 
481 31 
481 6 
481 30 
481 490 
481 491 
481 140 
481 131 
481 395 
481 216 
481 289 
481 267 
481 52 
481 158 
481 23 
481 308 
481 389 
481 477 
481 136 
481 32 
481 411 
481 484 
481 464 
481 472 
481 305 
481 455 
481 380 
481 253 
481 451 
481 59 
481 275 
481 511 
481 191 
481 268 
481 410 
481 497 
481 250 
481 245 
481 473 
481 222 
481 235 
481 185 
481 247 
481 465 
481 143 
481 205 
481 133 
481 154 
481 115 
481 68 
481 173 
481 321 
481 78 
481 13 
481 466 
481 208 
481 41 
481 441 
481 103 
481 334 
481 29 
481 391 
481 49 
481 70 
481 2 
481 72 
481 178 
481 57 
481 95 
481 67 
481 226 
481 48 
481 320 
481 249 
481 199 
481 358 
481 65 
481 5 
481 190 
481 86 
481 269 
481 252 
481 58 
481 221 
481 325 
481 448 
481 85 
481 212 
481 299 
481 339 
481 394 
481 282 
481 399 
481 433 
481 335 
481 233 
481 229 
481 125 
481 271 
481 129 
481 327 
481 228 
481 369 
481 385 
481 442 
481 428 
481 374 
481 430 
481 440 
481 486 
481 499 
481 241 
481 224 
481 387 
481 482 
481 16 
481 337 
481 126 
481 361 
481 90 
481 149 
481 128 
481 63 
481 392 
481 444 
481 116 
481 18 
481 300 
481 83 
481 15 
481 102 
481 109 
481 496 
481 0 
481 276 
481 46 
481 164 
481 355 
481 469 
481 203 
481 217 
481 148 
481 362 
481 311 
481 261 
481 265 
481 446 
481 279 
481 209 
481 370 
481 417 
482 502 
482 14 
482 269 
482 36 
482 403 
482 416 
482 173 
482 193 
482 135 
482 21 
482 46 
482 74 
482 458 
482 359 
482 33 
482 232 
482 128 
482 201 
482 116 
482 298 
482 151 
482 285 
482 39 
482 330 
482 134 
482 179 
482 295 
482 272 
482 178 
482 47 
482 126 
482 188 
482 131 
482 448 
482 171 
482 340 
482 25 
482 35 
482 157 
482 190 
482 457 
482 437 
482 165 
482 386 
482 214 
482 200 
482 282 
482 310 
482 112 
482 210 
482 212 
482 91 
482 60 
482 199 
482 146 
482 23 
482 1 
482 344 
482 251 
482 418 
482 335 
482 396 
482 253 
482 202 
482 284 
482 141 
482 88 
482 114 
482 85 
482 150 
482 384 
482 243 
482 352 
482 107 
482 347 
482 170 
482 42 
482 499 
482 43 
482 160 
482 345 
482 203 
482 249 
482 332 
482 353 
482 267 
482 486 
482 473 
482 456 
482 453 
482 183 
482 9 
482 316 
482 218 
482 336 
482 374 
482 158 
482 99 
482 10 
482 318 
482 367 
482 96 
482 322 
482 145 
482 342 
482 410 
482 320 
482 230 
482 470 
482 207 
482 484 
482 452 
482 206 
482 309 
482 427 
482 349 
482 369 
482 388 
482 242 
482 15 
482 481 
482 373 
482 205 
482 11 
482 494 
482 147 
482 343 
482 370 
482 54 
482 465 
482 490 
482 477 
482 3 
482 433 
482 32 
482 236 
482 121 
482 0 
482 487 
482 20 
482 381 
482 115 
482 142 
482 412 
482 375 
482 102 
482 260 
482 405 
482 175 
482 362 
482 139 
482 73 
482 127 
483 215 
483 235 
483 349 
483 131 
483 474 
483 205 
483 439 
483 135 
483 369 
483 259 
483 2 
483 239 
483 48 
483 262 
483 127 
483 470 
483 358 
483 94 
483 384 
483 458 
483 445 
483 383 
483 313 
483 422 
483 353 
483 104 
483 51 
483 271 
483 6 
483 266 
483 250 
483 274 
483 436 
483 471 
483 212 
483 490 
483 158 
483 247 
483 301 
483 100 
483 469 
483 381 
483 487 
483 68 
483 132 
483 139 
483 457 
483 268 
483 67 
483 270 
483 412 
483 198 
483 257 
483 144 
483 223 
483 226 
483 282 
483 9 
483 492 
483 154 
483 364 
483 177 
483 428 
483 505 
483 440 
483 462 
483 295 
483 24 
483 55 
483 72 
483 122 
483 8 
483 32 
483 276 
483 447 
483 151 
483 186 
483 326 
483 370 
483 227 
483 293 
483 117 
483 194 
483 243 
483 130 
483 160 
483 356 
483 399 
483 435 
483 113 
483 65 
483 275 
483 70 
483 27 
483 318 
483 397 
483 339 
483 13 
483 263 
483 30 
483 406 
483 402 
483 107 
483 238 
483 375 
483 426 
483 255 
483 459 
483 367 
483 498 
483 175 
483 89 
483 42 
483 480 
483 467 
483 281 
483 108 
483 413 
483 142 
483 197 
483 44 
483 306 
483 350 
483 207 
483 302 
483 251 
483 300 
483 79 
483 121 
483 124 
483 242 
483 41 
483 254 
483 80 
483 155 
483 62 
483 280 
483 297 
483 373 
483 432 
483 43 
483 141 
483 31 
483 404 
483 71 
483 47 
483 321 
483 34 
483 174 
483 39 
483 296 
483 232 
483 291 
483 145 
483 171 
483 273 
483 416 
484 35 
484 317 
484 176 
484 24 
484 131 
484 152 
484 328 
484 145 
484 364 
484 330 
484 296 
484 221 
484 496 
484 481 
484 8 
484 50 
484 318 
484 135 
484 264 
484 41 
484 178 
484 338 
484 213 
484 113 
484 349 
484 390 
484 366 
484 72 
484 368 
484 22 
484 501 
484 7 
484 16 
484 139 
484 356 
484 294 
484 78 
484 411 
484 455 
484 171 
484 94 
484 160 
484 437 
484 266 
484 378 
484 350 
484 335 
484 472 
484 388 
484 44 
484 54 
484 224 
484 300 
484 370 
484 5 
484 277 
484 11 
484 359 
484 260 
484 199 
484 298 
484 201 
484 410 
484 471 
484 231 
484 55 
484 480 
484 287 
484 60 
484 343 
484 10 
484 206 
484 377 
484 254 
484 0 
484 157 
484 457 
484 313 
484 192 
484 323 
484 151 
484 95 
484 448 
484 241 
484 326 
484 202 
484 512 
484 355 
484 418 
484 3 
484 478 
484 305 
484 120 
484 476 
484 137 
484 382 
484 397 
484 4 
484 339 
484 238 
484 341 
484 128 
484 20 
484 309 
484 196 
484 278 
484 14 
484 310 
484 420 
484 271 
484 458 
484 332 
484 253 
484 226 
484 273 
484 245 
484 106 
484 372 
484 429 
484 348 
484 445 
484 83 
484 482 
484 98 
484 261 
484 92 
484 62 
484 225 
484 406 
484 61 
484 132 
484 153 
484 100 
484 421 
484 352 
484 30 
484 205 
484 285 
484 184 
484 220 
484 322 
484 423 
484 104 
484 57 
484 39 
484 491 
484 34 
484 292 
484 12 
484 376 
484 282 
484 454 
484 419 
484 45 
484 289 
484 85 
484 179 
484 126 
484 227 
484 81 
484 284 
484 143 
484 367 
485 26 
485 414 
485 237 
485 136 
485 274 
485 367 
485 506 
485 305 
485 383 
485 226 
485 108 
485 20 
485 249 
485 350 
485 17 
485 282 
485 4 
485 279 
485 509 
485 229 
485 172 
485 459 
485 361 
485 390 
485 429 
485 286 
485 98 
485 153 
485 7 
485 513 
485 400 
485 242 
485 378 
485 475 
485 195 
485 196 
485 464 
485 443 
485 52 
485 183 
485 507 
485 47 
485 373 
485 68 
485 171 
485 194 
485 354 
485 455 
485 75 
485 370 
485 140 
485 146 
485 295 
485 468 
485 84 
485 106 
485 173 
485 66 
485 253 
485 433 
485 499 
485 398 
485 385 
485 498 
485 14 
485 22 
485 351 
485 0 
485 300 
485 135 
485 18 
485 399 
485 176 
485 248 
485 35 
485 48 
485 2 
485 76 
485 151 
485 129 
485 228 
485 299 
485 366 
485 122 
485 348 
485 450 
485 362 
485 388 
485 298 
485 23 
485 243 
485 471 
485 167 
485 317 
485 255 
485 160 
485 291 
485 438 
485 44 
485 358 
485 45 
485 511 
485 89 
485 365 
485 454 
485 394 
485 309 
485 391 
485 227 
485 357 
485 83 
485 382 
485 206 
485 462 
485 322 
485 190 
485 234 
485 25 
485 352 
485 143 
485 478 
485 393 
485 53 
485 304 
485 319 
485 32 
485 444 
485 247 
485 257 
485 88 
485 137 
485 109 
485 368 
485 115 
485 332 
485 186 
485 273 
485 353 
485 381 
485 149 
485 56 
485 407 
485 12 
485 6 
485 505 
485 81 
485 236 
485 447 
485 177 
485 277 
485 497 
485 55 
485 250 
485 334 
485 380 
485 374 
485 360 
485 133 
485 387 
485 418 
485 166 
485 495 
485 174 
485 256 
485 294 
485 337 
485 496 
485 302 
486 238 
486 41 
486 412 
486 444 
486 406 
486 487 
486 469 
486 381 
486 203 
486 367 
486 359 
486 431 
486 72 
486 323 
486 281 
486 314 
486 135 
486 76 
486 391 
486 438 
486 52 
486 360 
486 349 
486 270 
486 67 
486 244 
486 318 
486 489 
486 8 
486 66 
486 291 
486 340 
486 141 
486 284 
486 479 
486 372 
486 111 
486 351 
486 300 
486 96 
486 402 
486 218 
486 370 
486 411 
486 500 
486 329 
486 327 
486 418 
486 163 
486 277 
486 80 
486 98 
486 265 
486 107 
486 451 
486 347 
486 433 
486 169 
486 154 
486 5 
486 50 
486 364 
486 119 
486 334 
486 235 
486 476 
486 152 
486 292 
486 170 
486 177 
486 134 
486 459 
486 335 
486 51 
486 44 
486 446 
486 38 
486 28 
486 124 
486 480 
486 361 
486 91 
486 482 
486 82 
486 174 
486 331 
486 79 
486 285 
486 81 
486 269 
486 223 
486 186 
486 145 
486 389 
486 332 
486 71 
486 508 
486 445 
486 234 
486 32 
486 261 
486 243 
486 295 
486 125 
486 116 
486 55 
486 472 
486 61 
486 252 
486 77 
486 448 
486 59 
486 157 
486 494 
486 429 
486 126 
486 449 
486 56 
486 178 
486 470 
486 442 
486 481 
486 194 
486 188 
486 103 
486 272 
486 47 
486 64 
486 390 
486 15 
486 454 
486 276 
486 148 
486 24 
486 183 
486 341 
486 473 
486 62 
486 375 
486 158 
486 310 
486 54 
486 97 
486 104 
486 464 
486 404 
486 151 
486 215 
486 232 
486 140 
486 397 
486 149 
486 421 
486 434 
486 132 
486 250 
486 173 
486 74 
486 499 
487 33 
487 173 
487 210 
487 273 
487 12 
487 57 
487 486 
487 226 
487 178 
487 326 
487 403 
487 67 
487 184 
487 161 
487 417 
487 40 
487 465 
487 503 
487 217 
487 236 
487 309 
487 253 
487 279 
487 35 
487 41 
487 388 
487 341 
487 509 
487 200 
487 156 
487 410 
487 471 
487 483 
487 27 
487 215 
487 187 
487 176 
487 30 
487 175 
487 262 
487 86 
487 43 
487 66 
487 490 
487 79 
487 427 
487 183 
487 393 
487 260 
487 5 
487 254 
487 122 
487 171 
487 346 
487 23 
487 461 
487 425 
487 131 
487 230 
487 261 
487 401 
487 412 
487 199 
487 469 
487 246 
487 303 
487 506 
487 405 
487 52 
487 129 
487 124 
487 307 
487 510 
487 231 
487 82 
487 62 
487 454 
487 248 
487 455 
487 227 
487 363 
487 182 
487 275 
487 470 
487 34 
487 2 
487 69 
487 271 
487 302 
487 508 
487 229 
487 222 
487 366 
487 340 
487 324 
487 372 
487 18 
487 89 
487 466 
487 436 
487 154 
487 85 
487 334 
487 377 
487 421 
487 329 
487 47 
487 249 
487 355 
487 398 
487 404 
487 155 
487 125 
487 395 
487 263 
487 29 
487 376 
487 234 
487 252 
487 264 
487 160 
487 244 
487 106 
487 464 
487 16 
487 339 
487 321 
487 60 
487 283 
487 190 
487 180 
487 482 
487 497 
487 495 
487 479 
487 259 
487 459 
487 78 
487 136 
487 159 
487 130 
487 42 
487 8 
487 397 
487 109 
488 149 
488 397 
488 496 
488 502 
488 202 
488 57 
488 68 
488 450 
488 92 
488 418 
488 167 
488 203 
488 338 
488 40 
488 477 
488 152 
488 458 
488 42 
488 351 
488 81 
488 31 
488 230 
488 208 
488 416 
488 199 
488 63 
488 188 
488 470 
488 433 
488 48 
488 401 
488 479 
488 232 
488 471 
488 114 
488 168 
488 327 
488 44 
488 394 
488 352 
488 384 
488 12 
488 194 
488 64 
488 161 
488 419 
488 307 
488 142 
488 474 
488 343 
488 420 
488 389 
488 231 
488 302 
488 437 
488 211 
488 85 
488 372 
488 499 
488 131 
488 495 
488 313 
488 399 
488 404 
488 442 
488 77 
488 187 
488 317 
488 95 
488 11 
488 69 
488 191 
488 139 
488 130 
488 155 
488 408 
488 140 
488 24 
488 337 
488 267 
488 1 
488 76 
488 379 
488 341 
488 473 
488 15 
488 405 
488 308 
488 311 
488 84 
488 179 
488 32 
488 250 
488 35 
488 212 
488 229 
488 511 
488 362 
488 288 
488 163 
488 323 
488 61 
488 148 
488 253 
488 452 
488 192 
488 36 
488 190 
488 7 
488 428 
488 468 
488 49 
488 103 
488 269 
488 506 
488 316 
488 246 
488 395 
488 209 
488 67 
488 50 
488 375 
488 256 
488 195 
488 271 
488 9 
488 265 
488 393 
488 234 
488 380 
488 466 
488 266 
488 89 
488 233 
488 357 
488 13 
488 277 
488 86 
488 296 
488 141 
488 88 
488 371 
488 173 
488 432 
488 410 
488 299 
488 136 
488 10 
488 244 
488 34 
488 238 
488 111 
488 51 
488 138 
488 254 
488 310 
488 359 
488 4 
488 100 
488 290 
488 412 
488 386 
488 396 
488 430 
488 248 
488 461 
488 135 
488 331 
488 119 
488 478 
488 457 
489 507 
489 254 
489 140 
489 82 
489 105 
489 356 
489 303 
489 147 
489 335 
489 442 
489 450 
489 24 
489 293 
489 122 
489 341 
489 302 
489 109 
489 354 
489 441 
489 185 
489 166 
489 266 
489 494 
489 192 
489 255 
489 486 
489 404 
489 334 
489 359 
489 501 
489 384 
489 188 
489 27 
489 74 
489 224 
489 10 
489 131 
489 268 
489 96 
489 114 
489 247 
489 364 
489 143 
489 332 
489 31 
489 57 
489 245 
489 412 
489 1 
489 215 
489 460 
489 158 
489 90 
489 41 
489 257 
489 91 
489 295 
489 509 
489 52 
489 256 
489 508 
489 366 
489 391 
489 125 
489 324 
489 449 
489 242 
489 176 
489 444 
489 326 
489 55 
489 476 
489 116 
489 436 
489 129 
489 83 
489 207 
489 280 
489 48 
489 389 
489 80 
489 73 
489 370 
489 0 
489 452 
489 78 
489 261 
489 218 
489 238 
489 360 
489 361 
489 502 
489 228 
489 497 
489 165 
489 376 
489 225 
489 16 
489 103 
489 439 
489 329 
489 459 
489 277 
489 217 
489 236 
489 35 
489 422 
489 175 
489 19 
489 304 
489 319 
489 397 
489 107 
489 419 
489 219 
489 392 
489 468 
489 317 
489 407 
489 26 
489 23 
489 61 
489 13 
489 174 
489 338 
489 128 
489 5 
489 438 
489 187 
489 465 
489 510 
489 252 
489 89 
489 239 
489 352 
489 169 
489 98 
489 87 
489 134 
489 424 
489 387 
489 138 
489 470 
489 309 
489 67 
489 469 
489 210 
489 506 
489 434 
489 498 
489 182 
489 113 
490 242 
490 98 
490 505 
490 481 
490 63 
490 176 
490 159 
490 367 
490 188 
490 149 
490 203 
490 368 
490 492 
490 256 
490 140 
490 393 
490 34 
490 449 
490 51 
490 40 
490 147 
490 187 
490 293 
490 229 
490 433 
490 432 
490 158 
490 483 
490 191 
490 228 
490 289 
490 456 
490 493 
490 88 
490 444 
490 251 
490 226 
490 306 
490 487 
490 45 
490 356 
490 336 
490 94 
490 430 
490 400 
490 136 
490 480 
490 173 
490 383 
490 220 
490 246 
490 134 
490 36 
490 195 
490 106 
490 422 
490 286 
490 73 
490 70 
490 381 
490 494 
490 335 
490 427 
490 502 
490 319 
490 351 
490 344 
490 32 
490 468 
490 82 
490 23 
490 417 
490 93 
490 66 
490 408 
490 284 
490 214 
490 146 
490 132 
490 275 
490 211 
490 280 
490 234 
490 182 
490 360 
490 452 
490 305 
490 151 
490 465 
490 69 
490 123 
490 183 
490 22 
490 469 
490 232 
490 85 
490 370 
490 338 
490 3 
490 12 
490 58 
490 512 
490 317 
490 167 
490 5 
490 390 
490 303 
490 337 
490 153 
490 105 
490 255 
490 64 
490 107 
490 206 
490 350 
490 79 
490 358 
490 18 
490 314 
490 156 
490 133 
490 196 
490 361 
490 414 
490 482 
490 364 
490 395 
490 41 
490 448 
490 96 
490 77 
490 265 
490 208 
490 145 
490 225 
490 163 
490 67 
490 413 
490 219 
490 455 
490 477 
490 99 
490 357 
490 68 
490 476 
491 5 
491 11 
491 258 
491 307 
491 203 
491 242 
491 267 
491 481 
491 295 
491 254 
491 407 
491 172 
491 92 
491 39 
491 208 
491 111 
491 89 
491 195 
491 319 
491 167 
491 434 
491 394 
491 205 
491 495 
491 268 
491 239 
491 107 
491 240 
491 466 
491 99 
491 121 
491 367 
491 386 
491 165 
491 505 
491 138 
491 293 
491 189 
491 173 
491 94 
491 70 
491 497 
491 154 
491 297 
491 66 
491 377 
491 29 
491 460 
491 328 
491 265 
491 236 
491 44 
491 7 
491 179 
491 467 
491 226 
491 331 
491 247 
491 398 
491 392 
491 421 
491 410 
491 507 
491 431 
491 423 
491 84 
491 464 
491 197 
491 139 
491 337 
491 400 
491 28 
491 346 
491 279 
491 35 
491 284 
491 170 
491 476 
491 409 
491 79 
491 270 
491 361 
491 390 
491 166 
491 151 
491 200 
491 227 
491 164 
491 229 
491 417 
491 269 
491 245 
491 116 
491 46 
491 223 
491 78 
491 306 
491 238 
491 23 
491 104 
491 329 
491 278 
491 451 
491 446 
491 389 
491 103 
491 321 
491 472 
491 24 
491 379 
491 137 
491 190 
491 287 
491 479 
491 285 
491 343 
491 147 
491 345 
491 27 
491 51 
491 387 
491 117 
491 198 
491 218 
491 291 
491 401 
491 420 
491 21 
491 212 
491 171 
491 177 
491 69 
491 74 
491 449 
491 484 
491 61 
491 136 
491 232 
491 256 
491 494 
491 260 
491 204 
491 8 
491 56 
491 10 
491 274 
491 175 
491 63 
491 193 
491 326 
491 36 
491 360 
491 156 
491 186 
491 140 
492 431 
492 351 
492 261 
492 237 
492 114 
492 307 
492 480 
492 469 
492 289 
492 121 
492 414 
492 248 
492 504 
492 354 
492 490 
492 217 
492 240 
492 97 
492 254 
492 94 
492 169 
492 425 
492 345 
492 11 
492 444 
492 372 
492 148 
492 125 
492 184 
492 214 
492 88 
492 424 
492 310 
492 170 
492 338 
492 69 
492 74 
492 18 
492 429 
492 9 
492 501 
492 29 
492 499 
492 412 
492 200 
492 133 
492 483 
492 64 
492 159 
492 30 
492 208 
492 260 
492 156 
492 16 
492 134 
492 331 
492 31 
492 122 
492 339 
492 290 
492 452 
492 234 
492 476 
492 319 
492 477 
492 227 
492 221 
492 253 
492 15 
492 180 
492 311 
492 272 
492 257 
492 232 
492 417 
492 46 
492 119 
492 241 
492 61 
492 149 
492 111 
492 473 
492 146 
492 152 
492 376 
492 68 
492 346 
492 263 
492 71 
492 493 
492 188 
492 308 
492 206 
492 22 
492 350 
492 205 
492 462 
492 196 
492 378 
492 207 
492 337 
492 35 
492 199 
492 508 
492 340 
492 356 
492 301 
492 117 
492 368 
492 284 
492 396 
492 323 
492 361 
492 204 
492 265 
492 251 
492 380 
492 115 
492 467 
492 112 
492 274 
492 5 
492 270 
492 281 
492 312 
492 500 
492 373 
492 219 
492 58 
492 145 
492 105 
492 353 
492 365 
492 21 
492 367 
492 496 
492 371 
492 27 
492 228 
492 81 
492 334 
492 385 
492 186 
492 400 
492 266 
492 294 
492 165 
492 201 
492 136 
492 259 
492 288 
492 420 
492 303 
492 23 
492 17 
492 82 
492 457 
493 38 
493 460 
493 129 
493 216 
493 193 
493 451 
493 25 
493 287 
493 197 
493 120 
493 385 
493 195 
493 334 
493 365 
493 122 
493 308 
493 281 
493 198 
493 75 
493 196 
493 108 
493 286 
493 211 
493 228 
493 339 
493 314 
493 375 
493 157 
493 217 
493 192 
493 316 
493 142 
493 461 
493 364 
493 490 
493 502 
493 158 
493 145 
493 114 
493 439 
493 295 
493 403 
493 479 
493 93 
493 445 
493 47 
493 411 
493 396 
493 201 
493 65 
493 319 
493 315 
493 91 
493 165 
493 371 
493 238 
493 220 
493 116 
493 17 
493 184 
493 393 
493 84 
493 366 
493 458 
493 125 
493 381 
493 181 
493 134 
493 416 
493 160 
493 30 
493 395 
493 128 
493 11 
493 35 
493 77 
493 505 
493 191 
493 324 
493 97 
493 383 
493 404 
493 278 
493 257 
493 401 
493 492 
493 297 
493 342 
493 203 
493 218 
493 73 
493 480 
493 109 
493 494 
493 434 
493 425 
493 61 
493 387 
493 323 
493 429 
493 147 
493 50 
493 345 
493 506 
493 42 
493 26 
493 471 
493 229 
493 102 
493 254 
493 263 
493 368 
493 135 
493 247 
493 7 
493 266 
493 209 
493 96 
493 33 
493 301 
493 394 
493 94 
493 100 
493 347 
493 0 
493 111 
493 58 
493 250 
493 260 
494 199 
494 56 
494 293 
494 343 
494 325 
494 452 
494 398 
494 44 
494 449 
494 374 
494 144 
494 356 
494 148 
494 212 
494 60 
494 270 
494 111 
494 53 
494 296 
494 320 
494 297 
494 489 
494 189 
494 163 
494 157 
494 118 
494 190 
494 259 
494 377 
494 407 
494 132 
494 466 
494 419 
494 290 
494 179 
494 429 
494 316 
494 198 
494 123 
494 3 
494 448 
494 352 
494 436 
494 134 
494 326 
494 195 
494 510 
494 450 
494 98 
494 387 
494 117 
494 242 
494 127 
494 109 
494 357 
494 390 
494 334 
494 365 
494 263 
494 6 
494 256 
494 490 
494 476 
494 96 
494 329 
494 389 
494 350 
494 459 
494 433 
494 54 
494 283 
494 197 
494 463 
494 420 
494 112 
494 428 
494 126 
494 478 
494 139 
494 410 
494 454 
494 208 
494 2 
494 107 
494 35 
494 456 
494 182 
494 467 
494 128 
494 36 
494 258 
494 181 
494 38 
494 192 
494 260 
494 149 
494 403 
494 497 
494 512 
494 81 
494 468 
494 445 
494 40 
494 493 
494 26 
494 87 
494 451 
494 17 
494 370 
494 368 
494 50 
494 120 
494 349 
494 97 
494 265 
494 486 
494 379 
494 300 
494 191 
494 282 
494 375 
494 332 
494 474 
494 251 
494 67 
494 437 
494 482 
494 464 
494 502 
494 276 
494 204 
494 171 
494 79 
494 333 
494 402 
494 491 
494 162 
494 105 
494 378 
494 376 
494 431 
494 184 
494 363 
494 165 
494 353 
494 305 
494 475 
494 254 
494 508 
494 313 
494 496 
494 280 
495 454 
495 499 
495 40 
495 52 
495 78 
495 399 
495 404 
495 207 
495 201 
495 416 
495 224 
495 311 
495 361 
495 278 
495 257 
495 180 
495 453 
495 261 
495 258 
495 322 
495 173 
495 369 
495 142 
495 354 
495 103 
495 450 
495 8 
495 491 
495 471 
495 16 
495 513 
495 277 
495 18 
495 13 
495 82 
495 118 
495 47 
495 390 
495 213 
495 270 
495 398 
495 376 
495 406 
495 288 
495 123 
495 204 
495 310 
495 445 
495 267 
495 393 
495 349 
495 215 
495 107 
495 50 
495 58 
495 214 
495 297 
495 132 
495 411 
495 245 
495 236 
495 488 
495 122 
495 61 
495 146 
495 3 
495 366 
495 283 
495 232 
495 249 
495 340 
495 385 
495 441 
495 260 
495 306 
495 507 
495 93 
495 237 
495 475 
495 141 
495 427 
495 511 
495 188 
495 447 
495 10 
495 506 
495 276 
495 305 
495 397 
495 46 
495 510 
495 274 
495 421 
495 196 
495 412 
495 437 
495 318 
495 381 
495 363 
495 154 
495 469 
495 422 
495 102 
495 15 
495 168 
495 253 
495 326 
495 62 
495 139 
495 389 
495 11 
495 218 
495 472 
495 296 
495 182 
495 79 
495 467 
495 114 
495 73 
495 193 
495 90 
495 313 
495 126 
495 243 
495 87 
495 43 
495 345 
495 295 
495 1 
495 51 
495 275 
495 85 
495 66 
495 316 
495 409 
495 181 
495 80 
495 396 
495 219 
495 192 
495 433 
495 2 
495 150 
495 477 
495 268 
495 166 
495 420 
495 487 
495 26 
495 339 
495 434 
495 315 
495 444 
495 133 
495 262 
495 350 
495 325 
495 425 
495 387 
495 248 
495 391 
495 485 
495 271 
495 286 
496 488 
496 377 
496 264 
496 136 
496 24 
496 43 
496 5 
496 316 
496 334 
496 312 
496 378 
496 417 
496 419 
496 287 
496 57 
496 499 
496 15 
496 383 
496 55 
496 309 
496 388 
496 484 
496 306 
496 363 
496 71 
496 223 
496 176 
496 399 
496 478 
496 414 
496 7 
496 461 
496 510 
496 424 
496 290 
496 206 
496 122 
496 210 
496 203 
496 65 
496 194 
496 2 
496 433 
496 272 
496 420 
496 294 
496 186 
496 450 
496 304 
496 47 
496 281 
496 385 
496 437 
496 431 
496 70 
496 380 
496 39 
496 140 
496 26 
496 465 
496 103 
496 449 
496 268 
496 254 
496 134 
496 438 
496 36 
496 275 
496 366 
496 159 
496 61 
496 13 
496 386 
496 274 
496 305 
496 511 
496 266 
496 52 
496 205 
496 416 
496 403 
496 158 
496 89 
496 92 
496 405 
496 315 
496 21 
496 87 
496 1 
496 224 
496 425 
496 131 
496 195 
496 239 
496 308 
496 293 
496 20 
496 342 
496 512 
496 32 
496 472 
496 212 
496 28 
496 369 
496 288 
496 243 
496 217 
496 321 
496 392 
496 124 
496 154 
496 76 
496 38 
496 180 
496 120 
496 265 
496 199 
496 415 
496 50 
496 459 
496 102 
496 426 
496 358 
496 98 
496 356 
496 505 
496 62 
496 40 
496 73 
496 19 
496 196 
496 192 
496 492 
496 411 
496 86 
496 504 
496 397 
496 100 
496 370 
496 49 
496 481 
496 164 
496 291 
496 248 
496 297 
496 453 
496 259 
496 282 
496 285 
496 317 
496 105 
496 225 
496 494 
496 485 
496 126 
497 478 
497 196 
497 69 
497 274 
497 469 
497 121 
497 118 
497 383 
497 310 
497 502 
497 367 
497 90 
497 128 
497 357 
497 138 
497 111 
497 34 
497 207 
497 183 
497 276 
497 511 
497 342 
497 481 
497 92 
497 177 
497 164 
497 317 
497 126 
497 222 
497 468 
497 153 
497 430 
497 491 
497 145 
497 414 
497 20 
497 159 
497 122 
497 454 
497 320 
497 247 
497 431 
497 420 
497 332 
497 195 
497 208 
497 261 
497 316 
497 513 
497 76 
497 371 
497 442 
497 436 
497 16 
497 503 
497 446 
497 35 
497 220 
497 97 
497 319 
497 447 
497 504 
497 146 
497 61 
497 474 
497 288 
497 102 
497 234 
497 231 
497 451 
497 24 
497 239 
497 9 
497 43 
497 226 
497 390 
497 400 
497 227 
497 433 
497 273 
497 489 
497 200 
497 63 
497 494 
497 100 
497 53 
497 13 
497 41 
497 87 
497 384 
497 210 
497 228 
497 458 
497 444 
497 205 
497 364 
497 264 
497 509 
497 311 
497 345 
497 216 
497 393 
497 312 
497 83 
497 242 
497 232 
497 459 
497 382 
497 254 
497 155 
497 344 
497 466 
497 212 
497 416 
497 298 
497 279 
497 306 
497 135 
497 44 
497 215 
497 268 
497 376 
497 302 
497 103 
497 372 
497 457 
497 244 
497 425 
497 500 
497 485 
497 487 
497 348 
497 189 
497 462 
497 176 
497 127 
497 6 
497 278 
497 201 
497 378 
497 158 
497 147 
497 36 
498 89 
498 112 
498 132 
498 37 
498 412 
498 362 
498 227 
498 454 
498 318 
498 433 
498 369 
498 333 
498 424 
498 121 
498 203 
498 176 
498 377 
498 174 
498 391 
498 395 
498 95 
498 253 
498 462 
498 185 
498 317 
498 304 
498 310 
498 417 
498 326 
498 309 
498 94 
498 198 
498 242 
498 409 
498 446 
498 102 
498 225 
498 52 
498 76 
498 342 
498 445 
498 17 
498 343 
498 231 
498 216 
498 387 
498 500 
498 154 
498 158 
498 109 
498 235 
498 460 
498 226 
498 356 
498 429 
498 159 
498 485 
498 480 
498 98 
498 138 
498 381 
498 276 
498 195 
498 427 
498 402 
498 436 
498 275 
498 91 
498 206 
498 416 
498 70 
498 401 
498 61 
498 337 
498 230 
498 118 
498 320 
498 27 
498 472 
498 13 
498 172 
498 464 
498 55 
498 180 
498 93 
498 46 
498 338 
498 285 
498 339 
498 287 
498 394 
498 449 
498 142 
498 265 
498 141 
498 44 
498 290 
498 264 
498 163 
498 383 
498 322 
498 38 
498 75 
498 314 
498 219 
498 483 
498 418 
498 107 
498 168 
498 256 
498 5 
498 509 
498 212 
498 351 
498 162 
498 306 
498 461 
498 221 
498 32 
498 448 
498 251 
498 410 
498 167 
498 506 
498 23 
498 421 
498 328 
498 332 
498 292 
498 346 
498 124 
498 184 
498 88 
498 466 
498 469 
498 92 
498 305 
498 31 
498 204 
498 96 
498 51 
498 28 
498 99 
498 308 
498 101 
498 3 
498 100 
498 422 
498 166 
498 489 
498 505 
498 58 
499 246 
499 495 
499 134 
499 448 
499 474 
499 98 
499 293 
499 496 
499 125 
499 351 
499 329 
499 450 
499 324 
499 55 
499 135 
499 78 
499 266 
499 70 
499 380 
499 313 
499 24 
499 371 
499 42 
499 394 
499 50 
499 410 
499 321 
499 244 
499 419 
499 411 
499 513 
499 390 
499 407 
499 451 
499 116 
499 403 
499 316 
499 224 
499 492 
499 344 
499 183 
499 168 
499 235 
499 485 
499 488 
499 36 
499 276 
499 179 
499 315 
499 425 
499 13 
499 193 
499 249 
499 385 
499 479 
499 444 
499 381 
499 141 
499 220 
499 89 
499 423 
499 117 
499 26 
499 157 
499 460 
499 156 
499 250 
499 283 
499 119 
499 298 
499 155 
499 482 
499 227 
499 350 
499 305 
499 182 
499 189 
499 328 
499 440 
499 456 
499 439 
499 420 
499 0 
499 204 
499 106 
499 61 
499 269 
499 409 
499 365 
499 468 
499 395 
499 312 
499 137 
499 338 
499 383 
499 358 
499 259 
499 285 
499 197 
499 45 
499 229 
499 345 
499 452 
499 323 
499 158 
499 415 
499 145 
499 80 
499 83 
499 402 
499 333 
499 192 
499 353 
499 210 
499 186 
499 127 
499 273 
499 81 
499 184 
499 434 
499 376 
499 481 
499 177 
499 278 
499 422 
499 435 
499 163 
499 292 
499 176 
499 459 
499 325 
499 271 
499 393 
499 255 
499 15 
499 408 
499 397 
499 445 
499 75 
499 234 
499 308 
499 123 
499 5 
499 355 
499 86 
499 511 
499 288 
499 22 
499 264 
499 214 
499 162 
499 218 
499 173 
499 475 
499 223 
499 222 
499 486 
499 382 
500 423 
500 255 
500 442 
500 471 
500 306 
500 317 
500 90 
500 263 
500 171 
500 175 
500 34 
500 298 
500 29 
500 271 
500 256 
500 249 
500 275 
500 194 
500 138 
500 397 
500 366 
500 475 
500 48 
500 350 
500 333 
500 139 
500 178 
500 409 
500 380 
500 46 
500 282 
500 152 
500 373 
500 26 
500 462 
500 352 
500 358 
500 294 
500 33 
500 498 
500 510 
500 57 
500 456 
500 486 
500 114 
500 473 
500 195 
500 364 
500 260 
500 272 
500 455 
500 414 
500 512 
500 137 
500 252 
500 470 
500 133 
500 438 
500 385 
500 292 
500 159 
500 86 
500 220 
500 23 
500 241 
500 396 
500 109 
500 374 
500 186 
500 16 
500 164 
500 266 
500 354 
500 452 
500 99 
500 10 
500 25 
500 126 
500 127 
500 44 
500 378 
500 94 
500 4 
500 131 
500 72 
500 160 
500 447 
500 61 
500 8 
500 258 
500 369 
500 83 
500 448 
500 415 
500 155 
500 166 
500 41 
500 12 
500 132 
500 346 
500 314 
500 285 
500 432 
500 129 
500 206 
500 254 
500 67 
500 118 
500 270 
500 492 
500 210 
500 443 
500 300 
500 55 
500 309 
500 84 
500 50 
500 228 
500 453 
500 247 
500 509 
500 54 
500 504 
500 391 
500 353 
500 245 
500 467 
500 122 
500 497 
500 479 
500 147 
500 477 
500 367 
500 503 
500 65 
500 435 
500 52 
500 311 
500 124 
500 250 
500 408 
500 78 
500 207 
500 208 
501 157 
501 507 
501 246 
501 359 
501 506 
501 45 
501 300 
501 422 
501 312 
501 374 
501 197 
501 51 
501 173 
501 464 
501 472 
501 205 
501 322 
501 114 
501 339 
501 350 
501 380 
501 474 
501 402 
501 313 
501 318 
501 462 
501 426 
501 415 
501 371 
501 191 
501 409 
501 418 
501 70 
501 53 
501 427 
501 64 
501 217 
501 355 
501 489 
501 439 
501 221 
501 306 
501 144 
501 478 
501 365 
501 59 
501 141 
501 484 
501 504 
501 55 
501 42 
501 66 
501 102 
501 340 
501 118 
501 492 
501 252 
501 391 
501 109 
501 0 
501 183 
501 230 
501 95 
501 281 
501 249 
501 412 
501 111 
501 419 
501 29 
501 442 
501 321 
501 387 
501 336 
501 429 
501 258 
501 283 
501 354 
501 360 
501 425 
501 315 
501 112 
501 1 
501 185 
501 69 
501 423 
501 22 
501 267 
501 158 
501 220 
501 137 
501 407 
501 33 
501 44 
501 417 
501 459 
501 342 
501 319 
501 213 
501 61 
501 105 
501 304 
501 5 
501 94 
501 448 
501 411 
501 454 
501 140 
501 243 
501 54 
501 196 
501 266 
501 353 
501 159 
501 89 
501 352 
501 161 
501 278 
501 248 
501 314 
501 276 
501 414 
501 451 
501 445 
501 71 
501 299 
501 405 
501 470 
501 234 
501 7 
501 16 
501 63 
501 343 
501 58 
501 177 
501 403 
501 372 
501 62 
501 302 
501 461 
501 134 
501 122 
501 469 
501 389 
501 388 
501 87 
501 104 
501 236 
501 443 
501 127 
501 287 
501 85 
501 262 
501 41 
501 298 
501 465 
501 325 
501 273 
501 184 
501 367 
501 172 
501 19 
501 189 
502 110 
502 52 
502 482 
502 203 
502 229 
502 488 
502 227 
502 167 
502 173 
502 260 
502 137 
502 374 
502 253 
502 497 
502 131 
502 343 
502 142 
502 267 
502 218 
502 410 
502 83 
502 357 
502 166 
502 97 
502 113 
502 103 
502 377 
502 361 
502 50 
502 181 
502 87 
502 235 
502 226 
502 242 
502 408 
502 400 
502 429 
502 493 
502 55 
502 393 
502 99 
502 318 
502 66 
502 252 
502 415 
502 403 
502 325 
502 205 
502 214 
502 381 
502 283 
502 177 
502 397 
502 190 
502 363 
502 64 
502 222 
502 289 
502 7 
502 259 
502 132 
502 150 
502 426 
502 38 
502 164 
502 452 
502 263 
502 439 
502 346 
502 512 
502 60 
502 148 
502 62 
502 133 
502 115 
502 476 
502 490 
502 74 
502 441 
502 249 
502 49 
502 206 
502 477 
502 54 
502 73 
502 141 
502 280 
502 334 
502 154 
502 192 
502 104 
502 158 
502 489 
502 299 
502 277 
502 367 
502 443 
502 121 
502 91 
502 236 
502 90 
502 46 
502 140 
502 224 
502 189 
502 41 
502 6 
502 114 
502 88 
502 424 
502 513 
502 204 
502 379 
502 494 
502 69 
502 225 
502 414 
502 40 
502 67 
502 274 
502 96 
502 418 
502 509 
502 255 
502 163 
502 155 
502 442 
502 35 
502 352 
502 454 
502 146 
502 290 
502 296 
502 176 
502 217 
502 507 
502 399 
502 93 
502 300 
503 419 
503 508 
503 424 
503 285 
503 125 
503 123 
503 194 
503 301 
503 388 
503 263 
503 190 
503 173 
503 146 
503 458 
503 0 
503 64 
503 306 
503 384 
503 132 
503 487 
503 200 
503 296 
503 59 
503 323 
503 147 
503 15 
503 324 
503 425 
503 56 
503 245 
503 250 
503 241 
503 228 
503 103 
503 397 
503 327 
503 25 
503 415 
503 346 
503 260 
503 207 
503 42 
503 67 
503 2 
503 196 
503 247 
503 277 
503 236 
503 32 
503 88 
503 127 
503 166 
503 474 
503 376 
503 405 
503 71 
503 337 
503 497 
503 95 
503 392 
503 380 
503 456 
503 118 
503 21 
503 463 
503 359 
503 150 
503 446 
503 426 
503 374 
503 7 
503 428 
503 372 
503 51 
503 90 
503 28 
503 58 
503 154 
503 230 
503 345 
503 438 
503 373 
503 416 
503 436 
503 86 
503 23 
503 34 
503 448 
503 371 
503 311 
503 300 
503 18 
503 444 
503 307 
503 338 
503 38 
503 402 
503 101 
503 40 
503 195 
503 403 
503 203 
503 432 
503 253 
503 391 
503 451 
503 13 
503 418 
503 37 
503 223 
503 163 
503 143 
503 358 
503 280 
503 272 
503 365 
503 408 
503 249 
503 218 
503 116 
503 275 
503 10 
503 395 
503 404 
503 435 
503 396 
503 381 
503 447 
503 75 
503 4 
503 377 
503 139 
503 400 
503 252 
503 211 
503 11 
503 27 
503 340 
503 303 
503 237 
503 462 
503 470 
503 393 
503 43 
503 279 
503 500 
503 201 
503 513 
503 243 
503 135 
503 22 
503 39 
503 114 
503 262 
503 341 
503 219 
503 367 
503 128 
503 511 
504 331 
504 421 
504 248 
504 185 
504 120 
504 451 
504 336 
504 149 
504 153 
504 458 
504 19 
504 34 
504 250 
504 405 
504 27 
504 492 
504 294 
504 416 
504 431 
504 469 
504 281 
504 351 
504 55 
504 172 
504 18 
504 67 
504 113 
504 511 
504 429 
504 372 
504 85 
504 347 
504 274 
504 82 
504 199 
504 439 
504 394 
504 383 
504 160 
504 371 
504 84 
504 354 
504 339 
504 111 
504 138 
504 501 
504 14 
504 438 
504 260 
504 158 
504 230 
504 412 
504 76 
504 238 
504 408 
504 455 
504 365 
504 261 
504 194 
504 223 
504 325 
504 244 
504 312 
504 247 
504 198 
504 200 
504 136 
504 346 
504 338 
504 211 
504 480 
504 497 
504 362 
504 118 
504 396 
504 375 
504 140 
504 189 
504 400 
504 453 
504 367 
504 356 
504 164 
504 112 
504 357 
504 213 
504 59 
504 60 
504 277 
504 219 
504 148 
504 510 
504 292 
504 17 
504 366 
504 369 
504 176 
504 387 
504 255 
504 26 
504 449 
504 311 
504 508 
504 20 
504 348 
504 0 
504 150 
504 215 
504 83 
504 240 
504 290 
504 254 
504 56 
504 229 
504 70 
504 460 
504 513 
504 245 
504 171 
504 442 
504 21 
504 334 
504 74 
504 156 
504 373 
504 422 
504 80 
504 167 
504 477 
504 187 
504 90 
504 386 
504 131 
504 317 
504 479 
504 500 
504 61 
504 376 
504 344 
504 154 
504 496 
504 303 
504 114 
504 268 
504 44 
504 15 
504 10 
504 392 
504 89 
504 123 
504 134 
504 33 
504 385 
504 206 
504 418 
504 475 
504 323 
504 104 
504 406 
504 424 
505 437 
505 58 
505 96 
505 146 
505 490 
505 300 
505 416 
505 115 
505 223 
505 140 
505 166 
505 377 
505 466 
505 109 
505 365 
505 513 
505 427 
505 334 
505 363 
505 284 
505 128 
505 88 
505 455 
505 408 
505 206 
505 87 
505 393 
505 321 
505 491 
505 244 
505 64 
505 243 
505 7 
505 126 
505 382 
505 159 
505 410 
505 442 
505 401 
505 417 
505 89 
505 396 
505 252 
505 36 
505 239 
505 79 
505 26 
505 358 
505 381 
505 439 
505 445 
505 415 
505 181 
505 309 
505 111 
505 208 
505 195 
505 254 
505 235 
505 72 
505 483 
505 473 
505 15 
505 288 
505 480 
505 210 
505 237 
505 187 
505 37 
505 399 
505 413 
505 462 
505 116 
505 118 
505 287 
505 67 
505 352 
505 303 
505 357 
505 493 
505 18 
505 124 
505 20 
505 42 
505 234 
505 246 
505 319 
505 112 
505 99 
505 431 
505 31 
505 25 
505 429 
505 259 
505 289 
505 153 
505 236 
505 22 
505 265 
505 39 
505 226 
505 325 
505 390 
505 336 
505 129 
505 202 
505 478 
505 49 
505 117 
505 175 
505 422 
505 328 
505 196 
505 261 
505 337 
505 33 
505 134 
505 216 
505 76 
505 135 
505 148 
505 446 
505 0 
505 121 
505 508 
505 376 
505 339 
505 125 
505 161 
505 335 
505 44 
505 374 
505 496 
505 507 
505 178 
505 86 
505 369 
505 229 
505 344 
505 457 
505 322 
505 132 
505 485 
505 122 
505 299 
505 459 
505 224 
505 269 
505 245 
505 120 
505 424 
505 456 
505 151 
505 82 
505 107 
505 21 
505 171 
505 50 
505 192 
505 154 
505 162 
505 498 
506 400 
506 35 
506 56 
506 180 
506 29 
506 485 
506 202 
506 340 
506 501 
506 395 
506 196 
506 216 
506 356 
506 118 
506 8 
506 15 
506 18 
506 433 
506 115 
506 129 
506 410 
506 34 
506 72 
506 351 
506 392 
506 399 
506 138 
506 305 
506 311 
506 422 
506 1 
506 249 
506 477 
506 106 
506 4 
506 146 
506 39 
506 427 
506 271 
506 52 
506 109 
506 424 
506 372 
506 223 
506 253 
506 239 
506 98 
506 463 
506 421 
506 256 
506 363 
506 120 
506 81 
506 82 
506 376 
506 390 
506 317 
506 513 
506 260 
506 213 
506 51 
506 170 
506 105 
506 164 
506 94 
506 432 
506 470 
506 32 
506 12 
506 80 
506 445 
506 303 
506 487 
506 416 
506 368 
506 510 
506 195 
506 123 
506 472 
506 130 
506 408 
506 277 
506 155 
506 384 
506 229 
506 111 
506 377 
506 495 
506 278 
506 328 
506 398 
506 330 
506 309 
506 222 
506 116 
506 37 
506 152 
506 306 
506 226 
506 488 
506 371 
506 259 
506 90 
506 19 
506 385 
506 237 
506 45 
506 419 
506 171 
506 261 
506 172 
506 480 
506 312 
506 323 
506 493 
506 326 
506 28 
506 404 
506 236 
506 498 
506 454 
506 189 
506 194 
506 135 
506 9 
506 93 
506 333 
506 451 
506 168 
506 280 
506 344 
506 509 
506 293 
506 466 
506 163 
506 381 
506 225 
506 234 
506 151 
506 24 
506 21 
506 332 
506 300 
506 101 
506 394 
506 268 
506 185 
506 42 
506 489 
506 79 
506 365 
506 460 
506 342 
506 38 
506 63 
506 462 
506 383 
507 489 
507 36 
507 39 
507 46 
507 213 
507 296 
507 200 
507 501 
507 122 
507 94 
507 360 
507 57 
507 417 
507 221 
507 294 
507 279 
507 133 
507 445 
507 373 
507 390 
507 34 
507 98 
507 262 
507 199 
507 432 
507 459 
507 341 
507 478 
507 409 
507 339 
507 153 
507 102 
507 297 
507 177 
507 250 
507 26 
507 420 
507 485 
507 328 
507 365 
507 237 
507 283 
507 406 
507 318 
507 331 
507 72 
507 440 
507 399 
507 129 
507 384 
507 508 
507 474 
507 316 
507 175 
507 391 
507 475 
507 247 
507 58 
507 289 
507 194 
507 491 
507 5 
507 320 
507 7 
507 157 
507 495 
507 91 
507 180 
507 272 
507 461 
507 431 
507 85 
507 453 
507 155 
507 162 
507 255 
507 12 
507 25 
507 248 
507 398 
507 332 
507 467 
507 412 
507 141 
507 403 
507 52 
507 226 
507 68 
507 176 
507 447 
507 76 
507 428 
507 38 
507 182 
507 164 
507 465 
507 449 
507 110 
507 348 
507 387 
507 227 
507 82 
507 232 
507 469 
507 434 
507 13 
507 479 
507 14 
507 355 
507 430 
507 509 
507 310 
507 152 
507 281 
507 277 
507 87 
507 381 
507 140 
507 505 
507 70 
507 191 
507 35 
507 258 
507 229 
507 382 
507 260 
507 251 
507 95 
507 171 
507 138 
507 228 
507 377 
507 276 
507 454 
507 405 
507 433 
507 101 
507 99 
507 119 
507 159 
507 51 
507 368 
507 287 
507 401 
507 165 
507 458 
507 502 
507 120 
507 33 
508 261 
508 4 
508 503 
508 156 
508 93 
508 125 
508 34 
508 354 
508 447 
508 145 
508 273 
508 368 
508 317 
508 214 
508 54 
508 72 
508 248 
508 331 
508 165 
508 265 
508 327 
508 46 
508 21 
508 337 
508 291 
508 14 
508 270 
508 137 
508 404 
508 122 
508 179 
508 326 
508 102 
508 152 
508 171 
508 78 
508 52 
508 20 
508 381 
508 191 
508 168 
508 13 
508 169 
508 237 
508 167 
508 401 
508 409 
508 89 
508 100 
508 117 
508 177 
508 305 
508 108 
508 244 
508 378 
508 79 
508 434 
508 166 
508 22 
508 507 
508 340 
508 456 
508 87 
508 50 
508 467 
508 84 
508 373 
508 313 
508 391 
508 44 
508 23 
508 276 
508 489 
508 474 
508 289 
508 478 
508 336 
508 325 
508 345 
508 257 
508 267 
508 292 
508 126 
508 28 
508 112 
508 124 
508 162 
508 189 
508 423 
508 479 
508 352 
508 438 
508 504 
508 487 
508 321 
508 486 
508 446 
508 69 
508 382 
508 201 
508 288 
508 421 
508 427 
508 492 
508 298 
508 468 
508 465 
508 174 
508 227 
508 62 
508 255 
508 38 
508 111 
508 448 
508 505 
508 47 
508 311 
508 417 
508 110 
508 339 
508 323 
508 85 
508 10 
508 403 
508 469 
508 176 
508 333 
508 328 
508 399 
508 11 
508 461 
508 412 
508 264 
508 324 
508 114 
508 25 
508 397 
508 243 
508 439 
508 389 
508 471 
508 332 
508 287 
508 463 
508 76 
508 494 
508 306 
509 246 
509 289 
509 136 
509 115 
509 32 
509 77 
509 304 
509 148 
509 127 
509 229 
509 374 
509 378 
509 485 
509 277 
509 346 
509 195 
509 116 
509 44 
509 273 
509 241 
509 48 
509 358 
509 18 
509 487 
509 457 
509 63 
509 405 
509 331 
509 363 
509 104 
509 318 
509 107 
509 61 
509 223 
509 213 
509 173 
509 419 
509 27 
509 406 
509 479 
509 215 
509 380 
509 398 
509 305 
509 381 
509 456 
509 372 
509 183 
509 200 
509 308 
509 321 
509 478 
509 429 
509 266 
509 38 
509 340 
509 244 
509 489 
509 279 
509 16 
509 138 
509 194 
509 54 
509 431 
509 212 
509 336 
509 106 
509 322 
509 113 
509 87 
509 271 
509 445 
509 259 
509 295 
509 471 
509 67 
509 224 
509 449 
509 356 
509 74 
509 460 
509 238 
509 376 
509 293 
509 92 
509 188 
509 76 
509 154 
509 312 
509 436 
509 53 
509 181 
509 21 
509 235 
509 22 
509 205 
509 313 
509 237 
509 360 
509 463 
509 263 
509 354 
509 231 
509 498 
509 184 
509 450 
509 507 
509 90 
509 454 
509 497 
509 81 
509 468 
509 386 
509 288 
509 316 
509 73 
509 182 
509 319 
509 144 
509 362 
509 469 
509 180 
509 500 
509 15 
509 275 
509 4 
509 338 
509 190 
509 502 
509 353 
509 506 
509 396 
509 443 
509 383 
509 408 
509 371 
509 369 
509 88 
509 174 
509 439 
509 132 
509 86 
509 60 
509 239 
509 216 
509 368 
510 290 
510 234 
510 383 
510 422 
510 141 
510 361 
510 162 
510 375 
510 316 
510 411 
510 469 
510 229 
510 21 
510 88 
510 158 
510 232 
510 76 
510 260 
510 396 
510 440 
510 150 
510 79 
510 326 
510 11 
510 437 
510 496 
510 444 
510 159 
510 224 
510 104 
510 15 
510 408 
510 218 
510 65 
510 292 
510 436 
510 460 
510 8 
510 480 
510 358 
510 359 
510 129 
510 44 
510 286 
510 500 
510 477 
510 370 
510 416 
510 494 
510 106 
510 200 
510 280 
510 62 
510 110 
510 389 
510 246 
510 443 
510 402 
510 0 
510 243 
510 325 
510 123 
510 82 
510 100 
510 438 
510 379 
510 506 
510 133 
510 125 
510 113 
510 217 
510 450 
510 236 
510 455 
510 445 
510 487 
510 415 
510 239 
510 145 
510 135 
510 261 
510 107 
510 189 
510 352 
510 311 
510 144 
510 394 
510 120 
510 504 
510 57 
510 470 
510 495 
510 203 
510 258 
510 177 
510 42 
510 270 
510 459 
510 284 
510 208 
510 297 
510 128 
510 278 
510 240 
510 241 
510 75 
510 24 
510 341 
510 259 
510 307 
510 449 
510 404 
510 425 
510 52 
510 109 
510 22 
510 295 
510 119 
510 475 
510 424 
510 152 
510 29 
510 489 
510 458 
510 252 
510 251 
510 296 
510 466 
510 464 
510 98 
510 312 
510 447 
510 33 
510 193 
510 54 
510 320 
510 235 
510 102 
510 148 
510 245 
510 305 
510 281 
510 77 
510 279 
510 442 
510 72 
510 343 
510 186 
510 289 
510 273 
510 397 
510 299 
510 372 
511 192 
511 301 
511 43 
511 175 
511 5 
511 170 
511 402 
511 53 
511 357 
511 304 
511 169 
511 154 
511 204 
511 445 
511 455 
511 474 
511 138 
511 341 
511 147 
511 286 
511 159 
511 240 
511 139 
511 318 
511 84 
511 288 
511 504 
511 95 
511 481 
511 459 
511 497 
511 335 
511 187 
511 0 
511 250 
511 30 
511 446 
511 382 
511 449 
511 383 
511 450 
511 68 
511 157 
511 80 
511 400 
511 12 
511 24 
511 285 
511 404 
511 365 
511 248 
511 83 
511 128 
511 11 
511 7 
511 14 
511 433 
511 225 
511 421 
511 469 
511 47 
511 414 
511 102 
511 496 
511 495 
511 395 
511 2 
511 393 
511 226 
511 360 
511 284 
511 488 
511 265 
511 298 
511 424 
511 56 
511 181 
511 45 
511 377 
511 328 
511 44 
511 485 
511 358 
511 249 
511 261 
511 190 
511 264 
511 161 
511 442 
511 432 
511 69 
511 174 
511 36 
511 477 
511 172 
511 426 
511 162 
511 315 
511 93 
511 148 
511 423 
511 60 
511 19 
511 101 
511 334 
511 48 
511 326 
511 208 
511 296 
511 384 
511 308 
511 401 
511 9 
511 52 
511 465 
511 273 
511 50 
511 129 
511 25 
511 316 
511 274 
511 381 
511 185 
511 27 
511 165 
511 131 
511 410 
511 266 
511 345 
511 214 
511 243 
511 103 
511 391 
511 188 
511 499 
511 164 
511 369 
511 403 
511 99 
511 79 
511 503 
512 437 
512 408 
512 459 
512 290 
512 240 
512 158 
512 416 
512 342 
512 33 
512 0 
512 68 
512 231 
512 457 
512 58 
512 196 
512 92 
512 61 
512 435 
512 218 
512 298 
512 81 
512 102 
512 91 
512 417 
512 189 
512 474 
512 149 
512 17 
512 108 
512 352 
512 117 
512 432 
512 232 
512 47 
512 14 
512 210 
512 284 
512 310 
512 52 
512 269 
512 174 
512 319 
512 335 
512 500 
512 69 
512 439 
512 267 
512 43 
512 440 
512 321 
512 502 
512 29 
512 16 
512 465 
512 49 
512 461 
512 251 
512 434 
512 469 
512 205 
512 430 
512 236 
512 332 
512 394 
512 162 
512 376 
512 449 
512 73 
512 23 
512 347 
512 275 
512 70 
512 344 
512 484 
512 387 
512 110 
512 374 
512 398 
512 451 
512 496 
512 252 
512 320 
512 395 
512 390 
512 323 
512 494 
512 385 
512 443 
512 65 
512 242 
512 307 
512 194 
512 119 
512 1 
512 355 
512 479 
512 44 
512 367 
512 166 
512 99 
512 12 
512 53 
512 490 
512 18 
512 191 
512 150 
512 59 
512 109 
512 256 
512 41 
512 383 
512 21 
512 305 
512 454 
512 317 
512 425 
512 66 
512 177 
512 329 
512 57 
512 165 
512 136 
512 371 
512 349 
512 445 
512 207 
512 173 
512 258 
512 259 
512 34 
512 378 
512 28 
512 429 
512 462 
512 309 
512 476 
512 304 
512 412 
512 20 
512 297 
512 468 
512 200 
512 15 
512 179 
512 160 
512 334 
512 141 
512 75 
512 397 
512 382 
512 184 
512 171 
513 144 
513 327 
513 301 
513 160 
513 214 
513 145 
513 443 
513 230 
513 58 
513 332 
513 469 
513 400 
513 72 
513 105 
513 282 
513 110 
513 505 
513 267 
513 23 
513 391 
513 107 
513 80 
513 340 
513 309 
513 59 
513 290 
513 118 
513 370 
513 485 
513 495 
513 126 
513 450 
513 184 
513 228 
513 292 
513 424 
513 215 
513 123 
513 157 
513 401 
513 428 
513 378 
513 499 
513 70 
513 219 
513 318 
513 295 
513 182 
513 148 
513 198 
513 209 
513 177 
513 379 
513 206 
513 152 
513 392 
513 497 
513 163 
513 189 
513 506 
513 109 
513 417 
513 216 
513 354 
513 227 
513 2 
513 286 
513 226 
513 88 
513 353 
513 389 
513 5 
513 388 
513 335 
513 468 
513 93 
513 369 
513 75 
513 398 
513 444 
513 266 
513 111 
513 289 
513 312 
513 44 
513 27 
513 102 
513 98 
513 315 
513 246 
513 241 
513 449 
513 91 
513 11 
513 275 
513 229 
513 448 
513 33 
513 459 
513 303 
513 396 
513 135 
513 380 
513 136 
513 504 
513 133 
513 26 
513 302 
513 79 
513 451 
513 244 
513 172 
513 49 
513 454 
513 330 
513 333 
513 326 
513 502 
513 86 
513 349 
513 235 
513 254 
513 362 
513 137 
513 257 
513 47 
513 419 
513 395 
513 243 
513 81 
513 48 
513 203 
513 95 
513 31 
513 100 
513 414 
513 151 
513 503 
513 455 
513 245 
513 17 
513 115 
513 320 
513 434 
513 465 
513 375 
513 422 
513 61 
513 69 
513 15 
