0 39 
0 427 
0 491 
0 442 
0 439 
0 91 
0 344 
0 384 
0 169 
0 341 
0 428 
0 259 
0 76 
0 134 
0 138 
0 330 
0 370 
0 161 
0 590 
0 278 
0 348 
0 148 
0 194 
0 456 
0 294 
0 266 
0 109 
0 80 
0 270 
0 220 
0 445 
0 156 
0 128 
0 24 
0 25 
0 85 
0 297 
0 437 
0 394 
0 218 
0 234 
0 2 
0 102 
0 500 
0 226 
0 6 
0 371 
0 19 
0 591 
0 201 
0 487 
0 288 
0 175 
0 48 
0 213 
0 460 
0 139 
0 366 
0 443 
0 238 
0 73 
0 240 
0 144 
0 104 
0 481 
0 187 
0 70 
0 511 
0 210 
0 189 
0 228 
0 126 
0 572 
0 89 
0 271 
0 403 
0 280 
0 42 
0 329 
0 408 
0 69 
0 157 
0 146 
0 454 
0 557 
0 374 
0 550 
0 274 
0 319 
0 22 
0 51 
0 165 
0 261 
0 412 
0 177 
0 407 
0 571 
0 467 
0 544 
0 233 
0 8 
0 292 
0 86 
0 391 
0 335 
0 77 
0 497 
0 578 
0 563 
0 195 
0 101 
0 117 
0 543 
0 531 
0 206 
0 522 
0 525 
0 402 
0 501 
0 577 
0 459 
0 33 
0 9 
0 537 
0 461 
0 332 
0 99 
0 483 
0 318 
0 383 
0 476 
0 349 
0 540 
0 295 
0 462 
0 409 
0 11 
0 340 
0 264 
0 565 
0 519 
0 268 
0 579 
0 387 
0 304 
0 207 
0 381 
0 499 
0 257 
0 523 
0 308 
0 276 
0 74 
0 190 
0 471 
0 376 
0 40 
0 359 
0 468 
0 20 
0 475 
0 54 
0 472 
0 130 
0 494 
0 474 
0 123 
0 509 
0 300 
0 263 
0 379 
0 558 
0 446 
0 311 
0 429 
0 441 
0 291 
1 15 
1 333 
1 116 
1 152 
1 550 
1 408 
1 88 
1 383 
1 302 
1 100 
1 309 
1 492 
1 381 
1 380 
1 510 
1 209 
1 360 
1 211 
1 461 
1 499 
1 3 
1 164 
1 390 
1 305 
1 330 
1 242 
1 504 
1 104 
1 462 
1 61 
1 142 
1 147 
1 168 
1 246 
1 5 
1 564 
1 80 
1 74 
1 237 
1 514 
1 345 
1 553 
1 334 
1 522 
1 214 
1 527 
1 233 
1 278 
1 332 
1 89 
1 106 
1 156 
1 322 
1 567 
1 399 
1 226 
1 206 
1 372 
1 343 
1 119 
1 587 
1 282 
1 327 
1 491 
1 339 
1 498 
1 585 
1 182 
1 248 
1 533 
1 415 
1 215 
1 386 
1 420 
1 558 
1 69 
1 431 
1 92 
1 307 
1 575 
1 280 
1 213 
1 478 
1 459 
1 37 
1 127 
1 389 
1 353 
1 72 
1 93 
1 134 
1 271 
1 252 
1 549 
1 295 
1 438 
1 367 
1 247 
1 472 
1 592 
1 591 
1 157 
1 315 
1 506 
1 281 
1 398 
1 190 
1 370 
1 9 
1 250 
1 269 
1 448 
1 515 
1 303 
1 535 
1 316 
1 79 
1 262 
1 323 
1 503 
1 64 
1 255 
1 536 
1 66 
1 433 
1 124 
1 377 
1 230 
1 379 
1 430 
1 434 
1 268 
1 150 
1 548 
1 183 
1 489 
1 227 
1 117 
1 12 
1 490 
1 287 
1 67 
1 409 
1 346 
1 221 
1 393 
1 146 
1 485 
1 349 
1 138 
1 222 
1 128 
1 203 
1 400 
1 579 
1 112 
1 325 
1 52 
1 414 
1 160 
1 153 
1 344 
1 198 
1 505 
1 232 
1 120 
1 331 
1 201 
1 143 
1 517 
1 70 
1 426 
1 33 
2 120 
2 487 
2 230 
2 409 
2 404 
2 371 
2 315 
2 452 
2 67 
2 432 
2 311 
2 390 
2 430 
2 331 
2 451 
2 122 
2 42 
2 94 
2 524 
2 305 
2 560 
2 251 
2 12 
2 580 
2 547 
2 33 
2 107 
2 585 
2 222 
2 91 
2 572 
2 352 
2 158 
2 231 
2 263 
2 379 
2 64 
2 456 
2 202 
2 156 
2 78 
2 0 
2 513 
2 389 
2 200 
2 469 
2 576 
2 192 
2 159 
2 27 
2 395 
2 578 
2 463 
2 570 
2 548 
2 538 
2 336 
2 491 
2 161 
2 322 
2 59 
2 471 
2 517 
2 31 
2 350 
2 143 
2 210 
2 73 
2 272 
2 447 
2 244 
2 252 
2 360 
2 528 
2 267 
2 497 
2 376 
2 152 
2 507 
2 261 
2 38 
2 289 
2 24 
2 511 
2 417 
2 29 
2 271 
2 441 
2 381 
2 368 
2 211 
2 274 
2 387 
2 317 
2 196 
2 407 
2 114 
2 512 
2 412 
2 483 
2 586 
2 539 
2 537 
2 365 
2 147 
2 125 
2 278 
2 201 
2 400 
2 375 
2 232 
2 399 
2 557 
2 475 
2 457 
2 566 
2 558 
2 41 
2 490 
2 146 
2 307 
2 341 
2 127 
2 179 
2 115 
2 416 
2 562 
2 353 
2 5 
2 187 
2 363 
2 503 
2 128 
2 347 
2 561 
2 398 
2 43 
2 6 
2 16 
2 185 
2 337 
2 84 
2 142 
2 349 
2 366 
2 110 
2 334 
2 382 
2 435 
2 233 
2 440 
2 170 
2 273 
2 265 
2 117 
2 226 
2 587 
2 445 
2 177 
2 258 
2 99 
2 108 
2 225 
2 100 
2 79 
2 530 
2 116 
2 428 
2 124 
2 83 
2 523 
2 154 
2 245 
2 359 
2 22 
3 292 
3 13 
3 335 
3 517 
3 384 
3 75 
3 534 
3 351 
3 356 
3 410 
3 446 
3 1 
3 422 
3 317 
3 47 
3 496 
3 556 
3 264 
3 199 
3 134 
3 182 
3 193 
3 77 
3 433 
3 135 
3 318 
3 502 
3 540 
3 492 
3 259 
3 61 
3 140 
3 64 
3 525 
3 295 
3 464 
3 329 
3 370 
3 578 
3 342 
3 105 
3 127 
3 371 
3 53 
3 254 
3 271 
3 203 
3 88 
3 387 
3 309 
3 478 
3 460 
3 405 
3 367 
3 591 
3 565 
3 416 
3 406 
3 366 
3 514 
3 444 
3 549 
3 123 
3 425 
3 542 
3 120 
3 98 
3 228 
3 272 
3 160 
3 378 
3 339 
3 185 
3 306 
3 240 
3 297 
3 63 
3 286 
3 571 
3 350 
3 493 
3 225 
3 379 
3 504 
3 226 
3 151 
3 569 
3 579 
3 84 
3 394 
3 20 
3 476 
3 300 
3 355 
3 531 
3 398 
3 348 
3 109 
3 553 
3 385 
3 544 
3 172 
3 323 
3 239 
3 463 
3 554 
3 274 
3 282 
3 76 
3 111 
3 505 
3 361 
3 288 
3 438 
3 80 
3 518 
3 352 
3 257 
3 293 
3 551 
3 435 
3 28 
3 7 
3 137 
3 242 
3 179 
3 439 
3 447 
3 580 
3 166 
3 480 
3 469 
3 340 
3 302 
3 327 
3 214 
3 69 
3 347 
3 94 
3 592 
3 412 
3 261 
3 404 
3 577 
3 290 
3 363 
3 481 
3 411 
3 33 
3 204 
3 533 
3 462 
3 414 
3 432 
3 526 
3 118 
3 277 
3 113 
3 312 
3 421 
3 489 
4 137 
4 551 
4 183 
4 273 
4 79 
4 55 
4 372 
4 176 
4 221 
4 447 
4 333 
4 81 
4 61 
4 494 
4 286 
4 22 
4 289 
4 59 
4 16 
4 285 
4 312 
4 142 
4 125 
4 129 
4 226 
4 579 
4 107 
4 91 
4 38 
4 120 
4 470 
4 388 
4 578 
4 509 
4 227 
4 564 
4 93 
4 13 
4 191 
4 325 
4 442 
4 520 
4 431 
4 99 
4 110 
4 291 
4 566 
4 167 
4 315 
4 544 
4 346 
4 7 
4 44 
4 460 
4 127 
4 445 
4 105 
4 172 
4 141 
4 335 
4 189 
4 370 
4 39 
4 568 
4 437 
4 583 
4 41 
4 574 
4 552 
4 17 
4 108 
4 393 
4 398 
4 50 
4 577 
4 468 
4 562 
4 45 
4 515 
4 534 
4 159 
4 353 
4 303 
4 297 
4 43 
4 241 
4 435 
4 536 
4 324 
4 274 
4 248 
4 122 
4 352 
4 434 
4 342 
4 263 
4 525 
4 201 
4 497 
4 457 
4 396 
4 331 
4 367 
4 357 
4 25 
4 488 
4 380 
4 351 
4 535 
4 347 
4 546 
4 9 
4 329 
4 267 
4 427 
4 75 
4 336 
4 590 
4 158 
4 71 
4 371 
4 328 
4 174 
4 415 
4 360 
4 96 
4 188 
4 327 
4 402 
4 571 
4 369 
4 511 
4 378 
4 26 
4 29 
4 467 
4 69 
4 52 
4 386 
4 478 
4 198 
4 309 
4 527 
4 521 
4 581 
4 451 
4 83 
4 502 
4 399 
4 58 
4 12 
4 414 
4 101 
4 349 
4 387 
4 341 
4 294 
4 216 
4 292 
4 458 
4 249 
4 11 
4 405 
4 344 
4 278 
4 150 
4 504 
4 143 
4 483 
4 554 
4 60 
4 90 
4 589 
4 290 
4 70 
4 133 
4 214 
4 374 
4 359 
4 253 
4 37 
4 220 
4 531 
4 161 
4 119 
4 42 
4 180 
4 170 
4 265 
4 299 
4 375 
4 493 
5 256 
5 110 
5 366 
5 397 
5 89 
5 406 
5 275 
5 204 
5 353 
5 351 
5 398 
5 370 
5 23 
5 356 
5 264 
5 346 
5 161 
5 307 
5 481 
5 6 
5 395 
5 100 
5 134 
5 379 
5 532 
5 491 
5 216 
5 222 
5 412 
5 535 
5 482 
5 265 
5 94 
5 66 
5 85 
5 207 
5 310 
5 65 
5 1 
5 344 
5 289 
5 147 
5 82 
5 436 
5 125 
5 306 
5 384 
5 177 
5 136 
5 139 
5 404 
5 463 
5 375 
5 336 
5 327 
5 31 
5 296 
5 500 
5 215 
5 350 
5 454 
5 180 
5 70 
5 34 
5 563 
5 515 
5 328 
5 538 
5 545 
5 322 
5 184 
5 46 
5 432 
5 428 
5 62 
5 578 
5 573 
5 41 
5 470 
5 45 
5 569 
5 387 
5 156 
5 479 
5 105 
5 349 
5 243 
5 229 
5 494 
5 589 
5 459 
5 185 
5 172 
5 341 
5 159 
5 135 
5 75 
5 514 
5 255 
5 55 
5 450 
5 496 
5 150 
5 241 
5 84 
5 131 
5 78 
5 585 
5 54 
5 195 
5 542 
5 72 
5 232 
5 468 
5 249 
5 68 
5 308 
5 57 
5 292 
5 472 
5 534 
5 584 
5 393 
5 520 
5 435 
5 440 
5 510 
5 149 
5 120 
5 559 
5 143 
5 197 
5 592 
5 365 
5 386 
5 127 
5 27 
5 35 
5 373 
5 21 
5 415 
5 330 
5 130 
5 321 
5 303 
5 168 
5 280 
5 495 
5 253 
5 238 
5 2 
5 13 
5 282 
5 51 
5 97 
5 371 
5 340 
5 220 
5 283 
5 485 
5 206 
5 88 
5 18 
5 417 
5 323 
5 565 
5 497 
5 182 
5 549 
5 506 
5 320 
5 488 
5 526 
5 242 
5 128 
5 480 
5 511 
5 483 
5 492 
5 73 
5 493 
5 414 
5 119 
5 445 
5 109 
5 457 
5 223 
5 401 
5 390 
6 353 
6 451 
6 452 
6 228 
6 420 
6 429 
6 138 
6 275 
6 579 
6 586 
6 103 
6 464 
6 562 
6 5 
6 69 
6 225 
6 509 
6 81 
6 252 
6 576 
6 220 
6 80 
6 21 
6 315 
6 571 
6 189 
6 226 
6 498 
6 121 
6 351 
6 131 
6 332 
6 591 
6 216 
6 535 
6 549 
6 389 
6 149 
6 207 
6 144 
6 306 
6 436 
6 161 
6 346 
6 68 
6 201 
6 28 
6 179 
6 47 
6 453 
6 203 
6 244 
6 143 
6 0 
6 472 
6 281 
6 293 
6 511 
6 112 
6 551 
6 213 
6 94 
6 166 
6 433 
6 83 
6 247 
6 435 
6 32 
6 150 
6 410 
6 582 
6 337 
6 388 
6 526 
6 289 
6 519 
6 64 
6 379 
6 163 
6 104 
6 414 
6 330 
6 488 
6 499 
6 531 
6 539 
6 196 
6 445 
6 229 
6 427 
6 442 
6 219 
6 578 
6 114 
6 113 
6 492 
6 398 
6 500 
6 527 
6 460 
6 279 
6 241 
6 329 
6 185 
6 555 
6 368 
6 485 
6 249 
6 321 
6 417 
6 256 
6 356 
6 520 
6 37 
6 297 
6 581 
6 533 
6 409 
6 98 
6 204 
6 7 
6 545 
6 495 
6 101 
6 360 
6 352 
6 51 
6 403 
6 129 
6 577 
6 323 
6 282 
6 178 
6 572 
6 301 
6 550 
6 271 
6 395 
6 305 
6 296 
6 317 
6 345 
6 592 
6 199 
6 215 
6 160 
6 542 
6 327 
6 2 
6 100 
6 190 
6 373 
6 541 
6 85 
6 298 
6 23 
6 446 
6 580 
6 280 
6 22 
6 71 
6 468 
6 76 
6 38 
6 235 
6 268 
6 448 
6 12 
6 89 
6 77 
6 102 
6 78 
6 157 
6 45 
6 75 
6 105 
6 573 
6 246 
6 127 
6 490 
6 43 
6 390 
6 489 
6 567 
6 322 
7 309 
7 207 
7 285 
7 287 
7 175 
7 218 
7 332 
7 340 
7 335 
7 443 
7 194 
7 315 
7 186 
7 155 
7 552 
7 503 
7 292 
7 22 
7 107 
7 196 
7 367 
7 566 
7 514 
7 42 
7 374 
7 255 
7 19 
7 65 
7 222 
7 370 
7 270 
7 185 
7 151 
7 233 
7 179 
7 192 
7 555 
7 324 
7 417 
7 568 
7 219 
7 483 
7 132 
7 93 
7 242 
7 36 
7 306 
7 540 
7 195 
7 56 
7 530 
7 4 
7 160 
7 364 
7 592 
7 395 
7 415 
7 487 
7 444 
7 389 
7 435 
7 573 
7 100 
7 531 
7 347 
7 182 
7 115 
7 497 
7 39 
7 320 
7 501 
7 328 
7 76 
7 227 
7 74 
7 303 
7 230 
7 426 
7 225 
7 571 
7 512 
7 106 
7 458 
7 525 
7 351 
7 591 
7 384 
7 60 
7 71 
7 290 
7 418 
7 496 
7 363 
7 183 
7 578 
7 316 
7 199 
7 386 
7 54 
7 587 
7 442 
7 378 
7 44 
7 394 
7 252 
7 109 
7 150 
7 437 
7 307 
7 448 
7 310 
7 356 
7 556 
7 267 
7 204 
7 511 
7 105 
7 228 
7 352 
7 174 
7 27 
7 6 
7 124 
7 158 
7 388 
7 420 
7 114 
7 116 
7 295 
7 357 
7 439 
7 528 
7 111 
7 213 
7 536 
7 321 
7 48 
7 3 
7 259 
7 272 
7 164 
7 560 
7 108 
7 383 
7 589 
7 146 
7 339 
7 577 
7 446 
7 261 
7 372 
7 547 
7 421 
7 159 
7 127 
7 64 
7 147 
7 312 
7 406 
7 75 
7 232 
7 482 
7 305 
7 493 
7 284 
7 299 
7 248 
7 291 
7 527 
7 40 
7 401 
7 473 
7 507 
7 238 
7 9 
7 475 
7 471 
7 46 
7 344 
7 274 
7 549 
7 490 
7 269 
7 424 
7 387 
7 491 
8 438 
8 576 
8 474 
8 250 
8 9 
8 584 
8 50 
8 561 
8 442 
8 381 
8 303 
8 463 
8 32 
8 159 
8 391 
8 204 
8 564 
8 112 
8 248 
8 439 
8 402 
8 313 
8 141 
8 61 
8 367 
8 193 
8 565 
8 252 
8 37 
8 104 
8 510 
8 107 
8 242 
8 346 
8 139 
8 119 
8 293 
8 14 
8 190 
8 235 
8 319 
8 18 
8 329 
8 287 
8 343 
8 458 
8 549 
8 30 
8 113 
8 505 
8 491 
8 581 
8 145 
8 371 
8 285 
8 484 
8 271 
8 570 
8 221 
8 294 
8 544 
8 318 
8 65 
8 66 
8 132 
8 284 
8 101 
8 466 
8 365 
8 390 
8 94 
8 151 
8 569 
8 585 
8 408 
8 453 
8 452 
8 12 
8 179 
8 178 
8 519 
8 23 
8 233 
8 200 
8 500 
8 269 
8 122 
8 216 
8 166 
8 238 
8 10 
8 277 
8 36 
8 332 
8 181 
8 199 
8 96 
8 11 
8 486 
8 356 
8 123 
8 515 
8 308 
8 247 
8 554 
8 326 
8 35 
8 0 
8 316 
8 360 
8 153 
8 345 
8 473 
8 266 
8 496 
8 571 
8 203 
8 114 
8 434 
8 559 
8 546 
8 351 
8 198 
8 191 
8 517 
8 184 
8 47 
8 572 
8 131 
8 336 
8 296 
8 443 
8 197 
8 53 
8 275 
8 373 
8 516 
8 410 
8 256 
8 573 
8 163 
8 261 
8 280 
8 210 
8 230 
8 511 
8 34 
8 369 
8 454 
8 495 
8 324 
8 403 
8 137 
8 405 
8 174 
8 274 
8 419 
8 476 
8 71 
8 421 
8 56 
8 55 
8 215 
8 568 
8 337 
8 488 
8 508 
8 590 
8 518 
9 289 
9 367 
9 337 
9 39 
9 8 
9 135 
9 552 
9 46 
9 386 
9 485 
9 303 
9 395 
9 391 
9 430 
9 465 
9 471 
9 53 
9 347 
9 110 
9 450 
9 56 
9 301 
9 517 
9 366 
9 375 
9 335 
9 423 
9 296 
9 50 
9 126 
9 325 
9 416 
9 397 
9 592 
9 148 
9 550 
9 205 
9 171 
9 491 
9 179 
9 89 
9 503 
9 581 
9 445 
9 381 
9 186 
9 143 
9 525 
9 531 
9 248 
9 91 
9 484 
9 283 
9 328 
9 74 
9 90 
9 363 
9 349 
9 191 
9 112 
9 130 
9 150 
9 102 
9 441 
9 83 
9 225 
9 77 
9 111 
9 577 
9 240 
9 477 
9 204 
9 368 
9 35 
9 72 
9 123 
9 173 
9 78 
9 138 
9 443 
9 438 
9 566 
9 80 
9 398 
9 67 
9 415 
9 163 
9 276 
9 417 
9 131 
9 15 
9 280 
9 454 
9 346 
9 348 
9 326 
9 578 
9 118 
9 400 
9 145 
9 350 
9 482 
9 13 
9 134 
9 235 
9 351 
9 38 
9 195 
9 419 
9 553 
9 4 
9 561 
9 563 
9 1 
9 174 
9 548 
9 455 
9 487 
9 239 
9 115 
9 373 
9 541 
9 333 
9 136 
9 228 
9 147 
9 329 
9 332 
9 449 
9 141 
9 10 
9 556 
9 305 
9 187 
9 264 
9 515 
9 31 
9 100 
9 155 
9 474 
9 17 
9 127 
9 554 
9 0 
9 277 
9 206 
9 64 
9 218 
9 460 
9 246 
9 213 
9 352 
9 483 
9 312 
9 360 
9 353 
9 480 
9 426 
9 95 
9 470 
9 36 
9 65 
9 86 
9 253 
9 323 
9 51 
9 278 
9 378 
9 219 
9 209 
9 406 
9 343 
9 546 
9 534 
9 510 
9 101 
9 7 
9 66 
9 336 
9 559 
9 137 
9 582 
9 589 
9 418 
9 43 
9 545 
9 116 
10 23 
10 413 
10 54 
10 374 
10 591 
10 107 
10 215 
10 492 
10 237 
10 55 
10 394 
10 575 
10 147 
10 45 
10 155 
10 144 
10 478 
10 159 
10 450 
10 128 
10 342 
10 363 
10 227 
10 201 
10 501 
10 192 
10 559 
10 431 
10 171 
10 238 
10 560 
10 244 
10 581 
10 339 
10 58 
10 346 
10 506 
10 19 
10 542 
10 540 
10 536 
10 315 
10 294 
10 216 
10 509 
10 44 
10 183 
10 323 
10 354 
10 83 
10 306 
10 271 
10 556 
10 408 
10 280 
10 26 
10 224 
10 500 
10 137 
10 370 
10 499 
10 308 
10 103 
10 369 
10 481 
10 313 
10 381 
10 161 
10 163 
10 143 
10 275 
10 563 
10 176 
10 358 
10 488 
10 110 
10 57 
10 277 
10 385 
10 393 
10 134 
10 373 
10 152 
10 248 
10 360 
10 292 
10 179 
10 282 
10 484 
10 489 
10 290 
10 138 
10 35 
10 28 
10 262 
10 454 
10 297 
10 8 
10 222 
10 106 
10 32 
10 455 
10 281 
10 247 
10 226 
10 265 
10 351 
10 444 
10 505 
10 316 
10 253 
10 341 
10 464 
10 471 
10 12 
10 278 
10 142 
10 232 
10 33 
10 47 
10 217 
10 120 
10 570 
10 77 
10 439 
10 9 
10 127 
10 42 
10 118 
10 502 
10 81 
10 516 
10 49 
10 34 
10 284 
10 327 
10 496 
10 337 
10 111 
10 321 
10 514 
10 587 
10 470 
10 428 
10 173 
10 250 
10 396 
10 476 
10 268 
10 223 
10 105 
10 376 
10 494 
10 562 
10 395 
10 168 
10 245 
10 119 
10 230 
10 122 
10 435 
10 156 
10 524 
10 285 
10 296 
10 322 
10 461 
10 212 
10 56 
10 521 
10 589 
10 485 
10 445 
10 288 
10 406 
10 418 
10 449 
10 214 
10 15 
10 210 
10 564 
10 417 
10 125 
10 469 
10 517 
10 491 
10 573 
10 520 
10 75 
10 548 
11 107 
11 273 
11 513 
11 355 
11 462 
11 243 
11 186 
11 261 
11 414 
11 543 
11 150 
11 461 
11 489 
11 244 
11 161 
11 59 
11 455 
11 176 
11 278 
11 487 
11 311 
11 396 
11 398 
11 93 
11 292 
11 180 
11 498 
11 211 
11 351 
11 435 
11 77 
11 348 
11 556 
11 300 
11 415 
11 587 
11 324 
11 84 
11 539 
11 333 
11 344 
11 308 
11 251 
11 359 
11 134 
11 321 
11 328 
11 96 
11 570 
11 582 
11 491 
11 590 
11 48 
11 523 
11 28 
11 343 
11 173 
11 204 
11 449 
11 371 
11 286 
11 385 
11 550 
11 377 
11 478 
11 208 
11 357 
11 346 
11 538 
11 316 
11 499 
11 428 
11 527 
11 349 
11 137 
11 529 
11 534 
11 309 
11 201 
11 264 
11 203 
11 17 
11 337 
11 140 
11 307 
11 437 
11 401 
11 45 
11 397 
11 254 
11 555 
11 101 
11 314 
11 509 
11 419 
11 16 
11 340 
11 446 
11 405 
11 8 
11 20 
11 332 
11 510 
11 198 
11 468 
11 277 
11 342 
11 103 
11 265 
11 41 
11 372 
11 312 
11 362 
11 380 
11 579 
11 159 
11 29 
11 39 
11 305 
11 200 
11 296 
11 474 
11 218 
11 456 
11 301 
11 548 
11 393 
11 376 
11 221 
11 480 
11 564 
11 327 
11 471 
11 189 
11 237 
11 282 
11 586 
11 439 
11 171 
11 0 
11 508 
11 144 
11 506 
11 188 
11 270 
11 592 
11 403 
11 280 
11 129 
11 220 
11 213 
11 4 
11 95 
11 207 
11 484 
11 290 
11 411 
11 374 
11 194 
11 245 
11 559 
11 522 
11 464 
11 450 
11 382 
11 156 
11 467 
11 21 
11 544 
11 116 
11 384 
11 443 
11 12 
11 287 
11 269 
11 223 
11 263 
11 241 
11 358 
11 147 
11 501 
11 370 
11 260 
11 572 
11 215 
11 131 
11 135 
11 573 
12 223 
12 575 
12 101 
12 174 
12 530 
12 80 
12 526 
12 332 
12 270 
12 41 
12 445 
12 511 
12 185 
12 50 
12 278 
12 461 
12 447 
12 518 
12 157 
12 244 
12 214 
12 71 
12 399 
12 430 
12 207 
12 265 
12 363 
12 172 
12 2 
12 329 
12 561 
12 392 
12 311 
12 358 
12 331 
12 393 
12 118 
12 487 
12 544 
12 389 
12 451 
12 20 
12 193 
12 148 
12 546 
12 474 
12 27 
12 586 
12 221 
12 90 
12 423 
12 330 
12 505 
12 284 
12 410 
12 196 
12 582 
12 168 
12 322 
12 51 
12 545 
12 37 
12 334 
12 454 
12 420 
12 177 
12 43 
12 130 
12 78 
12 136 
12 513 
12 427 
12 587 
12 321 
12 260 
12 227 
12 394 
12 248 
12 466 
12 578 
12 446 
12 570 
12 352 
12 287 
12 120 
12 295 
12 326 
12 8 
12 228 
12 567 
12 341 
12 444 
12 113 
12 17 
12 492 
12 205 
12 553 
12 165 
12 356 
12 147 
12 525 
12 471 
12 436 
12 126 
12 339 
12 188 
12 61 
12 10 
12 563 
12 360 
12 14 
12 574 
12 62 
12 158 
12 573 
12 67 
12 257 
12 268 
12 413 
12 277 
12 264 
12 310 
12 251 
12 266 
12 581 
12 252 
12 440 
12 203 
12 175 
12 515 
12 195 
12 383 
12 282 
12 224 
12 478 
12 271 
12 415 
12 438 
12 166 
12 149 
12 498 
12 1 
12 206 
12 323 
12 4 
12 357 
12 13 
12 289 
12 291 
12 433 
12 140 
12 470 
12 276 
12 353 
12 159 
12 247 
12 42 
12 220 
12 485 
12 218 
12 240 
12 388 
12 405 
12 501 
12 6 
12 144 
12 11 
12 483 
12 89 
12 109 
12 143 
12 39 
12 504 
12 384 
12 123 
12 418 
12 585 
13 3 
13 419 
13 583 
13 544 
13 503 
13 454 
13 465 
13 232 
13 236 
13 86 
13 138 
13 258 
13 352 
13 61 
13 349 
13 15 
13 507 
13 109 
13 543 
13 493 
13 178 
13 231 
13 102 
13 88 
13 298 
13 363 
13 568 
13 37 
13 378 
13 435 
13 197 
13 501 
13 4 
13 464 
13 549 
13 439 
13 357 
13 348 
13 500 
13 395 
13 330 
13 73 
13 485 
13 575 
13 566 
13 281 
13 123 
13 502 
13 359 
13 152 
13 423 
13 43 
13 278 
13 553 
13 181 
13 215 
13 589 
13 497 
13 262 
13 590 
13 546 
13 411 
13 355 
13 292 
13 512 
13 259 
13 499 
13 90 
13 218 
13 141 
13 368 
13 78 
13 371 
13 205 
13 188 
13 238 
13 514 
13 461 
13 460 
13 398 
13 459 
13 307 
13 9 
13 305 
13 119 
13 297 
13 160 
13 587 
13 244 
13 367 
13 343 
13 126 
13 340 
13 98 
13 586 
13 52 
13 221 
13 300 
13 83 
13 350 
13 110 
13 538 
13 33 
13 358 
13 237 
13 377 
13 491 
13 354 
13 194 
13 318 
13 537 
13 569 
13 562 
13 376 
13 30 
13 324 
13 125 
13 471 
13 34 
13 285 
13 441 
13 576 
13 65 
13 269 
13 261 
13 185 
13 76 
13 31 
13 151 
13 5 
13 12 
13 309 
13 494 
13 93 
13 452 
13 567 
13 104 
13 571 
13 570 
13 41 
13 251 
13 131 
13 504 
13 295 
13 382 
13 486 
13 135 
13 87 
13 209 
13 199 
13 522 
13 424 
13 552 
13 449 
13 97 
13 296 
13 299 
13 257 
13 246 
14 485 
14 315 
14 542 
14 289 
14 97 
14 379 
14 297 
14 552 
14 25 
14 592 
14 417 
14 533 
14 322 
14 431 
14 462 
14 460 
14 387 
14 499 
14 585 
14 179 
14 36 
14 256 
14 40 
14 321 
14 517 
14 516 
14 578 
14 568 
14 261 
14 479 
14 474 
14 472 
14 92 
14 343 
14 141 
14 570 
14 455 
14 75 
14 569 
14 559 
14 8 
14 55 
14 61 
14 244 
14 307 
14 415 
14 95 
14 345 
14 549 
14 277 
14 403 
14 35 
14 287 
14 136 
14 469 
14 369 
14 554 
14 378 
14 163 
14 528 
14 545 
14 193 
14 484 
14 210 
14 279 
14 312 
14 117 
14 38 
14 488 
14 241 
14 152 
14 342 
14 23 
14 156 
14 482 
14 571 
14 86 
14 195 
14 393 
14 553 
14 541 
14 300 
14 185 
14 209 
14 83 
14 527 
14 563 
14 406 
14 259 
14 582 
14 439 
14 326 
14 243 
14 404 
14 525 
14 494 
14 196 
14 440 
14 112 
14 456 
14 388 
14 534 
14 422 
14 250 
14 551 
14 409 
14 78 
14 264 
14 164 
14 390 
14 12 
14 497 
14 107 
14 235 
14 362 
14 130 
14 367 
14 66 
14 567 
14 313 
14 184 
14 267 
14 103 
14 365 
14 51 
14 232 
14 161 
14 171 
14 520 
14 100 
14 286 
14 53 
14 128 
14 249 
14 275 
14 258 
14 543 
14 495 
14 274 
14 16 
14 555 
14 19 
14 82 
14 385 
14 399 
14 562 
14 436 
14 266 
14 458 
14 224 
14 64 
14 125 
14 254 
14 395 
14 203 
14 583 
14 200 
14 15 
14 368 
14 81 
14 428 
14 115 
14 507 
14 487 
14 412 
14 206 
14 176 
14 148 
14 226 
14 202 
14 329 
14 338 
14 556 
14 278 
14 441 
14 453 
14 475 
14 69 
14 427 
14 323 
14 498 
14 71 
15 1 
15 289 
15 387 
15 237 
15 541 
15 327 
15 330 
15 20 
15 125 
15 198 
15 50 
15 200 
15 501 
15 309 
15 502 
15 544 
15 290 
15 346 
15 77 
15 377 
15 25 
15 13 
15 546 
15 102 
15 306 
15 53 
15 385 
15 284 
15 239 
15 59 
15 172 
15 331 
15 69 
15 89 
15 301 
15 449 
15 517 
15 283 
15 275 
15 264 
15 140 
15 269 
15 552 
15 455 
15 488 
15 360 
15 44 
15 434 
15 355 
15 49 
15 52 
15 192 
15 499 
15 294 
15 136 
15 372 
15 472 
15 80 
15 396 
15 368 
15 474 
15 266 
15 280 
15 195 
15 384 
15 370 
15 366 
15 342 
15 489 
15 147 
15 526 
15 506 
15 68 
15 137 
15 176 
15 16 
15 97 
15 524 
15 205 
15 143 
15 550 
15 112 
15 43 
15 55 
15 345 
15 418 
15 458 
15 153 
15 9 
15 446 
15 262 
15 436 
15 17 
15 263 
15 433 
15 312 
15 304 
15 319 
15 379 
15 347 
15 39 
15 228 
15 278 
15 361 
15 448 
15 96 
15 463 
15 515 
15 36 
15 88 
15 477 
15 261 
15 454 
15 75 
15 442 
15 333 
15 166 
15 51 
15 589 
15 459 
15 511 
15 295 
15 288 
15 139 
15 402 
15 114 
15 271 
15 66 
15 507 
15 247 
15 567 
15 310 
15 26 
15 19 
15 381 
15 468 
15 100 
15 407 
15 357 
15 216 
15 405 
15 168 
15 545 
15 144 
15 286 
15 509 
15 117 
15 249 
15 92 
15 445 
15 514 
15 584 
15 487 
15 493 
15 484 
15 83 
15 291 
15 403 
15 508 
15 564 
15 527 
15 14 
15 277 
15 300 
15 116 
15 532 
15 72 
15 538 
15 313 
15 518 
15 279 
15 10 
15 54 
15 170 
15 111 
15 579 
15 570 
15 353 
15 337 
15 466 
15 190 
15 149 
15 558 
15 162 
15 241 
15 95 
16 557 
16 236 
16 277 
16 159 
16 555 
16 221 
16 393 
16 253 
16 543 
16 264 
16 315 
16 380 
16 261 
16 562 
16 262 
16 220 
16 481 
16 366 
16 4 
16 139 
16 164 
16 241 
16 229 
16 559 
16 476 
16 329 
16 567 
16 309 
16 512 
16 411 
16 252 
16 125 
16 320 
16 297 
16 538 
16 97 
16 174 
16 490 
16 499 
16 349 
16 114 
16 148 
16 338 
16 447 
16 498 
16 387 
16 517 
16 178 
16 453 
16 407 
16 426 
16 455 
16 196 
16 570 
16 184 
16 454 
16 526 
16 484 
16 105 
16 346 
16 147 
16 500 
16 515 
16 427 
16 258 
16 327 
16 137 
16 468 
16 292 
16 207 
16 128 
16 201 
16 304 
16 280 
16 93 
16 15 
16 368 
16 299 
16 495 
16 474 
16 496 
16 278 
16 154 
16 326 
16 230 
16 67 
16 195 
16 242 
16 462 
16 568 
16 458 
16 263 
16 103 
16 310 
16 34 
16 202 
16 527 
16 509 
16 575 
16 463 
16 121 
16 459 
16 11 
16 235 
16 475 
16 525 
16 187 
16 194 
16 371 
16 268 
16 151 
16 172 
16 81 
16 226 
16 332 
16 571 
16 60 
16 140 
16 171 
16 375 
16 131 
16 224 
16 497 
16 359 
16 218 
16 306 
16 420 
16 47 
16 479 
16 467 
16 390 
16 424 
16 266 
16 173 
16 563 
16 400 
16 336 
16 534 
16 452 
16 510 
16 330 
16 536 
16 14 
16 352 
16 307 
16 39 
16 488 
16 381 
16 417 
16 109 
16 471 
16 460 
16 385 
16 2 
16 23 
16 227 
16 564 
16 383 
16 465 
16 283 
16 576 
16 111 
16 372 
16 161 
16 117 
16 168 
16 19 
16 492 
16 48 
16 441 
16 119 
16 248 
16 586 
16 328 
16 87 
16 364 
16 198 
16 370 
16 440 
16 38 
16 419 
16 120 
16 68 
16 353 
16 418 
16 124 
16 115 
16 415 
16 591 
16 333 
17 446 
17 309 
17 205 
17 163 
17 101 
17 65 
17 583 
17 269 
17 428 
17 237 
17 98 
17 313 
17 147 
17 32 
17 70 
17 532 
17 540 
17 452 
17 505 
17 278 
17 265 
17 445 
17 198 
17 110 
17 148 
17 64 
17 460 
17 284 
17 134 
17 403 
17 515 
17 431 
17 410 
17 74 
17 217 
17 576 
17 176 
17 399 
17 78 
17 270 
17 77 
17 161 
17 274 
17 589 
17 195 
17 255 
17 322 
17 224 
17 301 
17 189 
17 67 
17 272 
17 257 
17 450 
17 132 
17 173 
17 374 
17 295 
17 359 
17 512 
17 408 
17 569 
17 377 
17 188 
17 4 
17 484 
17 116 
17 243 
17 145 
17 76 
17 506 
17 319 
17 590 
17 371 
17 121 
17 394 
17 443 
17 442 
17 526 
17 22 
17 470 
17 11 
17 167 
17 169 
17 312 
17 140 
17 212 
17 157 
17 258 
17 362 
17 144 
17 15 
17 12 
17 221 
17 572 
17 44 
17 254 
17 172 
17 335 
17 331 
17 327 
17 544 
17 82 
17 480 
17 241 
17 481 
17 226 
17 73 
17 36 
17 390 
17 286 
17 135 
17 433 
17 51 
17 447 
17 587 
17 288 
17 386 
17 9 
17 317 
17 311 
17 199 
17 266 
17 473 
17 66 
17 333 
17 455 
17 565 
17 304 
17 207 
17 141 
17 343 
17 539 
17 570 
17 261 
17 336 
17 542 
17 42 
17 273 
17 83 
17 259 
17 97 
17 345 
17 528 
17 315 
17 117 
17 525 
17 307 
17 149 
17 131 
17 520 
17 420 
17 139 
17 347 
17 489 
17 59 
17 242 
17 252 
17 114 
17 196 
17 538 
17 425 
17 507 
17 439 
17 281 
17 165 
17 341 
17 19 
17 497 
17 411 
18 137 
18 570 
18 341 
18 384 
18 372 
18 138 
18 208 
18 167 
18 83 
18 293 
18 76 
18 396 
18 378 
18 548 
18 126 
18 140 
18 253 
18 68 
18 102 
18 225 
18 242 
18 292 
18 428 
18 363 
18 530 
18 579 
18 288 
18 67 
18 163 
18 168 
18 380 
18 55 
18 47 
18 133 
18 496 
18 147 
18 409 
18 52 
18 466 
18 175 
18 412 
18 432 
18 84 
18 101 
18 178 
18 197 
18 401 
18 447 
18 119 
18 544 
18 454 
18 8 
18 431 
18 155 
18 189 
18 110 
18 246 
18 87 
18 285 
18 33 
18 295 
18 213 
18 565 
18 540 
18 283 
18 307 
18 458 
18 204 
18 255 
18 94 
18 230 
18 247 
18 533 
18 525 
18 45 
18 382 
18 404 
18 177 
18 150 
18 135 
18 462 
18 535 
18 471 
18 480 
18 305 
18 235 
18 410 
18 279 
18 430 
18 339 
18 425 
18 28 
18 201 
18 71 
18 311 
18 249 
18 172 
18 440 
18 577 
18 284 
18 65 
18 370 
18 142 
18 337 
18 574 
18 322 
18 236 
18 340 
18 434 
18 317 
18 218 
18 74 
18 563 
18 42 
18 188 
18 437 
18 388 
18 575 
18 245 
18 57 
18 465 
18 583 
18 291 
18 158 
18 241 
18 294 
18 73 
18 129 
18 72 
18 362 
18 492 
18 297 
18 368 
18 22 
18 268 
18 267 
18 259 
18 489 
18 233 
18 333 
18 169 
18 397 
18 216 
18 503 
18 170 
18 508 
18 313 
18 374 
18 35 
18 400 
18 181 
18 59 
18 408 
18 243 
18 318 
18 224 
18 316 
18 366 
18 5 
18 473 
18 493 
18 173 
18 323 
18 199 
18 416 
18 448 
18 371 
18 373 
18 385 
18 80 
18 502 
18 77 
18 200 
18 520 
18 176 
18 453 
18 146 
18 228 
18 46 
18 210 
18 413 
18 487 
18 379 
18 44 
18 50 
18 566 
18 476 
18 451 
18 495 
18 190 
19 412 
19 379 
19 499 
19 247 
19 566 
19 440 
19 372 
19 515 
19 104 
19 408 
19 157 
19 295 
19 151 
19 352 
19 325 
19 129 
19 258 
19 68 
19 230 
19 334 
19 34 
19 93 
19 35 
19 411 
19 563 
19 492 
19 381 
19 469 
19 517 
19 144 
19 528 
19 470 
19 341 
19 124 
19 38 
19 7 
19 312 
19 10 
19 190 
19 140 
19 254 
19 163 
19 208 
19 133 
19 188 
19 308 
19 85 
19 196 
19 463 
19 149 
19 586 
19 282 
19 310 
19 118 
19 256 
19 404 
19 357 
19 398 
19 79 
19 482 
19 0 
19 513 
19 200 
19 96 
19 70 
19 366 
19 507 
19 544 
19 270 
19 387 
19 86 
19 61 
19 23 
19 466 
19 493 
19 71 
19 287 
19 392 
19 390 
19 228 
19 353 
19 452 
19 401 
19 67 
19 317 
19 332 
19 581 
19 439 
19 90 
19 114 
19 119 
19 51 
19 436 
19 500 
19 202 
19 178 
19 252 
19 47 
19 49 
19 248 
19 592 
19 130 
19 27 
19 529 
19 156 
19 181 
19 52 
19 303 
19 194 
19 378 
19 259 
19 306 
19 115 
19 421 
19 585 
19 88 
19 459 
19 166 
19 32 
19 476 
19 307 
19 526 
19 219 
19 380 
19 532 
19 108 
19 300 
19 548 
19 195 
19 315 
19 399 
19 367 
19 15 
19 146 
19 473 
19 113 
19 521 
19 239 
19 506 
19 350 
19 141 
19 136 
19 214 
19 330 
19 14 
19 564 
19 241 
19 204 
19 490 
19 253 
19 84 
19 354 
19 245 
19 46 
19 279 
19 397 
19 347 
19 42 
19 546 
19 391 
19 583 
19 16 
19 589 
19 363 
19 111 
19 328 
19 48 
19 106 
19 89 
19 488 
19 338 
19 568 
19 316 
19 159 
19 409 
19 215 
19 416 
19 17 
19 502 
19 572 
19 422 
20 263 
20 158 
20 93 
20 181 
20 35 
20 203 
20 15 
20 436 
20 195 
20 259 
20 508 
20 458 
20 91 
20 528 
20 422 
20 513 
20 506 
20 247 
20 551 
20 442 
20 575 
20 555 
20 296 
20 286 
20 494 
20 207 
20 273 
20 571 
20 346 
20 471 
20 418 
20 176 
20 399 
20 379 
20 120 
20 205 
20 268 
20 56 
20 112 
20 12 
20 566 
20 29 
20 350 
20 417 
20 307 
20 62 
20 577 
20 359 
20 124 
20 22 
20 459 
20 366 
20 37 
20 328 
20 519 
20 141 
20 198 
20 293 
20 387 
20 377 
20 311 
20 435 
20 177 
20 476 
20 454 
20 87 
20 150 
20 492 
20 349 
20 313 
20 429 
20 450 
20 325 
20 46 
20 406 
20 149 
20 210 
20 24 
20 40 
20 425 
20 291 
20 578 
20 213 
20 169 
20 27 
20 567 
20 541 
20 432 
20 529 
20 446 
20 184 
20 77 
20 246 
20 544 
20 75 
20 164 
20 478 
20 11 
20 76 
20 165 
20 381 
20 3 
20 267 
20 482 
20 155 
20 590 
20 294 
20 248 
20 234 
20 82 
20 161 
20 576 
20 272 
20 28 
20 200 
20 493 
20 369 
20 43 
20 414 
20 116 
20 449 
20 110 
20 218 
20 547 
20 319 
20 445 
20 21 
20 136 
20 559 
20 252 
20 574 
20 392 
20 238 
20 487 
20 96 
20 499 
20 60 
20 501 
20 90 
20 202 
20 419 
20 464 
20 385 
20 514 
20 526 
20 0 
20 395 
20 51 
20 582 
20 534 
20 55 
20 410 
20 444 
20 71 
20 197 
20 356 
20 232 
20 156 
20 317 
20 496 
20 251 
20 143 
20 572 
20 78 
21 435 
21 211 
21 339 
21 124 
21 274 
21 262 
21 138 
21 110 
21 115 
21 434 
21 246 
21 573 
21 74 
21 384 
21 91 
21 127 
21 28 
21 361 
21 517 
21 181 
21 193 
21 216 
21 370 
21 235 
21 591 
21 80 
21 153 
21 564 
21 6 
21 559 
21 575 
21 582 
21 455 
21 22 
21 366 
21 418 
21 312 
21 90 
21 210 
21 395 
21 294 
21 571 
21 304 
21 351 
21 275 
21 118 
21 131 
21 171 
21 535 
21 150 
21 518 
21 491 
21 402 
21 398 
21 555 
21 163 
21 249 
21 428 
21 105 
21 409 
21 244 
21 323 
21 120 
21 552 
21 471 
21 258 
21 454 
21 507 
21 200 
21 403 
21 252 
21 177 
21 367 
21 299 
21 34 
21 440 
21 447 
21 283 
21 353 
21 387 
21 176 
21 554 
21 497 
21 234 
21 272 
21 55 
21 545 
21 298 
21 363 
21 480 
21 277 
21 585 
21 577 
21 373 
21 588 
21 148 
21 42 
21 51 
21 297 
21 151 
21 26 
21 248 
21 99 
21 204 
21 121 
21 357 
21 487 
21 222 
21 500 
21 341 
21 531 
21 364 
21 170 
21 23 
21 430 
21 407 
21 557 
21 188 
21 48 
21 374 
21 509 
21 489 
21 132 
21 530 
21 5 
21 589 
21 327 
21 502 
21 20 
21 340 
21 273 
21 134 
21 536 
21 580 
21 488 
21 534 
21 465 
21 334 
21 499 
21 230 
21 189 
21 72 
21 442 
21 308 
21 460 
21 154 
21 237 
21 463 
21 269 
21 289 
21 130 
21 117 
21 459 
21 122 
21 264 
21 415 
21 360 
21 427 
21 213 
21 284 
21 493 
21 113 
21 161 
21 302 
21 405 
21 84 
21 71 
21 11 
21 251 
21 43 
21 223 
21 214 
21 350 
21 83 
21 100 
21 528 
21 321 
21 319 
21 47 
21 194 
22 333 
22 91 
22 374 
22 145 
22 440 
22 416 
22 48 
22 320 
22 125 
22 29 
22 188 
22 402 
22 104 
22 468 
22 4 
22 577 
22 40 
22 527 
22 344 
22 130 
22 234 
22 493 
22 464 
22 490 
22 269 
22 364 
22 382 
22 522 
22 83 
22 7 
22 409 
22 532 
22 394 
22 153 
22 21 
22 70 
22 524 
22 65 
22 35 
22 93 
22 379 
22 444 
22 179 
22 380 
22 513 
22 78 
22 258 
22 128 
22 92 
22 455 
22 536 
22 406 
22 520 
22 361 
22 156 
22 42 
22 241 
22 20 
22 525 
22 360 
22 592 
22 376 
22 64 
22 575 
22 546 
22 52 
22 383 
22 518 
22 155 
22 49 
22 458 
22 172 
22 570 
22 466 
22 105 
22 339 
22 154 
22 127 
22 162 
22 521 
22 313 
22 478 
22 111 
22 530 
22 514 
22 17 
22 442 
22 226 
22 149 
22 443 
22 497 
22 84 
22 419 
22 276 
22 291 
22 526 
22 136 
22 119 
22 405 
22 285 
22 0 
22 171 
22 450 
22 392 
22 470 
22 565 
22 95 
22 322 
22 562 
22 433 
22 417 
22 481 
22 55 
22 512 
22 260 
22 31 
22 255 
22 541 
22 399 
22 211 
22 222 
22 63 
22 547 
22 390 
22 142 
22 115 
22 388 
22 300 
22 423 
22 354 
22 207 
22 36 
22 164 
22 246 
22 492 
22 38 
22 133 
22 529 
22 194 
22 184 
22 250 
22 244 
22 504 
22 18 
22 386 
22 210 
22 268 
22 33 
22 75 
22 414 
22 68 
22 345 
22 231 
22 277 
22 196 
22 69 
22 391 
22 289 
22 112 
22 389 
22 462 
22 580 
22 6 
22 356 
22 540 
22 198 
22 195 
22 454 
22 469 
22 494 
22 337 
22 140 
22 457 
22 141 
22 500 
22 523 
22 299 
22 451 
22 199 
22 437 
22 448 
22 259 
22 225 
22 475 
22 2 
22 426 
22 372 
23 10 
23 589 
23 251 
23 388 
23 328 
23 154 
23 397 
23 381 
23 149 
23 31 
23 5 
23 487 
23 165 
23 57 
23 96 
23 356 
23 237 
23 222 
23 229 
23 273 
23 136 
23 464 
23 435 
23 432 
23 287 
23 440 
23 538 
23 238 
23 313 
23 300 
23 315 
23 298 
23 420 
23 292 
23 293 
23 93 
23 513 
23 189 
23 543 
23 404 
23 228 
23 520 
23 267 
23 171 
23 528 
23 64 
23 117 
23 226 
23 588 
23 284 
23 218 
23 242 
23 19 
23 256 
23 477 
23 14 
23 67 
23 127 
23 357 
23 61 
23 592 
23 339 
23 575 
23 118 
23 489 
23 377 
23 95 
23 8 
23 221 
23 130 
23 212 
23 123 
23 335 
23 33 
23 283 
23 481 
23 408 
23 332 
23 169 
23 146 
23 157 
23 340 
23 183 
23 303 
23 150 
23 295 
23 223 
23 110 
23 312 
23 139 
23 21 
23 88 
23 227 
23 536 
23 299 
23 581 
23 314 
23 290 
23 245 
23 319 
23 322 
23 172 
23 103 
23 144 
23 501 
23 458 
23 355 
23 243 
23 519 
23 32 
23 304 
23 270 
23 180 
23 102 
23 591 
23 155 
23 194 
23 138 
23 224 
23 92 
23 310 
23 16 
23 244 
23 148 
23 475 
23 342 
23 414 
23 6 
23 402 
23 252 
23 210 
23 275 
23 66 
23 437 
23 30 
23 247 
23 49 
23 161 
23 205 
23 289 
23 198 
23 444 
23 386 
23 160 
23 89 
23 493 
23 369 
23 392 
23 348 
23 506 
23 329 
23 345 
23 587 
23 263 
23 478 
23 379 
24 459 
24 116 
24 137 
24 147 
24 520 
24 41 
24 65 
24 51 
24 162 
24 210 
24 579 
24 523 
24 77 
24 494 
24 40 
24 357 
24 587 
24 119 
24 142 
24 532 
24 330 
24 180 
24 572 
24 577 
24 220 
24 181 
24 279 
24 247 
24 34 
24 114 
24 530 
24 230 
24 64 
24 402 
24 524 
24 573 
24 398 
24 297 
24 174 
24 42 
24 468 
24 117 
24 301 
24 91 
24 342 
24 229 
24 189 
24 566 
24 0 
24 315 
24 92 
24 271 
24 145 
24 322 
24 421 
24 335 
24 138 
24 506 
24 298 
24 484 
24 155 
24 408 
24 233 
24 362 
24 225 
24 399 
24 504 
24 80 
24 29 
24 324 
24 115 
24 309 
24 374 
24 20 
24 79 
24 211 
24 184 
24 216 
24 542 
24 457 
24 425 
24 409 
24 2 
24 222 
24 110 
24 243 
24 163 
24 241 
24 436 
24 242 
24 60 
24 120 
24 511 
24 81 
24 255 
24 219 
24 291 
24 221 
24 126 
24 161 
24 410 
24 160 
24 522 
24 389 
24 491 
24 559 
24 195 
24 113 
24 133 
24 343 
24 489 
24 131 
24 500 
24 493 
24 469 
24 427 
24 348 
24 61 
24 284 
24 102 
24 302 
24 415 
24 277 
24 541 
24 338 
24 188 
24 516 
24 215 
24 567 
24 375 
24 549 
24 167 
24 281 
24 168 
24 148 
24 99 
24 411 
24 208 
24 278 
24 204 
24 206 
24 553 
24 331 
24 393 
24 455 
24 37 
24 546 
24 67 
24 224 
24 483 
24 264 
24 473 
24 529 
24 251 
24 551 
24 547 
24 47 
24 475 
24 371 
24 124 
24 445 
24 290 
24 203 
24 385 
24 83 
24 453 
24 388 
24 85 
24 369 
24 68 
24 463 
24 501 
24 580 
25 367 
25 409 
25 506 
25 339 
25 397 
25 384 
25 248 
25 168 
25 90 
25 115 
25 260 
25 197 
25 14 
25 570 
25 52 
25 389 
25 289 
25 379 
25 578 
25 592 
25 486 
25 43 
25 15 
25 362 
25 219 
25 81 
25 420 
25 523 
25 110 
25 175 
25 152 
25 402 
25 111 
25 276 
25 186 
25 304 
25 488 
25 0 
25 431 
25 581 
25 41 
25 551 
25 272 
25 454 
25 128 
25 503 
25 558 
25 28 
25 321 
25 334 
25 308 
25 424 
25 348 
25 132 
25 250 
25 489 
25 138 
25 214 
25 327 
25 77 
25 200 
25 167 
25 422 
25 32 
25 257 
25 416 
25 516 
25 331 
25 324 
25 85 
25 210 
25 96 
25 455 
25 80 
25 112 
25 354 
25 571 
25 472 
25 160 
25 263 
25 204 
25 225 
25 4 
25 340 
25 209 
25 537 
25 101 
25 366 
25 383 
25 427 
25 249 
25 536 
25 462 
25 320 
25 381 
25 195 
25 388 
25 99 
25 240 
25 34 
25 401 
25 78 
25 46 
25 50 
25 552 
25 218 
25 557 
25 448 
25 323 
25 246 
25 242 
25 588 
25 481 
25 178 
25 140 
25 372 
25 539 
25 437 
25 300 
25 123 
25 121 
25 495 
25 374 
25 113 
25 150 
25 436 
25 290 
25 453 
25 129 
25 338 
25 554 
25 318 
25 145 
25 493 
25 278 
25 521 
25 51 
25 68 
25 459 
25 515 
25 228 
25 483 
25 589 
25 492 
25 531 
25 507 
25 542 
25 430 
25 42 
25 425 
25 469 
25 82 
25 236 
25 347 
25 208 
25 458 
25 476 
25 559 
25 508 
25 66 
25 45 
25 336 
25 332 
25 292 
25 74 
25 500 
25 97 
25 149 
25 177 
25 268 
25 118 
25 457 
25 303 
25 475 
25 69 
25 26 
25 98 
26 219 
26 548 
26 340 
26 131 
26 98 
26 480 
26 448 
26 139 
26 464 
26 524 
26 478 
26 506 
26 491 
26 68 
26 552 
26 289 
26 157 
26 435 
26 463 
26 349 
26 178 
26 211 
26 305 
26 348 
26 511 
26 366 
26 182 
26 562 
26 436 
26 224 
26 458 
26 514 
26 489 
26 456 
26 184 
26 136 
26 495 
26 72 
26 519 
26 421 
26 432 
26 515 
26 170 
26 249 
26 475 
26 574 
26 276 
26 10 
26 185 
26 66 
26 169 
26 579 
26 53 
26 84 
26 239 
26 505 
26 122 
26 317 
26 555 
26 573 
26 399 
26 444 
26 359 
26 547 
26 175 
26 516 
26 453 
26 568 
26 357 
26 141 
26 266 
26 298 
26 277 
26 99 
26 295 
26 345 
26 43 
26 94 
26 152 
26 111 
26 73 
26 137 
26 380 
26 328 
26 580 
26 21 
26 181 
26 126 
26 570 
26 376 
26 325 
26 29 
26 116 
26 360 
26 221 
26 561 
26 577 
26 264 
26 333 
26 61 
26 293 
26 423 
26 130 
26 34 
26 354 
26 546 
26 81 
26 64 
26 455 
26 91 
26 105 
26 95 
26 542 
26 540 
26 4 
26 283 
26 312 
26 28 
26 341 
26 557 
26 407 
26 135 
26 168 
26 15 
26 521 
26 405 
26 125 
26 62 
26 216 
26 102 
26 294 
26 352 
26 108 
26 590 
26 234 
26 83 
26 285 
26 140 
26 308 
26 483 
26 476 
26 282 
26 550 
26 104 
26 151 
26 160 
26 44 
26 393 
26 414 
26 326 
26 428 
26 303 
26 30 
26 327 
26 551 
26 85 
26 335 
26 447 
26 198 
26 103 
26 65 
26 40 
26 372 
26 468 
26 46 
26 422 
26 233 
26 533 
26 237 
26 396 
26 433 
26 394 
26 251 
26 254 
26 299 
26 291 
26 527 
26 25 
26 206 
26 362 
26 259 
26 532 
26 39 
26 486 
27 302 
27 147 
27 79 
27 305 
27 393 
27 105 
27 403 
27 551 
27 266 
27 96 
27 387 
27 145 
27 580 
27 109 
27 208 
27 376 
27 494 
27 539 
27 401 
27 277 
27 250 
27 422 
27 564 
27 479 
27 579 
27 300 
27 584 
27 331 
27 400 
27 453 
27 500 
27 279 
27 525 
27 375 
27 137 
27 227 
27 62 
27 571 
27 524 
27 224 
27 70 
27 84 
27 484 
27 444 
27 98 
27 238 
27 404 
27 12 
27 311 
27 506 
27 410 
27 569 
27 2 
27 298 
27 50 
27 346 
27 425 
27 169 
27 485 
27 369 
27 510 
27 537 
27 232 
27 566 
27 267 
27 398 
27 399 
27 73 
27 591 
27 182 
27 126 
27 313 
27 155 
27 464 
27 66 
27 185 
27 246 
27 316 
27 432 
27 198 
27 557 
27 322 
27 206 
27 529 
27 20 
27 43 
27 19 
27 255 
27 527 
27 59 
27 116 
27 523 
27 349 
27 320 
27 318 
27 65 
27 40 
27 552 
27 196 
27 522 
27 122 
27 377 
27 430 
27 157 
27 535 
27 36 
27 175 
27 495 
27 558 
27 335 
27 102 
27 82 
27 358 
27 217 
27 31 
27 547 
27 7 
27 581 
27 143 
27 240 
27 257 
27 5 
27 63 
27 226 
27 184 
27 68 
27 283 
27 429 
27 131 
27 542 
27 176 
27 69 
27 507 
27 113 
27 94 
27 258 
27 120 
27 342 
27 174 
27 46 
27 462 
27 214 
27 570 
27 351 
27 183 
27 384 
27 28 
27 244 
27 450 
27 74 
27 585 
27 317 
27 129 
27 454 
27 409 
27 541 
27 130 
27 333 
27 371 
27 263 
27 502 
27 408 
27 133 
27 455 
27 51 
28 98 
28 554 
28 160 
28 29 
28 251 
28 539 
28 119 
28 106 
28 168 
28 522 
28 211 
28 320 
28 406 
28 294 
28 170 
28 226 
28 21 
28 141 
28 84 
28 40 
28 197 
28 350 
28 474 
28 175 
28 102 
28 430 
28 563 
28 591 
28 59 
28 523 
28 420 
28 81 
28 72 
28 365 
28 140 
28 124 
28 409 
28 519 
28 32 
28 6 
28 36 
28 395 
28 133 
28 300 
28 162 
28 43 
28 156 
28 479 
28 11 
28 570 
28 25 
28 466 
28 572 
28 414 
28 541 
28 556 
28 497 
28 269 
28 215 
28 97 
28 451 
28 238 
28 331 
28 121 
28 576 
28 75 
28 467 
28 232 
28 408 
28 241 
28 364 
28 94 
28 347 
28 342 
28 329 
28 398 
28 397 
28 435 
28 426 
28 247 
28 18 
28 303 
28 338 
28 385 
28 348 
28 10 
28 56 
28 579 
28 366 
28 231 
28 64 
28 139 
28 368 
28 361 
28 477 
28 538 
28 560 
28 473 
28 503 
28 343 
28 525 
28 553 
28 434 
28 270 
28 52 
28 495 
28 291 
28 341 
28 550 
28 354 
28 195 
28 209 
28 412 
28 307 
28 316 
28 178 
28 236 
28 20 
28 536 
28 167 
28 530 
28 26 
28 314 
28 509 
28 78 
28 508 
28 298 
28 180 
28 394 
28 399 
28 77 
28 462 
28 258 
28 3 
28 130 
28 362 
28 544 
28 222 
28 390 
28 61 
28 447 
28 334 
28 212 
28 582 
28 583 
28 387 
28 321 
28 333 
28 199 
28 383 
28 532 
28 169 
28 443 
28 289 
28 214 
28 376 
28 182 
28 27 
28 138 
28 424 
28 371 
28 268 
28 496 
28 528 
28 589 
28 155 
28 352 
28 262 
28 239 
28 547 
28 96 
28 552 
28 573 
28 482 
28 113 
28 30 
28 472 
28 418 
28 478 
29 223 
29 299 
29 163 
29 173 
29 584 
29 359 
29 403 
29 264 
29 134 
29 22 
29 28 
29 374 
29 397 
29 418 
29 391 
29 55 
29 230 
29 522 
29 487 
29 203 
29 472 
29 185 
29 502 
29 474 
29 386 
29 235 
29 543 
29 336 
29 405 
29 152 
29 30 
29 250 
29 468 
29 501 
29 126 
29 521 
29 20 
29 404 
29 157 
29 205 
29 133 
29 123 
29 109 
29 48 
29 325 
29 118 
29 285 
29 252 
29 283 
29 276 
29 105 
29 208 
29 435 
29 558 
29 464 
29 361 
29 263 
29 24 
29 586 
29 470 
29 587 
29 61 
29 315 
29 479 
29 269 
29 465 
29 528 
29 127 
29 387 
29 33 
29 298 
29 189 
29 139 
29 544 
29 183 
29 154 
29 549 
29 231 
29 2 
29 129 
29 320 
29 328 
29 159 
29 533 
29 182 
29 302 
29 258 
29 188 
29 213 
29 34 
29 563 
29 382 
29 137 
29 84 
29 214 
29 26 
29 463 
29 413 
29 460 
29 526 
29 77 
29 427 
29 327 
29 508 
29 224 
29 219 
29 577 
29 201 
29 421 
29 377 
29 99 
29 445 
29 318 
29 156 
29 306 
29 11 
29 128 
29 375 
29 265 
29 363 
29 4 
29 491 
29 368 
29 329 
29 54 
29 93 
29 58 
29 559 
29 69 
29 341 
29 498 
29 136 
29 248 
29 531 
29 140 
29 439 
29 103 
29 62 
29 353 
29 52 
29 309 
29 66 
29 567 
29 412 
29 268 
29 53 
29 571 
29 547 
29 51 
29 323 
29 589 
29 273 
29 455 
29 585 
29 169 
29 149 
29 416 
29 388 
29 430 
29 243 
29 170 
29 274 
29 516 
29 198 
29 197 
29 423 
29 161 
29 572 
29 378 
29 296 
29 89 
29 200 
29 343 
29 187 
29 35 
29 217 
29 431 
29 275 
29 400 
29 73 
29 347 
29 249 
29 31 
29 59 
29 517 
29 196 
29 37 
29 503 
29 204 
30 374 
30 62 
30 428 
30 346 
30 434 
30 284 
30 156 
30 504 
30 322 
30 58 
30 441 
30 551 
30 455 
30 475 
30 406 
30 218 
30 529 
30 590 
30 411 
30 461 
30 389 
30 244 
30 223 
30 278 
30 271 
30 449 
30 32 
30 34 
30 492 
30 543 
30 116 
30 370 
30 144 
30 204 
30 579 
30 267 
30 358 
30 407 
30 29 
30 588 
30 505 
30 72 
30 498 
30 57 
30 165 
30 410 
30 47 
30 8 
30 536 
30 236 
30 149 
30 412 
30 552 
30 575 
30 448 
30 288 
30 426 
30 542 
30 515 
30 404 
30 155 
30 46 
30 106 
30 557 
30 433 
30 45 
30 153 
30 582 
30 148 
30 378 
30 76 
30 592 
30 287 
30 444 
30 499 
30 521 
30 332 
30 489 
30 568 
30 209 
30 307 
30 409 
30 373 
30 348 
30 158 
30 408 
30 429 
30 70 
30 334 
30 371 
30 88 
30 563 
30 508 
30 493 
30 485 
30 121 
30 55 
30 392 
30 442 
30 97 
30 59 
30 248 
30 201 
30 39 
30 295 
30 581 
30 37 
30 546 
30 69 
30 345 
30 467 
30 98 
30 73 
30 181 
30 100 
30 13 
30 226 
30 339 
30 476 
30 572 
30 399 
30 482 
30 274 
30 591 
30 200 
30 430 
30 292 
30 381 
30 90 
30 249 
30 245 
30 51 
30 319 
30 564 
30 396 
30 266 
30 483 
30 506 
30 290 
30 351 
30 327 
30 512 
30 234 
30 120 
30 574 
30 26 
30 435 
30 109 
30 79 
30 139 
30 66 
30 163 
30 291 
30 472 
30 531 
30 23 
30 145 
30 208 
30 511 
30 571 
30 240 
30 539 
30 50 
30 318 
30 532 
30 36 
30 184 
30 473 
30 263 
30 405 
30 570 
30 528 
30 28 
30 526 
30 296 
30 246 
31 484 
31 485 
31 117 
31 506 
31 447 
31 238 
31 175 
31 62 
31 536 
31 180 
31 184 
31 253 
31 472 
31 345 
31 88 
31 554 
31 23 
31 540 
31 157 
31 398 
31 258 
31 246 
31 377 
31 526 
31 321 
31 252 
31 562 
31 181 
31 402 
31 405 
31 591 
31 588 
31 496 
31 210 
31 417 
31 579 
31 278 
31 279 
31 260 
31 585 
31 497 
31 504 
31 203 
31 113 
31 471 
31 81 
31 341 
31 41 
31 569 
31 256 
31 502 
31 112 
31 404 
31 434 
31 519 
31 533 
31 365 
31 93 
31 39 
31 511 
31 121 
31 5 
31 528 
31 500 
31 217 
31 336 
31 468 
31 574 
31 324 
31 443 
31 474 
31 391 
31 92 
31 80 
31 47 
31 287 
31 271 
31 2 
31 578 
31 272 
31 564 
31 441 
31 362 
31 105 
31 376 
31 592 
31 318 
31 513 
31 467 
31 363 
31 270 
31 424 
31 118 
31 369 
31 98 
31 209 
31 115 
31 123 
31 216 
31 265 
31 227 
31 480 
31 350 
31 549 
31 348 
31 386 
31 90 
31 379 
31 67 
31 132 
31 231 
31 171 
31 429 
31 189 
31 358 
31 96 
31 22 
31 460 
31 501 
31 547 
31 285 
31 274 
31 179 
31 430 
31 382 
31 219 
31 27 
31 344 
31 9 
31 141 
31 79 
31 291 
31 361 
31 302 
31 490 
31 491 
31 228 
31 155 
31 422 
31 13 
31 196 
31 570 
31 53 
31 338 
31 390 
31 431 
31 129 
31 581 
31 530 
31 576 
31 51 
31 388 
31 163 
31 524 
31 342 
31 86 
31 353 
31 267 
31 154 
31 439 
31 33 
31 464 
31 149 
31 64 
31 268 
31 110 
31 481 
31 139 
31 340 
31 394 
31 399 
31 293 
31 546 
31 197 
31 76 
31 91 
31 314 
31 237 
31 329 
31 449 
31 556 
31 187 
31 72 
31 392 
31 487 
31 29 
31 78 
31 577 
31 488 
31 144 
31 104 
31 308 
32 588 
32 354 
32 540 
32 174 
32 376 
32 560 
32 559 
32 247 
32 433 
32 456 
32 35 
32 8 
32 17 
32 384 
32 577 
32 46 
32 282 
32 331 
32 167 
32 72 
32 163 
32 73 
32 457 
32 541 
32 245 
32 30 
32 591 
32 169 
32 147 
32 392 
32 550 
32 478 
32 487 
32 204 
32 395 
32 135 
32 466 
32 96 
32 164 
32 205 
32 122 
32 499 
32 28 
32 488 
32 418 
32 40 
32 576 
32 502 
32 362 
32 358 
32 171 
32 351 
32 327 
32 182 
32 399 
32 39 
32 149 
32 181 
32 296 
32 307 
32 37 
32 501 
32 216 
32 273 
32 6 
32 84 
32 480 
32 471 
32 545 
32 25 
32 187 
32 114 
32 543 
32 195 
32 514 
32 241 
32 426 
32 325 
32 324 
32 572 
32 190 
32 367 
32 455 
32 411 
32 271 
32 244 
32 435 
32 227 
32 88 
32 498 
32 10 
32 54 
32 305 
32 584 
32 192 
32 450 
32 208 
32 454 
32 127 
32 95 
32 94 
32 409 
32 19 
32 243 
32 292 
32 168 
32 194 
32 185 
32 284 
32 587 
32 172 
32 526 
32 49 
32 90 
32 410 
32 578 
32 386 
32 176 
32 368 
32 170 
32 527 
32 503 
32 561 
32 452 
32 131 
32 56 
32 23 
32 437 
32 67 
32 137 
32 492 
32 536 
32 239 
32 571 
32 446 
32 581 
32 493 
32 81 
32 339 
32 321 
32 294 
32 355 
32 280 
32 276 
32 108 
32 472 
32 364 
32 272 
32 429 
32 431 
32 249 
32 445 
32 207 
32 278 
32 403 
32 246 
32 383 
32 515 
32 184 
32 263 
32 283 
32 140 
32 345 
32 582 
32 240 
32 494 
32 490 
32 308 
32 469 
32 266 
32 316 
32 264 
32 567 
32 275 
33 258 
33 524 
33 137 
33 127 
33 381 
33 485 
33 439 
33 202 
33 150 
33 383 
33 301 
33 490 
33 370 
33 43 
33 507 
33 316 
33 102 
33 590 
33 442 
33 181 
33 240 
33 528 
33 191 
33 441 
33 570 
33 78 
33 531 
33 155 
33 2 
33 170 
33 349 
33 355 
33 273 
33 378 
33 429 
33 380 
33 552 
33 105 
33 253 
33 269 
33 398 
33 100 
33 564 
33 306 
33 198 
33 60 
33 440 
33 126 
33 413 
33 438 
33 514 
33 516 
33 317 
33 206 
33 467 
33 18 
33 553 
33 407 
33 142 
33 74 
33 244 
33 481 
33 353 
33 558 
33 133 
33 89 
33 245 
33 168 
33 542 
33 584 
33 530 
33 430 
33 300 
33 447 
33 473 
33 347 
33 480 
33 342 
33 187 
33 580 
33 252 
33 29 
33 314 
33 276 
33 336 
33 535 
33 54 
33 286 
33 208 
33 585 
33 88 
33 356 
33 332 
33 296 
33 66 
33 418 
33 422 
33 261 
33 49 
33 38 
33 23 
33 294 
33 313 
33 458 
33 254 
33 451 
33 574 
33 10 
33 436 
33 13 
33 55 
33 522 
33 176 
33 423 
33 471 
33 211 
33 106 
33 59 
33 368 
33 37 
33 409 
33 454 
33 538 
33 476 
33 249 
33 557 
33 0 
33 579 
33 529 
33 426 
33 57 
33 152 
33 76 
33 52 
33 247 
33 563 
33 333 
33 22 
33 157 
33 289 
33 270 
33 299 
33 322 
33 203 
33 166 
33 515 
33 394 
33 365 
33 31 
33 373 
33 435 
33 559 
33 388 
33 352 
33 91 
33 396 
33 196 
33 99 
33 459 
33 199 
33 484 
33 275 
33 305 
33 510 
33 188 
33 492 
33 179 
33 34 
33 3 
33 156 
33 250 
33 90 
33 183 
33 260 
33 214 
33 372 
33 284 
33 227 
33 298 
33 494 
33 324 
33 554 
33 389 
33 331 
33 321 
33 561 
33 448 
33 1 
33 251 
33 151 
34 219 
34 514 
34 244 
34 77 
34 164 
34 58 
34 495 
34 57 
34 364 
34 223 
34 236 
34 238 
34 230 
34 300 
34 414 
34 137 
34 354 
34 565 
34 122 
34 417 
34 158 
34 370 
34 19 
34 117 
34 119 
34 474 
34 144 
34 120 
34 466 
34 397 
34 233 
34 30 
34 588 
34 129 
34 24 
34 422 
34 231 
34 91 
34 303 
34 375 
34 498 
34 348 
34 140 
34 40 
34 471 
34 171 
34 335 
34 136 
34 277 
34 555 
34 139 
34 362 
34 492 
34 149 
34 185 
34 286 
34 543 
34 55 
34 399 
34 290 
34 443 
34 592 
34 66 
34 60 
34 193 
34 5 
34 159 
34 445 
34 105 
34 181 
34 347 
34 165 
34 448 
34 184 
34 546 
34 21 
34 65 
34 444 
34 576 
34 363 
34 83 
34 488 
34 16 
34 90 
34 287 
34 428 
34 29 
34 205 
34 299 
34 510 
34 266 
34 421 
34 206 
34 306 
34 157 
34 235 
34 351 
34 197 
34 261 
34 529 
34 81 
34 204 
34 54 
34 251 
34 435 
34 550 
34 43 
34 26 
34 25 
34 477 
34 476 
34 479 
34 39 
34 93 
34 328 
34 79 
34 53 
34 533 
34 281 
34 224 
34 10 
34 319 
34 315 
34 13 
34 80 
34 75 
34 583 
34 51 
34 572 
34 130 
34 464 
34 259 
34 463 
34 94 
34 86 
34 395 
34 273 
34 485 
34 553 
34 174 
34 478 
34 564 
34 486 
34 148 
34 284 
34 575 
34 408 
34 304 
34 41 
34 591 
34 50 
34 353 
34 168 
34 8 
34 276 
34 530 
34 404 
34 446 
34 33 
34 196 
34 525 
34 249 
34 523 
34 195 
34 131 
34 426 
34 71 
34 316 
34 349 
34 451 
34 439 
34 493 
34 384 
34 554 
34 78 
35 20 
35 447 
35 461 
35 520 
35 176 
35 286 
35 32 
35 380 
35 340 
35 402 
35 445 
35 213 
35 493 
35 19 
35 157 
35 343 
35 92 
35 175 
35 94 
35 60 
35 478 
35 118 
35 22 
35 141 
35 282 
35 442 
35 280 
35 290 
35 125 
35 586 
35 410 
35 396 
35 266 
35 186 
35 554 
35 274 
35 464 
35 353 
35 391 
35 14 
35 515 
35 229 
35 193 
35 301 
35 218 
35 485 
35 399 
35 429 
35 190 
35 9 
35 579 
35 406 
35 305 
35 271 
35 588 
35 238 
35 320 
35 255 
35 252 
35 365 
35 205 
35 345 
35 484 
35 331 
35 184 
35 452 
35 502 
35 75 
35 326 
35 548 
35 518 
35 164 
35 10 
35 538 
35 83 
35 456 
35 522 
35 224 
35 344 
35 553 
35 513 
35 400 
35 507 
35 530 
35 220 
35 251 
35 371 
35 168 
35 383 
35 243 
35 128 
35 8 
35 465 
35 269 
35 561 
35 123 
35 435 
35 531 
35 159 
35 462 
35 107 
35 245 
35 366 
35 560 
35 528 
35 270 
35 566 
35 59 
35 225 
35 420 
35 195 
35 215 
35 5 
35 273 
35 188 
35 43 
35 48 
35 390 
35 454 
35 436 
35 388 
35 181 
35 405 
35 182 
35 473 
35 284 
35 18 
35 53 
35 173 
35 354 
35 237 
35 428 
35 276 
35 36 
35 268 
35 37 
35 81 
35 387 
35 135 
35 312 
35 232 
35 300 
35 150 
35 306 
35 374 
35 29 
35 42 
35 221 
35 407 
35 372 
35 381 
35 204 
35 210 
35 580 
35 322 
35 477 
35 77 
35 417 
35 539 
35 416 
35 61 
35 250 
35 437 
35 546 
36 204 
36 451 
36 78 
36 458 
36 576 
36 443 
36 531 
36 495 
36 198 
36 137 
36 564 
36 149 
36 502 
36 290 
36 542 
36 168 
36 283 
36 155 
36 134 
36 14 
36 354 
36 222 
36 69 
36 504 
36 483 
36 415 
36 416 
36 507 
36 188 
36 245 
36 490 
36 45 
36 146 
36 569 
36 154 
36 385 
36 413 
36 450 
36 76 
36 138 
36 88 
36 241 
36 105 
36 307 
36 479 
36 558 
36 359 
36 166 
36 449 
36 522 
36 111 
36 7 
36 139 
36 28 
36 559 
36 579 
36 592 
36 59 
36 107 
36 121 
36 264 
36 200 
36 208 
36 423 
36 100 
36 344 
36 99 
36 519 
36 392 
36 300 
36 486 
36 70 
36 282 
36 102 
36 567 
36 524 
36 235 
36 191 
36 316 
36 391 
36 228 
36 145 
36 528 
36 93 
36 439 
36 331 
36 205 
36 497 
36 165 
36 239 
36 286 
36 374 
36 265 
36 237 
36 82 
36 84 
36 114 
36 8 
36 95 
36 124 
36 54 
36 403 
36 15 
36 541 
36 271 
36 152 
36 47 
36 142 
36 492 
36 503 
36 130 
36 196 
36 210 
36 318 
36 27 
36 459 
36 305 
36 17 
36 223 
36 296 
36 346 
36 508 
36 414 
36 461 
36 496 
36 571 
36 555 
36 209 
36 561 
36 312 
36 201 
36 404 
36 22 
36 498 
36 488 
36 476 
36 306 
36 133 
36 126 
36 255 
36 86 
36 103 
36 326 
36 568 
36 288 
36 263 
36 9 
36 156 
36 574 
36 214 
36 348 
36 329 
36 85 
36 238 
36 35 
36 319 
36 230 
36 377 
36 418 
36 469 
36 92 
36 525 
36 575 
36 252 
36 411 
36 231 
36 186 
36 382 
36 193 
36 482 
36 588 
36 330 
36 322 
36 353 
36 345 
36 173 
36 30 
36 136 
36 481 
36 127 
37 267 
37 89 
37 194 
37 441 
37 565 
37 394 
37 300 
37 321 
37 271 
37 485 
37 371 
37 142 
37 352 
37 356 
37 381 
37 561 
37 386 
37 573 
37 64 
37 418 
37 364 
37 42 
37 350 
37 287 
37 574 
37 13 
37 47 
37 361 
37 343 
37 471 
37 8 
37 508 
37 467 
37 148 
37 179 
37 484 
37 238 
37 245 
37 329 
37 91 
37 131 
37 396 
37 473 
37 326 
37 43 
37 542 
37 290 
37 304 
37 20 
37 497 
37 330 
37 198 
37 511 
37 551 
37 12 
37 338 
37 297 
37 259 
37 228 
37 32 
37 506 
37 436 
37 108 
37 520 
37 317 
37 293 
37 178 
37 240 
37 523 
37 453 
37 459 
37 570 
37 1 
37 38 
37 53 
37 121 
37 115 
37 113 
37 579 
37 325 
37 78 
37 241 
37 407 
37 528 
37 225 
37 70 
37 359 
37 219 
37 237 
37 136 
37 210 
37 107 
37 509 
37 187 
37 572 
37 247 
37 586 
37 227 
37 310 
37 425 
37 503 
37 203 
37 465 
37 30 
37 104 
37 405 
37 543 
37 320 
37 200 
37 265 
37 299 
37 83 
37 358 
37 243 
37 389 
37 6 
37 208 
37 233 
37 156 
37 323 
37 377 
37 33 
37 132 
37 500 
37 536 
37 504 
37 450 
37 387 
37 567 
37 440 
37 522 
37 205 
37 380 
37 415 
37 144 
37 306 
37 24 
37 324 
37 285 
37 276 
37 452 
37 398 
37 406 
37 67 
37 539 
37 494 
37 116 
37 499 
37 177 
37 353 
37 537 
37 393 
37 369 
37 456 
37 35 
37 295 
37 175 
37 216 
37 114 
37 166 
37 420 
37 75 
37 339 
37 591 
37 345 
37 525 
37 298 
37 4 
37 541 
37 283 
37 529 
37 540 
37 224 
37 495 
37 269 
37 262 
37 374 
37 29 
37 151 
37 97 
38 253 
38 330 
38 184 
38 546 
38 384 
38 548 
38 243 
38 568 
38 337 
38 60 
38 89 
38 542 
38 160 
38 317 
38 288 
38 373 
38 567 
38 306 
38 103 
38 524 
38 4 
38 154 
38 486 
38 269 
38 71 
38 257 
38 412 
38 229 
38 484 
38 566 
38 41 
38 292 
38 19 
38 53 
38 479 
38 359 
38 203 
38 583 
38 171 
38 452 
38 549 
38 571 
38 284 
38 577 
38 129 
38 539 
38 228 
38 395 
38 589 
38 181 
38 448 
38 207 
38 98 
38 451 
38 64 
38 133 
38 447 
38 365 
38 249 
38 349 
38 14 
38 574 
38 159 
38 260 
38 526 
38 273 
38 123 
38 460 
38 377 
38 46 
38 176 
38 530 
38 309 
38 322 
38 204 
38 263 
38 97 
38 141 
38 250 
38 334 
38 432 
38 266 
38 366 
38 126 
38 328 
38 37 
38 333 
38 477 
38 2 
38 474 
38 310 
38 116 
38 224 
38 248 
38 49 
38 148 
38 241 
38 231 
38 521 
38 569 
38 409 
38 146 
38 441 
38 121 
38 221 
38 275 
38 344 
38 179 
38 267 
38 480 
38 33 
38 291 
38 386 
38 368 
38 80 
38 9 
38 286 
38 272 
38 517 
38 534 
38 492 
38 563 
38 508 
38 74 
38 151 
38 153 
38 163 
38 540 
38 591 
38 182 
38 113 
38 463 
38 324 
38 283 
38 513 
38 420 
38 570 
38 167 
38 446 
38 72 
38 294 
38 234 
38 22 
38 494 
38 522 
38 158 
38 556 
38 68 
38 584 
38 502 
38 118 
38 40 
38 280 
38 142 
38 137 
38 252 
38 421 
38 289 
38 276 
38 516 
38 91 
38 353 
38 84 
38 282 
38 380 
38 504 
38 428 
38 115 
38 388 
38 443 
38 132 
38 469 
38 430 
38 558 
38 423 
38 336 
38 6 
38 431 
38 223 
38 85 
38 199 
38 79 
38 285 
38 438 
38 313 
38 496 
38 16 
38 169 
38 360 
38 261 
38 415 
38 422 
38 305 
38 512 
38 222 
38 354 
38 205 
38 136 
39 0 
39 420 
39 165 
39 9 
39 109 
39 463 
39 352 
39 419 
39 522 
39 150 
39 476 
39 458 
39 484 
39 238 
39 266 
39 340 
39 524 
39 414 
39 413 
39 332 
39 173 
39 57 
39 558 
39 409 
39 407 
39 225 
39 423 
39 347 
39 183 
39 448 
39 191 
39 564 
39 309 
39 334 
39 83 
39 574 
39 202 
39 519 
39 100 
39 91 
39 48 
39 286 
39 31 
39 513 
39 125 
39 436 
39 221 
39 117 
39 583 
39 276 
39 32 
39 259 
39 4 
39 101 
39 584 
39 346 
39 7 
39 450 
39 196 
39 220 
39 354 
39 328 
39 323 
39 227 
39 98 
39 457 
39 461 
39 168 
39 384 
39 72 
39 215 
39 472 
39 231 
39 85 
39 294 
39 236 
39 15 
39 514 
39 548 
39 535 
39 500 
39 359 
39 162 
39 223 
39 456 
39 343 
39 380 
39 87 
39 341 
39 386 
39 30 
39 452 
39 11 
39 34 
39 348 
39 51 
39 303 
39 186 
39 350 
39 434 
39 565 
39 576 
39 503 
39 285 
39 163 
39 322 
39 313 
39 141 
39 505 
39 493 
39 102 
39 344 
39 351 
39 481 
39 257 
39 473 
39 412 
39 291 
39 233 
39 84 
39 300 
39 525 
39 495 
39 242 
39 390 
39 16 
39 133 
39 467 
39 382 
39 277 
39 205 
39 321 
39 589 
39 308 
39 462 
39 49 
39 371 
39 279 
39 271 
39 153 
39 174 
39 290 
39 246 
39 56 
39 439 
39 494 
39 534 
39 142 
39 181 
39 573 
39 12 
39 406 
39 549 
39 26 
39 492 
40 450 
40 202 
40 44 
40 338 
40 58 
40 78 
40 221 
40 542 
40 513 
40 240 
40 490 
40 190 
40 167 
40 571 
40 236 
40 246 
40 479 
40 494 
40 576 
40 24 
40 361 
40 22 
40 387 
40 228 
40 345 
40 323 
40 14 
40 588 
40 216 
40 254 
40 468 
40 28 
40 473 
40 518 
40 174 
40 546 
40 320 
40 438 
40 108 
40 464 
40 34 
40 555 
40 451 
40 141 
40 409 
40 372 
40 393 
40 280 
40 85 
40 32 
40 104 
40 440 
40 226 
40 437 
40 544 
40 209 
40 274 
40 383 
40 269 
40 575 
40 415 
40 199 
40 371 
40 543 
40 529 
40 144 
40 436 
40 362 
40 74 
40 119 
40 93 
40 516 
40 200 
40 207 
40 429 
40 390 
40 111 
40 587 
40 458 
40 527 
40 20 
40 81 
40 198 
40 355 
40 129 
40 590 
40 357 
40 349 
40 150 
40 170 
40 453 
40 550 
40 62 
40 203 
40 460 
40 59 
40 535 
40 474 
40 351 
40 368 
40 182 
40 91 
40 377 
40 257 
40 235 
40 110 
40 145 
40 420 
40 379 
40 27 
40 133 
40 219 
40 218 
40 470 
40 548 
40 46 
40 586 
40 128 
40 396 
40 267 
40 239 
40 77 
40 220 
40 579 
40 507 
40 505 
40 503 
40 585 
40 63 
40 160 
40 562 
40 332 
40 84 
40 434 
40 359 
40 521 
40 80 
40 161 
40 475 
40 564 
40 82 
40 303 
40 57 
40 97 
40 365 
40 231 
40 162 
40 514 
40 354 
40 463 
40 175 
40 311 
40 255 
40 290 
40 581 
40 478 
40 388 
40 38 
40 43 
40 147 
40 291 
40 89 
40 397 
40 177 
40 247 
40 281 
40 178 
40 304 
40 469 
40 416 
40 263 
40 402 
40 157 
40 382 
40 375 
40 0 
40 7 
40 26 
40 557 
40 532 
40 127 
40 433 
40 285 
40 289 
40 286 
40 276 
40 334 
40 212 
41 134 
41 111 
41 205 
41 185 
41 24 
41 499 
41 574 
41 355 
41 95 
41 354 
41 588 
41 83 
41 538 
41 368 
41 269 
41 12 
41 472 
41 555 
41 302 
41 511 
41 193 
41 53 
41 234 
41 395 
41 61 
41 334 
41 322 
41 276 
41 67 
41 271 
41 81 
41 535 
41 467 
41 38 
41 183 
41 43 
41 93 
41 135 
41 444 
41 150 
41 31 
41 297 
41 565 
41 366 
41 516 
41 216 
41 75 
41 158 
41 78 
41 25 
41 208 
41 173 
41 59 
41 242 
41 362 
41 576 
41 374 
41 553 
41 326 
41 153 
41 320 
41 365 
41 289 
41 212 
41 419 
41 375 
41 99 
41 105 
41 383 
41 4 
41 585 
41 388 
41 259 
41 300 
41 146 
41 5 
41 393 
41 428 
41 254 
41 397 
41 301 
41 584 
41 106 
41 152 
41 294 
41 237 
41 340 
41 551 
41 379 
41 79 
41 57 
41 336 
41 494 
41 110 
41 547 
41 510 
41 489 
41 165 
41 380 
41 231 
41 248 
41 351 
41 224 
41 478 
41 330 
41 308 
41 575 
41 11 
41 490 
41 469 
41 371 
41 213 
41 405 
41 64 
41 520 
41 2 
41 128 
41 570 
41 221 
41 454 
41 360 
41 90 
41 129 
41 179 
41 461 
41 241 
41 525 
41 307 
41 178 
41 544 
41 34 
41 52 
41 505 
41 13 
41 280 
41 552 
41 253 
41 464 
41 331 
41 103 
41 44 
41 274 
41 479 
41 572 
41 539 
41 436 
41 236 
41 435 
41 422 
41 235 
41 358 
41 278 
41 290 
41 382 
41 230 
41 439 
41 306 
41 200 
41 42 
41 321 
42 155 
42 273 
42 263 
42 124 
42 267 
42 455 
42 393 
42 195 
42 243 
42 471 
42 217 
42 445 
42 137 
42 95 
42 156 
42 238 
42 367 
42 424 
42 56 
42 335 
42 325 
42 248 
42 80 
42 561 
42 463 
42 84 
42 78 
42 37 
42 576 
42 2 
42 430 
42 572 
42 284 
42 225 
42 237 
42 227 
42 7 
42 491 
42 24 
42 236 
42 205 
42 438 
42 305 
42 127 
42 301 
42 89 
42 378 
42 91 
42 192 
42 259 
42 160 
42 334 
42 516 
42 533 
42 434 
42 268 
42 373 
42 239 
42 159 
42 22 
42 281 
42 320 
42 71 
42 555 
42 140 
42 539 
42 451 
42 365 
42 185 
42 289 
42 372 
42 477 
42 549 
42 130 
42 361 
42 413 
42 587 
42 251 
42 266 
42 414 
42 551 
42 172 
42 467 
42 234 
42 492 
42 295 
42 577 
42 461 
42 75 
42 274 
42 366 
42 112 
42 528 
42 398 
42 0 
42 298 
42 397 
42 386 
42 191 
42 297 
42 449 
42 444 
42 307 
42 370 
42 123 
42 21 
42 147 
42 374 
42 457 
42 190 
42 588 
42 109 
42 553 
42 157 
42 168 
42 129 
42 310 
42 482 
42 254 
42 232 
42 269 
42 592 
42 356 
42 132 
42 420 
42 510 
42 531 
42 18 
42 550 
42 442 
42 554 
42 10 
42 253 
42 111 
42 265 
42 385 
42 224 
42 359 
42 154 
42 54 
42 299 
42 101 
42 167 
42 73 
42 244 
42 332 
42 97 
42 275 
42 535 
42 257 
42 66 
42 161 
42 384 
42 330 
42 146 
42 376 
42 90 
42 337 
42 218 
42 202 
42 17 
42 523 
42 392 
42 568 
42 293 
42 468 
42 490 
42 141 
42 230 
42 19 
42 25 
42 443 
42 470 
42 223 
42 12 
42 573 
42 557 
42 447 
42 131 
42 94 
42 276 
42 350 
42 514 
42 229 
42 282 
42 35 
42 117 
42 233 
42 108 
42 180 
42 76 
42 79 
42 368 
42 296 
42 353 
42 585 
42 4 
42 431 
42 410 
42 309 
42 435 
42 547 
42 41 
43 357 
43 457 
43 517 
43 49 
43 387 
43 66 
43 377 
43 112 
43 223 
43 33 
43 340 
43 414 
43 165 
43 25 
43 62 
43 344 
43 508 
43 542 
43 147 
43 203 
43 483 
43 290 
43 433 
43 214 
43 549 
43 86 
43 583 
43 245 
43 155 
43 57 
43 287 
43 177 
43 199 
43 41 
43 63 
43 211 
43 255 
43 430 
43 139 
43 302 
43 201 
43 206 
43 105 
43 504 
43 329 
43 76 
43 56 
43 400 
43 209 
43 361 
43 124 
43 148 
43 386 
43 242 
43 289 
43 467 
43 187 
43 37 
43 576 
43 128 
43 28 
43 560 
43 487 
43 47 
43 251 
43 490 
43 13 
43 334 
43 73 
43 96 
43 219 
43 12 
43 538 
43 45 
43 510 
43 463 
43 254 
43 423 
43 474 
43 407 
43 161 
43 330 
43 238 
43 495 
43 94 
43 372 
43 535 
43 142 
43 298 
43 190 
43 279 
43 236 
43 4 
43 568 
43 580 
43 305 
43 75 
43 26 
43 15 
43 27 
43 157 
43 455 
43 534 
43 322 
43 416 
43 299 
43 192 
43 235 
43 188 
43 127 
43 375 
43 374 
43 44 
43 572 
43 296 
43 133 
43 393 
43 422 
43 324 
43 301 
43 284 
43 34 
43 264 
43 561 
43 83 
43 237 
43 126 
43 449 
43 129 
43 74 
43 475 
43 20 
43 138 
43 141 
43 262 
43 383 
43 310 
43 586 
43 202 
43 35 
43 325 
43 452 
43 300 
43 371 
43 184 
43 515 
43 421 
43 221 
43 135 
43 208 
43 59 
43 338 
43 40 
43 2 
43 494 
43 470 
43 95 
43 431 
43 243 
43 140 
43 137 
43 194 
43 445 
43 446 
43 282 
43 395 
43 252 
43 592 
43 51 
43 21 
43 546 
43 178 
43 521 
43 425 
43 503 
43 465 
43 99 
43 220 
43 228 
43 271 
43 9 
43 6 
43 581 
43 373 
43 230 
44 189 
44 499 
44 40 
44 468 
44 342 
44 279 
44 394 
44 110 
44 269 
44 385 
44 123 
44 160 
44 361 
44 170 
44 327 
44 155 
44 248 
44 465 
44 124 
44 387 
44 378 
44 388 
44 482 
44 92 
44 287 
44 245 
44 187 
44 184 
44 241 
44 556 
44 579 
44 111 
44 183 
44 571 
44 10 
44 15 
44 525 
44 230 
44 543 
44 426 
44 247 
44 558 
44 296 
44 501 
44 57 
44 218 
44 570 
44 282 
44 4 
44 400 
44 569 
44 285 
44 216 
44 161 
44 294 
44 495 
44 50 
44 536 
44 348 
44 494 
44 163 
44 63 
44 236 
44 464 
44 396 
44 508 
44 332 
44 431 
44 281 
44 358 
44 237 
44 83 
44 87 
44 517 
44 132 
44 223 
44 272 
44 213 
44 66 
44 555 
44 264 
44 53 
44 284 
44 130 
44 149 
44 564 
44 572 
44 428 
44 452 
44 17 
44 106 
44 232 
44 7 
44 461 
44 139 
44 188 
44 165 
44 43 
44 217 
44 454 
44 583 
44 455 
44 352 
44 243 
44 432 
44 109 
44 575 
44 168 
44 444 
44 259 
44 65 
44 530 
44 99 
44 257 
44 429 
44 143 
44 351 
44 478 
44 330 
44 379 
44 179 
44 201 
44 301 
44 142 
44 510 
44 370 
44 58 
44 472 
44 219 
44 578 
44 73 
44 148 
44 261 
44 514 
44 397 
44 405 
44 26 
44 497 
44 153 
44 433 
44 371 
44 209 
44 457 
44 144 
44 127 
44 77 
44 592 
44 439 
44 474 
44 435 
44 191 
44 493 
44 203 
44 590 
44 559 
44 364 
44 210 
44 72 
44 185 
44 41 
44 113 
44 175 
44 399 
44 274 
44 145 
44 519 
44 299 
44 271 
44 171 
44 199 
44 391 
44 467 
44 253 
44 18 
44 193 
44 323 
44 128 
44 80 
44 195 
44 360 
44 479 
44 320 
44 567 
44 278 
45 438 
45 161 
45 390 
45 238 
45 50 
45 422 
45 476 
45 10 
45 564 
45 450 
45 95 
45 510 
45 157 
45 244 
45 130 
45 376 
45 461 
45 440 
45 317 
45 524 
45 291 
45 397 
45 63 
45 278 
45 543 
45 246 
45 55 
45 36 
45 331 
45 125 
45 281 
45 512 
45 540 
45 328 
45 279 
45 287 
45 218 
45 66 
45 290 
45 421 
45 268 
45 180 
45 448 
45 530 
45 398 
45 211 
45 418 
45 91 
45 518 
45 274 
45 182 
45 348 
45 340 
45 185 
45 351 
45 47 
45 115 
45 347 
45 266 
45 97 
45 392 
45 89 
45 554 
45 436 
45 43 
45 519 
45 18 
45 225 
45 293 
45 70 
45 30 
45 535 
45 54 
45 5 
45 4 
45 102 
45 101 
45 539 
45 520 
45 212 
45 407 
45 111 
45 405 
45 162 
45 303 
45 488 
45 11 
45 201 
45 271 
45 453 
45 441 
45 237 
45 301 
45 551 
45 318 
45 145 
45 151 
45 513 
45 200 
45 153 
45 394 
45 261 
45 233 
45 469 
45 213 
45 108 
45 429 
45 232 
45 226 
45 567 
45 114 
45 156 
45 576 
45 458 
45 475 
45 228 
45 272 
45 170 
45 399 
45 286 
45 580 
45 159 
45 500 
45 425 
45 81 
45 150 
45 288 
45 236 
45 61 
45 563 
45 361 
45 346 
45 252 
45 122 
45 444 
45 559 
45 309 
45 426 
45 386 
45 400 
45 358 
45 393 
45 339 
45 216 
45 432 
45 198 
45 509 
45 383 
45 363 
45 477 
45 78 
45 490 
45 178 
45 219 
45 420 
45 345 
45 134 
45 25 
45 325 
45 411 
45 553 
45 6 
45 160 
45 521 
45 147 
45 430 
45 482 
46 541 
46 438 
46 409 
46 539 
46 112 
46 374 
46 408 
46 188 
46 295 
46 575 
46 9 
46 508 
46 190 
46 306 
46 379 
46 571 
46 32 
46 48 
46 550 
46 326 
46 49 
46 223 
46 50 
46 273 
46 587 
46 333 
46 584 
46 211 
46 416 
46 175 
46 109 
46 319 
46 230 
46 559 
46 82 
46 337 
46 458 
46 474 
46 101 
46 512 
46 288 
46 522 
46 62 
46 419 
46 413 
46 504 
46 66 
46 364 
46 531 
46 184 
46 311 
46 424 
46 202 
46 553 
46 145 
46 586 
46 108 
46 589 
46 392 
46 206 
46 433 
46 280 
46 366 
46 516 
46 315 
46 321 
46 576 
46 58 
46 5 
46 542 
46 30 
46 536 
46 140 
46 38 
46 20 
46 201 
46 74 
46 64 
46 441 
46 505 
46 488 
46 269 
46 480 
46 78 
46 572 
46 236 
46 155 
46 132 
46 189 
46 376 
46 135 
46 200 
46 153 
46 383 
46 164 
46 563 
46 397 
46 160 
46 96 
46 40 
46 453 
46 208 
46 168 
46 561 
46 293 
46 360 
46 104 
46 205 
46 471 
46 56 
46 70 
46 473 
46 71 
46 227 
46 65 
46 178 
46 574 
46 363 
46 487 
46 390 
46 558 
46 372 
46 25 
46 77 
46 142 
46 192 
46 451 
46 284 
46 477 
46 270 
46 174 
46 580 
46 431 
46 457 
46 55 
46 410 
46 482 
46 450 
46 165 
46 191 
46 144 
46 127 
46 139 
46 348 
46 468 
46 198 
46 354 
46 281 
46 129 
46 446 
46 52 
46 590 
46 84 
46 302 
46 264 
46 27 
46 485 
46 279 
46 492 
46 19 
46 296 
46 394 
46 251 
46 301 
46 425 
46 511 
46 199 
46 242 
46 26 
46 578 
46 369 
46 515 
46 414 
46 249 
46 381 
46 18 
46 7 
46 245 
46 231 
46 415 
46 509 
46 518 
46 79 
46 375 
46 481 
46 265 
46 564 
46 317 
47 349 
47 477 
47 149 
47 277 
47 292 
47 82 
47 216 
47 112 
47 65 
47 230 
47 189 
47 94 
47 327 
47 274 
47 53 
47 59 
47 280 
47 546 
47 312 
47 448 
47 475 
47 361 
47 18 
47 235 
47 289 
47 467 
47 128 
47 428 
47 3 
47 509 
47 460 
47 143 
47 324 
47 37 
47 543 
47 521 
47 307 
47 96 
47 518 
47 296 
47 592 
47 266 
47 550 
47 470 
47 260 
47 247 
47 552 
47 91 
47 167 
47 547 
47 574 
47 273 
47 225 
47 511 
47 115 
47 182 
47 30 
47 6 
47 330 
47 220 
47 483 
47 554 
47 134 
47 183 
47 43 
47 323 
47 176 
47 531 
47 350 
47 328 
47 45 
47 465 
47 218 
47 155 
47 87 
47 586 
47 340 
47 121 
47 222 
47 31 
47 69 
47 494 
47 481 
47 377 
47 48 
47 233 
47 474 
47 122 
47 558 
47 433 
47 451 
47 228 
47 153 
47 250 
47 482 
47 246 
47 267 
47 175 
47 563 
47 418 
47 229 
47 479 
47 164 
47 414 
47 257 
47 132 
47 19 
47 209 
47 575 
47 203 
47 85 
47 238 
47 172 
47 427 
47 581 
47 442 
47 487 
47 325 
47 572 
47 113 
47 78 
47 36 
47 548 
47 237 
47 281 
47 10 
47 319 
47 385 
47 321 
47 268 
47 80 
47 303 
47 501 
47 88 
47 243 
47 16 
47 497 
47 590 
47 365 
47 174 
47 269 
47 242 
47 75 
47 291 
47 8 
47 526 
47 147 
47 466 
47 184 
47 383 
47 411 
47 52 
47 384 
47 140 
47 315 
47 97 
47 61 
47 408 
47 71 
47 173 
47 217 
47 100 
47 24 
47 489 
47 99 
47 254 
47 93 
47 453 
47 549 
47 369 
47 299 
47 553 
47 561 
47 56 
47 170 
47 591 
47 168 
47 527 
47 370 
47 359 
47 126 
47 322 
47 380 
47 498 
47 382 
47 21 
47 348 
48 459 
48 254 
48 269 
48 69 
48 411 
48 52 
48 369 
48 22 
48 435 
48 322 
48 587 
48 288 
48 438 
48 149 
48 46 
48 383 
48 515 
48 201 
48 223 
48 478 
48 571 
48 120 
48 237 
48 295 
48 382 
48 469 
48 493 
48 444 
48 316 
48 341 
48 319 
48 318 
48 581 
48 349 
48 90 
48 289 
48 311 
48 156 
48 265 
48 183 
48 262 
48 445 
48 332 
48 537 
48 461 
48 180 
48 564 
48 62 
48 29 
48 39 
48 298 
48 11 
48 589 
48 340 
48 507 
48 264 
48 96 
48 356 
48 166 
48 462 
48 116 
48 0 
48 251 
48 188 
48 381 
48 586 
48 47 
48 275 
48 314 
48 403 
48 175 
48 210 
48 402 
48 203 
48 427 
48 385 
48 225 
48 95 
48 205 
48 321 
48 410 
48 449 
48 362 
48 585 
48 380 
48 439 
48 433 
48 160 
48 388 
48 492 
48 118 
48 337 
48 560 
48 460 
48 576 
48 580 
48 209 
48 551 
48 570 
48 256 
48 542 
48 163 
48 552 
48 432 
48 531 
48 60 
48 546 
48 506 
48 179 
48 557 
48 76 
48 293 
48 153 
48 534 
48 495 
48 476 
48 516 
48 415 
48 21 
48 386 
48 263 
48 229 
48 583 
48 490 
48 360 
48 447 
48 189 
48 266 
48 421 
48 429 
48 320 
48 35 
48 547 
48 7 
48 284 
48 80 
48 146 
48 406 
48 92 
48 407 
48 150 
48 147 
48 404 
48 297 
48 50 
48 331 
48 167 
48 173 
48 55 
48 291 
48 110 
48 178 
48 174 
48 512 
48 347 
48 327 
48 268 
48 565 
48 477 
48 67 
48 418 
48 472 
48 16 
48 141 
48 66 
48 63 
48 19 
48 573 
48 393 
48 364 
48 500 
48 568 
48 503 
48 148 
48 467 
48 255 
48 259 
48 82 
48 326 
48 517 
48 456 
49 456 
49 200 
49 43 
49 589 
49 308 
49 50 
49 121 
49 298 
49 300 
49 526 
49 111 
49 64 
49 283 
49 281 
49 360 
49 472 
49 161 
49 151 
49 145 
49 46 
49 409 
49 548 
49 425 
49 173 
49 470 
49 571 
49 262 
49 454 
49 585 
49 539 
49 477 
49 505 
49 325 
49 442 
49 530 
49 400 
49 404 
49 71 
49 523 
49 214 
49 378 
49 518 
49 15 
49 339 
49 72 
49 340 
49 295 
49 511 
49 89 
49 105 
49 183 
49 135 
49 584 
49 453 
49 369 
49 556 
49 332 
49 479 
49 226 
49 388 
49 282 
49 451 
49 139 
49 57 
49 587 
49 22 
49 237 
49 91 
49 575 
49 572 
49 239 
49 62 
49 51 
49 86 
49 383 
49 326 
49 420 
49 506 
49 371 
49 292 
49 350 
49 422 
49 557 
49 460 
49 68 
49 457 
49 196 
49 19 
49 116 
49 207 
49 241 
49 493 
49 435 
49 198 
49 275 
49 253 
49 38 
49 534 
49 419 
49 225 
49 431 
49 131 
49 251 
49 33 
49 468 
49 94 
49 551 
49 552 
49 191 
49 235 
49 102 
49 291 
49 322 
49 69 
49 481 
49 301 
49 163 
49 537 
49 246 
49 510 
49 125 
49 334 
49 179 
49 306 
49 210 
49 61 
49 58 
49 80 
49 32 
49 96 
49 189 
49 502 
49 10 
49 223 
49 88 
49 522 
49 590 
49 382 
49 110 
49 127 
49 101 
49 577 
49 450 
49 184 
49 290 
49 352 
49 507 
49 367 
49 331 
49 229 
49 84 
49 465 
49 544 
49 255 
49 170 
49 393 
49 296 
49 581 
49 455 
49 39 
49 591 
49 440 
49 244 
49 23 
49 133 
49 374 
49 147 
49 77 
49 81 
49 240 
49 212 
49 529 
49 132 
49 126 
49 490 
49 463 
49 333 
49 512 
49 261 
49 309 
49 546 
49 79 
50 175 
50 54 
50 8 
50 317 
50 181 
50 49 
50 355 
50 45 
50 193 
50 247 
50 573 
50 197 
50 118 
50 12 
50 15 
50 264 
50 253 
50 65 
50 165 
50 424 
50 291 
50 46 
50 567 
50 9 
50 296 
50 431 
50 412 
50 71 
50 337 
50 108 
50 145 
50 576 
50 294 
50 265 
50 335 
50 334 
50 385 
50 252 
50 106 
50 524 
50 153 
50 211 
50 84 
50 410 
50 408 
50 436 
50 200 
50 341 
50 227 
50 258 
50 257 
50 374 
50 248 
50 27 
50 382 
50 530 
50 591 
50 461 
50 555 
50 201 
50 103 
50 44 
50 144 
50 437 
50 352 
50 231 
50 533 
50 562 
50 528 
50 59 
50 589 
50 4 
50 255 
50 340 
50 507 
50 345 
50 172 
50 115 
50 475 
50 223 
50 367 
50 403 
50 301 
50 372 
50 160 
50 68 
50 276 
50 350 
50 323 
50 224 
50 154 
50 72 
50 137 
50 229 
50 58 
50 532 
50 230 
50 318 
50 178 
50 505 
50 95 
50 179 
50 361 
50 25 
50 225 
50 540 
50 420 
50 51 
50 268 
50 163 
50 400 
50 207 
50 158 
50 104 
50 454 
50 170 
50 557 
50 150 
50 183 
50 67 
50 488 
50 169 
50 592 
50 70 
50 274 
50 79 
50 570 
50 219 
50 552 
50 516 
50 448 
50 278 
50 504 
50 500 
50 216 
50 547 
50 48 
50 579 
50 203 
50 282 
50 180 
50 262 
50 167 
50 307 
50 299 
50 563 
50 485 
50 34 
50 455 
50 198 
50 162 
50 497 
50 279 
50 234 
50 411 
50 117 
50 542 
50 228 
50 187 
50 61 
50 100 
50 333 
50 161 
50 302 
50 97 
50 184 
50 18 
50 30 
50 73 
50 76 
50 423 
50 124 
50 544 
51 342 
51 116 
51 371 
51 181 
51 457 
51 397 
51 411 
51 326 
51 482 
51 404 
51 24 
51 331 
51 443 
51 592 
51 64 
51 440 
51 156 
51 402 
51 221 
51 394 
51 160 
51 282 
51 260 
51 466 
51 363 
51 542 
51 289 
51 223 
51 266 
51 244 
51 57 
51 121 
51 465 
51 590 
51 364 
51 209 
51 95 
51 152 
51 233 
51 547 
51 529 
51 549 
51 277 
51 280 
51 123 
51 416 
51 335 
51 533 
51 112 
51 579 
51 176 
51 385 
51 506 
51 484 
51 12 
51 199 
51 98 
51 369 
51 468 
51 86 
51 129 
51 353 
51 401 
51 163 
51 49 
51 111 
51 67 
51 319 
51 56 
51 422 
51 19 
51 238 
51 124 
51 378 
51 360 
51 69 
51 262 
51 379 
51 126 
51 435 
51 302 
51 313 
51 405 
51 395 
51 584 
51 556 
51 21 
51 0 
51 337 
51 545 
51 388 
51 80 
51 178 
51 332 
51 226 
51 252 
51 333 
51 393 
51 472 
51 377 
51 148 
51 309 
51 455 
51 201 
51 387 
51 15 
51 187 
51 501 
51 303 
51 55 
51 17 
51 75 
51 39 
51 300 
51 518 
51 50 
51 62 
51 535 
51 403 
51 588 
51 172 
51 14 
51 207 
51 174 
51 6 
51 522 
51 125 
51 381 
51 34 
51 322 
51 157 
51 526 
51 552 
51 25 
51 30 
51 560 
51 374 
51 5 
51 348 
51 52 
51 237 
51 509 
51 528 
51 340 
51 194 
51 79 
51 29 
51 31 
51 314 
51 9 
51 230 
51 425 
51 267 
51 88 
51 551 
51 386 
51 517 
51 43 
51 20 
51 569 
51 229 
51 287 
51 310 
51 459 
51 273 
51 151 
51 412 
51 444 
51 417 
51 471 
51 255 
51 27 
52 206 
52 586 
52 48 
52 558 
52 410 
52 478 
52 358 
52 520 
52 274 
52 533 
52 134 
52 219 
52 25 
52 343 
52 58 
52 115 
52 149 
52 539 
52 393 
52 144 
52 461 
52 493 
52 286 
52 376 
52 272 
52 18 
52 485 
52 455 
52 107 
52 504 
52 440 
52 185 
52 190 
52 317 
52 375 
52 534 
52 344 
52 267 
52 517 
52 497 
52 463 
52 15 
52 505 
52 514 
52 416 
52 225 
52 331 
52 348 
52 72 
52 583 
52 322 
52 352 
52 516 
52 591 
52 545 
52 409 
52 133 
52 22 
52 251 
52 232 
52 108 
52 222 
52 139 
52 230 
52 460 
52 143 
52 436 
52 256 
52 260 
52 254 
52 592 
52 548 
52 359 
52 492 
52 56 
52 78 
52 587 
52 319 
52 554 
52 543 
52 93 
52 420 
52 367 
52 131 
52 19 
52 579 
52 491 
52 498 
52 203 
52 13 
52 147 
52 242 
52 525 
52 257 
52 334 
52 419 
52 447 
52 28 
52 442 
52 265 
52 559 
52 345 
52 486 
52 360 
52 159 
52 249 
52 295 
52 101 
52 536 
52 289 
52 398 
52 363 
52 4 
52 574 
52 314 
52 584 
52 59 
52 67 
52 215 
52 33 
52 165 
52 220 
52 197 
52 290 
52 430 
52 29 
52 564 
52 51 
52 255 
52 47 
52 221 
52 313 
52 123 
52 292 
52 46 
52 351 
52 41 
52 183 
52 132 
52 561 
52 99 
52 104 
52 532 
52 170 
52 503 
52 280 
52 116 
52 1 
52 160 
52 282 
52 64 
52 188 
52 118 
52 89 
52 178 
52 403 
52 406 
52 323 
53 286 
53 198 
53 365 
53 57 
53 323 
53 560 
53 422 
53 41 
53 511 
53 9 
53 558 
53 47 
53 333 
53 588 
53 127 
53 79 
53 371 
53 15 
53 455 
53 404 
53 458 
53 442 
53 532 
53 112 
53 556 
53 38 
53 563 
53 356 
53 307 
53 336 
53 391 
53 58 
53 332 
53 506 
53 256 
53 421 
53 213 
53 239 
53 178 
53 302 
53 248 
53 505 
53 575 
53 510 
53 586 
53 3 
53 124 
53 360 
53 26 
53 301 
53 238 
53 428 
53 529 
53 573 
53 539 
53 216 
53 225 
53 514 
53 330 
53 460 
53 208 
53 203 
53 456 
53 82 
53 387 
53 76 
53 117 
53 272 
53 37 
53 283 
53 99 
53 343 
53 44 
53 369 
53 218 
53 271 
53 56 
53 175 
53 527 
53 72 
53 554 
53 439 
53 169 
53 423 
53 85 
53 264 
53 173 
53 292 
53 482 
53 450 
53 77 
53 141 
53 386 
53 500 
53 352 
53 405 
53 254 
53 211 
53 80 
53 420 
53 132 
53 97 
53 507 
53 582 
53 168 
53 275 
53 425 
53 550 
53 138 
53 464 
53 587 
53 513 
53 68 
53 534 
53 515 
53 34 
53 205 
53 576 
53 182 
53 501 
53 133 
53 313 
53 209 
53 220 
53 244 
53 14 
53 396 
53 551 
53 426 
53 322 
53 31 
53 350 
53 8 
53 212 
53 83 
53 523 
53 461 
53 282 
53 29 
53 62 
53 281 
53 223 
53 257 
53 274 
53 318 
53 35 
53 427 
53 545 
53 232 
53 193 
53 453 
53 310 
53 278 
53 571 
53 498 
53 227 
53 344 
53 186 
53 564 
53 457 
53 496 
53 342 
53 243 
53 73 
53 184 
53 384 
53 546 
53 177 
53 321 
53 494 
53 547 
53 504 
53 154 
53 372 
53 475 
53 288 
53 374 
53 162 
53 574 
54 437 
54 289 
54 10 
54 561 
54 50 
54 308 
54 511 
54 321 
54 150 
54 424 
54 446 
54 575 
54 162 
54 505 
54 471 
54 161 
54 514 
54 390 
54 209 
54 570 
54 305 
54 235 
54 218 
54 167 
54 164 
54 111 
54 566 
54 588 
54 220 
54 101 
54 549 
54 475 
54 77 
54 147 
54 99 
54 585 
54 369 
54 554 
54 223 
54 71 
54 582 
54 497 
54 491 
54 564 
54 474 
54 466 
54 556 
54 430 
54 198 
54 207 
54 269 
54 489 
54 568 
54 127 
54 311 
54 156 
54 310 
54 45 
54 126 
54 120 
54 378 
54 548 
54 58 
54 589 
54 357 
54 242 
54 463 
54 480 
54 72 
54 362 
54 337 
54 33 
54 372 
54 280 
54 451 
54 89 
54 202 
54 138 
54 299 
54 32 
54 503 
54 7 
54 244 
54 445 
54 36 
54 248 
54 5 
54 62 
54 438 
54 266 
54 34 
54 543 
54 190 
54 462 
54 192 
54 553 
54 284 
54 176 
54 171 
54 326 
54 122 
54 319 
54 118 
54 272 
54 109 
54 29 
54 82 
54 42 
54 84 
54 246 
54 323 
54 592 
54 178 
54 371 
54 519 
54 260 
54 408 
54 165 
54 201 
54 250 
54 211 
54 428 
54 93 
54 397 
54 559 
54 375 
54 385 
54 67 
54 540 
54 530 
54 331 
54 64 
54 423 
54 350 
54 409 
54 271 
54 403 
54 309 
54 144 
54 459 
54 0 
54 366 
54 302 
54 15 
54 208 
54 112 
54 70 
54 410 
54 539 
54 139 
54 290 
54 483 
54 535 
55 428 
55 62 
55 567 
55 303 
55 493 
55 163 
55 481 
55 213 
55 421 
55 4 
55 407 
55 10 
55 311 
55 400 
55 176 
55 343 
55 215 
55 29 
55 187 
55 568 
55 141 
55 573 
55 492 
55 18 
55 556 
55 295 
55 405 
55 84 
55 96 
55 94 
55 95 
55 45 
55 179 
55 476 
55 399 
55 427 
55 108 
55 184 
55 569 
55 485 
55 280 
55 124 
55 149 
55 227 
55 286 
55 510 
55 14 
55 529 
55 313 
55 116 
55 211 
55 374 
55 430 
55 34 
55 523 
55 576 
55 166 
55 376 
55 221 
55 65 
55 77 
55 72 
55 204 
55 389 
55 207 
55 74 
55 386 
55 314 
55 559 
55 500 
55 75 
55 543 
55 131 
55 97 
55 118 
55 306 
55 21 
55 15 
55 590 
55 356 
55 524 
55 114 
55 229 
55 454 
55 169 
55 587 
55 584 
55 5 
55 262 
55 203 
55 402 
55 544 
55 506 
55 140 
55 284 
55 432 
55 467 
55 155 
55 193 
55 85 
55 327 
55 322 
55 30 
55 434 
55 22 
55 197 
55 456 
55 508 
55 364 
55 33 
55 416 
55 177 
55 51 
55 413 
55 483 
55 501 
55 153 
55 391 
55 497 
55 385 
55 535 
55 346 
55 536 
55 46 
55 214 
55 278 
55 347 
55 279 
55 64 
55 282 
55 530 
55 88 
55 488 
55 455 
55 549 
55 48 
55 152 
55 340 
55 222 
55 465 
55 575 
55 268 
55 381 
55 147 
55 318 
55 175 
55 199 
55 300 
55 257 
55 165 
55 20 
55 551 
55 288 
55 8 
55 276 
55 69 
55 574 
55 234 
55 157 
55 111 
55 426 
56 102 
56 162 
56 342 
56 274 
56 588 
56 238 
56 367 
56 450 
56 186 
56 402 
56 382 
56 97 
56 488 
56 9 
56 185 
56 42 
56 338 
56 392 
56 472 
56 222 
56 400 
56 386 
56 160 
56 302 
56 269 
56 89 
56 196 
56 116 
56 385 
56 231 
56 491 
56 177 
56 313 
56 571 
56 497 
56 197 
56 20 
56 306 
56 534 
56 106 
56 78 
56 343 
56 529 
56 72 
56 544 
56 80 
56 43 
56 272 
56 294 
56 232 
56 449 
56 285 
56 183 
56 543 
56 482 
56 580 
56 303 
56 7 
56 548 
56 182 
56 237 
56 184 
56 582 
56 137 
56 322 
56 319 
56 552 
56 229 
56 462 
56 110 
56 575 
56 324 
56 143 
56 421 
56 418 
56 108 
56 560 
56 323 
56 555 
56 268 
56 276 
56 195 
56 579 
56 559 
56 383 
56 51 
56 225 
56 258 
56 381 
56 52 
56 67 
56 301 
56 574 
56 505 
56 168 
56 53 
56 266 
56 440 
56 28 
56 390 
56 190 
56 425 
56 166 
56 403 
56 413 
56 193 
56 527 
56 337 
56 239 
56 148 
56 298 
56 357 
56 284 
56 271 
56 591 
56 516 
56 46 
56 530 
56 100 
56 114 
56 66 
56 211 
56 500 
56 433 
56 441 
56 407 
56 267 
56 503 
56 245 
56 128 
56 542 
56 546 
56 278 
56 98 
56 396 
56 125 
56 210 
56 504 
56 564 
56 389 
56 468 
56 346 
56 493 
56 442 
56 376 
56 32 
56 235 
56 572 
56 200 
56 368 
56 253 
56 213 
56 188 
56 336 
56 569 
56 233 
56 554 
56 241 
56 117 
56 59 
56 286 
56 352 
56 10 
56 163 
56 257 
56 463 
56 427 
56 485 
56 443 
56 47 
56 538 
56 134 
56 155 
56 39 
56 216 
56 514 
56 127 
56 499 
56 79 
56 8 
56 448 
56 391 
56 224 
56 467 
56 377 
56 172 
57 318 
57 455 
57 217 
57 53 
57 166 
57 34 
57 581 
57 231 
57 560 
57 220 
57 336 
57 70 
57 23 
57 356 
57 242 
57 478 
57 39 
57 333 
57 136 
57 306 
57 476 
57 311 
57 443 
57 255 
57 146 
57 43 
57 419 
57 126 
57 51 
57 309 
57 558 
57 30 
57 153 
57 589 
57 447 
57 413 
57 135 
57 545 
57 182 
57 151 
57 524 
57 269 
57 44 
57 155 
57 67 
57 247 
57 281 
57 508 
57 58 
57 49 
57 512 
57 565 
57 297 
57 437 
57 405 
57 203 
57 525 
57 264 
57 10 
57 185 
57 164 
57 440 
57 273 
57 180 
57 431 
57 302 
57 383 
57 446 
57 353 
57 496 
57 246 
57 322 
57 184 
57 482 
57 463 
57 96 
57 513 
57 483 
57 289 
57 272 
57 79 
57 408 
57 479 
57 308 
57 465 
57 41 
57 367 
57 504 
57 531 
57 154 
57 234 
57 162 
57 591 
57 575 
57 556 
57 228 
57 113 
57 296 
57 279 
57 379 
57 568 
57 372 
57 202 
57 542 
57 420 
57 481 
57 109 
57 540 
57 108 
57 567 
57 404 
57 145 
57 5 
57 304 
57 156 
57 490 
57 473 
57 592 
57 329 
57 307 
57 349 
57 229 
57 18 
57 40 
57 165 
57 100 
57 468 
57 221 
57 33 
57 212 
57 486 
57 214 
57 274 
57 93 
57 328 
57 453 
57 376 
57 107 
57 167 
57 227 
57 324 
57 114 
57 204 
57 271 
57 456 
57 487 
57 471 
57 515 
57 198 
57 169 
57 484 
57 412 
57 314 
57 343 
57 590 
57 157 
57 235 
57 163 
57 71 
57 133 
57 298 
57 450 
57 526 
57 130 
57 177 
57 485 
57 120 
57 395 
57 578 
57 196 
58 464 
58 140 
58 507 
58 393 
58 549 
58 504 
58 486 
58 87 
58 40 
58 34 
58 356 
58 363 
58 143 
58 402 
58 30 
58 138 
58 65 
58 52 
58 246 
58 553 
58 285 
58 190 
58 333 
58 546 
58 191 
58 394 
58 248 
58 318 
58 532 
58 189 
58 297 
58 502 
58 389 
58 354 
58 572 
58 152 
58 548 
58 10 
58 86 
58 501 
58 85 
58 477 
58 560 
58 535 
58 398 
58 514 
58 145 
58 53 
58 478 
58 62 
58 469 
58 392 
58 412 
58 110 
58 281 
58 90 
58 109 
58 157 
58 321 
58 451 
58 94 
58 382 
58 447 
58 57 
58 458 
58 564 
58 161 
58 316 
58 46 
58 496 
58 440 
58 160 
58 576 
58 523 
58 343 
58 359 
58 136 
58 129 
58 472 
58 379 
58 54 
58 184 
58 481 
58 156 
58 413 
58 173 
58 286 
58 149 
58 552 
58 541 
58 74 
58 338 
58 83 
58 342 
58 575 
58 374 
58 134 
58 307 
58 534 
58 528 
58 107 
58 513 
58 197 
58 220 
58 308 
58 50 
58 206 
58 267 
58 386 
58 270 
58 489 
58 573 
58 555 
58 446 
58 434 
58 288 
58 401 
58 67 
58 518 
58 485 
58 511 
58 188 
58 530 
58 589 
58 49 
58 455 
58 494 
58 242 
58 108 
58 468 
58 309 
58 275 
58 372 
58 235 
58 291 
58 290 
58 261 
58 436 
58 217 
58 29 
58 375 
58 581 
58 503 
58 408 
58 183 
58 144 
58 424 
58 403 
58 4 
58 303 
58 44 
58 521 
58 323 
58 181 
58 204 
58 377 
58 218 
58 348 
58 582 
58 524 
58 132 
58 102 
58 97 
58 559 
58 390 
58 88 
58 146 
58 358 
58 93 
58 105 
58 196 
58 89 
58 580 
58 506 
58 319 
58 272 
58 516 
58 457 
58 219 
58 432 
58 276 
58 587 
58 289 
58 210 
58 284 
59 325 
59 169 
59 150 
59 560 
59 111 
59 455 
59 344 
59 389 
59 324 
59 225 
59 306 
59 294 
59 360 
59 11 
59 104 
59 526 
59 74 
59 136 
59 278 
59 366 
59 442 
59 4 
59 47 
59 106 
59 460 
59 488 
59 555 
59 456 
59 234 
59 132 
59 349 
59 15 
59 72 
59 109 
59 28 
59 546 
59 253 
59 573 
59 224 
59 414 
59 572 
59 197 
59 186 
59 476 
59 70 
59 309 
59 368 
59 240 
59 295 
59 65 
59 293 
59 241 
59 364 
59 86 
59 36 
59 379 
59 41 
59 556 
59 176 
59 446 
59 213 
59 559 
59 393 
59 376 
59 159 
59 308 
59 568 
59 277 
59 154 
59 314 
59 410 
59 286 
59 195 
59 345 
59 71 
59 513 
59 400 
59 2 
59 140 
59 50 
59 487 
59 289 
59 110 
59 440 
59 87 
59 223 
59 362 
59 242 
59 459 
59 279 
59 297 
59 499 
59 372 
59 145 
59 211 
59 99 
59 352 
59 434 
59 486 
59 534 
59 40 
59 255 
59 98 
59 543 
59 338 
59 27 
59 280 
59 373 
59 540 
59 342 
59 377 
59 569 
59 411 
59 449 
59 265 
59 202 
59 261 
59 249 
59 60 
59 300 
59 497 
59 30 
59 313 
59 365 
59 103 
59 291 
59 382 
59 93 
59 254 
59 578 
59 235 
59 524 
59 82 
59 33 
59 251 
59 198 
59 262 
59 166 
59 35 
59 511 
59 127 
59 334 
59 80 
59 52 
59 222 
59 205 
59 579 
59 551 
59 348 
59 189 
59 290 
59 273 
59 43 
59 398 
59 548 
59 204 
59 405 
59 443 
59 18 
59 105 
59 305 
59 537 
59 322 
59 56 
59 475 
59 219 
59 141 
59 493 
59 209 
59 350 
59 238 
59 581 
59 403 
59 252 
59 515 
59 128 
59 113 
59 17 
59 418 
59 566 
59 310 
59 351 
59 422 
59 550 
59 448 
59 29 
59 378 
60 496 
60 388 
60 562 
60 200 
60 585 
60 268 
60 185 
60 256 
60 91 
60 578 
60 439 
60 550 
60 38 
60 166 
60 130 
60 169 
60 428 
60 565 
60 477 
60 219 
60 264 
60 177 
60 65 
60 280 
60 224 
60 309 
60 286 
60 137 
60 35 
60 78 
60 376 
60 246 
60 574 
60 297 
60 334 
60 584 
60 588 
60 541 
60 590 
60 324 
60 325 
60 352 
60 370 
60 180 
60 195 
60 113 
60 146 
60 517 
60 276 
60 33 
60 183 
60 476 
60 426 
60 540 
60 569 
60 34 
60 63 
60 153 
60 322 
60 373 
60 199 
60 400 
60 110 
60 521 
60 497 
60 506 
60 304 
60 505 
60 141 
60 474 
60 418 
60 70 
60 212 
60 7 
60 167 
60 191 
60 208 
60 589 
60 380 
60 148 
60 287 
60 349 
60 273 
60 386 
60 263 
60 24 
60 93 
60 413 
60 579 
60 112 
60 270 
60 460 
60 125 
60 75 
60 546 
60 487 
60 245 
60 452 
60 572 
60 336 
60 59 
60 48 
60 127 
60 239 
60 289 
60 523 
60 520 
60 16 
60 389 
60 155 
60 381 
60 390 
60 337 
60 255 
60 168 
60 144 
60 161 
60 377 
60 301 
60 247 
60 175 
60 104 
60 182 
60 424 
60 443 
60 138 
60 402 
60 235 
60 583 
60 351 
60 188 
60 453 
60 282 
60 157 
60 116 
60 204 
60 512 
60 310 
60 447 
60 228 
60 539 
60 444 
60 436 
60 449 
60 296 
60 357 
60 488 
60 369 
60 412 
60 441 
60 20 
60 399 
60 395 
60 285 
60 580 
60 501 
60 4 
60 149 
60 422 
60 406 
60 435 
60 220 
60 190 
60 90 
60 206 
60 423 
60 186 
60 581 
60 455 
60 416 
60 178 
60 408 
60 159 
61 402 
61 97 
61 354 
61 432 
61 347 
61 461 
61 145 
61 4 
61 548 
61 485 
61 535 
61 521 
61 272 
61 41 
61 69 
61 185 
61 13 
61 411 
61 310 
61 121 
61 516 
61 228 
61 495 
61 246 
61 120 
61 8 
61 173 
61 436 
61 546 
61 88 
61 1 
61 194 
61 325 
61 157 
61 394 
61 171 
61 300 
61 90 
61 3 
61 414 
61 450 
61 112 
61 14 
61 356 
61 250 
61 341 
61 142 
61 545 
61 508 
61 307 
61 499 
61 167 
61 247 
61 401 
61 525 
61 19 
61 343 
61 86 
61 29 
61 389 
61 286 
61 416 
61 23 
61 162 
61 587 
61 493 
61 385 
61 327 
61 249 
61 371 
61 478 
61 122 
61 146 
61 176 
61 275 
61 544 
61 378 
61 83 
61 357 
61 569 
61 353 
61 119 
61 175 
61 271 
61 240 
61 417 
61 94 
61 73 
61 258 
61 248 
61 255 
61 136 
61 12 
61 264 
61 218 
61 168 
61 484 
61 297 
61 26 
61 196 
61 159 
61 169 
61 24 
61 49 
61 224 
61 334 
61 189 
61 323 
61 105 
61 360 
61 139 
61 441 
61 534 
61 74 
61 137 
61 413 
61 299 
61 541 
61 477 
61 220 
61 494 
61 292 
61 45 
61 28 
61 239 
61 103 
61 398 
61 500 
61 486 
61 306 
61 197 
61 47 
61 397 
61 355 
61 165 
61 326 
61 562 
61 428 
61 288 
61 466 
61 277 
61 573 
61 235 
61 50 
61 445 
61 540 
61 376 
61 381 
61 110 
61 211 
61 410 
61 101 
61 412 
61 219 
61 133 
61 543 
61 447 
61 329 
61 375 
61 518 
61 152 
61 35 
61 365 
62 342 
62 30 
62 55 
62 534 
62 31 
62 402 
62 148 
62 375 
62 585 
62 460 
62 242 
62 309 
62 576 
62 126 
62 330 
62 64 
62 391 
62 496 
62 43 
62 89 
62 430 
62 83 
62 172 
62 137 
62 447 
62 401 
62 179 
62 523 
62 483 
62 544 
62 27 
62 260 
62 579 
62 46 
62 94 
62 132 
62 318 
62 468 
62 444 
62 58 
62 281 
62 334 
62 383 
62 170 
62 118 
62 71 
62 48 
62 20 
62 240 
62 157 
62 274 
62 120 
62 365 
62 151 
62 78 
62 313 
62 521 
62 469 
62 219 
62 206 
62 130 
62 461 
62 106 
62 363 
62 183 
62 302 
62 457 
62 297 
62 438 
62 5 
62 361 
62 49 
62 376 
62 403 
62 103 
62 485 
62 571 
62 320 
62 202 
62 85 
62 163 
62 501 
62 116 
62 505 
62 230 
62 40 
62 456 
62 162 
62 404 
62 169 
62 216 
62 173 
62 502 
62 411 
62 536 
62 196 
62 222 
62 327 
62 359 
62 99 
62 410 
62 529 
62 54 
62 582 
62 80 
62 218 
62 374 
62 290 
62 12 
62 153 
62 278 
62 429 
62 516 
62 150 
62 177 
62 540 
62 541 
62 448 
62 473 
62 362 
62 66 
62 51 
62 256 
62 550 
62 156 
62 26 
62 466 
62 298 
62 303 
62 276 
62 209 
62 357 
62 478 
62 421 
62 405 
62 498 
62 29 
62 231 
62 102 
62 117 
62 465 
62 53 
62 221 
62 131 
62 311 
62 246 
62 399 
62 512 
62 527 
62 88 
62 296 
62 392 
62 532 
62 335 
62 462 
62 423 
62 379 
62 154 
62 573 
62 476 
62 261 
62 76 
62 463 
62 520 
62 397 
62 455 
62 509 
62 519 
62 499 
62 546 
62 589 
62 514 
62 578 
62 487 
62 454 
62 489 
63 347 
63 560 
63 299 
63 290 
63 336 
63 467 
63 222 
63 141 
63 407 
63 326 
63 72 
63 484 
63 84 
63 305 
63 462 
63 348 
63 269 
63 145 
63 357 
63 232 
63 576 
63 553 
63 471 
63 457 
63 296 
63 229 
63 45 
63 278 
63 105 
63 128 
63 367 
63 480 
63 504 
63 345 
63 379 
63 148 
63 500 
63 254 
63 300 
63 43 
63 267 
63 85 
63 291 
63 88 
63 411 
63 522 
63 140 
63 488 
63 80 
63 524 
63 548 
63 586 
63 520 
63 337 
63 381 
63 474 
63 433 
63 171 
63 440 
63 230 
63 444 
63 497 
63 79 
63 75 
63 465 
63 92 
63 115 
63 60 
63 111 
63 456 
63 534 
63 459 
63 552 
63 227 
63 44 
63 443 
63 410 
63 65 
63 287 
63 255 
63 331 
63 321 
63 424 
63 346 
63 514 
63 364 
63 123 
63 527 
63 103 
63 160 
63 234 
63 164 
63 583 
63 3 
63 489 
63 273 
63 174 
63 301 
63 549 
63 568 
63 438 
63 383 
63 209 
63 543 
63 143 
63 371 
63 196 
63 249 
63 40 
63 402 
63 436 
63 294 
63 122 
63 395 
63 165 
63 385 
63 523 
63 22 
63 493 
63 70 
63 237 
63 335 
63 495 
63 391 
63 284 
63 197 
63 360 
63 27 
63 283 
63 464 
63 210 
63 580 
63 323 
63 132 
63 469 
63 472 
63 419 
63 476 
63 558 
63 376 
63 540 
63 298 
63 137 
63 567 
63 133 
63 96 
63 91 
63 95 
63 74 
63 349 
63 372 
63 584 
63 313 
63 515 
63 218 
63 511 
63 170 
63 277 
63 585 
63 518 
63 401 
63 417 
63 151 
63 226 
63 350 
63 106 
63 107 
63 189 
63 185 
63 48 
63 573 
63 478 
63 213 
63 412 
63 212 
63 562 
63 539 
63 120 
63 220 
63 130 
63 295 
63 319 
63 288 
63 470 
63 180 
63 445 
64 585 
64 315 
64 438 
64 120 
64 288 
64 314 
64 107 
64 295 
64 141 
64 468 
64 239 
64 51 
64 49 
64 127 
64 570 
64 493 
64 62 
64 37 
64 579 
64 289 
64 515 
64 481 
64 191 
64 17 
64 24 
64 123 
64 99 
64 344 
64 590 
64 485 
64 278 
64 152 
64 68 
64 563 
64 165 
64 254 
64 2 
64 3 
64 187 
64 304 
64 469 
64 349 
64 357 
64 285 
64 134 
64 513 
64 351 
64 88 
64 188 
64 171 
64 22 
64 416 
64 445 
64 38 
64 108 
64 482 
64 23 
64 202 
64 209 
64 494 
64 387 
64 401 
64 511 
64 262 
64 528 
64 576 
64 374 
64 488 
64 441 
64 522 
64 46 
64 294 
64 217 
64 324 
64 394 
64 146 
64 449 
64 131 
64 71 
64 6 
64 586 
64 495 
64 491 
64 242 
64 502 
64 331 
64 28 
64 281 
64 592 
64 253 
64 574 
64 90 
64 153 
64 360 
64 300 
64 453 
64 274 
64 116 
64 231 
64 158 
64 393 
64 137 
64 340 
64 86 
64 226 
64 84 
64 41 
64 26 
64 1 
64 443 
64 419 
64 207 
64 224 
64 276 
64 145 
64 111 
64 388 
64 558 
64 69 
64 9 
64 583 
64 180 
64 218 
64 196 
64 320 
64 213 
64 408 
64 557 
64 203 
64 553 
64 335 
64 552 
64 55 
64 235 
64 339 
64 338 
64 450 
64 458 
64 406 
64 510 
64 135 
64 476 
64 7 
64 529 
64 177 
64 319 
64 524 
64 14 
64 54 
64 313 
64 311 
64 31 
64 290 
64 106 
64 454 
64 501 
64 559 
64 179 
64 52 
64 455 
64 541 
64 229 
64 138 
64 321 
64 500 
64 296 
64 240 
64 189 
64 457 
64 297 
64 96 
64 358 
64 89 
64 303 
64 323 
64 205 
64 87 
64 426 
64 467 
65 203 
65 228 
65 556 
65 278 
65 359 
65 24 
65 469 
65 195 
65 549 
65 583 
65 384 
65 162 
65 47 
65 17 
65 121 
65 483 
65 407 
65 103 
65 136 
65 562 
65 576 
65 50 
65 58 
65 151 
65 170 
65 465 
65 60 
65 235 
65 436 
65 565 
65 515 
65 554 
65 413 
65 314 
65 22 
65 346 
65 7 
65 423 
65 227 
65 5 
65 307 
65 67 
65 367 
65 376 
65 145 
65 473 
65 497 
65 179 
65 165 
65 387 
65 59 
65 276 
65 328 
65 330 
65 106 
65 399 
65 435 
65 448 
65 55 
65 358 
65 405 
65 218 
65 8 
65 443 
65 266 
65 242 
65 468 
65 561 
65 578 
65 239 
65 63 
65 512 
65 472 
65 219 
65 248 
65 34 
65 98 
65 80 
65 463 
65 414 
65 288 
65 72 
65 488 
65 368 
65 546 
65 68 
65 551 
65 566 
65 563 
65 262 
65 90 
65 215 
65 340 
65 313 
65 97 
65 171 
65 487 
65 582 
65 260 
65 18 
65 474 
65 27 
65 160 
65 200 
65 476 
65 157 
65 81 
65 188 
65 92 
65 74 
65 112 
65 467 
65 300 
65 153 
65 415 
65 547 
65 127 
65 46 
65 114 
65 505 
65 71 
65 125 
65 122 
65 391 
65 44 
65 107 
65 187 
65 530 
65 120 
65 447 
65 244 
65 255 
65 524 
65 434 
65 13 
65 575 
65 88 
65 214 
65 355 
65 167 
65 528 
65 337 
65 316 
65 479 
65 245 
65 9 
65 144 
65 345 
65 537 
65 332 
65 229 
65 174 
65 322 
65 181 
65 343 
65 493 
65 233 
65 574 
65 385 
65 430 
65 26 
65 379 
65 534 
65 336 
65 417 
65 374 
65 491 
65 198 
65 392 
65 284 
65 523 
65 95 
65 506 
65 196 
65 211 
65 159 
65 133 
65 182 
65 128 
65 70 
65 499 
66 586 
66 470 
66 438 
66 558 
66 401 
66 487 
66 80 
66 43 
66 264 
66 176 
66 298 
66 444 
66 375 
66 82 
66 262 
66 213 
66 499 
66 523 
66 184 
66 186 
66 103 
66 100 
66 343 
66 210 
66 368 
66 77 
66 269 
66 404 
66 86 
66 123 
66 5 
66 329 
66 165 
66 493 
66 120 
66 226 
66 157 
66 72 
66 363 
66 46 
66 379 
66 255 
66 573 
66 78 
66 45 
66 232 
66 516 
66 425 
66 130 
66 313 
66 565 
66 121 
66 515 
66 26 
66 548 
66 300 
66 517 
66 34 
66 84 
66 544 
66 394 
66 491 
66 8 
66 216 
66 377 
66 288 
66 518 
66 462 
66 27 
66 113 
66 208 
66 196 
66 150 
66 346 
66 177 
66 540 
66 218 
66 115 
66 44 
66 551 
66 428 
66 275 
66 572 
66 169 
66 93 
66 301 
66 484 
66 385 
66 321 
66 33 
66 511 
66 509 
66 461 
66 294 
66 441 
66 180 
66 331 
66 278 
66 465 
66 156 
66 359 
66 56 
66 272 
66 332 
66 542 
66 522 
66 322 
66 197 
66 127 
66 391 
66 328 
66 231 
66 76 
66 14 
66 432 
66 293 
66 387 
66 400 
66 74 
66 75 
66 191 
66 1 
66 62 
66 576 
66 98 
66 15 
66 568 
66 514 
66 442 
66 131 
66 251 
66 512 
66 561 
66 486 
66 17 
66 205 
66 42 
66 427 
66 29 
66 303 
66 233 
66 118 
66 297 
66 164 
66 124 
66 366 
66 344 
66 311 
66 559 
66 30 
66 254 
66 23 
66 443 
66 508 
66 431 
66 25 
66 316 
66 48 
66 373 
66 9 
66 534 
66 389 
66 349 
66 562 
66 358 
66 581 
66 134 
66 505 
66 268 
66 411 
66 125 
66 412 
66 494 
66 564 
66 248 
66 384 
66 135 
66 433 
66 546 
67 321 
67 358 
67 248 
67 416 
67 352 
67 427 
67 272 
67 2 
67 485 
67 493 
67 414 
67 18 
67 165 
67 189 
67 41 
67 391 
67 292 
67 78 
67 166 
67 462 
67 79 
67 294 
67 293 
67 238 
67 339 
67 377 
67 65 
67 524 
67 70 
67 364 
67 575 
67 210 
67 17 
67 562 
67 107 
67 77 
67 504 
67 265 
67 497 
67 84 
67 589 
67 226 
67 571 
67 590 
67 401 
67 57 
67 525 
67 371 
67 512 
67 407 
67 498 
67 325 
67 108 
67 540 
67 415 
67 431 
67 23 
67 247 
67 225 
67 19 
67 203 
67 51 
67 16 
67 418 
67 584 
67 538 
67 56 
67 9 
67 111 
67 500 
67 322 
67 340 
67 428 
67 271 
67 477 
67 209 
67 530 
67 492 
67 522 
67 191 
67 180 
67 464 
67 255 
67 399 
67 326 
67 323 
67 397 
67 550 
67 31 
67 169 
67 344 
67 153 
67 336 
67 241 
67 302 
67 195 
67 586 
67 257 
67 12 
67 58 
67 155 
67 565 
67 338 
67 440 
67 552 
67 474 
67 118 
67 547 
67 142 
67 196 
67 227 
67 303 
67 413 
67 458 
67 342 
67 52 
67 104 
67 591 
67 50 
67 216 
67 487 
67 516 
67 32 
67 259 
67 411 
67 289 
67 251 
67 327 
67 197 
67 579 
67 450 
67 1 
67 74 
67 499 
67 368 
67 392 
67 207 
67 283 
67 24 
67 306 
67 37 
67 150 
67 304 
67 465 
67 54 
67 286 
67 467 
67 520 
67 489 
67 181 
67 200 
67 122 
67 48 
67 176 
67 219 
67 466 
67 172 
67 138 
67 460 
67 253 
67 362 
67 434 
67 367 
67 442 
67 509 
67 446 
67 114 
67 366 
67 85 
68 208 
68 145 
68 591 
68 430 
68 126 
68 186 
68 247 
68 268 
68 434 
68 82 
68 18 
68 204 
68 258 
68 225 
68 26 
68 19 
68 494 
68 322 
68 318 
68 69 
68 123 
68 136 
68 533 
68 85 
68 124 
68 534 
68 77 
68 185 
68 589 
68 263 
68 159 
68 480 
68 478 
68 235 
68 64 
68 199 
68 578 
68 383 
68 564 
68 239 
68 300 
68 361 
68 540 
68 394 
68 397 
68 100 
68 368 
68 577 
68 443 
68 6 
68 400 
68 284 
68 219 
68 209 
68 177 
68 272 
68 122 
68 113 
68 212 
68 200 
68 138 
68 92 
68 452 
68 592 
68 228 
68 246 
68 161 
68 275 
68 15 
68 230 
68 355 
68 499 
68 459 
68 98 
68 129 
68 476 
68 49 
68 65 
68 156 
68 387 
68 104 
68 457 
68 210 
68 426 
68 266 
68 392 
68 530 
68 374 
68 389 
68 166 
68 297 
68 362 
68 102 
68 50 
68 501 
68 433 
68 552 
68 585 
68 321 
68 417 
68 231 
68 485 
68 528 
68 117 
68 5 
68 556 
68 114 
68 471 
68 337 
68 148 
68 579 
68 137 
68 291 
68 582 
68 395 
68 91 
68 71 
68 109 
68 105 
68 218 
68 182 
68 427 
68 53 
68 339 
68 584 
68 566 
68 372 
68 119 
68 507 
68 27 
68 326 
68 244 
68 206 
68 38 
68 319 
68 310 
68 352 
68 405 
68 152 
68 563 
68 25 
68 261 
68 543 
68 188 
68 293 
68 22 
68 401 
68 269 
68 111 
68 353 
68 410 
68 302 
68 568 
68 548 
68 388 
68 195 
68 257 
68 232 
68 333 
68 224 
68 506 
68 75 
68 418 
68 16 
68 24 
68 561 
69 323 
69 168 
69 317 
69 188 
69 350 
69 437 
69 48 
69 112 
69 484 
69 587 
69 111 
69 159 
69 477 
69 572 
69 568 
69 500 
69 533 
69 264 
69 163 
69 478 
69 61 
69 276 
69 36 
69 68 
69 6 
69 191 
69 331 
69 429 
69 200 
69 450 
69 378 
69 15 
69 371 
69 172 
69 238 
69 164 
69 541 
69 414 
69 457 
69 401 
69 124 
69 129 
69 119 
69 421 
69 575 
69 505 
69 379 
69 376 
69 523 
69 104 
69 542 
69 154 
69 242 
69 289 
69 514 
69 214 
69 139 
69 226 
69 228 
69 461 
69 428 
69 47 
69 79 
69 345 
69 1 
69 96 
69 590 
69 173 
69 336 
69 151 
69 71 
69 249 
69 465 
69 454 
69 51 
69 487 
69 145 
69 473 
69 221 
69 0 
69 180 
69 443 
69 91 
69 416 
69 73 
69 513 
69 569 
69 209 
69 381 
69 442 
69 143 
69 49 
69 588 
69 132 
69 184 
69 310 
69 409 
69 308 
69 544 
69 332 
69 426 
69 359 
69 398 
69 360 
69 158 
69 241 
69 196 
69 243 
69 30 
69 389 
69 435 
69 224 
69 261 
69 273 
69 4 
69 423 
69 579 
69 64 
69 527 
69 114 
69 387 
69 29 
69 140 
69 146 
69 589 
69 497 
69 256 
69 312 
69 557 
69 247 
69 27 
69 122 
69 283 
69 537 
69 499 
69 107 
69 476 
69 3 
69 288 
69 384 
69 548 
69 325 
69 22 
69 137 
69 118 
69 213 
69 474 
69 187 
69 212 
69 271 
69 309 
69 291 
69 358 
69 503 
69 485 
69 217 
69 456 
69 515 
69 190 
69 74 
69 365 
69 255 
69 218 
69 353 
69 448 
69 83 
69 201 
69 395 
69 106 
69 347 
69 14 
69 25 
69 406 
69 55 
69 133 
69 451 
70 389 
70 435 
70 371 
70 378 
70 325 
70 556 
70 318 
70 209 
70 288 
70 76 
70 117 
70 132 
70 147 
70 116 
70 275 
70 17 
70 491 
70 252 
70 445 
70 57 
70 236 
70 78 
70 71 
70 101 
70 228 
70 335 
70 423 
70 586 
70 237 
70 547 
70 83 
70 22 
70 279 
70 130 
70 465 
70 206 
70 399 
70 152 
70 336 
70 27 
70 353 
70 128 
70 352 
70 156 
70 59 
70 67 
70 402 
70 510 
70 214 
70 457 
70 405 
70 356 
70 369 
70 462 
70 380 
70 329 
70 373 
70 138 
70 131 
70 100 
70 114 
70 281 
70 187 
70 163 
70 142 
70 247 
70 219 
70 517 
70 5 
70 385 
70 548 
70 418 
70 470 
70 19 
70 463 
70 36 
70 569 
70 90 
70 581 
70 313 
70 45 
70 400 
70 527 
70 144 
70 531 
70 111 
70 240 
70 255 
70 175 
70 210 
70 194 
70 428 
70 60 
70 442 
70 523 
70 0 
70 321 
70 221 
70 309 
70 540 
70 395 
70 474 
70 522 
70 459 
70 30 
70 310 
70 274 
70 37 
70 563 
70 145 
70 304 
70 319 
70 577 
70 108 
70 560 
70 169 
70 512 
70 338 
70 497 
70 46 
70 200 
70 451 
70 391 
70 486 
70 333 
70 316 
70 225 
70 63 
70 552 
70 506 
70 573 
70 174 
70 450 
70 202 
70 475 
70 93 
70 504 
70 230 
70 440 
70 148 
70 50 
70 205 
70 386 
70 381 
70 347 
70 154 
70 250 
70 119 
70 348 
70 75 
70 115 
70 407 
70 87 
70 99 
70 286 
70 141 
70 201 
70 289 
70 150 
70 505 
70 544 
70 277 
70 272 
70 244 
70 468 
70 481 
70 196 
70 4 
70 453 
70 188 
70 253 
70 561 
70 460 
70 82 
70 502 
70 492 
70 372 
70 54 
70 1 
70 568 
70 383 
70 307 
70 143 
70 65 
70 124 
71 285 
71 186 
71 338 
71 336 
71 168 
71 373 
71 236 
71 152 
71 513 
71 589 
71 369 
71 426 
71 210 
71 505 
71 396 
71 445 
71 264 
71 286 
71 12 
71 70 
71 99 
71 424 
71 121 
71 542 
71 397 
71 353 
71 38 
71 146 
71 448 
71 226 
71 50 
71 567 
71 346 
71 520 
71 49 
71 398 
71 546 
71 200 
71 446 
71 153 
71 54 
71 321 
71 493 
71 561 
71 62 
71 491 
71 88 
71 179 
71 376 
71 470 
71 180 
71 260 
71 101 
71 150 
71 515 
71 246 
71 42 
71 555 
71 72 
71 428 
71 483 
71 265 
71 59 
71 223 
71 202 
71 566 
71 267 
71 297 
71 554 
71 422 
71 19 
71 573 
71 189 
71 328 
71 526 
71 69 
71 385 
71 592 
71 95 
71 105 
71 207 
71 272 
71 64 
71 135 
71 488 
71 7 
71 172 
71 468 
71 73 
71 18 
71 363 
71 381 
71 140 
71 524 
71 366 
71 108 
71 90 
71 418 
71 447 
71 496 
71 160 
71 310 
71 243 
71 46 
71 4 
71 143 
71 558 
71 248 
71 157 
71 65 
71 562 
71 281 
71 68 
71 151 
71 367 
71 416 
71 415 
71 301 
71 239 
71 364 
71 84 
71 127 
71 401 
71 351 
71 185 
71 162 
71 461 
71 391 
71 375 
71 474 
71 276 
71 252 
71 178 
71 103 
71 47 
71 304 
71 433 
71 563 
71 6 
71 132 
71 148 
71 217 
71 361 
71 259 
71 317 
71 57 
71 21 
71 198 
71 305 
71 511 
71 8 
71 197 
71 20 
71 308 
71 330 
71 34 
71 258 
71 104 
71 156 
71 82 
71 499 
71 177 
71 444 
71 14 
72 448 
72 365 
72 167 
72 464 
72 63 
72 195 
72 424 
72 203 
72 445 
72 247 
72 191 
72 525 
72 544 
72 212 
72 285 
72 32 
72 474 
72 453 
72 541 
72 273 
72 399 
72 466 
72 371 
72 591 
72 552 
72 288 
72 248 
72 81 
72 59 
72 564 
72 334 
72 439 
72 386 
72 204 
72 163 
72 168 
72 30 
72 469 
72 257 
72 477 
72 28 
72 468 
72 400 
72 156 
72 95 
72 56 
72 124 
72 66 
72 218 
72 570 
72 143 
72 26 
72 532 
72 91 
72 49 
72 265 
72 267 
72 249 
72 527 
72 52 
72 393 
72 276 
72 407 
72 55 
72 433 
72 71 
72 510 
72 384 
72 501 
72 481 
72 244 
72 548 
72 425 
72 171 
72 313 
72 237 
72 9 
72 413 
72 221 
72 332 
72 65 
72 269 
72 117 
72 312 
72 1 
72 340 
72 348 
72 54 
72 39 
72 437 
72 187 
72 568 
72 379 
72 152 
72 372 
72 53 
72 431 
72 158 
72 360 
72 533 
72 508 
72 389 
72 216 
72 490 
72 50 
72 5 
72 526 
72 293 
72 231 
72 162 
72 222 
72 242 
72 323 
72 339 
72 140 
72 209 
72 529 
72 86 
72 408 
72 38 
72 253 
72 576 
72 321 
72 169 
72 125 
72 410 
72 170 
72 18 
72 73 
72 391 
72 133 
72 482 
72 80 
72 302 
72 528 
72 112 
72 286 
72 394 
72 189 
72 108 
72 74 
72 21 
72 289 
72 589 
72 336 
72 471 
72 44 
72 201 
72 228 
72 185 
72 154 
72 227 
72 557 
72 15 
72 291 
72 324 
72 262 
72 421 
72 521 
72 196 
72 392 
72 519 
72 406 
72 31 
72 290 
72 459 
72 467 
72 415 
72 417 
72 202 
72 128 
73 429 
73 553 
73 331 
73 529 
73 132 
73 241 
73 435 
73 168 
73 289 
73 185 
73 32 
73 225 
73 566 
73 96 
73 488 
73 346 
73 442 
73 359 
73 204 
73 250 
73 374 
73 163 
73 375 
73 456 
73 497 
73 439 
73 532 
73 210 
73 219 
73 13 
73 581 
73 582 
73 481 
73 170 
73 409 
73 255 
73 78 
73 194 
73 523 
73 571 
73 326 
73 519 
73 188 
73 353 
73 422 
73 43 
73 372 
73 297 
73 329 
73 507 
73 340 
73 476 
73 231 
73 157 
73 417 
73 425 
73 27 
73 570 
73 167 
73 362 
73 0 
73 2 
73 142 
73 330 
73 201 
73 587 
73 272 
73 471 
73 252 
73 154 
73 224 
73 115 
73 286 
73 402 
73 371 
73 360 
73 259 
73 146 
73 124 
73 71 
73 133 
73 26 
73 334 
73 254 
73 69 
73 187 
73 441 
73 399 
73 215 
73 356 
73 294 
73 380 
73 385 
73 449 
73 303 
73 61 
73 543 
73 538 
73 433 
73 109 
73 235 
73 492 
73 177 
73 97 
73 464 
73 118 
73 149 
73 393 
73 336 
73 165 
73 17 
73 158 
73 281 
73 126 
73 30 
73 238 
73 81 
73 92 
73 159 
73 190 
73 546 
73 559 
73 585 
73 395 
73 282 
73 88 
73 42 
73 475 
73 18 
73 301 
73 423 
73 273 
73 141 
73 72 
73 304 
73 196 
73 522 
73 100 
73 314 
73 44 
73 473 
73 263 
73 486 
73 533 
73 530 
73 584 
73 113 
73 589 
73 381 
73 137 
73 130 
73 89 
73 180 
73 469 
73 367 
73 539 
73 443 
73 184 
73 480 
73 453 
73 53 
73 156 
73 298 
73 568 
73 332 
73 246 
73 463 
73 152 
73 325 
73 29 
73 5 
73 498 
73 313 
73 586 
73 76 
73 458 
73 50 
73 266 
73 551 
73 236 
73 347 
74 574 
74 441 
74 349 
74 415 
74 334 
74 372 
74 509 
74 516 
74 453 
74 247 
74 59 
74 529 
74 264 
74 161 
74 359 
74 396 
74 490 
74 480 
74 21 
74 249 
74 167 
74 285 
74 404 
74 256 
74 137 
74 305 
74 208 
74 124 
74 337 
74 483 
74 77 
74 248 
74 456 
74 340 
74 148 
74 147 
74 116 
74 141 
74 17 
74 104 
74 451 
74 482 
74 406 
74 1 
74 382 
74 286 
74 9 
74 199 
74 564 
74 538 
74 232 
74 234 
74 461 
74 33 
74 102 
74 143 
74 274 
74 531 
74 40 
74 491 
74 429 
74 171 
74 55 
74 547 
74 322 
74 89 
74 520 
74 242 
74 414 
74 114 
74 7 
74 198 
74 46 
74 395 
74 397 
74 218 
74 418 
74 347 
74 424 
74 570 
74 546 
74 535 
74 304 
74 190 
74 213 
74 88 
74 555 
74 485 
74 58 
74 377 
74 144 
74 385 
74 579 
74 563 
74 223 
74 514 
74 580 
74 302 
74 478 
74 354 
74 408 
74 187 
74 499 
74 588 
74 549 
74 503 
74 65 
74 203 
74 536 
74 38 
74 18 
74 330 
74 384 
74 188 
74 498 
74 204 
74 431 
74 66 
74 194 
74 43 
74 115 
74 303 
74 123 
74 183 
74 288 
74 162 
74 61 
74 75 
74 271 
74 318 
74 146 
74 553 
74 200 
74 272 
74 475 
74 67 
74 387 
74 243 
74 388 
74 292 
74 376 
74 163 
74 63 
74 479 
74 269 
74 159 
74 72 
74 158 
74 411 
74 543 
74 145 
74 468 
74 446 
74 112 
74 85 
74 157 
74 0 
74 257 
74 378 
74 156 
74 522 
74 287 
74 27 
74 69 
74 374 
74 497 
74 500 
74 379 
74 78 
74 25 
74 559 
74 134 
74 239 
74 193 
74 252 
74 192 
74 177 
74 293 
74 184 
75 585 
75 311 
75 411 
75 247 
75 587 
75 206 
75 111 
75 3 
75 428 
75 556 
75 340 
75 349 
75 481 
75 563 
75 383 
75 315 
75 475 
75 339 
75 581 
75 510 
75 403 
75 358 
75 280 
75 293 
75 242 
75 163 
75 324 
75 209 
75 516 
75 466 
75 440 
75 268 
75 263 
75 123 
75 450 
75 213 
75 14 
75 528 
75 495 
75 325 
75 553 
75 431 
75 215 
75 192 
75 200 
75 135 
75 278 
75 142 
75 462 
75 469 
75 122 
75 257 
75 150 
75 82 
75 41 
75 535 
75 522 
75 301 
75 511 
75 63 
75 143 
75 419 
75 240 
75 182 
75 186 
75 368 
75 309 
75 433 
75 251 
75 543 
75 401 
75 384 
75 168 
75 441 
75 55 
75 28 
75 160 
75 397 
75 374 
75 521 
75 476 
75 237 
75 42 
75 106 
75 320 
75 43 
75 35 
75 144 
75 367 
75 432 
75 5 
75 570 
75 212 
75 406 
75 218 
75 20 
75 94 
75 294 
75 108 
75 60 
75 492 
75 245 
75 287 
75 161 
75 4 
75 199 
75 552 
75 380 
75 84 
75 545 
75 449 
75 15 
75 100 
75 272 
75 341 
75 456 
75 292 
75 171 
75 375 
75 454 
75 162 
75 256 
75 51 
75 66 
75 420 
75 275 
75 350 
75 418 
75 415 
75 86 
75 269 
75 85 
75 34 
75 47 
75 362 
75 74 
75 229 
75 88 
75 373 
75 429 
75 502 
75 488 
75 572 
75 132 
75 246 
75 22 
75 70 
75 124 
75 574 
75 7 
75 202 
75 455 
75 538 
75 191 
75 289 
75 590 
75 399 
75 227 
75 223 
75 110 
75 37 
75 562 
75 155 
75 479 
75 198 
75 173 
75 567 
75 6 
75 273 
75 390 
75 392 
75 68 
75 443 
75 125 
75 557 
75 255 
75 10 
76 143 
76 434 
76 202 
76 500 
76 226 
76 422 
76 70 
76 18 
76 564 
76 458 
76 561 
76 198 
76 501 
76 0 
76 207 
76 272 
76 548 
76 250 
76 413 
76 447 
76 108 
76 129 
76 291 
76 379 
76 36 
76 559 
76 524 
76 208 
76 408 
76 554 
76 99 
76 43 
76 362 
76 241 
76 493 
76 475 
76 346 
76 347 
76 531 
76 312 
76 555 
76 366 
76 115 
76 523 
76 402 
76 381 
76 157 
76 262 
76 385 
76 130 
76 195 
76 197 
76 289 
76 17 
76 397 
76 7 
76 591 
76 580 
76 419 
76 53 
76 222 
76 30 
76 549 
76 212 
76 544 
76 547 
76 277 
76 338 
76 440 
76 303 
76 568 
76 512 
76 494 
76 168 
76 201 
76 377 
76 109 
76 246 
76 535 
76 411 
76 409 
76 370 
76 20 
76 155 
76 579 
76 565 
76 412 
76 367 
76 589 
76 418 
76 103 
76 454 
76 148 
76 509 
76 165 
76 48 
76 260 
76 491 
76 186 
76 66 
76 404 
76 221 
76 100 
76 3 
76 92 
76 183 
76 463 
76 577 
76 395 
76 88 
76 96 
76 33 
76 227 
76 101 
76 410 
76 258 
76 465 
76 230 
76 13 
76 478 
76 427 
76 124 
76 567 
76 508 
76 173 
76 525 
76 462 
76 492 
76 121 
76 504 
76 538 
76 280 
76 519 
76 558 
76 116 
76 278 
76 543 
76 6 
76 259 
76 353 
76 210 
76 432 
76 298 
76 62 
76 318 
76 288 
76 31 
76 90 
76 42 
76 80 
76 484 
76 82 
76 476 
76 73 
76 296 
76 351 
76 50 
76 431 
76 113 
77 129 
77 357 
77 465 
77 34 
77 403 
77 283 
77 503 
77 579 
77 367 
77 530 
77 120 
77 116 
77 24 
77 591 
77 426 
77 237 
77 243 
77 353 
77 15 
77 290 
77 206 
77 66 
77 11 
77 68 
77 125 
77 74 
77 178 
77 114 
77 122 
77 431 
77 320 
77 3 
77 54 
77 154 
77 588 
77 580 
77 17 
77 181 
77 478 
77 186 
77 94 
77 449 
77 172 
77 524 
77 174 
77 208 
77 260 
77 418 
77 359 
77 67 
77 421 
77 559 
77 527 
77 234 
77 79 
77 9 
77 560 
77 96 
77 55 
77 544 
77 158 
77 202 
77 239 
77 273 
77 512 
77 425 
77 153 
77 286 
77 84 
77 414 
77 25 
77 280 
77 519 
77 572 
77 354 
77 82 
77 235 
77 88 
77 526 
77 322 
77 564 
77 338 
77 507 
77 20 
77 312 
77 103 
77 568 
77 134 
77 495 
77 318 
77 361 
77 299 
77 379 
77 335 
77 168 
77 53 
77 29 
77 496 
77 491 
77 210 
77 229 
77 121 
77 303 
77 373 
77 40 
77 376 
77 232 
77 408 
77 169 
77 576 
77 339 
77 391 
77 10 
77 533 
77 46 
77 163 
77 0 
77 412 
77 372 
77 225 
77 271 
77 348 
77 277 
77 516 
77 513 
77 100 
77 542 
77 119 
77 185 
77 386 
77 207 
77 213 
77 28 
77 332 
77 105 
77 525 
77 157 
77 222 
77 330 
77 585 
77 460 
77 191 
77 304 
77 123 
77 87 
77 295 
77 170 
77 127 
77 343 
77 44 
77 589 
77 382 
77 254 
77 146 
77 279 
77 197 
77 488 
77 349 
77 212 
77 536 
77 447 
77 18 
77 233 
77 214 
77 83 
77 494 
77 145 
77 130 
77 49 
77 459 
77 113 
77 380 
77 355 
77 6 
77 112 
77 428 
77 411 
77 142 
77 500 
77 35 
77 314 
77 300 
77 268 
78 527 
78 302 
78 433 
78 587 
78 36 
78 40 
78 367 
78 209 
78 588 
78 100 
78 545 
78 515 
78 129 
78 381 
78 365 
78 289 
78 261 
78 451 
78 231 
78 189 
78 560 
78 278 
78 83 
78 456 
78 384 
78 331 
78 42 
78 70 
78 229 
78 67 
78 226 
78 578 
78 33 
78 60 
78 311 
78 92 
78 494 
78 222 
78 131 
78 17 
78 312 
78 504 
78 56 
78 508 
78 549 
78 91 
78 506 
78 223 
78 22 
78 66 
78 429 
78 487 
78 2 
78 192 
78 462 
78 142 
78 186 
78 41 
78 143 
78 438 
78 73 
78 573 
78 62 
78 580 
78 484 
78 411 
78 12 
78 181 
78 159 
78 565 
78 172 
78 457 
78 277 
78 244 
78 182 
78 88 
78 102 
78 132 
78 134 
78 9 
78 552 
78 138 
78 397 
78 510 
78 90 
78 495 
78 388 
78 568 
78 52 
78 13 
78 165 
78 46 
78 161 
78 149 
78 113 
78 444 
78 121 
78 538 
78 356 
78 37 
78 294 
78 256 
78 574 
78 47 
78 5 
78 449 
78 471 
78 14 
78 324 
78 295 
78 190 
78 465 
78 466 
78 469 
78 246 
78 550 
78 349 
78 501 
78 374 
78 25 
78 482 
78 386 
78 579 
78 151 
78 136 
78 569 
78 361 
78 514 
78 520 
78 197 
78 28 
78 163 
78 378 
78 590 
78 97 
78 157 
78 285 
78 89 
78 234 
78 117 
78 243 
78 254 
78 248 
78 350 
78 203 
78 155 
78 475 
78 437 
78 418 
78 152 
78 191 
78 305 
78 162 
78 371 
78 45 
78 318 
78 127 
78 562 
78 586 
78 74 
78 296 
78 6 
78 196 
78 300 
78 557 
78 291 
78 96 
78 408 
78 31 
78 553 
78 509 
78 34 
78 133 
78 496 
78 20 
78 492 
78 299 
79 284 
79 339 
79 423 
79 566 
79 4 
79 498 
79 192 
79 27 
79 360 
79 364 
79 164 
79 238 
79 441 
79 388 
79 399 
79 323 
79 103 
79 460 
79 143 
79 580 
79 80 
79 440 
79 501 
79 446 
79 158 
79 572 
79 354 
79 133 
79 53 
79 204 
79 289 
79 553 
79 319 
79 67 
79 472 
79 445 
79 375 
79 324 
79 191 
79 301 
79 520 
79 222 
79 255 
79 226 
79 508 
79 154 
79 395 
79 90 
79 495 
79 92 
79 338 
79 467 
79 114 
79 77 
79 198 
79 19 
79 205 
79 63 
79 106 
79 88 
79 175 
79 444 
79 385 
79 365 
79 188 
79 261 
79 473 
79 547 
79 456 
79 111 
79 69 
79 494 
79 366 
79 518 
79 180 
79 82 
79 210 
79 124 
79 458 
79 24 
79 325 
79 392 
79 244 
79 209 
79 384 
79 211 
79 115 
79 253 
79 344 
79 41 
79 116 
79 57 
79 561 
79 195 
79 310 
79 485 
79 97 
79 144 
79 132 
79 122 
79 555 
79 193 
79 558 
79 451 
79 402 
79 320 
79 362 
79 201 
79 554 
79 212 
79 203 
79 525 
79 394 
79 104 
79 430 
79 432 
79 265 
79 1 
79 254 
79 420 
79 412 
79 468 
79 280 
79 270 
79 199 
79 31 
79 146 
79 34 
79 409 
79 400 
79 465 
79 217 
79 185 
79 569 
79 532 
79 535 
79 299 
79 568 
79 89 
79 50 
79 415 
79 141 
79 328 
79 570 
79 86 
79 512 
79 51 
79 573 
79 189 
79 530 
79 463 
79 414 
79 282 
79 350 
79 449 
79 334 
79 30 
79 429 
79 370 
79 273 
79 477 
79 493 
79 245 
79 457 
79 286 
79 515 
79 196 
79 38 
79 234 
79 275 
79 391 
79 42 
79 246 
79 2 
79 56 
79 46 
79 565 
79 396 
79 387 
79 142 
79 469 
79 405 
79 170 
79 583 
79 268 
79 98 
79 49 
80 525 
80 532 
80 433 
80 12 
80 216 
80 380 
80 111 
80 84 
80 118 
80 66 
80 437 
80 191 
80 570 
80 511 
80 339 
80 535 
80 408 
80 79 
80 285 
80 586 
80 241 
80 250 
80 373 
80 195 
80 249 
80 218 
80 446 
80 42 
80 325 
80 21 
80 6 
80 245 
80 194 
80 333 
80 107 
80 291 
80 293 
80 343 
80 534 
80 188 
80 406 
80 92 
80 300 
80 1 
80 201 
80 289 
80 536 
80 0 
80 56 
80 63 
80 515 
80 432 
80 539 
80 564 
80 206 
80 15 
80 353 
80 197 
80 551 
80 389 
80 182 
80 233 
80 480 
80 378 
80 558 
80 336 
80 217 
80 256 
80 393 
80 150 
80 24 
80 31 
80 242 
80 422 
80 396 
80 428 
80 102 
80 65 
80 135 
80 467 
80 444 
80 9 
80 85 
80 496 
80 25 
80 149 
80 592 
80 459 
80 350 
80 552 
80 557 
80 420 
80 365 
80 190 
80 473 
80 450 
80 238 
80 38 
80 498 
80 175 
80 131 
80 51 
80 259 
80 360 
80 62 
80 222 
80 105 
80 53 
80 352 
80 212 
80 326 
80 117 
80 227 
80 523 
80 458 
80 585 
80 554 
80 40 
80 49 
80 577 
80 421 
80 47 
80 225 
80 3 
80 34 
80 571 
80 426 
80 59 
80 404 
80 418 
80 89 
80 425 
80 171 
80 483 
80 351 
80 48 
80 267 
80 461 
80 99 
80 354 
80 209 
80 400 
80 72 
80 419 
80 542 
80 168 
80 91 
80 398 
80 189 
80 346 
80 221 
80 434 
80 449 
80 556 
80 457 
80 288 
80 500 
80 499 
80 18 
80 550 
80 438 
80 324 
80 455 
80 126 
80 305 
80 514 
80 76 
80 167 
80 321 
80 580 
80 44 
80 228 
81 376 
81 576 
81 579 
81 354 
81 149 
81 499 
81 264 
81 231 
81 200 
81 4 
81 372 
81 82 
81 584 
81 351 
81 218 
81 486 
81 185 
81 534 
81 255 
81 340 
81 184 
81 25 
81 190 
81 6 
81 358 
81 441 
81 419 
81 437 
81 356 
81 72 
81 41 
81 186 
81 456 
81 473 
81 28 
81 31 
81 164 
81 409 
81 423 
81 101 
81 248 
81 97 
81 100 
81 553 
81 567 
81 291 
81 559 
81 151 
81 348 
81 179 
81 400 
81 541 
81 590 
81 343 
81 103 
81 214 
81 111 
81 414 
81 334 
81 209 
81 570 
81 327 
81 349 
81 368 
81 139 
81 147 
81 544 
81 565 
81 173 
81 472 
81 519 
81 557 
81 319 
81 40 
81 242 
81 126 
81 436 
81 587 
81 494 
81 325 
81 268 
81 228 
81 549 
81 383 
81 249 
81 580 
81 306 
81 124 
81 240 
81 434 
81 566 
81 24 
81 308 
81 336 
81 168 
81 119 
81 230 
81 125 
81 367 
81 215 
81 65 
81 219 
81 431 
81 196 
81 34 
81 569 
81 16 
81 477 
81 448 
81 397 
81 117 
81 497 
81 406 
81 163 
81 447 
81 129 
81 251 
81 380 
81 10 
81 26 
81 318 
81 520 
81 379 
81 142 
81 73 
81 165 
81 203 
81 583 
81 382 
81 353 
81 582 
81 463 
81 490 
81 305 
81 45 
81 322 
81 170 
81 271 
81 540 
81 180 
81 417 
81 32 
81 267 
81 528 
81 311 
81 573 
81 293 
81 226 
81 387 
81 270 
81 412 
81 216 
81 440 
81 174 
81 83 
81 511 
81 35 
81 347 
81 14 
81 346 
81 501 
81 485 
81 276 
81 93 
81 263 
81 49 
81 496 
81 374 
81 369 
81 550 
81 479 
81 555 
81 178 
81 408 
81 407 
81 574 
81 390 
82 459 
82 189 
82 47 
82 538 
82 295 
82 351 
82 359 
82 278 
82 226 
82 553 
82 177 
82 68 
82 66 
82 81 
82 315 
82 560 
82 330 
82 516 
82 107 
82 186 
82 509 
82 378 
82 432 
82 123 
82 354 
82 570 
82 490 
82 46 
82 316 
82 130 
82 205 
82 5 
82 92 
82 165 
82 300 
82 266 
82 341 
82 150 
82 291 
82 260 
82 520 
82 577 
82 75 
82 125 
82 578 
82 581 
82 478 
82 285 
82 84 
82 108 
82 479 
82 143 
82 144 
82 220 
82 318 
82 164 
82 567 
82 213 
82 410 
82 584 
82 342 
82 188 
82 101 
82 546 
82 586 
82 79 
82 53 
82 193 
82 463 
82 540 
82 308 
82 370 
82 457 
82 222 
82 448 
82 77 
82 320 
82 212 
82 401 
82 261 
82 467 
82 287 
82 263 
82 481 
82 36 
82 475 
82 228 
82 486 
82 113 
82 544 
82 543 
82 160 
82 158 
82 322 
82 152 
82 299 
82 447 
82 383 
82 286 
82 262 
82 555 
82 402 
82 17 
82 590 
82 273 
82 573 
82 171 
82 27 
82 217 
82 138 
82 20 
82 430 
82 283 
82 252 
82 59 
82 40 
82 522 
82 355 
82 139 
82 54 
82 508 
82 159 
82 476 
82 207 
82 492 
82 90 
82 382 
82 436 
82 369 
82 356 
82 549 
82 530 
82 345 
82 518 
82 14 
82 360 
82 264 
82 227 
82 111 
82 565 
82 367 
82 477 
82 449 
82 366 
82 313 
82 238 
82 304 
82 373 
82 94 
82 439 
82 272 
82 25 
82 311 
82 519 
82 443 
82 452 
82 265 
82 323 
82 133 
82 415 
82 334 
82 556 
82 145 
82 314 
82 501 
82 469 
82 203 
82 474 
82 388 
82 435 
82 135 
82 215 
82 247 
82 70 
82 76 
82 421 
82 408 
82 83 
82 198 
82 532 
82 71 
82 317 
82 48 
82 381 
82 400 
82 114 
83 151 
83 415 
83 424 
83 333 
83 203 
83 112 
83 41 
83 18 
83 513 
83 483 
83 339 
83 457 
83 469 
83 474 
83 282 
83 166 
83 253 
83 78 
83 426 
83 431 
83 62 
83 121 
83 290 
83 22 
83 376 
83 583 
83 447 
83 297 
83 464 
83 430 
83 329 
83 587 
83 588 
83 497 
83 420 
83 70 
83 212 
83 392 
83 39 
83 115 
83 350 
83 572 
83 105 
83 161 
83 313 
83 10 
83 335 
83 85 
83 411 
83 120 
83 449 
83 435 
83 176 
83 214 
83 9 
83 344 
83 248 
83 423 
83 249 
83 578 
83 345 
83 521 
83 101 
83 6 
83 220 
83 413 
83 539 
83 88 
83 286 
83 356 
83 416 
83 178 
83 254 
83 261 
83 374 
83 44 
83 150 
83 242 
83 34 
83 332 
83 164 
83 453 
83 443 
83 91 
83 14 
83 536 
83 442 
83 136 
83 190 
83 188 
83 348 
83 35 
83 229 
83 518 
83 61 
83 437 
83 383 
83 398 
83 58 
83 179 
83 564 
83 364 
83 516 
83 362 
83 267 
83 289 
83 13 
83 323 
83 390 
83 309 
83 123 
83 585 
83 258 
83 512 
83 310 
83 184 
83 43 
83 571 
83 37 
83 357 
83 243 
83 445 
83 191 
83 250 
83 224 
83 354 
83 468 
83 264 
83 574 
83 4 
83 279 
83 257 
83 26 
83 358 
83 182 
83 560 
83 577 
83 486 
83 53 
83 142 
83 322 
83 125 
83 17 
83 106 
83 400 
83 478 
83 15 
83 396 
83 225 
83 81 
83 238 
83 530 
83 465 
83 292 
83 208 
83 579 
83 77 
83 226 
83 575 
83 273 
83 24 
83 485 
83 21 
83 69 
83 417 
83 82 
83 528 
83 137 
83 2 
83 338 
83 461 
83 388 
83 194 
83 147 
83 459 
83 507 
84 403 
84 80 
84 253 
84 254 
84 224 
84 446 
84 321 
84 63 
84 473 
84 497 
84 540 
84 405 
84 42 
84 196 
84 28 
84 436 
84 147 
84 55 
84 236 
84 135 
84 148 
84 274 
84 455 
84 496 
84 202 
84 404 
84 114 
84 319 
84 18 
84 107 
84 426 
84 11 
84 27 
84 235 
84 108 
84 198 
84 214 
84 532 
84 50 
84 67 
84 504 
84 491 
84 533 
84 551 
84 420 
84 539 
84 297 
84 82 
84 415 
84 209 
84 26 
84 387 
84 66 
84 139 
84 161 
84 413 
84 575 
84 480 
84 343 
84 549 
84 32 
84 414 
84 190 
84 565 
84 217 
84 77 
84 458 
84 336 
84 362 
84 431 
84 124 
84 508 
84 310 
84 563 
84 374 
84 542 
84 485 
84 22 
84 385 
84 125 
84 424 
84 589 
84 513 
84 299 
84 105 
84 194 
84 382 
84 292 
84 141 
84 397 
84 36 
84 573 
84 507 
84 87 
84 29 
84 5 
84 489 
84 247 
84 3 
84 93 
84 92 
84 395 
84 353 
84 358 
84 187 
84 75 
84 287 
84 470 
84 410 
84 178 
84 568 
84 40 
84 432 
84 64 
84 525 
84 210 
84 419 
84 272 
84 409 
84 71 
84 54 
84 500 
84 521 
84 268 
84 454 
84 400 
84 490 
84 207 
84 570 
84 375 
84 266 
84 39 
84 586 
84 298 
84 483 
84 49 
84 46 
84 304 
84 193 
84 2 
84 166 
84 38 
84 19 
84 577 
84 464 
84 295 
84 199 
84 425 
84 579 
84 238 
84 234 
84 346 
84 252 
84 117 
84 98 
84 163 
84 115 
84 517 
84 21 
84 335 
84 479 
84 185 
84 571 
84 437 
84 331 
84 518 
84 560 
84 91 
84 176 
84 136 
84 526 
84 581 
84 276 
84 289 
84 189 
84 498 
84 523 
84 381 
84 348 
84 227 
85 244 
85 471 
85 226 
85 397 
85 317 
85 187 
85 544 
85 125 
85 408 
85 555 
85 157 
85 589 
85 424 
85 318 
85 338 
85 321 
85 384 
85 205 
85 160 
85 68 
85 107 
85 238 
85 287 
85 474 
85 558 
85 416 
85 129 
85 158 
85 58 
85 229 
85 281 
85 266 
85 201 
85 63 
85 5 
85 86 
85 371 
85 177 
85 252 
85 19 
85 147 
85 117 
85 83 
85 0 
85 214 
85 40 
85 180 
85 421 
85 434 
85 357 
85 458 
85 223 
85 550 
85 518 
85 447 
85 552 
85 304 
85 164 
85 462 
85 504 
85 306 
85 488 
85 146 
85 477 
85 387 
85 382 
85 25 
85 461 
85 80 
85 452 
85 517 
85 62 
85 273 
85 176 
85 111 
85 275 
85 527 
85 310 
85 47 
85 478 
85 39 
85 156 
85 432 
85 560 
85 221 
85 224 
85 53 
85 456 
85 55 
85 293 
85 551 
85 313 
85 553 
85 278 
85 564 
85 505 
85 227 
85 339 
85 410 
85 144 
85 123 
85 103 
85 294 
85 444 
85 75 
85 377 
85 376 
85 413 
85 400 
85 522 
85 140 
85 379 
85 414 
85 240 
85 93 
85 172 
85 289 
85 301 
85 184 
85 336 
85 418 
85 391 
85 529 
85 340 
85 6 
85 36 
85 74 
85 128 
85 569 
85 237 
85 480 
85 26 
85 448 
85 422 
85 493 
85 290 
85 582 
85 308 
85 150 
85 130 
85 489 
85 203 
85 38 
85 368 
85 520 
85 492 
85 169 
85 440 
85 327 
85 295 
85 24 
85 563 
85 571 
85 206 
85 431 
85 547 
85 346 
85 536 
85 67 
86 263 
86 352 
86 283 
86 176 
86 522 
86 376 
86 442 
86 194 
86 187 
86 268 
86 160 
86 13 
86 467 
86 524 
86 532 
86 289 
86 582 
86 147 
86 222 
86 178 
86 43 
86 175 
86 342 
86 240 
86 181 
86 66 
86 281 
86 58 
86 476 
86 531 
86 358 
86 174 
86 85 
86 494 
86 502 
86 119 
86 430 
86 535 
86 156 
86 248 
86 320 
86 456 
86 500 
86 400 
86 118 
86 478 
86 388 
86 59 
86 411 
86 438 
86 349 
86 107 
86 51 
86 297 
86 574 
86 505 
86 19 
86 261 
86 214 
86 61 
86 94 
86 396 
86 296 
86 244 
86 518 
86 49 
86 14 
86 437 
86 130 
86 498 
86 590 
86 274 
86 225 
86 448 
86 534 
86 458 
86 204 
86 406 
86 171 
86 127 
86 366 
86 545 
86 233 
86 148 
86 290 
86 511 
86 370 
86 350 
86 293 
86 325 
86 553 
86 577 
86 425 
86 157 
86 367 
86 521 
86 132 
86 137 
86 207 
86 527 
86 264 
86 466 
86 155 
86 182 
86 579 
86 565 
86 410 
86 64 
86 286 
86 0 
86 285 
86 139 
86 354 
86 226 
86 110 
86 397 
86 121 
86 555 
86 72 
86 526 
86 520 
86 75 
86 460 
86 258 
86 539 
86 34 
86 115 
86 36 
86 252 
86 492 
86 559 
86 189 
86 257 
86 217 
86 79 
86 109 
86 371 
86 198 
86 318 
86 9 
86 550 
86 31 
86 123 
86 380 
86 507 
86 249 
86 461 
86 209 
86 508 
86 179 
86 372 
86 197 
86 510 
86 200 
86 519 
86 542 
86 220 
86 506 
86 517 
86 485 
86 452 
87 180 
87 331 
87 478 
87 476 
87 58 
87 483 
87 326 
87 415 
87 313 
87 518 
87 267 
87 412 
87 246 
87 591 
87 391 
87 342 
87 328 
87 250 
87 425 
87 410 
87 109 
87 325 
87 201 
87 577 
87 173 
87 569 
87 125 
87 151 
87 573 
87 566 
87 401 
87 589 
87 526 
87 222 
87 97 
87 367 
87 445 
87 182 
87 212 
87 545 
87 274 
87 408 
87 372 
87 374 
87 164 
87 178 
87 226 
87 405 
87 369 
87 105 
87 114 
87 18 
87 416 
87 332 
87 534 
87 515 
87 208 
87 492 
87 555 
87 170 
87 47 
87 136 
87 266 
87 20 
87 565 
87 375 
87 303 
87 453 
87 564 
87 537 
87 540 
87 154 
87 231 
87 319 
87 553 
87 59 
87 167 
87 488 
87 44 
87 140 
87 384 
87 211 
87 340 
87 525 
87 504 
87 414 
87 347 
87 108 
87 471 
87 457 
87 397 
87 433 
87 588 
87 103 
87 240 
87 288 
87 96 
87 181 
87 363 
87 527 
87 84 
87 290 
87 321 
87 454 
87 448 
87 523 
87 213 
87 474 
87 186 
87 586 
87 426 
87 539 
87 39 
87 263 
87 465 
87 301 
87 307 
87 466 
87 550 
87 101 
87 432 
87 128 
87 507 
87 292 
87 270 
87 116 
87 579 
87 243 
87 393 
87 247 
87 452 
87 394 
87 143 
87 509 
87 511 
87 271 
87 376 
87 281 
87 289 
87 575 
87 556 
87 95 
87 283 
87 77 
87 117 
87 70 
87 171 
87 278 
87 112 
87 535 
87 400 
87 236 
87 134 
87 13 
87 438 
87 229 
87 153 
87 16 
87 557 
87 498 
87 348 
87 441 
87 315 
87 357 
87 110 
87 430 
87 189 
87 563 
87 90 
87 327 
87 64 
87 386 
88 245 
88 246 
88 132 
88 476 
88 136 
88 1 
88 405 
88 31 
88 147 
88 460 
88 436 
88 371 
88 429 
88 236 
88 178 
88 489 
88 463 
88 225 
88 270 
88 554 
88 254 
88 240 
88 192 
88 230 
88 172 
88 328 
88 411 
88 229 
88 242 
88 333 
88 148 
88 13 
88 167 
88 176 
88 580 
88 329 
88 61 
88 403 
88 36 
88 126 
88 578 
88 250 
88 63 
88 507 
88 90 
88 110 
88 464 
88 432 
88 445 
88 198 
88 106 
88 71 
88 568 
88 548 
88 349 
88 423 
88 64 
88 144 
88 3 
88 561 
88 79 
88 521 
88 185 
88 474 
88 239 
88 415 
88 313 
88 263 
88 143 
88 83 
88 357 
88 330 
88 366 
88 376 
88 78 
88 498 
88 451 
88 267 
88 362 
88 298 
88 219 
88 275 
88 109 
88 194 
88 566 
88 77 
88 114 
88 570 
88 248 
88 91 
88 220 
88 74 
88 33 
88 334 
88 339 
88 505 
88 213 
88 32 
88 232 
88 30 
88 96 
88 255 
88 19 
88 307 
88 262 
88 327 
88 15 
88 281 
88 224 
88 304 
88 540 
88 581 
88 516 
88 269 
88 501 
88 370 
88 350 
88 292 
88 284 
88 479 
88 446 
88 23 
88 135 
88 111 
88 100 
88 131 
88 454 
88 170 
88 47 
88 108 
88 179 
88 528 
88 49 
88 550 
88 76 
88 360 
88 73 
88 101 
88 542 
88 65 
88 530 
88 524 
88 475 
88 412 
88 75 
88 459 
88 402 
88 356 
88 486 
88 221 
88 55 
88 162 
88 529 
88 285 
88 184 
88 525 
88 196 
88 278 
88 471 
88 282 
88 153 
88 94 
88 139 
88 363 
88 258 
88 5 
88 62 
88 107 
88 484 
88 559 
88 51 
88 58 
88 150 
88 134 
88 123 
88 389 
88 168 
88 301 
88 510 
88 437 
88 252 
88 585 
88 358 
88 253 
88 408 
88 257 
88 99 
88 214 
88 152 
88 314 
88 280 
88 291 
88 407 
88 552 
88 462 
88 398 
89 134 
89 95 
89 37 
89 166 
89 551 
89 299 
89 94 
89 221 
89 5 
89 404 
89 570 
89 514 
89 536 
89 38 
89 511 
89 174 
89 163 
89 440 
89 118 
89 192 
89 517 
89 62 
89 275 
89 188 
89 496 
89 585 
89 115 
89 236 
89 56 
89 165 
89 9 
89 15 
89 322 
89 344 
89 429 
89 184 
89 42 
89 161 
89 537 
89 448 
89 203 
89 293 
89 336 
89 155 
89 452 
89 574 
89 474 
89 1 
89 49 
89 167 
89 529 
89 178 
89 249 
89 544 
89 33 
89 390 
89 349 
89 45 
89 208 
89 371 
89 580 
89 181 
89 408 
89 521 
89 157 
89 74 
89 262 
89 326 
89 458 
89 564 
89 264 
89 147 
89 159 
89 439 
89 414 
89 327 
89 290 
89 0 
89 173 
89 478 
89 477 
89 471 
89 561 
89 568 
89 542 
89 54 
89 342 
89 540 
89 547 
89 567 
89 366 
89 99 
89 356 
89 197 
89 187 
89 423 
89 456 
89 380 
89 389 
89 241 
89 353 
89 315 
89 454 
89 213 
89 92 
89 239 
89 533 
89 479 
89 232 
89 503 
89 218 
89 105 
89 392 
89 142 
89 442 
89 308 
89 435 
89 227 
89 228 
89 247 
89 206 
89 588 
89 191 
89 80 
89 292 
89 79 
89 78 
89 321 
89 204 
89 329 
89 480 
89 487 
89 122 
89 504 
89 461 
89 177 
89 119 
89 516 
89 40 
89 302 
89 260 
89 459 
89 554 
89 244 
89 428 
89 334 
89 73 
89 569 
89 522 
89 220 
89 160 
89 246 
89 519 
89 138 
89 29 
89 199 
89 58 
89 351 
89 23 
89 194 
89 19 
89 6 
89 52 
89 337 
89 12 
89 114 
89 211 
89 450 
89 541 
89 64 
89 403 
89 139 
89 238 
89 582 
89 527 
89 443 
90 465 
90 400 
90 282 
90 356 
90 25 
90 584 
90 526 
90 250 
90 492 
90 144 
90 560 
90 508 
90 215 
90 97 
90 114 
90 312 
90 259 
90 322 
90 238 
90 372 
90 460 
90 524 
90 180 
90 21 
90 485 
90 503 
90 530 
90 48 
90 61 
90 425 
90 138 
90 232 
90 88 
90 417 
90 309 
90 401 
90 9 
90 379 
90 262 
90 514 
90 404 
90 79 
90 135 
90 12 
90 58 
90 98 
90 533 
90 499 
90 457 
90 316 
90 287 
90 416 
90 349 
90 451 
90 353 
90 304 
90 70 
90 324 
90 243 
90 307 
90 481 
90 136 
90 341 
90 249 
90 132 
90 13 
90 493 
90 78 
90 381 
90 261 
90 19 
90 591 
90 429 
90 104 
90 352 
90 534 
90 34 
90 206 
90 65 
90 247 
90 106 
90 109 
90 101 
90 490 
90 351 
90 298 
90 317 
90 552 
90 64 
90 31 
90 525 
90 587 
90 116 
90 370 
90 165 
90 71 
90 220 
90 454 
90 488 
90 149 
90 575 
90 388 
90 263 
90 412 
90 207 
90 139 
90 518 
90 32 
90 179 
90 295 
90 423 
90 445 
90 364 
90 420 
90 253 
90 512 
90 82 
90 185 
90 358 
90 443 
90 41 
90 166 
90 30 
90 329 
90 375 
90 573 
90 42 
90 194 
90 108 
90 254 
90 456 
90 314 
90 433 
90 20 
90 216 
90 447 
90 558 
90 511 
90 296 
90 228 
90 501 
90 102 
90 4 
90 333 
90 191 
90 214 
90 33 
90 571 
90 76 
90 171 
90 553 
90 368 
90 380 
90 463 
90 60 
90 283 
90 203 
90 174 
90 337 
90 569 
90 305 
90 87 
90 330 
90 543 
90 251 
90 176 
91 335 
91 22 
91 182 
91 546 
91 284 
91 128 
91 558 
91 148 
91 60 
91 0 
91 98 
91 446 
91 20 
91 197 
91 344 
91 469 
91 352 
91 266 
91 158 
91 470 
91 21 
91 382 
91 467 
91 450 
91 4 
91 585 
91 34 
91 570 
91 121 
91 114 
91 270 
91 438 
91 95 
91 2 
91 286 
91 103 
91 24 
91 264 
91 39 
91 78 
91 179 
91 9 
91 47 
91 137 
91 42 
91 342 
91 37 
91 496 
91 318 
91 72 
91 239 
91 334 
91 153 
91 45 
91 518 
91 554 
91 386 
91 309 
91 515 
91 566 
91 49 
91 206 
91 272 
91 223 
91 194 
91 472 
91 577 
91 410 
91 562 
91 222 
91 292 
91 506 
91 482 
91 285 
91 124 
91 325 
91 413 
91 237 
91 338 
91 401 
91 83 
91 373 
91 88 
91 255 
91 238 
91 200 
91 321 
91 173 
91 69 
91 40 
91 263 
91 320 
91 494 
91 208 
91 268 
91 240 
91 359 
91 186 
91 300 
91 358 
91 578 
91 168 
91 415 
91 473 
91 147 
91 402 
91 115 
91 134 
91 435 
91 193 
91 68 
91 298 
91 26 
91 110 
91 204 
91 568 
91 261 
91 227 
91 185 
91 481 
91 192 
91 487 
91 217 
91 368 
91 132 
91 311 
91 234 
91 434 
91 109 
91 372 
91 164 
91 256 
91 444 
91 591 
91 258 
91 397 
91 289 
91 345 
91 589 
91 63 
91 390 
91 38 
91 80 
91 412 
91 356 
91 243 
91 308 
91 315 
91 508 
91 471 
91 33 
91 253 
91 162 
91 117 
91 581 
91 291 
91 512 
91 290 
91 522 
91 587 
91 540 
91 205 
91 31 
91 539 
91 283 
91 456 
91 113 
91 214 
91 142 
91 84 
91 541 
91 417 
91 350 
91 236 
91 322 
92 577 
92 548 
92 162 
92 115 
92 384 
92 534 
92 137 
92 359 
92 255 
92 231 
92 398 
92 440 
92 342 
92 417 
92 266 
92 331 
92 271 
92 406 
92 177 
92 329 
92 524 
92 35 
92 78 
92 14 
92 565 
92 106 
92 376 
92 44 
92 489 
92 399 
92 184 
92 80 
92 158 
92 221 
92 82 
92 480 
92 212 
92 22 
92 476 
92 295 
92 24 
92 568 
92 79 
92 511 
92 437 
92 549 
92 319 
92 466 
92 101 
92 432 
92 197 
92 249 
92 560 
92 63 
92 175 
92 68 
92 31 
92 487 
92 130 
92 401 
92 554 
92 370 
92 262 
92 279 
92 339 
92 395 
92 573 
92 213 
92 477 
92 274 
92 1 
92 296 
92 498 
92 309 
92 273 
92 220 
92 407 
92 110 
92 472 
92 315 
92 502 
92 117 
92 294 
92 250 
92 138 
92 283 
92 178 
92 214 
92 136 
92 280 
92 310 
92 337 
92 587 
92 151 
92 377 
92 368 
92 206 
92 492 
92 233 
92 467 
92 245 
92 427 
92 84 
92 65 
92 125 
92 132 
92 373 
92 152 
92 275 
92 414 
92 89 
92 567 
92 120 
92 240 
92 269 
92 528 
92 116 
92 288 
92 252 
92 297 
92 216 
92 583 
92 592 
92 521 
92 76 
92 73 
92 207 
92 503 
92 246 
92 486 
92 345 
92 431 
92 555 
92 522 
92 468 
92 124 
92 48 
92 438 
92 404 
92 244 
92 254 
92 378 
92 425 
92 102 
92 230 
92 108 
92 23 
92 15 
92 413 
92 100 
92 470 
92 576 
92 333 
92 509 
92 185 
92 452 
92 189 
92 140 
92 133 
92 261 
92 234 
92 36 
92 436 
92 363 
92 418 
92 533 
92 372 
92 490 
92 461 
92 455 
92 527 
92 409 
92 217 
92 190 
92 126 
92 434 
92 239 
92 188 
92 412 
93 20 
93 191 
93 519 
93 463 
93 589 
93 536 
93 367 
93 193 
93 347 
93 11 
93 19 
93 172 
93 398 
93 324 
93 439 
93 495 
93 387 
93 558 
93 236 
93 4 
93 374 
93 473 
93 164 
93 227 
93 320 
93 22 
93 527 
93 142 
93 41 
93 153 
93 225 
93 342 
93 201 
93 98 
93 308 
93 171 
93 134 
93 428 
93 7 
93 403 
93 396 
93 216 
93 31 
93 512 
93 415 
93 23 
93 209 
93 584 
93 542 
93 226 
93 426 
93 515 
93 365 
93 461 
93 344 
93 149 
93 252 
93 283 
93 40 
93 276 
93 427 
93 165 
93 360 
93 196 
93 16 
93 152 
93 338 
93 312 
93 184 
93 267 
93 211 
93 494 
93 465 
93 579 
93 475 
93 345 
93 497 
93 36 
93 460 
93 582 
93 255 
93 364 
93 479 
93 185 
93 130 
93 544 
93 52 
93 1 
93 237 
93 66 
93 433 
93 303 
93 99 
93 337 
93 241 
93 291 
93 421 
93 290 
93 307 
93 230 
93 60 
93 401 
93 481 
93 84 
93 330 
93 456 
93 486 
93 120 
93 556 
93 268 
93 270 
93 279 
93 151 
93 192 
93 117 
93 313 
93 161 
93 231 
93 349 
93 59 
93 472 
93 34 
93 500 
93 284 
93 131 
93 384 
93 272 
93 504 
93 29 
93 70 
93 323 
93 128 
93 57 
93 525 
93 309 
93 480 
93 577 
93 85 
93 13 
93 409 
93 343 
93 54 
93 559 
93 166 
93 222 
93 491 
93 509 
93 478 
93 47 
93 132 
93 254 
93 58 
93 125 
93 207 
93 195 
93 81 
93 319 
93 133 
93 385 
93 127 
93 363 
93 562 
94 224 
94 538 
94 398 
94 351 
94 480 
94 553 
94 89 
94 567 
94 205 
94 549 
94 533 
94 434 
94 47 
94 315 
94 384 
94 498 
94 530 
94 159 
94 2 
94 250 
94 55 
94 35 
94 443 
94 242 
94 512 
94 542 
94 370 
94 158 
94 438 
94 371 
94 5 
94 437 
94 523 
94 591 
94 397 
94 346 
94 97 
94 62 
94 441 
94 211 
94 226 
94 119 
94 360 
94 580 
94 128 
94 77 
94 222 
94 459 
94 156 
94 325 
94 558 
94 463 
94 376 
94 455 
94 387 
94 357 
94 290 
94 515 
94 58 
94 304 
94 6 
94 114 
94 254 
94 175 
94 18 
94 414 
94 527 
94 201 
94 191 
94 192 
94 317 
94 216 
94 167 
94 143 
94 86 
94 415 
94 43 
94 8 
94 28 
94 535 
94 534 
94 517 
94 543 
94 171 
94 476 
94 26 
94 218 
94 433 
94 383 
94 161 
94 311 
94 520 
94 49 
94 75 
94 150 
94 266 
94 112 
94 61 
94 199 
94 32 
94 487 
94 355 
94 136 
94 202 
94 541 
94 217 
94 240 
94 393 
94 105 
94 130 
94 428 
94 457 
94 177 
94 417 
94 268 
94 316 
94 106 
94 131 
94 354 
94 111 
94 505 
94 575 
94 210 
94 334 
94 244 
94 501 
94 34 
94 572 
94 322 
94 592 
94 27 
94 163 
94 564 
94 586 
94 137 
94 144 
94 115 
94 381 
94 142 
94 279 
94 88 
94 257 
94 3 
94 212 
94 183 
94 429 
94 490 
94 82 
94 241 
94 243 
94 471 
94 389 
94 364 
94 329 
94 185 
94 277 
94 207 
94 42 
94 297 
94 478 
94 101 
94 386 
94 503 
94 151 
94 532 
94 479 
94 578 
94 570 
94 568 
94 197 
94 187 
94 288 
94 282 
95 468 
95 397 
95 491 
95 89 
95 511 
95 41 
95 171 
95 381 
95 568 
95 42 
95 255 
95 486 
95 45 
95 482 
95 107 
95 398 
95 123 
95 520 
95 284 
95 165 
95 474 
95 109 
95 55 
95 312 
95 529 
95 151 
95 176 
95 232 
95 437 
95 91 
95 163 
95 387 
95 51 
95 489 
95 201 
95 498 
95 158 
95 504 
95 450 
95 202 
95 72 
95 431 
95 264 
95 164 
95 494 
95 467 
95 262 
95 412 
95 140 
95 417 
95 14 
95 519 
95 155 
95 590 
95 562 
95 407 
95 273 
95 139 
95 449 
95 113 
95 488 
95 230 
95 391 
95 424 
95 527 
95 495 
95 569 
95 515 
95 115 
95 364 
95 48 
95 287 
95 428 
95 534 
95 71 
95 355 
95 23 
95 362 
95 345 
95 226 
95 459 
95 572 
95 281 
95 322 
95 420 
95 36 
95 476 
95 463 
95 186 
95 22 
95 205 
95 331 
95 239 
95 32 
95 571 
95 303 
95 521 
95 351 
95 293 
95 455 
95 356 
95 429 
95 557 
95 50 
95 357 
95 100 
95 26 
95 234 
95 138 
95 103 
95 154 
95 367 
95 366 
95 212 
95 120 
95 317 
95 542 
95 106 
95 441 
95 333 
95 251 
95 324 
95 531 
95 337 
95 114 
95 564 
95 484 
95 259 
95 344 
95 348 
95 222 
95 148 
95 270 
95 9 
95 329 
95 87 
95 63 
95 11 
95 43 
95 184 
95 365 
95 128 
95 221 
95 447 
95 156 
95 223 
95 112 
95 369 
95 565 
95 543 
95 209 
95 143 
95 131 
95 382 
95 178 
95 153 
95 236 
95 102 
95 339 
95 65 
95 149 
95 207 
95 315 
95 394 
95 197 
95 15 
95 426 
95 462 
96 529 
96 249 
96 361 
96 567 
96 381 
96 300 
96 190 
96 27 
96 530 
96 189 
96 217 
96 450 
96 435 
96 337 
96 390 
96 112 
96 23 
96 173 
96 73 
96 394 
96 362 
96 241 
96 55 
96 311 
96 586 
96 214 
96 98 
96 560 
96 518 
96 47 
96 125 
96 429 
96 542 
96 167 
96 559 
96 332 
96 140 
96 538 
96 494 
96 317 
96 301 
96 135 
96 32 
96 114 
96 592 
96 117 
96 299 
96 330 
96 525 
96 11 
96 371 
96 107 
96 562 
96 433 
96 127 
96 48 
96 219 
96 388 
96 458 
96 19 
96 77 
96 252 
96 43 
96 200 
96 257 
96 324 
96 238 
96 69 
96 308 
96 487 
96 247 
96 515 
96 532 
96 236 
96 126 
96 322 
96 25 
96 359 
96 57 
96 201 
96 405 
96 183 
96 385 
96 490 
96 583 
96 443 
96 233 
96 202 
96 556 
96 87 
96 151 
96 589 
96 88 
96 113 
96 101 
96 283 
96 309 
96 176 
96 8 
96 15 
96 447 
96 210 
96 258 
96 46 
96 488 
96 421 
96 177 
96 389 
96 531 
96 133 
96 221 
96 149 
96 310 
96 590 
96 31 
96 500 
96 398 
96 557 
96 275 
96 434 
96 4 
96 148 
96 251 
96 138 
96 382 
96 250 
96 49 
96 582 
96 572 
96 329 
96 327 
96 313 
96 293 
96 207 
96 76 
96 137 
96 213 
96 549 
96 436 
96 179 
96 439 
96 489 
96 288 
96 256 
96 110 
96 142 
96 410 
96 462 
96 239 
96 287 
96 174 
96 63 
96 570 
96 581 
96 338 
96 305 
96 535 
96 198 
96 507 
96 296 
96 423 
96 261 
96 20 
96 544 
96 474 
96 320 
96 431 
96 328 
96 400 
96 312 
96 477 
96 527 
96 351 
96 271 
96 367 
96 306 
96 459 
96 555 
96 509 
96 584 
96 553 
96 215 
96 386 
96 64 
96 102 
96 118 
96 78 
96 463 
96 28 
96 425 
96 105 
96 199 
96 319 
96 106 
96 432 
97 61 
97 440 
97 251 
97 117 
97 577 
97 390 
97 386 
97 549 
97 14 
97 275 
97 239 
97 293 
97 492 
97 231 
97 182 
97 141 
97 214 
97 56 
97 511 
97 318 
97 407 
97 199 
97 360 
97 284 
97 90 
97 329 
97 298 
97 391 
97 451 
97 557 
97 501 
97 87 
97 574 
97 361 
97 337 
97 112 
97 480 
97 406 
97 194 
97 16 
97 554 
97 340 
97 445 
97 181 
97 519 
97 94 
97 217 
97 591 
97 315 
97 371 
97 213 
97 185 
97 143 
97 339 
97 81 
97 358 
97 462 
97 430 
97 437 
97 153 
97 262 
97 167 
97 130 
97 169 
97 156 
97 124 
97 45 
97 341 
97 209 
97 534 
97 28 
97 558 
97 403 
97 320 
97 538 
97 107 
97 372 
97 266 
97 140 
97 290 
97 15 
97 401 
97 368 
97 478 
97 38 
97 55 
97 517 
97 229 
97 276 
97 242 
97 526 
97 270 
97 187 
97 168 
97 258 
97 79 
97 65 
97 175 
97 230 
97 454 
97 171 
97 353 
97 465 
97 392 
97 134 
97 238 
97 378 
97 253 
97 30 
97 151 
97 215 
97 162 
97 122 
97 166 
97 529 
97 535 
97 192 
97 73 
97 163 
97 53 
97 109 
97 235 
97 458 
97 248 
97 546 
97 302 
97 155 
97 105 
97 373 
97 354 
97 453 
97 444 
97 228 
97 202 
97 128 
97 102 
97 336 
97 40 
97 544 
97 198 
97 226 
97 326 
97 78 
97 410 
97 362 
97 42 
97 205 
97 101 
97 466 
97 255 
97 312 
97 5 
97 132 
97 176 
97 328 
97 47 
97 259 
97 479 
97 180 
97 17 
97 295 
97 396 
97 58 
97 189 
97 224 
97 280 
97 161 
97 424 
97 477 
97 114 
97 133 
97 442 
97 322 
97 418 
97 252 
97 25 
97 516 
97 50 
97 585 
97 374 
97 565 
97 351 
97 13 
97 367 
97 126 
97 488 
97 433 
97 37 
98 159 
98 152 
98 401 
98 146 
98 28 
98 171 
98 546 
98 26 
98 485 
98 339 
98 344 
98 457 
98 17 
98 150 
98 91 
98 233 
98 236 
98 489 
98 487 
98 396 
98 335 
98 216 
98 222 
98 391 
98 331 
98 246 
98 422 
98 164 
98 510 
98 96 
98 323 
98 446 
98 149 
98 509 
98 419 
98 280 
98 128 
98 155 
98 244 
98 313 
98 251 
98 93 
98 525 
98 304 
98 549 
98 431 
98 27 
98 520 
98 172 
98 332 
98 528 
98 491 
98 564 
98 584 
98 591 
98 90 
98 460 
98 162 
98 189 
98 558 
98 181 
98 420 
98 38 
98 249 
98 241 
98 537 
98 51 
98 570 
98 319 
98 533 
98 99 
98 306 
98 415 
98 300 
98 393 
98 438 
98 65 
98 3 
98 68 
98 39 
98 459 
98 494 
98 315 
98 465 
98 367 
98 31 
98 59 
98 292 
98 326 
98 471 
98 360 
98 122 
98 515 
98 334 
98 548 
98 385 
98 499 
98 125 
98 178 
98 13 
98 407 
98 114 
98 212 
98 567 
98 540 
98 479 
98 472 
98 117 
98 468 
98 458 
98 569 
98 382 
98 220 
98 219 
98 590 
98 365 
98 115 
98 190 
98 30 
98 211 
98 448 
98 266 
98 353 
98 262 
98 209 
98 6 
98 572 
98 66 
98 362 
98 544 
98 225 
98 223 
98 56 
98 288 
98 503 
98 482 
98 418 
98 100 
98 156 
98 575 
98 103 
98 372 
98 536 
98 268 
98 109 
98 587 
98 116 
98 142 
98 514 
98 242 
98 555 
98 269 
98 535 
98 267 
98 545 
98 578 
98 480 
98 84 
98 312 
98 542 
98 226 
98 566 
98 538 
98 408 
98 163 
98 450 
98 194 
98 169 
98 521 
98 327 
98 151 
98 270 
98 583 
98 247 
98 289 
98 519 
98 79 
98 524 
98 102 
98 273 
98 25 
99 208 
99 505 
99 522 
99 148 
99 398 
99 443 
99 492 
99 267 
99 285 
99 437 
99 145 
99 290 
99 71 
99 64 
99 170 
99 421 
99 404 
99 311 
99 369 
99 446 
99 335 
99 516 
99 534 
99 54 
99 498 
99 325 
99 4 
99 76 
99 257 
99 585 
99 381 
99 366 
99 253 
99 134 
99 414 
99 392 
99 296 
99 228 
99 431 
99 375 
99 233 
99 531 
99 470 
99 280 
99 209 
99 545 
99 326 
99 109 
99 301 
99 36 
99 471 
99 361 
99 526 
99 41 
99 415 
99 187 
99 221 
99 383 
99 98 
99 367 
99 549 
99 462 
99 503 
99 474 
99 26 
99 167 
99 331 
99 195 
99 59 
99 380 
99 258 
99 425 
99 53 
99 93 
99 247 
99 234 
99 317 
99 165 
99 481 
99 238 
99 514 
99 251 
99 21 
99 320 
99 200 
99 501 
99 89 
99 62 
99 229 
99 199 
99 115 
99 132 
99 29 
99 241 
99 502 
99 110 
99 384 
99 587 
99 25 
99 430 
99 214 
99 105 
99 555 
99 560 
99 373 
99 477 
99 264 
99 259 
99 540 
99 44 
99 497 
99 299 
99 190 
99 254 
99 24 
99 341 
99 0 
99 306 
99 330 
99 507 
99 206 
99 319 
99 80 
99 372 
99 529 
99 262 
99 377 
99 249 
99 485 
99 281 
99 169 
99 128 
99 231 
99 70 
99 583 
99 181 
99 52 
99 287 
99 322 
99 47 
99 537 
99 246 
99 33 
99 573 
99 226 
99 300 
99 2 
99 333 
99 368 
99 354 
99 88 
99 43 
99 336 
99 376 
99 273 
99 127 
99 491 
99 411 
99 391 
99 532 
99 310 
100 474 
100 235 
100 145 
100 450 
100 221 
100 502 
100 78 
100 1 
100 253 
100 490 
100 403 
100 491 
100 564 
100 337 
100 325 
100 451 
100 416 
100 320 
100 497 
100 66 
100 413 
100 529 
100 125 
100 541 
100 101 
100 5 
100 261 
100 511 
100 169 
100 574 
100 108 
100 158 
100 326 
100 205 
100 150 
100 280 
100 312 
100 433 
100 570 
100 343 
100 543 
100 39 
100 219 
100 179 
100 68 
100 528 
100 260 
100 33 
100 476 
100 575 
100 81 
100 182 
100 494 
100 151 
100 319 
100 439 
100 117 
100 456 
100 530 
100 501 
100 70 
100 124 
100 348 
100 36 
100 417 
100 278 
100 302 
100 7 
100 485 
100 189 
100 134 
100 590 
100 237 
100 406 
100 424 
100 102 
100 581 
100 569 
100 287 
100 452 
100 578 
100 489 
100 110 
100 223 
100 226 
100 584 
100 293 
100 298 
100 111 
100 369 
100 107 
100 513 
100 372 
100 316 
100 143 
100 524 
100 545 
100 579 
100 272 
100 239 
100 334 
100 197 
100 172 
100 470 
100 514 
100 245 
100 332 
100 525 
100 363 
100 56 
100 75 
100 160 
100 310 
100 591 
100 176 
100 582 
100 216 
100 88 
100 401 
100 76 
100 95 
100 586 
100 159 
100 9 
100 30 
100 123 
100 136 
100 207 
100 77 
100 521 
100 57 
100 481 
100 288 
100 215 
100 14 
100 587 
100 15 
100 98 
100 353 
100 327 
100 387 
100 73 
100 391 
100 315 
100 408 
100 370 
100 405 
100 453 
100 532 
100 535 
100 297 
100 488 
100 6 
100 140 
100 92 
100 356 
100 469 
100 523 
100 112 
100 47 
100 248 
100 567 
100 499 
100 368 
100 430 
100 555 
100 400 
100 224 
100 275 
100 50 
100 388 
100 202 
100 459 
100 191 
100 300 
100 292 
100 512 
100 225 
100 503 
100 323 
100 487 
100 266 
100 286 
100 2 
100 21 
100 449 
100 233 
100 506 
100 398 
100 464 
100 213 
100 329 
100 553 
100 328 
101 12 
101 448 
101 166 
101 314 
101 294 
101 124 
101 255 
101 324 
101 17 
101 122 
101 453 
101 525 
101 258 
101 116 
101 391 
101 332 
101 321 
101 510 
101 100 
101 531 
101 339 
101 70 
101 183 
101 383 
101 416 
101 109 
101 218 
101 54 
101 131 
101 46 
101 18 
101 219 
101 139 
101 432 
101 419 
101 500 
101 81 
101 257 
101 331 
101 252 
101 229 
101 406 
101 590 
101 203 
101 111 
101 71 
101 513 
101 92 
101 382 
101 355 
101 39 
101 514 
101 83 
101 370 
101 378 
101 577 
101 323 
101 8 
101 326 
101 547 
101 192 
101 422 
101 82 
101 462 
101 329 
101 384 
101 290 
101 45 
101 368 
101 125 
101 302 
101 309 
101 307 
101 266 
101 413 
101 534 
101 11 
101 90 
101 526 
101 571 
101 250 
101 488 
101 489 
101 270 
101 439 
101 366 
101 119 
101 96 
101 194 
101 343 
101 198 
101 162 
101 341 
101 25 
101 362 
101 467 
101 223 
101 409 
101 586 
101 253 
101 518 
101 211 
101 179 
101 493 
101 172 
101 374 
101 104 
101 423 
101 145 
101 322 
101 52 
101 87 
101 411 
101 0 
101 407 
101 232 
101 400 
101 281 
101 118 
101 6 
101 42 
101 279 
101 144 
101 434 
101 340 
101 168 
101 49 
101 524 
101 88 
101 551 
101 272 
101 76 
101 418 
101 4 
101 97 
101 522 
101 575 
101 254 
101 291 
101 431 
101 520 
101 587 
101 304 
101 549 
101 142 
101 306 
101 153 
101 239 
101 592 
101 293 
101 268 
101 299 
101 450 
101 576 
101 588 
101 359 
101 94 
101 9 
101 541 
101 61 
101 509 
101 485 
101 444 
101 354 
101 499 
101 132 
101 123 
101 115 
101 160 
101 244 
102 56 
102 347 
102 160 
102 549 
102 288 
102 392 
102 117 
102 522 
102 360 
102 380 
102 534 
102 449 
102 168 
102 426 
102 107 
102 129 
102 453 
102 18 
102 491 
102 467 
102 375 
102 33 
102 293 
102 342 
102 455 
102 15 
102 401 
102 13 
102 454 
102 514 
102 182 
102 126 
102 261 
102 28 
102 166 
102 137 
102 198 
102 583 
102 367 
102 313 
102 383 
102 419 
102 474 
102 206 
102 197 
102 460 
102 326 
102 242 
102 589 
102 363 
102 145 
102 0 
102 141 
102 147 
102 120 
102 390 
102 9 
102 112 
102 74 
102 247 
102 106 
102 229 
102 572 
102 569 
102 292 
102 204 
102 155 
102 351 
102 122 
102 36 
102 464 
102 100 
102 353 
102 232 
102 80 
102 394 
102 224 
102 78 
102 545 
102 340 
102 227 
102 45 
102 291 
102 574 
102 446 
102 146 
102 321 
102 157 
102 504 
102 234 
102 258 
102 255 
102 529 
102 277 
102 307 
102 159 
102 68 
102 405 
102 289 
102 559 
102 365 
102 187 
102 49 
102 424 
102 478 
102 284 
102 487 
102 366 
102 105 
102 509 
102 299 
102 592 
102 285 
102 386 
102 410 
102 27 
102 554 
102 184 
102 218 
102 356 
102 24 
102 339 
102 97 
102 214 
102 563 
102 121 
102 547 
102 200 
102 26 
102 39 
102 217 
102 268 
102 119 
102 585 
102 183 
102 23 
102 311 
102 62 
102 441 
102 503 
102 92 
102 142 
102 445 
102 382 
102 343 
102 379 
102 276 
102 58 
102 308 
102 138 
102 391 
102 90 
102 542 
102 152 
102 199 
102 591 
102 95 
102 463 
102 552 
102 6 
102 422 
102 297 
102 564 
102 444 
102 328 
102 96 
102 135 
102 131 
102 494 
102 220 
102 98 
103 133 
103 338 
103 108 
103 276 
103 214 
103 552 
103 248 
103 152 
103 574 
103 523 
103 584 
103 442 
103 115 
103 225 
103 348 
103 65 
103 79 
103 201 
103 339 
103 6 
103 66 
103 38 
103 414 
103 322 
103 132 
103 192 
103 144 
103 183 
103 303 
103 560 
103 520 
103 275 
103 357 
103 501 
103 91 
103 277 
103 244 
103 169 
103 163 
103 375 
103 471 
103 325 
103 127 
103 81 
103 503 
103 360 
103 10 
103 116 
103 538 
103 540 
103 184 
103 137 
103 226 
103 50 
103 464 
103 452 
103 557 
103 125 
103 336 
103 467 
103 399 
103 461 
103 308 
103 62 
103 258 
103 16 
103 321 
103 63 
103 119 
103 383 
103 496 
103 128 
103 466 
103 246 
103 87 
103 506 
103 341 
103 77 
103 428 
103 209 
103 412 
103 117 
103 179 
103 404 
103 240 
103 270 
103 395 
103 530 
103 516 
103 76 
103 410 
103 11 
103 422 
103 444 
103 228 
103 517 
103 217 
103 140 
103 59 
103 245 
103 553 
103 389 
103 300 
103 518 
103 281 
103 334 
103 328 
103 123 
103 522 
103 85 
103 327 
103 351 
103 95 
103 197 
103 14 
103 23 
103 566 
103 313 
103 247 
103 36 
103 29 
103 98 
103 166 
103 326 
103 588 
103 61 
103 71 
103 475 
103 507 
103 311 
103 295 
103 462 
103 243 
103 41 
103 470 
103 385 
103 26 
103 448 
103 355 
103 492 
103 359 
103 505 
103 432 
103 527 
103 536 
103 549 
103 591 
103 331 
103 255 
103 474 
103 142 
103 173 
103 170 
103 393 
103 508 
103 131 
104 559 
104 548 
104 518 
104 350 
104 378 
104 260 
104 19 
104 421 
104 305 
104 501 
104 375 
104 22 
104 59 
104 253 
104 236 
104 132 
104 238 
104 206 
104 581 
104 266 
104 359 
104 571 
104 408 
104 1 
104 329 
104 258 
104 179 
104 8 
104 74 
104 291 
104 556 
104 248 
104 369 
104 405 
104 459 
104 245 
104 130 
104 246 
104 335 
104 318 
104 591 
104 417 
104 276 
104 40 
104 69 
104 165 
104 489 
104 536 
104 174 
104 259 
104 340 
104 141 
104 302 
104 166 
104 526 
104 181 
104 363 
104 339 
104 300 
104 184 
104 193 
104 118 
104 362 
104 423 
104 550 
104 152 
104 508 
104 278 
104 338 
104 197 
104 241 
104 309 
104 175 
104 0 
104 90 
104 68 
104 474 
104 6 
104 188 
104 383 
104 160 
104 366 
104 381 
104 317 
104 585 
104 373 
104 578 
104 150 
104 479 
104 502 
104 314 
104 207 
104 533 
104 46 
104 455 
104 457 
104 79 
104 542 
104 123 
104 139 
104 584 
104 37 
104 552 
104 101 
104 432 
104 510 
104 463 
104 229 
104 208 
104 293 
104 277 
104 203 
104 60 
104 143 
104 524 
104 50 
104 164 
104 438 
104 67 
104 357 
104 478 
104 440 
104 137 
104 269 
104 161 
104 286 
104 555 
104 579 
104 117 
104 26 
104 151 
104 331 
104 326 
104 214 
104 176 
104 437 
104 231 
104 348 
104 13 
104 568 
104 315 
104 52 
104 242 
104 217 
104 129 
104 124 
104 531 
104 523 
104 337 
104 488 
104 185 
104 163 
104 142 
104 292 
104 561 
104 336 
104 71 
104 167 
104 170 
104 128 
104 532 
104 311 
104 31 
105 332 
105 541 
105 460 
105 222 
105 424 
105 570 
105 444 
105 246 
105 27 
105 415 
105 254 
105 160 
105 353 
105 146 
105 372 
105 233 
105 438 
105 410 
105 386 
105 63 
105 240 
105 443 
105 527 
105 409 
105 491 
105 165 
105 256 
105 562 
105 589 
105 545 
105 579 
105 36 
105 213 
105 33 
105 343 
105 176 
105 388 
105 129 
105 43 
105 555 
105 83 
105 478 
105 548 
105 378 
105 458 
105 406 
105 87 
105 3 
105 49 
105 387 
105 260 
105 16 
105 178 
105 21 
105 29 
105 4 
105 214 
105 394 
105 34 
105 41 
105 258 
105 537 
105 333 
105 22 
105 106 
105 144 
105 111 
105 416 
105 419 
105 5 
105 447 
105 71 
105 209 
105 431 
105 31 
105 159 
105 404 
105 84 
105 519 
105 130 
105 156 
105 168 
105 516 
105 503 
105 429 
105 169 
105 584 
105 173 
105 167 
105 102 
105 445 
105 217 
105 567 
105 558 
105 80 
105 234 
105 216 
105 379 
105 302 
105 7 
105 230 
105 97 
105 289 
105 384 
105 89 
105 94 
105 356 
105 68 
105 99 
105 220 
105 364 
105 26 
105 357 
105 314 
105 492 
105 61 
105 427 
105 411 
105 571 
105 433 
105 263 
105 393 
105 295 
105 77 
105 494 
105 407 
105 469 
105 135 
105 418 
105 417 
105 288 
105 414 
105 474 
105 504 
105 108 
105 10 
105 497 
105 510 
105 283 
105 113 
105 531 
105 59 
105 287 
105 286 
105 539 
105 264 
105 182 
105 279 
105 312 
105 483 
105 294 
105 274 
105 464 
105 322 
105 515 
105 479 
105 281 
105 126 
105 58 
105 578 
105 376 
105 513 
105 138 
105 6 
105 251 
105 318 
105 517 
105 292 
105 96 
105 112 
105 137 
106 422 
106 377 
106 428 
106 328 
106 580 
106 504 
106 282 
106 558 
106 554 
106 28 
106 515 
106 331 
106 137 
106 499 
106 420 
106 349 
106 476 
106 59 
106 338 
106 195 
106 222 
106 482 
106 434 
106 369 
106 471 
106 248 
106 379 
106 337 
106 92 
106 189 
106 217 
106 125 
106 311 
106 326 
106 374 
106 501 
106 412 
106 56 
106 186 
106 219 
106 447 
106 50 
106 135 
106 148 
106 88 
106 465 
106 1 
106 378 
106 319 
106 525 
106 372 
106 458 
106 586 
106 516 
106 65 
106 314 
106 79 
106 102 
106 144 
106 509 
106 134 
106 62 
106 245 
106 299 
106 546 
106 105 
106 30 
106 197 
106 247 
106 404 
106 132 
106 298 
106 175 
106 556 
106 75 
106 341 
106 286 
106 7 
106 284 
106 41 
106 571 
106 320 
106 324 
106 334 
106 490 
106 517 
106 436 
106 537 
106 90 
106 193 
106 166 
106 212 
106 437 
106 416 
106 449 
106 120 
106 485 
106 10 
106 446 
106 44 
106 149 
106 241 
106 114 
106 251 
106 256 
106 171 
106 258 
106 450 
106 536 
106 224 
106 589 
106 445 
106 196 
106 139 
106 492 
106 122 
106 590 
106 432 
106 213 
106 124 
106 33 
106 425 
106 254 
106 583 
106 371 
106 95 
106 112 
106 495 
106 496 
106 340 
106 94 
106 301 
106 116 
106 271 
106 157 
106 262 
106 289 
106 287 
106 280 
106 317 
106 576 
106 307 
106 159 
106 532 
106 448 
106 475 
106 173 
106 296 
106 200 
106 156 
106 559 
106 83 
106 276 
106 221 
106 591 
106 161 
106 452 
106 204 
106 205 
106 354 
106 578 
106 255 
106 383 
106 176 
106 162 
106 64 
106 370 
106 174 
106 401 
106 218 
106 63 
106 480 
106 524 
106 19 
106 566 
106 414 
106 575 
106 335 
106 169 
106 253 
106 69 
106 365 
106 209 
106 568 
106 117 
106 346 
106 142 
106 96 
107 11 
107 253 
107 10 
107 134 
107 300 
107 474 
107 451 
107 64 
107 375 
107 102 
107 348 
107 556 
107 525 
107 277 
107 269 
107 233 
107 339 
107 327 
107 95 
107 237 
107 500 
107 252 
107 158 
107 391 
107 152 
107 464 
107 4 
107 538 
107 494 
107 82 
107 407 
107 471 
107 449 
107 7 
107 85 
107 146 
107 310 
107 303 
107 266 
107 419 
107 52 
107 2 
107 487 
107 80 
107 307 
107 559 
107 324 
107 84 
107 8 
107 189 
107 195 
107 268 
107 209 
107 531 
107 263 
107 328 
107 545 
107 67 
107 96 
107 177 
107 212 
107 417 
107 36 
107 540 
107 239 
107 142 
107 318 
107 491 
107 288 
107 404 
107 86 
107 352 
107 114 
107 470 
107 133 
107 97 
107 219 
107 132 
107 225 
107 273 
107 518 
107 313 
107 118 
107 230 
107 452 
107 373 
107 169 
107 100 
107 119 
107 187 
107 145 
107 251 
107 284 
107 574 
107 537 
107 498 
107 248 
107 168 
107 428 
107 410 
107 37 
107 457 
107 381 
107 210 
107 58 
107 587 
107 178 
107 490 
107 262 
107 112 
107 293 
107 249 
107 493 
107 184 
107 480 
107 475 
107 176 
107 322 
107 14 
107 489 
107 35 
107 259 
107 65 
107 568 
107 181 
107 506 
107 429 
107 473 
107 240 
107 483 
107 557 
107 205 
107 57 
107 584 
107 590 
107 463 
107 362 
107 247 
107 69 
107 213 
107 453 
107 367 
107 554 
107 321 
107 476 
107 193 
107 505 
107 88 
107 570 
107 162 
107 588 
107 509 
107 63 
107 580 
107 223 
107 144 
107 135 
107 440 
107 180 
107 396 
107 258 
107 296 
107 436 
107 524 
107 207 
107 563 
107 366 
107 342 
108 103 
108 529 
108 406 
108 508 
108 547 
108 447 
108 303 
108 374 
108 194 
108 475 
108 545 
108 489 
108 212 
108 445 
108 344 
108 182 
108 459 
108 584 
108 416 
108 413 
108 403 
108 563 
108 266 
108 126 
108 287 
108 272 
108 376 
108 192 
108 343 
108 373 
108 76 
108 100 
108 55 
108 455 
108 50 
108 40 
108 481 
108 541 
108 341 
108 198 
108 216 
108 84 
108 585 
108 484 
108 288 
108 231 
108 589 
108 274 
108 441 
108 454 
108 46 
108 82 
108 394 
108 465 
108 207 
108 504 
108 246 
108 64 
108 271 
108 52 
108 396 
108 414 
108 358 
108 232 
108 67 
108 56 
108 4 
108 317 
108 37 
108 321 
108 220 
108 364 
108 398 
108 234 
108 290 
108 273 
108 131 
108 470 
108 204 
108 151 
108 109 
108 422 
108 565 
108 87 
108 175 
108 291 
108 135 
108 440 
108 215 
108 283 
108 297 
108 477 
108 543 
108 314 
108 395 
108 75 
108 206 
108 70 
108 71 
108 388 
108 241 
108 57 
108 380 
108 227 
108 45 
108 357 
108 19 
108 239 
108 332 
108 152 
108 466 
108 479 
108 58 
108 551 
108 88 
108 482 
108 432 
108 313 
108 200 
108 451 
108 456 
108 318 
108 471 
108 145 
108 501 
108 26 
108 385 
108 511 
108 7 
108 184 
108 426 
108 174 
108 342 
108 502 
108 535 
108 387 
108 566 
108 150 
108 105 
108 245 
108 90 
108 92 
108 467 
108 72 
108 537 
108 312 
108 346 
108 128 
108 305 
108 32 
108 415 
108 517 
108 521 
108 337 
108 392 
108 539 
108 498 
108 211 
108 120 
108 134 
108 348 
108 379 
108 476 
108 154 
108 42 
108 2 
108 299 
108 444 
108 123 
108 170 
108 439 
108 205 
108 251 
108 485 
109 375 
109 39 
109 391 
109 138 
109 298 
109 507 
109 485 
109 235 
109 125 
109 550 
109 498 
109 27 
109 378 
109 392 
109 87 
109 416 
109 273 
109 562 
109 531 
109 13 
109 95 
109 46 
109 582 
109 567 
109 101 
109 251 
109 59 
109 238 
109 556 
109 502 
109 176 
109 265 
109 162 
109 0 
109 208 
109 528 
109 301 
109 410 
109 29 
109 463 
109 58 
109 480 
109 579 
109 248 
109 576 
109 329 
109 99 
109 390 
109 155 
109 182 
109 213 
109 229 
109 134 
109 468 
109 426 
109 412 
109 198 
109 552 
109 299 
109 278 
109 471 
109 380 
109 311 
109 281 
109 150 
109 114 
109 108 
109 565 
109 401 
109 533 
109 88 
109 517 
109 309 
109 234 
109 90 
109 263 
109 305 
109 451 
109 428 
109 128 
109 526 
109 547 
109 76 
109 417 
109 126 
109 258 
109 482 
109 153 
109 42 
109 461 
109 532 
109 73 
109 57 
109 382 
109 7 
109 534 
109 3 
109 245 
109 203 
109 97 
109 483 
109 44 
109 362 
109 270 
109 188 
109 267 
109 68 
109 409 
109 127 
109 255 
109 505 
109 546 
109 54 
109 590 
109 496 
109 489 
109 253 
109 239 
109 371 
109 179 
109 476 
109 91 
109 293 
109 581 
109 336 
109 591 
109 184 
109 259 
109 359 
109 300 
109 187 
109 252 
109 286 
109 86 
109 16 
109 98 
109 553 
109 385 
109 413 
109 577 
109 168 
109 210 
109 226 
109 361 
109 30 
109 266 
109 232 
109 314 
109 257 
109 282 
109 215 
109 164 
109 530 
109 423 
109 346 
109 306 
109 383 
109 12 
109 436 
109 545 
109 535 
109 5 
109 220 
109 331 
109 244 
109 540 
109 183 
109 272 
110 319 
110 5 
110 541 
110 44 
110 144 
110 488 
110 21 
110 306 
110 551 
110 288 
110 149 
110 484 
110 443 
110 9 
110 382 
110 349 
110 453 
110 185 
110 554 
110 208 
110 17 
110 449 
110 392 
110 157 
110 25 
110 191 
110 538 
110 512 
110 588 
110 438 
110 529 
110 376 
110 421 
110 580 
110 468 
110 339 
110 4 
110 88 
110 425 
110 247 
110 410 
110 561 
110 245 
110 373 
110 252 
110 547 
110 58 
110 286 
110 18 
110 459 
110 333 
110 525 
110 298 
110 562 
110 362 
110 578 
110 302 
110 56 
110 367 
110 371 
110 407 
110 216 
110 60 
110 209 
110 10 
110 253 
110 59 
110 420 
110 198 
110 321 
110 217 
110 391 
110 100 
110 445 
110 402 
110 458 
110 92 
110 267 
110 440 
110 249 
110 338 
110 334 
110 24 
110 527 
110 348 
110 41 
110 433 
110 317 
110 490 
110 40 
110 427 
110 502 
110 403 
110 336 
110 585 
110 575 
110 23 
110 99 
110 465 
110 13 
110 134 
110 514 
110 386 
110 133 
110 363 
110 311 
110 120 
110 318 
110 412 
110 86 
110 137 
110 316 
110 91 
110 556 
110 305 
110 452 
110 273 
110 387 
110 568 
110 255 
110 49 
110 20 
110 274 
110 140 
110 353 
110 331 
110 342 
110 366 
110 442 
110 126 
110 96 
110 374 
110 473 
110 396 
110 351 
110 368 
110 519 
110 439 
110 308 
110 263 
110 48 
110 469 
110 202 
110 184 
110 257 
110 572 
110 504 
110 2 
110 540 
110 206 
110 124 
110 31 
110 408 
110 545 
110 75 
110 61 
110 555 
110 227 
110 290 
110 406 
110 350 
110 481 
110 537 
110 513 
110 476 
110 269 
110 87 
110 548 
110 491 
110 401 
111 41 
111 369 
111 352 
111 526 
111 496 
111 59 
111 162 
111 525 
111 372 
111 80 
111 241 
111 69 
111 472 
111 552 
111 75 
111 349 
111 408 
111 465 
111 320 
111 49 
111 233 
111 393 
111 119 
111 291 
111 463 
111 211 
111 54 
111 392 
111 405 
111 544 
111 498 
111 232 
111 346 
111 140 
111 313 
111 589 
111 44 
111 25 
111 480 
111 424 
111 243 
111 397 
111 36 
111 152 
111 354 
111 515 
111 402 
111 434 
111 511 
111 404 
111 318 
111 171 
111 443 
111 101 
111 378 
111 195 
111 400 
111 81 
111 112 
111 9 
111 536 
111 543 
111 63 
111 545 
111 347 
111 522 
111 79 
111 146 
111 40 
111 420 
111 105 
111 70 
111 51 
111 282 
111 135 
111 458 
111 502 
111 22 
111 210 
111 523 
111 45 
111 591 
111 67 
111 421 
111 85 
111 100 
111 277 
111 260 
111 26 
111 512 
111 191 
111 398 
111 250 
111 391 
111 384 
111 159 
111 419 
111 288 
111 194 
111 491 
111 410 
111 546 
111 578 
111 459 
111 581 
111 203 
111 387 
111 271 
111 333 
111 532 
111 574 
111 220 
111 587 
111 155 
111 205 
111 88 
111 42 
111 186 
111 530 
111 141 
111 3 
111 521 
111 147 
111 64 
111 94 
111 7 
111 10 
111 297 
111 466 
111 184 
111 185 
111 267 
111 148 
111 229 
111 82 
111 580 
111 500 
111 535 
111 294 
111 68 
111 221 
111 16 
111 251 
111 126 
111 486 
111 212 
111 124 
111 577 
111 301 
111 19 
111 139 
111 325 
111 514 
111 15 
111 503 
111 302 
111 156 
111 160 
111 374 
111 488 
111 268 
111 305 
111 201 
111 115 
111 487 
111 216 
111 55 
112 272 
112 586 
112 322 
112 46 
112 69 
112 570 
112 325 
112 83 
112 47 
112 437 
112 421 
112 474 
112 507 
112 423 
112 476 
112 165 
112 365 
112 43 
112 130 
112 581 
112 313 
112 550 
112 96 
112 241 
112 125 
112 434 
112 452 
112 8 
112 457 
112 572 
112 299 
112 331 
112 185 
112 390 
112 53 
112 97 
112 189 
112 483 
112 592 
112 357 
112 356 
112 535 
112 464 
112 242 
112 489 
112 20 
112 126 
112 375 
112 547 
112 228 
112 399 
112 31 
112 61 
112 384 
112 492 
112 295 
112 122 
112 205 
112 424 
112 203 
112 432 
112 9 
112 333 
112 422 
112 188 
112 370 
112 166 
112 140 
112 131 
112 51 
112 102 
112 137 
112 6 
112 111 
112 320 
112 265 
112 551 
112 224 
112 385 
112 429 
112 282 
112 284 
112 490 
112 445 
112 195 
112 460 
112 588 
112 275 
112 577 
112 113 
112 178 
112 506 
112 218 
112 280 
112 359 
112 477 
112 42 
112 438 
112 15 
112 149 
112 267 
112 25 
112 517 
112 562 
112 469 
112 532 
112 211 
112 392 
112 115 
112 162 
112 569 
112 443 
112 170 
112 14 
112 262 
112 471 
112 60 
112 553 
112 415 
112 450 
112 94 
112 546 
112 473 
112 308 
112 65 
112 584 
112 107 
112 353 
112 563 
112 462 
112 515 
112 293 
112 147 
112 531 
112 519 
112 150 
112 177 
112 174 
112 273 
112 345 
112 148 
112 106 
112 564 
112 413 
112 558 
112 361 
112 470 
112 327 
112 306 
112 453 
112 540 
112 223 
112 495 
112 583 
112 354 
112 300 
112 72 
112 207 
112 542 
112 151 
112 433 
112 297 
112 339 
112 22 
112 503 
112 74 
112 100 
112 407 
112 226 
112 202 
112 549 
112 326 
112 136 
112 87 
112 95 
112 510 
112 239 
112 1 
112 277 
112 213 
112 143 
112 301 
112 383 
112 305 
112 54 
112 440 
112 364 
112 77 
112 257 
112 487 
112 105 
112 310 
113 353 
113 327 
113 294 
113 498 
113 180 
113 131 
113 338 
113 450 
113 273 
113 521 
113 172 
113 224 
113 539 
113 406 
113 591 
113 322 
113 303 
113 158 
113 482 
113 217 
113 313 
113 431 
113 302 
113 523 
113 509 
113 463 
113 144 
113 543 
113 499 
113 484 
113 230 
113 575 
113 508 
113 470 
113 367 
113 291 
113 255 
113 411 
113 556 
113 31 
113 467 
113 125 
113 386 
113 331 
113 60 
113 192 
113 516 
113 149 
113 344 
113 507 
113 8 
113 534 
113 265 
113 383 
113 382 
113 372 
113 342 
113 68 
113 347 
113 160 
113 527 
113 163 
113 95 
113 345 
113 156 
113 289 
113 175 
113 205 
113 421 
113 215 
113 511 
113 226 
113 480 
113 227 
113 368 
113 464 
113 269 
113 199 
113 112 
113 457 
113 567 
113 290 
113 304 
113 417 
113 66 
113 171 
113 354 
113 452 
113 78 
113 37 
113 115 
113 212 
113 412 
113 394 
113 432 
113 12 
113 492 
113 82 
113 563 
113 439 
113 574 
113 274 
113 277 
113 96 
113 57 
113 320 
113 47 
113 560 
113 384 
113 6 
113 24 
113 456 
113 387 
113 310 
113 544 
113 259 
113 38 
113 454 
113 555 
113 479 
113 447 
113 222 
113 253 
113 283 
113 474 
113 324 
113 159 
113 471 
113 490 
113 589 
113 461 
113 150 
113 19 
113 413 
113 25 
113 297 
113 548 
113 472 
113 27 
113 166 
113 193 
113 162 
113 311 
113 341 
113 281 
113 296 
113 330 
113 105 
113 349 
113 167 
113 522 
113 494 
113 73 
113 550 
113 473 
113 139 
113 44 
113 258 
113 155 
113 21 
113 183 
113 266 
113 59 
113 77 
113 233 
113 91 
113 409 
113 170 
113 3 
113 207 
113 554 
113 459 
113 76 
113 28 
113 198 
113 285 
113 202 
114 226 
114 290 
114 236 
114 125 
114 570 
114 495 
114 306 
114 468 
114 447 
114 325 
114 526 
114 565 
114 225 
114 425 
114 569 
114 374 
114 262 
114 175 
114 144 
114 204 
114 273 
114 90 
114 382 
114 221 
114 444 
114 24 
114 181 
114 360 
114 136 
114 77 
114 403 
114 246 
114 206 
114 84 
114 91 
114 518 
114 405 
114 551 
114 265 
114 343 
114 347 
114 255 
114 16 
114 585 
114 303 
114 511 
114 96 
114 240 
114 527 
114 185 
114 392 
114 87 
114 130 
114 217 
114 234 
114 515 
114 79 
114 258 
114 579 
114 70 
114 319 
114 278 
114 430 
114 553 
114 94 
114 315 
114 528 
114 498 
114 107 
114 385 
114 203 
114 368 
114 280 
114 550 
114 74 
114 205 
114 317 
114 32 
114 450 
114 174 
114 19 
114 208 
114 464 
114 582 
114 522 
114 152 
114 109 
114 482 
114 399 
114 373 
114 88 
114 55 
114 496 
114 307 
114 521 
114 371 
114 497 
114 36 
114 302 
114 330 
114 6 
114 188 
114 143 
114 106 
114 117 
114 179 
114 2 
114 539 
114 98 
114 359 
114 490 
114 562 
114 56 
114 338 
114 572 
114 68 
114 276 
114 178 
114 65 
114 251 
114 419 
114 542 
114 231 
114 509 
114 45 
114 191 
114 470 
114 8 
114 149 
114 15 
114 576 
114 137 
114 357 
114 287 
114 510 
114 301 
114 184 
114 463 
114 7 
114 361 
114 377 
114 228 
114 443 
114 120 
114 298 
114 304 
114 69 
114 313 
114 95 
114 177 
114 380 
114 445 
114 291 
114 190 
114 363 
114 439 
114 57 
114 259 
114 158 
114 408 
114 210 
114 409 
114 501 
114 201 
114 429 
114 216 
114 327 
114 393 
114 219 
114 388 
114 115 
114 567 
114 475 
114 37 
114 97 
114 324 
114 358 
114 244 
114 266 
114 164 
114 254 
114 182 
114 335 
114 89 
114 17 
114 155 
114 122 
114 67 
114 365 
114 502 
114 129 
114 474 
114 364 
114 454 
114 82 
115 278 
115 397 
115 172 
115 92 
115 218 
115 25 
115 21 
115 582 
115 103 
115 465 
115 370 
115 364 
115 52 
115 573 
115 156 
115 439 
115 321 
115 143 
115 487 
115 365 
115 564 
115 444 
115 89 
115 305 
115 155 
115 158 
115 83 
115 383 
115 587 
115 432 
115 140 
115 301 
115 210 
115 236 
115 448 
115 47 
115 461 
115 440 
115 76 
115 431 
115 588 
115 144 
115 359 
115 590 
115 63 
115 45 
115 584 
115 247 
115 246 
115 498 
115 468 
115 277 
115 7 
115 527 
115 24 
115 296 
115 285 
115 265 
115 123 
115 240 
115 536 
115 273 
115 366 
115 95 
115 233 
115 50 
115 297 
115 73 
115 177 
115 79 
115 66 
115 161 
115 37 
115 217 
115 407 
115 388 
115 351 
115 292 
115 113 
115 232 
115 227 
115 550 
115 31 
115 410 
115 525 
115 112 
115 133 
115 544 
115 19 
115 270 
115 592 
115 534 
115 229 
115 209 
115 323 
115 99 
115 458 
115 541 
115 250 
115 295 
115 164 
115 9 
115 328 
115 91 
115 554 
115 266 
115 98 
115 373 
115 567 
115 398 
115 369 
115 552 
115 137 
115 418 
115 74 
115 22 
115 480 
115 400 
115 2 
115 86 
115 485 
115 320 
115 118 
115 310 
115 94 
115 420 
115 230 
115 510 
115 70 
115 591 
115 506 
115 38 
115 124 
115 114 
115 253 
115 255 
115 116 
115 504 
115 399 
115 423 
115 84 
115 307 
115 14 
115 415 
115 201 
115 451 
115 238 
115 430 
115 315 
115 121 
115 488 
115 390 
115 101 
115 286 
115 111 
115 312 
115 16 
115 171 
115 449 
116 51 
116 24 
116 1 
116 221 
116 147 
116 282 
116 568 
116 211 
116 178 
116 544 
116 70 
116 77 
116 101 
116 547 
116 480 
116 570 
116 230 
116 467 
116 586 
116 476 
116 30 
116 226 
116 56 
116 175 
116 558 
116 166 
116 542 
116 171 
116 74 
116 372 
116 521 
116 535 
116 588 
116 462 
116 252 
116 475 
116 550 
116 464 
116 340 
116 486 
116 423 
116 280 
116 55 
116 409 
116 529 
116 441 
116 120 
116 189 
116 214 
116 195 
116 103 
116 202 
116 318 
116 540 
116 48 
116 365 
116 244 
116 435 
116 17 
116 305 
116 342 
116 133 
116 238 
116 399 
116 261 
116 155 
116 460 
116 374 
116 590 
116 527 
116 62 
116 247 
116 165 
116 49 
116 316 
116 38 
116 283 
116 79 
116 494 
116 492 
116 216 
116 27 
116 338 
116 156 
116 472 
116 397 
116 376 
116 235 
116 439 
116 90 
116 531 
116 26 
116 64 
116 552 
116 587 
116 291 
116 410 
116 141 
116 149 
116 92 
116 356 
116 406 
116 559 
116 87 
116 124 
116 427 
116 361 
116 498 
116 142 
116 346 
116 7 
116 20 
116 355 
116 582 
116 325 
116 248 
116 106 
116 444 
116 223 
116 367 
116 257 
116 60 
116 287 
116 334 
116 339 
116 497 
116 205 
116 98 
116 373 
116 37 
116 523 
116 269 
116 194 
116 173 
116 360 
116 275 
116 363 
116 76 
116 458 
116 115 
116 298 
116 259 
116 52 
116 341 
116 432 
116 15 
116 583 
116 217 
116 161 
116 455 
116 185 
116 381 
116 11 
116 589 
116 368 
116 351 
116 201 
116 387 
116 138 
116 484 
116 2 
116 557 
116 132 
116 358 
116 456 
116 170 
116 495 
116 177 
116 431 
116 9 
116 288 
117 403 
117 445 
117 345 
117 31 
117 97 
117 217 
117 190 
117 102 
117 321 
117 70 
117 177 
117 381 
117 134 
117 524 
117 484 
117 378 
117 34 
117 466 
117 390 
117 309 
117 552 
117 571 
117 350 
117 273 
117 187 
117 202 
117 24 
117 230 
117 282 
117 427 
117 306 
117 479 
117 565 
117 85 
117 96 
117 373 
117 382 
117 439 
117 518 
117 419 
117 100 
117 162 
117 385 
117 39 
117 123 
117 364 
117 561 
117 508 
117 244 
117 535 
117 220 
117 574 
117 14 
117 425 
117 172 
117 157 
117 23 
117 478 
117 568 
117 278 
117 152 
117 164 
117 280 
117 589 
117 53 
117 256 
117 72 
117 394 
117 159 
117 92 
117 520 
117 144 
117 525 
117 551 
117 591 
117 452 
117 300 
117 160 
117 206 
117 175 
117 103 
117 252 
117 114 
117 472 
117 449 
117 208 
117 330 
117 353 
117 491 
117 98 
117 214 
117 173 
117 68 
117 564 
117 431 
117 81 
117 586 
117 150 
117 80 
117 515 
117 93 
117 119 
117 494 
117 124 
117 276 
117 0 
117 469 
117 351 
117 587 
117 521 
117 320 
117 274 
117 1 
117 432 
117 371 
117 514 
117 556 
117 78 
117 104 
117 505 
117 62 
117 542 
117 204 
117 15 
117 365 
117 87 
117 473 
117 567 
117 296 
117 56 
117 17 
117 395 
117 464 
117 323 
117 50 
117 84 
117 428 
117 475 
117 21 
117 16 
117 299 
117 91 
117 389 
117 212 
117 179 
117 261 
117 213 
117 281 
117 2 
117 510 
117 42 
117 540 
117 151 
117 215 
117 516 
117 408 
117 251 
117 414 
117 106 
118 354 
118 476 
118 307 
118 280 
118 439 
118 80 
118 584 
118 329 
118 202 
118 335 
118 205 
118 50 
118 206 
118 509 
118 461 
118 89 
118 459 
118 332 
118 318 
118 137 
118 315 
118 150 
118 129 
118 35 
118 430 
118 265 
118 325 
118 463 
118 543 
118 12 
118 413 
118 338 
118 218 
118 259 
118 590 
118 21 
118 253 
118 578 
118 416 
118 550 
118 512 
118 86 
118 365 
118 582 
118 62 
118 191 
118 554 
118 217 
118 19 
118 560 
118 29 
118 155 
118 468 
118 225 
118 311 
118 221 
118 141 
118 326 
118 396 
118 531 
118 139 
118 237 
118 546 
118 568 
118 104 
118 428 
118 143 
118 269 
118 176 
118 592 
118 188 
118 376 
118 299 
118 460 
118 436 
118 437 
118 527 
118 470 
118 239 
118 581 
118 295 
118 23 
118 55 
118 580 
118 107 
118 368 
118 505 
118 348 
118 48 
118 31 
118 313 
118 433 
118 423 
118 345 
118 9 
118 418 
118 432 
118 140 
118 452 
118 372 
118 449 
118 462 
118 357 
118 374 
118 207 
118 400 
118 310 
118 579 
118 458 
118 134 
118 272 
118 73 
118 553 
118 534 
118 142 
118 10 
118 281 
118 152 
118 415 
118 67 
118 54 
118 350 
118 435 
118 392 
118 101 
118 379 
118 529 
118 500 
118 181 
118 401 
118 341 
118 555 
118 249 
118 124 
118 407 
118 504 
118 367 
118 240 
118 162 
118 327 
118 145 
118 178 
118 230 
118 115 
118 159 
118 38 
118 66 
118 353 
118 440 
118 247 
118 565 
118 158 
118 69 
118 146 
118 485 
118 494 
118 382 
118 171 
118 467 
118 370 
118 575 
118 375 
118 445 
118 165 
118 291 
118 199 
118 52 
118 355 
118 25 
118 3 
118 222 
118 517 
118 175 
118 96 
118 192 
118 523 
118 479 
118 149 
119 196 
119 241 
119 308 
119 461 
119 403 
119 324 
119 250 
119 185 
119 564 
119 232 
119 409 
119 340 
119 28 
119 138 
119 294 
119 24 
119 34 
119 111 
119 506 
119 442 
119 485 
119 376 
119 499 
119 453 
119 227 
119 459 
119 559 
119 389 
119 415 
119 273 
119 242 
119 488 
119 384 
119 274 
119 206 
119 86 
119 120 
119 362 
119 364 
119 539 
119 385 
119 393 
119 280 
119 18 
119 8 
119 94 
119 435 
119 356 
119 575 
119 574 
119 553 
119 521 
119 229 
119 481 
119 450 
119 343 
119 69 
119 465 
119 256 
119 466 
119 374 
119 127 
119 213 
119 197 
119 355 
119 562 
119 144 
119 157 
119 579 
119 1 
119 483 
119 425 
119 342 
119 190 
119 40 
119 335 
119 204 
119 418 
119 238 
119 533 
119 463 
119 248 
119 263 
119 212 
119 276 
119 178 
119 530 
119 492 
119 332 
119 19 
119 405 
119 103 
119 153 
119 544 
119 22 
119 107 
119 151 
119 61 
119 437 
119 181 
119 101 
119 244 
119 460 
119 13 
119 81 
119 350 
119 566 
119 314 
119 327 
119 311 
119 441 
119 379 
119 526 
119 474 
119 117 
119 188 
119 582 
119 208 
119 583 
119 372 
119 515 
119 322 
119 304 
119 68 
119 458 
119 77 
119 451 
119 220 
119 224 
119 223 
119 102 
119 247 
119 141 
119 390 
119 278 
119 334 
119 519 
119 527 
119 399 
119 70 
119 89 
119 395 
119 264 
119 262 
119 267 
119 339 
119 169 
119 10 
119 532 
119 377 
119 569 
119 424 
119 306 
119 445 
119 504 
119 467 
119 16 
119 198 
119 557 
119 326 
119 205 
119 271 
119 167 
119 211 
119 414 
119 412 
119 310 
119 4 
119 136 
119 427 
119 5 
119 266 
119 257 
120 2 
120 436 
120 479 
120 64 
120 239 
120 343 
120 290 
120 459 
120 77 
120 394 
120 311 
120 277 
120 509 
120 150 
120 457 
120 226 
120 455 
120 247 
120 336 
120 203 
120 279 
120 34 
120 498 
120 48 
120 568 
120 4 
120 61 
120 445 
120 433 
120 175 
120 20 
120 221 
120 205 
120 506 
120 218 
120 184 
120 119 
120 413 
120 66 
120 524 
120 320 
120 156 
120 517 
120 385 
120 215 
120 451 
120 591 
120 337 
120 83 
120 586 
120 536 
120 116 
120 344 
120 283 
120 530 
120 62 
120 102 
120 566 
120 398 
120 282 
120 578 
120 466 
120 212 
120 165 
120 372 
120 469 
120 456 
120 286 
120 21 
120 328 
120 387 
120 307 
120 574 
120 557 
120 541 
120 139 
120 3 
120 54 
120 12 
120 353 
120 551 
120 166 
120 583 
120 374 
120 474 
120 471 
120 558 
120 183 
120 132 
120 222 
120 140 
120 246 
120 565 
120 24 
120 106 
120 278 
120 362 
120 260 
120 575 
120 477 
120 562 
120 577 
120 448 
120 93 
120 269 
120 200 
120 405 
120 382 
120 92 
120 137 
120 345 
120 462 
120 428 
120 10 
120 347 
120 181 
120 245 
120 224 
120 309 
120 110 
120 363 
120 424 
120 388 
120 492 
120 5 
120 195 
120 390 
120 95 
120 354 
120 65 
120 185 
120 371 
120 392 
120 114 
120 357 
120 315 
120 285 
120 515 
120 589 
120 412 
120 482 
120 227 
120 186 
120 233 
120 407 
120 121 
120 27 
120 444 
120 396 
120 518 
120 134 
120 490 
120 494 
120 30 
120 468 
120 360 
120 587 
120 440 
120 228 
120 423 
120 552 
120 531 
120 364 
120 206 
120 377 
120 108 
120 231 
120 63 
120 401 
120 375 
120 555 
120 535 
120 561 
120 1 
120 478 
120 472 
120 495 
120 389 
120 447 
120 16 
120 327 
120 57 
120 573 
120 501 
120 209 
121 284 
121 554 
121 330 
121 215 
121 256 
121 370 
121 49 
121 65 
121 520 
121 550 
121 549 
121 293 
121 248 
121 383 
121 548 
121 125 
121 83 
121 234 
121 61 
121 303 
121 71 
121 327 
121 495 
121 198 
121 91 
121 567 
121 286 
121 51 
121 6 
121 258 
121 439 
121 126 
121 257 
121 372 
121 390 
121 164 
121 319 
121 540 
121 467 
121 458 
121 563 
121 203 
121 238 
121 369 
121 334 
121 486 
121 527 
121 66 
121 322 
121 31 
121 583 
121 272 
121 250 
121 192 
121 207 
121 148 
121 36 
121 127 
121 579 
121 335 
121 403 
121 177 
121 128 
121 332 
121 323 
121 516 
121 445 
121 376 
121 47 
121 307 
121 374 
121 28 
121 264 
121 543 
121 175 
121 17 
121 561 
121 565 
121 244 
121 253 
121 392 
121 153 
121 206 
121 37 
121 522 
121 546 
121 292 
121 533 
121 499 
121 78 
121 405 
121 521 
121 166 
121 480 
121 417 
121 38 
121 16 
121 569 
121 21 
121 30 
121 261 
121 539 
121 515 
121 204 
121 77 
121 222 
121 313 
121 555 
121 287 
121 259 
121 300 
121 580 
121 172 
121 400 
121 568 
121 416 
121 462 
121 86 
121 314 
121 102 
121 513 
121 355 
121 282 
121 407 
121 413 
121 511 
121 181 
121 575 
121 217 
121 352 
121 25 
121 144 
121 412 
121 243 
121 492 
121 512 
121 120 
121 228 
121 529 
121 479 
121 76 
121 556 
121 281 
121 218 
121 357 
121 347 
121 586 
121 137 
121 571 
121 386 
121 531 
121 329 
121 233 
121 395 
121 115 
121 464 
121 508 
121 456 
121 430 
121 454 
121 229 
121 551 
121 268 
121 295 
121 298 
121 349 
121 491 
121 266 
121 225 
122 464 
122 354 
122 392 
122 327 
122 574 
122 323 
122 403 
122 165 
122 517 
122 360 
122 549 
122 219 
122 101 
122 505 
122 205 
122 428 
122 350 
122 441 
122 34 
122 496 
122 213 
122 144 
122 239 
122 448 
122 159 
122 2 
122 566 
122 399 
122 461 
122 270 
122 325 
122 136 
122 77 
122 127 
122 512 
122 490 
122 477 
122 163 
122 587 
122 501 
122 338 
122 543 
122 437 
122 267 
122 75 
122 112 
122 32 
122 294 
122 265 
122 404 
122 249 
122 575 
122 68 
122 303 
122 370 
122 183 
122 232 
122 557 
122 571 
122 212 
122 102 
122 26 
122 402 
122 503 
122 397 
122 47 
122 479 
122 444 
122 289 
122 560 
122 278 
122 317 
122 282 
122 211 
122 148 
122 504 
122 257 
122 353 
122 367 
122 406 
122 305 
122 302 
122 4 
122 61 
122 396 
122 277 
122 8 
122 590 
122 151 
122 208 
122 498 
122 238 
122 362 
122 321 
122 79 
122 98 
122 268 
122 246 
122 408 
122 564 
122 311 
122 274 
122 202 
122 27 
122 455 
122 231 
122 493 
122 456 
122 378 
122 97 
122 139 
122 332 
122 320 
122 143 
122 283 
122 106 
122 240 
122 308 
122 65 
122 63 
122 527 
122 589 
122 54 
122 445 
122 563 
122 224 
122 439 
122 215 
122 500 
122 197 
122 162 
122 577 
122 486 
122 550 
122 548 
122 452 
122 89 
122 69 
122 300 
122 291 
122 295 
122 446 
122 173 
122 45 
122 156 
122 235 
122 276 
122 440 
122 184 
122 275 
122 10 
122 167 
122 382 
122 261 
122 67 
122 256 
122 394 
122 572 
122 21 
122 528 
122 217 
122 567 
122 179 
122 434 
122 328 
122 194 
122 511 
122 114 
122 458 
122 393 
122 412 
122 237 
122 280 
123 499 
123 271 
123 512 
123 378 
123 560 
123 244 
123 253 
123 322 
123 147 
123 44 
123 410 
123 136 
123 542 
123 487 
123 188 
123 573 
123 567 
123 390 
123 95 
123 579 
123 473 
123 310 
123 68 
123 64 
123 82 
123 577 
123 75 
123 66 
123 531 
123 505 
123 405 
123 558 
123 265 
123 126 
123 127 
123 296 
123 300 
123 570 
123 463 
123 305 
123 384 
123 568 
123 373 
123 29 
123 441 
123 221 
123 225 
123 575 
123 491 
123 466 
123 51 
123 209 
123 314 
123 117 
123 13 
123 430 
123 309 
123 340 
123 534 
123 328 
123 440 
123 211 
123 184 
123 543 
123 38 
123 527 
123 591 
123 311 
123 9 
123 3 
123 445 
123 442 
123 115 
123 195 
123 581 
123 415 
123 312 
123 63 
123 394 
123 332 
123 496 
123 180 
123 274 
123 576 
123 292 
123 31 
123 189 
123 231 
123 42 
123 367 
123 23 
123 286 
123 333 
123 279 
123 235 
123 388 
123 8 
123 153 
123 249 
123 360 
123 144 
123 354 
123 151 
123 166 
123 133 
123 104 
123 385 
123 83 
123 230 
123 368 
123 282 
123 218 
123 240 
123 35 
123 451 
123 85 
123 161 
123 400 
123 103 
123 569 
123 426 
123 371 
123 100 
123 74 
123 179 
123 343 
123 544 
123 465 
123 162 
123 281 
123 25 
123 165 
123 559 
123 336 
123 469 
123 267 
123 238 
123 77 
123 338 
123 379 
123 52 
123 278 
123 484 
123 523 
123 306 
123 128 
123 86 
123 257 
123 480 
123 586 
123 232 
123 528 
123 403 
123 549 
123 154 
123 183 
123 532 
123 326 
123 260 
123 205 
123 252 
123 88 
123 294 
123 562 
123 0 
123 108 
123 174 
123 485 
123 293 
123 366 
123 101 
123 12 
123 391 
123 234 
123 339 
123 462 
124 322 
124 513 
124 21 
124 232 
124 464 
124 42 
124 101 
124 473 
124 146 
124 555 
124 356 
124 508 
124 357 
124 328 
124 577 
124 312 
124 522 
124 384 
124 44 
124 480 
124 247 
124 342 
124 68 
124 552 
124 554 
124 74 
124 414 
124 415 
124 153 
124 226 
124 246 
124 19 
124 360 
124 139 
124 475 
124 303 
124 249 
124 55 
124 204 
124 514 
124 28 
124 72 
124 527 
124 263 
124 161 
124 432 
124 450 
124 396 
124 69 
124 133 
124 193 
124 310 
124 43 
124 408 
124 20 
124 541 
124 281 
124 53 
124 172 
124 100 
124 453 
124 547 
124 507 
124 412 
124 544 
124 175 
124 143 
124 97 
124 279 
124 186 
124 528 
124 366 
124 317 
124 389 
124 375 
124 362 
124 91 
124 589 
124 79 
124 484 
124 548 
124 84 
124 572 
124 304 
124 451 
124 51 
124 145 
124 261 
124 466 
124 399 
124 402 
124 340 
124 160 
124 329 
124 347 
124 302 
124 81 
124 573 
124 141 
124 73 
124 419 
124 440 
124 336 
124 199 
124 417 
124 338 
124 36 
124 180 
124 181 
124 162 
124 398 
124 370 
124 189 
124 403 
124 559 
124 268 
124 210 
124 308 
124 316 
124 283 
124 140 
124 468 
124 567 
124 339 
124 492 
124 240 
124 494 
124 106 
124 192 
124 117 
124 463 
124 116 
124 533 
124 1 
124 7 
124 282 
124 190 
124 434 
124 520 
124 410 
124 438 
124 319 
124 216 
124 523 
124 118 
124 493 
124 588 
124 164 
124 501 
124 359 
124 92 
124 198 
124 194 
124 76 
124 318 
124 505 
124 344 
124 75 
124 66 
124 518 
124 461 
124 115 
124 245 
124 104 
124 110 
124 234 
124 462 
124 413 
124 309 
124 24 
124 111 
124 203 
124 496 
124 127 
124 191 
124 248 
124 361 
124 2 
124 286 
124 459 
124 16 
124 539 
124 50 
124 394 
124 228 
124 70 
125 388 
125 420 
125 114 
125 414 
125 564 
125 379 
125 466 
125 415 
125 449 
125 227 
125 305 
125 22 
125 85 
125 296 
125 15 
125 429 
125 433 
125 109 
125 216 
125 246 
125 531 
125 565 
125 543 
125 205 
125 112 
125 180 
125 270 
125 121 
125 4 
125 293 
125 355 
125 100 
125 136 
125 87 
125 530 
125 347 
125 503 
125 127 
125 522 
125 16 
125 77 
125 535 
125 45 
125 179 
125 451 
125 494 
125 96 
125 286 
125 427 
125 558 
125 145 
125 106 
125 316 
125 274 
125 113 
125 247 
125 454 
125 35 
125 409 
125 215 
125 5 
125 174 
125 260 
125 504 
125 82 
125 218 
125 39 
125 336 
125 458 
125 487 
125 231 
125 134 
125 177 
125 541 
125 332 
125 160 
125 426 
125 150 
125 190 
125 161 
125 410 
125 103 
125 502 
125 236 
125 491 
125 101 
125 505 
125 331 
125 506 
125 484 
125 84 
125 421 
125 460 
125 325 
125 60 
125 320 
125 550 
125 81 
125 98 
125 363 
125 471 
125 194 
125 166 
125 92 
125 545 
125 228 
125 144 
125 486 
125 249 
125 310 
125 452 
125 49 
125 265 
125 2 
125 159 
125 65 
125 566 
125 518 
125 381 
125 243 
125 13 
125 348 
125 26 
125 56 
125 51 
125 72 
125 132 
125 371 
125 128 
125 397 
125 343 
125 193 
125 375 
125 468 
125 478 
125 229 
125 199 
125 508 
125 500 
125 330 
125 83 
125 380 
125 521 
125 492 
125 384 
125 544 
125 588 
125 549 
125 266 
125 14 
125 552 
125 424 
125 512 
125 403 
125 129 
125 589 
125 272 
125 93 
125 464 
125 222 
125 447 
125 344 
125 189 
125 248 
125 10 
125 287 
125 497 
125 75 
125 66 
125 240 
125 350 
126 252 
126 369 
126 554 
126 68 
126 361 
126 309 
126 301 
126 237 
126 193 
126 450 
126 18 
126 401 
126 355 
126 336 
126 239 
126 62 
126 176 
126 146 
126 534 
126 244 
126 259 
126 487 
126 9 
126 108 
126 415 
126 589 
126 320 
126 541 
126 419 
126 102 
126 57 
126 285 
126 282 
126 530 
126 88 
126 112 
126 121 
126 560 
126 211 
126 123 
126 29 
126 437 
126 448 
126 162 
126 240 
126 265 
126 498 
126 371 
126 264 
126 577 
126 33 
126 364 
126 552 
126 424 
126 156 
126 305 
126 480 
126 568 
126 517 
126 531 
126 191 
126 504 
126 27 
126 172 
126 329 
126 432 
126 491 
126 231 
126 54 
126 353 
126 535 
126 277 
126 96 
126 454 
126 527 
126 225 
126 81 
126 142 
126 38 
126 183 
126 354 
126 0 
126 411 
126 51 
126 562 
126 462 
126 199 
126 109 
126 26 
126 24 
126 205 
126 545 
126 251 
126 255 
126 170 
126 13 
126 274 
126 12 
126 212 
126 351 
126 416 
126 423 
126 220 
126 273 
126 431 
126 197 
126 276 
126 472 
126 73 
126 246 
126 457 
126 43 
126 340 
126 138 
126 178 
126 475 
126 315 
126 358 
126 489 
126 318 
126 36 
126 526 
126 511 
126 143 
126 110 
126 513 
126 473 
126 166 
126 180 
126 262 
126 275 
126 430 
126 519 
126 317 
126 158 
126 291 
126 569 
126 524 
126 405 
126 494 
126 402 
126 111 
126 283 
126 393 
126 523 
126 149 
126 376 
126 105 
126 284 
126 378 
126 452 
126 80 
126 219 
126 127 
126 254 
126 49 
126 571 
126 223 
126 324 
126 247 
126 47 
126 92 
126 195 
126 294 
126 97 
126 233 
126 182 
127 188 
127 385 
127 277 
127 153 
127 511 
127 358 
127 523 
127 33 
127 222 
127 292 
127 477 
127 245 
127 383 
127 289 
127 349 
127 64 
127 391 
127 21 
127 313 
127 280 
127 53 
127 173 
127 407 
127 125 
127 486 
127 238 
127 194 
127 142 
127 255 
127 242 
127 122 
127 339 
127 507 
127 420 
127 283 
127 461 
127 400 
127 177 
127 474 
127 42 
127 123 
127 456 
127 179 
127 342 
127 377 
127 119 
127 503 
127 268 
127 3 
127 248 
127 237 
127 103 
127 261 
127 121 
127 4 
127 130 
127 96 
127 504 
127 433 
127 405 
127 567 
127 409 
127 189 
127 381 
127 234 
127 227 
127 54 
127 426 
127 158 
127 501 
127 392 
127 199 
127 384 
127 387 
127 22 
127 467 
127 561 
127 23 
127 303 
127 328 
127 316 
127 317 
127 287 
127 214 
127 475 
127 29 
127 1 
127 417 
127 528 
127 86 
127 537 
127 346 
127 509 
127 269 
127 315 
127 560 
127 270 
127 444 
127 285 
127 499 
127 454 
127 340 
127 244 
127 457 
127 484 
127 32 
127 43 
127 571 
127 299 
127 591 
127 60 
127 235 
127 508 
127 325 
127 65 
127 272 
127 172 
127 334 
127 66 
127 10 
127 557 
127 360 
127 449 
127 256 
127 109 
127 482 
127 436 
127 403 
127 437 
127 414 
127 59 
127 9 
127 71 
127 217 
127 488 
127 2 
127 5 
127 375 
127 49 
127 469 
127 211 
127 178 
127 259 
127 432 
127 201 
127 262 
127 46 
127 228 
127 581 
127 518 
127 302 
127 257 
127 361 
127 336 
127 538 
127 7 
127 230 
127 77 
127 370 
127 44 
127 162 
127 236 
127 470 
127 448 
127 532 
127 379 
127 78 
127 152 
127 352 
127 224 
127 129 
127 209 
127 40 
127 192 
127 363 
127 124 
127 126 
127 56 
127 372 
127 522 
127 229 
127 460 
127 373 
127 93 
127 398 
127 6 
127 389 
127 180 
127 99 
127 520 
127 311 
127 36 
128 223 
128 158 
128 549 
128 394 
128 177 
128 255 
128 371 
128 91 
128 519 
128 272 
128 227 
128 156 
128 321 
128 10 
128 505 
128 570 
128 447 
128 299 
128 478 
128 213 
128 424 
128 377 
128 163 
128 47 
128 63 
128 400 
128 529 
128 263 
128 154 
128 461 
128 367 
128 555 
128 484 
128 523 
128 151 
128 98 
128 314 
128 172 
128 94 
128 70 
128 565 
128 22 
128 279 
128 575 
128 0 
128 265 
128 386 
128 318 
128 303 
128 584 
128 295 
128 43 
128 382 
128 25 
128 532 
128 286 
128 492 
128 297 
128 198 
128 121 
128 157 
128 363 
128 322 
128 358 
128 310 
128 16 
128 284 
128 383 
128 201 
128 405 
128 216 
128 212 
128 457 
128 373 
128 564 
128 498 
128 563 
128 195 
128 352 
128 327 
128 246 
128 408 
128 445 
128 309 
128 103 
128 589 
128 200 
128 203 
128 247 
128 109 
128 205 
128 577 
128 233 
128 398 
128 171 
128 433 
128 208 
128 568 
128 537 
128 40 
128 35 
128 348 
128 485 
128 446 
128 159 
128 29 
128 573 
128 441 
128 250 
128 87 
128 56 
128 582 
128 380 
128 452 
128 473 
128 97 
128 334 
128 489 
128 520 
128 41 
128 283 
128 562 
128 125 
128 403 
128 14 
128 93 
128 206 
128 592 
128 439 
128 518 
128 2 
128 271 
128 431 
128 277 
128 136 
128 390 
128 242 
128 123 
128 99 
128 131 
128 1 
128 179 
128 108 
128 138 
128 95 
128 85 
128 183 
128 168 
128 413 
128 552 
128 524 
128 399 
128 229 
128 152 
128 397 
128 426 
128 494 
128 59 
128 312 
128 486 
128 5 
128 409 
128 323 
128 477 
128 182 
128 515 
128 531 
128 104 
128 525 
128 267 
128 44 
128 244 
128 317 
128 65 
128 72 
128 586 
128 456 
129 77 
129 189 
129 519 
129 130 
129 495 
129 224 
129 78 
129 555 
129 566 
129 491 
129 102 
129 297 
129 320 
129 481 
129 19 
129 292 
129 506 
129 471 
129 496 
129 500 
129 4 
129 557 
129 436 
129 34 
129 118 
129 404 
129 322 
129 76 
129 85 
129 328 
129 361 
129 202 
129 326 
129 504 
129 105 
129 223 
129 139 
129 577 
129 295 
129 278 
129 561 
129 175 
129 157 
129 69 
129 38 
129 375 
129 186 
129 211 
129 284 
129 427 
129 423 
129 240 
129 236 
129 563 
129 536 
129 305 
129 357 
129 228 
129 430 
129 360 
129 286 
129 142 
129 486 
129 51 
129 480 
129 293 
129 268 
129 570 
129 58 
129 384 
129 562 
129 271 
129 444 
129 509 
129 260 
129 584 
129 68 
129 40 
129 526 
129 391 
129 327 
129 494 
129 296 
129 525 
129 372 
129 150 
129 538 
129 307 
129 29 
129 346 
129 433 
129 518 
129 140 
129 464 
129 432 
129 216 
129 199 
129 177 
129 537 
129 396 
129 42 
129 383 
129 571 
129 253 
129 225 
129 266 
129 315 
129 470 
129 394 
129 237 
129 466 
129 387 
129 81 
129 472 
129 201 
129 355 
129 335 
129 330 
129 43 
129 452 
129 388 
129 447 
129 353 
129 521 
129 213 
129 267 
129 6 
129 193 
129 18 
129 310 
129 184 
129 195 
129 356 
129 25 
129 393 
129 132 
129 41 
129 540 
129 31 
129 46 
129 548 
129 285 
129 233 
129 385 
129 162 
129 11 
129 578 
129 374 
129 406 
129 462 
129 158 
129 551 
129 155 
129 247 
129 508 
129 243 
129 553 
129 104 
129 238 
129 445 
129 178 
129 125 
129 171 
129 166 
129 590 
129 376 
129 516 
129 527 
129 364 
129 263 
129 143 
129 329 
129 127 
129 319 
129 27 
129 474 
129 461 
129 153 
129 114 
129 145 
130 318 
130 129 
130 236 
130 397 
130 426 
130 488 
130 60 
130 434 
130 112 
130 530 
130 319 
130 349 
130 45 
130 22 
130 499 
130 153 
130 164 
130 590 
130 464 
130 155 
130 586 
130 229 
130 82 
130 281 
130 567 
130 70 
130 255 
130 326 
130 149 
130 285 
130 163 
130 263 
130 584 
130 104 
130 560 
130 393 
130 355 
130 571 
130 66 
130 206 
130 114 
130 287 
130 549 
130 401 
130 414 
130 501 
130 562 
130 9 
130 234 
130 535 
130 127 
130 219 
130 225 
130 440 
130 275 
130 386 
130 391 
130 97 
130 559 
130 542 
130 62 
130 12 
130 42 
130 92 
130 325 
130 495 
130 76 
130 213 
130 198 
130 463 
130 470 
130 531 
130 532 
130 86 
130 331 
130 505 
130 399 
130 152 
130 568 
130 300 
130 93 
130 556 
130 19 
130 486 
130 138 
130 44 
130 133 
130 23 
130 261 
130 105 
130 196 
130 312 
130 525 
130 591 
130 301 
130 140 
130 216 
130 235 
130 537 
130 214 
130 394 
130 458 
130 428 
130 36 
130 553 
130 159 
130 373 
130 26 
130 533 
130 202 
130 368 
130 14 
130 94 
130 479 
130 299 
130 160 
130 237 
130 359 
130 169 
130 284 
130 466 
130 367 
130 190 
130 34 
130 147 
130 5 
130 265 
130 28 
130 161 
130 548 
130 340 
130 286 
130 357 
130 321 
130 187 
130 563 
130 306 
130 73 
130 380 
130 510 
130 21 
130 194 
130 387 
130 175 
130 85 
130 296 
130 77 
130 552 
130 522 
130 63 
130 0 
130 519 
130 27 
130 382 
130 57 
130 425 
130 475 
131 379 
131 476 
131 553 
131 192 
131 113 
131 138 
131 26 
131 316 
131 265 
131 284 
131 422 
131 492 
131 387 
131 257 
131 165 
131 426 
131 451 
131 399 
131 194 
131 395 
131 182 
131 556 
131 101 
131 169 
131 78 
131 6 
131 370 
131 449 
131 322 
131 163 
131 304 
131 156 
131 439 
131 357 
131 21 
131 562 
131 144 
131 229 
131 355 
131 37 
131 354 
131 234 
131 275 
131 112 
131 70 
131 369 
131 572 
131 550 
131 425 
131 478 
131 307 
131 191 
131 237 
131 554 
131 517 
131 314 
131 295 
131 482 
131 108 
131 55 
131 347 
131 325 
131 244 
131 64 
131 233 
131 521 
131 543 
131 528 
131 336 
131 365 
131 150 
131 203 
131 9 
131 359 
131 52 
131 49 
131 141 
131 152 
131 310 
131 155 
131 412 
131 206 
131 511 
131 5 
131 180 
131 286 
131 232 
131 80 
131 459 
131 519 
131 565 
131 222 
131 559 
131 319 
131 24 
131 279 
131 403 
131 522 
131 569 
131 534 
131 471 
131 469 
131 198 
131 16 
131 417 
131 88 
131 518 
131 204 
131 93 
131 384 
131 380 
131 409 
131 181 
131 349 
131 66 
131 94 
131 303 
131 212 
131 418 
131 525 
131 32 
131 398 
131 300 
131 389 
131 489 
131 27 
131 400 
131 8 
131 252 
131 321 
131 364 
131 444 
131 468 
131 195 
131 533 
131 176 
131 153 
131 490 
131 62 
131 578 
131 388 
131 128 
131 430 
131 183 
131 280 
131 220 
131 268 
131 13 
131 282 
131 17 
131 218 
131 269 
131 42 
131 356 
131 95 
131 465 
131 267 
131 199 
131 462 
131 358 
131 474 
131 219 
131 34 
131 584 
131 215 
131 335 
131 323 
131 210 
131 466 
131 520 
131 102 
131 472 
131 475 
131 103 
131 11 
132 583 
132 459 
132 88 
132 323 
132 547 
132 570 
132 411 
132 234 
132 441 
132 70 
132 203 
132 73 
132 357 
132 474 
132 228 
132 537 
132 104 
132 429 
132 395 
132 452 
132 103 
132 335 
132 59 
132 282 
132 221 
132 442 
132 460 
132 136 
132 278 
132 518 
132 393 
132 62 
132 211 
132 576 
132 585 
132 366 
132 534 
132 7 
132 538 
132 514 
132 251 
132 17 
132 462 
132 515 
132 530 
132 224 
132 464 
132 156 
132 196 
132 152 
132 579 
132 195 
132 25 
132 536 
132 325 
132 376 
132 8 
132 378 
132 463 
132 107 
132 581 
132 78 
132 575 
132 90 
132 347 
132 106 
132 44 
132 354 
132 47 
132 199 
132 270 
132 542 
132 482 
132 389 
132 590 
132 46 
132 287 
132 120 
132 296 
132 202 
132 79 
132 279 
132 415 
132 149 
132 175 
132 154 
132 177 
132 321 
132 439 
132 222 
132 86 
132 31 
132 69 
132 92 
132 342 
132 254 
132 400 
132 99 
132 182 
132 53 
132 438 
132 216 
132 519 
132 42 
132 524 
132 189 
132 465 
132 237 
132 205 
132 430 
132 556 
132 256 
132 223 
132 302 
132 280 
132 37 
132 200 
132 365 
132 327 
132 21 
132 291 
132 91 
132 545 
132 125 
132 252 
132 402 
132 63 
132 558 
132 258 
132 343 
132 457 
132 394 
132 187 
132 129 
132 523 
132 75 
132 410 
132 567 
132 592 
132 281 
132 97 
132 204 
132 432 
132 52 
132 58 
132 38 
132 248 
132 382 
132 71 
132 93 
132 289 
132 571 
132 235 
132 541 
132 414 
132 475 
132 551 
132 49 
132 513 
132 116 
132 101 
132 191 
132 148 
132 324 
132 168 
132 454 
132 351 
132 340 
132 172 
132 398 
132 290 
132 180 
133 103 
133 434 
133 446 
133 155 
133 289 
133 498 
133 176 
133 335 
133 578 
133 264 
133 464 
133 592 
133 272 
133 554 
133 79 
133 187 
133 18 
133 462 
133 529 
133 317 
133 303 
133 546 
133 584 
133 520 
133 219 
133 358 
133 581 
133 513 
133 579 
133 569 
133 310 
133 421 
133 550 
133 376 
133 19 
133 437 
133 283 
133 555 
133 124 
133 416 
133 29 
133 538 
133 225 
133 210 
133 233 
133 349 
133 28 
133 454 
133 508 
133 493 
133 362 
133 453 
133 207 
133 33 
133 278 
133 38 
133 52 
133 480 
133 275 
133 360 
133 107 
133 485 
133 370 
133 116 
133 242 
133 234 
133 510 
133 320 
133 193 
133 203 
133 290 
133 366 
133 382 
133 276 
133 285 
133 409 
133 322 
133 503 
133 403 
133 561 
133 336 
133 365 
133 202 
133 130 
133 565 
133 73 
133 115 
133 476 
133 167 
133 40 
133 392 
133 487 
133 397 
133 497 
133 401 
133 427 
133 566 
133 24 
133 199 
133 43 
133 96 
133 123 
133 163 
133 344 
133 110 
133 432 
133 338 
133 412 
133 205 
133 461 
133 478 
133 263 
133 192 
133 185 
133 226 
133 53 
133 253 
133 22 
133 542 
133 158 
133 151 
133 319 
133 411 
133 260 
133 36 
133 331 
133 262 
133 386 
133 441 
133 391 
133 72 
133 528 
133 134 
133 587 
133 472 
133 63 
133 482 
133 551 
133 208 
133 39 
133 232 
133 144 
133 533 
133 489 
133 398 
133 266 
133 166 
133 271 
133 183 
133 92 
133 390 
133 261 
133 82 
133 254 
133 258 
133 530 
133 49 
133 500 
133 97 
133 517 
133 384 
133 198 
133 182 
133 501 
133 314 
133 540 
133 273 
133 590 
133 481 
133 57 
133 4 
133 61 
133 141 
133 212 
133 300 
133 175 
133 178 
133 440 
133 93 
133 511 
133 452 
133 435 
133 65 
133 267 
133 367 
133 69 
133 514 
133 27 
133 78 
133 238 
133 577 
134 41 
134 89 
134 151 
134 107 
134 535 
134 419 
134 478 
134 190 
134 29 
134 562 
134 412 
134 512 
134 52 
134 117 
134 442 
134 269 
134 0 
134 36 
134 182 
134 335 
134 531 
134 5 
134 274 
134 215 
134 17 
134 3 
134 420 
134 156 
134 366 
134 573 
134 197 
134 368 
134 153 
134 321 
134 157 
134 283 
134 392 
134 326 
134 459 
134 340 
134 93 
134 11 
134 99 
134 360 
134 377 
134 64 
134 574 
134 165 
134 327 
134 260 
134 349 
134 270 
134 233 
134 514 
134 47 
134 345 
134 295 
134 220 
134 125 
134 174 
134 314 
134 510 
134 432 
134 276 
134 106 
134 518 
134 324 
134 100 
134 590 
134 506 
134 109 
134 555 
134 388 
134 460 
134 225 
134 410 
134 247 
134 10 
134 78 
134 256 
134 440 
134 333 
134 337 
134 437 
134 348 
134 138 
134 1 
134 451 
134 471 
134 582 
134 77 
134 202 
134 181 
134 249 
134 318 
134 9 
134 158 
134 58 
134 97 
134 332 
134 281 
134 291 
134 201 
134 361 
134 211 
134 137 
134 396 
134 226 
134 268 
134 194 
134 135 
134 263 
134 300 
134 118 
134 146 
134 110 
134 251 
134 91 
134 413 
134 579 
134 509 
134 286 
134 449 
134 444 
134 390 
134 148 
134 353 
134 550 
134 589 
134 404 
134 484 
134 293 
134 21 
134 292 
134 219 
134 133 
134 428 
134 441 
134 564 
134 464 
134 394 
134 120 
134 591 
134 391 
134 212 
134 543 
134 308 
134 397 
134 393 
134 389 
134 298 
134 191 
134 511 
134 505 
134 88 
134 287 
134 409 
134 200 
134 87 
134 108 
134 45 
134 193 
134 402 
134 56 
134 173 
134 443 
134 323 
134 224 
134 74 
134 315 
134 66 
134 139 
134 483 
134 486 
135 454 
135 541 
135 505 
135 418 
135 335 
135 527 
135 224 
135 565 
135 384 
135 9 
135 570 
135 481 
135 459 
135 579 
135 469 
135 507 
135 375 
135 478 
135 236 
135 396 
135 461 
135 407 
135 231 
135 529 
135 237 
135 500 
135 84 
135 475 
135 578 
135 494 
135 3 
135 363 
135 450 
135 41 
135 592 
135 589 
135 194 
135 32 
135 75 
135 57 
135 246 
135 96 
135 577 
135 188 
135 366 
135 106 
135 90 
135 528 
135 49 
135 248 
135 524 
135 209 
135 251 
135 220 
135 550 
135 492 
135 453 
135 484 
135 182 
135 399 
135 275 
135 238 
135 141 
135 243 
135 18 
135 274 
135 308 
135 479 
135 482 
135 303 
135 323 
135 111 
135 391 
135 80 
135 442 
135 326 
135 147 
135 212 
135 510 
135 71 
135 349 
135 586 
135 159 
135 347 
135 452 
135 314 
135 108 
135 5 
135 138 
135 205 
135 324 
135 46 
135 221 
135 136 
135 535 
135 498 
135 362 
135 534 
135 263 
135 338 
135 509 
135 537 
135 268 
135 504 
135 134 
135 259 
135 360 
135 310 
135 319 
135 302 
135 518 
135 439 
135 88 
135 17 
135 304 
135 174 
135 587 
135 357 
135 329 
135 26 
135 169 
135 386 
135 215 
135 531 
135 137 
135 142 
135 496 
135 175 
135 177 
135 415 
135 539 
135 440 
135 313 
135 298 
135 195 
135 350 
135 105 
135 443 
135 240 
135 43 
135 562 
135 232 
135 64 
135 495 
135 296 
135 155 
135 199 
135 148 
135 464 
135 152 
135 543 
135 207 
135 35 
135 13 
135 488 
135 574 
135 332 
135 487 
135 107 
135 242 
135 181 
135 213 
135 330 
135 288 
135 569 
135 566 
135 82 
135 521 
135 533 
135 102 
135 544 
135 485 
135 66 
135 11 
136 220 
136 530 
136 224 
136 300 
136 382 
136 162 
136 527 
136 255 
136 88 
136 252 
136 489 
136 251 
136 508 
136 166 
136 123 
136 65 
136 59 
136 285 
136 361 
136 152 
136 194 
136 173 
136 269 
136 524 
136 335 
136 125 
136 479 
136 57 
136 164 
136 456 
136 68 
136 417 
136 23 
136 436 
136 114 
136 122 
136 450 
136 558 
136 305 
136 441 
136 132 
136 348 
136 389 
136 180 
136 589 
136 553 
136 290 
136 26 
136 34 
136 328 
136 434 
136 165 
136 583 
136 584 
136 148 
136 5 
136 230 
136 342 
136 257 
136 517 
136 15 
136 295 
136 452 
136 557 
136 14 
136 550 
136 278 
136 206 
136 274 
136 509 
136 480 
136 458 
136 374 
136 384 
136 472 
136 87 
136 12 
136 399 
136 176 
136 201 
136 90 
136 58 
136 521 
136 467 
136 362 
136 228 
136 316 
136 462 
136 272 
136 526 
136 474 
136 216 
136 585 
136 532 
136 395 
136 147 
136 83 
136 475 
136 492 
136 410 
136 548 
136 446 
136 92 
136 22 
136 372 
136 198 
136 503 
136 240 
136 286 
136 212 
136 135 
136 369 
136 37 
136 570 
136 510 
136 477 
136 422 
136 239 
136 406 
136 254 
136 535 
136 459 
136 215 
136 61 
136 94 
136 549 
136 380 
136 429 
136 396 
136 482 
136 9 
136 507 
136 250 
136 447 
136 555 
136 329 
136 461 
136 78 
136 559 
136 242 
136 449 
136 100 
136 168 
136 243 
136 448 
136 314 
136 317 
136 496 
136 191 
136 29 
136 516 
136 294 
136 217 
136 528 
136 20 
136 19 
136 337 
136 394 
136 485 
136 128 
136 523 
136 183 
136 156 
136 424 
136 226 
136 561 
136 205 
136 576 
136 137 
136 112 
136 577 
136 552 
136 244 
136 542 
136 356 
136 279 
136 367 
136 487 
136 579 
136 505 
136 360 
136 554 
136 425 
136 149 
136 119 
136 84 
136 245 
136 366 
136 371 
136 36 
136 443 
136 413 
136 38 
137 18 
137 504 
137 4 
137 24 
137 206 
137 33 
137 202 
137 353 
137 495 
137 36 
137 42 
137 347 
137 220 
137 319 
137 377 
137 92 
137 34 
137 106 
137 568 
137 370 
137 348 
137 244 
137 260 
137 320 
137 164 
137 118 
137 511 
137 519 
137 267 
137 60 
137 327 
137 74 
137 296 
137 62 
137 561 
137 336 
137 102 
137 471 
137 27 
137 476 
137 425 
137 445 
137 503 
137 275 
137 540 
137 352 
137 91 
137 191 
137 477 
137 153 
137 587 
137 439 
137 178 
137 421 
137 10 
137 514 
137 487 
137 56 
137 112 
137 197 
137 168 
137 171 
137 403 
137 103 
137 16 
137 329 
137 397 
137 312 
137 194 
137 177 
137 434 
137 15 
137 11 
137 546 
137 183 
137 545 
137 189 
137 143 
137 537 
137 550 
137 510 
137 453 
137 270 
137 338 
137 496 
137 26 
137 324 
137 572 
137 451 
137 497 
137 326 
137 29 
137 306 
137 372 
137 557 
137 218 
137 441 
137 263 
137 516 
137 358 
137 562 
137 86 
137 520 
137 203 
137 387 
137 134 
137 50 
137 64 
137 565 
137 155 
137 120 
137 396 
137 518 
137 575 
137 68 
137 438 
137 364 
137 328 
137 159 
137 199 
137 533 
137 371 
137 110 
137 114 
137 257 
137 115 
137 172 
137 148 
137 581 
137 500 
137 149 
137 135 
137 61 
137 96 
137 491 
137 467 
137 420 
137 3 
137 559 
137 478 
137 104 
137 462 
137 32 
137 448 
137 433 
137 307 
137 436 
137 63 
137 295 
137 94 
137 406 
137 38 
137 289 
137 549 
137 282 
137 567 
137 69 
137 73 
137 166 
137 280 
137 121 
137 136 
137 427 
137 502 
137 239 
137 43 
137 570 
137 412 
137 558 
137 410 
137 544 
137 169 
137 158 
137 8 
137 262 
137 139 
137 367 
137 232 
137 9 
137 83 
137 585 
137 457 
137 138 
137 196 
137 309 
137 105 
138 18 
138 510 
138 540 
138 109 
138 131 
138 498 
138 21 
138 243 
138 200 
138 549 
138 119 
138 6 
138 58 
138 590 
138 13 
138 447 
138 214 
138 196 
138 0 
138 255 
138 286 
138 331 
138 350 
138 197 
138 309 
138 546 
138 355 
138 272 
138 171 
138 545 
138 567 
138 156 
138 36 
138 207 
138 322 
138 321 
138 142 
138 90 
138 517 
138 151 
138 285 
138 579 
138 564 
138 384 
138 536 
138 432 
138 187 
138 291 
138 70 
138 487 
138 339 
138 386 
138 163 
138 268 
138 24 
138 532 
138 480 
138 363 
138 527 
138 246 
138 68 
138 451 
138 404 
138 304 
138 472 
138 25 
138 359 
138 550 
138 224 
138 266 
138 393 
138 9 
138 78 
138 208 
138 223 
138 202 
138 253 
138 418 
138 562 
138 425 
138 506 
138 403 
138 456 
138 10 
138 92 
138 571 
138 134 
138 130 
138 135 
138 213 
138 570 
138 430 
138 416 
138 54 
138 276 
138 542 
138 529 
138 139 
138 354 
138 292 
138 497 
138 434 
138 531 
138 176 
138 575 
138 481 
138 209 
138 551 
138 555 
138 553 
138 556 
138 277 
138 524 
138 319 
138 534 
138 479 
138 466 
138 245 
138 193 
138 190 
138 258 
138 401 
138 300 
138 327 
138 53 
138 82 
138 347 
138 96 
138 198 
138 453 
138 185 
138 192 
138 126 
138 407 
138 95 
138 43 
138 296 
138 256 
138 60 
138 281 
138 302 
138 299 
138 509 
138 312 
138 336 
138 242 
138 427 
138 493 
138 503 
138 23 
138 343 
138 1 
138 582 
138 166 
138 128 
138 155 
138 236 
138 215 
138 442 
138 396 
138 483 
138 495 
138 514 
138 102 
138 180 
138 167 
138 28 
138 287 
138 375 
138 572 
138 318 
138 89 
138 181 
138 143 
138 67 
138 433 
138 64 
138 145 
138 105 
138 559 
138 199 
138 116 
138 424 
138 494 
138 373 
138 150 
138 280 
138 400 
138 259 
138 137 
138 394 
138 438 
138 173 
138 499 
138 282 
139 570 
139 149 
139 566 
139 505 
139 474 
139 235 
139 177 
139 26 
139 313 
139 154 
139 217 
139 167 
139 576 
139 303 
139 549 
139 196 
139 16 
139 151 
139 325 
139 267 
139 399 
139 495 
139 269 
139 539 
139 295 
139 492 
139 168 
139 202 
139 499 
139 311 
139 347 
139 323 
139 487 
139 424 
139 572 
139 124 
139 101 
139 43 
139 396 
139 192 
139 403 
139 179 
139 389 
139 278 
139 129 
139 8 
139 171 
139 577 
139 34 
139 5 
139 36 
139 220 
139 369 
139 481 
139 263 
139 455 
139 150 
139 234 
139 510 
139 480 
139 233 
139 209 
139 260 
139 575 
139 118 
139 95 
139 408 
139 546 
139 84 
139 69 
139 49 
139 81 
139 0 
139 538 
139 52 
139 536 
139 170 
139 339 
139 120 
139 551 
139 459 
139 554 
139 511 
139 584 
139 371 
139 324 
139 545 
139 500 
139 534 
139 361 
139 29 
139 502 
139 274 
139 583 
139 504 
139 237 
139 335 
139 162 
139 317 
139 306 
139 423 
139 542 
139 195 
139 28 
139 375 
139 138 
139 143 
139 264 
139 272 
139 44 
139 178 
139 548 
139 153 
139 298 
139 525 
139 430 
139 122 
139 320 
139 336 
139 104 
139 436 
139 106 
139 251 
139 363 
139 413 
139 308 
139 23 
139 453 
139 157 
139 172 
139 302 
139 210 
139 86 
139 90 
139 259 
139 15 
139 497 
139 193 
139 351 
139 516 
139 82 
139 256 
139 444 
139 175 
139 61 
139 145 
139 391 
139 445 
139 467 
139 421 
139 240 
139 342 
139 354 
139 327 
139 244 
139 438 
139 439 
139 248 
139 46 
139 352 
139 532 
139 187 
139 471 
139 289 
139 343 
139 88 
139 286 
139 461 
139 322 
139 560 
139 30 
139 173 
139 113 
139 454 
139 31 
139 161 
139 531 
139 17 
139 111 
139 188 
139 137 
139 484 
139 530 
139 310 
139 134 
139 460 
139 297 
139 89 
139 54 
139 214 
139 166 
139 319 
140 58 
140 308 
140 478 
140 348 
140 379 
140 18 
140 331 
140 250 
140 469 
140 337 
140 269 
140 238 
140 386 
140 570 
140 488 
140 149 
140 579 
140 169 
140 314 
140 166 
140 19 
140 542 
140 34 
140 111 
140 15 
140 304 
140 336 
140 115 
140 569 
140 162 
140 234 
140 96 
140 3 
140 142 
140 28 
140 272 
140 347 
140 63 
140 303 
140 189 
140 235 
140 567 
140 323 
140 244 
140 95 
140 364 
140 502 
140 252 
140 180 
140 112 
140 306 
140 458 
140 254 
140 467 
140 421 
140 198 
140 311 
140 42 
140 544 
140 248 
140 420 
140 59 
140 46 
140 435 
140 97 
140 411 
140 424 
140 556 
140 320 
140 212 
140 87 
140 300 
140 196 
140 524 
140 179 
140 11 
140 190 
140 404 
140 219 
140 17 
140 545 
140 129 
140 120 
140 471 
140 330 
140 481 
140 71 
140 153 
140 231 
140 118 
140 476 
140 237 
140 414 
140 55 
140 130 
140 537 
140 466 
140 344 
140 376 
140 409 
140 206 
140 412 
140 191 
140 547 
140 388 
140 563 
140 531 
140 103 
140 124 
140 395 
140 378 
140 148 
140 393 
140 16 
140 520 
140 418 
140 437 
140 530 
140 72 
140 172 
140 399 
140 358 
140 293 
140 452 
140 365 
140 552 
140 366 
140 590 
140 25 
140 480 
140 581 
140 362 
140 110 
140 69 
140 151 
140 357 
140 584 
140 29 
140 26 
140 85 
140 491 
140 473 
140 242 
140 400 
140 295 
140 397 
140 47 
140 565 
140 12 
140 309 
140 100 
140 439 
140 475 
140 529 
140 266 
140 428 
140 155 
140 479 
140 281 
140 92 
140 43 
140 543 
140 496 
140 145 
140 454 
140 173 
140 194 
140 163 
140 554 
140 540 
140 32 
140 271 
140 22 
140 484 
140 247 
140 249 
140 268 
140 429 
140 368 
140 500 
141 498 
141 450 
141 145 
141 185 
141 63 
141 508 
141 291 
141 64 
141 257 
141 97 
141 533 
141 225 
141 560 
141 207 
141 548 
141 177 
141 582 
141 55 
141 373 
141 315 
141 295 
141 570 
141 28 
141 245 
141 387 
141 176 
141 152 
141 538 
141 8 
141 588 
141 421 
141 74 
141 35 
141 14 
141 506 
141 371 
141 500 
141 40 
141 469 
141 461 
141 205 
141 236 
141 282 
141 545 
141 447 
141 356 
141 569 
141 102 
141 182 
141 409 
141 360 
141 438 
141 296 
141 104 
141 20 
141 118 
141 4 
141 550 
141 536 
141 135 
141 527 
141 142 
141 240 
141 26 
141 38 
141 60 
141 13 
141 406 
141 322 
141 327 
141 413 
141 196 
141 124 
141 200 
141 84 
141 214 
141 558 
141 131 
141 265 
141 592 
141 148 
141 375 
141 169 
141 479 
141 53 
141 270 
141 386 
141 248 
141 383 
141 379 
141 116 
141 349 
141 9 
141 551 
141 318 
141 111 
141 263 
141 31 
141 576 
141 467 
141 302 
141 511 
141 512 
141 308 
141 532 
141 43 
141 381 
141 440 
141 553 
141 39 
141 143 
141 119 
141 562 
141 153 
141 17 
141 73 
141 19 
141 79 
141 311 
141 310 
141 423 
141 190 
141 244 
141 470 
141 482 
141 481 
141 436 
141 59 
141 70 
141 42 
141 289 
141 540 
141 336 
141 259 
141 188 
141 260 
141 528 
141 388 
141 48 
141 341 
141 294 
141 484 
141 133 
141 347 
141 374 
141 167 
141 390 
141 22 
141 353 
141 290 
141 397 
141 424 
142 245 
142 518 
142 578 
142 313 
142 270 
142 240 
142 546 
142 545 
142 481 
142 509 
142 272 
142 205 
142 151 
142 300 
142 540 
142 301 
142 37 
142 200 
142 216 
142 433 
142 346 
142 554 
142 402 
142 4 
142 24 
142 179 
142 335 
142 311 
142 225 
142 422 
142 453 
142 187 
142 127 
142 166 
142 1 
142 350 
142 471 
142 464 
142 93 
142 576 
142 138 
142 475 
142 181 
142 140 
142 75 
142 302 
142 78 
142 529 
142 265 
142 404 
142 61 
142 107 
142 33 
142 70 
142 525 
142 329 
142 213 
142 290 
142 188 
142 340 
142 129 
142 543 
142 325 
142 533 
142 141 
142 73 
142 450 
142 43 
142 182 
142 126 
142 220 
142 289 
142 227 
142 201 
142 309 
142 316 
142 193 
142 566 
142 266 
142 238 
142 391 
142 410 
142 286 
142 548 
142 233 
142 473 
142 18 
142 482 
142 330 
142 197 
142 268 
142 36 
142 534 
142 199 
142 432 
142 455 
142 317 
142 150 
142 206 
142 542 
142 219 
142 10 
142 486 
142 279 
142 553 
142 118 
142 477 
142 353 
142 356 
142 564 
142 46 
142 158 
142 244 
142 463 
142 81 
142 89 
142 173 
142 67 
142 361 
142 401 
142 314 
142 22 
142 116 
142 452 
142 373 
142 306 
142 214 
142 315 
142 319 
142 135 
142 178 
142 44 
142 322 
142 96 
142 304 
142 547 
142 520 
142 423 
142 524 
142 296 
142 260 
142 561 
142 429 
142 508 
142 102 
142 379 
142 38 
142 320 
142 83 
142 94 
142 448 
142 98 
142 337 
142 101 
142 2 
142 299 
142 204 
142 551 
142 274 
142 339 
142 454 
142 490 
142 417 
142 104 
142 359 
142 147 
142 275 
142 358 
142 39 
142 456 
142 445 
142 550 
142 91 
142 103 
142 321 
142 79 
142 77 
142 397 
142 106 
142 157 
143 219 
143 351 
143 76 
143 307 
143 486 
143 58 
143 381 
143 159 
143 534 
143 79 
143 264 
143 157 
143 263 
143 255 
143 115 
143 348 
143 395 
143 223 
143 147 
143 326 
143 441 
143 47 
143 542 
143 165 
143 197 
143 519 
143 245 
143 361 
143 150 
143 9 
143 268 
143 451 
143 588 
143 430 
143 97 
143 416 
143 473 
143 548 
143 371 
143 72 
143 332 
143 238 
143 236 
143 248 
143 78 
143 6 
143 266 
143 82 
143 489 
143 74 
143 75 
143 124 
143 454 
143 360 
143 545 
143 313 
143 560 
143 56 
143 118 
143 535 
143 431 
143 10 
143 88 
143 393 
143 94 
143 514 
143 52 
143 2 
143 176 
143 591 
143 585 
143 137 
143 333 
143 146 
143 15 
143 208 
143 507 
143 378 
143 529 
143 523 
143 491 
143 499 
143 510 
143 272 
143 312 
143 453 
143 184 
143 100 
143 218 
143 114 
143 139 
143 207 
143 69 
143 411 
143 552 
143 172 
143 244 
143 63 
143 421 
143 567 
143 71 
143 546 
143 500 
143 122 
143 405 
143 285 
143 186 
143 364 
143 541 
143 374 
143 445 
143 160 
143 347 
143 216 
143 153 
143 409 
143 5 
143 27 
143 104 
143 44 
143 275 
143 87 
143 212 
143 188 
143 305 
143 141 
143 283 
143 126 
143 375 
143 161 
143 414 
143 474 
143 531 
143 185 
143 298 
143 478 
143 278 
143 287 
143 532 
143 482 
143 358 
143 249 
143 380 
143 436 
143 4 
143 233 
143 581 
143 537 
143 95 
143 199 
143 129 
143 138 
143 192 
143 112 
143 340 
143 240 
143 211 
143 151 
143 558 
143 582 
143 296 
143 267 
143 1 
143 518 
143 169 
143 12 
143 299 
143 579 
143 20 
143 505 
143 200 
143 466 
143 70 
143 182 
143 553 
144 453 
144 255 
144 110 
144 256 
144 308 
144 423 
144 10 
144 90 
144 231 
144 475 
144 122 
144 442 
144 114 
144 34 
144 385 
144 427 
144 346 
144 52 
144 113 
144 335 
144 520 
144 30 
144 103 
144 19 
144 400 
144 364 
144 146 
144 426 
144 492 
144 194 
144 283 
144 466 
144 562 
144 212 
144 293 
144 301 
144 420 
144 6 
144 415 
144 334 
144 131 
144 383 
144 372 
144 239 
144 119 
144 490 
144 435 
144 181 
144 88 
144 392 
144 232 
144 82 
144 318 
144 106 
144 115 
144 40 
144 566 
144 580 
144 532 
144 501 
144 50 
144 211 
144 425 
144 421 
144 546 
144 279 
144 184 
144 105 
144 70 
144 446 
144 304 
144 0 
144 313 
144 209 
144 428 
144 321 
144 462 
144 590 
144 550 
144 329 
144 270 
144 322 
144 75 
144 361 
144 213 
144 521 
144 202 
144 158 
144 117 
144 553 
144 17 
144 174 
144 437 
144 581 
144 74 
144 399 
144 79 
144 408 
144 465 
144 282 
144 483 
144 583 
144 381 
144 285 
144 123 
144 588 
144 210 
144 317 
144 575 
144 349 
144 559 
144 278 
144 503 
144 125 
144 259 
144 302 
144 188 
144 518 
144 410 
144 359 
144 85 
144 507 
144 60 
144 560 
144 585 
144 579 
144 345 
144 514 
144 224 
144 493 
144 23 
144 101 
144 182 
144 58 
144 558 
144 516 
144 477 
144 238 
144 457 
144 121 
144 245 
144 447 
144 46 
144 440 
144 227 
144 187 
144 545 
144 500 
144 474 
144 37 
144 376 
144 233 
144 11 
144 15 
144 422 
144 94 
144 151 
144 199 
144 65 
144 355 
144 382 
144 274 
144 133 
144 592 
144 178 
144 44 
144 480 
144 363 
144 530 
144 448 
144 294 
144 157 
144 367 
144 394 
144 522 
144 198 
144 107 
144 441 
144 315 
144 557 
144 191 
144 54 
144 336 
144 486 
144 12 
144 443 
144 506 
144 417 
144 539 
144 155 
144 527 
144 342 
144 549 
144 31 
144 220 
144 328 
145 68 
145 549 
145 585 
145 22 
145 535 
145 141 
145 100 
145 237 
145 568 
145 382 
145 228 
145 356 
145 61 
145 27 
145 63 
145 558 
145 454 
145 49 
145 582 
145 447 
145 185 
145 338 
145 539 
145 373 
145 557 
145 99 
145 348 
145 275 
145 208 
145 416 
145 307 
145 375 
145 368 
145 562 
145 443 
145 50 
145 125 
145 170 
145 323 
145 478 
145 58 
145 216 
145 65 
145 450 
145 580 
145 260 
145 474 
145 102 
145 46 
145 24 
145 313 
145 8 
145 268 
145 245 
145 288 
145 325 
145 284 
145 306 
145 473 
145 513 
145 406 
145 538 
145 419 
145 404 
145 17 
145 358 
145 572 
145 184 
145 36 
145 345 
145 263 
145 311 
145 287 
145 124 
145 296 
145 59 
145 488 
145 537 
145 468 
145 366 
145 319 
145 69 
145 481 
145 414 
145 341 
145 243 
145 107 
145 9 
145 521 
145 161 
145 40 
145 70 
145 45 
145 205 
145 438 
145 231 
145 151 
145 221 
145 422 
145 446 
145 262 
145 442 
145 433 
145 364 
145 202 
145 480 
145 57 
145 239 
145 563 
145 492 
145 384 
145 343 
145 101 
145 279 
145 502 
145 430 
145 248 
145 361 
145 64 
145 139 
145 168 
145 277 
145 214 
145 530 
145 560 
145 233 
145 195 
145 108 
145 552 
145 571 
145 457 
145 379 
145 118 
145 316 
145 515 
145 25 
145 251 
145 444 
145 203 
145 254 
145 522 
145 497 
145 206 
145 355 
145 494 
145 74 
145 402 
145 436 
145 544 
145 396 
145 353 
145 217 
145 525 
145 189 
145 140 
145 30 
145 393 
145 77 
145 273 
145 44 
145 411 
145 82 
145 138 
145 272 
145 223 
145 377 
145 491 
145 129 
146 383 
146 431 
146 98 
146 526 
146 453 
146 346 
146 353 
146 124 
146 316 
146 387 
146 311 
146 527 
146 333 
146 197 
146 309 
146 105 
146 147 
146 148 
146 173 
146 126 
146 180 
146 556 
146 491 
146 445 
146 541 
146 201 
146 249 
146 166 
146 237 
146 284 
146 57 
146 107 
146 71 
146 36 
146 144 
146 422 
146 263 
146 503 
146 193 
146 467 
146 513 
146 243 
146 179 
146 60 
146 228 
146 461 
146 334 
146 584 
146 306 
146 575 
146 483 
146 195 
146 229 
146 458 
146 308 
146 454 
146 573 
146 369 
146 262 
146 272 
146 343 
146 414 
146 555 
146 495 
146 411 
146 156 
146 111 
146 41 
146 331 
146 85 
146 456 
146 268 
146 143 
146 576 
146 64 
146 102 
146 419 
146 547 
146 535 
146 509 
146 466 
146 73 
146 61 
146 210 
146 0 
146 457 
146 581 
146 38 
146 364 
146 259 
146 567 
146 218 
146 23 
146 270 
146 310 
146 437 
146 566 
146 240 
146 488 
146 367 
146 360 
146 134 
146 499 
146 285 
146 211 
146 559 
146 384 
146 501 
146 518 
146 298 
146 231 
146 379 
146 297 
146 164 
146 273 
146 385 
146 329 
146 279 
146 487 
146 79 
146 324 
146 524 
146 236 
146 363 
146 552 
146 2 
146 172 
146 413 
146 159 
146 19 
146 540 
146 434 
146 69 
146 174 
146 244 
146 48 
146 175 
146 74 
146 264 
146 394 
146 537 
146 7 
146 42 
146 358 
146 1 
146 352 
146 564 
146 155 
146 548 
146 330 
146 471 
146 549 
146 77 
146 373 
146 278 
146 510 
146 118 
146 348 
146 58 
146 396 
146 423 
146 341 
146 18 
146 327 
146 586 
146 476 
146 459 
147 164 
147 489 
147 24 
147 480 
147 27 
147 416 
147 116 
147 189 
147 346 
147 188 
147 534 
147 340 
147 123 
147 88 
147 293 
147 300 
147 10 
147 529 
147 17 
147 70 
147 204 
147 402 
147 146 
147 251 
147 390 
147 467 
147 294 
147 43 
147 309 
147 86 
147 520 
147 256 
147 143 
147 84 
147 249 
147 18 
147 400 
147 277 
147 74 
147 32 
147 533 
147 345 
147 54 
147 161 
147 1 
147 337 
147 311 
147 5 
147 237 
147 336 
147 85 
147 173 
147 517 
147 156 
147 471 
147 355 
147 102 
147 157 
147 273 
147 453 
147 16 
147 541 
147 425 
147 465 
147 170 
147 550 
147 15 
147 498 
147 81 
147 182 
147 464 
147 201 
147 455 
147 450 
147 460 
147 492 
147 208 
147 193 
147 493 
147 548 
147 203 
147 135 
147 89 
147 496 
147 234 
147 136 
147 478 
147 289 
147 333 
147 409 
147 482 
147 268 
147 42 
147 241 
147 172 
147 486 
147 211 
147 518 
147 12 
147 350 
147 572 
147 351 
147 332 
147 153 
147 52 
147 186 
147 490 
147 154 
147 562 
147 364 
147 219 
147 393 
147 302 
147 91 
147 349 
147 556 
147 344 
147 9 
147 258 
147 2 
147 112 
147 377 
147 484 
147 169 
147 111 
147 232 
147 271 
147 420 
147 546 
147 325 
147 317 
147 238 
147 531 
147 327 
147 130 
147 360 
147 47 
147 158 
147 590 
147 48 
147 481 
147 313 
147 559 
147 316 
147 162 
147 499 
147 40 
147 569 
147 194 
147 195 
147 500 
147 7 
147 242 
147 401 
147 183 
147 180 
147 503 
147 584 
147 202 
147 55 
147 285 
147 288 
147 507 
147 414 
147 421 
147 253 
147 513 
147 49 
147 474 
147 163 
147 142 
147 255 
147 361 
147 275 
147 45 
147 415 
147 411 
147 11 
147 497 
147 83 
147 391 
148 501 
148 400 
148 261 
148 524 
148 62 
148 487 
148 190 
148 91 
148 99 
148 270 
148 146 
148 257 
148 268 
148 544 
148 344 
148 483 
148 17 
148 461 
148 587 
148 467 
148 362 
148 88 
148 448 
148 577 
148 63 
148 9 
148 492 
148 84 
148 286 
148 416 
148 74 
148 0 
148 186 
148 453 
148 37 
148 550 
148 16 
148 312 
148 136 
148 442 
148 398 
148 358 
148 328 
148 12 
148 532 
148 106 
148 525 
148 149 
148 43 
148 504 
148 196 
148 212 
148 121 
148 260 
148 533 
148 288 
148 536 
148 399 
148 265 
148 404 
148 354 
148 361 
148 378 
148 202 
148 184 
148 166 
148 345 
148 174 
148 171 
148 530 
148 592 
148 332 
148 369 
148 314 
148 30 
148 248 
148 169 
148 506 
148 122 
148 153 
148 493 
148 221 
148 173 
148 322 
148 60 
148 38 
148 321 
148 86 
148 21 
148 505 
148 219 
148 282 
148 141 
148 284 
148 189 
148 514 
148 185 
148 415 
148 213 
148 56 
148 300 
148 566 
148 256 
148 406 
148 366 
148 51 
148 76 
148 68 
148 140 
148 96 
148 557 
148 520 
148 206 
148 481 
148 471 
148 529 
148 112 
148 417 
148 137 
148 346 
148 405 
148 258 
148 452 
148 309 
148 24 
148 134 
148 70 
148 376 
148 308 
148 205 
148 297 
148 381 
148 243 
148 574 
148 556 
148 95 
148 192 
148 580 
148 540 
148 251 
148 177 
148 111 
148 484 
148 278 
148 44 
148 323 
148 34 
148 23 
148 391 
148 555 
148 293 
148 338 
148 349 
148 135 
148 543 
148 303 
148 588 
148 434 
148 432 
148 465 
148 71 
148 421 
148 352 
148 512 
148 370 
148 403 
148 14 
148 48 
148 584 
148 372 
148 132 
148 246 
148 334 
149 139 
149 47 
149 213 
149 219 
149 178 
149 451 
149 81 
149 36 
149 533 
149 23 
149 110 
149 438 
149 48 
149 350 
149 343 
149 188 
149 431 
149 52 
149 453 
149 419 
149 529 
149 158 
149 497 
149 186 
149 140 
149 357 
149 258 
149 518 
149 189 
149 296 
149 306 
149 155 
149 230 
149 98 
149 499 
149 328 
149 265 
149 409 
149 492 
149 6 
149 167 
149 130 
149 552 
149 55 
149 295 
149 312 
149 34 
149 19 
149 250 
149 524 
149 113 
149 542 
149 587 
149 148 
149 30 
149 307 
149 385 
149 539 
149 300 
149 274 
149 183 
149 513 
149 369 
149 32 
149 93 
149 180 
149 508 
149 365 
149 333 
149 422 
149 334 
149 251 
149 326 
149 212 
149 468 
149 380 
149 403 
149 558 
149 441 
149 517 
149 489 
149 20 
149 290 
149 356 
149 205 
149 319 
149 364 
149 210 
149 354 
149 536 
149 395 
149 435 
149 22 
149 590 
149 355 
149 112 
149 78 
149 351 
149 58 
149 339 
149 80 
149 469 
149 304 
149 44 
149 303 
149 546 
149 507 
149 479 
149 132 
149 106 
149 174 
149 386 
149 411 
149 425 
149 512 
149 363 
149 90 
149 560 
149 236 
149 96 
149 73 
149 116 
149 573 
149 241 
149 211 
149 360 
149 275 
149 221 
149 225 
149 5 
149 344 
149 114 
149 476 
149 349 
149 563 
149 452 
149 229 
149 337 
149 500 
149 137 
149 439 
149 12 
149 381 
149 231 
149 181 
149 317 
149 538 
149 368 
149 562 
149 467 
149 437 
149 29 
149 191 
149 324 
149 340 
149 442 
149 287 
149 427 
149 31 
149 17 
149 532 
149 279 
149 126 
149 168 
149 520 
149 503 
149 170 
149 316 
149 60 
149 432 
149 25 
149 95 
149 548 
149 136 
149 297 
149 394 
149 15 
149 293 
149 366 
149 118 
149 581 
150 281 
150 507 
150 59 
150 253 
150 54 
150 219 
150 39 
150 191 
150 500 
150 280 
150 276 
150 362 
150 11 
150 98 
150 274 
150 228 
150 120 
150 33 
150 215 
150 581 
150 323 
150 475 
150 431 
150 443 
150 590 
150 244 
150 454 
150 530 
150 550 
150 118 
150 328 
150 515 
150 435 
150 358 
150 100 
150 436 
150 533 
150 143 
150 41 
150 254 
150 481 
150 312 
150 21 
150 82 
150 570 
150 490 
150 463 
150 75 
150 151 
150 411 
150 268 
150 313 
150 513 
150 531 
150 316 
150 542 
150 337 
150 9 
150 161 
150 139 
150 71 
150 479 
150 173 
150 282 
150 300 
150 258 
150 80 
150 125 
150 20 
150 6 
150 18 
150 359 
150 538 
150 223 
150 381 
150 83 
150 109 
150 40 
150 66 
150 369 
150 325 
150 131 
150 519 
150 129 
150 439 
150 251 
150 283 
150 235 
150 506 
150 5 
150 504 
150 380 
150 326 
150 195 
150 310 
150 94 
150 582 
150 414 
150 240 
150 104 
150 563 
150 224 
150 23 
150 330 
150 421 
150 142 
150 7 
150 117 
150 62 
150 485 
150 587 
150 353 
150 357 
150 112 
150 156 
150 390 
150 437 
150 592 
150 564 
150 322 
150 207 
150 297 
150 1 
150 113 
150 50 
150 382 
150 271 
150 25 
150 45 
150 48 
150 338 
150 175 
150 213 
150 398 
150 545 
150 108 
150 425 
150 547 
150 278 
150 350 
150 67 
150 372 
150 418 
150 541 
150 444 
150 4 
150 428 
150 291 
150 70 
150 88 
150 408 
150 270 
150 267 
150 85 
150 35 
150 159 
150 317 
150 245 
150 567 
150 152 
150 257 
150 138 
150 217 
150 386 
150 238 
150 153 
150 391 
150 488 
151 83 
151 431 
151 411 
151 134 
151 238 
151 426 
151 520 
151 162 
151 488 
151 142 
151 271 
151 19 
151 318 
151 402 
151 390 
151 335 
151 49 
151 531 
151 518 
151 139 
151 65 
151 457 
151 553 
151 342 
151 87 
151 410 
151 523 
151 157 
151 468 
151 218 
151 308 
151 240 
151 578 
151 245 
151 95 
151 233 
151 589 
151 7 
151 128 
151 370 
151 160 
151 138 
151 404 
151 57 
151 100 
151 547 
151 81 
151 150 
151 277 
151 249 
151 62 
151 475 
151 546 
151 332 
151 464 
151 224 
151 405 
151 299 
151 408 
151 243 
151 292 
151 435 
151 470 
151 453 
151 517 
151 466 
151 506 
151 399 
151 337 
151 437 
151 237 
151 8 
151 174 
151 69 
151 215 
151 108 
151 338 
151 178 
151 521 
151 273 
151 406 
151 171 
151 122 
151 92 
151 119 
151 446 
151 203 
151 96 
151 21 
151 3 
151 422 
151 564 
151 209 
151 45 
151 326 
151 145 
151 542 
151 353 
151 348 
151 204 
151 16 
151 516 
151 97 
151 123 
151 154 
151 557 
151 376 
151 38 
151 229 
151 231 
151 310 
151 296 
151 93 
151 201 
151 71 
151 261 
151 541 
151 507 
151 78 
151 256 
151 169 
151 257 
151 496 
151 164 
151 374 
151 550 
151 133 
151 244 
151 197 
151 272 
151 140 
151 579 
151 503 
151 442 
151 328 
151 175 
151 13 
151 153 
151 252 
151 104 
151 26 
151 144 
151 417 
151 112 
151 163 
151 514 
151 561 
151 484 
151 63 
151 452 
151 544 
151 591 
151 519 
151 159 
151 94 
151 284 
151 117 
151 143 
151 505 
151 98 
151 395 
151 180 
151 161 
151 327 
151 51 
151 474 
151 300 
151 37 
151 295 
151 33 
151 239 
152 279 
152 98 
152 1 
152 194 
152 335 
152 285 
152 103 
152 233 
152 260 
152 356 
152 520 
152 290 
152 71 
152 363 
152 366 
152 136 
152 312 
152 483 
152 439 
152 202 
152 414 
152 427 
152 107 
152 492 
152 188 
152 322 
152 577 
152 291 
152 525 
152 278 
152 141 
152 214 
152 58 
152 64 
152 29 
152 193 
152 190 
152 25 
152 259 
152 51 
152 273 
152 70 
152 251 
152 175 
152 340 
152 238 
152 441 
152 411 
152 484 
152 286 
152 111 
152 270 
152 183 
152 361 
152 13 
152 200 
152 585 
152 132 
152 352 
152 383 
152 447 
152 169 
152 563 
152 153 
152 250 
152 166 
152 14 
152 433 
152 93 
152 117 
152 104 
152 10 
152 468 
152 130 
152 114 
152 41 
152 2 
152 434 
152 381 
152 72 
152 551 
152 26 
152 380 
152 355 
152 184 
152 316 
152 377 
152 235 
152 131 
152 297 
152 561 
152 192 
152 82 
152 36 
152 92 
152 587 
152 588 
152 496 
152 287 
152 499 
152 282 
152 158 
152 358 
152 108 
152 241 
152 118 
152 448 
152 469 
152 179 
152 505 
152 398 
152 589 
152 575 
152 205 
152 198 
152 384 
152 444 
152 289 
152 269 
152 212 
152 222 
152 242 
152 491 
152 584 
152 180 
152 33 
152 537 
152 274 
152 353 
152 300 
152 165 
152 519 
152 354 
152 207 
152 591 
152 68 
152 163 
152 230 
152 452 
152 55 
152 369 
152 78 
152 237 
152 231 
152 135 
152 128 
152 450 
152 102 
152 284 
152 337 
152 343 
152 127 
152 419 
152 416 
152 313 
152 73 
152 150 
152 88 
152 466 
152 61 
152 315 
152 327 
152 203 
152 401 
153 548 
153 127 
153 424 
153 200 
153 578 
153 446 
153 391 
153 534 
153 591 
153 283 
153 581 
153 315 
153 326 
153 130 
153 168 
153 210 
153 21 
153 266 
153 124 
153 22 
153 480 
153 360 
153 186 
153 485 
153 475 
153 568 
153 169 
153 93 
153 57 
153 155 
153 410 
153 134 
153 71 
153 164 
153 414 
153 466 
153 366 
153 50 
153 486 
153 274 
153 428 
153 319 
153 382 
153 518 
153 524 
153 137 
153 91 
153 170 
153 180 
153 334 
153 97 
153 448 
153 41 
153 550 
153 242 
153 318 
153 430 
153 60 
153 178 
153 514 
153 503 
153 311 
153 152 
153 515 
153 417 
153 426 
153 459 
153 572 
153 292 
153 77 
153 30 
153 193 
153 462 
153 556 
153 47 
153 551 
153 268 
153 579 
153 562 
153 560 
153 121 
153 148 
153 586 
153 214 
153 119 
153 15 
153 206 
153 372 
153 217 
153 229 
153 332 
153 543 
153 46 
153 472 
153 140 
153 281 
153 348 
153 400 
153 64 
153 159 
153 109 
153 235 
153 192 
153 549 
153 212 
153 469 
153 519 
153 45 
153 147 
153 67 
153 394 
153 123 
153 308 
153 544 
153 139 
153 354 
153 65 
153 390 
153 422 
153 421 
153 38 
153 62 
153 8 
153 286 
153 48 
153 403 
153 166 
153 55 
153 463 
153 345 
153 143 
153 494 
153 583 
153 199 
153 141 
153 541 
153 333 
153 151 
153 276 
153 411 
153 412 
153 419 
153 432 
153 131 
153 44 
153 248 
153 88 
153 402 
153 101 
153 259 
153 340 
153 449 
153 233 
153 379 
153 157 
153 297 
153 39 
153 87 
153 481 
153 582 
153 1 
153 331 
153 95 
153 261 
153 317 
153 491 
153 239 
153 291 
153 129 
153 303 
153 362 
153 197 
153 150 
153 163 
153 252 
154 361 
154 489 
154 23 
154 254 
154 552 
154 139 
154 215 
154 289 
154 422 
154 523 
154 588 
154 389 
154 366 
154 267 
154 419 
154 38 
154 451 
154 209 
154 382 
154 36 
154 577 
154 510 
154 128 
154 420 
154 445 
154 77 
154 519 
154 537 
154 261 
154 273 
154 349 
154 79 
154 478 
154 314 
154 399 
154 511 
154 329 
154 69 
154 554 
154 463 
154 321 
154 59 
154 257 
154 190 
154 397 
154 501 
154 274 
154 224 
154 294 
154 509 
154 513 
154 22 
154 87 
154 225 
154 390 
154 16 
154 227 
154 177 
154 239 
154 407 
154 268 
154 73 
154 161 
154 206 
154 506 
154 496 
154 342 
154 29 
154 582 
154 249 
154 464 
154 402 
154 534 
154 350 
154 57 
154 548 
154 499 
154 132 
154 363 
154 538 
154 487 
154 563 
154 460 
154 221 
154 50 
154 220 
154 416 
154 476 
154 284 
154 147 
154 151 
154 584 
154 323 
154 186 
154 158 
154 425 
154 491 
154 155 
154 477 
154 520 
154 391 
154 412 
154 95 
154 170 
154 42 
154 462 
154 286 
154 381 
154 585 
154 473 
154 183 
154 355 
154 544 
154 373 
154 292 
154 241 
154 253 
154 317 
154 502 
154 446 
154 70 
154 575 
154 168 
154 176 
154 359 
154 372 
154 424 
154 340 
154 479 
154 202 
154 545 
154 282 
154 319 
154 31 
154 191 
154 370 
154 21 
154 581 
154 310 
154 123 
154 72 
154 62 
154 208 
154 369 
154 482 
154 214 
154 547 
154 212 
154 108 
154 306 
154 252 
154 307 
154 53 
154 271 
154 199 
154 213 
154 2 
154 471 
155 189 
155 591 
155 42 
155 325 
155 446 
155 517 
155 507 
155 133 
155 445 
155 285 
155 556 
155 10 
155 583 
155 375 
155 487 
155 44 
155 499 
155 36 
155 7 
155 383 
155 304 
155 230 
155 376 
155 43 
155 158 
155 180 
155 130 
155 177 
155 461 
155 324 
155 115 
155 33 
155 149 
155 252 
155 341 
155 584 
155 153 
155 458 
155 98 
155 382 
155 306 
155 423 
155 89 
155 441 
155 414 
155 173 
155 18 
155 95 
155 552 
155 57 
155 118 
155 426 
155 468 
155 549 
155 165 
155 567 
155 193 
155 24 
155 546 
155 109 
155 47 
155 212 
155 22 
155 331 
155 102 
155 225 
155 374 
155 30 
155 161 
155 266 
155 27 
155 231 
155 388 
155 535 
155 116 
155 434 
155 509 
155 450 
155 288 
155 327 
155 294 
155 203 
155 527 
155 522 
155 393 
155 588 
155 46 
155 183 
155 541 
155 162 
155 265 
155 131 
155 249 
155 55 
155 76 
155 316 
155 86 
155 465 
155 256 
155 291 
155 156 
155 137 
155 20 
155 240 
155 159 
155 345 
155 67 
155 97 
155 111 
155 60 
155 243 
155 154 
155 379 
155 339 
155 475 
155 232 
155 9 
155 448 
155 540 
155 307 
155 319 
155 217 
155 289 
155 320 
155 31 
155 500 
155 313 
155 292 
155 164 
155 358 
155 182 
155 309 
155 578 
155 301 
155 269 
155 23 
155 78 
155 255 
155 277 
155 577 
155 559 
155 146 
155 536 
155 420 
155 135 
155 370 
155 533 
155 258 
155 138 
155 129 
155 432 
155 296 
155 352 
155 140 
155 305 
155 204 
155 224 
155 113 
155 239 
155 373 
155 190 
155 75 
155 346 
155 56 
155 469 
155 515 
155 537 
155 28 
155 196 
155 356 
155 181 
155 114 
155 273 
155 144 
155 386 
155 572 
155 485 
155 329 
156 310 
156 235 
156 434 
156 372 
156 294 
156 212 
156 242 
156 30 
156 514 
156 424 
156 546 
156 42 
156 128 
156 318 
156 51 
156 543 
156 186 
156 250 
156 115 
156 246 
156 269 
156 230 
156 302 
156 346 
156 313 
156 469 
156 505 
156 422 
156 175 
156 134 
156 138 
156 210 
156 252 
156 166 
156 436 
156 197 
156 431 
156 86 
156 259 
156 131 
156 48 
156 72 
156 190 
156 247 
156 120 
156 341 
156 70 
156 215 
156 94 
156 2 
156 0 
156 147 
156 22 
156 309 
156 223 
156 279 
156 231 
156 1 
156 402 
156 393 
156 28 
156 180 
156 126 
156 169 
156 206 
156 132 
156 338 
156 576 
156 203 
156 423 
156 189 
156 113 
156 97 
156 464 
156 465 
156 377 
156 342 
156 54 
156 191 
156 146 
156 14 
156 345 
156 525 
156 176 
156 562 
156 5 
156 201 
156 68 
156 284 
156 58 
156 445 
156 285 
156 278 
156 398 
156 19 
156 277 
156 85 
156 430 
156 449 
156 105 
156 454 
156 116 
156 407 
156 538 
156 270 
156 66 
156 155 
156 369 
156 483 
156 280 
156 195 
156 373 
156 202 
156 29 
156 347 
156 298 
156 57 
156 508 
156 161 
156 522 
156 433 
156 45 
156 219 
156 37 
156 426 
156 394 
156 150 
156 193 
156 462 
156 62 
156 334 
156 266 
156 157 
156 472 
156 243 
156 282 
156 425 
156 98 
156 439 
156 588 
156 579 
156 237 
156 207 
156 272 
156 122 
156 539 
156 542 
156 276 
156 106 
156 36 
156 476 
156 256 
156 136 
156 360 
156 573 
156 336 
156 10 
156 564 
156 304 
156 432 
156 291 
156 95 
156 301 
156 512 
156 590 
156 376 
156 468 
156 502 
156 74 
156 11 
156 33 
156 73 
156 229 
156 174 
156 520 
156 244 
156 497 
156 459 
156 249 
156 111 
156 339 
156 254 
156 592 
156 71 
156 570 
156 20 
156 417 
156 271 
156 362 
156 194 
156 580 
157 179 
157 304 
157 431 
157 456 
157 19 
157 312 
157 364 
157 31 
157 85 
157 171 
157 143 
157 410 
157 507 
157 12 
157 26 
157 587 
157 45 
157 495 
157 35 
157 387 
157 344 
157 235 
157 282 
157 557 
157 425 
157 110 
157 238 
157 430 
157 151 
157 537 
157 510 
157 501 
157 585 
157 422 
157 61 
157 385 
157 190 
157 256 
157 134 
157 417 
157 66 
157 129 
157 420 
157 484 
157 29 
157 478 
157 212 
157 491 
157 62 
157 516 
157 119 
157 58 
157 371 
157 147 
157 319 
157 520 
157 197 
157 562 
157 529 
157 76 
157 234 
157 128 
157 249 
157 266 
157 563 
157 117 
157 89 
157 73 
157 458 
157 561 
157 452 
157 552 
157 194 
157 205 
157 393 
157 315 
157 213 
157 432 
157 392 
157 457 
157 102 
157 488 
157 551 
157 219 
157 558 
157 274 
157 43 
157 0 
157 17 
157 407 
157 86 
157 1 
157 372 
157 34 
157 23 
157 42 
157 230 
157 233 
157 530 
157 65 
157 441 
157 187 
157 528 
157 411 
157 475 
157 489 
157 27 
157 191 
157 569 
157 321 
157 71 
157 181 
157 139 
157 169 
157 180 
157 402 
157 252 
157 276 
157 518 
157 341 
157 434 
157 260 
157 333 
157 439 
157 363 
157 375 
157 504 
157 78 
157 275 
157 582 
157 470 
157 156 
157 433 
157 255 
157 572 
157 343 
157 106 
157 570 
157 51 
157 60 
157 77 
157 414 
157 33 
157 365 
157 396 
157 293 
157 450 
157 177 
157 40 
157 483 
157 74 
157 259 
157 144 
157 464 
157 57 
157 153 
157 267 
157 262 
157 549 
157 351 
157 584 
157 195 
157 479 
157 412 
157 474 
157 571 
157 482 
157 6 
157 540 
157 186 
157 172 
157 210 
157 232 
157 55 
157 295 
157 250 
157 358 
157 142 
157 531 
157 524 
158 128 
158 577 
158 20 
158 195 
158 165 
158 281 
158 277 
158 353 
158 258 
158 237 
158 400 
158 205 
158 390 
158 525 
158 472 
158 524 
158 379 
158 113 
158 235 
158 34 
158 91 
158 107 
158 79 
158 563 
158 467 
158 358 
158 149 
158 380 
158 184 
158 155 
158 320 
158 162 
158 241 
158 100 
158 94 
158 85 
158 327 
158 410 
158 115 
158 276 
158 192 
158 293 
158 247 
158 339 
158 92 
158 95 
158 2 
158 190 
158 548 
158 368 
158 456 
158 554 
158 240 
158 198 
158 532 
158 450 
158 41 
158 453 
158 217 
158 397 
158 333 
158 251 
158 300 
158 436 
158 439 
158 527 
158 167 
158 326 
158 77 
158 202 
158 310 
158 127 
158 271 
158 538 
158 479 
158 324 
158 207 
158 422 
158 427 
158 209 
158 193 
158 299 
158 144 
158 178 
158 331 
158 30 
158 72 
158 182 
158 170 
158 449 
158 348 
158 547 
158 82 
158 134 
158 264 
158 249 
158 572 
158 180 
158 404 
158 414 
158 64 
158 462 
158 428 
158 362 
158 313 
158 442 
158 69 
158 505 
158 4 
158 154 
158 213 
158 12 
158 541 
158 152 
158 73 
158 389 
158 429 
158 329 
158 486 
158 142 
158 197 
158 307 
158 174 
158 181 
158 7 
158 18 
158 592 
158 416 
158 50 
158 133 
158 226 
158 351 
158 228 
158 183 
158 212 
158 38 
158 147 
158 578 
158 196 
158 250 
158 114 
158 492 
158 558 
158 357 
158 405 
158 454 
158 562 
158 543 
158 74 
158 129 
158 118 
158 273 
158 126 
158 269 
158 464 
158 573 
158 420 
158 219 
158 433 
158 287 
158 560 
158 321 
158 224 
158 305 
158 581 
158 493 
158 530 
158 137 
158 579 
158 373 
158 584 
158 343 
158 222 
158 484 
158 503 
158 234 
158 516 
158 518 
158 583 
158 335 
158 304 
158 384 
158 371 
159 350 
159 98 
159 16 
159 390 
159 444 
159 69 
159 495 
159 176 
159 431 
159 143 
159 424 
159 10 
159 8 
159 525 
159 463 
159 359 
159 242 
159 507 
159 318 
159 456 
159 94 
159 466 
159 173 
159 122 
159 591 
159 204 
159 561 
159 68 
159 536 
159 550 
159 514 
159 580 
159 188 
159 229 
159 315 
159 363 
159 161 
159 187 
159 527 
159 438 
159 240 
159 196 
159 553 
159 365 
159 489 
159 227 
159 42 
159 2 
159 259 
159 486 
159 178 
159 59 
159 34 
159 468 
159 413 
159 512 
159 235 
159 325 
159 518 
159 440 
159 582 
159 78 
159 331 
159 547 
159 38 
159 209 
159 441 
159 586 
159 509 
159 339 
159 4 
159 89 
159 451 
159 192 
159 528 
159 338 
159 117 
159 479 
159 135 
159 505 
159 471 
159 588 
159 519 
159 481 
159 311 
159 105 
159 5 
159 199 
159 29 
159 102 
159 533 
159 404 
159 506 
159 111 
159 198 
159 385 
159 494 
159 356 
159 153 
159 446 
159 193 
159 223 
159 306 
159 522 
159 274 
159 342 
159 335 
159 549 
159 299 
159 288 
159 391 
159 231 
159 372 
159 130 
159 217 
159 128 
159 155 
159 61 
159 420 
159 52 
159 11 
159 461 
159 125 
159 137 
159 165 
159 35 
159 191 
159 554 
159 100 
159 560 
159 298 
159 113 
159 73 
159 182 
159 82 
159 515 
159 146 
159 45 
159 448 
159 425 
159 415 
159 358 
159 394 
159 323 
159 282 
159 118 
159 421 
159 469 
159 106 
159 443 
159 393 
159 334 
159 575 
159 234 
159 488 
159 7 
159 74 
159 266 
159 254 
159 434 
159 430 
159 12 
159 396 
159 455 
159 252 
159 480 
159 540 
159 320 
159 224 
159 221 
159 295 
159 545 
159 151 
159 248 
159 150 
159 436 
159 239 
159 310 
159 585 
159 65 
159 458 
159 19 
159 244 
159 395 
159 432 
159 60 
160 552 
160 102 
160 309 
160 348 
160 28 
160 44 
160 86 
160 105 
160 163 
160 519 
160 38 
160 352 
160 469 
160 494 
160 354 
160 51 
160 288 
160 336 
160 431 
160 536 
160 284 
160 85 
160 56 
160 319 
160 273 
160 318 
160 368 
160 529 
160 232 
160 554 
160 328 
160 545 
160 151 
160 333 
160 42 
160 250 
160 396 
160 291 
160 311 
160 510 
160 164 
160 581 
160 393 
160 380 
160 7 
160 506 
160 266 
160 205 
160 334 
160 113 
160 392 
160 412 
160 449 
160 308 
160 559 
160 125 
160 563 
160 201 
160 481 
160 58 
160 75 
160 202 
160 395 
160 509 
160 591 
160 214 
160 3 
160 63 
160 556 
160 327 
160 471 
160 388 
160 240 
160 124 
160 326 
160 48 
160 405 
160 104 
160 50 
160 25 
160 216 
160 518 
160 542 
160 398 
160 340 
160 397 
160 525 
160 283 
160 117 
160 82 
160 503 
160 391 
160 239 
160 24 
160 443 
160 13 
160 181 
160 238 
160 65 
160 46 
160 339 
160 444 
160 561 
160 196 
160 71 
160 267 
160 100 
160 517 
160 300 
160 415 
160 442 
160 40 
160 228 
160 378 
160 438 
160 321 
160 130 
160 213 
160 356 
160 143 
160 524 
160 313 
160 496 
160 302 
160 272 
160 225 
160 166 
160 285 
160 296 
160 178 
160 571 
160 210 
160 174 
160 324 
160 534 
160 479 
160 6 
160 26 
160 199 
160 244 
160 439 
160 580 
160 414 
160 198 
160 191 
160 422 
160 89 
160 278 
160 403 
160 345 
160 52 
160 489 
160 23 
160 1 
160 445 
160 168 
160 286 
160 172 
160 413 
160 177 
160 45 
160 247 
160 194 
160 111 
160 576 
160 539 
160 211 
160 101 
160 530 
161 352 
161 45 
161 358 
161 189 
161 521 
161 288 
161 565 
161 11 
161 250 
161 460 
161 410 
161 54 
161 509 
161 49 
161 370 
161 323 
161 538 
161 74 
161 384 
161 404 
161 5 
161 395 
161 387 
161 561 
161 333 
161 334 
161 0 
161 489 
161 515 
161 344 
161 398 
161 549 
161 491 
161 315 
161 402 
161 178 
161 419 
161 147 
161 247 
161 343 
161 17 
161 89 
161 83 
161 258 
161 257 
161 124 
161 159 
161 6 
161 539 
161 510 
161 330 
161 573 
161 540 
161 357 
161 514 
161 500 
161 150 
161 413 
161 173 
161 363 
161 421 
161 342 
161 408 
161 255 
161 84 
161 193 
161 44 
161 412 
161 58 
161 10 
161 306 
161 517 
161 125 
161 350 
161 68 
161 551 
161 505 
161 2 
161 216 
161 155 
161 435 
161 43 
161 317 
161 588 
161 289 
161 154 
161 174 
161 379 
161 469 
161 242 
161 525 
161 465 
161 115 
161 78 
161 329 
161 392 
161 349 
161 336 
161 94 
161 177 
161 145 
161 230 
161 24 
161 271 
161 254 
161 585 
161 201 
161 75 
161 293 
161 381 
161 359 
161 418 
161 291 
161 241 
161 371 
161 93 
161 196 
161 354 
161 570 
161 304 
161 156 
161 123 
161 415 
161 40 
161 20 
161 60 
161 451 
161 526 
161 504 
161 543 
161 14 
161 454 
161 331 
161 411 
161 269 
161 440 
161 586 
161 576 
161 562 
161 473 
161 104 
161 130 
161 499 
161 143 
161 42 
161 548 
161 529 
161 365 
161 162 
161 480 
161 528 
161 523 
161 106 
161 262 
161 165 
161 456 
161 511 
161 176 
161 449 
161 16 
161 547 
161 388 
161 361 
161 239 
161 97 
161 21 
161 23 
161 351 
161 29 
161 282 
161 116 
161 439 
161 197 
161 139 
161 394 
161 50 
161 211 
161 192 
161 348 
161 375 
161 221 
161 481 
161 151 
161 367 
161 311 
161 4 
161 506 
161 256 
161 199 
161 414 
162 56 
162 344 
162 530 
162 458 
162 335 
162 111 
162 136 
162 357 
162 151 
162 203 
162 347 
162 587 
162 541 
162 54 
162 92 
162 65 
162 380 
162 24 
162 182 
162 489 
162 548 
162 422 
162 198 
162 297 
162 459 
162 270 
162 483 
162 446 
162 244 
162 428 
162 332 
162 158 
162 172 
162 167 
162 500 
162 293 
162 436 
162 491 
162 425 
162 221 
162 140 
162 109 
162 252 
162 126 
162 246 
162 435 
162 199 
162 356 
162 393 
162 117 
162 564 
162 294 
162 28 
162 391 
162 476 
162 98 
162 333 
162 276 
162 324 
162 460 
162 262 
162 224 
162 464 
162 329 
162 412 
162 367 
162 22 
162 255 
162 61 
162 306 
162 414 
162 201 
162 45 
162 563 
162 591 
162 576 
162 275 
162 62 
162 310 
162 496 
162 155 
162 215 
162 251 
162 139 
162 112 
162 440 
162 542 
162 57 
162 101 
162 441 
162 124 
162 39 
162 515 
162 429 
162 285 
162 366 
162 524 
162 97 
162 193 
162 448 
162 320 
162 507 
162 401 
162 318 
162 72 
162 197 
162 75 
162 584 
162 208 
162 551 
162 433 
162 349 
162 164 
162 501 
162 381 
162 74 
162 123 
162 122 
162 40 
162 176 
162 118 
162 168 
162 71 
162 437 
162 536 
162 113 
162 334 
162 520 
162 161 
162 147 
162 223 
162 88 
162 214 
162 430 
162 129 
162 463 
162 588 
162 210 
162 499 
162 494 
162 527 
162 278 
162 326 
162 238 
162 127 
162 565 
162 365 
162 50 
162 187 
162 179 
162 427 
162 107 
162 106 
162 78 
162 323 
162 311 
162 91 
162 416 
162 242 
162 303 
162 399 
162 360 
162 421 
162 585 
162 272 
162 531 
162 480 
162 322 
162 545 
162 394 
162 305 
162 546 
162 195 
162 178 
162 15 
162 519 
162 53 
163 434 
163 195 
163 55 
163 200 
163 29 
163 17 
163 388 
163 309 
163 431 
163 160 
163 248 
163 89 
163 515 
163 69 
163 174 
163 32 
163 18 
163 519 
163 234 
163 478 
163 128 
163 253 
163 328 
163 318 
163 447 
163 281 
163 75 
163 479 
163 396 
163 73 
163 72 
163 95 
163 408 
163 493 
163 375 
163 19 
163 122 
163 511 
163 131 
163 430 
163 331 
163 402 
163 528 
163 167 
163 246 
163 130 
163 418 
163 289 
163 552 
163 103 
163 209 
163 582 
163 21 
163 555 
163 201 
163 362 
163 572 
163 138 
163 416 
163 70 
163 184 
163 338 
163 497 
163 14 
163 113 
163 213 
163 423 
163 566 
163 335 
163 393 
163 558 
163 355 
163 385 
163 506 
163 10 
163 275 
163 228 
163 44 
163 527 
163 542 
163 51 
163 166 
163 366 
163 525 
163 592 
163 485 
163 203 
163 202 
163 376 
163 556 
163 196 
163 62 
163 263 
163 6 
163 397 
163 347 
163 9 
163 428 
163 432 
163 533 
163 236 
163 192 
163 273 
163 24 
163 266 
163 458 
163 413 
163 438 
163 394 
163 441 
163 48 
163 383 
163 222 
163 255 
163 532 
163 232 
163 49 
163 97 
163 38 
163 439 
163 133 
163 81 
163 476 
163 581 
163 484 
163 590 
163 208 
163 77 
163 392 
163 378 
163 211 
163 482 
163 50 
163 235 
163 78 
163 541 
163 39 
163 175 
163 520 
163 571 
163 578 
163 586 
163 390 
163 503 
163 330 
163 424 
163 535 
163 233 
163 562 
163 545 
163 456 
163 94 
163 451 
163 468 
163 481 
163 74 
163 152 
163 183 
163 414 
163 339 
163 31 
163 291 
163 298 
163 151 
163 8 
163 369 
163 446 
163 30 
163 529 
163 205 
163 412 
163 56 
163 84 
163 57 
163 500 
163 198 
163 565 
163 98 
163 104 
163 140 
163 453 
163 193 
163 147 
163 283 
163 531 
163 153 
164 534 
164 147 
164 484 
164 263 
164 304 
164 198 
164 34 
164 424 
164 460 
164 79 
164 515 
164 325 
164 393 
164 405 
164 1 
164 330 
164 16 
164 310 
164 130 
164 168 
164 137 
164 136 
164 54 
164 576 
164 441 
164 360 
164 229 
164 356 
164 290 
164 98 
164 478 
164 406 
164 433 
164 93 
164 530 
164 469 
164 404 
164 69 
164 367 
164 121 
164 81 
164 546 
164 322 
164 588 
164 87 
164 153 
164 206 
164 458 
164 95 
164 32 
164 232 
164 375 
164 541 
164 160 
164 399 
164 230 
164 307 
164 507 
164 563 
164 471 
164 306 
164 401 
164 516 
164 382 
164 254 
164 82 
164 339 
164 511 
164 549 
164 431 
164 503 
164 396 
164 316 
164 482 
164 85 
164 184 
164 57 
164 446 
164 117 
164 589 
164 440 
164 442 
164 266 
164 463 
164 187 
164 216 
164 247 
164 577 
164 426 
164 47 
164 83 
164 462 
164 63 
164 533 
164 457 
164 368 
164 35 
164 342 
164 425 
164 502 
164 331 
164 592 
164 309 
164 496 
164 408 
164 221 
164 447 
164 46 
164 20 
164 166 
164 468 
164 298 
164 386 
164 183 
164 319 
164 413 
164 370 
164 115 
164 14 
164 233 
164 214 
164 256 
164 418 
164 180 
164 415 
164 388 
164 459 
164 554 
164 146 
164 518 
164 527 
164 162 
164 376 
164 244 
164 410 
164 344 
164 492 
164 22 
164 510 
164 151 
164 250 
164 104 
164 387 
164 297 
164 318 
164 302 
164 521 
164 274 
164 124 
164 7 
164 91 
164 296 
164 392 
164 155 
164 323 
164 343 
164 165 
164 286 
164 528 
164 585 
164 66 
164 279 
164 485 
164 246 
164 488 
164 567 
164 311 
164 416 
164 282 
164 109 
164 197 
164 359 
164 114 
164 543 
164 287 
164 227 
164 251 
164 499 
164 451 
164 498 
164 436 
165 498 
165 485 
165 236 
165 39 
165 158 
165 122 
165 344 
165 187 
165 575 
165 182 
165 23 
165 534 
165 112 
165 131 
165 207 
165 50 
165 43 
165 405 
165 268 
165 513 
165 176 
165 67 
165 379 
165 95 
165 440 
165 306 
165 387 
165 592 
165 393 
165 410 
165 89 
165 335 
165 143 
165 425 
165 256 
165 518 
165 105 
165 408 
165 560 
165 368 
165 260 
165 66 
165 455 
165 64 
165 172 
165 30 
165 402 
165 289 
165 487 
165 136 
165 82 
165 561 
165 224 
165 221 
165 464 
165 339 
165 517 
165 65 
165 134 
165 495 
165 585 
165 104 
165 377 
165 300 
165 155 
165 336 
165 274 
165 554 
165 398 
165 507 
165 120 
165 194 
165 457 
165 583 
165 34 
165 505 
165 167 
165 200 
165 466 
165 273 
165 93 
165 277 
165 229 
165 251 
165 330 
165 220 
165 444 
165 304 
165 449 
165 279 
165 332 
165 409 
165 482 
165 280 
165 78 
165 116 
165 310 
165 233 
165 36 
165 512 
165 240 
165 197 
165 185 
165 239 
165 192 
165 356 
165 99 
165 490 
165 238 
165 553 
165 397 
165 41 
165 0 
165 287 
165 353 
165 243 
165 12 
165 90 
165 506 
165 407 
165 44 
165 20 
165 499 
165 452 
165 76 
165 188 
165 225 
165 418 
165 73 
165 262 
165 159 
165 189 
165 271 
165 385 
165 214 
165 63 
165 211 
165 362 
165 264 
165 81 
165 530 
165 355 
165 403 
165 529 
165 591 
165 57 
165 216 
165 235 
165 357 
165 123 
165 547 
165 334 
165 46 
165 152 
165 52 
165 436 
165 439 
165 54 
165 552 
165 164 
165 587 
165 589 
165 388 
165 382 
165 514 
165 61 
165 563 
165 475 
165 196 
165 161 
165 267 
165 250 
165 460 
165 290 
165 434 
165 525 
165 253 
165 502 
165 118 
165 448 
165 510 
165 580 
165 578 
165 55 
165 441 
165 428 
165 181 
165 401 
165 559 
165 17 
165 316 
165 486 
165 177 
165 285 
166 335 
166 496 
166 423 
166 479 
166 101 
166 250 
166 89 
166 57 
166 378 
166 307 
166 412 
166 381 
166 376 
166 245 
166 136 
166 60 
166 176 
166 516 
166 198 
166 474 
166 404 
166 352 
166 83 
166 249 
166 498 
166 402 
166 417 
166 463 
166 146 
166 439 
166 359 
166 67 
166 413 
166 116 
166 575 
166 142 
166 533 
166 267 
166 241 
166 102 
166 140 
166 517 
166 526 
166 530 
166 156 
166 36 
166 415 
166 580 
166 583 
166 545 
166 238 
166 407 
166 394 
166 473 
166 311 
166 565 
166 589 
166 185 
166 271 
166 230 
166 55 
166 112 
166 197 
166 226 
166 341 
166 472 
166 264 
166 104 
166 360 
166 191 
166 6 
166 298 
166 219 
166 48 
166 148 
166 362 
166 280 
166 152 
166 163 
166 380 
166 460 
166 446 
166 213 
166 535 
166 542 
166 223 
166 120 
166 244 
166 106 
166 68 
166 121 
166 570 
166 8 
166 310 
166 492 
166 532 
166 170 
166 539 
166 203 
166 428 
166 225 
166 56 
166 569 
166 391 
166 164 
166 274 
166 19 
166 125 
166 283 
166 365 
166 123 
166 573 
166 560 
166 97 
166 296 
166 484 
166 286 
166 167 
166 15 
166 513 
166 293 
166 493 
166 387 
166 476 
166 153 
166 504 
166 584 
166 327 
166 59 
166 592 
166 206 
166 358 
166 12 
166 196 
166 258 
166 357 
166 160 
166 233 
166 315 
166 3 
166 349 
166 90 
166 371 
166 103 
166 113 
166 173 
166 374 
166 126 
166 300 
166 256 
166 478 
166 93 
166 467 
166 84 
166 205 
166 433 
166 33 
166 550 
166 138 
166 555 
166 137 
166 133 
166 527 
166 254 
166 566 
166 216 
166 174 
166 129 
166 453 
166 37 
166 346 
166 581 
166 537 
166 567 
166 325 
166 432 
166 499 
166 342 
166 259 
166 284 
166 514 
166 220 
166 421 
166 405 
166 408 
166 139 
167 444 
167 425 
167 293 
167 510 
167 72 
167 426 
167 18 
167 40 
167 193 
167 583 
167 287 
167 139 
167 32 
167 415 
167 435 
167 559 
167 74 
167 489 
167 54 
167 578 
167 171 
167 88 
167 174 
167 529 
167 330 
167 162 
167 227 
167 232 
167 96 
167 374 
167 439 
167 320 
167 550 
167 149 
167 473 
167 432 
167 47 
167 163 
167 483 
167 311 
167 4 
167 381 
167 556 
167 319 
167 356 
167 547 
167 89 
167 414 
167 327 
167 456 
167 521 
167 551 
167 179 
167 570 
167 391 
167 97 
167 207 
167 419 
167 61 
167 468 
167 406 
167 276 
167 392 
167 158 
167 395 
167 376 
167 396 
167 201 
167 202 
167 165 
167 472 
167 434 
167 491 
167 328 
167 190 
167 266 
167 203 
167 94 
167 184 
167 73 
167 25 
167 503 
167 87 
167 588 
167 451 
167 99 
167 60 
167 575 
167 17 
167 568 
167 365 
167 394 
167 133 
167 317 
167 225 
167 378 
167 449 
167 574 
167 105 
167 351 
167 488 
167 258 
167 360 
167 367 
167 166 
167 590 
167 211 
167 399 
167 233 
167 401 
167 270 
167 517 
167 28 
167 412 
167 520 
167 38 
167 350 
167 560 
167 221 
167 440 
167 235 
167 42 
167 24 
167 332 
167 282 
167 337 
167 325 
167 200 
167 212 
167 57 
167 242 
167 301 
167 400 
167 457 
167 65 
167 290 
167 537 
167 366 
167 48 
167 50 
167 180 
167 498 
167 181 
167 476 
167 113 
167 345 
167 548 
167 122 
167 359 
167 321 
167 209 
167 218 
167 423 
167 368 
167 362 
167 138 
167 558 
167 286 
167 274 
167 536 
167 119 
167 507 
167 247 
167 265 
167 80 
167 172 
167 141 
167 241 
167 104 
167 188 
167 257 
167 216 
167 215 
167 581 
168 69 
168 194 
168 318 
168 558 
168 302 
168 394 
168 434 
168 533 
168 25 
168 278 
168 71 
168 102 
168 242 
168 268 
168 73 
168 28 
168 282 
168 36 
168 554 
168 537 
168 479 
168 526 
168 18 
168 346 
168 153 
168 477 
168 164 
168 447 
168 487 
168 139 
168 286 
168 263 
168 253 
168 264 
168 212 
168 72 
168 240 
168 336 
168 1 
168 546 
168 397 
168 517 
168 361 
168 170 
168 566 
168 248 
168 320 
168 12 
168 196 
168 375 
168 137 
168 322 
168 365 
168 185 
168 393 
168 200 
168 496 
168 229 
168 386 
168 33 
168 174 
168 547 
168 179 
168 299 
168 75 
168 463 
168 233 
168 177 
168 197 
168 389 
168 408 
168 303 
168 188 
168 583 
168 485 
168 274 
168 377 
168 529 
168 310 
168 39 
168 481 
168 208 
168 577 
168 498 
168 557 
168 323 
168 261 
168 237 
168 392 
168 575 
168 243 
168 56 
168 521 
168 452 
168 221 
168 97 
168 473 
168 76 
168 291 
168 105 
168 211 
168 576 
168 81 
168 534 
168 107 
168 559 
168 77 
168 401 
168 182 
168 42 
168 568 
168 306 
168 35 
168 46 
168 61 
168 91 
168 32 
168 204 
168 247 
168 301 
168 195 
168 53 
168 588 
168 587 
168 279 
168 187 
168 350 
168 44 
168 339 
168 60 
168 535 
168 580 
168 307 
168 556 
168 330 
168 538 
168 26 
168 136 
168 145 
168 579 
168 101 
168 24 
168 331 
168 184 
168 191 
168 5 
168 446 
168 381 
168 183 
168 15 
168 162 
168 456 
168 417 
168 424 
168 232 
168 154 
168 384 
168 565 
168 288 
168 210 
168 591 
168 80 
168 403 
168 10 
168 109 
168 348 
168 317 
168 34 
168 415 
168 590 
168 128 
168 16 
168 292 
168 584 
168 414 
168 149 
168 332 
168 273 
168 88 
168 349 
168 285 
168 297 
168 508 
168 506 
168 160 
168 501 
168 313 
168 47 
168 271 
168 406 
168 325 
168 500 
168 522 
168 215 
168 132 
168 474 
169 537 
169 396 
169 59 
169 576 
169 422 
169 544 
169 258 
169 181 
169 294 
169 0 
169 359 
169 60 
169 407 
169 346 
169 317 
169 550 
169 260 
169 557 
169 559 
169 406 
169 585 
169 452 
169 219 
169 100 
169 273 
169 196 
169 32 
169 276 
169 140 
169 295 
169 131 
169 335 
169 418 
169 224 
169 312 
169 153 
169 531 
169 175 
169 573 
169 269 
169 336 
169 499 
169 365 
169 103 
169 448 
169 311 
169 524 
169 366 
169 379 
169 564 
169 26 
169 382 
169 156 
169 253 
169 358 
169 565 
169 97 
169 476 
169 27 
169 308 
169 152 
169 412 
169 523 
169 488 
169 461 
169 393 
169 473 
169 500 
169 299 
169 521 
169 588 
169 303 
169 368 
169 267 
169 464 
169 568 
169 570 
169 148 
169 519 
169 227 
169 469 
169 20 
169 375 
169 17 
169 430 
169 252 
169 107 
169 251 
169 242 
169 66 
169 62 
169 438 
169 55 
169 53 
169 281 
169 479 
169 215 
169 463 
169 190 
169 23 
169 189 
169 141 
169 67 
169 589 
169 355 
169 105 
169 433 
169 248 
169 171 
169 582 
169 70 
169 223 
169 487 
169 203 
169 527 
169 548 
169 533 
169 234 
169 77 
169 584 
169 347 
169 330 
169 496 
169 226 
169 157 
169 456 
169 61 
169 204 
169 580 
169 325 
169 147 
169 151 
169 135 
169 586 
169 343 
169 130 
169 290 
169 485 
169 72 
169 424 
169 372 
169 50 
169 237 
169 315 
169 256 
169 518 
169 278 
169 520 
169 405 
169 349 
169 247 
169 583 
169 18 
169 538 
169 119 
169 522 
169 297 
169 99 
169 385 
169 501 
169 29 
169 57 
169 556 
169 28 
169 230 
169 265 
169 492 
169 264 
169 250 
169 541 
169 437 
169 478 
169 558 
169 348 
169 137 
169 85 
169 98 
169 415 
169 449 
169 482 
169 143 
169 38 
169 318 
169 106 
169 483 
170 343 
170 239 
170 521 
170 236 
170 405 
170 552 
170 515 
170 346 
170 567 
170 44 
170 65 
170 28 
170 326 
170 451 
170 359 
170 349 
170 181 
170 172 
170 221 
170 379 
170 447 
170 99 
170 386 
170 33 
170 396 
170 145 
170 392 
170 504 
170 311 
170 270 
170 419 
170 62 
170 480 
170 212 
170 26 
170 544 
170 73 
170 565 
170 268 
170 168 
170 153 
170 520 
170 471 
170 496 
170 475 
170 491 
170 553 
170 472 
170 366 
170 545 
170 485 
170 87 
170 147 
170 542 
170 481 
170 523 
170 393 
170 275 
170 549 
170 502 
170 439 
170 139 
170 253 
170 358 
170 209 
170 189 
170 179 
170 175 
170 444 
170 416 
170 372 
170 428 
170 40 
170 543 
170 585 
170 534 
170 356 
170 426 
170 388 
170 302 
170 377 
170 353 
170 230 
170 166 
170 468 
170 333 
170 158 
170 112 
170 390 
170 517 
170 197 
170 265 
170 401 
170 399 
170 126 
170 452 
170 184 
170 280 
170 590 
170 533 
170 21 
170 201 
170 196 
170 251 
170 362 
170 288 
170 276 
170 290 
170 477 
170 272 
170 88 
170 154 
170 45 
170 418 
170 32 
170 50 
170 72 
170 432 
170 81 
170 228 
170 254 
170 536 
170 583 
170 424 
170 300 
170 564 
170 489 
170 282 
170 18 
170 314 
170 171 
170 232 
170 49 
170 77 
170 505 
170 435 
170 63 
170 29 
170 223 
170 52 
170 305 
170 431 
170 176 
170 458 
170 297 
170 2 
170 490 
170 461 
170 149 
170 309 
170 47 
170 277 
170 178 
170 15 
170 108 
170 241 
170 113 
170 104 
170 427 
170 339 
170 186 
170 116 
170 103 
170 79 
170 4 
170 413 
171 329 
171 479 
171 197 
171 98 
171 450 
171 95 
171 272 
171 585 
171 551 
171 512 
171 561 
171 181 
171 222 
171 403 
171 418 
171 157 
171 372 
171 428 
171 487 
171 463 
171 568 
171 209 
171 534 
171 10 
171 262 
171 355 
171 167 
171 286 
171 545 
171 360 
171 452 
171 138 
171 9 
171 116 
171 382 
171 232 
171 582 
171 61 
171 38 
171 34 
171 139 
171 475 
171 488 
171 93 
171 356 
171 21 
171 467 
171 515 
171 63 
171 202 
171 111 
171 32 
171 190 
171 137 
171 64 
171 23 
171 364 
171 342 
171 74 
171 293 
171 544 
171 497 
171 474 
171 148 
171 72 
171 361 
171 587 
171 408 
171 252 
171 523 
171 220 
171 417 
171 330 
171 94 
171 113 
171 494 
171 236 
171 333 
171 86 
171 248 
171 414 
171 380 
171 239 
171 588 
171 320 
171 194 
171 470 
171 151 
171 241 
171 65 
171 22 
171 128 
171 583 
171 559 
171 406 
171 97 
171 257 
171 207 
171 530 
171 547 
171 106 
171 203 
171 31 
171 169 
171 461 
171 75 
171 189 
171 82 
171 216 
171 519 
171 16 
171 229 
171 54 
171 198 
171 546 
171 482 
171 371 
171 322 
171 556 
171 533 
171 591 
171 485 
171 14 
171 378 
171 80 
171 366 
171 314 
171 281 
171 374 
171 11 
171 328 
171 173 
171 416 
171 170 
171 432 
171 562 
171 397 
171 307 
171 572 
171 186 
171 87 
171 425 
171 436 
171 337 
171 315 
171 584 
171 462 
171 118 
171 129 
171 278 
171 313 
171 477 
171 331 
171 242 
171 246 
171 44 
171 386 
171 254 
171 90 
171 344 
171 402 
171 362 
171 357 
171 501 
171 295 
171 430 
171 115 
171 244 
171 367 
171 592 
171 176 
172 314 
172 181 
172 566 
172 256 
172 115 
172 201 
172 113 
172 401 
172 276 
172 237 
172 549 
172 93 
172 461 
172 88 
172 170 
172 12 
172 62 
172 313 
172 311 
172 15 
172 162 
172 233 
172 435 
172 242 
172 69 
172 571 
172 271 
172 165 
172 247 
172 128 
172 98 
172 309 
172 77 
172 278 
172 307 
172 124 
172 389 
172 422 
172 423 
172 4 
172 252 
172 315 
172 552 
172 536 
172 462 
172 117 
172 575 
172 465 
172 78 
172 22 
172 223 
172 481 
172 394 
172 342 
172 321 
172 126 
172 42 
172 411 
172 474 
172 221 
172 50 
172 446 
172 516 
172 517 
172 319 
172 281 
172 463 
172 248 
172 5 
172 365 
172 534 
172 71 
172 222 
172 490 
172 386 
172 391 
172 499 
172 196 
172 47 
172 400 
172 334 
172 198 
172 195 
172 354 
172 250 
172 179 
172 18 
172 208 
172 147 
172 255 
172 17 
172 100 
172 568 
172 360 
172 402 
172 367 
172 16 
172 143 
172 192 
172 565 
172 101 
172 522 
172 121 
172 127 
172 288 
172 3 
172 469 
172 139 
172 283 
172 32 
172 176 
172 353 
172 286 
172 302 
172 512 
172 205 
172 379 
172 341 
172 578 
172 140 
172 137 
172 51 
172 310 
172 146 
172 23 
172 239 
172 280 
172 380 
172 504 
172 347 
172 366 
172 563 
172 85 
172 513 
172 381 
172 338 
172 289 
172 472 
172 376 
172 471 
172 447 
172 500 
172 264 
172 377 
172 385 
172 187 
172 544 
172 562 
172 305 
172 543 
172 213 
172 329 
172 392 
172 337 
172 267 
172 359 
172 259 
172 284 
172 67 
172 275 
172 398 
172 318 
172 262 
172 167 
172 160 
172 506 
172 157 
172 132 
172 56 
172 290 
173 183 
173 29 
173 395 
173 242 
173 468 
173 581 
173 532 
173 284 
173 229 
173 523 
173 249 
173 347 
173 146 
173 136 
173 96 
173 39 
173 585 
173 87 
173 256 
173 49 
173 159 
173 574 
173 246 
173 290 
173 493 
173 127 
173 61 
173 334 
173 528 
173 474 
173 592 
173 511 
173 348 
173 230 
173 254 
173 489 
173 147 
173 504 
173 155 
173 184 
173 405 
173 241 
173 588 
173 393 
173 17 
173 41 
173 161 
173 239 
173 11 
173 414 
173 150 
173 554 
173 415 
173 494 
173 363 
173 81 
173 9 
173 69 
173 540 
173 376 
173 247 
173 257 
173 463 
173 371 
173 224 
173 148 
173 89 
173 58 
173 559 
173 404 
173 521 
173 435 
173 62 
173 534 
173 91 
173 319 
173 335 
173 467 
173 53 
173 321 
173 283 
173 237 
173 465 
173 567 
173 412 
173 551 
173 387 
173 192 
173 273 
173 481 
173 323 
173 342 
173 451 
173 105 
173 332 
173 176 
173 117 
173 213 
173 175 
173 201 
173 211 
173 557 
173 142 
173 445 
173 455 
173 288 
173 16 
173 350 
173 208 
173 374 
173 274 
173 370 
173 295 
173 411 
173 10 
173 166 
173 218 
173 419 
173 524 
173 305 
173 76 
173 353 
173 122 
173 171 
173 48 
173 216 
173 106 
173 349 
173 243 
173 35 
173 361 
173 47 
173 206 
173 186 
173 279 
173 410 
173 200 
173 116 
173 293 
173 18 
173 139 
173 231 
173 579 
173 357 
173 140 
173 187 
173 389 
173 454 
173 329 
173 270 
173 448 
173 134 
173 552 
173 400 
173 189 
173 315 
173 75 
173 291 
173 480 
173 301 
173 103 
173 36 
173 138 
174 312 
174 12 
174 255 
174 32 
174 297 
174 372 
174 396 
174 229 
174 259 
174 552 
174 474 
174 320 
174 462 
174 89 
174 163 
174 177 
174 264 
174 586 
174 506 
174 217 
174 281 
174 241 
174 537 
174 350 
174 364 
174 468 
174 285 
174 40 
174 167 
174 508 
174 378 
174 16 
174 24 
174 86 
174 516 
174 385 
174 328 
174 580 
174 481 
174 125 
174 359 
174 522 
174 77 
174 382 
174 323 
174 551 
174 239 
174 463 
174 375 
174 391 
174 104 
174 134 
174 272 
174 194 
174 578 
174 367 
174 168 
174 484 
174 544 
174 148 
174 387 
174 406 
174 495 
174 151 
174 408 
174 114 
174 390 
174 201 
174 541 
174 161 
174 376 
174 269 
174 540 
174 317 
174 498 
174 314 
174 144 
174 407 
174 63 
174 305 
174 411 
174 330 
174 256 
174 149 
174 545 
174 453 
174 249 
174 490 
174 273 
174 554 
174 9 
174 283 
174 588 
174 4 
174 224 
174 483 
174 135 
174 401 
174 7 
174 158 
174 355 
174 112 
174 251 
174 500 
174 70 
174 276 
174 550 
174 47 
174 496 
174 51 
174 46 
174 182 
174 286 
174 346 
174 146 
174 564 
174 257 
174 569 
174 527 
174 220 
174 295 
174 160 
174 108 
174 509 
174 548 
174 190 
174 34 
174 96 
174 403 
174 539 
174 466 
174 263 
174 464 
174 204 
174 27 
174 374 
174 590 
174 315 
174 342 
174 440 
174 289 
174 65 
174 48 
174 439 
174 492 
174 418 
174 399 
174 300 
174 81 
174 480 
174 397 
174 562 
174 452 
174 106 
174 166 
174 536 
174 319 
174 325 
174 203 
174 441 
174 39 
174 8 
174 582 
174 156 
174 296 
174 123 
174 353 
174 491 
174 90 
174 183 
174 311 
174 379 
175 448 
175 240 
175 497 
175 50 
175 212 
175 485 
175 31 
175 7 
175 222 
175 579 
175 394 
175 245 
175 283 
175 289 
175 576 
175 454 
175 114 
175 444 
175 446 
175 541 
175 200 
175 382 
175 35 
175 86 
175 516 
175 46 
175 116 
175 18 
175 227 
175 408 
175 28 
175 250 
175 120 
175 377 
175 156 
175 25 
175 185 
175 412 
175 427 
175 262 
175 341 
175 169 
175 152 
175 495 
175 263 
175 328 
175 129 
175 546 
175 467 
175 357 
175 387 
175 475 
175 432 
175 233 
175 404 
175 248 
175 355 
175 331 
175 439 
175 124 
175 79 
175 92 
175 113 
175 94 
175 0 
175 300 
175 441 
175 551 
175 295 
175 26 
175 419 
175 372 
175 230 
175 486 
175 257 
175 48 
175 121 
175 588 
175 106 
175 170 
175 47 
175 70 
175 104 
175 569 
175 554 
175 108 
175 450 
175 477 
175 238 
175 53 
175 583 
175 194 
175 97 
175 309 
175 132 
175 117 
175 61 
175 311 
175 457 
175 80 
175 483 
175 468 
175 202 
175 538 
175 180 
175 381 
175 27 
175 451 
175 578 
175 298 
175 563 
175 466 
175 416 
175 481 
175 445 
175 443 
175 490 
175 173 
175 571 
175 197 
175 272 
175 12 
175 354 
175 60 
175 461 
175 232 
175 139 
175 534 
175 163 
175 135 
175 207 
175 521 
175 293 
175 392 
175 239 
175 333 
175 195 
175 228 
175 146 
175 40 
175 301 
175 151 
175 193 
175 360 
175 307 
175 150 
175 364 
175 217 
175 512 
175 338 
175 324 
175 440 
175 226 
175 302 
175 480 
175 235 
175 317 
175 383 
175 429 
175 380 
175 55 
175 37 
175 498 
175 255 
175 178 
175 44 
175 378 
175 464 
175 130 
175 368 
175 359 
175 133 
175 348 
175 269 
175 413 
175 118 
175 277 
175 549 
176 343 
176 522 
176 497 
176 86 
176 452 
176 245 
176 509 
176 429 
176 35 
176 4 
176 66 
176 55 
176 159 
176 166 
176 256 
176 491 
176 543 
176 133 
176 328 
176 11 
176 553 
176 354 
176 434 
176 199 
176 293 
176 353 
176 126 
176 428 
176 165 
176 362 
176 384 
176 407 
176 352 
176 141 
176 376 
176 88 
176 493 
176 20 
176 412 
176 447 
176 489 
176 317 
176 95 
176 515 
176 550 
176 17 
176 109 
176 440 
176 488 
176 422 
176 105 
176 552 
176 366 
176 576 
176 302 
176 216 
176 401 
176 263 
176 177 
176 197 
176 534 
176 83 
176 372 
176 345 
176 360 
176 59 
176 314 
176 334 
176 232 
176 51 
176 47 
176 581 
176 311 
176 198 
176 367 
176 296 
176 118 
176 136 
176 268 
176 498 
176 10 
176 312 
176 487 
176 15 
176 38 
176 156 
176 322 
176 143 
176 578 
176 499 
176 377 
176 557 
176 85 
176 21 
176 220 
176 338 
176 279 
176 271 
176 61 
176 248 
176 326 
176 235 
176 96 
176 538 
176 138 
176 551 
176 173 
176 307 
176 320 
176 252 
176 337 
176 100 
176 107 
176 54 
176 355 
176 33 
176 172 
176 568 
176 547 
176 342 
176 511 
176 32 
176 424 
176 590 
176 566 
176 224 
176 316 
176 567 
176 446 
176 162 
176 461 
176 361 
176 27 
176 363 
176 339 
176 205 
176 184 
176 382 
176 154 
176 262 
176 501 
176 571 
176 97 
176 131 
176 385 
176 104 
176 369 
176 438 
176 365 
176 319 
176 579 
176 282 
176 454 
176 443 
176 321 
176 67 
176 161 
176 106 
176 304 
176 327 
176 170 
176 246 
176 18 
176 458 
176 14 
176 380 
176 527 
176 84 
176 580 
176 231 
176 269 
176 207 
176 171 
176 90 
177 425 
177 392 
177 128 
177 523 
177 190 
177 139 
177 320 
177 449 
177 117 
177 578 
177 427 
177 82 
177 435 
177 438 
177 141 
177 289 
177 174 
177 482 
177 329 
177 225 
177 385 
177 60 
177 92 
177 366 
177 579 
177 43 
177 387 
177 155 
177 56 
177 313 
177 238 
177 480 
177 535 
177 127 
177 85 
177 508 
177 528 
177 441 
177 224 
177 318 
177 524 
177 5 
177 283 
177 191 
177 176 
177 107 
177 209 
177 68 
177 125 
177 121 
177 511 
177 199 
177 380 
177 507 
177 12 
177 20 
177 585 
177 137 
177 467 
177 18 
177 168 
177 182 
177 21 
177 351 
177 419 
177 485 
177 527 
177 310 
177 591 
177 154 
177 288 
177 416 
177 115 
177 551 
177 66 
177 539 
177 337 
177 334 
177 546 
177 301 
177 227 
177 565 
177 428 
177 161 
177 545 
177 251 
177 339 
177 477 
177 325 
177 240 
177 484 
177 234 
177 132 
177 281 
177 129 
177 260 
177 358 
177 219 
177 521 
177 442 
177 0 
177 96 
177 563 
177 242 
177 73 
177 245 
177 445 
177 280 
177 426 
177 326 
177 322 
177 62 
177 354 
177 55 
177 268 
177 112 
177 515 
177 490 
177 285 
177 94 
177 186 
177 479 
177 549 
177 306 
177 278 
177 382 
177 244 
177 296 
177 402 
177 488 
177 305 
177 135 
177 391 
177 468 
177 114 
177 590 
177 502 
177 390 
177 323 
177 450 
177 411 
177 531 
177 338 
177 148 
177 89 
177 469 
177 453 
177 398 
177 415 
177 40 
177 64 
177 311 
177 406 
177 37 
177 314 
177 372 
177 157 
177 217 
177 536 
177 297 
177 465 
177 243 
177 444 
177 2 
177 576 
177 53 
177 389 
177 397 
177 518 
177 25 
177 160 
177 560 
177 492 
177 188 
177 74 
177 422 
177 249 
177 57 
177 279 
177 116 
177 71 
177 506 
177 165 
177 264 
178 494 
178 434 
178 381 
178 565 
178 292 
178 561 
178 149 
178 510 
178 324 
178 116 
178 546 
178 348 
178 591 
178 194 
178 392 
178 284 
178 435 
178 217 
178 88 
178 376 
178 179 
178 304 
178 412 
178 183 
178 522 
178 548 
178 26 
178 445 
178 420 
178 182 
178 86 
178 13 
178 431 
178 77 
178 395 
178 451 
178 161 
178 240 
178 540 
178 296 
178 18 
178 216 
178 570 
178 424 
178 248 
178 196 
178 440 
178 567 
178 484 
178 87 
178 504 
178 312 
178 53 
178 259 
178 16 
178 584 
178 555 
178 490 
178 430 
178 137 
178 89 
178 287 
178 105 
178 159 
178 237 
178 327 
178 208 
178 338 
178 354 
178 372 
178 516 
178 276 
178 414 
178 185 
178 558 
178 153 
178 329 
178 280 
178 268 
178 477 
178 319 
178 297 
178 193 
178 83 
178 554 
178 538 
178 37 
178 119 
178 525 
178 112 
178 151 
178 288 
178 417 
178 19 
178 272 
178 359 
178 374 
178 8 
178 388 
178 274 
178 92 
178 206 
178 368 
178 158 
178 513 
178 551 
178 180 
178 403 
178 197 
178 528 
178 347 
178 253 
178 98 
178 139 
178 353 
178 51 
178 107 
178 360 
178 114 
178 190 
178 46 
178 298 
178 478 
178 369 
178 210 
178 84 
178 50 
178 590 
178 576 
178 28 
178 283 
178 126 
178 580 
178 589 
178 487 
178 306 
178 198 
178 25 
178 493 
178 279 
178 142 
178 343 
178 127 
178 6 
178 462 
178 218 
178 54 
178 320 
178 346 
178 238 
178 444 
178 341 
178 160 
178 118 
178 455 
178 205 
178 342 
178 71 
178 236 
178 362 
178 41 
178 492 
178 48 
178 144 
178 40 
178 242 
178 293 
178 230 
178 222 
178 509 
178 129 
178 188 
178 175 
178 290 
178 45 
178 202 
178 95 
178 544 
178 43 
178 170 
178 52 
178 133 
178 422 
178 357 
178 358 
178 302 
178 220 
178 81 
178 162 
178 60 
179 157 
179 267 
179 563 
179 271 
179 381 
179 213 
179 344 
179 450 
179 451 
179 183 
179 178 
179 340 
179 555 
179 211 
179 14 
179 142 
179 570 
179 552 
179 220 
179 292 
179 370 
179 55 
179 474 
179 9 
179 125 
179 575 
179 62 
179 182 
179 104 
179 22 
179 558 
179 139 
179 100 
179 7 
179 37 
179 91 
179 337 
179 232 
179 127 
179 210 
179 420 
179 146 
179 580 
179 396 
179 354 
179 443 
179 489 
179 199 
179 205 
179 520 
179 65 
179 6 
179 81 
179 71 
179 541 
179 268 
179 167 
179 382 
179 237 
179 585 
179 583 
179 410 
179 197 
179 319 
179 467 
179 506 
179 577 
179 168 
179 395 
179 462 
179 499 
179 525 
179 471 
179 478 
179 473 
179 507 
179 170 
179 516 
179 10 
179 288 
179 364 
179 223 
179 140 
179 253 
179 8 
179 560 
179 433 
179 553 
179 503 
179 284 
179 212 
179 247 
179 172 
179 38 
179 201 
179 437 
179 224 
179 496 
179 83 
179 289 
179 417 
179 310 
179 103 
179 114 
179 336 
179 412 
179 308 
179 567 
179 440 
179 101 
179 300 
179 230 
179 427 
179 347 
179 48 
179 512 
179 352 
179 448 
179 315 
179 579 
179 31 
179 50 
179 49 
179 348 
179 307 
179 397 
179 291 
179 219 
179 428 
179 226 
179 483 
179 393 
179 152 
179 508 
179 90 
179 273 
179 88 
179 123 
179 109 
179 367 
179 524 
179 317 
179 2 
179 44 
179 490 
179 290 
179 96 
179 511 
179 298 
179 3 
179 188 
179 234 
179 243 
179 41 
179 215 
179 305 
179 266 
179 550 
179 491 
179 128 
179 162 
179 222 
179 464 
179 326 
179 459 
179 533 
179 371 
179 426 
179 86 
179 117 
179 270 
179 33 
179 408 
179 122 
179 64 
179 200 
179 341 
179 413 
179 328 
179 559 
179 416 
179 362 
179 504 
179 423 
179 342 
179 452 
179 400 
179 457 
179 209 
180 87 
180 455 
180 582 
180 302 
180 441 
180 456 
180 113 
180 312 
180 564 
180 31 
180 295 
180 265 
180 440 
180 496 
180 146 
180 438 
180 125 
180 24 
180 11 
180 344 
180 388 
180 590 
180 155 
180 463 
180 444 
180 225 
180 320 
180 90 
180 337 
180 392 
180 136 
180 548 
180 389 
180 585 
180 477 
180 247 
180 60 
180 242 
180 452 
180 224 
180 245 
180 48 
180 518 
180 422 
180 588 
180 45 
180 537 
180 85 
180 303 
180 213 
180 381 
180 292 
180 71 
180 153 
180 248 
180 140 
180 156 
180 297 
180 470 
180 427 
180 5 
180 437 
180 149 
180 345 
180 575 
180 515 
180 228 
180 528 
180 361 
180 203 
180 79 
180 431 
180 57 
180 270 
180 465 
180 434 
180 296 
180 293 
180 483 
180 565 
180 481 
180 123 
180 278 
180 591 
180 69 
180 542 
180 494 
180 187 
180 67 
180 178 
180 192 
180 222 
180 131 
180 189 
180 124 
180 508 
180 66 
180 531 
180 158 
180 485 
180 567 
180 301 
180 175 
180 164 
180 458 
180 541 
180 384 
180 157 
180 502 
180 517 
180 253 
180 306 
180 480 
180 324 
180 351 
180 412 
180 28 
180 342 
180 152 
180 511 
180 409 
180 216 
180 64 
180 560 
180 373 
180 576 
180 457 
180 199 
180 23 
180 81 
180 473 
180 195 
180 577 
180 256 
180 287 
180 212 
180 486 
180 380 
180 393 
180 534 
180 126 
180 50 
180 167 
180 423 
180 251 
180 97 
180 468 
180 402 
180 147 
180 408 
180 73 
180 356 
180 362 
180 138 
180 269 
180 471 
180 107 
180 514 
180 272 
180 42 
180 466 
180 201 
180 281 
180 151 
180 547 
180 570 
180 405 
180 507 
180 4 
180 279 
180 127 
180 211 
180 63 
180 214 
180 132 
181 274 
181 51 
181 255 
181 271 
181 20 
181 438 
181 517 
181 172 
181 464 
181 306 
181 50 
181 169 
181 546 
181 171 
181 481 
181 512 
181 552 
181 278 
181 33 
181 31 
181 24 
181 21 
181 483 
181 401 
181 170 
181 236 
181 114 
181 524 
181 269 
181 454 
181 86 
181 468 
181 97 
181 581 
181 314 
181 441 
181 77 
181 142 
181 577 
181 386 
181 347 
181 376 
181 488 
181 406 
181 144 
181 38 
181 350 
181 98 
181 379 
181 493 
181 370 
181 13 
181 104 
181 32 
181 553 
181 226 
181 231 
181 515 
181 296 
181 34 
181 78 
181 89 
181 485 
181 502 
181 583 
181 346 
181 437 
181 444 
181 309 
181 469 
181 199 
181 479 
181 19 
181 228 
181 341 
181 380 
181 87 
181 119 
181 134 
181 8 
181 491 
181 587 
181 26 
181 518 
181 336 
181 238 
181 403 
181 124 
181 160 
181 275 
181 542 
181 335 
181 369 
181 303 
181 157 
181 498 
181 120 
181 265 
181 457 
181 30 
181 251 
181 366 
181 400 
181 263 
181 301 
181 158 
181 131 
181 107 
181 214 
181 317 
181 504 
181 253 
181 118 
181 399 
181 121 
181 324 
181 566 
181 284 
181 241 
181 293 
181 417 
181 149 
181 503 
181 422 
181 389 
181 460 
181 58 
181 35 
181 321 
181 258 
181 590 
181 203 
181 327 
181 359 
181 205 
181 280 
181 558 
181 459 
181 167 
181 282 
181 540 
181 18 
181 256 
181 563 
181 447 
181 99 
181 227 
181 65 
181 67 
181 224 
181 465 
181 188 
181 545 
181 357 
181 492 
181 466 
181 138 
181 135 
181 486 
181 165 
181 564 
181 244 
181 535 
181 155 
181 39 
181 458 
181 395 
181 427 
181 320 
182 392 
182 91 
182 333 
182 358 
182 268 
182 165 
182 97 
182 473 
182 162 
182 410 
182 484 
182 108 
182 415 
182 249 
182 469 
182 362 
182 283 
182 430 
182 134 
182 364 
182 355 
182 178 
182 327 
182 26 
182 257 
182 102 
182 187 
182 193 
182 87 
182 265 
182 131 
182 457 
182 3 
182 400 
182 179 
182 463 
182 518 
182 546 
182 388 
182 452 
182 57 
182 201 
182 227 
182 378 
182 100 
182 203 
182 449 
182 451 
182 529 
182 47 
182 253 
182 310 
182 223 
182 590 
182 45 
182 584 
182 56 
182 141 
182 376 
182 488 
182 80 
182 32 
182 188 
182 236 
182 135 
182 287 
182 559 
182 279 
182 75 
182 109 
182 497 
182 550 
182 485 
182 7 
182 291 
182 147 
182 1 
182 517 
182 369 
182 321 
182 508 
182 177 
182 27 
182 512 
182 78 
182 436 
182 412 
182 233 
182 142 
182 480 
182 263 
182 481 
182 29 
182 246 
182 40 
182 158 
182 296 
182 442 
182 251 
182 500 
182 450 
182 340 
182 168 
182 185 
182 476 
182 86 
182 435 
182 132 
182 231 
182 300 
182 557 
182 275 
182 38 
182 345 
182 276 
182 385 
182 579 
182 68 
182 248 
182 261 
182 53 
182 302 
182 254 
182 556 
182 60 
182 159 
182 558 
182 524 
182 561 
182 174 
182 363 
182 144 
182 289 
182 304 
182 83 
182 405 
182 155 
182 35 
182 230 
182 256 
182 421 
182 391 
182 229 
182 408 
182 105 
182 424 
182 183 
182 28 
182 5 
182 190 
182 384 
182 133 
182 237 
182 489 
182 189 
182 543 
182 208 
182 387 
182 581 
182 114 
182 389 
182 128 
182 356 
182 455 
182 290 
182 360 
182 542 
182 547 
182 195 
182 530 
182 320 
182 440 
182 312 
182 65 
182 126 
182 326 
182 143 
183 173 
183 545 
183 4 
183 490 
183 579 
183 309 
183 243 
183 456 
183 370 
183 179 
183 325 
183 178 
183 241 
183 237 
183 554 
183 253 
183 520 
183 318 
183 591 
183 220 
183 356 
183 507 
183 101 
183 376 
183 215 
183 103 
183 39 
183 555 
183 41 
183 188 
183 423 
183 445 
183 44 
183 48 
183 290 
183 10 
183 193 
183 465 
183 310 
183 556 
183 225 
183 363 
183 60 
183 152 
183 56 
183 49 
183 332 
183 422 
183 247 
183 47 
183 589 
183 245 
183 321 
183 214 
183 122 
183 149 
183 226 
183 460 
183 62 
183 212 
183 564 
183 137 
183 459 
183 497 
183 524 
183 238 
183 477 
183 211 
183 339 
183 126 
183 29 
183 409 
183 96 
183 155 
183 323 
183 7 
183 120 
183 213 
183 517 
183 319 
183 537 
183 452 
183 482 
183 503 
183 575 
183 444 
183 574 
183 492 
183 23 
183 164 
183 231 
183 364 
183 320 
183 393 
183 485 
183 412 
183 550 
183 229 
183 189 
183 543 
183 306 
183 201 
183 286 
183 76 
183 396 
183 446 
183 263 
183 411 
183 74 
183 1 
183 359 
183 522 
183 424 
183 50 
183 58 
183 154 
183 158 
183 481 
183 200 
183 499 
183 197 
183 102 
183 168 
183 285 
183 567 
183 252 
183 505 
183 483 
183 506 
183 313 
183 224 
183 163 
183 557 
183 136 
183 255 
183 94 
183 228 
183 52 
183 147 
183 194 
183 131 
183 128 
183 283 
183 182 
183 394 
183 133 
183 27 
183 123 
183 316 
183 113 
183 362 
183 515 
183 486 
183 209 
183 227 
183 33 
183 539 
183 571 
183 382 
183 516 
183 236 
183 455 
183 258 
183 174 
183 531 
183 234 
183 240 
183 288 
183 583 
183 109 
183 473 
183 357 
184 38 
184 372 
184 293 
184 255 
184 566 
184 31 
184 339 
184 522 
184 234 
184 387 
184 500 
184 336 
184 567 
184 504 
184 475 
184 516 
184 257 
184 66 
184 549 
184 261 
184 403 
184 512 
184 81 
184 358 
184 517 
184 158 
184 251 
184 364 
184 348 
184 473 
184 203 
184 55 
184 300 
184 431 
184 433 
184 355 
184 44 
184 120 
184 89 
184 92 
184 312 
184 26 
184 445 
184 281 
184 46 
184 550 
184 173 
184 447 
184 277 
184 16 
184 223 
184 185 
184 56 
184 494 
184 211 
184 163 
184 271 
184 254 
184 314 
184 104 
184 148 
184 103 
184 335 
184 327 
184 123 
184 34 
184 5 
184 213 
184 313 
184 164 
184 167 
184 144 
184 93 
184 145 
184 570 
184 388 
184 24 
184 373 
184 280 
184 57 
184 543 
184 35 
184 58 
184 270 
184 444 
184 429 
184 197 
184 20 
184 565 
184 370 
184 152 
184 143 
184 384 
184 365 
184 495 
184 195 
184 537 
184 306 
184 441 
184 330 
184 170 
184 256 
184 69 
184 562 
184 556 
184 576 
184 107 
184 474 
184 83 
184 272 
184 436 
184 102 
184 442 
184 343 
184 503 
184 309 
184 547 
184 546 
184 307 
184 318 
184 14 
184 285 
184 114 
184 575 
184 287 
184 477 
184 22 
184 27 
184 8 
184 168 
184 259 
184 531 
184 194 
184 269 
184 129 
184 111 
184 49 
184 222 
184 109 
184 460 
184 108 
184 43 
184 47 
184 176 
184 558 
184 88 
184 557 
184 85 
184 232 
184 221 
184 122 
184 95 
184 191 
184 216 
184 376 
184 110 
184 544 
184 268 
184 470 
184 454 
184 320 
184 310 
184 520 
184 73 
184 427 
184 53 
184 479 
184 193 
184 295 
184 563 
184 32 
184 266 
184 480 
184 469 
184 366 
184 50 
184 412 
184 560 
184 587 
184 188 
184 303 
184 30 
184 200 
184 267 
184 528 
184 74 
184 487 
185 494 
185 41 
185 481 
185 472 
185 141 
185 60 
185 442 
185 119 
185 354 
185 221 
185 241 
185 408 
185 12 
185 198 
185 328 
185 73 
185 56 
185 110 
185 145 
185 61 
185 81 
185 29 
185 414 
185 271 
185 376 
185 194 
185 209 
185 112 
185 68 
185 362 
185 305 
185 175 
185 52 
185 485 
185 7 
185 580 
185 97 
185 441 
185 416 
185 214 
185 574 
185 316 
185 186 
185 114 
185 34 
185 386 
185 166 
185 350 
185 540 
185 217 
185 259 
185 26 
185 184 
185 528 
185 324 
185 460 
185 479 
185 321 
185 45 
185 569 
185 590 
185 168 
185 268 
185 42 
185 88 
185 274 
185 178 
185 420 
185 475 
185 254 
185 192 
185 433 
185 212 
185 57 
185 543 
185 27 
185 531 
185 459 
185 14 
185 249 
185 5 
185 549 
185 93 
185 322 
185 3 
185 165 
185 379 
185 524 
185 448 
185 575 
185 382 
185 457 
185 380 
185 418 
185 291 
185 435 
185 502 
185 471 
185 148 
185 375 
185 182 
185 272 
185 331 
185 529 
185 306 
185 6 
185 309 
185 478 
185 551 
185 440 
185 504 
185 216 
185 288 
185 32 
185 583 
185 591 
185 588 
185 329 
185 426 
185 138 
185 133 
185 430 
185 555 
185 91 
185 390 
185 573 
185 120 
185 413 
185 79 
185 250 
185 77 
185 276 
185 509 
185 270 
185 356 
185 243 
185 266 
185 90 
185 454 
185 13 
185 513 
185 364 
185 450 
185 373 
185 231 
185 71 
185 257 
185 255 
185 400 
185 323 
185 111 
185 394 
185 211 
185 143 
185 277 
185 281 
185 537 
185 2 
185 224 
185 526 
185 371 
185 467 
185 92 
185 345 
185 511 
185 200 
185 387 
185 94 
185 44 
185 415 
185 72 
185 451 
185 532 
185 396 
185 63 
185 253 
185 116 
185 452 
185 104 
185 421 
185 336 
185 84 
185 447 
185 445 
185 295 
185 546 
185 439 
185 539 
185 287 
185 403 
185 258 
185 308 
185 495 
185 410 
186 561 
186 566 
186 71 
186 11 
186 586 
186 592 
186 68 
186 524 
186 478 
186 580 
186 56 
186 318 
186 453 
186 199 
186 407 
186 579 
186 156 
186 7 
186 251 
186 461 
186 66 
186 491 
186 443 
186 219 
186 588 
186 357 
186 82 
186 548 
186 490 
186 149 
186 203 
186 582 
186 439 
186 514 
186 153 
186 81 
186 405 
186 194 
186 501 
186 9 
186 148 
186 77 
186 106 
186 256 
186 59 
186 25 
186 283 
186 536 
186 431 
186 35 
186 220 
186 185 
186 129 
186 590 
186 265 
186 348 
186 346 
186 324 
186 78 
186 409 
186 540 
186 406 
186 400 
186 228 
186 349 
186 383 
186 537 
186 375 
186 236 
186 75 
186 248 
186 370 
186 124 
186 479 
186 581 
186 208 
186 550 
186 467 
186 282 
186 578 
186 449 
186 250 
186 510 
186 193 
186 253 
186 353 
186 504 
186 356 
186 492 
186 373 
186 360 
186 429 
186 387 
186 415 
186 516 
186 95 
186 393 
186 469 
186 91 
186 525 
186 87 
186 147 
186 260 
186 572 
186 477 
186 239 
186 241 
186 334 
186 358 
186 411 
186 154 
186 414 
186 143 
186 384 
186 299 
186 76 
186 249 
186 196 
186 111 
186 39 
186 254 
186 177 
186 233 
186 474 
186 428 
186 323 
186 497 
186 560 
186 377 
186 556 
186 403 
186 564 
186 242 
186 460 
186 120 
186 557 
186 312 
186 466 
186 522 
186 559 
186 171 
186 446 
186 365 
186 173 
186 309 
186 499 
186 376 
186 223 
186 317 
186 231 
186 53 
186 511 
186 355 
186 342 
186 397 
186 36 
186 157 
186 423 
186 509 
186 457 
186 326 
186 60 
186 170 
186 305 
186 493 
186 418 
187 337 
187 393 
187 357 
187 85 
187 234 
187 165 
187 86 
187 480 
187 351 
187 502 
187 55 
187 460 
187 324 
187 133 
187 549 
187 142 
187 182 
187 344 
187 117 
187 297 
187 521 
187 44 
187 356 
187 64 
187 498 
187 547 
187 159 
187 477 
187 327 
187 398 
187 138 
187 585 
187 43 
187 406 
187 70 
187 422 
187 532 
187 500 
187 428 
187 289 
187 99 
187 331 
187 368 
187 208 
187 32 
187 195 
187 164 
187 430 
187 299 
187 491 
187 33 
187 0 
187 563 
187 97 
187 536 
187 240 
187 495 
187 72 
187 562 
187 107 
187 380 
187 180 
187 73 
187 513 
187 517 
187 253 
187 530 
187 216 
187 371 
187 325 
187 16 
187 102 
187 273 
187 89 
187 37 
187 74 
187 157 
187 381 
187 84 
187 587 
187 440 
187 338 
187 287 
187 51 
187 417 
187 168 
187 404 
187 526 
187 529 
187 9 
187 571 
187 242 
187 65 
187 410 
187 423 
187 436 
187 486 
187 425 
187 566 
187 572 
187 144 
187 109 
187 132 
187 198 
187 246 
187 2 
187 304 
187 239 
187 139 
187 223 
187 361 
187 369 
187 277 
187 255 
187 431 
187 415 
187 501 
187 370 
187 188 
187 283 
187 317 
187 358 
187 130 
187 403 
187 535 
187 172 
187 347 
187 162 
187 212 
187 333 
187 69 
187 360 
187 50 
187 490 
187 341 
187 173 
187 286 
187 243 
187 29 
187 456 
187 592 
187 458 
187 31 
187 251 
187 316 
187 290 
187 524 
187 527 
187 386 
187 322 
187 94 
187 525 
187 346 
187 519 
188 127 
188 403 
188 69 
188 342 
188 545 
188 46 
188 568 
188 449 
188 147 
188 22 
188 470 
188 259 
188 366 
188 123 
188 349 
188 253 
188 522 
188 566 
188 149 
188 448 
188 367 
188 89 
188 152 
188 500 
188 532 
188 36 
188 194 
188 285 
188 482 
188 415 
188 183 
188 494 
188 269 
188 353 
188 80 
188 267 
188 159 
188 328 
188 309 
188 531 
188 222 
188 19 
188 571 
188 422 
188 135 
188 488 
188 193 
188 524 
188 112 
188 588 
188 73 
188 505 
188 64 
188 430 
188 182 
188 284 
188 377 
188 142 
188 486 
188 79 
188 330 
188 48 
188 17 
188 537 
188 118 
188 82 
188 429 
188 168 
188 553 
188 319 
188 313 
188 325 
188 401 
188 432 
188 399 
188 13 
188 585 
188 526 
188 83 
188 104 
188 433 
188 457 
188 29 
188 498 
188 558 
188 234 
188 480 
188 369 
188 250 
188 491 
188 314 
188 114 
188 576 
188 206 
188 380 
188 207 
188 227 
188 43 
188 565 
188 65 
188 44 
188 493 
188 459 
188 12 
188 192 
188 562 
188 144 
188 165 
188 446 
188 346 
188 18 
188 577 
188 119 
188 357 
188 4 
188 58 
188 74 
188 487 
188 517 
188 109 
188 255 
188 279 
188 445 
188 318 
188 512 
188 198 
188 413 
188 371 
188 21 
188 509 
188 24 
188 241 
188 556 
188 420 
188 352 
188 564 
188 35 
188 143 
188 563 
188 479 
188 60 
188 261 
188 201 
188 363 
188 179 
188 229 
188 472 
188 427 
188 527 
188 589 
188 548 
188 56 
188 11 
188 434 
188 68 
188 275 
188 354 
188 538 
188 382 
188 187 
188 378 
188 492 
188 536 
188 141 
188 178 
188 181 
188 33 
188 348 
188 528 
188 52 
188 139 
188 70 
188 508 
188 555 
188 195 
188 569 
188 394 
188 274 
188 177 
188 184 
188 256 
188 237 
188 167 
188 521 
188 92 
188 219 
189 155 
189 376 
189 366 
189 44 
189 546 
189 129 
189 82 
189 286 
189 496 
189 536 
189 299 
189 161 
189 147 
189 551 
189 345 
189 216 
189 393 
189 584 
189 47 
189 96 
189 436 
189 493 
189 475 
189 537 
189 403 
189 314 
189 78 
189 234 
189 230 
189 67 
189 255 
189 330 
189 409 
189 378 
189 58 
189 112 
189 6 
189 149 
189 266 
189 364 
189 194 
189 210 
189 106 
189 107 
189 260 
189 527 
189 441 
189 308 
189 317 
189 586 
189 521 
189 140 
189 418 
189 24 
189 358 
189 17 
189 519 
189 18 
189 116 
189 23 
189 98 
189 565 
189 545 
189 241 
189 316 
189 361 
189 156 
189 4 
189 100 
189 284 
189 575 
189 127 
189 344 
189 515 
189 190 
189 280 
189 289 
189 547 
189 479 
189 396 
189 71 
189 137 
189 170 
189 447 
189 556 
189 453 
189 417 
189 587 
189 390 
189 339 
189 386 
189 29 
189 353 
189 0 
189 444 
189 523 
189 354 
189 520 
189 46 
189 227 
189 123 
189 420 
189 446 
189 273 
189 300 
189 148 
189 180 
189 169 
189 252 
189 240 
189 195 
189 124 
189 555 
189 31 
189 494 
189 171 
189 132 
189 219 
189 465 
189 516 
189 165 
189 183 
189 413 
189 341 
189 476 
189 292 
189 61 
189 473 
189 49 
189 492 
189 220 
189 48 
189 350 
189 543 
189 526 
189 385 
189 415 
189 11 
189 406 
189 425 
189 333 
189 381 
189 591 
189 426 
189 59 
189 86 
189 389 
189 72 
189 79 
189 438 
189 205 
189 461 
189 21 
189 572 
189 489 
189 529 
189 80 
189 448 
189 97 
189 319 
189 343 
189 92 
189 566 
189 145 
189 207 
189 296 
189 63 
189 182 
189 538 
189 125 
189 501 
189 173 
189 421 
189 64 
189 318 
189 305 
189 356 
189 370 
189 574 
189 410 
189 229 
189 87 
189 84 
189 348 
189 564 
190 217 
190 492 
190 134 
190 117 
190 413 
190 177 
190 148 
190 40 
190 564 
190 46 
190 271 
190 340 
190 96 
190 218 
190 356 
190 307 
190 208 
190 283 
190 571 
190 245 
190 58 
190 331 
190 81 
190 213 
190 415 
190 344 
190 19 
190 52 
190 152 
190 336 
190 157 
190 563 
190 158 
190 156 
190 8 
190 315 
190 225 
190 171 
190 512 
190 377 
190 267 
190 434 
190 545 
190 119 
190 550 
190 248 
190 154 
190 449 
190 189 
190 125 
190 547 
190 262 
190 428 
190 167 
190 84 
190 316 
190 35 
190 411 
190 241 
190 43 
190 487 
190 405 
190 516 
190 452 
190 32 
190 140 
190 490 
190 276 
190 83 
190 74 
190 228 
190 272 
190 504 
190 56 
190 370 
190 169 
190 80 
190 523 
190 42 
190 422 
190 592 
190 513 
190 236 
190 1 
190 582 
190 286 
190 522 
190 455 
190 314 
190 78 
190 559 
190 54 
190 178 
190 332 
190 138 
190 224 
190 391 
190 484 
190 98 
190 410 
190 408 
190 288 
190 124 
190 235 
190 281 
190 367 
190 73 
190 214 
190 99 
190 284 
190 324 
190 196 
190 493 
190 130 
190 368 
190 114 
190 279 
190 290 
190 507 
190 384 
190 462 
190 380 
190 174 
190 560 
190 141 
190 325 
190 373 
190 6 
190 567 
190 473 
190 468 
190 424 
190 311 
190 349 
190 471 
190 505 
190 0 
190 537 
190 591 
190 429 
190 233 
190 182 
190 69 
190 581 
190 221 
190 155 
190 296 
190 589 
190 194 
190 275 
190 445 
190 60 
190 438 
190 202 
190 92 
190 15 
190 323 
190 18 
190 457 
190 453 
191 429 
191 364 
191 93 
191 529 
191 150 
191 80 
191 366 
191 420 
191 195 
191 415 
191 402 
191 379 
191 282 
191 562 
191 72 
191 294 
191 283 
191 275 
191 456 
191 320 
191 564 
191 432 
191 476 
191 58 
191 64 
191 550 
191 69 
191 519 
191 441 
191 33 
191 110 
191 347 
191 323 
191 39 
191 4 
191 523 
191 278 
191 79 
191 349 
191 572 
191 530 
191 251 
191 554 
191 137 
191 243 
191 177 
191 118 
191 9 
191 292 
191 482 
191 248 
191 198 
191 465 
191 497 
191 332 
191 199 
191 166 
191 295 
191 393 
191 131 
191 315 
191 126 
191 585 
191 94 
191 551 
191 246 
191 156 
191 36 
191 453 
191 267 
191 209 
191 542 
191 377 
191 336 
191 445 
191 412 
191 197 
191 60 
191 502 
191 483 
191 291 
191 42 
191 567 
191 433 
191 67 
191 222 
191 111 
191 193 
191 237 
191 367 
191 581 
191 458 
191 256 
191 212 
191 311 
191 49 
191 571 
191 140 
191 224 
191 533 
191 580 
191 247 
191 409 
191 318 
191 427 
191 460 
191 207 
191 157 
191 566 
191 250 
191 286 
191 159 
191 272 
191 274 
191 314 
191 83 
191 66 
191 114 
191 410 
191 411 
191 583 
191 8 
191 89 
191 201 
191 422 
191 168 
191 448 
191 136 
191 436 
191 46 
191 77 
191 509 
191 210 
191 340 
191 252 
191 184 
191 470 
191 149 
191 154 
191 75 
191 44 
191 78 
191 160 
191 362 
191 270 
191 134 
191 477 
191 455 
191 485 
191 90 
191 490 
191 228 
191 144 
191 308 
191 373 
191 100 
191 339 
191 488 
191 124 
191 132 
191 370 
191 361 
191 337 
191 475 
191 313 
192 261 
192 250 
192 131 
192 485 
192 79 
192 295 
192 549 
192 445 
192 499 
192 335 
192 404 
192 316 
192 480 
192 215 
192 541 
192 493 
192 88 
192 89 
192 564 
192 201 
192 10 
192 478 
192 405 
192 503 
192 487 
192 103 
192 334 
192 108 
192 337 
192 409 
192 406 
192 158 
192 294 
192 253 
192 139 
192 75 
192 424 
192 7 
192 420 
192 325 
192 210 
192 42 
192 113 
192 332 
192 15 
192 479 
192 78 
192 285 
192 433 
192 560 
192 575 
192 552 
192 121 
192 562 
192 453 
192 2 
192 367 
192 430 
192 211 
192 558 
192 266 
192 241 
192 570 
192 557 
192 338 
192 94 
192 185 
192 101 
192 344 
192 591 
192 550 
192 159 
192 240 
192 233 
192 370 
192 163 
192 165 
192 330 
192 437 
192 476 
192 180 
192 203 
192 43 
192 382 
192 353 
192 343 
192 426 
192 152 
192 153 
192 173 
192 386 
192 32 
192 348 
192 586 
192 408 
192 292 
192 502 
192 172 
192 287 
192 188 
192 97 
192 204 
192 54 
192 93 
192 324 
192 235 
192 361 
192 124 
192 133 
192 293 
192 138 
192 522 
192 355 
192 46 
192 458 
192 91 
192 491 
192 396 
192 568 
192 318 
192 373 
192 419 
192 375 
192 415 
192 308 
192 349 
192 358 
192 148 
192 223 
192 520 
192 307 
192 320 
192 543 
192 341 
192 346 
192 366 
192 249 
192 428 
192 390 
192 523 
192 258 
192 365 
192 323 
192 329 
192 551 
192 544 
192 209 
192 585 
192 475 
192 143 
192 360 
192 161 
192 536 
192 127 
192 301 
192 450 
192 283 
192 374 
192 74 
192 371 
192 317 
192 118 
192 467 
192 448 
192 262 
192 482 
192 473 
193 482 
193 436 
193 494 
193 465 
193 427 
193 521 
193 340 
193 126 
193 540 
193 50 
193 167 
193 41 
193 423 
193 437 
193 93 
193 315 
193 235 
193 496 
193 21 
193 491 
193 403 
193 455 
193 243 
193 182 
193 302 
193 8 
193 560 
193 303 
193 152 
193 3 
193 443 
193 461 
193 589 
193 146 
193 204 
193 361 
193 205 
193 406 
193 413 
193 12 
193 264 
193 183 
193 325 
193 124 
193 370 
193 411 
193 358 
193 188 
193 529 
193 259 
193 404 
193 219 
193 360 
193 495 
193 448 
193 438 
193 402 
193 592 
193 321 
193 155 
193 35 
193 34 
193 14 
193 161 
193 405 
193 104 
193 363 
193 377 
193 350 
193 446 
193 297 
193 408 
193 416 
193 178 
193 464 
193 153 
193 82 
193 454 
193 534 
193 147 
193 186 
193 133 
193 486 
193 206 
193 158 
193 234 
193 197 
193 547 
193 434 
193 260 
193 106 
193 573 
193 211 
193 300 
193 328 
193 191 
193 376 
193 485 
193 142 
193 512 
193 290 
193 79 
193 412 
193 421 
193 588 
193 56 
193 429 
193 313 
193 425 
193 324 
193 159 
193 55 
193 528 
193 401 
193 162 
193 578 
193 475 
193 552 
193 138 
193 577 
193 449 
193 273 
193 91 
193 384 
193 522 
193 201 
193 539 
193 268 
193 139 
193 392 
193 238 
193 320 
193 156 
193 314 
193 202 
193 387 
193 326 
193 220 
193 129 
193 505 
193 278 
193 520 
193 125 
193 373 
193 432 
193 422 
193 507 
193 175 
193 284 
193 113 
193 294 
193 561 
193 542 
193 232 
193 218 
193 532 
193 84 
193 296 
193 107 
193 53 
193 471 
193 233 
193 538 
193 503 
193 184 
193 134 
193 298 
193 323 
193 487 
193 163 
193 344 
193 74 
193 44 
193 36 
193 367 
193 550 
193 309 
194 168 
194 286 
194 152 
194 531 
194 37 
194 559 
194 332 
194 253 
194 520 
194 178 
194 86 
194 384 
194 108 
194 298 
194 494 
194 381 
194 442 
194 7 
194 136 
194 476 
194 392 
194 251 
194 185 
194 389 
194 188 
194 517 
194 321 
194 127 
194 131 
194 349 
194 80 
194 437 
194 310 
194 189 
194 144 
194 97 
194 61 
194 567 
194 186 
194 0 
194 591 
194 390 
194 135 
194 372 
194 205 
194 260 
194 488 
194 524 
194 383 
194 414 
194 468 
194 506 
194 73 
194 435 
194 441 
194 509 
194 543 
194 413 
194 479 
194 365 
194 174 
194 569 
194 327 
194 463 
194 225 
194 165 
194 480 
194 137 
194 91 
194 563 
194 478 
194 256 
194 157 
194 252 
194 583 
194 217 
194 457 
194 70 
194 430 
194 343 
194 537 
194 503 
194 388 
194 88 
194 287 
194 311 
194 281 
194 264 
194 391 
194 552 
194 209 
194 512 
194 171 
194 460 
194 84 
194 272 
194 267 
194 221 
194 19 
194 175 
194 101 
194 268 
194 236 
194 387 
194 111 
194 16 
194 125 
194 424 
194 589 
194 361 
194 562 
194 134 
194 540 
194 276 
194 301 
194 32 
194 547 
194 239 
194 434 
194 335 
194 13 
194 74 
194 223 
194 404 
194 337 
194 294 
194 369 
194 416 
194 590 
194 487 
194 308 
194 204 
194 22 
194 586 
194 184 
194 248 
194 213 
194 370 
194 198 
194 270 
194 527 
194 124 
194 23 
194 90 
194 278 
194 51 
194 513 
194 358 
194 147 
194 362 
194 386 
194 445 
194 319 
194 366 
194 549 
194 116 
194 183 
194 523 
194 323 
194 557 
194 130 
194 11 
194 43 
194 465 
194 427 
194 291 
194 140 
194 418 
194 475 
194 98 
194 89 
194 190 
194 519 
194 122 
194 410 
194 529 
194 160 
194 483 
194 402 
194 262 
194 83 
194 156 
194 233 
194 21 
195 311 
195 491 
195 333 
195 163 
195 158 
195 462 
195 65 
195 42 
195 530 
195 556 
195 191 
195 20 
195 72 
195 455 
195 501 
195 297 
195 529 
195 218 
195 390 
195 365 
195 80 
195 346 
195 106 
195 500 
195 495 
195 350 
195 451 
195 240 
195 237 
195 433 
195 335 
195 519 
195 465 
195 336 
195 454 
195 425 
195 251 
195 338 
195 343 
195 319 
195 217 
195 107 
195 575 
195 479 
195 212 
195 446 
195 260 
195 210 
195 569 
195 427 
195 60 
195 17 
195 484 
195 232 
195 478 
195 389 
195 576 
195 252 
195 512 
195 418 
195 7 
195 330 
195 567 
195 267 
195 146 
195 111 
195 116 
195 15 
195 132 
195 547 
195 59 
195 214 
195 76 
195 112 
195 196 
195 506 
195 200 
195 322 
195 371 
195 464 
195 56 
195 14 
195 304 
195 436 
195 577 
195 123 
195 187 
195 557 
195 16 
195 528 
195 32 
195 508 
195 128 
195 216 
195 231 
195 99 
195 438 
195 531 
195 514 
195 382 
195 79 
195 289 
195 172 
195 331 
195 561 
195 139 
195 280 
195 150 
195 184 
195 505 
195 9 
195 24 
195 5 
195 189 
195 293 
195 420 
195 457 
195 67 
195 373 
195 156 
195 584 
195 25 
195 452 
195 168 
195 278 
195 28 
195 19 
195 288 
195 545 
195 398 
195 120 
195 410 
195 536 
195 0 
195 222 
195 12 
195 534 
195 35 
195 386 
195 263 
195 145 
195 206 
195 129 
195 135 
195 175 
195 417 
195 180 
195 305 
195 535 
195 366 
195 131 
195 369 
195 147 
195 453 
195 476 
195 362 
195 378 
195 589 
195 480 
195 560 
195 22 
195 477 
195 258 
195 68 
195 285 
195 328 
195 93 
195 581 
195 273 
195 286 
195 157 
195 316 
195 274 
195 34 
195 345 
195 317 
195 188 
195 443 
195 44 
195 385 
195 182 
195 126 
195 408 
195 162 
195 309 
195 284 
195 224 
196 119 
196 297 
196 225 
196 465 
196 344 
196 584 
196 576 
196 276 
196 324 
196 433 
196 275 
196 139 
196 389 
196 138 
196 214 
196 84 
196 582 
196 514 
196 390 
196 56 
196 591 
196 509 
196 7 
196 338 
196 169 
196 201 
196 538 
196 300 
196 228 
196 203 
196 562 
196 178 
196 460 
196 406 
196 376 
196 224 
196 19 
196 542 
196 159 
196 347 
196 565 
196 148 
196 16 
196 525 
196 12 
196 168 
196 367 
196 558 
196 132 
196 420 
196 533 
196 356 
196 332 
196 496 
196 387 
196 557 
196 195 
196 93 
196 499 
196 39 
196 218 
196 308 
196 478 
196 364 
196 140 
196 66 
196 475 
196 163 
196 49 
196 267 
196 141 
196 401 
196 556 
196 441 
196 466 
196 172 
196 346 
196 554 
196 352 
196 247 
196 504 
196 6 
196 130 
196 14 
196 577 
196 62 
196 248 
196 534 
196 553 
196 2 
196 27 
196 81 
196 106 
196 580 
196 317 
196 279 
196 160 
196 63 
196 36 
196 69 
196 370 
196 61 
196 548 
196 161 
196 170 
196 386 
196 568 
196 440 
196 255 
196 186 
196 298 
196 388 
196 569 
196 67 
196 211 
196 266 
196 527 
196 380 
196 442 
196 190 
196 487 
196 392 
196 283 
196 166 
196 319 
196 588 
196 302 
196 523 
196 571 
196 64 
196 73 
196 31 
196 158 
196 351 
196 463 
196 260 
196 88 
196 204 
196 537 
196 22 
196 316 
196 165 
196 207 
196 230 
196 33 
196 250 
196 395 
196 290 
196 221 
196 34 
196 70 
196 58 
196 79 
196 212 
196 489 
196 384 
196 492 
196 506 
196 229 
196 72 
196 155 
196 65 
196 520 
196 78 
196 17 
196 307 
196 264 
196 540 
196 563 
196 245 
196 323 
196 137 
196 29 
196 529 
196 57 
196 480 
197 249 
197 575 
197 257 
197 171 
197 207 
197 496 
197 290 
197 235 
197 315 
197 584 
197 25 
197 310 
197 223 
197 91 
197 511 
197 369 
197 504 
197 50 
197 238 
197 534 
197 146 
197 286 
197 555 
197 425 
197 527 
197 421 
197 469 
197 483 
197 28 
197 138 
197 536 
197 327 
197 544 
197 334 
197 143 
197 13 
197 347 
197 56 
197 134 
197 480 
197 18 
197 222 
197 156 
197 259 
197 281 
197 59 
197 316 
197 398 
197 102 
197 176 
197 363 
197 119 
197 232 
197 340 
197 166 
197 231 
197 80 
197 458 
197 206 
197 137 
197 293 
197 157 
197 92 
197 510 
197 404 
197 179 
197 521 
197 559 
197 577 
197 236 
197 228 
197 311 
197 76 
197 246 
197 168 
197 106 
197 306 
197 472 
197 384 
197 104 
197 224 
197 241 
197 191 
197 324 
197 193 
197 165 
197 184 
197 459 
197 256 
197 178 
197 460 
197 170 
197 443 
197 100 
197 89 
197 142 
197 439 
197 34 
197 269 
197 512 
197 247 
197 271 
197 58 
197 592 
197 423 
197 55 
197 276 
197 427 
197 542 
197 126 
197 412 
197 162 
197 413 
197 284 
197 245 
197 66 
197 560 
197 158 
197 220 
197 175 
197 103 
197 508 
197 78 
197 5 
197 345 
197 63 
197 122 
197 566 
197 463 
197 492 
197 550 
197 151 
197 549 
197 183 
197 456 
197 481 
197 52 
197 67 
197 353 
197 490 
197 328 
197 8 
197 292 
197 251 
197 61 
197 580 
197 578 
197 518 
197 77 
197 29 
197 350 
197 386 
197 86 
197 164 
197 161 
197 359 
197 31 
197 539 
197 71 
197 361 
197 514 
197 20 
197 411 
197 491 
197 442 
197 473 
197 94 
197 556 
197 267 
197 95 
197 153 
197 356 
197 364 
198 585 
198 53 
198 246 
198 443 
198 164 
198 318 
198 36 
198 15 
198 237 
198 166 
198 423 
198 185 
198 76 
198 343 
198 380 
198 444 
198 571 
198 17 
198 162 
198 535 
198 292 
198 469 
198 341 
198 374 
198 412 
198 121 
198 496 
198 410 
198 479 
198 531 
198 102 
198 407 
198 226 
198 367 
198 308 
198 108 
198 389 
198 365 
198 84 
198 396 
198 441 
198 537 
198 33 
198 554 
198 409 
198 541 
198 462 
198 88 
198 158 
198 393 
198 307 
198 191 
198 484 
198 79 
198 306 
198 528 
198 140 
198 37 
198 54 
198 128 
198 288 
198 20 
198 564 
198 335 
198 334 
198 176 
198 542 
198 583 
198 130 
198 421 
198 207 
198 451 
198 74 
198 216 
198 110 
198 491 
198 109 
198 494 
198 351 
198 40 
198 497 
198 551 
198 27 
198 299 
198 382 
198 339 
198 236 
198 49 
198 429 
198 485 
198 315 
198 478 
198 136 
198 172 
198 328 
198 369 
198 510 
198 547 
198 159 
198 363 
198 101 
198 297 
198 569 
198 500 
198 574 
198 11 
198 355 
198 549 
198 250 
198 203 
198 378 
198 414 
198 539 
198 138 
198 171 
198 131 
198 188 
198 499 
198 59 
198 540 
198 520 
198 225 
198 97 
198 152 
198 4 
198 356 
198 178 
198 227 
198 8 
198 567 
198 264 
198 344 
198 124 
198 427 
198 194 
198 187 
198 576 
198 220 
198 46 
198 390 
198 345 
198 522 
198 208 
198 86 
198 285 
198 96 
198 213 
198 530 
198 433 
198 503 
198 57 
198 586 
198 50 
198 160 
198 22 
198 283 
198 370 
198 29 
198 45 
198 26 
198 302 
198 519 
198 477 
198 513 
198 23 
198 119 
198 310 
198 144 
198 133 
198 238 
198 394 
198 163 
198 71 
198 65 
198 1 
198 75 
198 482 
198 16 
198 314 
198 224 
198 489 
198 82 
198 337 
198 376 
198 415 
198 440 
198 557 
198 404 
198 309 
198 475 
198 206 
198 113 
198 379 
199 387 
199 354 
199 248 
199 436 
199 407 
199 531 
199 212 
199 186 
199 321 
199 453 
199 176 
199 298 
199 273 
199 97 
199 466 
199 345 
199 244 
199 320 
199 330 
199 362 
199 573 
199 567 
199 3 
199 289 
199 43 
199 241 
199 381 
199 68 
199 428 
199 521 
199 561 
199 404 
199 307 
199 300 
199 462 
199 458 
199 162 
199 512 
199 74 
199 405 
199 503 
199 487 
199 179 
199 309 
199 524 
199 301 
199 398 
199 40 
199 473 
199 177 
199 191 
199 480 
199 51 
199 519 
199 415 
199 292 
199 425 
199 60 
199 127 
199 591 
199 313 
199 216 
199 334 
199 113 
199 324 
199 233 
199 254 
199 346 
199 315 
199 132 
199 282 
199 329 
199 221 
199 181 
199 358 
199 159 
199 481 
199 584 
199 124 
199 7 
199 472 
199 416 
199 411 
199 126 
199 457 
199 276 
199 129 
199 8 
199 259 
199 303 
199 94 
199 374 
199 202 
199 99 
199 565 
199 586 
199 376 
199 142 
199 75 
199 133 
199 449 
199 439 
199 556 
199 220 
199 293 
199 237 
199 279 
199 536 
199 533 
199 247 
199 484 
199 137 
199 477 
199 79 
199 501 
199 469 
199 17 
199 306 
199 564 
199 153 
199 571 
199 577 
199 516 
199 242 
199 317 
199 180 
199 6 
199 308 
199 125 
199 394 
199 268 
199 144 
199 160 
199 314 
199 226 
199 544 
199 28 
199 135 
199 84 
199 527 
199 408 
199 569 
199 18 
199 33 
199 55 
199 46 
199 118 
199 143 
199 421 
199 267 
199 38 
199 89 
199 131 
199 310 
199 13 
199 102 
199 261 
199 44 
199 299 
199 295 
199 288 
199 525 
199 138 
199 578 
199 210 
199 22 
199 305 
199 154 
199 523 
199 356 
199 161 
199 96 
199 508 
200 323 
200 163 
200 419 
200 450 
200 203 
200 49 
200 581 
200 60 
200 153 
200 428 
200 400 
200 469 
200 464 
200 324 
200 138 
200 328 
200 142 
200 81 
200 15 
200 513 
200 256 
200 316 
200 250 
200 175 
200 314 
200 518 
200 547 
200 285 
200 69 
200 302 
200 211 
200 465 
200 543 
200 548 
200 387 
200 286 
200 71 
200 307 
200 75 
200 440 
200 384 
200 246 
200 312 
200 476 
200 516 
200 221 
200 249 
200 520 
200 432 
200 533 
200 202 
200 2 
200 216 
200 50 
200 282 
200 245 
200 528 
200 36 
200 510 
200 321 
200 233 
200 152 
200 19 
200 168 
200 584 
200 284 
200 500 
200 232 
200 68 
200 96 
200 477 
200 407 
200 165 
200 40 
200 195 
200 363 
200 340 
200 21 
200 25 
200 399 
200 433 
200 457 
200 273 
200 346 
200 406 
200 320 
200 482 
200 128 
200 290 
200 8 
200 444 
200 141 
200 91 
200 526 
200 46 
200 401 
200 99 
200 220 
200 532 
200 65 
200 576 
200 45 
200 365 
200 356 
200 357 
200 120 
200 558 
200 70 
200 519 
200 553 
200 452 
200 37 
200 525 
200 11 
200 289 
200 20 
200 313 
200 343 
200 276 
200 227 
200 132 
200 422 
200 108 
200 511 
200 102 
200 515 
200 183 
200 167 
200 426 
200 30 
200 204 
200 56 
200 508 
200 506 
200 74 
200 296 
200 455 
200 456 
200 106 
200 530 
200 263 
200 338 
200 541 
200 575 
200 173 
200 67 
200 185 
200 563 
200 238 
200 555 
200 14 
200 240 
200 445 
200 591 
200 18 
200 134 
200 303 
200 522 
200 29 
200 389 
200 179 
200 315 
200 375 
200 248 
200 214 
200 391 
200 224 
200 241 
200 239 
200 234 
200 304 
200 86 
200 466 
200 412 
200 209 
200 41 
200 521 
200 184 
200 421 
200 143 
200 574 
201 219 
201 424 
201 281 
201 476 
201 557 
201 437 
201 575 
201 278 
201 332 
201 262 
201 220 
201 172 
201 431 
201 529 
201 385 
201 103 
201 407 
201 538 
201 48 
201 10 
201 87 
201 192 
201 521 
201 257 
201 146 
201 429 
201 561 
201 412 
201 196 
201 373 
201 497 
201 344 
201 85 
201 475 
201 95 
201 485 
201 238 
201 356 
201 43 
201 227 
201 80 
201 93 
201 222 
201 567 
201 582 
201 578 
201 298 
201 386 
201 182 
201 590 
201 304 
201 6 
201 270 
201 370 
201 441 
201 254 
201 163 
201 401 
201 269 
201 458 
201 0 
201 237 
201 530 
201 446 
201 569 
201 449 
201 212 
201 353 
201 50 
201 167 
201 94 
201 381 
201 160 
201 435 
201 136 
201 16 
201 393 
201 539 
201 147 
201 128 
201 331 
201 581 
201 46 
201 204 
201 324 
201 73 
201 406 
201 467 
201 174 
201 565 
201 11 
201 156 
201 162 
201 287 
201 379 
201 315 
201 320 
201 214 
201 96 
201 551 
201 413 
201 410 
201 45 
201 142 
201 563 
201 18 
201 419 
201 325 
201 4 
201 358 
201 179 
201 76 
201 585 
201 465 
201 210 
201 79 
201 161 
201 29 
201 134 
201 500 
201 30 
201 409 
201 234 
201 280 
201 527 
201 51 
201 151 
201 170 
201 300 
201 2 
201 259 
201 129 
201 173 
201 193 
201 183 
201 439 
201 463 
201 470 
201 36 
201 362 
201 44 
201 191 
201 127 
201 188 
201 247 
201 54 
201 333 
201 444 
201 352 
201 295 
201 318 
201 524 
201 114 
201 541 
201 489 
201 305 
201 436 
201 532 
201 317 
201 493 
201 520 
201 292 
201 70 
201 549 
201 72 
201 211 
201 244 
201 417 
201 421 
201 547 
201 180 
201 115 
201 116 
201 1 
201 577 
201 69 
201 289 
201 111 
201 461 
201 293 
201 579 
201 545 
202 76 
202 40 
202 381 
202 137 
202 340 
202 520 
202 338 
202 403 
202 118 
202 409 
202 467 
202 336 
202 33 
202 206 
202 539 
202 152 
202 349 
202 139 
202 303 
202 237 
202 84 
202 332 
202 39 
202 324 
202 117 
202 129 
202 508 
202 432 
202 95 
202 585 
202 472 
202 285 
202 399 
202 2 
202 495 
202 518 
202 171 
202 200 
202 46 
202 525 
202 571 
202 228 
202 266 
202 511 
202 587 
202 440 
202 543 
202 447 
202 148 
202 491 
202 116 
202 158 
202 489 
202 325 
202 64 
202 284 
202 167 
202 298 
202 71 
202 77 
202 586 
202 474 
202 160 
202 308 
202 348 
202 580 
202 306 
202 572 
202 62 
202 163 
202 138 
202 583 
202 19 
202 252 
202 552 
202 492 
202 540 
202 271 
202 513 
202 450 
202 435 
202 226 
202 16 
202 282 
202 316 
202 438 
202 392 
202 133 
202 144 
202 233 
202 268 
202 96 
202 372 
202 132 
202 54 
202 546 
202 134 
202 236 
202 208 
202 59 
202 122 
202 501 
202 322 
202 199 
202 57 
202 397 
202 413 
202 514 
202 175 
202 297 
202 145 
202 94 
202 304 
202 505 
202 156 
202 400 
202 524 
202 523 
202 130 
202 368 
202 407 
202 230 
202 97 
202 323 
202 394 
202 224 
202 339 
202 493 
202 70 
202 216 
202 569 
202 487 
202 259 
202 193 
202 395 
202 443 
202 43 
202 240 
202 504 
202 436 
202 222 
202 544 
202 380 
202 469 
202 374 
202 317 
202 577 
202 263 
202 265 
202 334 
202 429 
202 42 
202 207 
202 420 
202 497 
202 154 
202 75 
202 267 
202 219 
202 110 
202 333 
202 470 
202 112 
202 434 
202 506 
202 147 
202 320 
202 20 
202 210 
202 275 
202 178 
202 100 
202 14 
202 507 
202 190 
202 260 
202 277 
202 529 
202 72 
202 113 
203 564 
203 65 
203 310 
203 218 
203 200 
203 267 
203 83 
203 162 
203 429 
203 20 
203 437 
203 132 
203 72 
203 424 
203 507 
203 367 
203 441 
203 120 
203 29 
203 304 
203 432 
203 43 
203 209 
203 261 
203 358 
203 563 
203 382 
203 550 
203 523 
203 186 
203 184 
203 31 
203 38 
203 486 
203 343 
203 196 
203 224 
203 204 
203 392 
203 322 
203 89 
203 559 
203 121 
203 263 
203 586 
203 182 
203 328 
203 112 
203 395 
203 497 
203 455 
203 241 
203 433 
203 6 
203 468 
203 257 
203 398 
203 3 
203 101 
203 510 
203 156 
203 458 
203 554 
203 385 
203 114 
203 518 
203 57 
203 167 
203 180 
203 348 
203 53 
203 48 
203 292 
203 67 
203 163 
203 220 
203 227 
203 147 
203 133 
203 543 
203 271 
203 584 
203 155 
203 580 
203 11 
203 308 
203 40 
203 131 
203 128 
203 47 
203 541 
203 342 
203 290 
203 499 
203 526 
203 166 
203 302 
203 413 
203 192 
203 151 
203 55 
203 356 
203 52 
203 587 
203 508 
203 567 
203 244 
203 514 
203 171 
203 137 
203 79 
203 111 
203 245 
203 490 
203 169 
203 74 
203 370 
203 37 
203 198 
203 205 
203 350 
203 232 
203 109 
203 535 
203 453 
203 451 
203 273 
203 394 
203 527 
203 412 
203 279 
203 8 
203 427 
203 459 
203 81 
203 12 
203 104 
203 371 
203 421 
203 446 
203 315 
203 228 
203 226 
203 552 
203 487 
203 64 
203 573 
203 536 
203 422 
203 181 
203 78 
203 50 
203 217 
203 145 
203 320 
203 496 
203 33 
203 445 
203 522 
203 1 
203 221 
203 44 
203 14 
203 298 
203 174 
203 85 
203 124 
203 430 
203 314 
203 364 
203 419 
203 24 
203 478 
203 389 
203 223 
203 323 
203 82 
203 495 
203 231 
203 540 
203 90 
203 396 
203 152 
204 36 
204 287 
204 412 
204 538 
204 307 
204 5 
204 250 
204 488 
204 384 
204 359 
204 147 
204 392 
204 340 
204 223 
204 415 
204 68 
204 378 
204 469 
204 114 
204 561 
204 8 
204 357 
204 380 
204 271 
204 79 
204 387 
204 159 
204 480 
204 30 
204 73 
204 539 
204 72 
204 382 
204 526 
204 254 
204 543 
204 521 
204 310 
204 32 
204 499 
204 124 
204 203 
204 326 
204 193 
204 369 
204 457 
204 408 
204 261 
204 321 
204 581 
204 312 
204 518 
204 219 
204 407 
204 456 
204 463 
204 11 
204 429 
204 309 
204 265 
204 209 
204 55 
204 18 
204 577 
204 334 
204 102 
204 119 
204 507 
204 567 
204 305 
204 9 
204 468 
204 354 
204 472 
204 572 
204 201 
204 589 
204 495 
204 558 
204 451 
204 338 
204 38 
204 440 
204 281 
204 108 
204 285 
204 86 
204 524 
204 264 
204 300 
204 318 
204 25 
204 556 
204 436 
204 453 
204 21 
204 333 
204 221 
204 151 
204 121 
204 396 
204 410 
204 34 
204 477 
204 297 
204 168 
204 192 
204 366 
204 583 
204 7 
204 552 
204 368 
204 169 
204 74 
204 229 
204 228 
204 131 
204 449 
204 421 
204 91 
204 582 
204 6 
204 266 
204 473 
204 377 
204 548 
204 437 
204 422 
204 194 
204 235 
204 489 
204 24 
204 487 
204 347 
204 446 
204 89 
204 200 
204 494 
204 57 
204 60 
204 535 
204 426 
204 117 
204 233 
204 58 
204 560 
204 486 
204 19 
204 249 
204 132 
204 174 
204 557 
204 59 
204 517 
204 438 
204 196 
204 330 
204 527 
204 106 
204 335 
204 142 
204 497 
204 544 
204 388 
204 296 
204 155 
204 373 
204 289 
204 351 
204 405 
204 3 
204 277 
204 342 
204 35 
204 290 
204 455 
204 460 
204 236 
204 267 
204 394 
204 29 
205 41 
205 387 
205 559 
205 541 
205 142 
205 17 
205 484 
205 552 
205 472 
205 356 
205 568 
205 527 
205 94 
205 158 
205 122 
205 271 
205 118 
205 532 
205 287 
205 288 
205 474 
205 589 
205 125 
205 511 
205 463 
205 297 
205 345 
205 515 
205 85 
205 439 
205 430 
205 9 
205 274 
205 537 
205 100 
205 20 
205 269 
205 42 
205 120 
205 257 
205 374 
205 82 
205 499 
205 311 
205 302 
205 193 
205 549 
205 513 
205 194 
205 340 
205 206 
205 32 
205 566 
205 141 
205 375 
205 29 
205 112 
205 592 
205 352 
205 397 
205 179 
205 361 
205 514 
205 536 
205 310 
205 264 
205 442 
205 556 
205 160 
205 404 
205 79 
205 487 
205 547 
205 561 
205 533 
205 384 
205 392 
205 309 
205 224 
205 420 
205 113 
205 574 
205 580 
205 114 
205 371 
205 157 
205 15 
205 149 
205 321 
205 48 
205 369 
205 332 
205 35 
205 483 
205 320 
205 13 
205 36 
205 535 
205 364 
205 211 
205 522 
205 425 
205 306 
205 437 
205 128 
205 135 
205 34 
205 12 
205 477 
205 395 
205 464 
205 544 
205 126 
205 95 
205 501 
205 270 
205 145 
205 427 
205 46 
205 578 
205 203 
205 365 
205 263 
205 458 
205 451 
205 453 
205 575 
205 132 
205 111 
205 587 
205 304 
205 133 
205 172 
205 418 
205 53 
205 529 
205 152 
205 330 
205 244 
205 207 
205 59 
205 66 
205 97 
205 70 
205 148 
205 37 
205 107 
205 590 
205 415 
205 481 
205 289 
205 176 
205 457 
205 178 
205 412 
205 181 
205 217 
205 454 
205 116 
205 259 
205 189 
205 166 
205 39 
205 258 
205 326 
205 106 
205 212 
205 524 
205 136 
205 234 
205 163 
205 213 
205 294 
205 23 
205 324 
205 123 
205 267 
205 382 
205 479 
205 119 
205 237 
205 91 
205 268 
205 336 
205 337 
205 570 
205 296 
205 341 
205 367 
205 363 
205 108 
205 218 
205 262 
205 64 
205 465 
205 291 
205 38 
205 461 
206 345 
206 137 
206 491 
206 52 
206 357 
206 507 
206 75 
206 490 
206 377 
206 288 
206 231 
206 392 
206 469 
206 484 
206 118 
206 376 
206 202 
206 502 
206 104 
206 351 
206 472 
206 430 
206 77 
206 446 
206 558 
206 432 
206 323 
206 114 
206 319 
206 583 
206 278 
206 119 
206 70 
206 589 
206 523 
206 43 
206 275 
206 164 
206 205 
206 102 
206 354 
206 397 
206 548 
206 130 
206 360 
206 80 
206 262 
206 33 
206 530 
206 136 
206 197 
206 1 
206 156 
206 255 
206 381 
206 46 
206 62 
206 539 
206 330 
206 522 
206 219 
206 91 
206 342 
206 207 
206 534 
206 556 
206 429 
206 365 
206 328 
206 347 
206 293 
206 222 
206 154 
206 460 
206 121 
206 193 
206 302 
206 27 
206 90 
206 379 
206 178 
206 410 
206 322 
206 153 
206 463 
206 586 
206 423 
206 384 
206 339 
206 212 
206 443 
206 486 
206 409 
206 92 
206 117 
206 218 
206 131 
206 34 
206 239 
206 188 
206 108 
206 140 
206 282 
206 526 
206 314 
206 549 
206 58 
206 142 
206 439 
206 403 
206 550 
206 433 
206 313 
206 226 
206 346 
206 471 
206 324 
206 552 
206 513 
206 478 
206 559 
206 148 
206 545 
206 590 
206 400 
206 321 
206 0 
206 274 
206 269 
206 89 
206 166 
206 421 
206 9 
206 258 
206 128 
206 195 
206 12 
206 24 
206 68 
206 237 
206 489 
206 575 
206 99 
206 280 
206 533 
206 224 
206 576 
206 520 
206 326 
206 233 
206 331 
206 145 
206 252 
206 465 
206 511 
206 517 
206 238 
206 5 
206 173 
206 475 
206 565 
206 458 
206 248 
206 110 
206 588 
206 265 
206 120 
206 325 
206 406 
206 234 
206 285 
206 14 
206 528 
206 454 
206 263 
206 492 
206 329 
206 532 
206 368 
206 60 
206 303 
206 85 
206 292 
206 26 
206 198 
206 289 
207 7 
207 197 
207 504 
207 444 
207 502 
207 296 
207 219 
207 428 
207 141 
207 250 
207 474 
207 385 
207 165 
207 323 
207 249 
207 209 
207 76 
207 247 
207 541 
207 12 
207 332 
207 20 
207 567 
207 347 
207 420 
207 235 
207 237 
207 505 
207 439 
207 359 
207 5 
207 138 
207 6 
207 450 
207 326 
207 212 
207 121 
207 304 
207 480 
207 586 
207 108 
207 38 
207 133 
207 167 
207 404 
207 293 
207 319 
207 54 
207 292 
207 348 
207 282 
207 55 
207 16 
207 206 
207 40 
207 213 
207 468 
207 583 
207 198 
207 491 
207 245 
207 158 
207 276 
207 298 
207 584 
207 218 
207 536 
207 344 
207 240 
207 487 
207 71 
207 49 
207 535 
207 417 
207 515 
207 312 
207 253 
207 295 
207 456 
207 549 
207 316 
207 171 
207 188 
207 551 
207 143 
207 543 
207 230 
207 483 
207 86 
207 118 
207 104 
207 346 
207 210 
207 305 
207 517 
207 443 
207 548 
207 191 
207 399 
207 90 
207 587 
207 222 
207 395 
207 64 
207 467 
207 92 
207 426 
207 454 
207 96 
207 518 
207 50 
207 51 
207 100 
207 150 
207 231 
207 238 
207 22 
207 369 
207 357 
207 77 
207 351 
207 175 
207 82 
207 205 
207 17 
207 519 
207 236 
207 84 
207 152 
207 580 
207 248 
207 381 
207 339 
207 156 
207 260 
207 589 
207 67 
207 112 
207 537 
207 202 
207 11 
207 0 
207 258 
207 463 
207 196 
207 288 
207 308 
207 135 
207 94 
207 224 
207 329 
207 318 
207 189 
207 590 
207 507 
207 32 
207 263 
207 93 
207 405 
207 530 
207 419 
207 451 
207 107 
207 95 
207 113 
207 268 
207 571 
207 353 
207 176 
208 68 
208 368 
208 99 
208 18 
208 485 
208 590 
208 282 
208 367 
208 562 
208 411 
208 539 
208 291 
208 425 
208 27 
208 356 
208 526 
208 309 
208 190 
208 384 
208 504 
208 459 
208 317 
208 542 
208 110 
208 524 
208 507 
208 569 
208 216 
208 583 
208 321 
208 145 
208 435 
208 74 
208 471 
208 278 
208 574 
208 495 
208 573 
208 420 
208 476 
208 494 
208 283 
208 76 
208 19 
208 452 
208 109 
208 460 
208 407 
208 254 
208 264 
208 514 
208 409 
208 77 
208 311 
208 218 
208 345 
208 339 
208 41 
208 36 
208 303 
208 404 
208 29 
208 178 
208 87 
208 468 
208 508 
208 240 
208 89 
208 383 
208 11 
208 552 
208 533 
208 186 
208 566 
208 560 
208 478 
208 53 
208 187 
208 443 
208 253 
208 138 
208 280 
208 147 
208 256 
208 332 
208 114 
208 143 
208 66 
208 545 
208 286 
208 270 
208 60 
208 168 
208 33 
208 587 
208 296 
208 537 
208 486 
208 561 
208 122 
208 363 
208 325 
208 239 
208 358 
208 512 
208 172 
208 91 
208 202 
208 450 
208 209 
208 32 
208 128 
208 117 
208 319 
208 529 
208 338 
208 46 
208 547 
208 400 
208 340 
208 228 
208 214 
208 456 
208 572 
208 211 
208 492 
208 382 
208 370 
208 119 
208 163 
208 509 
208 314 
208 474 
208 37 
208 162 
208 467 
208 104 
208 290 
208 333 
208 535 
208 24 
208 173 
208 469 
208 347 
208 423 
208 532 
208 455 
208 304 
208 564 
208 502 
208 43 
208 133 
208 198 
208 348 
208 350 
208 272 
208 503 
208 364 
208 25 
208 465 
208 262 
208 30 
208 83 
208 252 
208 154 
208 554 
208 427 
208 182 
208 577 
208 54 
208 378 
208 451 
208 558 
208 422 
208 258 
208 361 
208 334 
208 292 
208 229 
208 559 
209 499 
209 78 
209 70 
209 582 
209 467 
209 1 
209 452 
209 515 
209 557 
209 207 
209 321 
209 54 
209 440 
209 203 
209 171 
209 506 
209 313 
209 513 
209 154 
209 185 
209 332 
209 435 
209 75 
209 552 
209 565 
209 529 
209 510 
209 51 
209 375 
209 247 
209 253 
209 415 
209 512 
209 107 
209 568 
209 466 
209 545 
209 535 
209 335 
209 43 
209 163 
209 516 
209 430 
209 491 
209 93 
209 68 
209 123 
209 177 
209 40 
209 99 
209 135 
209 482 
209 387 
209 279 
209 316 
209 139 
209 84 
209 81 
209 204 
209 342 
209 64 
209 416 
209 243 
209 477 
209 328 
209 97 
209 350 
209 511 
209 159 
209 110 
209 287 
209 292 
209 191 
209 170 
209 592 
209 227 
209 307 
209 560 
209 144 
209 498 
209 79 
209 586 
209 14 
209 158 
209 105 
209 214 
209 353 
209 444 
209 480 
209 47 
209 30 
209 339 
209 392 
209 194 
209 67 
209 402 
209 31 
209 232 
209 340 
209 497 
209 263 
209 48 
209 103 
209 481 
209 549 
209 505 
209 69 
209 151 
209 25 
209 585 
209 208 
209 259 
209 450 
209 306 
209 115 
209 492 
209 138 
209 359 
209 349 
209 63 
209 220 
209 251 
209 536 
209 583 
209 438 
209 225 
209 522 
209 508 
209 235 
209 28 
209 525 
209 98 
209 72 
209 318 
209 269 
209 539 
209 36 
209 495 
209 397 
209 346 
209 486 
209 53 
209 212 
209 62 
209 314 
209 531 
209 362 
209 352 
209 494 
209 294 
209 386 
209 550 
209 543 
209 265 
209 218 
209 528 
209 406 
209 248 
209 80 
209 518 
209 250 
209 393 
209 384 
209 44 
209 293 
209 468 
209 9 
209 86 
209 228 
209 303 
209 167 
209 507 
209 59 
209 95 
209 252 
209 337 
209 301 
209 233 
209 192 
209 373 
209 13 
209 183 
209 127 
209 479 
209 238 
209 367 
209 569 
209 200 
209 338 
209 372 
209 230 
209 106 
209 300 
209 514 
209 578 
209 179 
209 120 
209 464 
209 553 
210 345 
210 263 
210 252 
210 366 
210 426 
210 534 
210 271 
210 247 
210 424 
210 539 
210 519 
210 24 
210 71 
210 264 
210 577 
210 508 
210 66 
210 153 
210 581 
210 546 
210 326 
210 387 
210 31 
210 432 
210 189 
210 21 
210 156 
210 435 
210 344 
210 463 
210 282 
210 373 
210 195 
210 556 
210 73 
210 179 
210 192 
210 115 
210 67 
210 281 
210 452 
210 133 
210 381 
210 390 
210 465 
210 239 
210 245 
210 278 
210 481 
210 374 
210 266 
210 363 
210 14 
210 510 
210 331 
210 365 
210 368 
210 533 
210 563 
210 569 
210 332 
210 428 
210 441 
210 511 
210 505 
210 543 
210 2 
210 48 
210 79 
210 20 
210 350 
210 308 
210 70 
210 111 
210 149 
210 25 
210 0 
210 401 
210 304 
210 68 
210 439 
210 303 
210 297 
210 146 
210 477 
210 311 
210 349 
210 498 
210 476 
210 524 
210 464 
210 37 
210 201 
210 96 
210 310 
210 107 
210 516 
210 77 
210 226 
210 207 
210 296 
210 144 
210 290 
210 580 
210 36 
210 318 
210 124 
210 448 
210 302 
210 178 
210 561 
210 559 
210 49 
210 139 
210 582 
210 327 
210 84 
210 372 
210 335 
210 549 
210 56 
210 484 
210 590 
210 235 
210 526 
210 227 
210 94 
210 63 
210 216 
210 322 
210 160 
210 22 
210 114 
210 536 
210 232 
210 478 
210 168 
210 162 
210 285 
210 191 
210 109 
210 438 
210 379 
210 298 
210 346 
210 23 
210 342 
210 555 
210 8 
210 44 
210 218 
210 202 
210 382 
210 491 
210 522 
210 76 
210 567 
210 314 
210 361 
210 10 
210 523 
210 18 
210 35 
210 262 
210 583 
210 199 
210 367 
210 157 
210 558 
210 131 
210 550 
210 58 
210 256 
210 472 
210 419 
211 399 
211 21 
211 561 
211 527 
211 431 
211 116 
211 250 
211 312 
211 455 
211 1 
211 401 
211 28 
211 179 
211 531 
211 26 
211 259 
211 557 
211 235 
211 11 
211 372 
211 111 
211 46 
211 543 
211 510 
211 540 
211 200 
211 589 
211 442 
211 254 
211 43 
211 503 
211 126 
211 331 
211 438 
211 132 
211 94 
211 526 
211 50 
211 573 
211 326 
211 553 
211 534 
211 55 
211 481 
211 129 
211 512 
211 441 
211 45 
211 577 
211 240 
211 514 
211 231 
211 348 
211 588 
211 192 
211 184 
211 437 
211 487 
211 342 
211 476 
211 257 
211 229 
211 263 
211 445 
211 251 
211 369 
211 123 
211 350 
211 144 
211 261 
211 244 
211 301 
211 327 
211 256 
211 93 
211 473 
211 460 
211 574 
211 24 
211 239 
211 496 
211 434 
211 87 
211 468 
211 79 
211 183 
211 122 
211 357 
211 566 
211 59 
211 205 
211 462 
211 288 
211 430 
211 439 
211 193 
211 579 
211 112 
211 390 
211 2 
211 385 
211 436 
211 440 
211 339 
211 168 
211 365 
211 286 
211 147 
211 377 
211 53 
211 134 
211 356 
211 266 
211 479 
211 101 
211 361 
211 329 
211 500 
211 343 
211 146 
211 56 
211 167 
211 208 
211 149 
211 277 
211 494 
211 22 
211 98 
211 547 
211 33 
211 165 
211 173 
211 163 
211 426 
211 265 
211 444 
211 196 
211 381 
211 328 
211 352 
211 362 
211 572 
211 536 
211 443 
211 406 
211 127 
211 578 
211 541 
211 335 
211 282 
211 520 
211 220 
211 54 
211 185 
211 427 
211 501 
211 293 
211 233 
211 276 
211 453 
211 484 
211 268 
211 429 
211 581 
211 576 
211 498 
211 269 
211 201 
211 492 
211 544 
211 334 
211 108 
211 61 
211 119 
211 143 
211 161 
211 336 
211 89 
211 65 
211 402 
211 309 
211 432 
211 379 
211 555 
211 280 
211 590 
211 313 
211 160 
211 592 
211 180 
212 376 
212 549 
212 175 
212 547 
212 156 
212 562 
212 237 
212 199 
212 108 
212 72 
212 484 
212 533 
212 324 
212 296 
212 569 
212 377 
212 374 
212 517 
212 398 
212 348 
212 227 
212 87 
212 463 
212 264 
212 83 
212 168 
212 382 
212 144 
212 467 
212 195 
212 92 
212 293 
212 429 
212 300 
212 319 
212 564 
212 157 
212 509 
212 170 
212 207 
212 437 
212 487 
212 327 
212 148 
212 107 
212 284 
212 359 
212 339 
212 231 
212 68 
212 459 
212 41 
212 462 
212 280 
212 400 
212 343 
212 313 
212 201 
212 120 
212 155 
212 328 
212 273 
212 122 
212 583 
212 311 
212 149 
212 183 
212 214 
212 285 
212 229 
212 185 
212 119 
212 433 
212 381 
212 453 
212 464 
212 128 
212 375 
212 550 
212 589 
212 249 
212 140 
212 220 
212 521 
212 330 
212 60 
212 45 
212 434 
212 135 
212 534 
212 548 
212 566 
212 76 
212 378 
212 458 
212 82 
212 17 
212 113 
212 106 
212 75 
212 179 
212 535 
212 23 
212 136 
212 415 
212 206 
212 540 
212 191 
212 317 
212 500 
212 461 
212 153 
212 299 
212 346 
212 98 
212 279 
212 79 
212 525 
212 126 
212 527 
212 591 
212 80 
212 408 
212 490 
212 321 
212 281 
212 347 
212 246 
212 95 
212 394 
212 421 
212 152 
212 304 
212 209 
212 536 
212 143 
212 397 
212 240 
212 388 
212 57 
212 131 
212 523 
212 561 
212 158 
212 167 
212 270 
212 469 
212 405 
212 53 
212 180 
212 586 
212 288 
212 563 
212 28 
212 243 
212 94 
212 481 
212 205 
212 479 
212 445 
212 407 
212 134 
212 543 
212 187 
212 360 
212 471 
212 69 
212 10 
212 111 
212 338 
212 77 
212 117 
212 567 
212 403 
212 476 
212 457 
212 63 
212 154 
212 196 
212 499 
212 537 
212 326 
212 334 
212 133 
212 49 
212 406 
212 495 
212 40 
212 391 
213 388 
213 565 
213 237 
213 55 
213 547 
213 149 
213 179 
213 406 
213 373 
213 397 
213 319 
213 250 
213 345 
213 35 
213 247 
213 230 
213 66 
213 574 
213 122 
213 128 
213 429 
213 415 
213 579 
213 257 
213 453 
213 542 
213 190 
213 411 
213 498 
213 371 
213 503 
213 389 
213 402 
213 495 
213 229 
213 214 
213 523 
213 410 
213 551 
213 75 
213 501 
213 514 
213 468 
213 105 
213 313 
213 550 
213 97 
213 458 
213 286 
213 53 
213 272 
213 530 
213 119 
213 180 
213 383 
213 392 
213 450 
213 486 
213 548 
213 59 
213 18 
213 395 
213 585 
213 346 
213 163 
213 6 
213 142 
213 235 
213 297 
213 82 
213 109 
213 461 
213 0 
213 130 
213 207 
213 184 
213 456 
213 92 
213 534 
213 166 
213 369 
213 157 
213 1 
213 538 
213 459 
213 44 
213 386 
213 301 
213 20 
213 438 
213 525 
213 583 
213 144 
213 74 
213 559 
213 586 
213 476 
213 138 
213 88 
213 183 
213 29 
213 289 
213 360 
213 252 
213 391 
213 325 
213 539 
213 424 
213 384 
213 315 
213 340 
213 148 
213 555 
213 243 
213 87 
213 249 
213 572 
213 241 
213 294 
213 89 
213 45 
213 302 
213 423 
213 158 
213 537 
213 305 
213 173 
213 421 
213 351 
213 454 
213 273 
213 520 
213 270 
213 106 
213 367 
213 492 
213 41 
213 160 
213 445 
213 240 
213 526 
213 366 
213 129 
213 457 
213 77 
213 7 
213 96 
213 374 
213 9 
213 560 
213 316 
213 322 
213 194 
213 64 
213 540 
213 431 
213 430 
213 56 
213 150 
213 549 
213 107 
213 304 
213 473 
213 460 
213 11 
213 405 
213 364 
213 198 
213 588 
213 69 
213 336 
213 172 
213 578 
213 205 
213 21 
213 231 
213 508 
213 117 
213 63 
213 112 
213 563 
213 556 
213 135 
213 470 
213 493 
213 342 
213 372 
213 327 
213 284 
213 434 
213 295 
213 466 
213 353 
213 154 
213 317 
213 100 
213 566 
214 241 
214 103 
214 496 
214 237 
214 443 
214 554 
214 580 
214 474 
214 488 
214 307 
214 97 
214 138 
214 493 
214 436 
214 196 
214 12 
214 43 
214 262 
214 427 
214 504 
214 152 
214 96 
214 381 
214 213 
214 390 
214 546 
214 349 
214 281 
214 322 
214 292 
214 49 
214 304 
214 185 
214 84 
214 70 
214 85 
214 1 
214 577 
214 537 
214 282 
214 83 
214 387 
214 183 
214 81 
214 226 
214 471 
214 520 
214 69 
214 116 
214 257 
214 495 
214 105 
214 452 
214 431 
214 388 
214 195 
214 295 
214 212 
214 343 
214 448 
214 86 
214 25 
214 293 
214 531 
214 527 
214 358 
214 127 
214 378 
214 160 
214 285 
214 279 
214 209 
214 234 
214 251 
214 201 
214 153 
214 92 
214 288 
214 558 
214 278 
214 538 
214 276 
214 141 
214 263 
214 477 
214 243 
214 453 
214 466 
214 29 
214 424 
214 511 
214 481 
214 248 
214 130 
214 441 
214 231 
214 430 
214 539 
214 543 
214 117 
214 164 
214 311 
214 522 
214 208 
214 341 
214 274 
214 280 
214 375 
214 367 
214 484 
214 364 
214 223 
214 165 
214 99 
214 585 
214 102 
214 142 
214 550 
214 190 
214 181 
214 572 
214 145 
214 485 
214 55 
214 353 
214 57 
214 439 
214 291 
214 256 
214 65 
214 345 
214 552 
214 19 
214 369 
214 229 
214 548 
214 314 
214 235 
214 455 
214 162 
214 3 
214 104 
214 331 
214 338 
214 542 
214 36 
214 526 
214 27 
214 507 
214 407 
214 28 
214 348 
214 389 
214 468 
214 450 
214 77 
214 545 
214 535 
214 397 
214 90 
214 154 
214 4 
214 10 
214 423 
214 408 
214 21 
214 200 
214 33 
214 374 
214 541 
214 399 
214 244 
214 91 
214 88 
214 575 
214 139 
214 508 
214 180 
214 333 
215 536 
215 262 
215 410 
215 570 
215 10 
215 223 
215 492 
215 121 
215 517 
215 474 
215 154 
215 55 
215 192 
215 150 
215 90 
215 447 
215 300 
215 265 
215 183 
215 134 
215 242 
215 586 
215 270 
215 514 
215 75 
215 361 
215 125 
215 409 
215 156 
215 120 
215 282 
215 354 
215 469 
215 333 
215 553 
215 490 
215 519 
215 460 
215 5 
215 485 
215 539 
215 13 
215 390 
215 310 
215 28 
215 284 
215 113 
215 543 
215 506 
215 269 
215 1 
215 571 
215 511 
215 235 
215 526 
215 151 
215 373 
215 237 
215 482 
215 295 
215 229 
215 243 
215 307 
215 39 
215 481 
215 65 
215 216 
215 108 
215 162 
215 453 
215 483 
215 73 
215 169 
215 385 
215 266 
215 340 
215 397 
215 508 
215 81 
215 136 
215 583 
215 552 
215 97 
215 496 
215 555 
215 359 
215 334 
215 314 
215 504 
215 221 
215 329 
215 446 
215 580 
215 24 
215 365 
215 527 
215 135 
215 122 
215 35 
215 378 
215 52 
215 100 
215 279 
215 394 
215 429 
215 398 
215 273 
215 342 
215 478 
215 283 
215 6 
215 487 
215 457 
215 420 
215 458 
215 275 
215 450 
215 179 
215 304 
215 389 
215 532 
215 509 
215 494 
215 407 
215 455 
215 138 
215 477 
215 240 
215 369 
215 315 
215 109 
215 500 
215 515 
215 454 
215 286 
215 218 
215 117 
215 250 
215 298 
215 82 
215 548 
215 96 
215 131 
215 368 
215 531 
215 220 
215 484 
215 452 
215 168 
215 467 
215 575 
215 541 
215 285 
215 19 
215 528 
215 8 
215 292 
215 253 
215 167 
215 544 
215 11 
216 520 
216 589 
216 80 
216 586 
216 47 
216 419 
216 266 
216 544 
216 189 
216 483 
216 142 
216 125 
216 541 
216 538 
216 248 
216 302 
216 517 
216 98 
216 40 
216 514 
216 208 
216 21 
216 244 
216 356 
216 5 
216 292 
216 404 
216 299 
216 465 
216 261 
216 470 
216 364 
216 328 
216 564 
216 6 
216 178 
216 376 
216 10 
216 433 
216 451 
216 338 
216 108 
216 263 
216 145 
216 41 
216 176 
216 484 
216 308 
216 258 
216 93 
216 200 
216 438 
216 455 
216 363 
216 529 
216 348 
216 44 
216 357 
216 251 
216 535 
216 53 
216 110 
216 32 
216 66 
216 448 
216 285 
216 94 
216 161 
216 562 
216 576 
216 234 
216 199 
216 297 
216 128 
216 198 
216 386 
216 340 
216 164 
216 24 
216 581 
216 136 
216 195 
216 422 
216 458 
216 215 
216 496 
216 62 
216 8 
216 160 
216 116 
216 31 
216 317 
216 249 
216 276 
216 563 
216 129 
216 187 
216 72 
216 130 
216 406 
216 441 
216 523 
216 402 
216 105 
216 439 
216 132 
216 489 
216 319 
216 435 
216 436 
216 548 
216 185 
216 171 
216 577 
216 253 
216 100 
216 274 
216 92 
216 405 
216 530 
216 533 
216 430 
216 143 
216 324 
216 360 
216 202 
216 165 
216 494 
216 26 
216 270 
216 124 
216 180 
216 450 
216 67 
216 391 
216 210 
216 15 
216 50 
216 560 
216 345 
216 18 
216 220 
216 4 
216 232 
216 173 
216 310 
216 547 
216 349 
216 556 
216 432 
216 521 
216 45 
216 114 
216 486 
216 184 
216 81 
216 90 
216 166 
216 252 
216 277 
216 278 
216 37 
216 572 
216 591 
216 326 
216 337 
216 531 
216 457 
216 382 
216 508 
216 56 
216 226 
216 272 
216 218 
216 409 
216 445 
216 275 
216 167 
216 111 
217 190 
217 389 
217 257 
217 485 
217 57 
217 327 
217 242 
217 117 
217 563 
217 433 
217 42 
217 438 
217 490 
217 178 
217 406 
217 458 
217 456 
217 139 
217 527 
217 428 
217 96 
217 591 
217 457 
217 276 
217 113 
217 356 
217 174 
217 517 
217 332 
217 280 
217 452 
217 543 
217 106 
217 523 
217 359 
217 17 
217 195 
217 403 
217 533 
217 570 
217 360 
217 97 
217 296 
217 340 
217 303 
217 581 
217 118 
217 291 
217 506 
217 418 
217 114 
217 338 
217 462 
217 185 
217 261 
217 235 
217 486 
217 318 
217 158 
217 464 
217 31 
217 497 
217 241 
217 80 
217 383 
217 265 
217 565 
217 266 
217 323 
217 84 
217 475 
217 525 
217 232 
217 110 
217 487 
217 393 
217 64 
217 194 
217 499 
217 355 
217 348 
217 240 
217 115 
217 344 
217 429 
217 385 
217 358 
217 153 
217 251 
217 218 
217 400 
217 272 
217 539 
217 248 
217 449 
217 516 
217 446 
217 562 
217 351 
217 427 
217 268 
217 589 
217 472 
217 513 
217 44 
217 105 
217 345 
217 421 
217 575 
217 103 
217 94 
217 159 
217 229 
217 368 
217 10 
217 82 
217 27 
217 349 
217 282 
217 558 
217 79 
217 58 
217 127 
217 331 
217 91 
217 454 
217 155 
217 222 
217 269 
217 488 
217 102 
217 566 
217 524 
217 121 
217 473 
217 477 
217 136 
217 432 
217 590 
217 278 
217 86 
217 219 
217 585 
217 492 
217 175 
217 205 
217 203 
217 336 
217 378 
217 325 
217 307 
217 347 
217 225 
217 275 
217 560 
217 230 
217 233 
217 304 
217 47 
217 177 
217 104 
217 468 
217 145 
217 586 
217 122 
217 220 
217 568 
217 415 
217 520 
217 71 
217 69 
217 116 
217 244 
217 29 
217 554 
217 476 
217 92 
217 542 
217 373 
217 150 
217 367 
217 579 
217 534 
217 326 
218 566 
218 232 
218 203 
218 290 
218 7 
218 219 
218 115 
218 368 
218 190 
218 462 
218 425 
218 30 
218 233 
218 195 
218 81 
218 405 
218 80 
218 269 
218 315 
218 54 
218 547 
218 464 
218 151 
218 523 
218 101 
218 307 
218 556 
218 120 
218 118 
218 282 
218 529 
218 517 
218 72 
218 45 
218 250 
218 537 
218 338 
218 258 
218 0 
218 208 
218 125 
218 520 
218 44 
218 312 
218 552 
218 486 
218 538 
218 348 
218 342 
218 330 
218 519 
218 280 
218 65 
218 385 
218 47 
218 478 
218 35 
218 473 
218 23 
218 567 
218 377 
218 568 
218 442 
218 245 
218 429 
218 74 
218 355 
218 298 
218 477 
218 196 
218 13 
218 207 
218 112 
218 364 
218 451 
218 66 
218 418 
218 424 
218 234 
218 550 
218 325 
218 94 
218 573 
218 559 
218 53 
218 584 
218 490 
218 378 
218 217 
218 366 
218 285 
218 281 
218 143 
218 75 
218 375 
218 489 
218 206 
218 137 
218 146 
218 224 
218 541 
218 419 
218 40 
218 435 
218 421 
218 459 
218 62 
218 582 
218 61 
218 302 
218 256 
218 18 
218 474 
218 563 
218 403 
218 240 
218 296 
218 123 
218 313 
218 102 
218 472 
218 89 
218 577 
218 68 
218 11 
218 287 
218 16 
218 25 
218 344 
218 237 
218 528 
218 278 
218 220 
218 283 
218 227 
218 456 
218 20 
218 9 
218 371 
218 178 
218 276 
218 64 
218 222 
218 209 
218 558 
218 239 
218 173 
218 499 
218 331 
218 574 
218 42 
218 588 
218 193 
218 516 
218 58 
218 548 
218 397 
218 121 
218 569 
218 63 
218 238 
218 210 
218 306 
218 320 
218 167 
218 131 
218 448 
218 324 
218 106 
218 12 
218 231 
218 321 
218 463 
218 505 
218 333 
218 501 
218 380 
218 215 
218 69 
218 389 
218 413 
218 491 
218 381 
218 512 
218 263 
218 354 
218 453 
218 216 
218 416 
218 205 
218 589 
218 436 
219 143 
219 34 
219 201 
219 26 
219 285 
219 571 
219 150 
219 572 
219 149 
219 553 
219 218 
219 371 
219 410 
219 207 
219 122 
219 52 
219 577 
219 498 
219 489 
219 60 
219 448 
219 186 
219 25 
219 547 
219 169 
219 254 
219 337 
219 133 
219 458 
219 465 
219 326 
219 101 
219 543 
219 311 
219 100 
219 583 
219 575 
219 312 
219 106 
219 73 
219 7 
219 399 
219 393 
219 401 
219 308 
219 68 
219 491 
219 500 
219 352 
219 478 
219 193 
219 204 
219 130 
219 278 
219 531 
219 96 
219 70 
219 303 
219 456 
219 306 
219 265 
219 62 
219 367 
219 43 
219 467 
219 166 
219 492 
219 206 
219 555 
219 485 
219 419 
219 107 
219 65 
219 343 
219 328 
219 590 
219 317 
219 451 
219 238 
219 88 
219 234 
219 157 
219 473 
219 140 
219 365 
219 266 
219 532 
219 340 
219 417 
219 6 
219 148 
219 37 
219 24 
219 40 
219 321 
219 177 
219 533 
219 272 
219 81 
219 29 
219 292 
219 250 
219 542 
219 19 
219 142 
219 147 
219 98 
219 189 
219 538 
219 356 
219 31 
219 384 
219 494 
219 156 
219 179 
219 364 
219 567 
219 397 
219 349 
219 450 
219 565 
219 481 
219 327 
219 452 
219 50 
219 134 
219 44 
219 529 
219 486 
219 362 
219 534 
219 416 
219 217 
219 377 
219 586 
219 331 
219 508 
219 544 
219 236 
219 379 
219 244 
219 253 
219 9 
219 202 
219 59 
219 114 
219 380 
219 557 
219 360 
219 366 
219 158 
219 67 
219 475 
219 554 
219 449 
219 549 
219 359 
219 559 
219 510 
219 444 
219 45 
219 516 
219 545 
219 61 
219 230 
219 126 
219 131 
219 276 
219 552 
219 246 
219 373 
219 58 
219 260 
219 432 
219 286 
219 188 
220 136 
220 435 
220 353 
220 581 
220 522 
220 589 
220 201 
220 137 
220 264 
220 245 
220 351 
220 592 
220 57 
220 313 
220 16 
220 548 
220 230 
220 259 
220 572 
220 24 
220 179 
220 429 
220 462 
220 183 
220 6 
220 584 
220 54 
220 509 
220 481 
220 560 
220 286 
220 489 
220 531 
220 253 
220 0 
220 446 
220 316 
220 186 
220 465 
220 266 
220 458 
220 530 
220 139 
220 338 
220 47 
220 546 
220 503 
220 379 
220 135 
220 134 
220 470 
220 82 
220 497 
220 117 
220 475 
220 504 
220 410 
220 244 
220 431 
220 83 
220 482 
220 363 
220 39 
220 221 
220 108 
220 165 
220 256 
220 203 
220 171 
220 212 
220 577 
220 92 
220 142 
220 176 
220 494 
220 288 
220 566 
220 88 
220 451 
220 525 
220 352 
220 327 
220 242 
220 200 
220 35 
220 381 
220 332 
220 154 
220 90 
220 318 
220 40 
220 58 
220 474 
220 126 
220 209 
220 199 
220 224 
220 502 
220 580 
220 98 
220 419 
220 111 
220 349 
220 105 
220 247 
220 197 
220 322 
220 189 
220 571 
220 401 
220 193 
220 272 
220 218 
220 119 
220 53 
220 282 
220 388 
220 345 
220 404 
220 534 
220 500 
220 52 
220 496 
220 520 
220 61 
220 174 
220 255 
220 564 
220 240 
220 198 
220 211 
220 540 
220 265 
220 524 
220 216 
220 5 
220 11 
220 233 
220 271 
220 406 
220 131 
220 89 
220 223 
220 12 
220 227 
220 586 
220 416 
220 217 
220 63 
220 60 
220 289 
220 231 
220 574 
220 4 
220 526 
220 463 
220 215 
220 43 
220 398 
220 166 
220 86 
220 178 
220 298 
220 109 
220 472 
220 144 
220 102 
221 324 
221 401 
221 255 
221 16 
221 236 
221 116 
221 40 
221 100 
221 280 
221 89 
221 4 
221 331 
221 286 
221 185 
221 577 
221 285 
221 470 
221 336 
221 303 
221 51 
221 580 
221 451 
221 492 
221 514 
221 114 
221 227 
221 170 
221 132 
221 522 
221 250 
221 297 
221 318 
221 120 
221 560 
221 162 
221 510 
221 251 
221 358 
221 92 
221 320 
221 165 
221 296 
221 379 
221 200 
221 438 
221 123 
221 349 
221 12 
221 381 
221 39 
221 293 
221 55 
221 360 
221 442 
221 118 
221 342 
221 8 
221 478 
221 267 
221 276 
221 419 
221 99 
221 543 
221 243 
221 220 
221 72 
221 172 
221 477 
221 269 
221 509 
221 426 
221 554 
221 70 
221 148 
221 225 
221 199 
221 371 
221 23 
221 69 
221 287 
221 454 
221 168 
221 194 
221 17 
221 38 
221 581 
221 499 
221 481 
221 135 
221 85 
221 491 
221 407 
221 444 
221 164 
221 24 
221 154 
221 145 
221 540 
221 204 
221 26 
221 13 
221 453 
221 96 
221 300 
221 418 
221 226 
221 384 
221 430 
221 215 
221 149 
221 524 
221 76 
221 339 
221 579 
221 551 
221 412 
221 519 
221 427 
221 493 
221 11 
221 257 
221 394 
221 232 
221 167 
221 275 
221 57 
221 462 
221 41 
221 244 
221 289 
221 228 
221 517 
221 245 
221 43 
221 1 
221 88 
221 392 
221 549 
221 498 
221 319 
221 52 
221 555 
221 387 
221 366 
221 529 
221 62 
221 106 
221 559 
221 553 
221 184 
221 111 
221 95 
221 203 
221 80 
221 409 
221 486 
221 259 
221 234 
221 159 
221 196 
221 190 
221 238 
221 35 
221 247 
221 354 
221 326 
221 345 
221 443 
221 161 
221 352 
221 373 
221 485 
221 473 
221 556 
221 457 
221 273 
221 377 
222 105 
222 309 
222 403 
222 63 
222 372 
222 419 
222 127 
222 175 
222 373 
222 429 
222 377 
222 171 
222 229 
222 36 
222 255 
222 86 
222 56 
222 98 
222 106 
222 566 
222 521 
222 391 
222 23 
222 294 
222 322 
222 471 
222 87 
222 5 
222 553 
222 421 
222 78 
222 340 
222 7 
222 2 
222 291 
222 197 
222 406 
222 278 
222 538 
222 188 
222 201 
222 79 
222 254 
222 94 
222 583 
222 449 
222 453 
222 563 
222 350 
222 335 
222 365 
222 586 
222 313 
222 223 
222 454 
222 539 
222 47 
222 477 
222 52 
222 91 
222 375 
222 269 
222 356 
222 370 
222 76 
222 571 
222 495 
222 206 
222 242 
222 82 
222 172 
222 408 
222 24 
222 473 
222 402 
222 191 
222 240 
222 386 
222 120 
222 557 
222 10 
222 460 
222 62 
222 180 
222 490 
222 132 
222 455 
222 21 
222 588 
222 285 
222 163 
222 121 
222 131 
222 80 
222 515 
222 378 
222 574 
222 582 
222 474 
222 301 
222 416 
222 250 
222 261 
222 445 
222 341 
222 570 
222 72 
222 385 
222 113 
222 22 
222 207 
222 501 
222 195 
222 152 
222 272 
222 217 
222 59 
222 364 
222 359 
222 218 
222 492 
222 202 
222 184 
222 441 
222 77 
222 95 
222 514 
222 331 
222 28 
222 376 
222 311 
222 564 
222 362 
222 93 
222 576 
222 549 
222 302 
222 1 
222 581 
222 550 
222 300 
222 55 
222 342 
222 239 
222 348 
222 178 
222 179 
222 530 
222 560 
222 257 
222 528 
222 351 
222 277 
222 451 
222 537 
222 125 
222 247 
222 371 
222 158 
222 118 
222 38 
222 319 
222 304 
222 392 
222 394 
222 575 
222 496 
223 29 
223 12 
223 363 
223 128 
223 516 
223 441 
223 429 
223 534 
223 342 
223 215 
223 251 
223 34 
223 272 
223 524 
223 197 
223 322 
223 536 
223 204 
223 43 
223 586 
223 584 
223 48 
223 324 
223 30 
223 46 
223 587 
223 360 
223 143 
223 541 
223 568 
223 303 
223 51 
223 494 
223 573 
223 257 
223 453 
223 423 
223 464 
223 54 
223 129 
223 78 
223 575 
223 478 
223 505 
223 543 
223 156 
223 427 
223 522 
223 261 
223 182 
223 184 
223 227 
223 85 
223 471 
223 425 
223 298 
223 462 
223 222 
223 421 
223 71 
223 91 
223 172 
223 496 
223 382 
223 566 
223 562 
223 239 
223 59 
223 150 
223 100 
223 138 
223 488 
223 44 
223 311 
223 179 
223 50 
223 289 
223 166 
223 570 
223 340 
223 430 
223 463 
223 229 
223 559 
223 326 
223 299 
223 265 
223 74 
223 387 
223 574 
223 434 
223 159 
223 567 
223 254 
223 357 
223 245 
223 39 
223 545 
223 101 
223 499 
223 23 
223 563 
223 169 
223 302 
223 349 
223 417 
223 282 
223 348 
223 36 
223 214 
223 531 
223 379 
223 194 
223 565 
223 132 
223 49 
223 373 
223 517 
223 231 
223 98 
223 495 
223 243 
223 341 
223 119 
223 296 
223 116 
223 370 
223 332 
223 112 
223 364 
223 192 
223 353 
223 162 
223 437 
223 10 
223 53 
223 187 
223 356 
223 256 
223 337 
223 320 
223 581 
223 186 
223 278 
223 42 
223 220 
223 513 
223 283 
223 95 
223 75 
223 297 
223 170 
223 491 
223 520 
223 490 
223 107 
223 38 
223 472 
223 504 
223 203 
223 21 
223 309 
223 377 
223 11 
223 404 
223 435 
223 412 
223 126 
223 230 
223 145 
223 578 
223 5 
223 459 
224 344 
224 385 
224 136 
224 94 
224 135 
224 372 
224 365 
224 129 
224 304 
224 520 
224 84 
224 113 
224 232 
224 568 
224 325 
224 576 
224 341 
224 541 
224 248 
224 252 
224 314 
224 60 
224 399 
224 530 
224 481 
224 227 
224 548 
224 408 
224 375 
224 562 
224 26 
224 169 
224 261 
224 253 
224 203 
224 27 
224 392 
224 59 
224 484 
224 177 
224 196 
224 17 
224 165 
224 180 
224 267 
224 336 
224 533 
224 453 
224 524 
224 335 
224 319 
224 241 
224 263 
224 504 
224 10 
224 567 
224 422 
224 498 
224 132 
224 151 
224 553 
224 162 
224 112 
224 247 
224 205 
224 480 
224 154 
224 310 
224 284 
224 515 
224 326 
224 138 
224 102 
224 431 
224 525 
224 333 
224 493 
224 197 
224 563 
224 243 
224 73 
224 386 
224 550 
224 342 
224 173 
224 396 
224 38 
224 559 
224 35 
224 85 
224 273 
224 179 
224 578 
224 307 
224 378 
224 250 
224 420 
224 50 
224 327 
224 218 
224 239 
224 338 
224 591 
224 295 
224 150 
224 29 
224 191 
224 106 
224 88 
224 443 
224 41 
224 394 
224 406 
224 450 
224 353 
224 220 
224 351 
224 174 
224 532 
224 190 
224 306 
224 120 
224 16 
224 569 
224 69 
224 534 
224 61 
224 546 
224 428 
224 228 
224 42 
224 83 
224 34 
224 202 
224 64 
224 122 
224 286 
224 144 
224 176 
224 12 
224 299 
224 312 
224 119 
224 561 
224 575 
224 328 
224 367 
224 457 
224 313 
224 487 
224 514 
224 402 
224 439 
224 206 
224 183 
224 23 
224 451 
224 528 
224 255 
224 24 
224 225 
224 185 
224 14 
224 18 
224 181 
224 97 
224 590 
224 155 
224 207 
224 238 
224 100 
224 159 
224 158 
224 68 
224 482 
224 127 
224 134 
224 362 
224 200 
224 531 
224 198 
224 473 
224 517 
224 37 
224 56 
224 355 
224 195 
224 581 
225 243 
225 196 
225 379 
225 290 
225 547 
225 259 
225 287 
225 549 
225 491 
225 59 
225 349 
225 103 
225 468 
225 469 
225 141 
225 333 
225 365 
225 18 
225 88 
225 114 
225 565 
225 68 
225 571 
225 578 
225 493 
225 73 
225 177 
225 384 
225 266 
225 6 
225 459 
225 142 
225 479 
225 373 
225 39 
225 519 
225 319 
225 586 
225 42 
225 180 
225 305 
225 474 
225 464 
225 237 
225 522 
225 308 
225 93 
225 504 
225 432 
225 344 
225 47 
225 183 
225 376 
225 190 
225 133 
225 123 
225 568 
225 52 
225 337 
225 342 
225 409 
225 130 
225 9 
225 118 
225 251 
225 531 
225 530 
225 24 
225 431 
225 194 
225 229 
225 439 
225 53 
225 155 
225 419 
225 286 
225 134 
225 497 
225 45 
225 107 
225 154 
225 472 
225 67 
225 48 
225 7 
225 274 
225 325 
225 86 
225 454 
225 56 
225 126 
225 293 
225 560 
225 536 
225 424 
225 580 
225 250 
225 221 
225 451 
225 3 
225 49 
225 478 
225 25 
225 37 
225 414 
225 166 
225 167 
225 334 
225 514 
225 351 
225 584 
225 294 
225 375 
225 508 
225 587 
225 253 
225 467 
225 129 
225 450 
225 165 
225 405 
225 209 
225 149 
225 523 
225 554 
225 402 
225 50 
225 425 
225 296 
225 336 
225 70 
225 301 
225 77 
225 198 
225 35 
225 482 
225 558 
225 98 
225 246 
225 80 
225 499 
225 591 
225 295 
225 515 
225 281 
225 160 
225 577 
225 500 
225 288 
225 255 
225 408 
225 310 
225 323 
225 252 
225 224 
225 370 
225 217 
225 285 
225 241 
225 228 
225 272 
225 265 
225 461 
225 270 
225 83 
225 279 
225 575 
225 462 
225 588 
225 100 
225 572 
225 2 
225 364 
225 359 
225 557 
225 397 
225 559 
225 302 
225 330 
225 399 
225 22 
225 121 
225 324 
226 114 
226 76 
226 85 
226 490 
226 448 
226 576 
226 236 
226 82 
226 376 
226 410 
226 338 
226 273 
226 120 
226 589 
226 227 
226 4 
226 28 
226 328 
226 531 
226 560 
226 450 
226 469 
226 398 
226 78 
226 116 
226 71 
226 124 
226 6 
226 413 
226 556 
226 231 
226 239 
226 198 
226 319 
226 257 
226 66 
226 94 
226 79 
226 359 
226 87 
226 565 
226 551 
226 467 
226 40 
226 67 
226 277 
226 0 
226 93 
226 214 
226 355 
226 1 
226 166 
226 49 
226 183 
226 181 
226 69 
226 103 
226 402 
226 23 
226 255 
226 272 
226 278 
226 113 
226 503 
226 574 
226 483 
226 520 
226 357 
226 537 
226 527 
226 254 
226 345 
226 364 
226 582 
226 522 
226 436 
226 240 
226 100 
226 229 
226 530 
226 22 
226 510 
226 202 
226 366 
226 425 
226 95 
226 233 
226 3 
226 331 
226 275 
226 590 
226 325 
226 374 
226 397 
226 10 
226 389 
226 559 
226 407 
226 427 
226 51 
226 210 
226 134 
226 480 
226 16 
226 221 
226 264 
226 251 
226 367 
226 417 
226 206 
226 17 
226 45 
226 341 
226 169 
226 247 
226 280 
226 499 
226 479 
226 320 
226 64 
226 86 
226 179 
226 348 
226 513 
226 579 
226 498 
226 384 
226 30 
226 352 
226 133 
226 333 
226 97 
226 489 
226 573 
226 158 
226 27 
226 230 
226 443 
226 588 
226 203 
226 541 
226 258 
226 335 
226 446 
226 324 
226 249 
226 81 
226 199 
226 532 
226 175 
226 136 
226 109 
226 112 
226 382 
226 353 
226 581 
226 292 
226 316 
226 63 
226 98 
226 260 
226 99 
226 83 
226 2 
226 14 
226 383 
226 375 
226 368 
226 307 
226 216 
226 507 
226 284 
226 414 
226 553 
227 333 
227 368 
227 431 
227 466 
227 256 
227 125 
227 271 
227 332 
227 128 
227 226 
227 10 
227 571 
227 388 
227 230 
227 408 
227 221 
227 224 
227 348 
227 4 
227 541 
227 119 
227 175 
227 212 
227 42 
227 167 
227 93 
227 301 
227 346 
227 580 
227 27 
227 65 
227 344 
227 374 
227 201 
227 55 
227 499 
227 182 
227 461 
227 241 
227 442 
227 159 
227 409 
227 50 
227 394 
227 223 
227 485 
227 294 
227 270 
227 127 
227 269 
227 341 
227 405 
227 398 
227 63 
227 350 
227 113 
227 12 
227 429 
227 7 
227 447 
227 482 
227 459 
227 209 
227 102 
227 154 
227 39 
227 203 
227 418 
227 588 
227 560 
227 516 
227 169 
227 232 
227 320 
227 311 
227 177 
227 242 
227 142 
227 115 
227 189 
227 32 
227 31 
227 423 
227 540 
227 188 
227 494 
227 537 
227 37 
227 406 
227 465 
227 587 
227 314 
227 428 
227 85 
227 298 
227 108 
227 579 
227 315 
227 246 
227 46 
227 80 
227 313 
227 235 
227 451 
227 23 
227 562 
227 520 
227 91 
227 89 
227 424 
227 67 
227 200 
227 198 
227 310 
227 218 
227 547 
227 343 
227 210 
227 1 
227 456 
227 356 
227 76 
227 144 
227 57 
227 331 
227 120 
227 536 
227 514 
227 490 
227 399 
227 248 
227 82 
227 457 
227 302 
227 16 
227 462 
227 318 
227 181 
227 309 
227 53 
227 75 
227 467 
227 220 
227 403 
227 72 
227 521 
227 555 
227 110 
227 559 
227 391 
227 183 
227 453 
227 534 
227 497 
227 264 
227 164 
227 381 
227 377 
227 33 
227 274 
227 509 
227 446 
227 84 
228 65 
228 6 
228 583 
228 370 
228 294 
228 478 
228 145 
228 538 
228 308 
228 150 
228 132 
228 241 
228 40 
228 431 
228 328 
228 459 
228 573 
228 306 
228 70 
228 61 
228 557 
228 455 
228 312 
228 196 
228 429 
228 393 
228 112 
228 379 
228 449 
228 146 
228 254 
228 343 
228 99 
228 403 
228 38 
228 345 
228 202 
228 186 
228 451 
228 302 
228 329 
228 23 
228 491 
228 489 
228 129 
228 488 
228 471 
228 419 
228 37 
228 336 
228 69 
228 436 
228 197 
228 68 
228 163 
228 180 
228 322 
228 582 
228 255 
228 19 
228 47 
228 136 
228 577 
228 36 
228 438 
228 520 
228 3 
228 388 
228 261 
228 587 
228 81 
228 262 
228 286 
228 498 
228 0 
228 12 
228 231 
228 446 
228 190 
228 284 
228 407 
228 522 
228 181 
228 404 
228 82 
228 333 
228 15 
228 564 
228 373 
228 57 
228 340 
228 348 
228 382 
228 125 
228 208 
228 537 
228 415 
228 103 
228 551 
228 495 
228 9 
228 160 
228 363 
228 7 
228 320 
228 425 
228 369 
228 204 
228 483 
228 224 
228 97 
228 236 
228 563 
228 362 
228 534 
228 89 
228 45 
228 114 
228 317 
228 376 
228 31 
228 576 
228 158 
228 170 
228 221 
228 203 
228 175 
228 127 
228 562 
228 529 
228 60 
228 461 
228 444 
228 344 
228 434 
228 433 
228 524 
228 121 
228 25 
228 448 
228 183 
228 307 
228 225 
228 50 
228 209 
228 120 
228 291 
228 458 
228 350 
228 90 
228 72 
228 366 
228 18 
228 191 
228 464 
228 581 
228 553 
228 43 
228 309 
228 299 
228 539 
228 80 
228 367 
228 326 
228 124 
228 311 
228 503 
229 592 
229 536 
229 467 
229 319 
229 349 
229 504 
229 252 
229 174 
229 440 
229 254 
229 379 
229 173 
229 387 
229 284 
229 518 
229 566 
229 222 
229 468 
229 409 
229 16 
229 63 
229 562 
229 78 
229 299 
229 88 
229 23 
229 317 
229 164 
229 570 
229 38 
229 347 
229 130 
229 85 
229 213 
229 274 
229 556 
229 276 
229 492 
229 435 
229 474 
229 159 
229 24 
229 255 
229 533 
229 237 
229 119 
229 447 
229 131 
229 101 
229 374 
229 234 
229 286 
229 397 
229 513 
229 146 
229 390 
229 35 
229 484 
229 382 
229 529 
229 211 
229 102 
229 56 
229 424 
229 168 
229 574 
229 225 
229 109 
229 584 
229 402 
229 212 
229 165 
229 245 
229 400 
229 393 
229 578 
229 309 
229 514 
229 47 
229 226 
229 5 
229 97 
229 507 
229 471 
229 215 
229 448 
229 55 
229 83 
229 153 
229 223 
229 473 
229 495 
229 6 
229 260 
229 464 
229 335 
229 550 
229 115 
229 99 
229 280 
229 77 
229 564 
229 443 
229 251 
229 50 
229 239 
229 151 
229 241 
229 576 
229 217 
229 580 
229 549 
229 171 
229 351 
229 183 
229 204 
229 380 
229 57 
229 432 
229 104 
229 48 
229 561 
229 149 
229 583 
229 342 
229 337 
229 419 
229 308 
229 528 
229 336 
229 521 
229 396 
229 75 
229 247 
229 537 
229 324 
229 262 
229 188 
229 257 
229 214 
229 125 
229 111 
229 49 
229 375 
229 404 
229 437 
229 466 
229 261 
229 182 
229 65 
229 558 
229 524 
229 271 
229 398 
229 589 
229 305 
229 560 
229 128 
229 485 
229 298 
229 358 
229 344 
229 87 
229 268 
229 42 
229 394 
229 64 
229 156 
229 196 
229 508 
229 264 
229 551 
229 563 
229 353 
229 323 
229 51 
229 356 
229 555 
229 189 
229 127 
229 121 
229 208 
229 506 
230 374 
230 527 
230 2 
230 270 
230 369 
230 376 
230 284 
230 292 
230 490 
230 582 
230 47 
230 34 
230 353 
230 382 
230 363 
230 517 
230 213 
230 486 
230 245 
230 29 
230 19 
230 220 
230 420 
230 319 
230 347 
230 156 
230 189 
230 155 
230 305 
230 88 
230 116 
230 227 
230 309 
230 113 
230 232 
230 24 
230 323 
230 46 
230 272 
230 512 
230 421 
230 351 
230 266 
230 321 
230 545 
230 149 
230 117 
230 562 
230 288 
230 251 
230 563 
230 589 
230 173 
230 336 
230 339 
230 500 
230 44 
230 293 
230 136 
230 263 
230 276 
230 502 
230 164 
230 166 
230 63 
230 287 
230 539 
230 333 
230 253 
230 498 
230 249 
230 331 
230 95 
230 344 
230 308 
230 18 
230 400 
230 52 
230 388 
230 68 
230 366 
230 175 
230 487 
230 373 
230 7 
230 254 
230 411 
230 16 
230 380 
230 405 
230 519 
230 558 
230 252 
230 107 
230 62 
230 585 
230 170 
230 505 
230 97 
230 93 
230 161 
230 538 
230 307 
230 326 
230 429 
230 522 
230 81 
230 157 
230 207 
230 447 
230 442 
230 472 
230 304 
230 367 
230 435 
230 385 
230 465 
230 468 
230 179 
230 50 
230 324 
230 123 
230 392 
230 433 
230 105 
230 394 
230 202 
230 578 
230 446 
230 532 
230 477 
230 299 
230 591 
230 1 
230 501 
230 70 
230 413 
230 301 
230 581 
230 348 
230 496 
230 226 
230 423 
230 76 
230 118 
230 391 
230 182 
230 92 
230 375 
230 152 
230 306 
230 115 
230 535 
230 439 
230 325 
230 443 
230 485 
230 529 
230 516 
230 21 
230 127 
230 260 
230 452 
230 10 
230 217 
230 51 
230 565 
230 541 
230 357 
230 169 
230 178 
230 42 
230 577 
230 36 
230 8 
230 196 
230 379 
230 475 
230 242 
230 219 
230 395 
230 471 
230 297 
230 236 
230 223 
230 329 
230 41 
230 449 
230 473 
230 209 
230 407 
230 497 
230 480 
230 261 
230 334 
230 43 
231 391 
231 418 
231 451 
231 394 
231 315 
231 281 
231 277 
231 206 
231 572 
231 81 
231 97 
231 57 
231 144 
231 490 
231 92 
231 78 
231 454 
231 135 
231 323 
231 13 
231 34 
231 318 
231 313 
231 56 
231 370 
231 241 
231 482 
231 252 
231 226 
231 311 
231 352 
231 578 
231 233 
231 424 
231 583 
231 381 
231 550 
231 556 
231 2 
231 432 
231 458 
231 279 
231 335 
231 108 
231 356 
231 156 
231 270 
231 246 
231 197 
231 428 
231 294 
231 125 
231 211 
231 465 
231 212 
231 406 
231 542 
231 262 
231 363 
231 309 
231 181 
231 324 
231 419 
231 50 
231 73 
231 431 
231 390 
231 317 
231 87 
231 155 
231 126 
231 479 
231 249 
231 508 
231 261 
231 568 
231 502 
231 195 
231 265 
231 563 
231 459 
231 228 
231 408 
231 29 
231 38 
231 39 
231 374 
231 123 
231 425 
231 291 
231 588 
231 28 
231 467 
231 140 
231 559 
231 234 
231 298 
231 504 
231 531 
231 569 
231 348 
231 492 
231 41 
231 145 
231 351 
231 31 
231 122 
231 214 
231 64 
231 183 
231 68 
231 558 
231 182 
231 151 
231 344 
231 159 
231 72 
231 302 
231 114 
231 146 
231 93 
231 271 
231 66 
231 420 
231 300 
231 286 
231 378 
231 254 
231 223 
231 207 
231 507 
231 40 
231 149 
231 534 
231 185 
231 538 
231 581 
231 62 
231 304 
231 243 
231 22 
231 362 
231 303 
231 99 
231 104 
231 565 
231 152 
231 510 
231 491 
231 173 
231 186 
231 557 
231 255 
231 213 
231 535 
231 218 
231 361 
231 272 
231 296 
231 120 
231 337 
231 203 
231 46 
231 36 
231 220 
231 248 
231 290 
231 339 
231 176 
231 395 
232 553 
232 497 
232 218 
232 124 
232 292 
232 265 
232 544 
232 329 
232 119 
232 224 
232 499 
232 13 
232 434 
232 510 
232 449 
232 63 
232 479 
232 445 
232 502 
232 230 
232 254 
232 546 
232 95 
232 111 
232 250 
232 167 
232 160 
232 171 
232 512 
232 90 
232 179 
232 520 
232 164 
232 195 
232 444 
232 66 
232 500 
232 260 
232 238 
232 282 
232 56 
232 74 
232 197 
232 385 
232 348 
232 543 
232 248 
232 280 
232 235 
232 176 
232 122 
232 377 
232 144 
232 573 
232 367 
232 375 
232 478 
232 581 
232 310 
232 200 
232 588 
232 486 
232 351 
232 389 
232 358 
232 52 
232 108 
232 27 
232 102 
232 412 
232 298 
232 330 
232 414 
232 217 
232 28 
232 477 
232 471 
232 525 
232 384 
232 227 
232 383 
232 115 
232 209 
232 590 
232 88 
232 576 
232 347 
232 565 
232 319 
232 390 
232 44 
232 262 
232 271 
232 131 
232 399 
232 583 
232 337 
232 372 
232 243 
232 42 
232 327 
232 415 
232 428 
232 163 
232 5 
232 476 
232 77 
232 10 
232 89 
232 203 
232 443 
232 45 
232 276 
232 2 
232 309 
232 340 
232 286 
232 101 
232 155 
232 147 
232 278 
232 328 
232 221 
232 432 
232 14 
232 338 
232 175 
232 394 
232 252 
232 374 
232 418 
232 517 
232 587 
232 532 
232 210 
232 528 
232 168 
232 455 
232 193 
232 216 
232 135 
232 170 
232 184 
232 458 
232 133 
232 53 
232 234 
232 7 
232 313 
232 123 
232 518 
232 258 
232 109 
232 569 
232 35 
232 333 
232 68 
232 485 
232 475 
232 315 
232 436 
232 363 
232 483 
232 422 
232 137 
232 1 
232 379 
232 20 
232 387 
232 352 
232 157 
232 426 
232 536 
232 441 
233 541 
233 481 
233 513 
233 511 
233 266 
233 316 
233 152 
233 403 
233 582 
233 313 
233 98 
233 111 
233 494 
233 435 
233 107 
233 350 
233 218 
233 105 
233 576 
233 433 
233 400 
233 416 
233 34 
233 399 
233 273 
233 473 
233 280 
233 336 
233 409 
233 317 
233 303 
233 361 
233 288 
233 172 
233 275 
233 151 
233 429 
233 365 
233 231 
233 310 
233 322 
233 525 
233 256 
233 7 
233 552 
233 51 
233 238 
233 344 
233 415 
233 563 
233 379 
233 1 
233 290 
233 133 
233 134 
233 99 
233 175 
233 560 
233 482 
233 234 
233 200 
233 366 
233 139 
233 80 
233 534 
233 492 
233 386 
233 504 
233 257 
233 24 
233 572 
233 423 
233 239 
233 477 
233 583 
233 496 
233 168 
233 47 
233 438 
233 348 
233 182 
233 199 
233 478 
233 115 
233 271 
233 253 
233 549 
233 131 
233 328 
233 372 
233 395 
233 192 
233 165 
233 418 
233 86 
233 589 
233 8 
233 202 
233 96 
233 530 
233 226 
233 128 
233 92 
233 451 
233 142 
233 248 
233 505 
233 431 
233 157 
233 444 
233 472 
233 305 
233 45 
233 287 
233 459 
233 557 
233 164 
233 0 
233 353 
233 585 
233 367 
233 167 
233 499 
233 37 
233 299 
233 419 
233 186 
233 546 
233 376 
233 339 
233 315 
233 258 
233 337 
233 145 
233 166 
233 347 
233 163 
233 262 
233 39 
233 18 
233 144 
233 120 
233 66 
233 592 
233 204 
233 129 
233 388 
233 206 
233 263 
233 56 
233 281 
233 211 
233 286 
233 587 
233 220 
233 217 
233 422 
233 434 
233 193 
233 65 
233 143 
233 153 
233 2 
233 411 
233 421 
233 190 
233 77 
233 209 
233 404 
233 26 
233 377 
233 42 
233 277 
233 520 
233 121 
233 113 
233 474 
233 100 
233 326 
233 354 
233 440 
233 126 
233 194 
234 587 
234 248 
234 438 
234 440 
234 132 
234 449 
234 466 
234 187 
234 448 
234 417 
234 354 
234 184 
234 433 
234 41 
234 271 
234 22 
234 189 
234 163 
234 121 
234 446 
234 272 
234 59 
234 494 
234 278 
234 468 
234 455 
234 286 
234 529 
234 319 
234 315 
234 353 
234 381 
234 140 
234 550 
234 532 
234 470 
234 375 
234 516 
234 444 
234 0 
234 436 
234 236 
234 445 
234 131 
234 114 
234 74 
234 486 
234 77 
234 229 
234 130 
234 412 
234 233 
234 139 
234 425 
234 157 
234 338 
234 255 
234 356 
234 127 
234 274 
234 312 
234 505 
234 531 
234 358 
234 554 
234 324 
234 463 
234 216 
234 472 
234 42 
234 133 
234 432 
234 522 
234 243 
234 108 
234 495 
234 460 
234 465 
234 219 
234 63 
234 147 
234 423 
234 214 
234 102 
234 21 
234 193 
234 218 
234 585 
234 109 
234 241 
234 237 
234 188 
234 333 
234 99 
234 57 
234 177 
234 575 
234 443 
234 548 
234 415 
234 231 
234 282 
234 582 
234 420 
234 504 
234 201 
234 105 
234 555 
234 169 
234 298 
234 20 
234 345 
234 447 
234 386 
234 309 
234 390 
234 429 
234 279 
234 95 
234 536 
234 374 
234 456 
234 38 
234 336 
234 508 
234 584 
234 91 
234 507 
234 26 
234 560 
234 342 
234 580 
234 78 
234 348 
234 179 
234 363 
234 569 
234 439 
234 491 
234 556 
234 159 
234 501 
234 30 
234 232 
234 268 
234 84 
234 205 
234 252 
234 535 
234 50 
234 262 
234 124 
234 92 
234 221 
234 206 
234 293 
234 79 
234 322 
234 200 
234 264 
234 380 
234 276 
234 273 
234 158 
234 335 
234 430 
234 183 
234 55 
234 253 
234 123 
235 333 
235 239 
235 388 
235 156 
235 342 
235 486 
235 100 
235 492 
235 436 
235 393 
235 433 
235 139 
235 197 
235 109 
235 280 
235 355 
235 158 
235 505 
235 193 
235 243 
235 211 
235 157 
235 54 
235 276 
235 29 
235 65 
235 47 
235 21 
235 207 
235 68 
235 506 
235 445 
235 572 
235 321 
235 396 
235 558 
235 553 
235 84 
235 8 
235 568 
235 140 
235 412 
235 242 
235 377 
235 353 
235 217 
235 332 
235 356 
235 232 
235 564 
235 245 
235 213 
235 443 
235 567 
235 159 
235 555 
235 467 
235 329 
235 36 
235 407 
235 417 
235 215 
235 420 
235 411 
235 551 
235 351 
235 589 
235 18 
235 350 
235 360 
235 77 
235 278 
235 516 
235 592 
235 389 
235 263 
235 422 
235 152 
235 150 
235 16 
235 176 
235 40 
235 545 
235 43 
235 34 
235 49 
235 9 
235 123 
235 153 
235 116 
235 130 
235 268 
235 254 
235 476 
235 334 
235 127 
235 310 
235 73 
235 502 
235 548 
235 97 
235 227 
235 364 
235 473 
235 271 
235 192 
235 14 
235 297 
235 59 
235 209 
235 324 
235 317 
235 58 
235 437 
235 301 
235 190 
235 163 
235 165 
235 167 
235 60 
235 210 
235 204 
235 391 
235 236 
235 534 
235 440 
235 468 
235 56 
235 532 
235 341 
235 275 
235 424 
235 288 
235 249 
235 214 
235 464 
235 64 
235 509 
235 122 
235 370 
235 529 
235 175 
235 409 
235 453 
235 544 
235 327 
235 379 
235 61 
235 331 
235 252 
235 57 
235 523 
235 6 
235 132 
235 241 
235 392 
235 264 
235 281 
235 303 
235 562 
235 575 
235 41 
235 470 
235 300 
235 569 
235 292 
235 418 
235 588 
235 581 
235 279 
235 410 
236 16 
236 165 
236 114 
236 510 
236 520 
236 427 
236 221 
236 170 
236 130 
236 323 
236 34 
236 226 
236 507 
236 40 
236 345 
236 71 
236 334 
236 88 
236 242 
236 338 
236 98 
236 502 
236 13 
236 350 
236 557 
236 482 
236 70 
236 283 
236 104 
236 135 
236 383 
236 542 
236 423 
236 181 
236 89 
236 84 
236 93 
236 403 
236 495 
236 563 
236 347 
236 42 
236 418 
236 531 
236 476 
236 438 
236 115 
236 143 
236 255 
236 518 
236 141 
236 234 
236 30 
236 271 
236 129 
236 454 
236 521 
236 434 
236 393 
236 416 
236 182 
236 186 
236 552 
236 197 
236 572 
236 580 
236 442 
236 446 
236 239 
236 533 
236 444 
236 415 
236 455 
236 44 
236 485 
236 414 
236 342 
236 303 
236 280 
236 422 
236 96 
236 279 
236 566 
236 125 
236 546 
236 43 
236 171 
236 500 
236 525 
236 163 
236 198 
236 46 
236 549 
236 368 
236 250 
236 470 
236 39 
236 202 
236 333 
236 478 
236 346 
236 190 
236 528 
236 194 
236 532 
236 539 
236 550 
236 322 
236 18 
236 290 
236 149 
236 309 
236 357 
236 274 
236 428 
236 331 
236 28 
236 380 
236 228 
236 146 
236 467 
236 310 
236 497 
236 243 
236 445 
236 480 
236 387 
236 477 
236 337 
236 235 
236 238 
236 207 
236 425 
236 45 
236 435 
236 355 
236 370 
236 281 
236 293 
236 178 
236 364 
236 219 
236 508 
236 127 
236 356 
236 381 
236 138 
236 344 
236 305 
236 25 
236 294 
236 535 
236 308 
236 87 
236 41 
236 473 
236 573 
236 402 
236 95 
236 230 
236 183 
236 475 
236 245 
236 391 
236 538 
236 570 
236 341 
236 263 
236 588 
236 565 
236 91 
236 204 
236 73 
237 213 
237 509 
237 15 
237 400 
237 10 
237 558 
237 555 
237 126 
237 214 
237 422 
237 145 
237 362 
237 158 
237 17 
237 212 
237 198 
237 507 
237 405 
237 172 
237 77 
237 327 
237 183 
237 107 
237 277 
237 358 
237 135 
237 195 
237 48 
237 23 
237 146 
237 537 
237 283 
237 70 
237 510 
237 202 
237 207 
237 42 
237 268 
237 225 
237 257 
237 258 
237 516 
237 434 
237 517 
237 512 
237 315 
237 1 
237 147 
237 410 
237 229 
237 312 
237 247 
237 518 
237 348 
237 408 
237 382 
237 127 
237 56 
237 587 
237 580 
237 459 
237 201 
237 178 
237 336 
237 179 
237 118 
237 321 
237 357 
237 317 
237 100 
237 131 
237 49 
237 339 
237 354 
237 246 
237 562 
237 331 
237 72 
237 549 
237 151 
237 44 
237 91 
237 285 
237 75 
237 347 
237 428 
237 372 
237 311 
237 371 
237 215 
237 248 
237 547 
237 41 
237 93 
237 168 
237 139 
237 234 
237 36 
237 191 
237 495 
237 442 
237 307 
237 305 
237 45 
237 37 
237 140 
237 270 
237 173 
237 278 
237 440 
237 261 
237 256 
237 282 
237 473 
237 47 
237 337 
237 525 
237 199 
237 290 
237 326 
237 418 
237 508 
237 129 
237 132 
237 13 
237 346 
237 431 
237 351 
237 43 
237 561 
237 472 
237 292 
237 63 
237 130 
237 492 
237 523 
237 218 
237 452 
237 488 
237 402 
237 300 
237 551 
237 169 
237 11 
237 467 
237 206 
237 397 
237 156 
237 306 
237 497 
237 51 
237 572 
237 316 
237 152 
237 35 
237 21 
237 437 
237 272 
237 85 
237 273 
237 532 
237 564 
237 436 
237 590 
237 182 
237 205 
237 393 
237 26 
237 31 
237 266 
237 444 
237 465 
237 188 
237 264 
237 122 
238 510 
238 552 
238 450 
238 151 
238 318 
238 56 
238 451 
238 31 
238 45 
238 79 
238 509 
238 348 
238 34 
238 39 
238 404 
238 197 
238 240 
238 565 
238 42 
238 298 
238 344 
238 506 
238 360 
238 104 
238 140 
238 538 
238 462 
238 285 
238 321 
238 317 
238 10 
238 127 
238 157 
238 245 
238 90 
238 405 
238 270 
238 85 
238 333 
238 246 
238 109 
238 67 
238 177 
238 503 
238 521 
238 69 
238 201 
238 23 
238 233 
238 166 
238 37 
238 352 
238 121 
238 27 
238 152 
238 511 
238 315 
238 586 
238 232 
238 143 
238 499 
238 421 
238 346 
238 271 
238 489 
238 53 
238 278 
238 460 
238 328 
238 261 
238 461 
238 581 
238 286 
238 430 
238 410 
238 135 
238 250 
238 119 
238 28 
238 0 
238 255 
238 96 
238 116 
238 263 
238 300 
238 43 
238 35 
238 351 
238 458 
238 362 
238 316 
238 583 
238 294 
238 183 
238 51 
238 244 
238 416 
238 219 
238 553 
238 390 
238 502 
238 252 
238 13 
238 384 
238 518 
238 301 
238 47 
238 175 
238 500 
238 91 
238 257 
238 8 
238 555 
238 122 
238 165 
238 142 
238 382 
238 546 
238 99 
238 287 
238 358 
238 181 
238 398 
238 80 
238 280 
238 160 
238 471 
238 269 
238 97 
238 544 
238 276 
238 465 
238 432 
238 452 
238 579 
238 402 
238 73 
238 420 
238 548 
238 193 
238 463 
238 520 
238 291 
238 306 
238 207 
238 449 
238 147 
238 236 
238 144 
238 292 
238 299 
238 592 
238 178 
238 508 
238 310 
238 295 
238 5 
238 123 
238 342 
238 563 
238 277 
238 256 
238 422 
238 290 
238 439 
238 374 
238 350 
238 20 
238 206 
238 320 
238 82 
238 162 
238 218 
238 84 
238 289 
238 475 
238 36 
238 542 
238 129 
238 561 
238 200 
238 447 
238 536 
238 83 
238 224 
238 59 
238 414 
238 305 
238 198 
238 585 
238 7 
238 221 
238 591 
238 209 
238 115 
238 470 
238 424 
238 288 
238 89 
238 284 
238 150 
238 380 
238 133 
238 549 
239 432 
239 379 
239 235 
239 299 
239 170 
239 380 
239 120 
239 440 
239 402 
239 64 
239 97 
239 553 
239 262 
239 421 
239 559 
239 469 
239 126 
239 346 
239 574 
239 527 
239 122 
239 452 
239 420 
239 412 
239 493 
239 317 
239 15 
239 498 
239 438 
239 523 
239 226 
239 563 
239 68 
239 442 
239 268 
239 331 
239 53 
239 144 
239 91 
239 419 
239 42 
239 522 
239 174 
239 335 
239 404 
239 242 
239 480 
239 399 
239 107 
239 554 
239 403 
239 352 
239 173 
239 210 
239 531 
239 373 
239 26 
239 447 
239 88 
239 261 
239 233 
239 236 
239 277 
239 342 
239 77 
239 49 
239 348 
239 65 
239 118 
239 337 
239 521 
239 223 
239 405 
239 154 
239 592 
239 211 
239 270 
239 495 
239 266 
239 468 
239 165 
239 395 
239 311 
239 171 
239 36 
239 457 
239 461 
239 208 
239 289 
239 336 
239 409 
239 273 
239 423 
239 100 
239 206 
239 160 
239 56 
239 224 
239 136 
239 95 
239 240 
239 508 
239 509 
239 40 
239 583 
239 186 
239 448 
239 9 
239 60 
239 89 
239 229 
239 492 
239 296 
239 145 
239 550 
239 300 
239 194 
239 108 
239 398 
239 3 
239 549 
239 272 
239 381 
239 565 
239 497 
239 378 
239 389 
239 308 
239 453 
239 71 
239 285 
239 576 
239 172 
239 109 
239 258 
239 425 
239 364 
239 19 
239 175 
239 502 
239 32 
239 218 
239 510 
239 187 
239 319 
239 61 
239 96 
239 413 
239 400 
239 552 
239 445 
239 332 
239 324 
239 486 
239 101 
239 580 
239 455 
239 222 
239 548 
239 431 
239 333 
239 161 
239 137 
239 391 
239 298 
239 243 
239 112 
239 257 
239 479 
239 540 
239 155 
239 481 
239 428 
239 74 
239 159 
239 200 
239 153 
239 372 
239 517 
239 28 
239 316 
239 365 
239 92 
239 291 
239 556 
239 307 
239 151 
240 292 
240 175 
240 142 
240 254 
240 40 
240 357 
240 322 
240 279 
240 535 
240 316 
240 238 
240 247 
240 88 
240 195 
240 33 
240 464 
240 318 
240 105 
240 86 
240 151 
240 549 
240 178 
240 414 
240 168 
240 569 
240 329 
240 461 
240 126 
240 552 
240 114 
240 514 
240 159 
240 472 
240 59 
240 158 
240 522 
240 62 
240 211 
240 129 
240 404 
240 270 
240 330 
240 383 
240 75 
240 208 
240 356 
240 359 
240 340 
240 9 
240 462 
240 591 
240 405 
240 417 
240 70 
240 115 
240 0 
240 141 
240 37 
240 372 
240 407 
240 421 
240 465 
240 586 
240 529 
240 297 
240 226 
240 406 
240 207 
240 242 
240 450 
240 192 
240 440 
240 160 
240 217 
240 397 
240 165 
240 477 
240 391 
240 3 
240 187 
240 81 
240 87 
240 579 
240 328 
240 364 
240 222 
240 136 
240 376 
240 394 
240 177 
240 556 
240 300 
240 91 
240 150 
240 61 
240 369 
240 103 
240 189 
240 239 
240 146 
240 466 
240 571 
240 536 
240 564 
240 92 
240 155 
240 307 
240 218 
240 94 
240 443 
240 123 
240 25 
240 475 
240 124 
240 264 
240 498 
240 122 
240 366 
240 312 
240 248 
240 381 
240 512 
240 502 
240 213 
240 530 
240 487 
240 573 
240 27 
240 459 
240 480 
240 298 
240 212 
240 107 
240 581 
240 202 
240 139 
240 588 
240 118 
240 268 
240 458 
240 325 
240 590 
240 85 
240 539 
240 562 
240 220 
240 135 
240 471 
240 272 
240 377 
240 331 
240 550 
240 306 
240 510 
240 281 
240 543 
240 413 
240 493 
240 470 
240 215 
240 439 
240 278 
240 200 
240 515 
240 496 
240 422 
240 12 
240 143 
240 517 
240 592 
240 30 
240 64 
240 49 
240 293 
240 389 
240 32 
240 351 
240 262 
240 183 
240 313 
240 125 
240 456 
241 451 
241 519 
241 214 
241 119 
241 111 
241 359 
241 496 
241 73 
241 405 
241 185 
241 417 
241 252 
241 356 
241 422 
241 228 
241 380 
241 183 
241 80 
241 112 
241 16 
241 174 
241 96 
241 583 
241 261 
241 158 
241 231 
241 565 
241 287 
241 166 
241 199 
241 348 
241 382 
241 402 
241 44 
241 36 
241 381 
241 400 
241 551 
241 561 
241 437 
241 76 
241 489 
241 420 
241 322 
241 173 
241 203 
241 227 
241 59 
241 416 
241 511 
241 22 
241 224 
241 323 
241 556 
241 585 
241 576 
241 98 
241 300 
241 192 
241 189 
241 217 
241 469 
241 254 
241 550 
241 571 
241 14 
241 558 
241 454 
241 28 
241 379 
241 461 
241 190 
241 104 
241 305 
241 581 
241 32 
241 504 
241 260 
241 197 
241 507 
241 4 
241 372 
241 483 
241 49 
241 333 
241 38 
241 234 
241 392 
241 24 
241 343 
241 37 
241 171 
241 510 
241 93 
241 465 
241 553 
241 423 
241 339 
241 319 
241 5 
241 147 
241 311 
241 106 
241 386 
241 473 
241 291 
241 474 
241 444 
241 522 
241 89 
241 6 
241 213 
241 67 
241 108 
241 535 
241 570 
241 327 
241 186 
241 337 
241 229 
241 99 
241 69 
241 17 
241 161 
241 149 
241 543 
241 506 
241 152 
241 285 
241 272 
241 188 
241 334 
241 539 
241 499 
241 456 
241 18 
241 403 
241 482 
241 181 
241 390 
241 554 
241 338 
241 154 
241 41 
241 19 
241 591 
241 320 
241 368 
241 404 
241 56 
241 476 
241 376 
241 225 
241 94 
241 569 
241 463 
241 505 
241 270 
241 289 
241 442 
241 395 
241 235 
241 288 
241 369 
241 200 
241 544 
241 255 
241 167 
241 293 
241 170 
241 11 
241 532 
241 421 
241 278 
241 286 
241 15 
241 244 
241 342 
241 399 
242 477 
242 351 
242 385 
242 217 
242 455 
242 156 
242 173 
242 168 
242 317 
242 319 
242 545 
242 307 
242 62 
242 236 
242 243 
242 463 
242 444 
242 18 
242 159 
242 577 
242 449 
242 542 
242 424 
242 57 
242 418 
242 350 
242 374 
242 88 
242 537 
242 388 
242 75 
242 413 
242 1 
242 469 
242 94 
242 461 
242 396 
242 314 
242 127 
242 269 
242 215 
242 565 
242 475 
242 588 
242 112 
242 119 
242 172 
242 8 
242 366 
242 180 
242 532 
242 592 
242 397 
242 552 
242 235 
242 7 
242 102 
242 411 
242 472 
242 43 
242 239 
242 501 
242 305 
242 581 
242 465 
242 573 
242 267 
242 69 
242 41 
242 393 
242 153 
242 462 
242 496 
242 306 
242 65 
242 547 
242 80 
242 23 
242 473 
242 406 
242 442 
242 74 
242 436 
242 133 
242 454 
242 562 
242 83 
242 59 
242 16 
242 482 
242 81 
242 244 
242 371 
242 222 
242 240 
242 161 
242 97 
242 54 
242 313 
242 538 
242 169 
242 227 
242 466 
242 64 
242 569 
242 373 
242 246 
242 468 
242 24 
242 372 
242 511 
242 357 
242 561 
242 522 
242 343 
242 220 
242 285 
242 451 
242 342 
242 52 
242 308 
242 177 
242 521 
242 365 
242 359 
242 384 
242 346 
242 72 
242 590 
242 298 
242 583 
242 58 
242 255 
242 187 
242 136 
242 302 
242 564 
242 25 
242 47 
242 304 
242 554 
242 152 
242 310 
242 199 
242 3 
242 579 
242 138 
242 186 
242 140 
242 296 
242 167 
242 39 
242 586 
242 484 
242 435 
242 512 
242 412 
242 128 
242 474 
242 98 
242 471 
242 147 
242 178 
242 104 
242 336 
242 485 
242 427 
242 162 
242 46 
242 171 
242 135 
242 345 
242 230 
242 5 
242 493 
242 17 
242 274 
242 257 
242 570 
242 587 
242 479 
242 280 
243 225 
243 11 
243 38 
243 491 
243 248 
243 42 
243 419 
243 138 
243 183 
243 293 
243 242 
243 390 
243 546 
243 412 
243 295 
243 290 
243 77 
243 498 
243 339 
243 500 
243 235 
243 464 
243 488 
243 523 
243 536 
243 193 
243 382 
243 589 
243 499 
243 417 
243 476 
243 146 
243 430 
243 335 
243 111 
243 481 
243 191 
243 300 
243 258 
243 331 
243 501 
243 433 
243 308 
243 587 
243 569 
243 343 
243 469 
243 209 
243 435 
243 565 
243 151 
243 539 
243 90 
243 135 
243 17 
243 592 
243 221 
243 263 
243 312 
243 446 
243 452 
243 234 
243 409 
243 468 
243 583 
243 582 
243 453 
243 224 
243 5 
243 376 
243 426 
243 555 
243 356 
243 303 
243 215 
243 294 
243 24 
243 168 
243 314 
243 14 
243 518 
243 145 
243 440 
243 214 
243 305 
243 165 
243 213 
243 262 
243 283 
243 525 
243 265 
243 522 
243 345 
243 232 
243 278 
243 32 
243 35 
243 286 
243 477 
243 71 
243 44 
243 467 
243 276 
243 515 
243 69 
243 537 
243 37 
243 155 
243 83 
243 284 
243 256 
243 87 
243 47 
243 125 
243 434 
243 236 
243 367 
243 321 
243 136 
243 542 
243 330 
243 223 
243 185 
243 23 
243 156 
243 383 
243 318 
243 148 
243 416 
243 570 
243 179 
243 121 
243 78 
243 74 
243 231 
243 292 
243 173 
243 212 
243 534 
243 449 
243 18 
243 302 
243 401 
243 287 
243 340 
243 91 
243 94 
243 129 
243 29 
243 590 
243 103 
243 349 
243 43 
243 381 
243 397 
243 177 
243 239 
243 53 
243 187 
243 282 
243 338 
243 423 
243 540 
243 471 
243 310 
243 519 
244 85 
244 246 
244 34 
244 464 
244 123 
244 533 
244 580 
244 11 
244 377 
244 559 
244 382 
244 45 
244 493 
244 30 
244 386 
244 12 
244 137 
244 126 
244 560 
244 539 
244 150 
244 216 
244 199 
244 431 
244 162 
244 10 
244 395 
244 51 
244 385 
244 468 
244 472 
244 307 
244 98 
244 441 
244 103 
244 14 
244 140 
244 440 
244 481 
244 269 
244 428 
244 345 
244 251 
244 465 
244 6 
244 33 
244 117 
244 405 
244 349 
244 21 
244 576 
244 514 
244 550 
244 220 
244 116 
244 584 
244 547 
244 72 
244 78 
244 271 
244 211 
244 86 
244 403 
244 467 
244 2 
244 242 
244 121 
244 131 
244 79 
244 238 
244 375 
244 565 
244 507 
244 575 
244 518 
244 166 
244 254 
244 453 
244 32 
244 516 
244 451 
244 292 
244 335 
244 119 
244 591 
244 54 
244 13 
244 127 
244 203 
244 495 
244 548 
244 143 
244 578 
244 466 
244 276 
244 588 
244 277 
244 484 
244 142 
244 164 
244 505 
244 65 
244 571 
244 485 
244 272 
244 351 
244 177 
244 494 
244 205 
244 151 
244 42 
244 221 
244 53 
244 569 
244 455 
244 94 
244 68 
244 22 
244 258 
244 139 
244 146 
244 92 
244 413 
244 423 
244 541 
244 141 
244 160 
244 23 
244 89 
244 432 
244 219 
244 301 
244 546 
244 532 
244 568 
244 201 
244 49 
244 390 
244 27 
244 331 
244 136 
244 70 
244 367 
244 114 
244 444 
244 561 
244 217 
244 156 
244 498 
244 181 
244 356 
244 214 
244 128 
244 391 
244 159 
244 563 
244 171 
244 241 
244 109 
244 261 
244 101 
244 284 
244 348 
245 566 
245 370 
245 88 
245 142 
245 176 
245 434 
245 308 
245 127 
245 166 
245 431 
245 175 
245 220 
245 268 
245 337 
245 357 
245 230 
245 315 
245 190 
245 354 
245 32 
245 402 
245 291 
245 461 
245 285 
245 362 
245 280 
245 141 
245 43 
245 238 
245 36 
245 80 
245 336 
245 346 
245 324 
245 151 
245 287 
245 143 
245 420 
245 270 
245 298 
245 44 
245 591 
245 541 
245 464 
245 487 
245 378 
245 104 
245 37 
245 430 
245 180 
245 110 
245 269 
245 439 
245 538 
245 365 
245 575 
245 460 
245 396 
245 410 
245 320 
245 574 
245 200 
245 588 
245 183 
245 358 
245 264 
245 145 
245 544 
245 363 
245 235 
245 406 
245 210 
245 33 
245 106 
245 283 
245 525 
245 266 
245 571 
245 207 
245 229 
245 218 
245 450 
245 549 
245 530 
245 343 
245 568 
245 581 
245 355 
245 299 
245 476 
245 391 
245 576 
245 388 
245 92 
245 60 
245 75 
245 223 
245 100 
245 203 
245 339 
245 494 
245 361 
245 109 
245 177 
245 138 
245 103 
245 562 
245 412 
245 524 
245 433 
245 197 
245 120 
245 553 
245 520 
245 56 
245 35 
245 18 
245 23 
245 418 
245 352 
245 455 
245 421 
245 144 
245 262 
245 448 
245 30 
245 221 
245 445 
245 65 
245 108 
245 263 
245 10 
245 19 
245 484 
245 394 
245 326 
245 124 
245 316 
245 389 
245 11 
245 536 
245 296 
245 79 
245 582 
245 443 
245 150 
245 338 
245 46 
245 392 
245 424 
245 552 
245 527 
245 236 
245 335 
245 136 
245 327 
245 292 
245 196 
245 583 
245 2 
245 281 
245 437 
246 244 
246 88 
246 198 
246 559 
246 589 
246 500 
246 517 
246 523 
246 105 
246 475 
246 307 
246 300 
246 40 
246 442 
246 87 
246 498 
246 21 
246 125 
246 486 
246 530 
246 58 
246 31 
246 156 
246 571 
246 490 
246 516 
246 173 
246 574 
246 45 
246 249 
246 331 
246 272 
246 98 
246 448 
246 61 
246 60 
246 355 
246 114 
246 124 
246 321 
246 238 
246 1 
246 391 
246 135 
246 163 
246 200 
246 438 
246 162 
246 548 
246 104 
246 330 
246 521 
246 18 
246 231 
246 367 
246 368 
246 253 
246 315 
246 71 
246 544 
246 399 
246 138 
246 507 
246 280 
246 108 
246 565 
246 115 
246 580 
246 68 
246 266 
246 237 
246 197 
246 403 
246 591 
246 191 
246 431 
246 460 
246 275 
246 465 
246 27 
246 534 
246 47 
246 57 
246 354 
246 466 
246 128 
246 103 
246 457 
246 298 
246 242 
246 182 
246 346 
246 385 
246 278 
246 554 
246 371 
246 510 
246 380 
246 20 
246 120 
246 341 
246 526 
246 267 
246 122 
246 76 
246 455 
246 452 
246 375 
246 450 
246 483 
246 78 
246 227 
246 470 
246 576 
246 49 
246 441 
246 284 
246 126 
246 320 
246 339 
246 495 
246 350 
246 458 
246 553 
246 393 
246 212 
246 287 
246 92 
246 25 
246 225 
246 579 
246 489 
246 22 
246 531 
246 337 
246 54 
246 9 
246 352 
246 519 
246 255 
246 187 
246 257 
246 301 
246 588 
246 75 
246 563 
246 62 
246 556 
246 164 
246 358 
246 285 
246 435 
246 406 
246 485 
246 99 
246 562 
246 89 
246 176 
246 171 
246 429 
246 32 
246 564 
246 446 
246 39 
246 407 
246 73 
246 79 
246 487 
246 506 
246 570 
246 529 
246 219 
246 522 
246 6 
246 394 
246 148 
246 263 
246 382 
246 509 
246 305 
246 299 
246 30 
246 13 
247 544 
247 501 
247 19 
247 419 
247 32 
247 417 
247 75 
247 433 
247 261 
247 68 
247 289 
247 210 
247 50 
247 435 
247 403 
247 72 
247 74 
247 531 
247 213 
247 240 
247 120 
247 389 
247 454 
247 20 
247 124 
247 207 
247 381 
247 24 
247 569 
247 528 
247 346 
247 503 
247 391 
247 441 
247 365 
247 209 
247 161 
247 47 
247 158 
247 337 
247 125 
247 172 
247 110 
247 180 
247 156 
247 425 
247 465 
247 431 
247 264 
247 44 
247 237 
247 319 
247 521 
247 571 
247 582 
247 183 
247 284 
247 327 
247 553 
247 70 
247 102 
247 57 
247 422 
247 514 
247 61 
247 418 
247 115 
247 224 
247 577 
247 6 
247 347 
247 348 
247 397 
247 339 
247 312 
247 375 
247 18 
247 342 
247 570 
247 134 
247 280 
247 106 
247 67 
247 96 
247 173 
247 164 
247 470 
247 493 
247 116 
247 513 
247 28 
247 90 
247 302 
247 196 
247 128 
247 491 
247 478 
247 99 
247 179 
247 563 
247 591 
247 402 
247 270 
247 453 
247 1 
247 440 
247 301 
247 10 
247 333 
247 84 
247 8 
247 507 
247 197 
247 37 
247 191 
247 256 
247 532 
247 504 
247 168 
247 278 
247 272 
247 354 
247 226 
247 199 
247 395 
247 573 
247 268 
247 220 
247 372 
247 87 
247 15 
247 60 
247 89 
247 462 
247 318 
247 328 
247 349 
247 119 
247 229 
247 519 
247 103 
247 378 
247 387 
247 33 
247 566 
247 201 
247 307 
247 69 
247 377 
247 500 
247 498 
247 540 
247 443 
247 169 
247 107 
247 432 
247 118 
247 394 
247 446 
247 40 
247 483 
247 286 
247 129 
247 340 
247 12 
247 384 
247 23 
247 427 
247 277 
247 588 
247 592 
247 568 
247 291 
247 221 
247 167 
247 298 
247 222 
247 524 
247 82 
247 140 
247 160 
247 281 
247 369 
247 126 
247 452 
247 98 
247 331 
247 329 
248 547 
248 234 
248 447 
248 243 
248 528 
248 262 
248 199 
248 103 
248 25 
248 419 
248 347 
248 581 
248 67 
248 489 
248 293 
248 163 
248 121 
248 44 
248 216 
248 224 
248 42 
248 401 
248 577 
248 516 
248 8 
248 571 
248 58 
248 530 
248 276 
248 336 
248 468 
248 484 
248 74 
248 72 
248 442 
248 106 
248 309 
248 315 
248 388 
248 493 
248 178 
248 456 
248 9 
248 280 
248 104 
248 86 
248 563 
248 362 
248 552 
248 470 
248 445 
248 81 
248 546 
248 520 
248 400 
248 53 
248 143 
248 385 
248 127 
248 328 
248 135 
248 232 
248 322 
248 180 
248 191 
248 168 
248 175 
248 109 
248 50 
248 496 
248 418 
248 83 
248 356 
248 499 
248 497 
248 429 
248 426 
248 592 
248 351 
248 186 
248 461 
248 190 
248 482 
248 1 
248 382 
248 140 
248 391 
248 464 
248 119 
248 12 
248 377 
248 65 
248 10 
248 258 
248 294 
248 148 
248 572 
248 360 
248 567 
248 275 
248 286 
248 292 
248 237 
248 172 
248 19 
248 171 
248 568 
248 88 
248 4 
248 38 
248 460 
248 176 
248 217 
248 519 
248 196 
248 329 
248 21 
248 107 
248 233 
248 481 
248 337 
248 274 
248 424 
248 41 
248 54 
248 214 
248 543 
248 302 
248 169 
248 61 
248 553 
248 30 
248 141 
248 539 
248 449 
248 20 
248 462 
248 71 
248 97 
248 415 
248 256 
248 591 
248 454 
248 383 
248 367 
248 421 
248 475 
248 240 
248 182 
248 565 
248 304 
248 145 
248 379 
248 279 
248 333 
248 428 
248 268 
248 283 
248 116 
248 296 
248 29 
248 194 
248 139 
248 583 
248 365 
248 209 
248 207 
248 345 
248 78 
248 227 
248 521 
248 523 
248 153 
248 545 
248 503 
248 514 
248 100 
248 316 
248 394 
248 206 
248 465 
248 132 
248 7 
248 534 
248 281 
248 16 
248 359 
248 407 
248 159 
248 125 
248 335 
248 200 
248 266 
248 389 
248 466 
248 284 
248 231 
248 368 
248 306 
248 417 
248 124 
248 384 
248 502 
248 518 
248 330 
248 66 
248 450 
248 575 
249 197 
249 280 
249 517 
249 96 
249 335 
249 557 
249 483 
249 288 
249 368 
249 173 
249 182 
249 207 
249 166 
249 80 
249 74 
249 549 
249 588 
249 146 
249 246 
249 147 
249 552 
249 415 
249 423 
249 325 
249 418 
249 505 
249 587 
249 515 
249 124 
249 347 
249 318 
249 271 
249 486 
249 281 
249 546 
249 479 
249 200 
249 519 
249 26 
249 122 
249 516 
249 438 
249 21 
249 282 
249 424 
249 151 
249 568 
249 72 
249 284 
249 89 
249 553 
249 370 
249 83 
249 98 
249 92 
249 388 
249 230 
249 157 
249 323 
249 586 
249 550 
249 38 
249 377 
249 481 
249 429 
249 334 
249 90 
249 291 
249 392 
249 542 
249 231 
249 212 
249 254 
249 514 
249 185 
249 405 
249 69 
249 532 
249 61 
249 81 
249 110 
249 356 
249 454 
249 490 
249 154 
249 534 
249 461 
249 513 
249 378 
249 316 
249 216 
249 544 
249 18 
249 562 
249 469 
249 252 
249 134 
249 564 
249 155 
249 174 
249 267 
249 59 
249 379 
249 158 
249 574 
249 123 
249 213 
249 456 
249 371 
249 25 
249 107 
249 554 
249 5 
249 63 
249 125 
249 6 
249 52 
249 186 
249 265 
249 569 
249 263 
249 578 
249 462 
249 365 
249 33 
249 472 
249 531 
249 118 
249 333 
249 285 
249 14 
249 573 
249 539 
249 351 
249 235 
249 445 
249 30 
249 538 
249 389 
249 226 
249 561 
249 99 
249 204 
249 15 
249 364 
249 192 
249 4 
249 341 
249 354 
249 508 
249 143 
249 413 
249 443 
249 86 
249 440 
249 590 
249 322 
249 258 
249 560 
249 437 
249 32 
249 289 
249 337 
249 308 
249 34 
249 286 
249 46 
249 324 
249 458 
249 338 
249 299 
249 449 
249 520 
249 156 
249 287 
249 510 
249 140 
249 29 
249 177 
249 275 
249 398 
249 343 
250 461 
250 192 
250 8 
250 268 
250 453 
250 588 
250 166 
250 119 
250 587 
250 412 
250 211 
250 391 
250 90 
250 363 
250 213 
250 204 
250 161 
250 372 
250 254 
250 207 
250 354 
250 140 
250 477 
250 80 
250 87 
250 156 
250 423 
250 27 
250 334 
250 200 
250 76 
250 522 
250 94 
250 407 
250 292 
250 73 
250 221 
250 175 
250 232 
250 281 
250 29 
250 88 
250 492 
250 341 
250 261 
250 532 
250 370 
250 218 
250 160 
250 149 
250 417 
250 554 
250 529 
250 535 
250 61 
250 298 
250 445 
250 121 
250 342 
250 496 
250 476 
250 274 
250 459 
250 369 
250 527 
250 25 
250 525 
250 439 
250 375 
250 400 
250 238 
250 152 
250 321 
250 364 
250 516 
250 286 
250 520 
250 378 
250 186 
250 47 
250 38 
250 416 
250 92 
250 225 
250 358 
250 101 
250 111 
250 534 
250 236 
250 172 
250 188 
250 262 
250 224 
250 533 
250 373 
250 310 
250 489 
250 357 
250 515 
250 349 
250 450 
250 335 
250 326 
250 14 
250 471 
250 441 
250 573 
250 549 
250 1 
250 362 
250 115 
250 219 
250 356 
250 517 
250 307 
250 198 
250 473 
250 222 
250 136 
250 275 
250 258 
250 191 
250 353 
250 128 
250 96 
250 83 
250 318 
250 531 
250 336 
250 414 
250 457 
250 472 
250 421 
250 185 
250 164 
250 584 
250 479 
250 550 
250 22 
250 251 
250 10 
250 158 
250 408 
250 54 
250 70 
250 209 
250 511 
250 475 
250 295 
250 169 
250 165 
250 523 
250 328 
250 196 
250 253 
250 259 
250 498 
250 255 
250 428 
250 33 
250 575 
250 215 
250 347 
250 485 
250 394 
250 413 
250 284 
250 313 
250 157 
250 345 
250 35 
250 557 
251 23 
251 396 
251 97 
251 416 
251 459 
251 330 
251 136 
251 223 
251 328 
251 366 
251 28 
251 438 
251 388 
251 293 
251 147 
251 186 
251 194 
251 338 
251 377 
251 2 
251 450 
251 184 
251 109 
251 409 
251 195 
251 281 
251 402 
251 489 
251 354 
251 221 
251 191 
251 152 
251 230 
251 98 
251 326 
251 397 
251 569 
251 374 
251 11 
251 308 
251 319 
251 553 
251 244 
251 132 
251 461 
251 135 
251 158 
251 43 
251 261 
251 501 
251 225 
251 412 
251 434 
251 493 
251 267 
251 211 
251 309 
251 408 
251 424 
251 216 
251 52 
251 75 
251 297 
251 149 
251 358 
251 48 
251 504 
251 42 
251 525 
251 165 
251 514 
251 341 
251 355 
251 432 
251 273 
251 490 
251 573 
251 544 
251 262 
251 313 
251 413 
251 214 
251 399 
251 169 
251 334 
251 150 
251 217 
251 541 
251 162 
251 177 
251 530 
251 356 
251 107 
251 49 
251 99 
251 487 
251 182 
251 589 
251 347 
251 126 
251 538 
251 106 
251 35 
251 515 
251 266 
251 524 
251 470 
251 260 
251 469 
251 229 
251 34 
251 209 
251 288 
251 226 
251 139 
251 351 
251 114 
251 134 
251 571 
251 263 
251 259 
251 452 
251 170 
251 257 
251 96 
251 464 
251 81 
251 502 
251 12 
251 59 
251 181 
251 522 
251 590 
251 375 
251 339 
251 174 
251 570 
251 394 
251 66 
251 254 
251 95 
251 343 
251 67 
251 250 
251 482 
251 145 
251 148 
251 291 
251 563 
251 197 
251 180 
251 473 
251 543 
251 372 
251 24 
251 462 
251 13 
251 111 
251 369 
251 46 
251 384 
251 545 
251 324 
251 256 
251 21 
251 329 
251 471 
251 510 
251 164 
251 26 
251 105 
251 187 
251 117 
251 108 
251 401 
251 560 
251 20 
251 506 
251 33 
251 90 
252 126 
252 352 
252 210 
252 136 
252 454 
252 229 
252 445 
252 440 
252 513 
252 357 
252 70 
252 241 
252 565 
252 107 
252 31 
252 224 
252 255 
252 587 
252 406 
252 335 
252 336 
252 546 
252 16 
252 6 
252 483 
252 288 
252 231 
252 363 
252 324 
252 8 
252 394 
252 155 
252 156 
252 391 
252 493 
252 116 
252 491 
252 162 
252 301 
252 50 
252 85 
252 268 
252 282 
252 553 
252 195 
252 110 
252 499 
252 505 
252 260 
252 366 
252 140 
252 101 
252 310 
252 337 
252 29 
252 283 
252 484 
252 172 
252 93 
252 96 
252 346 
252 291 
252 379 
252 504 
252 451 
252 398 
252 576 
252 373 
252 21 
252 171 
252 194 
252 359 
252 531 
252 35 
252 286 
252 2 
252 73 
252 525 
252 202 
252 562 
252 528 
252 19 
252 33 
252 338 
252 392 
252 230 
252 449 
252 461 
252 169 
252 385 
252 238 
252 386 
252 328 
252 444 
252 577 
252 567 
252 293 
252 1 
252 408 
252 213 
252 249 
252 427 
252 350 
252 189 
252 117 
252 532 
252 543 
252 402 
252 424 
252 372 
252 51 
252 7 
252 423 
252 342 
252 176 
252 278 
252 304 
252 276 
252 275 
252 302 
252 267 
252 404 
252 411 
252 477 
252 92 
252 157 
252 82 
252 381 
252 312 
252 487 
252 253 
252 12 
252 387 
252 273 
252 232 
252 339 
252 287 
252 515 
252 132 
252 435 
252 422 
252 86 
252 430 
252 551 
252 131 
252 183 
252 45 
252 109 
252 151 
252 378 
252 20 
252 71 
252 38 
252 225 
252 453 
252 206 
252 334 
252 191 
252 261 
252 294 
252 23 
252 234 
252 460 
252 84 
252 159 
252 456 
252 216 
252 463 
252 235 
252 416 
252 209 
252 59 
252 123 
252 208 
252 542 
252 588 
252 43 
252 482 
252 36 
252 510 
252 279 
252 97 
252 292 
252 88 
252 327 
252 369 
252 154 
252 17 
252 534 
252 74 
252 556 
252 464 
252 377 
252 503 
252 512 
252 153 
253 411 
253 38 
253 107 
253 481 
253 150 
253 84 
253 194 
253 16 
253 123 
253 31 
253 100 
253 275 
253 557 
253 262 
253 18 
253 50 
253 284 
253 188 
253 561 
253 104 
253 83 
253 183 
253 304 
253 392 
253 163 
253 459 
253 533 
253 513 
253 469 
253 566 
253 168 
253 500 
253 209 
253 192 
253 59 
253 224 
253 118 
253 286 
253 33 
253 530 
253 220 
253 502 
253 99 
253 320 
253 390 
253 567 
253 413 
253 182 
253 546 
253 563 
253 246 
253 376 
253 169 
253 230 
253 527 
253 485 
253 554 
253 254 
253 553 
253 445 
253 263 
253 422 
253 519 
253 306 
253 334 
253 405 
253 298 
253 110 
253 170 
253 512 
253 585 
253 208 
253 531 
253 324 
253 375 
253 233 
253 289 
253 186 
253 121 
253 138 
253 79 
253 465 
253 179 
253 562 
253 479 
253 49 
253 207 
253 342 
253 338 
253 397 
253 432 
253 489 
253 442 
253 64 
253 187 
253 178 
253 282 
253 265 
253 404 
253 394 
253 10 
253 225 
253 97 
253 453 
253 129 
253 101 
253 520 
253 451 
253 584 
253 317 
253 264 
253 216 
253 42 
253 534 
253 113 
253 515 
253 521 
253 548 
253 180 
253 252 
253 568 
253 72 
253 109 
253 436 
253 133 
253 181 
253 90 
253 299 
253 258 
253 257 
253 314 
253 285 
253 154 
253 5 
253 406 
253 56 
253 353 
253 475 
253 440 
253 497 
253 9 
253 19 
253 542 
253 418 
253 219 
253 41 
253 333 
253 571 
253 115 
253 91 
253 250 
253 165 
253 185 
253 492 
253 447 
253 147 
253 67 
253 70 
253 88 
253 4 
253 44 
253 423 
253 415 
253 106 
253 452 
253 215 
253 352 
253 535 
253 234 
253 403 
254 303 
254 48 
254 515 
254 489 
254 334 
254 240 
254 476 
254 84 
254 105 
254 403 
254 317 
254 154 
254 277 
254 412 
254 229 
254 314 
254 250 
254 490 
254 500 
254 88 
254 297 
254 523 
254 40 
254 377 
254 531 
254 267 
254 351 
254 413 
254 556 
254 232 
254 478 
254 442 
254 219 
254 63 
254 355 
254 498 
254 467 
254 211 
254 204 
254 307 
254 19 
254 283 
254 591 
254 64 
254 453 
254 364 
254 150 
254 313 
254 173 
254 222 
254 208 
254 354 
254 522 
254 228 
254 338 
254 535 
254 201 
254 562 
254 3 
254 372 
254 567 
254 356 
254 450 
254 140 
254 483 
254 184 
254 164 
254 328 
254 241 
254 94 
254 507 
254 571 
254 253 
254 185 
254 43 
254 83 
254 226 
254 336 
254 435 
254 230 
254 52 
254 199 
254 581 
254 437 
254 41 
254 418 
254 249 
254 407 
254 261 
254 281 
254 345 
254 11 
254 482 
254 268 
254 244 
254 73 
254 578 
254 321 
254 17 
254 529 
254 161 
254 33 
254 223 
254 235 
254 312 
254 42 
254 136 
254 417 
254 385 
254 53 
254 300 
254 517 
254 132 
254 276 
254 570 
254 348 
254 534 
254 404 
254 366 
254 59 
254 79 
254 106 
254 186 
254 438 
254 182 
254 231 
254 536 
254 290 
254 99 
254 251 
254 330 
254 170 
254 526 
254 291 
254 92 
254 322 
254 78 
254 101 
254 463 
254 296 
254 145 
254 516 
254 90 
254 159 
254 436 
254 14 
254 77 
254 47 
254 66 
254 166 
254 270 
254 93 
254 133 
254 574 
254 339 
254 373 
254 335 
254 171 
254 114 
254 520 
254 126 
254 156 
254 26 
254 326 
254 564 
254 380 
254 505 
254 394 
254 559 
254 343 
255 144 
255 403 
255 174 
255 181 
255 221 
255 184 
255 136 
255 128 
255 275 
255 314 
255 101 
255 358 
255 572 
255 95 
255 559 
255 540 
255 92 
255 143 
255 252 
255 222 
255 557 
255 189 
255 138 
255 81 
255 57 
255 437 
255 127 
255 7 
255 404 
255 113 
255 43 
255 331 
255 517 
255 130 
255 114 
255 376 
255 499 
255 321 
255 79 
255 272 
255 229 
255 17 
255 66 
255 464 
255 412 
255 236 
255 536 
255 424 
255 467 
255 454 
255 522 
255 588 
255 73 
255 413 
255 571 
255 372 
255 161 
255 206 
255 234 
255 18 
255 316 
255 542 
255 226 
255 442 
255 422 
255 228 
255 238 
255 50 
255 63 
255 575 
255 70 
255 35 
255 162 
255 329 
255 370 
255 408 
255 436 
255 496 
255 93 
255 273 
255 364 
255 578 
255 102 
255 267 
255 319 
255 27 
255 59 
255 462 
255 458 
255 91 
255 5 
255 67 
255 389 
255 24 
255 365 
255 172 
255 88 
255 262 
255 126 
255 367 
255 163 
255 61 
255 501 
255 432 
255 459 
255 411 
255 434 
255 475 
255 327 
255 491 
255 438 
255 22 
255 418 
255 265 
255 196 
255 188 
255 60 
255 320 
255 492 
255 547 
255 1 
255 242 
255 359 
255 109 
255 468 
255 339 
255 583 
255 65 
255 497 
255 110 
255 282 
255 421 
255 157 
255 524 
255 36 
255 304 
255 185 
255 246 
255 369 
255 220 
255 347 
255 40 
255 97 
255 52 
255 155 
255 225 
255 258 
255 430 
255 402 
255 187 
255 224 
255 183 
255 49 
255 535 
255 328 
255 106 
255 310 
255 115 
255 231 
255 567 
255 429 
255 393 
255 568 
255 349 
255 175 
255 340 
255 555 
255 495 
255 281 
255 250 
255 584 
255 485 
255 69 
255 552 
255 397 
255 348 
255 512 
255 147 
255 322 
255 241 
255 103 
255 48 
255 406 
255 75 
255 466 
255 502 
255 51 
256 5 
256 273 
256 435 
256 227 
256 374 
256 172 
256 434 
256 567 
256 570 
256 144 
256 480 
256 121 
256 60 
256 176 
256 411 
256 327 
256 200 
256 442 
256 370 
256 14 
256 414 
256 173 
256 147 
256 74 
256 298 
256 534 
256 560 
256 165 
256 428 
256 514 
256 105 
256 324 
256 406 
256 260 
256 157 
256 544 
256 233 
256 335 
256 186 
256 53 
256 291 
256 427 
256 31 
256 510 
256 280 
256 119 
256 419 
256 19 
256 562 
256 578 
256 326 
256 421 
256 289 
256 537 
256 80 
256 389 
256 23 
256 468 
256 194 
256 322 
256 211 
256 134 
256 52 
256 208 
256 220 
256 347 
256 117 
256 470 
256 274 
256 269 
256 381 
256 304 
256 413 
256 494 
256 423 
256 569 
256 363 
256 354 
256 197 
256 503 
256 425 
256 191 
256 174 
256 78 
256 416 
256 387 
256 48 
256 106 
256 184 
256 329 
256 148 
256 237 
256 348 
256 155 
256 218 
256 247 
256 164 
256 589 
256 380 
256 405 
256 359 
256 479 
256 336 
256 248 
256 6 
256 371 
256 75 
256 454 
256 492 
256 243 
256 466 
256 127 
256 132 
256 151 
256 582 
256 62 
256 138 
256 139 
256 457 
256 432 
256 295 
256 321 
256 476 
256 342 
256 169 
256 365 
256 214 
256 69 
256 96 
256 91 
256 366 
256 588 
256 270 
256 180 
256 471 
256 238 
256 166 
256 296 
256 182 
256 223 
256 488 
256 485 
256 8 
256 181 
256 156 
256 543 
256 465 
256 399 
256 122 
256 312 
256 558 
256 346 
256 369 
256 377 
256 429 
256 469 
256 439 
256 251 
256 441 
256 538 
256 339 
256 290 
256 532 
256 264 
256 302 
256 271 
256 161 
256 188 
256 557 
256 561 
256 210 
257 217 
257 197 
257 439 
257 512 
257 579 
257 361 
257 573 
257 364 
257 581 
257 141 
257 437 
257 447 
257 448 
257 388 
257 423 
257 552 
257 264 
257 131 
257 148 
257 184 
257 342 
257 354 
257 491 
257 516 
257 201 
257 213 
257 412 
257 577 
257 470 
257 182 
257 38 
257 538 
257 416 
257 366 
257 547 
257 526 
257 237 
257 540 
257 359 
257 223 
257 205 
257 72 
257 121 
257 521 
257 226 
257 477 
257 563 
257 420 
257 161 
257 99 
257 485 
257 101 
257 378 
257 431 
257 75 
257 136 
257 445 
257 17 
257 287 
257 484 
257 203 
257 50 
257 283 
257 543 
257 311 
257 372 
257 362 
257 488 
257 214 
257 269 
257 211 
257 233 
257 465 
257 571 
257 574 
257 154 
257 497 
257 363 
257 96 
257 175 
257 25 
257 432 
257 435 
257 464 
257 333 
257 173 
257 47 
257 426 
257 279 
257 122 
257 389 
257 531 
257 510 
257 564 
257 238 
257 402 
257 40 
257 266 
257 171 
257 566 
257 288 
257 326 
257 459 
257 258 
257 360 
257 52 
257 522 
257 589 
257 505 
257 67 
257 486 
257 12 
257 251 
257 519 
257 393 
257 588 
257 137 
257 382 
257 405 
257 453 
257 438 
257 44 
257 221 
257 151 
257 298 
257 27 
257 318 
257 323 
257 3 
257 585 
257 253 
257 174 
257 42 
257 83 
257 39 
257 116 
257 229 
257 185 
257 406 
257 339 
257 369 
257 246 
257 472 
257 86 
257 427 
257 444 
257 528 
257 308 
257 313 
257 53 
257 127 
257 94 
257 123 
257 0 
257 456 
257 110 
257 395 
257 74 
257 109 
257 272 
257 222 
257 487 
257 68 
257 515 
257 413 
257 337 
257 239 
257 56 
257 55 
257 278 
257 451 
257 280 
257 499 
257 242 
257 336 
257 88 
257 150 
257 334 
257 384 
257 112 
257 167 
257 119 
257 13 
258 33 
258 452 
258 580 
258 476 
258 158 
258 169 
258 486 
258 101 
258 323 
258 490 
258 432 
258 546 
258 68 
258 19 
258 31 
258 429 
258 13 
258 505 
258 393 
258 471 
258 539 
258 149 
258 515 
258 104 
258 259 
258 474 
258 542 
258 237 
258 121 
258 407 
258 287 
258 273 
258 397 
258 274 
258 281 
258 161 
258 377 
258 22 
258 455 
258 442 
258 218 
258 243 
258 216 
258 284 
258 454 
258 480 
258 362 
258 50 
258 383 
258 114 
258 440 
258 451 
258 465 
258 404 
258 16 
258 386 
258 334 
258 150 
258 344 
258 335 
258 105 
258 412 
258 21 
258 552 
258 419 
258 507 
258 522 
258 346 
258 248 
258 401 
258 514 
258 103 
258 415 
258 56 
258 347 
258 304 
258 590 
258 348 
258 102 
258 489 
258 369 
258 411 
258 99 
258 478 
258 17 
258 420 
258 97 
258 29 
258 390 
258 363 
258 374 
258 109 
258 458 
258 508 
258 257 
258 450 
258 106 
258 96 
258 276 
258 558 
258 61 
258 167 
258 544 
258 312 
258 589 
258 83 
258 470 
258 147 
258 499 
258 138 
258 250 
258 529 
258 453 
258 462 
258 408 
258 303 
258 338 
258 291 
258 487 
258 233 
258 148 
258 491 
258 239 
258 86 
258 264 
258 563 
258 206 
258 253 
258 28 
258 166 
258 244 
258 14 
258 132 
258 342 
258 76 
258 510 
258 226 
258 301 
258 91 
258 378 
258 181 
258 373 
258 27 
258 324 
258 530 
258 445 
258 548 
258 255 
258 277 
258 559 
258 364 
258 504 
258 205 
258 88 
258 207 
258 391 
258 380 
258 192 
258 155 
258 232 
258 195 
258 249 
258 113 
258 133 
258 435 
258 584 
258 519 
258 466 
258 350 
258 107 
258 551 
258 2 
258 592 
258 71 
258 424 
258 183 
258 561 
258 503 
258 479 
258 355 
258 185 
258 208 
258 485 
258 293 
258 366 
258 319 
259 277 
259 573 
259 225 
259 309 
259 451 
259 289 
259 350 
259 174 
259 421 
259 188 
259 20 
259 450 
259 407 
259 322 
259 546 
259 0 
259 332 
259 492 
259 379 
259 220 
259 211 
259 371 
259 346 
259 540 
259 126 
259 394 
259 314 
259 347 
259 90 
259 343 
259 258 
259 419 
259 516 
259 152 
259 3 
259 118 
259 339 
259 197 
259 156 
259 559 
259 42 
259 178 
259 316 
259 534 
259 193 
259 491 
259 185 
259 575 
259 328 
259 104 
259 159 
259 582 
259 285 
259 463 
259 39 
259 37 
259 537 
259 418 
259 41 
259 536 
259 13 
259 584 
259 414 
259 377 
259 14 
259 504 
259 555 
259 577 
259 73 
259 336 
259 19 
259 146 
259 262 
259 527 
259 199 
259 209 
259 373 
259 80 
259 488 
259 517 
259 280 
259 121 
259 144 
259 135 
259 113 
259 519 
259 458 
259 278 
259 565 
259 449 
259 251 
259 315 
259 475 
259 287 
259 271 
259 284 
259 201 
259 387 
259 107 
259 139 
259 44 
259 99 
259 326 
259 438 
259 202 
259 358 
259 477 
259 127 
259 34 
259 184 
259 7 
259 67 
259 95 
259 109 
259 114 
259 18 
259 372 
259 478 
259 588 
259 205 
259 97 
259 17 
259 153 
259 486 
259 157 
259 141 
259 221 
259 524 
259 388 
259 116 
259 76 
259 349 
259 71 
259 250 
259 172 
259 391 
259 408 
259 474 
259 481 
259 397 
259 465 
259 455 
259 48 
259 166 
259 301 
259 292 
259 416 
259 22 
259 138 
259 331 
259 456 
259 403 
259 26 
260 569 
260 302 
260 263 
260 371 
260 427 
260 346 
260 104 
260 566 
260 152 
260 390 
260 25 
260 351 
260 460 
260 529 
260 372 
260 169 
260 327 
260 543 
260 528 
260 137 
260 51 
260 273 
260 309 
260 313 
260 567 
260 409 
260 525 
260 550 
260 417 
260 484 
260 590 
260 514 
260 31 
260 165 
260 481 
260 47 
260 189 
260 418 
260 349 
260 256 
260 62 
260 380 
260 195 
260 443 
260 530 
260 290 
260 100 
260 538 
260 194 
260 364 
260 232 
260 125 
260 82 
260 398 
260 77 
260 252 
260 145 
260 134 
260 435 
260 392 
260 105 
260 148 
260 71 
260 493 
260 139 
260 509 
260 444 
260 326 
260 505 
260 12 
260 38 
260 337 
260 358 
260 474 
260 429 
260 52 
260 592 
260 506 
260 129 
260 241 
260 271 
260 441 
260 536 
260 193 
260 111 
260 345 
260 229 
260 65 
260 322 
260 276 
260 571 
260 310 
260 177 
260 561 
260 120 
260 487 
260 186 
260 251 
260 341 
260 564 
260 336 
260 22 
260 370 
260 299 
260 76 
260 522 
260 157 
260 457 
260 389 
260 270 
260 544 
260 133 
260 376 
260 585 
260 54 
260 580 
260 360 
260 459 
260 589 
260 333 
260 498 
260 402 
260 207 
260 480 
260 142 
260 196 
260 449 
260 581 
260 556 
260 374 
260 89 
260 303 
260 230 
260 141 
260 448 
260 551 
260 420 
260 329 
260 123 
260 226 
260 442 
260 307 
260 573 
260 33 
260 311 
260 294 
260 298 
260 219 
260 279 
260 391 
260 202 
260 353 
260 436 
260 11 
260 367 
261 192 
261 320 
261 418 
261 476 
261 148 
261 359 
261 11 
261 563 
261 430 
261 247 
261 535 
261 324 
261 590 
261 16 
261 486 
261 434 
261 78 
261 564 
261 363 
261 203 
261 327 
261 184 
261 100 
261 367 
261 525 
261 431 
261 355 
261 241 
261 14 
261 426 
261 459 
261 274 
261 102 
261 360 
261 216 
261 474 
261 561 
261 527 
261 224 
261 154 
261 473 
261 516 
261 250 
261 531 
261 204 
261 455 
261 223 
261 312 
261 351 
261 217 
261 127 
261 545 
261 562 
261 487 
261 251 
261 414 
261 577 
261 238 
261 481 
261 239 
261 79 
261 485 
261 544 
261 86 
261 211 
261 494 
261 116 
261 83 
261 231 
261 290 
261 90 
261 273 
261 228 
261 124 
261 254 
261 2 
261 463 
261 168 
261 82 
261 130 
261 284 
261 33 
261 482 
261 392 
261 331 
261 0 
261 522 
261 498 
261 59 
261 319 
261 121 
261 34 
261 400 
261 466 
261 347 
261 237 
261 45 
261 391 
261 507 
261 586 
261 262 
261 15 
261 520 
261 549 
261 222 
261 443 
261 276 
261 439 
261 323 
261 438 
261 272 
261 569 
261 151 
261 69 
261 478 
261 91 
261 182 
261 301 
261 58 
261 566 
261 555 
261 375 
261 345 
261 489 
261 334 
261 523 
261 188 
261 410 
261 317 
261 13 
261 304 
261 382 
261 540 
261 444 
261 17 
261 68 
261 585 
261 267 
261 7 
261 44 
261 387 
261 229 
261 3 
261 329 
261 96 
261 252 
261 335 
261 576 
261 560 
261 122 
261 372 
261 587 
261 8 
261 92 
261 299 
261 133 
261 117 
261 480 
261 477 
261 62 
261 542 
261 199 
261 153 
261 326 
261 407 
261 38 
261 517 
261 461 
261 269 
261 501 
261 49 
261 328 
261 230 
261 263 
261 397 
261 244 
261 449 
262 215 
262 248 
262 564 
262 21 
262 201 
262 267 
262 253 
262 239 
262 66 
262 16 
262 114 
262 546 
262 49 
262 305 
262 214 
262 171 
262 420 
262 591 
262 291 
262 392 
262 455 
262 319 
262 175 
262 553 
262 576 
262 263 
262 333 
262 536 
262 48 
262 95 
262 547 
262 90 
262 398 
262 278 
262 432 
262 206 
262 580 
262 369 
262 97 
262 444 
262 76 
262 450 
262 146 
262 231 
262 162 
262 504 
262 371 
262 13 
262 190 
262 573 
262 92 
262 64 
262 435 
262 89 
262 310 
262 345 
262 525 
262 334 
262 426 
262 379 
262 251 
262 406 
262 424 
262 491 
262 466 
262 228 
262 65 
262 316 
262 51 
262 330 
262 298 
262 513 
262 284 
262 566 
262 571 
262 15 
262 354 
262 10 
262 352 
262 55 
262 283 
262 534 
262 250 
262 112 
262 270 
262 294 
262 259 
262 572 
262 232 
262 448 
262 273 
262 255 
262 243 
262 88 
262 592 
262 568 
262 459 
262 532 
262 145 
262 82 
262 107 
262 261 
262 523 
262 341 
262 165 
262 463 
262 1 
262 98 
262 586 
262 304 
262 59 
262 567 
262 43 
262 385 
262 520 
262 326 
262 479 
262 336 
262 387 
262 501 
262 497 
262 133 
262 417 
262 361 
262 127 
262 106 
262 229 
262 245 
262 233 
262 542 
262 587 
262 381 
262 531 
262 287 
262 289 
262 176 
262 99 
262 364 
262 480 
262 119 
262 126 
262 50 
262 474 
262 324 
262 161 
262 266 
262 457 
262 442 
262 396 
262 234 
262 208 
262 157 
262 588 
262 481 
262 578 
262 72 
262 347 
262 137 
262 565 
262 320 
262 327 
262 172 
262 570 
262 516 
262 210 
262 386 
262 28 
262 344 
262 393 
262 240 
262 582 
262 192 
262 458 
262 205 
262 194 
262 37 
262 508 
263 303 
263 20 
263 540 
263 456 
263 383 
263 86 
263 419 
263 260 
263 475 
263 42 
263 210 
263 164 
263 326 
263 438 
263 519 
263 274 
263 574 
263 498 
263 395 
263 299 
263 352 
263 433 
263 323 
263 397 
263 143 
263 531 
263 486 
263 381 
263 266 
263 68 
263 168 
263 273 
263 495 
263 75 
263 516 
263 128 
263 413 
263 385 
263 146 
263 358 
263 314 
263 262 
263 370 
263 482 
263 520 
263 557 
263 2 
263 562 
263 553 
263 175 
263 124 
263 216 
263 203 
263 130 
263 107 
263 487 
263 230 
263 563 
263 176 
263 490 
263 579 
263 224 
263 330 
263 139 
263 333 
263 541 
263 408 
263 329 
263 211 
263 403 
263 589 
263 391 
263 345 
263 29 
263 88 
263 253 
263 119 
263 359 
263 238 
263 243 
263 550 
263 428 
263 571 
263 38 
263 418 
263 145 
263 16 
263 307 
263 182 
263 548 
263 163 
263 527 
263 281 
263 581 
263 357 
263 271 
263 109 
263 235 
263 25 
263 15 
263 432 
263 82 
263 60 
263 4 
263 301 
263 209 
263 426 
263 91 
263 214 
263 411 
263 137 
263 549 
263 480 
263 506 
263 390 
263 87 
263 135 
263 476 
263 479 
263 525 
263 134 
263 356 
263 205 
263 324 
263 497 
263 279 
263 401 
263 251 
263 90 
263 439 
263 320 
263 133 
263 249 
263 349 
263 141 
263 48 
263 181 
263 566 
263 312 
263 272 
263 420 
263 183 
263 467 
263 436 
263 195 
263 105 
263 369 
263 539 
263 402 
263 342 
263 491 
263 318 
263 543 
263 415 
263 308 
263 412 
263 202 
263 302 
263 36 
263 174 
263 294 
263 233 
263 73 
263 441 
263 245 
263 110 
263 396 
263 492 
263 200 
263 499 
263 387 
263 40 
263 559 
263 462 
263 515 
263 470 
263 573 
263 529 
263 353 
263 207 
263 578 
263 362 
263 129 
263 32 
263 373 
263 81 
263 206 
263 365 
263 11 
263 464 
263 0 
263 316 
263 218 
263 27 
263 23 
263 236 
263 30 
263 246 
263 443 
263 261 
263 282 
263 468 
264 577 
264 439 
264 29 
264 525 
264 556 
264 472 
264 539 
264 66 
264 16 
264 345 
264 81 
264 326 
264 220 
264 143 
264 74 
264 50 
264 524 
264 5 
264 257 
264 586 
264 350 
264 384 
264 69 
264 133 
264 210 
264 174 
264 321 
264 60 
264 71 
264 407 
264 513 
264 517 
264 424 
264 356 
264 526 
264 432 
264 168 
264 3 
264 212 
264 376 
264 440 
264 318 
264 15 
264 442 
264 91 
264 95 
264 193 
264 247 
264 313 
264 208 
264 510 
264 126 
264 205 
264 421 
264 36 
264 245 
264 48 
264 518 
264 166 
264 529 
264 465 
264 557 
264 533 
264 57 
264 121 
264 406 
264 570 
264 337 
264 377 
264 89 
264 329 
264 495 
264 545 
264 11 
264 204 
264 403 
264 194 
264 44 
264 496 
264 485 
264 294 
264 328 
264 564 
264 559 
264 362 
264 426 
264 419 
264 279 
264 551 
264 331 
264 53 
264 352 
264 284 
264 296 
264 560 
264 466 
264 158 
264 139 
264 523 
264 86 
264 26 
264 61 
264 14 
264 343 
264 538 
264 453 
264 226 
264 43 
264 314 
264 240 
264 568 
264 12 
264 253 
264 306 
264 501 
264 477 
264 9 
264 521 
264 99 
264 588 
264 382 
264 165 
264 505 
264 484 
264 491 
264 572 
264 83 
264 590 
264 198 
264 415 
264 591 
264 258 
264 353 
264 450 
264 582 
264 418 
264 536 
264 146 
264 581 
264 553 
264 0 
264 286 
264 522 
264 82 
264 119 
264 282 
264 401 
264 304 
264 483 
264 46 
264 24 
264 446 
264 172 
264 105 
264 511 
264 516 
264 169 
264 266 
264 519 
264 21 
264 414 
264 365 
264 430 
264 393 
264 416 
264 235 
264 390 
264 229 
264 468 
264 227 
264 234 
264 256 
264 196 
264 301 
264 237 
264 445 
264 498 
264 32 
264 177 
265 295 
265 539 
265 554 
265 303 
265 345 
265 308 
265 562 
265 232 
265 350 
265 361 
265 131 
265 309 
265 549 
265 410 
265 180 
265 569 
265 543 
265 386 
265 573 
265 17 
265 413 
265 389 
265 483 
265 294 
265 528 
265 498 
265 501 
265 12 
265 435 
265 215 
265 118 
265 182 
265 5 
265 114 
265 50 
265 375 
265 123 
265 149 
265 381 
265 109 
265 347 
265 409 
265 48 
265 416 
265 126 
265 402 
265 311 
265 458 
265 577 
265 369 
265 128 
265 382 
265 507 
265 313 
265 122 
265 505 
265 494 
265 186 
265 315 
265 67 
265 142 
265 113 
265 72 
265 462 
265 334 
265 148 
265 219 
265 204 
265 395 
265 112 
265 320 
265 71 
265 394 
265 330 
265 419 
265 217 
265 487 
265 115 
265 592 
265 491 
265 475 
265 559 
265 568 
265 231 
265 499 
265 322 
265 400 
265 512 
265 36 
265 556 
265 480 
265 31 
265 454 
265 574 
265 343 
265 155 
265 141 
265 288 
265 430 
265 223 
265 352 
265 423 
265 170 
265 278 
265 253 
265 59 
265 10 
265 496 
265 301 
265 365 
265 439 
265 353 
265 243 
265 550 
265 11 
265 266 
265 566 
265 79 
265 52 
265 312 
265 283 
265 125 
265 37 
265 255 
265 460 
265 249 
265 42 
265 481 
265 510 
265 181 
265 29 
265 495 
265 570 
265 211 
265 407 
265 363 
265 580 
265 503 
265 341 
265 304 
265 384 
265 506 
265 130 
265 526 
265 209 
265 488 
265 358 
265 220 
265 440 
265 202 
265 437 
265 536 
265 511 
265 571 
265 332 
265 292 
265 485 
265 583 
265 515 
265 169 
265 478 
265 225 
265 442 
265 396 
265 275 
265 516 
265 534 
265 438 
265 206 
265 82 
265 282 
265 492 
265 467 
265 2 
265 328 
265 387 
265 463 
265 531 
265 167 
265 517 
265 327 
265 46 
265 433 
265 424 
265 4 
266 333 
266 408 
266 476 
266 469 
266 233 
266 334 
266 27 
266 216 
266 567 
266 39 
266 536 
266 481 
266 91 
266 92 
266 587 
266 578 
266 508 
266 104 
266 533 
266 225 
266 108 
266 544 
266 405 
266 263 
266 153 
266 51 
266 189 
266 294 
266 557 
266 107 
266 528 
266 230 
266 314 
266 47 
266 85 
266 370 
266 411 
266 458 
266 485 
266 478 
266 0 
266 502 
266 330 
266 447 
266 581 
266 82 
266 35 
266 336 
266 548 
266 422 
266 497 
266 220 
266 286 
266 282 
266 540 
266 160 
266 202 
266 143 
266 15 
266 398 
266 192 
266 210 
266 321 
266 472 
266 45 
266 344 
266 157 
266 65 
266 417 
266 87 
266 457 
266 246 
266 530 
266 301 
266 406 
266 167 
266 42 
266 245 
266 534 
266 217 
266 547 
266 525 
266 155 
266 97 
266 454 
266 138 
266 164 
266 315 
266 26 
266 38 
266 335 
266 239 
266 307 
266 539 
266 371 
266 68 
266 101 
266 448 
266 431 
266 163 
266 56 
266 473 
266 219 
266 400 
266 142 
266 410 
266 34 
266 215 
266 436 
266 257 
266 416 
266 94 
266 275 
266 251 
266 565 
266 358 
266 54 
266 211 
266 590 
266 265 
266 129 
266 397 
266 511 
266 115 
266 338 
266 8 
266 98 
266 280 
266 580 
266 12 
266 414 
266 576 
266 204 
266 196 
266 269 
266 466 
266 407 
266 518 
266 16 
266 156 
266 17 
266 490 
266 48 
266 185 
266 399 
266 84 
266 442 
266 30 
266 527 
266 323 
266 14 
266 404 
266 495 
266 179 
266 159 
266 133 
266 262 
266 360 
266 482 
266 109 
266 140 
266 125 
266 264 
266 329 
266 546 
266 272 
266 437 
266 113 
266 114 
266 312 
266 184 
266 561 
266 248 
266 237 
266 356 
266 359 
266 100 
266 463 
266 119 
266 32 
266 73 
266 121 
267 477 
267 179 
267 37 
267 342 
267 364 
267 552 
267 203 
267 460 
267 42 
267 565 
267 420 
267 87 
267 262 
267 432 
267 139 
267 99 
267 154 
267 391 
267 254 
267 137 
267 492 
267 348 
267 467 
267 30 
267 535 
267 437 
267 166 
267 63 
267 272 
267 188 
267 504 
267 519 
267 52 
267 435 
267 444 
267 122 
267 224 
267 383 
267 443 
267 325 
267 412 
267 510 
267 470 
267 72 
267 529 
267 242 
267 195 
267 304 
267 365 
267 190 
267 23 
267 251 
267 436 
267 344 
267 526 
267 339 
267 71 
267 221 
267 289 
267 27 
267 400 
267 306 
267 191 
267 93 
267 473 
267 407 
267 169 
267 47 
267 88 
267 341 
267 486 
267 566 
267 110 
267 196 
267 2 
267 587 
267 112 
267 314 
267 269 
267 255 
267 354 
267 584 
267 485 
267 194 
267 246 
267 389 
267 38 
267 461 
267 249 
267 525 
267 83 
267 493 
267 4 
267 40 
267 20 
267 58 
267 160 
267 463 
267 585 
267 558 
267 537 
267 7 
267 274 
267 56 
267 252 
267 329 
267 109 
267 561 
267 14 
267 363 
267 275 
267 297 
267 129 
267 397 
267 532 
267 516 
267 571 
267 80 
267 18 
267 123 
267 491 
267 111 
267 281 
267 386 
267 590 
267 81 
267 261 
267 452 
267 119 
267 268 
267 567 
267 521 
267 484 
267 359 
267 202 
267 480 
267 550 
267 31 
267 51 
267 98 
267 540 
267 165 
267 157 
267 150 
267 586 
267 343 
267 172 
267 205 
267 131 
267 199 
267 379 
267 545 
267 328 
267 527 
267 319 
267 143 
267 298 
267 128 
267 360 
267 133 
267 591 
267 427 
267 320 
267 197 
267 184 
267 513 
267 479 
267 204 
267 446 
268 378 
268 538 
268 250 
268 455 
268 469 
268 544 
268 510 
268 60 
268 182 
268 168 
268 68 
268 518 
268 432 
268 86 
268 245 
268 501 
268 491 
268 148 
268 349 
268 465 
268 464 
268 165 
268 272 
268 275 
268 400 
268 588 
268 402 
268 407 
268 370 
268 571 
268 429 
268 296 
268 334 
268 237 
268 495 
268 555 
268 414 
268 75 
268 511 
268 20 
268 282 
268 143 
268 107 
268 239 
268 497 
268 365 
268 445 
268 252 
268 417 
268 390 
268 45 
268 310 
268 419 
268 42 
268 574 
268 127 
268 335 
268 292 
268 327 
268 483 
268 150 
268 170 
268 298 
268 179 
268 145 
268 456 
268 138 
268 489 
268 309 
268 328 
268 185 
268 519 
268 416 
268 178 
268 578 
268 577 
268 176 
268 478 
268 332 
268 582 
268 401 
268 129 
268 56 
268 496 
268 313 
268 146 
268 153 
268 154 
268 308 
268 288 
268 470 
268 424 
268 81 
268 319 
268 147 
268 386 
268 516 
268 254 
268 202 
268 537 
268 576 
268 557 
268 283 
268 500 
268 377 
268 463 
268 474 
268 345 
268 122 
268 312 
268 440 
268 423 
268 490 
268 91 
268 194 
268 428 
268 142 
268 360 
268 235 
268 217 
268 16 
268 418 
268 443 
268 134 
268 135 
268 124 
268 270 
268 362 
268 93 
268 411 
268 454 
268 509 
268 12 
268 177 
268 47 
268 193 
268 247 
268 435 
268 556 
268 420 
268 50 
268 269 
268 560 
268 94 
268 530 
268 337 
268 1 
268 475 
268 331 
268 248 
268 471 
268 102 
268 569 
268 84 
268 240 
268 344 
268 18 
268 22 
268 413 
268 326 
268 98 
268 0 
268 29 
268 10 
268 482 
268 507 
268 199 
268 267 
268 320 
268 380 
268 234 
268 461 
268 374 
268 48 
268 529 
268 55 
268 211 
268 101 
268 184 
268 131 
268 35 
268 31 
268 358 
268 394 
268 28 
268 436 
268 229 
268 412 
268 6 
268 487 
268 276 
268 205 
268 25 
268 398 
268 281 
268 66 
268 111 
268 140 
268 121 
268 591 
268 207 
268 505 
268 278 
268 552 
268 79 
268 77 
269 505 
269 48 
269 293 
269 563 
269 270 
269 371 
269 502 
269 552 
269 41 
269 44 
269 17 
269 543 
269 465 
269 63 
269 107 
269 322 
269 134 
269 445 
269 282 
269 444 
269 411 
269 140 
269 156 
269 136 
269 285 
269 218 
269 22 
269 434 
269 139 
269 431 
269 38 
269 66 
269 56 
269 181 
269 421 
269 297 
269 242 
269 380 
269 374 
269 188 
269 205 
269 524 
269 590 
269 15 
269 33 
269 407 
269 481 
269 169 
269 574 
269 476 
269 351 
269 245 
269 57 
269 244 
269 378 
269 271 
269 345 
269 201 
269 40 
269 586 
269 257 
269 54 
269 28 
269 227 
269 336 
269 118 
269 295 
269 350 
269 215 
269 372 
269 507 
269 425 
269 222 
269 455 
269 113 
269 489 
269 29 
269 413 
269 221 
269 518 
269 72 
269 46 
269 256 
269 174 
269 267 
269 127 
269 8 
269 354 
269 304 
269 520 
269 409 
269 506 
269 501 
269 437 
269 238 
269 197 
269 375 
269 42 
269 288 
269 1 
269 120 
269 353 
269 327 
269 88 
269 307 
269 35 
269 592 
269 92 
269 296 
269 424 
269 280 
269 209 
269 397 
269 485 
269 274 
269 268 
269 418 
269 486 
269 75 
269 266 
269 206 
269 405 
269 399 
269 47 
269 152 
269 217 
269 13 
269 161 
269 511 
269 184 
269 382 
269 419 
269 104 
269 515 
269 581 
269 314 
269 155 
269 298 
269 74 
269 68 
269 330 
269 116 
269 98 
269 158 
269 21 
269 211 
269 588 
269 303 
269 131 
269 457 
269 180 
269 527 
269 339 
269 542 
269 11 
269 534 
269 513 
269 387 
269 393 
269 175 
269 110 
269 491 
269 547 
269 352 
269 567 
269 261 
269 37 
269 344 
269 7 
269 176 
269 379 
269 451 
270 356 
270 230 
270 142 
270 433 
270 269 
270 12 
270 544 
270 271 
270 275 
270 439 
270 381 
270 550 
270 88 
270 148 
270 125 
270 545 
270 466 
270 162 
270 505 
270 238 
270 322 
270 272 
270 122 
270 475 
270 245 
270 91 
270 313 
270 215 
270 285 
270 7 
270 17 
270 299 
270 469 
270 389 
270 0 
270 170 
270 364 
270 201 
270 152 
270 134 
270 231 
270 326 
270 240 
270 365 
270 368 
270 513 
270 383 
270 227 
270 353 
270 410 
270 414 
270 591 
270 590 
270 19 
270 567 
270 426 
270 559 
270 180 
270 408 
270 239 
270 417 
270 489 
270 132 
270 208 
270 321 
270 184 
270 144 
270 97 
270 501 
270 406 
270 462 
270 137 
270 31 
270 548 
270 127 
270 499 
270 101 
270 455 
270 351 
270 247 
270 570 
270 512 
270 262 
270 237 
270 60 
270 115 
270 473 
270 205 
270 281 
270 146 
270 103 
270 141 
270 331 
270 156 
270 430 
270 358 
270 575 
270 28 
270 291 
270 58 
270 268 
270 434 
270 93 
270 377 
270 213 
270 109 
270 379 
270 523 
270 87 
270 493 
270 79 
270 167 
270 540 
270 35 
270 416 
270 46 
270 296 
270 456 
270 260 
270 349 
270 216 
270 185 
270 556 
270 558 
270 23 
270 194 
270 212 
270 95 
270 481 
270 256 
270 476 
270 11 
270 472 
270 399 
270 332 
270 561 
270 33 
270 465 
270 346 
270 298 
270 81 
270 191 
270 225 
270 425 
270 241 
270 315 
270 254 
270 150 
270 179 
270 173 
270 521 
270 471 
270 507 
270 560 
270 500 
270 98 
270 309 
270 341 
270 516 
270 388 
271 575 
271 179 
271 181 
271 425 
271 420 
271 532 
271 123 
271 303 
271 404 
271 210 
271 469 
271 190 
271 227 
271 151 
271 478 
271 37 
271 270 
271 588 
271 205 
271 459 
271 393 
271 273 
271 282 
271 462 
271 578 
271 234 
271 30 
271 92 
271 563 
271 443 
271 356 
271 204 
271 185 
271 470 
271 402 
271 378 
271 382 
271 274 
271 41 
271 277 
271 367 
271 419 
271 444 
271 568 
271 508 
271 316 
271 172 
271 519 
271 583 
271 249 
271 451 
271 448 
271 427 
271 406 
271 487 
271 10 
271 445 
271 24 
271 166 
271 269 
271 238 
271 236 
271 385 
271 3 
271 339 
271 525 
271 572 
271 591 
271 432 
271 562 
271 556 
271 529 
271 285 
271 8 
271 184 
271 436 
271 571 
271 108 
271 395 
271 158 
271 244 
271 520 
271 387 
271 31 
271 510 
271 35 
271 523 
271 538 
271 129 
271 551 
271 233 
271 353 
271 547 
271 203 
271 319 
271 260 
271 202 
271 0 
271 464 
271 67 
271 263 
271 474 
271 53 
271 2 
271 1 
271 335 
271 176 
271 309 
271 45 
271 315 
271 32 
271 440 
271 576 
271 358 
271 480 
271 465 
271 288 
271 589 
271 232 
271 61 
271 161 
271 592 
271 36 
271 197 
271 496 
271 56 
271 540 
271 334 
271 111 
271 557 
271 484 
271 235 
271 165 
271 231 
271 259 
271 503 
271 570 
271 325 
271 280 
271 454 
271 507 
271 429 
271 15 
271 77 
271 486 
271 147 
271 12 
271 74 
271 87 
271 150 
271 106 
271 483 
271 6 
271 81 
271 332 
271 511 
271 477 
271 57 
271 279 
271 128 
271 329 
271 310 
271 381 
271 561 
271 579 
271 407 
271 229 
271 590 
271 453 
271 220 
271 460 
271 133 
271 552 
271 69 
271 530 
271 475 
271 54 
271 39 
271 96 
271 548 
271 526 
271 119 
271 44 
271 317 
271 370 
271 314 
271 140 
271 343 
271 168 
271 498 
271 283 
271 506 
271 256 
271 43 
271 302 
271 154 
271 528 
271 156 
271 405 
272 332 
272 112 
272 563 
272 496 
272 326 
272 345 
272 171 
272 142 
272 128 
272 336 
272 223 
272 357 
272 67 
272 370 
272 61 
272 321 
272 76 
272 133 
272 358 
272 268 
272 278 
272 508 
272 234 
272 108 
272 246 
272 491 
272 52 
272 138 
272 230 
272 270 
272 267 
272 509 
272 323 
272 140 
272 297 
272 475 
272 255 
272 524 
272 56 
272 213 
272 583 
272 17 
272 373 
272 121 
272 25 
272 283 
272 68 
272 439 
272 365 
272 174 
272 590 
272 582 
272 146 
272 325 
272 415 
272 91 
272 226 
272 569 
272 472 
272 371 
272 31 
272 2 
272 515 
272 3 
272 486 
272 414 
272 136 
272 73 
272 44 
272 53 
272 178 
272 71 
272 21 
272 57 
272 397 
272 190 
272 577 
272 143 
272 194 
272 217 
272 100 
272 543 
272 571 
272 273 
272 185 
272 38 
272 139 
272 549 
272 219 
272 520 
272 410 
272 450 
272 305 
272 539 
272 75 
272 118 
272 127 
272 387 
272 66 
272 247 
272 184 
272 342 
272 547 
272 343 
272 261 
272 239 
272 191 
272 275 
272 170 
272 392 
272 20 
272 241 
272 54 
272 84 
272 480 
272 175 
272 364 
272 526 
272 93 
272 263 
272 301 
272 45 
272 244 
272 222 
272 220 
272 160 
272 290 
272 151 
272 101 
272 416 
272 399 
272 7 
272 381 
272 74 
272 492 
272 156 
272 240 
272 484 
272 351 
272 405 
272 296 
272 208 
272 510 
272 225 
272 82 
272 335 
272 237 
272 427 
272 257 
272 32 
272 360 
272 70 
272 125 
272 279 
272 396 
272 573 
272 353 
272 266 
272 465 
272 231 
272 403 
272 162 
272 560 
272 516 
272 180 
272 574 
272 330 
272 462 
272 576 
272 58 
272 145 
272 458 
272 280 
272 322 
272 216 
272 444 
272 460 
272 282 
272 441 
272 109 
273 11 
273 561 
273 256 
273 42 
273 4 
273 591 
273 386 
273 113 
273 443 
273 271 
273 369 
273 226 
273 450 
273 199 
273 72 
273 109 
273 114 
273 46 
273 478 
273 260 
273 399 
273 233 
273 23 
273 20 
273 477 
273 169 
273 314 
273 371 
273 563 
273 263 
273 160 
273 119 
273 117 
273 590 
273 333 
273 396 
273 445 
273 432 
273 33 
273 258 
273 152 
273 154 
273 284 
273 425 
273 509 
273 47 
273 439 
273 378 
273 365 
273 317 
273 279 
273 306 
273 467 
273 288 
273 147 
273 402 
273 95 
273 410 
273 212 
273 327 
273 165 
273 77 
273 32 
273 38 
273 551 
273 107 
273 549 
273 57 
273 428 
273 115 
273 108 
273 261 
273 251 
273 411 
273 200 
273 345 
273 503 
273 92 
273 85 
273 458 
273 323 
273 255 
273 391 
273 151 
273 163 
273 63 
273 60 
273 417 
273 540 
273 224 
273 189 
273 239 
273 460 
273 272 
273 262 
273 490 
273 173 
273 187 
273 174 
273 573 
273 126 
273 408 
273 366 
273 82 
273 506 
273 203 
273 193 
273 321 
273 497 
273 213 
273 302 
273 146 
273 69 
273 179 
273 355 
273 468 
273 454 
273 112 
273 382 
273 110 
273 252 
273 291 
273 444 
273 337 
273 479 
273 508 
273 35 
273 483 
273 513 
273 462 
273 73 
273 215 
273 448 
273 370 
273 21 
273 401 
273 34 
273 463 
273 436 
273 59 
273 548 
273 17 
273 400 
273 29 
273 158 
273 505 
273 475 
273 553 
273 237 
273 404 
273 310 
273 79 
273 501 
273 2 
273 524 
273 168 
273 145 
273 364 
273 133 
273 195 
273 409 
273 83 
273 75 
273 155 
273 487 
273 234 
273 419 
273 51 
273 99 
273 221 
273 98 
273 380 
274 181 
274 327 
274 56 
274 519 
274 445 
274 280 
274 21 
274 589 
274 263 
274 494 
274 468 
274 52 
274 474 
274 353 
274 482 
274 427 
274 330 
274 150 
274 47 
274 391 
274 461 
274 556 
274 491 
274 134 
274 271 
274 434 
274 559 
274 388 
274 291 
274 84 
274 261 
274 205 
274 87 
274 384 
274 229 
274 405 
274 321 
274 451 
274 119 
274 454 
274 462 
274 125 
274 258 
274 17 
274 324 
274 153 
274 553 
274 35 
274 338 
274 45 
274 62 
274 108 
274 531 
274 572 
274 540 
274 381 
274 578 
274 40 
274 250 
274 136 
274 149 
274 165 
274 74 
274 185 
274 355 
274 286 
274 154 
274 234 
274 304 
274 478 
274 509 
274 395 
274 135 
274 359 
274 420 
274 278 
274 542 
274 92 
274 318 
274 366 
274 86 
274 348 
274 225 
274 168 
274 42 
274 309 
274 548 
274 256 
274 569 
274 469 
274 472 
274 157 
274 123 
274 431 
274 139 
274 178 
274 4 
274 378 
274 0 
274 70 
274 2 
274 113 
274 450 
274 404 
274 430 
274 122 
274 248 
274 508 
274 166 
274 518 
274 520 
274 358 
274 547 
274 126 
274 159 
274 64 
274 322 
274 360 
274 354 
274 214 
274 414 
274 591 
274 267 
274 236 
274 31 
274 216 
274 303 
274 3 
274 191 
274 387 
274 432 
274 419 
274 269 
274 502 
274 206 
274 487 
274 305 
274 314 
274 110 
274 490 
274 117 
274 30 
274 164 
274 57 
274 173 
274 152 
274 50 
274 14 
274 362 
274 356 
274 144 
274 416 
274 53 
274 466 
274 584 
274 376 
274 142 
274 289 
274 105 
274 29 
274 528 
274 41 
274 576 
274 581 
274 167 
274 44 
274 452 
274 315 
274 8 
274 195 
274 242 
274 489 
274 288 
274 406 
274 188 
274 7 
274 227 
274 488 
274 561 
275 393 
275 544 
275 428 
275 255 
275 406 
275 97 
275 571 
275 5 
275 283 
275 253 
275 461 
275 270 
275 70 
275 398 
275 301 
275 6 
275 191 
275 469 
275 196 
275 443 
275 487 
275 505 
275 89 
275 268 
275 374 
275 145 
275 424 
275 336 
275 442 
275 320 
275 574 
275 367 
275 233 
275 554 
275 103 
275 464 
275 506 
275 15 
275 347 
275 417 
275 453 
275 590 
275 137 
275 559 
275 21 
275 572 
275 316 
275 514 
275 206 
275 376 
275 327 
275 411 
275 343 
275 278 
275 512 
275 402 
275 131 
275 130 
275 475 
275 418 
275 306 
275 567 
275 495 
275 135 
275 133 
275 390 
275 581 
275 163 
275 170 
275 333 
275 10 
275 68 
275 48 
275 488 
275 112 
275 496 
275 246 
275 357 
275 434 
275 292 
275 547 
275 248 
275 563 
275 88 
275 579 
275 162 
275 419 
275 66 
275 85 
275 456 
275 49 
275 303 
275 578 
275 61 
275 568 
275 342 
275 38 
275 465 
275 226 
275 545 
275 312 
275 297 
275 479 
275 266 
275 587 
275 181 
275 92 
275 448 
275 454 
275 252 
275 182 
275 509 
275 502 
275 96 
275 250 
275 53 
275 524 
275 532 
275 149 
275 272 
275 535 
275 75 
275 58 
275 276 
275 267 
275 221 
275 143 
275 157 
275 531 
275 325 
275 289 
275 425 
275 486 
275 326 
275 42 
275 14 
275 377 
275 586 
275 575 
275 235 
275 561 
275 215 
275 8 
275 188 
275 126 
275 308 
275 517 
275 421 
275 523 
275 513 
275 323 
275 420 
275 217 
275 122 
275 433 
275 416 
275 291 
275 388 
275 265 
275 23 
275 459 
275 446 
275 116 
275 202 
275 33 
275 515 
275 100 
275 410 
275 423 
275 293 
275 172 
275 190 
275 79 
275 304 
275 557 
275 142 
275 345 
275 358 
275 29 
275 147 
275 518 
275 530 
275 359 
275 216 
275 249 
275 529 
275 32 
276 416 
276 371 
276 103 
276 520 
276 449 
276 432 
276 365 
276 196 
276 172 
276 150 
276 346 
276 582 
276 535 
276 587 
276 291 
276 401 
276 217 
276 69 
276 41 
276 453 
276 519 
276 235 
276 469 
276 248 
276 381 
276 411 
276 386 
276 442 
276 487 
276 169 
276 287 
276 158 
276 571 
276 483 
276 576 
276 229 
276 324 
276 465 
276 25 
276 370 
276 60 
276 283 
276 230 
276 104 
276 579 
276 26 
276 436 
276 65 
276 390 
276 568 
276 72 
276 39 
276 335 
276 29 
276 490 
276 162 
276 515 
276 134 
276 348 
276 521 
276 167 
276 178 
276 537 
276 93 
276 221 
276 389 
276 583 
276 366 
276 507 
276 445 
276 444 
276 347 
276 56 
276 207 
276 434 
276 565 
276 333 
276 119 
276 580 
276 398 
276 534 
276 376 
276 97 
276 133 
276 33 
276 22 
276 190 
276 9 
276 344 
276 590 
276 544 
276 214 
276 415 
276 414 
276 50 
276 468 
276 408 
276 342 
276 216 
276 138 
276 199 
276 586 
276 473 
276 426 
276 260 
276 458 
276 484 
276 258 
276 238 
276 254 
276 322 
276 197 
276 194 
276 252 
276 114 
276 358 
276 323 
276 243 
276 126 
276 261 
276 280 
276 244 
276 232 
276 182 
276 441 
276 170 
276 304 
276 157 
276 575 
276 372 
276 488 
276 375 
276 117 
276 455 
276 427 
276 574 
276 275 
276 174 
276 64 
276 200 
276 450 
276 443 
276 363 
276 185 
276 62 
276 218 
276 572 
276 278 
276 584 
276 277 
276 380 
276 334 
276 457 
276 153 
276 303 
276 122 
276 71 
276 156 
276 573 
276 330 
276 37 
276 500 
276 106 
276 38 
276 32 
276 211 
276 12 
276 102 
276 35 
276 393 
276 467 
276 0 
276 34 
276 42 
276 81 
276 505 
276 268 
276 396 
276 486 
276 234 
276 219 
276 55 
276 570 
276 58 
276 359 
276 40 
276 349 
276 84 
276 589 
276 360 
277 550 
277 259 
277 16 
277 127 
277 47 
277 401 
277 158 
277 231 
277 547 
277 254 
277 107 
277 120 
277 567 
277 481 
277 571 
277 27 
277 534 
277 237 
277 408 
277 400 
277 478 
277 508 
277 285 
277 271 
277 147 
277 425 
277 365 
277 528 
277 509 
277 564 
277 532 
277 569 
277 103 
277 456 
277 34 
277 379 
277 305 
277 548 
277 492 
277 516 
277 499 
277 336 
277 557 
277 151 
277 51 
277 14 
277 226 
277 458 
277 184 
277 522 
277 453 
277 59 
277 421 
277 115 
277 239 
277 78 
277 165 
277 487 
277 10 
277 293 
277 378 
277 126 
277 26 
277 304 
277 291 
277 306 
277 473 
277 392 
277 407 
277 111 
277 21 
277 76 
277 102 
277 122 
277 344 
277 156 
277 527 
277 494 
277 302 
277 8 
277 113 
277 488 
277 466 
277 529 
277 460 
277 11 
277 138 
277 321 
277 580 
277 295 
277 330 
277 211 
277 12 
277 435 
277 426 
277 244 
277 526 
277 24 
277 433 
277 556 
277 459 
277 454 
277 77 
277 104 
277 419 
277 553 
277 145 
277 9 
277 347 
277 541 
277 570 
277 329 
277 312 
277 420 
277 367 
277 276 
277 395 
277 299 
277 430 
277 128 
277 238 
277 185 
277 155 
277 281 
277 258 
277 187 
277 354 
277 39 
277 22 
277 369 
277 63 
277 428 
277 351 
277 489 
277 94 
277 61 
277 288 
277 279 
277 216 
277 15 
277 70 
277 247 
277 222 
277 437 
277 112 
277 323 
277 204 
277 368 
277 170 
277 493 
277 233 
277 436 
277 442 
277 519 
277 286 
277 451 
277 298 
277 448 
277 3 
277 506 
277 175 
277 202 
277 538 
277 328 
277 543 
277 585 
278 65 
278 548 
278 115 
278 201 
278 285 
278 168 
278 535 
278 82 
278 11 
278 509 
278 59 
278 12 
278 78 
278 17 
278 515 
278 30 
278 181 
278 559 
278 354 
278 272 
278 63 
278 45 
278 459 
278 363 
278 540 
278 585 
278 504 
278 152 
278 294 
278 499 
278 0 
278 208 
278 284 
278 234 
278 378 
278 64 
278 31 
278 286 
278 480 
278 191 
278 132 
278 343 
278 206 
278 381 
278 491 
278 388 
278 338 
278 328 
278 508 
278 222 
278 460 
278 139 
278 75 
278 129 
278 583 
278 394 
278 311 
278 387 
278 1 
278 262 
278 275 
278 398 
278 172 
278 428 
278 297 
278 136 
278 564 
278 219 
278 584 
278 13 
278 114 
278 210 
278 511 
278 100 
278 133 
278 238 
278 455 
278 293 
278 304 
278 340 
278 226 
278 512 
278 117 
278 274 
278 109 
278 104 
278 16 
278 592 
278 122 
278 404 
278 456 
278 560 
278 235 
278 454 
278 435 
278 497 
278 180 
278 351 
278 576 
278 156 
278 339 
278 214 
278 246 
278 120 
278 15 
278 313 
278 265 
278 237 
278 507 
278 380 
278 331 
278 368 
278 310 
278 372 
278 587 
278 565 
278 470 
278 561 
278 243 
278 85 
278 66 
278 10 
278 252 
278 144 
278 62 
278 482 
278 247 
278 527 
278 195 
278 259 
278 2 
278 383 
278 369 
278 322 
278 56 
278 411 
278 232 
278 177 
278 346 
278 218 
278 498 
278 193 
278 276 
278 24 
278 169 
278 119 
278 357 
278 532 
278 506 
278 50 
278 217 
278 25 
278 55 
278 148 
278 342 
278 194 
278 143 
278 123 
278 150 
278 88 
278 333 
278 360 
278 162 
278 9 
278 87 
278 4 
278 315 
278 53 
278 334 
278 223 
278 146 
278 494 
278 240 
278 160 
278 76 
278 171 
278 216 
278 434 
278 32 
278 257 
278 376 
278 443 
278 402 
278 41 
278 392 
278 14 
278 518 
278 570 
278 241 
278 406 
278 361 
278 268 
278 571 
278 572 
278 44 
278 474 
279 152 
279 541 
279 567 
279 44 
279 240 
279 568 
279 539 
279 529 
279 294 
279 439 
279 512 
279 120 
279 538 
279 465 
279 341 
279 24 
279 520 
279 27 
279 563 
279 499 
279 70 
279 31 
279 570 
279 413 
279 301 
279 492 
279 45 
279 547 
279 407 
279 524 
279 592 
279 128 
279 442 
279 479 
279 231 
279 452 
279 314 
279 156 
279 445 
279 273 
279 400 
279 427 
279 209 
279 522 
279 437 
279 312 
279 182 
279 14 
279 485 
279 124 
279 470 
279 316 
279 372 
279 92 
279 337 
279 561 
279 144 
279 558 
279 353 
279 560 
279 165 
279 236 
279 581 
279 59 
279 527 
279 257 
279 43 
279 214 
279 562 
279 18 
279 176 
279 386 
279 338 
279 264 
279 132 
279 526 
279 123 
279 57 
279 296 
279 533 
279 212 
279 6 
279 196 
279 131 
279 438 
279 363 
279 142 
279 93 
279 199 
279 263 
279 168 
279 145 
279 188 
279 203 
279 234 
279 374 
279 146 
279 295 
279 313 
279 440 
279 248 
279 420 
279 430 
279 496 
279 303 
279 306 
279 101 
279 178 
279 575 
279 215 
279 511 
279 415 
279 532 
279 190 
279 83 
279 309 
279 369 
279 55 
279 271 
279 328 
279 458 
279 466 
279 164 
279 94 
279 376 
279 565 
279 333 
279 375 
279 404 
279 105 
279 46 
279 467 
279 173 
279 19 
279 488 
279 39 
279 50 
279 579 
279 373 
279 225 
279 77 
279 367 
279 530 
279 149 
279 277 
279 378 
279 272 
279 136 
279 305 
279 503 
279 15 
279 252 
279 543 
279 290 
279 513 
279 497 
279 381 
279 260 
279 319 
279 566 
279 180 
279 177 
279 347 
279 411 
279 235 
279 509 
279 359 
280 376 
280 540 
280 249 
280 306 
280 332 
280 274 
280 118 
280 580 
280 406 
280 568 
280 221 
280 405 
280 150 
280 416 
280 419 
280 382 
280 420 
280 477 
280 235 
280 415 
280 333 
280 47 
280 526 
280 545 
280 60 
280 127 
280 245 
280 217 
280 75 
280 233 
280 503 
280 473 
280 298 
280 521 
280 100 
280 55 
280 468 
280 35 
280 474 
280 398 
280 98 
280 248 
280 119 
280 390 
280 525 
280 116 
280 40 
280 256 
280 490 
280 563 
280 10 
280 458 
280 559 
280 324 
280 511 
280 51 
280 392 
280 288 
280 592 
280 99 
280 232 
280 391 
280 15 
280 381 
280 218 
280 395 
280 246 
280 212 
280 46 
280 178 
280 340 
280 166 
280 189 
280 114 
280 479 
280 16 
280 523 
280 247 
280 569 
280 208 
280 77 
280 117 
280 323 
280 236 
280 394 
280 1 
280 400 
280 184 
280 560 
280 165 
280 312 
280 112 
280 527 
280 584 
280 300 
280 0 
280 577 
280 9 
280 92 
280 492 
280 54 
280 450 
280 576 
280 423 
280 59 
280 282 
280 412 
280 371 
280 195 
280 238 
280 304 
280 471 
280 311 
280 229 
280 170 
280 484 
280 537 
280 259 
280 201 
280 214 
280 156 
280 399 
280 177 
280 276 
280 552 
280 335 
280 226 
280 361 
280 79 
280 266 
280 372 
280 422 
280 271 
280 269 
280 348 
280 585 
280 565 
280 132 
280 334 
280 172 
280 487 
280 567 
280 5 
280 307 
280 206 
280 106 
280 489 
280 385 
280 530 
280 38 
280 586 
280 11 
280 181 
280 515 
280 342 
280 308 
280 32 
280 343 
280 338 
280 6 
280 408 
280 41 
280 131 
280 137 
280 76 
280 8 
280 97 
280 435 
280 52 
280 497 
280 257 
280 272 
280 138 
280 242 
280 211 
280 88 
280 122 
281 366 
281 518 
281 150 
281 201 
281 405 
281 158 
281 556 
281 562 
281 231 
281 519 
281 365 
281 287 
281 329 
281 49 
281 422 
281 451 
281 289 
281 454 
281 395 
281 174 
281 343 
281 163 
281 361 
281 426 
281 130 
281 45 
281 86 
281 251 
281 85 
281 283 
281 250 
281 394 
281 214 
281 258 
281 353 
281 197 
281 546 
281 249 
281 184 
281 412 
281 62 
281 415 
281 286 
281 381 
281 496 
281 210 
281 13 
281 58 
281 42 
281 124 
281 6 
281 70 
281 57 
281 560 
281 575 
281 528 
281 500 
281 537 
281 292 
281 550 
281 402 
281 540 
281 404 
281 44 
281 545 
281 109 
281 472 
281 204 
281 389 
281 303 
281 172 
281 378 
281 263 
281 507 
281 311 
281 194 
281 363 
281 591 
281 346 
281 254 
281 590 
281 410 
281 466 
281 479 
281 169 
281 95 
281 488 
281 304 
281 294 
281 64 
281 153 
281 350 
281 218 
281 10 
281 177 
281 1 
281 270 
281 349 
281 509 
281 563 
281 88 
281 134 
281 430 
281 571 
281 347 
281 547 
281 47 
281 583 
281 73 
281 71 
281 480 
281 300 
281 103 
281 118 
281 551 
281 212 
281 541 
281 34 
281 390 
281 487 
281 101 
281 190 
281 503 
281 138 
281 24 
281 225 
281 123 
281 87 
281 171 
281 525 
281 336 
281 576 
281 267 
281 513 
281 46 
281 236 
281 132 
281 185 
281 53 
281 277 
281 392 
281 312 
281 444 
281 113 
281 233 
281 99 
281 554 
281 121 
281 40 
281 486 
281 406 
281 582 
281 240 
281 548 
281 396 
281 140 
281 248 
281 417 
281 105 
281 117 
281 255 
281 535 
281 235 
281 514 
281 290 
281 180 
281 268 
281 316 
281 247 
281 17 
281 439 
281 245 
281 393 
282 405 
282 401 
282 385 
282 496 
282 355 
282 370 
282 303 
282 90 
282 208 
282 116 
282 395 
282 191 
282 416 
282 106 
282 505 
282 32 
282 271 
282 168 
282 269 
282 83 
282 397 
282 417 
282 51 
282 285 
282 157 
282 478 
282 132 
282 126 
282 268 
282 35 
282 117 
282 218 
282 446 
282 210 
282 471 
282 445 
282 252 
282 524 
282 215 
282 531 
282 232 
282 19 
282 429 
282 567 
282 141 
282 266 
282 44 
282 214 
282 249 
282 316 
282 200 
282 292 
282 532 
282 432 
282 49 
282 1 
282 120 
282 207 
282 150 
282 519 
282 540 
282 36 
282 398 
282 112 
282 579 
282 424 
282 435 
282 186 
282 513 
282 111 
282 506 
282 433 
282 122 
282 10 
282 199 
282 473 
282 290 
282 202 
282 353 
282 365 
282 379 
282 517 
282 467 
282 280 
282 148 
282 144 
282 253 
282 585 
282 340 
282 369 
282 526 
282 234 
282 498 
282 206 
282 237 
282 286 
282 548 
282 223 
282 123 
282 152 
282 469 
282 217 
282 3 
282 326 
282 376 
282 539 
282 124 
282 12 
282 561 
282 304 
282 308 
282 362 
282 121 
282 441 
282 73 
282 255 
282 6 
282 337 
282 220 
282 167 
282 156 
282 11 
282 541 
282 544 
282 60 
282 300 
282 394 
282 26 
282 211 
282 465 
282 55 
282 5 
282 159 
282 580 
282 50 
282 170 
282 53 
282 264 
282 181 
282 88 
282 284 
282 137 
282 38 
282 79 
282 566 
282 176 
282 154 
282 590 
282 422 
282 520 
282 109 
282 348 
282 131 
282 464 
282 265 
282 164 
282 409 
282 43 
282 161 
282 52 
282 243 
282 42 
282 382 
282 291 
282 583 
282 392 
282 419 
282 434 
282 311 
282 384 
282 490 
282 489 
282 263 
282 272 
282 94 
282 138 
283 86 
283 388 
283 530 
283 77 
283 407 
283 275 
283 175 
283 513 
283 396 
283 49 
283 191 
283 153 
283 36 
283 236 
283 182 
283 584 
283 290 
283 190 
283 527 
283 373 
283 342 
283 473 
283 573 
283 237 
283 326 
283 291 
283 144 
283 281 
283 127 
283 15 
283 208 
283 387 
283 254 
283 435 
283 363 
283 134 
283 399 
283 331 
283 9 
283 334 
283 186 
283 177 
283 133 
283 487 
283 276 
283 339 
283 371 
283 120 
283 364 
283 323 
283 272 
283 257 
283 558 
283 252 
283 29 
283 559 
283 395 
283 372 
283 428 
283 18 
283 93 
283 379 
283 245 
283 390 
283 461 
283 511 
283 431 
283 439 
283 367 
283 21 
283 394 
283 53 
283 116 
283 92 
283 505 
283 268 
283 150 
283 108 
283 303 
283 262 
283 160 
283 173 
283 345 
283 574 
283 23 
283 96 
283 243 
283 451 
283 582 
283 440 
283 426 
283 425 
283 166 
283 528 
283 560 
283 514 
283 329 
283 498 
283 174 
283 417 
283 535 
283 413 
283 454 
283 124 
283 265 
283 122 
283 537 
283 38 
283 172 
283 483 
283 82 
283 113 
283 178 
283 444 
283 286 
283 316 
283 576 
283 26 
283 524 
283 437 
283 499 
283 520 
283 128 
283 196 
283 63 
283 218 
283 496 
283 248 
283 292 
283 27 
283 143 
283 456 
283 294 
283 215 
283 300 
283 338 
283 579 
283 69 
283 87 
283 409 
283 359 
283 67 
283 5 
283 105 
283 548 
283 565 
283 429 
283 187 
283 381 
283 16 
283 198 
283 183 
283 353 
283 223 
283 288 
283 126 
283 577 
283 563 
283 553 
283 432 
283 587 
283 360 
283 569 
283 32 
283 91 
283 304 
283 328 
283 192 
283 163 
283 271 
283 287 
283 90 
283 349 
283 37 
283 383 
283 406 
283 320 
284 79 
284 352 
284 121 
284 230 
284 30 
284 91 
284 178 
284 173 
284 131 
284 584 
284 253 
284 358 
284 229 
284 581 
284 565 
284 560 
284 389 
284 97 
284 366 
284 564 
284 95 
284 444 
284 338 
284 146 
284 160 
284 15 
284 297 
284 17 
284 42 
284 278 
284 317 
284 588 
284 273 
284 392 
284 574 
284 38 
284 68 
284 258 
284 129 
284 301 
284 554 
284 408 
284 12 
284 212 
284 247 
284 249 
284 292 
284 501 
284 401 
284 402 
284 188 
284 351 
284 354 
284 200 
284 145 
284 189 
284 491 
284 463 
284 202 
284 353 
284 399 
284 215 
284 112 
284 224 
284 494 
284 128 
284 23 
284 558 
284 8 
284 480 
284 289 
284 456 
284 510 
284 467 
284 106 
284 485 
284 511 
284 324 
284 531 
284 156 
284 576 
284 44 
284 262 
284 228 
284 432 
284 179 
284 261 
284 534 
284 334 
284 107 
284 429 
284 18 
284 148 
284 55 
284 264 
284 465 
284 533 
284 592 
284 504 
284 102 
284 56 
284 309 
284 345 
284 568 
284 305 
284 154 
284 328 
284 426 
284 346 
284 422 
284 466 
284 43 
284 88 
284 455 
284 32 
284 197 
284 482 
284 545 
284 54 
284 417 
284 459 
284 246 
284 24 
284 259 
284 547 
284 243 
284 499 
284 393 
284 93 
284 495 
284 10 
284 46 
284 589 
284 190 
284 530 
284 63 
284 130 
284 329 
284 446 
284 181 
284 562 
284 516 
284 48 
284 537 
284 377 
284 523 
284 552 
284 416 
284 193 
284 524 
284 457 
284 35 
284 282 
284 34 
284 490 
284 285 
284 302 
284 312 
284 337 
284 319 
284 7 
284 420 
284 310 
284 434 
284 473 
284 21 
284 526 
284 587 
284 452 
284 152 
284 126 
284 172 
284 538 
284 151 
284 440 
284 65 
284 341 
284 213 
284 248 
284 404 
284 492 
284 520 
284 409 
284 166 
284 33 
284 557 
284 226 
284 326 
284 250 
284 238 
284 195 
284 58 
284 288 
284 244 
285 468 
285 71 
285 7 
285 350 
285 219 
285 152 
285 278 
285 425 
285 490 
285 483 
285 317 
285 155 
285 221 
285 547 
285 136 
285 80 
285 72 
285 4 
285 494 
285 292 
285 58 
285 406 
285 386 
285 269 
285 282 
285 99 
285 238 
285 74 
285 245 
285 437 
285 382 
285 379 
285 428 
285 200 
285 188 
285 277 
285 174 
285 126 
285 303 
285 270 
285 447 
285 310 
285 202 
285 130 
285 138 
285 323 
285 370 
285 570 
285 592 
285 64 
285 56 
285 192 
285 353 
285 18 
285 312 
285 492 
285 444 
285 82 
285 438 
285 321 
285 29 
285 8 
285 271 
285 259 
285 44 
285 488 
285 574 
285 341 
285 212 
285 216 
285 520 
285 115 
285 427 
285 91 
285 385 
285 237 
285 429 
285 392 
285 314 
285 204 
285 214 
285 549 
285 576 
285 433 
285 133 
285 156 
285 571 
285 469 
285 421 
285 22 
285 583 
285 218 
285 127 
285 533 
285 475 
285 407 
285 388 
285 242 
285 144 
285 222 
285 377 
285 162 
285 387 
285 568 
285 573 
285 419 
285 510 
285 424 
285 102 
285 146 
285 331 
285 585 
285 143 
285 31 
285 367 
285 288 
285 86 
285 241 
285 304 
285 489 
285 184 
285 584 
285 177 
285 239 
285 330 
285 13 
285 39 
285 397 
285 590 
285 524 
285 120 
285 78 
285 249 
285 160 
285 253 
285 26 
285 333 
285 183 
285 398 
285 582 
285 129 
285 37 
285 88 
285 551 
285 198 
285 325 
285 210 
285 415 
285 418 
285 284 
285 225 
285 306 
285 246 
285 579 
285 10 
285 380 
285 60 
285 301 
285 369 
285 147 
285 408 
285 195 
285 305 
285 168 
285 206 
285 38 
285 322 
285 480 
285 452 
285 326 
285 40 
285 336 
285 335 
285 215 
285 550 
285 165 
285 365 
285 113 
285 513 
286 53 
286 194 
286 540 
286 356 
286 189 
286 461 
286 359 
286 35 
286 221 
286 4 
286 431 
286 319 
286 197 
286 532 
286 408 
286 499 
286 71 
286 20 
286 430 
286 60 
286 138 
286 384 
286 52 
286 417 
286 584 
286 171 
286 405 
286 168 
286 305 
286 148 
286 381 
286 121 
286 371 
286 314 
286 278 
286 234 
286 125 
286 555 
286 220 
286 200 
286 91 
286 302 
286 253 
286 307 
286 74 
286 213 
286 422 
286 55 
286 481 
286 429 
286 281 
286 152 
286 428 
286 568 
286 524 
286 34 
286 544 
286 402 
286 39 
286 110 
286 266 
286 414 
286 378 
286 229 
286 560 
286 496 
286 128 
286 375 
286 373 
286 374 
286 505 
286 59 
286 11 
286 520 
286 274 
286 238 
286 129 
286 120 
286 574 
286 225 
286 83 
286 250 
286 77 
286 61 
286 443 
286 252 
286 106 
286 248 
286 208 
286 73 
286 228 
286 58 
286 33 
286 3 
286 36 
286 469 
286 347 
286 136 
286 123 
286 142 
286 541 
286 211 
286 131 
286 423 
286 38 
286 190 
286 383 
286 282 
286 296 
286 82 
286 243 
286 537 
286 343 
286 576 
286 392 
286 166 
286 479 
286 398 
286 295 
286 17 
286 86 
286 153 
286 231 
286 191 
286 172 
286 283 
286 232 
286 183 
286 464 
286 134 
286 416 
286 360 
286 154 
286 224 
286 539 
286 372 
286 45 
286 510 
286 174 
286 355 
286 14 
286 513 
286 104 
286 377 
286 340 
286 310 
286 264 
286 15 
286 164 
286 438 
286 109 
286 491 
286 72 
286 518 
286 445 
286 130 
286 397 
286 233 
286 105 
286 139 
286 67 
286 348 
286 364 
286 70 
286 528 
286 56 
286 247 
286 500 
286 442 
286 564 
286 287 
286 506 
286 187 
286 586 
286 297 
286 167 
286 79 
286 195 
286 215 
286 573 
286 249 
286 493 
286 406 
286 365 
286 160 
286 455 
286 543 
286 100 
286 277 
286 551 
286 40 
286 124 
286 115 
286 344 
286 324 
286 241 
286 219 
286 448 
287 204 
287 225 
287 459 
287 7 
287 471 
287 559 
287 473 
287 304 
287 378 
287 377 
287 281 
287 564 
287 205 
287 365 
287 167 
287 332 
287 413 
287 383 
287 531 
287 534 
287 392 
287 484 
287 418 
287 108 
287 37 
287 339 
287 535 
287 85 
287 43 
287 245 
287 241 
287 23 
287 276 
287 44 
287 576 
287 258 
287 45 
287 494 
287 511 
287 558 
287 359 
287 539 
287 523 
287 8 
287 315 
287 373 
287 130 
287 257 
287 570 
287 591 
287 309 
287 474 
287 14 
287 481 
287 178 
287 357 
287 230 
287 388 
287 182 
287 90 
287 495 
287 529 
287 457 
287 482 
287 409 
287 31 
287 362 
287 415 
287 209 
287 338 
287 19 
287 530 
287 63 
287 478 
287 100 
287 336 
287 307 
287 532 
287 301 
287 127 
287 95 
287 528 
287 12 
287 145 
287 30 
287 201 
287 508 
287 549 
287 194 
287 60 
287 132 
287 34 
287 82 
287 221 
287 573 
287 587 
287 407 
287 572 
287 563 
287 565 
287 238 
287 590 
287 165 
287 470 
287 483 
287 375 
287 364 
287 351 
287 306 
287 75 
287 584 
287 192 
287 356 
287 308 
287 233 
287 84 
287 550 
287 121 
287 348 
287 152 
287 401 
287 537 
287 426 
287 526 
287 452 
287 187 
287 259 
287 218 
287 554 
287 114 
287 246 
287 505 
287 460 
287 184 
287 252 
287 557 
287 397 
287 548 
287 335 
287 311 
287 498 
287 386 
287 116 
287 106 
287 1 
287 379 
287 290 
287 262 
287 322 
287 180 
287 488 
287 96 
287 519 
287 143 
287 294 
287 340 
287 490 
287 352 
287 105 
287 540 
287 299 
287 243 
287 425 
287 99 
287 312 
287 149 
287 405 
287 286 
287 501 
287 507 
287 158 
287 369 
287 134 
287 138 
287 74 
287 566 
287 11 
287 295 
287 164 
287 249 
287 51 
287 283 
287 414 
287 125 
287 582 
287 489 
287 185 
287 366 
287 553 
287 486 
287 516 
288 458 
288 536 
288 567 
288 302 
288 435 
288 102 
288 64 
288 579 
288 70 
288 342 
288 558 
288 206 
288 589 
288 161 
288 249 
288 110 
288 340 
288 466 
288 354 
288 48 
288 205 
288 573 
288 307 
288 38 
288 565 
288 18 
288 449 
288 160 
288 471 
288 444 
288 366 
288 72 
288 493 
288 300 
288 233 
288 252 
288 365 
288 499 
288 46 
288 482 
288 447 
288 372 
288 230 
288 408 
288 364 
288 426 
288 452 
288 510 
288 438 
288 329 
288 108 
288 419 
288 421 
288 352 
288 280 
288 374 
288 273 
288 148 
288 107 
288 30 
288 145 
288 0 
288 198 
288 485 
288 451 
288 551 
288 494 
288 337 
288 299 
288 515 
288 314 
288 489 
288 66 
288 497 
288 464 
288 455 
288 393 
288 177 
288 65 
288 155 
288 179 
288 178 
288 308 
288 268 
288 292 
288 351 
288 220 
288 211 
288 517 
288 514 
288 214 
288 87 
288 409 
288 412 
288 522 
288 477 
288 369 
288 350 
288 265 
288 271 
288 111 
288 257 
288 528 
288 330 
288 269 
288 498 
288 159 
288 251 
288 172 
288 185 
288 58 
288 170 
288 92 
288 285 
288 15 
288 195 
288 552 
288 533 
288 509 
288 17 
288 190 
288 503 
288 3 
288 344 
288 542 
288 74 
288 173 
288 100 
288 318 
288 98 
288 512 
288 481 
288 399 
288 96 
288 434 
288 45 
288 105 
288 235 
288 36 
288 585 
288 225 
288 212 
288 168 
288 439 
288 529 
288 69 
288 397 
288 521 
288 457 
288 207 
288 61 
288 283 
288 147 
288 277 
288 80 
288 568 
288 10 
288 507 
288 376 
288 241 
288 76 
288 135 
288 413 
288 199 
288 63 
288 274 
288 238 
288 55 
288 323 
288 53 
288 183 
288 578 
288 94 
288 284 
288 116 
289 9 
289 54 
289 15 
289 259 
289 535 
289 14 
289 344 
289 354 
289 247 
289 133 
289 402 
289 376 
289 375 
289 127 
289 78 
289 4 
289 73 
289 175 
289 25 
289 154 
289 177 
289 586 
289 26 
289 473 
289 343 
289 328 
289 281 
289 64 
289 86 
289 47 
289 79 
289 431 
289 51 
289 545 
289 489 
289 378 
289 199 
289 458 
289 462 
289 548 
289 302 
289 295 
289 48 
289 80 
289 386 
289 165 
289 5 
289 422 
289 163 
289 564 
289 43 
289 391 
289 256 
289 528 
289 550 
289 69 
289 340 
289 41 
289 491 
289 423 
289 301 
289 42 
289 419 
289 113 
289 187 
289 426 
289 76 
289 267 
289 410 
289 189 
289 509 
289 59 
289 284 
289 441 
289 404 
289 439 
289 496 
289 563 
289 6 
289 486 
289 460 
289 253 
289 122 
289 161 
289 57 
289 223 
289 2 
289 147 
289 142 
289 579 
289 512 
289 566 
289 461 
289 195 
289 213 
289 102 
289 239 
289 377 
289 320 
289 587 
289 179 
289 424 
289 436 
289 294 
289 511 
289 321 
289 297 
289 470 
289 83 
289 588 
289 521 
289 60 
289 568 
289 445 
289 502 
289 567 
289 105 
289 200 
289 52 
289 384 
289 152 
289 155 
289 275 
289 480 
289 221 
289 540 
289 182 
289 87 
289 106 
289 475 
289 67 
289 514 
289 205 
289 355 
289 571 
289 12 
289 334 
289 457 
289 262 
289 91 
289 293 
289 172 
289 33 
289 137 
289 139 
289 85 
289 455 
289 38 
289 413 
289 292 
289 174 
289 72 
289 483 
289 364 
289 22 
289 335 
289 543 
289 443 
289 300 
289 274 
289 141 
289 238 
289 75 
289 70 
289 589 
289 28 
289 21 
289 576 
289 241 
289 508 
289 132 
289 204 
289 249 
289 23 
289 388 
289 318 
289 492 
289 383 
289 542 
289 516 
289 506 
289 220 
289 433 
289 40 
289 201 
289 553 
289 98 
289 327 
289 58 
289 84 
289 434 
289 206 
290 114 
290 225 
290 63 
290 197 
290 218 
290 120 
290 529 
290 152 
290 463 
290 36 
290 390 
290 243 
290 283 
290 432 
290 15 
290 373 
290 43 
290 414 
290 555 
290 77 
290 375 
290 99 
290 83 
290 173 
290 495 
290 443 
290 164 
290 305 
290 338 
290 319 
290 404 
290 355 
290 35 
290 136 
290 392 
290 474 
290 441 
290 183 
290 260 
290 45 
290 233 
290 434 
290 293 
290 34 
290 335 
290 37 
290 467 
290 445 
290 94 
290 438 
290 351 
290 142 
290 472 
290 564 
290 428 
290 544 
290 448 
290 554 
290 420 
290 97 
290 504 
290 101 
290 149 
290 261 
290 113 
290 108 
290 133 
290 89 
290 10 
290 317 
290 431 
290 282 
290 7 
290 558 
290 300 
290 519 
290 200 
290 349 
290 203 
290 86 
290 546 
290 518 
290 93 
290 468 
290 478 
290 193 
290 87 
290 561 
290 582 
290 236 
290 210 
290 62 
290 237 
290 475 
290 508 
290 588 
290 419 
290 170 
290 408 
290 422 
290 23 
290 331 
290 572 
290 58 
290 313 
290 534 
290 208 
290 169 
290 254 
290 563 
290 272 
290 516 
290 179 
290 25 
290 190 
290 49 
290 378 
290 52 
290 333 
290 40 
290 287 
290 59 
290 465 
290 167 
290 298 
290 365 
290 324 
290 238 
290 30 
290 340 
290 412 
290 521 
290 577 
290 328 
290 11 
290 307 
290 399 
290 165 
290 64 
290 323 
290 547 
290 571 
290 85 
290 3 
290 178 
290 377 
290 196 
290 91 
290 575 
290 491 
290 24 
290 590 
290 39 
290 4 
290 411 
290 330 
290 503 
290 110 
290 281 
290 279 
290 41 
290 256 
290 204 
290 316 
290 231 
290 182 
290 410 
290 141 
290 187 
290 72 
290 54 
290 172 
290 132 
291 581 
291 420 
291 568 
291 587 
291 141 
291 454 
291 320 
291 208 
291 383 
291 525 
291 276 
291 351 
291 50 
291 548 
291 421 
291 45 
291 245 
291 111 
291 152 
291 396 
291 395 
291 298 
291 365 
291 274 
291 262 
291 76 
291 283 
291 307 
291 113 
291 80 
291 570 
291 299 
291 63 
291 104 
291 222 
291 381 
291 458 
291 372 
291 311 
291 4 
291 256 
291 160 
291 82 
291 81 
291 498 
291 513 
291 217 
291 321 
291 293 
291 485 
291 379 
291 138 
291 334 
291 348 
291 324 
291 573 
291 537 
291 589 
291 509 
291 252 
291 552 
291 182 
291 586 
291 511 
291 249 
291 419 
291 584 
291 102 
291 277 
291 408 
291 20 
291 327 
291 294 
291 108 
291 335 
291 368 
291 191 
291 22 
291 561 
291 439 
291 93 
291 231 
291 332 
291 185 
291 168 
291 479 
291 336 
291 38 
291 24 
291 541 
291 241 
291 49 
291 387 
291 494 
291 134 
291 545 
291 576 
291 417 
291 155 
291 116 
291 270 
291 161 
291 422 
291 59 
291 68 
291 28 
291 522 
291 342 
291 179 
291 31 
291 371 
291 58 
291 540 
291 258 
291 18 
291 238 
291 273 
291 132 
291 582 
291 466 
291 47 
291 403 
291 551 
291 450 
291 575 
291 114 
291 392 
291 214 
291 567 
291 426 
291 418 
291 39 
291 564 
291 322 
291 254 
291 122 
291 565 
291 251 
291 101 
291 12 
291 40 
291 361 
291 48 
291 163 
291 375 
291 462 
291 156 
291 15 
291 126 
291 496 
291 480 
291 275 
291 150 
291 524 
291 30 
291 515 
291 7 
291 228 
291 91 
291 69 
291 500 
291 118 
291 194 
291 72 
291 247 
291 282 
291 173 
291 556 
291 399 
291 153 
291 434 
291 308 
291 78 
291 413 
291 26 
291 88 
291 205 
291 239 
291 302 
291 0 
291 461 
292 538 
292 240 
292 3 
292 456 
292 47 
292 232 
292 546 
292 178 
292 468 
292 366 
292 127 
292 554 
292 230 
292 335 
292 474 
292 444 
292 404 
292 129 
292 18 
292 11 
292 285 
292 510 
292 389 
292 436 
292 341 
292 370 
292 7 
292 67 
292 179 
292 198 
292 463 
292 250 
292 363 
292 496 
292 216 
292 375 
292 38 
292 527 
292 393 
292 592 
292 303 
292 513 
292 364 
292 214 
292 295 
292 494 
292 23 
292 553 
292 180 
292 268 
292 544 
292 191 
292 489 
292 568 
292 282 
292 466 
292 369 
292 284 
292 547 
292 207 
292 102 
292 199 
292 16 
292 151 
292 281 
292 450 
292 153 
292 13 
292 91 
292 209 
292 203 
292 572 
292 322 
292 275 
292 10 
292 49 
292 248 
292 288 
292 121 
292 545 
292 115 
292 123 
292 98 
292 84 
292 577 
292 579 
292 521 
292 53 
292 244 
292 588 
292 138 
292 550 
292 441 
292 352 
292 559 
292 433 
292 192 
292 219 
292 374 
292 460 
292 32 
292 88 
292 5 
292 326 
292 75 
292 516 
292 454 
292 0 
292 578 
292 410 
292 586 
292 408 
292 397 
292 549 
292 87 
292 367 
292 189 
292 237 
292 439 
292 488 
292 542 
292 428 
292 345 
292 89 
292 283 
292 155 
292 238 
292 154 
292 503 
292 570 
292 30 
292 134 
292 320 
292 379 
292 61 
292 197 
292 422 
292 74 
292 507 
292 584 
292 243 
292 552 
292 4 
292 52 
292 300 
292 508 
292 289 
292 265 
292 517 
292 201 
292 305 
292 452 
292 226 
292 425 
292 533 
292 168 
292 453 
292 458 
292 83 
292 443 
292 411 
292 325 
292 560 
292 483 
292 413 
292 25 
292 100 
292 252 
292 472 
292 104 
292 328 
292 235 
292 555 
292 330 
292 589 
292 465 
292 259 
292 491 
292 245 
292 105 
292 215 
292 309 
292 354 
292 208 
292 206 
293 399 
293 269 
293 184 
293 167 
293 396 
293 18 
293 423 
293 147 
293 243 
293 488 
293 97 
293 248 
293 545 
293 251 
293 121 
293 176 
293 125 
293 441 
293 551 
293 102 
293 579 
293 403 
293 75 
293 351 
293 451 
293 517 
293 407 
293 546 
293 67 
293 527 
293 532 
293 483 
293 80 
293 162 
293 144 
293 158 
293 305 
293 513 
293 8 
293 89 
293 212 
293 323 
293 320 
293 499 
293 230 
293 23 
293 496 
293 592 
293 59 
293 291 
293 290 
293 475 
293 221 
293 467 
293 474 
293 6 
293 197 
293 303 
293 207 
293 478 
293 555 
293 20 
293 278 
293 552 
293 421 
293 171 
293 341 
293 129 
293 45 
293 526 
293 214 
293 37 
293 277 
293 206 
293 180 
293 512 
293 308 
293 225 
293 100 
293 344 
293 370 
293 388 
293 252 
293 306 
293 519 
293 86 
293 416 
293 500 
293 430 
293 333 
293 359 
293 85 
293 485 
293 161 
293 350 
293 338 
293 504 
293 46 
293 516 
293 195 
293 107 
293 589 
293 199 
293 72 
293 26 
293 48 
293 95 
293 477 
293 369 
293 112 
293 580 
293 166 
293 458 
293 66 
293 192 
293 558 
293 104 
293 96 
293 140 
293 3 
293 181 
293 109 
293 175 
293 134 
293 405 
293 310 
293 289 
293 567 
293 68 
293 236 
293 211 
293 335 
293 508 
293 81 
293 570 
293 157 
293 42 
293 148 
293 414 
293 562 
293 389 
293 178 
293 101 
293 329 
293 173 
293 209 
293 446 
293 307 
293 312 
293 319 
293 491 
293 331 
293 31 
293 275 
293 569 
293 234 
293 415 
293 419 
293 524 
293 240 
293 241 
293 321 
293 123 
293 74 
293 149 
293 463 
293 495 
293 201 
293 258 
294 546 
294 113 
294 156 
294 101 
294 228 
294 578 
294 169 
294 321 
294 487 
294 59 
294 373 
294 191 
294 119 
294 544 
294 317 
294 326 
294 342 
294 279 
294 28 
294 147 
294 265 
294 420 
294 222 
294 278 
294 67 
294 266 
294 385 
294 332 
294 299 
294 309 
294 474 
294 369 
294 50 
294 21 
294 192 
294 343 
294 0 
294 356 
294 402 
294 10 
294 553 
294 376 
294 473 
294 535 
294 549 
294 122 
294 56 
294 15 
294 162 
294 400 
294 231 
294 379 
294 227 
294 8 
294 314 
294 44 
294 436 
294 439 
294 335 
294 154 
294 372 
294 572 
294 555 
294 64 
294 300 
294 248 
294 238 
294 155 
294 570 
294 291 
294 312 
294 498 
294 41 
294 243 
294 92 
294 264 
294 78 
294 455 
294 358 
294 531 
294 485 
294 39 
294 281 
294 298 
294 73 
294 573 
294 453 
294 262 
294 75 
294 33 
294 472 
294 66 
294 289 
294 345 
294 502 
294 422 
294 225 
294 336 
294 213 
294 337 
294 556 
294 20 
294 302 
294 338 
294 63 
294 435 
294 319 
294 85 
294 584 
294 491 
294 348 
294 194 
294 38 
294 426 
294 412 
294 445 
294 380 
294 18 
294 26 
294 374 
294 334 
294 209 
294 283 
294 136 
294 440 
294 577 
294 193 
294 4 
294 32 
294 464 
294 263 
294 585 
294 287 
294 111 
294 368 
294 333 
294 574 
294 346 
294 537 
294 252 
294 401 
294 105 
294 144 
294 236 
294 504 
294 205 
294 386 
294 480 
294 123 
294 141 
294 377 
294 484 
294 446 
294 260 
294 520 
294 489 
294 532 
294 126 
294 565 
294 511 
294 355 
295 443 
295 265 
295 380 
295 533 
295 444 
295 46 
295 64 
295 192 
295 180 
295 472 
295 82 
295 564 
295 19 
295 575 
295 490 
295 453 
295 502 
295 463 
295 243 
295 535 
295 365 
295 567 
295 141 
295 55 
295 48 
295 572 
295 139 
295 362 
295 356 
295 300 
295 391 
295 169 
295 407 
295 442 
295 579 
295 289 
295 433 
295 417 
295 514 
295 129 
295 292 
295 580 
295 149 
295 397 
295 3 
295 455 
295 92 
295 299 
295 112 
295 59 
295 49 
295 366 
295 136 
295 372 
295 446 
295 128 
295 546 
295 305 
295 17 
295 345 
295 18 
295 134 
295 439 
295 191 
295 214 
295 483 
295 511 
295 269 
295 388 
295 452 
295 516 
295 529 
295 175 
295 542 
295 42 
295 131 
295 118 
295 505 
295 12 
295 370 
295 320 
295 26 
295 477 
295 215 
295 527 
295 451 
295 302 
295 335 
295 312 
295 521 
295 374 
295 492 
295 308 
295 207 
295 1 
295 313 
295 419 
295 420 
295 590 
295 479 
295 468 
295 434 
295 552 
295 224 
295 393 
295 23 
295 78 
295 317 
295 115 
295 478 
295 461 
295 277 
295 30 
295 547 
295 504 
295 286 
295 334 
295 52 
295 398 
295 332 
295 15 
295 310 
295 279 
295 90 
295 327 
295 570 
295 256 
295 7 
295 225 
295 105 
295 476 
295 173 
295 0 
295 238 
295 174 
295 323 
295 122 
295 140 
295 137 
295 469 
295 512 
295 201 
295 376 
295 573 
295 507 
295 77 
295 97 
295 103 
295 368 
295 441 
295 84 
295 250 
295 481 
295 445 
295 13 
295 37 
295 402 
295 382 
295 159 
295 298 
295 359 
295 184 
295 63 
295 199 
295 287 
295 85 
295 185 
295 213 
295 121 
295 414 
295 171 
295 346 
295 157 
295 322 
295 353 
295 151 
296 495 
296 425 
296 541 
296 207 
296 125 
296 436 
296 407 
296 378 
296 342 
296 406 
296 63 
296 20 
296 212 
296 9 
296 50 
296 414 
296 137 
296 576 
296 268 
296 493 
296 413 
296 149 
296 457 
296 316 
296 327 
296 47 
296 544 
296 178 
296 123 
296 383 
296 528 
296 217 
296 556 
296 221 
296 44 
296 99 
296 315 
296 474 
296 511 
296 322 
296 5 
296 520 
296 531 
296 141 
296 347 
296 549 
296 364 
296 366 
296 589 
296 32 
296 181 
296 525 
296 176 
296 550 
296 504 
296 115 
296 424 
296 532 
296 86 
296 318 
296 482 
296 314 
296 481 
296 180 
296 92 
296 356 
296 145 
296 129 
296 335 
296 460 
296 208 
296 429 
296 350 
296 590 
296 132 
296 33 
296 418 
296 182 
296 409 
296 395 
296 264 
296 57 
296 279 
296 416 
296 580 
296 210 
296 286 
296 309 
296 43 
296 507 
296 487 
296 239 
296 584 
296 166 
296 329 
296 323 
296 151 
296 547 
296 218 
296 516 
296 36 
296 333 
296 527 
296 343 
296 310 
296 269 
296 11 
296 339 
296 382 
296 225 
296 512 
296 138 
296 571 
296 328 
296 320 
296 270 
296 177 
296 400 
296 248 
296 503 
296 223 
296 6 
296 509 
296 164 
296 160 
296 242 
296 8 
296 546 
296 500 
296 200 
296 142 
296 519 
296 427 
296 254 
296 256 
296 113 
296 370 
296 106 
296 135 
296 60 
296 518 
296 472 
296 193 
296 49 
296 96 
296 117 
296 341 
296 272 
296 422 
296 46 
296 391 
296 10 
296 155 
296 62 
296 204 
296 90 
296 530 
296 189 
296 357 
296 245 
296 231 
296 130 
296 29 
296 190 
296 107 
296 78 
296 456 
296 489 
296 64 
296 353 
296 506 
296 143 
296 42 
296 205 
296 174 
296 76 
296 13 
296 380 
296 30 
296 475 
297 196 
297 561 
297 174 
297 349 
297 472 
297 14 
297 557 
297 299 
297 129 
297 400 
297 559 
297 195 
297 447 
297 254 
297 424 
297 582 
297 205 
297 350 
297 331 
297 162 
297 520 
297 496 
297 58 
297 284 
297 16 
297 83 
297 269 
297 403 
297 475 
297 60 
297 221 
297 187 
297 24 
297 402 
297 362 
297 570 
297 330 
297 499 
297 364 
297 272 
297 41 
297 367 
297 543 
297 432 
297 0 
297 430 
297 278 
297 394 
297 84 
297 180 
297 128 
297 358 
297 565 
297 414 
297 535 
297 542 
297 37 
297 73 
297 213 
297 390 
297 307 
297 251 
297 57 
297 86 
297 193 
297 62 
297 178 
297 71 
297 216 
297 375 
297 318 
297 485 
297 429 
297 59 
297 240 
297 588 
297 4 
297 115 
297 422 
297 354 
297 380 
297 3 
297 549 
297 415 
297 42 
297 68 
297 210 
297 10 
297 21 
297 108 
297 152 
297 13 
297 275 
297 519 
297 198 
297 289 
297 304 
297 322 
297 580 
297 544 
297 463 
297 418 
297 558 
297 434 
297 356 
297 202 
297 61 
297 204 
297 338 
297 146 
297 235 
297 92 
297 466 
297 6 
297 423 
297 487 
297 443 
297 374 
297 267 
297 150 
297 470 
297 372 
297 498 
297 164 
297 111 
297 113 
297 445 
297 563 
297 18 
297 148 
297 348 
297 566 
297 48 
297 461 
297 377 
297 66 
297 389 
297 100 
297 169 
297 578 
297 112 
297 435 
297 528 
297 457 
297 223 
297 312 
297 385 
297 177 
297 574 
297 351 
297 153 
297 94 
297 560 
297 452 
297 170 
297 286 
297 419 
297 302 
297 477 
297 168 
297 462 
297 480 
297 102 
297 64 
297 230 
297 510 
297 404 
297 149 
297 139 
297 360 
297 352 
298 559 
298 588 
298 529 
298 377 
298 109 
298 486 
298 578 
298 335 
298 366 
298 66 
298 49 
298 331 
298 194 
298 491 
298 238 
298 199 
298 579 
298 97 
298 536 
298 336 
298 451 
298 444 
298 256 
298 13 
298 304 
298 291 
298 380 
298 422 
298 280 
298 245 
298 306 
298 315 
298 424 
298 480 
298 445 
298 23 
298 201 
298 549 
298 557 
298 48 
298 250 
298 492 
298 414 
298 390 
298 268 
298 348 
298 110 
298 27 
298 24 
298 581 
298 334 
298 478 
298 223 
298 166 
298 479 
298 202 
298 371 
298 329 
298 525 
298 477 
298 232 
298 337 
298 253 
298 496 
298 344 
298 425 
298 218 
298 106 
298 207 
298 43 
298 535 
298 26 
298 374 
298 88 
298 29 
298 307 
298 554 
298 100 
298 327 
298 472 
298 21 
298 42 
298 347 
298 411 
298 262 
298 246 
298 400 
298 90 
298 341 
298 375 
298 484 
298 419 
298 351 
298 294 
298 364 
298 502 
298 391 
298 231 
298 418 
298 164 
298 56 
298 517 
298 580 
298 139 
298 227 
298 510 
298 234 
298 175 
298 178 
298 556 
298 146 
298 156 
298 487 
298 196 
298 91 
298 242 
298 550 
298 562 
298 378 
298 159 
298 462 
298 257 
298 28 
298 62 
298 114 
298 240 
298 515 
298 558 
298 553 
298 179 
298 299 
298 135 
298 330 
298 433 
298 359 
298 63 
298 501 
298 84 
298 290 
298 143 
298 376 
298 269 
298 163 
298 475 
298 6 
298 270 
298 210 
298 448 
298 356 
298 134 
298 203 
298 116 
298 229 
298 239 
298 76 
298 295 
298 312 
298 544 
298 193 
298 73 
298 247 
298 523 
298 583 
298 215 
298 305 
298 37 
298 57 
298 267 
298 260 
298 469 
298 277 
298 577 
298 33 
298 453 
298 450 
298 121 
298 560 
298 220 
298 589 
299 476 
299 29 
299 382 
299 239 
299 63 
299 464 
299 189 
299 89 
299 416 
299 263 
299 421 
299 297 
299 411 
299 555 
299 461 
299 419 
299 391 
299 386 
299 590 
299 128 
299 394 
299 488 
299 489 
299 459 
299 229 
299 112 
299 484 
299 216 
299 496 
299 519 
299 294 
299 291 
299 423 
299 270 
299 377 
299 547 
299 374 
299 399 
299 331 
299 295 
299 96 
299 439 
299 361 
299 431 
299 556 
299 580 
299 366 
299 541 
299 577 
299 349 
299 318 
299 151 
299 288 
299 503 
299 168 
299 570 
299 106 
299 118 
299 509 
299 169 
299 16 
299 21 
299 424 
299 109 
299 569 
299 475 
299 412 
299 370 
299 305 
299 187 
299 513 
299 198 
299 471 
299 351 
299 527 
299 158 
299 84 
299 516 
299 245 
299 34 
299 223 
299 559 
299 365 
299 54 
299 43 
299 444 
299 77 
299 212 
299 82 
299 333 
299 127 
299 345 
299 432 
299 159 
299 102 
299 260 
299 545 
299 499 
299 500 
299 401 
299 307 
299 322 
299 37 
299 186 
299 303 
299 426 
299 418 
299 23 
299 130 
299 233 
299 576 
299 492 
299 99 
299 230 
299 372 
299 321 
299 498 
299 42 
299 224 
299 253 
299 79 
299 505 
299 138 
299 61 
299 238 
299 528 
299 298 
299 367 
299 408 
299 551 
299 277 
299 467 
299 451 
299 50 
299 413 
299 33 
299 287 
299 564 
299 543 
299 142 
299 368 
299 101 
299 7 
299 308 
299 117 
299 261 
299 420 
299 47 
299 585 
299 44 
299 339 
299 108 
299 199 
299 249 
299 22 
299 26 
299 302 
299 481 
299 143 
299 228 
299 13 
299 4 
299 246 
299 435 
299 78 
300 553 
300 136 
300 431 
300 520 
300 421 
300 107 
300 430 
300 37 
300 142 
300 96 
300 246 
300 147 
300 429 
300 49 
300 34 
300 515 
300 215 
300 408 
300 552 
300 27 
300 288 
300 476 
300 295 
300 63 
300 318 
300 345 
300 196 
300 334 
300 184 
300 538 
300 11 
300 449 
300 68 
300 61 
300 489 
300 80 
300 123 
300 23 
300 502 
300 82 
300 355 
300 199 
300 497 
300 504 
300 446 
300 243 
300 212 
300 464 
300 438 
300 413 
300 564 
300 518 
300 524 
300 555 
300 28 
300 165 
300 433 
300 418 
300 149 
300 158 
300 66 
300 241 
300 104 
300 352 
300 488 
300 150 
300 36 
300 377 
300 175 
300 41 
300 572 
300 33 
300 517 
300 98 
300 465 
300 395 
300 238 
300 496 
300 294 
300 588 
300 140 
300 14 
300 373 
300 130 
300 280 
300 204 
300 290 
300 338 
300 416 
300 337 
300 193 
300 412 
300 117 
300 543 
300 383 
300 189 
300 240 
300 434 
300 452 
300 486 
300 460 
300 148 
300 64 
300 571 
300 551 
300 254 
300 550 
300 13 
300 59 
300 91 
300 3 
300 65 
300 221 
300 317 
300 179 
300 121 
300 182 
300 134 
300 561 
300 160 
300 239 
300 103 
300 19 
300 138 
300 346 
300 201 
300 281 
300 231 
300 414 
300 51 
300 368 
300 22 
300 311 
300 554 
300 25 
300 237 
300 509 
300 451 
300 43 
300 333 
300 479 
300 131 
300 152 
300 415 
300 282 
300 170 
300 347 
300 109 
300 283 
300 39 
300 424 
300 122 
300 112 
300 166 
300 591 
300 328 
300 292 
300 428 
300 222 
300 335 
300 289 
300 344 
300 174 
300 15 
300 35 
300 55 
300 534 
300 498 
300 365 
300 387 
300 99 
300 100 
300 390 
300 0 
300 133 
300 235 
300 380 
300 444 
300 458 
300 78 
300 151 
300 209 
300 77 
300 324 
301 346 
301 126 
301 393 
301 142 
301 537 
301 540 
301 496 
301 275 
301 340 
301 33 
301 350 
301 9 
301 542 
301 473 
301 409 
301 394 
301 553 
301 354 
301 457 
301 506 
301 380 
301 418 
301 582 
301 552 
301 536 
301 15 
301 227 
301 550 
301 279 
301 79 
301 348 
301 570 
301 24 
301 494 
301 359 
301 115 
301 42 
301 315 
301 411 
301 252 
301 144 
301 96 
301 364 
301 463 
301 562 
301 551 
301 109 
301 17 
301 402 
301 383 
301 493 
301 363 
301 284 
301 584 
301 487 
301 468 
301 303 
301 199 
301 321 
301 75 
301 53 
301 99 
301 35 
301 497 
301 289 
301 495 
301 414 
301 557 
301 429 
301 444 
301 266 
301 448 
301 373 
301 211 
301 521 
301 319 
301 287 
301 401 
301 41 
301 434 
301 450 
301 213 
301 413 
301 392 
301 177 
301 50 
301 56 
301 472 
301 585 
301 238 
301 443 
301 66 
301 263 
301 63 
301 45 
301 247 
301 130 
301 378 
301 431 
301 559 
301 265 
301 488 
301 49 
301 580 
301 87 
301 180 
301 581 
301 533 
301 222 
301 194 
301 381 
301 43 
301 510 
301 168 
301 482 
301 483 
301 377 
301 571 
301 71 
301 60 
301 11 
301 225 
301 464 
301 181 
301 519 
301 371 
301 261 
301 114 
301 235 
301 272 
301 438 
301 507 
301 106 
301 230 
301 44 
301 73 
301 6 
301 508 
301 395 
301 544 
301 344 
301 175 
301 549 
301 458 
301 167 
301 258 
301 591 
301 246 
301 155 
301 406 
301 85 
301 244 
301 285 
301 156 
301 46 
301 592 
301 209 
301 111 
301 112 
301 88 
301 520 
301 528 
301 479 
301 192 
301 451 
301 526 
301 384 
301 259 
301 173 
301 453 
301 264 
301 419 
301 555 
302 78 
302 260 
302 27 
302 495 
302 288 
302 180 
302 316 
302 168 
302 1 
302 486 
302 546 
302 41 
302 312 
302 515 
302 444 
302 304 
302 345 
302 552 
302 113 
302 557 
302 156 
302 216 
302 387 
302 56 
302 356 
302 591 
302 200 
302 375 
302 481 
302 193 
302 446 
302 563 
302 289 
302 566 
302 43 
302 286 
302 205 
302 317 
302 483 
302 142 
302 176 
302 354 
302 53 
302 454 
302 585 
302 365 
302 501 
302 510 
302 333 
302 228 
302 364 
302 104 
302 341 
302 110 
302 100 
302 413 
302 537 
302 380 
302 62 
302 528 
302 342 
302 497 
302 429 
302 323 
302 57 
302 512 
302 443 
302 101 
302 539 
302 206 
302 508 
302 550 
302 511 
302 295 
302 124 
302 247 
302 390 
302 122 
302 590 
302 51 
302 170 
302 29 
302 277 
302 577 
302 203 
302 391 
302 461 
302 114 
302 418 
302 471 
302 74 
302 473 
302 305 
302 478 
302 248 
302 330 
302 218 
302 67 
302 430 
302 223 
302 465 
302 213 
302 147 
302 144 
302 252 
302 135 
302 105 
302 210 
302 231 
302 294 
302 97 
302 139 
302 172 
302 273 
302 24 
302 482 
302 141 
302 132 
302 182 
302 242 
302 383 
302 31 
302 346 
302 582 
302 520 
302 160 
302 373 
302 138 
302 164 
302 409 
302 416 
302 554 
302 196 
302 485 
302 538 
302 314 
302 357 
302 379 
302 72 
302 3 
302 263 
302 127 
302 360 
302 89 
302 227 
302 46 
302 222 
302 334 
302 243 
302 175 
302 458 
302 570 
302 370 
302 284 
302 68 
302 476 
302 415 
302 553 
302 358 
302 311 
302 402 
302 198 
302 378 
302 427 
302 558 
302 21 
302 372 
302 573 
302 297 
302 309 
302 499 
302 50 
302 320 
302 54 
302 331 
302 111 
302 256 
302 507 
302 299 
302 271 
302 579 
302 359 
302 178 
302 225 
302 502 
302 291 
303 254 
303 263 
303 55 
303 265 
303 447 
303 390 
303 282 
303 314 
303 271 
303 108 
303 9 
303 8 
303 537 
303 433 
303 113 
303 221 
303 139 
303 121 
303 541 
303 223 
303 448 
303 133 
303 202 
303 389 
303 575 
303 233 
303 107 
303 583 
303 34 
303 103 
303 555 
303 193 
303 391 
303 511 
303 521 
303 539 
303 124 
303 285 
303 292 
303 385 
303 412 
303 578 
303 352 
303 556 
303 114 
303 140 
303 217 
303 587 
303 558 
303 180 
303 353 
303 128 
303 56 
303 384 
303 301 
303 122 
303 208 
303 586 
303 293 
303 219 
303 550 
303 347 
303 434 
303 87 
303 438 
303 567 
303 168 
303 135 
303 7 
303 127 
303 236 
303 421 
303 169 
303 474 
303 4 
303 281 
303 374 
303 338 
303 396 
303 313 
303 470 
303 503 
303 243 
303 45 
303 210 
303 28 
303 483 
303 568 
303 275 
303 540 
303 368 
303 93 
303 76 
303 19 
303 149 
303 283 
303 442 
303 527 
303 429 
303 199 
303 479 
303 73 
303 337 
303 392 
303 23 
303 77 
303 563 
303 413 
303 95 
303 466 
303 510 
303 584 
303 1 
303 181 
303 487 
303 528 
303 548 
303 299 
303 565 
303 306 
303 51 
303 274 
303 47 
303 39 
303 40 
303 258 
303 508 
303 581 
303 74 
303 67 
303 425 
303 279 
303 349 
303 324 
303 554 
303 62 
303 566 
303 131 
303 334 
303 5 
303 423 
303 454 
303 58 
303 557 
303 323 
303 66 
303 309 
303 276 
303 513 
303 322 
303 410 
303 231 
303 431 
303 416 
303 260 
303 26 
303 488 
303 444 
303 148 
303 209 
303 269 
303 162 
303 200 
303 235 
303 573 
303 519 
303 542 
303 518 
303 376 
303 496 
303 491 
303 25 
303 184 
303 153 
303 206 
303 411 
303 64 
304 437 
304 157 
304 386 
304 164 
304 559 
304 471 
304 224 
304 547 
304 423 
304 555 
304 339 
304 287 
304 401 
304 375 
304 541 
304 574 
304 419 
304 178 
304 410 
304 302 
304 203 
304 155 
304 253 
304 344 
304 485 
304 484 
304 298 
304 385 
304 516 
304 449 
304 582 
304 575 
304 499 
304 140 
304 21 
304 310 
304 131 
304 214 
304 98 
304 64 
304 497 
304 354 
304 25 
304 366 
304 201 
304 507 
304 439 
304 479 
304 207 
304 37 
304 389 
304 532 
304 267 
304 324 
304 94 
304 340 
304 372 
304 508 
304 278 
304 549 
304 138 
304 533 
304 400 
304 424 
304 506 
304 311 
304 90 
304 274 
304 16 
304 458 
304 85 
304 561 
304 60 
304 195 
304 383 
304 165 
304 144 
304 554 
304 346 
304 113 
304 124 
304 277 
304 258 
304 475 
304 256 
304 210 
304 520 
304 512 
304 74 
304 536 
304 537 
304 472 
304 531 
304 149 
304 269 
304 363 
304 576 
304 571 
304 440 
304 318 
304 15 
304 281 
304 564 
304 430 
304 70 
304 466 
304 280 
304 461 
304 583 
304 382 
304 230 
304 297 
304 441 
304 88 
304 489 
304 252 
304 202 
304 57 
304 525 
304 161 
304 398 
304 135 
304 276 
304 205 
304 456 
304 285 
304 521 
304 262 
304 248 
304 119 
304 504 
304 314 
304 446 
304 212 
304 517 
304 282 
304 242 
304 510 
304 265 
304 114 
304 509 
304 17 
304 261 
304 23 
304 317 
304 333 
304 182 
304 208 
304 73 
304 142 
304 255 
304 543 
304 187 
304 77 
304 231 
304 519 
304 213 
304 215 
304 84 
304 264 
304 101 
304 313 
304 34 
304 0 
304 67 
304 399 
304 457 
304 82 
304 358 
304 71 
304 40 
304 156 
304 217 
304 573 
304 176 
304 405 
304 535 
304 560 
304 312 
304 322 
304 540 
304 589 
304 275 
304 283 
304 200 
304 222 
304 523 
304 158 
305 484 
305 466 
305 410 
305 27 
305 541 
305 125 
305 366 
305 63 
305 104 
305 345 
305 540 
305 370 
305 230 
305 26 
305 54 
305 472 
305 1 
305 262 
305 326 
305 469 
305 395 
305 559 
305 2 
305 409 
305 74 
305 115 
305 555 
305 397 
305 185 
305 286 
305 507 
305 225 
305 290 
305 136 
305 359 
305 421 
305 340 
305 363 
305 42 
305 293 
305 408 
305 464 
305 562 
305 123 
305 277 
305 490 
305 518 
305 242 
305 295 
305 126 
305 450 
305 566 
305 529 
305 129 
305 374 
305 453 
305 204 
305 494 
305 116 
305 35 
305 505 
305 497 
305 406 
305 241 
305 583 
305 18 
305 299 
305 309 
305 487 
305 43 
305 341 
305 404 
305 122 
305 318 
305 109 
305 434 
305 174 
305 237 
305 539 
305 396 
305 32 
305 243 
305 13 
305 302 
305 328 
305 233 
305 284 
305 207 
305 272 
305 545 
305 213 
305 36 
305 391 
305 377 
305 413 
305 567 
305 11 
305 9 
305 561 
305 335 
305 400 
305 481 
305 344 
305 110 
305 379 
305 552 
305 347 
305 274 
305 353 
305 143 
305 177 
305 515 
305 81 
305 355 
305 558 
305 6 
305 334 
305 195 
305 173 
305 325 
305 310 
305 179 
305 96 
305 431 
305 201 
305 59 
305 317 
305 543 
305 7 
305 108 
305 292 
305 236 
305 172 
305 511 
305 78 
305 229 
305 155 
305 351 
305 170 
305 358 
305 503 
305 33 
305 471 
305 590 
305 327 
305 158 
305 238 
305 531 
305 285 
305 279 
305 112 
305 71 
305 439 
305 80 
305 346 
305 298 
305 189 
305 589 
305 538 
305 314 
305 38 
305 162 
305 111 
305 199 
305 90 
305 186 
305 246 
305 452 
305 495 
306 369 
306 555 
306 280 
306 422 
306 325 
306 181 
306 114 
306 110 
306 450 
306 46 
306 59 
306 518 
306 525 
306 548 
306 380 
306 38 
306 552 
306 320 
306 372 
306 57 
306 165 
306 15 
306 228 
306 418 
306 410 
306 397 
306 149 
306 364 
306 576 
306 460 
306 56 
306 298 
306 485 
306 155 
306 117 
306 6 
306 343 
306 5 
306 564 
306 466 
306 33 
306 522 
306 588 
306 10 
306 146 
306 556 
306 7 
306 338 
306 273 
306 140 
306 323 
306 563 
306 198 
306 362 
306 164 
306 219 
306 275 
306 145 
306 242 
306 540 
306 493 
306 533 
306 541 
306 161 
306 358 
306 98 
306 267 
306 253 
306 354 
306 197 
306 474 
306 519 
306 85 
306 329 
306 310 
306 524 
306 365 
306 202 
306 162 
306 444 
306 277 
306 385 
306 587 
306 55 
306 81 
306 414 
306 336 
306 3 
306 439 
306 585 
306 205 
306 293 
306 315 
306 359 
306 492 
306 139 
306 579 
306 437 
306 430 
306 19 
306 137 
306 34 
306 510 
306 184 
306 209 
306 287 
306 159 
306 185 
306 324 
306 517 
306 168 
306 457 
306 553 
306 547 
306 532 
306 352 
306 29 
306 224 
306 303 
306 49 
306 455 
306 264 
306 183 
306 16 
306 476 
306 357 
306 180 
306 482 
306 570 
306 142 
306 177 
306 178 
306 238 
306 542 
306 199 
306 279 
306 36 
306 376 
306 112 
306 417 
306 99 
306 496 
306 388 
306 318 
306 37 
306 475 
306 451 
306 327 
306 237 
306 331 
306 230 
306 61 
306 67 
306 123 
306 591 
306 545 
306 566 
306 285 
306 101 
306 240 
306 130 
306 119 
306 536 
306 345 
306 218 
306 515 
306 512 
306 464 
306 472 
306 96 
306 35 
306 428 
306 307 
306 586 
306 154 
306 109 
306 441 
306 248 
306 407 
306 435 
306 384 
306 41 
306 419 
307 143 
307 118 
307 166 
307 246 
307 204 
307 485 
307 242 
307 449 
307 541 
307 214 
307 343 
307 414 
307 190 
307 288 
307 5 
307 491 
307 543 
307 145 
307 585 
307 514 
307 47 
307 291 
307 218 
307 107 
307 394 
307 254 
307 244 
307 53 
307 36 
307 381 
307 200 
307 65 
307 286 
307 199 
307 388 
307 14 
307 424 
307 20 
307 164 
307 172 
307 149 
307 198 
307 443 
307 61 
307 503 
307 131 
307 450 
307 18 
307 297 
307 32 
307 348 
307 567 
307 121 
307 401 
307 90 
307 120 
307 561 
307 405 
307 287 
307 1 
307 592 
307 591 
307 209 
307 263 
307 544 
307 558 
307 266 
307 589 
307 101 
307 298 
307 11 
307 215 
307 464 
307 30 
307 129 
307 425 
307 102 
307 114 
307 42 
307 390 
307 341 
307 466 
307 237 
307 13 
307 93 
307 224 
307 366 
307 230 
307 438 
307 309 
307 311 
307 391 
307 88 
307 58 
307 440 
307 176 
307 19 
307 250 
307 87 
307 269 
307 7 
307 240 
307 299 
307 179 
307 28 
307 57 
307 501 
307 184 
307 158 
307 168 
307 475 
307 155 
307 2 
307 334 
307 465 
307 442 
307 459 
307 429 
307 247 
307 280 
307 367 
307 402 
307 326 
307 137 
307 175 
307 16 
307 192 
307 476 
307 560 
307 106 
307 417 
307 41 
307 50 
307 478 
307 505 
307 386 
307 217 
307 171 
307 579 
307 556 
307 228 
307 290 
307 17 
307 397 
307 293 
307 316 
307 115 
307 423 
307 387 
307 469 
307 383 
307 306 
307 433 
307 260 
307 515 
307 431 
307 196 
307 226 
307 154 
307 70 
307 392 
307 239 
308 565 
308 140 
308 119 
308 54 
308 434 
308 482 
308 265 
308 49 
308 245 
308 144 
308 498 
308 228 
308 317 
308 399 
308 330 
308 336 
308 556 
308 543 
308 316 
308 314 
308 496 
308 151 
308 501 
308 332 
308 505 
308 514 
308 406 
308 198 
308 225 
308 367 
308 189 
308 93 
308 19 
308 11 
308 312 
308 318 
308 251 
308 216 
308 219 
308 393 
308 545 
308 464 
308 357 
308 427 
308 323 
308 452 
308 243 
308 146 
308 25 
308 10 
308 477 
308 335 
308 579 
308 59 
308 169 
308 160 
308 441 
308 523 
308 230 
308 135 
308 453 
308 489 
308 342 
308 96 
308 202 
308 196 
308 103 
308 210 
308 268 
308 293 
308 82 
308 559 
308 288 
308 376 
308 363 
308 203 
308 313 
308 585 
308 436 
308 549 
308 310 
308 57 
308 379 
308 295 
308 458 
308 484 
308 351 
308 554 
308 81 
308 442 
308 471 
308 320 
308 475 
308 8 
308 349 
308 584 
308 153 
308 112 
308 287 
308 242 
308 69 
308 179 
308 58 
308 41 
308 544 
308 569 
308 532 
308 499 
308 309 
308 124 
308 5 
308 423 
308 524 
308 139 
308 551 
308 414 
308 122 
308 373 
308 346 
308 548 
308 239 
308 385 
308 89 
308 141 
308 467 
308 194 
308 229 
308 282 
308 587 
308 319 
308 375 
308 148 
308 531 
308 192 
308 26 
308 454 
308 534 
308 567 
308 263 
308 199 
308 257 
308 275 
308 110 
308 280 
308 425 
308 541 
308 552 
308 39 
308 21 
308 91 
308 102 
308 469 
308 0 
308 134 
308 207 
308 571 
308 299 
308 364 
308 391 
308 85 
308 236 
308 249 
308 191 
308 327 
308 591 
308 465 
308 422 
308 71 
308 522 
308 527 
308 368 
308 361 
308 291 
308 339 
308 32 
308 473 
308 185 
308 31 
309 7 
309 470 
309 160 
309 222 
309 126 
309 259 
309 17 
309 469 
309 1 
309 183 
309 548 
309 476 
309 513 
309 465 
309 163 
309 349 
309 503 
309 487 
309 265 
309 357 
309 62 
309 146 
309 511 
309 328 
309 208 
309 431 
309 15 
309 117 
309 448 
309 557 
309 147 
309 371 
309 230 
309 60 
309 260 
309 16 
309 138 
309 248 
309 477 
309 490 
309 374 
309 57 
309 39 
309 352 
309 294 
309 188 
309 90 
309 479 
309 483 
309 515 
309 172 
309 59 
309 403 
309 498 
309 512 
309 409 
309 156 
309 551 
309 287 
309 199 
309 417 
309 123 
309 444 
309 475 
309 405 
309 91 
309 3 
309 268 
309 251 
309 204 
309 231 
309 205 
309 75 
309 517 
309 474 
309 504 
309 367 
309 361 
309 355 
309 24 
309 313 
309 419 
309 38 
309 347 
309 11 
309 104 
309 229 
309 491 
309 484 
309 305 
309 274 
309 375 
309 92 
309 438 
309 411 
309 456 
309 70 
309 101 
309 358 
309 414 
309 181 
309 128 
309 516 
309 109 
309 502 
309 325 
309 271 
309 589 
309 439 
309 568 
309 142 
309 481 
309 164 
309 175 
309 388 
309 307 
309 96 
309 284 
309 554 
309 463 
309 296 
309 185 
309 466 
309 364 
309 521 
309 236 
309 83 
309 308 
309 51 
309 345 
309 432 
309 427 
309 120 
309 234 
309 184 
309 232 
309 58 
309 330 
309 590 
309 316 
309 4 
309 566 
309 390 
309 346 
309 426 
309 495 
309 148 
309 320 
309 93 
309 429 
309 279 
309 29 
309 155 
309 13 
309 555 
309 303 
309 45 
309 506 
309 326 
309 140 
309 315 
309 420 
309 333 
309 186 
309 529 
309 227 
309 416 
309 323 
309 391 
309 124 
309 69 
309 457 
309 54 
309 170 
309 302 
309 223 
309 567 
309 532 
309 522 
309 211 
309 228 
309 270 
309 331 
309 49 
309 42 
309 369 
309 384 
309 292 
309 137 
309 193 
309 198 
309 195 
310 156 
310 203 
310 392 
310 345 
310 384 
310 359 
310 337 
310 437 
310 197 
310 584 
310 476 
310 428 
310 164 
310 573 
310 368 
310 123 
310 406 
310 336 
310 61 
310 445 
310 347 
310 482 
310 107 
310 194 
310 233 
310 133 
310 499 
310 204 
310 5 
310 398 
310 285 
310 304 
310 577 
310 183 
310 268 
310 124 
310 19 
310 182 
310 562 
310 205 
310 252 
310 382 
310 326 
310 580 
310 566 
310 232 
310 215 
310 419 
310 496 
310 158 
310 511 
310 346 
310 348 
310 128 
310 224 
310 327 
310 262 
310 464 
310 54 
310 177 
310 306 
310 518 
310 431 
310 451 
310 343 
310 470 
310 349 
310 587 
310 332 
310 16 
310 84 
310 165 
310 545 
310 168 
310 493 
310 463 
310 38 
310 85 
310 162 
310 308 
310 515 
310 523 
310 92 
310 79 
310 551 
310 393 
310 166 
310 429 
310 70 
310 131 
310 250 
310 328 
310 179 
310 510 
310 150 
310 260 
310 357 
310 210 
310 42 
310 536 
310 146 
310 278 
310 478 
310 69 
310 546 
310 37 
310 118 
310 383 
310 351 
310 235 
310 375 
310 71 
310 96 
310 113 
310 7 
310 135 
310 512 
310 100 
310 325 
310 151 
310 125 
310 83 
310 448 
310 413 
310 484 
310 296 
310 12 
310 295 
310 236 
310 43 
310 15 
310 480 
310 172 
310 227 
310 589 
310 242 
310 436 
310 129 
310 397 
310 520 
310 238 
310 378 
310 286 
310 68 
310 60 
310 293 
310 115 
310 141 
310 376 
310 305 
310 225 
310 540 
310 23 
310 271 
310 454 
310 216 
310 479 
310 585 
310 380 
310 506 
310 311 
310 553 
310 53 
310 465 
310 255 
310 154 
310 284 
310 184 
310 273 
310 198 
310 558 
310 199 
310 59 
310 159 
310 139 
310 119 
310 51 
310 243 
310 112 
310 342 
310 99 
311 195 
311 441 
311 75 
311 450 
311 412 
311 55 
311 577 
311 422 
311 146 
311 120 
311 592 
311 11 
311 363 
311 2 
311 324 
311 57 
311 386 
311 142 
311 419 
311 96 
311 337 
311 357 
311 139 
311 172 
311 78 
311 436 
311 99 
311 12 
311 231 
311 106 
311 147 
311 219 
311 322 
311 205 
311 48 
311 291 
311 170 
311 265 
311 167 
311 348 
311 278 
311 46 
311 404 
311 166 
311 160 
311 169 
311 208 
311 426 
311 554 
311 27 
311 472 
311 531 
311 257 
311 545 
311 118 
311 470 
311 140 
311 515 
311 176 
311 20 
311 212 
311 153 
311 197 
311 304 
311 439 
311 54 
311 403 
311 521 
311 556 
311 315 
311 123 
311 562 
311 329 
311 584 
311 109 
311 237 
311 375 
311 223 
311 145 
311 417 
311 535 
311 511 
311 194 
311 281 
311 227 
311 452 
311 503 
311 239 
311 159 
311 384 
311 541 
311 94 
311 376 
311 210 
311 18 
311 393 
311 451 
311 241 
311 191 
311 405 
311 307 
311 448 
311 476 
311 175 
311 369 
311 122 
311 280 
311 501 
311 119 
311 334 
311 214 
311 433 
311 390 
311 372 
311 110 
311 588 
311 392 
311 359 
311 449 
311 316 
311 17 
311 578 
311 525 
311 300 
311 356 
311 91 
311 364 
311 287 
311 559 
311 40 
311 141 
311 349 
311 102 
311 113 
311 222 
311 343 
311 81 
311 489 
311 512 
311 62 
311 103 
311 561 
311 532 
311 190 
311 177 
311 398 
311 367 
311 310 
311 66 
311 370 
311 385 
311 82 
311 64 
311 302 
311 164 
311 468 
311 338 
311 162 
311 514 
311 496 
311 569 
311 260 
311 487 
311 362 
311 161 
311 407 
311 282 
311 534 
311 590 
311 174 
311 104 
311 0 
311 127 
311 339 
311 228 
311 533 
312 174 
312 180 
312 535 
312 211 
312 534 
312 461 
312 302 
312 549 
312 157 
312 505 
312 515 
312 553 
312 539 
312 152 
312 333 
312 4 
312 47 
312 124 
312 90 
312 314 
312 389 
312 498 
312 95 
312 559 
312 523 
312 228 
312 21 
312 542 
312 436 
312 19 
312 100 
312 169 
312 78 
312 184 
312 579 
312 431 
312 148 
312 219 
312 150 
312 178 
312 200 
312 481 
312 149 
312 308 
312 237 
312 204 
312 443 
312 560 
312 261 
312 218 
312 569 
312 486 
312 76 
312 285 
312 478 
312 530 
312 279 
312 397 
312 557 
312 358 
312 524 
312 14 
312 336 
312 581 
312 137 
312 325 
312 234 
312 247 
312 176 
312 437 
312 408 
312 93 
312 393 
312 541 
312 243 
312 561 
312 123 
312 467 
312 280 
312 479 
312 72 
312 294 
312 17 
312 414 
312 207 
312 295 
312 480 
312 495 
312 507 
312 143 
312 580 
312 77 
312 15 
312 441 
312 130 
312 357 
312 268 
312 591 
312 275 
312 536 
312 254 
312 433 
312 332 
312 258 
312 346 
312 427 
312 511 
312 11 
312 265 
312 522 
312 23 
312 488 
312 520 
312 430 
312 240 
312 252 
312 26 
312 574 
312 36 
312 263 
312 423 
312 485 
312 376 
312 422 
312 224 
312 460 
312 492 
312 342 
312 277 
312 138 
312 487 
312 69 
312 493 
312 9 
312 432 
312 540 
312 97 
312 186 
312 337 
312 281 
312 528 
312 7 
312 331 
312 108 
312 335 
312 399 
312 284 
312 105 
312 287 
312 398 
312 256 
312 297 
312 96 
312 35 
312 525 
312 366 
312 293 
312 98 
312 128 
312 298 
312 304 
312 391 
312 266 
312 573 
312 548 
312 497 
312 448 
312 3 
312 182 
312 115 
312 327 
312 558 
313 142 
313 413 
313 463 
313 87 
313 468 
313 484 
313 17 
313 139 
313 407 
313 233 
313 503 
313 433 
313 220 
313 112 
313 387 
313 445 
313 113 
313 523 
313 401 
313 127 
313 156 
313 209 
313 260 
313 466 
313 231 
313 434 
313 172 
313 8 
313 56 
313 177 
313 270 
313 111 
313 504 
313 393 
313 213 
313 98 
313 23 
313 254 
313 567 
313 102 
313 83 
313 264 
313 55 
313 487 
313 388 
313 265 
313 66 
313 337 
313 325 
313 572 
313 150 
313 145 
313 62 
313 591 
313 478 
313 222 
313 373 
313 212 
313 10 
313 143 
313 549 
313 347 
313 88 
313 323 
313 428 
313 20 
313 199 
313 72 
313 342 
313 184 
313 70 
313 309 
313 27 
313 469 
313 268 
313 361 
313 439 
313 22 
313 188 
313 144 
313 251 
313 367 
313 303 
313 455 
313 107 
313 481 
313 326 
313 308 
313 242 
313 354 
313 528 
313 348 
313 51 
313 65 
313 295 
313 118 
313 521 
313 569 
313 278 
313 362 
313 193 
313 411 
313 33 
313 561 
313 459 
313 423 
313 363 
313 402 
313 85 
313 420 
313 542 
313 121 
313 329 
313 59 
313 514 
313 418 
313 158 
313 206 
313 227 
313 331 
313 93 
313 551 
313 218 
313 336 
313 451 
313 14 
313 279 
313 200 
313 160 
313 96 
313 557 
313 108 
313 290 
313 360 
313 53 
313 456 
313 39 
313 430 
313 475 
313 454 
313 349 
313 424 
313 509 
313 114 
313 507 
313 103 
313 155 
313 224 
313 382 
313 135 
313 559 
313 330 
313 147 
313 438 
313 327 
313 183 
313 52 
313 257 
313 18 
313 460 
313 396 
313 304 
313 376 
313 82 
313 63 
313 448 
313 232 
313 64 
313 527 
313 171 
313 510 
313 338 
313 15 
313 587 
313 38 
313 404 
313 168 
313 152 
313 479 
313 73 
313 211 
313 546 
313 240 
313 563 
313 250 
313 355 
313 191 
313 346 
314 172 
314 101 
314 255 
314 64 
314 303 
314 363 
314 427 
314 254 
314 434 
314 189 
314 561 
314 455 
314 454 
314 373 
314 592 
314 529 
314 224 
314 312 
314 259 
314 337 
314 453 
314 568 
314 308 
314 200 
314 577 
314 383 
314 471 
314 573 
314 461 
314 273 
314 408 
314 242 
314 464 
314 140 
314 65 
314 266 
314 286 
314 181 
314 425 
314 576 
314 263 
314 444 
314 541 
314 128 
314 323 
314 405 
314 582 
314 154 
314 279 
314 525 
314 538 
314 327 
314 123 
314 176 
314 106 
314 340 
314 447 
314 134 
314 514 
314 184 
314 317 
314 294 
314 59 
314 468 
314 519 
314 288 
314 502 
314 55 
314 407 
314 351 
314 574 
314 473 
314 48 
314 131 
314 148 
314 296 
314 496 
314 466 
314 437 
314 285 
314 587 
314 267 
314 415 
314 33 
314 135 
314 520 
314 174 
314 375 
314 243 
314 11 
314 495 
314 563 
314 567 
314 586 
314 321 
314 385 
314 188 
314 108 
314 540 
314 339 
314 439 
314 390 
314 104 
314 119 
314 424 
314 386 
314 190 
314 206 
314 227 
314 318 
314 450 
314 264 
314 215 
314 423 
314 208 
314 23 
314 457 
314 486 
314 191 
314 121 
314 28 
314 142 
314 105 
314 304 
314 560 
314 193 
314 52 
314 584 
314 136 
314 366 
314 274 
314 209 
314 367 
314 171 
314 253 
314 497 
314 527 
314 302 
314 539 
314 441 
314 73 
314 214 
314 377 
314 269 
314 343 
314 170 
314 418 
314 199 
314 475 
314 51 
314 344 
314 177 
314 572 
314 436 
314 57 
314 90 
314 109 
314 512 
314 404 
314 382 
314 210 
314 133 
314 203 
314 82 
314 31 
314 422 
314 372 
314 271 
314 198 
314 305 
314 88 
314 77 
314 476 
315 540 
315 514 
315 14 
315 64 
315 366 
315 465 
315 231 
315 528 
315 504 
315 374 
315 453 
315 445 
315 499 
315 197 
315 491 
315 16 
315 575 
315 2 
315 94 
315 348 
315 193 
315 75 
315 245 
315 461 
315 526 
315 317 
315 7 
315 555 
315 153 
315 532 
315 406 
315 141 
315 82 
315 218 
315 408 
315 118 
315 6 
315 420 
315 161 
315 368 
315 404 
315 371 
315 579 
315 248 
315 10 
315 234 
315 298 
315 301 
315 97 
315 434 
315 438 
315 237 
315 159 
315 23 
315 360 
315 471 
315 238 
315 556 
315 558 
315 24 
315 4 
315 190 
315 538 
315 576 
315 296 
315 287 
315 265 
315 455 
315 472 
315 536 
315 502 
315 343 
315 246 
315 552 
315 172 
315 114 
315 46 
315 582 
315 191 
315 403 
315 311 
315 330 
315 29 
315 365 
315 266 
315 157 
315 562 
315 329 
315 199 
315 393 
315 580 
315 98 
315 201 
315 92 
315 198 
315 412 
315 127 
315 447 
315 335 
315 544 
315 306 
315 543 
315 339 
315 466 
315 355 
315 271 
315 512 
315 468 
315 373 
315 479 
315 1 
315 213 
315 573 
315 89 
315 521 
315 426 
315 227 
315 470 
315 129 
315 516 
315 179 
315 259 
315 19 
315 449 
315 522 
315 480 
315 561 
315 361 
315 390 
315 548 
315 126 
315 34 
315 233 
315 142 
315 500 
315 120 
315 316 
315 411 
315 401 
315 203 
315 169 
315 415 
315 166 
315 352 
315 382 
315 484 
315 563 
315 100 
315 559 
315 321 
315 483 
315 47 
315 174 
315 336 
315 309 
315 383 
315 17 
315 322 
315 571 
315 104 
315 278 
315 581 
315 91 
315 377 
315 171 
315 270 
315 367 
315 327 
315 215 
315 232 
315 144 
315 369 
315 546 
315 592 
315 274 
315 564 
315 574 
315 481 
315 200 
315 173 
315 463 
315 375 
315 134 
315 115 
315 87 
315 95 
315 424 
315 152 
315 458 
315 380 
316 302 
316 233 
316 131 
316 378 
316 146 
316 240 
316 501 
316 192 
316 33 
316 538 
316 332 
316 200 
316 308 
316 322 
316 461 
316 385 
316 590 
316 557 
316 497 
316 48 
316 539 
316 486 
316 82 
316 498 
316 572 
316 296 
316 125 
316 348 
316 271 
316 468 
316 465 
316 495 
316 418 
316 546 
316 447 
316 197 
316 275 
316 460 
316 382 
316 220 
316 436 
316 185 
316 574 
316 556 
316 326 
316 259 
316 551 
316 511 
316 586 
316 282 
316 150 
316 209 
316 399 
316 341 
316 90 
316 189 
316 520 
316 493 
316 255 
316 353 
316 344 
316 58 
316 512 
316 164 
316 544 
316 279 
316 190 
316 11 
316 352 
316 368 
316 36 
316 359 
316 127 
316 136 
316 238 
316 27 
316 564 
316 509 
316 362 
316 116 
316 262 
316 361 
316 202 
316 380 
316 381 
316 573 
316 503 
316 555 
316 142 
316 152 
316 7 
316 249 
316 100 
316 488 
316 207 
316 409 
316 10 
316 592 
316 466 
316 155 
316 451 
316 537 
316 388 
316 499 
316 386 
316 124 
316 8 
316 327 
316 437 
316 1 
316 28 
316 70 
316 375 
316 283 
316 110 
316 563 
316 549 
316 309 
316 403 
316 415 
316 311 
316 390 
316 94 
316 176 
316 315 
316 550 
316 583 
316 408 
316 584 
316 410 
316 213 
316 145 
316 519 
316 336 
316 65 
316 147 
316 237 
316 370 
316 560 
316 450 
316 196 
316 374 
316 18 
316 245 
316 559 
316 248 
316 226 
316 540 
316 510 
316 469 
316 307 
316 183 
316 487 
316 66 
316 417 
316 149 
316 507 
316 347 
316 195 
316 290 
316 325 
316 500 
316 263 
316 34 
316 281 
316 239 
316 19 
316 187 
316 32 
316 165 
316 335 
316 515 
317 69 
317 541 
317 499 
317 85 
317 50 
317 285 
317 415 
317 242 
317 254 
317 294 
317 38 
317 169 
317 510 
317 308 
317 315 
317 45 
317 208 
317 501 
317 471 
317 3 
317 444 
317 459 
317 383 
317 566 
317 388 
317 238 
317 568 
317 346 
317 133 
317 229 
317 239 
317 233 
317 176 
317 284 
317 52 
317 96 
317 189 
317 302 
317 575 
317 477 
317 584 
317 493 
317 421 
317 273 
317 33 
317 497 
317 475 
317 487 
317 391 
317 340 
317 390 
317 408 
317 533 
317 314 
317 483 
317 237 
317 492 
317 322 
317 94 
317 369 
317 26 
317 124 
317 108 
317 231 
317 37 
317 114 
317 161 
317 19 
317 127 
317 527 
317 558 
317 219 
317 122 
317 290 
317 174 
317 216 
317 139 
317 99 
317 535 
317 90 
317 450 
317 104 
317 110 
317 212 
317 167 
317 580 
317 2 
317 397 
317 196 
317 295 
317 144 
317 142 
317 300 
317 18 
317 591 
317 253 
317 411 
317 341 
317 457 
317 235 
317 557 
317 95 
317 17 
317 498 
317 552 
317 470 
317 228 
317 181 
317 147 
317 136 
317 179 
317 453 
317 448 
317 546 
317 261 
317 149 
317 6 
317 304 
317 199 
317 321 
317 565 
317 419 
317 154 
317 106 
317 426 
317 202 
317 126 
317 187 
317 478 
317 434 
317 305 
317 201 
317 353 
317 168 
317 175 
317 186 
317 358 
317 523 
317 367 
317 71 
317 343 
317 401 
317 335 
317 508 
317 517 
317 27 
317 150 
317 271 
317 153 
317 195 
317 377 
317 360 
317 403 
317 192 
317 82 
317 20 
317 551 
317 46 
317 213 
317 128 
318 130 
318 57 
318 168 
318 238 
318 454 
318 471 
318 535 
318 198 
318 542 
318 70 
318 337 
318 369 
318 151 
318 186 
318 156 
318 361 
318 533 
318 85 
318 411 
318 540 
318 159 
318 97 
318 68 
318 183 
318 118 
318 461 
318 362 
318 517 
318 558 
318 399 
318 163 
318 498 
318 58 
318 240 
318 231 
318 587 
318 510 
318 221 
318 300 
318 160 
318 264 
318 372 
318 455 
318 48 
318 3 
318 401 
318 414 
318 592 
318 249 
318 62 
318 580 
318 525 
318 451 
318 177 
318 359 
318 477 
318 308 
318 550 
318 104 
318 483 
318 91 
318 128 
318 339 
318 111 
318 217 
318 575 
318 107 
318 551 
318 144 
318 557 
318 82 
318 153 
318 299 
318 394 
318 8 
318 320 
318 589 
318 116 
318 493 
318 538 
318 296 
318 410 
318 565 
318 297 
318 274 
318 473 
318 31 
318 544 
318 305 
318 204 
318 581 
318 304 
318 591 
318 77 
318 134 
318 45 
318 325 
318 27 
318 487 
318 220 
318 563 
318 562 
318 191 
318 484 
318 314 
318 36 
318 503 
318 210 
318 398 
318 560 
318 29 
318 162 
318 50 
318 564 
318 346 
318 348 
318 332 
318 188 
318 572 
318 13 
318 110 
318 81 
318 141 
318 184 
318 209 
318 250 
318 391 
318 419 
318 331 
318 526 
318 409 
318 257 
318 192 
318 536 
318 288 
318 247 
318 126 
318 108 
318 164 
318 469 
318 512 
318 263 
318 516 
318 492 
318 0 
318 243 
318 582 
318 74 
318 415 
318 25 
318 306 
318 571 
318 497 
318 124 
318 528 
318 86 
318 201 
318 480 
318 453 
318 53 
318 532 
318 18 
318 227 
318 586 
318 343 
318 367 
318 55 
318 207 
318 289 
318 138 
318 78 
318 427 
318 426 
318 76 
318 172 
318 326 
318 189 
318 489 
318 105 
318 30 
318 169 
318 555 
318 494 
318 428 
318 356 
318 569 
318 577 
319 579 
319 333 
319 110 
319 229 
319 445 
319 213 
319 512 
319 242 
319 327 
319 137 
319 530 
319 395 
319 531 
319 510 
319 286 
319 130 
319 456 
319 230 
319 335 
319 323 
319 79 
319 560 
319 46 
319 225 
319 362 
319 160 
319 48 
319 290 
319 84 
319 195 
319 262 
319 206 
319 234 
319 469 
319 226 
319 121 
319 571 
319 431 
319 454 
319 412 
319 153 
319 8 
319 167 
319 251 
319 212 
319 446 
319 247 
319 100 
319 325 
319 450 
319 224 
319 106 
319 374 
319 519 
319 157 
319 114 
319 92 
319 56 
319 403 
319 347 
319 207 
319 179 
319 98 
319 506 
319 499 
319 458 
319 584 
319 580 
319 178 
319 572 
319 87 
319 514 
319 17 
319 570 
319 543 
319 188 
319 81 
319 545 
319 301 
319 51 
319 149 
319 459 
319 326 
319 172 
319 271 
319 52 
319 407 
319 527 
319 478 
319 268 
319 405 
319 145 
319 255 
319 442 
319 536 
319 173 
319 15 
319 183 
319 0 
319 541 
319 241 
319 379 
319 343 
319 232 
319 321 
319 529 
319 70 
319 465 
319 261 
319 208 
319 546 
319 164 
319 397 
319 471 
319 131 
319 402 
319 138 
319 474 
319 481 
319 216 
319 336 
319 135 
319 463 
319 47 
319 338 
319 322 
319 424 
319 378 
319 294 
319 54 
319 488 
319 34 
319 23 
319 554 
319 155 
319 484 
319 142 
319 124 
319 426 
319 133 
319 308 
319 196 
319 20 
319 68 
319 520 
319 561 
319 99 
319 358 
319 30 
319 239 
319 556 
319 221 
319 522 
319 371 
319 176 
319 555 
319 64 
319 383 
319 194 
319 154 
319 284 
319 189 
319 36 
319 504 
319 464 
319 174 
319 293 
319 538 
319 508 
319 129 
319 267 
319 63 
319 58 
319 93 
319 577 
319 339 
319 222 
319 21 
319 279 
319 258 
319 139 
319 96 
320 261 
320 437 
320 581 
320 22 
320 406 
320 549 
320 453 
320 366 
320 532 
320 177 
320 291 
320 111 
320 353 
320 174 
320 129 
320 28 
320 380 
320 331 
320 488 
320 345 
320 100 
320 191 
320 306 
320 582 
320 137 
320 365 
320 126 
320 16 
320 275 
320 199 
320 158 
320 342 
320 362 
320 390 
320 40 
320 419 
320 180 
320 93 
320 468 
320 77 
320 414 
320 529 
320 167 
320 422 
320 86 
320 120 
320 491 
320 415 
320 545 
320 221 
320 293 
320 391 
320 253 
320 329 
320 574 
320 343 
320 245 
320 516 
320 525 
320 168 
320 42 
320 483 
320 41 
320 493 
320 112 
320 352 
320 423 
320 454 
320 265 
320 318 
320 577 
320 374 
320 585 
320 7 
320 495 
320 520 
320 97 
320 354 
320 35 
320 140 
320 133 
320 564 
320 62 
320 334 
320 498 
320 438 
320 528 
320 295 
320 106 
320 75 
320 205 
320 200 
320 227 
320 448 
320 201 
320 82 
320 361 
320 29 
320 341 
320 171 
320 398 
320 91 
320 484 
320 289 
320 510 
320 79 
320 99 
320 27 
320 113 
320 125 
320 308 
320 548 
320 554 
320 402 
320 515 
320 434 
320 176 
320 475 
320 183 
320 162 
320 371 
320 139 
320 25 
320 451 
320 576 
320 122 
320 547 
320 37 
320 228 
320 263 
320 246 
320 226 
320 255 
320 332 
320 193 
320 296 
320 367 
320 458 
320 155 
320 48 
320 117 
320 309 
320 178 
320 351 
320 393 
320 64 
320 292 
320 115 
320 565 
320 476 
320 573 
320 192 
320 142 
320 241 
320 497 
320 268 
320 203 
320 223 
320 238 
320 340 
320 96 
320 401 
320 202 
320 218 
320 184 
320 440 
320 159 
320 323 
320 385 
320 372 
320 5 
320 553 
320 400 
320 302 
320 262 
320 570 
320 399 
320 444 
320 412 
320 182 
320 267 
320 44 
320 321 
320 181 
320 283 
321 511 
321 539 
321 67 
321 54 
321 117 
321 37 
321 84 
321 294 
321 128 
321 431 
321 199 
321 371 
321 566 
321 272 
321 115 
321 209 
321 424 
321 31 
321 264 
321 517 
321 14 
321 85 
321 382 
321 101 
321 400 
321 238 
321 322 
321 208 
321 534 
321 346 
321 194 
321 525 
321 246 
321 230 
321 522 
321 274 
321 138 
321 235 
321 568 
321 393 
321 134 
321 348 
321 476 
321 255 
321 71 
321 204 
321 11 
321 390 
321 291 
321 354 
321 285 
321 364 
321 183 
321 301 
321 200 
321 185 
321 58 
321 25 
321 576 
321 193 
321 502 
321 154 
321 237 
321 266 
321 46 
321 529 
321 547 
321 250 
321 12 
321 182 
321 172 
321 345 
321 108 
321 355 
321 110 
321 467 
321 567 
321 205 
321 63 
321 330 
321 103 
321 102 
321 48 
321 335 
321 144 
321 70 
321 270 
321 563 
321 550 
321 570 
321 541 
321 148 
321 91 
321 466 
321 450 
321 66 
321 122 
321 314 
321 504 
321 173 
321 520 
321 254 
321 324 
321 486 
321 87 
321 132 
321 68 
321 319 
321 219 
321 579 
321 289 
321 440 
321 399 
321 562 
321 363 
321 277 
321 6 
321 465 
321 157 
321 273 
321 212 
321 160 
321 47 
321 435 
321 323 
321 206 
321 398 
321 483 
321 299 
321 72 
321 243 
321 256 
321 549 
321 490 
321 7 
321 10 
321 449 
321 5 
321 537 
321 89 
321 317 
321 131 
321 515 
321 181 
321 507 
321 32 
321 315 
321 557 
321 428 
321 107 
321 39 
321 28 
321 413 
321 455 
321 130 
321 519 
321 524 
321 441 
321 176 
321 167 
321 427 
321 542 
321 158 
321 403 
321 453 
321 548 
321 446 
321 218 
321 411 
321 429 
321 64 
321 405 
321 473 
321 53 
321 347 
321 545 
321 80 
321 477 
321 448 
321 21 
321 142 
321 293 
321 482 
321 510 
321 33 
321 585 
321 385 
321 320 
321 41 
322 112 
322 124 
322 422 
322 408 
322 489 
322 451 
322 123 
322 240 
322 556 
322 48 
322 30 
322 545 
322 223 
322 269 
322 259 
322 372 
322 113 
322 14 
322 546 
322 68 
322 544 
322 316 
322 41 
322 103 
322 152 
322 321 
322 430 
322 90 
322 222 
322 270 
322 504 
322 129 
322 348 
322 563 
322 89 
322 233 
322 512 
322 138 
322 311 
322 214 
322 131 
322 164 
322 203 
322 517 
322 472 
322 485 
322 17 
322 555 
322 560 
322 432 
322 481 
322 241 
322 121 
322 1 
322 296 
322 248 
322 24 
322 567 
322 56 
322 52 
322 433 
322 168 
322 12 
322 515 
322 128 
322 496 
322 498 
322 60 
322 5 
322 317 
322 74 
322 483 
322 2 
322 228 
322 519 
322 256 
322 484 
322 195 
322 176 
322 38 
322 292 
322 416 
322 57 
322 96 
322 470 
322 141 
322 67 
322 27 
322 144 
322 265 
322 185 
322 148 
322 133 
322 553 
322 353 
322 77 
322 206 
322 324 
322 495 
322 529 
322 464 
322 426 
322 536 
322 493 
322 95 
322 43 
322 388 
322 487 
322 260 
322 22 
322 586 
322 82 
322 346 
322 49 
322 55 
322 202 
322 18 
322 297 
322 236 
322 442 
322 341 
322 460 
322 444 
322 274 
322 276 
322 584 
322 548 
322 107 
322 299 
322 66 
322 177 
322 467 
322 101 
322 466 
322 319 
322 447 
322 119 
322 171 
322 220 
322 278 
322 150 
322 333 
322 23 
322 39 
322 557 
322 51 
322 328 
322 81 
322 482 
322 356 
322 142 
322 94 
322 331 
322 213 
322 325 
322 443 
322 53 
322 351 
322 291 
322 210 
322 254 
322 516 
322 287 
322 535 
322 518 
322 585 
322 303 
322 83 
322 526 
322 373 
322 335 
322 33 
322 409 
322 59 
322 315 
322 65 
322 139 
322 99 
322 10 
322 552 
322 249 
322 105 
322 479 
322 334 
322 428 
322 505 
322 97 
322 304 
322 285 
322 234 
322 255 
322 542 
322 35 
322 366 
322 580 
322 162 
322 272 
322 486 
322 36 
322 47 
322 295 
322 187 
322 6 
322 91 
323 69 
323 359 
323 200 
323 445 
323 525 
323 122 
323 132 
323 53 
323 532 
323 517 
323 236 
323 373 
323 79 
323 263 
323 258 
323 161 
323 422 
323 207 
323 578 
323 150 
323 343 
323 372 
323 40 
323 579 
323 231 
323 319 
323 340 
323 488 
323 230 
323 331 
323 390 
323 374 
323 475 
323 139 
323 191 
323 206 
323 98 
323 384 
323 145 
323 272 
323 403 
323 386 
323 314 
323 293 
323 285 
323 140 
323 10 
323 518 
323 483 
323 541 
323 425 
323 174 
323 420 
323 552 
323 460 
323 283 
323 584 
323 551 
323 306 
323 419 
323 440 
323 241 
323 308 
323 47 
323 368 
323 121 
323 249 
323 421 
323 376 
323 21 
323 313 
323 56 
323 101 
323 491 
323 217 
323 135 
323 302 
323 516 
323 280 
323 39 
323 428 
323 583 
323 486 
323 506 
323 564 
323 273 
323 569 
323 507 
323 168 
323 437 
323 461 
323 411 
323 183 
323 523 
323 67 
323 50 
323 548 
323 430 
323 462 
323 115 
323 173 
323 558 
323 573 
323 83 
323 154 
323 436 
323 296 
323 477 
323 498 
323 592 
323 276 
323 3 
323 261 
323 72 
323 522 
323 1 
323 321 
323 37 
323 202 
323 424 
323 61 
323 485 
323 25 
323 186 
323 257 
323 568 
323 54 
323 6 
323 93 
323 329 
323 344 
323 63 
323 324 
323 452 
323 58 
323 177 
323 12 
323 164 
323 185 
323 375 
323 303 
323 159 
323 566 
323 295 
323 334 
323 453 
323 266 
323 225 
323 148 
323 482 
323 502 
323 29 
323 275 
323 496 
323 9 
323 396 
323 192 
323 341 
323 117 
323 309 
323 194 
323 355 
323 5 
323 18 
323 162 
323 290 
323 82 
323 320 
323 354 
323 476 
323 277 
323 193 
323 134 
323 203 
323 561 
323 229 
323 100 
323 128 
323 473 
323 52 
323 44 
323 131 
323 371 
323 196 
323 288 
323 64 
323 14 
323 190 
323 501 
324 221 
324 328 
324 580 
324 59 
324 325 
324 119 
324 101 
324 196 
324 178 
324 200 
324 261 
324 401 
324 348 
324 552 
324 445 
324 472 
324 480 
324 223 
324 429 
324 311 
324 212 
324 482 
324 187 
324 93 
324 538 
324 553 
324 390 
324 548 
324 331 
324 75 
324 47 
324 245 
324 343 
324 79 
324 369 
324 155 
324 252 
324 396 
324 256 
324 471 
324 107 
324 202 
324 521 
324 60 
324 504 
324 276 
324 11 
324 529 
324 476 
324 7 
324 456 
324 274 
324 356 
324 186 
324 280 
324 505 
324 185 
324 304 
324 291 
324 31 
324 512 
324 162 
324 547 
324 513 
324 134 
324 56 
324 231 
324 24 
324 404 
324 90 
324 438 
324 234 
324 96 
324 158 
324 440 
324 201 
324 199 
324 253 
324 566 
324 376 
324 64 
324 25 
324 32 
324 139 
324 197 
324 284 
324 106 
324 344 
324 362 
324 4 
324 415 
324 373 
324 322 
324 453 
324 137 
324 135 
324 551 
324 352 
324 424 
324 403 
324 398 
324 360 
324 321 
324 454 
324 452 
324 355 
324 193 
324 554 
324 518 
324 306 
324 78 
324 558 
324 583 
324 43 
324 230 
324 363 
324 263 
324 539 
324 414 
324 192 
324 206 
324 38 
324 442 
324 235 
324 527 
324 146 
324 113 
324 216 
324 557 
324 13 
324 180 
324 565 
324 190 
324 303 
324 181 
324 95 
324 446 
324 359 
324 323 
324 581 
324 229 
324 435 
324 57 
324 160 
324 37 
324 258 
324 226 
324 290 
324 368 
324 262 
324 175 
324 510 
324 239 
324 484 
324 149 
324 494 
324 393 
324 334 
324 218 
324 496 
324 387 
324 205 
324 473 
324 251 
324 114 
324 72 
324 8 
324 333 
324 80 
324 330 
324 249 
324 585 
324 431 
324 421 
324 372 
324 126 
324 132 
324 434 
324 33 
324 286 
324 590 
324 300 
324 516 
324 225 
325 501 
325 59 
325 155 
325 328 
325 324 
325 70 
325 112 
325 306 
325 164 
325 114 
325 372 
325 399 
325 19 
325 362 
325 224 
325 100 
325 423 
325 478 
325 183 
325 87 
325 139 
325 42 
325 592 
325 397 
325 459 
325 80 
325 9 
325 49 
325 122 
325 118 
325 249 
325 4 
325 507 
325 61 
325 359 
325 379 
325 75 
325 582 
325 336 
325 99 
325 60 
325 192 
325 380 
325 469 
325 94 
325 579 
325 193 
325 456 
325 267 
325 319 
325 313 
325 474 
325 103 
325 475 
325 29 
325 402 
325 346 
325 145 
325 457 
325 421 
325 450 
325 272 
325 472 
325 202 
325 67 
325 548 
325 159 
325 132 
325 130 
325 312 
325 142 
325 20 
325 583 
325 91 
325 560 
325 398 
325 433 
325 79 
325 188 
325 225 
325 576 
325 131 
325 32 
325 492 
325 150 
325 81 
325 509 
325 218 
325 559 
325 37 
325 309 
325 344 
325 511 
325 350 
325 201 
325 208 
325 86 
325 177 
325 125 
325 413 
325 213 
325 226 
325 318 
325 347 
325 47 
325 187 
325 26 
325 417 
325 508 
325 351 
325 310 
325 127 
325 566 
325 482 
325 169 
325 271 
325 480 
325 527 
325 329 
325 460 
325 343 
325 147 
325 483 
325 485 
325 275 
325 565 
325 116 
325 43 
325 454 
325 167 
325 394 
325 322 
325 240 
325 567 
325 305 
325 553 
325 190 
325 285 
325 230 
325 217 
325 424 
325 442 
325 69 
325 461 
325 206 
325 174 
325 1 
325 356 
325 292 
325 575 
325 387 
325 45 
325 166 
325 111 
325 471 
325 73 
325 316 
325 370 
325 168 
325 547 
325 407 
325 572 
325 584 
326 562 
326 272 
326 550 
326 51 
326 390 
326 263 
326 392 
326 366 
326 87 
326 63 
326 423 
326 264 
326 361 
326 417 
326 294 
326 46 
326 153 
326 170 
326 340 
326 428 
326 305 
326 377 
326 210 
326 483 
326 143 
326 283 
326 547 
326 100 
326 219 
326 106 
326 129 
326 204 
326 527 
326 130 
326 251 
326 134 
326 211 
326 450 
326 102 
326 316 
326 207 
326 37 
326 270 
326 256 
326 310 
326 99 
326 73 
326 41 
326 118 
326 577 
326 475 
326 260 
326 455 
326 158 
326 331 
326 149 
326 224 
326 101 
326 89 
326 456 
326 434 
326 49 
326 16 
326 370 
326 135 
326 468 
326 357 
326 319 
326 506 
326 339 
326 510 
326 585 
326 313 
326 12 
326 160 
326 35 
326 424 
326 381 
326 14 
326 342 
326 176 
326 98 
326 526 
326 223 
326 9 
326 67 
326 137 
326 150 
326 560 
326 230 
326 452 
326 546 
326 151 
326 257 
326 549 
326 558 
326 578 
326 250 
326 383 
326 542 
326 343 
326 391 
326 478 
326 8 
326 237 
326 80 
326 516 
326 292 
326 337 
326 177 
326 544 
326 539 
326 54 
326 590 
326 384 
326 259 
326 282 
326 437 
326 567 
326 460 
326 462 
326 408 
326 430 
326 553 
326 536 
326 515 
326 360 
326 262 
326 97 
326 193 
326 563 
326 592 
326 412 
326 275 
326 68 
326 405 
326 528 
326 573 
326 446 
326 352 
326 36 
326 403 
326 369 
326 561 
326 588 
326 307 
326 103 
326 268 
326 206 
326 576 
326 104 
326 309 
326 382 
326 162 
326 205 
326 26 
326 61 
326 449 
326 245 
326 112 
326 514 
326 179 
326 427 
326 413 
326 123 
326 216 
326 119 
326 501 
326 371 
326 221 
326 212 
326 261 
326 285 
326 318 
326 335 
326 522 
326 254 
326 186 
326 233 
326 284 
326 48 
326 336 
326 182 
326 228 
326 217 
327 555 
327 113 
327 274 
327 531 
327 389 
327 217 
327 122 
327 355 
327 529 
327 15 
327 510 
327 481 
327 319 
327 256 
327 44 
327 546 
327 107 
327 360 
327 237 
327 47 
327 260 
327 349 
327 512 
327 261 
327 449 
327 515 
327 137 
327 182 
327 378 
327 506 
327 121 
327 197 
327 345 
327 158 
327 296 
327 373 
327 532 
327 584 
327 275 
327 375 
327 480 
327 187 
327 134 
327 268 
327 212 
327 568 
327 314 
327 167 
327 5 
327 478 
327 247 
327 397 
327 32 
327 514 
327 178 
327 16 
327 81 
327 194 
327 1 
327 184 
327 445 
327 273 
327 310 
327 25 
327 346 
327 211 
327 486 
327 513 
327 155 
327 549 
327 526 
327 337 
327 291 
327 89 
327 128 
327 61 
327 160 
327 129 
327 328 
327 141 
327 298 
327 354 
327 525 
327 451 
327 503 
327 547 
327 566 
327 591 
327 62 
327 220 
327 224 
327 55 
327 29 
327 88 
327 17 
327 232 
327 119 
327 241 
327 269 
327 340 
327 352 
327 255 
327 316 
327 138 
327 4 
327 103 
327 210 
327 519 
327 166 
327 96 
327 585 
327 501 
327 295 
327 357 
327 361 
327 10 
327 132 
327 11 
327 581 
327 493 
327 219 
327 112 
327 147 
327 21 
327 483 
327 430 
327 139 
327 67 
327 118 
327 535 
327 527 
327 100 
327 392 
327 306 
327 313 
327 401 
327 181 
327 6 
327 3 
327 364 
327 30 
327 359 
327 573 
327 534 
327 431 
327 498 
327 381 
327 114 
327 48 
327 583 
327 344 
327 26 
327 550 
327 530 
327 395 
327 235 
327 176 
327 505 
327 315 
327 305 
327 482 
327 497 
327 386 
327 308 
327 146 
327 477 
327 98 
327 343 
327 85 
327 252 
327 262 
327 213 
327 363 
327 484 
327 391 
327 265 
327 151 
327 560 
327 438 
327 562 
327 120 
327 362 
327 245 
327 289 
327 87 
327 312 
327 152 
327 452 
328 324 
328 23 
328 106 
328 325 
328 422 
328 441 
328 574 
328 408 
328 251 
328 200 
328 176 
328 486 
328 124 
328 185 
328 396 
328 309 
328 87 
328 497 
328 289 
328 358 
328 228 
328 395 
328 226 
328 88 
328 420 
328 163 
328 546 
328 150 
328 514 
328 446 
328 216 
328 129 
328 402 
328 45 
328 149 
328 478 
328 491 
328 174 
328 160 
328 188 
328 278 
328 518 
328 136 
328 175 
328 9 
328 349 
328 107 
328 148 
328 564 
328 203 
328 11 
328 581 
328 458 
328 484 
328 248 
328 65 
328 259 
328 20 
328 379 
328 409 
328 417 
328 434 
328 268 
328 47 
328 489 
328 447 
328 254 
328 539 
328 5 
328 212 
328 238 
328 123 
328 209 
328 429 
328 167 
328 120 
328 590 
328 335 
328 540 
328 7 
328 219 
328 127 
328 369 
328 500 
328 39 
328 206 
328 71 
328 410 
328 38 
328 233 
328 327 
328 515 
328 252 
328 508 
328 445 
328 264 
328 29 
328 407 
328 481 
328 240 
328 415 
328 193 
328 375 
328 538 
328 392 
328 26 
328 505 
328 198 
328 433 
328 568 
328 589 
328 310 
328 373 
328 305 
328 572 
328 284 
328 115 
328 4 
328 427 
328 137 
328 377 
328 432 
328 66 
328 103 
328 442 
328 584 
328 34 
328 416 
328 542 
328 430 
328 296 
328 364 
328 232 
328 211 
328 510 
328 247 
328 322 
328 224 
328 467 
328 532 
328 57 
328 428 
328 151 
328 552 
328 79 
328 197 
328 171 
328 279 
328 300 
328 501 
328 477 
328 339 
328 97 
328 401 
328 290 
328 255 
328 405 
328 368 
328 96 
328 355 
328 250 
328 511 
328 265 
328 195 
328 473 
328 267 
328 16 
328 19 
328 122 
328 555 
328 179 
328 292 
328 283 
328 102 
328 512 
328 557 
328 261 
328 439 
328 537 
328 144 
328 577 
328 100 
328 277 
329 171 
329 412 
329 448 
329 232 
329 118 
329 281 
329 177 
329 347 
329 389 
329 514 
329 482 
329 435 
329 97 
329 584 
329 16 
329 92 
329 12 
329 442 
329 83 
329 88 
329 104 
329 385 
329 340 
329 469 
329 583 
329 66 
329 444 
329 240 
329 43 
329 530 
329 559 
329 37 
329 288 
329 571 
329 8 
329 320 
329 521 
329 3 
329 543 
329 70 
329 529 
329 154 
329 472 
329 109 
329 228 
329 525 
329 142 
329 263 
329 568 
329 73 
329 137 
329 178 
329 364 
329 509 
329 298 
329 162 
329 235 
329 359 
329 566 
329 361 
329 348 
329 126 
329 311 
329 101 
329 306 
329 528 
329 400 
329 379 
329 255 
329 507 
329 264 
329 315 
329 28 
329 199 
329 144 
329 124 
329 161 
329 0 
329 334 
329 532 
329 494 
329 248 
329 332 
329 256 
329 4 
329 6 
329 434 
329 394 
329 313 
329 283 
329 211 
329 296 
329 9 
329 158 
329 476 
329 267 
329 185 
329 57 
329 136 
329 215 
329 146 
329 423 
329 96 
329 135 
329 29 
329 402 
329 325 
329 339 
329 352 
329 414 
329 284 
329 441 
329 411 
329 575 
329 410 
329 323 
329 277 
329 428 
329 461 
329 470 
329 89 
329 455 
329 90 
329 95 
329 519 
329 495 
329 497 
329 520 
329 365 
329 489 
329 590 
329 271 
329 261 
329 36 
329 548 
329 355 
329 396 
329 554 
329 293 
329 192 
329 94 
329 550 
329 207 
329 172 
329 266 
329 260 
329 545 
329 464 
329 173 
329 121 
329 522 
329 129 
329 452 
329 251 
329 459 
329 14 
329 31 
329 23 
329 206 
329 61 
329 230 
329 407 
329 488 
329 373 
329 438 
329 555 
329 100 
329 155 
329 247 
330 38 
330 393 
330 251 
330 121 
330 15 
330 274 
330 459 
330 62 
330 164 
330 308 
330 332 
330 24 
330 0 
330 82 
330 346 
330 189 
330 1 
330 521 
330 199 
330 380 
330 167 
330 476 
330 446 
330 493 
330 556 
330 297 
330 477 
330 266 
330 96 
330 13 
330 504 
330 161 
330 246 
330 352 
330 401 
330 47 
330 564 
330 195 
330 12 
330 479 
330 415 
330 263 
330 65 
330 525 
330 382 
330 337 
330 37 
330 240 
330 501 
330 550 
330 218 
330 426 
330 206 
330 188 
330 539 
330 265 
330 88 
330 480 
330 232 
330 53 
330 542 
330 541 
330 537 
330 43 
330 165 
330 591 
330 315 
330 528 
330 73 
330 437 
330 321 
330 171 
330 212 
330 6 
330 192 
330 262 
330 552 
330 464 
330 140 
330 114 
330 174 
330 360 
330 377 
330 407 
330 142 
330 184 
330 288 
330 93 
330 366 
330 117 
330 560 
330 302 
330 372 
330 150 
330 489 
330 397 
330 342 
330 567 
330 41 
330 500 
330 336 
330 277 
330 569 
330 523 
330 406 
330 74 
330 392 
330 169 
330 388 
330 469 
330 589 
330 435 
330 129 
330 309 
330 285 
330 168 
330 485 
330 205 
330 44 
330 243 
330 466 
330 409 
330 163 
330 5 
330 254 
330 99 
330 557 
330 298 
330 16 
330 77 
330 42 
330 313 
330 364 
330 19 
330 490 
330 276 
330 125 
330 113 
330 204 
330 269 
330 507 
330 146 
330 345 
330 582 
330 290 
330 135 
330 452 
330 324 
330 272 
330 449 
330 71 
330 581 
330 292 
330 461 
330 36 
330 574 
330 248 
330 90 
330 225 
330 378 
331 87 
331 73 
331 401 
331 475 
331 496 
331 514 
331 485 
331 545 
331 407 
331 51 
331 221 
331 400 
331 515 
331 298 
331 140 
331 106 
331 385 
331 32 
331 372 
331 320 
331 491 
331 92 
331 78 
331 371 
331 2 
331 69 
331 297 
331 112 
331 190 
331 138 
331 27 
331 246 
331 98 
331 324 
331 323 
331 45 
331 584 
331 355 
331 12 
331 15 
331 409 
331 451 
331 255 
331 211 
331 283 
331 163 
331 335 
331 549 
331 239 
331 113 
331 505 
331 484 
331 299 
331 101 
331 441 
331 243 
331 52 
331 175 
331 383 
331 500 
331 588 
331 560 
331 590 
331 230 
331 326 
331 210 
331 155 
331 159 
331 187 
331 541 
331 341 
331 439 
331 237 
331 28 
331 201 
331 517 
331 146 
331 348 
331 130 
331 25 
331 63 
331 388 
331 534 
331 519 
331 35 
331 99 
331 125 
331 492 
331 440 
331 565 
331 36 
331 334 
331 418 
331 158 
331 64 
331 164 
331 195 
331 226 
331 410 
331 4 
331 264 
331 261 
331 393 
331 185 
331 95 
331 278 
331 468 
331 426 
331 17 
331 453 
331 552 
331 66 
331 270 
331 467 
331 411 
331 507 
331 525 
331 532 
331 285 
331 462 
331 313 
331 461 
331 352 
331 477 
331 236 
331 561 
331 290 
331 424 
331 425 
331 318 
331 351 
331 217 
331 449 
331 161 
331 268 
331 168 
331 110 
331 133 
331 550 
331 555 
331 457 
331 24 
331 322 
331 227 
331 493 
331 222 
331 48 
331 218 
331 49 
331 306 
331 369 
331 365 
331 219 
331 206 
331 104 
331 240 
331 406 
331 214 
331 312 
331 422 
331 430 
331 344 
331 54 
331 41 
331 437 
331 368 
331 349 
331 482 
331 235 
331 244 
331 569 
331 171 
331 293 
331 591 
331 503 
331 153 
331 589 
331 302 
331 1 
331 103 
331 84 
331 395 
331 353 
331 454 
331 518 
331 247 
331 309 
331 259 
331 33 
331 523 
331 109 
332 399 
332 272 
332 558 
332 105 
332 280 
332 412 
332 12 
332 194 
332 201 
332 7 
332 227 
332 515 
332 287 
332 259 
332 316 
332 101 
332 39 
332 330 
332 118 
332 545 
332 337 
332 217 
332 207 
332 580 
332 209 
332 477 
332 570 
332 562 
332 162 
332 294 
332 408 
332 490 
332 202 
332 308 
332 6 
332 433 
332 96 
332 362 
332 53 
332 423 
332 431 
332 563 
332 48 
332 192 
332 143 
332 98 
332 1 
332 183 
332 374 
332 235 
332 529 
332 87 
332 379 
332 552 
332 49 
332 191 
332 151 
332 389 
332 518 
332 121 
332 430 
332 125 
332 400 
332 196 
332 398 
332 210 
332 268 
332 368 
332 148 
332 415 
332 44 
332 513 
332 72 
332 19 
332 165 
332 208 
332 564 
332 119 
332 507 
332 205 
332 83 
332 310 
332 440 
332 123 
332 30 
332 350 
332 33 
332 358 
332 153 
332 291 
332 8 
332 584 
332 23 
332 536 
332 385 
332 329 
332 393 
332 147 
332 344 
332 312 
332 11 
332 220 
332 51 
332 100 
332 134 
332 173 
332 69 
332 566 
332 420 
332 496 
332 352 
332 472 
332 122 
332 497 
332 16 
332 526 
332 538 
332 40 
332 575 
332 66 
332 373 
332 190 
332 9 
332 554 
332 553 
332 108 
332 318 
332 295 
332 388 
332 378 
332 320 
332 559 
332 565 
332 167 
332 42 
332 0 
332 77 
332 271 
332 394 
332 223 
332 486 
332 461 
332 270 
332 438 
332 65 
332 239 
332 265 
332 464 
332 372 
332 578 
332 485 
332 547 
332 135 
332 369 
332 168 
332 481 
332 585 
332 25 
332 73 
332 346 
332 424 
333 266 
333 235 
333 227 
333 1 
333 22 
333 319 
333 195 
333 182 
333 359 
333 83 
333 358 
333 4 
333 582 
333 146 
333 225 
333 390 
333 280 
333 312 
333 53 
333 58 
333 57 
333 161 
333 46 
333 545 
333 343 
333 88 
333 547 
333 238 
333 474 
333 80 
333 273 
333 393 
333 160 
333 262 
333 11 
333 341 
333 215 
333 112 
333 404 
333 110 
333 302 
333 263 
333 363 
333 158 
333 162 
333 230 
333 149 
333 463 
333 459 
333 275 
333 365 
333 105 
333 357 
333 504 
333 276 
333 134 
333 224 
333 257 
333 143 
333 505 
333 550 
333 468 
333 171 
333 38 
333 537 
333 147 
333 435 
333 489 
333 241 
333 234 
333 509 
333 339 
333 378 
333 228 
333 170 
333 493 
333 236 
333 123 
333 247 
333 204 
333 377 
333 293 
333 51 
333 299 
333 26 
333 335 
333 9 
333 111 
333 585 
333 15 
333 296 
333 543 
333 349 
333 70 
333 544 
333 157 
333 322 
333 95 
333 248 
333 226 
333 370 
333 208 
333 437 
333 542 
333 17 
333 249 
333 300 
333 189 
333 515 
333 426 
333 400 
333 175 
333 304 
333 285 
333 290 
333 33 
333 345 
333 260 
333 18 
333 153 
333 517 
333 353 
333 201 
333 592 
333 278 
333 279 
333 532 
333 294 
333 28 
333 386 
333 309 
333 440 
333 92 
333 202 
333 253 
333 187 
333 239 
333 232 
333 68 
333 475 
333 90 
333 348 
333 50 
333 324 
333 218 
333 590 
333 99 
333 27 
333 525 
333 401 
333 49 
333 485 
333 398 
333 575 
333 16 
333 214 
334 486 
334 254 
334 74 
334 402 
334 527 
334 266 
334 499 
334 236 
334 400 
334 552 
334 519 
334 19 
334 404 
334 41 
334 250 
334 585 
334 429 
334 161 
334 192 
334 439 
334 60 
334 173 
334 197 
334 72 
334 268 
334 39 
334 587 
334 542 
334 300 
334 548 
334 50 
334 283 
334 144 
334 62 
334 121 
334 370 
334 42 
334 1 
334 435 
334 146 
334 91 
334 291 
334 538 
334 153 
334 160 
334 405 
334 176 
334 514 
334 459 
334 265 
334 581 
334 491 
334 451 
334 43 
334 25 
334 81 
334 516 
334 298 
334 12 
334 258 
334 149 
334 511 
334 198 
334 457 
334 204 
334 582 
334 478 
334 249 
334 510 
334 253 
334 358 
334 199 
334 524 
334 568 
334 262 
334 38 
334 571 
334 320 
334 331 
334 106 
334 177 
334 395 
334 421 
334 110 
334 251 
334 329 
334 482 
334 88 
334 498 
334 73 
334 541 
334 172 
334 578 
334 528 
334 284 
334 30 
334 98 
334 100 
334 347 
334 225 
334 357 
334 398 
334 532 
334 235 
334 271 
334 354 
334 52 
334 533 
334 186 
334 311 
334 557 
334 444 
334 215 
334 127 
334 431 
334 295 
334 337 
334 49 
334 103 
334 411 
334 547 
334 380 
334 61 
334 567 
334 128 
334 241 
334 385 
334 280 
334 307 
334 59 
334 156 
334 500 
334 556 
334 261 
334 94 
334 303 
334 165 
334 294 
334 119 
334 434 
334 389 
334 305 
334 276 
334 116 
334 502 
334 162 
334 289 
334 323 
334 28 
334 202 
334 159 
334 484 
334 466 
334 21 
334 577 
334 252 
334 302 
334 464 
334 89 
334 488 
334 79 
334 278 
334 539 
334 563 
334 2 
334 324 
334 448 
334 322 
334 386 
334 340 
334 82 
334 416 
334 211 
334 492 
334 393 
334 497 
334 403 
334 443 
334 479 
334 427 
334 212 
334 257 
334 471 
334 148 
334 208 
334 230 
334 40 
335 166 
335 91 
335 435 
335 162 
335 417 
335 135 
335 3 
335 152 
335 249 
335 298 
335 292 
335 118 
335 7 
335 439 
335 192 
335 520 
335 576 
335 133 
335 151 
335 406 
335 394 
335 98 
335 349 
335 42 
335 9 
335 136 
335 319 
335 252 
335 134 
335 490 
335 498 
335 144 
335 588 
335 195 
335 142 
335 391 
335 132 
335 494 
335 70 
335 165 
335 385 
335 99 
335 169 
335 436 
335 504 
335 50 
335 256 
335 34 
335 331 
335 243 
335 209 
335 104 
335 423 
335 231 
335 83 
335 522 
335 570 
335 268 
335 224 
335 239 
335 419 
335 51 
335 421 
335 290 
335 445 
335 397 
335 222 
335 24 
335 121 
335 276 
335 402 
335 343 
335 558 
335 4 
335 308 
335 163 
335 375 
335 198 
335 184 
335 119 
335 258 
335 294 
335 422 
335 535 
335 585 
335 328 
335 526 
335 567 
335 495 
335 492 
335 358 
335 321 
335 486 
335 266 
335 459 
335 296 
335 291 
335 295 
335 592 
335 363 
335 271 
335 315 
335 429 
335 139 
335 173 
335 404 
335 405 
335 229 
335 244 
335 23 
335 77 
335 437 
335 377 
335 250 
335 17 
335 565 
335 381 
335 542 
335 181 
335 159 
335 527 
335 333 
335 27 
335 484 
335 280 
335 194 
335 305 
335 479 
335 0 
335 382 
335 129 
335 63 
335 210 
335 507 
335 473 
335 483 
335 480 
335 287 
335 518 
335 553 
335 211 
335 226 
335 64 
335 465 
335 458 
335 293 
335 442 
335 322 
335 352 
335 204 
335 261 
335 456 
335 312 
335 289 
335 300 
335 573 
335 272 
335 26 
335 62 
335 529 
335 386 
335 499 
335 84 
335 317 
335 254 
335 248 
335 114 
335 106 
335 326 
335 234 
335 131 
335 245 
335 285 
335 538 
335 487 
335 158 
335 316 
335 345 
335 401 
335 510 
336 374 
336 455 
336 458 
336 468 
336 397 
336 63 
336 71 
336 542 
336 575 
336 408 
336 272 
336 126 
336 202 
336 375 
336 57 
336 221 
336 184 
336 120 
336 543 
336 357 
336 308 
336 378 
336 310 
336 160 
336 578 
336 471 
336 252 
336 298 
336 29 
336 275 
336 248 
336 233 
336 195 
336 245 
336 137 
336 359 
336 190 
336 168 
336 140 
336 325 
336 506 
336 53 
336 70 
336 230 
336 89 
336 147 
336 169 
336 266 
336 224 
336 277 
336 546 
336 344 
336 125 
336 5 
336 550 
336 445 
336 538 
336 453 
336 379 
336 31 
336 589 
336 237 
336 368 
336 80 
336 165 
336 312 
336 2 
336 228 
336 402 
336 390 
336 572 
336 269 
336 544 
336 338 
336 254 
336 103 
336 287 
336 84 
336 348 
336 191 
336 579 
336 69 
336 492 
336 560 
336 354 
336 439 
336 131 
336 33 
336 306 
336 133 
336 443 
336 161 
336 570 
336 41 
336 436 
336 259 
336 124 
336 512 
336 239 
336 291 
336 383 
336 81 
336 365 
336 181 
336 394 
336 179 
336 60 
336 67 
336 294 
336 110 
336 4 
336 351 
336 260 
336 502 
336 139 
336 330 
336 450 
336 346 
336 319 
336 438 
336 73 
336 256 
336 388 
336 418 
336 380 
336 566 
336 448 
336 313 
336 420 
336 553 
336 225 
336 97 
336 250 
336 590 
336 459 
336 558 
336 234 
336 356 
336 536 
336 339 
336 229 
336 413 
336 262 
336 16 
336 123 
336 367 
336 138 
336 109 
336 281 
336 8 
336 316 
336 343 
336 56 
336 337 
336 17 
336 340 
336 217 
336 85 
336 491 
336 127 
336 315 
336 156 
336 467 
336 395 
336 72 
336 141 
336 415 
336 242 
336 213 
336 396 
336 341 
336 463 
336 38 
336 591 
336 65 
336 519 
336 25 
336 144 
336 9 
336 185 
336 211 
336 205 
336 285 
336 104 
336 257 
336 99 
336 326 
336 477 
337 187 
337 9 
337 550 
337 372 
337 450 
337 470 
337 528 
337 424 
337 358 
337 310 
337 571 
337 38 
337 318 
337 100 
337 245 
337 96 
337 423 
337 569 
337 140 
337 574 
337 332 
337 314 
337 74 
337 311 
337 516 
337 97 
337 443 
337 497 
337 451 
337 46 
337 50 
337 581 
337 192 
337 106 
337 219 
337 180 
337 345 
337 517 
337 436 
337 147 
337 247 
337 179 
337 379 
337 502 
337 63 
337 120 
337 553 
337 313 
337 384 
337 343 
337 225 
337 150 
337 252 
337 330 
337 525 
337 462 
337 288 
337 377 
337 361 
337 260 
337 279 
337 298 
337 428 
337 6 
337 518 
337 586 
337 239 
337 151 
337 264 
337 338 
337 327 
337 134 
337 177 
337 414 
337 11 
337 54 
337 300 
337 92 
337 433 
337 93 
337 48 
337 559 
337 560 
337 412 
337 546 
337 51 
337 56 
337 248 
337 582 
337 18 
337 232 
337 303 
337 490 
337 471 
337 294 
337 237 
337 533 
337 241 
337 68 
337 176 
337 456 
337 326 
337 334 
337 60 
337 360 
337 449 
337 392 
337 194 
337 493 
337 229 
337 149 
337 268 
337 233 
337 273 
337 246 
337 282 
337 10 
337 95 
337 167 
337 236 
337 522 
337 477 
337 557 
337 136 
337 398 
337 370 
337 426 
337 65 
337 42 
337 336 
337 312 
337 539 
337 223 
337 2 
337 142 
337 457 
337 171 
337 466 
337 481 
337 506 
337 284 
337 504 
337 396 
337 459 
337 534 
337 108 
337 104 
337 257 
337 489 
337 347 
337 172 
337 22 
337 209 
337 511 
337 249 
337 216 
337 152 
337 403 
337 89 
337 231 
337 205 
337 198 
337 90 
337 15 
337 8 
337 191 
337 464 
337 480 
337 357 
338 103 
338 40 
338 437 
338 579 
338 71 
338 113 
338 202 
338 400 
338 236 
338 226 
338 433 
338 481 
338 492 
338 364 
338 85 
338 476 
338 145 
338 106 
338 373 
338 56 
338 586 
338 432 
338 251 
338 442 
338 284 
338 527 
338 375 
338 196 
338 290 
338 195 
338 118 
338 278 
338 534 
338 216 
338 369 
338 122 
338 447 
338 16 
338 419 
338 535 
338 218 
338 254 
338 468 
338 475 
338 79 
338 220 
338 217 
338 274 
338 306 
338 396 
338 163 
338 542 
338 402 
338 156 
338 178 
338 234 
338 410 
338 37 
338 353 
338 509 
338 485 
338 390 
338 192 
338 336 
338 444 
338 523 
338 93 
338 459 
338 287 
338 483 
338 104 
338 356 
338 204 
338 91 
338 337 
338 151 
338 389 
338 303 
338 544 
338 252 
338 159 
338 176 
338 110 
338 340 
338 137 
338 300 
338 409 
338 76 
338 77 
338 28 
338 279 
338 570 
338 59 
338 253 
338 58 
338 513 
338 435 
338 486 
338 116 
338 521 
338 124 
338 543 
338 399 
338 469 
338 430 
338 224 
338 401 
338 490 
338 293 
338 208 
338 479 
338 135 
338 448 
338 70 
338 114 
338 471 
338 297 
338 358 
338 455 
338 477 
338 467 
338 187 
338 266 
338 294 
338 133 
338 319 
338 67 
338 352 
338 24 
338 258 
338 498 
338 385 
338 547 
338 420 
338 381 
338 232 
338 574 
338 361 
338 473 
338 241 
338 508 
338 511 
338 25 
338 580 
338 150 
338 283 
338 31 
338 478 
338 392 
338 517 
338 177 
338 64 
338 172 
338 43 
338 438 
338 123 
338 474 
338 96 
338 440 
338 175 
338 214 
338 200 
338 386 
338 387 
338 417 
338 148 
338 280 
338 466 
338 575 
338 311 
338 366 
338 212 
338 491 
338 495 
338 313 
338 243 
338 571 
338 493 
338 585 
338 249 
338 245 
338 505 
338 19 
338 14 
338 530 
338 453 
338 209 
338 533 
338 83 
338 443 
339 21 
339 79 
339 470 
339 25 
339 98 
339 304 
339 184 
339 83 
339 383 
339 80 
339 107 
339 103 
339 463 
339 472 
339 75 
339 476 
339 243 
339 446 
339 409 
339 473 
339 555 
339 101 
339 287 
339 375 
339 356 
339 10 
339 127 
339 67 
339 500 
339 259 
339 158 
339 110 
339 445 
339 97 
339 230 
339 511 
339 165 
339 49 
339 538 
339 391 
339 283 
339 318 
339 378 
339 405 
339 138 
339 551 
339 208 
339 577 
339 271 
339 481 
339 212 
339 355 
339 164 
339 104 
339 521 
339 458 
339 523 
339 1 
339 485 
339 237 
339 267 
339 247 
339 22 
339 92 
339 139 
339 478 
339 159 
339 23 
339 416 
339 189 
339 326 
339 198 
339 183 
339 537 
339 3 
339 502 
339 149 
339 209 
339 18 
339 418 
339 510 
339 278 
339 88 
339 315 
339 206 
339 479 
339 177 
339 413 
339 477 
339 333 
339 432 
339 241 
339 211 
339 585 
339 533 
339 361 
339 314 
339 573 
339 160 
339 440 
339 12 
339 519 
339 245 
339 580 
339 400 
339 77 
339 124 
339 85 
339 451 
339 422 
339 347 
339 168 
339 221 
339 72 
339 296 
339 246 
339 102 
339 155 
339 255 
339 251 
339 444 
339 68 
339 202 
339 233 
339 30 
339 329 
339 336 
339 252 
339 341 
339 496 
339 505 
339 532 
339 513 
339 257 
339 176 
339 64 
339 207 
339 116 
339 7 
339 32 
339 414 
339 328 
339 119 
339 454 
339 426 
339 558 
339 163 
339 45 
339 550 
339 535 
339 428 
339 462 
339 112 
339 398 
339 499 
339 387 
339 563 
339 142 
339 406 
339 437 
339 269 
339 37 
339 254 
339 299 
339 95 
339 191 
339 256 
339 156 
339 402 
339 421 
339 319 
339 170 
339 308 
339 231 
339 525 
339 457 
339 399 
339 393 
339 311 
339 123 
340 350 
340 369 
340 193 
340 26 
340 202 
340 7 
340 147 
340 354 
340 591 
340 544 
340 190 
340 35 
340 567 
340 288 
340 119 
340 39 
340 574 
340 75 
340 179 
340 204 
340 301 
340 43 
340 343 
340 426 
340 475 
340 531 
340 326 
340 388 
340 345 
340 81 
340 537 
340 323 
340 530 
340 576 
340 491 
340 74 
340 329 
340 305 
340 364 
340 97 
340 222 
340 362 
340 579 
340 116 
340 152 
340 217 
340 205 
340 134 
340 49 
340 464 
340 470 
340 547 
340 197 
340 524 
340 351 
340 48 
340 104 
340 123 
340 455 
340 314 
340 317 
340 499 
340 45 
340 289 
340 304 
340 453 
340 142 
340 278 
340 240 
340 545 
340 73 
340 441 
340 47 
340 280 
340 588 
340 349 
340 200 
340 50 
340 443 
340 102 
340 380 
340 216 
340 551 
340 87 
340 67 
340 124 
340 72 
340 498 
340 41 
340 338 
340 406 
340 434 
340 223 
340 65 
340 209 
340 219 
340 160 
340 11 
340 215 
340 482 
340 25 
340 182 
340 213 
340 127 
340 282 
340 346 
340 13 
340 23 
340 228 
340 540 
340 18 
340 208 
340 503 
340 520 
340 327 
340 64 
340 468 
340 577 
340 411 
340 424 
340 589 
340 232 
340 126 
340 450 
340 487 
340 400 
340 483 
340 422 
340 106 
340 463 
340 101 
340 481 
340 359 
340 526 
340 536 
340 435 
340 21 
340 286 
340 0 
340 3 
340 510 
340 130 
340 423 
340 457 
340 5 
340 363 
340 51 
340 336 
340 287 
340 573 
340 154 
340 290 
340 85 
340 586 
340 191 
340 55 
340 243 
340 153 
340 320 
340 247 
340 149 
340 394 
340 449 
340 255 
340 334 
340 31 
340 447 
340 502 
340 405 
340 344 
340 538 
340 143 
340 409 
340 132 
340 587 
341 367 
341 18 
341 496 
341 578 
341 442 
341 568 
341 378 
341 502 
341 0 
341 224 
341 486 
341 434 
341 279 
341 292 
341 555 
341 576 
341 198 
341 361 
341 19 
341 48 
341 515 
341 400 
341 347 
341 557 
341 155 
341 175 
341 31 
341 574 
341 108 
341 398 
341 250 
341 156 
341 344 
341 438 
341 333 
341 82 
341 356 
341 61 
341 50 
341 504 
341 469 
341 449 
341 316 
341 166 
341 411 
341 302 
341 403 
341 566 
341 487 
341 546 
341 377 
341 97 
341 227 
341 285 
341 293 
341 556 
341 331 
341 90 
341 251 
341 585 
341 523 
341 468 
341 267 
341 106 
341 470 
341 559 
341 5 
341 305 
341 12 
341 511 
341 320 
341 145 
341 181 
341 103 
341 307 
341 298 
341 246 
341 562 
341 571 
341 363 
341 480 
341 359 
341 101 
341 10 
341 39 
341 322 
341 260 
341 21 
341 547 
341 408 
341 214 
341 75 
341 262 
341 226 
341 28 
341 444 
341 533 
341 222 
341 189 
341 346 
341 157 
341 419 
341 172 
341 317 
341 26 
341 413 
341 464 
341 463 
341 2 
341 265 
341 369 
341 118 
341 223 
341 532 
341 99 
341 29 
341 570 
341 339 
341 178 
341 235 
341 445 
341 553 
341 441 
341 355 
341 4 
341 588 
341 192 
341 380 
341 354 
341 113 
341 249 
341 296 
341 437 
341 387 
341 447 
341 390 
341 323 
341 336 
341 549 
341 430 
341 343 
341 187 
341 536 
341 116 
341 508 
341 146 
341 141 
341 551 
341 179 
341 284 
341 591 
341 534 
341 205 
341 448 
341 270 
341 236 
341 17 
341 577 
341 370 
342 364 
342 62 
342 51 
342 235 
342 56 
342 188 
342 267 
342 223 
342 417 
342 44 
342 541 
342 288 
342 348 
342 555 
342 10 
342 481 
342 294 
342 87 
342 296 
342 92 
342 257 
342 590 
342 556 
342 151 
342 415 
342 102 
342 403 
342 283 
342 124 
342 457 
342 86 
342 479 
342 320 
342 445 
342 399 
342 507 
342 482 
342 24 
342 93 
342 451 
342 91 
342 127 
342 490 
342 136 
342 407 
342 386 
342 3 
342 250 
342 225 
342 113 
342 563 
342 424 
342 218 
342 161 
342 221 
342 119 
342 211 
342 171 
342 15 
342 209 
342 565 
342 346 
342 206 
342 239 
342 365 
342 440 
342 156 
342 302 
342 172 
342 14 
342 82 
342 247 
342 313 
342 427 
342 116 
342 382 
342 308 
342 236 
342 522 
342 552 
342 416 
342 441 
342 28 
342 33 
342 503 
342 513 
342 489 
342 224 
342 380 
342 450 
342 154 
342 164 
342 203 
342 414 
342 4 
342 326 
342 253 
342 275 
342 89 
342 495 
342 276 
342 470 
342 58 
342 59 
342 520 
342 449 
342 398 
342 462 
342 242 
342 173 
342 526 
342 132 
342 330 
342 159 
342 252 
342 376 
342 579 
342 11 
342 560 
342 571 
342 272 
342 363 
342 291 
342 176 
342 362 
342 229 
342 67 
342 180 
342 471 
342 420 
342 312 
342 110 
342 263 
342 433 
342 256 
342 456 
342 139 
342 234 
342 215 
342 258 
342 551 
342 238 
342 464 
342 388 
342 108 
342 278 
342 27 
342 178 
342 434 
342 280 
342 518 
342 174 
342 31 
342 574 
342 23 
342 419 
342 222 
342 210 
342 538 
342 436 
342 452 
342 476 
342 351 
342 349 
342 53 
342 432 
342 515 
342 204 
342 186 
342 213 
342 534 
342 166 
342 352 
342 494 
342 493 
342 179 
342 443 
342 144 
342 459 
342 506 
342 107 
342 241 
342 377 
342 310 
343 365 
343 176 
343 426 
343 170 
343 398 
343 429 
343 120 
343 566 
343 405 
343 585 
343 55 
343 392 
343 52 
343 198 
343 493 
343 307 
343 417 
343 149 
343 289 
343 340 
343 323 
343 467 
343 66 
343 35 
343 404 
343 281 
343 333 
343 408 
343 108 
343 441 
343 569 
343 324 
343 259 
343 195 
343 14 
343 37 
343 517 
343 364 
343 352 
343 80 
343 278 
343 294 
343 114 
343 100 
343 203 
343 161 
343 488 
343 105 
343 56 
343 306 
343 430 
343 554 
343 119 
343 8 
343 228 
343 275 
343 320 
343 337 
343 516 
343 81 
343 315 
343 11 
343 1 
343 335 
343 243 
343 212 
343 490 
343 146 
343 413 
343 422 
343 483 
343 84 
343 214 
343 61 
343 58 
343 377 
343 219 
343 503 
343 415 
343 571 
343 531 
343 444 
343 194 
343 245 
343 310 
343 397 
343 576 
343 53 
343 241 
343 458 
343 546 
343 357 
343 265 
343 345 
343 460 
343 319 
343 242 
343 192 
343 101 
343 380 
343 13 
343 28 
343 39 
343 326 
343 24 
343 264 
343 565 
343 286 
343 385 
343 463 
343 442 
343 418 
343 145 
343 510 
343 211 
343 581 
343 473 
343 272 
343 296 
343 184 
343 558 
343 451 
343 434 
343 573 
343 435 
343 373 
343 200 
343 169 
343 325 
343 123 
343 556 
343 474 
343 475 
343 178 
343 227 
343 527 
343 251 
343 157 
343 125 
343 132 
343 164 
343 17 
343 336 
343 456 
343 549 
343 93 
343 311 
343 314 
343 359 
343 138 
343 280 
343 139 
343 421 
343 102 
343 401 
343 443 
343 77 
343 65 
343 389 
343 583 
343 318 
343 189 
343 57 
343 341 
343 9 
343 449 
343 487 
343 267 
343 412 
343 317 
343 152 
343 29 
343 344 
343 327 
343 271 
343 158 
343 543 
343 387 
343 591 
343 513 
343 367 
343 249 
343 254 
344 224 
344 162 
344 196 
344 59 
344 567 
344 165 
344 179 
344 289 
344 98 
344 0 
344 412 
344 91 
344 108 
344 399 
344 238 
344 22 
344 521 
344 43 
344 369 
344 403 
344 477 
344 157 
344 148 
344 180 
344 304 
344 554 
344 547 
344 520 
344 474 
344 569 
344 465 
344 161 
344 64 
344 375 
344 187 
344 190 
344 201 
344 578 
344 89 
344 405 
344 210 
344 227 
344 431 
344 52 
344 5 
344 350 
344 361 
344 495 
344 508 
344 11 
344 233 
344 385 
344 341 
344 225 
344 455 
344 353 
344 113 
344 120 
344 336 
344 397 
344 512 
344 83 
344 393 
344 570 
344 500 
344 525 
344 36 
344 376 
344 93 
344 266 
344 189 
344 454 
344 230 
344 267 
344 316 
344 258 
344 499 
344 458 
344 491 
344 298 
344 192 
344 355 
344 207 
344 560 
344 324 
344 79 
344 411 
344 293 
344 217 
344 276 
344 325 
344 277 
344 373 
344 384 
344 38 
344 35 
344 457 
344 67 
344 140 
344 435 
344 332 
344 352 
344 231 
344 382 
344 459 
344 568 
344 133 
344 147 
344 530 
344 476 
344 370 
344 368 
344 31 
344 149 
344 305 
344 566 
344 218 
344 485 
344 164 
344 288 
344 364 
344 468 
344 198 
344 410 
344 323 
344 39 
344 268 
344 432 
344 301 
344 95 
344 415 
344 228 
344 124 
344 378 
344 314 
344 66 
344 390 
344 4 
344 327 
344 300 
344 331 
344 236 
344 564 
344 487 
344 53 
344 534 
344 443 
344 448 
344 371 
344 340 
344 229 
344 563 
344 389 
344 125 
344 464 
344 1 
344 343 
344 193 
344 501 
344 171 
344 7 
344 345 
344 584 
344 262 
344 269 
344 286 
344 396 
344 424 
344 475 
345 422 
345 206 
345 210 
345 117 
345 310 
345 272 
345 265 
345 485 
345 31 
345 189 
345 236 
345 264 
345 213 
345 473 
345 305 
345 529 
345 425 
345 40 
345 302 
345 320 
345 505 
345 406 
345 435 
345 205 
345 365 
345 340 
345 199 
345 63 
345 389 
345 429 
345 452 
345 327 
345 300 
345 447 
345 147 
345 337 
345 584 
345 402 
345 585 
345 357 
345 1 
345 437 
345 14 
345 428 
345 507 
345 244 
345 208 
345 559 
345 176 
345 228 
345 295 
345 269 
345 134 
345 180 
345 421 
345 113 
345 493 
345 83 
345 263 
345 59 
345 542 
345 148 
345 355 
345 69 
345 470 
345 463 
345 262 
345 579 
345 321 
345 375 
345 156 
345 50 
345 226 
345 530 
345 145 
345 93 
345 273 
345 536 
345 35 
345 383 
345 570 
345 568 
345 26 
345 418 
345 567 
345 569 
345 15 
345 95 
345 254 
345 564 
345 466 
345 459 
345 260 
345 391 
345 118 
345 268 
345 343 
345 283 
345 378 
345 475 
345 294 
345 243 
345 299 
345 284 
345 217 
345 412 
345 120 
345 234 
345 592 
345 309 
345 52 
345 182 
345 155 
345 8 
345 30 
345 451 
345 386 
345 558 
345 359 
345 153 
345 144 
345 112 
345 347 
345 467 
345 197 
345 543 
345 261 
345 398 
345 292 
345 443 
345 92 
345 426 
345 220 
345 214 
345 368 
345 6 
345 488 
345 589 
345 525 
345 512 
345 333 
345 82 
345 248 
345 397 
345 522 
345 216 
345 487 
345 91 
345 498 
345 198 
345 22 
345 65 
345 17 
345 167 
345 185 
345 369 
345 439 
345 330 
345 401 
345 519 
345 306 
345 367 
345 513 
345 160 
345 350 
345 553 
345 45 
345 242 
345 494 
345 37 
345 482 
345 221 
345 457 
345 275 
345 195 
345 32 
345 344 
345 23 
345 36 
345 335 
345 445 
345 250 
346 301 
346 517 
346 30 
346 146 
346 504 
346 482 
346 496 
346 260 
346 147 
346 170 
346 276 
346 542 
346 471 
346 480 
346 563 
346 169 
346 142 
346 5 
346 555 
346 239 
346 402 
346 195 
346 259 
346 168 
346 15 
346 156 
346 528 
346 144 
346 73 
346 408 
346 353 
346 317 
346 330 
346 321 
346 20 
346 247 
346 245 
346 10 
346 380 
346 71 
346 227 
346 65 
346 556 
346 111 
346 533 
346 514 
346 94 
346 8 
346 428 
346 437 
346 6 
346 567 
346 384 
346 76 
346 591 
346 238 
346 519 
346 186 
346 587 
346 585 
346 4 
346 411 
346 16 
346 415 
346 325 
346 472 
346 213 
346 27 
346 389 
346 531 
346 406 
346 252 
346 342 
346 387 
346 310 
346 443 
346 39 
346 11 
346 379 
346 327 
346 424 
346 258 
346 181 
346 554 
346 199 
346 527 
346 304 
346 360 
346 63 
346 363 
346 385 
346 66 
346 476 
346 200 
346 473 
346 412 
346 589 
346 127 
346 281 
346 129 
346 196 
346 246 
346 486 
346 9 
346 455 
346 505 
346 420 
346 236 
346 322 
346 340 
346 347 
346 425 
346 212 
346 432 
346 367 
346 207 
346 568 
346 284 
346 312 
346 336 
346 188 
346 401 
346 206 
346 426 
346 36 
346 318 
346 242 
346 237 
346 300 
346 308 
346 341 
346 503 
346 116 
346 209 
346 501 
346 302 
346 148 
346 55 
346 278 
346 413 
346 355 
346 309 
346 368 
346 174 
346 56 
346 474 
346 178 
346 464 
346 372 
346 477 
346 1 
346 370 
346 45 
346 510 
346 192 
346 495 
346 270 
346 294 
346 108 
346 475 
346 80 
346 210 
346 84 
346 349 
346 256 
346 381 
346 416 
346 81 
346 166 
346 431 
346 155 
346 573 
346 109 
346 305 
346 332 
346 578 
346 295 
346 564 
346 377 
346 85 
346 106 
346 187 
346 313 
347 63 
347 102 
347 61 
347 530 
347 162 
347 368 
347 248 
347 137 
347 374 
347 547 
347 9 
347 93 
347 173 
347 461 
347 230 
347 329 
347 574 
347 586 
347 125 
347 259 
347 310 
347 359 
347 207 
347 464 
347 391 
347 191 
347 39 
347 139 
347 557 
347 229 
347 372 
347 197 
347 493 
347 236 
347 341 
347 114 
347 275 
347 365 
347 511 
347 249 
347 498 
347 348 
347 403 
347 265 
347 140 
347 423 
347 584 
347 181 
347 196 
347 387 
347 76 
347 490 
347 445 
347 480 
347 356 
347 113 
347 319 
347 296 
347 45 
347 303 
347 439 
347 485 
347 7 
347 520 
347 34 
347 313 
347 247 
347 111 
347 570 
347 276 
347 413 
347 132 
347 309 
347 74 
347 33 
347 28 
347 206 
347 237 
347 131 
347 407 
347 256 
347 258 
347 474 
347 87 
347 163 
347 509 
347 135 
347 124 
347 298 
347 508 
347 286 
347 15 
347 408 
347 232 
347 393 
347 178 
347 325 
347 251 
347 422 
347 412 
347 334 
347 486 
347 4 
347 346 
347 542 
347 261 
347 553 
347 572 
347 281 
347 179 
347 385 
347 169 
347 156 
347 120 
347 404 
347 339 
347 138 
347 212 
347 507 
347 482 
347 143 
347 345 
347 305 
347 517 
347 277 
347 378 
347 172 
347 573 
347 494 
347 204 
347 208 
347 495 
347 453 
347 233 
347 543 
347 300 
347 70 
347 55 
347 255 
347 392 
347 2 
347 433 
347 3 
347 550 
347 217 
347 367 
347 121 
347 48 
347 187 
347 19 
347 578 
347 25 
347 377 
347 567 
347 81 
347 337 
347 430 
347 316 
347 262 
347 17 
347 250 
347 141 
347 349 
347 321 
347 394 
347 29 
347 69 
347 479 
347 529 
347 477 
347 279 
347 417 
347 73 
348 440 
348 419 
348 359 
348 519 
348 365 
348 160 
348 404 
348 350 
348 238 
348 511 
348 342 
348 178 
348 140 
348 324 
348 107 
348 103 
348 63 
348 137 
348 315 
348 143 
348 530 
348 571 
348 26 
348 535 
348 145 
348 526 
348 267 
348 227 
348 11 
348 184 
348 0 
348 486 
348 212 
348 322 
348 34 
348 241 
348 301 
348 439 
348 136 
348 316 
348 496 
348 347 
348 321 
348 13 
348 173 
348 559 
348 311 
348 441 
348 443 
348 237 
348 382 
348 405 
348 81 
348 186 
348 414 
348 552 
348 232 
348 528 
348 52 
348 561 
348 298 
348 45 
348 211 
348 352 
348 291 
348 100 
348 218 
348 388 
348 276 
348 216 
348 460 
348 25 
348 207 
348 307 
348 310 
348 44 
348 442 
348 247 
348 431 
348 329 
348 493 
348 239 
348 555 
348 203 
348 369 
348 202 
348 233 
348 331 
348 336 
348 274 
348 258 
348 217 
348 390 
348 379 
348 72 
348 134 
348 313 
348 118 
348 506 
348 83 
348 110 
348 30 
348 28 
348 370 
348 590 
348 9 
348 158 
348 153 
348 31 
348 580 
348 231 
348 192 
348 151 
348 228 
348 550 
348 256 
348 254 
348 287 
348 128 
348 3 
348 592 
348 223 
348 478 
348 318 
348 24 
348 179 
348 505 
348 226 
348 39 
348 417 
348 280 
348 77 
348 294 
348 462 
348 125 
348 230 
348 366 
348 438 
348 412 
348 234 
348 59 
348 297 
348 360 
348 46 
348 95 
348 51 
348 446 
348 70 
348 208 
348 548 
348 58 
348 395 
348 104 
348 36 
348 494 
348 286 
348 428 
348 168 
348 451 
348 400 
348 222 
348 545 
348 282 
348 146 
348 557 
348 214 
348 516 
348 169 
348 188 
348 333 
348 510 
348 572 
348 354 
348 459 
348 108 
348 517 
348 527 
348 501 
348 87 
348 255 
348 161 
348 490 
348 23 
348 433 
348 378 
348 175 
348 456 
348 372 
348 47 
348 189 
348 84 
348 244 
349 47 
349 454 
349 74 
349 580 
349 229 
349 477 
349 297 
349 111 
349 392 
349 225 
349 309 
349 127 
349 525 
349 390 
349 75 
349 555 
349 188 
349 106 
349 26 
349 130 
349 110 
349 268 
349 335 
349 570 
349 351 
349 327 
349 13 
349 353 
349 202 
349 170 
349 430 
349 554 
349 591 
349 401 
349 59 
349 194 
349 33 
349 48 
349 564 
349 357 
349 260 
349 214 
349 191 
349 492 
349 16 
349 355 
349 154 
349 448 
349 537 
349 328 
349 64 
349 9 
349 574 
349 469 
349 134 
349 221 
349 133 
349 372 
349 88 
349 581 
349 186 
349 86 
349 244 
349 299 
349 90 
349 577 
349 81 
349 423 
349 89 
349 38 
349 526 
349 416 
349 571 
349 20 
349 420 
349 409 
349 340 
349 411 
349 11 
349 457 
349 414 
349 549 
349 5 
349 310 
349 40 
349 575 
349 135 
349 520 
349 161 
349 290 
349 60 
349 559 
349 210 
349 27 
349 501 
349 281 
349 250 
349 308 
349 209 
349 463 
349 391 
349 144 
349 223 
349 479 
349 78 
349 545 
349 147 
349 354 
349 141 
349 93 
349 435 
349 217 
349 333 
349 220 
349 57 
349 263 
349 396 
349 162 
349 149 
349 476 
349 219 
349 131 
349 303 
349 270 
349 313 
349 247 
349 573 
349 0 
349 538 
349 169 
349 484 
349 4 
349 166 
349 192 
349 311 
349 407 
349 63 
349 173 
349 1 
349 113 
349 358 
349 216 
349 190 
349 432 
349 2 
349 148 
349 243 
349 464 
349 346 
349 510 
349 77 
349 370 
349 527 
349 331 
349 403 
349 255 
349 259 
349 342 
349 168 
349 66 
349 347 
349 460 
349 417 
349 283 
349 34 
349 121 
349 499 
349 451 
349 276 
349 540 
349 441 
350 159 
350 340 
350 573 
350 69 
350 554 
350 285 
350 348 
350 459 
350 104 
350 435 
350 259 
350 550 
350 265 
350 497 
350 560 
350 424 
350 122 
350 149 
350 264 
350 236 
350 233 
350 430 
350 301 
350 195 
350 395 
350 297 
350 242 
350 174 
350 37 
350 138 
350 398 
350 28 
350 117 
350 532 
350 142 
350 557 
350 448 
350 408 
350 83 
350 383 
350 344 
350 498 
350 509 
350 482 
350 20 
350 461 
350 475 
350 515 
350 222 
350 426 
350 185 
350 375 
350 463 
350 410 
350 181 
350 548 
350 5 
350 47 
350 544 
350 362 
350 553 
350 428 
350 211 
350 193 
350 209 
350 523 
350 161 
350 227 
350 269 
350 2 
350 388 
350 210 
350 451 
350 440 
350 49 
350 235 
350 512 
350 431 
350 531 
350 546 
350 446 
350 384 
350 409 
350 578 
350 332 
350 3 
350 505 
350 477 
350 80 
350 296 
350 325 
350 473 
350 439 
350 577 
350 86 
350 154 
350 549 
350 31 
350 50 
350 288 
350 281 
350 9 
350 252 
350 361 
350 119 
350 147 
350 456 
350 293 
350 567 
350 13 
350 575 
350 592 
350 88 
350 401 
350 569 
350 203 
350 404 
350 449 
350 534 
350 168 
350 364 
350 246 
350 118 
350 75 
350 39 
350 167 
350 189 
350 494 
350 429 
350 173 
350 391 
350 493 
350 471 
350 19 
350 135 
350 53 
350 380 
350 78 
350 502 
350 437 
350 238 
350 559 
350 150 
350 539 
350 402 
350 208 
350 79 
350 460 
350 54 
350 413 
350 63 
350 228 
350 197 
350 59 
350 345 
350 42 
350 258 
350 478 
350 21 
350 110 
350 403 
350 357 
350 511 
350 371 
350 91 
350 125 
351 143 
351 487 
351 242 
351 569 
351 94 
351 563 
351 472 
351 578 
351 3 
351 82 
351 469 
351 5 
351 500 
351 545 
351 187 
351 220 
351 260 
351 450 
351 291 
351 470 
351 81 
351 523 
351 206 
351 367 
351 349 
351 254 
351 11 
351 293 
351 230 
351 391 
351 6 
351 363 
351 370 
351 21 
351 538 
351 489 
351 568 
351 415 
351 355 
351 269 
351 481 
351 261 
351 64 
351 388 
351 467 
351 385 
351 425 
351 340 
351 392 
351 530 
351 32 
351 290 
351 45 
351 284 
351 570 
351 459 
351 248 
351 232 
351 550 
351 102 
351 353 
351 314 
351 592 
351 177 
351 238 
351 582 
351 198 
351 235 
351 7 
351 299 
351 149 
351 288 
351 278 
351 115 
351 555 
351 546 
351 40 
351 398 
351 566 
351 90 
351 461 
351 298 
351 270 
351 554 
351 308 
351 482 
351 427 
351 287 
351 4 
351 9 
351 34 
351 10 
351 473 
351 225 
351 231 
351 419 
351 147 
351 217 
351 41 
351 167 
351 126 
351 336 
351 310 
351 325 
351 444 
351 251 
351 95 
351 374 
351 224 
351 213 
351 377 
351 237 
351 229 
351 463 
351 103 
351 514 
351 139 
351 504 
351 426 
351 180 
351 117 
351 244 
351 8 
351 331 
351 420 
351 44 
351 416 
351 586 
351 453 
351 207 
351 158 
351 60 
351 522 
351 529 
351 80 
351 71 
351 39 
351 320 
351 541 
351 249 
351 322 
351 196 
351 591 
351 110 
351 404 
351 272 
351 52 
351 30 
351 395 
351 360 
351 458 
351 277 
351 27 
351 305 
351 222 
351 342 
351 297 
351 204 
351 96 
351 161 
351 157 
351 89 
351 491 
351 116 
351 435 
351 59 
351 366 
351 558 
351 97 
351 240 
351 76 
351 132 
351 571 
351 451 
352 402 
352 284 
352 111 
352 484 
352 86 
352 252 
352 161 
352 39 
352 462 
352 487 
352 443 
352 407 
352 532 
352 545 
352 263 
352 67 
352 19 
352 486 
352 547 
352 37 
352 412 
352 91 
352 160 
352 166 
352 384 
352 13 
352 392 
352 490 
352 502 
352 176 
352 504 
352 491 
352 463 
352 578 
352 231 
352 309 
352 343 
352 528 
352 524 
352 409 
352 303 
352 2 
352 137 
352 428 
352 60 
352 70 
352 373 
352 238 
352 205 
352 419 
352 466 
352 330 
352 288 
352 219 
352 348 
352 239 
352 52 
352 152 
352 320 
352 300 
352 499 
352 107 
352 50 
352 503 
352 434 
352 398 
352 316 
352 404 
352 12 
352 436 
352 128 
352 90 
352 59 
352 533 
352 4 
352 196 
352 262 
352 220 
352 324 
352 265 
352 473 
352 264 
352 519 
352 368 
352 390 
352 292 
352 424 
352 391 
352 53 
352 453 
352 344 
352 567 
352 44 
352 80 
352 332 
352 327 
352 489 
352 179 
352 306 
352 465 
352 401 
352 331 
352 7 
352 338 
352 439 
352 492 
352 549 
352 226 
352 211 
352 329 
352 6 
352 188 
352 471 
352 245 
352 3 
352 442 
352 26 
352 246 
352 121 
352 209 
352 417 
352 438 
352 9 
352 326 
352 49 
352 315 
352 139 
352 16 
352 68 
352 146 
352 201 
352 379 
352 543 
352 386 
352 505 
352 287 
352 413 
352 335 
352 537 
352 540 
352 155 
352 33 
352 56 
352 148 
352 127 
352 523 
352 520 
352 28 
352 457 
352 342 
352 221 
352 400 
352 269 
352 232 
352 448 
352 576 
352 472 
352 478 
352 253 
352 456 
352 297 
352 522 
353 521 
353 113 
353 6 
353 220 
353 137 
353 146 
353 158 
353 571 
353 5 
353 512 
353 230 
353 320 
353 274 
353 429 
353 480 
353 575 
353 105 
353 486 
353 176 
353 77 
353 516 
353 431 
353 349 
353 346 
353 482 
353 71 
353 188 
353 447 
353 234 
353 417 
353 281 
353 70 
353 548 
353 344 
353 390 
353 303 
353 235 
353 285 
353 35 
353 509 
353 80 
353 385 
353 503 
353 73 
353 33 
353 382 
353 518 
353 270 
353 412 
353 338 
353 201 
353 90 
353 316 
353 284 
353 51 
353 102 
353 351 
353 279 
353 498 
353 507 
353 19 
353 126 
353 57 
353 271 
353 4 
353 186 
353 423 
353 364 
353 120 
353 21 
353 209 
353 452 
353 1 
353 189 
353 122 
353 367 
353 537 
353 322 
353 434 
353 282 
353 170 
353 371 
353 61 
353 165 
353 192 
353 97 
353 520 
353 471 
353 375 
353 151 
353 265 
353 178 
353 591 
353 89 
353 84 
353 117 
353 361 
353 269 
353 112 
353 224 
353 233 
353 427 
353 142 
353 443 
353 547 
353 150 
353 250 
353 172 
353 98 
353 567 
353 129 
353 81 
353 438 
353 305 
353 549 
353 525 
353 264 
353 134 
353 110 
353 214 
353 152 
353 514 
353 100 
353 2 
353 29 
353 9 
353 536 
353 197 
353 397 
353 173 
353 223 
353 253 
353 333 
353 118 
353 566 
353 406 
353 532 
353 399 
353 38 
353 12 
353 317 
353 31 
353 479 
353 68 
353 37 
353 34 
353 226 
353 522 
353 540 
353 283 
353 467 
353 583 
353 145 
353 485 
353 568 
353 418 
353 475 
353 529 
353 263 
353 76 
353 272 
353 421 
353 296 
353 229 
353 69 
353 42 
353 174 
353 331 
353 141 
353 526 
353 15 
353 395 
353 36 
353 213 
353 557 
353 16 
353 207 
353 260 
353 295 
353 511 
354 122 
354 118 
354 535 
354 32 
354 61 
354 199 
354 81 
354 41 
354 289 
354 574 
354 340 
354 185 
354 288 
354 234 
354 407 
354 472 
354 34 
354 250 
354 554 
354 176 
354 531 
354 470 
354 542 
354 160 
354 245 
354 416 
354 36 
354 278 
354 79 
354 257 
354 82 
354 301 
354 58 
354 525 
354 576 
354 251 
354 559 
354 302 
354 304 
354 254 
354 10 
354 179 
354 215 
354 443 
354 524 
354 111 
354 206 
354 131 
354 371 
354 321 
354 453 
354 582 
354 148 
354 178 
354 284 
354 408 
354 518 
354 572 
354 519 
354 422 
354 237 
354 486 
354 382 
354 421 
354 204 
354 516 
354 306 
354 460 
354 39 
354 320 
354 569 
354 575 
354 246 
354 132 
354 149 
354 336 
354 113 
354 491 
354 297 
354 77 
354 417 
354 413 
354 126 
354 327 
354 25 
354 313 
354 189 
354 432 
354 415 
354 267 
354 269 
354 256 
354 262 
354 385 
354 172 
354 553 
354 388 
354 138 
354 557 
354 534 
354 74 
354 123 
354 498 
354 334 
354 153 
354 577 
354 274 
354 400 
354 366 
354 349 
354 247 
354 161 
354 434 
354 26 
354 28 
354 177 
354 546 
354 97 
354 411 
354 586 
354 475 
354 13 
354 86 
354 488 
354 83 
354 479 
354 120 
354 175 
354 483 
354 22 
354 568 
354 94 
354 423 
354 40 
354 527 
354 139 
354 513 
354 530 
354 152 
354 430 
354 444 
354 80 
354 442 
354 112 
354 46 
354 496 
354 188 
354 427 
354 341 
354 277 
354 429 
354 35 
354 249 
354 19 
354 106 
354 466 
354 436 
354 323 
354 439 
354 348 
354 221 
354 356 
354 541 
354 386 
354 101 
354 99 
354 399 
354 218 
354 502 
354 389 
354 38 
354 233 
354 396 
354 292 
355 381 
355 366 
355 11 
355 282 
355 327 
355 41 
355 50 
355 373 
355 430 
355 413 
355 126 
355 235 
355 426 
355 394 
355 561 
355 374 
355 125 
355 443 
355 182 
355 564 
355 171 
355 261 
355 138 
355 417 
355 483 
355 246 
355 331 
355 254 
355 399 
355 403 
355 450 
355 33 
355 184 
355 290 
355 495 
355 377 
355 349 
355 300 
355 439 
355 15 
355 577 
355 351 
355 130 
355 131 
355 591 
355 589 
355 119 
355 147 
355 454 
355 226 
355 397 
355 175 
355 339 
355 516 
355 546 
355 548 
355 368 
355 274 
355 101 
355 163 
355 445 
355 345 
355 309 
355 13 
355 538 
355 458 
355 68 
355 218 
355 321 
355 513 
355 251 
355 344 
355 414 
355 40 
355 217 
355 149 
355 95 
355 537 
355 245 
355 518 
355 521 
355 152 
355 315 
355 549 
355 451 
355 371 
355 324 
355 169 
355 423 
355 455 
355 437 
355 559 
355 94 
355 198 
355 3 
355 441 
355 431 
355 411 
355 364 
355 590 
355 527 
355 557 
355 176 
355 523 
355 192 
355 129 
355 82 
355 582 
355 409 
355 174 
355 273 
355 438 
355 165 
355 424 
355 121 
355 346 
355 540 
355 553 
355 23 
355 116 
355 286 
355 588 
355 305 
355 154 
355 477 
355 65 
355 236 
355 289 
355 341 
355 32 
355 144 
355 390 
355 145 
355 61 
355 552 
355 329 
355 410 
355 375 
355 535 
355 323 
355 427 
355 328 
355 103 
355 578 
355 517 
355 532 
355 186 
355 479 
355 77 
355 118 
355 510 
355 376 
355 258 
355 224 
355 313 
355 294 
356 357 
356 286 
356 270 
356 493 
356 90 
356 58 
356 487 
356 205 
356 152 
356 483 
356 124 
356 145 
356 3 
356 37 
356 5 
356 417 
356 538 
356 241 
356 208 
356 425 
356 589 
356 190 
356 23 
356 217 
356 389 
356 57 
356 511 
356 271 
356 434 
356 489 
356 422 
356 183 
356 164 
356 264 
356 302 
356 577 
356 339 
356 216 
356 81 
356 295 
356 509 
356 112 
356 514 
356 53 
356 460 
356 553 
356 374 
356 294 
356 201 
356 510 
356 187 
356 382 
356 171 
356 119 
356 324 
356 162 
356 61 
356 576 
356 167 
356 341 
356 70 
356 502 
356 231 
356 385 
356 141 
356 235 
356 347 
356 254 
356 380 
356 248 
356 495 
356 578 
356 48 
356 366 
356 196 
356 392 
356 588 
356 395 
356 582 
356 234 
356 240 
356 512 
356 585 
356 579 
356 83 
356 545 
356 222 
356 338 
356 149 
356 378 
356 296 
356 243 
356 186 
356 170 
356 55 
356 249 
356 470 
356 78 
356 165 
356 33 
356 251 
356 564 
356 203 
356 73 
356 159 
356 12 
356 89 
356 8 
356 368 
356 542 
356 200 
356 572 
356 453 
356 287 
356 404 
356 250 
356 211 
356 297 
356 7 
356 263 
356 42 
356 524 
356 468 
356 449 
356 95 
356 142 
356 116 
356 6 
356 219 
356 423 
356 105 
356 102 
356 160 
356 581 
356 390 
356 198 
356 336 
356 311 
356 185 
356 227 
356 590 
356 322 
356 442 
356 129 
356 475 
356 82 
356 369 
356 88 
356 438 
356 548 
356 274 
356 440 
356 583 
356 534 
356 223 
356 541 
356 358 
356 100 
356 563 
356 91 
356 236 
356 22 
356 180 
356 298 
356 560 
356 131 
356 433 
356 325 
356 136 
356 549 
356 381 
356 354 
356 266 
356 409 
356 580 
356 189 
356 155 
356 20 
356 182 
356 229 
356 244 
356 525 
356 199 
356 318 
356 519 
356 527 
356 197 
356 424 
357 43 
357 77 
357 386 
357 356 
357 206 
357 162 
357 574 
357 187 
357 240 
357 383 
357 526 
357 586 
357 272 
357 252 
357 132 
357 309 
357 124 
357 245 
357 461 
357 63 
357 24 
357 451 
357 493 
357 336 
357 578 
357 204 
357 558 
357 560 
357 433 
357 186 
357 441 
357 149 
357 311 
357 112 
357 569 
357 359 
357 571 
357 103 
357 428 
357 380 
357 349 
357 364 
357 13 
357 131 
357 345 
357 64 
357 175 
357 491 
357 94 
357 308 
357 570 
357 446 
357 161 
357 457 
357 85 
357 19 
357 287 
357 516 
357 129 
357 216 
357 237 
357 389 
357 487 
357 508 
357 11 
357 88 
357 333 
357 226 
357 395 
357 485 
357 525 
357 483 
357 26 
357 23 
357 275 
357 443 
357 326 
357 40 
357 521 
357 501 
357 54 
357 211 
357 504 
357 263 
357 489 
357 61 
357 343 
357 514 
357 242 
357 312 
357 4 
357 250 
357 118 
357 310 
357 334 
357 21 
357 467 
357 473 
357 223 
357 200 
357 566 
357 56 
357 445 
357 568 
357 236 
357 108 
357 408 
357 498 
357 188 
357 377 
357 83 
357 362 
357 95 
357 150 
357 376 
357 105 
357 306 
357 135 
357 393 
357 114 
357 327 
357 511 
357 471 
357 373 
357 590 
357 583 
357 7 
357 120 
357 397 
357 207 
357 62 
357 165 
357 140 
357 104 
357 166 
357 278 
357 444 
357 15 
357 12 
357 520 
357 302 
357 589 
357 360 
357 539 
357 158 
357 552 
357 477 
357 60 
357 448 
357 401 
357 130 
357 121 
357 230 
357 382 
357 379 
357 173 
357 296 
357 181 
357 402 
357 468 
357 367 
357 171 
357 178 
357 87 
357 350 
357 391 
357 398 
357 406 
357 337 
357 183 
358 127 
358 501 
358 161 
358 67 
358 52 
358 182 
358 337 
358 255 
358 527 
358 333 
358 372 
358 284 
358 476 
358 328 
358 272 
358 203 
358 237 
358 158 
358 436 
358 75 
358 533 
358 184 
358 81 
358 377 
358 406 
358 150 
358 429 
358 12 
358 30 
358 569 
358 133 
358 402 
358 86 
358 263 
358 384 
358 221 
358 426 
358 189 
358 432 
358 148 
358 495 
358 193 
358 510 
358 97 
358 32 
358 245 
358 556 
358 587 
358 297 
358 169 
358 401 
358 492 
358 65 
358 449 
358 312 
358 232 
358 128 
358 251 
358 473 
358 306 
358 108 
358 389 
358 234 
358 477 
358 460 
358 10 
358 549 
358 145 
358 334 
358 260 
358 170 
358 214 
358 44 
358 485 
358 375 
358 335 
358 535 
358 552 
358 378 
358 309 
358 472 
358 199 
358 217 
358 250 
358 294 
358 332 
358 524 
358 208 
358 201 
358 271 
358 409 
358 238 
358 177 
358 419 
358 137 
358 435 
358 411 
358 274 
358 266 
358 84 
358 270 
358 517 
358 91 
358 186 
358 31 
358 338 
358 276 
358 13 
358 507 
358 152 
358 37 
358 27 
358 365 
358 140 
358 126 
358 403 
358 434 
358 166 
358 259 
358 427 
358 90 
358 553 
358 420 
358 83 
358 159 
358 442 
358 192 
358 319 
358 155 
358 528 
358 146 
358 541 
358 265 
358 580 
358 497 
358 585 
358 194 
358 45 
358 349 
358 143 
358 187 
358 356 
358 246 
358 304 
358 469 
358 302 
358 317 
358 488 
358 479 
358 268 
358 305 
358 391 
358 58 
358 69 
358 229 
358 114 
358 586 
358 41 
358 131 
358 88 
358 66 
358 275 
358 471 
358 142 
358 116 
358 64 
358 382 
358 11 
358 516 
358 178 
358 588 
358 503 
358 157 
359 348 
359 527 
359 323 
359 261 
359 65 
359 333 
359 497 
359 388 
359 29 
359 286 
359 310 
359 482 
359 241 
359 581 
359 426 
359 449 
359 518 
359 82 
359 467 
359 169 
359 204 
359 92 
359 511 
359 465 
359 74 
359 159 
359 588 
359 372 
359 531 
359 578 
359 104 
359 382 
359 170 
359 445 
359 166 
359 530 
359 347 
359 73 
359 436 
359 484 
359 305 
359 357 
359 336 
359 38 
359 217 
359 257 
359 325 
359 207 
359 549 
359 508 
359 301 
359 391 
359 390 
359 516 
359 367 
359 36 
359 226 
359 318 
359 174 
359 287 
359 11 
359 395 
359 77 
359 20 
359 502 
359 212 
359 13 
359 115 
359 17 
359 572 
359 240 
359 504 
359 583 
359 329 
359 138 
359 573 
359 26 
359 150 
359 274 
359 566 
359 263 
359 58 
359 316 
359 52 
359 252 
359 96 
359 515 
359 112 
359 427 
359 178 
359 386 
359 485 
359 366 
359 416 
359 131 
359 306 
359 514 
359 455 
359 379 
359 561 
359 37 
359 378 
359 62 
359 574 
359 489 
359 341 
359 39 
359 91 
359 419 
359 293 
359 576 
359 577 
359 114 
359 209 
359 567 
359 161 
359 69 
359 66 
359 242 
359 215 
359 536 
359 256 
359 144 
359 40 
359 345 
359 311 
359 16 
359 42 
359 255 
359 483 
359 422 
359 452 
359 130 
359 503 
359 557 
359 443 
359 526 
359 183 
359 475 
359 340 
359 538 
359 222 
359 124 
359 324 
359 476 
359 509 
359 109 
359 298 
359 283 
359 541 
359 154 
359 181 
359 343 
359 327 
359 493 
359 267 
359 537 
359 167 
359 413 
359 556 
359 405 
359 404 
359 0 
359 398 
359 219 
359 101 
359 172 
359 164 
359 440 
359 360 
359 248 
359 197 
359 295 
359 408 
359 103 
359 543 
359 459 
359 142 
359 4 
359 175 
359 266 
359 225 
359 47 
359 401 
359 275 
359 302 
359 276 
359 403 
359 486 
359 2 
359 279 
360 510 
360 79 
360 446 
360 102 
360 122 
360 589 
360 1 
360 59 
360 571 
360 556 
360 49 
360 425 
360 327 
360 238 
360 97 
360 223 
360 494 
360 554 
360 164 
360 530 
360 114 
360 171 
360 261 
360 487 
360 124 
360 153 
360 409 
360 581 
360 217 
360 489 
360 457 
360 417 
360 497 
360 94 
360 315 
360 15 
360 465 
360 578 
360 546 
360 134 
360 389 
360 206 
360 500 
360 485 
360 582 
360 193 
360 53 
360 176 
360 521 
360 454 
360 22 
360 221 
360 141 
360 103 
360 441 
360 166 
360 143 
360 469 
360 418 
360 557 
360 133 
360 129 
360 455 
360 93 
360 504 
360 386 
360 461 
360 376 
360 10 
360 346 
360 248 
360 490 
360 2 
360 235 
360 51 
360 73 
360 186 
360 584 
360 583 
360 443 
360 72 
360 213 
360 98 
360 324 
360 330 
360 64 
360 172 
360 268 
360 80 
360 257 
360 123 
360 26 
360 46 
360 464 
360 274 
360 167 
360 12 
360 69 
360 146 
360 135 
360 178 
360 491 
360 520 
360 8 
360 4 
360 149 
360 52 
360 367 
360 433 
360 127 
360 414 
360 337 
360 438 
360 543 
360 476 
360 361 
360 48 
360 286 
360 216 
360 61 
360 313 
360 6 
360 63 
360 326 
360 88 
360 567 
360 147 
360 41 
360 363 
360 565 
360 9 
360 526 
360 348 
360 366 
360 260 
360 459 
360 493 
360 529 
360 534 
360 175 
360 357 
360 82 
360 479 
360 550 
360 302 
360 501 
360 523 
360 351 
360 278 
360 156 
360 266 
360 402 
360 502 
360 120 
360 116 
360 212 
360 219 
360 187 
360 488 
360 419 
360 362 
360 21 
360 272 
360 359 
360 162 
360 283 
360 192 
360 541 
360 136 
360 561 
360 415 
360 451 
360 404 
360 38 
360 182 
360 267 
360 375 
360 317 
360 445 
360 44 
360 297 
360 276 
361 429 
361 154 
361 430 
361 126 
361 96 
361 257 
361 376 
361 456 
361 265 
361 549 
361 326 
361 552 
361 318 
361 44 
361 475 
361 136 
361 388 
361 40 
361 462 
361 410 
361 541 
361 21 
361 47 
361 366 
361 97 
361 233 
361 341 
361 281 
361 37 
361 143 
361 444 
361 421 
361 129 
361 68 
361 479 
361 419 
361 215 
361 344 
361 193 
361 465 
361 393 
361 407 
361 447 
361 299 
361 43 
361 22 
361 168 
361 205 
361 152 
361 371 
361 493 
361 148 
361 189 
361 484 
361 99 
361 539 
361 29 
361 42 
361 590 
361 337 
361 309 
361 482 
361 171 
361 329 
361 62 
361 180 
361 363 
361 313 
361 405 
361 420 
361 392 
361 591 
361 478 
361 512 
361 501 
361 139 
361 377 
361 316 
361 320 
361 144 
361 481 
361 498 
361 15 
361 77 
361 448 
361 28 
361 339 
361 350 
361 534 
361 395 
361 569 
361 558 
361 134 
361 578 
361 353 
361 194 
361 487 
361 245 
361 470 
361 211 
361 445 
361 385 
361 488 
361 502 
361 192 
361 280 
361 50 
361 396 
361 78 
361 513 
361 360 
361 116 
361 142 
361 408 
361 31 
361 315 
361 145 
361 390 
361 327 
361 3 
361 114 
361 451 
361 503 
361 112 
361 338 
361 262 
361 176 
361 467 
361 45 
361 369 
361 127 
361 187 
361 425 
361 449 
361 291 
361 173 
361 452 
361 584 
361 491 
361 109 
361 404 
361 389 
361 542 
361 161 
361 231 
361 71 
361 210 
361 428 
361 439 
361 547 
361 197 
361 147 
361 589 
361 380 
361 124 
361 308 
361 372 
361 278 
361 191 
361 208 
361 573 
361 536 
362 458 
362 570 
362 576 
362 237 
362 150 
362 589 
362 325 
362 447 
362 569 
362 182 
362 372 
362 426 
362 521 
362 176 
362 554 
362 96 
362 25 
362 543 
362 318 
362 245 
362 380 
362 448 
362 148 
362 527 
362 295 
362 199 
362 185 
362 480 
362 320 
362 319 
362 297 
362 340 
362 119 
362 332 
362 545 
362 445 
362 248 
362 500 
362 425 
362 34 
362 76 
362 475 
362 405 
362 258 
362 371 
362 32 
362 163 
362 133 
362 533 
362 306 
362 41 
362 388 
362 110 
362 257 
362 383 
362 476 
362 444 
362 24 
362 350 
362 591 
362 40 
362 562 
362 382 
362 531 
362 462 
362 104 
362 166 
362 287 
362 407 
362 73 
362 586 
362 515 
362 124 
362 494 
362 136 
362 238 
362 84 
362 59 
362 534 
362 376 
362 88 
362 31 
362 438 
362 316 
362 48 
362 324 
362 95 
362 399 
362 54 
362 68 
362 427 
362 17 
362 264 
362 454 
362 122 
362 79 
362 120 
362 313 
362 135 
362 384 
362 101 
362 83 
362 250 
362 423 
362 158 
362 268 
362 505 
362 529 
362 532 
362 11 
362 109 
362 170 
362 14 
362 435 
362 357 
362 488 
362 377 
362 165 
362 62 
362 584 
362 228 
362 463 
362 98 
362 342 
362 211 
362 201 
362 282 
362 75 
362 97 
362 464 
362 140 
362 209 
362 579 
362 583 
362 549 
362 485 
362 493 
362 18 
362 461 
362 28 
362 395 
362 490 
362 495 
362 219 
362 107 
362 274 
362 222 
362 178 
362 194 
362 231 
362 379 
362 564 
362 195 
362 420 
362 191 
362 418 
362 544 
362 180 
362 360 
362 512 
362 167 
362 183 
362 263 
362 67 
362 224 
362 363 
362 311 
362 585 
362 436 
362 171 
362 179 
362 472 
362 327 
362 153 
362 156 
362 26 
363 223 
363 427 
363 58 
363 479 
363 314 
363 250 
363 581 
363 152 
363 230 
363 437 
363 10 
363 311 
363 18 
363 261 
363 521 
363 278 
363 12 
363 51 
363 500 
363 447 
363 292 
363 414 
363 13 
363 517 
363 252 
363 505 
363 389 
363 367 
363 558 
363 523 
363 135 
363 305 
363 351 
363 283 
363 510 
363 159 
363 66 
363 566 
363 390 
363 563 
363 9 
363 560 
363 388 
363 495 
363 183 
363 487 
363 301 
363 197 
363 102 
363 589 
363 468 
363 333 
363 529 
363 504 
363 161 
363 522 
363 245 
363 216 
363 138 
363 545 
363 104 
363 429 
363 128 
363 231 
363 210 
363 549 
363 193 
363 62 
363 460 
363 368 
363 257 
363 173 
363 200 
363 220 
363 509 
363 544 
363 361 
363 507 
363 434 
363 34 
363 346 
363 580 
363 308 
363 281 
363 398 
363 21 
363 31 
363 7 
363 335 
363 256 
363 304 
363 514 
363 208 
363 258 
363 71 
363 87 
363 421 
363 198 
363 341 
363 154 
363 125 
363 396 
363 592 
363 313 
363 568 
363 321 
363 149 
363 100 
363 430 
363 139 
363 279 
363 324 
363 46 
363 228 
363 110 
363 342 
363 120 
363 29 
363 52 
363 157 
363 267 
363 146 
363 490 
363 265 
363 570 
363 402 
363 385 
363 276 
363 182 
363 442 
363 506 
363 114 
363 360 
363 369 
363 188 
363 234 
363 417 
363 176 
363 2 
363 491 
363 418 
363 340 
363 88 
363 411 
363 485 
363 144 
363 438 
363 406 
363 440 
363 116 
363 45 
363 503 
363 401 
363 3 
363 92 
363 19 
363 525 
363 232 
363 559 
363 455 
363 327 
363 127 
363 362 
363 370 
363 205 
363 511 
363 513 
363 462 
363 93 
364 342 
364 372 
364 488 
364 569 
364 191 
364 267 
364 566 
364 565 
364 79 
364 34 
364 438 
364 257 
364 417 
364 157 
364 573 
364 115 
364 583 
364 338 
364 441 
364 182 
364 37 
364 437 
364 22 
364 174 
364 410 
364 184 
364 458 
364 422 
364 144 
364 189 
364 216 
364 306 
364 51 
364 340 
364 343 
364 357 
364 119 
364 292 
364 254 
364 297 
364 388 
364 288 
364 301 
364 46 
364 260 
364 590 
364 270 
364 67 
364 586 
364 494 
364 368 
364 495 
364 140 
364 452 
364 515 
364 59 
364 467 
364 413 
364 126 
364 283 
364 7 
364 321 
364 454 
364 117 
364 450 
364 302 
364 554 
364 511 
364 296 
364 171 
364 472 
364 420 
364 329 
364 250 
364 579 
364 108 
364 28 
364 393 
364 95 
364 226 
364 149 
364 196 
364 179 
364 218 
364 63 
364 353 
364 93 
364 205 
364 255 
364 529 
364 240 
364 146 
364 443 
364 490 
364 497 
364 298 
364 425 
364 287 
364 83 
364 491 
364 478 
364 551 
364 145 
364 183 
364 568 
364 147 
364 309 
364 55 
364 559 
364 355 
364 542 
364 21 
364 235 
364 137 
364 440 
364 214 
364 143 
364 350 
364 428 
364 585 
364 105 
364 219 
364 272 
364 71 
364 328 
364 90 
364 445 
364 524 
364 344 
364 311 
364 222 
364 239 
364 429 
364 185 
364 330 
364 131 
364 366 
364 223 
364 396 
364 175 
364 262 
364 483 
364 327 
364 249 
364 258 
364 517 
364 213 
364 236 
364 289 
364 557 
364 286 
364 44 
364 208 
364 539 
364 94 
364 32 
364 308 
364 570 
364 120 
364 129 
364 203 
364 470 
364 273 
364 370 
364 16 
364 589 
364 48 
364 571 
364 384 
364 225 
364 112 
364 562 
364 381 
364 533 
364 544 
364 114 
364 415 
364 197 
365 343 
365 576 
365 53 
365 72 
365 348 
365 574 
365 276 
365 224 
365 592 
365 460 
365 281 
365 78 
365 287 
365 455 
365 225 
365 112 
365 195 
365 295 
365 115 
365 389 
365 565 
365 345 
365 431 
365 320 
365 386 
365 291 
365 277 
365 288 
365 366 
365 233 
365 247 
365 526 
365 347 
365 28 
365 428 
365 268 
365 198 
365 169 
365 452 
365 118 
365 245 
365 273 
365 31 
365 159 
365 302 
365 62 
365 402 
365 524 
365 272 
365 523 
365 270 
365 471 
365 222 
365 509 
365 421 
365 586 
365 267 
365 41 
365 93 
365 168 
365 194 
365 42 
365 408 
365 149 
365 390 
365 38 
365 79 
365 210 
365 448 
365 116 
365 342 
365 333 
365 541 
365 8 
365 206 
365 315 
365 578 
365 35 
365 306 
365 469 
365 172 
365 131 
365 473 
365 133 
365 423 
365 535 
365 496 
365 282 
365 167 
365 427 
365 219 
365 537 
365 486 
365 483 
365 184 
365 102 
365 299 
365 80 
365 336 
365 255 
365 429 
365 211 
365 265 
365 200 
365 404 
365 166 
365 59 
365 242 
365 513 
365 205 
365 415 
365 557 
365 2 
365 98 
365 548 
365 463 
365 358 
365 379 
365 215 
365 40 
365 47 
365 14 
365 249 
365 433 
365 140 
365 5 
365 132 
365 510 
365 387 
365 566 
365 487 
365 256 
365 465 
365 248 
365 380 
365 161 
365 290 
365 329 
365 331 
365 157 
365 472 
365 117 
365 176 
365 482 
365 95 
365 186 
365 192 
365 33 
365 162 
365 403 
365 383 
365 264 
365 384 
365 300 
365 449 
365 69 
365 286 
365 464 
365 263 
365 556 
365 394 
365 106 
365 438 
365 498 
365 114 
365 239 
365 61 
365 285 
366 355 
366 281 
366 189 
366 315 
366 453 
366 326 
366 455 
366 5 
366 210 
366 292 
366 191 
366 298 
366 320 
366 251 
366 305 
366 188 
366 553 
366 59 
366 152 
366 514 
366 16 
366 154 
366 9 
366 284 
366 463 
366 387 
366 590 
366 177 
366 377 
366 26 
366 361 
366 512 
366 288 
366 419 
366 257 
366 21 
366 365 
366 134 
366 487 
366 500 
366 405 
366 242 
366 176 
366 153 
366 132 
366 41 
366 135 
366 304 
366 99 
366 295 
366 169 
366 252 
366 522 
366 402 
366 411 
366 76 
366 20 
366 421 
366 299 
366 233 
366 356 
366 416 
366 170 
366 15 
366 505 
366 417 
366 469 
366 464 
366 19 
366 296 
366 46 
366 407 
366 477 
366 3 
366 124 
366 0 
366 276 
366 88 
366 230 
366 79 
366 562 
366 163 
366 115 
366 274 
366 481 
366 546 
366 566 
366 518 
366 133 
366 42 
366 38 
366 460 
366 86 
366 226 
366 359 
366 145 
366 430 
366 375 
366 587 
366 381 
366 104 
366 218 
366 28 
366 101 
366 307 
366 89 
366 436 
366 548 
366 558 
366 71 
366 330 
366 102 
366 25 
366 491 
366 529 
366 368 
366 162 
366 462 
366 148 
366 273 
366 582 
366 254 
366 204 
366 413 
366 354 
366 592 
366 240 
366 570 
366 35 
366 181 
366 95 
366 213 
366 396 
366 406 
366 140 
366 314 
366 473 
366 448 
366 521 
366 171 
366 348 
366 110 
366 172 
366 256 
366 360 
366 364 
366 501 
366 167 
366 478 
366 195 
366 221 
366 192 
366 66 
366 82 
366 446 
366 422 
366 194 
366 18 
366 2 
366 219 
366 338 
366 312 
366 403 
366 228 
366 483 
366 54 
366 351 
366 184 
366 322 
366 591 
366 433 
366 427 
366 439 
366 123 
366 67 
366 287 
366 534 
366 136 
366 149 
366 107 
366 258 
366 551 
367 25 
367 341 
367 9 
367 56 
367 78 
367 456 
367 389 
367 542 
367 520 
367 208 
367 77 
367 432 
367 203 
367 519 
367 93 
367 42 
367 455 
367 351 
367 530 
367 188 
367 509 
367 431 
367 556 
367 581 
367 63 
367 371 
367 549 
367 261 
367 87 
367 7 
367 275 
367 8 
367 271 
367 430 
367 113 
367 363 
367 578 
367 527 
367 128 
367 164 
367 198 
367 308 
367 359 
367 65 
367 102 
367 297 
367 580 
367 486 
367 554 
367 504 
367 435 
367 246 
367 192 
367 496 
367 583 
367 196 
367 232 
367 552 
367 219 
367 3 
367 174 
367 110 
367 420 
367 176 
367 525 
367 309 
367 99 
367 495 
367 21 
367 162 
367 571 
367 283 
367 494 
367 313 
367 50 
367 353 
367 32 
367 122 
367 75 
367 98 
367 52 
367 443 
367 123 
367 57 
367 540 
367 191 
367 547 
367 460 
367 1 
367 4 
367 414 
367 398 
367 86 
367 13 
367 382 
367 81 
367 466 
367 590 
367 172 
367 255 
367 76 
367 230 
367 346 
367 408 
367 451 
367 458 
367 472 
367 146 
367 226 
367 167 
367 422 
367 214 
367 374 
367 491 
367 379 
367 360 
367 285 
367 517 
367 233 
367 14 
367 248 
367 213 
367 71 
367 532 
367 292 
367 95 
367 19 
367 463 
367 190 
367 557 
367 243 
367 320 
367 546 
367 179 
367 130 
367 314 
367 224 
367 116 
367 118 
367 448 
367 336 
367 518 
367 277 
367 307 
367 299 
367 423 
367 49 
367 107 
367 569 
367 82 
367 384 
367 533 
367 544 
367 311 
367 573 
367 347 
367 555 
367 521 
367 572 
367 73 
367 279 
367 144 
367 345 
367 318 
367 317 
367 315 
367 543 
367 96 
367 244 
367 410 
367 136 
367 563 
367 137 
367 209 
367 67 
367 357 
367 161 
367 401 
367 473 
367 390 
367 205 
367 210 
367 133 
367 193 
367 97 
367 405 
367 217 
367 228 
367 260 
367 343 
367 171 
368 208 
368 370 
368 572 
368 445 
368 227 
368 586 
368 582 
368 469 
368 347 
368 399 
368 41 
368 218 
368 480 
368 249 
368 566 
368 384 
368 571 
368 483 
368 310 
368 432 
368 376 
368 66 
368 476 
368 315 
368 411 
368 145 
368 537 
368 160 
368 165 
368 522 
368 420 
368 134 
368 68 
368 158 
368 59 
368 521 
368 589 
368 364 
368 394 
368 482 
368 246 
368 421 
368 15 
368 270 
368 562 
368 336 
368 323 
368 563 
368 355 
368 467 
368 75 
368 379 
368 81 
368 519 
368 210 
368 363 
368 495 
368 114 
368 332 
368 187 
368 9 
368 113 
368 316 
368 16 
368 437 
368 548 
368 375 
368 97 
368 169 
368 554 
368 101 
368 13 
368 65 
368 568 
368 510 
368 118 
368 164 
368 291 
368 505 
368 178 
368 492 
368 303 
368 236 
368 40 
368 530 
368 381 
368 2 
368 560 
368 92 
368 451 
368 28 
368 352 
368 38 
368 356 
368 278 
368 532 
368 366 
368 6 
368 561 
368 123 
368 217 
368 536 
368 204 
368 130 
368 202 
368 344 
368 474 
368 33 
368 514 
368 583 
368 534 
368 29 
368 300 
368 414 
368 516 
368 32 
368 91 
368 346 
368 543 
368 190 
368 388 
368 18 
368 149 
368 345 
368 513 
368 56 
368 423 
368 587 
368 553 
368 67 
368 110 
368 455 
368 324 
368 241 
368 558 
368 460 
368 294 
368 369 
368 295 
368 564 
368 328 
368 531 
368 299 
368 100 
368 331 
368 167 
368 14 
368 520 
368 85 
368 277 
368 175 
368 116 
368 42 
368 90 
368 99 
368 428 
368 248 
368 459 
368 226 
368 215 
368 206 
368 308 
368 140 
368 523 
368 424 
369 306 
369 126 
369 111 
369 340 
369 388 
369 48 
369 485 
369 230 
369 586 
369 318 
369 197 
369 273 
369 481 
369 71 
369 433 
369 461 
369 344 
369 478 
369 454 
369 106 
369 324 
369 99 
369 585 
369 387 
369 547 
369 294 
369 54 
369 507 
369 104 
369 338 
369 204 
369 121 
369 568 
369 265 
369 70 
369 574 
369 87 
369 139 
369 49 
369 14 
369 262 
369 419 
369 292 
369 131 
369 587 
369 496 
369 149 
369 146 
369 10 
369 451 
369 250 
369 211 
369 531 
369 51 
369 27 
369 393 
369 420 
369 466 
369 591 
369 317 
369 182 
369 436 
369 148 
369 415 
369 440 
369 348 
369 328 
369 397 
369 213 
369 378 
369 205 
369 150 
369 258 
369 416 
369 53 
369 100 
369 31 
369 538 
369 188 
369 198 
369 288 
369 136 
369 563 
369 311 
369 282 
369 240 
369 448 
369 514 
369 537 
369 412 
369 374 
369 181 
369 560 
369 156 
369 515 
369 465 
369 178 
369 293 
369 500 
369 228 
369 278 
369 115 
369 4 
369 20 
369 406 
369 194 
369 207 
369 391 
369 553 
369 418 
369 567 
369 341 
369 506 
369 432 
369 263 
369 427 
369 435 
369 530 
369 363 
369 326 
369 279 
369 511 
369 82 
369 214 
369 255 
369 356 
369 257 
369 472 
369 331 
369 361 
369 187 
369 195 
369 494 
369 554 
369 152 
369 176 
369 60 
369 368 
369 277 
369 345 
369 163 
369 37 
369 285 
369 251 
369 215 
369 95 
369 47 
369 256 
369 8 
369 287 
369 332 
369 154 
369 315 
369 46 
369 578 
369 241 
369 495 
369 252 
369 23 
369 81 
369 510 
369 409 
369 24 
369 247 
369 521 
369 577 
369 576 
369 460 
369 309 
369 544 
370 245 
370 368 
370 479 
370 282 
370 228 
370 527 
370 121 
370 373 
370 482 
370 379 
370 183 
370 512 
370 5 
370 137 
370 374 
370 272 
370 33 
370 161 
370 115 
370 34 
370 256 
370 305 
370 292 
370 0 
370 21 
370 438 
370 30 
370 268 
370 463 
370 179 
370 510 
370 231 
370 94 
370 405 
370 455 
370 572 
370 131 
370 399 
370 266 
370 7 
370 424 
370 351 
370 263 
370 151 
370 60 
370 250 
370 276 
370 285 
370 334 
370 419 
370 589 
370 193 
370 3 
370 201 
370 112 
370 122 
370 488 
370 10 
370 249 
370 181 
370 470 
370 522 
370 15 
370 4 
370 186 
370 101 
370 92 
370 519 
370 376 
370 591 
370 133 
370 404 
370 383 
370 480 
370 222 
370 481 
370 326 
370 255 
370 299 
370 295 
370 82 
370 467 
370 441 
370 529 
370 192 
370 293 
370 184 
370 348 
370 42 
370 86 
370 190 
370 523 
370 18 
370 429 
370 393 
370 558 
370 90 
370 76 
370 124 
370 1 
370 416 
370 446 
370 164 
370 203 
370 484 
370 88 
370 260 
370 196 
370 378 
370 208 
370 344 
370 449 
370 413 
370 533 
370 461 
370 514 
370 431 
370 333 
370 520 
370 490 
370 173 
370 44 
370 476 
370 273 
370 223 
370 194 
370 559 
370 337 
370 408 
370 444 
370 501 
370 236 
370 346 
370 491 
370 100 
370 296 
370 496 
370 420 
370 235 
370 225 
370 544 
370 187 
370 316 
370 155 
370 127 
370 465 
370 575 
370 447 
370 302 
370 154 
370 311 
370 392 
370 524 
370 198 
370 556 
370 106 
370 349 
370 79 
370 118 
370 471 
370 148 
370 364 
370 398 
370 583 
370 579 
370 271 
370 588 
370 16 
370 460 
370 47 
370 189 
370 325 
370 363 
370 422 
370 507 
370 464 
370 191 
370 554 
370 11 
370 341 
371 540 
371 51 
371 276 
371 260 
371 70 
371 128 
371 269 
371 2 
371 219 
371 37 
371 88 
371 539 
371 398 
371 321 
371 521 
371 423 
371 494 
371 259 
371 331 
371 309 
371 72 
371 53 
371 367 
371 517 
371 273 
371 473 
371 213 
371 315 
371 94 
371 286 
371 69 
371 85 
371 141 
371 558 
371 97 
371 126 
371 143 
371 96 
371 283 
371 431 
371 354 
371 3 
371 157 
371 362 
371 401 
371 497 
371 361 
371 514 
371 67 
371 0 
371 8 
371 590 
371 461 
371 40 
371 11 
371 89 
371 262 
371 110 
371 532 
371 298 
371 536 
371 495 
371 476 
371 195 
371 272 
371 205 
371 17 
371 49 
371 237 
371 242 
371 173 
371 139 
371 450 
371 13 
371 266 
371 73 
371 61 
371 565 
371 221 
371 562 
371 586 
371 246 
371 114 
371 452 
371 353 
371 492 
371 30 
371 280 
371 187 
371 355 
371 16 
371 35 
371 587 
371 381 
371 249 
371 535 
371 63 
371 320 
371 472 
371 498 
371 4 
371 161 
371 256 
371 41 
371 373 
371 188 
371 575 
371 524 
371 541 
371 137 
371 171 
371 291 
371 123 
371 301 
371 106 
371 203 
371 504 
371 120 
371 109 
371 582 
371 125 
371 218 
371 570 
371 510 
371 54 
371 475 
371 117 
371 43 
371 166 
371 5 
371 86 
371 377 
371 319 
371 44 
371 185 
371 546 
371 39 
371 24 
371 465 
371 374 
371 18 
371 78 
371 179 
371 28 
371 344 
371 538 
371 326 
371 384 
371 527 
371 222 
371 519 
371 192 
371 27 
371 323 
371 350 
371 432 
371 136 
371 396 
371 158 
372 526 
372 364 
372 184 
372 111 
372 18 
372 337 
372 570 
372 156 
372 224 
372 74 
372 19 
372 174 
372 222 
372 588 
372 521 
372 4 
372 433 
372 537 
372 404 
372 325 
372 358 
372 250 
372 81 
372 322 
372 105 
372 171 
372 260 
372 362 
372 331 
372 323 
372 359 
372 392 
372 427 
372 306 
372 211 
372 406 
372 561 
372 577 
372 90 
372 428 
372 554 
372 468 
372 347 
372 116 
372 589 
372 318 
372 507 
372 87 
372 288 
372 396 
372 121 
372 291 
372 439 
372 194 
372 40 
372 144 
372 295 
372 176 
372 349 
372 15 
372 106 
372 254 
372 113 
372 584 
372 255 
372 504 
372 257 
372 1 
372 500 
372 304 
372 283 
372 73 
372 178 
372 42 
372 120 
372 516 
372 536 
372 519 
372 426 
372 294 
372 279 
372 269 
372 556 
372 175 
372 97 
372 486 
372 43 
372 582 
372 240 
372 489 
372 170 
372 444 
372 237 
372 59 
372 233 
372 241 
372 442 
372 129 
372 50 
372 380 
372 72 
372 153 
372 136 
372 242 
372 54 
372 202 
372 100 
372 437 
372 501 
372 532 
372 449 
372 473 
372 137 
372 445 
372 464 
372 118 
372 157 
372 466 
372 478 
372 232 
372 252 
372 278 
372 57 
372 547 
372 399 
372 330 
372 485 
372 311 
372 159 
372 11 
372 517 
372 454 
372 571 
372 469 
372 438 
372 46 
372 119 
372 276 
372 497 
372 280 
372 77 
372 247 
372 210 
372 58 
372 299 
372 68 
372 409 
372 286 
372 25 
372 297 
372 579 
372 580 
372 169 
372 408 
372 91 
372 446 
372 346 
372 259 
372 572 
372 99 
372 98 
372 430 
372 154 
372 7 
372 63 
372 150 
372 251 
372 527 
372 177 
372 490 
372 332 
372 261 
372 16 
372 565 
372 455 
372 302 
372 581 
372 499 
372 86 
372 26 
372 465 
372 320 
372 423 
372 35 
372 92 
372 213 
372 314 
372 239 
372 379 
372 70 
372 324 
372 33 
372 127 
372 472 
372 148 
372 209 
372 361 
372 559 
372 53 
372 348 
372 391 
372 416 
372 22 
373 473 
373 445 
373 213 
373 484 
373 370 
373 323 
373 71 
373 355 
373 222 
373 294 
373 80 
373 38 
373 314 
373 522 
373 141 
373 380 
373 338 
373 290 
373 145 
373 283 
373 564 
373 566 
373 225 
373 579 
373 582 
373 108 
373 201 
373 458 
373 477 
373 327 
373 423 
373 210 
373 527 
373 583 
373 352 
373 467 
373 520 
373 123 
373 110 
373 507 
373 485 
373 117 
373 287 
373 42 
373 70 
373 272 
373 452 
373 486 
373 409 
373 239 
373 286 
373 313 
373 60 
373 495 
373 407 
373 472 
373 301 
373 252 
373 230 
373 10 
373 497 
373 128 
373 526 
373 538 
373 184 
373 381 
373 540 
373 215 
373 514 
373 482 
373 300 
373 470 
373 107 
373 114 
373 521 
373 389 
373 91 
373 324 
373 186 
373 405 
373 515 
373 30 
373 417 
373 21 
373 242 
373 344 
373 59 
373 250 
373 399 
373 228 
373 315 
373 542 
373 328 
373 259 
373 104 
373 557 
373 92 
373 77 
373 9 
373 499 
373 195 
373 474 
373 591 
373 565 
373 396 
373 156 
373 130 
373 451 
373 332 
373 115 
373 97 
373 308 
373 371 
373 99 
373 575 
373 343 
373 580 
373 142 
373 223 
373 357 
373 391 
373 5 
373 302 
373 446 
373 192 
373 500 
373 154 
373 576 
373 180 
373 193 
373 185 
373 584 
373 75 
373 8 
373 258 
373 529 
373 190 
373 554 
373 322 
373 536 
373 116 
373 6 
373 82 
373 33 
373 279 
373 146 
373 18 
373 204 
373 66 
373 209 
373 155 
373 191 
373 254 
373 263 
373 544 
373 158 
373 552 
373 219 
373 221 
373 138 
373 329 
373 127 
373 217 
373 400 
373 464 
373 43 
373 498 
373 385 
373 511 
374 30 
374 465 
374 230 
374 336 
374 404 
374 10 
374 22 
374 46 
374 256 
374 462 
374 315 
374 532 
374 29 
374 108 
374 407 
374 347 
374 370 
374 114 
374 475 
374 440 
374 355 
374 574 
374 390 
374 275 
374 515 
374 242 
374 212 
374 582 
374 198 
374 323 
374 579 
374 552 
374 73 
374 309 
374 93 
374 269 
374 7 
374 382 
374 388 
374 489 
374 106 
374 167 
374 356 
374 87 
374 205 
374 467 
374 227 
374 540 
374 299 
374 570 
374 534 
374 522 
374 251 
374 119 
374 474 
374 55 
374 545 
374 288 
374 332 
374 50 
374 456 
374 17 
374 229 
374 319 
374 431 
374 41 
374 517 
374 210 
374 286 
374 136 
374 429 
374 305 
374 550 
374 320 
374 460 
374 121 
374 155 
374 556 
374 398 
374 64 
374 578 
374 493 
374 24 
374 453 
374 421 
374 83 
374 75 
374 482 
374 116 
374 303 
374 298 
374 496 
374 84 
374 178 
374 463 
374 68 
374 36 
374 376 
374 120 
374 295 
374 0 
374 231 
374 464 
374 42 
374 528 
374 258 
374 389 
374 58 
374 226 
374 199 
374 43 
374 118 
374 584 
374 446 
374 508 
374 369 
374 292 
374 101 
374 62 
374 514 
374 537 
374 351 
374 78 
374 367 
374 448 
374 538 
374 454 
374 279 
374 143 
374 518 
374 406 
374 457 
374 569 
374 470 
374 21 
374 234 
374 565 
374 297 
374 438 
374 558 
374 412 
374 151 
374 414 
374 232 
374 25 
374 173 
374 213 
374 294 
374 499 
374 171 
374 375 
374 202 
374 110 
374 166 
374 51 
374 439 
374 387 
374 18 
374 238 
374 392 
374 174 
374 129 
374 260 
374 316 
374 268 
374 409 
374 418 
374 11 
374 371 
374 549 
374 557 
374 49 
374 74 
374 35 
374 65 
374 509 
374 4 
374 141 
374 81 
374 97 
374 591 
374 214 
374 192 
374 111 
374 590 
374 531 
374 503 
374 547 
374 561 
374 53 
374 37 
375 109 
375 539 
375 107 
375 62 
375 535 
375 304 
375 289 
375 104 
375 66 
375 392 
375 155 
375 336 
375 548 
375 135 
375 102 
375 9 
375 290 
375 502 
375 339 
375 338 
375 302 
375 224 
375 79 
375 344 
375 145 
375 292 
375 461 
375 34 
375 27 
375 73 
375 553 
375 209 
375 471 
375 411 
375 52 
375 163 
375 265 
375 112 
375 591 
375 234 
375 481 
375 164 
375 327 
375 205 
375 129 
375 487 
375 103 
375 99 
375 5 
375 350 
375 174 
375 417 
375 286 
375 168 
375 186 
375 232 
375 505 
375 515 
375 335 
375 405 
375 408 
375 41 
375 528 
375 250 
375 443 
375 480 
375 87 
375 423 
375 381 
375 247 
375 222 
375 554 
375 124 
375 536 
375 345 
375 212 
375 368 
375 297 
375 253 
375 452 
375 586 
375 476 
375 358 
375 386 
375 311 
375 309 
375 414 
375 451 
375 244 
375 169 
375 540 
375 366 
375 314 
375 514 
375 328 
375 419 
375 298 
375 448 
375 139 
375 218 
375 185 
375 287 
375 141 
375 424 
375 353 
375 496 
375 225 
375 43 
375 269 
375 246 
375 485 
375 310 
375 390 
375 214 
375 75 
375 389 
375 546 
375 16 
375 2 
375 29 
375 402 
375 316 
375 276 
375 251 
375 157 
375 433 
375 24 
375 525 
375 261 
375 58 
375 127 
375 575 
375 557 
375 534 
375 308 
375 192 
375 436 
375 551 
375 572 
375 143 
375 125 
375 374 
375 84 
375 323 
375 545 
375 90 
375 71 
375 542 
375 504 
375 230 
375 229 
375 420 
375 466 
375 383 
375 279 
375 54 
375 406 
375 291 
375 538 
375 410 
375 355 
375 40 
375 407 
375 580 
375 118 
375 138 
375 503 
375 562 
375 120 
375 200 
375 315 
375 161 
375 226 
375 513 
375 46 
375 61 
375 360 
375 566 
375 576 
375 376 
375 4 
375 544 
376 280 
376 81 
376 189 
376 212 
376 522 
376 32 
376 544 
376 230 
376 454 
376 361 
376 86 
376 534 
376 166 
376 453 
376 540 
376 289 
376 226 
376 178 
376 27 
376 562 
376 206 
376 45 
376 410 
376 119 
376 425 
376 583 
376 185 
376 536 
376 155 
376 368 
376 505 
376 83 
376 108 
376 52 
376 176 
376 183 
376 60 
376 264 
376 408 
376 443 
376 92 
376 110 
376 545 
376 563 
376 395 
376 133 
376 216 
376 255 
376 493 
376 196 
376 471 
376 533 
376 275 
376 65 
376 294 
376 94 
376 441 
376 225 
376 181 
376 69 
376 432 
376 71 
376 182 
376 55 
376 253 
376 22 
376 344 
376 59 
376 550 
376 167 
376 323 
376 577 
376 132 
376 502 
376 585 
376 121 
376 370 
376 118 
376 88 
376 62 
376 564 
376 496 
376 582 
376 360 
376 444 
376 173 
376 324 
376 362 
376 393 
376 163 
376 276 
376 243 
376 308 
376 174 
376 475 
376 2 
376 31 
376 528 
376 374 
376 418 
376 46 
376 193 
376 311 
376 240 
376 504 
376 415 
376 26 
376 116 
376 140 
376 466 
376 199 
376 342 
376 557 
376 77 
376 151 
376 518 
376 478 
376 487 
376 558 
376 486 
376 413 
376 400 
376 357 
376 282 
376 13 
376 11 
376 164 
376 589 
376 233 
376 460 
376 431 
376 537 
376 228 
376 312 
376 85 
376 306 
376 87 
376 260 
376 56 
376 566 
376 148 
376 57 
376 446 
376 63 
376 144 
376 42 
376 222 
376 442 
376 74 
376 386 
376 298 
376 490 
376 539 
376 310 
376 10 
376 172 
376 295 
376 279 
376 241 
376 313 
376 274 
376 184 
376 186 
376 387 
376 456 
376 0 
376 156 
376 28 
376 61 
376 129 
376 126 
376 278 
376 288 
376 500 
376 105 
376 571 
376 303 
376 198 
376 99 
376 355 
376 559 
376 375 
377 298 
377 106 
377 544 
377 550 
377 206 
377 43 
377 287 
377 402 
377 244 
377 137 
377 222 
377 405 
377 428 
377 31 
377 128 
377 15 
377 254 
377 558 
377 251 
377 326 
377 366 
377 212 
377 578 
377 358 
377 392 
377 175 
377 473 
377 67 
377 408 
377 510 
377 299 
377 355 
377 258 
377 127 
377 134 
377 235 
377 165 
377 452 
377 482 
377 232 
377 190 
377 576 
377 20 
377 188 
377 380 
377 539 
377 249 
377 337 
377 300 
377 582 
377 341 
377 193 
377 11 
377 17 
377 469 
377 66 
377 465 
377 156 
377 47 
377 38 
377 218 
377 401 
377 447 
377 343 
377 248 
377 191 
377 264 
377 501 
377 389 
377 168 
377 176 
377 505 
377 259 
377 23 
377 585 
377 361 
377 445 
377 410 
377 170 
377 74 
377 152 
377 268 
377 92 
377 548 
377 40 
377 289 
377 76 
377 59 
377 333 
377 430 
377 330 
377 378 
377 335 
377 475 
377 285 
377 211 
377 27 
377 29 
377 499 
377 454 
377 547 
377 51 
377 422 
377 399 
377 446 
377 270 
377 305 
377 351 
377 395 
377 13 
377 328 
377 357 
377 301 
377 588 
377 147 
377 495 
377 571 
377 60 
377 564 
377 362 
377 37 
377 1 
377 517 
377 204 
377 114 
377 85 
377 490 
377 414 
377 186 
377 388 
377 275 
377 398 
377 284 
377 286 
377 247 
377 314 
377 543 
377 297 
377 219 
377 99 
377 240 
377 371 
377 58 
377 541 
377 568 
377 172 
377 119 
377 538 
377 413 
377 315 
377 36 
377 450 
377 347 
377 120 
377 290 
377 256 
377 489 
377 294 
377 233 
377 223 
377 383 
377 506 
377 570 
377 575 
377 591 
377 444 
377 227 
377 317 
377 466 
377 252 
377 145 
377 346 
377 56 
377 520 
377 342 
377 221 
378 268 
378 410 
378 70 
378 123 
378 166 
378 104 
378 316 
378 287 
378 18 
378 415 
378 341 
378 296 
378 577 
378 117 
378 109 
378 438 
378 204 
378 575 
378 336 
378 271 
378 468 
378 82 
378 327 
378 44 
378 189 
378 69 
378 477 
378 13 
378 278 
378 289 
378 174 
378 502 
378 443 
378 485 
378 591 
378 33 
378 245 
378 42 
378 49 
378 105 
378 182 
378 257 
378 273 
378 428 
378 269 
378 339 
378 567 
378 558 
378 106 
378 286 
378 111 
378 80 
378 14 
378 148 
378 494 
378 561 
378 101 
378 574 
378 132 
378 250 
378 461 
378 54 
378 400 
378 391 
378 277 
378 507 
378 30 
378 553 
378 487 
378 369 
378 214 
378 496 
378 356 
378 51 
378 143 
378 358 
378 281 
378 212 
378 3 
378 412 
378 524 
378 218 
378 249 
378 61 
378 274 
378 333 
378 19 
378 224 
378 359 
378 345 
378 301 
378 456 
378 377 
378 7 
378 167 
378 472 
378 549 
378 97 
378 222 
378 122 
378 441 
378 508 
378 198 
378 469 
378 140 
378 160 
378 370 
378 568 
378 465 
378 239 
378 432 
378 498 
378 163 
378 383 
378 319 
378 332 
378 4 
378 298 
378 231 
378 78 
378 449 
378 171 
378 215 
378 580 
378 401 
378 433 
378 347 
378 247 
378 522 
378 425 
378 462 
378 290 
378 392 
378 588 
378 310 
378 424 
378 258 
378 92 
378 252 
378 585 
378 217 
378 490 
378 418 
378 344 
378 500 
378 195 
378 188 
378 9 
378 74 
378 302 
378 420 
378 279 
378 442 
378 175 
378 29 
378 547 
378 126 
378 503 
378 208 
378 348 
378 554 
378 467 
378 552 
378 59 
378 330 
378 555 
379 131 
379 239 
379 225 
379 19 
379 125 
379 530 
379 517 
379 418 
379 485 
379 14 
379 490 
379 46 
379 191 
379 370 
379 229 
379 140 
379 158 
379 25 
379 518 
379 508 
379 259 
379 165 
379 545 
379 5 
379 285 
379 63 
379 170 
379 471 
379 106 
379 20 
379 76 
379 22 
379 550 
379 569 
379 325 
379 437 
379 2 
379 438 
379 66 
379 277 
379 228 
379 337 
379 221 
379 233 
379 90 
379 525 
379 69 
379 169 
379 291 
379 588 
379 432 
379 428 
379 59 
379 385 
379 220 
379 332 
379 328 
379 294 
379 181 
379 336 
379 402 
379 393 
379 252 
379 368 
379 283 
379 346 
379 421 
379 507 
379 526 
379 410 
379 58 
379 241 
379 329 
379 475 
379 262 
379 455 
379 161 
379 578 
379 515 
379 6 
379 201 
379 348 
379 185 
379 41 
379 206 
379 51 
379 72 
379 308 
379 282 
379 3 
379 359 
379 15 
379 557 
379 319 
379 77 
379 40 
379 31 
379 457 
379 57 
379 249 
379 419 
379 463 
379 119 
379 510 
379 105 
379 562 
379 141 
379 587 
379 554 
379 367 
379 503 
379 146 
379 400 
379 446 
379 270 
379 408 
379 582 
379 223 
379 396 
379 155 
379 172 
379 81 
379 365 
379 248 
379 1 
379 491 
379 118 
379 305 
379 451 
379 406 
379 44 
379 581 
379 479 
379 145 
379 85 
379 292 
379 522 
379 287 
379 436 
379 302 
379 590 
379 142 
379 352 
379 123 
379 561 
379 362 
379 387 
379 102 
379 219 
379 394 
379 210 
379 435 
379 489 
379 235 
379 153 
379 357 
379 583 
379 230 
379 420 
379 398 
379 65 
379 62 
379 570 
379 127 
379 267 
379 108 
379 74 
379 18 
379 232 
379 372 
379 0 
379 211 
379 383 
379 519 
379 470 
379 269 
379 174 
379 23 
379 198 
380 582 
380 432 
380 579 
380 295 
380 239 
380 514 
380 80 
380 472 
380 102 
380 35 
380 162 
380 1 
380 16 
380 405 
380 241 
380 320 
380 522 
380 198 
380 306 
380 373 
380 204 
380 557 
380 18 
380 362 
380 158 
380 543 
380 330 
380 298 
380 269 
380 453 
380 301 
380 510 
380 416 
380 346 
380 357 
380 33 
380 22 
380 260 
380 439 
380 571 
380 440 
380 325 
380 452 
380 512 
380 70 
380 160 
380 488 
380 574 
380 356 
380 420 
380 177 
380 417 
380 575 
380 377 
380 493 
380 302 
380 149 
380 447 
380 542 
380 166 
380 340 
380 109 
380 482 
380 230 
380 583 
380 297 
380 408 
380 342 
380 171 
380 99 
380 48 
380 316 
380 412 
380 372 
380 60 
380 460 
380 152 
380 181 
380 26 
380 185 
380 246 
380 187 
380 558 
380 588 
380 150 
380 465 
380 536 
380 41 
380 4 
380 73 
380 188 
380 343 
380 278 
380 523 
380 419 
380 39 
380 89 
380 75 
380 136 
380 108 
380 256 
380 19 
380 397 
380 407 
380 467 
380 526 
380 11 
380 336 
380 404 
380 383 
380 81 
380 541 
380 489 
380 229 
380 128 
380 334 
380 480 
380 236 
380 131 
380 503 
380 506 
380 196 
380 443 
380 294 
380 172 
380 481 
380 114 
380 37 
380 202 
380 190 
380 276 
380 350 
380 365 
380 180 
380 539 
380 517 
380 341 
380 553 
380 544 
380 125 
380 268 
380 310 
380 455 
380 86 
380 143 
380 449 
380 258 
380 38 
380 555 
380 484 
380 520 
380 130 
380 285 
380 496 
380 219 
380 175 
380 414 
380 176 
380 218 
380 398 
380 77 
380 564 
380 519 
380 426 
380 234 
380 90 
380 361 
380 300 
380 589 
380 402 
380 570 
380 47 
380 254 
380 429 
380 296 
380 238 
380 273 
380 315 
381 355 
381 496 
381 178 
381 179 
381 202 
381 471 
381 96 
381 23 
381 166 
381 428 
381 33 
381 95 
381 8 
381 78 
381 1 
381 143 
381 117 
381 37 
381 525 
381 270 
381 194 
381 494 
381 571 
381 19 
381 247 
381 397 
381 263 
381 276 
381 392 
381 515 
381 474 
381 507 
381 469 
381 286 
381 199 
381 214 
381 231 
381 9 
381 278 
381 291 
381 234 
381 265 
381 241 
381 307 
381 476 
381 99 
381 167 
381 63 
381 281 
381 180 
381 210 
381 221 
381 274 
381 576 
381 76 
381 280 
381 206 
381 458 
381 406 
381 127 
381 581 
381 10 
381 201 
381 456 
381 48 
381 531 
381 464 
381 375 
381 511 
381 212 
381 150 
381 569 
381 90 
381 492 
381 583 
381 373 
381 590 
381 56 
381 256 
381 547 
381 532 
381 316 
381 152 
381 326 
381 524 
381 366 
381 391 
381 2 
381 368 
381 71 
381 104 
381 405 
381 528 
381 472 
381 425 
381 551 
381 431 
381 220 
381 69 
381 107 
381 144 
381 510 
381 335 
381 371 
381 20 
381 161 
381 187 
381 490 
381 175 
381 301 
381 383 
381 25 
381 509 
381 461 
381 488 
381 589 
381 239 
381 60 
381 125 
381 252 
381 240 
381 416 
381 211 
381 508 
381 448 
381 162 
381 338 
381 423 
381 141 
381 154 
381 15 
381 51 
381 149 
381 189 
381 148 
381 512 
381 439 
381 272 
381 168 
381 30 
381 70 
381 435 
381 402 
381 262 
381 207 
381 172 
381 584 
381 16 
381 94 
381 443 
381 468 
381 394 
381 271 
381 327 
381 521 
381 0 
381 412 
381 283 
381 236 
381 500 
381 73 
381 55 
381 243 
381 382 
381 346 
381 463 
381 61 
381 116 
381 356 
381 46 
381 540 
381 35 
381 462 
381 570 
381 218 
381 227 
381 407 
381 279 
381 364 
381 562 
381 82 
381 84 
382 462 
382 453 
382 299 
382 136 
382 565 
382 588 
382 438 
382 449 
382 574 
382 145 
382 280 
382 476 
382 483 
382 230 
382 482 
382 388 
382 428 
382 56 
382 244 
382 110 
382 91 
382 321 
382 114 
382 359 
382 22 
382 175 
382 48 
382 271 
382 571 
382 429 
382 203 
382 434 
382 456 
382 285 
382 154 
382 479 
382 243 
382 204 
382 391 
382 212 
382 425 
382 241 
382 523 
382 374 
382 171 
382 155 
382 74 
382 356 
382 561 
382 153 
382 526 
382 316 
382 506 
382 265 
382 409 
382 117 
382 541 
382 348 
382 174 
382 237 
382 580 
382 113 
382 310 
382 128 
382 424 
382 169 
382 330 
382 478 
382 481 
382 179 
382 229 
382 50 
382 164 
382 353 
382 58 
382 101 
382 362 
382 591 
382 354 
382 248 
382 393 
382 18 
382 223 
382 342 
382 85 
382 133 
382 198 
382 397 
382 515 
382 419 
382 435 
382 195 
382 185 
382 443 
382 84 
382 238 
382 491 
382 542 
382 29 
382 451 
382 192 
382 431 
382 367 
382 304 
382 408 
382 228 
382 109 
382 120 
382 98 
382 344 
382 569 
382 208 
382 59 
382 96 
382 31 
382 296 
382 335 
382 575 
382 264 
382 502 
382 257 
382 81 
382 412 
382 273 
382 492 
382 177 
382 49 
382 150 
382 534 
382 82 
382 269 
382 313 
382 261 
382 487 
382 315 
382 176 
382 389 
382 165 
382 144 
382 536 
382 39 
382 188 
382 102 
382 480 
382 326 
382 532 
382 548 
382 122 
382 404 
382 226 
382 40 
382 77 
382 357 
382 2 
382 13 
382 493 
382 132 
382 210 
382 118 
382 381 
382 557 
382 95 
382 11 
382 314 
382 295 
382 205 
382 516 
382 216 
382 282 
382 183 
382 41 
382 36 
382 477 
382 457 
382 130 
382 358 
382 410 
382 560 
382 498 
382 246 
382 47 
383 263 
383 146 
383 559 
383 1 
383 357 
383 339 
383 127 
383 291 
383 33 
383 48 
383 287 
383 75 
383 121 
383 155 
383 419 
383 236 
383 317 
383 427 
383 409 
383 585 
383 314 
383 558 
383 101 
383 454 
383 389 
383 512 
383 68 
383 440 
383 453 
383 567 
383 115 
383 398 
383 485 
383 350 
383 296 
383 483 
383 408 
383 102 
383 62 
383 301 
383 144 
383 461 
383 543 
383 194 
383 473 
383 267 
383 487 
383 213 
383 113 
383 258 
383 438 
383 40 
383 186 
383 460 
383 270 
383 362 
383 240 
383 500 
383 331 
383 152 
383 22 
383 443 
383 217 
383 208 
383 41 
383 563 
383 99 
383 426 
383 128 
383 464 
383 370 
383 49 
383 504 
383 402 
383 304 
383 57 
383 56 
383 582 
383 507 
383 470 
383 530 
383 345 
383 81 
383 103 
383 104 
383 232 
383 481 
383 416 
383 404 
383 94 
383 446 
383 83 
383 451 
383 428 
383 46 
383 336 
383 300 
383 129 
383 549 
383 286 
383 163 
383 430 
383 573 
383 63 
383 82 
383 326 
383 310 
383 35 
383 25 
383 502 
383 381 
383 141 
383 590 
383 579 
383 385 
383 380 
383 556 
383 248 
383 278 
383 518 
383 378 
383 423 
383 302 
383 43 
383 12 
383 436 
383 243 
383 0 
383 535 
383 452 
383 497 
383 7 
383 47 
383 513 
383 472 
383 435 
383 508 
383 544 
383 532 
383 315 
383 375 
383 16 
383 319 
383 28 
383 529 
383 106 
383 175 
383 584 
383 45 
383 365 
383 463 
383 442 
383 289 
383 413 
383 307 
383 32 
383 112 
383 578 
383 557 
383 418 
383 226 
383 377 
383 109 
383 450 
383 70 
383 422 
383 591 
383 467 
383 379 
383 399 
383 527 
383 283 
383 455 
384 517 
384 434 
384 18 
384 38 
384 310 
384 135 
384 25 
384 65 
384 574 
384 3 
384 92 
384 585 
384 194 
384 557 
384 0 
384 32 
384 451 
384 204 
384 264 
384 368 
384 442 
384 94 
384 352 
384 208 
384 161 
384 21 
384 499 
384 124 
384 78 
384 225 
384 176 
384 505 
384 85 
384 286 
384 547 
384 541 
384 399 
384 274 
384 119 
384 323 
384 582 
384 466 
384 358 
384 435 
384 200 
384 123 
384 5 
384 488 
384 112 
384 138 
384 479 
384 346 
384 512 
384 463 
384 337 
384 439 
384 303 
384 450 
384 205 
384 15 
384 136 
384 448 
384 519 
384 72 
384 75 
384 127 
384 197 
384 525 
384 129 
384 386 
384 101 
384 576 
384 561 
384 87 
384 446 
384 390 
384 79 
384 7 
384 580 
384 232 
384 39 
384 413 
384 419 
384 350 
384 238 
384 520 
384 206 
384 311 
384 344 
384 111 
384 184 
384 509 
384 549 
384 213 
384 362 
384 481 
384 113 
384 531 
384 424 
384 457 
384 396 
384 507 
384 425 
384 145 
384 242 
384 99 
384 146 
384 221 
384 74 
384 186 
384 529 
384 180 
384 105 
384 219 
384 193 
384 131 
384 326 
384 456 
384 93 
384 476 
384 461 
384 289 
384 226 
384 152 
384 511 
384 265 
384 556 
384 566 
384 482 
384 428 
384 190 
384 42 
384 47 
384 168 
384 555 
384 528 
384 209 
384 367 
384 69 
384 497 
384 125 
384 550 
384 437 
384 490 
384 251 
384 247 
384 27 
384 588 
384 535 
384 510 
384 365 
384 522 
384 182 
384 502 
384 133 
384 53 
384 371 
384 196 
384 11 
384 393 
384 364 
384 444 
384 306 
384 301 
384 577 
384 248 
384 257 
384 467 
384 34 
384 473 
384 12 
384 309 
384 282 
384 581 
384 66 
384 158 
385 224 
385 127 
385 504 
385 282 
385 242 
385 554 
385 491 
385 389 
385 44 
385 201 
385 401 
385 396 
385 471 
385 331 
385 207 
385 529 
385 425 
385 493 
385 177 
385 144 
385 316 
385 487 
385 442 
385 15 
385 56 
385 521 
385 304 
385 455 
385 335 
385 244 
385 294 
385 36 
385 329 
385 499 
385 263 
385 157 
385 303 
385 174 
385 410 
385 119 
385 551 
385 50 
385 344 
385 120 
385 483 
385 549 
385 562 
385 588 
385 461 
385 356 
385 232 
385 248 
385 476 
385 117 
385 271 
385 351 
385 149 
385 379 
385 353 
385 51 
385 531 
385 409 
385 70 
385 218 
385 390 
385 76 
385 79 
385 163 
385 203 
385 11 
385 112 
385 535 
385 114 
385 397 
385 518 
385 463 
385 532 
385 514 
385 10 
385 48 
385 285 
385 482 
385 427 
385 71 
385 346 
385 61 
385 431 
385 306 
385 84 
385 252 
385 438 
385 96 
385 217 
385 28 
385 246 
385 354 
385 66 
385 74 
385 211 
385 215 
385 314 
385 576 
385 159 
385 98 
385 332 
385 465 
385 73 
385 578 
385 470 
385 472 
385 573 
385 254 
385 405 
385 230 
385 343 
385 347 
385 361 
385 123 
385 3 
385 383 
385 435 
385 495 
385 510 
385 222 
385 182 
385 165 
385 47 
385 63 
385 146 
385 42 
385 55 
385 308 
385 338 
385 334 
385 386 
385 262 
385 363 
385 400 
385 432 
385 189 
385 108 
385 474 
385 479 
385 589 
385 280 
385 14 
385 544 
385 129 
385 492 
385 176 
385 16 
385 109 
385 169 
385 54 
385 172 
385 568 
385 522 
385 422 
385 311 
385 515 
385 414 
385 103 
385 297 
385 566 
385 65 
385 18 
385 20 
385 447 
385 320 
385 523 
385 24 
385 446 
385 585 
385 93 
385 577 
385 195 
385 567 
385 508 
385 467 
385 321 
385 452 
385 373 
386 357 
386 304 
386 477 
386 503 
386 97 
386 579 
386 571 
386 574 
386 273 
386 9 
386 455 
386 463 
386 540 
386 582 
386 37 
386 391 
386 299 
386 497 
386 265 
386 244 
386 285 
386 140 
386 105 
386 472 
386 29 
386 311 
386 56 
386 430 
386 276 
386 365 
386 496 
386 443 
386 464 
386 72 
386 170 
386 389 
386 113 
386 323 
386 289 
386 530 
386 461 
386 201 
386 128 
386 527 
386 181 
386 342 
386 491 
386 185 
386 43 
386 424 
386 138 
386 91 
386 539 
386 547 
386 130 
386 233 
386 422 
386 258 
386 168 
386 473 
386 397 
386 447 
386 55 
386 360 
386 411 
386 1 
386 506 
386 216 
386 384 
386 375 
386 462 
386 224 
386 213 
386 557 
386 525 
386 189 
386 359 
386 544 
386 252 
386 172 
386 485 
386 279 
386 42 
386 268 
386 222 
386 60 
386 561 
386 587 
386 7 
386 31 
386 560 
386 38 
386 241 
386 192 
386 53 
386 149 
386 164 
386 388 
386 141 
386 39 
386 314 
386 478 
386 58 
386 316 
386 102 
386 551 
386 110 
386 196 
386 234 
386 576 
386 395 
386 78 
386 566 
386 345 
386 428 
386 48 
386 17 
386 4 
386 32 
386 385 
386 135 
386 5 
386 392 
386 195 
386 77 
386 390 
386 531 
386 490 
386 287 
386 70 
386 209 
386 133 
386 520 
386 453 
386 22 
386 538 
386 267 
386 543 
386 376 
386 352 
386 45 
386 307 
386 338 
386 194 
386 333 
386 577 
386 586 
386 526 
386 121 
386 51 
386 335 
386 517 
386 294 
386 334 
386 197 
386 94 
386 23 
386 327 
386 171 
386 570 
386 407 
386 584 
386 354 
386 262 
386 96 
386 155 
386 458 
386 150 
386 500 
386 187 
386 87 
387 458 
387 205 
387 199 
387 505 
387 15 
387 43 
387 590 
387 536 
387 146 
387 394 
387 27 
387 443 
387 184 
387 131 
387 229 
387 40 
387 313 
387 14 
387 161 
387 157 
387 592 
387 302 
387 93 
387 366 
387 204 
387 210 
387 44 
387 141 
387 165 
387 177 
387 453 
387 369 
387 95 
387 200 
387 283 
387 434 
387 16 
387 278 
387 457 
387 347 
387 94 
387 65 
387 175 
387 105 
387 214 
387 209 
387 498 
387 3 
387 466 
387 84 
387 527 
387 20 
387 196 
387 346 
387 64 
387 500 
387 19 
387 120 
387 174 
387 271 
387 127 
387 5 
387 449 
387 53 
387 85 
387 21 
387 552 
387 29 
387 68 
387 480 
387 186 
387 400 
387 520 
387 444 
387 456 
387 497 
387 432 
387 223 
387 2 
387 173 
387 256 
387 194 
387 543 
387 291 
387 588 
387 137 
387 285 
387 111 
387 113 
387 473 
387 272 
387 51 
387 561 
387 129 
387 538 
387 166 
387 259 
387 66 
387 274 
387 252 
387 459 
387 506 
387 110 
387 526 
387 193 
387 236 
387 37 
387 164 
387 365 
387 581 
387 69 
387 262 
387 567 
387 247 
387 406 
387 392 
387 399 
387 100 
387 74 
387 4 
387 518 
387 108 
387 479 
387 374 
387 502 
387 221 
387 0 
387 553 
387 407 
387 261 
387 28 
387 379 
387 338 
387 263 
387 81 
387 508 
387 341 
387 376 
387 339 
387 185 
387 514 
387 35 
387 575 
387 490 
387 515 
387 130 
387 324 
387 563 
387 483 
387 404 
387 426 
387 307 
387 439 
387 265 
387 487 
387 325 
387 577 
387 300 
387 421 
387 501 
387 182 
387 116 
387 565 
387 269 
387 232 
387 79 
387 343 
387 7 
387 573 
388 409 
388 419 
388 235 
388 213 
388 60 
388 125 
388 369 
388 283 
388 458 
388 23 
388 359 
388 402 
388 393 
388 525 
388 163 
388 461 
388 79 
388 530 
388 523 
388 498 
388 251 
388 257 
388 361 
388 382 
388 541 
388 438 
388 227 
388 516 
388 340 
388 180 
388 317 
388 448 
388 4 
388 242 
388 274 
388 44 
388 428 
388 585 
388 248 
388 490 
388 374 
388 278 
388 105 
388 182 
388 364 
388 307 
388 363 
388 313 
388 86 
388 487 
388 351 
388 568 
388 362 
388 49 
388 96 
388 348 
388 287 
388 249 
388 431 
388 214 
388 134 
388 295 
388 41 
388 537 
388 230 
388 6 
388 155 
388 350 
388 590 
388 184 
388 228 
388 390 
388 331 
388 78 
388 579 
388 572 
388 194 
388 160 
388 505 
388 178 
388 416 
388 542 
388 48 
388 115 
388 293 
388 170 
388 544 
388 495 
388 322 
388 14 
388 354 
388 245 
388 309 
388 510 
388 285 
388 457 
388 51 
388 123 
388 386 
388 108 
388 316 
388 140 
388 449 
388 25 
388 90 
388 336 
388 164 
388 330 
388 467 
388 494 
388 455 
388 196 
388 18 
388 120 
388 332 
388 550 
388 391 
388 7 
388 129 
388 22 
388 64 
388 477 
388 427 
388 212 
388 377 
388 527 
388 220 
388 368 
388 522 
388 589 
388 306 
388 35 
388 547 
388 342 
388 40 
388 74 
388 165 
388 233 
388 578 
388 561 
388 31 
388 131 
388 534 
388 470 
388 38 
388 29 
388 114 
388 275 
388 33 
388 488 
388 204 
388 515 
388 161 
388 68 
388 259 
388 141 
388 442 
388 289 
388 100 
388 12 
388 82 
388 451 
388 24 
388 552 
388 441 
388 528 
388 447 
388 584 
388 83 
388 433 
388 562 
388 270 
389 549 
389 70 
389 217 
389 327 
389 438 
389 432 
389 59 
389 509 
389 367 
389 385 
389 518 
389 424 
389 25 
389 247 
389 30 
389 451 
389 154 
389 196 
389 356 
389 329 
389 580 
389 292 
389 284 
389 365 
389 265 
389 489 
389 442 
389 468 
389 312 
389 194 
389 58 
389 303 
389 345 
389 383 
389 592 
389 213 
389 119 
389 363 
389 528 
389 136 
389 386 
389 180 
389 6 
389 12 
389 139 
389 390 
389 270 
389 198 
389 195 
389 536 
389 360 
389 2 
389 568 
389 172 
389 80 
389 564 
389 304 
389 7 
389 332 
389 346 
389 534 
389 507 
389 232 
389 55 
389 479 
389 357 
389 436 
389 256 
389 358 
389 276 
389 124 
389 61 
389 574 
389 168 
389 556 
389 517 
389 377 
389 281 
389 472 
389 338 
389 1 
389 586 
389 132 
389 406 
389 373 
389 68 
389 235 
389 257 
389 519 
389 486 
389 547 
389 267 
389 255 
389 374 
389 72 
389 583 
389 577 
389 24 
389 226 
389 417 
389 399 
389 89 
389 510 
389 96 
389 491 
389 446 
389 414 
389 158 
389 103 
389 541 
389 375 
389 60 
389 69 
389 37 
389 239 
389 260 
389 407 
389 484 
389 56 
389 397 
389 131 
389 181 
389 334 
389 464 
389 460 
389 400 
389 189 
389 382 
389 249 
389 297 
389 527 
389 215 
389 429 
389 293 
389 22 
389 94 
389 343 
389 361 
389 134 
389 461 
389 245 
389 117 
389 573 
389 445 
389 214 
389 454 
389 173 
389 344 
389 88 
389 200 
389 203 
389 66 
389 465 
389 177 
389 218 
389 248 
389 560 
389 240 
389 474 
389 182 
389 570 
389 548 
389 120 
389 354 
389 485 
389 127 
389 33 
390 159 
390 326 
390 97 
390 45 
390 303 
390 260 
390 158 
390 349 
390 243 
390 151 
390 561 
390 333 
390 487 
390 96 
390 123 
390 290 
390 195 
390 147 
390 2 
390 1 
390 117 
390 476 
390 467 
390 54 
390 374 
390 405 
390 196 
390 324 
390 112 
390 323 
390 320 
390 543 
390 214 
390 480 
390 121 
390 537 
390 359 
390 511 
390 474 
390 194 
390 389 
390 515 
390 280 
390 363 
390 492 
390 268 
390 253 
390 453 
390 506 
390 321 
390 353 
390 298 
390 210 
390 276 
390 102 
390 485 
390 497 
390 229 
390 317 
390 109 
390 365 
390 385 
390 215 
390 89 
390 297 
390 275 
390 336 
390 338 
390 283 
390 40 
390 231 
390 154 
390 19 
390 395 
390 8 
390 174 
390 388 
390 394 
390 189 
390 384 
390 481 
390 348 
390 238 
390 442 
390 302 
390 458 
390 307 
390 211 
390 56 
390 258 
390 170 
390 232 
390 519 
390 352 
390 415 
390 314 
390 263 
390 464 
390 14 
390 375 
390 153 
390 396 
390 83 
390 311 
390 17 
390 46 
390 579 
390 234 
390 60 
390 22 
390 150 
390 508 
390 120 
390 281 
390 315 
390 185 
390 361 
390 587 
390 16 
390 459 
390 356 
390 560 
390 316 
390 489 
390 432 
390 309 
390 386 
390 134 
390 163 
390 445 
390 241 
390 35 
390 119 
390 523 
390 566 
390 177 
390 452 
390 28 
390 31 
390 39 
390 501 
390 198 
390 128 
390 355 
390 91 
390 567 
390 192 
390 533 
390 344 
390 341 
390 591 
390 582 
390 58 
390 133 
390 244 
390 514 
390 411 
390 264 
390 440 
390 300 
390 530 
390 141 
390 75 
390 367 
390 556 
390 115 
390 495 
390 6 
390 5 
390 81 
390 418 
390 509 
391 231 
391 504 
391 411 
391 109 
391 250 
391 452 
391 439 
391 9 
391 29 
391 153 
391 87 
391 299 
391 386 
391 62 
391 274 
391 101 
391 8 
391 127 
391 107 
391 567 
391 461 
391 267 
391 67 
391 98 
391 97 
391 222 
391 335 
391 552 
391 347 
391 554 
391 573 
391 247 
391 295 
391 382 
391 303 
391 351 
391 252 
391 359 
391 578 
391 246 
391 53 
391 557 
391 320 
391 339 
391 514 
391 393 
391 35 
391 174 
391 162 
391 533 
391 289 
391 507 
391 479 
391 167 
391 534 
391 280 
391 317 
391 130 
391 413 
391 465 
391 263 
391 453 
391 31 
391 95 
391 248 
391 392 
391 521 
391 430 
391 454 
391 36 
391 110 
391 378 
391 135 
391 503 
391 129 
391 444 
391 273 
391 481 
391 240 
391 556 
391 194 
391 172 
391 396 
391 493 
391 111 
391 381 
391 544 
391 510 
391 345 
391 302 
391 245 
391 142 
391 213 
391 298 
391 160 
391 307 
391 166 
391 352 
391 469 
391 261 
391 349 
391 326 
391 487 
391 516 
391 159 
391 421 
391 70 
391 305 
391 77 
391 540 
391 190 
391 66 
391 0 
391 65 
391 154 
391 55 
391 388 
391 471 
391 318 
391 63 
391 369 
391 373 
391 565 
391 139 
391 177 
391 350 
391 235 
391 216 
391 437 
391 133 
391 72 
391 71 
391 100 
391 230 
391 566 
391 182 
391 85 
391 148 
391 258 
391 134 
391 497 
391 22 
391 429 
391 296 
391 19 
391 537 
391 309 
391 102 
391 308 
391 464 
391 358 
391 239 
391 259 
391 312 
391 227 
391 44 
391 200 
391 79 
391 526 
391 327 
391 236 
391 56 
391 357 
391 432 
391 244 
391 372 
391 260 
391 123 
391 99 
391 150 
391 147 
391 440 
391 212 
392 503 
392 182 
392 310 
392 122 
392 177 
392 102 
392 565 
392 326 
392 450 
392 547 
392 539 
392 349 
392 206 
392 178 
392 375 
392 204 
392 343 
392 109 
392 408 
392 462 
392 372 
392 287 
392 352 
392 194 
392 253 
392 56 
392 110 
392 111 
392 381 
392 377 
392 12 
392 401 
392 262 
392 83 
392 32 
392 520 
392 566 
392 180 
392 551 
392 469 
392 290 
392 170 
392 203 
392 224 
392 134 
392 284 
392 416 
392 58 
392 114 
392 99 
392 399 
392 453 
392 213 
392 280 
392 260 
392 591 
392 351 
392 144 
392 418 
392 160 
392 458 
392 46 
392 480 
392 205 
392 167 
392 479 
392 356 
392 482 
392 45 
392 36 
392 467 
392 465 
392 544 
392 400 
392 440 
392 127 
392 391 
392 588 
392 249 
392 19 
392 540 
392 499 
392 285 
392 569 
392 157 
392 79 
392 121 
392 361 
392 252 
392 504 
392 301 
392 476 
392 277 
392 395 
392 427 
392 68 
392 398 
392 209 
392 202 
392 161 
392 168 
392 412 
392 510 
392 241 
392 112 
392 328 
392 471 
392 22 
392 508 
392 261 
392 586 
392 133 
392 97 
392 303 
392 425 
392 30 
392 526 
392 574 
392 286 
392 230 
392 451 
392 330 
392 550 
392 311 
392 163 
392 89 
392 568 
392 272 
392 337 
392 193 
392 466 
392 118 
392 454 
392 196 
392 120 
392 505 
392 386 
392 426 
392 575 
392 563 
392 175 
392 291 
392 378 
392 164 
392 387 
392 338 
392 327 
392 347 
392 587 
392 221 
392 67 
392 281 
392 20 
392 42 
392 374 
392 560 
392 370 
392 463 
392 62 
392 172 
392 494 
392 108 
392 531 
392 235 
392 65 
392 278 
392 23 
392 72 
392 245 
392 75 
392 532 
392 31 
392 282 
392 222 
392 437 
392 307 
393 58 
393 445 
393 187 
393 275 
393 16 
393 388 
393 42 
393 235 
393 330 
393 27 
393 301 
393 164 
393 398 
393 189 
393 271 
393 561 
393 471 
393 111 
393 487 
393 508 
393 406 
393 52 
393 409 
393 453 
393 436 
393 258 
393 165 
393 540 
393 464 
393 507 
393 12 
393 292 
393 552 
393 400 
393 321 
393 132 
393 313 
393 119 
393 333 
393 574 
393 228 
393 513 
393 427 
393 490 
393 361 
393 40 
393 130 
393 434 
393 160 
393 162 
393 219 
393 198 
393 391 
393 308 
393 173 
393 572 
393 156 
393 535 
393 72 
393 344 
393 236 
393 242 
393 59 
393 168 
393 191 
393 379 
393 163 
393 80 
393 170 
393 369 
393 439 
393 4 
393 169 
393 382 
393 201 
393 143 
393 10 
393 312 
393 98 
393 41 
393 413 
393 138 
393 217 
393 157 
393 14 
393 288 
393 364 
393 229 
393 376 
393 518 
393 315 
393 501 
393 399 
393 432 
393 155 
393 587 
393 414 
393 560 
393 419 
393 310 
393 311 
393 457 
393 394 
393 347 
393 331 
393 186 
393 370 
393 332 
393 519 
393 295 
393 51 
393 444 
393 64 
393 43 
393 577 
393 422 
393 483 
393 183 
393 147 
393 480 
393 5 
393 73 
393 420 
393 94 
393 140 
393 412 
393 284 
393 179 
393 257 
393 87 
393 11 
393 246 
393 515 
393 357 
393 579 
393 542 
393 105 
393 492 
393 512 
393 417 
393 129 
393 320 
393 24 
393 486 
393 1 
393 482 
393 581 
393 396 
393 159 
393 180 
393 481 
393 26 
393 209 
393 491 
393 45 
393 49 
393 528 
393 114 
393 37 
393 276 
393 324 
393 556 
393 447 
393 134 
393 255 
393 126 
393 145 
393 264 
393 562 
393 334 
393 237 
393 48 
393 549 
393 533 
393 384 
393 269 
393 262 
393 122 
393 103 
393 281 
393 339 
394 560 
394 128 
394 168 
394 44 
394 231 
394 37 
394 10 
394 493 
394 175 
394 387 
394 120 
394 397 
394 530 
394 547 
394 442 
394 335 
394 557 
394 355 
394 51 
394 543 
394 524 
394 438 
394 299 
394 96 
394 456 
394 469 
394 58 
394 259 
394 452 
394 408 
394 559 
394 301 
394 22 
394 252 
394 281 
394 533 
394 61 
394 307 
394 542 
394 480 
394 68 
394 520 
394 412 
394 278 
394 401 
394 166 
394 475 
394 558 
394 0 
394 368 
394 227 
394 498 
394 297 
394 511 
394 494 
394 108 
394 487 
394 590 
394 418 
394 536 
394 66 
394 318 
394 105 
394 265 
394 172 
394 12 
394 102 
394 17 
394 280 
394 64 
394 390 
394 576 
394 123 
394 490 
394 283 
394 117 
394 534 
394 572 
394 113 
394 167 
394 436 
394 422 
394 240 
394 393 
394 553 
394 551 
394 253 
394 336 
394 519 
394 163 
394 7 
394 153 
394 459 
394 527 
394 3 
394 45 
394 130 
394 523 
394 526 
394 79 
394 224 
394 528 
394 329 
394 129 
394 462 
394 522 
394 230 
394 486 
394 420 
394 580 
394 203 
394 156 
394 202 
394 212 
394 87 
394 221 
394 251 
394 232 
394 28 
394 215 
394 325 
394 458 
394 332 
394 282 
394 411 
394 415 
394 132 
394 159 
394 146 
394 136 
394 185 
394 550 
394 451 
394 72 
394 199 
394 134 
394 544 
394 381 
394 247 
394 463 
394 574 
394 379 
394 245 
394 586 
394 568 
394 465 
394 33 
394 478 
394 554 
394 340 
394 46 
394 183 
394 248 
394 122 
394 500 
394 144 
394 268 
394 416 
394 31 
394 161 
394 198 
394 510 
394 455 
394 229 
394 440 
394 26 
394 347 
394 188 
394 417 
394 162 
394 365 
394 250 
394 149 
394 406 
394 222 
394 95 
394 246 
394 138 
394 516 
394 124 
394 254 
394 204 
395 515 
395 173 
395 514 
395 9 
395 263 
395 282 
395 490 
395 319 
395 491 
395 430 
395 543 
395 41 
395 143 
395 161 
395 473 
395 523 
395 281 
395 350 
395 328 
395 487 
395 5 
395 132 
395 305 
395 503 
395 575 
395 291 
395 437 
395 178 
395 244 
395 131 
395 548 
395 507 
395 21 
395 417 
395 376 
395 546 
395 455 
395 32 
395 489 
395 13 
395 413 
395 79 
395 488 
395 359 
395 203 
395 400 
395 450 
395 28 
395 38 
395 7 
395 2 
395 213 
395 283 
395 280 
395 407 
395 356 
395 265 
395 167 
395 271 
395 427 
395 179 
395 566 
395 496 
395 274 
395 479 
395 357 
395 300 
395 390 
395 74 
395 92 
395 454 
395 160 
395 149 
395 136 
395 233 
395 422 
395 334 
395 392 
395 239 
395 70 
395 535 
395 51 
395 414 
395 205 
395 588 
395 296 
395 581 
395 108 
395 449 
395 578 
395 410 
395 361 
395 446 
395 103 
395 84 
395 536 
395 552 
395 481 
395 467 
395 461 
395 140 
395 68 
395 377 
395 411 
395 247 
395 386 
395 63 
395 207 
395 76 
395 202 
395 73 
395 537 
395 6 
395 475 
395 301 
395 403 
395 406 
395 421 
395 34 
395 362 
395 277 
395 119 
395 538 
395 351 
395 10 
395 348 
395 336 
395 117 
395 397 
395 474 
395 436 
395 257 
395 14 
395 60 
395 327 
395 448 
395 554 
395 196 
395 241 
395 20 
395 508 
395 43 
395 483 
395 478 
395 121 
395 151 
395 230 
395 438 
395 518 
395 331 
395 69 
395 353 
395 159 
395 460 
395 57 
395 181 
395 231 
396 169 
396 251 
396 436 
396 574 
396 293 
396 403 
396 582 
396 174 
396 429 
396 486 
396 439 
396 18 
396 283 
396 385 
396 11 
396 483 
396 328 
396 450 
396 98 
396 492 
396 74 
396 435 
396 71 
396 445 
396 135 
396 463 
396 465 
396 413 
396 291 
396 510 
396 537 
396 494 
396 242 
396 464 
396 485 
396 163 
396 324 
396 170 
396 273 
396 372 
396 139 
396 563 
396 235 
396 35 
396 454 
396 124 
396 198 
396 179 
396 535 
396 160 
396 579 
396 576 
396 509 
396 93 
396 37 
396 245 
396 15 
396 338 
396 552 
396 430 
396 118 
396 466 
396 427 
396 400 
396 167 
396 164 
396 108 
396 542 
396 80 
396 556 
396 406 
396 86 
396 44 
396 189 
396 546 
396 526 
396 570 
396 303 
396 425 
396 500 
396 506 
396 224 
396 391 
396 122 
396 561 
396 4 
396 305 
396 534 
396 533 
396 129 
396 363 
396 204 
396 40 
396 384 
396 134 
396 573 
396 522 
396 136 
396 390 
396 503 
396 137 
396 373 
396 431 
396 474 
396 497 
396 379 
396 361 
396 349 
396 183 
396 564 
396 366 
396 192 
396 56 
396 428 
396 572 
396 53 
396 229 
396 471 
396 583 
396 415 
396 110 
396 421 
396 30 
396 364 
396 10 
396 393 
396 120 
396 263 
396 157 
396 313 
396 398 
396 97 
396 442 
396 323 
396 329 
396 532 
396 83 
396 337 
396 138 
396 265 
396 262 
396 159 
396 336 
396 145 
396 591 
396 281 
396 461 
396 33 
396 502 
396 146 
396 185 
396 272 
396 462 
396 440 
396 107 
396 26 
396 276 
396 508 
396 79 
396 344 
396 354 
396 203 
396 550 
396 371 
397 534 
397 51 
397 535 
397 95 
397 536 
397 336 
397 115 
397 85 
397 25 
397 23 
397 130 
397 213 
397 481 
397 5 
397 263 
397 507 
397 29 
397 394 
397 282 
397 556 
397 381 
397 34 
397 45 
397 325 
397 546 
397 71 
397 9 
397 305 
397 306 
397 482 
397 504 
397 508 
397 94 
397 258 
397 68 
397 168 
397 251 
397 295 
397 242 
397 111 
397 443 
397 205 
397 206 
397 399 
397 506 
397 344 
397 158 
397 335 
397 229 
397 327 
397 355 
397 312 
397 469 
397 567 
397 459 
397 137 
397 154 
397 385 
397 386 
397 247 
397 438 
397 542 
397 122 
397 76 
397 526 
397 74 
397 75 
397 78 
397 369 
397 41 
397 548 
397 454 
397 343 
397 163 
397 382 
397 87 
397 28 
397 240 
397 272 
397 42 
397 11 
397 502 
397 489 
397 84 
397 253 
397 160 
397 165 
397 544 
397 215 
397 67 
397 116 
397 491 
397 226 
397 453 
397 133 
397 46 
397 554 
397 317 
397 319 
397 202 
397 495 
397 330 
397 81 
397 560 
397 549 
397 587 
397 380 
397 266 
397 553 
397 179 
397 292 
397 86 
397 269 
397 219 
397 209 
397 285 
397 357 
397 501 
397 287 
397 212 
397 267 
397 389 
397 125 
397 552 
397 518 
397 310 
397 237 
397 353 
397 421 
397 345 
397 91 
397 140 
397 18 
397 54 
397 44 
397 423 
397 511 
397 40 
397 61 
397 171 
397 449 
397 286 
397 218 
397 288 
397 564 
397 19 
397 440 
397 307 
397 395 
397 134 
397 243 
397 174 
397 434 
397 128 
397 214 
397 533 
397 259 
397 255 
397 416 
397 62 
397 177 
397 186 
397 404 
397 523 
397 225 
397 142 
397 261 
397 141 
398 94 
398 407 
398 343 
398 493 
398 393 
398 463 
398 5 
398 275 
398 99 
398 31 
398 371 
398 92 
398 11 
398 540 
398 95 
398 501 
398 93 
398 481 
398 350 
398 226 
398 161 
398 473 
398 451 
398 212 
398 573 
398 24 
398 71 
398 280 
398 383 
398 58 
398 310 
398 457 
398 341 
398 33 
398 432 
398 197 
398 148 
398 576 
398 260 
398 262 
398 466 
398 21 
398 278 
398 45 
398 187 
398 560 
398 203 
398 433 
398 455 
398 199 
398 19 
398 120 
398 551 
398 417 
398 419 
398 266 
398 427 
398 165 
398 446 
398 282 
398 332 
398 227 
398 252 
398 4 
398 525 
398 27 
398 352 
398 374 
398 438 
398 325 
398 108 
398 421 
398 276 
398 28 
398 9 
398 42 
398 363 
398 392 
398 156 
398 351 
398 111 
398 320 
398 13 
398 83 
398 160 
398 128 
398 324 
398 420 
398 474 
398 513 
398 367 
398 342 
398 558 
398 238 
398 1 
398 124 
398 6 
398 334 
398 542 
398 402 
398 3 
398 69 
398 318 
398 286 
398 96 
398 239 
398 304 
398 582 
398 295 
398 115 
398 524 
398 471 
398 195 
398 52 
398 152 
398 321 
398 469 
398 448 
398 345 
398 458 
398 521 
398 131 
398 215 
398 377 
398 337 
398 285 
398 150 
398 2 
398 59 
398 61 
398 177 
398 37 
398 552 
398 577 
398 396 
398 133 
398 311 
398 80 
398 229 
398 339 
398 312 
398 359 
398 379 
398 548 
398 411 
398 527 
398 370 
398 452 
398 172 
398 380 
398 434 
398 549 
398 520 
398 268 
398 430 
398 516 
398 563 
398 220 
398 127 
398 357 
398 333 
398 100 
398 249 
398 132 
398 88 
399 332 
399 211 
399 293 
399 486 
399 488 
399 460 
399 450 
399 368 
399 79 
399 458 
399 325 
399 433 
399 344 
399 308 
399 139 
399 72 
399 12 
399 233 
399 273 
399 318 
399 224 
399 542 
399 504 
399 131 
399 122 
399 20 
399 439 
399 55 
399 384 
399 342 
399 355 
399 496 
399 370 
399 497 
399 17 
399 483 
399 92 
399 70 
399 283 
399 590 
399 299 
399 505 
399 533 
399 112 
399 202 
399 219 
399 154 
399 164 
399 392 
399 34 
399 397 
399 414 
399 239 
399 1 
399 316 
399 65 
399 148 
399 571 
399 32 
399 418 
399 512 
399 246 
399 495 
399 451 
399 416 
399 537 
399 135 
399 543 
399 585 
399 24 
399 284 
399 136 
399 26 
399 35 
399 562 
399 27 
399 116 
399 151 
399 103 
399 575 
399 200 
399 130 
399 393 
399 188 
399 124 
399 251 
399 362 
399 114 
399 547 
399 560 
399 144 
399 73 
399 67 
399 563 
399 373 
399 481 
399 338 
399 170 
399 448 
399 232 
399 389 
399 321 
399 372 
399 415 
399 377 
399 280 
399 446 
399 22 
399 207 
399 167 
399 2 
399 19 
399 140 
399 269 
399 45 
399 436 
399 181 
399 30 
399 28 
399 499 
399 438 
399 288 
399 272 
399 487 
399 4 
399 266 
399 387 
399 592 
399 119 
399 583 
399 435 
399 227 
399 14 
399 581 
399 493 
399 270 
399 558 
399 541 
399 62 
399 353 
399 304 
399 572 
399 312 
399 419 
399 174 
399 290 
399 60 
399 256 
399 75 
399 472 
399 509 
399 128 
399 115 
399 162 
399 519 
399 44 
399 476 
399 31 
399 540 
399 291 
399 320 
399 214 
399 354 
399 339 
399 383 
399 225 
399 454 
399 241 
400 148 
400 408 
400 401 
400 573 
400 237 
400 586 
400 90 
400 517 
400 200 
400 490 
400 55 
400 578 
400 158 
400 331 
400 338 
400 496 
400 297 
400 334 
400 471 
400 233 
400 321 
400 56 
400 268 
400 277 
400 27 
400 128 
400 147 
400 144 
400 182 
400 413 
400 482 
400 341 
400 49 
400 393 
400 127 
400 467 
400 437 
400 241 
400 434 
400 525 
400 72 
400 86 
400 406 
400 43 
400 68 
400 248 
400 395 
400 81 
400 294 
400 279 
400 186 
400 111 
400 44 
400 212 
400 567 
400 396 
400 332 
400 304 
400 230 
400 392 
400 250 
400 59 
400 510 
400 60 
400 267 
400 70 
400 378 
400 229 
400 329 
400 450 
400 417 
400 518 
400 280 
400 582 
400 558 
400 265 
400 571 
400 298 
400 387 
400 172 
400 217 
400 478 
400 266 
400 546 
400 9 
400 35 
400 153 
400 432 
400 261 
400 118 
400 132 
400 208 
400 339 
400 354 
400 121 
400 379 
400 202 
400 2 
400 531 
400 123 
400 66 
400 305 
400 206 
400 376 
400 181 
400 79 
400 101 
400 50 
400 572 
400 115 
400 340 
400 385 
400 453 
400 296 
400 16 
400 489 
400 469 
400 461 
400 333 
400 85 
400 131 
400 84 
400 425 
400 185 
400 140 
400 167 
400 389 
400 456 
400 80 
400 239 
400 273 
400 45 
400 18 
400 539 
400 83 
400 560 
400 575 
400 348 
400 493 
400 420 
400 96 
400 87 
400 1 
400 100 
400 458 
400 503 
400 320 
400 466 
400 173 
400 521 
400 570 
400 29 
400 588 
400 352 
400 373 
400 138 
400 179 
400 82 
401 566 
401 221 
401 331 
401 282 
401 418 
401 400 
401 98 
401 277 
401 66 
401 440 
401 172 
401 304 
401 324 
401 126 
401 211 
401 385 
401 537 
401 276 
401 27 
401 554 
401 500 
401 458 
401 313 
401 248 
401 181 
401 102 
401 87 
401 578 
401 533 
401 349 
401 495 
401 392 
401 494 
401 62 
401 577 
401 519 
401 486 
401 318 
401 18 
401 69 
401 90 
401 394 
401 176 
401 452 
401 219 
401 330 
401 130 
401 201 
401 573 
401 371 
401 67 
401 591 
401 284 
401 164 
401 358 
401 61 
401 451 
401 574 
401 92 
401 422 
401 505 
401 75 
401 462 
401 307 
401 64 
401 534 
401 457 
401 268 
401 51 
401 507 
401 377 
401 544 
401 414 
401 19 
401 258 
401 568 
401 97 
401 301 
401 188 
401 91 
401 109 
401 210 
401 512 
401 196 
401 435 
401 11 
401 82 
401 409 
401 562 
401 200 
401 93 
401 531 
401 433 
401 170 
401 168 
401 133 
401 338 
401 465 
401 193 
401 461 
401 350 
401 287 
401 346 
401 162 
401 587 
401 263 
401 420 
401 58 
401 299 
401 138 
401 25 
401 352 
401 100 
401 174 
401 167 
401 488 
401 543 
401 142 
401 220 
401 509 
401 425 
401 528 
401 118 
401 378 
401 71 
401 315 
401 538 
401 406 
401 273 
401 590 
401 407 
401 438 
401 327 
401 264 
401 68 
401 525 
401 357 
401 343 
401 547 
401 328 
401 147 
401 243 
401 588 
401 572 
401 63 
401 294 
401 345 
401 320 
401 106 
401 363 
401 535 
401 521 
401 7 
401 455 
401 449 
401 317 
401 120 
401 165 
401 367 
401 359 
401 251 
401 333 
401 553 
401 582 
401 445 
401 447 
401 441 
401 497 
401 5 
401 110 
401 335 
401 152 
401 508 
401 468 
402 61 
402 352 
402 388 
402 62 
402 334 
402 462 
402 239 
402 191 
402 289 
402 58 
402 35 
402 377 
402 22 
402 151 
402 147 
402 51 
402 56 
402 453 
402 468 
402 142 
402 487 
402 346 
402 532 
402 31 
402 245 
402 166 
402 483 
402 271 
402 268 
402 496 
402 8 
402 24 
402 568 
402 161 
402 417 
402 410 
402 213 
402 480 
402 488 
402 358 
402 251 
402 328 
402 297 
402 558 
402 241 
402 25 
402 294 
402 535 
402 165 
402 345 
402 163 
402 265 
402 301 
402 70 
402 479 
402 21 
402 286 
402 111 
402 498 
402 366 
402 275 
402 546 
402 156 
402 365 
402 325 
402 193 
402 580 
402 273 
402 335 
402 284 
402 76 
402 551 
402 338 
402 379 
402 336 
402 226 
402 563 
402 404 
402 429 
402 122 
402 229 
402 281 
402 48 
402 383 
402 422 
402 514 
402 110 
402 579 
402 451 
402 573 
402 73 
402 124 
402 592 
402 478 
402 209 
402 222 
402 154 
402 247 
402 505 
402 55 
402 257 
402 544 
402 79 
402 460 
402 442 
402 252 
402 172 
402 313 
402 398 
402 320 
402 82 
402 319 
402 216 
402 431 
402 476 
402 581 
402 91 
402 63 
402 548 
402 503 
402 238 
402 157 
402 225 
402 4 
402 375 
402 15 
402 565 
402 590 
402 420 
402 329 
402 0 
402 363 
402 526 
402 60 
402 177 
402 237 
402 132 
402 263 
402 224 
402 307 
402 381 
402 408 
402 88 
402 260 
402 255 
402 508 
402 459 
402 497 
402 350 
402 555 
402 180 
402 438 
402 153 
402 589 
402 23 
402 541 
402 360 
402 40 
402 145 
402 522 
402 126 
402 302 
402 295 
402 553 
402 134 
402 278 
402 357 
402 236 
402 171 
402 585 
402 591 
402 339 
402 211 
402 380 
402 194 
402 493 
403 477 
403 188 
403 117 
403 255 
403 119 
403 396 
403 77 
403 84 
403 222 
403 122 
403 29 
403 568 
403 418 
403 551 
403 27 
403 202 
403 233 
403 254 
403 100 
403 247 
403 533 
403 171 
403 189 
403 443 
403 344 
403 523 
403 108 
403 535 
403 293 
403 184 
403 495 
403 75 
403 342 
403 446 
403 454 
403 193 
403 531 
403 297 
403 519 
403 549 
403 17 
403 114 
403 236 
403 439 
403 461 
403 88 
403 355 
403 537 
403 476 
403 217 
403 557 
403 408 
403 323 
403 347 
403 139 
403 448 
403 525 
403 309 
403 522 
403 93 
403 555 
403 228 
403 496 
403 14 
403 239 
403 586 
403 121 
403 319 
403 137 
403 341 
403 263 
403 315 
403 532 
403 311 
403 149 
403 246 
403 97 
403 21 
403 244 
403 48 
403 499 
403 474 
403 62 
403 426 
403 138 
403 50 
403 264 
403 0 
403 133 
403 412 
403 587 
403 178 
403 56 
403 324 
403 181 
403 36 
403 110 
403 463 
403 124 
403 554 
403 404 
403 131 
403 206 
403 514 
403 573 
403 561 
403 218 
403 563 
403 153 
403 432 
403 127 
403 51 
403 580 
403 165 
403 316 
403 358 
403 444 
403 6 
403 241 
403 291 
403 415 
403 128 
403 570 
403 435 
403 58 
403 395 
403 186 
403 326 
403 460 
403 487 
403 504 
403 494 
403 11 
403 174 
403 168 
403 434 
403 478 
403 187 
403 581 
403 527 
403 543 
403 15 
403 528 
403 365 
403 123 
403 125 
403 160 
403 349 
403 366 
403 227 
403 59 
403 321 
403 577 
403 32 
403 212 
403 148 
403 54 
403 8 
403 272 
403 337 
403 334 
403 471 
403 52 
403 440 
403 350 
403 317 
403 560 
403 89 
403 185 
403 451 
403 259 
403 359 
403 449 
403 253 
403 572 
404 374 
404 484 
404 588 
404 2 
404 469 
404 348 
404 51 
404 271 
404 437 
404 447 
404 89 
404 372 
404 584 
404 238 
404 192 
404 481 
404 166 
404 292 
404 334 
404 161 
404 512 
404 74 
404 589 
404 343 
404 53 
404 129 
404 66 
404 458 
404 578 
404 488 
404 99 
404 315 
404 216 
404 569 
404 464 
404 524 
404 84 
404 429 
404 290 
404 255 
404 164 
404 49 
404 427 
404 199 
404 538 
404 29 
404 151 
404 31 
404 311 
404 90 
404 122 
404 27 
404 497 
404 5 
404 193 
404 111 
404 239 
404 407 
404 142 
404 19 
404 333 
404 571 
404 240 
404 175 
404 474 
404 208 
404 205 
404 434 
404 23 
404 258 
404 107 
404 148 
404 207 
404 572 
404 197 
404 445 
404 549 
404 499 
404 520 
404 138 
404 402 
404 324 
404 30 
404 18 
404 145 
404 508 
404 370 
404 531 
404 425 
404 352 
404 281 
404 106 
404 289 
404 565 
404 278 
404 477 
404 479 
404 494 
404 526 
404 140 
404 62 
404 305 
404 173 
404 482 
404 14 
404 383 
404 105 
404 228 
404 432 
404 159 
404 335 
404 492 
404 274 
404 253 
404 536 
404 540 
404 103 
404 475 
404 514 
404 158 
404 424 
404 365 
404 356 
404 403 
404 57 
404 350 
404 254 
404 515 
404 252 
404 380 
404 590 
404 347 
404 187 
404 76 
404 194 
404 36 
404 80 
404 485 
404 134 
404 220 
404 48 
404 92 
404 545 
404 229 
404 351 
404 266 
404 241 
404 279 
404 382 
404 361 
404 359 
404 490 
404 3 
404 273 
404 314 
404 34 
404 387 
404 233 
404 556 
404 313 
404 550 
404 284 
404 360 
404 223 
404 397 
404 297 
404 198 
405 282 
405 510 
405 281 
405 533 
405 466 
405 88 
405 170 
405 280 
405 343 
405 241 
405 557 
405 439 
405 237 
405 380 
405 377 
405 164 
405 473 
405 469 
405 218 
405 165 
405 84 
405 192 
405 31 
405 55 
405 390 
405 111 
405 266 
405 29 
405 238 
405 286 
405 592 
405 432 
405 274 
405 370 
405 186 
405 114 
405 576 
405 344 
405 123 
405 457 
405 366 
405 104 
405 468 
405 314 
405 199 
405 415 
405 494 
405 87 
405 70 
405 362 
405 348 
405 173 
405 339 
405 479 
405 334 
405 488 
405 309 
405 127 
405 550 
405 244 
405 3 
405 495 
405 151 
405 65 
405 484 
405 193 
405 375 
405 227 
405 240 
405 57 
405 128 
405 253 
405 361 
405 549 
405 307 
405 566 
405 239 
405 568 
405 230 
405 119 
405 190 
405 249 
405 45 
405 491 
405 160 
405 96 
405 319 
405 373 
405 503 
405 121 
405 51 
405 22 
405 464 
405 102 
405 421 
405 381 
405 562 
405 489 
405 424 
405 335 
405 414 
405 11 
405 311 
405 433 
405 551 
405 53 
405 385 
405 558 
405 120 
405 564 
405 499 
405 560 
405 37 
405 143 
405 225 
405 256 
405 559 
405 41 
405 216 
405 453 
405 411 
405 257 
405 524 
405 269 
405 148 
405 26 
405 326 
405 293 
405 62 
405 169 
405 15 
405 423 
405 434 
405 182 
405 68 
405 35 
405 212 
405 416 
405 158 
405 100 
405 44 
405 59 
405 213 
405 272 
405 4 
405 328 
405 471 
405 126 
405 406 
405 427 
405 287 
405 359 
405 304 
405 589 
405 204 
405 21 
405 340 
405 207 
405 12 
405 8 
405 321 
405 420 
405 571 
405 180 
405 588 
405 582 
405 166 
405 367 
405 437 
405 79 
405 271 
405 30 
405 456 
405 504 
406 572 
406 538 
406 108 
406 280 
406 320 
406 275 
406 213 
406 5 
406 496 
406 217 
406 113 
406 30 
406 335 
406 28 
406 411 
406 560 
406 285 
406 315 
406 345 
406 393 
406 310 
406 296 
406 252 
406 169 
406 92 
406 499 
406 372 
406 425 
406 358 
406 164 
406 458 
406 97 
406 475 
406 308 
406 192 
406 256 
406 80 
406 74 
406 222 
406 498 
406 587 
406 534 
406 196 
406 193 
406 569 
406 476 
406 400 
406 22 
406 271 
406 105 
406 181 
406 446 
406 559 
406 186 
406 546 
406 101 
406 187 
406 418 
406 245 
406 478 
406 231 
406 536 
406 409 
406 346 
406 167 
406 381 
406 100 
406 457 
406 588 
406 504 
406 3 
406 266 
406 145 
406 242 
406 396 
406 35 
406 444 
406 174 
406 20 
406 264 
406 305 
406 141 
406 201 
406 240 
406 262 
406 86 
406 200 
406 586 
406 14 
406 270 
406 122 
406 389 
406 422 
406 574 
406 340 
406 151 
406 75 
406 171 
406 136 
406 548 
406 148 
406 227 
406 440 
406 216 
406 224 
406 467 
406 330 
406 81 
406 434 
406 116 
406 518 
406 374 
406 369 
406 564 
406 505 
406 366 
406 379 
406 211 
406 558 
406 417 
406 189 
406 401 
406 395 
406 387 
406 433 
406 48 
406 209 
406 257 
406 253 
406 494 
406 301 
406 451 
406 579 
406 64 
406 137 
406 582 
406 353 
406 331 
406 129 
406 37 
406 578 
406 375 
406 7 
406 177 
406 281 
406 220 
406 363 
406 490 
406 405 
406 537 
406 9 
406 246 
406 339 
406 206 
406 10 
406 532 
406 470 
406 60 
406 410 
406 286 
406 110 
406 274 
406 52 
406 168 
406 212 
406 72 
406 255 
406 487 
406 39 
406 394 
406 69 
406 527 
406 278 
406 357 
406 283 
407 398 
407 535 
407 55 
407 445 
407 63 
407 331 
407 409 
407 283 
407 352 
407 199 
407 65 
407 452 
407 374 
407 313 
407 354 
407 522 
407 296 
407 259 
407 169 
407 186 
407 201 
407 97 
407 135 
407 500 
407 107 
407 264 
407 555 
407 127 
407 176 
407 268 
407 250 
407 39 
407 293 
407 30 
407 295 
407 464 
407 198 
407 258 
407 279 
407 269 
407 208 
407 166 
407 361 
407 16 
407 342 
407 472 
407 404 
407 434 
407 204 
407 33 
407 481 
407 95 
407 67 
407 395 
407 72 
407 523 
407 420 
407 200 
407 110 
407 411 
407 366 
407 373 
407 461 
407 314 
407 235 
407 586 
407 43 
407 362 
407 450 
407 561 
407 267 
407 536 
407 240 
407 154 
407 488 
407 347 
407 480 
407 254 
407 423 
407 45 
407 92 
407 319 
407 466 
407 277 
407 493 
407 115 
407 462 
407 328 
407 549 
407 228 
407 37 
407 174 
407 415 
407 287 
407 221 
407 157 
407 568 
407 156 
407 429 
407 285 
407 414 
407 330 
407 2 
407 583 
407 226 
407 98 
407 165 
407 0 
407 576 
407 557 
407 580 
407 380 
407 56 
407 510 
407 515 
407 587 
407 417 
407 202 
407 21 
407 138 
407 101 
407 421 
407 26 
407 265 
407 389 
407 266 
407 437 
407 435 
407 526 
407 121 
407 546 
407 509 
407 498 
407 118 
407 105 
407 15 
407 511 
407 48 
407 401 
407 412 
407 426 
407 120 
407 589 
407 502 
407 349 
407 451 
407 387 
407 454 
407 503 
407 70 
407 566 
407 215 
407 271 
407 212 
407 112 
407 214 
407 585 
407 375 
407 501 
407 433 
407 507 
407 248 
407 35 
407 246 
407 554 
407 386 
407 556 
407 261 
407 494 
407 381 
407 306 
407 311 
407 329 
407 230 
407 325 
407 81 
407 440 
407 88 
408 266 
408 400 
408 434 
408 444 
408 46 
408 1 
408 322 
408 471 
408 328 
408 461 
408 336 
408 111 
408 513 
408 85 
408 19 
408 185 
408 80 
408 576 
408 392 
408 300 
408 286 
408 491 
408 277 
408 588 
408 227 
408 346 
408 315 
408 394 
408 224 
408 343 
408 104 
408 314 
408 175 
408 332 
408 165 
408 511 
408 376 
408 350 
408 163 
408 87 
408 403 
408 521 
408 441 
408 377 
408 305 
408 76 
408 383 
408 288 
408 204 
408 10 
408 50 
408 237 
408 124 
408 284 
408 503 
408 557 
408 161 
408 512 
408 263 
408 317 
408 139 
408 24 
408 365 
408 514 
408 251 
408 492 
408 354 
408 375 
408 17 
408 151 
408 89 
408 467 
408 193 
408 312 
408 168 
408 526 
408 28 
408 171 
408 270 
408 174 
408 508 
408 433 
408 255 
408 291 
408 128 
408 8 
408 534 
408 380 
408 416 
408 222 
408 231 
408 468 
408 57 
408 0 
408 582 
408 575 
408 420 
408 30 
408 252 
408 276 
408 485 
408 144 
408 578 
408 561 
408 347 
408 438 
408 164 
408 23 
408 122 
408 553 
408 74 
408 192 
408 510 
408 382 
408 564 
408 367 
408 273 
408 341 
408 77 
408 556 
408 505 
408 357 
408 212 
408 292 
408 379 
408 290 
408 258 
408 424 
408 361 
408 190 
408 72 
408 581 
408 529 
408 326 
408 524 
408 58 
408 316 
408 372 
408 509 
408 543 
408 54 
408 64 
408 370 
408 299 
408 250 
408 402 
408 114 
408 570 
408 436 
408 100 
408 552 
408 414 
408 225 
408 423 
408 47 
408 34 
408 182 
408 18 
408 440 
408 180 
408 412 
408 280 
408 199 
408 571 
408 572 
408 150 
408 489 
408 285 
408 110 
408 430 
408 179 
408 519 
408 359 
408 98 
408 259 
408 214 
408 522 
408 568 
408 88 
408 117 
408 82 
408 78 
408 195 
408 166 
408 27 
408 81 
408 502 
408 60 
409 25 
409 388 
409 46 
409 2 
409 407 
409 119 
409 202 
409 422 
409 581 
409 49 
409 229 
409 393 
409 339 
409 39 
409 301 
409 383 
409 22 
409 305 
409 446 
409 189 
409 260 
409 18 
409 233 
409 105 
409 562 
409 251 
409 192 
409 522 
409 360 
409 331 
409 554 
409 423 
409 149 
409 81 
409 352 
409 454 
409 265 
409 125 
409 215 
409 40 
409 28 
409 443 
409 516 
409 382 
409 198 
409 116 
409 208 
409 309 
409 186 
409 227 
409 512 
409 413 
409 73 
409 419 
409 225 
409 544 
409 141 
409 328 
409 21 
409 385 
409 373 
409 406 
409 524 
409 127 
409 52 
409 529 
409 502 
409 568 
409 518 
409 287 
409 349 
409 504 
409 432 
409 453 
409 243 
409 165 
409 541 
409 24 
409 133 
409 483 
409 147 
409 183 
409 469 
409 30 
409 350 
409 338 
409 401 
409 38 
409 288 
409 420 
409 358 
409 239 
409 296 
409 206 
409 435 
409 269 
409 543 
409 76 
409 316 
409 140 
409 32 
409 14 
409 101 
409 418 
409 69 
409 434 
409 191 
409 201 
409 427 
409 426 
409 538 
409 547 
409 109 
409 537 
409 6 
409 355 
409 79 
409 131 
409 33 
409 143 
409 84 
409 318 
409 372 
409 498 
409 492 
409 302 
409 180 
409 330 
409 497 
409 0 
409 1 
409 283 
409 93 
409 114 
409 476 
409 322 
409 506 
409 374 
409 235 
409 477 
409 428 
409 436 
409 221 
409 54 
409 282 
409 134 
409 445 
409 273 
409 500 
409 128 
409 340 
409 356 
409 27 
409 113 
409 369 
409 284 
409 92 
409 511 
409 417 
409 19 
409 450 
409 216 
409 470 
409 491 
410 378 
410 215 
410 489 
410 52 
410 482 
410 305 
410 542 
410 219 
410 123 
410 226 
410 3 
410 161 
410 265 
410 182 
410 304 
410 157 
410 87 
410 376 
410 461 
410 105 
410 361 
410 509 
410 520 
410 364 
410 165 
410 151 
410 306 
410 402 
410 427 
410 454 
410 158 
410 537 
410 17 
410 198 
410 213 
410 153 
410 385 
410 35 
410 30 
410 110 
410 237 
410 109 
410 50 
410 245 
410 27 
410 350 
410 12 
410 559 
410 538 
410 469 
410 179 
410 338 
410 270 
410 59 
410 560 
410 273 
410 220 
410 82 
410 238 
410 584 
410 544 
410 289 
410 91 
410 63 
410 558 
410 564 
410 6 
410 134 
410 125 
410 526 
410 318 
410 379 
410 474 
410 465 
410 548 
410 463 
410 328 
410 48 
410 18 
410 136 
410 201 
410 206 
410 281 
410 377 
410 115 
410 266 
410 331 
410 553 
410 142 
410 439 
410 468 
410 107 
410 459 
410 24 
410 395 
410 62 
410 448 
410 111 
410 272 
410 204 
410 103 
410 419 
410 84 
410 116 
410 86 
410 102 
410 514 
410 430 
410 144 
410 85 
410 292 
410 582 
410 195 
410 190 
410 191 
410 502 
410 32 
410 187 
410 590 
410 164 
410 435 
410 536 
410 124 
410 97 
410 46 
410 438 
410 72 
410 344 
410 329 
410 261 
410 316 
410 550 
410 76 
410 587 
410 456 
410 591 
410 499 
410 96 
410 132 
410 8 
410 303 
410 431 
410 545 
410 355 
410 173 
410 495 
410 68 
410 577 
410 375 
410 137 
410 578 
410 275 
410 367 
410 61 
410 406 
410 20 
410 194 
410 508 
410 513 
410 436 
410 290 
410 189 
410 434 
410 382 
410 42 
410 54 
410 555 
410 477 
410 185 
410 235 
411 253 
411 151 
411 48 
411 544 
411 51 
411 391 
411 457 
411 75 
411 132 
411 445 
411 208 
411 579 
411 483 
411 525 
411 464 
411 256 
411 299 
411 466 
411 440 
411 318 
411 269 
411 435 
411 406 
411 30 
411 482 
411 19 
411 61 
411 88 
411 16 
411 551 
411 276 
411 487 
411 213 
411 368 
411 113 
411 375 
411 266 
411 301 
411 63 
411 590 
411 572 
411 565 
411 454 
411 152 
411 275 
411 536 
411 83 
411 193 
411 550 
411 150 
411 242 
411 366 
411 437 
411 86 
411 346 
411 497 
411 564 
411 341 
411 429 
411 78 
411 494 
411 407 
411 13 
411 589 
411 427 
411 386 
411 146 
411 349 
411 172 
411 520 
411 190 
411 235 
411 570 
411 140 
411 478 
411 230 
411 446 
411 506 
411 547 
411 273 
411 309 
411 531 
411 344 
411 258 
411 526 
411 126 
411 298 
411 323 
411 32 
411 62 
411 174 
411 528 
411 199 
411 465 
411 76 
411 59 
411 263 
411 313 
411 573 
411 430 
411 358 
411 149 
411 143 
411 422 
411 157 
411 426 
411 331 
411 469 
411 417 
411 533 
411 186 
411 255 
411 355 
411 268 
411 581 
411 340 
411 252 
411 395 
411 354 
411 334 
411 317 
411 101 
411 405 
411 191 
411 428 
411 278 
411 183 
411 105 
411 161 
411 24 
411 315 
411 329 
411 133 
411 67 
411 557 
411 173 
411 556 
411 394 
411 461 
411 177 
411 47 
411 153 
411 415 
411 423 
411 363 
411 74 
411 442 
411 424 
411 11 
411 50 
411 580 
411 233 
411 3 
411 321 
411 292 
411 390 
411 398 
411 145 
411 290 
411 576 
411 45 
411 519 
411 477 
411 36 
411 197 
411 569 
411 77 
411 66 
411 147 
411 303 
411 279 
411 511 
411 99 
411 17 
412 19 
412 535 
412 204 
412 329 
412 332 
412 579 
412 311 
412 166 
412 250 
412 445 
412 424 
412 134 
412 254 
412 550 
412 87 
412 585 
412 344 
412 243 
412 352 
412 178 
412 475 
412 239 
412 437 
412 257 
412 50 
412 201 
412 176 
412 38 
412 554 
412 5 
412 198 
412 18 
412 175 
412 590 
412 303 
412 106 
412 454 
412 394 
412 319 
412 281 
412 235 
412 453 
412 58 
412 536 
412 95 
412 255 
412 484 
412 434 
412 267 
412 543 
412 30 
412 234 
412 506 
412 251 
412 124 
412 160 
412 523 
412 353 
412 161 
412 169 
412 477 
412 258 
412 162 
412 232 
412 451 
412 109 
412 182 
412 431 
412 299 
412 555 
412 191 
412 519 
412 346 
412 378 
412 510 
412 450 
412 380 
412 577 
412 581 
412 315 
412 392 
412 113 
412 300 
412 403 
412 288 
412 280 
412 337 
412 193 
412 471 
412 131 
412 103 
412 504 
412 173 
412 347 
412 0 
412 140 
412 76 
412 179 
412 2 
412 369 
412 345 
412 197 
412 183 
412 584 
412 245 
412 578 
412 592 
412 133 
412 90 
412 28 
412 393 
412 79 
412 423 
412 203 
412 77 
412 110 
412 154 
412 221 
412 167 
412 382 
412 294 
412 374 
412 180 
412 479 
412 326 
412 417 
412 570 
412 348 
412 120 
412 540 
412 88 
412 121 
412 568 
412 39 
412 407 
412 205 
412 263 
412 29 
412 522 
412 153 
412 567 
412 457 
412 242 
412 435 
412 290 
412 3 
412 60 
412 91 
412 381 
412 408 
412 576 
412 81 
412 57 
412 548 
412 163 
412 137 
412 343 
412 63 
412 268 
412 488 
412 61 
412 14 
412 157 
412 119 
412 481 
412 184 
412 223 
412 200 
412 320 
412 51 
412 66 
412 122 
412 92 
412 525 
413 10 
413 452 
413 461 
413 313 
413 540 
413 498 
413 190 
413 554 
413 355 
413 441 
413 287 
413 507 
413 39 
413 265 
413 100 
413 573 
413 497 
413 108 
413 433 
413 76 
413 396 
413 254 
413 242 
413 166 
413 296 
413 226 
413 65 
413 400 
413 36 
413 263 
413 279 
413 533 
413 547 
413 118 
413 120 
413 46 
413 57 
413 423 
413 193 
413 395 
413 553 
413 500 
413 300 
413 520 
413 253 
413 33 
413 409 
413 364 
413 255 
413 161 
413 488 
413 391 
413 194 
413 536 
413 159 
413 572 
413 302 
413 84 
413 470 
413 42 
413 343 
413 83 
413 534 
413 506 
413 72 
413 347 
413 393 
413 541 
413 91 
413 568 
413 590 
413 561 
413 269 
413 251 
413 454 
413 301 
413 141 
413 354 
413 58 
413 522 
413 384 
413 256 
413 201 
413 101 
413 458 
413 487 
413 447 
413 163 
413 203 
413 339 
413 526 
413 552 
413 60 
413 56 
413 325 
413 529 
413 494 
413 29 
413 428 
413 164 
413 202 
413 591 
413 303 
413 527 
413 471 
413 283 
413 139 
413 366 
413 531 
413 12 
413 310 
413 305 
413 197 
413 510 
413 134 
413 55 
413 189 
413 376 
413 370 
413 188 
413 462 
413 469 
413 551 
413 341 
413 415 
413 185 
413 67 
413 417 
413 491 
413 346 
413 112 
413 146 
413 230 
413 121 
413 336 
413 61 
413 85 
413 113 
413 463 
413 483 
413 451 
413 268 
413 244 
413 474 
413 239 
413 109 
413 289 
413 299 
413 92 
413 352 
413 321 
413 477 
413 249 
413 377 
413 359 
413 574 
413 240 
413 128 
413 350 
413 124 
413 476 
413 326 
413 257 
413 480 
413 383 
413 444 
413 292 
413 179 
413 288 
413 589 
413 18 
413 160 
413 218 
413 556 
413 175 
413 538 
413 435 
413 291 
413 250 
413 136 
413 170 
413 564 
414 494 
414 449 
414 125 
414 11 
414 422 
414 492 
414 34 
414 39 
414 569 
414 307 
414 456 
414 43 
414 67 
414 537 
414 256 
414 290 
414 152 
414 185 
414 536 
414 103 
414 296 
414 363 
414 124 
414 268 
414 240 
414 320 
414 69 
414 318 
414 420 
414 61 
414 59 
414 153 
414 529 
414 434 
414 99 
414 155 
414 516 
414 464 
414 194 
414 286 
414 348 
414 399 
414 130 
414 298 
414 167 
414 526 
414 261 
414 446 
414 297 
414 173 
414 513 
414 81 
414 28 
414 429 
414 301 
414 270 
414 178 
414 146 
414 94 
414 108 
414 447 
414 459 
414 84 
414 42 
414 500 
414 77 
414 74 
414 401 
414 232 
414 236 
414 473 
414 489 
414 349 
414 259 
414 514 
414 65 
414 272 
414 355 
414 47 
414 162 
414 89 
414 375 
414 87 
414 337 
414 309 
414 171 
414 439 
414 6 
414 306 
414 515 
414 312 
414 463 
414 393 
414 573 
414 145 
414 342 
414 525 
414 276 
414 440 
414 512 
414 395 
414 225 
414 542 
414 405 
414 140 
414 367 
414 436 
414 407 
414 150 
414 554 
414 158 
414 92 
414 544 
414 559 
414 480 
414 274 
414 574 
414 198 
414 186 
414 324 
414 389 
414 36 
414 308 
414 534 
414 501 
414 300 
414 483 
414 360 
414 511 
414 266 
414 250 
414 563 
414 20 
414 127 
414 368 
414 329 
414 432 
414 374 
414 377 
414 465 
414 557 
414 568 
414 85 
414 157 
414 587 
414 4 
414 558 
414 105 
414 143 
414 163 
414 408 
414 339 
414 590 
414 22 
414 548 
414 523 
414 26 
414 79 
414 23 
414 293 
414 452 
414 160 
414 505 
414 443 
414 385 
414 264 
414 380 
414 147 
414 168 
414 238 
414 1 
414 132 
414 450 
414 552 
414 46 
414 555 
414 470 
414 3 
414 119 
414 106 
414 287 
414 295 
414 5 
414 538 
414 117 
414 161 
414 226 
415 83 
415 74 
415 125 
415 500 
415 87 
415 447 
415 560 
415 105 
415 191 
415 516 
415 317 
415 378 
415 575 
415 280 
415 204 
415 182 
415 167 
415 448 
415 213 
415 551 
415 342 
415 36 
415 126 
415 249 
415 190 
415 124 
415 119 
415 188 
415 570 
415 11 
415 209 
415 166 
415 497 
415 511 
415 320 
415 144 
415 468 
415 233 
415 532 
415 281 
415 351 
415 14 
415 405 
415 494 
415 461 
415 93 
415 330 
415 515 
415 437 
415 7 
415 40 
415 84 
415 346 
415 449 
415 549 
415 199 
415 173 
415 272 
415 440 
415 88 
415 99 
415 236 
415 98 
415 1 
415 287 
415 67 
415 94 
415 369 
415 332 
415 563 
415 343 
415 123 
415 258 
415 562 
415 490 
415 428 
415 591 
415 314 
415 9 
415 324 
415 462 
415 297 
415 354 
415 328 
415 576 
415 276 
415 407 
415 561 
415 212 
415 186 
415 132 
415 482 
415 376 
415 234 
415 112 
415 148 
415 390 
415 520 
415 232 
415 531 
415 65 
415 430 
415 399 
415 91 
415 228 
415 160 
415 365 
415 164 
415 4 
415 530 
415 248 
415 161 
415 71 
415 24 
415 48 
415 572 
415 118 
415 442 
415 75 
415 413 
415 316 
415 554 
415 12 
415 264 
415 403 
415 567 
415 5 
415 189 
415 279 
415 135 
415 523 
415 315 
415 300 
415 192 
415 396 
415 263 
415 79 
415 159 
415 394 
415 37 
415 555 
415 318 
415 205 
415 344 
415 512 
415 411 
415 464 
415 187 
415 285 
415 177 
415 540 
415 503 
415 108 
415 302 
415 168 
415 336 
415 21 
415 422 
415 185 
415 217 
415 82 
415 583 
415 115 
415 508 
415 452 
415 293 
415 169 
415 478 
415 46 
415 360 
415 253 
415 586 
415 38 
415 485 
415 198 
415 147 
415 498 
415 425 
415 72 
415 579 
415 16 
415 364 
416 592 
416 276 
416 251 
416 560 
416 562 
416 22 
416 419 
416 147 
416 299 
416 511 
416 280 
416 579 
416 67 
416 282 
416 502 
416 100 
416 461 
416 108 
416 109 
416 354 
416 233 
416 9 
416 484 
416 46 
416 36 
416 145 
416 101 
416 85 
416 257 
416 148 
416 435 
416 459 
416 380 
416 516 
416 471 
416 528 
416 546 
416 118 
416 265 
416 185 
416 143 
416 392 
416 133 
416 52 
416 241 
416 474 
416 51 
416 87 
416 439 
416 163 
416 490 
416 236 
416 64 
416 366 
416 521 
416 90 
416 399 
416 209 
416 268 
416 349 
416 3 
416 193 
416 83 
416 442 
416 61 
416 473 
416 25 
416 105 
416 342 
416 322 
416 170 
416 339 
416 177 
416 238 
416 450 
416 487 
416 250 
416 508 
416 369 
416 408 
416 388 
416 300 
416 383 
416 533 
416 359 
416 492 
416 568 
416 106 
416 501 
416 69 
416 138 
416 293 
416 542 
416 199 
416 43 
416 266 
416 524 
416 256 
416 507 
416 296 
416 370 
416 126 
416 154 
416 222 
416 427 
416 175 
416 55 
416 121 
416 71 
416 328 
416 381 
416 286 
416 194 
416 525 
416 270 
416 158 
416 548 
416 351 
416 451 
416 302 
416 540 
416 272 
416 2 
416 446 
416 243 
416 284 
416 219 
416 496 
416 405 
416 541 
416 517 
416 509 
416 171 
416 274 
416 303 
416 456 
416 40 
416 494 
416 29 
416 477 
416 309 
416 275 
416 18 
416 164 
416 220 
416 162 
416 252 
416 334 
416 394 
416 491 
416 346 
416 264 
416 397 
416 152 
416 179 
416 418 
416 259 
416 60 
416 19 
416 218 
416 35 
416 372 
417 421 
417 523 
417 335 
417 342 
417 539 
417 532 
417 247 
417 576 
417 234 
417 364 
417 326 
417 14 
417 241 
417 459 
417 356 
417 34 
417 343 
417 92 
417 282 
417 525 
417 166 
417 136 
417 507 
417 515 
417 431 
417 286 
417 31 
417 260 
417 460 
417 402 
417 471 
417 355 
417 533 
417 555 
417 395 
417 295 
417 275 
417 243 
417 157 
417 353 
417 360 
417 535 
417 90 
417 569 
417 7 
417 487 
417 20 
417 268 
417 557 
417 511 
417 250 
417 104 
417 95 
417 520 
417 556 
417 440 
417 107 
417 309 
417 568 
417 504 
417 375 
417 328 
417 398 
417 100 
417 550 
417 380 
417 366 
417 452 
417 266 
417 455 
417 548 
417 153 
417 485 
417 73 
417 235 
417 465 
417 586 
417 463 
417 240 
417 510 
417 428 
417 400 
417 171 
417 518 
417 113 
417 189 
417 270 
417 516 
417 311 
417 178 
417 127 
417 536 
417 554 
417 354 
417 207 
417 458 
417 2 
417 9 
417 373 
417 273 
417 121 
417 565 
417 219 
417 124 
417 109 
417 179 
417 61 
417 389 
417 68 
417 325 
417 419 
417 254 
417 22 
417 411 
417 291 
417 449 
417 521 
417 283 
417 223 
417 226 
417 6 
417 490 
417 187 
417 284 
417 529 
417 474 
417 131 
417 407 
417 427 
417 578 
417 444 
417 348 
417 561 
417 434 
417 94 
417 148 
417 413 
417 406 
417 484 
417 412 
417 352 
417 262 
417 181 
417 306 
417 393 
417 195 
417 363 
417 105 
417 81 
417 168 
417 307 
417 16 
417 151 
417 338 
417 543 
417 509 
417 5 
417 63 
417 281 
417 142 
417 201 
417 316 
417 423 
417 65 
417 545 
417 144 
417 468 
417 10 
417 476 
417 394 
417 83 
417 248 
417 495 
417 349 
417 409 
417 156 
417 91 
417 51 
417 35 
417 72 
417 583 
417 347 
418 420 
418 401 
418 261 
418 135 
418 231 
418 552 
418 379 
418 403 
418 496 
418 478 
418 588 
418 29 
418 487 
418 434 
418 419 
418 171 
418 551 
418 37 
418 491 
418 550 
418 242 
418 287 
418 449 
418 306 
418 432 
418 20 
418 21 
418 484 
418 301 
418 502 
418 249 
418 169 
418 582 
418 260 
418 236 
418 316 
418 470 
418 189 
418 163 
418 450 
418 32 
418 77 
418 195 
418 217 
418 510 
418 587 
418 45 
418 464 
418 431 
418 300 
418 248 
418 406 
418 392 
418 394 
418 399 
418 275 
418 539 
418 70 
418 543 
418 247 
418 360 
418 546 
418 119 
418 56 
418 259 
418 451 
418 74 
418 558 
418 556 
418 489 
418 254 
418 67 
418 47 
418 263 
418 60 
418 227 
418 138 
418 218 
418 345 
418 233 
418 7 
418 15 
418 331 
418 339 
418 533 
418 376 
418 471 
418 445 
418 185 
418 580 
418 456 
418 296 
418 33 
418 118 
418 302 
418 298 
418 568 
418 268 
418 527 
418 427 
418 297 
418 457 
418 71 
418 409 
418 76 
418 161 
418 221 
418 313 
418 164 
418 343 
418 237 
418 561 
418 165 
418 540 
418 515 
418 336 
418 255 
418 140 
418 479 
418 299 
418 205 
418 565 
418 245 
418 115 
418 75 
418 497 
418 571 
418 269 
418 170 
418 369 
418 80 
418 566 
418 131 
418 232 
418 98 
418 264 
418 101 
418 291 
418 547 
418 105 
418 564 
418 485 
418 363 
418 314 
418 85 
418 378 
418 78 
418 285 
418 150 
418 253 
418 562 
418 493 
418 174 
418 374 
418 48 
418 362 
418 36 
418 353 
418 545 
418 589 
418 10 
418 194 
418 92 
418 97 
418 429 
418 59 
418 383 
418 557 
418 426 
418 235 
418 444 
418 68 
418 416 
418 9 
418 454 
418 16 
418 12 
418 472 
418 28 
418 186 
418 390 
419 348 
419 388 
419 488 
419 263 
419 200 
419 134 
419 13 
419 247 
419 39 
419 416 
419 222 
419 248 
419 216 
419 243 
419 492 
419 280 
419 304 
419 418 
419 299 
419 556 
419 554 
419 149 
419 447 
419 383 
419 154 
419 550 
419 311 
419 479 
419 81 
419 435 
419 366 
419 57 
419 126 
419 460 
419 271 
419 107 
419 320 
419 529 
419 259 
419 161 
419 98 
419 46 
419 101 
419 361 
419 338 
419 170 
419 102 
419 370 
419 117 
419 268 
419 352 
419 288 
419 239 
419 256 
419 525 
419 567 
419 335 
419 409 
419 489 
419 323 
419 369 
419 453 
419 398 
419 586 
419 167 
419 75 
419 289 
419 431 
419 540 
419 310 
419 228 
419 41 
419 231 
419 265 
419 221 
419 225 
419 512 
419 145 
419 219 
419 175 
419 426 
419 546 
419 258 
419 309 
419 291 
419 177 
419 76 
419 588 
419 436 
419 105 
419 146 
419 485 
419 578 
419 462 
419 22 
419 275 
419 384 
419 382 
419 518 
419 548 
419 393 
419 124 
419 49 
419 375 
419 201 
419 264 
419 295 
419 298 
419 575 
419 111 
419 11 
419 474 
419 358 
419 424 
419 359 
419 351 
419 503 
419 9 
419 218 
419 379 
419 380 
419 417 
419 580 
419 437 
419 52 
419 285 
419 410 
419 538 
419 440 
419 491 
419 476 
419 114 
419 220 
419 566 
419 290 
419 341 
419 569 
419 274 
419 64 
419 84 
419 562 
419 318 
419 233 
419 469 
419 277 
419 229 
419 454 
419 192 
419 549 
419 425 
419 269 
419 317 
419 63 
419 173 
419 153 
419 445 
419 80 
419 524 
419 513 
419 342 
419 585 
419 547 
419 508 
419 399 
419 534 
419 20 
419 360 
419 464 
419 297 
419 203 
419 152 
419 293 
419 8 
419 442 
419 552 
419 207 
419 273 
419 16 
419 282 
419 427 
419 306 
419 301 
419 210 
420 39 
420 418 
420 291 
420 125 
420 271 
420 6 
420 191 
420 267 
420 280 
420 550 
420 106 
420 513 
420 230 
420 562 
420 239 
420 178 
420 294 
420 328 
420 464 
420 451 
420 25 
420 262 
420 207 
420 315 
420 583 
420 83 
420 245 
420 134 
420 208 
420 127 
420 154 
420 28 
420 368 
420 414 
420 192 
420 144 
420 257 
420 179 
420 463 
420 23 
420 157 
420 483 
420 441 
420 241 
420 323 
420 531 
420 544 
420 486 
420 84 
420 427 
420 380 
420 590 
420 481 
420 98 
420 424 
420 196 
420 12 
420 364 
420 367 
420 407 
420 185 
420 205 
420 369 
420 349 
420 140 
420 1 
420 537 
420 274 
420 110 
420 235 
420 111 
420 290 
420 425 
420 361 
420 49 
420 469 
420 52 
420 258 
420 452 
420 545 
420 408 
420 409 
420 189 
420 295 
420 458 
420 95 
420 490 
420 80 
420 398 
420 564 
420 40 
420 224 
420 530 
420 548 
420 346 
420 433 
420 313 
420 57 
420 515 
420 234 
420 547 
420 53 
420 195 
420 332 
420 494 
420 42 
420 393 
420 159 
420 401 
420 394 
420 231 
420 79 
420 38 
420 336 
420 238 
420 50 
420 75 
420 16 
420 402 
420 268 
420 571 
420 7 
420 279 
420 35 
420 188 
420 338 
420 505 
420 570 
420 543 
420 263 
420 147 
420 90 
420 440 
420 351 
420 342 
420 137 
420 277 
420 358 
420 541 
420 470 
420 215 
420 115 
420 426 
420 155 
420 370 
420 375 
420 202 
420 275 
420 557 
420 309 
420 362 
420 400 
420 284 
420 158 
420 299 
420 378 
420 379 
420 260 
420 37 
420 532 
420 45 
420 17 
420 459 
420 471 
420 405 
420 511 
420 461 
420 504 
420 567 
421 529 
421 417 
421 424 
421 55 
421 300 
421 104 
421 259 
421 112 
421 299 
421 239 
421 451 
421 291 
421 499 
421 197 
421 543 
421 504 
421 269 
421 99 
421 230 
421 141 
421 305 
421 222 
421 361 
421 133 
421 110 
421 539 
421 53 
421 433 
421 590 
421 426 
421 45 
421 69 
421 26 
421 459 
421 238 
421 317 
421 288 
421 77 
421 85 
421 556 
421 536 
421 491 
421 335 
421 137 
421 264 
421 256 
421 366 
421 368 
421 24 
421 140 
421 161 
421 365 
421 345 
421 325 
421 323 
421 493 
421 223 
421 293 
421 277 
421 559 
421 56 
421 561 
421 113 
421 144 
421 354 
421 198 
421 515 
421 379 
421 502 
421 431 
421 374 
421 528 
421 303 
421 524 
421 398 
421 486 
421 240 
421 538 
421 490 
421 586 
421 547 
421 111 
421 334 
421 553 
421 285 
421 125 
421 441 
421 93 
421 405 
421 452 
421 34 
421 193 
421 551 
421 363 
421 19 
421 475 
421 445 
421 476 
421 438 
421 448 
421 96 
421 218 
421 575 
421 29 
421 150 
421 143 
421 217 
421 153 
421 523 
421 391 
421 569 
421 213 
421 248 
421 80 
421 516 
421 435 
421 204 
421 568 
421 407 
421 444 
421 443 
421 250 
421 212 
421 203 
421 477 
421 206 
421 508 
421 245 
421 255 
421 48 
421 560 
421 62 
421 139 
421 395 
421 397 
421 43 
421 396 
421 159 
421 581 
421 38 
421 182 
421 275 
421 7 
421 343 
421 534 
421 482 
421 584 
421 483 
421 233 
421 148 
421 423 
421 201 
421 199 
421 147 
421 162 
421 185 
421 387 
421 353 
421 72 
421 189 
421 525 
421 513 
421 82 
421 8 
421 324 
421 241 
421 339 
421 557 
421 166 
421 3 
421 200 
421 501 
422 467 
422 345 
422 76 
422 106 
422 306 
422 169 
422 322 
422 589 
422 432 
422 328 
422 414 
422 237 
422 498 
422 45 
422 426 
422 311 
422 409 
422 131 
422 53 
422 506 
422 3 
422 241 
422 281 
422 323 
422 20 
422 154 
422 591 
422 27 
422 162 
422 356 
422 34 
422 513 
422 142 
422 98 
422 364 
422 298 
422 476 
422 156 
422 485 
422 430 
422 157 
422 146 
422 433 
422 176 
422 320 
422 434 
422 289 
422 286 
422 188 
422 180 
422 266 
422 544 
422 585 
422 542 
422 112 
422 510 
422 183 
422 172 
422 224 
422 567 
422 187 
422 577 
422 73 
422 386 
422 247 
422 149 
422 436 
422 431 
422 354 
422 401 
422 343 
422 546 
422 536 
422 335 
422 80 
422 479 
422 253 
422 255 
422 71 
422 25 
422 101 
422 158 
422 402 
422 236 
422 51 
422 49 
422 475 
422 108 
422 297 
422 395 
422 216 
422 406 
422 462 
422 235 
422 394 
422 33 
422 151 
422 190 
422 14 
422 347 
422 451 
422 136 
422 294 
422 511 
422 145 
422 454 
422 411 
422 393 
422 377 
422 153 
422 488 
422 103 
422 43 
422 291 
422 284 
422 367 
422 588 
422 339 
422 442 
422 489 
422 560 
422 290 
422 280 
422 359 
422 466 
422 200 
422 204 
422 529 
422 340 
422 312 
422 31 
422 191 
422 568 
422 446 
422 252 
422 181 
422 562 
422 441 
422 193 
422 292 
422 521 
422 203 
422 238 
422 144 
422 582 
422 456 
422 366 
422 559 
422 484 
422 296 
422 331 
422 282 
422 385 
422 233 
422 587 
422 160 
422 527 
422 453 
422 85 
422 415 
422 523 
422 240 
422 26 
422 60 
422 41 
422 460 
422 232 
422 314 
422 102 
422 308 
422 59 
422 590 
422 178 
422 557 
422 38 
422 500 
422 383 
422 177 
422 370 
422 208 
422 19 
423 166 
423 491 
423 79 
423 304 
423 454 
423 326 
423 293 
423 112 
423 144 
423 193 
423 198 
423 325 
423 257 
423 337 
423 482 
423 468 
423 250 
423 371 
423 9 
423 236 
423 455 
423 427 
423 70 
423 39 
423 249 
423 461 
423 520 
423 526 
423 572 
423 183 
423 223 
423 65 
423 409 
423 299 
423 457 
423 373 
423 81 
423 155 
423 116 
423 332 
423 413 
423 431 
423 347 
423 335 
423 534 
423 129 
423 12 
423 511 
423 463 
423 88 
423 466 
423 172 
423 36 
423 13 
423 83 
423 470 
423 163 
423 539 
423 537 
423 289 
423 156 
423 320 
423 233 
423 349 
423 512 
423 566 
423 484 
423 435 
423 545 
423 591 
423 104 
423 375 
423 43 
423 464 
423 496 
423 577 
423 353 
423 407 
423 234 
423 483 
423 519 
423 365 
423 256 
423 553 
423 206 
423 429 
423 547 
423 447 
423 118 
423 280 
423 53 
423 139 
423 579 
423 241 
423 265 
423 227 
423 268 
423 239 
423 286 
423 355 
423 89 
423 313 
423 362 
423 252 
423 559 
423 476 
423 522 
423 126 
423 197 
423 213 
423 26 
423 514 
423 308 
423 551 
423 101 
423 314 
423 530 
423 356 
423 33 
423 412 
423 297 
423 540 
423 383 
423 329 
423 90 
423 456 
423 381 
423 22 
423 187 
423 312 
423 69 
423 555 
423 354 
423 536 
423 489 
423 73 
423 303 
423 208 
423 230 
423 405 
423 367 
423 142 
423 368 
423 561 
423 340 
423 244 
423 141 
423 408 
423 397 
423 180 
423 411 
423 96 
423 54 
423 488 
423 167 
423 502 
423 120 
423 478 
423 62 
423 560 
423 473 
423 115 
423 38 
423 29 
423 146 
423 275 
423 421 
423 307 
423 417 
423 516 
423 243 
423 573 
423 372 
423 109 
423 214 
423 460 
423 525 
423 253 
423 562 
423 186 
423 60 
423 509 
423 179 
423 50 
423 467 
423 446 
424 421 
424 201 
424 83 
424 574 
424 548 
424 105 
424 583 
424 54 
424 164 
424 153 
424 337 
424 350 
424 412 
424 156 
424 210 
424 72 
424 203 
424 159 
424 389 
424 85 
424 50 
424 42 
424 321 
424 128 
424 297 
424 242 
424 471 
424 71 
424 275 
424 264 
424 531 
424 568 
424 139 
424 231 
424 370 
424 178 
424 192 
424 298 
424 459 
424 433 
424 111 
424 46 
424 532 
424 307 
424 112 
424 554 
424 537 
424 443 
424 255 
424 249 
424 386 
424 563 
424 382 
424 579 
424 126 
424 342 
424 420 
424 229 
424 25 
424 251 
424 503 
424 95 
424 100 
424 304 
424 584 
424 282 
424 489 
424 439 
424 296 
424 524 
424 346 
424 299 
424 140 
424 63 
424 445 
424 74 
424 545 
424 262 
424 268 
424 225 
424 218 
424 84 
424 498 
424 31 
424 326 
424 571 
424 506 
424 324 
424 405 
424 517 
424 580 
424 213 
424 289 
424 375 
424 419 
424 352 
424 431 
424 252 
424 214 
424 102 
424 248 
424 530 
424 194 
424 404 
424 384 
424 314 
424 468 
424 285 
424 497 
424 340 
424 269 
424 120 
424 555 
424 319 
424 408 
424 323 
424 331 
424 227 
424 534 
424 176 
424 60 
424 16 
424 355 
424 586 
424 169 
424 313 
424 183 
424 58 
424 163 
424 170 
424 546 
424 378 
424 553 
424 235 
424 501 
424 300 
424 168 
424 480 
424 578 
424 154 
424 488 
424 190 
424 325 
424 136 
424 464 
424 411 
424 182 
424 447 
424 119 
424 125 
424 550 
424 507 
424 97 
424 28 
424 542 
424 576 
424 570 
424 490 
424 13 
424 582 
424 515 
424 258 
424 138 
424 245 
424 238 
424 512 
424 315 
424 332 
424 499 
424 344 
424 265 
424 7 
424 368 
424 457 
424 467 
424 356 
424 141 
425 468 
425 444 
425 167 
425 271 
425 177 
425 296 
425 459 
425 451 
425 285 
425 488 
425 465 
425 505 
425 208 
425 218 
425 479 
425 360 
425 356 
425 345 
425 197 
425 114 
425 385 
425 87 
425 439 
425 376 
425 49 
425 157 
425 437 
425 406 
425 590 
425 195 
425 277 
425 165 
425 509 
425 382 
425 497 
425 427 
425 137 
425 314 
425 162 
425 90 
425 110 
425 469 
425 273 
425 247 
425 362 
425 449 
425 66 
425 323 
425 522 
425 484 
425 582 
425 351 
425 234 
425 223 
425 119 
425 27 
425 131 
425 548 
425 147 
425 117 
425 512 
425 199 
425 464 
425 144 
425 77 
425 73 
425 72 
425 269 
425 298 
425 573 
425 536 
425 3 
425 404 
425 420 
425 438 
425 572 
425 20 
425 24 
425 547 
425 138 
425 396 
425 99 
425 540 
425 226 
425 18 
425 205 
425 307 
425 164 
425 256 
425 231 
425 56 
425 86 
425 521 
425 364 
425 381 
425 526 
425 193 
425 477 
425 585 
425 447 
425 346 
425 441 
425 392 
425 149 
425 283 
425 37 
425 496 
425 492 
425 384 
425 461 
425 154 
425 53 
425 228 
425 225 
425 106 
425 457 
425 331 
425 432 
425 401 
425 303 
425 80 
425 45 
425 275 
425 239 
425 419 
425 187 
425 156 
425 159 
425 189 
425 378 
425 236 
425 538 
425 400 
425 520 
425 92 
425 150 
425 574 
425 361 
425 566 
425 308 
425 535 
425 171 
425 287 
425 51 
425 84 
425 25 
425 292 
425 525 
425 560 
425 270 
425 46 
425 508 
425 524 
425 43 
425 136 
425 515 
425 17 
425 489 
425 96 
425 458 
425 415 
425 130 
426 343 
426 151 
426 447 
426 167 
426 210 
426 130 
426 359 
426 102 
426 422 
426 548 
426 539 
426 77 
426 71 
426 355 
426 362 
426 131 
426 340 
426 83 
426 467 
426 554 
426 440 
426 555 
426 261 
426 281 
426 144 
426 552 
426 579 
426 84 
426 496 
426 288 
426 358 
426 44 
426 592 
426 421 
426 461 
426 16 
426 311 
426 526 
426 350 
426 480 
426 586 
426 567 
426 430 
426 155 
426 93 
426 60 
426 588 
426 441 
426 560 
426 470 
426 248 
426 30 
426 330 
426 125 
426 127 
426 372 
426 289 
426 153 
426 487 
426 529 
426 109 
426 383 
426 419 
426 582 
426 590 
426 270 
426 465 
426 451 
426 7 
426 262 
426 527 
426 164 
426 221 
426 442 
426 257 
426 32 
426 450 
426 243 
426 403 
426 546 
426 427 
426 28 
426 68 
426 459 
426 571 
426 170 
426 322 
426 264 
426 263 
426 276 
426 192 
426 510 
426 331 
426 87 
426 283 
426 411 
426 284 
426 69 
426 587 
426 462 
426 315 
426 287 
426 346 
426 409 
426 177 
426 277 
426 299 
426 439 
426 185 
426 556 
426 479 
426 123 
426 156 
426 211 
426 207 
426 351 
426 452 
426 294 
426 80 
426 392 
426 309 
426 33 
426 319 
426 345 
426 469 
426 200 
426 572 
426 333 
426 53 
426 581 
426 291 
426 519 
426 189 
426 494 
426 337 
426 108 
426 317 
426 9 
426 407 
426 584 
426 204 
426 484 
426 517 
426 45 
426 339 
426 420 
426 521 
426 538 
426 540 
426 493 
426 454 
426 446 
426 179 
426 499 
426 128 
426 387 
426 536 
426 318 
426 380 
426 418 
426 34 
426 232 
426 472 
426 1 
426 64 
426 429 
426 95 
426 22 
426 55 
427 552 
427 0 
427 363 
427 236 
427 193 
427 260 
427 480 
427 575 
427 314 
427 177 
427 274 
427 67 
427 482 
427 434 
427 467 
427 474 
427 461 
427 372 
427 144 
427 152 
427 383 
427 423 
427 214 
427 410 
427 55 
427 484 
427 175 
427 125 
427 425 
427 117 
427 404 
427 195 
427 393 
427 256 
427 271 
427 455 
427 129 
427 223 
427 439 
427 308 
427 279 
427 420 
427 517 
427 180 
427 16 
427 396 
427 398 
427 488 
427 565 
427 494 
427 395 
427 93 
427 12 
427 572 
427 502 
427 285 
427 411 
427 550 
427 342 
427 538 
427 580 
427 48 
427 453 
427 158 
427 529 
427 385 
427 431 
427 359 
427 426 
427 437 
427 392 
427 489 
427 559 
427 362 
427 523 
427 365 
427 435 
427 47 
427 570 
427 457 
427 6 
427 486 
427 481 
427 252 
427 351 
427 110 
427 92 
427 226 
427 29 
427 217 
427 133 
427 205 
427 530 
427 542 
427 4 
427 418 
427 25 
427 473 
427 191 
427 574 
427 179 
427 312 
427 197 
427 556 
427 409 
427 416 
427 353 
427 328 
427 24 
427 553 
427 309 
427 417 
427 68 
427 557 
427 470 
427 203 
427 276 
427 221 
427 116 
427 105 
427 388 
427 358 
427 369 
427 582 
427 198 
427 549 
427 188 
427 138 
427 66 
427 76 
427 257 
427 211 
427 296 
427 354 
427 430 
427 53 
427 508 
427 405 
427 272 
427 149 
427 162 
427 355 
427 137 
427 326 
427 495 
427 21 
427 321 
427 242 
427 302 
427 247 
427 194 
427 184 
427 318 
427 56 
427 208 
427 541 
427 334 
427 366 
427 170 
427 119 
427 419 
427 14 
427 267 
427 181 
428 30 
428 55 
428 516 
428 106 
428 275 
428 200 
428 381 
428 75 
428 17 
428 207 
428 122 
428 217 
428 310 
428 60 
428 382 
428 171 
428 0 
428 18 
428 377 
428 438 
428 176 
428 326 
428 47 
428 578 
428 285 
428 162 
428 372 
428 388 
428 256 
428 583 
428 463 
428 496 
428 357 
428 543 
428 199 
428 365 
428 582 
428 352 
428 346 
428 451 
428 153 
428 93 
428 378 
428 546 
428 286 
428 345 
428 244 
428 278 
428 379 
428 21 
428 231 
428 585 
428 283 
428 510 
428 53 
428 71 
428 526 
428 118 
428 187 
428 350 
428 69 
428 441 
428 210 
428 190 
428 458 
428 313 
428 290 
428 11 
428 5 
428 337 
428 80 
428 263 
428 273 
428 41 
428 417 
428 456 
428 455 
428 237 
428 170 
428 323 
428 497 
428 95 
428 70 
428 144 
428 446 
428 415 
428 163 
428 66 
428 67 
428 564 
428 109 
428 34 
428 437 
428 177 
428 479 
428 383 
428 166 
428 103 
428 44 
428 107 
428 268 
428 469 
428 413 
428 130 
428 507 
428 232 
428 158 
428 227 
428 512 
428 453 
428 502 
428 590 
428 120 
428 236 
428 591 
428 532 
428 364 
428 500 
428 94 
428 179 
428 224 
428 386 
428 549 
428 411 
428 186 
428 248 
428 461 
428 292 
428 396 
428 329 
428 328 
428 10 
428 384 
428 134 
428 468 
428 54 
428 321 
428 300 
428 192 
428 89 
428 339 
428 26 
428 35 
428 348 
428 38 
428 277 
428 61 
428 150 
428 542 
428 140 
428 409 
428 117 
428 462 
428 322 
428 530 
428 14 
428 529 
428 466 
428 306 
428 361 
428 250 
428 239 
428 165 
428 368 
428 2 
428 77 
428 318 
428 521 
429 73 
429 361 
429 191 
429 223 
429 502 
429 203 
429 343 
429 176 
429 6 
429 396 
429 497 
429 300 
429 125 
429 500 
429 222 
429 88 
429 353 
429 551 
429 450 
429 258 
429 544 
429 324 
429 213 
429 132 
429 503 
429 220 
429 539 
429 334 
429 201 
429 567 
429 382 
429 69 
429 578 
429 480 
429 268 
429 345 
429 538 
429 358 
429 404 
429 233 
429 96 
429 463 
429 228 
429 89 
429 521 
429 33 
429 454 
429 286 
429 212 
429 78 
429 499 
429 517 
429 282 
429 449 
429 525 
429 248 
429 436 
429 414 
429 204 
429 363 
429 411 
429 301 
429 441 
429 374 
429 74 
429 112 
429 402 
429 328 
429 40 
429 20 
429 523 
429 35 
429 249 
429 487 
429 227 
429 188 
429 218 
429 302 
429 206 
429 260 
429 452 
429 285 
429 297 
429 475 
429 90 
429 184 
429 471 
429 515 
429 198 
429 186 
429 296 
429 217 
429 335 
429 30 
429 423 
429 310 
429 512 
429 284 
429 407 
429 365 
429 193 
429 303 
429 230 
429 370 
429 105 
429 559 
429 31 
429 162 
429 136 
429 45 
429 582 
429 62 
429 95 
429 158 
429 524 
429 234 
429 558 
429 479 
429 271 
429 44 
429 483 
429 107 
429 580 
429 48 
429 215 
429 350 
429 364 
429 550 
429 307 
429 587 
429 27 
429 309 
429 75 
429 552 
429 493 
429 142 
429 202 
429 283 
429 354 
429 114 
429 556 
429 94 
429 389 
429 431 
429 391 
429 211 
429 464 
429 506 
429 469 
429 175 
429 79 
429 32 
429 190 
429 255 
429 574 
429 438 
429 256 
429 246 
429 547 
429 321 
429 477 
429 531 
429 418 
429 140 
429 380 
429 426 
429 0 
430 68 
430 361 
430 300 
430 261 
430 9 
430 355 
430 552 
430 395 
430 350 
430 182 
430 2 
430 564 
430 507 
430 62 
430 12 
430 286 
430 454 
430 206 
430 349 
430 322 
430 42 
430 573 
430 386 
430 118 
430 157 
430 205 
430 83 
430 517 
430 367 
430 28 
430 422 
430 43 
430 533 
430 443 
430 521 
430 86 
430 163 
430 143 
430 343 
430 243 
430 245 
430 297 
430 467 
430 55 
430 178 
430 209 
430 97 
430 426 
430 123 
430 192 
430 54 
430 396 
430 188 
430 114 
430 332 
430 153 
430 129 
430 238 
430 482 
430 441 
430 473 
430 33 
430 391 
430 194 
430 187 
430 169 
430 18 
430 211 
430 366 
430 223 
430 138 
430 459 
430 156 
430 304 
430 306 
430 265 
430 293 
430 511 
430 377 
430 274 
430 411 
430 591 
430 509 
430 338 
430 323 
430 383 
430 281 
430 27 
430 214 
430 582 
430 270 
430 79 
430 503 
430 139 
430 415 
430 302 
430 504 
430 363 
430 530 
430 99 
430 132 
430 221 
430 410 
430 31 
430 312 
430 551 
430 82 
430 21 
430 185 
430 216 
430 557 
430 539 
430 145 
430 328 
430 279 
430 326 
430 1 
430 313 
430 327 
430 576 
430 30 
430 471 
430 252 
430 587 
430 52 
430 452 
430 354 
430 213 
430 515 
430 372 
430 277 
430 558 
430 445 
430 162 
430 255 
430 465 
430 126 
430 519 
430 427 
430 455 
430 468 
430 520 
430 543 
430 131 
430 25 
430 331 
430 159 
430 29 
430 472 
430 38 
430 341 
430 100 
430 264 
430 540 
430 65 
430 464 
430 535 
430 408 
430 347 
430 203 
430 115 
430 435 
430 121 
430 398 
430 45 
430 87 
430 561 
430 234 
430 171 
431 151 
431 503 
431 300 
431 146 
431 227 
431 492 
431 157 
431 211 
431 201 
431 245 
431 159 
431 163 
431 321 
431 565 
431 286 
431 309 
431 14 
431 530 
431 149 
431 113 
431 83 
431 150 
431 228 
431 353 
431 160 
431 440 
431 10 
431 367 
431 269 
431 365 
431 417 
431 244 
431 289 
431 261 
431 50 
431 178 
431 17 
431 77 
431 184 
431 463 
431 4 
431 75 
431 450 
431 344 
431 156 
431 312 
431 512 
431 319 
431 462 
431 95 
431 98 
431 423 
431 472 
431 332 
431 247 
431 496 
431 186 
431 478 
431 18 
431 257 
431 25 
431 299 
431 435 
431 99 
431 371 
431 506 
431 418 
431 374 
431 115 
431 527 
431 388 
431 419 
431 214 
431 225 
431 495 
431 164 
431 422 
431 220 
431 575 
431 535 
431 143 
431 231 
431 348 
431 468 
431 246 
431 67 
431 1 
431 437 
431 421 
431 224 
431 44 
431 180 
431 57 
431 412 
431 84 
431 542 
431 283 
431 310 
431 591 
431 427 
431 442 
431 385 
431 350 
431 290 
431 105 
431 274 
431 576 
431 266 
431 590 
431 72 
431 49 
431 563 
431 381 
431 382 
431 301 
431 424 
431 233 
431 81 
431 531 
431 449 
431 500 
431 402 
431 117 
431 355 
431 126 
431 486 
431 469 
431 334 
431 237 
431 396 
431 74 
431 522 
431 473 
431 479 
431 448 
431 376 
431 572 
431 497 
431 370 
431 443 
431 46 
431 499 
431 92 
431 213 
431 31 
431 583 
431 128 
431 515 
431 101 
431 526 
431 305 
431 187 
431 547 
431 303 
431 459 
431 410 
431 327 
431 429 
431 546 
431 43 
431 96 
431 239 
431 582 
431 510 
431 66 
431 32 
431 170 
431 38 
431 346 
431 29 
431 307 
431 324 
431 483 
431 42 
431 85 
431 567 
431 76 
431 116 
432 239 
432 483 
432 452 
432 380 
432 276 
432 389 
432 61 
432 422 
432 569 
432 367 
432 555 
432 268 
432 258 
432 2 
432 454 
432 536 
432 267 
432 290 
432 203 
432 587 
432 560 
432 191 
432 459 
432 368 
432 338 
432 438 
432 82 
432 418 
432 264 
432 534 
432 434 
432 206 
432 210 
432 18 
432 23 
432 405 
432 492 
432 591 
432 568 
432 433 
432 273 
432 550 
432 101 
432 115 
432 202 
432 167 
432 231 
432 398 
432 124 
432 225 
432 551 
432 88 
432 482 
432 358 
432 322 
432 80 
432 297 
432 200 
432 26 
432 112 
432 138 
432 262 
432 376 
432 175 
432 379 
432 271 
432 282 
432 479 
432 92 
432 134 
432 525 
432 447 
432 5 
432 409 
432 465 
432 468 
432 126 
432 257 
432 519 
432 234 
432 251 
432 553 
432 157 
432 38 
432 27 
432 188 
432 467 
432 507 
432 524 
432 393 
432 163 
432 75 
432 20 
432 354 
432 113 
432 263 
432 284 
432 404 
432 85 
432 441 
432 253 
432 339 
432 118 
432 387 
432 129 
432 400 
432 55 
432 582 
432 580 
432 588 
432 346 
432 48 
432 299 
432 142 
432 79 
432 255 
432 238 
432 44 
432 106 
432 328 
432 133 
432 309 
432 87 
432 104 
432 84 
432 378 
432 66 
432 229 
432 274 
432 403 
432 425 
432 108 
432 232 
432 256 
432 565 
432 390 
432 414 
432 491 
432 369 
432 385 
432 127 
432 170 
432 505 
432 117 
432 552 
432 344 
432 217 
432 193 
432 535 
432 312 
432 493 
432 498 
432 247 
432 527 
432 153 
432 171 
432 132 
432 216 
432 506 
432 244 
432 349 
432 585 
432 156 
432 155 
432 466 
432 437 
432 45 
432 148 
432 76 
432 116 
432 342 
432 283 
432 487 
432 149 
432 103 
432 3 
432 537 
432 166 
432 508 
432 211 
432 58 
432 391 
432 472 
432 371 
432 219 
432 159 
432 576 
432 96 
433 456 
433 78 
433 80 
433 270 
433 32 
433 235 
433 247 
433 490 
433 217 
433 515 
433 372 
433 263 
433 399 
433 125 
433 303 
433 234 
433 313 
433 142 
433 338 
433 369 
433 196 
433 537 
433 233 
433 486 
433 463 
433 413 
433 540 
433 43 
433 357 
433 195 
433 579 
433 494 
433 120 
433 164 
433 590 
433 3 
433 432 
433 332 
433 184 
433 535 
433 100 
433 295 
433 422 
433 216 
433 421 
433 534 
433 424 
433 492 
433 63 
433 473 
433 501 
433 203 
433 192 
433 488 
433 398 
433 300 
433 578 
433 96 
433 243 
433 127 
433 455 
433 322 
433 525 
433 46 
433 72 
433 75 
433 6 
433 185 
433 152 
433 30 
433 47 
433 212 
433 564 
433 536 
433 482 
433 325 
433 200 
433 408 
433 282 
433 511 
433 285 
433 87 
433 179 
433 48 
433 94 
433 442 
433 503 
433 93 
433 129 
433 191 
433 188 
433 15 
433 110 
433 337 
433 118 
433 589 
433 68 
433 328 
433 556 
433 128 
433 401 
433 544 
433 420 
433 405 
433 493 
433 292 
433 312 
433 169 
433 73 
433 22 
433 145 
433 311 
433 206 
433 588 
433 56 
433 552 
433 230 
433 245 
433 360 
433 451 
433 17 
433 458 
433 509 
433 156 
433 549 
433 277 
433 1 
433 162 
433 523 
433 506 
433 469 
433 365 
433 375 
433 453 
433 105 
433 378 
433 438 
433 157 
433 476 
433 342 
433 586 
433 298 
433 406 
433 561 
433 137 
433 498 
433 583 
433 554 
433 228 
433 12 
433 347 
433 44 
433 568 
433 521 
433 198 
433 166 
433 275 
433 112 
433 71 
433 90 
433 158 
433 407 
433 356 
433 307 
433 138 
433 516 
433 437 
433 40 
433 26 
433 289 
433 366 
433 348 
433 265 
433 388 
433 434 
433 66 
433 97 
433 550 
434 163 
434 76 
434 384 
434 507 
434 178 
434 408 
434 452 
434 475 
434 133 
434 156 
434 488 
434 168 
434 308 
434 245 
434 30 
434 256 
434 485 
434 21 
434 68 
434 130 
434 94 
434 418 
434 261 
434 314 
434 232 
434 341 
434 176 
434 427 
434 440 
434 112 
434 555 
434 356 
434 269 
434 274 
434 382 
434 522 
434 313 
434 106 
434 432 
434 553 
434 237 
434 387 
434 570 
434 400 
434 315 
434 422 
434 136 
434 15 
434 582 
434 31 
434 414 
434 42 
434 393 
434 459 
434 568 
434 111 
434 290 
434 412 
434 407 
434 85 
434 236 
434 455 
434 404 
434 251 
434 573 
434 328 
434 478 
434 190 
434 303 
434 167 
434 449 
434 352 
434 441 
434 137 
434 566 
434 497 
434 585 
434 326 
434 276 
434 155 
434 363 
434 509 
434 180 
434 275 
434 516 
434 530 
434 211 
434 515 
434 301 
434 212 
434 499 
434 581 
434 554 
434 59 
434 152 
434 193 
434 340 
434 353 
434 559 
434 4 
434 305 
434 81 
434 541 
434 300 
434 493 
434 223 
434 138 
434 295 
434 453 
434 523 
434 409 
434 297 
434 320 
434 18 
434 28 
434 329 
434 55 
434 255 
434 270 
434 481 
434 58 
434 96 
434 406 
434 354 
434 40 
434 194 
434 535 
434 552 
434 343 
434 536 
434 157 
434 8 
434 480 
434 417 
434 243 
434 532 
434 39 
434 124 
434 1 
434 518 
434 358 
434 65 
434 101 
434 91 
434 146 
434 477 
434 288 
434 334 
434 405 
434 476 
434 498 
434 188 
434 228 
434 542 
434 342 
434 512 
434 403 
434 517 
434 317 
434 508 
434 491 
434 159 
434 233 
434 202 
434 80 
434 148 
434 165 
434 284 
434 578 
434 397 
434 560 
434 473 
434 278 
434 474 
434 591 
434 122 
434 67 
434 398 
434 213 
434 438 
434 291 
434 410 
434 92 
434 282 
434 324 
434 433 
434 289 
435 220 
435 21 
435 475 
435 473 
435 335 
435 70 
435 447 
435 288 
435 256 
435 550 
435 48 
435 350 
435 588 
435 572 
435 577 
435 247 
435 178 
435 73 
435 177 
435 233 
435 96 
435 26 
435 396 
435 411 
435 471 
435 167 
435 329 
435 345 
435 551 
435 484 
435 208 
435 11 
435 265 
435 419 
435 209 
435 505 
435 150 
435 510 
435 13 
435 23 
435 464 
435 416 
435 488 
435 172 
435 210 
435 283 
435 229 
435 267 
435 384 
435 522 
435 119 
435 162 
435 549 
435 513 
435 367 
435 334 
435 431 
435 83 
435 260 
435 144 
435 585 
435 530 
435 194 
435 7 
435 438 
435 65 
435 29 
435 485 
435 20 
435 243 
435 423 
435 201 
435 454 
435 6 
435 262 
435 116 
435 282 
435 151 
435 161 
435 140 
435 507 
435 254 
435 257 
435 548 
435 546 
435 149 
435 559 
435 448 
435 4 
435 202 
435 28 
435 477 
435 49 
435 278 
435 333 
435 463 
435 401 
435 538 
435 382 
435 51 
435 173 
435 427 
435 32 
435 338 
435 185 
435 409 
435 358 
435 344 
435 218 
435 474 
435 230 
435 514 
435 182 
435 575 
435 512 
435 34 
435 216 
435 504 
435 385 
435 35 
435 91 
435 5 
435 277 
435 349 
435 362 
435 294 
435 539 
435 69 
435 321 
435 330 
435 343 
435 421 
435 268 
435 89 
435 118 
435 557 
435 410 
435 552 
435 407 
435 3 
435 252 
435 369 
435 403 
435 324 
435 340 
435 508 
435 381 
435 399 
435 236 
435 533 
435 455 
435 242 
435 383 
435 526 
435 412 
435 483 
435 170 
435 540 
435 10 
435 558 
435 465 
435 469 
435 44 
435 297 
435 246 
435 30 
435 33 
435 379 
435 2 
435 567 
435 280 
435 501 
435 258 
435 41 
435 60 
435 351 
435 82 
435 430 
435 529 
435 223 
435 306 
435 133 
435 560 
435 413 
435 525 
435 42 
435 580 
435 299 
436 193 
436 396 
436 442 
436 120 
436 497 
436 512 
436 562 
436 235 
436 560 
436 501 
436 465 
436 20 
436 199 
436 510 
436 88 
436 296 
436 438 
436 445 
436 495 
436 189 
436 214 
436 129 
436 292 
436 542 
436 591 
436 358 
436 84 
436 582 
436 393 
436 576 
436 65 
436 136 
436 26 
436 311 
436 359 
436 61 
436 150 
436 312 
436 335 
436 538 
436 337 
436 162 
436 156 
436 503 
436 5 
436 6 
436 579 
436 462 
436 484 
436 316 
436 459 
436 234 
436 276 
436 584 
436 50 
436 39 
436 271 
436 158 
436 429 
436 40 
436 422 
436 267 
436 544 
436 45 
436 294 
436 389 
436 228 
436 449 
436 486 
436 369 
436 37 
436 118 
436 242 
436 182 
436 52 
436 195 
436 419 
436 226 
436 255 
436 19 
436 81 
436 352 
436 308 
436 471 
436 106 
436 15 
436 24 
436 336 
436 394 
436 204 
436 211 
436 266 
436 414 
436 366 
436 289 
436 12 
436 139 
436 323 
436 216 
436 33 
436 184 
436 63 
436 455 
436 453 
436 491 
436 466 
436 520 
436 127 
436 58 
436 187 
436 483 
436 253 
436 399 
436 263 
436 96 
436 310 
436 383 
436 25 
436 375 
436 191 
436 82 
436 202 
436 165 
436 35 
436 273 
436 379 
436 137 
436 408 
436 60 
436 14 
436 201 
436 531 
436 171 
436 143 
436 536 
436 141 
436 314 
436 254 
436 145 
436 395 
436 409 
436 342 
436 92 
436 467 
436 354 
436 237 
436 268 
436 446 
436 232 
436 41 
436 277 
436 159 
436 107 
436 362 
436 529 
436 410 
436 109 
436 514 
436 546 
436 260 
436 164 
436 218 
437 54 
437 304 
437 69 
437 338 
437 320 
437 201 
437 80 
437 203 
437 112 
437 404 
437 310 
437 579 
437 193 
437 257 
437 363 
437 482 
437 571 
437 562 
437 489 
437 99 
437 364 
437 285 
437 412 
437 425 
437 81 
437 255 
437 395 
437 522 
437 496 
437 194 
437 267 
437 94 
437 95 
437 379 
437 400 
437 126 
437 512 
437 467 
437 241 
437 122 
437 133 
437 346 
437 569 
437 345 
437 0 
437 212 
437 587 
437 40 
437 411 
437 97 
437 415 
437 494 
437 279 
437 92 
437 211 
437 180 
437 4 
437 50 
437 57 
437 312 
437 118 
437 461 
437 431 
437 368 
437 86 
437 151 
437 330 
437 254 
437 314 
437 181 
437 451 
437 134 
437 427 
437 72 
437 581 
437 11 
437 323 
437 192 
437 205 
437 106 
437 428 
437 144 
437 83 
437 372 
437 306 
437 179 
437 476 
437 119 
437 481 
437 269 
437 530 
437 335 
437 355 
437 146 
437 557 
437 419 
437 552 
437 503 
437 7 
437 444 
437 536 
437 316 
437 548 
437 553 
437 18 
437 140 
437 465 
437 531 
437 534 
437 326 
437 443 
437 150 
437 127 
437 235 
437 520 
437 204 
437 283 
437 407 
437 333 
437 25 
437 532 
437 32 
437 391 
437 568 
437 162 
437 574 
437 576 
437 527 
437 265 
437 350 
437 78 
437 223 
437 544 
437 229 
437 507 
437 104 
437 149 
437 341 
437 237 
437 432 
437 567 
437 384 
437 249 
437 169 
437 331 
437 23 
437 513 
437 339 
437 277 
437 266 
437 433 
437 88 
437 528 
437 468 
437 84 
437 564 
437 22 
437 405 
437 499 
437 392 
437 245 
437 35 
438 480 
438 8 
438 46 
438 504 
438 45 
438 66 
438 234 
438 181 
438 64 
438 513 
438 389 
438 263 
438 442 
438 364 
438 382 
438 592 
438 217 
438 589 
438 251 
438 48 
438 436 
438 149 
438 177 
438 530 
438 105 
438 388 
438 428 
438 378 
438 394 
438 180 
438 573 
438 586 
438 432 
438 370 
438 529 
438 531 
438 459 
438 110 
438 239 
438 94 
438 40 
438 91 
438 541 
438 591 
438 42 
438 535 
438 211 
438 511 
438 315 
438 236 
438 246 
438 379 
438 341 
438 288 
438 159 
438 300 
438 221 
438 249 
438 33 
438 457 
438 216 
438 78 
438 383 
438 285 
438 193 
438 86 
438 141 
438 501 
438 435 
438 290 
438 583 
438 585 
438 397 
438 303 
438 324 
438 62 
438 454 
438 233 
438 98 
438 398 
438 536 
438 425 
438 228 
438 9 
438 543 
438 320 
438 467 
438 309 
438 362 
438 112 
438 213 
438 561 
438 195 
438 455 
438 575 
438 202 
438 385 
438 169 
438 1 
438 408 
438 307 
438 440 
438 163 
438 145 
438 552 
438 421 
438 63 
438 54 
438 471 
438 279 
438 132 
438 209 
438 336 
438 137 
438 550 
438 160 
438 255 
438 517 
438 372 
438 261 
438 450 
438 487 
438 360 
438 493 
438 257 
438 259 
438 355 
438 254 
438 3 
438 506 
438 301 
438 374 
438 353 
438 557 
438 439 
438 12 
438 124 
438 104 
438 433 
438 445 
438 410 
438 399 
438 348 
438 352 
438 139 
438 502 
438 92 
438 356 
438 313 
438 286 
438 401 
438 338 
438 332 
438 189 
438 204 
438 176 
438 402 
438 363 
438 210 
438 491 
438 497 
438 265 
438 429 
438 87 
438 80 
438 38 
438 395 
438 434 
438 190 
438 327 
438 472 
438 365 
438 329 
438 138 
438 469 
439 464 
439 118 
439 257 
439 264 
439 492 
439 500 
439 391 
439 0 
439 536 
439 396 
439 60 
439 270 
439 335 
439 405 
439 33 
439 487 
439 279 
439 491 
439 115 
439 524 
439 506 
439 152 
439 425 
439 93 
439 556 
439 456 
439 166 
439 450 
439 8 
439 205 
439 334 
439 399 
439 186 
439 403 
439 72 
439 455 
439 207 
439 469 
439 488 
439 348 
439 13 
439 121 
439 167 
439 462 
439 544 
439 73 
439 380 
439 372 
439 131 
439 518 
439 355 
439 273 
439 245 
439 299 
439 494 
439 117 
439 304 
439 100 
439 137 
439 427 
439 384 
439 577 
439 416 
439 572 
439 510 
439 272 
439 508 
439 175 
439 295 
439 532 
439 476 
439 158 
439 347 
439 225 
439 250 
439 294 
439 311 
439 393 
439 170 
439 331 
439 424 
439 449 
439 451 
439 554 
439 313 
439 584 
439 289 
439 582 
439 283 
439 539 
439 19 
439 565 
439 89 
439 468 
439 36 
439 336 
439 414 
439 210 
439 306 
439 48 
439 150 
439 211 
439 14 
439 309 
439 53 
439 291 
439 350 
439 546 
439 113 
439 101 
439 541 
439 410 
439 574 
439 583 
439 132 
439 116 
439 197 
439 265 
439 314 
439 199 
439 206 
439 216 
439 533 
439 163 
439 135 
439 261 
439 10 
439 263 
439 426 
439 352 
439 201 
439 157 
439 292 
439 531 
439 499 
439 122 
439 438 
439 7 
439 149 
439 96 
439 214 
439 29 
439 11 
439 114 
439 381 
439 139 
439 156 
439 165 
439 3 
439 128 
439 224 
439 530 
439 534 
439 234 
439 374 
439 110 
439 238 
439 592 
439 230 
439 288 
439 160 
439 174 
439 140 
439 44 
439 31 
439 82 
439 345 
439 523 
439 479 
439 240 
439 354 
439 387 
439 161 
439 256 
439 361 
439 561 
439 305 
439 39 
439 516 
439 108 
439 185 
439 366 
439 41 
439 34 
439 17 
439 281 
439 473 
439 328 
440 348 
440 97 
440 22 
440 548 
440 19 
440 234 
440 239 
440 401 
440 229 
440 252 
440 509 
440 51 
440 411 
440 79 
440 529 
440 89 
440 180 
440 92 
440 374 
440 45 
440 434 
440 209 
440 431 
440 165 
440 426 
440 496 
440 75 
440 264 
440 52 
440 450 
440 383 
440 23 
440 176 
440 178 
440 200 
440 380 
440 531 
440 244 
440 63 
440 115 
440 33 
440 417 
440 40 
440 495 
440 517 
440 543 
440 258 
440 323 
440 202 
440 130 
440 577 
440 123 
440 471 
440 159 
440 415 
440 392 
440 58 
440 342 
440 487 
440 540 
440 324 
440 57 
440 369 
440 59 
440 164 
440 500 
440 21 
440 134 
440 204 
440 350 
440 573 
440 332 
440 331 
440 110 
440 240 
440 545 
440 456 
440 76 
440 108 
440 56 
440 124 
440 243 
440 304 
440 414 
440 271 
440 162 
440 14 
440 18 
440 211 
440 247 
440 268 
440 589 
440 568 
440 572 
440 438 
440 307 
440 237 
440 321 
440 339 
440 283 
440 406 
440 179 
440 585 
440 419 
440 185 
440 187 
440 590 
440 477 
440 364 
440 446 
440 196 
440 5 
440 67 
440 12 
440 279 
440 547 
440 141 
440 420 
440 167 
440 582 
440 70 
440 37 
440 161 
440 104 
440 135 
440 235 
440 144 
440 294 
440 265 
440 584 
440 122 
440 356 
440 253 
440 480 
440 338 
440 118 
440 174 
440 175 
440 408 
440 333 
440 397 
440 81 
440 249 
440 120 
440 363 
440 49 
440 457 
440 320 
440 2 
440 486 
440 359 
440 107 
440 396 
440 390 
440 85 
440 284 
440 554 
440 394 
440 466 
440 16 
440 112 
440 133 
440 403 
440 198 
440 182 
440 472 
440 233 
440 407 
440 391 
441 581 
441 223 
441 74 
441 311 
441 512 
441 464 
441 180 
441 37 
441 592 
441 471 
441 328 
441 491 
441 79 
441 132 
441 482 
441 30 
441 528 
441 413 
441 536 
441 122 
441 203 
441 452 
441 364 
441 293 
441 164 
441 191 
441 357 
441 81 
441 33 
441 343 
441 143 
441 504 
441 442 
441 136 
441 247 
441 485 
441 408 
441 181 
441 189 
441 532 
441 94 
441 177 
441 290 
441 185 
441 244 
441 152 
441 331 
441 155 
441 348 
441 198 
441 450 
441 420 
441 376 
441 123 
441 116 
441 211 
441 201 
441 470 
441 108 
441 9 
441 494 
441 194 
441 360 
441 426 
441 308 
441 429 
441 520 
441 340 
441 428 
441 430 
441 210 
441 434 
441 75 
441 175 
441 64 
441 159 
441 149 
441 289 
441 46 
441 342 
441 31 
441 260 
441 370 
441 196 
441 511 
441 505 
441 421 
441 38 
441 312 
441 2 
441 432 
441 73 
441 45 
441 579 
441 137 
441 453 
441 292 
441 66 
441 184 
441 162 
441 484 
441 163 
441 157 
441 425 
441 304 
441 250 
441 214 
441 216 
441 378 
441 119 
441 355 
441 487 
441 56 
441 246 
441 568 
441 447 
441 276 
441 128 
441 475 
441 492 
441 547 
441 13 
441 95 
441 519 
441 61 
441 282 
441 329 
441 541 
441 578 
441 422 
441 222 
441 133 
441 341 
441 314 
441 102 
441 502 
441 552 
441 134 
441 263 
441 554 
441 497 
441 295 
441 60 
441 321 
441 16 
441 174 
441 522 
441 486 
441 144 
441 256 
441 165 
441 87 
441 306 
441 544 
441 388 
441 14 
441 460 
441 401 
441 349 
441 0 
441 272 
441 232 
442 453 
442 512 
442 436 
442 533 
442 0 
442 536 
442 500 
442 438 
442 86 
442 185 
442 8 
442 103 
442 341 
442 246 
442 449 
442 134 
442 394 
442 559 
442 498 
442 59 
442 384 
442 194 
442 256 
442 144 
442 119 
442 543 
442 33 
442 20 
442 389 
442 475 
442 73 
442 338 
442 275 
442 385 
442 567 
442 53 
442 276 
442 254 
442 329 
442 248 
442 132 
442 49 
442 441 
442 211 
442 295 
442 4 
442 551 
442 531 
442 35 
442 469 
442 264 
442 497 
442 521 
442 239 
442 566 
442 279 
442 480 
442 148 
442 258 
442 506 
442 473 
442 454 
442 487 
442 562 
442 227 
442 462 
442 527 
442 492 
442 205 
442 221 
442 560 
442 474 
442 236 
442 348 
442 255 
442 522 
442 242 
442 218 
442 416 
442 510 
442 123 
442 164 
442 135 
442 426 
442 17 
442 459 
442 70 
442 431 
442 22 
442 491 
442 518 
442 556 
442 571 
442 83 
442 372 
442 390 
442 433 
442 319 
442 448 
442 460 
442 504 
442 573 
442 237 
442 544 
442 303 
442 6 
442 253 
442 182 
442 47 
442 308 
442 484 
442 7 
442 561 
442 402 
442 69 
442 230 
442 177 
442 30 
442 322 
442 145 
442 554 
442 540 
442 530 
442 513 
442 158 
442 526 
442 343 
442 578 
442 52 
442 160 
442 15 
442 446 
442 591 
442 42 
442 184 
442 538 
442 324 
442 422 
442 468 
442 328 
442 89 
442 415 
442 465 
442 66 
442 196 
442 514 
442 352 
442 56 
442 307 
442 592 
442 363 
442 110 
442 523 
442 356 
442 505 
442 151 
442 358 
442 266 
442 563 
442 550 
442 584 
442 354 
442 576 
442 376 
442 452 
442 549 
442 335 
442 325 
442 21 
442 262 
442 396 
442 411 
442 525 
442 138 
442 149 
442 265 
442 286 
442 383 
442 241 
442 528 
442 388 
442 378 
442 97 
442 260 
442 419 
442 277 
442 67 
442 197 
443 295 
443 198 
443 525 
443 495 
443 36 
443 566 
443 214 
443 352 
443 51 
443 273 
443 531 
443 387 
443 7 
443 110 
443 535 
443 99 
443 275 
443 403 
443 186 
443 271 
443 150 
443 355 
443 460 
443 540 
443 57 
443 105 
443 564 
443 290 
443 478 
443 94 
443 386 
443 337 
443 550 
443 500 
443 145 
443 376 
443 491 
443 193 
443 378 
443 430 
443 450 
443 553 
443 260 
443 68 
443 409 
443 509 
443 397 
443 179 
443 348 
443 354 
443 312 
443 424 
443 267 
443 111 
443 307 
443 34 
443 465 
443 523 
443 533 
443 31 
443 235 
443 383 
443 516 
443 493 
443 65 
443 346 
443 375 
443 567 
443 528 
443 63 
443 0 
443 501 
443 208 
443 9 
443 561 
443 340 
443 466 
443 286 
443 488 
443 302 
443 571 
443 494 
443 17 
443 357 
443 518 
443 83 
443 22 
443 452 
443 507 
443 476 
443 548 
443 301 
443 336 
443 96 
443 367 
443 364 
443 382 
443 69 
443 360 
443 521 
443 112 
443 206 
443 234 
443 197 
443 160 
443 517 
443 474 
443 224 
443 229 
443 268 
443 207 
443 232 
443 240 
443 261 
443 353 
443 175 
443 64 
443 437 
443 297 
443 421 
443 445 
443 359 
443 380 
443 545 
443 114 
443 60 
443 276 
443 211 
443 456 
443 431 
443 202 
443 345 
443 226 
443 90 
443 322 
443 8 
443 556 
443 135 
443 247 
443 512 
443 159 
443 510 
443 381 
443 230 
443 454 
443 59 
443 343 
443 482 
443 502 
443 289 
443 414 
443 249 
443 28 
443 471 
443 537 
443 176 
443 42 
443 38 
443 458 
443 82 
443 66 
443 344 
443 73 
443 292 
443 588 
443 278 
443 56 
443 444 
443 134 
443 245 
443 11 
443 144 
443 334 
443 195 
443 221 
443 532 
443 75 
443 480 
443 342 
443 338 
443 263 
443 136 
443 459 
443 89 
443 559 
444 167 
444 425 
444 524 
444 408 
444 295 
444 159 
444 105 
444 492 
444 207 
444 66 
444 292 
444 552 
444 242 
444 269 
444 302 
444 198 
444 175 
444 317 
444 511 
444 284 
444 115 
444 114 
444 544 
444 298 
444 288 
444 180 
444 48 
444 271 
444 361 
444 22 
444 495 
444 314 
444 41 
444 329 
444 267 
444 62 
444 27 
444 514 
444 232 
444 234 
444 521 
444 577 
444 63 
444 561 
444 285 
444 7 
444 309 
444 461 
444 262 
444 260 
444 362 
444 527 
444 79 
444 581 
444 451 
444 301 
444 236 
444 338 
444 26 
444 3 
444 276 
444 406 
444 471 
444 376 
444 34 
444 165 
444 129 
444 122 
444 170 
444 372 
444 343 
444 306 
444 80 
444 181 
444 391 
444 30 
444 184 
444 209 
444 189 
444 78 
444 252 
444 12 
444 200 
444 42 
444 466 
444 387 
444 127 
444 582 
444 221 
444 299 
444 241 
444 10 
444 554 
444 183 
444 233 
444 160 
444 473 
444 393 
444 322 
444 589 
444 103 
444 334 
444 351 
444 530 
444 437 
444 531 
444 341 
444 44 
444 97 
444 283 
444 417 
444 450 
444 497 
444 484 
444 421 
444 339 
444 211 
444 85 
444 152 
444 134 
444 139 
444 403 
444 273 
444 574 
444 590 
444 542 
444 116 
444 523 
444 357 
444 178 
444 91 
444 502 
444 564 
444 370 
444 354 
444 261 
444 445 
444 257 
444 131 
444 228 
444 145 
444 45 
444 201 
444 120 
444 60 
444 584 
444 281 
444 571 
444 150 
444 583 
444 303 
444 453 
444 570 
444 219 
444 177 
444 23 
444 413 
444 244 
444 443 
444 108 
444 20 
444 101 
444 551 
444 541 
444 384 
444 237 
444 418 
444 320 
444 300 
444 377 
444 102 
444 545 
444 474 
444 272 
444 51 
444 493 
444 71 
444 553 
445 576 
445 117 
445 393 
445 323 
445 373 
445 368 
445 274 
445 407 
445 411 
445 319 
445 252 
445 315 
445 155 
445 522 
445 412 
445 42 
445 324 
445 192 
445 72 
445 12 
445 567 
445 35 
445 436 
445 70 
445 108 
445 269 
445 505 
445 313 
445 396 
445 71 
445 530 
445 17 
445 178 
445 146 
445 232 
445 359 
445 537 
445 310 
445 447 
445 79 
445 532 
445 120 
445 87 
445 342 
445 154 
445 9 
445 97 
445 273 
445 235 
445 137 
445 183 
445 339 
445 524 
445 362 
445 545 
445 528 
445 184 
445 298 
445 248 
445 48 
445 268 
445 282 
445 0 
445 88 
445 454 
445 557 
445 271 
445 257 
445 279 
445 234 
445 250 
445 347 
445 335 
445 571 
445 336 
445 4 
445 290 
445 64 
445 211 
445 404 
445 536 
445 34 
445 121 
445 327 
445 482 
445 253 
445 355 
445 112 
445 592 
445 276 
445 565 
445 123 
445 503 
445 566 
445 110 
445 191 
445 467 
445 424 
445 577 
445 589 
445 477 
445 128 
445 156 
445 377 
445 328 
445 418 
445 446 
445 6 
445 372 
445 54 
445 453 
445 421 
445 526 
445 106 
445 105 
445 357 
445 29 
445 289 
445 177 
445 568 
445 361 
445 483 
445 222 
445 175 
445 188 
445 83 
445 122 
445 486 
445 213 
445 563 
445 143 
445 173 
445 443 
445 90 
445 364 
445 459 
445 474 
445 294 
445 236 
445 493 
445 139 
445 438 
445 390 
445 114 
445 297 
445 20 
445 341 
445 249 
445 444 
445 541 
445 245 
445 558 
445 430 
445 258 
445 480 
445 559 
445 419 
445 102 
445 15 
445 239 
445 286 
445 194 
445 203 
445 212 
445 468 
445 569 
445 295 
445 129 
445 119 
445 200 
445 389 
445 43 
445 32 
445 10 
445 61 
445 118 
445 24 
445 409 
445 2 
445 547 
445 160 
445 185 
445 190 
445 142 
445 531 
445 360 
445 525 
445 5 
445 264 
445 216 
445 401 
445 345 
445 555 
445 63 
446 155 
446 17 
446 54 
446 360 
446 133 
446 584 
446 84 
446 453 
446 91 
446 3 
446 153 
446 79 
446 80 
446 339 
446 448 
446 175 
446 533 
446 403 
446 234 
446 409 
446 162 
446 206 
446 99 
446 328 
446 302 
446 98 
446 330 
446 559 
446 71 
446 282 
446 537 
446 195 
446 534 
446 541 
446 300 
446 220 
446 319 
446 406 
446 295 
446 568 
446 468 
446 357 
446 496 
446 59 
446 414 
446 201 
446 491 
446 515 
446 398 
446 236 
446 193 
446 483 
446 479 
446 164 
446 502 
446 12 
446 144 
446 243 
446 564 
446 166 
446 411 
446 172 
446 553 
446 57 
446 102 
446 384 
446 428 
446 350 
446 228 
446 480 
446 136 
446 535 
446 15 
446 20 
446 445 
446 383 
446 189 
446 151 
446 106 
446 11 
446 159 
446 217 
446 548 
446 395 
446 458 
446 370 
446 145 
446 374 
446 377 
446 188 
446 567 
446 128 
446 389 
446 399 
446 58 
446 442 
446 457 
446 88 
446 440 
446 379 
446 519 
446 215 
446 230 
446 183 
446 38 
446 492 
446 304 
446 203 
446 373 
446 176 
446 284 
446 488 
446 579 
446 422 
446 324 
446 204 
446 416 
446 580 
446 326 
446 168 
446 372 
446 376 
446 226 
446 32 
446 154 
446 122 
446 501 
446 348 
446 463 
446 540 
446 7 
446 46 
446 551 
446 366 
446 264 
446 247 
446 186 
446 562 
446 6 
446 74 
446 293 
446 426 
446 163 
446 511 
446 539 
446 275 
446 447 
446 43 
446 34 
446 321 
446 436 
446 524 
446 246 
446 294 
446 474 
446 385 
446 67 
446 0 
446 227 
446 423 
446 267 
447 507 
447 572 
447 435 
447 248 
447 587 
447 35 
447 31 
447 426 
447 303 
447 108 
447 496 
447 415 
447 404 
447 114 
447 527 
447 4 
447 257 
447 362 
447 12 
447 128 
447 297 
447 215 
447 477 
447 138 
447 145 
447 549 
447 579 
447 419 
447 487 
447 168 
447 445 
447 363 
447 163 
447 62 
447 76 
447 83 
447 170 
447 176 
447 493 
447 345 
447 353 
447 288 
447 285 
447 523 
447 18 
447 338 
447 266 
447 57 
447 316 
447 16 
447 106 
447 361 
447 467 
447 229 
447 592 
447 141 
447 184 
447 484 
447 314 
447 202 
447 58 
447 239 
447 328 
447 152 
447 38 
447 85 
447 520 
447 414 
447 386 
447 432 
447 377 
447 380 
447 227 
447 514 
447 582 
447 33 
447 583 
447 21 
447 189 
447 479 
447 2 
447 476 
447 105 
447 541 
447 315 
447 413 
447 488 
447 423 
447 562 
447 164 
447 425 
447 96 
447 230 
447 539 
447 82 
447 499 
447 71 
447 52 
447 466 
447 569 
447 529 
447 234 
447 81 
447 501 
447 441 
447 113 
447 136 
447 584 
447 17 
447 322 
447 567 
447 65 
447 590 
447 48 
447 129 
447 575 
447 550 
447 556 
447 144 
447 533 
447 473 
447 3 
447 543 
447 60 
447 28 
447 491 
447 571 
447 553 
447 172 
447 181 
447 370 
447 424 
447 95 
447 341 
447 503 
447 26 
447 90 
447 238 
447 393 
447 557 
447 42 
447 446 
447 77 
447 385 
447 340 
447 125 
447 253 
447 61 
447 185 
447 120 
447 388 
447 546 
447 401 
448 72 
448 175 
448 101 
448 476 
448 546 
448 549 
448 533 
448 226 
448 329 
448 26 
448 503 
448 234 
448 257 
448 466 
448 219 
448 415 
448 188 
448 309 
448 122 
448 47 
448 577 
448 586 
448 446 
448 475 
448 388 
448 362 
448 148 
448 303 
448 246 
448 71 
448 39 
448 350 
448 526 
448 126 
448 89 
448 403 
448 271 
448 584 
448 349 
448 169 
448 115 
448 493 
448 45 
448 478 
448 193 
448 38 
448 30 
448 153 
448 65 
448 384 
448 474 
448 565 
448 365 
448 34 
448 216 
448 301 
448 214 
448 502 
448 290 
448 531 
448 559 
448 508 
448 464 
448 576 
448 86 
448 480 
448 435 
448 82 
448 507 
448 320 
448 229 
448 452 
448 266 
448 442 
448 571 
448 185 
448 375 
448 537 
448 15 
448 361 
448 515 
448 311 
448 262 
448 399 
448 87 
448 410 
448 369 
448 120 
448 421 
448 1 
448 275 
448 81 
448 338 
448 239 
448 162 
448 7 
448 210 
448 179 
448 555 
448 310 
448 498 
448 374 
448 336 
448 98 
448 62 
448 152 
448 592 
448 155 
448 25 
448 381 
448 431 
448 398 
448 136 
448 159 
448 366 
448 317 
448 191 
448 367 
448 273 
448 50 
448 512 
448 245 
448 137 
448 558 
448 557 
448 106 
448 142 
448 357 
448 228 
448 313 
448 144 
448 189 
448 127 
448 298 
448 483 
448 85 
448 334 
448 395 
448 18 
448 260 
448 103 
448 218 
448 543 
448 344 
448 165 
448 173 
448 6 
448 69 
448 341 
448 321 
448 56 
448 277 
448 352 
448 312 
448 22 
448 192 
448 59 
448 286 
448 33 
449 276 
449 414 
449 125 
449 188 
449 382 
449 234 
449 102 
449 359 
449 534 
449 177 
449 452 
449 442 
449 307 
449 242 
449 232 
449 288 
449 30 
449 530 
449 561 
449 110 
449 418 
449 327 
449 107 
449 476 
449 15 
449 304 
449 300 
449 131 
449 474 
449 36 
449 77 
449 228 
449 425 
449 182 
449 56 
449 222 
449 83 
449 552 
449 429 
449 481 
449 341 
449 479 
449 415 
449 95 
449 524 
449 160 
449 582 
449 358 
449 11 
449 201 
449 436 
449 190 
449 434 
449 453 
449 565 
449 461 
449 439 
449 186 
449 387 
449 165 
449 559 
449 522 
449 546 
449 525 
449 64 
449 48 
449 252 
449 483 
449 536 
449 42 
449 553 
449 106 
449 456 
449 217 
449 156 
449 158 
449 372 
449 472 
449 513 
449 342 
449 118 
449 395 
449 59 
449 464 
449 73 
449 117 
449 78 
449 167 
449 520 
449 199 
449 248 
449 75 
449 431 
449 558 
449 417 
449 388 
449 350 
449 193 
449 356 
449 259 
449 9 
449 455 
449 370 
449 315 
449 127 
449 204 
449 43 
449 337 
449 498 
449 136 
449 311 
449 570 
449 134 
449 238 
449 378 
449 466 
449 331 
449 20 
449 569 
449 454 
449 321 
449 556 
449 260 
449 494 
449 82 
449 361 
449 60 
449 397 
449 243 
449 380 
449 326 
449 79 
449 80 
449 153 
449 161 
449 340 
449 583 
449 343 
449 219 
449 535 
449 401 
449 365 
449 475 
449 10 
449 169 
449 249 
449 468 
449 330 
449 577 
449 31 
449 100 
449 531 
449 13 
449 230 
449 515 
449 532 
449 403 
449 261 
449 115 
450 40 
450 141 
450 238 
450 470 
450 200 
450 337 
450 171 
450 100 
450 311 
450 113 
450 392 
450 581 
450 179 
450 399 
450 306 
450 126 
450 563 
450 554 
450 488 
450 56 
450 45 
450 259 
450 477 
450 10 
450 490 
450 351 
450 96 
450 396 
450 540 
450 429 
450 512 
450 273 
450 9 
450 91 
450 455 
450 226 
450 439 
450 526 
450 251 
450 69 
450 537 
450 136 
450 459 
450 355 
450 440 
450 36 
450 592 
450 75 
450 135 
450 431 
450 443 
450 95 
450 576 
450 61 
450 124 
450 145 
450 119 
450 441 
450 326 
450 207 
450 418 
450 395 
450 586 
450 158 
450 319 
450 17 
450 213 
450 254 
450 364 
450 305 
450 513 
450 566 
450 384 
450 262 
450 583 
450 514 
450 325 
450 307 
450 458 
450 500 
450 292 
450 20 
450 39 
450 245 
450 407 
450 147 
450 536 
450 142 
450 114 
450 400 
450 155 
450 371 
450 301 
450 426 
450 416 
450 240 
450 202 
450 342 
450 412 
450 175 
450 321 
450 280 
450 5 
450 317 
450 22 
450 80 
450 555 
450 274 
450 182 
450 484 
450 53 
450 208 
450 112 
450 209 
450 32 
450 546 
450 258 
450 250 
450 106 
450 548 
450 272 
450 246 
450 224 
450 225 
450 314 
450 336 
450 515 
450 497 
450 438 
450 444 
450 340 
450 70 
450 219 
450 276 
450 37 
450 264 
450 291 
450 216 
450 489 
450 49 
450 580 
450 46 
450 185 
450 485 
450 177 
450 67 
450 64 
450 215 
450 579 
450 507 
450 577 
450 491 
450 157 
450 316 
450 101 
450 377 
450 27 
450 152 
450 11 
450 214 
450 414 
450 98 
450 591 
450 532 
450 57 
450 192 
450 89 
450 383 
450 298 
450 556 
450 409 
450 248 
450 501 
451 241 
451 36 
451 6 
451 238 
451 259 
451 231 
451 569 
451 425 
451 107 
451 322 
451 149 
451 179 
451 384 
451 496 
451 100 
451 78 
451 281 
451 357 
451 421 
451 221 
451 389 
451 170 
451 195 
451 2 
451 588 
451 564 
451 522 
451 298 
451 154 
451 420 
451 293 
451 97 
451 131 
451 398 
451 337 
451 178 
451 125 
451 464 
451 582 
451 331 
451 274 
451 525 
451 74 
451 40 
451 12 
451 143 
451 342 
451 216 
451 318 
451 271 
451 428 
451 120 
451 182 
451 576 
451 258 
451 512 
451 526 
451 228 
451 58 
451 334 
451 513 
451 49 
451 42 
451 288 
451 38 
451 369 
451 399 
451 401 
451 521 
451 90 
451 497 
451 138 
451 457 
451 444 
451 252 
451 28 
451 418 
451 412 
451 198 
451 503 
451 439 
451 47 
451 531 
451 204 
451 88 
451 350 
451 426 
451 540 
451 167 
451 310 
451 219 
451 437 
451 124 
451 469 
451 402 
451 218 
451 159 
451 375 
451 295 
451 225 
451 327 
451 220 
451 109 
451 134 
451 54 
451 485 
451 383 
451 137 
451 244 
451 311 
451 382 
451 368 
451 79 
451 233 
451 355 
451 242 
451 551 
451 422 
451 283 
451 173 
451 33 
451 316 
451 553 
451 367 
451 253 
451 70 
451 320 
451 175 
451 392 
451 205 
451 227 
451 529 
451 373 
451 203 
451 339 
451 123 
451 433 
451 343 
451 345 
451 584 
451 313 
451 161 
451 46 
451 361 
451 379 
451 108 
451 119 
451 549 
451 416 
451 4 
451 300 
451 452 
451 518 
451 508 
451 461 
451 509 
451 413 
451 306 
451 163 
451 394 
451 406 
451 224 
451 566 
451 299 
451 407 
451 462 
451 556 
451 348 
451 504 
451 589 
451 587 
451 557 
451 560 
451 475 
451 516 
451 185 
451 222 
451 544 
451 257 
451 506 
451 115 
451 388 
451 585 
451 301 
451 360 
451 208 
451 164 
451 207 
451 515 
451 22 
451 277 
451 34 
451 18 
451 559 
451 538 
451 349 
451 571 
451 403 
451 69 
451 351 
451 269 
452 432 
452 413 
452 434 
452 545 
452 6 
452 258 
452 176 
452 508 
452 565 
452 391 
452 449 
452 407 
452 209 
452 456 
452 557 
452 2 
452 441 
452 17 
452 534 
452 239 
452 112 
452 169 
452 394 
452 132 
452 217 
452 171 
452 345 
452 552 
452 564 
452 208 
452 38 
452 182 
452 180 
452 529 
452 579 
452 380 
452 288 
452 89 
452 511 
452 279 
452 365 
452 503 
452 401 
452 210 
452 525 
452 364 
452 136 
452 373 
452 377 
452 537 
452 455 
452 308 
452 566 
452 214 
452 417 
452 569 
452 68 
452 103 
452 295 
452 157 
452 19 
452 243 
452 429 
452 100 
452 375 
452 578 
452 483 
452 85 
452 471 
452 510 
452 35 
452 190 
452 8 
452 113 
452 353 
452 443 
452 107 
452 448 
452 536 
452 135 
452 311 
452 472 
452 168 
452 570 
452 420 
452 117 
452 554 
452 371 
452 421 
452 183 
452 118 
452 44 
452 300 
452 326 
452 324 
452 170 
452 475 
452 60 
452 246 
452 555 
452 165 
452 39 
452 490 
452 195 
452 491 
452 125 
452 238 
452 287 
452 200 
452 251 
452 543 
452 504 
452 459 
452 128 
452 359 
452 149 
452 142 
452 129 
452 426 
452 87 
452 110 
452 140 
452 237 
452 148 
452 502 
452 219 
452 556 
452 43 
452 32 
452 451 
452 16 
452 561 
452 323 
452 383 
452 430 
452 122 
452 390 
452 13 
452 267 
452 152 
452 442 
452 37 
452 106 
452 513 
452 230 
452 361 
452 414 
452 292 
452 92 
452 518 
452 568 
452 507 
452 174 
452 342 
452 151 
452 551 
452 567 
452 82 
452 580 
452 506 
452 284 
452 297 
452 185 
452 274 
452 415 
452 126 
452 330 
452 329 
452 398 
452 285 
452 133 
452 247 
452 215 
452 179 
452 470 
452 253 
452 86 
452 305 
452 385 
452 327 
453 144 
453 442 
453 382 
453 250 
453 146 
453 366 
453 315 
453 320 
453 376 
453 446 
453 101 
453 74 
453 102 
453 504 
453 186 
453 519 
453 463 
453 295 
453 402 
453 492 
453 199 
453 72 
453 110 
453 149 
453 276 
453 393 
453 314 
453 507 
453 213 
453 119 
453 142 
453 27 
453 380 
453 523 
453 387 
453 223 
453 383 
453 529 
453 148 
453 275 
453 254 
453 542 
453 412 
453 16 
453 592 
453 390 
453 547 
453 224 
453 222 
453 392 
453 6 
453 545 
453 158 
453 354 
453 192 
453 49 
453 147 
453 543 
453 135 
453 336 
453 560 
453 124 
453 277 
453 419 
453 133 
453 524 
453 340 
453 391 
453 305 
453 87 
453 449 
453 574 
453 308 
453 409 
453 151 
453 26 
453 191 
453 212 
453 374 
453 37 
453 427 
453 189 
453 243 
453 83 
453 8 
453 40 
453 137 
453 567 
453 571 
453 549 
453 324 
453 143 
453 557 
453 582 
453 215 
453 45 
453 244 
453 475 
453 462 
453 247 
453 204 
453 214 
453 294 
453 174 
453 565 
453 441 
453 397 
453 445 
453 64 
453 434 
453 352 
453 331 
453 46 
453 356 
453 253 
453 534 
453 221 
453 264 
453 428 
453 205 
453 488 
453 203 
453 139 
453 436 
453 521 
453 97 
453 138 
453 580 
453 513 
453 531 
453 405 
453 258 
453 239 
453 257 
453 525 
453 505 
453 433 
453 503 
453 400 
453 351 
453 317 
453 112 
453 60 
453 347 
453 25 
453 386 
453 57 
453 553 
453 323 
453 107 
453 177 
453 100 
453 480 
453 252 
453 195 
453 318 
453 211 
453 577 
453 53 
453 271 
453 509 
453 444 
453 422 
453 235 
453 47 
453 588 
453 533 
453 486 
453 292 
453 530 
453 321 
453 166 
453 73 
453 18 
453 70 
453 163 
453 227 
453 568 
453 24 
453 460 
453 338 
453 14 
453 301 
453 575 
453 298 
453 218 
453 190 
453 455 
454 135 
454 349 
454 318 
454 490 
454 252 
454 376 
454 535 
454 423 
454 525 
454 291 
454 518 
454 13 
454 432 
454 314 
454 175 
454 145 
454 231 
454 247 
454 460 
454 281 
454 506 
454 430 
454 369 
454 49 
454 403 
454 150 
454 102 
454 195 
454 383 
454 181 
454 410 
454 502 
454 469 
454 473 
454 274 
454 409 
454 503 
454 125 
454 521 
454 412 
454 319 
454 396 
454 429 
454 18 
454 302 
454 411 
454 442 
454 258 
454 445 
454 255 
454 133 
454 236 
454 25 
454 16 
454 355 
454 360 
454 364 
454 108 
454 146 
454 5 
454 143 
454 12 
454 320 
454 344 
454 222 
454 585 
454 20 
454 435 
454 241 
454 21 
454 438 
454 530 
454 266 
454 391 
454 395 
454 242 
454 193 
454 225 
454 492 
454 126 
454 397 
454 486 
454 582 
454 413 
454 590 
454 69 
454 278 
454 249 
454 9 
454 55 
454 221 
454 0 
454 362 
454 10 
454 265 
454 507 
454 156 
454 97 
454 545 
454 324 
454 87 
454 127 
454 592 
454 32 
454 500 
454 90 
454 44 
454 422 
454 275 
454 76 
454 377 
454 475 
454 15 
454 89 
454 508 
454 520 
454 522 
454 283 
454 458 
454 268 
454 292 
454 372 
454 213 
454 113 
454 480 
454 75 
454 248 
454 256 
454 88 
454 374 
454 572 
454 271 
454 519 
454 277 
454 273 
454 207 
454 33 
454 509 
454 392 
454 419 
454 161 
454 217 
454 50 
454 313 
454 449 
454 41 
454 185 
454 325 
454 84 
454 303 
454 35 
454 308 
454 205 
454 158 
454 339 
454 310 
454 407 
454 443 
454 541 
454 176 
454 482 
454 184 
454 426 
454 22 
454 139 
454 142 
454 528 
454 64 
454 140 
454 8 
454 389 
454 173 
454 215 
454 206 
454 27 
454 331 
454 121 
454 487 
454 418 
454 132 
454 399 
454 114 
454 62 
455 580 
455 180 
455 336 
455 59 
455 57 
455 268 
455 242 
455 42 
455 366 
455 386 
455 195 
455 211 
455 569 
455 30 
455 11 
455 365 
455 489 
455 460 
455 551 
455 468 
455 120 
455 584 
455 314 
455 367 
455 450 
455 102 
455 423 
455 570 
455 53 
455 193 
455 487 
455 52 
455 228 
455 385 
455 84 
455 21 
455 108 
455 262 
455 507 
455 234 
455 439 
455 370 
455 318 
455 14 
455 165 
455 583 
455 395 
455 15 
455 502 
455 258 
455 295 
455 22 
455 344 
455 427 
455 261 
455 94 
455 16 
455 564 
455 203 
455 315 
455 491 
455 535 
455 452 
455 398 
455 216 
455 434 
455 139 
455 493 
455 433 
455 340 
455 326 
455 278 
455 360 
455 417 
455 541 
455 236 
455 479 
455 534 
455 269 
455 147 
455 288 
455 428 
455 379 
455 313 
455 25 
455 438 
455 480 
455 32 
455 43 
455 294 
455 359 
455 270 
455 346 
455 10 
455 531 
455 539 
455 222 
455 355 
455 246 
455 122 
455 190 
455 142 
455 44 
455 104 
455 9 
455 459 
455 338 
455 526 
455 513 
455 571 
455 51 
455 95 
455 284 
455 436 
455 463 
455 306 
455 449 
455 58 
455 388 
455 26 
455 276 
455 559 
455 173 
455 245 
455 542 
455 552 
455 244 
455 17 
455 208 
455 585 
455 329 
455 24 
455 178 
455 519 
455 200 
455 214 
455 232 
455 435 
455 55 
455 368 
455 289 
455 572 
455 380 
455 29 
455 505 
455 321 
455 581 
455 430 
455 49 
455 75 
455 239 
455 50 
455 215 
455 159 
455 191 
455 372 
455 116 
455 401 
455 64 
455 394 
455 469 
455 80 
455 363 
455 286 
455 62 
455 92 
455 259 
455 204 
455 182 
455 183 
455 470 
455 60 
455 533 
455 27 
455 383 
455 453 
456 463 
456 433 
456 263 
456 592 
456 49 
456 180 
456 292 
456 367 
456 157 
456 361 
456 32 
456 183 
456 521 
456 217 
456 479 
456 452 
456 191 
456 414 
456 520 
456 319 
456 588 
456 536 
456 159 
456 469 
456 78 
456 394 
456 59 
456 439 
456 136 
456 382 
456 74 
456 509 
456 81 
456 73 
456 0 
456 531 
456 127 
456 248 
456 26 
456 277 
456 86 
456 324 
456 484 
456 2 
456 158 
456 325 
456 496 
456 100 
456 204 
456 374 
456 167 
456 465 
456 268 
456 582 
456 219 
456 581 
456 63 
456 120 
456 79 
456 381 
456 464 
456 213 
456 326 
456 53 
456 146 
456 284 
456 428 
456 478 
456 556 
456 569 
456 278 
456 309 
456 535 
456 563 
456 62 
456 138 
456 440 
456 275 
456 35 
456 483 
456 418 
456 449 
456 387 
456 14 
456 578 
456 207 
456 85 
456 559 
456 572 
456 378 
456 89 
456 350 
456 39 
456 93 
456 113 
456 249 
456 122 
456 55 
456 208 
456 75 
456 337 
456 169 
456 11 
456 304 
456 589 
456 384 
456 234 
456 423 
456 241 
456 270 
456 443 
456 313 
456 540 
456 108 
456 218 
456 227 
456 342 
456 460 
456 283 
456 197 
456 410 
456 163 
456 168 
456 343 
456 498 
456 400 
456 57 
456 200 
456 473 
456 422 
456 591 
456 90 
456 416 
456 335 
456 257 
456 161 
456 37 
456 376 
456 252 
456 487 
456 558 
456 470 
456 69 
456 187 
456 296 
456 527 
456 459 
456 91 
456 481 
456 121 
456 142 
456 116 
456 348 
456 518 
456 259 
456 405 
456 352 
456 240 
456 128 
456 48 
457 43 
457 553 
457 51 
457 411 
457 532 
457 578 
457 560 
457 507 
457 98 
457 83 
457 572 
457 120 
457 217 
457 581 
457 32 
457 151 
457 63 
457 112 
457 517 
457 342 
457 472 
457 301 
457 528 
457 296 
457 182 
457 459 
457 582 
457 518 
457 405 
457 69 
457 423 
457 360 
457 398 
457 204 
457 70 
457 387 
457 438 
457 357 
457 568 
457 90 
457 325 
457 520 
457 488 
457 451 
457 334 
457 165 
457 406 
457 266 
457 287 
457 78 
457 62 
457 401 
457 349 
457 585 
457 531 
457 128 
457 113 
457 194 
457 540 
457 200 
457 39 
457 157 
457 24 
457 49 
457 82 
457 87 
457 467 
457 68 
457 164 
457 246 
457 239 
457 146 
457 188 
457 185 
457 427 
457 4 
457 42 
457 199 
457 393 
457 551 
457 584 
457 344 
457 525 
457 388 
457 473 
457 379 
457 107 
457 127 
457 175 
457 384 
457 418 
457 104 
457 306 
457 547 
457 195 
457 508 
457 571 
457 537 
457 446 
457 552 
457 126 
457 181 
457 461 
457 314 
457 549 
457 94 
457 317 
457 425 
457 2 
457 374 
457 260 
457 590 
457 250 
457 460 
457 256 
457 213 
457 46 
457 530 
457 562 
457 483 
457 224 
457 589 
457 144 
457 331 
457 145 
457 132 
457 180 
457 482 
457 215 
457 167 
457 557 
457 205 
457 289 
457 276 
457 340 
457 227 
457 284 
457 412 
457 44 
457 262 
457 304 
457 337 
457 288 
457 513 
457 479 
457 297 
457 504 
457 80 
457 440 
457 269 
457 556 
457 53 
457 309 
457 480 
457 580 
457 212 
457 79 
457 216 
457 542 
457 484 
457 475 
457 345 
457 22 
457 64 
457 352 
457 25 
457 382 
457 186 
457 58 
457 137 
457 339 
457 5 
457 588 
457 221 
457 179 
457 424 
457 190 
458 288 
458 387 
458 162 
458 585 
458 362 
458 336 
458 388 
458 36 
458 588 
458 39 
458 20 
458 399 
458 217 
458 76 
458 519 
458 401 
458 53 
458 364 
458 404 
458 540 
458 46 
458 406 
458 495 
458 373 
458 289 
458 219 
458 26 
458 266 
458 291 
458 155 
458 508 
458 121 
458 213 
458 529 
458 265 
458 164 
458 231 
458 590 
458 199 
458 507 
458 328 
458 105 
458 8 
458 220 
458 541 
458 280 
458 125 
458 277 
458 106 
458 197 
458 85 
458 140 
458 201 
458 146 
458 96 
458 392 
458 136 
458 381 
458 58 
458 203 
458 587 
458 18 
458 339 
458 450 
458 22 
458 428 
458 344 
458 319 
458 304 
458 157 
458 355 
458 84 
458 533 
458 89 
458 238 
458 546 
458 40 
458 79 
458 111 
458 16 
458 563 
458 7 
458 86 
458 273 
458 110 
458 559 
458 417 
458 212 
458 413 
458 216 
458 390 
458 15 
458 255 
458 343 
458 592 
458 163 
458 554 
458 308 
458 420 
458 191 
458 258 
458 276 
458 33 
458 504 
458 446 
458 115 
458 538 
458 130 
458 98 
458 118 
458 367 
458 180 
458 471 
458 454 
458 97 
458 205 
458 259 
458 80 
458 293 
458 433 
458 572 
458 246 
458 192 
458 45 
458 472 
458 525 
458 67 
458 119 
458 320 
458 23 
458 398 
458 568 
458 528 
458 511 
458 468 
458 394 
458 240 
458 560 
458 301 
458 215 
458 64 
458 335 
458 279 
458 461 
458 4 
458 486 
458 232 
458 14 
458 351 
458 302 
458 206 
458 443 
458 25 
458 566 
458 116 
458 228 
458 292 
458 400 
458 170 
458 176 
458 492 
458 459 
458 506 
458 249 
458 187 
458 272 
458 159 
458 122 
458 300 
458 386 
458 474 
458 73 
458 425 
458 262 
458 552 
458 181 
458 315 
459 82 
459 48 
459 24 
459 132 
459 503 
459 287 
459 425 
459 350 
459 251 
459 120 
459 135 
459 271 
459 475 
459 417 
459 108 
459 330 
459 495 
459 208 
459 118 
459 572 
459 432 
459 228 
459 317 
459 299 
459 278 
459 325 
459 162 
459 253 
459 225 
459 555 
459 119 
459 261 
459 438 
459 450 
459 457 
459 416 
459 134 
459 424 
459 506 
459 104 
459 94 
459 559 
459 421 
459 434 
459 436 
459 110 
459 20 
459 237 
459 334 
459 250 
459 563 
459 212 
459 351 
459 333 
459 397 
459 63 
459 414 
459 153 
459 338 
459 68 
459 183 
459 227 
459 561 
459 139 
459 185 
459 486 
459 37 
459 59 
459 1 
459 519 
459 319 
459 442 
459 98 
459 213 
459 5 
459 335 
459 478 
459 551 
459 231 
459 583 
459 426 
459 197 
459 80 
459 95 
459 345 
459 513 
459 13 
459 70 
459 430 
459 16 
459 410 
459 467 
459 257 
459 19 
459 131 
459 313 
459 394 
459 474 
459 111 
459 262 
459 188 
459 136 
459 218 
459 233 
459 537 
459 255 
459 455 
459 344 
459 36 
459 512 
459 164 
459 15 
459 284 
459 452 
459 277 
459 534 
459 488 
459 203 
459 387 
459 336 
459 390 
459 445 
459 240 
459 0 
459 307 
459 360 
459 88 
459 589 
459 260 
459 510 
459 25 
459 181 
459 402 
459 89 
459 431 
459 524 
459 337 
459 275 
459 21 
459 179 
459 592 
459 518 
459 33 
459 567 
459 530 
459 526 
459 96 
459 348 
459 100 
459 420 
459 359 
459 54 
459 505 
459 458 
459 77 
459 329 
459 456 
459 156 
459 460 
459 368 
459 51 
459 521 
459 124 
459 480 
459 72 
459 146 
459 342 
459 113 
459 443 
459 83 
459 552 
459 558 
459 223 
460 105 
460 267 
460 164 
460 399 
460 365 
460 88 
460 62 
460 161 
460 79 
460 578 
460 461 
460 260 
460 455 
460 521 
460 14 
460 187 
460 59 
460 454 
460 517 
460 533 
460 443 
460 17 
460 47 
460 586 
460 417 
460 90 
460 419 
460 132 
460 469 
460 356 
460 306 
460 196 
460 478 
460 278 
460 208 
460 479 
460 316 
460 494 
460 102 
460 565 
460 245 
460 323 
460 581 
460 4 
460 98 
460 215 
460 185 
460 383 
460 3 
460 162 
460 238 
460 348 
460 183 
460 374 
460 363 
460 134 
460 0 
460 112 
460 38 
460 358 
460 118 
460 53 
460 52 
460 354 
460 246 
460 147 
460 166 
460 211 
460 116 
460 289 
460 93 
460 234 
460 548 
460 49 
460 206 
460 366 
460 504 
460 296 
460 40 
460 380 
460 442 
460 248 
460 194 
460 13 
460 125 
460 48 
460 556 
460 367 
460 197 
460 582 
460 343 
460 222 
460 273 
460 60 
460 119 
460 402 
460 154 
460 300 
460 29 
460 6 
460 277 
460 322 
460 292 
460 191 
460 31 
460 464 
460 544 
460 265 
460 529 
460 590 
460 543 
460 566 
460 326 
460 86 
460 287 
460 457 
460 376 
460 325 
460 470 
460 312 
460 9 
460 456 
460 403 
460 181 
460 184 
460 77 
460 389 
460 186 
460 532 
460 551 
460 213 
460 16 
460 569 
460 313 
460 368 
460 526 
460 547 
460 493 
460 350 
460 570 
460 21 
460 558 
460 271 
460 497 
460 474 
460 252 
460 577 
460 165 
460 520 
460 503 
460 462 
460 67 
460 422 
460 423 
460 588 
460 453 
460 370 
460 459 
460 70 
460 591 
460 349 
460 563 
460 127 
460 535 
460 369 
460 139 
460 204 
460 395 
460 441 
460 272 
461 250 
461 413 
461 119 
461 35 
461 286 
461 61 
461 408 
461 388 
461 275 
461 11 
461 312 
461 536 
461 1 
461 460 
461 578 
461 357 
461 557 
461 509 
461 299 
461 546 
461 465 
461 416 
461 12 
461 315 
461 274 
461 30 
461 347 
461 369 
461 118 
461 477 
461 410 
461 45 
461 591 
461 186 
461 583 
461 427 
461 391 
461 135 
461 316 
461 318 
461 245 
461 172 
461 148 
461 52 
461 242 
461 314 
461 122 
461 155 
461 423 
461 375 
461 582 
461 403 
461 128 
461 127 
461 513 
461 193 
461 240 
461 141 
461 496 
461 386 
461 350 
461 48 
461 146 
461 383 
461 426 
461 115 
461 462 
461 385 
461 415 
461 227 
461 585 
461 251 
461 74 
461 444 
461 371 
461 93 
461 587 
461 50 
461 472 
461 62 
461 248 
461 238 
461 213 
461 69 
461 538 
461 169 
461 407 
461 283 
461 449 
461 437 
461 558 
461 360 
461 378 
461 487 
461 103 
461 42 
461 241 
461 493 
461 85 
461 39 
461 467 
461 252 
461 528 
461 323 
461 289 
461 249 
461 13 
461 544 
461 239 
461 351 
461 500 
461 302 
461 267 
461 565 
461 212 
461 66 
461 304 
461 44 
461 109 
461 171 
461 401 
461 295 
461 395 
461 488 
461 425 
461 381 
461 36 
461 159 
461 331 
461 133 
461 457 
461 498 
461 136 
461 499 
461 547 
461 384 
461 175 
461 370 
461 577 
461 428 
461 113 
461 0 
461 555 
461 400 
461 362 
461 176 
461 329 
461 451 
461 80 
461 411 
461 71 
461 297 
461 471 
461 228 
461 41 
461 332 
461 89 
461 53 
461 464 
461 458 
461 511 
461 124 
461 189 
461 543 
461 139 
461 268 
461 86 
461 225 
461 534 
461 10 
461 325 
461 396 
461 389 
461 170 
461 550 
461 535 
461 579 
461 524 
461 92 
461 584 
461 485 
461 420 
461 261 
461 330 
461 129 
461 83 
461 483 
461 201 
461 526 
461 502 
461 506 
461 205 
461 291 
462 382 
462 11 
462 484 
462 475 
462 195 
462 352 
462 374 
462 402 
462 63 
462 174 
462 218 
462 271 
462 14 
462 361 
462 392 
462 238 
462 477 
462 544 
462 220 
462 133 
462 465 
462 67 
462 1 
462 289 
462 274 
462 439 
462 116 
462 546 
462 478 
462 431 
462 199 
462 436 
462 75 
462 461 
462 198 
462 70 
462 519 
462 78 
462 97 
462 502 
462 442 
462 217 
462 132 
462 497 
462 559 
462 584 
462 265 
462 242 
462 524 
462 552 
462 488 
462 212 
462 506 
462 56 
462 337 
462 223 
462 172 
462 576 
462 48 
462 362 
462 240 
462 401 
462 470 
462 541 
462 179 
462 493 
462 18 
462 66 
462 85 
462 491 
462 101 
462 153 
462 554 
462 99 
462 504 
462 16 
462 136 
462 386 
462 164 
462 144 
462 419 
462 211 
462 270 
462 415 
462 407 
462 255 
462 422 
462 557 
462 453 
462 126 
462 118 
462 342 
462 323 
462 518 
462 158 
462 366 
462 511 
462 426 
462 112 
462 535 
462 25 
462 555 
462 578 
462 54 
462 248 
462 331 
462 551 
462 120 
462 394 
462 413 
462 35 
462 580 
462 258 
462 121 
462 249 
462 348 
462 529 
462 505 
462 326 
462 562 
462 154 
462 156 
462 298 
462 564 
462 247 
462 500 
462 221 
462 178 
462 273 
462 28 
462 581 
462 137 
462 378 
462 0 
462 190 
462 96 
462 76 
462 227 
462 451 
462 27 
462 129 
462 586 
462 339 
462 39 
462 22 
462 291 
462 251 
462 103 
462 263 
462 62 
462 225 
462 124 
462 469 
462 171 
462 428 
462 396 
462 3 
462 460 
462 131 
462 297 
462 272 
462 381 
462 568 
462 490 
462 569 
462 558 
462 485 
462 363 
462 95 
462 88 
462 123 
463 546 
463 456 
463 537 
463 39 
463 578 
463 509 
463 313 
463 386 
463 290 
463 522 
463 8 
463 398 
463 470 
463 93 
463 242 
463 88 
463 453 
463 159 
463 487 
463 295 
463 26 
463 339 
463 480 
463 171 
463 577 
463 396 
463 433 
463 205 
463 113 
463 42 
463 469 
463 366 
463 111 
463 166 
463 292 
463 180 
463 370 
463 352 
463 118 
463 212 
463 182 
463 428 
463 429 
463 431 
463 210 
463 541 
463 52 
463 123 
463 420 
463 556 
463 301 
463 19 
463 94 
463 150 
463 384 
463 109 
463 5 
463 423 
463 583 
463 174 
463 350 
463 204 
463 482 
463 154 
463 484 
463 2 
463 259 
463 333 
463 558 
463 194 
463 70 
463 284 
463 566 
463 43 
463 168 
463 119 
463 132 
463 385 
463 234 
463 130 
463 345 
463 417 
463 502 
463 540 
463 164 
463 410 
463 173 
463 65 
463 82 
463 496 
463 57 
463 172 
463 310 
463 515 
463 54 
463 374 
463 261 
463 414 
463 435 
463 206 
463 572 
463 223 
463 16 
463 268 
463 514 
463 169 
463 95 
463 15 
463 29 
463 491 
463 490 
463 349 
463 403 
463 297 
463 309 
463 379 
463 485 
463 587 
463 267 
463 343 
463 319 
463 38 
463 508 
463 262 
463 455 
463 3 
463 351 
463 124 
463 365 
463 153 
463 142 
463 104 
463 201 
463 573 
463 76 
463 362 
463 114 
463 238 
463 367 
463 341 
463 570 
463 340 
463 197 
463 81 
463 34 
463 40 
463 413 
463 273 
463 196 
463 107 
463 533 
463 446 
463 254 
463 162 
463 79 
463 545 
463 518 
463 394 
463 207 
463 21 
463 392 
463 241 
463 336 
463 383 
463 252 
463 555 
463 381 
463 584 
463 56 
463 218 
463 265 
463 62 
463 530 
463 315 
463 102 
463 73 
463 90 
463 220 
463 49 
463 96 
463 266 
463 24 
463 483 
463 293 
464 122 
464 58 
464 510 
464 439 
464 441 
464 244 
464 124 
464 181 
464 555 
464 299 
464 567 
464 72 
464 200 
464 499 
464 571 
464 26 
464 411 
464 133 
464 268 
464 6 
464 569 
464 107 
464 240 
464 22 
464 513 
464 420 
464 243 
464 130 
464 526 
464 23 
464 347 
464 83 
464 218 
464 527 
464 386 
464 393 
464 404 
464 396 
464 451 
464 314 
464 13 
464 225 
464 435 
464 112 
464 561 
464 528 
464 407 
464 142 
464 275 
464 40 
464 501 
464 223 
464 245 
464 534 
464 305 
464 116 
464 88 
464 532 
464 165 
464 300 
464 3 
464 255 
464 340 
464 414 
464 35 
464 466 
464 308 
464 542 
464 418 
464 508 
464 590 
464 519 
464 217 
464 132 
464 151 
464 488 
464 29 
464 366 
464 162 
464 558 
464 156 
464 103 
464 425 
464 102 
464 456 
464 381 
464 587 
464 477 
464 147 
464 248 
464 383 
464 44 
464 310 
464 193 
464 27 
464 288 
464 113 
464 195 
464 212 
464 514 
464 423 
464 448 
464 257 
464 169 
464 114 
464 536 
464 271 
464 307 
464 154 
464 322 
464 489 
464 374 
464 405 
464 330 
464 67 
464 205 
464 229 
464 129 
464 372 
464 210 
464 449 
464 546 
464 484 
464 543 
464 10 
464 390 
464 360 
464 73 
464 460 
464 485 
464 251 
464 53 
464 301 
464 286 
464 341 
464 362 
464 63 
464 34 
464 346 
464 389 
464 342 
464 490 
464 235 
464 507 
464 294 
464 134 
464 174 
464 415 
464 461 
464 424 
464 334 
464 84 
464 556 
464 332 
464 135 
464 117 
464 158 
464 41 
464 429 
464 31 
464 179 
464 105 
464 349 
464 157 
464 282 
464 20 
464 319 
464 391 
464 306 
464 11 
464 430 
464 419 
464 175 
464 125 
464 329 
464 228 
464 344 
464 470 
464 575 
464 365 
464 121 
464 263 
464 252 
464 370 
464 337 
464 100 
464 373 
464 209 
465 90 
465 374 
465 196 
465 77 
465 474 
465 193 
465 315 
465 436 
465 496 
465 488 
465 425 
465 111 
465 309 
465 9 
465 269 
465 115 
465 557 
465 13 
465 461 
465 359 
465 279 
465 268 
465 44 
465 65 
465 515 
465 344 
465 396 
465 462 
465 195 
465 483 
465 216 
465 200 
465 51 
465 505 
465 219 
465 70 
465 563 
465 316 
465 361 
465 276 
465 523 
465 247 
465 360 
465 521 
465 183 
465 119 
465 508 
465 509 
465 220 
465 106 
465 528 
465 585 
465 244 
465 210 
465 590 
465 456 
465 191 
465 566 
465 242 
465 258 
465 231 
465 108 
465 443 
465 485 
465 63 
465 571 
465 391 
465 257 
465 47 
465 264 
465 479 
465 147 
465 392 
465 156 
465 473 
465 172 
465 377 
465 432 
465 417 
465 300 
465 542 
465 426 
465 490 
465 410 
465 246 
465 180 
465 93 
465 29 
465 240 
465 234 
465 69 
465 161 
465 253 
465 98 
465 555 
465 495 
465 57 
465 241 
465 275 
465 538 
465 144 
465 411 
465 380 
465 173 
465 271 
465 201 
465 284 
465 385 
465 319 
465 97 
465 534 
465 401 
465 87 
465 227 
465 66 
465 155 
465 230 
465 78 
465 238 
465 35 
465 302 
465 110 
465 37 
465 321 
465 573 
465 132 
465 475 
465 369 
465 189 
465 352 
465 378 
465 437 
465 546 
465 18 
465 79 
465 442 
465 307 
465 123 
465 518 
465 414 
465 365 
465 76 
465 282 
465 484 
465 584 
465 335 
465 21 
465 290 
465 62 
465 49 
465 430 
465 206 
465 270 
465 501 
465 67 
465 370 
465 16 
465 55 
465 310 
465 435 
465 580 
465 394 
465 256 
465 554 
465 248 
465 148 
465 208 
465 177 
465 181 
465 371 
465 194 
465 83 
465 131 
465 272 
465 372 
465 308 
465 389 
465 259 
465 510 
465 43 
465 237 
465 507 
465 292 
465 547 
465 205 
465 480 
466 482 
466 305 
466 405 
466 227 
466 125 
466 234 
466 288 
466 498 
466 502 
466 411 
466 448 
466 117 
466 199 
466 34 
466 72 
466 159 
466 270 
466 51 
466 555 
466 313 
466 18 
466 75 
466 144 
466 590 
466 552 
466 562 
466 384 
466 32 
466 209 
466 153 
466 306 
466 577 
466 499 
466 537 
466 119 
466 398 
466 352 
466 464 
466 123 
466 423 
466 54 
466 292 
466 28 
466 92 
466 559 
466 387 
466 535 
466 396 
466 120 
466 557 
466 505 
466 165 
466 369 
466 22 
466 19 
466 8 
466 151 
466 12 
466 443 
466 509 
466 592 
466 314 
466 246 
466 124 
466 262 
466 548 
466 515 
466 407 
466 103 
466 196 
466 242 
466 281 
466 146 
466 315 
466 345 
466 444 
466 545 
466 321 
466 307 
466 551 
466 547 
466 214 
466 372 
466 304 
466 277 
466 264 
466 140 
466 367 
466 376 
466 316 
466 261 
466 240 
466 86 
466 309 
466 78 
466 447 
466 303 
466 138 
466 284 
466 87 
466 244 
466 570 
466 175 
466 129 
466 574 
466 571 
466 297 
466 322 
466 108 
466 256 
466 501 
466 436 
466 392 
466 520 
466 484 
466 422 
466 518 
466 266 
466 449 
466 62 
466 291 
466 130 
466 503 
466 330 
466 111 
466 47 
466 97 
466 554 
466 578 
466 186 
466 576 
466 334 
466 174 
466 279 
466 229 
466 474 
466 375 
466 519 
466 274 
466 483 
466 534 
466 589 
466 521 
466 507 
466 337 
466 338 
466 432 
466 61 
466 583 
466 473 
466 354 
466 67 
466 181 
466 428 
466 258 
466 400 
466 180 
466 550 
466 512 
466 440 
466 248 
466 200 
466 213 
466 377 
466 15 
466 152 
466 131 
466 255 
466 143 
466 517 
467 422 
467 229 
467 63 
467 202 
467 209 
467 471 
467 359 
467 508 
467 102 
467 86 
467 147 
467 390 
467 343 
467 427 
467 116 
467 426 
467 91 
467 158 
467 544 
467 47 
467 148 
467 267 
467 472 
467 584 
467 41 
467 563 
467 254 
467 569 
467 113 
467 400 
467 493 
467 37 
467 374 
467 212 
467 121 
467 437 
467 146 
467 373 
467 571 
467 171 
467 447 
467 95 
467 175 
467 430 
467 226 
467 255 
467 43 
467 364 
467 33 
467 79 
467 351 
467 273 
467 290 
467 293 
467 140 
467 513 
467 498 
467 368 
467 179 
467 219 
467 392 
467 235 
467 546 
467 408 
467 177 
467 28 
467 42 
467 186 
467 244 
467 127 
467 103 
467 136 
467 321 
467 284 
467 201 
467 517 
467 445 
467 80 
467 312 
467 438 
467 564 
467 432 
467 370 
467 475 
467 461 
467 457 
467 488 
467 31 
467 82 
467 282 
467 173 
467 231 
467 469 
467 92 
467 55 
467 495 
467 535 
467 459 
467 357 
467 101 
467 581 
467 225 
467 577 
467 566 
467 331 
467 65 
467 0 
467 507 
467 395 
467 406 
467 243 
467 338 
467 380 
467 494 
467 322 
467 388 
467 30 
467 208 
467 4 
467 141 
467 207 
467 236 
467 16 
467 345 
467 496 
467 308 
467 477 
467 565 
467 263 
467 551 
467 139 
467 137 
467 328 
467 237 
467 499 
467 361 
467 548 
467 299 
467 549 
467 476 
467 108 
467 39 
467 149 
467 166 
467 486 
467 336 
467 67 
467 185 
467 279 
467 585 
467 276 
467 227 
467 353 
467 119 
467 118 
467 436 
467 11 
467 265 
467 515 
467 501 
467 44 
467 48 
467 378 
467 192 
467 215 
467 383 
467 384 
467 72 
467 56 
467 385 
467 423 
467 64 
467 424 
468 425 
468 285 
468 95 
468 336 
468 44 
468 571 
468 292 
468 313 
468 64 
468 274 
468 114 
468 173 
468 225 
468 550 
468 22 
468 500 
468 455 
468 402 
468 592 
468 423 
468 511 
468 229 
468 524 
468 40 
468 174 
468 378 
468 389 
468 575 
468 248 
468 151 
468 234 
468 556 
468 372 
468 540 
468 474 
468 476 
468 320 
468 181 
468 244 
468 24 
468 280 
468 29 
468 213 
468 316 
468 72 
468 110 
468 62 
468 415 
468 405 
468 499 
468 338 
468 194 
468 363 
468 446 
468 203 
468 301 
468 118 
468 155 
468 31 
468 167 
468 159 
468 208 
468 16 
468 314 
468 51 
468 487 
468 115 
468 65 
468 149 
468 109 
468 204 
468 207 
468 431 
468 497 
468 256 
468 530 
468 591 
468 432 
468 4 
468 525 
468 152 
468 341 
468 243 
468 326 
468 211 
468 439 
468 486 
468 333 
468 239 
468 145 
468 408 
468 562 
468 71 
468 242 
468 518 
468 547 
468 276 
468 170 
468 290 
468 315 
468 49 
468 410 
468 295 
468 483 
468 164 
468 331 
468 548 
468 98 
468 175 
468 11 
468 577 
468 538 
468 5 
468 424 
468 230 
468 340 
468 505 
468 124 
468 356 
468 79 
468 442 
468 528 
468 536 
468 58 
468 255 
468 273 
468 588 
468 83 
468 57 
468 470 
468 344 
468 15 
468 475 
468 56 
468 510 
468 177 
468 92 
468 458 
468 125 
468 235 
468 46 
468 428 
468 163 
468 131 
468 517 
468 590 
468 381 
468 190 
468 541 
468 180 
468 120 
468 430 
468 42 
468 587 
468 74 
468 445 
468 209 
468 311 
468 570 
468 217 
468 6 
468 156 
468 0 
468 214 
468 26 
468 70 
468 357 
468 417 
468 264 
468 437 
468 449 
468 401 
468 263 
469 588 
469 65 
469 266 
469 404 
469 268 
469 368 
469 520 
469 309 
469 271 
469 200 
469 492 
469 351 
469 206 
469 135 
469 225 
469 83 
469 239 
469 91 
469 275 
469 140 
469 182 
469 160 
469 405 
469 204 
469 456 
469 489 
469 197 
469 394 
469 463 
469 19 
469 305 
469 276 
469 48 
469 566 
469 226 
469 253 
469 198 
469 156 
469 242 
469 479 
469 381 
469 576 
469 454 
469 329 
469 439 
469 164 
469 442 
469 72 
469 460 
469 508 
469 319 
469 392 
469 270 
469 591 
469 141 
469 425 
469 58 
469 487 
469 64 
469 325 
469 75 
469 573 
469 215 
469 349 
469 2 
469 504 
469 341 
469 554 
469 14 
469 410 
469 397 
469 545 
469 62 
469 243 
469 561 
469 241 
469 493 
469 366 
469 360 
469 537 
469 120 
469 377 
469 586 
469 510 
469 313 
469 569 
469 365 
469 451 
469 161 
469 532 
469 169 
469 481 
469 274 
469 181 
469 420 
469 112 
469 409 
469 285 
469 149 
469 583 
469 286 
469 485 
469 587 
469 249 
469 467 
469 491 
469 186 
469 153 
469 338 
469 428 
469 391 
469 503 
469 251 
469 411 
469 78 
469 45 
469 378 
469 431 
469 282 
469 172 
469 24 
469 372 
469 41 
469 131 
469 544 
469 330 
469 413 
469 152 
469 565 
469 540 
469 117 
469 419 
469 199 
469 433 
469 398 
469 127 
469 318 
469 208 
469 426 
469 400 
469 63 
469 123 
469 105 
469 202 
469 471 
469 212 
469 3 
469 494 
469 592 
469 574 
469 159 
469 295 
469 177 
469 584 
469 100 
469 358 
469 40 
469 110 
469 516 
469 435 
469 470 
469 308 
469 73 
469 497 
469 25 
469 38 
469 429 
469 462 
469 22 
469 36 
469 316 
469 524 
469 256 
469 307 
469 455 
469 82 
469 155 
469 547 
469 184 
469 10 
469 523 
469 298 
469 500 
469 514 
469 79 
469 32 
469 572 
469 474 
469 438 
470 66 
470 309 
470 339 
470 450 
470 337 
470 188 
470 463 
470 221 
470 351 
470 514 
470 91 
470 354 
470 592 
470 49 
470 271 
470 4 
470 554 
470 503 
470 257 
470 523 
470 19 
470 216 
470 113 
470 47 
470 555 
470 418 
470 248 
470 234 
470 508 
470 340 
470 475 
470 481 
470 510 
470 482 
470 71 
470 99 
470 267 
470 441 
470 556 
470 530 
470 423 
470 220 
470 311 
470 180 
470 370 
470 426 
470 70 
470 519 
470 413 
470 476 
470 279 
470 107 
470 29 
470 462 
470 509 
470 539 
470 130 
470 345 
470 151 
470 515 
470 118 
470 5 
470 584 
470 551 
470 108 
470 322 
470 341 
470 247 
470 256 
470 310 
470 383 
470 268 
470 17 
470 303 
470 373 
470 356 
470 171 
470 527 
470 236 
470 533 
470 342 
470 287 
470 22 
470 497 
470 532 
470 531 
470 100 
470 385 
470 507 
470 40 
470 578 
470 251 
470 278 
470 289 
470 504 
470 541 
470 84 
470 361 
470 315 
470 574 
470 246 
470 129 
470 258 
470 572 
470 114 
470 543 
470 427 
470 374 
470 201 
470 540 
470 588 
470 524 
470 317 
470 460 
470 297 
470 468 
470 157 
470 112 
470 10 
470 329 
470 420 
470 9 
470 496 
470 582 
470 141 
470 12 
470 43 
470 575 
470 92 
470 191 
470 518 
470 127 
470 469 
470 388 
470 42 
470 202 
470 184 
470 240 
470 263 
470 103 
470 579 
470 538 
470 456 
470 488 
470 364 
470 406 
470 213 
470 414 
470 571 
470 235 
470 464 
470 495 
470 238 
470 63 
470 484 
470 558 
470 455 
470 452 
470 379 
470 409 
470 534 
471 85 
471 381 
471 524 
471 318 
471 441 
471 536 
471 287 
471 408 
471 304 
471 42 
471 541 
471 467 
471 9 
471 346 
471 54 
471 385 
471 530 
471 393 
471 435 
471 129 
471 569 
471 400 
471 63 
471 424 
471 317 
471 512 
471 336 
471 548 
471 107 
471 288 
471 258 
471 222 
471 106 
471 314 
471 208 
471 20 
471 417 
471 379 
471 518 
471 37 
471 142 
471 586 
471 416 
471 324 
471 137 
471 375 
471 528 
471 34 
471 31 
471 376 
471 282 
471 315 
471 147 
471 164 
471 103 
471 170 
471 538 
471 214 
471 223 
471 365 
471 99 
471 492 
471 228 
471 440 
471 179 
471 21 
471 539 
471 32 
471 2 
471 18 
471 444 
471 109 
471 490 
471 73 
471 452 
471 499 
471 565 
471 478 
471 299 
471 160 
471 232 
471 590 
471 545 
471 229 
471 87 
471 429 
471 159 
471 436 
471 500 
471 120 
471 134 
471 89 
471 418 
471 140 
471 98 
471 392 
471 185 
471 412 
471 112 
471 552 
471 498 
471 308 
471 280 
471 302 
471 353 
471 238 
471 12 
471 125 
471 250 
471 78 
471 337 
471 10 
471 319 
471 438 
471 46 
471 413 
471 338 
471 562 
471 68 
471 458 
471 131 
471 206 
471 33 
471 398 
471 563 
471 391 
471 357 
471 148 
471 13 
471 113 
471 352 
471 534 
471 342 
471 268 
471 11 
471 108 
471 504 
471 396 
471 350 
471 430 
471 469 
471 461 
471 591 
471 240 
471 256 
471 139 
471 16 
471 88 
471 172 
471 57 
471 242 
471 190 
471 508 
471 193 
471 443 
471 146 
471 405 
471 94 
471 212 
471 72 
471 91 
471 0 
471 553 
471 502 
471 556 
471 305 
471 370 
471 180 
471 270 
471 420 
471 7 
471 403 
471 251 
471 475 
471 358 
471 230 
471 325 
471 511 
471 243 
471 334 
471 154 
471 51 
472 585 
472 185 
472 351 
472 380 
472 264 
472 111 
472 31 
472 295 
472 205 
472 41 
472 297 
472 324 
472 578 
472 354 
472 158 
472 49 
472 476 
472 547 
472 339 
472 29 
472 386 
472 305 
472 56 
472 206 
472 467 
472 79 
472 457 
472 14 
472 501 
472 482 
472 553 
472 244 
472 322 
472 202 
472 479 
472 431 
472 532 
472 240 
472 407 
472 315 
472 311 
472 242 
472 329 
472 15 
472 582 
472 6 
472 346 
472 166 
472 170 
472 364 
472 266 
472 461 
472 136 
472 325 
472 290 
472 138 
472 167 
472 91 
472 529 
472 373 
472 478 
472 197 
472 204 
472 81 
472 225 
472 234 
472 65 
472 272 
472 544 
472 58 
472 583 
472 524 
472 281 
472 572 
472 389 
472 274 
472 92 
472 298 
472 358 
472 25 
472 301 
472 304 
472 452 
472 39 
472 534 
472 199 
472 153 
472 449 
472 1 
472 381 
472 116 
472 294 
472 117 
472 378 
472 385 
472 230 
472 233 
472 98 
472 217 
472 562 
472 51 
472 371 
472 367 
472 500 
472 332 
472 5 
472 551 
472 555 
472 126 
472 218 
472 93 
472 129 
472 237 
472 250 
472 458 
472 249 
472 156 
472 520 
472 113 
472 571 
472 63 
472 188 
472 44 
472 257 
472 133 
472 369 
472 270 
472 383 
472 172 
472 296 
472 365 
472 574 
472 430 
472 48 
472 485 
472 399 
472 32 
472 30 
472 527 
472 506 
472 306 
472 223 
472 0 
472 512 
472 292 
472 120 
472 372 
472 362 
472 561 
472 438 
472 352 
472 432 
472 516 
472 426 
472 131 
472 220 
472 440 
472 418 
472 28 
472 210 
473 435 
473 373 
473 527 
473 539 
473 287 
473 124 
473 477 
473 84 
473 556 
473 182 
473 345 
473 405 
473 289 
473 586 
473 123 
473 395 
473 301 
473 339 
473 233 
473 283 
473 40 
473 489 
473 398 
473 280 
473 371 
473 516 
473 184 
473 93 
473 454 
473 533 
473 81 
473 377 
473 261 
473 518 
473 167 
473 294 
473 143 
473 442 
473 166 
473 65 
473 433 
473 383 
473 37 
473 587 
473 199 
473 524 
473 495 
473 145 
473 386 
473 358 
473 79 
473 465 
473 218 
473 430 
473 169 
473 242 
473 314 
473 179 
473 416 
473 414 
473 267 
473 528 
473 33 
473 211 
473 576 
473 564 
473 346 
473 282 
473 277 
473 318 
473 365 
473 219 
473 222 
473 69 
473 350 
473 266 
473 478 
473 168 
473 229 
473 372 
473 352 
473 80 
473 276 
473 142 
473 270 
473 241 
473 457 
473 479 
473 28 
473 351 
473 302 
473 357 
473 546 
473 112 
473 444 
473 237 
473 506 
473 427 
473 521 
473 250 
473 46 
473 91 
473 387 
473 343 
473 235 
473 8 
473 57 
473 62 
473 128 
473 431 
473 189 
473 494 
473 204 
473 335 
473 366 
473 19 
473 17 
473 154 
473 107 
473 217 
473 338 
473 161 
473 574 
473 39 
473 140 
473 447 
473 565 
473 110 
473 180 
473 579 
473 126 
473 520 
473 35 
473 510 
473 73 
473 213 
473 456 
473 190 
473 117 
473 251 
473 505 
473 24 
473 485 
473 497 
473 18 
473 585 
473 113 
473 284 
473 466 
473 423 
473 434 
473 324 
473 7 
473 236 
473 328 
473 491 
473 321 
473 551 
473 323 
473 367 
473 224 
473 230 
473 197 
473 30 
473 384 
473 221 
473 439 
473 308 
473 192 
473 183 
474 100 
474 8 
474 527 
474 465 
474 139 
474 107 
474 112 
474 174 
474 292 
474 274 
474 215 
474 132 
474 205 
474 166 
474 214 
474 83 
474 207 
474 72 
474 34 
474 427 
474 29 
474 95 
474 344 
474 524 
474 381 
474 85 
474 14 
474 179 
474 28 
474 46 
474 564 
474 333 
474 225 
474 261 
474 258 
474 468 
474 500 
474 294 
474 280 
474 528 
474 173 
474 127 
474 449 
474 390 
474 229 
474 290 
474 558 
474 584 
474 102 
474 63 
474 12 
474 89 
474 374 
474 145 
474 54 
474 325 
474 296 
474 416 
474 287 
474 404 
474 293 
474 481 
474 15 
474 487 
474 88 
474 31 
474 442 
474 514 
474 309 
474 448 
474 504 
474 171 
474 482 
474 43 
474 47 
474 306 
474 518 
474 172 
474 260 
474 16 
474 202 
474 410 
474 403 
474 303 
474 60 
474 136 
474 99 
474 347 
474 498 
474 104 
474 484 
474 38 
474 70 
474 271 
474 40 
474 120 
474 532 
474 268 
474 569 
474 525 
474 398 
474 576 
474 419 
474 65 
474 241 
474 477 
474 87 
474 459 
474 435 
474 443 
474 560 
474 220 
474 222 
474 319 
474 184 
474 491 
474 373 
474 218 
474 119 
474 417 
474 208 
474 526 
474 368 
474 396 
474 11 
474 67 
474 113 
474 9 
474 535 
474 445 
474 186 
474 343 
474 385 
474 346 
474 561 
474 144 
474 540 
474 499 
474 105 
474 143 
474 71 
474 413 
474 338 
474 262 
474 466 
474 242 
474 522 
474 44 
474 460 
474 96 
474 395 
474 69 
474 533 
474 434 
474 259 
474 157 
474 129 
474 147 
474 0 
474 446 
474 82 
474 131 
474 389 
474 233 
474 486 
474 103 
474 444 
474 573 
474 458 
474 151 
474 552 
474 114 
474 469 
474 168 
474 278 
475 570 
475 567 
475 435 
475 492 
475 331 
475 434 
475 263 
475 462 
475 486 
475 525 
475 556 
475 246 
475 108 
475 30 
475 144 
475 459 
475 487 
475 361 
475 189 
475 412 
475 150 
475 184 
475 75 
475 374 
475 550 
475 340 
475 47 
475 448 
475 442 
475 500 
475 135 
475 323 
475 270 
475 297 
475 568 
475 242 
475 54 
475 153 
475 406 
475 201 
475 124 
475 142 
475 116 
475 506 
475 171 
475 272 
475 479 
475 350 
475 480 
475 362 
475 394 
475 76 
475 26 
475 522 
475 470 
475 338 
475 175 
475 293 
475 325 
475 317 
475 151 
475 309 
475 170 
475 275 
475 326 
475 220 
475 496 
475 555 
475 185 
475 217 
475 484 
475 514 
475 566 
475 265 
475 299 
475 379 
475 93 
475 429 
475 127 
475 422 
475 196 
475 583 
475 304 
475 376 
475 50 
475 467 
475 558 
475 136 
475 557 
475 544 
475 82 
475 535 
475 453 
475 16 
475 543 
475 285 
475 345 
475 491 
475 308 
475 421 
475 452 
475 483 
475 404 
475 574 
475 377 
475 503 
475 157 
475 320 
475 454 
475 255 
475 290 
475 193 
475 465 
475 107 
475 240 
475 581 
475 259 
475 441 
475 354 
475 248 
475 40 
475 481 
475 2 
475 126 
475 155 
475 43 
475 586 
475 45 
475 307 
475 70 
475 490 
475 268 
475 343 
475 313 
475 468 
475 73 
475 359 
475 580 
475 371 
475 395 
475 546 
475 289 
475 88 
475 356 
475 306 
475 74 
475 78 
475 253 
475 106 
475 250 
475 103 
475 23 
475 314 
475 298 
475 165 
475 59 
475 140 
475 346 
475 238 
475 273 
475 206 
475 565 
475 540 
475 24 
475 117 
475 114 
475 219 
475 451 
475 271 
475 353 
475 564 
475 333 
475 232 
475 0 
475 132 
475 192 
475 230 
475 194 
475 449 
475 7 
475 457 
475 521 
475 471 
475 236 
475 14 
475 25 
475 53 
475 191 
475 22 
475 198 
475 131 
475 344 
475 130 
475 296 
475 584 
476 299 
476 266 
476 201 
476 87 
476 261 
476 118 
476 131 
476 448 
476 580 
476 88 
476 258 
476 39 
476 254 
476 309 
476 45 
476 588 
476 382 
476 112 
476 504 
476 536 
476 310 
476 500 
476 358 
476 581 
476 472 
476 106 
476 499 
476 338 
476 390 
476 194 
476 531 
476 339 
476 191 
476 574 
476 16 
476 57 
476 540 
476 116 
476 368 
476 449 
476 300 
476 55 
476 578 
476 422 
476 579 
476 468 
476 330 
476 86 
476 403 
476 208 
476 137 
476 324 
476 321 
476 236 
476 511 
476 381 
476 243 
476 59 
476 200 
476 406 
476 269 
476 92 
476 100 
476 513 
476 553 
476 60 
476 528 
476 385 
476 162 
476 250 
476 480 
476 362 
476 169 
476 493 
476 211 
476 514 
476 554 
476 439 
476 470 
476 20 
476 73 
476 535 
476 371 
476 75 
476 375 
476 447 
476 543 
476 68 
476 346 
476 392 
476 94 
476 443 
476 537 
476 510 
476 213 
476 192 
476 548 
476 245 
476 133 
476 437 
476 95 
476 140 
476 210 
476 311 
476 515 
476 182 
476 421 
476 65 
476 506 
476 587 
476 235 
476 19 
476 494 
476 3 
476 154 
476 263 
476 423 
476 232 
476 402 
476 163 
476 419 
476 344 
476 34 
476 329 
476 166 
476 189 
476 48 
476 306 
476 490 
476 149 
476 360 
476 349 
476 384 
476 33 
476 82 
476 30 
476 109 
476 256 
476 36 
476 433 
476 295 
476 370 
476 359 
476 0 
476 63 
476 26 
476 546 
476 434 
476 479 
476 320 
476 307 
476 270 
476 467 
476 10 
476 69 
476 64 
476 156 
476 409 
476 167 
476 107 
476 195 
476 241 
476 302 
476 563 
476 25 
476 342 
476 413 
476 486 
476 495 
476 492 
476 323 
476 212 
476 62 
476 399 
476 108 
476 550 
476 517 
476 8 
476 417 
476 217 
476 76 
476 498 
476 482 
476 110 
476 146 
476 18 
476 314 
476 534 
477 403 
477 242 
477 267 
477 491 
477 47 
477 386 
477 349 
477 69 
477 127 
477 473 
477 450 
477 280 
477 524 
477 250 
477 60 
477 447 
477 548 
477 461 
477 567 
477 344 
477 168 
477 588 
477 462 
477 49 
477 273 
477 332 
477 541 
477 489 
477 378 
477 309 
477 373 
477 58 
477 122 
477 72 
477 528 
477 257 
477 512 
477 330 
477 180 
477 535 
477 317 
477 318 
477 187 
477 586 
477 137 
477 492 
477 558 
477 308 
477 549 
477 42 
477 233 
477 581 
477 200 
477 209 
477 178 
477 412 
477 9 
477 366 
477 222 
477 298 
477 358 
477 464 
477 574 
477 23 
477 218 
477 92 
477 85 
477 221 
477 232 
477 483 
477 404 
477 183 
477 112 
477 295 
477 445 
477 38 
477 240 
477 435 
477 67 
477 89 
477 175 
477 350 
477 515 
477 210 
477 177 
477 339 
477 205 
477 288 
477 214 
477 108 
477 425 
477 28 
477 136 
477 120 
477 539 
477 474 
477 15 
477 81 
477 186 
477 204 
477 243 
477 338 
477 323 
477 497 
477 142 
477 293 
477 440 
477 252 
477 34 
477 573 
477 154 
477 331 
477 170 
477 264 
477 199 
477 99 
477 230 
477 579 
477 46 
477 467 
477 421 
477 184 
477 388 
477 259 
477 434 
477 236 
477 144 
477 217 
477 337 
477 61 
477 555 
477 355 
477 346 
477 271 
477 520 
477 328 
477 82 
477 527 
477 357 
477 556 
477 413 
477 416 
477 530 
477 48 
477 215 
477 409 
477 195 
477 514 
477 191 
477 576 
477 198 
477 96 
477 45 
477 171 
477 97 
477 79 
477 261 
477 429 
477 297 
477 327 
477 411 
477 128 
477 583 
477 382 
477 321 
477 494 
477 513 
477 347 
477 35 
477 336 
477 410 
478 495 
478 87 
478 140 
478 134 
478 52 
478 271 
478 186 
478 228 
478 418 
478 10 
478 26 
478 325 
478 69 
478 135 
478 48 
478 128 
478 57 
478 192 
478 273 
478 163 
478 369 
478 282 
478 277 
478 443 
478 35 
478 254 
478 68 
478 164 
478 493 
478 32 
478 582 
478 328 
478 145 
478 266 
478 509 
478 460 
478 77 
478 462 
478 58 
478 522 
478 105 
478 223 
478 431 
478 195 
478 154 
478 157 
478 86 
478 219 
478 448 
478 82 
478 327 
478 312 
478 486 
478 382 
478 313 
478 406 
478 3 
478 293 
478 434 
478 232 
478 131 
478 298 
478 221 
478 218 
478 11 
478 274 
478 268 
478 551 
478 179 
478 472 
478 117 
478 334 
478 194 
478 208 
478 287 
478 411 
478 339 
478 233 
478 97 
478 22 
478 456 
478 196 
478 539 
478 1 
478 471 
478 361 
478 459 
478 518 
478 505 
478 147 
478 319 
478 89 
478 402 
478 258 
478 61 
478 502 
478 198 
478 501 
478 85 
478 581 
478 473 
478 481 
478 400 
478 247 
478 225 
478 548 
478 290 
478 236 
478 20 
478 74 
478 372 
478 364 
478 484 
478 550 
478 102 
478 302 
478 545 
478 310 
478 41 
478 386 
478 185 
478 326 
478 295 
478 376 
478 348 
478 178 
478 562 
478 206 
478 133 
478 261 
478 4 
478 12 
478 44 
478 552 
478 491 
478 584 
478 62 
478 104 
478 580 
478 137 
478 215 
478 125 
478 76 
478 338 
478 259 
478 569 
478 40 
478 366 
478 34 
478 210 
478 166 
478 525 
478 143 
478 560 
478 307 
478 497 
478 93 
478 317 
478 83 
478 403 
478 265 
478 394 
478 169 
478 423 
478 515 
478 94 
478 63 
478 563 
478 573 
478 203 
478 395 
478 507 
478 350 
478 415 
478 532 
478 120 
478 489 
478 352 
478 23 
478 556 
478 500 
478 28 
478 592 
479 171 
479 166 
479 370 
479 120 
479 567 
479 483 
479 530 
479 363 
479 40 
479 456 
479 425 
479 168 
479 27 
479 502 
479 136 
479 544 
479 232 
479 498 
479 536 
479 532 
479 419 
479 225 
479 342 
479 469 
479 163 
479 382 
479 14 
479 38 
479 198 
479 590 
479 584 
479 195 
479 500 
479 36 
479 361 
479 117 
479 472 
479 460 
479 309 
479 279 
479 475 
479 402 
479 579 
479 249 
479 192 
479 384 
479 304 
479 506 
479 405 
479 330 
479 28 
479 49 
479 391 
479 185 
479 82 
479 432 
479 449 
479 150 
479 194 
479 392 
479 542 
479 488 
479 465 
479 521 
479 389 
479 581 
479 298 
479 573 
479 186 
479 422 
479 280 
479 455 
479 395 
479 158 
479 189 
479 135 
479 122 
479 446 
479 518 
479 29 
479 231 
479 5 
479 447 
479 47 
479 312 
479 404 
479 93 
479 526 
479 159 
479 572 
479 503 
479 253 
479 181 
479 57 
479 281 
479 492 
479 169 
479 339 
479 428 
479 574 
479 291 
479 149 
479 522 
479 295 
479 315 
479 275 
479 568 
479 303 
479 473 
479 141 
479 104 
479 98 
479 338 
479 263 
479 211 
479 138 
479 549 
479 89 
479 286 
479 349 
479 554 
479 88 
479 494 
479 256 
479 113 
479 34 
479 525 
479 226 
479 575 
479 335 
479 418 
479 130 
479 108 
479 426 
479 431 
479 429 
479 16 
479 177 
479 354 
479 262 
479 273 
479 412 
479 188 
479 250 
479 300 
479 385 
479 379 
479 476 
479 160 
479 65 
479 387 
479 360 
479 74 
479 97 
479 121 
479 310 
479 559 
479 154 
479 587 
479 212 
479 353 
479 457 
479 140 
479 439 
479 358 
479 41 
479 322 
479 105 
479 239 
479 355 
479 563 
479 205 
479 184 
479 84 
479 157 
479 94 
479 75 
479 209 
479 301 
479 334 
479 313 
479 242 
479 81 
479 561 
479 533 
479 347 
479 258 
479 44 
479 118 
479 520 
479 267 
480 438 
480 147 
480 94 
480 26 
480 256 
480 427 
480 576 
480 187 
480 368 
480 346 
480 589 
480 353 
480 533 
480 192 
480 499 
480 555 
480 116 
480 324 
480 463 
480 74 
480 578 
480 124 
480 526 
480 63 
480 204 
480 429 
480 97 
480 68 
480 362 
480 522 
480 153 
480 547 
480 402 
480 177 
480 278 
480 390 
480 197 
480 394 
480 298 
480 537 
480 111 
480 92 
480 442 
480 475 
480 170 
480 327 
480 539 
480 426 
480 258 
480 239 
480 347 
480 109 
480 541 
480 207 
480 139 
480 476 
480 126 
480 136 
480 80 
480 138 
480 199 
480 392 
480 528 
480 133 
480 500 
480 194 
480 84 
480 224 
480 375 
480 113 
480 484 
480 523 
480 129 
480 543 
480 519 
480 32 
480 330 
480 531 
480 284 
480 370 
480 591 
480 18 
480 33 
480 407 
480 448 
480 182 
480 46 
480 209 
480 387 
480 54 
480 544 
480 21 
480 455 
480 446 
480 542 
480 490 
480 312 
480 121 
480 265 
480 511 
480 188 
480 552 
480 31 
480 271 
480 38 
480 341 
480 512 
480 507 
480 263 
480 572 
480 556 
480 226 
480 145 
480 414 
480 505 
480 17 
480 107 
480 393 
480 454 
480 281 
480 315 
480 380 
480 325 
480 180 
480 272 
480 434 
480 115 
480 11 
480 310 
480 236 
480 240 
480 140 
480 335 
480 289 
480 529 
480 93 
480 89 
480 9 
480 3 
480 486 
480 260 
480 424 
480 161 
480 445 
480 262 
480 453 
480 318 
480 440 
480 560 
480 382 
480 123 
480 144 
480 267 
480 175 
480 195 
480 291 
480 85 
480 580 
480 174 
480 98 
480 159 
480 558 
480 457 
480 261 
480 294 
480 413 
480 73 
480 548 
480 106 
480 492 
480 297 
480 184 
480 285 
480 5 
480 173 
480 162 
480 443 
480 517 
480 459 
480 230 
480 337 
480 465 
480 562 
480 196 
481 522 
481 253 
481 55 
481 233 
481 185 
481 555 
481 142 
481 135 
481 397 
481 583 
481 327 
481 369 
481 75 
481 266 
481 404 
481 181 
481 338 
481 129 
481 16 
481 342 
481 549 
481 277 
481 542 
481 64 
481 398 
481 5 
481 485 
481 224 
481 541 
481 302 
481 500 
481 576 
481 220 
481 260 
481 108 
481 523 
481 150 
481 269 
481 556 
481 286 
481 174 
481 568 
481 375 
481 243 
481 312 
481 119 
481 244 
481 322 
481 211 
481 73 
481 470 
481 351 
481 590 
481 139 
481 339 
481 287 
481 449 
481 474 
481 420 
481 33 
481 566 
481 407 
481 382 
481 554 
481 210 
481 10 
481 170 
481 261 
481 72 
481 249 
481 160 
481 90 
481 47 
481 172 
481 550 
481 370 
481 296 
481 366 
481 569 
481 580 
481 487 
481 0 
481 182 
481 180 
481 313 
481 469 
481 58 
481 390 
481 391 
481 168 
481 215 
481 159 
481 145 
481 383 
481 199 
481 328 
481 361 
481 82 
481 478 
481 221 
481 309 
481 140 
481 99 
481 589 
481 427 
481 209 
481 93 
481 23 
481 399 
481 248 
481 437 
481 384 
481 214 
481 138 
481 173 
481 529 
481 49 
481 57 
481 395 
481 22 
481 319 
481 434 
481 17 
481 175 
481 265 
481 475 
481 148 
481 305 
481 482 
481 483 
481 91 
481 219 
481 498 
481 25 
481 100 
481 288 
481 340 
481 183 
481 380 
481 39 
481 197 
481 147 
481 205 
481 270 
481 163 
481 504 
481 393 
481 579 
481 141 
481 551 
481 212 
481 577 
481 484 
481 337 
481 490 
481 295 
481 540 
481 559 
481 31 
481 3 
481 70 
481 262 
481 332 
481 239 
481 153 
481 133 
481 259 
481 315 
481 588 
481 456 
481 161 
481 412 
481 110 
481 46 
481 299 
481 533 
481 514 
481 36 
482 193 
482 466 
482 410 
482 51 
482 578 
482 308 
482 346 
482 359 
482 535 
482 370 
482 441 
482 551 
482 518 
482 274 
482 382 
482 427 
482 95 
482 437 
482 236 
482 423 
482 113 
482 411 
482 324 
482 177 
482 532 
482 329 
482 548 
482 353 
482 106 
482 310 
482 44 
482 231 
482 188 
482 472 
482 397 
482 527 
482 5 
482 400 
482 288 
482 74 
482 342 
482 263 
482 432 
482 350 
482 577 
482 487 
482 56 
482 470 
482 519 
482 191 
482 368 
482 233 
482 377 
482 505 
482 209 
482 463 
482 19 
482 571 
482 497 
482 572 
482 64 
482 392 
482 445 
482 248 
482 164 
482 287 
482 430 
482 575 
482 569 
482 361 
482 220 
482 474 
482 91 
482 135 
482 227 
482 14 
482 296 
482 433 
482 537 
482 380 
482 374 
482 131 
482 47 
482 385 
482 242 
482 543 
482 165 
482 57 
482 373 
482 485 
482 114 
482 215 
482 132 
482 200 
482 147 
482 334 
482 404 
482 254 
482 530 
482 501 
482 415 
482 351 
482 9 
482 531 
482 261 
482 53 
482 183 
482 109 
482 340 
482 142 
482 534 
482 514 
482 42 
482 20 
482 136 
482 521 
482 489 
482 508 
482 325 
482 278 
482 284 
482 301 
482 486 
482 78 
482 171 
482 302 
482 481 
482 163 
482 347 
482 127 
482 306 
482 108 
482 225 
482 30 
482 241 
482 98 
482 46 
482 585 
482 322 
482 384 
482 570 
482 120 
482 557 
482 251 
482 457 
482 72 
482 498 
482 393 
482 133 
482 545 
482 268 
482 484 
482 323 
482 143 
482 141 
482 443 
482 365 
482 568 
482 7 
482 266 
482 421 
482 454 
482 582 
482 331 
482 516 
482 327 
482 252 
482 154 
482 224 
482 345 
482 157 
482 517 
482 198 
482 591 
482 169 
482 36 
482 476 
482 321 
482 563 
482 552 
482 45 
482 28 
482 574 
482 192 
482 546 
483 432 
483 511 
483 87 
483 479 
483 285 
483 249 
483 83 
483 65 
483 411 
483 356 
483 382 
483 216 
483 545 
483 396 
483 509 
483 152 
483 533 
483 502 
483 368 
483 549 
483 43 
483 265 
483 36 
483 402 
483 148 
483 197 
483 181 
483 162 
483 326 
483 74 
483 465 
483 252 
483 492 
483 112 
483 355 
483 276 
483 293 
483 399 
483 62 
483 577 
483 383 
483 302 
483 167 
483 309 
483 7 
483 385 
483 420 
483 318 
483 323 
483 268 
483 551 
483 47 
483 530 
483 555 
483 146 
483 525 
483 320 
483 254 
483 119 
483 569 
483 487 
483 501 
483 317 
483 71 
483 295 
483 343 
483 446 
483 322 
483 505 
483 521 
483 226 
483 357 
483 338 
483 477 
483 452 
483 180 
483 205 
483 57 
483 423 
483 191 
483 241 
483 449 
483 409 
483 303 
483 485 
483 215 
483 456 
483 365 
483 287 
483 144 
483 579 
483 468 
483 580 
483 475 
483 207 
483 488 
483 2 
483 175 
483 246 
483 393 
483 156 
483 109 
483 445 
483 531 
483 529 
483 301 
483 55 
483 174 
483 493 
483 283 
483 414 
483 228 
483 179 
483 359 
483 585 
483 481 
483 354 
483 584 
483 321 
483 429 
483 340 
483 575 
483 436 
483 325 
483 335 
483 273 
483 491 
483 80 
483 271 
483 327 
483 457 
483 107 
483 0 
483 9 
483 26 
483 573 
483 572 
483 413 
483 183 
483 495 
483 84 
483 30 
483 315 
483 364 
483 25 
483 264 
483 24 
483 435 
483 506 
483 289 
483 466 
483 247 
483 587 
483 157 
483 566 
483 105 
483 421 
483 138 
483 448 
483 4 
483 552 
483 387 
483 562 
483 366 
483 292 
483 395 
483 232 
483 12 
483 576 
483 5 
483 431 
483 194 
483 169 
483 461 
483 463 
483 134 
483 54 
484 31 
484 352 
484 404 
484 305 
484 164 
484 462 
484 69 
484 373 
484 205 
484 39 
484 63 
484 313 
484 206 
484 110 
484 531 
484 524 
484 517 
484 117 
484 182 
484 212 
484 287 
484 515 
484 435 
484 299 
484 113 
484 416 
484 304 
484 248 
484 543 
484 260 
484 38 
484 359 
484 418 
484 427 
484 128 
484 498 
484 178 
484 27 
484 9 
484 224 
484 37 
484 331 
484 587 
484 456 
484 195 
484 436 
484 216 
484 157 
484 108 
484 152 
484 412 
484 328 
484 425 
484 493 
484 567 
484 257 
484 447 
484 16 
484 198 
484 548 
484 135 
484 252 
484 229 
484 463 
484 8 
484 51 
484 24 
484 78 
484 405 
484 14 
484 361 
484 174 
484 423 
484 499 
484 480 
484 17 
484 322 
484 475 
484 503 
484 491 
484 549 
484 124 
484 309 
484 560 
484 35 
484 10 
484 125 
484 474 
484 573 
484 497 
484 66 
484 575 
484 298 
484 308 
484 320 
484 177 
484 554 
484 442 
484 450 
484 276 
484 441 
484 478 
484 127 
484 516 
484 464 
484 280 
484 532 
484 61 
484 318 
484 370 
484 166 
484 271 
484 214 
484 547 
484 163 
484 581 
484 335 
484 190 
484 310 
484 199 
484 147 
484 244 
484 583 
484 490 
484 444 
484 264 
484 466 
484 389 
484 494 
484 319 
484 210 
484 492 
484 417 
484 572 
484 134 
484 95 
484 530 
484 349 
484 562 
484 465 
484 315 
484 563 
484 426 
484 148 
484 242 
484 334 
484 272 
484 482 
484 123 
484 577 
484 211 
484 324 
484 267 
484 422 
484 245 
484 380 
484 481 
484 11 
484 15 
484 568 
484 57 
484 151 
484 88 
484 510 
484 534 
484 33 
484 489 
484 294 
484 457 
484 141 
484 556 
484 327 
484 139 
484 76 
484 140 
484 470 
484 158 
484 116 
484 215 
485 165 
485 31 
485 14 
485 217 
485 175 
485 369 
485 331 
485 208 
485 192 
485 379 
485 559 
485 9 
485 109 
485 98 
485 345 
485 307 
485 434 
485 37 
485 548 
485 33 
485 61 
485 67 
485 585 
485 119 
485 304 
485 481 
485 567 
485 52 
485 64 
485 396 
485 515 
485 422 
485 584 
485 441 
485 153 
485 55 
485 90 
485 378 
485 526 
485 201 
485 185 
485 266 
485 383 
485 306 
485 495 
485 322 
485 257 
485 373 
485 514 
485 572 
485 13 
485 291 
485 360 
485 510 
485 227 
485 390 
485 465 
485 215 
485 288 
485 100 
485 583 
485 170 
485 435 
485 253 
485 347 
485 27 
485 338 
485 182 
485 279 
485 339 
485 35 
485 261 
485 417 
485 219 
485 133 
485 236 
485 181 
485 538 
485 540 
485 357 
485 489 
485 177 
485 575 
485 163 
485 168 
485 62 
485 358 
485 297 
485 554 
485 284 
485 482 
485 419 
485 84 
485 359 
485 264 
485 386 
485 198 
485 543 
485 487 
485 74 
485 483 
485 267 
485 294 
485 79 
485 193 
485 469 
485 451 
485 408 
485 106 
485 30 
485 558 
485 516 
485 180 
485 293 
485 591 
485 375 
485 463 
485 372 
485 68 
485 128 
485 183 
485 6 
485 499 
485 464 
485 504 
485 58 
485 150 
485 503 
485 269 
485 323 
485 532 
485 344 
485 171 
485 244 
485 330 
485 169 
485 312 
485 325 
485 561 
485 404 
485 214 
485 362 
485 450 
485 115 
485 302 
485 34 
485 418 
485 1 
485 136 
485 99 
485 256 
485 230 
485 547 
485 164 
485 50 
485 5 
485 363 
485 265 
485 473 
485 46 
485 556 
485 242 
485 472 
485 246 
485 118 
485 353 
485 229 
485 10 
485 12 
485 332 
485 232 
485 69 
485 191 
485 81 
485 56 
485 255 
485 568 
485 562 
485 101 
485 83 
485 461 
485 579 
485 502 
485 123 
485 415 
485 551 
485 250 
485 221 
485 462 
485 57 
485 389 
485 333 
485 135 
485 155 
485 86 
485 258 
485 108 
486 578 
486 334 
486 235 
486 143 
486 58 
486 399 
486 475 
486 532 
486 298 
486 492 
486 302 
486 258 
486 396 
486 352 
486 95 
486 261 
486 566 
486 328 
486 230 
486 246 
486 353 
486 540 
486 528 
486 25 
486 341 
486 81 
486 433 
486 263 
486 529 
486 38 
486 127 
486 553 
486 591 
486 316 
486 348 
486 401 
486 203 
486 116 
486 249 
486 153 
486 506 
486 367 
486 121 
486 501 
486 524 
486 312 
486 234 
486 217 
486 218 
486 420 
486 213 
486 159 
486 373 
486 478 
486 487 
486 232 
486 188 
486 36 
486 129 
486 354 
486 436 
486 513 
486 531 
486 372 
486 175 
486 515 
486 327 
486 459 
486 421 
486 289 
486 272 
486 563 
486 193 
486 267 
486 323 
486 454 
486 335 
486 468 
486 495 
486 59 
486 130 
486 389 
486 533 
486 208 
486 346 
486 519 
486 365 
486 82 
486 427 
486 338 
486 206 
486 585 
486 147 
486 321 
486 8 
486 534 
486 347 
486 300 
486 574 
486 93 
486 518 
486 560 
486 125 
486 431 
486 142 
486 573 
486 257 
486 523 
486 52 
486 376 
486 70 
486 394 
486 557 
486 482 
486 158 
486 314 
486 445 
486 271 
486 269 
486 92 
486 562 
486 491 
486 209 
486 559 
486 66 
486 122 
486 275 
486 187 
486 57 
486 393 
486 219 
486 88 
486 332 
486 83 
486 480 
486 180 
486 583 
486 535 
486 204 
486 61 
486 73 
486 34 
486 458 
486 467 
486 239 
486 281 
486 216 
486 564 
486 259 
486 111 
486 221 
486 453 
486 512 
486 13 
486 509 
486 476 
486 508 
486 440 
486 441 
486 128 
486 183 
486 144 
486 181 
486 588 
486 276 
486 571 
486 579 
486 536 
486 474 
486 322 
486 527 
486 359 
486 165 
486 287 
486 134 
486 26 
487 2 
487 351 
487 66 
487 352 
487 148 
487 356 
487 530 
487 294 
487 550 
487 309 
487 23 
487 418 
487 123 
487 11 
487 475 
487 155 
487 98 
487 439 
487 463 
487 390 
487 29 
487 563 
487 402 
487 275 
487 393 
487 171 
487 529 
487 115 
487 493 
487 522 
487 544 
487 395 
487 126 
487 447 
487 385 
487 168 
487 192 
487 411 
487 455 
487 276 
487 139 
487 360 
487 592 
487 107 
487 366 
487 12 
487 32 
487 549 
487 553 
487 245 
487 165 
487 417 
487 469 
487 313 
487 263 
487 283 
487 271 
487 78 
487 559 
487 199 
487 375 
487 363 
487 442 
487 388 
487 383 
487 482 
487 212 
487 301 
487 138 
487 125 
487 43 
487 317 
487 7 
487 534 
487 137 
487 261 
487 394 
487 0 
487 205 
487 483 
487 486 
487 211 
487 474 
487 341 
487 577 
487 92 
487 357 
487 571 
487 468 
487 426 
487 176 
487 500 
487 277 
487 429 
487 59 
487 440 
487 265 
487 230 
487 461 
487 96 
487 217 
487 378 
487 190 
487 481 
487 305 
487 207 
487 416 
487 69 
487 485 
487 413 
487 488 
487 537 
487 65 
487 251 
487 322 
487 47 
487 576 
487 154 
487 520 
487 133 
487 21 
487 260 
487 60 
487 94 
487 102 
487 318 
487 391 
487 169 
487 9 
487 361 
487 296 
487 441 
487 303 
487 46 
487 376 
487 298 
487 188 
487 555 
487 438 
487 252 
487 146 
487 297 
487 340 
487 281 
487 258 
487 240 
487 178 
487 274 
487 194 
487 568 
487 196 
487 202 
487 91 
487 280 
487 564 
487 399 
487 365 
487 204 
487 67 
487 312 
487 224 
487 403 
487 215 
487 382 
487 89 
487 203 
487 345 
487 580 
487 57 
487 15 
487 20 
487 570 
487 344 
487 456 
487 257 
487 343 
487 583 
487 316 
487 135 
487 538 
487 387 
487 14 
487 432 
487 528 
487 567 
487 193 
487 136 
487 268 
487 569 
487 311 
487 100 
487 18 
487 246 
487 557 
487 273 
487 585 
487 524 
487 31 
487 406 
487 573 
487 454 
487 112 
487 335 
487 111 
487 62 
487 184 
488 364 
488 419 
488 530 
488 589 
488 504 
488 434 
488 529 
488 151 
488 399 
488 110 
488 425 
488 465 
488 450 
488 293 
488 130 
488 204 
488 214 
488 569 
488 508 
488 56 
488 551 
488 320 
488 59 
488 299 
488 73 
488 505 
488 140 
488 323 
488 243 
488 404 
488 435 
488 402 
488 119 
488 558 
488 439 
488 176 
488 343 
488 15 
488 171 
488 63 
488 384 
488 25 
488 395 
488 188 
488 194 
488 32 
488 181 
488 501 
488 380 
488 433 
488 182 
488 539 
488 370 
488 413 
488 405 
488 464 
488 257 
488 462 
488 479 
488 228 
488 427 
488 95 
488 300 
488 457 
488 285 
488 169 
488 14 
488 552 
488 10 
488 275 
488 64 
488 85 
488 87 
488 581 
488 443 
488 509 
488 568 
488 223 
488 65 
488 407 
488 46 
488 34 
488 157 
488 145 
488 71 
488 467 
488 45 
488 492 
488 6 
488 487 
488 517 
488 447 
488 101 
488 281 
488 316 
488 513 
488 495 
488 4 
488 277 
488 550 
488 563 
488 259 
488 483 
488 301 
488 146 
488 96 
488 167 
488 90 
488 422 
488 584 
488 361 
488 461 
488 453 
488 519 
488 312 
488 381 
488 276 
488 531 
488 362 
488 590 
488 401 
488 354 
488 518 
488 459 
488 319 
488 292 
488 489 
488 127 
488 177 
488 217 
488 36 
488 237 
488 446 
488 50 
488 265 
488 345 
488 21 
488 75 
488 287 
488 55 
488 16 
488 541 
488 100 
488 256 
488 424 
488 159 
488 60 
488 164 
488 334 
488 303 
488 279 
488 588 
488 423 
488 388 
488 360 
488 358 
488 77 
488 135 
488 104 
488 470 
488 5 
488 412 
488 19 
488 191 
488 115 
488 329 
488 111 
488 579 
488 31 
488 274 
488 8 
488 97 
488 150 
489 500 
489 254 
489 147 
489 154 
489 410 
489 136 
489 322 
489 577 
489 11 
489 248 
489 88 
489 108 
489 455 
489 98 
489 162 
489 219 
489 469 
489 299 
489 167 
489 437 
489 389 
489 356 
489 161 
489 473 
489 477 
489 176 
489 289 
489 558 
489 92 
489 220 
489 112 
489 374 
489 95 
489 251 
489 300 
489 26 
489 360 
489 395 
489 351 
489 586 
489 173 
489 179 
489 241 
489 159 
489 292 
489 104 
489 419 
489 238 
489 268 
489 143 
489 228 
489 328 
489 54 
489 202 
489 15 
489 548 
489 25 
489 585 
489 424 
489 540 
489 288 
489 584 
489 308 
489 485 
489 414 
489 149 
489 269 
489 100 
489 372 
489 418 
489 526 
489 536 
489 270 
489 554 
489 23 
489 342 
489 10 
489 574 
489 258 
489 30 
489 568 
489 333 
489 427 
489 513 
489 567 
489 63 
489 560 
489 579 
489 464 
489 397 
489 357 
489 101 
489 253 
489 405 
489 41 
489 218 
489 359 
489 250 
489 84 
489 497 
489 330 
489 24 
489 304 
489 157 
489 58 
489 352 
489 216 
489 482 
489 517 
489 107 
489 422 
489 380 
489 493 
489 285 
489 582 
489 524 
489 128 
489 21 
489 492 
489 550 
489 488 
489 390 
489 109 
489 246 
489 126 
489 535 
489 491 
489 1 
489 226 
489 261 
489 204 
489 423 
489 400 
489 450 
489 96 
489 131 
489 206 
489 570 
489 18 
489 280 
489 170 
489 520 
489 311 
489 329 
489 201 
489 133 
489 189 
489 67 
489 47 
489 277 
489 379 
489 501 
489 408 
489 337 
489 85 
489 160 
489 377 
489 484 
489 182 
489 196 
489 17 
489 296 
489 274 
489 198 
489 318 
489 546 
489 294 
489 287 
489 478 
489 498 
489 425 
489 282 
489 6 
489 3 
489 62 
490 504 
490 183 
490 226 
490 454 
490 433 
490 40 
490 285 
490 206 
490 379 
490 400 
490 507 
490 230 
490 217 
490 100 
490 395 
490 295 
490 450 
490 258 
490 231 
490 33 
490 254 
490 74 
490 581 
490 246 
490 352 
490 22 
490 518 
490 335 
490 186 
490 577 
490 82 
490 36 
490 309 
490 503 
490 332 
490 388 
490 16 
490 122 
490 551 
490 585 
490 515 
490 492 
490 393 
490 342 
490 280 
490 150 
490 571 
490 263 
490 215 
490 178 
490 305 
490 544 
490 347 
490 144 
490 533 
490 554 
490 43 
490 276 
490 416 
490 493 
490 343 
490 521 
490 112 
490 528 
490 465 
490 510 
490 471 
490 251 
490 563 
490 360 
490 421 
490 394 
490 415 
490 572 
490 106 
490 190 
490 172 
490 249 
490 480 
490 218 
490 96 
490 562 
490 90 
490 165 
490 364 
490 420 
490 110 
490 592 
490 268 
490 499 
490 72 
490 273 
490 222 
490 174 
490 337 
490 463 
490 107 
490 338 
490 536 
490 114 
490 203 
490 147 
490 381 
490 452 
490 41 
490 212 
490 502 
490 57 
490 417 
490 566 
490 175 
490 177 
490 476 
490 484 
490 48 
490 2 
490 363 
490 31 
490 475 
490 377 
490 321 
490 113 
490 266 
490 386 
490 586 
490 274 
490 81 
490 370 
490 179 
490 1 
490 84 
490 545 
490 362 
490 197 
490 579 
490 464 
490 227 
490 330 
490 376 
490 131 
490 378 
490 120 
490 287 
490 19 
490 284 
490 94 
490 569 
490 42 
490 481 
490 372 
490 406 
490 520 
490 404 
490 384 
490 142 
490 187 
490 387 
490 45 
490 223 
490 191 
490 170 
490 424 
490 92 
490 348 
490 49 
490 462 
490 32 
490 7 
490 6 
490 582 
490 282 
491 477 
491 195 
491 423 
491 206 
491 95 
491 0 
491 385 
491 243 
491 225 
491 501 
491 531 
491 524 
491 534 
491 441 
491 315 
491 129 
491 176 
491 100 
491 70 
491 298 
491 102 
491 395 
491 26 
491 268 
491 439 
491 331 
491 530 
491 186 
491 418 
491 257 
491 408 
491 146 
491 274 
491 307 
491 193 
491 5 
491 272 
491 592 
491 340 
491 56 
491 161 
491 352 
491 9 
491 535 
491 105 
491 42 
491 443 
491 577 
491 162 
491 328 
491 278 
491 252 
491 320 
491 566 
491 21 
491 543 
491 591 
491 157 
491 71 
491 54 
491 386 
491 357 
491 219 
491 123 
491 455 
491 98 
491 209 
491 84 
491 11 
491 421 
491 259 
491 8 
491 550 
491 107 
491 170 
491 334 
491 228 
491 446 
491 289 
491 202 
491 284 
491 567 
491 560 
491 66 
491 1 
491 74 
491 2 
491 167 
491 510 
491 323 
491 344 
491 207 
491 462 
491 126 
491 198 
491 572 
491 265 
491 484 
491 309 
491 528 
491 125 
491 187 
491 442 
491 262 
491 405 
491 354 
491 143 
491 64 
491 247 
491 52 
491 221 
491 382 
491 188 
491 584 
491 181 
491 469 
491 397 
491 475 
491 364 
491 24 
491 463 
491 77 
491 111 
491 366 
491 117 
491 536 
491 389 
491 474 
491 360 
491 419 
491 255 
491 367 
491 452 
491 523 
491 76 
491 154 
491 13 
491 436 
491 29 
491 294 
491 379 
491 264 
491 192 
491 486 
491 258 
491 413 
491 152 
491 31 
491 432 
491 489 
491 478 
491 483 
491 137 
491 586 
491 263 
491 140 
491 493 
491 267 
491 502 
491 234 
491 370 
491 363 
491 286 
491 447 
491 336 
491 393 
491 93 
491 179 
491 450 
491 434 
491 361 
491 231 
491 438 
491 588 
491 565 
491 223 
491 210 
491 338 
491 416 
491 290 
491 293 
491 473 
491 65 
491 351 
491 587 
491 153 
491 504 
491 527 
491 218 
491 197 
491 174 
491 303 
491 269 
491 10 
491 292 
491 110 
491 121 
491 99 
491 7 
491 409 
491 145 
492 475 
492 235 
492 10 
492 431 
492 190 
492 439 
492 554 
492 486 
492 444 
492 215 
492 469 
492 419 
492 414 
492 516 
492 1 
492 541 
492 90 
492 97 
492 583 
492 131 
492 507 
492 396 
492 453 
492 338 
492 99 
492 259 
492 221 
492 19 
492 55 
492 152 
492 30 
492 591 
492 139 
492 561 
492 267 
492 522 
492 585 
492 148 
492 483 
492 144 
492 432 
492 279 
492 3 
492 229 
492 349 
492 149 
492 566 
492 250 
492 490 
492 390 
492 34 
492 277 
492 433 
492 112 
492 558 
492 518 
492 298 
492 442 
492 285 
492 477 
492 128 
492 135 
492 233 
492 358 
492 521 
492 87 
492 408 
492 471 
492 219 
492 536 
492 317 
492 20 
492 42 
492 147 
492 498 
492 335 
492 119 
492 52 
492 381 
492 336 
492 454 
492 325 
492 202 
492 331 
492 186 
492 136 
492 488 
492 550 
492 48 
492 368 
492 416 
492 67 
492 116 
492 295 
492 479 
492 280 
492 306 
492 166 
492 113 
492 12 
492 404 
492 371 
492 92 
492 231 
492 75 
492 209 
492 6 
492 528 
492 542 
492 183 
492 586 
492 38 
492 36 
492 73 
492 239 
492 425 
492 106 
492 145 
492 124 
492 208 
492 520 
492 441 
492 560 
492 213 
492 255 
492 256 
492 120 
492 299 
492 189 
492 352 
492 237 
492 446 
492 105 
492 382 
492 489 
492 164 
492 22 
492 484 
492 197 
492 409 
492 82 
492 393 
492 312 
492 506 
492 18 
492 222 
492 318 
492 86 
492 32 
492 519 
492 121 
492 272 
492 158 
492 217 
492 385 
492 76 
492 493 
492 178 
492 263 
492 125 
492 25 
492 46 
492 534 
492 174 
492 571 
492 169 
492 188 
492 573 
492 495 
492 211 
492 16 
492 33 
492 476 
492 181 
492 289 
492 253 
492 265 
492 458 
492 334 
492 103 
492 480 
492 85 
492 196 
492 515 
492 284 
492 206 
492 70 
492 177 
492 5 
492 511 
492 78 
492 39 
493 55 
493 356 
493 394 
493 539 
493 398 
493 592 
493 574 
493 551 
493 498 
493 189 
493 552 
493 343 
493 64 
493 357 
493 192 
493 67 
493 385 
493 35 
493 225 
493 244 
493 214 
493 487 
493 22 
493 569 
493 173 
493 13 
493 52 
493 239 
493 48 
493 288 
493 176 
493 575 
493 296 
493 447 
493 347 
493 554 
493 478 
493 163 
493 248 
493 252 
493 66 
493 330 
493 467 
493 544 
493 542 
493 376 
493 71 
493 448 
493 76 
493 301 
493 317 
493 546 
493 484 
493 133 
493 529 
493 455 
493 260 
493 181 
493 251 
493 572 
493 361 
493 320 
493 476 
493 490 
493 345 
493 576 
493 469 
493 306 
493 316 
493 421 
493 380 
493 443 
493 524 
493 318 
493 348 
493 462 
493 19 
493 374 
493 521 
493 90 
493 147 
493 224 
493 533 
493 461 
493 61 
493 519 
493 247 
493 310 
493 148 
493 407 
493 49 
493 589 
493 391 
493 3 
493 322 
493 333 
493 30 
493 434 
493 433 
493 571 
493 565 
493 188 
493 267 
493 122 
493 101 
493 107 
493 24 
493 166 
493 483 
493 270 
493 63 
493 489 
493 20 
493 438 
493 221 
493 507 
493 202 
493 337 
493 144 
493 584 
493 327 
493 178 
493 190 
493 445 
493 39 
493 526 
493 56 
493 536 
493 124 
493 516 
493 362 
493 350 
493 312 
493 25 
493 331 
493 491 
493 360 
493 138 
493 32 
493 429 
493 432 
493 399 
493 540 
493 492 
493 15 
493 359 
493 460 
493 201 
493 494 
493 514 
493 418 
493 7 
493 44 
493 65 
493 18 
493 400 
493 426 
493 240 
493 382 
493 59 
493 85 
493 21 
493 528 
493 79 
493 158 
493 277 
493 213 
493 242 
493 338 
493 23 
493 286 
493 535 
493 500 
493 342 
493 5 
493 34 
493 505 
493 444 
493 186 
493 402 
493 4 
494 185 
494 178 
494 414 
494 193 
494 504 
494 274 
494 512 
494 530 
494 40 
494 508 
494 24 
494 4 
494 233 
494 194 
494 27 
494 381 
494 68 
494 285 
494 160 
494 371 
494 523 
494 107 
494 360 
494 20 
494 541 
494 335 
494 396 
494 234 
494 223 
494 433 
494 401 
494 125 
494 78 
494 188 
494 135 
494 587 
494 208 
494 581 
494 86 
494 301 
494 96 
494 287 
494 516 
494 292 
494 95 
494 460 
494 405 
494 574 
494 100 
494 439 
494 364 
494 265 
494 415 
494 573 
494 437 
494 441 
494 394 
494 184 
494 378 
494 288 
494 498 
494 173 
494 64 
494 411 
494 522 
494 427 
494 44 
494 284 
494 47 
494 305 
494 79 
494 261 
494 362 
494 555 
494 198 
494 93 
494 567 
494 443 
494 367 
494 81 
494 5 
494 171 
494 98 
494 129 
494 404 
494 220 
494 256 
494 41 
494 116 
494 277 
494 180 
494 14 
494 76 
494 329 
494 589 
494 91 
494 159 
494 413 
494 586 
494 227 
494 291 
494 545 
494 476 
494 539 
494 245 
494 420 
494 189 
494 479 
494 467 
494 211 
494 542 
494 124 
494 388 
494 219 
494 562 
494 117 
494 58 
494 496 
494 514 
494 521 
494 153 
494 473 
494 484 
494 350 
494 216 
494 244 
494 38 
494 209 
494 347 
494 105 
494 204 
494 61 
494 426 
494 469 
494 406 
494 13 
494 403 
494 449 
494 43 
494 10 
494 369 
494 162 
494 120 
494 37 
494 507 
494 145 
494 215 
494 348 
494 577 
494 579 
494 113 
494 493 
494 416 
494 324 
494 126 
494 278 
494 118 
494 392 
494 22 
494 128 
494 77 
494 345 
494 0 
494 39 
494 53 
494 407 
494 138 
494 342 
494 477 
494 32 
494 549 
494 33 
494 318 
494 66 
494 102 
495 496 
495 478 
495 551 
495 302 
495 296 
495 443 
495 562 
495 129 
495 34 
495 36 
495 114 
495 137 
495 159 
495 436 
495 576 
495 459 
495 157 
495 195 
495 564 
495 139 
495 93 
495 586 
495 403 
495 558 
495 290 
495 61 
495 121 
495 401 
495 208 
495 236 
495 268 
495 458 
495 213 
495 263 
495 75 
495 444 
495 355 
495 316 
495 175 
495 485 
495 344 
495 26 
495 202 
495 500 
495 358 
495 363 
495 364 
495 79 
495 560 
495 165 
495 440 
495 193 
495 356 
495 552 
495 517 
495 399 
495 405 
495 214 
495 301 
495 275 
495 287 
495 473 
495 44 
495 431 
495 585 
495 130 
495 368 
495 373 
495 146 
495 320 
495 371 
495 95 
495 367 
495 16 
495 43 
495 204 
495 512 
495 335 
495 174 
495 234 
495 264 
495 222 
495 78 
495 239 
495 486 
495 64 
495 187 
495 503 
495 465 
495 312 
495 322 
495 314 
495 388 
495 237 
495 342 
495 229 
495 77 
495 184 
495 488 
495 467 
495 546 
495 504 
495 550 
495 244 
495 566 
495 397 
495 549 
495 228 
495 27 
495 28 
495 385 
495 377 
495 265 
495 48 
495 246 
495 533 
495 513 
495 209 
495 284 
495 6 
495 63 
495 106 
495 509 
495 223 
495 309 
495 25 
495 347 
495 541 
495 14 
495 5 
495 112 
495 362 
495 39 
495 556 
495 505 
495 483 
495 329 
495 135 
495 346 
495 266 
495 410 
495 492 
495 138 
495 427 
495 338 
495 476 
495 255 
495 8 
495 203 
495 369 
495 470 
495 548 
495 120 
495 417 
495 37 
495 587 
495 212 
495 18 
495 530 
495 116 
495 390 
495 526 
495 293 
495 185 
495 305 
496 495 
496 166 
496 60 
496 381 
496 111 
496 272 
496 331 
496 282 
496 189 
496 197 
496 214 
496 520 
496 519 
496 341 
496 447 
496 346 
496 465 
496 241 
496 418 
496 406 
496 301 
496 400 
496 451 
496 544 
496 581 
496 122 
496 180 
496 62 
496 129 
496 556 
496 193 
496 89 
496 31 
496 18 
496 297 
496 308 
496 292 
496 402 
496 440 
496 386 
496 3 
496 437 
496 84 
496 299 
496 198 
496 399 
496 428 
496 348 
496 426 
496 461 
496 431 
496 91 
496 293 
496 281 
496 456 
496 527 
496 403 
496 250 
496 170 
496 446 
496 286 
496 248 
496 367 
496 510 
496 585 
496 369 
496 242 
496 504 
496 168 
496 475 
496 196 
496 310 
496 322 
496 548 
496 502 
496 58 
496 233 
496 395 
496 223 
496 298 
496 268 
496 275 
496 16 
496 376 
496 300 
496 565 
496 507 
496 423 
496 289 
496 314 
496 57 
496 579 
496 211 
496 378 
496 463 
496 255 
496 374 
496 540 
496 147 
496 123 
496 80 
496 154 
496 103 
496 264 
496 7 
496 365 
496 162 
496 114 
496 216 
496 137 
496 5 
496 164 
496 522 
496 179 
496 538 
496 375 
496 265 
496 557 
496 77 
496 271 
496 71 
496 152 
496 425 
496 332 
496 215 
496 583 
496 501 
496 591 
496 169 
496 586 
496 8 
496 36 
496 494 
496 525 
496 467 
496 109 
496 174 
496 279 
496 106 
496 151 
496 10 
496 526 
496 160 
496 135 
496 283 
496 230 
496 136 
496 339 
496 560 
496 306 
496 220 
496 416 
496 470 
496 354 
496 370 
496 323 
496 203 
496 291 
496 380 
496 500 
496 140 
496 240 
496 324 
496 53 
496 584 
496 124 
496 28 
496 567 
496 517 
496 311 
496 38 
496 81 
496 303 
496 20 
496 566 
496 590 
496 521 
496 587 
496 78 
496 222 
497 176 
497 232 
497 175 
497 436 
497 359 
497 429 
497 350 
497 503 
497 386 
497 328 
497 84 
497 589 
497 586 
497 100 
497 413 
497 580 
497 149 
497 316 
497 548 
497 337 
497 83 
497 201 
497 523 
497 31 
497 425 
497 73 
497 56 
497 399 
497 543 
497 442 
497 360 
497 268 
497 415 
497 52 
497 304 
497 300 
497 54 
497 266 
497 65 
497 404 
497 529 
497 203 
497 67 
497 317 
497 542 
497 371 
497 462 
497 63 
497 37 
497 191 
497 574 
497 390 
497 411 
497 248 
497 163 
497 220 
497 482 
497 301 
497 217 
497 451 
497 182 
497 28 
497 257 
497 13 
497 565 
497 7 
497 171 
497 225 
497 468 
497 434 
497 302 
497 60 
497 288 
497 549 
497 373 
497 305 
497 183 
497 93 
497 198 
497 428 
497 534 
497 21 
497 2 
497 36 
497 22 
497 484 
497 278 
497 209 
497 114 
497 4 
497 364 
497 137 
497 387 
497 470 
497 544 
497 138 
497 583 
497 545 
497 133 
497 513 
497 489 
497 59 
497 70 
497 525 
497 560 
497 81 
497 332 
497 477 
497 263 
497 14 
497 424 
497 273 
497 450 
497 577 
497 16 
497 239 
497 372 
497 0 
497 396 
497 139 
497 55 
497 573 
497 47 
497 444 
497 99 
497 236 
497 418 
497 550 
497 431 
497 518 
497 255 
497 186 
497 528 
497 69 
497 262 
497 314 
497 383 
497 409 
497 318 
497 358 
497 116 
497 237 
497 329 
497 105 
497 145 
497 44 
497 320 
497 441 
497 253 
497 402 
497 478 
497 202 
497 384 
497 391 
497 473 
497 569 
497 204 
497 536 
497 50 
497 590 
497 460 
497 469 
497 532 
497 499 
497 438 
497 5 
497 327 
497 280 
497 74 
497 521 
497 334 
497 510 
497 156 
497 227 
497 279 
497 312 
497 592 
497 125 
497 147 
497 230 
497 401 
497 17 
498 141 
498 165 
498 113 
498 79 
498 413 
498 506 
498 138 
498 422 
498 263 
498 133 
498 466 
498 308 
498 246 
498 109 
498 493 
498 388 
498 442 
498 219 
498 94 
498 166 
498 120 
498 243 
498 265 
498 335 
498 479 
498 11 
498 318 
498 312 
498 213 
498 239 
498 316 
498 111 
498 34 
498 254 
498 6 
498 30 
498 99 
498 347 
498 484 
498 406 
498 95 
498 350 
498 16 
498 187 
498 538 
498 126 
498 576 
498 309 
498 291 
498 402 
498 567 
498 568 
498 543 
498 394 
498 542 
498 387 
498 224 
498 525 
498 540 
498 230 
498 467 
498 67 
498 114 
498 494 
498 115 
498 147 
498 322 
498 536 
498 1 
498 533 
498 176 
498 353 
498 504 
498 88 
498 86 
498 492 
498 128 
498 92 
498 209 
498 499 
498 320 
498 474 
498 294 
498 228 
498 424 
498 340 
498 174 
498 168 
498 334 
498 188 
498 52 
498 122 
498 361 
498 513 
498 32 
498 210 
498 107 
498 471 
498 135 
498 517 
498 553 
498 514 
498 539 
498 80 
498 261 
498 574 
498 282 
498 354 
498 581 
498 288 
498 283 
498 371 
498 530 
498 323 
498 357 
498 181 
498 240 
498 448 
498 74 
498 575 
498 461 
498 378 
498 557 
498 449 
498 338 
498 116 
498 226 
498 317 
498 481 
498 299 
498 278 
498 409 
498 36 
498 297 
498 12 
498 407 
498 29 
498 287 
498 62 
498 544 
498 434 
498 247 
498 260 
498 456 
498 433 
498 482 
498 221 
498 531 
498 432 
498 345 
498 167 
498 327 
498 520 
498 551 
498 53 
498 211 
498 560 
498 175 
498 566 
498 300 
498 108 
498 512 
498 250 
498 511 
498 87 
498 244 
498 271 
498 476 
498 73 
498 415 
498 164 
498 365 
498 489 
498 382 
498 264 
498 84 
498 47 
498 373 
498 14 
499 209 
499 44 
499 317 
499 19 
499 123 
499 41 
499 533 
499 315 
499 334 
499 464 
499 81 
499 192 
499 232 
499 1 
499 106 
499 480 
499 505 
499 66 
499 542 
499 527 
499 500 
499 476 
499 14 
499 155 
499 130 
499 384 
499 421 
499 286 
499 406 
499 119 
499 113 
499 139 
499 278 
499 537 
499 536 
499 288 
499 279 
499 385 
499 310 
499 16 
499 304 
499 590 
499 149 
499 204 
499 243 
499 205 
499 297 
499 255 
499 227 
499 592 
499 169 
499 293 
499 277 
499 466 
499 32 
499 468 
499 429 
499 15 
499 518 
499 238 
499 252 
499 520 
499 525 
499 534 
499 248 
499 340 
499 90 
499 584 
499 10 
499 61 
499 404 
499 352 
499 484 
499 344 
499 319 
499 179 
499 515 
499 11 
499 196 
499 587 
499 68 
499 13 
499 403 
499 392 
499 217 
499 59 
499 498 
499 176 
499 471 
499 573 
499 434 
499 30 
499 265 
499 541 
499 121 
499 143 
499 6 
499 172 
499 203 
499 270 
499 221 
499 154 
499 490 
499 127 
499 98 
499 74 
499 447 
499 223 
499 377 
499 316 
499 373 
499 165 
499 405 
499 308 
499 152 
499 146 
499 485 
499 299 
499 258 
499 226 
499 284 
499 233 
499 198 
499 461 
499 578 
499 439 
499 554 
499 241 
499 283 
499 225 
499 431 
499 399 
499 183 
499 374 
499 161 
499 467 
499 540 
499 410 
499 474 
499 503 
499 69 
499 218 
499 67 
499 539 
499 550 
499 147 
499 513 
499 21 
499 162 
499 263 
499 37 
499 0 
499 576 
499 20 
499 186 
499 339 
499 100 
499 497 
499 510 
499 80 
499 426 
499 372 
499 335 
499 302 
499 257 
499 212 
499 166 
499 546 
499 62 
499 164 
499 56 
499 101 
499 71 
499 424 
499 349 
499 437 
499 138 
499 65 
500 76 
500 489 
500 246 
500 415 
500 442 
500 439 
500 552 
500 150 
500 560 
500 429 
500 351 
500 184 
500 468 
500 582 
500 254 
500 476 
500 69 
500 499 
500 107 
500 129 
500 401 
500 195 
500 243 
500 407 
500 188 
500 135 
500 508 
500 548 
500 475 
500 363 
500 27 
500 481 
500 253 
500 63 
500 517 
500 530 
500 443 
500 474 
500 162 
500 339 
500 366 
500 576 
500 479 
500 141 
500 101 
500 13 
500 362 
500 86 
500 509 
500 230 
500 549 
500 232 
500 413 
500 495 
500 537 
500 360 
500 219 
500 564 
500 10 
500 0 
500 161 
500 5 
500 31 
500 502 
500 344 
500 589 
500 16 
500 577 
500 372 
500 383 
500 331 
500 200 
500 281 
500 512 
500 187 
500 480 
500 450 
500 387 
500 504 
500 414 
500 487 
500 55 
500 169 
500 440 
500 328 
500 556 
500 19 
500 536 
500 519 
500 67 
500 139 
500 236 
500 396 
500 8 
500 471 
500 238 
500 524 
500 268 
500 461 
500 293 
500 39 
500 182 
500 212 
500 53 
500 21 
500 198 
500 454 
500 6 
500 201 
500 522 
500 24 
500 431 
500 472 
500 330 
500 96 
500 211 
500 143 
500 56 
500 575 
500 299 
500 369 
500 428 
500 590 
500 516 
500 93 
500 174 
500 37 
500 462 
500 149 
500 315 
500 137 
500 122 
500 118 
500 334 
500 45 
500 84 
500 373 
500 155 
500 531 
500 220 
500 144 
500 225 
500 546 
500 247 
500 50 
500 296 
500 61 
500 111 
500 125 
500 276 
500 378 
500 147 
500 172 
500 540 
500 381 
500 286 
500 496 
500 394 
500 80 
500 520 
500 133 
500 291 
500 215 
500 163 
500 74 
500 567 
500 25 
500 376 
500 64 
500 48 
500 409 
500 514 
500 270 
500 493 
500 22 
500 316 
500 422 
500 469 
500 168 
500 569 
500 77 
500 386 
500 140 
500 533 
500 478 
501 148 
501 325 
501 247 
501 358 
501 491 
501 436 
501 104 
501 195 
501 576 
501 316 
501 268 
501 15 
501 76 
501 79 
501 527 
501 398 
501 317 
501 10 
501 265 
501 97 
501 308 
501 472 
501 157 
501 13 
501 58 
501 186 
501 213 
501 464 
501 103 
501 106 
501 29 
501 554 
501 122 
501 560 
501 520 
501 433 
501 486 
501 44 
501 488 
501 553 
501 130 
501 242 
501 302 
501 243 
501 100 
501 284 
501 251 
501 438 
501 330 
501 483 
501 144 
501 154 
501 127 
501 32 
501 72 
501 575 
501 7 
501 504 
501 443 
501 540 
501 377 
501 393 
501 62 
501 357 
501 570 
501 573 
501 361 
501 270 
501 513 
501 478 
501 416 
501 482 
501 68 
501 372 
501 589 
501 349 
501 99 
501 269 
501 205 
501 202 
501 311 
501 533 
501 255 
501 569 
501 88 
501 559 
501 78 
501 31 
501 146 
501 496 
501 447 
501 51 
501 264 
501 414 
501 55 
501 511 
501 307 
501 47 
501 199 
501 222 
501 466 
501 327 
501 162 
501 346 
501 53 
501 0 
501 23 
501 230 
501 397 
501 108 
501 262 
501 94 
501 124 
501 424 
501 370 
501 298 
501 446 
501 366 
501 549 
501 390 
501 176 
501 211 
501 328 
501 360 
501 585 
501 114 
501 187 
501 234 
501 556 
501 465 
501 169 
501 552 
501 20 
501 489 
501 287 
501 407 
501 435 
501 60 
501 90 
501 64 
501 273 
501 81 
501 133 
501 326 
501 348 
501 12 
501 82 
501 218 
501 189 
501 387 
501 344 
501 467 
501 168 
501 171 
501 568 
501 261 
501 11 
501 584 
501 24 
501 421 
501 120 
501 502 
501 450 
501 323 
502 429 
502 100 
502 269 
502 207 
502 36 
502 416 
502 466 
502 236 
502 187 
502 295 
502 341 
502 15 
502 206 
502 483 
502 29 
502 479 
502 375 
502 352 
502 232 
502 58 
502 517 
502 454 
502 509 
502 580 
502 418 
502 378 
502 109 
502 3 
502 86 
502 266 
502 300 
502 455 
502 31 
502 337 
502 253 
502 528 
502 230 
502 356 
502 359 
502 140 
502 462 
502 32 
502 561 
502 315 
502 13 
502 500 
502 321 
502 589 
502 536 
502 409 
502 506 
502 376 
502 496 
502 314 
502 448 
502 170 
502 427 
502 563 
502 586 
502 181 
502 421 
502 446 
502 463 
502 125 
502 588 
502 111 
502 571 
502 231 
502 565 
502 191 
502 35 
502 339 
502 92 
502 238 
502 139 
502 309 
502 478 
502 397 
502 562 
502 64 
502 164 
502 62 
502 185 
502 298 
502 552 
502 110 
502 569 
502 294 
502 104 
502 192 
502 235 
502 336 
502 383 
502 99 
502 220 
502 428 
502 289 
502 275 
502 361 
502 490 
502 10 
502 145 
502 251 
502 180 
502 382 
502 410 
502 240 
502 49 
502 274 
502 518 
502 452 
502 4 
502 516 
502 21 
502 177 
502 239 
502 444 
502 438 
502 154 
502 108 
502 38 
502 75 
502 334 
502 491 
502 208 
502 350 
502 407 
502 441 
502 387 
502 323 
502 544 
502 443 
502 360 
502 546 
502 566 
502 423 
502 471 
502 137 
502 396 
502 156 
502 18 
502 165 
502 384 
502 340 
502 70 
502 485 
502 514 
502 511 
502 508 
502 27 
502 248 
502 354 
502 114 
502 461 
502 302 
502 408 
502 501 
502 19 
502 255 
503 431 
503 392 
503 459 
503 386 
503 77 
503 448 
503 13 
503 497 
503 309 
503 313 
503 537 
503 567 
503 429 
503 7 
503 192 
503 125 
503 395 
503 470 
503 280 
503 247 
503 213 
503 9 
503 490 
503 238 
503 90 
503 510 
503 211 
503 137 
503 146 
503 557 
503 454 
503 436 
503 504 
503 452 
503 199 
503 127 
503 408 
503 220 
503 103 
503 545 
503 25 
503 353 
503 532 
503 307 
503 424 
503 299 
503 153 
503 164 
503 558 
503 352 
503 226 
503 526 
503 583 
503 122 
503 451 
503 445 
503 535 
503 484 
503 167 
503 343 
503 99 
503 391 
503 342 
503 273 
503 194 
503 303 
503 133 
503 311 
503 495 
503 433 
503 479 
503 316 
503 405 
503 327 
503 256 
503 179 
503 136 
503 574 
503 54 
503 160 
503 183 
503 28 
503 105 
503 419 
503 475 
503 561 
503 469 
503 74 
503 36 
503 37 
503 437 
503 430 
503 340 
503 144 
503 40 
503 318 
503 396 
503 379 
503 523 
503 89 
503 402 
503 506 
503 485 
503 271 
503 56 
503 184 
503 1 
503 346 
503 92 
503 359 
503 288 
503 380 
503 281 
503 361 
503 265 
503 39 
503 453 
503 98 
503 58 
503 32 
503 466 
503 296 
503 529 
503 163 
503 151 
503 509 
503 181 
503 292 
503 499 
503 2 
503 138 
503 102 
503 18 
503 407 
503 548 
503 198 
503 415 
503 147 
503 248 
503 591 
503 112 
503 550 
503 447 
503 208 
503 555 
503 363 
503 305 
503 52 
503 570 
503 69 
503 524 
503 193 
503 149 
503 375 
503 460 
503 400 
503 94 
503 582 
503 590 
503 331 
503 290 
503 279 
503 543 
503 378 
503 100 
503 48 
503 111 
503 43 
503 158 
503 258 
503 374 
503 252 
503 358 
503 29 
503 228 
504 137 
504 490 
504 438 
504 385 
504 58 
504 391 
504 488 
504 346 
504 229 
504 315 
504 513 
504 207 
504 592 
504 494 
504 30 
504 106 
504 476 
504 197 
504 453 
504 184 
504 208 
504 36 
504 278 
504 421 
504 352 
504 63 
504 579 
504 399 
504 214 
504 518 
504 441 
504 512 
504 1 
504 322 
504 556 
504 52 
504 31 
504 397 
504 335 
504 324 
504 267 
504 313 
504 78 
504 129 
504 95 
504 581 
504 225 
504 43 
504 46 
504 178 
504 533 
504 170 
504 300 
504 549 
504 503 
504 367 
504 173 
504 330 
504 125 
504 577 
504 67 
504 576 
504 148 
504 84 
504 224 
504 582 
504 341 
504 469 
504 127 
504 372 
504 363 
504 417 
504 233 
504 526 
504 108 
504 496 
504 220 
504 262 
504 359 
504 309 
504 406 
504 532 
504 24 
504 252 
504 251 
504 296 
504 126 
504 360 
504 500 
504 474 
504 409 
504 511 
504 501 
504 333 
504 85 
504 383 
504 498 
504 290 
504 510 
504 462 
504 540 
504 241 
504 87 
504 186 
504 102 
504 392 
504 122 
504 460 
504 357 
504 259 
504 139 
504 196 
504 190 
504 442 
504 3 
504 57 
504 321 
504 376 
504 150 
504 412 
504 231 
504 495 
504 458 
504 284 
504 293 
504 234 
504 470 
504 135 
504 430 
504 247 
504 295 
504 547 
504 435 
504 185 
504 485 
504 215 
504 452 
504 166 
504 351 
504 304 
504 161 
504 157 
504 93 
504 371 
504 70 
504 37 
504 557 
504 181 
504 56 
504 520 
504 172 
504 529 
504 519 
504 471 
504 202 
504 118 
504 22 
504 403 
504 571 
504 50 
504 89 
504 375 
504 514 
504 515 
504 481 
504 105 
504 545 
504 589 
504 559 
504 258 
504 76 
504 38 
504 451 
504 4 
504 337 
504 110 
504 319 
504 13 
504 457 
504 119 
504 294 
504 115 
504 584 
504 223 
504 535 
504 491 
504 420 
504 179 
504 587 
504 53 
504 555 
504 12 
504 405 
504 527 
505 269 
505 135 
505 387 
505 99 
505 537 
505 139 
505 565 
505 54 
505 122 
505 425 
505 282 
505 128 
505 312 
505 499 
505 17 
505 445 
505 71 
505 235 
505 345 
505 275 
505 384 
505 258 
505 488 
505 376 
505 270 
505 519 
505 49 
505 580 
505 435 
505 363 
505 207 
505 156 
505 308 
505 123 
505 30 
505 249 
505 465 
505 331 
505 399 
505 69 
505 265 
505 52 
505 223 
505 252 
505 8 
505 567 
505 53 
505 12 
505 324 
505 482 
505 188 
505 507 
505 26 
505 375 
505 260 
505 366 
505 286 
505 466 
505 401 
505 165 
505 234 
505 86 
505 161 
505 483 
505 210 
505 533 
505 305 
505 130 
505 518 
505 295 
505 60 
505 333 
505 539 
505 557 
505 46 
505 125 
505 377 
505 62 
505 478 
505 159 
505 388 
505 556 
505 118 
505 368 
505 56 
505 350 
505 88 
505 441 
505 283 
505 230 
505 328 
505 402 
505 148 
505 209 
505 195 
505 233 
505 346 
505 559 
505 10 
505 85 
505 257 
505 40 
505 584 
505 480 
505 158 
505 408 
505 468 
505 202 
505 362 
505 65 
505 50 
505 540 
505 348 
505 152 
505 109 
505 264 
505 508 
505 3 
505 462 
505 287 
505 420 
505 406 
505 244 
505 453 
505 530 
505 532 
505 566 
505 392 
505 39 
505 193 
505 299 
505 94 
505 432 
505 339 
505 442 
505 183 
505 117 
505 495 
505 124 
505 352 
505 307 
505 170 
505 455 
505 41 
505 473 
505 414 
505 107 
505 273 
505 190 
505 545 
505 70 
505 241 
505 134 
505 327 
505 564 
505 322 
505 574 
505 103 
505 218 
505 459 
505 552 
505 1 
505 151 
505 276 
505 338 
505 591 
505 136 
505 66 
505 268 
505 493 
505 143 
505 254 
506 25 
506 31 
506 525 
506 498 
506 508 
506 422 
506 26 
506 238 
506 129 
506 119 
506 551 
506 20 
506 518 
506 174 
506 439 
506 540 
506 575 
506 209 
506 454 
506 327 
506 519 
506 301 
506 10 
506 578 
506 275 
506 235 
506 141 
506 120 
506 527 
506 336 
506 78 
506 475 
506 53 
506 459 
506 486 
506 442 
506 382 
506 390 
506 217 
506 530 
506 479 
506 397 
506 194 
506 27 
506 431 
506 160 
506 509 
506 412 
506 24 
506 51 
506 462 
506 179 
506 163 
506 134 
506 502 
506 304 
506 319 
506 562 
506 15 
506 215 
506 195 
506 37 
506 91 
506 413 
506 60 
506 17 
506 386 
506 151 
506 260 
506 411 
506 282 
506 112 
506 49 
506 148 
506 512 
506 323 
506 326 
506 154 
506 138 
506 125 
506 396 
506 571 
506 103 
506 348 
506 159 
506 424 
506 150 
506 55 
506 1 
506 269 
506 263 
506 165 
506 476 
506 473 
506 590 
506 48 
506 273 
506 241 
506 503 
506 433 
506 589 
506 70 
506 387 
506 380 
506 549 
506 438 
506 107 
506 369 
506 265 
506 581 
506 492 
506 363 
506 19 
506 278 
506 200 
506 11 
506 520 
506 183 
506 309 
506 30 
506 483 
506 310 
506 432 
506 409 
506 337 
506 115 
506 588 
506 202 
506 429 
506 513 
506 286 
506 452 
506 472 
506 535 
506 5 
506 451 
506 568 
506 544 
506 591 
506 58 
506 576 
506 458 
506 196 
506 168 
506 289 
506 144 
506 296 
506 172 
506 23 
506 68 
506 65 
506 377 
506 246 
506 584 
506 271 
506 161 
506 100 
506 277 
506 573 
506 86 
506 574 
506 251 
506 461 
506 177 
506 342 
506 229 
507 447 
507 434 
507 58 
507 150 
507 206 
507 155 
507 109 
507 563 
507 490 
507 457 
507 112 
507 236 
507 203 
507 397 
507 237 
507 135 
507 492 
507 33 
507 413 
507 157 
507 159 
507 536 
507 430 
507 208 
507 13 
507 453 
507 417 
507 538 
507 183 
507 36 
507 381 
507 305 
507 393 
507 511 
507 127 
507 455 
507 325 
507 582 
507 372 
507 342 
507 395 
507 369 
507 88 
507 373 
507 265 
507 562 
507 304 
507 458 
507 113 
507 164 
507 345 
507 517 
507 391 
507 48 
507 505 
507 124 
507 246 
507 177 
507 389 
507 19 
507 165 
507 73 
507 254 
507 204 
507 532 
507 21 
507 269 
507 401 
507 276 
507 435 
507 353 
507 258 
507 50 
507 363 
507 379 
507 496 
507 581 
507 179 
507 587 
507 378 
507 329 
507 332 
507 383 
507 241 
507 143 
507 432 
507 229 
507 281 
507 448 
507 2 
507 443 
507 323 
507 567 
507 244 
507 561 
507 77 
507 312 
507 548 
507 454 
507 149 
507 84 
507 515 
507 35 
507 416 
507 480 
507 278 
507 592 
507 247 
507 470 
507 428 
507 261 
507 467 
507 331 
507 40 
507 296 
507 384 
507 162 
507 53 
507 136 
507 358 
507 144 
507 87 
507 151 
507 347 
507 271 
507 493 
507 15 
507 335 
507 68 
507 301 
507 231 
507 234 
507 313 
507 99 
507 572 
507 190 
507 27 
507 193 
507 49 
507 321 
507 292 
507 464 
507 268 
507 437 
507 103 
507 295 
507 96 
507 450 
507 494 
507 86 
507 25 
507 330 
507 590 
507 466 
507 214 
507 209 
507 452 
507 147 
507 287 
507 424 
507 522 
507 207 
507 288 
507 407 
507 14 
507 7 
507 316 
507 577 
507 167 
507 478 
507 270 
507 543 
507 202 
507 570 
507 575 
507 180 
507 465 
507 302 
507 553 
507 370 
507 17 
507 226 
507 83 
508 108 
508 452 
508 516 
508 141 
508 46 
508 136 
508 20 
508 506 
508 90 
508 494 
508 124 
508 467 
508 488 
508 393 
508 379 
508 43 
508 210 
508 266 
508 568 
508 272 
508 500 
508 277 
508 113 
508 174 
508 37 
508 397 
508 271 
508 202 
508 469 
508 359 
508 78 
508 278 
508 177 
508 565 
508 458 
508 344 
508 79 
508 582 
508 545 
508 465 
508 470 
508 592 
508 464 
508 133 
508 117 
508 61 
508 439 
508 304 
508 57 
508 149 
508 208 
508 537 
508 357 
508 182 
508 404 
508 44 
508 534 
508 104 
508 448 
508 231 
508 408 
508 195 
508 84 
508 287 
508 416 
508 302 
508 573 
508 328 
508 554 
508 347 
508 558 
508 561 
508 72 
508 392 
508 30 
508 215 
508 203 
508 258 
508 180 
508 274 
508 225 
508 29 
508 239 
508 553 
508 325 
508 374 
508 127 
508 38 
508 540 
508 378 
508 55 
508 457 
508 454 
508 482 
508 237 
508 290 
508 36 
508 463 
508 209 
508 156 
508 583 
508 511 
508 179 
508 303 
508 390 
508 197 
508 505 
508 381 
508 82 
508 28 
508 421 
508 273 
508 234 
508 527 
508 301 
508 451 
508 238 
508 338 
508 435 
508 200 
508 11 
508 559 
508 76 
508 142 
508 219 
508 18 
508 292 
508 125 
508 293 
508 383 
508 402 
508 434 
508 249 
508 471 
508 236 
508 427 
508 387 
508 419 
508 129 
508 91 
508 15 
508 86 
508 66 
508 289 
508 518 
508 25 
508 213 
508 341 
508 486 
508 543 
508 395 
508 555 
508 319 
508 415 
508 317 
508 425 
508 560 
508 168 
508 229 
508 188 
508 216 
508 566 
508 121 
508 532 
508 410 
508 590 
508 529 
508 396 
508 502 
508 432 
508 385 
508 512 
508 103 
508 8 
508 214 
508 509 
508 401 
508 199 
508 262 
509 237 
509 389 
509 74 
509 176 
509 463 
509 142 
509 238 
509 440 
509 541 
509 120 
509 278 
509 461 
509 161 
509 483 
509 118 
509 552 
509 113 
509 410 
509 367 
509 82 
509 6 
509 4 
509 47 
509 196 
509 356 
509 220 
509 425 
509 502 
509 456 
509 277 
509 514 
509 98 
509 272 
509 478 
509 10 
509 350 
509 273 
509 521 
509 500 
509 443 
509 465 
509 212 
509 592 
509 396 
509 353 
509 506 
509 136 
509 194 
509 365 
509 260 
509 106 
509 291 
509 338 
509 546 
509 520 
509 550 
509 329 
509 577 
509 470 
509 154 
509 274 
509 289 
509 591 
509 299 
509 363 
509 466 
509 434 
509 129 
509 155 
509 159 
509 160 
509 488 
509 221 
509 518 
509 316 
509 325 
509 573 
509 545 
509 347 
509 589 
509 146 
509 127 
509 16 
509 11 
509 333 
509 384 
509 66 
509 536 
509 568 
509 430 
509 281 
509 37 
509 239 
509 533 
509 102 
509 135 
509 561 
509 528 
509 76 
509 275 
509 381 
509 268 
509 114 
509 208 
509 433 
509 512 
509 188 
509 134 
509 288 
509 21 
509 28 
509 401 
509 454 
509 526 
509 495 
509 572 
509 87 
509 185 
509 304 
509 313 
509 300 
509 407 
509 138 
509 503 
509 408 
509 559 
509 296 
509 359 
509 451 
509 174 
509 235 
509 51 
509 416 
509 15 
509 582 
509 580 
509 191 
509 93 
509 215 
509 92 
509 453 
509 178 
509 510 
509 417 
509 45 
509 549 
509 399 
509 107 
509 486 
509 96 
509 101 
509 374 
509 0 
509 62 
509 46 
509 67 
509 186 
509 423 
509 227 
509 78 
509 246 
509 279 
509 548 
509 508 
509 390 
510 238 
510 464 
510 405 
510 236 
510 167 
510 138 
510 539 
510 360 
510 268 
510 327 
510 178 
510 436 
510 1 
510 45 
510 319 
510 317 
510 232 
510 292 
510 101 
510 75 
510 515 
510 211 
510 396 
510 370 
510 237 
510 318 
510 435 
510 98 
510 154 
510 157 
510 209 
510 380 
510 8 
510 503 
510 356 
510 221 
510 377 
510 363 
510 592 
510 55 
510 256 
510 288 
510 70 
510 264 
510 161 
510 160 
510 358 
510 418 
510 572 
510 470 
510 422 
510 53 
510 267 
510 485 
510 302 
510 439 
510 200 
510 203 
510 538 
510 540 
510 139 
510 496 
510 134 
510 591 
510 197 
510 569 
510 428 
510 72 
510 210 
510 27 
510 43 
510 469 
510 491 
510 400 
510 334 
510 271 
510 442 
510 490 
510 133 
510 417 
510 78 
510 504 
510 284 
510 186 
510 452 
510 326 
510 135 
510 137 
510 528 
510 368 
510 587 
510 226 
510 412 
510 143 
510 339 
510 476 
510 392 
510 257 
510 41 
510 246 
510 241 
510 391 
510 198 
510 34 
510 320 
510 388 
510 310 
510 306 
510 136 
510 426 
510 381 
510 560 
510 408 
510 11 
510 389 
510 543 
510 298 
510 379 
510 303 
510 285 
510 343 
510 301 
510 42 
510 49 
510 548 
510 534 
510 407 
510 385 
510 413 
510 578 
510 5 
510 265 
510 104 
510 114 
510 555 
510 557 
510 544 
510 164 
510 328 
510 304 
510 365 
510 286 
510 371 
510 468 
510 44 
510 258 
510 16 
510 239 
510 549 
510 340 
510 346 
510 459 
510 473 
510 443 
510 64 
510 105 
510 115 
510 524 
510 324 
510 231 
510 240 
510 564 
510 272 
510 130 
510 509 
510 146 
510 484 
510 316 
510 431 
510 349 
510 112 
510 499 
510 384 
510 33 
510 219 
510 313 
510 348 
510 9 
510 165 
510 394 
510 86 
510 117 
510 252 
510 88 
510 497 
510 514 
510 568 
510 251 
510 465 
510 249 
510 369 
510 561 
510 297 
510 355 
510 321 
510 335 
511 321 
511 95 
511 127 
511 54 
511 483 
511 233 
511 580 
511 348 
511 416 
511 80 
511 41 
511 12 
511 197 
511 89 
511 359 
511 53 
511 309 
511 97 
511 468 
511 205 
511 444 
511 356 
511 26 
511 137 
511 100 
511 517 
511 507 
511 303 
511 408 
511 268 
511 347 
511 163 
511 173 
511 390 
511 563 
511 438 
511 476 
511 287 
511 415 
511 114 
511 589 
511 238 
511 452 
511 339 
511 417 
511 47 
511 154 
511 49 
511 316 
511 111 
511 31 
511 280 
511 423 
511 241 
511 92 
511 296 
511 394 
511 565 
511 202 
511 535 
511 75 
511 6 
511 177 
511 37 
511 278 
511 364 
511 164 
511 334 
511 310 
511 295 
511 587 
511 113 
511 64 
511 210 
511 209 
511 381 
511 291 
511 215 
511 504 
511 283 
511 139 
511 577 
511 513 
511 433 
511 0 
511 284 
511 311 
511 302 
511 2 
511 441 
511 341 
511 325 
511 480 
511 86 
511 242 
511 66 
511 24 
511 590 
511 131 
511 430 
511 289 
511 214 
511 550 
511 422 
511 553 
511 462 
511 312 
511 266 
511 7 
511 58 
511 15 
511 501 
511 508 
511 561 
511 4 
511 414 
511 141 
511 176 
511 357 
511 59 
511 384 
511 200 
511 121 
511 87 
511 180 
511 269 
511 279 
511 458 
511 179 
511 126 
511 407 
511 338 
511 369 
511 108 
511 271 
511 518 
511 250 
511 564 
511 397 
511 265 
511 206 
511 461 
511 588 
511 63 
511 264 
511 185 
511 305 
511 161 
511 446 
511 81 
511 90 
511 134 
511 8 
511 328 
511 46 
511 186 
511 30 
511 337 
511 498 
511 586 
511 71 
511 523 
511 5 
511 471 
511 420 
511 122 
511 409 
511 133 
511 502 
511 492 
511 350 
511 363 
511 411 
511 353 
511 294 
511 578 
511 373 
512 442 
512 441 
512 436 
512 123 
512 257 
512 319 
512 494 
512 565 
512 171 
512 353 
512 134 
512 370 
512 450 
512 279 
512 545 
512 181 
512 404 
512 327 
512 471 
512 16 
512 184 
512 366 
512 94 
512 504 
512 230 
512 110 
512 45 
512 46 
512 383 
512 122 
512 589 
512 322 
512 232 
512 477 
512 209 
512 237 
512 437 
512 431 
512 540 
512 118 
512 547 
512 380 
512 199 
512 309 
512 384 
512 195 
512 211 
512 275 
512 93 
512 409 
512 344 
512 451 
512 190 
512 584 
512 408 
512 324 
512 399 
512 67 
512 500 
512 423 
512 159 
512 17 
512 425 
512 57 
512 316 
512 356 
512 517 
512 419 
512 591 
512 278 
512 524 
512 77 
512 182 
512 13 
512 65 
512 253 
512 495 
512 527 
512 302 
512 576 
512 7 
512 293 
512 506 
512 350 
512 361 
512 401 
512 165 
512 304 
512 265 
512 289 
512 532 
512 194 
512 111 
512 336 
512 315 
512 414 
512 76 
512 429 
512 193 
512 208 
512 270 
512 480 
512 197 
512 2 
512 149 
512 70 
512 22 
512 435 
512 428 
512 179 
512 310 
512 83 
512 459 
512 188 
512 509 
512 172 
512 296 
512 240 
512 141 
512 514 
512 66 
512 579 
512 288 
512 90 
512 393 
512 318 
512 381 
512 448 
512 60 
512 345 
512 443 
512 121 
512 538 
512 415 
512 295 
512 242 
512 434 
512 311 
512 79 
512 175 
512 62 
512 30 
512 48 
512 156 
512 125 
512 306 
512 314 
512 486 
512 362 
512 91 
512 148 
512 498 
512 472 
512 466 
512 100 
512 255 
512 522 
512 218 
512 38 
512 424 
512 49 
512 328 
512 508 
512 252 
513 11 
513 124 
513 438 
513 233 
513 575 
513 40 
513 504 
513 309 
513 83 
513 408 
513 252 
513 283 
513 71 
513 200 
513 542 
513 576 
513 20 
513 420 
513 165 
513 464 
513 209 
513 572 
513 264 
513 557 
513 514 
513 422 
513 253 
513 556 
513 524 
513 133 
513 521 
513 461 
513 543 
513 292 
513 293 
513 393 
513 22 
513 205 
513 146 
513 435 
513 476 
513 592 
513 291 
513 2 
513 39 
513 64 
513 150 
513 23 
513 229 
513 525 
513 101 
513 450 
513 270 
513 414 
513 451 
513 149 
513 19 
513 467 
513 550 
513 324 
513 145 
513 12 
513 59 
513 567 
513 584 
513 486 
513 154 
513 332 
513 282 
513 559 
513 355 
513 327 
513 299 
513 511 
513 342 
513 202 
513 57 
513 31 
513 501 
513 247 
513 489 
513 561 
513 262 
513 84 
513 249 
513 178 
513 100 
513 459 
513 338 
513 187 
513 69 
513 498 
513 488 
513 35 
513 449 
513 398 
513 551 
513 522 
513 190 
513 45 
513 497 
513 519 
513 58 
513 217 
513 442 
513 580 
513 558 
513 365 
513 455 
513 166 
513 38 
513 518 
513 453 
513 206 
513 53 
513 517 
513 495 
513 361 
513 226 
513 77 
513 121 
513 582 
513 273 
513 591 
513 286 
513 541 
513 564 
513 185 
513 548 
513 354 
513 339 
513 368 
513 126 
513 520 
513 281 
513 172 
513 545 
513 383 
513 303 
513 499 
513 194 
513 275 
513 452 
513 419 
513 565 
513 590 
513 457 
513 223 
513 198 
513 506 
513 345 
513 437 
513 147 
513 105 
513 269 
513 279 
513 421 
513 410 
513 375 
513 110 
513 132 
513 560 
513 477 
513 363 
513 343 
513 267 
513 285 
514 34 
514 540 
514 315 
514 380 
514 560 
514 331 
514 395 
514 156 
514 554 
514 89 
514 54 
514 366 
514 470 
514 329 
514 221 
514 216 
514 196 
514 546 
514 588 
514 513 
514 102 
514 328 
514 7 
514 571 
514 186 
514 260 
514 307 
514 356 
514 256 
514 308 
514 509 
514 159 
514 213 
514 346 
514 26 
514 58 
514 124 
514 215 
514 295 
514 275 
514 1 
514 444 
514 240 
514 591 
514 208 
514 569 
514 391 
514 485 
514 90 
514 52 
514 205 
514 33 
514 132 
514 134 
514 211 
514 161 
514 137 
514 371 
514 334 
514 327 
514 69 
514 476 
514 574 
514 247 
514 314 
514 450 
514 408 
514 244 
514 474 
514 101 
514 153 
514 570 
514 526 
514 3 
514 53 
514 518 
514 385 
514 251 
514 143 
514 319 
514 447 
514 475 
514 464 
514 402 
514 414 
514 258 
514 229 
514 32 
514 529 
514 579 
514 249 
514 22 
514 63 
514 555 
514 373 
514 551 
514 195 
514 13 
514 549 
514 288 
514 375 
514 5 
514 363 
514 359 
514 357 
514 463 
514 39 
514 99 
514 148 
514 74 
514 498 
514 225 
514 482 
514 203 
514 100 
514 404 
514 202 
514 369 
514 435 
514 535 
514 283 
514 313 
514 562 
514 403 
514 374 
514 423 
514 568 
514 110 
514 410 
514 581 
514 351 
514 494 
514 368 
514 78 
514 144 
514 66 
514 512 
514 523 
514 370 
514 442 
514 40 
514 539 
514 10 
514 353 
514 289 
514 117 
514 585 
514 224 
514 545 
514 222 
514 564 
514 227 
514 504 
514 44 
514 165 
514 15 
514 98 
514 151 
514 493 
514 248 
514 326 
514 547 
514 387 
514 138 
514 477 
514 20 
514 516 
514 42 
514 390 
514 281 
514 311 
514 180 
514 80 
514 500 
514 510 
514 111 
514 197 
514 56 
514 62 
514 502 
514 469 
514 166 
514 436 
514 587 
514 481 
514 133 
514 209 
514 550 
515 254 
515 395 
515 19 
515 78 
515 433 
515 164 
515 170 
515 332 
515 302 
515 331 
515 209 
515 106 
515 312 
515 163 
515 584 
515 48 
515 558 
515 300 
515 278 
515 64 
515 484 
515 562 
515 205 
515 465 
515 374 
515 417 
515 327 
515 510 
515 161 
515 381 
515 65 
515 150 
515 258 
515 17 
515 485 
515 341 
515 176 
515 249 
515 570 
515 490 
515 390 
515 80 
515 309 
515 171 
515 545 
515 350 
515 26 
515 111 
515 364 
515 114 
515 35 
515 66 
515 415 
515 132 
515 87 
515 93 
515 71 
515 549 
515 94 
515 16 
515 276 
515 311 
515 322 
515 375 
515 446 
515 180 
515 5 
515 181 
515 91 
515 189 
515 30 
515 288 
515 153 
515 224 
515 579 
515 499 
515 421 
515 470 
515 362 
515 95 
515 486 
515 4 
515 96 
515 571 
515 272 
515 434 
515 589 
515 379 
515 359 
515 463 
515 328 
515 466 
515 523 
515 532 
515 542 
515 382 
515 414 
515 207 
515 429 
515 373 
515 310 
515 551 
515 527 
515 477 
515 98 
515 507 
515 448 
515 476 
515 250 
515 544 
515 591 
515 8 
515 251 
515 15 
515 162 
515 121 
515 420 
515 320 
515 222 
515 1 
515 586 
515 369 
515 112 
515 117 
515 450 
515 404 
515 574 
515 418 
515 243 
515 407 
515 253 
515 119 
515 9 
515 177 
515 53 
515 393 
515 528 
515 539 
515 543 
515 12 
515 525 
515 326 
515 159 
515 252 
515 298 
515 225 
515 305 
515 200 
515 120 
515 333 
515 145 
515 269 
515 43 
515 321 
515 430 
515 516 
515 431 
515 25 
515 504 
515 280 
515 554 
515 57 
515 63 
515 33 
515 265 
515 541 
515 540 
515 263 
515 536 
515 385 
515 306 
515 550 
515 388 
515 291 
515 240 
515 478 
515 105 
515 387 
515 257 
515 275 
515 69 
515 59 
515 342 
515 215 
515 467 
515 183 
515 79 
515 32 
515 46 
515 307 
515 155 
515 492 
515 424 
515 128 
515 451 
515 425 
515 533 
515 449 
515 316 
515 530 
515 537 
516 428 
516 223 
516 508 
516 530 
516 415 
516 492 
516 74 
516 566 
516 166 
516 184 
516 353 
516 246 
516 388 
516 248 
516 257 
516 527 
516 82 
516 61 
516 14 
516 175 
516 337 
516 75 
516 562 
516 304 
516 473 
516 99 
516 263 
516 416 
516 237 
516 259 
516 174 
516 529 
516 359 
516 261 
516 494 
516 41 
516 277 
516 200 
516 42 
516 113 
516 66 
516 234 
516 409 
516 414 
516 249 
516 33 
516 209 
516 157 
516 320 
516 343 
516 106 
516 164 
516 355 
516 52 
516 334 
516 528 
516 357 
516 178 
516 572 
516 121 
516 46 
516 443 
516 372 
516 40 
516 295 
516 539 
516 250 
516 354 
516 26 
516 323 
516 25 
516 179 
516 172 
516 434 
516 417 
516 190 
516 227 
516 523 
516 309 
516 235 
516 268 
516 299 
516 534 
516 244 
516 186 
516 105 
516 137 
516 217 
516 83 
516 484 
516 485 
516 210 
516 103 
516 538 
516 151 
516 56 
516 293 
516 391 
516 88 
516 532 
516 575 
516 326 
516 292 
516 315 
516 296 
516 189 
516 62 
516 500 
516 10 
516 421 
516 48 
516 139 
516 24 
516 77 
516 557 
516 368 
516 584 
516 541 
516 290 
516 199 
516 267 
516 493 
516 284 
516 144 
516 136 
516 502 
516 579 
516 67 
516 318 
516 50 
516 322 
516 515 
516 8 
516 218 
516 89 
516 38 
516 254 
516 573 
516 230 
516 553 
516 469 
516 264 
516 265 
516 29 
516 348 
516 451 
516 514 
516 482 
516 129 
516 219 
516 382 
516 569 
516 423 
516 272 
516 289 
516 433 
516 117 
516 555 
516 97 
516 439 
516 262 
516 183 
516 58 
516 398 
516 563 
516 158 
516 270 
516 472 
516 358 
516 564 
516 394 
516 287 
516 324 
517 384 
517 563 
517 43 
517 249 
517 181 
517 346 
517 379 
517 540 
517 3 
517 323 
517 246 
517 155 
517 400 
517 591 
517 122 
517 556 
517 215 
517 230 
517 484 
517 532 
517 9 
517 89 
517 460 
517 21 
517 217 
517 216 
517 321 
517 14 
517 318 
517 457 
517 264 
517 371 
517 184 
517 293 
517 194 
517 19 
517 511 
517 582 
517 212 
517 363 
517 502 
517 430 
517 500 
517 343 
517 15 
517 166 
517 337 
517 237 
517 255 
517 218 
517 322 
517 138 
517 52 
517 168 
517 120 
517 578 
517 60 
517 16 
517 147 
517 429 
517 136 
517 165 
517 440 
517 507 
517 495 
517 427 
517 66 
517 70 
517 374 
517 126 
517 309 
517 589 
517 161 
517 512 
517 182 
517 331 
517 300 
517 131 
517 2 
517 151 
517 149 
517 549 
517 389 
517 44 
517 94 
517 467 
517 172 
517 85 
517 97 
517 106 
517 112 
517 109 
517 288 
517 542 
517 488 
517 282 
517 183 
517 567 
517 187 
517 170 
517 424 
517 559 
517 498 
517 443 
517 38 
517 298 
517 523 
517 306 
517 254 
517 250 
517 358 
517 207 
517 259 
517 103 
517 583 
517 160 
517 489 
517 372 
517 438 
517 570 
517 188 
517 367 
517 180 
517 513 
517 553 
517 167 
517 575 
517 377 
517 223 
517 304 
517 347 
517 8 
517 232 
517 221 
517 338 
517 333 
517 536 
517 416 
517 468 
517 426 
517 380 
517 275 
517 204 
517 364 
517 206 
517 434 
517 292 
517 586 
517 108 
517 386 
517 51 
517 355 
517 133 
517 84 
517 548 
517 496 
517 317 
517 348 
517 240 
517 476 
517 482 
517 1 
517 261 
517 239 
517 265 
517 10 
517 118 
517 105 
517 539 
517 224 
517 480 
517 86 
517 29 
517 466 
517 48 
518 281 
518 142 
518 104 
518 389 
518 87 
518 520 
518 454 
518 359 
518 306 
518 268 
518 482 
518 229 
518 12 
518 379 
518 151 
518 506 
518 490 
518 200 
518 40 
518 504 
518 149 
518 573 
518 165 
518 471 
518 96 
518 47 
518 114 
518 182 
518 457 
518 132 
518 473 
518 328 
518 439 
518 49 
518 21 
518 153 
518 180 
518 323 
518 237 
518 117 
518 499 
518 202 
518 492 
518 236 
518 204 
518 45 
518 305 
518 300 
518 91 
518 85 
518 332 
518 264 
518 353 
518 537 
518 543 
518 354 
518 134 
518 22 
518 159 
518 572 
518 385 
518 203 
518 409 
518 514 
518 66 
518 79 
518 474 
518 86 
518 337 
518 479 
518 505 
518 366 
518 400 
518 310 
518 269 
518 107 
518 417 
518 393 
518 509 
518 443 
518 442 
518 478 
518 35 
518 419 
518 238 
518 244 
518 577 
518 355 
518 243 
518 129 
518 83 
518 160 
518 468 
518 290 
518 585 
518 531 
518 181 
518 147 
518 274 
518 324 
518 462 
518 587 
518 486 
518 523 
518 101 
518 137 
518 376 
518 135 
518 146 
518 144 
518 538 
518 58 
518 103 
518 513 
518 90 
518 164 
518 131 
518 125 
518 157 
518 406 
518 383 
518 488 
518 51 
518 374 
518 502 
518 207 
518 466 
518 434 
518 266 
518 497 
518 3 
518 465 
518 535 
518 169 
518 397 
518 451 
518 335 
518 367 
518 128 
518 82 
518 511 
518 209 
518 127 
518 568 
518 387 
518 322 
518 286 
518 120 
518 342 
518 296 
518 124 
518 463 
518 470 
518 529 
518 232 
518 63 
518 452 
518 197 
518 459 
518 508 
518 15 
518 553 
518 303 
518 177 
518 395 
518 143 
518 46 
518 84 
518 331 
518 275 
518 278 
518 61 
518 248 
518 551 
518 456 
518 158 
518 8 
519 585 
519 241 
519 274 
519 129 
519 348 
519 589 
519 570 
519 496 
519 582 
519 263 
519 93 
519 128 
519 281 
519 210 
519 367 
519 453 
519 160 
519 334 
519 555 
519 458 
519 543 
519 163 
519 276 
519 191 
519 137 
519 195 
519 505 
519 225 
519 556 
519 403 
519 506 
519 143 
519 549 
519 299 
519 401 
519 575 
519 39 
519 97 
519 154 
519 267 
519 271 
519 28 
519 31 
519 26 
519 520 
519 189 
519 249 
519 462 
519 539 
519 95 
519 346 
519 482 
519 579 
519 215 
519 20 
519 464 
519 319 
519 73 
519 218 
519 199 
519 268 
519 470 
519 36 
519 354 
519 314 
519 282 
519 368 
519 384 
519 372 
519 370 
519 45 
519 480 
519 253 
519 537 
519 322 
519 81 
519 306 
519 432 
519 230 
519 77 
519 459 
519 6 
519 500 
519 331 
519 493 
519 412 
519 169 
519 551 
519 529 
519 8 
519 150 
519 159 
519 423 
519 290 
519 389 
519 562 
519 486 
519 105 
519 293 
519 592 
519 248 
519 352 
519 390 
519 153 
519 297 
519 394 
519 590 
519 393 
519 513 
519 131 
519 554 
519 339 
519 576 
519 546 
519 571 
519 132 
519 200 
519 259 
519 488 
519 171 
519 587 
519 257 
519 446 
519 112 
519 572 
519 327 
519 221 
519 454 
519 301 
519 441 
519 23 
519 504 
519 246 
519 247 
519 54 
519 119 
519 207 
519 152 
519 316 
519 523 
519 426 
519 492 
519 0 
519 329 
519 455 
519 304 
519 296 
519 110 
519 287 
519 553 
519 430 
519 527 
519 126 
519 466 
519 321 
519 82 
519 264 
519 345 
519 76 
519 522 
519 198 
519 151 
519 399 
519 89 
519 408 
519 336 
519 258 
519 44 
519 588 
519 303 
519 194 
519 411 
519 380 
519 130 
519 62 
519 277 
519 72 
519 371 
519 86 
519 379 
519 98 
519 162 
519 356 
519 187 
519 243 
520 579 
520 24 
520 216 
520 300 
520 276 
520 236 
520 35 
520 151 
520 496 
520 194 
520 469 
520 52 
520 367 
520 518 
520 202 
520 224 
520 152 
520 121 
520 335 
520 553 
520 456 
520 95 
520 522 
520 183 
520 147 
520 144 
520 297 
520 344 
520 410 
520 279 
520 565 
520 133 
520 423 
520 392 
520 103 
520 4 
520 71 
520 79 
520 263 
520 394 
520 533 
520 501 
520 98 
520 232 
520 248 
520 63 
520 373 
520 519 
520 200 
520 22 
520 82 
520 417 
520 413 
520 179 
520 499 
520 218 
520 586 
520 170 
520 296 
520 214 
520 157 
520 23 
520 316 
520 441 
520 404 
520 286 
520 457 
520 447 
520 347 
520 509 
520 580 
520 285 
520 320 
520 74 
520 37 
520 250 
520 226 
520 271 
520 578 
520 411 
520 228 
520 45 
520 523 
520 545 
520 304 
520 349 
520 314 
520 384 
520 117 
520 387 
520 189 
520 269 
520 94 
520 540 
520 321 
520 342 
520 353 
520 576 
520 487 
520 274 
520 137 
520 449 
520 272 
520 415 
520 542 
520 543 
520 261 
520 253 
520 340 
520 60 
520 554 
520 454 
520 360 
520 5 
520 312 
520 140 
520 213 
520 492 
520 6 
520 548 
520 245 
520 148 
520 154 
520 227 
520 81 
520 198 
520 436 
520 167 
520 531 
520 521 
520 41 
520 466 
520 78 
520 86 
520 128 
520 437 
520 238 
520 262 
520 283 
520 14 
520 124 
520 302 
520 163 
520 504 
520 370 
520 193 
520 472 
520 169 
520 386 
520 310 
520 319 
520 142 
520 220 
520 425 
520 513 
520 357 
520 211 
520 477 
520 192 
520 206 
520 489 
520 506 
520 473 
520 162 
520 329 
520 572 
520 101 
520 498 
520 430 
520 201 
520 67 
520 380 
520 490 
520 282 
520 17 
520 500 
520 184 
520 223 
520 217 
520 368 
520 18 
520 460 
520 149 
520 85 
520 301 
520 573 
520 62 
520 233 
520 156 
520 249 
520 254 
520 352 
520 284 
520 196 
520 398 
520 294 
520 582 
520 131 
520 127 
520 377 
520 10 
520 479 
521 353 
521 170 
521 193 
521 113 
521 372 
521 161 
521 456 
521 371 
521 460 
521 61 
521 580 
521 344 
521 362 
521 201 
521 363 
521 532 
521 222 
521 330 
521 385 
521 47 
521 280 
521 303 
521 187 
521 116 
521 513 
521 238 
521 204 
521 324 
521 429 
521 408 
521 257 
521 199 
521 555 
521 430 
521 442 
521 454 
521 29 
521 509 
521 189 
521 119 
521 465 
521 368 
521 247 
521 544 
521 329 
521 444 
521 246 
521 236 
521 167 
521 360 
521 62 
521 537 
521 492 
521 416 
521 276 
521 197 
521 88 
521 339 
521 479 
521 83 
521 451 
521 490 
521 89 
521 311 
521 483 
521 60 
521 391 
521 493 
521 169 
521 239 
521 136 
521 301 
521 22 
521 75 
521 212 
521 357 
521 151 
521 131 
521 30 
521 373 
521 144 
521 295 
521 173 
521 38 
521 355 
521 168 
521 121 
521 114 
521 579 
521 443 
521 313 
521 145 
521 292 
521 338 
521 425 
521 86 
521 177 
521 473 
521 289 
521 95 
521 309 
521 242 
521 315 
521 482 
521 526 
521 417 
521 592 
521 528 
521 453 
521 40 
521 264 
521 92 
521 253 
521 304 
521 494 
521 111 
521 520 
521 534 
521 129 
521 26 
521 100 
521 117 
521 4 
521 164 
521 366 
521 19 
521 229 
521 175 
521 398 
521 84 
521 58 
521 25 
521 535 
521 422 
521 546 
521 248 
521 125 
521 426 
521 267 
521 290 
521 288 
521 433 
521 216 
521 381 
521 466 
521 565 
521 367 
521 10 
521 108 
521 533 
521 401 
521 270 
521 227 
521 497 
521 98 
521 72 
521 475 
521 43 
521 400 
521 45 
521 135 
521 369 
521 459 
521 496 
521 200 
521 428 
521 188 
522 176 
522 481 
522 376 
522 39 
522 220 
522 99 
522 102 
522 86 
522 445 
522 463 
522 407 
522 184 
522 563 
522 523 
522 28 
522 188 
522 29 
522 178 
522 373 
522 380 
522 520 
522 124 
522 487 
522 451 
522 22 
522 250 
522 567 
522 492 
522 434 
522 125 
522 437 
522 480 
522 221 
522 409 
522 225 
522 321 
522 368 
522 46 
522 583 
522 63 
522 541 
522 435 
522 478 
522 374 
522 174 
522 403 
522 254 
522 306 
522 36 
522 335 
522 1 
522 425 
522 240 
522 475 
522 239 
522 223 
522 366 
522 531 
522 577 
522 255 
522 277 
522 75 
522 279 
522 363 
522 554 
522 572 
522 370 
522 562 
522 206 
522 494 
522 111 
522 442 
522 258 
522 64 
522 342 
522 234 
522 449 
522 226 
522 114 
522 121 
522 155 
522 413 
522 205 
522 557 
522 70 
522 228 
522 67 
522 35 
522 288 
522 479 
522 496 
522 242 
522 230 
522 513 
522 24 
522 261 
522 27 
522 241 
522 243 
522 159 
522 190 
522 257 
522 553 
522 423 
522 500 
522 396 
522 131 
522 214 
522 172 
522 454 
522 312 
522 394 
522 260 
522 66 
522 291 
522 209 
522 33 
522 156 
522 323 
522 103 
522 315 
522 193 
522 431 
522 192 
522 251 
522 82 
522 0 
522 49 
522 51 
522 38 
522 183 
522 351 
522 337 
522 92 
522 388 
522 37 
522 378 
522 85 
522 73 
522 568 
522 379 
522 101 
522 264 
522 345 
522 412 
522 319 
522 186 
522 198 
522 145 
522 169 
522 113 
522 203 
522 385 
522 474 
522 550 
522 89 
522 353 
522 402 
522 519 
522 575 
522 144 
522 507 
522 11 
522 210 
522 384 
522 74 
522 441 
522 91 
522 200 
522 329 
522 130 
522 408 
522 13 
522 512 
522 565 
522 308 
522 326 
522 309 
522 127 
522 246 
522 168 
522 352 
523 417 
523 577 
523 177 
523 127 
523 246 
523 103 
523 567 
523 581 
523 388 
523 554 
523 24 
523 522 
523 173 
523 570 
523 66 
523 154 
523 254 
523 351 
523 313 
523 403 
523 113 
523 395 
523 494 
523 535 
523 25 
523 203 
523 151 
523 243 
523 470 
523 218 
523 312 
523 546 
523 453 
523 191 
523 239 
523 497 
523 382 
523 217 
523 62 
523 213 
523 94 
523 363 
523 28 
523 447 
523 128 
523 481 
523 49 
523 206 
523 465 
523 287 
523 69 
523 55 
523 580 
523 73 
523 11 
523 365 
523 76 
523 443 
523 583 
523 412 
523 407 
523 308 
523 339 
523 170 
523 169 
523 350 
523 480 
523 562 
523 58 
523 429 
523 338 
523 280 
523 271 
523 37 
523 171 
523 341 
523 111 
523 70 
523 520 
523 143 
523 516 
523 563 
523 515 
523 189 
523 576 
523 310 
523 531 
523 427 
523 323 
523 27 
523 190 
523 370 
523 561 
523 87 
523 380 
523 264 
523 394 
523 527 
523 517 
523 434 
523 518 
523 216 
523 421 
523 60 
523 330 
523 262 
523 491 
523 486 
523 80 
523 503 
523 202 
523 225 
523 270 
523 355 
523 63 
523 433 
523 237 
523 569 
523 514 
523 530 
523 124 
523 261 
523 212 
523 444 
523 390 
523 415 
523 196 
523 532 
523 442 
523 519 
523 284 
523 132 
523 53 
523 136 
523 42 
523 248 
523 360 
523 123 
523 275 
523 414 
523 161 
523 116 
523 572 
523 192 
523 100 
523 194 
523 0 
523 439 
523 250 
523 317 
523 422 
523 104 
523 235 
523 126 
523 385 
523 65 
523 34 
523 210 
523 298 
523 352 
523 511 
523 22 
523 469 
523 397 
523 2 
523 304 
523 118 
523 199 
523 368 
523 84 
523 331 
524 33 
524 444 
524 584 
524 471 
524 148 
524 491 
524 186 
524 223 
524 26 
524 39 
524 117 
524 484 
524 158 
524 477 
524 264 
524 550 
524 439 
524 86 
524 394 
524 45 
524 208 
524 136 
524 468 
524 38 
524 588 
524 92 
524 2 
524 474 
524 181 
524 591 
524 513 
524 24 
524 404 
524 90 
524 22 
524 76 
524 352 
524 269 
524 27 
524 120 
524 445 
524 67 
524 279 
524 50 
524 63 
524 177 
524 272 
524 282 
524 149 
524 57 
524 354 
524 286 
524 194 
524 77 
524 153 
524 224 
524 169 
524 188 
524 486 
524 300 
524 199 
524 340 
524 556 
524 365 
524 555 
524 135 
524 462 
524 409 
524 453 
524 449 
524 473 
524 312 
524 36 
524 541 
524 512 
524 564 
524 493 
524 424 
524 526 
524 334 
524 15 
524 421 
524 472 
524 306 
524 183 
524 140 
524 432 
524 204 
524 378 
524 185 
524 55 
524 381 
524 500 
524 358 
524 562 
524 100 
524 558 
524 210 
524 71 
524 568 
524 416 
524 251 
524 162 
524 138 
524 553 
524 132 
524 356 
524 308 
524 245 
524 275 
524 202 
524 221 
524 429 
524 59 
524 371 
524 398 
524 146 
524 160 
524 283 
524 489 
524 405 
524 470 
524 104 
524 182 
524 65 
524 364 
524 408 
524 179 
524 285 
524 217 
524 101 
524 255 
524 88 
524 173 
524 142 
524 220 
524 284 
524 228 
524 419 
524 510 
524 201 
524 31 
524 58 
524 64 
524 205 
524 229 
524 459 
524 10 
524 321 
524 126 
524 548 
524 370 
524 291 
524 259 
524 128 
524 469 
524 546 
524 503 
524 446 
524 273 
524 542 
524 549 
524 106 
524 461 
524 425 
524 293 
524 247 
524 107 
524 487 
524 187 
524 98 
524 544 
524 157 
525 80 
525 111 
525 443 
525 323 
525 388 
525 264 
525 506 
525 475 
525 454 
525 411 
525 101 
525 349 
525 158 
525 107 
525 72 
525 306 
525 381 
525 159 
525 291 
525 587 
525 560 
525 417 
525 152 
525 583 
525 261 
525 260 
525 321 
525 354 
525 27 
525 451 
525 9 
525 233 
525 400 
525 550 
525 318 
525 98 
525 44 
525 561 
525 403 
525 3 
525 280 
525 535 
525 379 
525 96 
525 148 
525 452 
525 419 
525 314 
525 499 
525 106 
525 196 
525 202 
525 22 
525 320 
525 429 
525 271 
525 574 
525 110 
525 67 
525 483 
525 330 
525 513 
525 344 
525 329 
525 337 
525 142 
525 498 
525 563 
525 433 
525 432 
525 296 
525 250 
525 61 
525 367 
525 245 
525 298 
525 179 
525 398 
525 18 
525 251 
525 57 
525 544 
525 266 
525 217 
525 588 
525 384 
525 357 
525 156 
525 163 
525 468 
525 262 
525 224 
525 534 
525 178 
525 449 
525 252 
525 87 
525 7 
525 161 
525 386 
525 232 
525 129 
525 213 
525 236 
525 530 
525 327 
525 543 
525 14 
525 117 
525 414 
525 528 
525 115 
525 220 
525 4 
525 160 
525 130 
525 474 
525 16 
525 457 
525 577 
525 90 
525 243 
525 12 
525 267 
525 28 
525 186 
525 52 
525 212 
525 79 
525 580 
525 100 
525 139 
525 263 
525 331 
525 237 
525 497 
525 304 
525 200 
525 479 
525 209 
525 84 
525 536 
525 496 
525 0 
525 453 
525 458 
525 416 
525 515 
525 375 
525 311 
525 353 
525 131 
525 93 
525 77 
525 281 
525 345 
525 39 
525 41 
525 76 
525 478 
525 88 
525 401 
525 578 
525 17 
525 442 
525 572 
525 425 
525 312 
525 145 
525 165 
525 527 
525 36 
525 590 
525 363 
525 34 
525 37 
525 423 
525 199 
525 421 
525 356 
525 128 
525 333 
525 445 
525 339 
525 435 
525 187 
525 412 
526 372 
526 111 
526 146 
526 12 
526 560 
526 357 
526 90 
526 49 
526 114 
526 574 
526 59 
526 208 
526 570 
526 315 
526 562 
526 168 
526 31 
526 280 
526 480 
526 348 
526 450 
526 586 
526 87 
526 581 
526 464 
526 264 
526 257 
526 423 
526 204 
526 166 
526 485 
526 365 
526 448 
526 531 
526 211 
526 382 
526 426 
526 414 
526 16 
526 451 
526 589 
526 546 
526 504 
526 104 
526 590 
526 99 
526 428 
526 514 
526 349 
526 267 
526 15 
526 503 
526 38 
526 293 
526 397 
526 524 
526 410 
526 396 
526 335 
526 408 
526 379 
526 215 
526 6 
526 373 
526 71 
526 489 
526 136 
526 327 
526 129 
526 17 
526 479 
526 97 
526 404 
526 411 
526 188 
526 77 
526 22 
526 101 
526 200 
526 203 
526 109 
526 326 
526 246 
526 575 
526 413 
526 279 
526 425 
526 282 
526 445 
526 29 
526 342 
526 206 
526 392 
526 394 
526 72 
526 19 
526 561 
526 521 
526 442 
526 455 
526 332 
526 287 
526 119 
526 380 
526 580 
526 187 
526 474 
526 32 
526 277 
526 161 
526 537 
526 318 
526 86 
526 272 
526 213 
526 509 
526 387 
526 496 
526 402 
526 407 
526 189 
526 359 
526 210 
526 493 
526 47 
526 544 
526 340 
526 126 
526 265 
526 51 
526 360 
526 254 
526 583 
526 431 
526 591 
526 322 
526 435 
526 548 
526 460 
526 558 
526 185 
526 214 
526 386 
526 541 
526 545 
526 284 
526 20 
526 459 
526 271 
526 5 
526 391 
526 567 
526 528 
526 57 
526 220 
526 3 
526 301 
526 353 
526 84 
526 568 
526 461 
526 588 
526 495 
526 30 
527 359 
527 78 
527 230 
527 474 
527 135 
527 136 
527 211 
527 473 
527 370 
527 334 
527 205 
527 358 
527 447 
527 146 
527 217 
527 499 
527 501 
527 22 
527 551 
527 239 
527 197 
527 283 
527 516 
527 338 
527 362 
527 558 
527 105 
527 464 
527 293 
527 482 
527 292 
527 261 
527 93 
527 367 
527 506 
527 326 
527 189 
527 373 
527 124 
527 584 
527 562 
527 159 
527 386 
527 114 
527 1 
527 121 
527 496 
527 77 
527 442 
527 72 
527 113 
527 431 
527 138 
527 253 
527 577 
527 387 
527 158 
527 444 
527 250 
527 563 
527 567 
527 94 
527 141 
527 163 
527 115 
527 547 
527 95 
527 123 
527 11 
527 118 
527 70 
527 226 
527 214 
527 177 
527 512 
527 40 
527 317 
527 346 
527 426 
527 279 
527 126 
527 155 
527 63 
527 116 
527 263 
527 280 
527 319 
527 14 
527 295 
527 85 
527 299 
527 16 
527 110 
527 53 
527 515 
527 27 
527 277 
527 470 
527 550 
527 87 
527 303 
527 56 
527 259 
527 559 
527 394 
527 86 
527 6 
527 523 
527 418 
527 212 
527 413 
527 169 
527 335 
527 201 
527 278 
527 355 
527 296 
527 588 
527 122 
527 203 
527 324 
527 164 
527 325 
527 215 
527 196 
527 4 
527 32 
527 69 
527 508 
527 343 
527 388 
527 354 
527 119 
527 188 
527 174 
527 314 
527 327 
527 194 
527 580 
527 266 
527 437 
527 432 
527 389 
527 477 
527 519 
527 162 
527 540 
527 62 
527 204 
527 372 
527 403 
527 199 
527 166 
527 422 
527 15 
527 549 
527 313 
527 541 
527 7 
527 349 
527 472 
527 96 
527 525 
527 269 
527 129 
527 398 
527 371 
527 348 
527 267 
527 103 
527 176 
527 456 
527 585 
527 491 
527 47 
527 92 
527 308 
527 245 
527 406 
527 187 
527 144 
527 486 
527 89 
527 26 
527 383 
527 356 
527 504 
528 248 
528 315 
528 337 
528 441 
528 20 
528 556 
528 583 
528 486 
528 260 
528 346 
528 265 
528 33 
528 540 
528 535 
528 588 
528 247 
528 19 
528 457 
528 266 
528 277 
528 464 
528 389 
528 173 
528 352 
528 416 
528 75 
528 471 
528 474 
528 477 
528 163 
528 567 
528 100 
528 177 
528 445 
528 296 
528 109 
528 573 
528 502 
528 465 
528 98 
528 476 
528 135 
528 348 
528 200 
528 31 
528 185 
528 289 
528 198 
528 14 
528 516 
528 480 
528 281 
528 563 
528 23 
528 114 
528 571 
528 375 
528 124 
528 302 
528 64 
528 443 
528 180 
528 50 
528 490 
528 473 
528 330 
528 421 
528 329 
528 287 
528 36 
528 195 
528 491 
528 320 
528 29 
528 558 
528 252 
528 2 
528 159 
528 510 
528 127 
528 461 
528 131 
528 42 
528 376 
528 313 
528 554 
528 587 
528 564 
528 37 
528 525 
528 334 
528 411 
528 381 
528 374 
528 178 
528 553 
528 236 
528 288 
528 193 
528 550 
528 576 
528 58 
528 492 
528 157 
528 552 
528 283 
528 394 
528 68 
528 509 
528 534 
528 303 
528 92 
528 521 
528 468 
528 515 
528 35 
528 88 
528 218 
528 229 
528 555 
528 401 
528 497 
528 7 
528 458 
528 326 
528 299 
528 585 
528 136 
528 209 
528 133 
528 65 
528 358 
528 257 
528 232 
528 164 
528 81 
528 72 
528 51 
528 542 
528 318 
528 384 
528 161 
528 224 
528 312 
528 538 
528 17 
528 393 
528 286 
528 123 
528 297 
528 403 
528 274 
528 454 
528 122 
528 222 
528 590 
528 141 
528 442 
528 493 
528 188 
528 28 
528 487 
528 206 
528 437 
528 301 
528 526 
528 21 
528 388 
528 83 
528 271 
528 215 
528 30 
528 184 
529 298 
529 421 
529 96 
529 108 
529 327 
529 488 
529 191 
529 532 
529 73 
529 290 
529 201 
529 147 
529 74 
529 345 
529 260 
529 279 
529 440 
529 30 
529 385 
529 195 
529 487 
529 314 
529 100 
529 135 
529 486 
529 149 
529 560 
529 133 
529 438 
529 570 
529 589 
529 95 
529 167 
529 419 
529 128 
529 110 
529 209 
529 234 
529 160 
529 516 
529 320 
529 582 
529 453 
529 218 
529 324 
529 56 
529 51 
529 458 
529 414 
529 452 
529 55 
529 250 
529 588 
529 182 
529 116 
529 193 
529 497 
529 329 
529 142 
529 89 
529 332 
529 493 
529 363 
529 267 
529 271 
529 216 
529 157 
529 40 
529 305 
529 229 
529 264 
529 53 
529 409 
529 321 
529 287 
529 472 
529 295 
529 426 
529 586 
529 11 
529 566 
529 534 
529 538 
529 240 
529 427 
529 551 
529 514 
529 168 
529 143 
529 573 
529 556 
529 27 
529 519 
529 370 
529 364 
529 102 
529 19 
529 20 
529 322 
529 575 
529 138 
529 413 
529 254 
529 319 
529 185 
529 592 
529 62 
529 481 
529 34 
529 208 
529 277 
529 590 
529 366 
529 585 
529 97 
529 447 
529 362 
529 451 
529 384 
529 483 
529 417 
529 187 
529 460 
529 258 
529 72 
529 205 
529 462 
529 148 
529 408 
529 165 
529 118 
529 422 
529 583 
529 33 
529 22 
529 504 
529 503 
529 351 
529 480 
529 219 
529 360 
529 228 
529 161 
529 373 
529 99 
529 88 
529 221 
529 121 
529 288 
529 230 
529 85 
529 64 
529 24 
529 235 
529 554 
529 189 
529 268 
529 309 
529 518 
529 140 
529 559 
529 383 
529 163 
529 263 
529 335 
529 353 
529 428 
529 533 
529 194 
529 435 
529 49 
529 436 
529 246 
529 508 
529 37 
529 347 
529 202 
529 275 
529 196 
530 136 
530 162 
530 488 
530 12 
530 564 
530 347 
530 379 
530 516 
530 283 
530 195 
530 479 
530 487 
530 77 
530 494 
530 388 
530 319 
530 570 
530 96 
530 574 
530 394 
530 438 
530 246 
530 471 
530 130 
530 431 
530 94 
530 18 
530 491 
530 445 
530 348 
530 367 
530 449 
530 125 
530 224 
530 248 
530 359 
530 150 
530 24 
530 340 
530 360 
530 575 
530 500 
530 582 
530 49 
530 164 
530 126 
530 90 
530 166 
530 191 
530 329 
530 253 
530 386 
530 260 
530 213 
530 220 
530 506 
530 45 
530 120 
530 100 
530 7 
530 435 
530 206 
530 483 
530 470 
530 312 
530 351 
530 132 
530 201 
530 50 
530 225 
530 33 
530 266 
530 148 
530 468 
530 454 
530 287 
530 38 
530 119 
530 345 
530 434 
530 245 
530 22 
530 568 
530 584 
530 383 
530 226 
530 68 
530 525 
530 67 
530 482 
530 532 
530 233 
530 368 
530 251 
530 587 
530 187 
530 420 
530 35 
530 171 
530 437 
530 558 
530 157 
530 424 
530 103 
530 592 
530 427 
530 542 
530 442 
530 56 
530 569 
530 557 
530 444 
530 430 
530 498 
530 415 
530 344 
530 423 
530 58 
530 541 
530 111 
530 216 
530 140 
530 543 
530 28 
530 165 
530 44 
530 65 
530 240 
530 590 
530 505 
530 268 
530 284 
530 523 
530 145 
530 21 
530 556 
530 457 
530 88 
530 369 
530 484 
530 354 
530 82 
530 439 
530 55 
530 280 
530 258 
530 540 
530 31 
530 581 
530 200 
530 79 
530 579 
530 198 
530 73 
530 144 
530 54 
530 477 
530 327 
530 279 
530 83 
530 222 
530 271 
530 453 
530 296 
530 133 
530 34 
530 428 
530 459 
530 158 
530 109 
530 463 
530 390 
530 139 
530 207 
530 338 
530 2 
530 275 
530 182 
530 495 
530 160 
530 515 
531 566 
531 327 
531 194 
531 36 
531 491 
531 443 
531 199 
531 319 
531 484 
531 247 
531 125 
531 354 
531 287 
531 151 
531 359 
531 476 
531 211 
531 263 
531 340 
531 109 
531 101 
531 134 
531 226 
531 254 
531 538 
531 403 
531 33 
531 438 
531 424 
531 545 
531 442 
531 123 
531 198 
531 580 
531 86 
531 169 
531 9 
531 456 
531 236 
531 188 
531 546 
531 107 
531 526 
531 261 
531 220 
531 46 
531 440 
531 282 
531 590 
531 76 
531 522 
531 99 
531 274 
531 150 
531 420 
531 588 
531 311 
531 296 
531 548 
531 385 
531 219 
531 225 
531 118 
531 239 
531 47 
531 346 
531 7 
531 74 
531 126 
531 369 
531 362 
531 568 
531 381 
531 234 
531 557 
531 486 
531 480 
531 130 
531 448 
531 404 
531 70 
531 457 
531 214 
531 253 
531 451 
531 185 
531 343 
531 252 
531 411 
531 284 
531 350 
531 195 
531 304 
531 257 
531 6 
531 523 
531 294 
531 563 
531 591 
531 57 
531 401 
531 455 
531 482 
531 518 
531 470 
531 231 
531 180 
531 138 
531 544 
531 116 
531 431 
531 384 
531 48 
531 415 
531 96 
531 3 
531 140 
531 21 
531 42 
531 553 
531 413 
531 444 
531 35 
531 483 
531 400 
531 223 
531 453 
531 537 
531 112 
531 488 
531 437 
531 0 
531 520 
531 439 
531 250 
531 554 
531 135 
531 246 
531 147 
531 386 
531 275 
531 249 
531 209 
531 95 
531 500 
531 184 
531 29 
531 308 
531 558 
531 262 
531 177 
531 574 
531 143 
531 498 
531 561 
531 105 
531 436 
531 25 
531 536 
531 368 
531 104 
531 30 
531 121 
531 120 
531 392 
531 549 
531 539 
531 305 
531 216 
531 139 
531 429 
531 265 
531 162 
531 224 
531 4 
531 128 
531 445 
531 449 
531 215 
531 183 
531 374 
531 163 
531 157 
532 538 
532 80 
532 417 
532 271 
532 323 
532 529 
532 486 
532 457 
532 374 
532 320 
532 352 
532 173 
532 205 
532 517 
532 17 
532 286 
532 315 
532 24 
532 86 
532 482 
532 402 
532 479 
532 521 
532 188 
532 5 
532 58 
532 22 
532 445 
532 53 
532 350 
532 533 
532 277 
532 293 
532 327 
532 546 
532 234 
532 441 
532 73 
532 464 
532 250 
532 242 
532 415 
532 424 
532 472 
532 84 
532 148 
532 72 
532 566 
532 158 
532 128 
532 562 
532 282 
532 304 
532 503 
532 138 
532 187 
532 439 
532 144 
532 504 
532 371 
532 403 
532 507 
532 385 
532 296 
532 130 
532 287 
532 96 
532 136 
532 249 
532 469 
532 537 
532 515 
532 381 
532 567 
532 112 
532 512 
532 329 
532 530 
532 474 
532 166 
532 219 
532 372 
532 470 
532 200 
532 252 
532 571 
532 580 
532 236 
532 368 
532 262 
532 334 
532 109 
532 163 
532 484 
532 331 
532 516 
532 247 
532 50 
532 308 
532 19 
532 111 
532 362 
532 306 
532 224 
532 275 
532 428 
532 367 
532 544 
532 230 
532 485 
532 141 
532 434 
532 578 
532 505 
532 79 
532 341 
532 267 
532 569 
532 548 
532 437 
532 279 
532 523 
532 328 
532 208 
532 232 
532 235 
532 339 
532 278 
532 139 
532 460 
532 543 
532 106 
532 193 
532 100 
532 143 
532 353 
532 383 
532 333 
532 215 
532 311 
532 201 
532 226 
532 382 
532 318 
532 560 
532 119 
532 574 
532 28 
532 396 
532 244 
532 62 
532 149 
532 497 
532 52 
532 237 
532 123 
532 127 
532 185 
532 355 
532 420 
532 15 
532 40 
532 406 
532 94 
532 450 
532 478 
532 256 
532 443 
532 241 
532 508 
532 206 
532 309 
532 82 
532 392 
532 294 
532 30 
532 104 
532 449 
532 99 
532 26 
533 405 
533 442 
533 295 
533 499 
533 244 
533 168 
533 448 
533 149 
533 52 
533 94 
533 141 
533 560 
533 403 
533 14 
533 480 
533 318 
533 69 
533 212 
533 483 
533 537 
533 460 
533 266 
533 446 
533 253 
533 358 
533 68 
533 401 
533 166 
533 147 
533 417 
533 150 
533 532 
533 394 
533 473 
533 413 
533 217 
533 346 
533 430 
533 534 
533 520 
533 376 
533 504 
533 229 
533 399 
533 31 
533 224 
533 42 
533 549 
533 547 
533 200 
533 566 
533 84 
533 490 
533 51 
533 148 
533 391 
533 362 
533 90 
533 443 
533 548 
533 205 
533 196 
533 317 
533 306 
533 264 
533 304 
533 210 
533 98 
533 498 
533 236 
533 50 
533 1 
533 119 
533 18 
533 208 
533 458 
533 505 
533 142 
533 493 
533 109 
533 121 
533 163 
533 164 
533 352 
533 418 
533 29 
533 416 
533 486 
533 159 
533 470 
533 72 
533 285 
533 250 
533 339 
533 396 
533 284 
533 279 
533 219 
533 191 
533 104 
533 509 
533 501 
533 334 
533 337 
533 568 
533 411 
533 301 
533 542 
533 89 
533 169 
533 439 
533 170 
533 130 
533 341 
533 199 
533 77 
533 137 
533 216 
533 495 
533 6 
533 569 
533 288 
533 124 
533 34 
533 171 
533 370 
533 577 
533 447 
533 206 
533 463 
533 435 
533 131 
533 73 
533 367 
533 133 
533 390 
533 564 
533 155 
533 453 
533 292 
533 179 
533 474 
533 521 
533 565 
533 3 
533 26 
533 397 
533 92 
533 529 
533 393 
533 536 
533 135 
533 338 
533 481 
533 479 
533 515 
533 364 
533 500 
533 455 
533 311 
534 164 
534 397 
534 223 
534 62 
534 556 
534 210 
534 147 
534 491 
534 312 
534 102 
534 376 
534 3 
534 449 
534 92 
534 143 
534 197 
534 165 
534 153 
534 540 
534 126 
534 452 
534 287 
534 277 
534 81 
534 171 
534 321 
534 68 
534 256 
534 432 
534 99 
534 80 
534 52 
534 56 
534 533 
534 553 
534 406 
534 338 
534 464 
534 576 
534 446 
534 374 
534 433 
534 132 
534 211 
534 176 
534 423 
534 259 
534 113 
534 499 
534 487 
534 87 
534 391 
534 233 
534 588 
534 583 
534 123 
534 389 
534 564 
534 63 
534 97 
534 206 
534 401 
534 266 
534 413 
534 455 
534 508 
534 529 
534 11 
534 213 
534 552 
534 193 
534 525 
534 4 
534 246 
534 362 
534 94 
534 276 
534 95 
534 331 
534 86 
534 212 
534 497 
534 394 
534 139 
534 408 
534 90 
534 172 
534 170 
534 59 
534 101 
534 49 
534 249 
534 539 
534 173 
534 472 
534 516 
534 250 
534 284 
534 43 
534 154 
534 262 
534 168 
534 396 
534 354 
534 14 
534 361 
534 196 
534 486 
534 115 
534 135 
534 482 
534 58 
534 465 
534 38 
534 142 
534 535 
534 453 
534 109 
534 138 
534 573 
534 131 
534 5 
534 118 
534 254 
534 528 
534 510 
534 350 
534 414 
534 253 
534 48 
534 224 
534 53 
534 437 
534 459 
534 228 
534 368 
534 563 
534 521 
534 424 
534 195 
534 290 
534 175 
534 471 
534 61 
534 375 
534 572 
534 382 
534 235 
534 231 
534 16 
534 220 
534 308 
534 360 
534 439 
534 160 
534 21 
534 219 
534 581 
534 180 
534 356 
534 243 
534 327 
534 388 
534 466 
534 421 
534 492 
534 419 
534 461 
534 337 
534 344 
534 265 
534 484 
534 248 
534 300 
534 9 
534 65 
534 558 
534 66 
534 20 
534 227 
534 566 
534 342 
534 39 
534 269 
534 252 
534 341 
534 565 
534 311 
534 366 
534 217 
534 470 
534 476 
535 570 
535 354 
535 397 
535 412 
535 134 
535 145 
535 318 
535 407 
535 289 
535 312 
535 454 
535 261 
535 375 
535 482 
535 278 
535 240 
535 80 
535 276 
535 443 
535 61 
535 295 
535 523 
535 403 
535 348 
535 198 
535 591 
535 528 
535 287 
535 125 
535 41 
535 491 
535 267 
535 5 
535 112 
535 58 
535 116 
535 177 
535 6 
535 433 
535 542 
535 402 
535 438 
535 417 
535 86 
535 592 
535 477 
535 21 
535 338 
535 294 
535 209 
535 525 
535 396 
535 250 
535 254 
535 586 
535 75 
535 455 
535 130 
535 393 
535 511 
535 466 
535 117 
535 297 
535 216 
535 385 
535 143 
535 431 
535 335 
535 476 
535 18 
535 45 
535 503 
535 155 
535 126 
535 43 
535 94 
535 298 
535 166 
535 549 
535 358 
535 311 
535 146 
535 456 
535 207 
535 205 
535 74 
535 33 
535 365 
535 395 
535 446 
535 40 
535 212 
535 475 
535 317 
535 39 
535 135 
535 76 
535 467 
535 4 
535 136 
535 534 
535 371 
535 241 
535 582 
535 514 
535 564 
535 544 
535 462 
535 27 
535 97 
535 283 
535 1 
535 203 
535 434 
535 567 
535 168 
535 275 
535 51 
535 474 
535 55 
535 489 
535 79 
535 518 
535 208 
535 42 
535 163 
535 327 
535 383 
535 432 
535 204 
535 195 
535 521 
535 108 
535 322 
535 486 
535 111 
535 100 
535 230 
535 96 
535 425 
535 339 
535 255 
535 187 
535 98 
535 234 
535 355 
535 87 
535 236 
535 384 
535 553 
535 231 
535 401 
535 506 
535 430 
535 449 
535 304 
535 214 
535 281 
535 461 
535 504 
535 493 
535 120 
535 563 
535 181 
535 109 
535 460 
535 253 
535 54 
536 288 
536 571 
536 215 
536 576 
536 229 
536 397 
536 471 
536 31 
536 442 
536 189 
536 387 
536 439 
536 461 
536 89 
536 476 
536 266 
536 223 
536 93 
536 441 
536 432 
536 507 
536 456 
536 414 
536 376 
536 298 
536 479 
536 552 
536 160 
536 197 
536 243 
536 159 
536 499 
536 301 
536 10 
536 80 
536 262 
536 186 
536 22 
536 411 
536 412 
536 120 
536 389 
536 255 
536 30 
536 205 
536 138 
536 421 
536 104 
536 315 
536 129 
536 574 
536 148 
536 394 
536 413 
536 572 
536 406 
536 502 
536 111 
536 132 
536 445 
536 172 
536 492 
536 372 
536 141 
536 44 
536 422 
536 498 
536 371 
536 259 
536 139 
536 46 
536 425 
536 375 
536 433 
536 438 
536 450 
536 115 
536 407 
536 207 
536 345 
536 489 
536 500 
536 149 
536 225 
536 464 
536 83 
536 417 
536 4 
536 260 
536 452 
536 187 
536 304 
536 449 
536 319 
536 322 
536 62 
536 509 
536 380 
536 332 
536 404 
536 312 
536 310 
536 395 
536 106 
536 490 
536 240 
536 491 
536 74 
536 25 
536 209 
536 437 
536 359 
536 577 
536 539 
536 199 
536 551 
536 368 
536 52 
536 586 
536 23 
536 525 
536 1 
536 195 
536 468 
536 434 
536 28 
536 234 
536 254 
536 37 
536 326 
536 548 
536 211 
536 336 
536 410 
536 318 
536 212 
536 55 
536 7 
536 493 
536 423 
536 340 
536 170 
536 264 
536 21 
536 32 
536 16 
536 353 
536 227 
536 162 
536 98 
536 210 
536 203 
536 517 
536 540 
536 155 
536 558 
536 265 
536 373 
536 382 
536 570 
536 436 
536 531 
536 497 
536 177 
536 188 
536 306 
536 515 
536 238 
536 550 
536 341 
536 77 
536 174 
536 245 
536 584 
536 426 
536 167 
536 103 
536 192 
536 575 
536 486 
536 533 
536 361 
536 85 
536 232 
537 169 
537 463 
537 505 
537 556 
537 372 
537 301 
537 303 
537 401 
537 132 
537 433 
537 189 
537 168 
537 503 
537 414 
537 533 
537 174 
537 445 
537 340 
537 242 
537 237 
537 541 
537 396 
537 546 
537 499 
537 157 
537 450 
537 205 
537 368 
537 591 
537 410 
537 403 
537 154 
537 390 
537 549 
537 446 
537 89 
537 480 
537 572 
537 349 
537 218 
537 48 
537 500 
537 466 
537 198 
537 180 
537 547 
537 424 
537 214 
537 452 
537 186 
537 521 
537 518 
537 291 
537 423 
537 98 
537 508 
537 256 
537 399 
537 276 
537 259 
537 281 
537 302 
537 469 
537 586 
537 27 
537 388 
537 105 
537 188 
537 519 
537 87 
537 420 
537 226 
537 330 
537 551 
537 482 
537 137 
537 194 
537 532 
537 145 
537 339 
537 127 
537 333 
537 353 
537 355 
537 304 
537 476 
537 106 
537 208 
537 268 
537 365 
537 574 
537 487 
537 183 
537 107 
537 448 
537 184 
537 129 
537 25 
537 140 
537 130 
537 227 
537 128 
537 316 
537 280 
537 369 
537 459 
537 135 
537 286 
537 228 
537 49 
537 287 
537 374 
537 267 
537 213 
537 457 
537 2 
537 540 
537 283 
537 243 
537 566 
537 531 
537 409 
537 13 
537 526 
537 376 
537 0 
537 152 
537 395 
537 229 
537 321 
537 284 
537 146 
537 69 
537 167 
537 207 
537 185 
537 65 
537 196 
537 108 
537 59 
537 294 
537 352 
537 359 
537 37 
537 443 
537 406 
537 99 
537 391 
537 190 
537 143 
537 222 
537 559 
537 166 
537 155 
537 212 
537 432 
537 110 
537 328 
537 515 
538 292 
538 532 
538 539 
538 94 
538 268 
538 566 
538 406 
538 204 
538 41 
538 82 
538 228 
538 356 
538 161 
538 201 
538 316 
538 216 
538 279 
538 238 
538 324 
538 107 
538 531 
538 557 
538 507 
538 141 
538 110 
538 257 
538 429 
538 16 
538 196 
538 300 
538 436 
538 23 
538 555 
538 96 
538 222 
538 404 
538 498 
538 351 
538 260 
538 339 
538 245 
538 132 
538 315 
538 74 
538 133 
538 314 
538 218 
538 334 
538 471 
538 510 
538 410 
538 336 
538 103 
538 2 
538 5 
538 43 
538 158 
538 11 
538 461 
538 145 
538 97 
538 139 
538 355 
538 318 
538 427 
538 485 
538 150 
538 178 
538 271 
538 550 
538 373 
538 421 
538 529 
538 213 
538 67 
538 242 
538 78 
538 129 
538 435 
538 35 
538 214 
538 369 
538 328 
538 465 
538 230 
538 156 
538 154 
538 28 
538 496 
538 251 
538 176 
538 560 
538 73 
538 516 
538 458 
538 468 
538 264 
538 175 
538 419 
538 332 
538 13 
538 219 
538 409 
538 518 
538 561 
538 387 
538 442 
538 374 
538 567 
538 33 
538 168 
538 585 
538 401 
538 359 
538 149 
538 349 
538 425 
538 231 
538 554 
538 302 
538 386 
538 249 
538 512 
538 169 
538 395 
538 188 
538 528 
538 127 
538 426 
538 76 
538 375 
538 377 
538 75 
538 342 
538 588 
538 564 
538 193 
538 470 
538 15 
538 98 
538 487 
538 189 
538 371 
538 319 
538 340 
538 284 
538 56 
538 256 
538 305 
538 17 
538 413 
538 236 
538 335 
538 414 
538 542 
538 451 
538 277 
539 538 
539 321 
539 46 
539 265 
539 417 
539 510 
539 549 
539 573 
539 375 
539 473 
539 392 
539 264 
539 493 
539 28 
539 208 
539 210 
539 113 
539 426 
539 371 
539 279 
539 312 
539 27 
539 52 
539 202 
539 145 
539 244 
539 139 
539 429 
539 49 
539 258 
539 204 
539 316 
539 540 
539 586 
539 303 
539 119 
539 579 
539 11 
539 421 
539 553 
539 287 
539 161 
539 574 
539 80 
539 519 
539 480 
539 38 
539 575 
539 541 
539 149 
539 84 
539 488 
539 386 
539 230 
539 423 
539 590 
539 42 
539 418 
539 215 
539 377 
539 328 
539 206 
539 361 
539 558 
539 53 
539 330 
539 222 
539 243 
539 83 
539 470 
539 201 
539 516 
539 471 
539 45 
539 439 
539 478 
539 505 
539 544 
539 542 
539 302 
539 266 
539 177 
539 534 
539 6 
539 166 
539 217 
539 305 
539 213 
539 455 
539 498 
539 114 
539 477 
539 121 
539 447 
539 87 
539 236 
539 545 
539 214 
539 248 
539 272 
539 494 
539 2 
539 324 
539 198 
539 536 
539 556 
539 326 
539 435 
539 193 
539 209 
539 430 
539 515 
539 282 
539 241 
539 582 
539 591 
539 286 
539 25 
539 569 
539 86 
539 514 
539 263 
539 135 
539 249 
539 592 
539 240 
539 17 
539 314 
539 577 
539 499 
539 60 
539 156 
539 380 
539 357 
539 376 
539 337 
539 174 
539 37 
539 350 
539 400 
539 105 
539 588 
539 555 
539 334 
539 73 
539 364 
539 446 
539 552 
539 108 
539 531 
539 41 
539 565 
539 63 
539 91 
539 197 
539 183 
539 30 
539 144 
539 160 
539 185 
539 517 
539 228 
539 54 
539 124 
539 35 
540 371 
540 280 
540 315 
540 263 
540 514 
540 286 
540 32 
540 138 
540 517 
540 413 
540 193 
540 376 
540 142 
540 386 
540 31 
540 301 
540 555 
540 255 
540 17 
540 450 
540 305 
540 486 
540 590 
540 318 
540 398 
540 534 
540 84 
540 259 
540 506 
540 433 
540 476 
540 443 
540 278 
540 393 
540 528 
540 458 
540 211 
540 589 
540 468 
540 178 
540 539 
540 45 
540 257 
540 10 
540 3 
540 374 
540 68 
540 137 
540 121 
540 512 
540 563 
540 7 
540 185 
540 266 
540 186 
540 161 
540 274 
540 107 
540 510 
540 60 
540 498 
540 18 
540 103 
540 419 
540 306 
540 116 
540 282 
540 67 
540 489 
540 87 
540 328 
540 440 
540 485 
540 281 
540 392 
540 173 
540 463 
540 501 
540 457 
540 451 
540 373 
540 82 
540 504 
540 202 
540 496 
540 571 
540 66 
540 174 
540 70 
540 425 
540 556 
540 375 
540 303 
540 273 
540 367 
540 89 
540 212 
540 59 
540 520 
540 227 
540 314 
540 562 
540 404 
540 221 
540 98 
540 271 
540 340 
540 442 
540 88 
540 57 
540 194 
540 508 
540 38 
540 418 
540 537 
540 391 
540 505 
540 62 
540 50 
540 423 
540 26 
540 198 
540 270 
540 99 
540 469 
540 470 
540 155 
540 291 
540 355 
540 146 
540 456 
540 576 
540 565 
540 416 
540 289 
540 412 
540 112 
540 81 
540 0 
540 474 
540 547 
540 499 
540 564 
540 213 
540 261 
540 63 
540 247 
540 148 
540 220 
540 312 
540 129 
540 446 
540 536 
540 530 
540 570 
540 310 
540 181 
540 551 
540 493 
540 527 
540 415 
540 435 
540 500 
540 287 
540 54 
540 352 
540 141 
540 267 
540 22 
540 426 
540 515 
540 475 
540 353 
540 316 
540 110 
540 481 
540 159 
540 430 
540 61 
540 239 
540 133 
540 91 
540 117 
540 304 
540 381 
540 584 
540 399 
540 203 
540 140 
540 157 
540 243 
540 37 
540 196 
540 349 
540 109 
541 135 
541 46 
541 317 
541 105 
541 205 
541 233 
541 279 
541 110 
541 15 
541 342 
541 305 
541 162 
541 296 
541 509 
541 471 
541 304 
541 492 
541 583 
541 307 
541 216 
541 192 
541 388 
541 224 
541 72 
541 32 
541 588 
541 361 
541 146 
541 100 
541 207 
541 175 
541 223 
541 303 
541 494 
541 481 
541 537 
541 227 
541 477 
541 126 
541 384 
541 60 
541 438 
541 245 
541 69 
541 584 
541 314 
541 108 
541 574 
541 463 
541 522 
541 446 
541 198 
541 382 
541 164 
541 323 
541 458 
541 124 
541 81 
541 179 
541 539 
541 480 
541 592 
541 557 
541 299 
541 263 
541 569 
541 125 
541 147 
541 28 
541 306 
541 462 
541 331 
541 455 
541 365 
541 524 
541 120 
541 330 
541 312 
541 413 
541 552 
541 14 
541 553 
541 174 
541 409 
541 499 
541 20 
541 447 
541 203 
541 58 
541 155 
541 251 
541 321 
541 334 
541 311 
541 319 
541 439 
541 434 
541 286 
541 291 
541 218 
541 36 
541 115 
541 470 
541 94 
541 9 
541 158 
541 180 
541 389 
541 22 
541 380 
541 570 
541 530 
541 143 
541 62 
541 151 
541 371 
541 24 
541 281 
541 163 
541 516 
541 277 
541 513 
541 61 
541 441 
541 282 
541 495 
541 351 
541 226 
541 211 
541 551 
541 153 
541 420 
541 545 
541 445 
541 358 
541 416 
541 359 
541 244 
541 488 
541 399 
541 377 
541 201 
541 6 
541 468 
541 308 
541 356 
541 454 
541 200 
541 150 
541 230 
541 402 
541 555 
541 515 
541 526 
541 169 
541 527 
541 589 
541 132 
541 550 
541 64 
541 101 
541 427 
541 360 
541 354 
541 587 
541 37 
541 214 
541 444 
541 27 
541 89 
541 91 
541 215 
542 564 
542 14 
542 544 
542 40 
542 318 
542 410 
542 367 
542 336 
542 36 
542 346 
542 123 
542 38 
542 513 
542 499 
542 354 
542 43 
542 242 
542 481 
542 301 
542 208 
542 436 
542 236 
542 71 
542 213 
542 399 
542 51 
542 143 
542 94 
542 116 
542 545 
542 312 
542 258 
542 334 
542 96 
542 140 
542 10 
542 535 
542 394 
542 493 
542 196 
542 453 
542 149 
542 422 
542 464 
542 69 
542 498 
542 37 
542 497 
542 581 
542 93 
542 150 
542 338 
542 585 
542 231 
542 297 
542 130 
542 30 
542 479 
542 33 
542 170 
542 588 
542 396 
542 345 
542 255 
542 198 
542 46 
542 163 
542 397 
542 295 
542 330 
542 380 
542 465 
542 249 
542 3 
542 274 
542 191 
542 431 
542 24 
542 539 
542 84 
542 166 
542 132 
542 515 
542 388 
542 576 
542 480 
542 180 
542 517 
542 89 
542 160 
542 162 
542 414 
542 139 
542 416 
542 382 
542 138 
542 373 
542 151 
542 356 
542 48 
542 492 
542 347 
542 398 
542 5 
542 335 
542 427 
542 313 
542 57 
542 520 
542 181 
542 530 
542 326 
542 560 
542 219 
542 577 
542 142 
542 104 
542 533 
542 197 
542 364 
542 66 
542 114 
542 556 
542 494 
542 56 
542 26 
542 328 
542 292 
542 95 
542 77 
542 288 
542 306 
542 243 
542 455 
542 444 
542 133 
542 393 
542 333 
542 88 
542 27 
542 262 
542 579 
542 6 
542 193 
542 375 
542 117 
542 156 
542 434 
542 528 
542 17 
542 80 
542 112 
542 547 
542 590 
542 253 
542 214 
542 549 
542 25 
542 428 
542 574 
542 238 
542 361 
542 50 
542 321 
542 98 
542 575 
542 424 
542 554 
542 136 
542 102 
542 252 
542 524 
542 457 
542 261 
542 289 
542 303 
542 269 
542 322 
542 182 
542 217 
542 86 
542 538 
543 16 
543 11 
543 269 
543 176 
543 577 
543 558 
543 156 
543 395 
543 260 
543 336 
543 265 
543 125 
543 394 
543 519 
543 442 
543 308 
543 362 
543 113 
543 45 
543 421 
543 29 
543 30 
543 307 
543 13 
543 211 
543 380 
543 554 
543 484 
543 217 
543 47 
543 390 
543 118 
543 200 
543 204 
543 591 
543 100 
543 428 
543 497 
543 513 
543 219 
543 122 
543 44 
543 297 
543 491 
543 34 
543 383 
543 329 
543 583 
543 223 
543 56 
543 440 
543 498 
543 232 
543 544 
543 412 
543 23 
543 257 
543 453 
543 40 
543 194 
543 202 
543 518 
543 111 
543 418 
543 399 
543 75 
543 575 
543 142 
543 123 
543 215 
543 480 
543 221 
543 588 
543 210 
543 185 
543 121 
543 319 
543 438 
543 55 
543 32 
543 476 
543 94 
543 203 
543 482 
543 184 
543 170 
543 52 
543 131 
543 485 
543 525 
543 59 
543 315 
543 300 
543 153 
543 475 
543 82 
543 108 
543 272 
543 338 
543 409 
543 252 
543 587 
543 207 
543 387 
543 248 
543 73 
543 464 
543 63 
543 520 
543 214 
543 54 
543 510 
543 37 
543 333 
543 241 
543 452 
543 460 
543 183 
543 530 
543 470 
543 0 
543 360 
543 401 
543 515 
543 555 
543 420 
543 161 
543 345 
543 189 
543 368 
543 14 
543 408 
543 263 
543 209 
543 347 
543 447 
543 304 
543 386 
543 532 
543 377 
543 68 
543 192 
543 352 
543 158 
543 251 
543 461 
543 74 
543 305 
543 299 
543 430 
543 256 
543 289 
543 417 
543 212 
543 135 
543 148 
543 134 
543 172 
543 403 
543 240 
543 140 
543 95 
543 76 
543 448 
543 367 
543 508 
543 359 
543 503 
543 182 
543 279 
543 507 
543 545 
543 61 
543 164 
543 286 
543 343 
543 578 
543 90 
543 277 
544 247 
544 275 
544 411 
544 376 
544 377 
544 542 
544 169 
544 268 
544 13 
544 232 
544 85 
544 270 
544 340 
544 116 
544 216 
544 546 
544 294 
544 72 
544 496 
544 550 
544 15 
544 429 
544 322 
544 148 
544 487 
544 479 
544 467 
544 462 
544 444 
544 266 
544 111 
544 197 
544 585 
544 296 
544 12 
544 62 
544 256 
544 493 
544 439 
544 18 
544 56 
544 422 
544 560 
544 286 
544 521 
544 490 
544 170 
544 4 
544 292 
544 543 
544 40 
544 420 
544 409 
544 246 
544 245 
544 89 
544 124 
544 350 
544 77 
544 66 
544 8 
544 140 
544 436 
544 591 
544 583 
544 557 
544 392 
544 336 
544 410 
544 19 
544 81 
544 171 
544 316 
544 174 
544 261 
544 290 
544 525 
544 363 
544 401 
544 472 
544 251 
544 539 
544 307 
544 338 
544 76 
544 386 
544 93 
544 29 
544 318 
544 480 
544 119 
544 475 
544 276 
544 388 
544 315 
544 61 
544 461 
544 442 
544 391 
544 249 
544 205 
544 20 
544 82 
544 402 
544 115 
544 397 
544 55 
544 433 
544 497 
544 515 
544 531 
544 238 
544 153 
544 297 
544 548 
544 17 
544 69 
544 258 
544 414 
544 308 
544 0 
544 573 
544 535 
544 113 
544 3 
544 460 
544 326 
544 469 
544 532 
544 333 
544 97 
544 565 
544 98 
544 510 
544 123 
544 260 
544 526 
544 580 
544 154 
544 574 
544 282 
544 301 
544 202 
544 28 
544 498 
544 385 
544 437 
544 219 
544 49 
544 380 
544 41 
544 383 
544 394 
544 370 
544 367 
544 502 
544 199 
544 96 
544 172 
544 125 
544 184 
544 362 
544 204 
544 70 
544 145 
544 235 
544 151 
544 137 
544 568 
544 211 
544 192 
544 451 
544 298 
544 11 
544 506 
544 178 
544 373 
544 241 
544 441 
544 135 
544 586 
544 215 
544 50 
544 369 
544 364 
544 524 
544 375 
545 183 
545 452 
545 188 
545 142 
545 331 
545 569 
545 78 
545 352 
545 322 
545 242 
545 351 
545 108 
545 483 
545 293 
545 512 
545 332 
545 280 
545 270 
545 379 
545 333 
545 571 
545 171 
545 289 
545 138 
545 542 
545 87 
545 531 
545 230 
545 105 
545 376 
545 160 
545 362 
545 445 
545 320 
545 57 
545 166 
545 209 
545 508 
545 515 
545 107 
545 374 
545 308 
545 141 
545 453 
545 99 
545 261 
545 503 
545 61 
545 311 
545 189 
545 469 
545 14 
545 190 
545 363 
545 12 
545 568 
545 52 
545 170 
545 143 
545 577 
545 111 
545 340 
545 423 
545 5 
545 137 
545 32 
545 356 
545 590 
545 102 
545 281 
545 319 
545 264 
545 424 
545 139 
545 208 
545 520 
545 310 
545 471 
545 509 
545 86 
545 21 
545 292 
545 440 
545 420 
545 140 
545 466 
545 177 
545 100 
545 454 
545 235 
545 275 
545 174 
545 51 
545 126 
545 551 
545 497 
545 494 
545 478 
545 539 
545 223 
545 291 
545 125 
545 75 
545 305 
545 349 
545 299 
545 549 
545 284 
545 195 
545 206 
545 6 
545 443 
545 132 
545 490 
545 144 
545 163 
545 15 
545 514 
545 375 
545 541 
545 513 
545 583 
545 150 
545 404 
545 482 
545 504 
545 559 
545 463 
545 306 
545 53 
545 248 
545 154 
545 410 
545 98 
545 505 
545 348 
545 526 
545 110 
545 181 
545 251 
545 329 
545 214 
545 159 
545 418 
545 267 
545 219 
545 417 
545 543 
545 566 
545 321 
545 573 
545 444 
545 575 
545 162 
545 109 
545 9 
545 201 
546 463 
546 189 
546 294 
546 38 
546 91 
546 98 
546 142 
546 448 
546 292 
546 178 
546 302 
546 156 
546 181 
546 544 
546 243 
546 327 
546 461 
546 258 
546 259 
546 322 
546 47 
546 262 
546 58 
546 15 
546 397 
546 210 
546 252 
546 328 
546 514 
546 537 
546 138 
546 133 
546 40 
546 523 
546 61 
546 293 
546 232 
546 214 
546 554 
546 59 
546 71 
546 395 
546 164 
546 532 
546 168 
546 462 
546 182 
546 416 
546 531 
546 316 
546 281 
546 248 
546 175 
546 336 
546 249 
546 360 
546 428 
546 12 
546 493 
546 220 
546 253 
546 402 
546 406 
546 295 
546 151 
546 355 
546 526 
546 155 
546 118 
546 558 
546 139 
546 22 
546 582 
546 341 
546 568 
546 559 
546 509 
546 418 
546 422 
546 34 
546 580 
546 467 
546 13 
546 144 
546 106 
546 137 
546 419 
546 396 
546 82 
546 458 
546 366 
546 435 
546 449 
546 65 
546 236 
546 426 
546 74 
546 177 
546 121 
546 350 
546 351 
546 343 
546 290 
546 439 
546 400 
546 149 
546 202 
546 238 
546 337 
546 326 
546 495 
546 464 
546 584 
546 60 
546 450 
546 4 
546 112 
546 473 
546 570 
546 319 
546 111 
546 310 
546 519 
546 48 
546 143 
546 30 
546 97 
546 375 
546 553 
546 354 
546 26 
546 171 
546 224 
546 184 
546 56 
546 109 
546 465 
546 233 
546 147 
546 8 
546 73 
546 367 
546 407 
546 317 
546 475 
546 424 
546 476 
546 500 
546 296 
546 24 
546 521 
546 564 
546 371 
546 244 
546 431 
546 19 
546 502 
546 266 
546 524 
546 9 
546 560 
546 315 
546 31 
546 573 
546 53 
546 43 
546 547 
546 499 
546 185 
546 62 
546 588 
546 489 
546 162 
546 436 
546 313 
546 447 
546 576 
546 482 
546 35 
546 66 
546 49 
547 248 
547 225 
547 213 
547 212 
547 132 
547 108 
547 392 
547 304 
547 277 
547 582 
547 352 
547 116 
547 394 
547 285 
547 347 
547 472 
547 344 
547 219 
547 218 
547 333 
547 200 
547 570 
547 326 
547 70 
547 384 
547 568 
547 2 
547 257 
547 480 
547 369 
547 413 
547 279 
547 112 
547 299 
547 553 
547 51 
547 512 
547 47 
547 187 
547 262 
547 453 
547 151 
547 537 
547 533 
547 110 
547 167 
547 340 
547 386 
547 292 
547 124 
547 205 
547 324 
547 195 
547 168 
547 321 
547 79 
547 190 
547 242 
547 74 
547 527 
547 244 
547 159 
547 189 
547 26 
547 266 
547 101 
547 561 
547 411 
547 271 
547 275 
547 421 
547 146 
547 425 
547 381 
547 193 
547 76 
547 237 
547 399 
547 389 
547 41 
547 327 
547 109 
547 468 
547 423 
547 466 
547 367 
547 198 
547 89 
547 158 
547 171 
547 590 
547 589 
547 274 
547 372 
547 140 
547 208 
547 420 
547 341 
547 457 
547 377 
547 281 
547 295 
547 65 
547 573 
547 306 
547 504 
547 194 
547 296 
547 484 
547 31 
547 320 
547 409 
547 272 
547 353 
547 284 
547 211 
547 565 
547 334 
547 441 
547 176 
547 255 
547 184 
547 22 
547 27 
547 67 
547 461 
547 338 
547 440 
547 102 
547 550 
547 227 
547 48 
547 20 
547 165 
547 142 
547 418 
547 540 
547 388 
547 50 
547 150 
547 29 
547 577 
547 7 
547 542 
547 431 
547 485 
547 216 
547 401 
547 460 
547 24 
547 419 
547 514 
547 161 
547 562 
547 290 
547 332 
547 587 
547 429 
547 201 
547 378 
547 445 
547 154 
547 546 
547 469 
547 361 
547 566 
547 180 
547 53 
547 325 
547 269 
547 182 
547 28 
547 374 
547 85 
547 465 
547 42 
548 153 
548 278 
548 440 
548 38 
548 104 
548 26 
548 424 
548 568 
548 92 
548 309 
548 485 
548 18 
548 426 
548 567 
548 61 
548 220 
548 141 
548 375 
548 306 
548 178 
548 477 
548 291 
548 76 
548 162 
548 121 
548 591 
548 49 
548 482 
548 471 
548 572 
548 500 
548 186 
548 224 
548 324 
548 497 
548 58 
548 289 
548 200 
548 395 
548 180 
548 334 
548 353 
548 549 
548 105 
548 246 
548 158 
548 563 
548 277 
548 63 
548 143 
548 266 
548 571 
548 562 
548 88 
548 206 
548 56 
548 66 
548 350 
548 484 
548 531 
548 213 
548 355 
548 533 
548 70 
548 2 
548 425 
548 489 
548 325 
548 496 
548 588 
548 584 
548 417 
548 72 
548 578 
548 368 
548 435 
548 52 
548 124 
548 410 
548 54 
548 147 
548 397 
548 460 
548 274 
548 212 
548 263 
548 466 
548 443 
548 35 
548 136 
548 270 
548 419 
548 476 
548 507 
548 478 
548 377 
548 39 
548 154 
548 142 
548 234 
548 323 
548 98 
548 420 
548 366 
548 446 
548 244 
548 320 
548 468 
548 450 
548 40 
548 139 
548 406 
548 47 
548 544 
548 9 
548 282 
548 169 
548 207 
548 235 
548 216 
548 196 
548 303 
548 402 
548 322 
548 510 
548 437 
548 520 
548 365 
548 19 
548 308 
548 11 
548 238 
548 253 
548 315 
548 204 
548 536 
548 416 
548 1 
548 287 
548 573 
548 532 
548 513 
548 113 
548 161 
548 122 
548 188 
548 467 
548 214 
548 130 
548 356 
548 174 
548 273 
548 129 
548 258 
548 59 
548 283 
548 348 
548 414 
548 146 
548 218 
548 526 
548 69 
548 503 
548 167 
548 382 
548 329 
548 239 
548 412 
548 524 
548 281 
548 68 
548 321 
548 555 
548 480 
548 398 
548 271 
548 517 
548 495 
548 215 
548 149 
548 312 
548 389 
548 110 
548 509 
548 10 
549 389 
549 145 
549 58 
549 128 
549 212 
549 102 
549 225 
549 556 
549 578 
549 539 
549 97 
549 65 
549 320 
549 448 
549 122 
549 361 
549 192 
549 312 
549 121 
549 138 
549 577 
549 94 
549 265 
549 481 
549 172 
549 139 
549 184 
549 447 
549 483 
549 249 
549 187 
549 43 
549 367 
549 568 
549 161 
549 403 
549 519 
549 240 
549 54 
549 13 
549 359 
549 487 
549 6 
549 537 
549 78 
549 38 
549 331 
549 205 
549 98 
549 548 
549 504 
549 435 
549 555 
549 500 
549 385 
549 294 
549 51 
549 298 
549 533 
549 554 
549 14 
549 8 
549 130 
549 155 
549 92 
549 515 
549 296 
549 571 
549 164 
549 404 
549 415 
549 477 
549 304 
549 363 
549 42 
549 313 
549 170 
549 84 
549 563 
549 358 
549 237 
549 586 
549 3 
549 497 
549 245 
549 273 
549 99 
549 405 
549 484 
549 517 
549 349 
549 233 
549 327 
549 535 
549 285 
549 76 
549 550 
549 287 
549 81 
549 185 
549 29 
549 308 
549 297 
549 453 
549 514 
549 407 
549 236 
549 1 
549 350 
549 552 
549 355 
549 31 
549 207 
549 209 
549 63 
549 384 
549 263 
549 153 
549 326 
549 383 
549 272 
549 378 
549 250 
549 74 
549 495 
549 159 
549 136 
549 198 
549 206 
549 479 
549 397 
549 562 
549 261 
549 545 
549 229 
549 239 
549 292 
549 433 
549 457 
549 428 
549 177 
549 316 
549 352 
549 506 
549 210 
549 321 
549 24 
549 353 
549 451 
549 419 
549 96 
549 362 
549 197 
549 427 
549 301 
549 82 
549 553 
549 510 
549 467 
549 221 
549 213 
549 343 
549 501 
549 137 
549 55 
549 442 
549 222 
549 101 
549 542 
549 194 
549 125 
549 146 
549 112 
549 575 
549 201 
549 509 
549 527 
549 341 
549 123 
549 47 
549 374 
549 219 
549 157 
549 5 
549 531 
549 356 
549 524 
549 103 
549 393 
549 398 
549 494 
549 7 
549 39 
549 144 
549 238 
549 175 
550 277 
550 337 
550 326 
550 1 
550 435 
550 583 
550 377 
550 350 
550 60 
550 412 
550 121 
550 487 
550 109 
550 468 
550 270 
550 420 
550 544 
550 524 
550 169 
550 112 
550 46 
550 475 
550 418 
550 191 
550 419 
550 572 
550 579 
550 150 
550 203 
550 260 
550 9 
550 159 
550 581 
550 443 
550 301 
550 32 
550 176 
550 47 
550 379 
550 432 
550 133 
550 231 
550 234 
550 167 
550 213 
550 116 
550 148 
550 525 
550 118 
550 318 
550 184 
550 411 
550 336 
550 136 
550 562 
550 491 
550 289 
550 135 
550 85 
550 405 
550 153 
550 330 
550 376 
550 417 
550 131 
550 513 
550 141 
550 303 
550 244 
550 190 
550 249 
550 147 
550 374 
550 241 
550 351 
550 182 
550 11 
550 509 
550 296 
550 281 
550 114 
550 186 
550 138 
550 427 
550 481 
550 104 
550 263 
550 212 
550 538 
550 563 
550 192 
550 333 
550 549 
550 137 
550 15 
550 224 
550 40 
550 144 
550 302 
550 218 
550 321 
550 492 
550 115 
550 0 
550 527 
550 292 
550 229 
550 67 
550 488 
550 125 
550 495 
550 528 
550 511 
550 478 
550 236 
550 265 
550 300 
550 348 
550 287 
550 78 
550 206 
550 34 
550 239 
550 87 
550 438 
550 42 
550 28 
550 53 
550 183 
550 392 
550 298 
550 573 
550 388 
550 62 
550 568 
550 174 
550 88 
550 214 
550 547 
550 489 
550 497 
550 151 
550 447 
550 197 
550 316 
550 586 
550 134 
550 250 
550 331 
550 429 
550 6 
550 410 
550 209 
550 122 
550 26 
550 554 
550 394 
550 442 
550 499 
550 360 
550 86 
550 240 
550 347 
550 339 
550 179 
550 222 
550 166 
550 384 
550 267 
550 113 
550 522 
550 503 
550 327 
550 576 
550 329 
550 515 
550 536 
550 424 
550 80 
550 541 
550 461 
550 476 
550 466 
550 404 
550 557 
550 142 
550 59 
550 81 
550 210 
550 285 
550 193 
550 396 
550 514 
550 433 
551 4 
551 495 
551 89 
551 403 
551 27 
551 189 
551 110 
551 171 
551 572 
551 482 
551 30 
551 493 
551 455 
551 429 
551 418 
551 488 
551 527 
551 506 
551 20 
551 415 
551 293 
551 435 
551 411 
551 442 
551 114 
551 579 
551 213 
551 392 
551 241 
551 490 
551 385 
551 432 
551 301 
551 316 
551 226 
551 174 
551 309 
551 483 
551 339 
551 25 
551 323 
551 84 
551 167 
551 80 
551 583 
551 318 
551 398 
551 402 
551 6 
551 37 
551 288 
551 112 
551 552 
551 161 
551 478 
551 191 
551 559 
551 42 
551 175 
551 273 
551 566 
551 537 
551 139 
551 271 
551 153 
551 235 
551 470 
551 529 
551 198 
551 340 
551 65 
551 177 
551 157 
551 120 
551 519 
551 459 
551 66 
551 514 
551 201 
551 41 
551 152 
551 515 
551 310 
551 117 
551 178 
551 324 
551 577 
551 466 
551 561 
551 264 
551 457 
551 421 
551 45 
551 588 
551 381 
551 48 
551 49 
551 513 
551 545 
551 394 
551 173 
551 207 
551 451 
551 85 
551 176 
551 138 
551 405 
551 14 
551 300 
551 364 
551 228 
551 185 
551 423 
551 386 
551 462 
551 472 
551 313 
551 536 
551 308 
551 430 
551 281 
551 413 
551 141 
551 221 
551 108 
551 162 
551 557 
551 467 
551 3 
551 291 
551 101 
551 237 
551 375 
551 53 
551 59 
551 541 
551 342 
551 252 
551 299 
551 553 
551 460 
551 133 
551 285 
551 540 
551 446 
551 481 
551 24 
551 129 
551 498 
551 142 
551 26 
551 51 
551 192 
551 452 
551 260 
551 554 
551 132 
551 258 
551 341 
551 229 
551 55 
551 444 
551 473 
551 485 
551 286 
551 121 
551 317 
551 518 
551 73 
551 366 
551 581 
552 427 
552 238 
552 160 
552 560 
552 267 
552 103 
552 418 
552 9 
552 269 
552 500 
552 170 
552 111 
552 205 
552 174 
552 324 
552 154 
552 14 
552 361 
552 430 
552 257 
552 444 
552 493 
552 334 
552 26 
552 181 
552 509 
552 302 
552 306 
552 300 
552 7 
552 179 
552 117 
552 536 
552 391 
552 72 
552 124 
552 249 
552 374 
552 209 
552 452 
552 426 
552 301 
552 393 
552 561 
552 466 
552 47 
552 33 
552 176 
552 233 
552 15 
552 149 
552 240 
552 248 
552 242 
552 163 
552 589 
552 449 
552 155 
552 348 
552 218 
552 323 
552 192 
552 126 
552 332 
552 30 
552 396 
552 495 
552 581 
552 462 
552 315 
552 367 
552 56 
552 293 
552 236 
552 172 
552 291 
552 85 
552 63 
552 551 
552 208 
552 4 
552 21 
552 585 
552 488 
552 258 
552 78 
552 554 
552 157 
552 109 
552 342 
552 534 
552 541 
552 590 
552 202 
552 387 
552 358 
552 559 
552 194 
552 58 
552 330 
552 587 
552 480 
552 80 
552 549 
552 68 
552 413 
552 90 
552 573 
552 471 
552 502 
552 570 
552 49 
552 27 
552 438 
552 295 
552 48 
552 331 
552 143 
552 395 
552 116 
552 528 
552 215 
552 75 
552 437 
552 193 
552 104 
552 433 
552 457 
552 280 
552 206 
552 204 
552 434 
552 288 
552 25 
552 67 
552 115 
552 70 
552 553 
552 146 
552 305 
552 317 
552 140 
552 435 
552 478 
552 455 
552 145 
552 397 
552 432 
552 50 
552 51 
552 567 
552 214 
552 328 
552 284 
552 165 
552 203 
552 64 
552 429 
552 408 
552 292 
552 441 
552 576 
552 357 
552 239 
552 398 
552 308 
552 355 
552 501 
552 41 
552 125 
552 271 
552 322 
552 128 
552 120 
552 483 
552 539 
552 136 
552 414 
552 130 
552 255 
552 173 
552 505 
552 102 
552 419 
552 388 
552 373 
552 219 
552 245 
552 13 
552 378 
552 482 
552 268 
552 474 
552 28 
552 458 
552 459 
552 88 
553 300 
553 73 
553 457 
553 232 
553 131 
553 219 
553 94 
553 239 
553 82 
553 366 
553 520 
553 312 
553 176 
553 58 
553 63 
553 324 
553 151 
553 79 
553 301 
553 486 
553 222 
553 472 
553 375 
553 434 
553 262 
553 356 
553 75 
553 136 
553 487 
553 534 
553 235 
553 294 
553 579 
553 263 
553 547 
553 443 
553 119 
553 274 
553 413 
553 252 
553 211 
553 1 
553 539 
553 81 
553 292 
553 476 
553 215 
553 159 
553 337 
553 251 
553 501 
553 46 
553 33 
553 249 
553 247 
553 41 
553 170 
553 13 
553 584 
553 114 
553 350 
553 181 
553 224 
553 570 
553 253 
553 572 
553 556 
553 87 
553 188 
553 14 
553 378 
553 446 
553 541 
553 432 
553 238 
553 421 
553 179 
553 322 
553 423 
553 144 
553 449 
553 241 
553 86 
553 12 
553 165 
553 354 
553 410 
553 35 
553 528 
553 112 
553 196 
553 498 
553 394 
553 408 
553 42 
553 9 
553 508 
553 138 
553 85 
553 248 
553 347 
553 451 
553 583 
553 28 
553 522 
553 511 
553 524 
553 130 
553 306 
553 118 
553 103 
553 3 
553 142 
553 200 
553 531 
553 437 
553 332 
553 54 
553 546 
553 427 
553 397 
553 245 
553 336 
553 571 
553 517 
553 246 
553 557 
553 552 
553 277 
553 326 
553 141 
553 369 
553 355 
553 574 
553 555 
553 298 
553 358 
553 24 
553 335 
553 453 
553 74 
553 424 
553 264 
553 549 
553 64 
553 341 
553 551 
553 34 
553 325 
553 368 
553 380 
553 519 
553 109 
553 387 
553 447 
553 221 
553 568 
553 516 
553 310 
553 129 
553 302 
553 273 
553 471 
553 535 
553 592 
553 47 
553 283 
553 345 
553 402 
553 320 
553 518 
553 96 
553 45 
553 90 
553 228 
553 507 
553 401 
553 289 
553 287 
553 78 
553 444 
553 100 
553 226 
553 143 
553 209 
554 126 
554 385 
554 265 
554 350 
554 121 
554 586 
554 28 
554 492 
554 413 
554 292 
554 514 
554 214 
554 31 
554 450 
554 106 
554 523 
554 354 
554 142 
554 88 
554 168 
554 419 
554 588 
554 183 
554 110 
554 401 
554 133 
554 362 
554 344 
554 426 
554 360 
554 470 
554 349 
554 124 
554 543 
554 391 
554 566 
554 65 
554 580 
554 372 
554 412 
554 275 
554 493 
554 97 
554 409 
554 546 
554 160 
554 501 
554 54 
554 76 
554 191 
554 343 
554 571 
554 367 
554 250 
554 35 
554 198 
554 424 
554 574 
554 158 
554 118 
554 549 
554 284 
554 311 
554 490 
554 47 
554 91 
554 239 
554 469 
554 14 
554 154 
554 364 
554 522 
554 481 
554 557 
554 476 
554 165 
554 253 
554 582 
554 173 
554 203 
554 45 
554 92 
554 131 
554 234 
554 71 
554 178 
554 290 
554 375 
554 439 
554 552 
554 462 
554 346 
554 368 
554 139 
554 304 
554 485 
554 489 
554 221 
554 21 
554 175 
554 52 
554 417 
554 298 
554 434 
554 584 
554 573 
554 528 
554 508 
554 196 
554 53 
554 246 
554 590 
554 458 
554 560 
554 452 
554 351 
554 308 
554 585 
554 484 
554 444 
554 324 
554 320 
554 8 
554 79 
554 414 
554 397 
554 519 
554 174 
554 309 
554 403 
554 442 
554 249 
554 520 
554 479 
554 379 
554 115 
554 102 
554 332 
554 42 
554 164 
554 80 
554 3 
554 225 
554 555 
554 159 
554 287 
554 319 
554 499 
554 591 
554 531 
554 9 
554 242 
554 415 
554 303 
554 300 
554 241 
554 559 
554 302 
554 25 
554 538 
554 550 
554 466 
554 568 
554 567 
554 433 
554 373 
554 56 
554 369 
554 441 
554 515 
554 107 
554 281 
554 89 
554 529 
554 394 
554 329 
554 465 
554 219 
554 551 
554 395 
554 4 
554 542 
554 208 
554 569 
554 440 
554 407 
554 140 
554 217 
554 136 
554 378 
554 33 
554 113 
554 370 
554 34 
555 592 
555 306 
555 327 
555 16 
555 237 
555 481 
555 464 
555 129 
555 304 
555 124 
555 41 
555 342 
555 540 
555 432 
555 299 
555 85 
555 179 
555 349 
555 480 
555 197 
555 346 
555 519 
555 315 
555 59 
555 434 
555 20 
555 290 
555 341 
555 339 
555 407 
555 466 
555 459 
555 426 
555 183 
555 305 
555 303 
555 268 
555 556 
555 417 
555 286 
555 128 
555 40 
555 538 
555 521 
555 7 
555 105 
555 470 
555 34 
555 549 
555 322 
555 133 
555 178 
555 21 
555 403 
555 583 
555 163 
555 588 
555 300 
555 76 
555 524 
555 483 
555 42 
555 293 
555 71 
555 87 
555 146 
555 50 
555 219 
555 235 
555 134 
555 475 
555 26 
555 56 
555 348 
555 294 
555 577 
555 494 
555 412 
555 514 
555 243 
555 44 
555 465 
555 259 
555 351 
555 11 
555 74 
555 316 
555 562 
555 238 
555 79 
555 450 
555 213 
555 138 
555 189 
555 82 
555 6 
555 121 
555 234 
555 452 
555 462 
555 215 
555 448 
555 58 
555 472 
555 113 
555 136 
555 487 
555 554 
555 99 
555 424 
555 581 
555 36 
555 86 
555 185 
555 510 
555 543 
555 261 
555 423 
555 528 
555 118 
555 553 
555 461 
555 92 
555 331 
555 104 
555 477 
555 415 
555 14 
555 309 
555 590 
555 221 
555 566 
555 384 
555 319 
555 402 
555 148 
555 98 
555 380 
555 367 
555 539 
555 166 
555 541 
555 210 
555 200 
555 503 
555 100 
555 559 
555 463 
555 255 
555 548 
555 110 
555 508 
555 96 
555 227 
555 414 
555 328 
555 516 
555 120 
555 188 
555 229 
555 292 
555 211 
555 504 
555 318 
555 81 
555 329 
555 587 
555 445 
555 410 
555 378 
555 301 
556 65 
556 589 
556 577 
556 537 
556 534 
556 549 
556 281 
556 70 
556 264 
556 195 
556 475 
556 517 
556 322 
556 155 
556 107 
556 75 
556 473 
556 528 
556 360 
556 419 
556 274 
556 496 
556 308 
556 146 
556 397 
556 342 
556 439 
556 55 
556 563 
556 367 
556 254 
556 569 
556 513 
556 519 
556 3 
556 468 
556 53 
556 504 
556 131 
556 226 
556 11 
556 555 
556 218 
556 109 
556 113 
556 346 
556 44 
556 229 
556 330 
556 104 
556 231 
556 303 
556 210 
556 481 
556 463 
556 296 
556 315 
556 167 
556 183 
556 316 
556 10 
556 562 
556 417 
556 306 
556 299 
556 421 
556 470 
556 524 
556 205 
556 59 
556 49 
556 54 
556 358 
556 241 
556 271 
556 572 
556 28 
556 583 
556 341 
556 311 
556 396 
556 374 
556 206 
556 372 
556 553 
556 389 
556 140 
556 153 
556 418 
556 189 
556 561 
556 585 
556 456 
556 106 
556 500 
556 163 
556 160 
556 529 
556 442 
556 130 
556 391 
556 505 
556 575 
556 196 
556 540 
556 265 
556 96 
556 558 
556 204 
556 51 
556 460 
556 240 
556 433 
556 57 
556 480 
556 138 
556 184 
556 199 
556 294 
556 68 
556 427 
556 93 
556 408 
556 7 
556 147 
556 298 
556 590 
556 576 
556 542 
556 9 
556 132 
556 383 
556 539 
556 426 
556 277 
556 110 
556 171 
556 268 
556 168 
556 564 
556 188 
556 182 
556 343 
556 334 
556 384 
556 447 
556 186 
556 270 
556 452 
556 530 
556 38 
556 411 
556 117 
556 148 
556 443 
556 87 
556 495 
556 449 
556 319 
556 234 
556 260 
556 121 
556 477 
556 559 
556 501 
556 246 
556 216 
556 429 
556 307 
556 451 
556 464 
556 485 
556 169 
556 393 
556 80 
556 370 
556 359 
556 471 
556 457 
556 82 
556 213 
556 484 
556 404 
556 407 
556 14 
556 291 
556 365 
556 413 
556 31 
556 390 
556 252 
556 450 
556 592 
556 197 
556 221 
556 239 
556 478 
557 16 
557 201 
557 249 
557 592 
557 253 
557 384 
557 405 
557 297 
557 465 
557 559 
557 452 
557 461 
557 394 
557 236 
557 209 
557 169 
557 302 
557 309 
557 129 
557 211 
557 255 
557 380 
557 145 
557 157 
557 538 
557 316 
557 513 
557 97 
557 228 
557 347 
557 266 
557 350 
557 341 
557 403 
557 558 
557 581 
557 263 
557 503 
557 391 
557 417 
557 277 
557 570 
557 587 
557 298 
557 562 
557 445 
557 136 
557 563 
557 541 
557 312 
557 318 
557 408 
557 554 
557 301 
557 122 
557 466 
557 579 
557 360 
557 264 
557 544 
557 192 
557 196 
557 103 
557 531 
557 30 
557 120 
557 81 
557 195 
557 49 
557 505 
557 176 
557 560 
557 27 
557 386 
557 168 
557 475 
557 522 
557 453 
557 0 
557 462 
557 268 
557 222 
557 80 
557 379 
557 137 
557 354 
557 496 
557 585 
557 437 
557 373 
557 233 
557 376 
557 151 
557 407 
557 334 
557 530 
557 182 
557 48 
557 271 
557 365 
557 96 
557 148 
557 95 
557 486 
557 355 
557 127 
557 2 
557 498 
557 21 
557 173 
557 427 
557 430 
557 553 
557 25 
557 26 
557 317 
557 551 
557 510 
557 516 
557 313 
557 324 
557 359 
557 367 
557 435 
557 33 
557 438 
557 504 
557 322 
557 287 
557 375 
557 50 
557 414 
557 411 
557 330 
557 107 
557 337 
557 303 
557 482 
557 64 
557 69 
557 457 
557 186 
557 448 
557 321 
557 183 
557 184 
557 204 
557 420 
557 364 
557 451 
557 194 
557 219 
557 231 
557 447 
557 42 
557 348 
557 382 
557 72 
557 374 
557 119 
557 40 
557 144 
557 87 
557 383 
557 550 
557 275 
557 418 
557 487 
557 225 
557 422 
557 565 
557 116 
557 198 
557 284 
557 78 
557 421 
557 353 
557 256 
557 328 
557 75 
557 250 
557 582 
558 332 
558 168 
558 52 
558 66 
558 237 
558 570 
558 91 
558 288 
558 106 
558 543 
558 53 
558 515 
558 574 
558 145 
558 357 
558 377 
558 39 
558 318 
558 93 
558 495 
558 527 
558 383 
558 85 
558 116 
558 206 
558 136 
558 57 
558 489 
558 125 
558 488 
558 363 
558 402 
558 557 
558 123 
558 179 
558 235 
558 371 
558 36 
558 287 
558 474 
558 44 
558 94 
558 315 
558 492 
558 394 
558 303 
558 378 
558 283 
558 25 
558 98 
558 196 
558 192 
558 80 
558 33 
558 335 
558 477 
558 29 
558 564 
558 546 
558 463 
558 178 
558 539 
558 163 
558 464 
558 503 
558 241 
558 97 
558 149 
558 284 
558 410 
558 279 
558 1 
558 461 
558 47 
558 204 
558 418 
558 588 
558 317 
558 584 
558 579 
558 528 
558 307 
558 230 
558 575 
558 569 
558 157 
558 400 
558 475 
558 290 
558 580 
558 214 
558 120 
558 188 
558 508 
558 556 
558 141 
558 380 
558 79 
558 524 
558 398 
558 366 
558 485 
558 326 
558 370 
558 530 
558 361 
558 258 
558 323 
558 297 
558 405 
558 105 
558 231 
558 200 
558 449 
558 324 
558 513 
558 267 
558 71 
558 27 
558 376 
558 46 
558 343 
558 217 
558 345 
558 429 
558 581 
558 293 
558 2 
558 225 
558 336 
558 182 
558 374 
558 562 
558 112 
558 64 
558 406 
558 298 
558 305 
558 270 
558 144 
558 132 
558 218 
558 63 
558 531 
558 414 
558 448 
558 445 
558 430 
558 158 
558 184 
558 181 
558 399 
558 339 
558 536 
558 368 
558 526 
558 229 
558 435 
558 460 
558 76 
558 90 
558 256 
558 38 
558 137 
558 302 
558 456 
558 480 
558 169 
558 534 
558 167 
558 310 
558 576 
558 143 
558 351 
558 208 
558 470 
558 462 
558 0 
558 210 
558 15 
558 582 
558 312 
558 459 
559 298 
559 104 
559 205 
559 588 
559 383 
559 246 
559 32 
559 194 
559 304 
559 485 
559 287 
559 239 
559 557 
559 297 
559 442 
559 255 
559 244 
559 167 
559 583 
559 278 
559 10 
559 169 
559 578 
559 16 
559 305 
559 394 
559 589 
559 274 
559 21 
559 46 
559 119 
559 312 
559 107 
559 76 
559 96 
559 446 
559 275 
559 14 
559 259 
559 348 
559 329 
559 203 
559 354 
559 562 
559 459 
559 487 
559 81 
559 36 
559 280 
559 77 
559 406 
559 345 
559 410 
559 462 
559 283 
559 466 
559 59 
559 182 
559 197 
559 130 
559 546 
559 160 
559 421 
559 55 
559 551 
559 448 
559 270 
559 513 
559 449 
559 567 
559 56 
559 265 
559 308 
559 341 
559 435 
559 552 
559 458 
559 325 
559 586 
559 218 
559 427 
559 173 
559 213 
559 224 
559 434 
559 349 
559 575 
559 264 
559 223 
559 337 
559 102 
559 299 
559 171 
559 456 
559 231 
559 517 
559 168 
559 301 
559 226 
559 429 
559 24 
559 527 
559 505 
559 292 
559 355 
559 124 
559 131 
559 423 
559 144 
559 190 
559 414 
559 501 
559 364 
559 571 
559 52 
559 146 
559 210 
559 405 
559 206 
559 116 
559 136 
559 332 
559 5 
559 8 
559 455 
559 73 
559 486 
559 29 
559 554 
559 123 
559 137 
559 509 
559 311 
559 313 
559 370 
559 86 
559 508 
559 147 
559 20 
559 315 
559 587 
559 45 
559 155 
559 93 
559 445 
559 258 
559 350 
559 106 
559 186 
559 504 
559 545 
559 556 
559 479 
559 221 
559 566 
559 54 
559 422 
559 66 
559 263 
559 316 
559 529 
559 33 
559 44 
559 58 
559 88 
559 555 
559 25 
559 481 
559 11 
559 219 
559 64 
559 537 
559 363 
559 9 
559 74 
559 227 
559 568 
559 138 
559 179 
559 225 
559 165 
559 372 
559 451 
559 376 
559 208 
559 443 
559 254 
560 63 
560 394 
560 59 
560 552 
560 416 
560 514 
560 32 
560 123 
560 436 
560 415 
560 53 
560 526 
560 457 
560 350 
560 500 
560 90 
560 57 
560 533 
560 141 
560 78 
560 406 
560 284 
560 432 
560 525 
560 357 
560 244 
560 82 
560 529 
560 226 
560 2 
560 10 
560 319 
560 569 
560 256 
560 193 
560 96 
560 103 
560 165 
560 220 
560 58 
560 221 
560 126 
560 562 
560 501 
560 130 
560 363 
560 322 
560 544 
560 312 
560 495 
560 192 
560 571 
560 118 
560 567 
560 398 
560 233 
560 43 
560 286 
560 453 
560 442 
560 426 
560 92 
560 281 
560 77 
560 331 
560 410 
560 491 
560 143 
560 56 
560 208 
560 325 
560 279 
560 336 
560 122 
560 209 
560 280 
560 484 
560 344 
560 227 
560 225 
560 153 
560 557 
560 278 
560 179 
560 393 
560 127 
560 489 
560 399 
560 48 
560 554 
560 85 
560 368 
560 337 
560 326 
560 386 
560 264 
560 113 
560 28 
560 568 
560 538 
560 510 
560 330 
560 70 
560 474 
560 283 
560 397 
560 542 
560 486 
560 149 
560 342 
560 369 
560 166 
560 497 
560 405 
560 318 
560 492 
560 422 
560 197 
560 99 
560 144 
560 35 
560 159 
560 167 
560 314 
560 268 
560 390 
560 145 
560 186 
560 421 
560 234 
560 180 
560 213 
560 496 
560 7 
560 458 
560 83 
560 51 
560 216 
560 307 
560 190 
560 204 
560 478 
560 480 
560 316 
560 392 
560 532 
560 400 
560 217 
560 261 
560 139 
560 195 
560 570 
560 574 
560 451 
560 425 
560 249 
560 577 
560 498 
560 423 
560 222 
560 356 
560 229 
560 434 
560 158 
560 563 
560 297 
560 546 
560 304 
560 292 
560 272 
560 508 
560 270 
560 389 
560 184 
560 177 
560 84 
560 327 
560 435 
560 403 
560 382 
560 251 
560 513 
560 298 
561 186 
561 297 
561 273 
561 54 
561 211 
561 178 
561 8 
561 171 
561 390 
561 76 
561 37 
561 393 
561 253 
561 314 
561 204 
561 355 
561 42 
561 161 
561 449 
561 201 
561 492 
561 159 
561 372 
561 137 
561 12 
561 573 
561 261 
561 464 
561 552 
561 199 
561 241 
561 165 
561 566 
561 382 
561 129 
561 525 
561 110 
561 71 
561 502 
561 444 
561 348 
561 88 
561 117 
561 205 
561 469 
561 378 
561 421 
561 279 
561 65 
561 304 
561 307 
561 157 
561 127 
561 312 
561 547 
561 443 
561 121 
561 407 
561 413 
561 459 
561 556 
561 384 
561 438 
561 591 
561 133 
561 513 
561 507 
561 79 
561 291 
561 589 
561 89 
561 208 
561 415 
561 396 
561 359 
561 551 
561 508 
561 195 
561 408 
561 386 
561 242 
561 290 
561 523 
561 578 
561 152 
561 442 
561 260 
561 313 
561 583 
561 503 
561 9 
561 278 
561 160 
561 26 
561 46 
561 587 
561 509 
561 368 
561 526 
561 300 
561 403 
561 418 
561 35 
561 210 
561 43 
561 538 
561 387 
561 590 
561 267 
561 305 
561 511 
561 576 
561 315 
561 237 
561 331 
561 229 
561 36 
561 417 
561 282 
561 182 
561 66 
561 224 
561 32 
561 564 
561 485 
561 212 
561 452 
561 326 
561 474 
561 433 
561 319 
561 275 
561 193 
561 423 
561 2 
561 142 
561 531 
561 249 
561 567 
561 270 
561 379 
561 388 
561 311 
561 271 
561 52 
561 136 
561 151 
561 238 
561 47 
561 439 
561 244 
561 323 
561 120 
561 266 
561 104 
561 360 
561 70 
561 510 
561 472 
561 430 
561 258 
561 479 
561 68 
561 256 
561 33 
561 374 
561 274 
562 326 
562 569 
562 416 
562 495 
562 436 
562 60 
562 281 
562 212 
562 265 
562 208 
562 134 
562 191 
562 65 
562 16 
562 376 
562 526 
562 420 
562 31 
562 109 
562 437 
562 6 
562 229 
562 515 
562 583 
562 26 
562 332 
562 516 
562 224 
562 409 
562 145 
562 572 
562 105 
562 144 
562 466 
562 230 
562 196 
562 560 
562 263 
562 305 
562 527 
562 301 
562 559 
562 131 
562 548 
562 385 
562 507 
562 557 
562 67 
562 556 
562 442 
562 310 
562 119 
562 256 
562 96 
562 130 
562 254 
562 192 
562 550 
562 95 
562 532 
562 261 
562 110 
562 271 
562 368 
562 157 
562 522 
562 362 
562 506 
562 216 
562 523 
562 91 
562 399 
562 50 
562 237 
562 311 
562 366 
562 223 
562 4 
562 129 
562 242 
562 156 
562 153 
562 315 
562 415 
562 252 
562 138 
562 279 
562 112 
562 253 
562 468 
562 519 
562 371 
562 490 
562 555 
562 126 
562 187 
562 502 
562 524 
562 401 
562 249 
562 405 
562 447 
562 341 
562 540 
562 217 
562 137 
562 120 
562 22 
562 565 
562 114 
562 321 
562 184 
562 194 
562 318 
562 472 
562 147 
562 514 
562 188 
562 471 
562 379 
562 549 
562 40 
562 571 
562 245 
562 71 
562 478 
562 227 
562 580 
562 494 
562 13 
562 298 
562 419 
562 462 
562 558 
562 486 
562 566 
562 128 
562 141 
562 284 
562 457 
562 161 
562 2 
562 570 
562 422 
562 163 
562 149 
562 484 
562 240 
562 228 
562 135 
562 14 
562 171 
562 10 
562 158 
562 418 
562 446 
562 293 
562 61 
562 172 
562 174 
562 547 
562 246 
562 123 
562 483 
562 375 
562 393 
562 78 
562 75 
562 63 
562 235 
562 485 
562 66 
562 573 
562 423 
562 364 
562 327 
562 381 
562 388 
562 480 
562 93 
563 272 
563 517 
563 179 
563 269 
563 351 
563 261 
563 217 
563 507 
563 450 
563 522 
563 346 
563 75 
563 487 
563 588 
563 19 
563 158 
563 271 
563 108 
563 556 
563 203 
563 273 
563 467 
563 279 
563 28 
563 236 
563 322 
563 302 
563 53 
563 239 
563 64 
563 465 
563 376 
563 190 
563 396 
563 511 
563 257 
563 230 
563 248 
563 121 
563 363 
563 332 
563 548 
563 540 
563 263 
563 233 
563 280 
563 222 
563 164 
563 253 
563 424 
563 129 
563 306 
563 342 
563 557 
563 459 
563 525 
563 368 
563 5 
563 528 
563 527 
563 157 
563 402 
563 152 
563 160 
563 210 
563 383 
563 10 
563 194 
563 549 
563 502 
563 415 
563 289 
563 47 
563 224 
563 486 
563 128 
563 550 
563 579 
563 458 
563 490 
563 275 
563 162 
563 84 
563 187 
563 65 
563 231 
563 523 
563 321 
563 456 
563 14 
563 201 
563 531 
563 247 
563 113 
563 314 
563 569 
563 70 
563 29 
563 216 
563 74 
563 287 
563 399 
563 431 
563 578 
563 30 
563 369 
563 46 
563 154 
563 488 
563 150 
563 281 
563 9 
563 303 
563 318 
563 38 
563 223 
563 12 
563 140 
563 177 
563 112 
563 145 
563 218 
563 18 
563 175 
563 403 
563 0 
563 471 
563 228 
563 445 
563 122 
563 149 
563 316 
563 534 
563 414 
563 102 
563 592 
563 326 
563 290 
563 188 
563 583 
563 392 
563 258 
563 16 
563 297 
563 33 
563 172 
563 68 
563 45 
563 238 
563 442 
563 484 
563 315 
563 589 
563 212 
563 251 
563 246 
563 50 
563 181 
563 165 
563 356 
563 130 
563 476 
563 200 
563 334 
563 71 
563 339 
563 576 
563 387 
563 560 
563 283 
563 479 
563 344 
563 478 
563 213 
563 184 
563 367 
563 570 
563 229 
563 582 
563 535 
563 460 
563 516 
563 398 
563 85 
563 87 
563 196 
563 107 
563 482 
563 244 
563 313 
564 203 
564 542 
564 570 
564 530 
564 125 
564 262 
564 180 
564 190 
564 36 
564 119 
564 76 
564 295 
564 45 
564 287 
564 100 
564 261 
564 192 
564 27 
564 430 
564 191 
564 8 
564 115 
564 495 
564 284 
564 451 
564 373 
564 443 
564 355 
564 21 
564 4 
564 72 
564 474 
564 39 
564 277 
564 216 
564 68 
564 349 
564 452 
564 1 
564 306 
564 33 
564 328 
564 138 
564 212 
564 48 
564 74 
564 289 
564 455 
564 80 
564 54 
564 162 
564 300 
564 330 
564 500 
564 98 
564 576 
564 169 
564 389 
564 278 
564 235 
564 411 
564 558 
564 198 
564 583 
564 534 
564 58 
564 568 
564 290 
564 183 
564 87 
564 524 
564 410 
564 376 
564 433 
564 446 
564 89 
564 575 
564 128 
564 320 
564 473 
564 332 
564 31 
564 316 
564 467 
564 586 
564 323 
564 77 
564 574 
564 264 
564 428 
564 345 
564 528 
564 257 
564 44 
564 304 
564 356 
564 420 
564 228 
564 579 
564 83 
564 249 
564 151 
564 122 
564 229 
564 408 
564 85 
564 260 
564 117 
564 240 
564 535 
564 405 
564 318 
564 142 
564 40 
564 377 
564 150 
564 396 
564 406 
564 556 
564 242 
564 462 
564 112 
564 11 
564 188 
564 199 
564 56 
564 561 
564 487 
564 174 
564 513 
564 95 
564 186 
564 565 
564 444 
564 291 
564 208 
564 540 
564 220 
564 170 
564 52 
564 514 
564 418 
564 94 
564 19 
564 30 
564 146 
564 222 
564 34 
564 546 
564 134 
564 511 
564 16 
564 362 
564 397 
564 533 
564 299 
564 368 
564 156 
564 486 
564 510 
564 344 
564 15 
564 538 
564 286 
564 53 
564 505 
564 475 
564 237 
564 246 
564 315 
564 380 
564 10 
564 181 
564 102 
564 437 
564 346 
564 254 
564 66 
564 516 
564 46 
564 413 
564 189 
565 308 
565 213 
565 364 
565 392 
565 135 
565 178 
565 267 
565 382 
565 37 
565 452 
565 505 
565 512 
565 161 
565 571 
565 238 
565 34 
565 114 
565 431 
565 225 
565 60 
565 252 
565 125 
565 288 
565 284 
565 365 
565 65 
565 520 
565 209 
565 241 
565 8 
565 242 
565 92 
565 586 
565 585 
565 508 
565 128 
565 117 
565 41 
565 411 
565 226 
565 166 
565 460 
565 66 
565 196 
565 170 
565 511 
565 189 
565 297 
565 169 
565 18 
565 246 
565 427 
565 448 
565 57 
565 3 
565 342 
565 497 
565 243 
565 78 
565 87 
565 81 
565 217 
565 449 
565 84 
565 445 
565 496 
565 318 
565 276 
565 404 
565 439 
565 121 
565 201 
565 471 
565 109 
565 180 
565 108 
565 502 
565 331 
565 244 
565 371 
565 184 
565 133 
565 177 
565 120 
565 417 
565 287 
565 232 
565 22 
565 461 
565 453 
565 188 
565 335 
565 562 
565 199 
565 76 
565 493 
565 266 
565 278 
565 131 
565 343 
565 137 
565 172 
565 373 
565 86 
565 576 
565 259 
565 584 
565 303 
565 67 
565 239 
565 547 
565 248 
565 402 
565 469 
565 223 
565 418 
565 280 
565 374 
565 544 
565 332 
565 219 
565 324 
565 432 
565 39 
565 467 
565 391 
565 325 
565 540 
565 17 
565 360 
565 564 
565 317 
565 473 
565 0 
565 320 
565 291 
565 168 
565 573 
565 82 
565 140 
565 283 
565 279 
565 592 
565 578 
565 118 
565 513 
565 231 
565 521 
565 230 
565 48 
565 162 
565 475 
565 206 
565 5 
565 372 
565 491 
565 95 
565 533 
565 539 
565 163 
565 262 
565 387 
565 97 
565 522 
565 557 
565 534 
565 79 
565 236 
565 294 
566 245 
566 186 
566 139 
566 531 
566 401 
566 218 
566 79 
566 364 
566 538 
566 19 
566 172 
566 184 
566 443 
566 343 
566 260 
566 129 
566 516 
566 486 
566 368 
566 188 
566 321 
566 229 
566 73 
566 317 
566 87 
566 222 
566 469 
566 54 
566 373 
566 122 
566 253 
566 554 
566 38 
566 7 
566 392 
566 302 
566 492 
566 442 
566 4 
566 491 
566 20 
566 363 
566 561 
566 24 
566 205 
566 532 
566 533 
566 13 
566 168 
566 465 
566 120 
566 587 
566 481 
566 310 
566 450 
566 452 
566 305 
566 163 
566 341 
566 144 
566 423 
566 91 
566 71 
566 463 
566 27 
566 329 
566 395 
566 208 
566 434 
566 359 
566 223 
566 551 
566 529 
566 445 
566 405 
566 475 
566 324 
566 366 
566 236 
566 9 
566 212 
566 267 
566 65 
566 88 
566 211 
566 220 
566 262 
566 289 
566 351 
566 81 
566 327 
566 142 
566 573 
566 257 
566 495 
566 148 
566 119 
566 146 
566 357 
566 133 
566 467 
566 332 
566 265 
566 325 
566 419 
566 191 
566 336 
566 537 
566 125 
566 490 
566 386 
566 460 
566 2 
566 35 
566 344 
566 263 
566 68 
566 261 
566 309 
566 176 
566 505 
566 562 
566 578 
566 197 
566 384 
566 181 
566 303 
566 217 
566 418 
566 103 
566 365 
566 376 
566 187 
566 390 
566 247 
566 297 
566 323 
566 108 
566 555 
566 391 
566 451 
566 353 
566 425 
566 559 
566 407 
566 306 
566 282 
566 483 
566 189 
566 458 
566 502 
566 166 
566 385 
566 498 
566 98 
566 287 
566 590 
566 59 
566 106 
566 135 
566 534 
566 545 
566 508 
566 547 
566 18 
566 375 
566 279 
566 496 
566 213 
567 55 
567 475 
567 288 
567 279 
567 479 
567 96 
567 344 
567 464 
567 256 
567 523 
567 94 
567 340 
567 266 
567 445 
567 170 
567 548 
567 277 
567 184 
567 123 
567 38 
567 477 
567 503 
567 391 
567 295 
567 50 
567 16 
567 522 
567 485 
567 429 
567 207 
567 571 
567 260 
567 442 
567 199 
567 109 
567 130 
567 138 
567 121 
567 71 
567 590 
567 194 
567 383 
567 573 
567 178 
567 528 
567 201 
567 313 
567 140 
567 81 
567 346 
567 253 
567 378 
567 282 
567 591 
567 505 
567 498 
567 419 
567 1 
567 560 
567 484 
567 195 
567 426 
567 254 
567 224 
567 322 
567 422 
567 155 
567 127 
567 397 
567 275 
567 400 
567 491 
567 235 
567 82 
567 527 
567 307 
567 204 
567 36 
567 513 
567 443 
567 270 
567 303 
567 218 
567 335 
567 321 
567 494 
567 559 
567 113 
567 248 
567 345 
567 453 
567 507 
567 12 
567 532 
567 20 
567 489 
567 252 
567 191 
567 517 
567 314 
567 89 
567 173 
567 146 
567 203 
567 223 
567 98 
567 180 
567 359 
567 350 
567 330 
567 105 
567 352 
567 179 
567 57 
567 143 
567 92 
567 446 
567 124 
567 289 
567 305 
567 115 
567 535 
567 45 
567 14 
567 538 
567 334 
567 353 
567 219 
567 579 
567 326 
567 447 
567 262 
567 24 
567 15 
567 198 
567 369 
567 37 
567 360 
567 176 
567 415 
567 387 
567 572 
567 280 
567 291 
567 552 
567 325 
567 308 
567 183 
567 76 
567 554 
567 29 
567 63 
567 293 
567 132 
567 561 
567 412 
567 190 
567 267 
567 13 
567 390 
567 117 
567 137 
567 164 
567 100 
567 114 
567 437 
567 435 
567 255 
567 452 
567 347 
567 212 
567 459 
567 210 
567 122 
567 496 
567 500 
567 487 
567 166 
567 150 
567 75 
567 309 
567 526 
567 269 
567 385 
567 431 
567 420 
567 6 
567 44 
567 32 
568 291 
568 403 
568 280 
568 548 
568 188 
568 116 
568 38 
568 145 
568 205 
568 95 
568 69 
568 224 
568 279 
568 341 
568 585 
568 137 
568 55 
568 171 
568 120 
568 508 
568 314 
568 317 
568 223 
568 549 
568 14 
568 402 
568 13 
568 547 
568 424 
568 475 
568 575 
568 576 
568 271 
568 153 
568 432 
568 321 
568 209 
568 7 
568 481 
568 235 
568 369 
568 351 
568 123 
568 286 
568 92 
568 88 
568 434 
568 225 
568 446 
568 292 
568 498 
568 327 
568 249 
568 388 
568 389 
568 276 
568 417 
568 457 
568 126 
568 545 
568 59 
568 329 
568 118 
568 546 
568 4 
568 54 
568 564 
568 409 
568 531 
568 218 
568 117 
568 26 
568 334 
568 413 
568 401 
568 169 
568 405 
568 488 
568 231 
568 16 
568 78 
568 530 
568 265 
568 43 
568 368 
568 345 
568 130 
568 245 
568 30 
568 248 
568 489 
568 72 
568 303 
568 167 
568 416 
568 309 
568 275 
568 89 
568 76 
568 77 
568 328 
568 407 
568 589 
568 440 
568 524 
568 569 
568 479 
568 509 
568 63 
568 560 
568 168 
568 172 
568 57 
568 128 
568 418 
568 262 
568 284 
568 346 
568 363 
568 285 
568 364 
568 533 
568 289 
568 357 
568 445 
568 344 
568 514 
568 121 
568 378 
568 84 
568 441 
568 264 
568 196 
568 176 
568 392 
568 91 
568 421 
568 253 
568 550 
568 66 
568 107 
568 192 
568 110 
568 487 
568 354 
568 323 
568 79 
568 458 
568 422 
568 574 
568 412 
568 414 
568 437 
568 522 
568 554 
568 36 
568 518 
568 42 
568 377 
568 433 
568 553 
568 104 
568 482 
568 385 
568 394 
568 484 
568 452 
568 244 
568 68 
568 353 
568 255 
568 217 
568 288 
568 544 
568 506 
568 247 
568 485 
568 73 
568 559 
568 48 
568 408 
568 453 
568 510 
568 19 
568 462 
568 501 
568 70 
568 94 
568 526 
568 8 
568 106 
569 260 
569 364 
569 351 
569 562 
569 451 
569 432 
569 545 
569 455 
569 488 
569 362 
569 265 
569 414 
569 337 
569 114 
569 471 
569 464 
569 87 
569 574 
569 208 
569 212 
569 493 
569 344 
569 247 
569 556 
569 343 
569 36 
569 560 
569 404 
569 357 
569 358 
569 55 
569 133 
569 379 
569 467 
569 277 
569 140 
569 14 
569 240 
569 195 
569 417 
569 251 
569 31 
569 406 
569 437 
569 514 
569 312 
569 141 
569 27 
569 585 
569 483 
569 185 
569 243 
569 60 
569 510 
569 44 
569 541 
569 201 
569 102 
569 194 
569 452 
569 17 
569 210 
569 70 
569 482 
569 272 
569 100 
569 95 
569 280 
569 469 
569 354 
569 5 
569 299 
569 590 
569 381 
569 481 
569 8 
569 392 
569 456 
569 175 
569 274 
569 558 
569 323 
569 345 
569 256 
569 242 
569 591 
569 38 
569 61 
569 563 
569 474 
569 112 
569 313 
569 69 
569 121 
569 59 
569 166 
569 231 
569 3 
569 568 
569 502 
569 361 
569 198 
569 81 
569 579 
569 98 
569 501 
569 447 
569 530 
569 131 
569 308 
569 350 
569 330 
569 382 
569 421 
569 157 
569 261 
569 249 
569 224 
569 123 
569 13 
569 196 
569 419 
569 78 
569 533 
569 374 
569 523 
569 202 
569 79 
569 539 
569 449 
569 244 
569 532 
569 268 
569 174 
569 234 
569 478 
569 56 
569 147 
569 367 
569 460 
569 218 
569 583 
569 490 
569 497 
569 119 
569 199 
569 126 
569 89 
569 85 
569 241 
569 445 
569 232 
569 331 
569 516 
569 554 
569 293 
569 283 
569 51 
569 487 
569 311 
569 135 
569 209 
569 235 
569 188 
569 411 
569 462 
569 90 
569 500 
569 318 
570 139 
570 475 
570 18 
570 535 
570 362 
570 564 
570 215 
570 519 
570 372 
570 114 
570 112 
570 105 
570 135 
570 558 
570 132 
570 80 
570 256 
570 89 
570 530 
570 25 
570 64 
570 128 
570 523 
570 526 
570 116 
570 579 
570 349 
570 54 
570 141 
570 179 
570 140 
570 455 
570 82 
570 33 
570 547 
570 529 
570 332 
570 229 
570 91 
570 279 
570 415 
570 14 
570 291 
570 301 
570 515 
570 100 
570 217 
570 178 
570 297 
570 434 
570 123 
570 374 
570 285 
570 72 
570 150 
570 557 
570 335 
570 11 
570 287 
570 44 
570 16 
570 357 
570 167 
570 28 
570 344 
570 8 
570 351 
570 2 
570 81 
570 98 
570 514 
570 192 
570 553 
570 22 
570 299 
570 73 
570 586 
570 247 
570 347 
570 129 
570 319 
570 411 
570 264 
570 396 
570 12 
570 37 
570 184 
570 169 
570 294 
570 74 
570 345 
570 501 
570 223 
570 88 
570 321 
570 581 
570 336 
570 452 
570 338 
570 138 
570 166 
570 75 
570 427 
570 270 
570 26 
570 552 
570 136 
570 48 
570 546 
570 241 
570 254 
570 466 
570 10 
570 222 
570 161 
570 517 
570 541 
570 366 
570 38 
570 271 
570 265 
570 306 
570 251 
570 449 
570 420 
570 363 
570 295 
570 41 
570 463 
570 371 
570 277 
570 341 
570 412 
570 157 
570 403 
570 562 
570 50 
570 482 
570 292 
570 489 
570 31 
570 243 
570 84 
570 79 
570 17 
570 408 
570 96 
570 587 
570 540 
570 293 
570 536 
570 13 
570 302 
570 460 
570 487 
570 571 
570 27 
570 560 
570 107 
570 444 
570 468 
570 364 
570 137 
570 503 
570 379 
570 424 
570 320 
570 386 
570 563 
570 507 
570 262 
570 205 
570 15 
570 381 
570 242 
570 591 
570 180 
570 400 
570 389 
570 246 
570 377 
570 94 
570 156 
570 236 
570 278 
570 276 
570 380 
570 30 
571 536 
571 219 
571 386 
571 468 
571 337 
571 40 
571 275 
571 353 
571 464 
571 46 
571 565 
571 360 
571 381 
571 368 
571 225 
571 190 
571 277 
571 227 
571 48 
571 198 
571 437 
571 246 
571 348 
571 49 
571 248 
571 382 
571 20 
571 545 
571 567 
571 104 
571 117 
571 268 
571 6 
571 514 
571 56 
571 357 
571 276 
571 172 
571 27 
571 21 
571 319 
571 380 
571 44 
571 467 
571 38 
571 188 
571 554 
571 548 
571 329 
571 490 
571 130 
571 560 
571 67 
571 445 
571 202 
571 247 
571 404 
571 255 
571 73 
571 482 
571 399 
571 271 
571 465 
571 549 
571 257 
571 122 
571 241 
571 528 
571 487 
571 349 
571 254 
571 245 
571 215 
571 14 
571 263 
571 343 
571 7 
571 502 
571 515 
571 443 
571 222 
571 62 
571 334 
571 367 
571 540 
571 106 
571 442 
571 25 
571 285 
571 506 
571 400 
571 138 
571 448 
571 3 
571 453 
571 424 
571 262 
571 101 
571 426 
571 304 
571 272 
571 341 
571 260 
571 532 
571 191 
571 300 
571 493 
571 129 
571 127 
571 95 
571 240 
571 281 
571 0 
571 519 
571 342 
571 559 
571 457 
571 16 
571 562 
571 455 
571 251 
571 372 
571 466 
571 83 
571 301 
571 553 
571 8 
571 4 
571 377 
571 36 
571 175 
571 187 
571 420 
571 296 
571 418 
571 220 
571 244 
571 80 
571 105 
571 163 
571 199 
571 145 
571 267 
571 586 
571 196 
571 472 
571 32 
571 318 
571 160 
571 504 
571 289 
571 447 
571 176 
571 29 
571 265 
571 575 
571 444 
571 13 
571 315 
571 570 
571 492 
571 53 
571 408 
571 121 
571 253 
571 308 
571 290 
571 591 
571 132 
571 90 
571 338 
571 30 
571 157 
571 470 
571 84 
571 376 
571 183 
571 486 
571 364 
571 126 
571 405 
571 85 
571 278 
571 207 
571 451 
571 351 
572 447 
572 406 
572 368 
572 219 
572 435 
572 255 
572 69 
572 551 
572 231 
572 457 
572 220 
572 79 
572 459 
572 24 
572 550 
572 548 
572 112 
572 513 
572 295 
572 42 
572 58 
572 316 
572 139 
572 423 
572 562 
572 370 
572 235 
572 2 
572 191 
572 275 
572 83 
572 59 
572 537 
572 411 
572 485 
572 510 
572 313 
572 586 
572 274 
572 393 
572 439 
572 271 
572 163 
572 28 
572 493 
572 556 
572 482 
572 404 
572 131 
572 536 
572 522 
572 359 
572 413 
572 102 
572 236 
572 516 
572 233 
572 354 
572 336 
572 518 
572 49 
572 153 
572 300 
572 319 
572 427 
572 294 
572 204 
572 553 
572 145 
572 491 
572 425 
572 292 
572 248 
572 124 
572 472 
572 202 
572 77 
572 32 
572 388 
572 490 
572 46 
572 0 
572 479 
572 66 
572 463 
572 394 
572 95 
572 17 
572 137 
572 44 
572 287 
572 262 
572 440 
572 47 
572 456 
572 147 
572 37 
572 158 
572 60 
572 480 
572 356 
572 213 
572 186 
572 347 
572 43 
572 328 
572 114 
572 208 
572 584 
572 470 
572 318 
572 458 
572 519 
572 415 
572 454 
572 96 
572 98 
572 290 
572 400 
572 431 
572 264 
572 214 
572 211 
572 509 
572 30 
572 34 
572 157 
572 276 
572 6 
572 396 
572 534 
572 484 
572 567 
572 8 
572 426 
572 375 
572 94 
572 187 
572 56 
572 507 
572 372 
572 483 
572 75 
572 237 
572 520 
572 455 
572 171 
572 581 
572 189 
572 523 
572 401 
572 314 
572 399 
572 525 
572 367 
572 110 
572 122 
572 408 
572 41 
572 138 
572 216 
572 29 
572 348 
572 225 
572 580 
572 155 
572 469 
572 278 
572 325 
572 11 
572 19 
572 403 
572 20 
573 350 
573 259 
573 400 
573 539 
573 257 
573 585 
573 50 
573 37 
573 364 
573 288 
573 123 
573 115 
573 55 
573 265 
573 21 
573 310 
573 438 
573 413 
573 575 
573 87 
573 228 
573 430 
573 283 
573 314 
573 199 
573 391 
573 518 
573 561 
573 208 
573 398 
573 24 
573 223 
573 134 
573 59 
573 169 
573 567 
573 528 
573 66 
573 211 
573 469 
573 494 
573 161 
573 401 
573 78 
573 242 
573 232 
573 434 
573 291 
573 7 
573 146 
573 53 
573 479 
573 579 
573 262 
573 26 
573 359 
573 587 
573 5 
573 425 
573 71 
573 92 
573 251 
573 440 
573 499 
573 529 
573 402 
573 501 
573 509 
573 554 
573 508 
573 218 
573 484 
573 316 
573 124 
573 414 
573 193 
573 442 
573 287 
573 84 
573 586 
573 294 
573 591 
573 552 
573 566 
573 411 
573 339 
573 315 
573 383 
573 250 
573 385 
573 323 
573 396 
573 285 
573 273 
573 166 
573 544 
573 534 
573 403 
573 547 
573 465 
573 486 
573 82 
573 58 
573 12 
573 149 
573 128 
573 247 
573 477 
573 343 
573 550 
573 463 
573 497 
573 70 
573 185 
573 240 
573 226 
573 548 
573 347 
573 326 
573 349 
573 249 
573 589 
573 483 
573 90 
573 203 
573 320 
573 565 
573 81 
573 276 
573 79 
573 295 
573 340 
573 516 
573 327 
573 8 
573 156 
573 367 
573 304 
573 335 
573 158 
573 492 
573 263 
573 42 
573 61 
573 389 
573 99 
573 272 
573 62 
573 63 
573 302 
573 478 
573 546 
573 423 
573 236 
573 286 
573 48 
573 520 
573 346 
573 303 
573 260 
573 312 
573 562 
573 6 
573 545 
573 39 
573 474 
573 578 
573 487 
573 506 
573 120 
573 10 
573 361 
573 28 
573 387 
573 11 
574 74 
574 396 
574 424 
574 122 
574 365 
574 41 
574 357 
574 386 
574 328 
574 103 
574 384 
574 354 
574 263 
574 382 
574 340 
574 304 
574 526 
574 493 
574 530 
574 213 
574 558 
574 337 
574 239 
574 569 
574 347 
574 476 
574 374 
574 173 
574 246 
574 37 
574 97 
574 100 
574 208 
574 275 
574 60 
574 39 
574 341 
574 541 
574 393 
574 284 
574 269 
574 119 
574 47 
574 185 
574 349 
574 494 
574 89 
574 316 
574 539 
574 554 
574 268 
574 369 
574 134 
574 26 
574 320 
574 245 
574 380 
574 525 
574 536 
574 497 
574 31 
574 514 
574 117 
574 401 
574 229 
574 576 
574 257 
574 378 
574 4 
574 285 
574 86 
574 38 
574 286 
574 205 
574 226 
574 314 
574 477 
574 120 
574 453 
574 389 
574 211 
574 102 
574 489 
574 406 
574 56 
574 564 
574 537 
574 503 
574 265 
574 113 
574 479 
574 107 
574 64 
574 283 
574 359 
574 223 
574 439 
574 78 
574 183 
574 249 
574 475 
574 498 
574 18 
574 486 
574 198 
574 167 
574 33 
574 222 
574 392 
574 427 
574 12 
574 470 
574 414 
574 46 
574 111 
574 515 
574 466 
574 577 
574 276 
574 312 
574 582 
574 52 
574 444 
574 338 
574 83 
574 553 
574 544 
574 473 
574 568 
574 148 
574 437 
574 469 
574 218 
574 531 
574 20 
574 425 
574 342 
574 36 
574 75 
574 472 
574 394 
574 294 
574 30 
574 532 
574 542 
574 413 
574 560 
574 65 
574 297 
574 429 
574 135 
574 505 
574 254 
574 315 
574 272 
574 220 
574 189 
574 575 
574 330 
574 55 
574 506 
574 482 
574 81 
574 200 
574 53 
575 12 
575 197 
575 271 
575 588 
575 201 
575 513 
575 46 
575 54 
575 336 
575 10 
575 427 
575 165 
575 295 
575 315 
575 415 
575 353 
575 590 
575 378 
575 20 
575 506 
575 573 
575 468 
575 113 
575 395 
575 530 
575 21 
575 166 
575 303 
575 493 
575 568 
575 179 
575 519 
575 304 
575 195 
575 219 
575 223 
575 317 
575 119 
575 128 
575 100 
575 69 
575 67 
575 245 
575 146 
575 123 
575 13 
575 53 
575 192 
575 581 
575 539 
575 318 
575 122 
575 259 
575 40 
575 30 
575 139 
575 22 
575 380 
575 281 
575 180 
575 189 
575 56 
575 84 
575 431 
575 172 
575 543 
575 501 
575 482 
575 49 
575 132 
575 485 
575 255 
575 399 
575 564 
575 354 
575 1 
575 23 
575 349 
575 558 
575 167 
575 47 
575 556 
575 438 
575 244 
575 168 
575 185 
575 408 
575 16 
575 559 
575 529 
575 484 
575 419 
575 526 
575 57 
575 58 
575 234 
575 183 
575 120 
575 138 
575 421 
575 144 
575 435 
575 270 
575 110 
575 41 
575 350 
575 217 
575 516 
575 90 
575 137 
575 332 
575 205 
575 500 
575 44 
575 479 
575 18 
575 371 
575 276 
575 498 
575 373 
575 382 
575 517 
575 152 
575 184 
575 483 
575 375 
575 447 
575 279 
575 121 
575 392 
575 94 
575 224 
575 65 
575 329 
575 291 
575 578 
575 98 
575 206 
575 275 
575 87 
575 101 
575 154 
575 579 
575 159 
575 571 
575 34 
575 470 
575 370 
575 400 
575 55 
575 200 
575 591 
575 549 
575 338 
575 225 
575 522 
575 387 
575 118 
575 542 
575 36 
575 290 
575 325 
575 250 
575 235 
575 83 
575 464 
575 576 
575 536 
575 106 
575 377 
575 507 
575 214 
575 545 
575 453 
575 574 
575 215 
575 222 
575 333 
575 248 
576 445 
576 81 
576 536 
576 8 
576 365 
576 169 
576 362 
576 584 
576 36 
576 578 
576 196 
576 417 
576 226 
576 480 
576 501 
576 40 
576 335 
576 408 
576 62 
576 224 
576 139 
576 65 
576 495 
576 513 
576 175 
576 233 
576 63 
576 164 
576 42 
576 341 
576 436 
576 340 
576 6 
576 296 
576 469 
576 481 
576 568 
576 354 
576 405 
576 589 
576 17 
576 50 
576 142 
576 287 
576 306 
576 262 
576 314 
576 276 
576 500 
576 176 
576 534 
576 132 
576 450 
576 498 
576 356 
576 398 
576 396 
576 195 
576 315 
576 504 
576 451 
576 55 
576 32 
576 2 
576 43 
576 564 
576 109 
576 381 
576 41 
576 321 
576 377 
576 156 
576 244 
576 241 
576 493 
576 574 
576 462 
576 46 
576 58 
576 216 
576 64 
576 252 
576 28 
576 448 
576 473 
576 512 
576 34 
576 384 
576 146 
576 325 
576 394 
576 285 
576 162 
576 343 
576 284 
576 123 
576 431 
576 542 
576 278 
576 523 
576 415 
576 304 
576 268 
576 280 
576 271 
576 48 
576 232 
576 245 
576 474 
576 385 
576 168 
576 188 
576 487 
576 520 
576 359 
576 200 
576 528 
576 291 
576 519 
576 407 
576 184 
576 229 
576 286 
576 320 
576 77 
576 246 
576 565 
576 556 
576 386 
576 178 
576 561 
576 20 
576 45 
576 299 
576 141 
576 283 
576 266 
576 114 
576 66 
576 53 
576 239 
576 72 
576 39 
576 13 
576 585 
576 540 
576 228 
576 161 
576 373 
576 430 
576 180 
576 281 
576 198 
576 106 
576 206 
576 442 
576 437 
576 466 
576 326 
576 552 
576 31 
576 222 
576 92 
576 261 
576 499 
576 412 
576 16 
576 550 
576 136 
576 211 
576 101 
576 563 
576 289 
576 477 
576 274 
576 424 
576 558 
576 506 
576 177 
576 411 
576 272 
576 483 
576 575 
576 160 
576 369 
576 352 
576 375 
576 546 
576 432 
577 92 
577 584 
577 523 
577 556 
577 158 
577 97 
577 264 
577 489 
577 435 
577 311 
577 549 
577 221 
577 32 
577 543 
577 219 
577 22 
577 378 
577 124 
577 242 
577 210 
577 87 
577 463 
577 24 
577 448 
577 248 
577 152 
577 257 
577 314 
577 123 
577 148 
577 356 
577 490 
577 372 
577 154 
577 401 
577 491 
577 483 
577 310 
577 129 
577 68 
577 135 
577 139 
577 181 
577 265 
577 355 
577 466 
577 38 
577 82 
577 482 
577 214 
577 504 
577 126 
577 444 
577 20 
577 211 
577 522 
577 439 
577 339 
577 422 
577 500 
577 326 
577 299 
577 527 
577 261 
577 197 
577 349 
577 545 
577 320 
577 440 
577 204 
577 9 
577 487 
577 179 
577 376 
577 247 
577 268 
577 509 
577 101 
577 91 
577 581 
577 4 
577 112 
577 555 
577 42 
577 195 
577 228 
577 164 
577 423 
577 220 
577 511 
577 445 
577 168 
577 21 
577 280 
577 412 
577 259 
577 252 
577 518 
577 272 
577 128 
577 350 
577 551 
577 302 
577 292 
577 86 
577 196 
577 18 
577 525 
577 389 
577 359 
577 70 
577 120 
577 29 
577 467 
577 26 
577 468 
577 354 
577 393 
577 542 
577 193 
577 536 
577 340 
577 216 
577 188 
577 497 
577 218 
577 80 
577 574 
577 76 
577 0 
577 461 
577 6 
577 122 
577 199 
577 49 
577 587 
577 533 
577 225 
577 93 
577 83 
577 539 
577 294 
577 180 
577 202 
577 7 
577 155 
577 547 
577 334 
577 484 
577 398 
577 290 
577 450 
577 109 
577 84 
577 494 
577 453 
577 481 
577 386 
577 410 
577 230 
577 460 
577 560 
577 582 
577 3 
577 283 
577 136 
577 403 
577 111 
577 387 
577 507 
577 208 
577 319 
577 201 
577 449 
577 298 
577 385 
577 384 
577 369 
577 31 
577 341 
577 133 
577 328 
577 318 
578 486 
578 589 
578 579 
578 142 
578 463 
578 549 
578 576 
578 482 
578 153 
578 351 
578 298 
578 457 
578 341 
578 294 
578 60 
578 400 
578 177 
578 460 
578 472 
578 461 
578 133 
578 25 
578 225 
578 323 
578 271 
578 480 
578 266 
578 359 
578 357 
578 559 
578 336 
578 167 
578 14 
578 4 
578 377 
578 428 
578 401 
578 429 
578 78 
578 404 
578 151 
578 476 
578 352 
578 135 
578 506 
578 231 
578 68 
578 344 
578 88 
578 367 
578 303 
578 391 
578 118 
578 201 
578 517 
578 360 
578 82 
578 3 
578 256 
578 274 
578 433 
578 110 
578 356 
578 2 
578 174 
578 83 
578 120 
578 268 
578 580 
578 65 
578 5 
578 374 
578 520 
578 548 
578 12 
578 186 
578 31 
578 365 
578 100 
578 176 
578 229 
578 452 
578 379 
578 419 
578 20 
578 255 
578 350 
578 275 
578 7 
578 334 
578 9 
578 254 
578 408 
578 456 
578 224 
578 563 
578 6 
578 561 
578 395 
578 104 
578 326 
578 385 
578 470 
578 111 
578 361 
578 244 
578 205 
578 91 
578 193 
578 442 
578 462 
578 175 
578 292 
578 59 
578 412 
578 510 
578 0 
578 249 
578 417 
578 499 
578 230 
578 172 
578 32 
578 532 
578 311 
578 566 
578 163 
578 211 
578 591 
578 575 
578 441 
578 158 
578 155 
578 44 
578 466 
578 388 
578 424 
578 129 
578 131 
578 297 
578 406 
578 565 
578 525 
578 587 
578 106 
578 347 
578 98 
578 197 
578 213 
578 332 
578 434 
578 355 
578 410 
578 592 
578 46 
578 263 
578 165 
578 262 
578 369 
578 105 
578 383 
578 94 
578 199 
578 346 
578 223 
578 573 
578 62 
578 57 
578 543 
578 288 
578 209 
578 583 
578 511 
579 319 
579 520 
579 380 
579 81 
579 578 
579 338 
579 412 
579 288 
579 386 
579 183 
579 257 
579 175 
579 77 
579 135 
579 411 
579 416 
579 437 
579 24 
579 6 
579 186 
579 64 
579 123 
579 18 
579 447 
579 570 
579 4 
579 298 
579 27 
579 213 
579 323 
579 293 
579 550 
579 177 
579 504 
579 30 
579 433 
579 373 
579 585 
579 374 
579 31 
579 315 
579 140 
579 476 
579 295 
579 133 
579 551 
579 105 
579 340 
579 44 
579 426 
579 62 
579 312 
579 539 
579 553 
579 436 
579 138 
579 452 
579 325 
579 479 
579 396 
579 276 
579 36 
579 263 
579 519 
579 109 
579 114 
579 121 
579 424 
579 26 
579 51 
579 119 
579 308 
579 132 
579 557 
579 573 
579 282 
579 364 
579 515 
579 356 
579 35 
579 345 
579 56 
579 336 
579 153 
579 496 
579 93 
579 581 
579 558 
579 563 
579 514 
579 402 
579 388 
579 275 
579 37 
579 289 
579 240 
579 211 
579 521 
579 489 
579 52 
579 588 
579 582 
579 292 
579 28 
579 306 
579 423 
579 74 
579 441 
579 100 
579 60 
579 564 
579 483 
579 3 
579 321 
579 76 
579 569 
579 118 
579 342 
579 40 
579 86 
579 227 
579 68 
579 383 
579 11 
579 390 
579 179 
579 134 
579 238 
579 182 
579 78 
579 221 
579 87 
579 144 
579 567 
579 226 
579 477 
579 393 
579 246 
579 168 
579 69 
579 512 
579 372 
579 33 
579 362 
579 584 
579 446 
579 151 
579 516 
579 242 
579 59 
579 589 
579 104 
579 67 
579 283 
579 156 
579 473 
579 490 
579 542 
579 50 
579 406 
579 0 
579 575 
579 530 
579 481 
579 450 
579 307 
579 176 
579 271 
579 494 
579 84 
579 285 
579 279 
579 470 
579 1 
579 173 
579 83 
579 158 
579 461 
579 370 
579 136 
579 15 
579 590 
579 485 
579 486 
579 580 
579 488 
579 302 
579 217 
579 143 
579 415 
579 201 
580 455 
580 324 
580 349 
580 476 
580 280 
580 258 
580 511 
580 214 
580 106 
580 244 
580 186 
580 592 
580 586 
580 79 
580 27 
580 221 
580 521 
580 389 
580 497 
580 332 
580 2 
580 505 
580 554 
580 88 
580 502 
580 227 
580 531 
580 159 
580 77 
580 110 
580 185 
580 174 
580 318 
580 166 
580 94 
580 295 
580 179 
580 367 
580 145 
580 56 
580 262 
580 299 
580 382 
580 523 
580 310 
580 237 
580 78 
580 402 
580 144 
580 236 
580 89 
580 246 
580 546 
580 520 
580 578 
580 319 
580 205 
580 76 
580 427 
580 583 
580 276 
580 202 
580 481 
580 33 
580 203 
580 363 
580 315 
580 118 
580 43 
580 384 
580 81 
580 225 
580 558 
580 312 
580 418 
580 26 
580 48 
580 348 
580 424 
580 317 
580 74 
580 483 
580 432 
580 532 
580 191 
580 419 
580 297 
580 196 
580 296 
580 298 
580 301 
580 525 
580 210 
580 339 
580 513 
580 277 
580 407 
580 121 
580 220 
580 229 
580 293 
580 526 
580 394 
580 453 
580 562 
580 169 
580 462 
580 266 
580 215 
580 373 
580 168 
580 178 
580 403 
580 265 
580 46 
580 45 
580 378 
580 429 
580 372 
580 475 
580 63 
580 478 
580 544 
580 450 
580 234 
580 446 
580 3 
580 338 
580 260 
580 587 
580 21 
580 527 
580 148 
580 207 
580 588 
580 358 
580 282 
580 487 
580 111 
580 509 
580 160 
580 239 
580 6 
580 465 
580 22 
580 590 
580 197 
580 411 
580 480 
580 60 
580 452 
580 107 
580 375 
580 165 
580 457 
580 58 
580 356 
580 35 
580 322 
580 80 
580 572 
580 176 
580 579 
580 582 
580 435 
580 156 
580 24 
581 441 
581 291 
581 220 
581 200 
581 320 
581 450 
581 359 
581 248 
581 57 
581 173 
581 523 
581 363 
581 257 
581 409 
581 592 
581 112 
581 457 
581 150 
581 496 
581 476 
581 490 
581 153 
581 284 
581 104 
581 75 
581 210 
581 367 
581 526 
581 337 
581 10 
581 550 
581 9 
581 133 
581 494 
581 181 
581 48 
581 360 
581 557 
581 504 
581 266 
581 204 
581 25 
581 328 
581 73 
581 160 
581 217 
581 575 
581 82 
581 460 
581 242 
581 542 
581 8 
581 349 
581 334 
581 298 
581 552 
581 232 
581 176 
581 456 
581 381 
581 444 
581 312 
581 275 
581 479 
581 238 
581 477 
581 100 
581 186 
581 70 
581 577 
581 132 
581 201 
581 118 
581 507 
581 488 
581 254 
581 123 
581 19 
581 279 
581 579 
581 241 
581 216 
581 434 
581 263 
581 245 
581 437 
581 412 
581 570 
581 478 
581 146 
581 318 
581 144 
581 221 
581 191 
581 47 
581 395 
581 467 
581 111 
581 498 
581 88 
581 301 
581 402 
581 30 
581 411 
581 163 
581 343 
581 484 
581 475 
581 514 
581 23 
581 6 
581 12 
581 555 
581 558 
581 303 
581 356 
581 408 
581 27 
581 137 
581 327 
581 140 
581 387 
581 58 
581 4 
581 230 
581 379 
581 240 
581 506 
581 462 
581 109 
581 324 
581 426 
581 264 
581 127 
581 231 
581 269 
581 32 
581 40 
581 534 
581 421 
581 393 
581 399 
581 260 
581 31 
581 96 
581 530 
581 222 
581 455 
581 572 
581 49 
581 403 
581 315 
581 223 
581 226 
581 211 
581 154 
581 143 
581 91 
581 59 
581 372 
581 274 
581 190 
581 588 
581 195 
581 166 
581 158 
581 228 
581 66 
581 182 
581 330 
581 235 
581 60 
581 84 
581 384 
581 167 
581 43 
581 551 
581 224 
581 149 
582 380 
582 180 
582 396 
582 519 
582 368 
582 209 
582 230 
582 115 
582 547 
582 233 
582 276 
582 333 
582 386 
582 500 
582 141 
582 145 
582 86 
582 297 
582 320 
582 196 
582 436 
582 374 
582 373 
582 517 
582 109 
582 186 
582 21 
582 461 
582 530 
582 451 
582 301 
582 507 
582 418 
582 304 
582 457 
582 478 
582 325 
582 171 
582 529 
582 428 
582 384 
582 201 
582 54 
582 508 
582 434 
582 314 
582 118 
582 11 
582 73 
582 163 
582 360 
582 472 
582 504 
582 247 
582 425 
582 56 
582 12 
582 259 
582 354 
582 456 
582 272 
582 449 
582 546 
582 356 
582 554 
582 315 
582 334 
582 377 
582 159 
582 268 
582 228 
582 6 
582 426 
582 376 
582 447 
582 30 
582 372 
582 439 
582 351 
582 226 
582 243 
582 93 
582 383 
582 114 
582 400 
582 454 
582 154 
582 14 
582 408 
582 453 
582 588 
582 579 
582 134 
582 444 
582 65 
582 460 
582 589 
582 432 
582 150 
582 190 
582 337 
582 290 
582 283 
582 169 
582 62 
582 218 
582 430 
582 234 
582 535 
582 222 
582 366 
582 429 
582 53 
582 100 
582 68 
582 119 
582 398 
582 379 
582 128 
582 410 
582 210 
582 96 
582 489 
582 355 
582 204 
582 256 
582 539 
582 81 
582 574 
582 302 
582 291 
582 371 
582 440 
582 157 
582 116 
582 513 
582 264 
582 427 
582 318 
582 285 
582 470 
582 422 
582 509 
582 406 
582 28 
582 138 
582 58 
582 281 
582 390 
582 431 
582 482 
582 330 
582 577 
582 85 
582 503 
582 245 
582 153 
582 174 
582 20 
582 143 
582 563 
582 424 
582 32 
582 9 
582 287 
582 405 
582 520 
582 490 
582 89 
582 580 
582 401 
582 262 
582 558 
582 557 
583 132 
583 550 
583 424 
583 13 
583 228 
583 65 
583 481 
583 17 
583 492 
583 541 
583 155 
583 167 
583 528 
583 364 
583 461 
583 559 
583 376 
583 562 
583 208 
583 525 
583 83 
583 43 
583 241 
583 420 
583 303 
583 231 
583 428 
583 206 
583 329 
583 38 
583 522 
583 455 
583 219 
583 271 
583 102 
583 373 
583 166 
583 136 
583 222 
583 278 
583 272 
583 543 
583 555 
583 463 
583 121 
583 39 
583 551 
583 52 
583 367 
583 523 
583 179 
583 438 
583 534 
583 450 
583 485 
583 564 
583 544 
583 4 
583 212 
583 165 
583 556 
583 359 
583 233 
583 276 
583 198 
583 503 
583 325 
583 207 
583 181 
583 168 
583 447 
583 580 
583 472 
583 238 
583 194 
583 305 
583 381 
583 243 
583 323 
583 202 
583 380 
583 475 
583 63 
583 459 
583 120 
583 213 
583 139 
583 469 
583 96 
583 360 
583 175 
583 285 
583 171 
583 389 
583 439 
583 497 
583 144 
583 407 
583 304 
583 232 
583 561 
583 239 
583 215 
583 44 
583 553 
583 324 
583 517 
583 209 
583 496 
583 281 
583 204 
583 185 
583 119 
583 508 
583 92 
583 242 
583 484 
583 368 
583 106 
583 48 
583 81 
583 255 
583 18 
583 229 
583 153 
583 191 
583 357 
583 529 
583 34 
583 563 
583 60 
583 362 
583 316 
583 64 
583 396 
583 170 
583 592 
583 248 
583 399 
583 526 
583 112 
583 433 
583 431 
583 169 
583 545 
583 486 
583 356 
583 28 
583 99 
583 569 
583 265 
583 327 
583 444 
583 343 
583 19 
583 14 
583 353 
583 379 
583 466 
583 449 
583 487 
583 116 
583 415 
583 370 
583 298 
583 477 
583 210 
583 282 
583 98 
583 245 
583 158 
583 79 
583 183 
583 578 
583 417 
584 577 
584 524 
584 196 
584 576 
584 29 
584 8 
584 118 
584 446 
584 103 
584 90 
584 197 
584 404 
584 189 
584 284 
584 310 
584 515 
584 223 
584 108 
584 455 
584 283 
584 81 
584 329 
584 46 
584 27 
584 467 
584 286 
584 220 
584 331 
584 133 
584 60 
584 485 
584 589 
584 345 
584 479 
584 155 
584 541 
584 527 
584 327 
584 448 
584 136 
584 130 
584 347 
584 317 
584 474 
584 178 
584 146 
584 128 
584 436 
584 301 
584 93 
584 49 
584 323 
584 182 
584 372 
584 98 
584 462 
584 512 
584 278 
584 499 
584 553 
584 200 
584 115 
584 33 
584 39 
584 591 
584 548 
584 424 
584 410 
584 82 
584 244 
584 513 
584 229 
584 319 
584 489 
584 311 
584 439 
584 259 
584 470 
584 129 
584 207 
584 558 
584 139 
584 291 
584 67 
584 203 
584 41 
584 100 
584 530 
584 280 
584 554 
584 218 
584 360 
584 267 
584 199 
584 55 
584 51 
584 491 
584 457 
584 32 
584 332 
584 546 
584 225 
584 585 
584 308 
584 105 
584 287 
584 374 
584 112 
584 322 
584 505 
584 488 
584 154 
584 296 
584 253 
584 303 
584 104 
584 195 
584 169 
584 5 
584 412 
584 565 
584 572 
584 451 
584 447 
584 166 
584 328 
584 162 
584 294 
584 362 
584 285 
584 68 
584 483 
584 516 
584 314 
584 493 
584 52 
584 152 
584 234 
584 250 
584 579 
584 478 
584 316 
584 140 
584 276 
584 373 
584 38 
584 107 
584 465 
584 442 
584 426 
584 440 
584 381 
584 292 
584 444 
584 63 
584 15 
584 469 
584 274 
584 73 
584 361 
584 421 
584 147 
584 171 
584 383 
584 168 
584 463 
584 536 
584 588 
584 504 
584 258 
584 496 
584 157 
584 255 
584 96 
584 540 
584 461 
584 386 
584 158 
584 131 
584 148 
584 506 
584 344 
584 388 
584 501 
584 325 
584 475 
585 519 
585 198 
585 472 
585 75 
585 458 
585 145 
585 64 
585 60 
585 171 
585 62 
585 384 
585 343 
585 573 
585 412 
585 568 
585 485 
585 14 
585 173 
585 169 
585 334 
585 91 
585 278 
585 49 
585 89 
585 383 
585 492 
585 579 
585 307 
585 388 
585 544 
585 369 
585 31 
585 157 
585 2 
585 180 
585 565 
585 54 
585 490 
585 345 
585 114 
585 202 
585 132 
585 99 
585 108 
585 422 
585 302 
585 461 
585 165 
585 346 
585 465 
585 187 
585 435 
585 428 
585 569 
585 241 
585 496 
585 213 
585 542 
585 179 
585 152 
585 495 
585 399 
585 454 
585 489 
585 41 
585 438 
585 177 
585 376 
585 191 
585 320 
585 1 
585 552 
585 356 
585 335 
585 434 
585 457 
585 253 
585 341 
585 143 
585 556 
585 8 
585 136 
585 326 
585 170 
585 48 
585 377 
585 188 
585 230 
585 308 
585 306 
585 21 
585 301 
585 33 
585 234 
585 518 
585 201 
585 486 
585 339 
585 68 
585 554 
585 104 
585 19 
585 425 
585 282 
585 209 
585 161 
585 584 
585 5 
585 557 
585 586 
585 110 
585 529 
585 40 
585 267 
585 440 
585 83 
585 333 
585 233 
585 285 
585 80 
585 214 
585 364 
585 144 
585 483 
585 327 
585 280 
585 538 
585 73 
585 576 
585 154 
585 257 
585 482 
585 102 
585 260 
585 514 
585 455 
585 528 
585 77 
585 261 
585 217 
585 378 
585 164 
585 288 
585 358 
585 322 
585 501 
585 294 
585 310 
585 29 
585 419 
585 432 
585 467 
585 63 
585 473 
585 407 
585 299 
585 192 
585 238 
585 162 
585 332 
585 27 
585 338 
585 88 
585 324 
585 97 
585 527 
585 451 
585 402 
585 362 
585 385 
585 159 
585 487 
585 42 
585 137 
585 321 
585 12 
585 277 
586 112 
586 66 
586 52 
586 554 
586 400 
586 186 
586 216 
586 368 
586 357 
586 369 
586 580 
586 264 
586 80 
586 223 
586 289 
586 6 
586 473 
586 592 
586 174 
586 497 
586 338 
586 448 
586 438 
586 495 
586 347 
586 116 
586 526 
586 225 
586 70 
586 96 
586 130 
586 460 
586 539 
586 215 
586 471 
586 565 
586 35 
586 189 
586 489 
586 63 
586 203 
586 19 
586 238 
586 364 
586 120 
586 535 
586 477 
586 450 
586 12 
586 316 
586 572 
586 520 
586 426 
586 46 
586 53 
586 106 
586 207 
586 403 
586 222 
586 303 
586 365 
586 269 
586 419 
586 249 
586 47 
586 469 
586 29 
586 537 
586 48 
586 291 
586 407 
586 570 
586 529 
586 502 
586 549 
586 417 
586 362 
586 202 
586 337 
586 82 
586 159 
586 375 
586 240 
586 209 
586 421 
586 564 
586 64 
586 406 
586 135 
586 389 
586 153 
586 559 
586 213 
586 206 
586 371 
586 314 
586 573 
586 276 
586 392 
586 322 
586 494 
586 192 
586 13 
586 87 
586 492 
586 40 
586 199 
586 37 
586 585 
586 101 
586 261 
586 2 
586 515 
586 117 
586 67 
586 292 
586 496 
586 536 
586 354 
586 262 
586 100 
586 475 
586 169 
586 424 
586 351 
586 43 
586 163 
586 490 
586 550 
586 161 
586 491 
586 194 
586 11 
586 571 
586 275 
586 433 
586 84 
586 94 
586 242 
586 280 
586 212 
586 219 
586 340 
586 462 
586 123 
586 198 
586 318 
586 394 
586 386 
586 121 
586 517 
586 220 
586 217 
586 267 
586 286 
586 16 
586 511 
586 358 
586 306 
586 78 
586 146 
586 415 
586 73 
586 544 
586 128 
587 234 
587 78 
587 447 
587 69 
587 291 
587 75 
587 162 
587 250 
587 48 
587 276 
587 24 
587 525 
587 157 
587 266 
587 432 
587 223 
587 252 
587 46 
587 148 
587 318 
587 83 
587 334 
587 494 
587 249 
587 115 
587 11 
587 122 
587 406 
587 484 
587 149 
587 557 
587 303 
587 437 
587 137 
587 346 
587 418 
587 473 
587 237 
587 202 
587 566 
587 358 
587 243 
587 369 
587 1 
587 461 
587 458 
587 49 
587 42 
587 511 
587 12 
587 29 
587 464 
587 573 
587 499 
587 40 
587 171 
587 507 
587 73 
587 189 
587 228 
587 61 
587 310 
587 81 
587 52 
587 314 
587 306 
587 267 
587 510 
587 393 
587 208 
587 528 
587 366 
587 55 
587 92 
587 552 
587 403 
587 469 
587 287 
587 386 
587 530 
587 289 
587 181 
587 7 
587 203 
587 13 
587 90 
587 543 
587 275 
587 225 
587 371 
587 107 
587 476 
587 518 
587 278 
587 152 
587 561 
587 227 
587 187 
587 116 
587 463 
587 426 
587 397 
587 379 
587 99 
587 401 
587 168 
587 111 
587 519 
587 32 
587 150 
587 205 
587 53 
587 207 
587 407 
587 135 
587 17 
587 390 
587 308 
587 117 
587 100 
587 590 
587 429 
587 577 
587 10 
587 232 
587 410 
587 430 
587 414 
587 580 
587 262 
587 133 
587 392 
587 368 
587 559 
587 165 
587 570 
587 98 
587 101 
587 588 
587 479 
587 233 
587 578 
587 468 
587 483 
587 120 
587 261 
587 422 
587 451 
587 284 
587 547 
587 283 
587 2 
587 91 
587 313 
587 491 
587 541 
587 242 
587 23 
587 184 
587 504 
587 589 
587 495 
587 514 
587 58 
587 496 
587 555 
587 340 
588 298 
588 32 
588 56 
588 559 
588 575 
588 469 
588 404 
588 250 
588 382 
588 78 
588 372 
588 458 
588 41 
588 435 
588 476 
588 418 
588 271 
588 359 
588 563 
588 554 
588 456 
588 154 
588 53 
588 541 
588 40 
588 408 
588 477 
588 451 
588 186 
588 34 
588 249 
588 31 
588 335 
588 268 
588 524 
588 514 
588 528 
588 83 
588 54 
588 141 
588 110 
588 60 
588 30 
588 242 
588 77 
588 284 
588 116 
588 143 
588 164 
588 306 
588 529 
588 180 
588 385 
588 173 
588 555 
588 379 
588 255 
588 531 
588 245 
588 188 
588 211 
588 115 
588 426 
588 534 
588 331 
588 232 
588 356 
588 542 
588 406 
588 548 
588 340 
588 23 
588 112 
588 392 
588 543 
588 35 
588 525 
588 169 
588 175 
588 419 
588 502 
588 161 
588 300 
588 167 
588 558 
588 297 
588 227 
588 155 
588 87 
588 159 
588 171 
588 21 
588 579 
588 582 
588 231 
588 395 
588 380 
588 193 
588 42 
588 551 
588 292 
588 222 
588 432 
588 74 
588 69 
588 387 
588 144 
588 289 
588 152 
588 174 
588 433 
588 422 
588 168 
588 244 
588 185 
588 377 
588 527 
588 290 
588 311 
588 264 
588 257 
588 468 
588 51 
588 470 
588 25 
588 89 
588 355 
588 196 
588 124 
588 240 
588 226 
588 156 
588 378 
588 326 
588 256 
588 580 
588 246 
588 259 
588 341 
588 103 
588 218 
588 162 
588 587 
588 213 
588 511 
588 401 
588 539 
588 125 
588 506 
588 491 
588 488 
588 148 
588 269 
588 453 
588 538 
588 206 
588 107 
588 384 
588 101 
588 262 
588 584 
588 252 
588 247 
588 443 
588 581 
588 519 
588 225 
588 481 
588 486 
588 370 
588 460 
588 400 
588 235 
588 546 
588 405 
588 36 
588 590 
588 236 
588 526 
588 358 
588 457 
589 23 
589 556 
589 578 
589 488 
589 216 
589 519 
589 274 
589 422 
589 246 
589 49 
589 220 
589 360 
589 288 
589 438 
589 362 
589 71 
589 93 
589 480 
589 205 
589 85 
589 356 
589 226 
589 497 
589 404 
589 87 
589 126 
589 559 
589 68 
589 529 
589 540 
589 211 
589 372 
589 584 
589 576 
589 512 
589 243 
589 105 
589 193 
589 136 
589 206 
589 151 
589 111 
589 135 
589 57 
589 230 
589 17 
589 511 
589 370 
589 368 
589 355 
589 552 
589 102 
589 166 
589 67 
589 363 
589 108 
589 183 
589 38 
589 48 
589 526 
589 46 
589 500 
589 336 
589 502 
589 291 
589 263 
589 13 
589 296 
589 318 
589 517 
589 411 
589 50 
589 204 
589 124 
589 164 
589 212 
589 235 
589 117 
589 54 
589 515 
589 5 
589 445 
589 307 
589 60 
589 128 
589 346 
589 84 
589 509 
589 233 
589 493 
589 309 
589 561 
589 433 
589 494 
589 481 
589 96 
589 568 
589 251 
589 501 
589 440 
589 271 
589 328 
589 582 
589 169 
589 547 
589 106 
589 217 
589 194 
589 76 
589 444 
589 257 
589 293 
589 256 
589 258 
589 15 
589 381 
589 58 
589 340 
589 122 
589 330 
589 456 
589 152 
589 178 
589 376 
589 506 
589 284 
589 310 
589 113 
589 21 
589 69 
589 134 
589 120 
589 457 
589 388 
589 573 
589 579 
589 385 
589 345 
589 459 
589 7 
589 188 
589 260 
589 357 
589 207 
589 165 
589 407 
589 91 
589 563 
589 504 
589 25 
589 29 
589 39 
589 72 
589 466 
589 402 
589 195 
589 73 
589 77 
589 229 
589 451 
589 289 
589 405 
589 10 
589 125 
589 541 
589 19 
589 4 
589 418 
589 364 
589 331 
589 28 
589 116 
589 190 
589 304 
589 413 
589 305 
589 361 
589 62 
589 9 
589 292 
589 380 
589 587 
589 218 
589 276 
589 298 
590 387 
590 208 
590 261 
590 138 
590 30 
590 540 
590 299 
590 575 
590 342 
590 33 
590 150 
590 180 
590 366 
590 130 
590 0 
590 316 
590 425 
590 64 
590 260 
590 433 
590 60 
590 273 
590 51 
590 479 
590 567 
590 466 
590 499 
590 412 
590 269 
590 118 
590 275 
590 411 
590 399 
590 421 
590 458 
590 201 
590 364 
590 186 
590 531 
590 481 
590 81 
590 182 
590 95 
590 11 
590 465 
590 67 
590 464 
590 101 
590 371 
590 420 
590 394 
590 185 
590 539 
590 272 
590 115 
590 331 
590 526 
590 100 
590 134 
590 361 
590 13 
590 270 
590 328 
590 426 
590 69 
590 545 
590 17 
590 388 
590 219 
590 86 
590 413 
590 569 
590 552 
590 381 
590 40 
590 116 
590 258 
590 149 
590 471 
590 144 
590 454 
590 55 
590 132 
590 281 
590 431 
590 276 
590 302 
590 232 
590 122 
590 348 
590 296 
590 554 
590 226 
590 295 
590 287 
590 511 
590 367 
590 519 
590 547 
590 170 
590 529 
590 506 
590 266 
590 96 
590 4 
590 20 
590 167 
590 82 
590 428 
590 440 
590 383 
590 355 
590 98 
590 556 
590 106 
590 163 
590 404 
590 242 
590 178 
590 561 
590 500 
590 460 
590 206 
590 488 
590 326 
590 402 
590 251 
590 47 
590 309 
590 457 
590 530 
590 109 
590 336 
590 447 
590 410 
590 194 
590 357 
590 176 
590 78 
590 140 
590 49 
590 264 
590 444 
590 210 
590 285 
590 587 
590 356 
590 26 
590 177 
590 147 
590 205 
590 401 
590 240 
590 217 
590 107 
590 267 
590 555 
590 181 
590 379 
590 468 
590 414 
590 329 
590 46 
590 174 
590 542 
590 513 
590 507 
590 282 
590 271 
590 497 
590 580 
590 168 
590 75 
590 249 
590 44 
590 243 
590 156 
590 224 
590 57 
590 528 
590 305 
590 207 
590 129 
590 237 
590 525 
590 503 
590 290 
590 133 
590 566 
590 333 
590 579 
590 422 
590 508 
590 588 
590 374 
590 211 
590 496 
590 311 
590 324 
590 8 
591 155 
591 68 
591 10 
591 273 
591 517 
591 340 
591 178 
591 87 
591 113 
591 77 
591 217 
591 153 
591 422 
591 461 
591 548 
591 436 
591 31 
591 183 
591 72 
591 159 
591 32 
591 21 
591 492 
591 349 
591 524 
591 535 
591 302 
591 196 
591 486 
591 262 
591 537 
591 28 
591 592 
591 432 
591 6 
591 378 
591 543 
591 245 
591 94 
591 254 
591 438 
591 194 
591 97 
591 469 
591 375 
591 514 
591 120 
591 491 
591 104 
591 355 
591 346 
591 567 
591 287 
591 98 
591 271 
591 392 
591 401 
591 313 
591 0 
591 510 
591 52 
591 362 
591 50 
591 270 
591 3 
591 382 
591 544 
591 584 
591 423 
591 240 
591 369 
591 512 
591 246 
591 370 
591 199 
591 27 
591 509 
591 123 
591 468 
591 76 
591 330 
591 480 
591 143 
591 177 
591 307 
591 192 
591 160 
591 431 
591 90 
591 111 
591 7 
591 162 
591 415 
591 361 
591 561 
591 281 
591 180 
591 569 
591 117 
591 247 
591 531 
591 327 
591 318 
591 573 
591 57 
591 130 
591 244 
591 1 
591 312 
591 430 
591 515 
591 224 
591 353 
591 56 
591 413 
591 485 
591 127 
591 212 
591 317 
591 373 
591 38 
591 100 
591 274 
591 496 
591 185 
591 442 
591 428 
591 248 
591 230 
591 171 
591 554 
591 165 
591 539 
591 225 
591 264 
591 513 
591 578 
591 67 
591 30 
591 189 
591 109 
591 91 
591 152 
591 410 
591 23 
591 351 
591 301 
591 471 
591 300 
591 241 
591 526 
591 168 
591 106 
591 306 
591 456 
591 134 
591 115 
591 34 
591 503 
591 575 
591 49 
591 390 
591 190 
591 396 
591 571 
591 151 
591 200 
591 216 
591 336 
591 434 
591 331 
591 308 
591 37 
591 506 
591 238 
591 450 
591 102 
591 341 
591 103 
591 505 
591 482 
591 47 
591 374 
591 570 
591 402 
591 460 
591 366 
591 377 
591 383 
591 268 
591 267 
591 343 
591 16 
592 555 
592 229 
592 416 
592 456 
592 441 
592 186 
592 557 
592 504 
592 438 
592 365 
592 580 
592 51 
592 493 
592 14 
592 220 
592 311 
592 581 
592 468 
592 25 
592 133 
592 586 
592 314 
592 470 
592 325 
592 387 
592 165 
592 491 
592 9 
592 405 
592 112 
592 389 
592 487 
592 591 
592 47 
592 292 
592 450 
592 135 
592 173 
592 318 
592 535 
592 510 
592 242 
592 279 
592 499 
592 285 
592 426 
592 96 
592 447 
592 453 
592 293 
592 513 
592 205 
592 509 
592 508 
592 36 
592 280 
592 7 
592 541 
592 22 
592 193 
592 34 
592 248 
592 68 
592 351 
592 118 
592 148 
592 243 
592 445 
592 163 
592 265 
592 209 
592 260 
592 52 
592 278 
592 466 
592 23 
592 239 
592 307 
592 71 
592 30 
592 402 
592 19 
592 31 
592 235 
592 80 
592 335 
592 458 
592 164 
592 519 
592 64 
592 141 
592 1 
592 490 
592 115 
592 190 
592 454 
592 507 
592 284 
592 262 
592 529 
592 363 
592 316 
592 271 
592 530 
592 42 
592 197 
592 350 
592 102 
592 521 
592 348 
592 323 
592 269 
592 345 
592 366 
592 412 
592 57 
592 92 
592 448 
592 150 
592 166 
592 5 
592 563 
592 158 
592 326 
592 54 
592 50 
592 442 
592 128 
592 238 
592 94 
592 6 
592 399 
592 583 
592 539 
592 469 
592 233 
592 11 
592 132 
592 333 
592 439 
592 3 
592 565 
592 144 
592 44 
592 101 
592 459 
592 553 
592 301 
592 578 
592 247 
592 43 
592 315 
592 240 
592 187 
592 258 
592 156 
592 497 
592 556 
592 211 
592 171 
592 478 
