0 26 32 49 180 130 54 158 5 67 154 133 141 12 145 182 40 88 150 6 185 63 171 87 8 168 65 51 61 20 23 102 183 128 83 43 98 74 90 112 181 45 70 165 91 18 159 39 103 50 30 105 44 46 147 38 22 100 28 34 124 173 184 126 41 94 58 149 16 176 78 13 35 146 48 177 148 60 138 86 120 121 174 132 25 19 122 4 179 116 114 127 117 31 10 59 14 93 101 82 89 80 137 24 62 37 106 125 95 178 2 144 118 57 96 55 131 142 175 170 161 71 113 164 153 135 56 152 115 157 99 3 73 85 29 66 72 109 104 81 151 110 169 107 79 77 162 186 36 172 76 155 156 143 
1 74 128 139 148 164 73 98 39 135 141 56 127 104 58 44 57 170 116 77 107 100 134 165 153 186 154 146 91 78 65 181 10 86 129 131 130 125 106 38 16 114 40 142 62 183 112 94 4 140 109 63 45 2 163 6 35 12 144 160 184 14 46 15 52 71 75 13 41 23 17 49 136 147 138 32 158 8 48 11 159 34 60 61 29 120 31 70 180 20 51 84 30 105 33 124 143 118 22 50 122 87 18 96 99 81 176 119 108 69 68 161 111 133 64 151 145 55 26 93 92 155 101 37 90 79 168 76 157 83 113 175 102 173 47 97 166 43 178 150 115 156 54 3 53 121 174 80 179 171 103 28 59 66 95 
2 126 73 176 162 156 30 120 6 147 119 117 33 131 137 64 71 75 80 87 179 103 77 43 72 44 180 52 38 106 97 98 78 61 17 122 148 86 157 110 145 51 81 95 10 54 34 90 37 184 104 13 108 167 47 74 28 42 164 101 175 50 41 26 96 82 1 125 88 8 133 84 32 69 168 14 107 115 24 170 158 121 185 177 109 45 63 171 89 99 76 136 160 155 35 70 149 65 94 186 3 129 124 48 127 7 18 5 142 59 105 138 91 146 58 66 153 4 154 49 123 166 20 112 183 0 143 67 56 113 68 159 172 128 11 140 151 23 165 9 16 102 163 130 141 181 15 93 100 83 182 27 40 173 79 150 53 174 116 118 29 
3 68 90 69 28 133 184 45 115 122 4 120 67 54 15 121 104 89 95 113 55 107 62 76 26 6 102 91 18 27 139 82 129 99 81 155 20 5 180 159 111 58 12 128 83 77 63 73 148 42 13 101 157 143 21 56 24 85 59 16 93 110 175 96 150 50 35 124 142 22 171 19 60 41 87 138 8 174 71 185 78 166 164 98 61 33 2 51 23 167 151 169 72 127 66 117 103 49 38 125 29 134 182 177 162 149 168 92 181 30 144 140 156 137 173 94 46 105 119 31 86 154 153 146 152 25 17 48 43 130 37 186 145 88 64 176 39 163 80 44 47 147 0 106 160 70 161 179 97 1 112 183 109 74 165 131 135 14 114 132 
4 27 44 124 14 98 144 3 60 23 128 155 63 30 184 99 13 132 19 29 145 11 116 95 113 38 77 157 167 87 183 143 75 66 117 150 59 109 32 69 94 62 28 115 138 177 78 35 91 5 20 178 164 79 70 133 112 84 56 154 171 1 21 163 37 6 96 90 168 123 104 18 41 122 170 51 46 49 74 34 147 119 110 161 85 121 134 139 7 9 100 180 72 83 102 55 12 88 101 130 118 0 182 80 173 148 15 58 137 10 131 25 43 36 33 2 185 52 172 48 97 165 76 22 26 53 176 129 125 45 67 40 73 105 107 82 64 86 16 17 140 181 152 47 175 186 158 50 106 71 135 8 151 169 153 179 65 156 174 61 166 142 114 68 
5 101 31 19 13 0 130 77 123 140 127 11 169 7 76 161 45 133 148 159 112 47 175 145 75 3 147 179 167 100 177 155 4 110 91 55 89 138 171 63 73 14 69 108 6 120 151 117 24 181 22 56 142 62 83 39 157 41 105 66 96 18 94 42 149 97 10 16 32 17 106 111 93 38 44 74 102 92 180 168 28 114 29 174 52 163 156 137 128 107 78 136 37 43 61 129 82 2 54 81 49 172 162 139 35 33 50 87 80 23 178 60 34 86 119 26 70 134 121 170 113 68 165 164 59 67 99 79 131 88 103 158 48 125 64 115 84 53 8 186 183 150 98 116 124 36 27 51 152 71 20 72 104 176 9 40 144 135 95 
6 41 181 174 52 2 10 103 64 114 150 87 98 139 86 165 129 19 3 0 158 45 15 113 66 143 159 172 116 147 24 122 89 35 109 164 182 71 156 72 69 75 135 137 13 82 74 5 21 26 115 28 36 4 44 1 61 112 126 106 33 180 62 65 40 128 171 169 90 173 170 7 186 94 108 51 146 177 60 166 161 148 151 185 78 119 88 54 14 130 81 20 77 22 23 34 104 27 157 80 100 133 124 96 49 25 70 85 76 43 37 163 95 183 58 107 42 99 8 184 46 153 59 57 47 111 84 121 123 110 140 83 167 152 63 162 12 155 149 134 93 38 39 55 79 101 142 175 11 141 50 30 16 17 127 9 97 154 118 48 
7 45 62 44 134 176 148 170 109 100 144 71 5 112 91 93 20 161 63 140 94 153 158 160 41 184 36 56 152 10 78 92 168 80 183 18 137 38 98 53 125 143 73 181 90 159 81 128 46 102 75 48 28 16 47 13 58 107 57 31 82 86 166 172 142 164 4 6 77 151 186 121 133 174 155 50 95 111 175 22 2 116 11 25 67 66 27 147 177 14 173 59 85 99 123 26 163 51 122 131 68 103 74 156 61 19 162 182 76 178 185 149 65 129 136 171 139 154 43 8 34 9 15 60 87 42 29 55 70 126 130 118 32 135 145 165 127 84 179 54 79 17 104 124 33 88 23 
8 173 62 41 147 148 88 113 51 160 177 152 32 54 99 119 66 140 186 185 134 14 142 25 47 141 112 95 135 92 85 42 0 13 38 146 182 52 106 73 98 39 165 16 48 97 56 123 111 176 57 178 71 65 168 81 138 17 40 174 102 69 105 29 157 79 2 153 80 120 131 169 145 164 19 33 171 108 137 183 49 77 3 1 50 45 34 75 72 110 133 78 184 149 63 35 36 37 31 93 179 167 26 136 162 144 114 28 61 154 130 68 11 158 163 128 18 55 156 175 74 107 83 161 103 6 64 181 15 58 67 150 12 24 7 116 10 180 76 89 170 124 5 84 155 94 118 100 96 4 43 70 172 90 129 44 86 159 91 
9 156 155 143 87 110 68 139 159 61 43 73 36 17 165 95 86 33 69 136 102 149 141 177 35 154 168 120 82 88 178 50 66 11 170 10 99 60 106 101 163 55 97 26 135 151 118 18 51 111 128 126 180 74 172 30 78 23 48 133 98 144 185 34 169 67 137 183 119 52 81 152 80 4 122 113 182 59 112 44 92 57 25 58 39 158 90 70 96 147 79 121 65 72 45 77 27 62 142 181 85 162 124 37 173 171 32 89 134 38 130 93 24 175 104 140 41 47 100 75 129 63 54 14 16 29 125 83 7 164 145 131 13 12 108 64 2 19 15 84 132 20 184 109 103 49 167 28 174 5 40 6 76 115 160 176 46 
10 25 144 42 181 28 6 18 61 126 178 13 38 129 141 103 30 87 139 186 183 148 110 11 122 55 158 93 161 71 81 180 176 173 147 133 89 33 85 69 1 9 77 151 7 90 100 86 2 78 107 26 46 94 92 120 162 132 40 24 163 23 165 39 175 70 67 48 47 160 135 22 149 125 142 60 12 37 5 130 20 118 84 168 34 108 105 51 50 124 58 169 44 72 31 99 123 75 106 97 4 0 134 119 150 80 109 155 82 35 52 49 171 174 32 95 57 45 114 102 170 184 137 113 140 8 62 145 21 182 152 64 98 112 167 14 153 88 157 74 16 96 166 101 159 54 76 146 91 
11 112 174 79 122 184 173 158 55 161 142 5 119 70 99 4 139 13 46 85 10 114 88 44 16 147 74 134 50 115 19 118 14 25 9 56 106 73 141 90 169 168 148 51 63 145 18 165 101 130 144 128 27 91 60 146 20 129 76 64 126 124 177 133 116 35 131 1 54 162 153 86 140 36 152 67 48 32 170 42 100 84 181 93 89 49 7 164 183 107 58 98 179 123 167 29 172 110 137 34 71 171 108 8 39 28 61 176 109 83 26 166 80 59 186 53 104 78 15 47 33 135 157 138 117 23 30 113 105 185 155 2 159 57 143 65 17 102 12 156 69 68 77 121 92 132 154 21 22 62 6 97 31 111 95 94 175 37 
12 14 182 38 64 169 158 152 154 0 13 170 95 149 124 105 75 113 67 26 127 147 71 91 122 37 163 62 92 139 15 120 117 16 30 98 172 102 3 86 184 39 56 63 68 121 112 70 143 18 128 167 142 66 137 141 1 111 116 52 10 132 49 99 82 181 126 133 135 186 77 35 171 166 136 150 4 140 96 155 168 129 145 123 174 89 148 97 94 185 58 48 162 65 27 61 183 59 54 17 19 109 173 57 22 74 138 110 90 106 41 43 42 72 84 165 93 40 85 80 50 55 23 8 87 160 81 29 100 179 164 157 125 108 104 180 11 6 45 9 178 88 25 118 73 83 131 44 134 24 21 176 144 20 130 79 
13 36 45 137 31 41 32 150 121 5 63 73 4 83 149 38 10 173 12 177 167 113 11 79 44 26 67 141 8 78 165 160 182 172 97 180 23 112 106 91 158 40 115 30 168 144 19 126 136 140 155 108 100 169 118 96 114 2 86 6 3 101 130 98 70 20 116 21 148 166 146 153 33 183 7 186 25 46 85 184 1 35 15 66 152 82 47 0 89 159 133 87 57 59 24 43 156 127 56 151 117 111 142 122 16 75 49 88 34 107 61 80 104 72 54 162 110 139 175 76 39 157 64 18 105 134 181 51 77 90 94 48 132 58 120 125 174 178 93 53 69 84 164 81 145 37 42 65 74 103 176 102 17 9 161 143 147 71 123 128 124 92 170 68 55 29 27 138 60 22 95 14 
14 57 12 4 78 82 131 15 178 116 108 164 37 8 68 170 39 65 86 72 38 40 19 77 45 55 107 124 149 36 29 120 11 54 58 160 142 144 181 117 145 85 23 158 66 182 152 5 139 83 104 91 171 89 67 168 88 174 60 1 134 121 34 127 2 103 94 114 140 165 96 63 186 75 51 166 71 115 50 157 150 101 76 163 70 173 59 62 26 41 133 162 147 6 154 128 100 16 84 106 73 102 81 136 0 138 90 56 7 167 109 17 43 53 27 110 52 31 48 22 20 183 33 122 146 153 64 177 9 119 148 97 143 30 42 137 21 28 169 25 126 98 172 10 44 80 35 111 92 112 130 175 3 132 18 185 129 13 
15 171 33 30 14 3 64 170 126 107 144 84 47 175 19 185 97 51 56 6 36 146 108 118 135 140 165 155 68 31 16 166 160 134 88 168 114 124 12 23 145 24 74 22 85 32 174 62 117 86 57 44 67 104 41 116 148 119 113 26 153 179 129 61 90 112 20 1 173 105 131 45 163 81 87 13 111 120 172 100 115 50 143 78 136 71 102 151 48 25 58 127 89 142 75 99 128 46 176 18 69 92 4 91 53 54 149 161 167 109 132 63 164 38 139 80 76 27 133 158 103 183 121 49 11 77 79 8 72 186 82 138 7 93 59 96 43 125 150 106 60 162 9 39 177 66 65 130 101 2 55 181 35 122 147 141 184 182 83 
16 85 157 178 19 176 75 53 66 165 126 133 73 150 145 55 152 52 43 174 122 158 146 11 180 107 15 159 8 31 41 100 26 95 36 12 37 171 170 1 56 25 32 148 129 141 59 44 86 34 175 186 94 21 124 103 78 121 72 151 38 139 28 3 33 7 109 80 27 131 0 120 161 5 168 50 169 128 99 134 76 98 97 137 13 123 163 18 77 149 138 14 132 89 173 153 63 143 24 74 106 181 135 90 61 62 48 93 104 110 167 20 46 162 156 35 179 4 182 9 51 79 166 88 64 184 69 96 58 101 84 22 119 67 111 2 57 127 140 147 102 142 29 49 108 136 118 92 42 10 6 117 105 83 81 23 40 
17 27 171 147 148 59 144 92 176 41 52 95 9 168 132 75 49 65 128 173 165 43 146 30 112 175 18 163 135 164 109 174 98 2 154 64 130 139 107 94 33 121 74 97 90 115 58 60 133 100 8 54 161 28 35 142 155 40 125 83 113 103 153 118 76 21 61 55 68 86 152 22 99 48 127 151 123 1 101 120 143 5 84 166 119 31 26 122 80 129 106 81 24 158 111 186 181 63 71 102 23 93 85 70 32 37 134 87 124 78 12 62 73 42 110 77 160 167 108 138 150 14 20 170 169 25 177 3 157 179 19 51 126 136 4 182 67 114 39 116 11 145 185 36 172 13 69 47 183 50 91 96 105 82 46 29 6 79 131 7 159 38 
18 55 151 53 37 10 86 111 66 170 45 112 29 115 97 51 159 156 57 3 113 17 94 30 181 150 166 128 89 164 178 163 20 28 146 106 98 126 72 114 130 0 47 7 82 84 43 60 79 11 9 73 87 107 31 32 22 74 83 12 65 142 131 64 100 4 49 68 143 182 179 5 137 102 138 110 132 88 95 77 123 36 177 168 172 157 117 149 33 118 129 71 58 15 48 16 19 23 40 2 158 80 127 165 21 1 25 52 34 124 148 141 105 70 153 185 152 186 13 116 56 101 175 93 8 63 38 155 154 121 174 103 136 59 171 50 46 41 135 91 134 144 125 161 61 119 120 75 67 26 44 176 145 14 
19 141 117 137 85 31 5 99 16 45 155 136 173 146 4 54 175 152 52 47 124 171 15 164 6 134 143 14 180 154 48 116 11 26 157 41 168 127 107 183 76 56 77 44 84 13 69 142 97 59 90 106 91 70 151 138 125 121 128 42 129 179 32 166 22 177 65 30 23 131 49 39 27 8 120 145 118 20 170 3 186 93 104 161 60 176 64 67 53 108 96 81 122 153 55 38 36 113 149 105 111 50 24 0 21 79 18 29 92 95 12 139 159 61 40 150 103 66 7 148 80 185 37 172 184 126 119 156 86 17 133 158 147 83 25 82 34 140 135 63 163 174 102 165 169 87 181 88 9 178 101 144 71 94 57 74 62 28 46 100 75 98 33 
20 76 126 151 162 43 88 30 138 65 176 50 139 60 154 184 7 125 98 100 27 95 180 79 160 109 159 166 0 69 3 132 68 174 141 35 136 37 18 92 85 49 4 164 70 144 161 147 83 173 45 13 23 156 140 29 134 32 135 104 165 172 11 145 103 86 56 127 15 19 120 73 137 75 72 58 168 10 39 64 146 143 124 131 47 21 28 121 113 44 130 170 122 157 108 106 63 78 1 67 129 53 77 6 114 36 25 34 148 2 181 17 66 74 16 80 62 153 110 14 90 51 112 81 158 119 142 155 185 128 111 89 24 177 123 101 33 26 46 150 102 118 182 107 99 9 71 133 59 175 5 87 93 22 163 84 183 42 57 12 55 
21 133 24 169 58 183 136 31 59 60 117 26 164 185 108 105 88 82 168 141 124 129 55 154 118 57 102 166 56 151 101 33 94 134 132 75 104 115 25 119 68 177 23 155 138 40 125 4 87 111 170 6 139 157 83 79 50 3 16 13 43 112 17 122 161 178 81 72 51 45 149 153 131 20 135 162 107 30 120 49 89 98 41 123 176 52 158 186 144 42 116 22 109 69 37 19 70 73 39 96 18 65 110 180 53 145 32 85 35 106 36 127 93 175 126 64 44 46 86 173 92 174 128 130 99 159 142 62 74 147 97 140 10 48 84 91 61 171 14 100 11 78 38 34 27 179 47 12 156 160 28 67 77 66 29 
22 51 24 135 44 73 128 117 172 90 113 178 122 115 40 33 65 161 107 126 144 94 86 177 55 139 28 15 71 100 175 137 93 52 46 83 185 163 96 74 23 0 30 18 53 5 109 19 121 129 10 167 120 141 110 182 82 103 17 184 160 34 27 58 3 54 64 147 130 176 35 174 61 78 21 81 155 43 47 99 158 7 168 45 85 57 6 1 153 42 152 49 180 143 32 48 12 60 150 157 105 133 173 36 92 131 4 123 186 72 162 98 14 67 101 95 179 69 68 70 66 127 145 149 181 156 134 38 154 111 76 84 136 37 87 16 124 138 77 11 26 132 104 29 25 171 116 20 63 39 59 50 13 106 80 165 151 
23 151 119 152 84 56 175 86 163 72 4 55 168 57 95 79 150 35 171 157 88 185 149 170 75 33 145 69 120 48 73 154 13 103 59 0 15 101 121 122 70 61 102 50 140 67 46 31 58 14 139 89 21 132 115 92 44 130 22 182 65 183 180 20 10 162 141 176 9 116 80 128 161 30 19 24 42 1 91 25 66 78 127 136 114 164 68 179 108 77 43 137 111 63 41 39 118 17 3 49 18 6 144 85 29 94 38 129 28 110 5 178 100 153 97 160 123 36 27 96 173 64 134 40 143 83 131 93 11 181 12 105 98 52 125 74 147 2 47 71 112 45 51 87 135 156 34 60 184 37 148 16 90 117 7 
24 21 22 83 175 39 42 78 161 170 119 149 49 63 94 93 59 116 44 129 74 102 139 180 104 165 158 6 81 117 141 15 70 144 84 88 87 143 150 57 163 153 115 37 31 123 73 101 107 138 171 10 147 182 173 64 48 3 5 28 145 91 55 34 131 62 114 128 75 105 23 90 2 155 172 60 96 103 108 53 125 61 168 26 68 13 17 67 142 25 154 176 112 127 19 66 58 30 169 95 178 82 120 118 16 79 71 56 40 0 126 33 9 174 97 156 98 146 122 76 124 157 185 133 8 20 45 179 164 36 92 69 134 99 183 109 106 29 110 72 46 148 100 160 136 113 54 12 35 89 
25 33 156 61 73 10 64 105 109 91 137 185 76 34 87 56 97 179 8 133 41 77 139 178 157 135 69 147 89 142 173 175 49 120 68 63 183 11 169 32 39 128 93 52 21 31 146 67 184 16 86 130 132 141 74 165 51 54 121 35 92 44 111 164 134 27 78 117 151 13 176 59 98 42 81 23 47 71 83 171 122 104 162 70 79 9 131 94 15 80 50 24 124 96 170 0 126 180 43 57 107 148 118 7 4 182 106 18 144 108 143 26 6 20 138 53 85 166 152 102 28 3 149 65 17 72 75 127 129 172 161 90 58 110 19 60 123 167 45 95 174 84 29 112 115 103 48 113 114 14 46 12 158 30 22 119 55 36 145 168 160 150 155 125 
26 0 153 147 137 143 169 74 46 132 21 184 167 90 32 129 80 164 58 81 3 97 13 130 75 12 176 116 69 19 33 124 66 107 156 16 41 109 108 141 100 40 101 163 65 177 183 119 9 10 113 186 6 185 92 2 49 15 142 99 148 134 150 102 59 131 179 62 96 159 155 182 172 42 84 17 35 145 70 77 56 168 24 83 128 158 122 73 125 29 14 152 135 89 57 8 86 52 55 110 71 146 25 5 7 47 30 72 121 11 106 136 4 174 63 53 117 133 161 1 50 149 120 127 82 43 171 126 91 87 157 68 20 36 160 37 111 165 180 27 154 139 38 22 44 118 93 78 18 76 178 34 85 54 45 123 162 94 105 
27 65 17 4 39 114 103 77 58 53 50 144 171 82 153 157 42 178 30 184 172 73 95 140 48 162 62 3 174 20 168 107 167 181 154 34 49 117 123 164 91 156 60 28 141 105 80 110 108 116 135 148 100 161 97 47 11 88 151 78 118 182 89 29 122 111 101 169 25 142 19 16 63 22 120 69 121 87 104 134 56 46 75 51 79 41 170 36 139 186 112 9 43 84 176 90 81 146 113 6 127 7 180 12 155 37 86 163 160 136 137 165 131 15 23 14 138 152 44 67 96 183 45 130 76 70 149 31 102 74 175 92 159 55 85 33 98 26 94 61 109 132 5 52 21 147 72 2 173 40 150 83 13 57 71 129 185 128 
28 3 78 70 44 47 177 10 48 168 63 73 103 71 181 154 148 130 91 97 159 121 66 132 35 128 110 98 79 92 88 150 112 4 43 109 22 175 18 131 67 46 58 169 113 176 51 74 95 27 127 2 147 140 17 94 182 6 31 179 158 108 0 24 40 16 142 41 165 7 80 100 114 104 50 29 38 93 96 141 20 152 129 171 5 186 49 163 153 118 139 133 33 145 137 101 125 57 151 178 60 172 155 135 134 185 34 45 54 36 23 8 68 126 120 81 115 102 11 85 62 180 105 99 25 124 136 156 30 64 65 164 157 39 32 69 82 170 183 119 76 14 37 59 106 111 72 9 117 166 162 123 19 173 21 174 90 1 56 83 84 89 
29 99 140 67 164 166 143 160 125 147 4 145 75 48 122 18 31 95 180 128 77 30 123 91 183 83 74 42 161 41 154 106 14 148 167 156 97 52 45 119 43 81 51 65 68 72 94 174 35 149 142 34 110 8 172 20 79 73 113 139 27 171 165 169 86 131 104 176 46 78 59 185 28 173 112 50 93 127 44 150 47 55 39 1 92 5 33 26 90 57 56 38 87 19 157 61 3 120 184 11 23 108 114 134 118 62 155 63 111 66 71 177 132 96 178 70 100 129 36 137 159 146 121 130 116 58 158 103 9 98 12 85 69 126 182 186 135 7 0 76 141 64 25 170 60 105 24 88 115 16 22 138 17 124 109 53 40 153 13 80 181 107 21 54 2 
30 108 92 2 162 142 15 4 183 20 121 31 98 27 48 34 125 10 156 17 126 29 166 91 80 18 43 144 67 77 169 135 70 137 97 123 128 13 37 175 12 55 143 87 0 93 149 117 172 164 57 64 79 51 22 74 159 61 157 9 134 41 60 170 38 178 23 19 122 115 52 82 68 107 168 66 99 148 89 136 53 21 111 179 46 86 177 141 73 152 76 150 100 75 145 33 1 24 47 176 72 163 90 42 65 171 110 113 63 102 3 185 130 120 26 36 129 49 84 101 54 173 160 44 138 103 39 133 71 28 45 153 139 11 124 112 146 106 14 59 78 114 131 58 62 105 140 94 25 81 50 165 151 6 88 95 32 161 
31 49 104 5 19 13 96 21 87 130 181 33 134 127 58 107 30 57 148 29 54 168 149 166 90 98 15 137 132 16 42 170 37 109 179 153 88 24 25 23 66 162 143 95 141 169 161 43 112 35 28 135 18 133 156 177 117 172 152 79 151 41 86 108 52 64 55 7 140 139 73 167 125 173 47 17 147 78 53 50 126 40 185 1 65 128 69 60 123 10 183 106 62 84 158 8 61 144 85 91 124 175 0 165 68 70 114 56 150 154 101 32 3 145 138 77 14 93 105 100 184 142 99 113 75 157 118 83 102 27 178 97 92 129 174 71 160 59 155 159 136 121 164 67 51 34 182 38 11 131 163 72 
32 0 128 173 13 8 95 176 155 26 115 52 157 136 161 44 165 168 180 139 65 147 4 67 107 153 77 171 120 25 182 15 143 138 177 63 123 64 97 68 16 166 114 62 125 59 50 172 72 162 140 18 85 154 19 20 80 71 34 160 46 86 2 49 170 164 185 129 149 51 113 98 124 5 183 1 66 89 91 57 90 35 108 48 163 78 33 11 112 56 159 17 74 84 21 175 22 47 9 169 31 75 69 184 54 135 141 150 181 156 94 105 93 76 92 116 132 145 10 40 142 88 151 53 87 28 146 83 82 81 122 39 73 104 118 102 103 127 130 37 133 96 7 126 152 61 186 30 119 70 148 58 101 121 117 137 
33 98 25 76 41 135 15 45 143 162 43 168 39 40 31 2 186 167 127 84 92 59 80 9 172 147 22 111 153 89 182 160 23 154 36 163 150 118 133 106 138 26 37 123 10 21 83 17 130 112 145 166 124 151 95 54 126 183 75 97 53 49 78 114 170 174 13 155 16 73 8 100 6 58 72 46 107 77 96 125 149 28 3 136 29 122 32 99 82 18 66 128 30 101 141 1 169 90 5 137 148 157 4 119 158 129 34 68 171 24 86 152 47 71 60 131 94 74 65 105 175 140 44 79 103 177 161 164 109 14 165 11 61 116 185 38 88 179 134 139 20 52 27 70 115 156 63 51 181 176 64 173 178 104 50 67 57 180 69 146 7 121 48 120 91 19 
34 48 90 36 179 108 162 114 25 103 41 106 42 155 61 131 88 30 95 71 37 43 44 128 165 143 181 27 47 53 174 38 135 113 2 49 89 70 98 59 144 169 72 73 29 77 16 152 107 119 39 0 105 153 100 32 24 86 52 4 14 9 159 22 171 138 147 69 10 102 137 115 62 140 163 177 148 178 120 122 1 8 145 164 79 87 136 186 75 13 170 54 123 168 139 97 6 28 124 150 175 182 18 11 5 33 118 51 20 93 149 125 58 50 35 80 84 85 129 166 81 91 172 151 83 156 130 116 160 19 110 45 161 101 7 184 65 60 121 176 56 111 63 78 141 99 21 126 40 94 57 112 173 23 157 117 74 31 26 76 185 109 142 146 
35 64 139 85 96 37 55 107 126 87 42 147 112 94 101 90 140 120 142 23 180 28 72 143 181 161 76 73 9 183 162 68 20 179 99 6 88 4 93 167 66 67 105 137 170 29 47 123 168 117 159 17 31 92 53 124 119 184 25 61 1 116 3 91 80 148 50 110 103 13 75 154 11 56 166 0 98 129 22 134 26 12 45 149 156 2 54 108 32 86 57 182 8 59 46 128 122 69 121 127 5 97 60 113 144 21 58 152 81 65 150 100 89 48 157 39 43 36 34 138 10 135 151 136 177 158 115 16 83 131 125 70 133 118 111 175 145 153 41 38 102 169 77 109 79 78 174 15 14 74 185 155 24 62 164 
36 13 171 127 184 112 146 34 113 57 9 103 110 159 41 43 45 181 15 123 78 33 150 14 141 121 88 96 7 51 158 77 119 118 16 39 152 102 97 95 136 100 94 67 6 42 133 58 68 120 38 153 131 183 54 76 47 86 44 53 66 175 166 161 155 91 79 162 147 59 182 126 92 101 48 18 174 140 19 132 11 130 27 135 69 8 149 73 178 143 93 40 60 4 28 55 145 122 20 52 21 30 116 87 23 35 22 156 72 61 29 84 64 74 180 176 164 106 105 111 139 71 107 144 24 157 49 17 26 129 82 160 99 138 114 148 185 169 170 5 142 109 177 83 50 25 137 173 115 117 179 0 98 165 168 
37 146 113 107 78 35 130 73 158 178 89 134 18 112 69 72 14 96 163 132 164 157 122 86 41 34 74 138 77 12 117 161 156 153 185 60 33 49 30 31 16 183 115 20 151 2 182 100 24 168 127 44 68 97 137 148 103 150 83 4 65 58 106 63 118 47 81 45 124 10 170 90 52 128 84 85 139 145 160 38 43 133 111 184 53 159 143 59 55 142 167 21 152 5 108 8 42 54 141 98 88 174 48 169 17 92 144 64 27 105 9 56 129 0 162 6 40 114 110 19 147 165 87 3 1 186 99 104 179 120 123 13 91 66 67 50 79 22 102 154 26 177 28 32 135 126 172 76 101 176 140 23 62 171 75 80 173 166 11 155 
38 178 65 157 12 45 168 160 58 13 40 113 140 10 117 74 186 14 4 136 97 90 110 2 8 76 103 120 154 152 166 46 124 128 34 70 1 169 122 129 173 73 91 56 85 68 82 7 0 176 142 161 159 36 102 123 16 162 78 139 67 30 81 114 138 180 181 93 59 28 63 133 60 5 37 141 108 49 87 19 77 170 42 179 134 29 64 95 182 79 83 43 177 121 144 3 171 54 23 126 50 15 39 9 89 52 165 86 62 51 135 163 150 105 175 18 101 155 115 94 145 164 111 33 131 22 184 104 98 72 88 185 35 6 119 53 116 80 26 21 41 47 69 61 153 109 167 146 31 66 107 137 174 143 147 75 172 48 148 17 125 
39 101 82 27 77 138 143 33 115 1 165 48 24 156 136 102 132 83 184 107 14 64 53 178 71 161 100 149 157 185 125 119 87 160 8 141 181 152 81 117 120 25 182 154 36 41 159 76 92 55 0 153 12 128 95 118 105 110 10 108 74 170 34 73 176 109 63 46 5 113 97 19 70 129 72 54 98 42 103 112 158 126 20 60 90 163 86 111 29 151 135 65 9 79 121 23 162 59 122 175 186 45 123 51 62 133 91 21 67 124 94 180 61 43 104 172 38 13 35 11 144 145 75 49 131 89 30 50 99 28 44 68 3 17 40 142 80 171 139 32 140 47 88 69 15 6 66 183 134 116 177 147 52 22 93 174 
40 61 63 98 172 44 130 91 81 62 139 33 86 180 87 38 0 42 178 22 74 135 182 14 50 155 48 159 149 80 186 60 108 158 150 152 115 13 43 53 125 165 89 26 127 1 84 106 140 21 8 10 112 104 126 17 119 73 181 101 94 54 28 52 117 175 107 102 167 145 66 151 154 68 169 148 100 99 122 111 6 157 147 156 49 105 109 103 177 31 56 120 93 45 110 96 179 18 85 36 41 176 162 136 166 164 24 95 75 132 19 37 168 65 116 70 153 97 170 183 4 23 72 121 12 161 32 113 174 79 173 51 39 82 71 64 185 58 128 143 142 184 78 134 123 34 47 118 90 29 76 27 59 9 2 129 160 5 16 
41 6 8 142 156 33 131 140 71 101 171 115 13 141 166 167 168 130 181 34 47 17 86 176 36 25 165 37 70 91 122 185 29 121 19 7 107 143 68 63 16 104 26 152 49 144 129 53 150 135 105 55 39 128 60 15 148 126 174 2 110 4 30 28 31 139 183 5 157 0 151 1 75 153 51 79 3 99 111 158 44 179 124 159 103 21 65 27 73 169 23 50 182 14 100 85 59 46 40 114 118 98 178 109 54 186 61 149 9 137 12 132 64 119 87 138 57 125 162 77 90 67 113 48 117 92 72 18 56 52 35 154 106 163 120 95 89 58 38 147 97 93 170 180 127 102 172 45 112 80 43 94 82 
42 131 94 10 35 118 24 174 93 40 152 58 34 27 165 102 87 155 104 8 116 163 29 103 121 114 85 54 74 31 115 98 96 125 161 167 95 50 67 3 88 2 19 134 86 36 43 78 139 46 162 92 168 110 91 66 153 177 5 142 23 175 99 137 39 25 105 138 44 70 141 60 140 136 26 82 47 69 133 53 159 182 71 48 38 75 89 21 72 83 109 81 127 11 173 169 37 154 30 22 80 17 76 145 186 111 73 176 149 117 51 147 143 135 119 12 150 123 164 6 130 97 178 129 68 107 180 151 90 126 157 49 13 7 14 156 185 144 171 122 120 63 172 113 100 61 146 65 20 16 55 57 
43 155 174 186 49 111 107 85 33 160 20 64 79 170 152 9 87 129 145 2 56 17 36 16 180 34 30 140 101 60 83 116 156 147 119 131 72 149 28 166 0 173 40 62 90 135 29 134 171 120 18 94 31 98 80 136 164 78 21 42 141 179 165 117 67 47 114 55 153 185 95 175 89 161 106 100 82 177 183 142 176 112 168 37 133 91 158 71 13 54 23 57 118 22 184 27 103 5 25 74 99 137 38 126 51 162 86 113 4 169 53 97 39 138 6 151 35 144 84 150 182 167 14 58 148 52 12 105 163 3 63 181 130 26 88 73 7 50 15 46 139 44 96 172 1 8 110 124 127 45 121 157 76 104 77 178 41 108 154 70 
44 4 22 95 92 40 101 183 28 7 172 119 76 124 171 58 87 123 129 160 51 1 2 13 24 77 79 155 121 11 32 93 73 130 94 34 49 128 96 154 114 145 184 112 162 19 99 144 169 178 47 54 109 132 158 37 117 15 86 164 0 89 16 23 67 6 166 146 48 46 55 25 78 36 177 106 110 139 29 42 66 85 57 5 71 84 137 41 83 100 186 20 9 10 170 122 140 104 136 116 105 150 91 56 152 65 111 176 174 60 80 185 61 115 182 45 108 163 134 21 62 70 69 33 175 30 27 81 39 52 90 120 3 68 147 142 88 43 127 107 148 103 59 131 165 26 63 151 14 12 8 75 18 82 181 72 
45 57 186 13 7 3 38 33 151 19 106 46 78 126 60 139 18 164 77 93 5 179 6 81 120 133 36 76 116 177 14 50 58 100 113 159 178 182 29 99 74 150 98 138 0 101 156 51 102 149 63 172 118 132 170 20 59 1 97 121 114 161 52 21 162 134 86 122 37 158 15 173 2 140 64 75 123 8 35 163 137 79 110 131 125 49 9 40 165 72 39 185 124 22 54 53 70 28 71 55 111 44 144 127 184 167 62 142 130 145 181 94 4 80 128 27 169 10 30 47 152 166 89 154 119 174 129 168 91 34 24 25 148 73 109 68 65 143 12 69 117 136 23 43 87 141 82 108 112 107 105 66 153 85 115 176 26 41 48 171 
46 131 118 168 73 26 61 154 45 119 176 162 167 182 107 11 68 114 55 150 69 94 51 126 91 98 38 120 49 164 128 74 104 165 57 134 28 152 75 23 172 80 63 22 100 130 102 0 169 129 83 54 10 181 7 89 141 137 117 42 44 109 32 88 4 39 139 1 138 148 13 29 87 33 142 72 185 146 123 78 27 175 84 81 70 30 48 177 149 160 62 15 79 35 124 170 41 60 156 125 59 66 122 77 3 58 67 21 183 90 163 174 112 16 145 93 47 186 105 121 171 50 92 6 179 53 85 18 116 86 20 43 97 106 71 25 24 158 144 96 161 17 82 127 153 135 19 143 173 140 9 
47 179 118 100 107 51 28 126 127 87 186 138 103 163 15 41 19 71 70 121 79 8 171 178 144 83 147 102 167 115 89 52 5 63 72 34 176 60 128 113 74 173 44 168 125 53 130 18 35 2 156 93 152 134 135 55 158 85 78 27 92 10 181 68 36 169 43 86 37 81 7 48 111 165 145 67 119 140 106 25 66 29 20 50 160 13 146 31 143 42 94 183 64 157 56 49 116 22 97 159 154 82 30 123 164 76 110 148 59 142 129 155 180 75 150 182 32 114 108 26 124 151 33 174 54 177 161 166 9 65 185 58 11 46 137 45 120 105 84 6 61 132 172 4 3 73 39 57 62 88 23 17 1 98 96 139 40 38 122 99 21 112 
48 34 124 72 83 167 125 58 28 66 121 39 137 29 97 105 30 93 98 81 138 114 106 186 27 141 40 118 19 60 180 89 140 143 126 23 52 64 133 102 165 8 51 87 169 101 95 153 77 123 154 55 108 146 67 127 122 183 24 159 10 142 44 129 7 9 86 184 119 47 17 61 172 69 50 103 130 1 79 53 46 0 94 36 157 15 148 42 85 32 11 132 128 2 160 162 18 166 37 49 136 176 12 181 170 59 22 155 116 4 110 35 109 134 84 149 152 171 92 107 16 13 144 75 145 164 14 3 158 68 5 80 177 147 115 90 41 179 111 178 99 163 21 71 156 70 54 73 131 25 112 56 135 168 74 91 62 185 182 65 33 38 104 45 150 6 
49 0 31 86 123 43 96 70 52 61 178 175 58 163 24 157 131 91 17 101 117 155 74 44 103 77 160 27 25 46 37 105 41 184 94 75 57 34 20 179 172 164 73 158 176 87 134 135 26 72 33 162 128 136 182 4 99 18 32 19 83 125 12 113 1 165 166 102 133 177 80 110 40 8 170 21 65 60 153 28 38 81 85 116 185 100 47 130 45 149 56 183 13 23 156 48 53 3 11 5 50 55 63 22 114 141 6 2 64 30 120 67 150 93 115 142 186 39 78 10 82 79 104 152 15 112 71 54 121 97 88 111 109 68 126 51 145 122 181 151 42 143 90 171 148 138 36 106 129 107 168 169 9 16 62 154 127 124 147 159 92 167 95 59 
50 117 97 161 178 82 182 87 27 116 167 126 103 20 53 132 56 83 153 144 147 120 176 40 58 45 127 123 130 137 79 11 95 9 128 64 169 81 115 174 99 23 60 168 54 157 42 170 111 177 0 71 63 32 57 2 98 124 21 90 101 158 151 3 88 121 35 28 84 29 86 48 109 16 171 47 172 15 8 136 51 138 14 10 31 159 25 125 96 94 19 41 7 140 105 162 61 49 1 5 155 180 52 149 38 85 106 112 74 114 66 34 139 80 119 75 154 108 67 39 26 135 175 118 129 46 70 12 93 18 77 122 113 55 107 43 68 37 146 4 141 148 134 164 17 186 143 160 179 65 142 30 6 33 36 72 78 166 102 145 22 183 173 69 
51 22 47 70 54 140 8 91 182 156 71 103 183 101 44 129 15 58 160 115 18 114 169 117 141 66 61 109 46 64 0 90 68 159 172 36 48 92 2 149 29 45 28 166 11 65 138 135 144 100 121 139 161 9 30 53 25 99 105 79 111 4 122 21 136 158 108 154 97 157 87 120 72 32 110 98 41 164 56 14 143 123 27 50 52 116 10 6 176 178 125 59 128 76 3 119 104 1 131 39 43 85 130 112 57 83 147 93 181 95 180 102 7 113 34 75 134 163 118 13 42 38 162 88 153 146 133 80 67 20 171 17 152 69 49 177 16 40 63 94 186 73 168 81 62 142 33 127 23 132 74 5 155 60 179 31 106 55 150 
52 70 6 155 101 120 49 117 166 174 76 176 180 127 94 17 108 19 32 143 107 78 53 181 75 111 16 2 129 125 165 173 8 148 47 48 124 144 29 147 177 66 88 25 56 113 61 97 22 121 109 77 163 112 118 135 83 126 146 67 59 80 40 115 85 140 152 183 45 12 31 34 30 1 128 93 9 82 37 86 64 102 168 131 122 137 51 103 175 136 60 21 167 162 134 5 182 71 79 106 65 123 98 89 171 186 69 151 110 26 50 100 119 161 18 36 87 145 139 170 4 72 38 154 158 10 43 160 14 73 153 150 68 96 54 172 99 44 23 116 130 105 33 84 184 55 157 104 41 138 169 164 27 39 92 
53 116 18 139 27 67 16 144 82 134 91 73 81 147 50 128 60 52 100 39 108 149 90 62 138 124 136 61 127 98 123 109 70 75 160 151 34 161 40 115 76 163 41 72 150 84 114 181 66 137 89 47 58 154 7 104 65 51 35 171 33 94 22 166 86 87 153 182 179 54 63 36 145 120 175 167 55 92 30 117 19 103 177 74 48 24 31 37 42 97 146 168 143 155 20 140 105 111 169 49 118 45 178 15 165 113 21 77 43 93 142 133 78 88 125 25 173 172 112 14 96 183 26 4 83 184 80 11 185 107 68 32 13 164 57 46 158 135 162 157 130 59 5 148 79 106 152 129 38 141 64 186 1 131 29 102 2 159 69 180 
54 86 112 68 51 93 0 147 75 3 99 8 100 148 19 106 149 120 140 31 119 110 130 165 178 132 98 42 81 109 117 71 172 154 14 104 95 2 94 44 50 57 121 116 58 92 124 74 17 55 46 82 70 158 150 56 33 151 144 76 25 164 40 69 73 36 174 53 146 64 39 83 126 168 22 176 105 11 163 67 43 184 35 155 139 131 96 97 133 156 6 143 79 34 169 182 37 171 5 45 89 15 177 63 128 38 28 160 12 152 87 13 136 90 173 161 66 41 162 183 135 170 138 137 181 32 167 123 47 103 101 30 142 91 153 125 185 49 107 52 78 9 179 159 145 111 85 134 166 127 48 129 122 62 1 24 7 113 26 10 29 
55 18 98 74 35 146 11 150 23 179 145 178 3 122 140 155 64 156 154 96 67 93 16 128 77 10 46 14 182 21 89 136 123 116 152 22 88 60 132 158 30 9 5 41 151 137 71 91 39 48 59 125 54 164 141 118 47 143 17 44 24 168 113 43 174 31 100 175 160 183 53 68 103 29 172 4 127 108 111 19 83 37 176 80 87 177 126 82 147 185 102 49 72 130 149 117 45 36 26 78 163 162 110 157 173 104 166 58 112 171 0 8 133 94 106 76 180 1 120 63 73 85 69 70 131 90 12 57 144 119 50 138 27 7 115 52 6 121 15 186 101 86 25 184 13 81 165 51 97 92 99 42 153 20 
56 149 109 133 23 107 90 171 129 58 25 79 94 1 50 167 145 43 154 71 15 183 155 106 148 122 86 21 89 172 163 159 8 176 11 7 19 141 83 164 52 110 16 80 87 38 74 69 81 4 12 156 61 130 118 139 160 91 54 60 104 3 179 166 98 5 161 137 20 127 185 75 66 51 135 35 158 27 95 103 134 26 150 47 99 13 40 147 63 102 153 29 49 32 128 138 44 64 132 111 117 14 115 37 24 31 144 151 169 184 67 100 18 170 136 126 88 92 2 180 168 0 105 174 124 73 62 85 165 41 34 101 125 72 76 182 114 181 57 48 173 177 59 121 143 77 93 123 178 28 78 97 
57 14 45 148 181 174 23 85 36 116 152 179 31 178 1 133 72 83 18 159 105 21 139 166 120 79 118 124 24 73 8 49 46 134 113 186 154 54 127 15 177 75 125 147 30 76 136 150 129 50 95 169 80 145 66 141 74 64 175 68 7 87 138 114 161 91 62 93 102 168 44 146 96 101 143 13 90 9 165 121 32 43 126 98 92 35 63 28 29 156 131 182 25 26 176 22 108 69 65 104 51 128 12 158 67 132 137 86 163 185 78 0 84 109 157 142 41 106 10 180 77 59 153 53 6 55 167 183 99 172 11 103 110 122 170 173 47 160 16 107 61 56 100 34 19 97 119 33 27 162 20 82 149 42 
58 60 83 21 103 59 185 48 27 114 121 102 87 38 135 67 31 44 181 56 49 153 26 42 1 78 51 91 63 169 140 50 165 45 98 96 71 186 136 180 109 170 14 167 172 168 3 28 86 23 17 53 54 164 75 81 68 36 82 118 110 37 177 61 166 127 137 7 131 0 88 134 33 22 20 176 77 154 107 182 85 141 156 130 108 10 111 9 106 15 125 145 101 18 76 157 124 24 115 12 4 11 158 2 66 123 142 35 72 159 46 122 93 34 94 147 43 55 6 160 69 105 13 90 47 29 151 128 25 8 104 74 143 146 152 175 16 62 132 40 173 30 79 89 41 119 99 117 162 113 161 65 174 32 144 126 138 
59 148 96 184 112 58 63 21 66 133 121 177 17 135 102 165 138 74 65 139 129 109 33 113 24 166 134 101 162 147 185 155 99 175 82 70 4 78 23 170 156 142 107 180 93 128 157 34 88 19 122 126 55 16 71 32 111 110 62 92 45 150 95 130 52 3 158 181 172 26 119 61 108 29 25 38 152 140 132 163 36 81 84 178 91 9 13 72 116 14 83 37 64 77 106 51 39 35 67 41 179 60 2 76 120 46 0 12 48 47 7 68 117 143 149 144 173 89 167 5 146 79 11 169 105 100 57 6 186 18 124 15 30 154 98 174 53 164 160 73 137 28 80 176 31 168 44 183 94 90 20 87 56 40 22 159 153 97 49 1 125 104 
60 58 155 97 113 171 101 131 4 77 21 93 156 45 20 145 127 94 53 134 157 132 170 172 48 74 43 40 176 179 37 148 47 166 79 118 98 182 55 9 114 67 186 62 152 50 27 17 72 68 81 70 18 143 41 165 141 174 56 175 87 11 146 163 173 30 105 14 90 10 100 137 24 158 42 151 107 3 39 19 38 89 83 49 119 138 0 121 1 52 6 112 31 185 128 75 109 108 28 153 64 59 84 46 126 122 91 36 44 35 5 144 61 65 22 147 133 168 33 139 63 96 140 76 115 142 82 184 116 25 181 177 130 110 150 66 7 34 123 86 99 88 15 69 29 80 180 95 169 111 51 106 23 183 167 161 164 104 13 178 71 
61 40 163 25 124 128 172 174 9 46 49 10 170 158 34 150 82 167 113 92 53 107 2 51 175 143 88 69 0 177 137 23 127 179 52 139 180 87 133 121 56 160 169 166 68 186 30 145 96 71 17 15 35 58 165 6 126 146 183 89 123 48 59 149 119 184 81 99 148 75 24 85 22 3 1 84 130 80 156 78 136 31 5 118 134 79 50 29 105 114 13 151 120 12 178 44 129 171 8 39 110 60 19 159 70 181 93 41 73 11 16 147 164 162 36 142 7 102 76 116 176 125 173 33 111 98 83 47 152 144 91 106 117 21 95 90 115 155 153 100 122 18 57 27 97 86 109 94 131 42 38 185 32 4 138 77 62 154 135 103 64 132 141 
62 8 172 160 100 129 7 82 174 181 107 40 102 104 165 113 158 3 133 101 128 148 137 154 69 27 168 79 53 159 149 152 12 110 64 186 4 114 81 151 43 156 132 77 60 94 15 1 32 143 167 59 86 98 76 5 123 85 24 63 26 157 6 173 166 150 57 122 121 140 120 97 34 74 146 118 14 141 116 46 182 31 162 9 108 112 139 177 175 39 153 106 136 117 17 99 29 184 91 134 45 138 0 126 44 28 180 16 66 38 185 96 135 163 20 130 90 171 183 119 92 84 155 144 21 67 179 56 125 142 10 58 170 51 47 30 124 131 89 88 49 11 83 54 95 19 105 37 48 147 72 35 61 
63 40 147 171 68 59 28 13 4 114 82 73 127 165 24 0 96 145 140 58 146 131 152 7 118 130 113 169 47 143 41 182 25 79 84 134 173 69 77 32 80 142 105 138 46 3 45 74 11 5 112 99 133 50 12 180 179 1 162 108 126 156 98 39 109 37 183 100 53 154 125 153 88 27 62 158 174 14 83 71 111 115 38 185 121 149 181 2 106 155 177 129 91 89 178 66 159 20 23 8 57 17 56 102 184 137 132 161 70 49 54 186 16 107 76 30 172 81 128 15 29 150 95 72 60 26 168 90 65 18 55 144 43 122 9 85 163 157 151 93 148 51 97 101 19 78 6 135 104 170 86 34 103 139 175 33 110 119 42 124 44 75 87 22 94 123 120 136 141 164 
64 117 35 91 113 125 25 159 12 157 15 164 43 106 6 79 176 85 2 55 98 39 86 179 155 158 82 77 100 163 65 151 62 51 48 105 17 50 181 101 120 32 160 67 107 110 119 132 75 30 72 126 173 24 108 178 18 161 142 83 183 71 180 87 99 116 131 73 57 31 11 170 54 140 141 84 20 22 111 81 19 52 92 45 172 96 171 102 47 169 59 129 78 88 177 38 134 186 60 136 103 156 56 37 168 146 137 66 49 109 13 21 90 80 165 122 104 1 130 23 36 97 127 69 153 41 8 28 93 4 184 14 3 94 167 150 5 16 138 135 40 124 174 29 9 133 10 162 95 68 123 53 152 33 139 182 148 175 61 154 
65 27 94 85 38 115 97 100 170 160 142 113 163 182 20 147 153 59 101 98 148 14 76 165 17 138 108 22 86 64 32 0 114 112 1 123 109 184 89 8 132 135 26 29 146 179 51 164 80 82 173 53 174 75 23 81 37 183 18 136 19 128 172 140 144 103 141 134 143 159 6 110 185 162 131 49 91 166 39 68 41 157 2 31 169 150 9 78 151 156 52 79 177 126 44 67 175 30 120 21 12 116 186 57 176 129 35 74 105 60 178 127 117 181 66 40 33 25 47 104 63 155 7 73 28 70 88 102 107 34 11 111 13 139 45 133 180 87 119 69 167 15 149 93 121 4 50 106 58 124 42 72 99 84 48 168 
66 160 59 48 8 16 92 18 94 73 76 135 124 100 130 28 131 116 85 143 6 163 4 91 150 51 122 134 128 123 26 9 154 77 117 115 52 35 171 53 132 31 148 167 14 172 70 120 104 68 176 173 12 138 57 181 101 158 42 140 36 5 40 141 137 30 139 13 23 56 47 147 152 44 184 178 174 32 149 164 113 99 63 72 33 24 157 89 112 155 3 69 118 133 75 7 103 58 46 2 166 54 64 127 29 126 110 180 50 177 65 62 20 19 90 145 159 86 142 71 98 111 88 146 106 161 185 83 22 60 121 37 87 96 81 0 78 39 15 79 153 95 109 108 97 80 45 156 162 93 67 38 170 1 21 129 
67 129 89 68 29 3 53 0 121 128 58 118 179 55 134 116 151 143 154 13 78 135 12 176 70 131 148 30 32 174 60 183 144 35 28 125 23 64 71 177 25 95 42 152 123 82 15 184 137 142 48 97 106 44 156 36 109 159 10 180 186 113 52 104 182 14 120 172 43 38 160 155 86 83 84 98 91 9 171 47 145 153 85 185 99 19 161 163 54 24 77 150 11 115 167 20 138 59 75 103 76 65 166 122 39 7 117 136 57 170 127 146 56 162 173 49 46 139 79 5 2 169 50 4 27 51 124 107 22 112 8 17 41 96 90 62 94 37 73 126 80 101 133 16 105 114 157 119 18 93 33 165 31 108 100 147 66 87 21 130 141 
68 3 54 67 63 9 113 77 171 72 105 162 177 174 132 138 158 14 156 131 124 178 46 69 139 15 159 92 51 41 168 82 114 25 145 20 161 35 151 142 98 143 21 76 29 180 32 170 37 117 90 38 60 96 103 74 128 58 12 140 66 61 36 108 107 47 17 155 163 18 57 30 157 40 71 55 133 146 23 24 134 87 181 65 83 147 175 86 165 85 125 186 129 173 112 144 100 78 31 179 59 127 97 28 33 8 185 1 109 7 169 70 5 80 120 126 52 48 167 182 42 184 22 79 2 53 49 106 104 39 81 183 88 44 123 75 26 91 50 45 130 153 11 89 64 154 95 110 13 93 4 
69 3 73 114 162 182 99 152 108 37 148 173 160 9 180 142 94 170 62 68 46 23 25 26 136 82 61 133 20 76 4 166 125 10 97 107 109 138 63 19 157 181 141 6 56 143 165 104 5 128 117 116 105 147 8 137 171 54 115 91 158 177 110 2 132 48 27 111 153 34 144 164 129 149 90 102 42 176 70 178 98 84 36 31 21 15 113 174 66 79 122 167 35 57 151 130 184 52 120 156 183 145 118 32 1 74 87 81 179 77 58 44 100 64 93 86 55 22 131 51 13 175 159 71 28 29 16 134 185 24 186 96 169 103 139 135 11 45 65 17 72 39 140 60 126 168 150 119 89 80 155 38 33 127 101 124 85 172 53 83 50 
70 52 161 73 107 28 51 112 49 115 105 11 47 150 119 165 72 41 142 162 132 77 67 131 156 59 179 80 53 30 88 159 90 24 23 130 38 0 34 20 126 133 4 96 185 136 176 19 183 60 66 54 13 114 12 10 98 118 182 109 39 93 160 81 42 153 99 134 127 46 25 26 14 125 69 174 154 2 9 1 100 135 145 177 21 84 71 85 108 17 63 166 45 149 31 102 167 128 6 18 61 5 143 170 83 180 29 121 155 40 68 44 186 129 103 92 158 89 171 111 148 178 55 95 22 27 124 50 65 139 35 163 120 173 140 113 137 33 7 48 151 8 104 3 101 123 164 175 144 32 82 78 168 43 94 76 
71 102 179 78 41 75 144 129 100 28 154 156 132 186 7 182 74 51 103 2 47 107 56 34 175 39 168 10 12 173 133 58 54 91 116 160 81 125 8 176 22 122 67 89 55 6 110 139 109 163 59 50 99 98 128 130 118 170 117 86 159 135 61 150 157 131 32 155 64 84 185 136 1 126 141 148 63 25 68 158 77 44 149 14 183 3 138 43 15 42 17 82 52 18 70 181 105 137 152 127 45 153 106 24 26 85 80 11 97 164 123 29 161 90 165 171 73 33 178 166 111 104 94 0 49 162 30 66 177 146 87 79 69 121 172 36 113 92 40 72 115 119 31 48 46 101 95 4 23 184 20 108 13 145 19 5 93 27 120 60 
72 131 162 164 174 48 95 101 23 178 68 185 169 80 182 37 132 2 14 57 179 70 130 125 117 35 77 136 73 114 47 104 118 43 97 154 79 103 53 133 96 112 18 145 29 176 100 86 138 82 110 6 34 60 105 171 64 157 32 49 124 126 84 16 146 21 180 141 160 147 168 39 51 184 111 33 20 109 143 46 121 152 106 108 181 4 94 59 156 8 10 66 42 93 99 91 107 87 9 98 172 123 150 45 3 158 30 78 166 55 113 161 13 92 170 129 58 52 26 144 127 63 36 140 22 25 12 134 40 177 167 85 122 15 76 139 90 119 41 183 38 71 0 159 88 137 116 102 128 69 56 24 83 149 28 5 27 50 148 65 62 120 31 44 
73 25 2 70 69 163 22 37 46 1 13 28 53 63 107 66 9 167 134 90 16 176 141 162 27 158 119 72 35 44 109 8 23 98 170 130 100 11 57 168 97 145 3 49 38 117 24 5 159 34 18 7 143 157 165 178 40 39 29 54 101 128 64 33 127 108 79 169 20 99 102 83 172 31 121 126 156 88 74 175 75 110 84 30 26 41 177 36 179 149 95 183 21 174 125 103 14 129 153 131 17 124 104 114 105 61 42 142 132 71 106 135 137 77 52 81 111 4 55 78 155 184 118 87 140 65 173 136 146 116 43 56 154 92 45 67 51 0 171 47 150 32 59 80 86 123 48 160 94 161 91 164 180 85 12 120 181 148 82 138 76 
74 1 55 116 143 26 149 176 82 71 59 90 157 101 38 40 165 99 37 24 29 148 11 60 186 49 167 42 140 183 151 134 15 46 161 100 0 45 47 137 150 17 63 56 28 2 153 84 83 54 181 6 68 22 25 118 30 18 91 39 9 139 85 57 128 4 178 105 160 81 184 182 93 113 163 5 145 62 53 89 171 124 73 131 126 120 179 185 112 123 130 43 164 170 114 107 32 16 122 111 65 158 146 129 121 50 147 76 138 180 79 69 12 7 177 168 156 33 127 115 20 8 36 119 154 166 133 172 169 58 21 27 80 13 23 92 106 109 94 136 51 102 98 155 159 96 19 35 48 10 34 162 117 104 3 141 95 
75 95 184 71 54 122 173 16 120 87 2 29 17 185 116 151 106 52 12 167 26 84 78 4 23 117 180 179 156 175 53 113 144 5 103 21 183 49 147 46 6 176 57 114 129 64 177 58 104 65 33 128 7 115 83 92 126 89 127 155 79 148 24 111 1 41 20 35 56 130 14 136 107 119 45 27 169 110 61 77 90 105 162 8 73 42 182 123 112 132 15 60 154 30 13 34 93 172 67 138 159 124 152 10 97 66 96 140 146 47 109 80 40 161 100 51 32 39 50 165 178 88 153 48 135 25 9 108 139 131 31 102 81 101 174 68 85 143 141 150 121 171 98 18 63 170 76 44 91 37 181 94 38 149 19 163 164 99 
76 173 20 33 150 170 136 106 167 44 82 131 90 172 52 25 174 66 80 91 3 179 5 65 89 77 92 186 45 35 38 176 155 127 81 95 161 69 19 142 53 125 109 141 156 68 117 39 175 118 57 152 133 171 54 62 17 94 36 126 145 163 151 102 11 159 129 114 96 160 178 166 123 97 122 14 16 2 104 147 113 30 85 181 101 51 58 67 105 59 47 88 63 137 111 169 42 13 107 6 143 121 74 135 4 148 15 87 157 32 149 7 61 55 60 24 124 134 100 177 27 79 93 120 72 164 110 146 1 78 22 8 29 28 180 56 98 37 153 26 43 75 40 34 83 138 108 9 99 154 128 73 182 103 0 10 119 70 144 
77 39 158 27 68 60 5 141 139 82 2 45 55 166 1 185 143 25 76 4 186 101 14 29 44 72 169 70 64 37 182 80 104 30 49 98 96 32 36 66 19 87 156 10 62 106 63 105 3 119 48 52 162 151 99 153 152 148 168 34 157 109 172 130 84 173 90 175 126 93 124 174 164 58 125 83 33 8 71 12 176 114 91 7 75 26 18 184 23 81 167 38 59 67 144 9 146 111 161 20 97 16 78 128 181 6 138 177 53 102 46 17 183 136 132 112 69 135 73 13 31 94 142 149 15 127 129 57 41 79 86 113 50 108 115 95 121 123 178 22 134 11 35 140 103 171 159 0 147 43 180 56 21 61 
78 71 28 14 108 37 160 97 92 141 89 129 180 24 45 140 106 81 164 52 136 58 67 75 149 130 96 36 13 2 99 83 186 118 59 1 153 182 4 7 126 170 135 10 162 104 121 157 152 148 43 133 47 33 42 16 161 9 134 94 122 27 109 172 38 128 44 159 167 25 154 29 107 144 0 23 138 151 125 147 95 46 166 31 3 15 156 102 80 150 100 137 64 8 20 119 22 32 6 174 127 185 65 115 5 116 61 77 103 72 68 84 17 88 175 181 169 55 53 112 87 165 117 98 177 57 111 158 178 146 49 123 120 11 73 173 54 139 63 76 176 30 66 168 34 91 183 40 35 21 114 145 26 50 90 70 56 110 82 
79 11 160 151 171 43 64 23 91 56 81 47 13 132 97 44 28 131 177 185 62 153 20 50 161 127 98 57 168 90 63 167 146 141 144 60 72 107 166 158 105 113 4 169 174 18 134 116 163 102 112 117 30 21 176 157 184 138 51 29 8 159 126 137 31 121 75 140 130 80 73 36 41 99 165 92 152 27 48 178 149 25 172 85 39 156 45 142 34 9 52 108 19 54 88 38 46 145 65 84 95 69 61 110 155 24 150 93 118 86 111 183 173 74 67 101 5 59 82 124 181 33 154 49 136 122 15 133 68 103 76 77 40 71 16 1 180 37 106 179 53 58 89 6 66 35 96 87 119 143 186 170 114 0 148 17 7 147 2 120 123 175 12 
80 97 85 185 113 135 133 122 72 95 26 76 2 33 84 151 166 161 30 139 40 148 77 131 147 70 144 98 171 115 172 167 7 63 46 177 56 108 155 27 65 156 43 175 184 88 57 32 52 23 83 106 8 120 146 107 28 104 16 35 79 124 181 49 86 9 127 179 17 109 25 78 159 61 117 101 126 55 89 182 4 125 134 18 114 6 13 152 44 157 170 169 5 0 10 136 99 42 105 75 111 71 119 15 162 130 64 50 34 81 110 19 20 11 53 51 68 45 164 123 153 91 150 129 48 132 12 168 137 102 3 96 39 138 74 94 143 141 67 87 186 73 160 121 82 118 93 59 180 154 60 38 69 142 116 66 176 14 100 92 37 128 1 173 29 22 41 183 165 
81 155 162 95 40 96 53 169 181 161 82 79 177 26 78 110 84 48 119 45 168 10 90 76 123 185 3 54 144 124 24 50 39 62 71 180 126 108 186 2 182 99 29 86 8 154 140 101 92 100 60 56 98 102 58 91 7 65 167 157 21 146 38 151 47 37 152 143 93 15 25 83 164 176 70 104 74 159 61 9 64 117 59 115 19 46 97 49 77 17 145 139 171 153 42 22 94 142 128 141 6 27 5 121 130 14 85 35 63 1 103 175 28 88 118 178 170 87 69 120 80 34 73 109 131 112 44 20 173 113 13 68 75 174 12 149 32 179 66 184 137 51 172 106 0 134 138 165 125 107 30 150 55 122 129 156 16 114 127 
82 39 113 116 140 14 134 62 181 50 76 74 128 160 27 53 63 83 156 81 152 77 21 94 172 174 114 61 86 121 158 64 99 3 9 182 69 108 59 68 178 132 103 131 122 90 165 151 109 115 72 85 18 67 166 38 119 6 54 125 135 65 136 143 58 2 133 169 139 184 144 22 150 173 30 102 148 12 7 43 52 13 92 42 161 175 97 157 186 159 170 71 33 87 176 146 47 5 55 145 24 117 141 185 137 0 111 100 10 126 167 154 105 79 49 110 120 60 118 4 162 26 19 106 164 130 15 104 183 40 32 129 28 93 124 36 80 98 45 17 147 177 46 138 155 101 142 44 73 107 89 57 70 41 96 78 
83 58 183 107 48 24 84 146 13 112 82 39 50 160 182 125 87 57 47 29 116 43 78 85 142 141 33 94 0 115 88 143 56 159 162 3 22 129 99 165 74 46 128 52 126 20 37 14 119 170 21 17 93 156 18 145 185 75 64 80 5 67 100 90 54 49 152 81 73 63 114 148 25 77 158 149 132 176 177 4 60 44 26 97 120 55 59 68 151 135 163 42 134 167 124 113 38 96 106 91 98 172 108 171 51 109 131 101 174 70 11 153 103 164 178 53 105 127 150 173 8 23 34 155 133 35 61 19 139 104 31 66 184 180 157 32 111 9 161 6 1 110 169 186 121 72 181 62 12 144 122 36 166 2 123 140 76 27 16 89 28 15 69 
84 101 167 23 103 156 83 110 15 152 33 164 148 81 80 97 102 75 126 116 125 153 122 160 91 86 105 63 24 174 19 154 53 95 40 165 172 18 4 158 135 74 104 178 72 98 155 77 71 2 166 67 131 179 100 64 50 141 149 37 10 120 17 26 44 137 46 107 123 59 133 140 132 130 176 61 73 87 69 119 171 183 88 11 27 111 31 1 70 147 157 60 14 181 79 118 32 94 115 78 177 124 145 121 43 48 186 173 30 34 36 90 113 57 12 150 159 62 143 13 109 114 47 112 6 139 128 22 134 175 52 16 99 21 25 163 5 8 180 108 9 169 92 127 7 20 182 138 106 65 170 85 144 28 168 
85 16 80 65 149 35 19 43 99 167 116 179 98 57 64 95 8 11 66 113 102 181 140 88 42 134 122 83 148 174 123 142 144 10 176 161 132 15 100 20 105 104 135 14 82 38 89 150 120 96 47 32 3 90 169 74 52 86 62 124 127 101 146 112 93 13 4 119 67 118 103 37 44 141 58 168 87 172 128 173 49 61 184 79 136 48 159 76 115 138 68 186 94 41 70 40 91 17 22 31 125 171 108 9 81 23 156 51 21 7 71 178 152 110 162 175 183 50 153 121 6 154 28 25 143 34 97 107 157 163 55 12 72 63 165 114 46 29 56 0 54 151 27 145 75 139 180 73 111 166 45 26 133 170 109 185 69 84 160 
86 54 158 163 49 23 159 40 18 148 153 128 145 41 99 124 182 136 6 9 112 64 88 14 103 108 37 171 184 82 65 167 130 56 120 22 2 139 84 1 142 157 178 115 10 113 81 15 58 12 72 144 44 13 25 105 94 170 16 42 134 106 181 162 62 71 164 122 92 177 17 85 48 116 32 53 36 152 47 31 34 67 20 29 45 176 107 104 7 50 147 80 114 169 52 173 101 123 140 39 30 0 11 132 93 35 127 68 125 138 183 118 89 98 26 43 174 27 117 79 5 179 33 155 57 38 21 3 135 185 133 172 66 168 69 146 19 4 91 119 77 166 154 186 46 60 63 73 111 129 137 102 61 87 95 55 97 161 96 8 180 
87 168 9 150 31 90 35 140 50 47 75 58 122 40 136 44 133 25 6 169 149 43 167 2 42 183 121 116 154 10 83 4 0 129 174 91 39 166 48 77 177 24 147 130 173 56 30 61 92 105 141 120 49 21 18 93 60 180 184 53 101 64 108 51 15 125 46 57 118 27 156 3 161 85 13 135 68 38 84 138 127 94 72 100 34 82 29 55 172 106 152 134 142 155 159 137 17 107 95 1 181 162 89 128 146 119 54 5 52 123 179 113 175 160 114 117 148 36 78 97 69 81 104 98 76 171 99 132 126 124 41 37 131 73 32 71 112 12 26 7 66 80 22 19 65 157 79 86 45 23 59 20 63 158 176 143 111 67 139 144 145 
88 148 105 8 20 92 144 125 0 34 86 179 23 154 21 169 11 85 121 28 157 170 118 61 9 98 36 15 90 70 55 168 162 83 35 24 52 123 140 31 106 143 59 180 124 141 126 176 104 42 165 137 145 150 111 102 80 101 114 178 2 161 27 14 175 46 50 115 63 183 58 138 186 18 128 73 4 185 149 96 151 167 146 64 132 93 95 6 84 13 79 37 159 116 76 134 78 100 129 155 53 81 147 142 171 107 131 164 153 75 122 51 139 56 172 5 117 49 66 32 43 3 65 130 127 16 33 109 68 97 108 99 89 44 39 38 60 19 47 72 119 12 29 163 184 158 62 173 10 156 30 160 152 7 
89 120 124 67 177 37 3 78 93 183 181 109 123 76 157 143 33 182 159 48 144 47 55 168 165 18 56 25 10 152 6 141 97 117 139 65 40 140 94 34 5 71 142 53 92 23 176 44 146 85 111 134 125 170 91 46 14 75 162 27 113 153 61 155 160 178 43 132 169 115 30 60 147 114 158 13 32 63 74 21 2 15 42 106 80 102 110 66 12 26 11 86 185 54 172 133 16 52 186 87 90 0 166 135 171 9 35 38 100 59 161 95 39 148 70 151 116 121 184 99 45 20 128 145 88 122 136 150 8 58 79 68 130 101 62 137 107 41 69 173 154 179 103 138 156 119 131 82 98 83 24 28 
90 3 34 91 151 56 87 174 76 35 165 26 74 22 158 73 143 166 134 155 168 38 53 178 31 100 81 51 88 79 154 70 102 0 10 43 92 118 2 11 104 82 17 130 19 68 160 110 7 149 4 50 164 179 180 85 122 131 15 103 140 77 185 126 60 83 24 123 37 124 6 39 129 107 167 101 69 75 57 105 32 9 183 161 29 97 113 27 33 30 95 177 89 14 109 128 119 127 54 99 116 108 114 175 181 152 153 170 16 71 115 64 136 135 46 12 133 13 66 84 63 62 58 106 20 25 1 137 42 41 111 55 67 44 48 98 162 72 49 182 138 112 145 61 184 59 8 173 172 40 171 150 141 120 28 156 78 159 186 23 121 
91 93 108 90 92 64 40 99 51 25 121 138 134 159 53 170 79 132 76 28 49 137 7 3 149 154 58 30 41 29 161 87 12 66 128 1 46 84 71 116 13 139 182 4 103 162 5 175 27 0 55 38 19 102 100 152 122 56 81 107 14 74 89 11 155 69 24 97 42 125 146 184 174 141 67 35 36 23 57 118 151 183 168 185 77 130 63 176 59 65 127 32 43 143 148 94 160 72 173 147 98 144 85 44 114 15 31 39 83 60 2 117 129 62 106 167 124 119 171 135 179 113 136 34 54 96 80 169 163 86 153 26 45 37 181 164 61 104 68 157 21 180 18 78 172 17 105 73 95 166 48 177 115 101 75 140 33 126 8 10 
92 125 164 91 44 30 109 78 149 88 66 168 17 117 33 94 127 8 76 170 145 181 28 61 130 105 182 12 68 148 134 51 169 129 173 20 7 90 161 89 39 178 81 179 102 87 54 172 10 115 23 26 59 156 35 110 142 47 103 158 75 141 86 25 42 153 99 155 124 53 167 95 101 107 106 108 64 79 82 36 5 112 150 166 9 163 175 113 29 126 120 57 128 15 138 19 37 135 72 3 152 133 118 132 137 131 22 48 116 21 104 32 70 122 114 174 1 56 62 165 46 93 186 41 73 27 71 24 31 74 160 180 144 184 143 11 84 16 13 185 159 49 14 157 80 146 177 55 151 52 147 
93 91 125 109 108 159 54 60 172 89 42 121 55 145 24 132 48 45 7 98 10 133 44 130 115 171 114 183 155 185 35 25 140 153 59 144 135 22 141 30 47 186 157 150 138 87 83 120 170 3 70 85 81 77 38 113 29 52 101 28 122 19 74 57 5 166 173 181 86 176 95 129 72 88 40 75 36 167 8 11 17 136 162 0 112 110 107 119 53 79 51 174 61 21 9 58 34 49 137 177 111 16 32 18 123 69 127 31 143 103 117 46 1 147 12 161 124 64 13 179 182 92 23 76 126 104 63 94 178 50 15 164 156 99 82 96 118 6 80 116 100 106 131 163 2 41 65 26 20 128 67 175 71 66 39 165 68 56 148 139 152 169 97 
94 65 102 42 35 119 111 152 52 66 98 123 185 56 161 60 24 186 92 69 116 151 82 101 182 18 46 114 44 7 22 149 148 171 168 4 128 131 83 21 134 17 49 62 54 89 140 29 157 43 1 112 10 86 180 137 28 183 36 181 143 16 53 40 76 139 78 108 136 150 5 172 14 0 184 6 167 48 47 72 25 113 91 50 2 87 81 105 164 85 142 175 12 153 170 127 84 39 23 176 3 141 130 174 97 173 58 146 107 32 33 156 13 77 45 55 71 125 169 165 100 135 159 147 158 38 162 64 93 138 51 67 124 154 96 80 103 160 8 73 27 74 144 178 59 120 30 34 163 19 61 166 155 95 118 63 11 75 106 26 41 129 70 
95 142 166 112 144 44 174 75 170 121 72 81 32 3 176 23 181 80 17 185 156 9 12 4 34 147 8 111 29 27 155 85 100 109 149 20 106 76 50 184 137 133 171 16 54 152 2 145 177 42 84 48 67 31 28 178 39 123 146 167 110 33 104 36 57 135 98 59 129 163 124 130 157 43 102 99 118 180 92 131 105 78 151 56 18 172 132 141 128 125 143 93 120 88 7 38 73 140 148 79 138 103 24 101 173 19 90 87 116 126 164 51 40 186 97 63 159 119 0 158 160 6 162 175 89 154 22 10 107 70 161 117 96 115 150 183 169 122 153 25 77 61 71 64 41 91 66 113 86 60 62 68 94 30 11 49 127 13 74 1 5 
96 128 59 35 130 31 49 149 81 112 165 37 55 152 183 182 143 100 63 134 154 78 58 175 44 124 110 157 148 36 174 77 169 172 142 42 72 13 70 177 22 68 137 85 106 2 4 150 179 61 132 117 167 135 170 3 125 5 26 123 126 14 103 24 118 114 28 153 76 33 164 19 139 57 155 64 138 140 176 173 12 88 50 9 25 54 136 107 40 104 83 121 102 21 75 159 116 146 6 1 186 180 29 127 119 108 60 53 0 23 62 99 27 91 171 163 52 151 111 95 101 67 80 94 66 15 16 69 93 109 43 8 131 32 79 47 17 46 178 133 74 145 160 10 144 113 122 86 166 97 82 
97 80 60 50 65 146 151 185 78 137 139 170 162 26 25 15 48 28 18 115 84 150 108 38 79 155 114 2 174 153 116 160 13 106 8 30 29 126 72 89 69 100 163 73 19 17 52 32 37 9 169 157 104 36 111 67 33 27 181 45 107 138 119 91 39 148 51 183 166 5 110 125 121 186 167 156 62 135 81 184 76 53 179 83 172 140 82 105 149 16 54 47 168 90 77 129 12 173 99 145 10 34 75 35 101 68 43 143 103 161 95 176 4 71 164 23 94 87 123 24 134 130 124 40 109 64 85 42 49 102 141 120 131 63 112 14 88 21 180 31 128 46 117 177 1 113 158 61 171 122 136 127 41 66 152 3 86 147 57 11 133 59 6 55 96 93 56 
98 139 33 183 40 133 4 55 169 156 148 1 166 164 102 129 85 6 180 94 64 137 65 30 162 48 93 28 20 111 146 152 2 58 31 54 53 140 17 171 8 163 88 77 46 79 73 153 0 60 80 12 42 68 45 173 142 126 18 122 160 34 100 184 113 181 81 7 159 172 71 43 13 118 50 158 95 175 62 56 70 84 149 63 9 67 155 177 99 123 39 138 25 147 168 51 32 35 114 119 3 21 16 117 185 170 121 57 69 72 91 37 144 52 186 86 178 83 11 41 101 134 157 167 182 78 150 174 87 143 154 24 22 103 105 131 66 61 132 23 90 29 110 151 136 38 176 59 116 27 112 130 5 10 165 47 124 76 75 82 14 104 74 141 36 19 128 89 135 
99 29 149 169 119 158 101 19 91 85 141 69 4 54 8 163 172 102 129 184 182 86 11 114 138 120 147 109 74 82 78 186 3 133 59 137 168 177 45 9 35 156 44 143 50 81 134 108 178 180 83 77 117 104 63 179 71 183 185 127 51 162 26 131 118 49 64 130 173 17 98 136 112 42 12 95 73 92 30 161 40 79 164 67 61 70 110 41 145 116 16 154 2 56 66 148 126 72 15 170 33 10 22 43 97 157 155 107 106 62 152 7 1 80 90 103 171 128 167 146 28 174 5 96 150 125 151 87 100 31 6 21 89 39 37 52 57 0 135 88 93 48 84 60 142 24 105 36 113 20 132 34 58 121 47 181 65 76 55 175 75 111 
100 47 62 65 144 71 186 103 7 54 172 182 115 180 181 66 123 102 162 53 137 146 151 149 96 1 20 95 39 183 185 178 135 45 64 90 109 161 16 170 73 5 74 85 26 97 10 22 37 138 13 98 46 72 81 141 91 17 184 51 36 129 27 0 179 111 18 34 177 159 175 108 168 124 63 83 60 28 33 55 84 122 147 173 40 43 15 4 44 153 49 107 78 30 70 127 87 11 41 174 14 131 176 166 134 128 68 110 165 6 52 148 88 23 82 155 35 75 89 56 29 106 133 163 118 9 139 142 112 69 143 169 113 31 99 164 121 94 76 59 156 132 136 116 167 12 160 157 126 8 21 114 61 93 57 24 42 2 67 150 19 80 152 130 140 
101 39 166 84 5 117 44 41 99 60 72 52 35 74 65 106 180 171 51 62 122 77 49 59 94 112 128 43 114 123 169 127 134 21 102 158 23 64 9 108 126 26 48 45 81 24 165 184 13 11 142 3 2 88 40 159 170 50 66 124 153 73 27 87 146 125 85 162 176 175 107 157 150 156 111 93 17 182 92 119 154 86 118 90 36 57 14 4 28 80 76 58 138 174 33 95 145 168 0 98 97 83 31 104 147 129 18 54 79 30 110 178 38 136 22 137 1 135 96 75 115 131 34 63 20 164 167 161 16 172 177 67 71 148 56 141 152 155 6 19 89 173 163 113 139 185 15 70 103 55 37 181 121 82 91 10 69 179 186 109 149 32 130 
102 124 71 94 173 151 62 58 98 59 99 39 128 169 100 42 142 3 9 150 84 184 123 153 85 171 24 47 181 21 186 48 101 0 133 90 168 23 12 114 45 134 178 92 46 36 91 103 145 104 170 148 81 163 174 8 88 79 137 7 38 26 179 115 130 76 40 182 105 95 82 18 112 73 49 138 106 157 57 34 52 5 126 4 69 78 15 147 64 175 166 56 89 17 63 172 135 159 139 120 96 110 14 55 156 122 30 70 77 51 132 28 183 25 154 61 167 185 121 97 158 10 75 136 113 65 31 152 119 107 80 27 125 11 37 19 109 13 20 1 32 127 72 35 108 144 149 2 86 141 129 16 164 162 74 111 180 50 41 117 53 
103 84 58 142 27 140 28 6 106 100 114 171 47 50 34 71 51 130 118 149 36 2 139 10 86 42 150 38 143 49 132 159 23 119 151 82 160 75 91 72 138 110 186 128 121 0 141 37 102 154 68 161 181 146 108 17 115 16 92 147 90 20 169 22 156 125 14 65 35 39 96 116 85 133 24 55 48 145 53 168 40 113 56 52 41 157 134 112 176 135 170 43 104 67 78 3 73 95 129 127 64 66 167 131 99 124 144 97 105 81 183 19 177 173 162 7 83 54 175 70 15 30 33 165 93 98 5 8 122 79 29 18 117 174 184 57 13 155 69 94 164 32 63 25 44 137 178 9 77 153 101 120 126 89 180 123 111 1 185 61 76 
104 165 31 144 142 62 145 3 121 181 123 170 1 138 157 151 158 42 111 133 77 108 168 24 72 186 132 54 41 46 171 21 180 172 85 2 139 90 163 166 120 122 97 15 78 102 99 88 147 69 40 53 75 95 14 84 56 66 67 4 20 135 126 169 80 29 117 28 131 175 86 174 150 81 19 27 106 149 25 143 136 119 76 152 185 44 51 162 103 96 107 6 155 183 57 13 134 73 124 39 118 146 101 128 9 87 160 55 64 16 184 173 92 176 71 65 49 11 130 113 129 125 140 58 37 83 68 93 154 82 38 91 177 12 63 115 32 178 182 0 52 116 164 114 70 98 22 33 5 43 60 7 110 74 48 59 
105 137 88 25 154 120 110 134 68 70 184 111 173 48 171 21 12 122 155 141 177 57 172 92 130 127 178 64 133 161 84 49 183 85 35 79 41 125 77 63 87 0 86 27 72 162 121 69 39 8 153 106 51 34 109 156 182 60 5 24 74 15 102 145 180 42 112 95 40 10 54 75 132 157 149 90 97 146 19 175 181 94 164 44 168 53 116 76 1 169 50 2 71 61 186 147 37 80 118 152 18 65 103 142 73 22 115 3 131 13 165 28 32 33 126 83 58 82 43 38 31 139 135 59 98 4 46 144 143 114 56 107 36 11 23 47 151 148 52 170 123 160 179 99 30 128 29 67 91 166 17 108 140 113 45 62 16 117 138 26 119 
106 131 76 148 45 103 159 64 156 54 152 34 78 101 134 182 139 75 167 184 143 48 109 172 56 135 2 95 8 29 97 33 13 130 11 9 77 1 126 132 18 88 114 138 155 40 161 19 125 162 67 96 86 105 80 37 108 121 44 6 47 43 102 124 72 92 179 5 63 112 142 104 17 145 183 115 58 163 20 154 59 169 147 89 168 171 31 87 149 119 52 10 14 153 62 146 176 83 151 118 160 110 25 99 185 174 71 21 16 91 129 150 50 0 73 26 100 166 178 12 180 55 123 111 175 165 90 57 140 36 66 68 116 158 82 61 30 15 49 79 46 4 74 120 3 53 81 24 41 28 157 93 170 127 60 65 181 51 84 133 22 94 136 
107 109 182 37 136 138 70 56 47 83 35 130 111 43 62 139 119 15 118 155 73 3 31 39 52 71 46 124 173 1 174 120 14 144 22 131 61 27 16 41 32 19 26 125 59 17 69 79 170 146 64 142 186 10 24 166 18 171 91 165 34 68 97 183 40 80 112 2 86 101 78 7 30 149 162 60 75 58 113 33 92 184 168 90 21 175 84 164 151 167 154 156 160 100 137 72 96 5 13 104 25 143 117 74 11 169 148 87 141 126 63 99 93 159 76 140 94 48 88 147 6 8 67 85 4 145 54 95 42 53 116 105 177 152 65 127 102 36 158 50 181 115 172 44 49 129 20 108 180 57 123 89 178 81 45 0 133 150 38 82 29 
108 91 30 186 93 78 146 179 150 69 34 14 52 168 117 21 140 175 86 97 164 53 65 154 172 15 145 136 40 82 104 141 113 182 116 26 81 132 152 101 174 158 13 99 80 144 2 48 27 5 63 64 39 103 151 126 28 68 170 169 94 143 100 51 87 31 106 73 59 161 8 183 167 115 92 72 10 24 128 19 127 139 129 38 130 184 6 23 55 177 58 20 35 32 159 60 79 37 62 112 70 124 57 85 148 83 131 29 44 25 90 47 11 181 1 17 133 96 111 163 122 50 156 120 121 75 135 88 77 185 178 114 12 9 84 107 102 71 142 137 16 105 119 45 66 176 171 67 76 149 109 43 
109 163 168 56 107 93 92 7 112 164 149 25 59 89 147 140 180 159 134 99 150 106 95 183 17 145 100 132 166 161 51 73 54 20 53 157 4 126 58 172 116 28 65 26 31 76 139 129 69 6 185 127 175 44 173 113 181 82 52 177 71 118 1 136 67 77 115 123 22 39 124 105 46 78 63 70 16 131 72 151 117 2 137 50 40 125 80 144 42 162 21 60 156 110 186 138 184 90 111 15 41 12 83 75 133 153 10 64 48 14 11 68 114 169 179 97 148 57 81 122 33 49 160 154 128 84 88 45 182 102 96 0 120 24 74 146 35 143 9 27 176 66 36 61 165 130 29 38 121 3 101 34 85 135 108 142 
110 150 139 136 9 105 152 84 129 36 180 81 54 28 10 134 145 38 130 160 158 174 62 96 170 2 137 146 169 5 125 154 56 171 103 118 71 151 64 72 121 90 27 147 95 39 59 29 120 173 92 135 41 153 58 144 166 3 22 42 69 177 156 112 4 44 97 141 35 51 18 186 138 126 49 99 128 65 179 75 73 182 45 8 89 148 40 109 155 102 116 21 114 100 30 79 175 106 52 93 47 11 23 26 13 61 85 17 48 117 55 143 66 168 16 12 123 80 37 101 14 82 20 183 25 132 122 98 34 76 60 162 6 57 83 133 172 178 149 181 111 159 63 24 43 0 167 164 157 68 185 104 131 161 124 78 
111 143 176 139 107 43 18 94 158 105 186 126 95 52 146 33 98 104 115 144 160 8 148 128 3 136 50 170 157 183 97 21 88 89 59 9 171 100 51 125 27 12 124 25 122 118 168 151 75 47 72 135 169 63 15 101 69 40 64 130 5 173 167 41 30 37 163 39 55 58 23 17 19 13 84 77 7 172 112 164 120 141 53 44 138 154 56 152 76 45 109 82 177 74 80 29 182 79 42 127 153 133 132 93 1 78 108 155 71 149 114 73 106 129 70 142 66 161 49 121 61 96 90 20 174 38 36 180 6 83 181 22 35 65 48 54 175 110 26 34 86 16 117 28 85 145 60 166 147 14 87 102 11 103 159 150 140 99 
112 11 95 113 54 36 118 59 114 70 181 109 35 148 162 37 83 96 117 161 7 18 86 174 8 17 179 101 153 139 5 128 28 13 65 156 44 122 0 141 72 119 33 52 169 4 1 63 94 177 40 31 136 79 163 12 125 186 21 149 134 15 6 107 115 85 116 172 110 182 99 121 102 39 29 171 105 106 43 150 92 9 147 60 75 103 24 123 138 74 32 27 155 111 173 66 62 184 108 180 68 154 93 51 131 126 152 130 50 78 132 142 77 2 140 53 55 178 100 46 81 49 20 133 67 176 87 30 84 165 97 135 151 90 183 185 98 167 25 23 10 48 45 146 34 3 129 14 41 47 137 159 
113 82 37 112 64 80 60 121 159 167 165 68 8 65 139 133 38 3 62 184 36 22 13 119 137 4 59 170 12 85 6 18 61 154 45 63 126 75 108 144 181 178 47 156 123 57 34 52 79 86 179 109 28 98 26 117 147 118 164 15 130 17 67 115 29 166 186 89 150 39 55 134 49 93 182 32 107 74 185 124 169 161 116 120 9 153 114 177 142 103 145 20 66 92 94 173 19 151 76 171 90 69 141 83 138 160 176 27 72 53 43 162 30 35 128 135 149 87 51 131 155 158 5 146 143 84 91 100 104 0 127 31 40 2 157 81 175 11 102 10 41 172 77 71 50 70 132 1 136 99 25 97 101 95 42 58 105 24 140 54 96 148 180 168 
114 27 112 69 166 58 178 103 63 6 34 124 130 116 134 99 185 133 48 131 46 118 82 51 11 125 97 101 72 94 42 154 177 148 120 44 93 155 65 68 123 15 62 143 60 168 1 53 102 106 18 147 13 173 145 32 75 183 182 70 164 33 88 45 171 43 24 140 151 28 38 14 128 83 149 172 96 57 76 86 179 98 115 89 23 77 159 181 113 5 121 117 165 167 0 146 137 144 91 74 41 61 80 110 49 20 29 160 8 122 31 47 90 73 174 87 127 156 50 129 37 150 109 180 175 111 92 135 153 157 10 105 152 17 158 184 85 84 132 108 30 162 100 56 36 25 67 104 78 142 119 79 169 139 4 81 3 
115 128 65 122 3 146 41 185 154 39 70 130 140 162 100 32 167 22 18 97 51 141 145 151 47 111 93 11 143 150 118 152 42 4 40 13 180 83 50 53 66 37 80 183 86 21 171 24 136 120 17 82 164 23 92 138 6 135 178 109 103 113 169 75 69 52 166 121 161 175 176 102 119 112 30 148 88 2 149 159 116 158 181 63 157 108 125 89 184 34 15 114 81 14 127 106 170 85 67 78 58 139 134 84 56 44 132 124 131 186 105 172 28 90 174 179 49 144 74 156 60 163 35 182 38 48 0 95 101 129 126 160 77 5 107 71 104 55 33 25 61 168 153 29 1 36 91 45 9 165 
116 82 143 74 53 119 50 144 147 85 14 136 57 146 114 174 124 4 67 75 1 87 94 24 123 66 42 45 19 83 173 160 26 84 6 97 43 167 55 158 71 91 109 178 134 108 139 170 125 183 122 54 140 172 15 79 69 27 117 182 120 13 150 162 142 23 86 185 12 64 128 35 153 164 112 166 165 115 11 103 181 113 184 131 51 99 49 126 59 47 161 21 141 62 121 44 78 159 176 105 0 7 88 110 95 65 179 96 130 90 155 48 36 168 18 118 171 151 92 40 32 137 89 29 61 177 60 107 129 73 106 169 34 133 33 163 186 100 8 17 175 52 152 46 154 98 138 127 72 148 93 104 5 38 132 80 39 22 2 
117 64 50 19 101 127 156 2 22 21 52 161 143 135 112 38 92 108 183 72 142 129 49 51 75 37 4 54 27 24 12 155 39 66 89 167 15 14 76 166 44 68 73 144 30 113 99 35 130 69 116 79 5 71 125 170 179 31 46 151 96 43 128 180 40 184 25 150 104 133 159 139 109 119 164 81 53 165 98 168 157 13 80 114 124 149 18 3 107 140 82 0 62 56 121 67 91 172 55 173 86 186 59 146 87 110 65 78 42 175 137 26 93 88 177 95 154 123 11 181 185 176 103 41 131 132 61 182 141 97 174 45 111 163 147 126 122 58 153 120 28 152 34 160 16 74 36 105 102 171 145 134 23 32 
118 47 46 112 42 67 107 141 103 119 142 134 114 136 48 166 15 63 21 88 33 153 163 78 115 72 11 168 57 175 127 36 60 152 164 90 110 183 13 138 76 165 45 52 9 56 109 39 55 154 180 113 98 71 148 74 17 58 27 70 184 99 37 111 125 19 179 149 120 95 96 87 85 10 150 91 132 101 28 131 130 62 177 171 43 186 151 18 23 4 135 161 61 86 25 53 1 84 66 162 106 41 137 24 172 29 105 79 34 104 143 129 173 92 69 81 181 116 51 140 100 0 128 169 144 182 73 82 50 133 31 147 145 35 176 157 93 185 20 32 8 80 7 158 12 126 26 16 40 94 167 6 2 
119 166 23 122 99 143 132 44 116 2 107 186 8 94 46 171 118 24 11 181 113 70 54 174 81 73 39 146 43 141 103 155 36 142 29 159 21 140 137 112 125 77 172 185 26 64 82 162 15 83 139 40 34 35 145 97 178 179 48 59 115 4 47 129 85 117 61 9 101 75 17 157 98 60 104 133 84 78 6 51 168 106 120 183 161 10 128 87 90 52 93 152 33 5 91 3 80 1 95 124 96 149 176 148 50 42 127 170 19 74 41 62 20 173 150 121 45 86 138 14 102 72 163 55 147 71 123 16 28 153 88 65 63 69 164 38 18 169 79 67 58 108 114 25 144 57 167 89 32 184 126 105 76 
120 89 2 129 3 158 105 75 130 52 148 35 150 54 99 45 50 170 107 183 173 131 9 114 38 86 57 23 136 25 46 134 14 128 12 32 154 175 39 64 135 142 115 104 43 10 66 87 152 5 85 146 110 124 116 181 36 93 138 67 80 22 8 53 184 19 51 20 165 118 185 27 16 15 17 163 147 84 62 176 113 156 21 34 172 133 83 0 1 121 74 159 92 95 40 161 125 111 127 119 102 65 24 59 29 61 69 30 28 137 186 143 49 139 81 122 126 168 108 68 167 78 151 13 55 82 155 26 97 180 179 47 37 76 44 70 106 109 41 153 42 123 94 162 140 182 18 117 149 103 177 73 63 90 132 33 71 79 72 141 178 
121 113 175 95 58 138 13 177 59 67 183 3 91 48 134 104 30 155 93 149 47 87 28 154 165 44 137 82 88 42 41 36 180 23 136 17 147 168 52 157 54 103 110 160 148 152 61 51 128 105 78 19 12 176 25 16 22 45 115 79 14 179 106 50 112 2 4 27 156 72 63 97 62 73 170 20 60 57 163 7 98 120 0 39 167 114 124 185 116 9 182 142 146 166 38 158 96 81 140 35 130 117 122 174 178 85 139 129 74 76 5 84 172 173 26 70 133 29 15 108 40 127 100 46 49 102 89 18 111 131 186 119 6 71 159 135 66 153 34 132 77 80 144 11 83 75 171 169 55 43 31 65 99 161 101 1 109 126 56 33 32 90 
122 167 11 119 115 3 162 180 184 75 80 160 87 55 141 152 22 29 155 175 37 186 101 105 10 143 16 144 56 12 41 176 84 66 134 2 85 6 172 112 23 146 98 71 38 82 116 59 104 91 48 135 90 166 177 86 21 4 78 51 27 111 157 161 30 45 125 100 179 40 93 62 133 9 25 52 17 19 168 174 34 76 136 26 20 137 39 148 33 44 13 0 124 35 69 149 60 67 1 169 102 36 114 121 46 74 7 58 171 153 127 64 120 88 108 131 24 92 183 109 79 103 138 128 14 132 63 163 72 159 165 110 49 156 95 50 89 182 142 32 57 139 185 42 140 158 61 150 54 145 117 97 47 83 15 173 81 96 151 
123 49 184 186 148 5 173 44 104 164 94 156 128 100 89 137 116 102 29 132 133 179 175 101 36 50 53 81 136 66 55 85 30 114 33 8 27 65 183 157 153 88 113 32 127 24 169 48 163 67 35 155 180 95 181 149 174 109 158 4 162 38 62 165 146 129 61 98 90 96 176 17 142 51 46 170 86 45 84 76 18 21 75 125 166 152 112 31 72 16 12 74 34 52 10 182 39 47 11 58 159 87 145 7 138 172 2 71 23 54 97 185 110 141 93 22 78 42 144 80 135 106 171 131 117 134 151 25 37 6 177 68 20 105 77 60 139 119 126 143 73 64 107 120 13 130 40 70 167 140 28 83 63 103 160 26 56 79 150 
124 102 89 61 125 48 4 139 175 160 44 173 114 134 132 86 19 66 116 149 133 68 12 107 158 21 14 53 96 52 155 26 176 15 81 38 57 152 136 148 147 178 141 88 54 33 142 50 140 120 16 35 72 0 109 101 85 111 135 100 168 95 3 37 186 11 80 92 77 185 161 32 106 90 20 113 174 153 165 130 182 183 144 41 10 74 166 25 177 127 121 117 159 143 2 122 58 83 46 45 184 75 1 108 31 131 39 17 146 138 84 172 34 9 115 6 73 18 104 103 91 47 163 119 150 97 79 67 28 87 76 24 129 93 156 157 70 151 167 56 30 164 59 94 64 181 8 22 82 126 162 62 98 43 180 5 63 128 49 13 29 65 169 7 69 110 
125 92 93 124 64 145 167 48 29 174 88 151 137 30 20 83 72 185 141 158 114 52 129 39 172 173 84 132 69 170 107 150 76 40 110 71 1 183 42 105 116 67 156 47 119 181 57 106 176 55 32 21 82 154 19 182 7 171 89 112 17 127 117 144 2 111 139 10 91 101 96 63 103 118 49 122 87 97 168 115 77 31 78 33 166 24 109 70 95 128 184 50 161 51 26 58 123 142 45 28 86 155 120 68 162 80 73 3 179 85 46 186 163 134 136 159 53 164 0 34 177 4 99 94 143 148 13 54 41 104 61 5 130 35 149 135 180 23 9 62 160 102 12 15 152 56 133 18 131 81 157 126 178 175 146 138 140 25 59 38 
126 2 20 35 47 135 166 134 10 15 50 144 45 16 111 130 163 30 170 177 146 84 22 173 186 48 46 168 113 171 109 184 172 183 164 97 174 81 101 106 13 98 18 78 70 138 59 161 88 83 52 41 40 33 64 9 108 154 148 63 72 141 79 75 76 61 169 128 104 0 90 71 11 6 54 133 77 96 39 175 12 110 36 73 145 102 140 160 150 31 116 74 57 92 99 147 165 80 152 149 25 55 43 60 65 107 179 155 95 38 127 112 28 24 21 182 62 66 82 120 129 105 137 56 68 19 87 17 49 26 93 42 159 115 67 29 7 136 124 123 100 176 69 158 14 37 117 131 167 118 34 103 125 32 180 139 121 132 142 119 58 91 153 
127 159 180 161 179 117 36 128 47 182 31 186 5 52 148 129 33 63 1 138 60 92 150 136 157 12 50 176 183 153 76 53 101 105 79 19 168 118 61 40 109 123 37 57 28 174 48 135 125 99 133 165 75 142 58 85 20 14 73 17 56 29 184 23 164 80 108 70 115 140 154 91 55 15 144 13 86 124 87 24 78 100 42 2 146 155 120 3 0 18 94 103 160 27 71 35 90 171 68 45 126 21 66 67 65 111 114 149 151 96 72 122 132 74 185 134 181 119 83 64 93 137 25 121 169 152 113 77 26 88 22 107 170 167 173 44 54 32 116 102 131 175 16 51 147 43 97 156 49 106 7 84 177 46 69 41 6 143 141 145 95 81 162 
128 115 96 32 1 61 132 127 22 4 82 67 160 86 169 183 102 176 123 53 17 62 55 29 28 101 18 91 44 34 112 66 168 94 50 141 120 47 0 46 30 38 165 25 157 111 178 155 59 161 3 103 39 41 83 139 152 69 71 121 173 19 68 11 7 153 9 147 75 12 49 117 138 65 134 23 73 74 116 126 78 179 24 137 52 114 136 170 37 6 110 108 16 88 167 85 180 26 95 156 125 163 129 31 92 51 60 15 150 48 33 5 81 35 14 56 77 100 54 182 144 87 119 90 113 70 140 57 63 99 151 104 181 142 146 8 175 130 118 21 172 45 148 159 122 58 171 174 20 109 89 143 133 2 84 97 40 72 105 135 13 124 93 145 80 76 98 27 154 
129 67 62 185 120 71 169 56 78 98 141 110 99 132 149 26 127 44 59 133 10 143 160 6 51 43 181 24 87 117 159 52 125 21 3 167 136 182 134 154 92 1 41 109 170 178 144 38 135 83 16 137 46 75 150 57 100 19 15 95 22 48 11 39 123 76 184 32 119 173 176 90 35 28 180 164 142 108 63 69 138 17 151 153 146 64 140 93 128 152 2 18 20 12 68 97 158 5 166 183 103 73 177 23 61 91 47 65 88 72 155 37 33 106 74 118 121 30 147 130 101 114 29 126 34 70 4 9 111 25 124 42 7 80 104 77 50 165 116 168 45 171 115 175 82 148 162 31 163 36 145 49 174 107 53 86 54 102 8 112 81 40 66 27 94 14 
130 142 40 96 37 0 107 5 154 31 120 131 186 115 41 114 185 103 28 126 159 156 66 26 54 72 161 164 110 78 136 44 86 92 93 50 63 105 106 181 140 73 179 17 1 70 33 168 87 47 18 46 139 90 169 25 117 56 11 13 71 23 152 182 138 113 59 146 144 163 77 135 102 174 184 99 95 160 79 175 10 143 141 75 148 111 22 124 91 48 108 20 58 84 118 133 49 61 36 171 4 176 6 157 74 167 134 81 121 180 55 69 51 166 132 116 177 137 162 94 30 8 173 9 112 153 129 80 172 45 97 128 64 21 62 42 29 104 3 158 27 145 125 43 34 155 178 88 165 82 60 52 68 53 7 98 32 89 15 2 150 123 109 14 67 12 101 183 100 151 
131 42 136 72 41 46 106 163 14 60 176 147 152 76 130 2 141 180 149 49 34 68 153 164 66 114 79 63 70 120 107 67 170 139 80 43 94 178 1 166 28 82 145 181 135 161 151 18 90 36 71 99 159 26 24 19 173 8 84 29 64 143 160 109 58 15 16 132 104 144 156 21 155 20 95 140 11 52 148 65 150 165 116 154 74 25 118 157 177 45 54 57 51 100 168 124 4 172 108 103 73 184 182 179 112 115 83 7 113 27 105 92 33 22 88 169 39 0 183 122 5 81 98 87 75 123 121 137 55 23 134 69 97 35 38 101 117 171 133 9 30 146 127 48 96 62 142 162 44 93 126 125 12 61 53 185 175 17 31 110 3 89 
132 128 119 26 4 71 129 50 68 124 39 91 154 72 17 37 93 79 183 60 28 123 54 70 160 109 169 31 141 103 135 20 125 152 173 104 82 181 21 108 85 55 62 106 65 44 66 156 136 64 23 159 45 10 157 25 155 96 186 170 131 12 138 69 89 165 59 167 18 180 83 118 95 105 84 168 137 86 36 140 166 75 158 88 48 185 0 143 63 146 16 56 130 115 161 179 134 171 15 57 40 102 176 77 174 112 111 73 29 163 92 127 13 41 32 87 122 80 153 184 98 100 110 47 117 114 164 121 58 113 162 9 99 11 116 27 22 51 182 175 148 151 126 120 149 14 61 3 
133 21 150 56 174 3 136 98 141 157 59 80 0 113 87 145 129 16 182 62 142 124 25 57 161 135 114 45 123 93 5 71 134 186 104 99 33 48 69 163 105 10 102 95 72 185 70 162 139 4 17 61 152 63 76 31 36 78 158 82 127 2 9 175 156 155 126 117 11 49 103 122 164 68 38 12 146 37 13 140 166 184 43 84 42 120 28 130 119 7 8 160 14 54 153 168 179 39 89 66 6 169 109 148 92 53 180 111 22 159 108 60 165 100 1 90 121 55 26 15 51 86 144 183 74 30 112 173 19 79 83 24 118 116 35 149 128 167 131 110 151 177 65 67 154 64 125 170 32 20 96 181 171 107 176 97 85 106 147 178 
134 158 82 7 37 91 155 121 31 126 53 105 137 124 136 8 114 73 60 90 106 67 19 163 118 159 147 96 1 59 109 110 11 133 101 66 85 122 15 120 129 74 92 116 21 161 94 63 57 46 165 149 43 99 102 143 47 169 79 141 49 42 89 86 178 20 140 26 30 112 78 167 172 128 151 45 14 25 183 113 58 65 175 4 185 170 70 27 35 168 166 56 173 16 68 103 139 52 144 38 83 87 64 61 28 80 115 142 17 130 100 3 88 181 10 125 29 104 132 62 98 44 9 5 51 48 13 97 127 23 72 76 162 160 131 123 177 171 176 22 33 138 69 84 24 54 6 50 77 18 81 40 39 156 12 157 154 179 117 150 
135 22 33 80 185 126 59 58 1 117 142 150 66 169 148 154 40 133 8 180 161 149 160 67 25 17 106 100 15 136 151 30 132 178 139 41 43 34 120 65 93 85 129 78 174 6 9 84 167 47 164 153 52 51 131 177 82 140 115 127 49 27 31 95 110 186 122 71 20 10 130 96 124 157 104 147 111 159 56 158 21 12 97 87 137 39 83 36 70 184 103 171 145 176 165 168 102 163 118 26 28 141 92 173 113 89 54 16 183 162 76 73 32 172 90 91 77 38 86 35 42 62 170 75 123 105 108 138 114 50 94 155 11 0 101 125 53 99 112 181 19 121 64 63 29 69 175 18 182 4 179 128 37 156 7 23 48 46 109 3 61 5 98 
136 131 160 107 133 76 21 110 163 19 87 39 134 116 186 144 86 78 9 150 152 38 127 118 162 32 72 130 108 53 173 135 69 129 55 123 58 120 140 20 124 175 121 13 111 115 184 154 132 70 153 137 57 139 112 82 36 109 43 65 49 94 51 138 161 71 99 159 156 171 128 185 164 1 178 75 149 158 42 145 30 23 50 12 148 15 104 122 2 52 33 85 96 34 183 44 5 61 93 48 64 8 14 62 40 179 54 125 67 80 27 77 147 90 143 26 170 56 35 91 79 28 101 7 17 73 102 172 18 100 98 169 89 22 176 126 180 113 45 74 157 181 97 16 166 155 31 177 24 151 63 141 106 
137 19 105 13 26 139 97 48 25 134 2 125 98 91 123 100 113 174 62 177 162 121 176 143 50 31 179 99 30 159 95 110 184 61 74 173 35 119 22 165 55 53 163 37 7 158 6 129 136 149 67 88 94 96 102 69 46 12 79 186 167 56 58 128 18 60 42 66 20 9 8 147 182 109 34 84 44 164 52 135 45 132 145 23 122 78 107 28 16 153 5 63 43 114 4 87 160 71 118 33 76 82 155 11 169 0 130 64 3 175 57 27 120 157 54 92 93 154 117 73 41 178 126 29 127 116 152 47 101 131 90 10 80 171 70 14 81 141 172 59 72 86 103 89 156 108 140 144 185 150 36 181 168 38 183 112 32 
138 185 179 167 107 39 165 121 47 91 20 59 150 68 143 127 104 139 159 99 48 65 53 37 171 33 4 173 152 32 45 69 103 100 106 8 63 118 5 126 72 162 21 178 24 51 154 158 19 115 93 130 174 142 183 79 120 97 66 128 136 181 46 38 172 132 18 98 184 169 102 57 42 34 88 110 1 166 3 78 176 141 50 71 129 60 96 168 164 0 175 87 112 85 101 182 86 67 147 16 149 75 113 92 56 95 161 2 163 111 109 77 124 14 170 43 123 25 62 74 54 17 31 35 12 27 30 41 135 122 11 155 119 94 15 64 134 90 80 55 49 151 144 116 22 157 52 36 140 81 156 29 82 89 153 148 84 180 177 76 125 73 13 61 105 145 58 
139 98 161 110 35 124 111 1 143 159 168 9 53 113 107 40 137 97 176 20 59 45 6 151 77 138 11 172 106 103 174 25 10 3 80 68 112 24 57 131 32 12 86 167 22 185 91 17 152 116 109 135 89 61 104 133 23 130 71 140 128 153 180 136 56 51 14 163 119 21 182 74 42 94 29 82 16 183 38 125 46 41 155 148 66 117 4 44 31 179 144 37 171 108 96 28 169 164 134 81 54 27 146 175 62 102 115 173 34 142 141 5 162 186 19 13 52 121 15 67 120 50 60 158 100 88 178 105 75 149 78 30 83 70 7 36 72 84 33 39 65 177 122 123 43 69 165 85 63 26 150 101 47 64 154 181 126 114 87 93 160 
140 176 183 41 82 169 29 51 87 103 142 153 8 5 115 35 78 38 55 149 150 54 108 109 27 63 85 58 43 15 7 185 161 48 98 166 74 184 130 136 159 93 88 119 171 156 13 23 89 94 81 162 154 40 116 139 28 1 186 135 32 124 68 20 134 90 52 65 152 79 66 114 64 14 47 31 145 182 59 42 45 62 131 34 86 126 133 127 144 84 96 178 160 97 36 12 11 132 129 175 155 146 44 50 53 95 177 117 121 75 173 165 3 128 148 164 107 9 112 118 72 33 60 104 73 106 4 168 151 19 10 157 147 2 6 70 21 39 122 69 163 30 167 138 16 77 120 137 105 37 123 113 83 181 158 125 46 91 111 100 
141 19 151 133 41 99 162 78 129 0 118 1 131 77 122 73 172 178 8 177 10 164 115 142 9 105 21 125 48 13 51 154 132 36 39 108 147 119 83 128 24 79 20 89 56 170 26 76 11 112 171 153 69 124 103 93 100 87 31 88 27 16 175 134 60 159 55 152 25 43 23 46 92 126 12 57 22 72 91 186 71 110 157 65 66 64 130 42 28 84 85 138 38 58 183 161 95 30 160 116 62 149 113 37 81 33 111 179 139 146 135 107 49 82 180 158 174 173 18 94 182 32 123 97 176 80 145 29 50 117 137 185 75 101 53 102 34 2 45 98 167 184 168 6 150 15 155 63 136 90 74 127 67 120 61 
142 95 130 41 103 143 30 65 140 104 165 11 135 35 8 133 118 102 160 69 141 70 117 25 85 83 86 96 14 59 119 76 68 98 19 120 153 63 184 107 151 89 1 124 154 67 29 101 175 171 38 17 179 26 174 92 18 138 48 12 150 64 116 5 127 28 10 27 182 42 3 46 123 159 7 43 106 129 113 172 170 37 79 24 15 125 161 13 121 81 158 152 94 87 2 9 139 173 181 134 185 176 144 147 146 177 58 47 53 105 45 73 112 88 168 49 128 61 0 100 54 149 31 60 57 77 66 111 157 164 21 32 20 39 155 62 44 156 186 122 99 51 40 131 6 16 108 36 80 114 162 50 148 167 82 180 4 34 126 109 169 
143 111 116 139 9 119 142 26 33 29 39 168 74 183 117 147 138 52 129 90 169 181 19 89 96 148 67 77 106 35 158 4 66 122 6 137 178 156 61 103 48 115 34 63 41 186 177 114 24 83 32 99 68 88 146 31 30 155 134 60 69 62 171 7 3 185 73 94 82 12 55 174 108 160 18 131 159 81 179 150 153 65 72 130 20 17 51 47 15 57 104 91 37 95 161 53 149 124 173 132 54 36 167 107 1 157 182 175 16 176 22 25 97 162 118 59 70 120 76 110 136 42 166 2 98 85 113 165 164 100 93 125 23 152 105 84 58 128 184 49 145 14 11 180 80 163 45 123 75 40 13 92 109 50 79 172 151 87 46 170 56 38 127 144 0 
144 149 95 145 10 4 159 104 71 100 27 53 116 7 17 126 15 88 136 185 175 154 50 47 30 122 107 166 183 22 152 89 111 179 81 52 80 85 174 75 113 24 169 79 41 164 44 14 13 67 172 129 93 20 165 34 108 86 117 151 51 147 181 11 54 125 161 130 1 110 82 9 178 171 65 78 131 182 139 69 170 124 140 127 21 162 109 134 184 77 158 91 98 31 38 114 68 150 23 37 142 128 157 8 25 35 3 176 45 56 103 60 43 39 72 59 148 0 115 48 173 118 133 123 180 168 63 105 62 61 156 55 146 36 42 138 92 186 121 177 18 102 19 155 94 46 137 83 119 96 70 153 12 143 58 5 84 167 87 76 
145 168 144 125 164 104 55 133 149 0 29 86 60 172 4 167 154 93 56 43 16 115 63 110 92 109 108 23 44 5 68 2 15 95 186 131 14 72 73 33 114 102 11 158 88 177 83 160 61 157 119 24 57 76 182 20 8 53 40 19 47 151 170 105 140 67 166 136 174 37 126 103 74 26 99 113 106 81 34 137 28 171 58 135 70 30 12 159 178 79 82 184 97 179 101 21 36 52 42 84 123 69 39 31 45 48 1 66 46 183 169 32 107 3 130 38 49 13 147 22 143 180 54 118 89 181 17 90 141 9 10 85 35 129 122 71 146 173 111 78 7 96 128 25 152 50 117 153 138 127 18 87 
146 37 161 108 97 115 55 36 171 169 83 19 156 116 168 100 17 111 126 63 15 98 16 8 159 119 1 79 110 154 122 18 155 65 164 107 25 143 147 89 48 175 95 120 181 103 52 130 13 44 72 60 11 80 81 101 123 54 91 61 85 165 157 184 20 46 68 47 133 57 62 0 180 183 129 153 6 53 105 186 88 140 185 121 77 127 82 139 132 166 114 106 27 141 124 2 142 87 64 75 96 163 26 117 74 104 67 94 99 179 160 128 113 3 24 78 59 176 51 29 86 178 66 73 14 58 71 32 30 76 144 173 172 50 177 131 148 109 149 145 150 151 112 125 42 38 33 152 92 170 158 34 10 
147 8 63 161 26 54 2 155 17 131 35 116 29 65 163 53 143 157 109 95 177 50 134 33 178 99 162 12 59 47 156 11 25 181 174 151 80 32 43 6 141 10 52 5 165 87 75 173 124 121 114 146 20 0 57 104 144 113 110 28 24 69 128 103 176 72 4 135 180 100 98 36 137 66 86 1 40 34 120 89 22 78 153 31 112 102 170 76 106 56 68 126 186 9 159 91 14 168 138 152 164 84 55 184 142 7 105 175 51 136 129 60 74 101 169 171 88 58 61 160 42 107 37 93 150 94 19 48 145 140 21 118 44 3 119 23 166 148 13 117 182 16 127 41 154 82 39 97 27 49 111 15 67 172 77 62 185 79 38 133 92 
148 88 59 8 57 106 1 163 7 98 112 17 123 54 86 120 127 178 69 171 28 135 65 184 31 84 62 143 10 74 56 170 5 67 176 114 80 165 52 160 96 94 2 29 85 60 92 111 159 124 166 154 11 66 3 157 37 121 16 77 41 102 172 15 118 78 27 13 26 126 153 152 182 75 97 115 46 161 35 82 139 40 71 130 169 30 83 61 179 34 131 136 0 91 99 174 48 6 183 122 110 167 12 4 25 95 107 108 47 33 100 150 18 133 140 20 87 155 76 144 119 43 19 109 89 125 128 185 70 63 186 177 14 45 49 105 129 151 50 147 53 158 146 101 116 44 36 24 156 142 138 72 132 175 79 23 64 73 32 93 113 38 
149 56 144 85 99 109 96 74 92 13 129 179 145 87 54 24 103 140 131 121 124 12 100 31 135 91 9 53 23 158 78 40 39 95 62 14 94 43 181 183 185 161 51 164 134 162 45 30 29 137 186 123 90 171 156 176 112 163 98 10 155 172 21 115 5 61 0 118 32 107 114 136 84 63 173 83 71 170 66 69 104 79 35 105 150 33 46 88 2 97 8 19 143 117 49 18 141 168 169 36 106 126 73 16 138 165 159 122 55 15 70 152 3 50 113 167 59 127 153 34 48 160 42 41 119 175 151 25 111 76 142 77 7 139 177 26 174 125 27 178 133 22 182 81 110 6 102 146 72 120 166 65 184 108 101 180 75 132 57 
150 162 133 110 76 87 186 13 55 108 154 6 23 120 135 138 70 140 0 16 179 136 102 61 127 97 164 109 46 18 66 103 36 33 4 40 28 115 160 172 125 167 152 24 45 41 158 159 53 74 37 85 57 163 129 93 88 54 181 151 96 59 156 116 71 26 142 113 185 94 82 3 117 169 101 143 104 166 62 29 118 177 131 112 14 126 12 92 56 149 165 78 67 30 173 128 65 72 44 144 157 34 10 175 47 148 79 31 174 184 35 63 22 106 19 49 43 17 98 32 114 171 124 42 83 38 99 52 147 176 80 84 183 119 8 182 95 64 60 89 15 20 73 5 161 75 69 139 122 130 1 146 168 137 100 90 27 107 141 81 178 25 51 2 111 134 48 123 
151 23 153 79 90 156 141 20 97 18 45 102 176 125 139 166 75 67 100 80 183 94 104 115 177 64 135 21 147 74 179 53 175 103 184 62 68 10 37 55 82 142 110 155 77 19 9 144 33 5 131 160 150 54 108 182 117 16 27 158 31 76 81 134 50 111 114 25 41 17 145 172 40 168 170 109 60 78 91 95 107 7 129 39 164 15 113 88 6 83 13 118 65 28 3 106 173 69 61 52 169 154 56 47 43 128 186 127 181 162 116 152 149 1 35 165 99 120 89 34 58 96 42 32 124 123 185 140 63 49 98 112 157 105 133 138 85 148 2 70 0 4 44 146 167 161 30 143 136 132 174 171 92 122 22 130 
152 159 23 8 131 69 12 178 110 172 19 106 94 43 122 82 57 42 84 96 177 16 153 136 63 98 62 144 38 40 55 169 132 39 115 89 124 167 41 150 138 139 7 95 108 118 60 46 36 67 158 47 91 14 133 121 77 76 128 120 141 130 78 34 31 52 86 17 185 140 148 81 83 59 13 66 9 72 28 79 156 104 30 11 183 186 123 129 161 26 37 142 87 126 147 75 44 168 22 71 80 111 165 149 54 35 99 119 85 92 105 170 90 112 174 33 18 25 176 48 166 151 3 27 163 49 137 127 173 143 45 51 114 164 0 58 107 160 4 102 61 184 181 6 116 179 180 125 10 53 101 64 171 175 5 97 117 32 155 145 146 100 88 93 
153 151 26 140 177 166 27 86 160 65 185 58 182 131 50 152 33 1 102 112 127 97 79 118 7 84 37 78 32 98 186 180 93 123 31 24 164 142 141 167 48 39 136 74 135 77 159 139 128 15 105 110 17 36 13 34 8 89 101 148 53 92 163 42 116 43 63 21 143 41 174 173 67 70 96 69 124 147 113 19 49 129 28 146 100 11 81 137 162 175 56 133 60 62 106 94 22 179 73 16 172 157 2 71 23 109 90 85 154 18 130 111 149 122 83 3 40 88 75 51 155 64 52 20 176 80 54 114 0 132 156 30 57 14 91 6 121 181 95 68 35 119 61 158 178 120 115 66 117 103 4 10 184 46 76 38 138 29 45 59 144 145 55 126 
154 169 105 115 130 0 71 46 150 12 28 55 132 135 145 20 56 180 144 67 87 88 62 91 121 19 178 96 108 186 9 113 179 33 114 1 21 141 185 170 38 29 44 27 23 17 90 54 129 66 120 72 146 39 110 148 84 57 81 136 140 48 4 103 138 53 142 125 118 156 177 126 32 51 63 78 176 40 35 174 58 101 167 173 163 127 131 107 99 165 70 162 106 24 160 75 14 47 42 159 111 112 151 166 8 2 164 31 153 85 52 137 82 3 175 98 157 102 50 155 182 79 74 184 95 18 117 109 45 7 158 104 73 22 94 86 116 168 59 37 133 171 41 26 80 11 89 147 49 68 139 134 76 6 61 181 43 64 128 
155 43 9 60 81 52 186 147 19 4 134 32 107 180 55 121 34 122 166 42 95 105 97 90 56 40 44 64 59 76 15 49 124 114 3 173 119 93 117 5 128 13 163 146 106 80 151 21 123 143 17 132 177 182 91 71 84 68 33 149 67 75 98 139 89 133 36 160 24 26 92 131 63 96 2 54 140 178 12 165 22 7 172 125 53 112 127 66 28 87 110 162 99 104 27 79 137 181 50 126 47 175 88 129 29 116 48 184 100 156 86 113 148 10 111 70 176 153 154 18 65 120 1 73 135 38 83 20 130 62 167 170 138 11 142 103 6 8 61 101 144 31 69 136 51 74 94 152 82 174 35 141 25 159 0 161 37 
156 9 25 41 2 151 117 98 84 51 71 106 60 39 146 82 55 95 123 68 182 130 30 18 158 147 143 37 75 70 43 29 112 59 179 26 99 77 62 175 76 113 140 125 45 169 157 132 27 6 47 164 56 80 154 67 173 92 20 31 83 184 162 150 149 172 105 63 178 103 110 133 136 101 183 121 131 87 40 97 159 120 73 78 58 35 128 107 152 13 185 72 79 177 5 61 57 54 109 65 49 46 64 102 85 3 176 69 181 114 155 163 186 36 170 32 74 24 7 94 8 108 115 16 28 19 160 124 153 34 100 167 122 22 144 142 93 42 166 48 11 180 33 137 135 138 148 127 134 1 174 88 23 4 66 21 89 90 81 0 
157 16 175 38 133 159 64 74 27 147 49 23 60 89 37 104 32 4 185 127 25 88 39 179 19 96 109 2 86 128 123 167 69 169 156 59 50 121 148 97 172 111 94 132 3 93 176 72 78 73 77 21 79 30 145 71 8 81 135 122 5 41 51 164 101 95 141 68 161 62 146 102 178 40 115 119 14 105 103 48 47 131 65 20 117 18 82 181 66 58 130 84 168 162 99 29 143 163 6 150 144 33 80 153 184 170 186 98 22 137 35 13 55 182 177 154 76 173 57 17 85 180 24 142 114 11 31 124 113 28 63 0 42 83 140 26 151 12 1 53 36 118 100 91 52 138 106 136 87 67 125 10 183 110 43 165 34 92 134 160 
158 134 86 99 11 77 37 0 120 12 111 62 68 90 61 167 172 6 73 124 104 10 149 156 143 125 64 82 16 110 40 7 24 116 13 101 36 168 175 55 150 79 108 44 14 49 137 152 84 138 145 54 98 47 28 165 133 123 92 59 69 151 50 180 51 66 45 2 63 115 39 60 71 136 56 135 177 83 1 89 41 163 43 26 9 179 21 17 178 132 144 142 162 22 31 186 129 18 72 174 121 58 173 141 170 57 33 74 8 184 52 95 113 139 161 171 78 15 185 70 160 35 48 5 130 19 94 20 164 29 102 114 106 53 154 166 107 4 148 122 126 153 182 97 181 88 118 169 46 25 87 140 146 
159 152 127 93 144 113 139 64 157 9 86 106 91 174 171 130 36 173 138 28 134 109 18 57 129 40 62 45 89 183 6 186 146 5 68 16 103 20 56 51 70 137 140 148 3 119 150 83 39 0 184 132 153 73 35 98 141 7 67 48 30 38 71 101 79 185 100 172 131 78 76 143 34 136 115 26 117 167 65 135 81 142 156 13 114 1 41 37 42 50 162 63 120 80 85 108 82 124 147 168 47 145 116 32 102 149 75 87 154 88 166 96 125 123 107 19 61 58 95 133 176 178 29 182 66 160 128 177 94 21 84 2 122 69 54 126 121 11 27 161 175 72 110 169 180 31 164 179 74 163 77 92 49 165 59 17 90 112 155 10 8 111 53 
160 136 79 62 66 124 165 65 78 180 8 43 183 172 163 29 82 38 122 128 153 173 69 44 129 83 51 142 135 132 33 110 116 13 97 148 111 7 39 20 84 15 150 49 181 174 53 71 14 179 103 169 64 98 176 162 168 121 90 56 61 151 145 10 32 1 170 143 67 22 72 131 130 89 175 155 55 70 74 47 76 37 126 2 140 107 141 91 171 46 133 154 48 167 164 178 113 186 127 137 106 54 114 27 17 87 23 149 104 147 146 95 184 58 52 30 158 161 159 185 156 109 134 34 152 12 166 100 115 125 105 92 94 26 59 80 57 36 73 31 3 50 24 96 117 21 182 123 157 25 40 88 9 85 139 
161 139 127 70 147 146 50 170 11 117 24 112 81 94 5 133 135 168 39 167 180 130 80 35 91 10 32 171 22 184 7 100 29 140 109 37 79 76 105 85 68 134 53 74 149 42 92 128 20 172 106 126 165 31 17 51 131 27 178 103 38 78 64 144 88 21 115 56 23 45 182 122 136 36 148 4 179 108 186 157 43 16 99 124 57 19 177 113 87 67 82 141 125 6 143 116 90 142 120 152 77 118 63 183 138 72 119 15 52 54 132 97 75 71 1 47 158 89 174 164 26 33 0 8 160 185 111 93 40 25 95 66 169 34 83 101 159 150 13 18 73 175 3 58 46 151 163 121 176 166 86 60 173 110 30 155 
162 150 72 2 81 122 30 20 69 33 183 112 141 34 115 68 46 97 100 174 170 98 73 168 147 137 70 136 27 59 186 172 35 44 88 91 83 176 149 140 160 31 133 78 77 138 178 105 10 106 119 32 63 86 23 156 99 123 49 167 116 89 42 38 45 181 101 36 107 21 65 175 25 165 75 11 185 159 154 52 144 39 153 109 14 158 104 62 48 179 125 157 50 43 155 93 5 40 164 12 184 118 87 9 139 113 3 8 13 54 85 143 130 135 55 67 37 80 103 151 61 51 95 7 177 22 16 71 82 41 134 94 169 90 110 163 53 129 6 171 114 124 15 64 132 131 120 58 102 142 28 66 74 0 57 26 127 
163 109 61 86 179 180 131 73 148 23 136 65 160 99 47 147 49 185 37 126 168 134 17 66 42 33 64 12 98 118 133 56 18 53 97 170 24 9 26 155 137 104 123 52 22 164 71 172 102 150 184 4 139 79 10 112 149 1 60 130 95 68 76 153 174 15 171 120 59 74 176 34 154 158 39 45 111 28 67 54 92 14 121 106 177 128 83 32 5 16 135 30 138 157 125 27 146 44 55 7 8 124 51 57 132 156 167 6 100 38 46 108 62 152 43 115 85 96 175 91 122 63 70 116 3 165 119 162 19 143 48 84 129 182 140 41 88 117 2 169 93 101 94 161 159 20 31 75 
164 92 72 29 1 145 109 186 64 183 98 184 21 123 14 26 78 19 84 131 37 45 141 108 150 130 176 17 174 18 46 126 144 6 118 56 27 153 149 20 4 146 49 44 163 58 115 135 30 156 55 65 2 113 43 90 54 86 114 168 25 8 116 157 32 81 77 136 51 117 178 99 133 7 127 69 179 96 23 129 107 169 137 3 66 151 138 139 34 175 94 105 173 111 147 160 74 11 162 47 95 40 172 15 154 125 97 71 140 83 165 61 88 5 143 177 42 161 48 80 33 100 36 0 142 158 28 152 13 53 38 82 76 124 91 93 101 12 24 132 9 103 59 171 170 50 119 104 182 52 73 180 102 159 110 70 31 60 63 75 35 
165 104 160 184 113 138 179 39 142 59 90 62 96 16 9 172 63 6 42 65 70 74 17 41 54 1 121 58 32 52 15 13 148 89 34 8 24 48 176 147 128 40 46 134 0 137 82 144 84 161 118 101 83 69 60 88 11 25 107 73 10 158 43 20 61 127 123 28 29 146 47 116 120 14 49 186 169 132 79 124 131 182 162 117 57 154 150 175 126 155 114 68 135 45 168 149 18 53 100 31 152 140 174 177 27 78 71 38 4 64 133 105 164 75 5 143 151 185 103 37 181 94 106 12 33 167 92 129 85 122 130 112 163 56 19 139 178 2 26 98 44 81 7 109 30 166 67 157 159 55 93 115 3 180 36 171 22 80 
166 101 119 95 29 114 41 126 170 153 98 52 174 90 155 151 77 80 184 178 59 30 168 31 18 118 144 109 21 57 87 38 140 15 20 69 60 43 148 79 131 117 51 104 32 82 33 107 61 56 13 44 19 122 53 113 167 115 58 110 84 97 36 176 116 49 172 62 150 7 145 14 138 35 17 76 93 78 134 12 125 186 133 3 92 65 124 6 183 132 123 179 102 171 48 180 173 146 129 121 70 100 159 72 67 182 40 154 130 177 66 89 2 25 152 55 11 143 47 106 34 71 185 74 169 45 160 16 158 86 156 147 54 1 105 91 136 149 175 94 28 165 111 83 161 85 4 50 10 181 37 96 
167 122 178 84 138 113 125 48 76 50 41 26 85 173 33 87 46 115 73 145 13 56 158 106 176 75 4 161 174 61 47 86 129 27 74 116 29 139 79 5 152 58 150 157 175 35 80 117 42 66 153 2 135 95 62 81 12 162 166 134 22 137 96 40 78 53 108 159 92 31 132 97 154 111 181 128 90 107 94 77 52 88 121 37 67 114 148 83 160 3 143 93 8 130 69 11 103 171 15 170 70 91 45 149 99 14 98 179 17 54 43 163 82 59 16 102 120 68 72 165 184 155 124 64 156 168 182 57 133 25 100 6 101 127 112 180 65 185 172 140 10 126 110 9 183 151 123 141 186 60 38 118 142 49 119 144 
168 109 145 87 182 46 139 143 33 28 38 41 23 92 108 146 17 170 163 31 162 161 21 71 90 81 166 62 9 27 32 89 0 104 126 128 19 94 68 15 79 118 99 88 158 127 102 58 13 114 73 7 8 50 47 11 37 130 121 160 35 77 177 4 14 55 42 164 100 124 111 2 72 54 30 151 173 98 20 16 125 185 10 107 52 57 91 43 85 134 103 122 5 24 26 138 117 132 18 53 106 12 149 97 133 119 147 159 135 181 105 34 165 22 157 131 152 101 64 3 116 142 178 110 60 40 74 120 63 171 144 86 56 80 176 140 129 45 167 169 1 154 51 78 49 69 115 59 150 184 141 48 137 25 174 36 179 70 65 113 84 
169 21 99 140 154 98 173 12 26 129 146 72 81 87 135 5 128 179 102 143 88 51 58 77 101 132 30 63 175 152 50 96 25 92 144 110 48 160 44 38 11 157 156 28 13 123 79 34 97 112 31 46 134 130 186 61 57 85 108 115 82 47 103 184 126 104 29 8 27 9 185 150 73 40 111 138 165 148 86 89 6 113 16 182 164 181 75 170 139 183 10 64 106 41 65 149 42 54 3 105 37 53 33 24 107 122 151 43 76 80 177 133 137 78 32 56 147 68 171 109 131 17 67 118 100 178 94 59 127 145 45 166 74 91 116 162 172 161 168 95 136 69 19 83 14 159 35 84 180 52 49 36 4 163 158 119 174 121 60 0 114 124 142 93 
170 76 95 65 7 173 166 15 161 43 91 18 24 12 61 97 104 14 168 162 182 1 69 113 126 60 120 23 92 148 88 154 131 174 110 59 31 125 73 9 58 100 141 176 184 107 180 129 163 16 116 35 78 50 68 111 102 86 21 45 83 71 89 117 39 108 101 33 4 93 160 30 132 96 175 64 181 32 172 2 145 19 151 128 37 134 121 6 123 49 149 144 142 169 20 147 98 27 38 115 44 99 82 25 103 11 34 46 74 94 48 178 80 72 138 167 158 152 52 157 67 54 90 70 81 5 156 136 56 185 17 40 135 119 0 10 155 105 127 8 57 62 63 28 164 29 133 36 183 106 41 75 79 177 13 143 85 84 66 146 
171 36 15 60 172 79 63 41 146 17 56 68 27 44 103 119 148 159 101 19 174 23 105 86 47 0 102 161 138 98 93 94 126 178 32 95 80 104 16 115 140 141 177 110 66 43 5 24 4 143 72 142 125 107 53 111 76 182 149 14 69 114 29 144 184 163 8 67 136 112 34 3 50 6 25 2 28 139 12 74 64 145 160 118 113 81 130 106 84 135 175 166 54 38 30 85 52 83 167 61 127 9 132 176 89 99 11 33 147 122 71 48 91 116 88 150 169 158 55 87 173 10 168 62 70 181 96 46 123 128 7 51 26 129 134 18 137 39 131 49 73 162 21 164 154 42 121 75 97 152 77 22 108 133 185 90 37 151 1 117 179 165 45 
172 178 62 40 171 177 61 44 160 173 93 76 99 152 100 22 145 165 141 139 27 158 33 60 82 106 108 125 105 6 13 56 162 54 51 109 122 150 96 126 58 80 144 12 104 49 46 161 119 84 179 66 92 45 30 157 116 163 98 148 32 29 174 9 156 175 77 31 20 67 134 78 65 185 159 59 186 149 94 112 170 151 138 176 48 24 73 166 114 26 7 15 50 55 85 120 95 64 142 97 79 18 155 72 87 102 111 75 28 89 5 83 131 124 117 11 153 118 63 164 184 39 4 123 115 53 130 121 135 19 86 128 88 34 25 74 169 52 136 2 47 57 113 71 146 110 107 101 17 81 181 137 43 167 91 8 37 180 14 42 90 143 182 147 41 38 0 69 
173 8 76 11 102 169 32 75 172 170 19 124 13 123 167 160 69 105 183 159 107 17 176 120 116 125 126 71 52 136 185 179 25 10 132 155 138 43 47 92 63 98 137 147 174 109 87 38 114 20 128 65 24 156 110 64 175 66 0 60 177 77 131 99 82 15 62 45 100 29 168 153 129 31 6 86 149 111 154 134 93 85 14 96 113 150 91 143 42 164 112 68 4 166 97 139 142 95 184 151 16 158 135 140 7 182 9 117 54 141 12 3 181 130 118 67 55 53 103 59 94 22 79 121 84 21 23 104 30 144 157 171 83 152 78 133 61 81 73 119 40 70 146 58 57 127 1 101 145 89 88 90 33 34 56 36 28 27 161 46 122 80 2 50 37 
174 11 6 43 133 95 72 57 62 61 90 52 125 68 76 159 42 166 177 116 171 162 112 137 176 119 139 107 167 82 87 16 27 164 97 17 147 110 170 183 85 67 160 96 144 20 126 34 15 84 50 108 173 175 135 29 79 60 102 8 41 127 123 65 178 142 172 138 143 179 14 33 185 130 55 54 91 163 181 104 63 77 153 154 124 145 3 66 22 122 36 70 148 5 7 78 0 101 12 100 69 37 158 73 44 86 106 165 141 121 93 150 114 83 152 94 47 132 115 24 98 99 26 46 161 21 92 186 180 10 149 13 128 40 56 111 18 45 81 182 75 103 19 64 25 59 31 117 129 169 35 156 184 9 4 58 1 155 38 28 151 39 168 2 
175 124 121 157 23 177 179 24 19 49 15 185 144 122 108 71 17 123 61 96 59 5 25 75 169 151 118 120 30 158 156 167 28 136 91 109 22 174 76 146 141 181 142 2 80 16 60 10 173 98 172 115 88 100 40 170 3 133 57 36 101 53 55 130 42 77 160 104 134 43 126 186 107 46 162 52 73 182 92 82 180 165 138 140 178 105 68 102 153 164 171 39 7 139 94 176 62 65 31 110 143 78 32 147 34 150 155 137 85 13 90 87 81 21 9 117 149 18 103 154 128 33 0 8 44 95 114 38 106 50 163 113 69 58 27 129 116 4 84 111 35 1 159 135 127 63 161 20 152 166 6 125 132 93 148 131 70 64 14 99 79 11 
176 140 111 2 184 7 16 131 74 32 95 52 20 64 151 46 17 139 128 41 73 174 167 50 26 67 173 137 164 127 76 148 60 10 122 47 165 124 85 56 170 8 71 162 160 28 72 178 49 70 75 89 88 125 38 157 79 149 121 66 39 23 115 147 101 166 86 29 154 172 123 25 0 58 81 54 19 129 43 163 22 120 77 138 83 91 51 69 21 180 96 84 55 93 24 103 135 15 130 27 82 175 116 57 100 30 48 40 113 106 44 142 143 182 65 186 144 94 156 171 97 1 132 42 11 152 119 159 155 4 104 146 179 153 36 150 61 112 168 3 134 117 177 141 118 98 13 136 34 78 126 59 183 109 33 37 108 80 5 161 87 133 45 12 185 18 9 
177 172 89 28 8 121 175 59 153 180 68 13 185 81 174 141 152 147 126 137 105 9 79 45 151 114 22 182 99 143 52 5 4 87 61 32 95 171 21 26 67 80 50 96 57 109 75 135 112 154 181 145 155 168 31 58 122 19 100 173 86 69 42 44 110 98 11 178 2 49 43 158 150 161 34 83 63 53 113 0 30 40 108 18 6 46 163 131 73 124 118 64 156 70 55 62 140 38 65 54 84 3 90 129 7 166 142 77 111 169 130 165 184 183 29 157 103 66 93 47 78 74 125 164 17 162 33 35 72 117 116 159 76 149 48 71 107 14 134 51 186 60 148 123 20 176 139 104 133 146 101 37 97 144 15 36 39 136 82 127 170 56 120 91 138 92 
178 172 167 38 16 50 180 37 72 114 152 10 55 49 148 14 40 22 27 57 141 68 166 184 147 39 25 54 154 47 100 90 143 9 45 105 18 82 135 171 131 113 116 186 86 128 8 44 129 4 124 99 92 176 102 95 138 162 73 115 161 174 134 84 64 88 119 21 156 30 144 74 89 177 136 157 164 76 66 34 59 79 63 140 51 69 158 175 155 28 36 145 160 24 98 53 61 41 170 23 85 121 5 65 168 71 81 0 29 112 106 159 75 83 137 78 139 169 7 101 42 146 70 13 130 149 185 93 31 108 48 110 77 104 165 12 19 153 103 1 94 107 33 179 96 125 26 150 43 133 56 60 120 
179 47 138 71 163 127 165 108 181 180 34 55 175 85 149 169 67 183 57 76 2 25 150 64 88 45 72 112 123 154 157 173 75 144 137 70 60 151 156 5 130 35 160 31 61 113 49 65 92 172 99 63 28 142 56 15 100 96 90 117 19 43 174 102 119 53 128 84 26 18 121 118 143 161 182 122 114 106 139 164 110 185 148 80 30 41 23 97 158 74 166 38 0 133 73 40 59 162 8 141 145 125 153 11 126 136 68 116 131 132 87 86 167 115 146 69 109 91 176 17 22 16 93 186 120 37 54 46 62 33 48 24 12 81 152 79 105 135 89 3 50 178 4 159 51 7 21 101 36 1 171 134 168 
180 127 0 163 122 160 178 179 177 40 78 52 100 155 98 101 131 35 110 109 69 154 135 29 19 2 161 43 48 20 75 10 16 32 186 24 13 58 121 115 81 153 3 170 59 104 61 68 88 99 123 94 139 118 63 23 9 67 90 182 87 117 64 72 158 147 38 6 105 95 132 4 129 5 185 146 128 175 176 1 25 166 112 130 21 27 22 39 50 141 47 96 51 133 74 66 70 62 28 114 106 181 36 55 144 157 174 56 57 42 120 125 111 83 145 97 143 79 8 152 12 92 91 167 65 136 156 76 26 84 80 107 169 159 85 124 164 73 172 60 103 41 33 126 138 102 142 77 149 165 86 113 53 
181 6 82 57 10 112 62 179 31 185 28 104 41 58 95 81 100 119 89 143 52 129 36 35 85 18 92 147 102 27 34 160 39 130 1 149 132 113 64 0 14 69 53 109 125 98 131 74 175 46 123 7 144 177 94 146 150 103 86 120 40 5 97 47 66 59 162 138 170 174 38 115 12 80 63 72 116 167 169 114 68 93 76 17 105 157 168 11 77 84 71 142 9 48 87 134 155 3 186 78 51 156 16 90 61 173 108 65 54 118 182 128 151 20 13 32 127 45 184 180 79 165 171 8 43 117 23 60 4 49 22 91 152 135 153 111 107 145 124 110 172 19 56 158 83 33 2 136 15 133 101 99 106 137 183 140 139 73 75 166 44 29 154 
182 107 12 185 168 50 69 65 51 127 100 71 99 0 72 86 133 156 153 170 106 46 96 40 83 94 33 89 55 82 8 77 13 92 129 108 177 63 45 78 60 32 91 39 81 6 37 14 114 125 28 24 130 23 116 139 171 180 67 151 155 105 27 49 145 22 70 53 161 148 18 102 142 112 179 113 140 137 144 74 101 26 58 36 169 124 9 165 175 42 110 75 184 35 41 52 121 62 138 57 38 80 4 54 123 166 3 128 143 25 176 173 34 44 131 47 111 157 126 98 181 43 141 159 7 154 118 68 183 115 93 17 16 150 174 167 149 122 90 29 109 10 117 163 20 104 135 56 158 147 164 120 132 64 172 84 2 31 160 48 76 15 
183 98 140 21 83 44 160 162 121 30 143 164 51 128 89 179 173 96 87 132 151 117 10 56 4 120 109 100 29 35 144 127 159 174 74 93 25 126 19 0 185 123 149 37 75 67 115 105 125 7 118 26 116 1 70 114 111 99 94 23 48 33 65 138 36 107 64 139 63 52 13 41 97 61 134 88 9 108 156 55 8 32 43 91 71 124 141 146 47 169 106 166 90 148 152 31 84 136 49 86 73 129 11 161 119 12 104 54 85 69 77 135 103 177 79 102 46 2 53 6 131 40 122 145 15 133 27 14 62 110 150 182 95 184 57 68 82 72 112 28 5 17 24 39 78 59 176 167 170 157 60 3 20 181 137 50 80 130 
184 11 75 3 59 36 165 176 123 122 4 26 164 99 105 113 39 148 27 20 106 166 86 178 102 161 140 7 95 44 126 151 49 170 137 65 2 142 136 98 12 25 159 67 100 101 163 80 156 79 35 87 118 0 82 1 169 130 48 22 117 91 120 171 129 13 72 138 146 61 74 127 115 107 66 94 116 37 133 97 108 77 85 54 125 182 8 144 135 43 63 112 124 145 173 109 162 69 147 29 131 157 62 172 177 45 150 155 186 56 158 32 160 104 53 181 19 31 154 60 73 68 6 132 89 167 64 114 83 10 143 183 152 38 34 16 103 81 52 92 90 40 88 71 9 153 168 174 141 149 23 185 55 119 15 
185 138 80 182 129 97 58 135 115 181 72 25 153 130 177 8 94 21 163 95 144 15 175 75 0 23 77 114 157 125 100 79 39 59 41 154 173 140 81 37 139 183 149 93 109 133 119 70 22 26 143 99 83 159 172 174 150 116 152 90 71 9 169 186 43 32 29 120 2 56 124 136 134 168 67 63 46 113 65 91 179 3 180 98 162 31 49 88 156 6 104 74 121 132 60 146 78 45 12 89 55 28 142 82 44 106 4 30 18 68 57 123 62 170 127 19 166 165 86 158 7 47 161 102 24 148 54 160 53 20 66 151 33 11 117 178 108 69 42 40 17 112 118 38 141 122 167 36 101 137 61 171 35 92 184 131 34 110 48 147 176 85 103 14 27 
186 45 108 43 155 150 164 119 100 47 123 130 71 127 33 8 136 111 38 94 122 77 10 48 76 1 154 159 40 133 126 74 102 99 58 62 180 162 78 104 143 153 178 81 60 145 57 103 107 93 26 169 149 140 16 135 61 112 67 113 132 137 172 13 185 124 141 161 14 110 165 19 97 88 175 12 166 28 6 44 7 21 17 146 147 82 2 152 118 27 34 39 85 68 158 64 98 160 109 125 63 52 105 65 89 139 181 176 96 117 95 42 41 115 157 120 184 151 18 84 156 49 70 22 11 174 46 3 37 121 179 92 177 59 148 15 116 51 142 86 29 69 4 80 5 83 144 50 53 79 55 167 32 101 0 90 
