0 11 
0 77 
0 102 
0 166 
0 131 
0 38 
0 61 
0 46 
0 88 
0 76 
0 85 
0 70 
0 8 
0 153 
0 66 
0 98 
0 64 
0 83 
0 23 
0 167 
0 106 
0 37 
0 65 
0 32 
0 170 
0 179 
0 142 
0 1 
0 41 
0 168 
0 81 
0 156 
0 93 
0 4 
0 129 
0 82 
0 112 
0 121 
0 47 
0 20 
0 132 
0 130 
0 17 
0 149 
0 111 
0 89 
0 53 
0 12 
0 79 
0 184 
0 164 
0 44 
0 163 
0 58 
0 45 
0 19 
0 158 
0 29 
0 10 
0 18 
0 107 
0 95 
0 145 
0 94 
0 91 
0 2 
0 113 
0 191 
0 128 
0 56 
0 144 
0 122 
0 96 
0 125 
0 40 
0 135 
0 154 
0 114 
0 162 
0 139 
0 150 
0 140 
0 27 
0 52 
0 21 
0 119 
0 126 
0 172 
0 133 
0 24 
0 39 
0 120 
0 108 
0 74 
0 101 
0 186 
0 175 
0 54 
0 188 
0 7 
0 6 
0 110 
0 117 
0 63 
0 105 
0 176 
0 87 
0 155 
0 161 
0 51 
0 67 
0 55 
0 103 
0 181 
0 50 
0 9 
0 36 
0 118 
0 123 
0 26 
0 146 
0 84 
0 148 
0 60 
0 165 
0 42 
0 49 
0 169 
0 99 
0 174 
0 97 
0 190 
0 147 
0 62 
0 136 
0 73 
0 137 
0 109 
0 30 
0 86 
0 3 
0 185 
0 16 
0 134 
0 127 
0 116 
0 35 
0 72 
0 180 
0 25 
0 59 
0 80 
0 141 
0 189 
0 43 
1 148 
1 139 
1 54 
1 97 
1 165 
1 47 
1 19 
1 136 
1 150 
1 28 
1 16 
1 152 
1 162 
1 145 
1 151 
1 63 
1 112 
1 149 
1 8 
1 0 
1 33 
1 55 
1 160 
1 100 
1 62 
1 21 
1 45 
1 157 
1 42 
1 125 
1 40 
1 180 
1 43 
1 153 
1 167 
1 88 
1 30 
1 79 
1 24 
1 56 
1 35 
1 171 
1 76 
1 78 
1 174 
1 83 
1 71 
1 25 
1 191 
1 131 
1 3 
1 166 
1 70 
1 138 
1 123 
1 156 
1 17 
1 111 
1 51 
1 39 
1 182 
1 113 
1 9 
1 50 
1 117 
1 18 
1 91 
1 181 
1 2 
1 52 
1 188 
1 109 
1 104 
1 143 
1 53 
1 92 
1 74 
1 94 
1 22 
1 146 
1 190 
1 126 
1 89 
1 93 
1 114 
1 84 
1 130 
1 103 
1 121 
1 5 
1 57 
1 32 
1 158 
1 134 
1 133 
1 107 
1 128 
1 66 
1 82 
1 81 
1 168 
1 68 
1 155 
1 116 
1 85 
1 122 
1 120 
1 26 
1 178 
1 13 
1 46 
1 129 
1 7 
1 15 
1 14 
1 110 
1 161 
1 48 
1 67 
1 64 
1 124 
1 73 
1 44 
1 186 
1 11 
1 86 
1 175 
1 80 
1 172 
1 41 
1 115 
1 185 
1 29 
1 77 
1 106 
1 164 
1 36 
1 38 
1 119 
1 96 
1 179 
1 37 
1 147 
1 75 
1 137 
1 141 
1 20 
1 135 
2 147 
2 120 
2 153 
2 175 
2 4 
2 126 
2 99 
2 68 
2 15 
2 149 
2 136 
2 186 
2 87 
2 19 
2 183 
2 35 
2 79 
2 54 
2 102 
2 166 
2 75 
2 143 
2 109 
2 133 
2 77 
2 70 
2 22 
2 116 
2 134 
2 39 
2 57 
2 156 
2 23 
2 135 
2 27 
2 97 
2 191 
2 173 
2 3 
2 110 
2 45 
2 8 
2 138 
2 184 
2 140 
2 152 
2 14 
2 43 
2 105 
2 137 
2 34 
2 59 
2 107 
2 144 
2 146 
2 76 
2 0 
2 106 
2 51 
2 41 
2 86 
2 117 
2 47 
2 18 
2 176 
2 111 
2 31 
2 6 
2 96 
2 182 
2 46 
2 72 
2 170 
2 174 
2 163 
2 118 
2 1 
2 17 
2 188 
2 28 
2 169 
2 24 
2 94 
2 44 
2 73 
2 172 
2 52 
2 53 
2 25 
2 78 
2 67 
2 121 
2 40 
2 154 
2 132 
2 131 
2 115 
2 185 
2 165 
2 9 
2 36 
2 124 
2 148 
2 21 
2 168 
2 85 
2 157 
2 130 
2 167 
2 66 
2 32 
2 64 
2 61 
2 180 
2 98 
2 38 
2 171 
2 181 
2 84 
2 12 
2 42 
2 159 
2 150 
2 30 
2 49 
2 100 
2 37 
2 56 
2 139 
2 69 
2 178 
2 104 
2 179 
2 190 
2 164 
2 80 
2 187 
2 48 
2 62 
2 160 
2 29 
2 103 
2 16 
2 5 
2 141 
2 177 
2 127 
2 151 
2 83 
2 26 
2 95 
2 119 
2 10 
2 89 
2 113 
2 11 
3 112 
3 4 
3 111 
3 138 
3 88 
3 36 
3 57 
3 133 
3 80 
3 51 
3 158 
3 21 
3 128 
3 110 
3 41 
3 121 
3 146 
3 29 
3 19 
3 183 
3 140 
3 109 
3 90 
3 59 
3 98 
3 2 
3 11 
3 23 
3 94 
3 119 
3 141 
3 78 
3 58 
3 95 
3 191 
3 120 
3 77 
3 60 
3 37 
3 39 
3 154 
3 179 
3 163 
3 143 
3 32 
3 132 
3 15 
3 182 
3 116 
3 166 
3 1 
3 104 
3 34 
3 190 
3 152 
3 84 
3 164 
3 18 
3 66 
3 92 
3 45 
3 189 
3 127 
3 150 
3 187 
3 46 
3 169 
3 33 
3 102 
3 8 
3 117 
3 162 
3 35 
3 55 
3 22 
3 153 
3 93 
3 65 
3 136 
3 148 
3 171 
3 47 
3 56 
3 43 
3 113 
3 53 
3 99 
3 130 
3 64 
3 31 
3 86 
3 6 
3 177 
3 42 
3 67 
3 149 
3 72 
3 131 
3 125 
3 155 
3 97 
3 126 
3 105 
3 87 
3 124 
3 178 
3 118 
3 83 
3 70 
3 89 
3 167 
3 73 
3 61 
3 96 
3 170 
3 81 
3 82 
3 69 
3 27 
3 101 
3 91 
3 50 
3 123 
3 188 
3 134 
3 107 
3 9 
3 62 
3 174 
3 10 
3 0 
3 100 
3 103 
3 74 
3 16 
3 165 
3 24 
4 3 
4 80 
4 2 
4 87 
4 62 
4 61 
4 191 
4 71 
4 41 
4 164 
4 152 
4 175 
4 139 
4 28 
4 19 
4 64 
4 161 
4 11 
4 153 
4 38 
4 155 
4 133 
4 184 
4 183 
4 136 
4 0 
4 158 
4 13 
4 165 
4 66 
4 109 
4 163 
4 72 
4 47 
4 36 
4 97 
4 142 
4 21 
4 73 
4 48 
4 103 
4 190 
4 173 
4 171 
4 34 
4 76 
4 95 
4 30 
4 150 
4 135 
4 108 
4 92 
4 5 
4 127 
4 102 
4 110 
4 105 
4 81 
4 16 
4 43 
4 144 
4 157 
4 126 
4 96 
4 119 
4 182 
4 35 
4 177 
4 181 
4 145 
4 162 
4 116 
4 186 
4 82 
4 33 
4 170 
4 111 
4 55 
4 86 
4 9 
4 89 
4 59 
4 180 
4 174 
4 156 
4 65 
4 187 
4 15 
4 172 
4 112 
4 68 
4 143 
4 134 
4 124 
4 166 
4 85 
4 121 
4 117 
4 26 
4 52 
4 154 
4 49 
4 20 
4 60 
4 120 
4 63 
4 176 
4 44 
4 147 
4 7 
4 104 
4 128 
4 159 
4 77 
4 91 
4 27 
4 39 
4 178 
4 57 
4 78 
4 17 
4 98 
4 107 
4 8 
4 56 
4 69 
4 79 
4 10 
4 94 
4 40 
4 130 
4 58 
4 29 
4 42 
4 160 
4 24 
4 32 
4 50 
4 90 
4 37 
4 99 
4 138 
4 188 
4 22 
4 6 
4 169 
5 82 
5 64 
5 76 
5 22 
5 191 
5 12 
5 117 
5 17 
5 59 
5 184 
5 63 
5 137 
5 106 
5 173 
5 96 
5 13 
5 163 
5 41 
5 135 
5 130 
5 25 
5 49 
5 189 
5 167 
5 91 
5 123 
5 118 
5 162 
5 33 
5 127 
5 178 
5 56 
5 9 
5 57 
5 28 
5 11 
5 140 
5 52 
5 87 
5 147 
5 180 
5 149 
5 138 
5 95 
5 164 
5 30 
5 111 
5 108 
5 44 
5 175 
5 155 
5 185 
5 31 
5 104 
5 188 
5 51 
5 4 
5 100 
5 36 
5 105 
5 128 
5 24 
5 16 
5 32 
5 47 
5 60 
5 34 
5 86 
5 183 
5 165 
5 90 
5 109 
5 176 
5 99 
5 75 
5 159 
5 132 
5 161 
5 94 
5 177 
5 70 
5 89 
5 15 
5 35 
5 39 
5 37 
5 153 
5 142 
5 18 
5 80 
5 146 
5 181 
5 53 
5 112 
5 1 
5 65 
5 190 
5 179 
5 77 
5 8 
5 7 
5 119 
5 144 
5 21 
5 26 
5 19 
5 103 
5 101 
5 169 
5 46 
5 78 
5 93 
5 62 
5 174 
5 151 
5 92 
5 143 
5 73 
5 6 
5 72 
5 172 
5 43 
5 157 
5 97 
5 152 
5 115 
5 83 
5 126 
5 2 
5 114 
5 71 
5 156 
5 67 
5 121 
5 74 
5 113 
5 129 
5 20 
5 45 
5 102 
5 23 
5 27 
5 61 
5 182 
5 55 
5 42 
5 54 
6 86 
6 138 
6 175 
6 161 
6 160 
6 45 
6 38 
6 108 
6 129 
6 11 
6 110 
6 49 
6 36 
6 8 
6 154 
6 135 
6 146 
6 87 
6 75 
6 62 
6 120 
6 65 
6 18 
6 149 
6 76 
6 17 
6 81 
6 158 
6 91 
6 105 
6 122 
6 112 
6 190 
6 127 
6 103 
6 61 
6 168 
6 134 
6 133 
6 85 
6 147 
6 187 
6 34 
6 106 
6 148 
6 20 
6 29 
6 74 
6 180 
6 26 
6 89 
6 140 
6 66 
6 83 
6 111 
6 153 
6 123 
6 80 
6 137 
6 9 
6 97 
6 21 
6 116 
6 189 
6 117 
6 2 
6 52 
6 92 
6 63 
6 53 
6 42 
6 177 
6 50 
6 59 
6 191 
6 132 
6 69 
6 90 
6 43 
6 100 
6 139 
6 185 
6 40 
6 19 
6 54 
6 51 
6 58 
6 14 
6 124 
6 72 
6 155 
6 101 
6 142 
6 104 
6 125 
6 0 
6 48 
6 24 
6 186 
6 166 
6 3 
6 131 
6 136 
6 15 
6 179 
6 145 
6 64 
6 41 
6 25 
6 174 
6 5 
6 46 
6 188 
6 23 
6 164 
6 37 
6 73 
6 10 
6 12 
6 39 
6 68 
6 84 
6 167 
6 33 
6 67 
6 60 
6 35 
6 183 
6 107 
6 16 
6 114 
6 82 
6 121 
6 172 
6 94 
6 128 
6 30 
6 96 
6 78 
6 4 
6 95 
7 178 
7 99 
7 189 
7 53 
7 191 
7 25 
7 133 
7 181 
7 73 
7 50 
7 174 
7 115 
7 114 
7 162 
7 104 
7 41 
7 137 
7 16 
7 33 
7 97 
7 43 
7 80 
7 150 
7 29 
7 52 
7 74 
7 58 
7 59 
7 42 
7 124 
7 119 
7 67 
7 32 
7 182 
7 149 
7 122 
7 154 
7 160 
7 190 
7 169 
7 37 
7 105 
7 123 
7 136 
7 57 
7 118 
7 9 
7 176 
7 148 
7 11 
7 177 
7 179 
7 96 
7 56 
7 107 
7 78 
7 112 
7 156 
7 79 
7 138 
7 110 
7 153 
7 163 
7 103 
7 101 
7 44 
7 35 
7 64 
7 66 
7 171 
7 48 
7 76 
7 72 
7 158 
7 100 
7 95 
7 92 
7 145 
7 51 
7 175 
7 188 
7 65 
7 144 
7 135 
7 36 
7 159 
7 116 
7 91 
7 40 
7 168 
7 86 
7 26 
7 130 
7 132 
7 172 
7 0 
7 98 
7 186 
7 12 
7 77 
7 87 
7 5 
7 152 
7 17 
7 113 
7 71 
7 106 
7 102 
7 139 
7 34 
7 15 
7 185 
7 27 
7 4 
7 167 
7 49 
7 75 
7 60 
7 93 
7 68 
7 88 
7 69 
7 62 
7 90 
7 70 
7 161 
7 1 
7 128 
7 46 
7 38 
7 10 
7 170 
7 184 
7 89 
7 13 
7 109 
7 142 
7 187 
7 28 
7 30 
7 157 
7 18 
7 166 
7 85 
7 14 
7 129 
7 81 
7 82 
7 61 
8 41 
8 143 
8 104 
8 113 
8 37 
8 114 
8 0 
8 170 
8 160 
8 185 
8 159 
8 58 
8 66 
8 109 
8 51 
8 6 
8 9 
8 168 
8 94 
8 120 
8 1 
8 176 
8 127 
8 82 
8 14 
8 81 
8 125 
8 149 
8 157 
8 116 
8 101 
8 2 
8 42 
8 63 
8 102 
8 118 
8 182 
8 123 
8 67 
8 99 
8 161 
8 190 
8 32 
8 43 
8 46 
8 71 
8 26 
8 175 
8 178 
8 44 
8 97 
8 145 
8 45 
8 132 
8 89 
8 110 
8 3 
8 112 
8 25 
8 80 
8 35 
8 20 
8 107 
8 50 
8 85 
8 18 
8 172 
8 61 
8 17 
8 138 
8 13 
8 40 
8 177 
8 134 
8 47 
8 73 
8 183 
8 152 
8 188 
8 10 
8 117 
8 155 
8 86 
8 119 
8 5 
8 167 
8 187 
8 19 
8 16 
8 60 
8 137 
8 65 
8 173 
8 11 
8 52 
8 88 
8 31 
8 171 
8 90 
8 77 
8 128 
8 108 
8 4 
8 62 
8 191 
8 166 
8 54 
8 22 
8 39 
8 174 
8 115 
8 72 
8 144 
8 29 
8 184 
8 36 
8 53 
8 162 
8 83 
8 74 
8 64 
8 96 
8 140 
8 69 
8 103 
8 28 
8 105 
8 84 
8 55 
8 139 
8 129 
8 111 
8 148 
8 38 
8 165 
8 21 
8 15 
8 33 
8 181 
8 147 
8 57 
9 176 
9 180 
9 47 
9 52 
9 105 
9 106 
9 103 
9 54 
9 28 
9 8 
9 183 
9 149 
9 113 
9 68 
9 147 
9 70 
9 187 
9 138 
9 21 
9 174 
9 18 
9 171 
9 181 
9 94 
9 5 
9 109 
9 167 
9 67 
9 157 
9 117 
9 76 
9 165 
9 173 
9 7 
9 112 
9 75 
9 63 
9 136 
9 156 
9 40 
9 162 
9 48 
9 6 
9 50 
9 22 
9 184 
9 182 
9 129 
9 96 
9 86 
9 164 
9 158 
9 39 
9 1 
9 15 
9 128 
9 53 
9 29 
9 69 
9 61 
9 186 
9 4 
9 74 
9 107 
9 160 
9 151 
9 114 
9 142 
9 36 
9 121 
9 60 
9 10 
9 124 
9 14 
9 132 
9 20 
9 2 
9 90 
9 123 
9 131 
9 119 
9 104 
9 118 
9 148 
9 125 
9 17 
9 33 
9 95 
9 191 
9 84 
9 139 
9 110 
9 64 
9 25 
9 166 
9 0 
9 189 
9 83 
9 45 
9 177 
9 92 
9 26 
9 77 
9 24 
9 62 
9 19 
9 85 
9 122 
9 163 
9 188 
9 88 
9 99 
9 145 
9 101 
9 44 
9 42 
9 108 
9 146 
9 41 
9 169 
9 3 
9 55 
9 51 
9 115 
9 168 
9 46 
9 79 
9 16 
9 143 
9 161 
9 170 
9 155 
9 66 
9 11 
10 97 
10 28 
10 121 
10 168 
10 81 
10 70 
10 12 
10 103 
10 162 
10 20 
10 105 
10 78 
10 144 
10 61 
10 37 
10 165 
10 79 
10 65 
10 145 
10 185 
10 171 
10 58 
10 153 
10 172 
10 110 
10 14 
10 88 
10 53 
10 143 
10 62 
10 182 
10 74 
10 68 
10 108 
10 146 
10 73 
10 60 
10 18 
10 137 
10 63 
10 57 
10 0 
10 11 
10 122 
10 133 
10 83 
10 181 
10 95 
10 175 
10 38 
10 21 
10 100 
10 124 
10 47 
10 179 
10 98 
10 31 
10 67 
10 23 
10 164 
10 55 
10 126 
10 118 
10 26 
10 90 
10 139 
10 138 
10 132 
10 91 
10 99 
10 36 
10 56 
10 34 
10 187 
10 159 
10 186 
10 84 
10 50 
10 9 
10 45 
10 107 
10 39 
10 177 
10 152 
10 54 
10 87 
10 8 
10 89 
10 158 
10 191 
10 49 
10 127 
10 112 
10 106 
10 40 
10 142 
10 178 
10 156 
10 101 
10 66 
10 155 
10 104 
10 94 
10 35 
10 169 
10 176 
10 19 
10 117 
10 80 
10 130 
10 41 
10 116 
10 113 
10 167 
10 7 
10 6 
10 4 
10 120 
10 27 
10 141 
10 17 
10 24 
10 188 
10 72 
10 3 
10 33 
10 2 
10 15 
10 82 
10 134 
10 166 
10 48 
10 184 
10 59 
10 125 
10 183 
10 96 
10 46 
10 180 
10 111 
10 128 
10 135 
10 174 
10 51 
10 147 
11 95 
11 23 
11 0 
11 98 
11 102 
11 84 
11 14 
11 26 
11 97 
11 148 
11 40 
11 19 
11 6 
11 153 
11 101 
11 185 
11 63 
11 187 
11 44 
11 181 
11 20 
11 4 
11 92 
11 79 
11 180 
11 88 
11 189 
11 190 
11 118 
11 58 
11 134 
11 119 
11 182 
11 46 
11 89 
11 5 
11 3 
11 159 
11 125 
11 166 
11 35 
11 13 
11 90 
11 133 
11 38 
11 172 
11 51 
11 105 
11 122 
11 138 
11 167 
11 7 
11 77 
11 112 
11 17 
11 34 
11 10 
11 70 
11 178 
11 18 
11 141 
11 191 
11 176 
11 120 
11 71 
11 145 
11 104 
11 164 
11 21 
11 175 
11 76 
11 99 
11 33 
11 137 
11 94 
11 149 
11 24 
11 113 
11 54 
11 132 
11 117 
11 127 
11 152 
11 72 
11 183 
11 37 
11 186 
11 85 
11 146 
11 73 
11 32 
11 87 
11 115 
11 174 
11 179 
11 56 
11 45 
11 170 
11 143 
11 31 
11 49 
11 116 
11 50 
11 74 
11 144 
11 131 
11 93 
11 129 
11 109 
11 142 
11 100 
11 43 
11 121 
11 27 
11 65 
11 8 
11 60 
11 80 
11 106 
11 57 
11 162 
11 157 
11 140 
11 69 
11 168 
11 177 
11 124 
11 110 
11 108 
11 156 
11 151 
11 66 
11 25 
11 155 
11 1 
11 82 
11 126 
11 64 
11 22 
11 130 
11 55 
11 29 
11 41 
11 2 
11 9 
11 114 
11 68 
12 5 
12 91 
12 28 
12 10 
12 97 
12 76 
12 93 
12 26 
12 89 
12 137 
12 39 
12 43 
12 23 
12 45 
12 190 
12 117 
12 172 
12 156 
12 52 
12 40 
12 92 
12 191 
12 95 
12 47 
12 72 
12 81 
12 116 
12 57 
12 58 
12 163 
12 166 
12 70 
12 119 
12 131 
12 13 
12 0 
12 149 
12 106 
12 42 
12 38 
12 105 
12 168 
12 123 
12 187 
12 18 
12 66 
12 111 
12 99 
12 132 
12 185 
12 21 
12 143 
12 140 
12 155 
12 177 
12 147 
12 138 
12 108 
12 44 
12 31 
12 157 
12 54 
12 182 
12 107 
12 29 
12 15 
12 80 
12 102 
12 75 
12 184 
12 115 
12 53 
12 60 
12 145 
12 176 
12 152 
12 142 
12 170 
12 98 
12 125 
12 110 
12 150 
12 19 
12 175 
12 32 
12 101 
12 34 
12 109 
12 159 
12 133 
12 33 
12 85 
12 7 
12 112 
12 17 
12 86 
12 173 
12 16 
12 35 
12 2 
12 64 
12 49 
12 62 
12 124 
12 162 
12 22 
12 174 
12 73 
12 160 
12 164 
12 121 
12 94 
12 6 
12 178 
12 77 
12 171 
12 179 
12 25 
12 46 
12 113 
12 36 
12 51 
12 100 
12 135 
12 84 
12 134 
12 65 
12 169 
12 20 
12 141 
12 59 
12 78 
12 122 
12 181 
12 87 
12 167 
12 127 
12 83 
12 96 
12 120 
12 74 
12 24 
13 74 
13 105 
13 188 
13 114 
13 119 
13 31 
13 43 
13 157 
13 182 
13 138 
13 185 
13 163 
13 20 
13 59 
13 5 
13 106 
13 14 
13 132 
13 121 
13 35 
13 64 
13 27 
13 49 
13 58 
13 110 
13 122 
13 102 
13 22 
13 4 
13 149 
13 158 
13 54 
13 30 
13 67 
13 186 
13 92 
13 135 
13 133 
13 129 
13 107 
13 66 
13 113 
13 155 
13 65 
13 91 
13 147 
13 17 
13 126 
13 103 
13 11 
13 12 
13 79 
13 21 
13 116 
13 81 
13 29 
13 96 
13 171 
13 44 
13 62 
13 161 
13 28 
13 53 
13 145 
13 71 
13 153 
13 190 
13 38 
13 184 
13 55 
13 108 
13 63 
13 146 
13 142 
13 33 
13 45 
13 123 
13 26 
13 85 
13 39 
13 34 
13 8 
13 178 
13 78 
13 164 
13 47 
13 42 
13 179 
13 120 
13 175 
13 104 
13 72 
13 167 
13 16 
13 57 
13 162 
13 51 
13 131 
13 166 
13 187 
13 151 
13 61 
13 19 
13 60 
13 56 
13 1 
13 156 
13 7 
13 32 
13 111 
13 118 
13 93 
13 181 
13 87 
13 136 
13 83 
13 77 
13 189 
13 46 
13 41 
13 97 
13 40 
13 112 
13 73 
13 24 
13 99 
13 128 
13 94 
13 144 
13 172 
13 23 
13 90 
14 135 
14 41 
14 154 
14 24 
14 160 
14 74 
14 11 
14 64 
14 163 
14 40 
14 20 
14 144 
14 52 
14 124 
14 91 
14 146 
14 187 
14 120 
14 13 
14 114 
14 172 
14 150 
14 50 
14 176 
14 186 
14 157 
14 153 
14 77 
14 189 
14 30 
14 179 
14 97 
14 57 
14 8 
14 19 
14 113 
14 10 
14 39 
14 136 
14 128 
14 55 
14 118 
14 142 
14 26 
14 100 
14 133 
14 170 
14 140 
14 54 
14 119 
14 44 
14 81 
14 66 
14 2 
14 180 
14 95 
14 169 
14 32 
14 83 
14 86 
14 141 
14 47 
14 116 
14 90 
14 115 
14 22 
14 190 
14 18 
14 188 
14 63 
14 84 
14 171 
14 23 
14 59 
14 111 
14 191 
14 110 
14 15 
14 129 
14 88 
14 138 
14 106 
14 34 
14 21 
14 28 
14 184 
14 58 
14 162 
14 61 
14 107 
14 9 
14 132 
14 112 
14 123 
14 17 
14 42 
14 151 
14 147 
14 6 
14 148 
14 108 
14 152 
14 166 
14 36 
14 122 
14 27 
14 16 
14 165 
14 143 
14 87 
14 173 
14 89 
14 46 
14 29 
14 156 
14 85 
14 185 
14 53 
14 175 
14 37 
14 1 
14 177 
14 67 
14 102 
14 159 
14 43 
14 72 
14 161 
14 149 
14 131 
14 103 
14 79 
14 178 
14 82 
14 155 
14 126 
14 25 
14 7 
14 31 
14 145 
14 80 
14 78 
14 33 
15 107 
15 132 
15 23 
15 72 
15 154 
15 33 
15 2 
15 128 
15 137 
15 159 
15 56 
15 181 
15 95 
15 70 
15 110 
15 144 
15 82 
15 42 
15 38 
15 60 
15 83 
15 91 
15 18 
15 143 
15 74 
15 69 
15 89 
15 170 
15 43 
15 77 
15 141 
15 92 
15 116 
15 168 
15 62 
15 86 
15 24 
15 173 
15 79 
15 158 
15 135 
15 51 
15 184 
15 21 
15 166 
15 3 
15 106 
15 57 
15 167 
15 130 
15 64 
15 34 
15 188 
15 156 
15 66 
15 119 
15 27 
15 104 
15 40 
15 16 
15 189 
15 12 
15 140 
15 20 
15 145 
15 9 
15 99 
15 161 
15 93 
15 14 
15 47 
15 101 
15 134 
15 59 
15 163 
15 5 
15 76 
15 169 
15 44 
15 4 
15 49 
15 30 
15 187 
15 63 
15 81 
15 177 
15 109 
15 48 
15 150 
15 117 
15 103 
15 162 
15 50 
15 61 
15 178 
15 32 
15 25 
15 6 
15 94 
15 7 
15 121 
15 71 
15 152 
15 65 
15 182 
15 46 
15 146 
15 123 
15 185 
15 55 
15 96 
15 176 
15 155 
15 186 
15 112 
15 73 
15 1 
15 36 
15 80 
15 31 
15 133 
15 175 
15 151 
15 120 
15 138 
15 35 
15 100 
15 84 
15 102 
15 148 
15 183 
15 118 
15 147 
15 10 
15 41 
15 28 
15 98 
15 129 
15 164 
15 39 
15 19 
15 139 
15 124 
15 8 
15 115 
15 149 
16 168 
16 24 
16 37 
16 88 
16 135 
16 27 
16 104 
16 17 
16 191 
16 50 
16 1 
16 106 
16 97 
16 7 
16 79 
16 78 
16 66 
16 83 
16 177 
16 102 
16 93 
16 21 
16 61 
16 164 
16 126 
16 121 
16 185 
16 125 
16 86 
16 54 
16 171 
16 181 
16 158 
16 170 
16 80 
16 108 
16 87 
16 42 
16 44 
16 178 
16 63 
16 190 
16 101 
16 146 
16 147 
16 25 
16 67 
16 159 
16 132 
16 136 
16 75 
16 51 
16 4 
16 5 
16 154 
16 167 
16 59 
16 19 
16 189 
16 85 
16 15 
16 72 
16 26 
16 98 
16 139 
16 149 
16 186 
16 82 
16 74 
16 90 
16 28 
16 120 
16 45 
16 13 
16 30 
16 148 
16 34 
16 161 
16 145 
16 176 
16 119 
16 14 
16 140 
16 8 
16 46 
16 12 
16 129 
16 111 
16 68 
16 36 
16 162 
16 22 
16 117 
16 141 
16 96 
16 130 
16 179 
16 153 
16 73 
16 137 
16 150 
16 32 
16 142 
16 62 
16 175 
16 89 
16 174 
16 2 
16 23 
16 112 
16 64 
16 52 
16 131 
16 6 
16 172 
16 0 
16 18 
16 60 
16 182 
16 33 
16 180 
16 3 
16 39 
16 157 
16 144 
16 151 
16 9 
16 77 
16 124 
16 38 
16 35 
16 122 
17 61 
17 100 
17 79 
17 162 
17 141 
17 147 
17 56 
17 60 
17 54 
17 5 
17 18 
17 16 
17 176 
17 45 
17 128 
17 131 
17 143 
17 62 
17 83 
17 119 
17 73 
17 136 
17 122 
17 67 
17 145 
17 152 
17 6 
17 160 
17 155 
17 121 
17 23 
17 123 
17 177 
17 168 
17 169 
17 48 
17 0 
17 27 
17 90 
17 159 
17 164 
17 137 
17 13 
17 52 
17 47 
17 172 
17 185 
17 113 
17 133 
17 24 
17 37 
17 28 
17 191 
17 11 
17 118 
17 32 
17 58 
17 125 
17 170 
17 20 
17 138 
17 182 
17 188 
17 134 
17 184 
17 80 
17 1 
17 65 
17 156 
17 30 
17 34 
17 55 
17 33 
17 2 
17 181 
17 165 
17 111 
17 44 
17 51 
17 106 
17 69 
17 140 
17 26 
17 89 
17 8 
17 175 
17 38 
17 178 
17 149 
17 76 
17 14 
17 180 
17 29 
17 50 
17 153 
17 66 
17 41 
17 53 
17 22 
17 43 
17 21 
17 7 
17 39 
17 9 
17 12 
17 101 
17 40 
17 107 
17 115 
17 173 
17 74 
17 35 
17 186 
17 144 
17 63 
17 98 
17 163 
17 75 
17 70 
17 116 
17 139 
17 146 
17 154 
17 78 
17 4 
17 77 
17 108 
17 96 
17 93 
17 94 
17 10 
17 87 
17 71 
17 117 
17 81 
17 158 
17 25 
17 157 
17 127 
17 166 
17 42 
17 95 
17 126 
17 104 
17 183 
17 68 
18 91 
18 104 
18 56 
18 17 
18 39 
18 138 
18 99 
18 135 
18 157 
18 169 
18 100 
18 117 
18 159 
18 89 
18 147 
18 86 
18 155 
18 57 
18 58 
18 149 
18 190 
18 112 
18 83 
18 69 
18 170 
18 150 
18 109 
18 6 
18 54 
18 129 
18 72 
18 95 
18 15 
18 23 
18 87 
18 128 
18 122 
18 9 
18 180 
18 142 
18 107 
18 62 
18 162 
18 136 
18 108 
18 65 
18 105 
18 52 
18 66 
18 81 
18 10 
18 113 
18 165 
18 12 
18 97 
18 0 
18 131 
18 110 
18 191 
18 11 
18 28 
18 3 
18 119 
18 55 
18 2 
18 156 
18 175 
18 171 
18 14 
18 103 
18 124 
18 74 
18 1 
18 183 
18 88 
18 38 
18 24 
18 177 
18 143 
18 101 
18 79 
18 8 
18 70 
18 73 
18 118 
18 132 
18 22 
18 5 
18 153 
18 36 
18 32 
18 53 
18 125 
18 148 
18 116 
18 186 
18 161 
18 47 
18 144 
18 33 
18 102 
18 174 
18 106 
18 164 
18 120 
18 166 
18 152 
18 181 
18 43 
18 76 
18 45 
18 50 
18 59 
18 123 
18 82 
18 137 
18 140 
18 25 
18 176 
18 189 
18 92 
18 146 
18 78 
18 51 
18 145 
18 127 
18 141 
18 26 
18 85 
18 158 
18 77 
18 29 
18 68 
18 134 
18 20 
18 16 
18 130 
18 48 
18 71 
18 67 
18 7 
18 19 
18 179 
18 111 
18 93 
18 64 
18 163 
18 187 
18 37 
19 170 
19 112 
19 123 
19 98 
19 183 
19 1 
19 51 
19 11 
19 127 
19 190 
19 160 
19 83 
19 2 
19 33 
19 119 
19 29 
19 4 
19 145 
19 177 
19 124 
19 3 
19 35 
19 156 
19 14 
19 141 
19 125 
19 135 
19 130 
19 84 
19 107 
19 86 
19 32 
19 88 
19 155 
19 146 
19 73 
19 122 
19 99 
19 187 
19 78 
19 115 
19 26 
19 159 
19 106 
19 25 
19 0 
19 39 
19 163 
19 191 
19 126 
19 147 
19 186 
19 69 
19 158 
19 22 
19 52 
19 82 
19 161 
19 151 
19 162 
19 110 
19 16 
19 21 
19 157 
19 75 
19 101 
19 48 
19 109 
19 28 
19 65 
19 118 
19 37 
19 95 
19 50 
19 56 
19 153 
19 68 
19 114 
19 53 
19 152 
19 62 
19 154 
19 46 
19 70 
19 41 
19 180 
19 169 
19 6 
19 12 
19 44 
19 96 
19 136 
19 43 
19 108 
19 117 
19 144 
19 45 
19 40 
19 8 
19 142 
19 5 
19 148 
19 80 
19 42 
19 91 
19 13 
19 129 
19 172 
19 181 
19 66 
19 143 
19 137 
19 79 
19 31 
19 171 
19 55 
19 9 
19 168 
19 54 
19 36 
19 10 
19 100 
19 92 
19 185 
19 179 
19 30 
19 166 
19 90 
19 182 
19 131 
19 167 
19 87 
19 128 
19 165 
19 174 
19 27 
19 18 
19 133 
19 15 
19 103 
19 67 
19 60 
19 120 
20 124 
20 168 
20 184 
20 126 
20 57 
20 14 
20 58 
20 144 
20 128 
20 156 
20 45 
20 37 
20 10 
20 59 
20 13 
20 119 
20 178 
20 106 
20 11 
20 142 
20 171 
20 62 
20 51 
20 22 
20 134 
20 38 
20 145 
20 87 
20 172 
20 34 
20 0 
20 173 
20 33 
20 139 
20 30 
20 63 
20 39 
20 154 
20 90 
20 170 
20 71 
20 6 
20 101 
20 125 
20 120 
20 107 
20 130 
20 166 
20 98 
20 55 
20 40 
20 72 
20 17 
20 49 
20 31 
20 99 
20 135 
20 109 
20 95 
20 100 
20 67 
20 191 
20 82 
20 75 
20 48 
20 29 
20 151 
20 111 
20 105 
20 73 
20 182 
20 36 
20 50 
20 15 
20 79 
20 181 
20 76 
20 25 
20 8 
20 102 
20 129 
20 91 
20 141 
20 104 
20 140 
20 157 
20 162 
20 32 
20 84 
20 41 
20 89 
20 146 
20 108 
20 9 
20 110 
20 164 
20 169 
20 185 
20 92 
20 121 
20 4 
20 97 
20 44 
20 137 
20 23 
20 183 
20 69 
20 27 
20 114 
20 143 
20 43 
20 42 
20 153 
20 177 
20 116 
20 96 
20 78 
20 47 
20 175 
20 152 
20 65 
20 133 
20 74 
20 54 
20 148 
20 94 
20 86 
20 68 
20 12 
20 18 
20 115 
20 24 
20 5 
20 165 
20 180 
20 83 
20 174 
20 179 
20 53 
20 1 
20 113 
21 78 
21 168 
21 40 
21 179 
21 139 
21 145 
21 161 
21 91 
21 166 
21 96 
21 85 
21 35 
21 32 
21 26 
21 3 
21 89 
21 122 
21 44 
21 16 
21 159 
21 70 
21 94 
21 134 
21 146 
21 9 
21 92 
21 108 
21 170 
21 154 
21 1 
21 117 
21 178 
21 177 
21 163 
21 75 
21 133 
21 4 
21 73 
21 124 
21 141 
21 57 
21 172 
21 112 
21 13 
21 165 
21 77 
21 125 
21 15 
21 48 
21 69 
21 12 
21 33 
21 10 
21 111 
21 116 
21 72 
21 174 
21 88 
21 6 
21 29 
21 82 
21 83 
21 11 
21 43 
21 37 
21 23 
21 150 
21 19 
21 99 
21 103 
21 152 
21 151 
21 176 
21 147 
21 138 
21 46 
21 186 
21 0 
21 58 
21 175 
21 14 
21 25 
21 81 
21 156 
21 45 
21 105 
21 187 
21 149 
21 127 
21 2 
21 185 
21 153 
21 169 
21 164 
21 38 
21 55 
21 17 
21 30 
21 121 
21 34 
21 5 
21 31 
21 90 
21 120 
21 66 
21 102 
21 97 
21 140 
21 24 
21 135 
21 162 
21 59 
21 171 
21 76 
21 158 
21 180 
21 131 
21 22 
21 188 
21 80 
21 106 
21 68 
21 189 
21 137 
21 53 
21 109 
21 144 
21 143 
21 84 
21 71 
21 101 
21 115 
21 126 
21 184 
21 47 
21 79 
21 8 
21 191 
21 190 
21 181 
21 63 
22 176 
22 39 
22 5 
22 119 
22 108 
22 189 
22 25 
22 178 
22 57 
22 135 
22 169 
22 141 
22 140 
22 183 
22 117 
22 102 
22 45 
22 90 
22 2 
22 91 
22 20 
22 30 
22 24 
22 103 
22 170 
22 123 
22 13 
22 113 
22 65 
22 51 
22 157 
22 159 
22 164 
22 114 
22 95 
22 101 
22 37 
22 168 
22 133 
22 49 
22 155 
22 56 
22 80 
22 26 
22 142 
22 89 
22 167 
22 33 
22 146 
22 115 
22 150 
22 128 
22 46 
22 71 
22 41 
22 120 
22 9 
22 125 
22 19 
22 163 
22 147 
22 34 
22 156 
22 61 
22 28 
22 154 
22 130 
22 76 
22 100 
22 174 
22 162 
22 14 
22 86 
22 77 
22 54 
22 104 
22 78 
22 173 
22 148 
22 153 
22 88 
22 43 
22 1 
22 99 
22 3 
22 181 
22 106 
22 172 
22 160 
22 44 
22 18 
22 84 
22 93 
22 98 
22 32 
22 52 
22 131 
22 60 
22 136 
22 17 
22 53 
22 124 
22 149 
22 132 
22 87 
22 145 
22 16 
22 67 
22 137 
22 50 
22 129 
22 188 
22 70 
22 12 
22 36 
22 21 
22 96 
22 191 
22 73 
22 42 
22 8 
22 97 
22 85 
22 68 
22 112 
22 122 
22 151 
22 184 
22 116 
22 81 
22 144 
22 107 
22 11 
22 182 
22 152 
22 35 
22 186 
22 138 
22 127 
22 48 
22 4 
22 38 
22 55 
23 90 
23 11 
23 97 
23 15 
23 39 
23 136 
23 31 
23 52 
23 103 
23 50 
23 0 
23 88 
23 138 
23 77 
23 12 
23 121 
23 155 
23 18 
23 95 
23 2 
23 188 
23 17 
23 126 
23 3 
23 173 
23 131 
23 46 
23 91 
23 45 
23 129 
23 133 
23 145 
23 166 
23 54 
23 123 
23 169 
23 28 
23 171 
23 115 
23 149 
23 99 
23 80 
23 153 
23 180 
23 135 
23 79 
23 82 
23 176 
23 44 
23 10 
23 183 
23 21 
23 29 
23 151 
23 158 
23 111 
23 109 
23 112 
23 14 
23 94 
23 160 
23 71 
23 139 
23 181 
23 40 
23 144 
23 165 
23 55 
23 87 
23 42 
23 146 
23 132 
23 98 
23 114 
23 38 
23 147 
23 73 
23 142 
23 117 
23 30 
23 124 
23 70 
23 63 
23 187 
23 96 
23 51 
23 186 
23 67 
23 20 
23 191 
23 164 
23 43 
23 35 
23 110 
23 56 
23 66 
23 134 
23 130 
23 177 
23 168 
23 76 
23 143 
23 137 
23 6 
23 68 
23 156 
23 102 
23 163 
23 127 
23 34 
23 101 
23 170 
23 25 
23 125 
23 84 
23 93 
23 16 
23 89 
23 105 
23 159 
23 65 
23 162 
23 150 
23 62 
23 119 
23 49 
23 37 
23 122 
23 184 
23 120 
23 5 
23 157 
23 86 
23 108 
23 13 
23 118 
23 104 
24 165 
24 185 
24 16 
24 14 
24 131 
24 49 
24 39 
24 37 
24 177 
24 68 
24 64 
24 67 
24 117 
24 71 
24 110 
24 155 
24 28 
24 96 
24 120 
24 22 
24 116 
24 162 
24 76 
24 104 
24 41 
24 35 
24 55 
24 26 
24 112 
24 151 
24 77 
24 179 
24 124 
24 1 
24 78 
24 17 
24 30 
24 84 
24 15 
24 152 
24 29 
24 190 
24 95 
24 111 
24 92 
24 81 
24 101 
24 137 
24 91 
24 142 
24 164 
24 88 
24 5 
24 113 
24 94 
24 32 
24 145 
24 146 
24 50 
24 170 
24 75 
24 11 
24 107 
24 18 
24 2 
24 72 
24 130 
24 156 
24 133 
24 46 
24 25 
24 123 
24 129 
24 0 
24 44 
24 141 
24 109 
24 135 
24 106 
24 160 
24 121 
24 73 
24 43 
24 144 
24 180 
24 105 
24 6 
24 100 
24 34 
24 188 
24 62 
24 139 
24 158 
24 161 
24 169 
24 102 
24 87 
24 115 
24 82 
24 51 
24 21 
24 186 
24 45 
24 174 
24 9 
24 42 
24 128 
24 79 
24 53 
24 167 
24 163 
24 38 
24 181 
24 184 
24 65 
24 83 
24 127 
24 69 
24 89 
24 114 
24 47 
24 103 
24 191 
24 10 
24 80 
24 171 
24 20 
24 4 
24 40 
24 168 
24 13 
24 3 
24 59 
24 66 
24 143 
24 159 
24 93 
24 12 
25 151 
25 55 
25 98 
25 7 
25 90 
25 76 
25 174 
25 73 
25 22 
25 84 
25 113 
25 65 
25 75 
25 47 
25 128 
25 161 
25 5 
25 81 
25 123 
25 173 
25 67 
25 62 
25 167 
25 158 
25 68 
25 108 
25 110 
25 180 
25 46 
25 86 
25 60 
25 35 
25 134 
25 30 
25 154 
25 138 
25 165 
25 64 
25 72 
25 19 
25 16 
25 95 
25 184 
25 1 
25 89 
25 131 
25 181 
25 102 
25 97 
25 157 
25 44 
25 141 
25 56 
25 129 
25 179 
25 149 
25 163 
25 117 
25 143 
25 8 
25 20 
25 77 
25 112 
25 28 
25 160 
25 2 
25 85 
25 83 
25 191 
25 21 
25 24 
25 43 
25 27 
25 50 
25 104 
25 96 
25 100 
25 74 
25 57 
25 188 
25 70 
25 148 
25 139 
25 105 
25 133 
25 150 
25 61 
25 132 
25 15 
25 126 
25 111 
25 187 
25 168 
25 9 
25 54 
25 116 
25 6 
25 78 
25 153 
25 118 
25 185 
25 40 
25 183 
25 18 
25 189 
25 63 
25 103 
25 175 
25 171 
25 87 
25 12 
25 121 
25 66 
25 79 
25 23 
25 182 
25 11 
25 32 
25 137 
25 124 
25 190 
25 162 
25 82 
25 93 
25 31 
25 107 
25 159 
25 53 
25 17 
25 147 
25 156 
25 52 
25 0 
25 41 
25 120 
25 14 
25 142 
25 119 
25 125 
25 33 
25 122 
25 169 
26 37 
26 55 
26 31 
26 11 
26 80 
26 101 
26 119 
26 12 
26 39 
26 89 
26 33 
26 21 
26 70 
26 29 
26 190 
26 65 
26 120 
26 35 
26 178 
26 136 
26 188 
26 32 
26 67 
26 142 
26 182 
26 24 
26 177 
26 14 
26 134 
26 93 
26 22 
26 36 
26 82 
26 19 
26 103 
26 49 
26 6 
26 187 
26 159 
26 128 
26 141 
26 167 
26 139 
26 72 
26 123 
26 189 
26 38 
26 41 
26 115 
26 122 
26 168 
26 8 
26 116 
26 96 
26 145 
26 69 
26 76 
26 10 
26 62 
26 171 
26 16 
26 137 
26 95 
26 13 
26 74 
26 111 
26 57 
26 52 
26 17 
26 165 
26 157 
26 151 
26 155 
26 140 
26 164 
26 48 
26 7 
26 78 
26 63 
26 110 
26 104 
26 83 
26 68 
26 172 
26 84 
26 132 
26 4 
26 28 
26 166 
26 185 
26 5 
26 127 
26 79 
26 87 
26 106 
26 27 
26 124 
26 152 
26 173 
26 131 
26 9 
26 90 
26 143 
26 0 
26 1 
26 147 
26 162 
26 105 
26 146 
26 150 
26 75 
26 174 
26 156 
26 100 
26 118 
26 66 
26 56 
26 99 
26 125 
26 183 
26 77 
26 18 
26 107 
26 112 
26 44 
26 46 
26 102 
26 54 
26 133 
26 2 
26 43 
26 58 
26 61 
26 88 
26 30 
26 117 
26 86 
26 154 
26 161 
26 181 
26 114 
26 34 
26 40 
26 91 
26 109 
26 160 
26 108 
26 186 
26 59 
27 88 
27 115 
27 106 
27 16 
27 34 
27 108 
27 170 
27 184 
27 164 
27 81 
27 75 
27 142 
27 137 
27 107 
27 83 
27 85 
27 141 
27 104 
27 113 
27 172 
27 89 
27 99 
27 13 
27 33 
27 105 
27 101 
27 76 
27 2 
27 165 
27 149 
27 32 
27 138 
27 189 
27 136 
27 180 
27 17 
27 55 
27 156 
27 60 
27 73 
27 167 
27 157 
27 74 
27 125 
27 46 
27 38 
27 40 
27 112 
27 28 
27 173 
27 126 
27 69 
27 87 
27 93 
27 65 
27 64 
27 122 
27 111 
27 15 
27 78 
27 68 
27 45 
27 63 
27 36 
27 130 
27 37 
27 188 
27 135 
27 86 
27 114 
27 120 
27 146 
27 0 
27 153 
27 174 
27 82 
27 150 
27 143 
27 177 
27 168 
27 25 
27 182 
27 145 
27 97 
27 96 
27 175 
27 56 
27 47 
27 103 
27 77 
27 14 
27 52 
27 116 
27 109 
27 31 
27 53 
27 26 
27 20 
27 118 
27 61 
27 7 
27 51 
27 11 
27 49 
27 100 
27 44 
27 4 
27 163 
27 181 
27 41 
27 131 
27 140 
27 179 
27 158 
27 121 
27 3 
27 43 
27 10 
27 66 
27 160 
27 151 
27 123 
27 62 
27 186 
27 133 
27 54 
27 128 
27 79 
27 154 
27 19 
27 147 
27 5 
27 191 
27 59 
27 148 
27 30 
27 129 
27 134 
27 50 
28 110 
28 176 
28 45 
28 79 
28 50 
28 10 
28 48 
28 136 
28 53 
28 12 
28 55 
28 1 
28 150 
28 161 
28 182 
28 64 
28 146 
28 9 
28 4 
28 189 
28 151 
28 24 
28 129 
28 54 
28 51 
28 156 
28 125 
28 102 
28 170 
28 133 
28 160 
28 36 
28 5 
28 40 
28 144 
28 147 
28 131 
28 137 
28 95 
28 190 
28 186 
28 116 
28 68 
28 140 
28 117 
28 46 
28 157 
28 177 
28 126 
28 165 
28 145 
28 163 
28 17 
28 166 
28 23 
28 162 
28 27 
28 98 
28 69 
28 33 
28 185 
28 87 
28 29 
28 13 
28 18 
28 100 
28 148 
28 74 
28 188 
28 22 
28 41 
28 63 
28 158 
28 56 
28 181 
28 47 
28 19 
28 2 
28 42 
28 94 
28 61 
28 25 
28 108 
28 173 
28 14 
28 123 
28 122 
28 178 
28 71 
28 70 
28 134 
28 16 
28 128 
28 65 
28 80 
28 119 
28 159 
28 89 
28 135 
28 57 
28 26 
28 91 
28 37 
28 39 
28 120 
28 76 
28 167 
28 111 
28 85 
28 30 
28 191 
28 114 
28 96 
28 81 
28 93 
28 90 
28 52 
28 31 
28 72 
28 168 
28 155 
28 132 
28 118 
28 59 
28 107 
28 121 
28 104 
28 109 
28 149 
28 187 
28 172 
28 60 
28 66 
28 8 
28 97 
28 7 
28 101 
28 32 
28 15 
28 38 
28 169 
28 115 
28 154 
28 138 
28 82 
29 128 
29 154 
29 186 
29 139 
29 80 
29 86 
29 119 
29 137 
29 184 
29 140 
29 95 
29 132 
29 141 
29 165 
29 19 
29 52 
29 63 
29 111 
29 55 
29 40 
29 26 
29 163 
29 117 
29 3 
29 92 
29 122 
29 108 
29 7 
29 182 
29 134 
29 180 
29 53 
29 147 
29 142 
29 50 
29 34 
29 176 
29 30 
29 164 
29 6 
29 174 
29 24 
29 48 
29 106 
29 13 
29 0 
29 73 
29 61 
29 85 
29 185 
29 87 
29 155 
29 28 
29 173 
29 39 
29 133 
29 47 
29 103 
29 144 
29 178 
29 156 
29 148 
29 21 
29 118 
29 179 
29 190 
29 20 
29 151 
29 129 
29 166 
29 51 
29 66 
29 23 
29 114 
29 125 
29 12 
29 113 
29 82 
29 76 
29 77 
29 31 
29 170 
29 131 
29 9 
29 83 
29 101 
29 153 
29 88 
29 169 
29 187 
29 121 
29 167 
29 102 
29 44 
29 17 
29 105 
29 152 
29 65 
29 96 
29 120 
29 126 
29 177 
29 43 
29 181 
29 35 
29 75 
29 162 
29 104 
29 33 
29 160 
29 146 
29 175 
29 99 
29 14 
29 161 
29 109 
29 136 
29 56 
29 112 
29 91 
29 59 
29 81 
29 37 
29 159 
29 8 
29 2 
29 93 
29 49 
29 79 
29 107 
29 18 
29 4 
29 98 
29 145 
29 110 
29 1 
29 42 
29 78 
29 11 
29 41 
29 46 
29 69 
29 157 
29 57 
29 71 
30 155 
30 80 
30 150 
30 185 
30 178 
30 102 
30 121 
30 87 
30 44 
30 65 
30 92 
30 152 
30 93 
30 123 
30 56 
30 89 
30 22 
30 154 
30 173 
30 127 
30 14 
30 79 
30 172 
30 13 
30 20 
30 118 
30 117 
30 128 
30 52 
30 1 
30 5 
30 116 
30 29 
30 25 
30 146 
30 191 
30 189 
30 190 
30 166 
30 24 
30 141 
30 46 
30 132 
30 72 
30 50 
30 183 
30 4 
30 165 
30 101 
30 64 
30 103 
30 114 
30 32 
30 47 
30 138 
30 74 
30 69 
30 78 
30 112 
30 98 
30 181 
30 62 
30 17 
30 99 
30 81 
30 96 
30 125 
30 108 
30 100 
30 145 
30 174 
30 36 
30 63 
30 45 
30 176 
30 67 
30 171 
30 144 
30 35 
30 15 
30 156 
30 182 
30 57 
30 104 
30 90 
30 136 
30 71 
30 16 
30 131 
30 23 
30 60 
30 139 
30 51 
30 161 
30 167 
30 184 
30 58 
30 151 
30 21 
30 115 
30 120 
30 129 
30 83 
30 159 
30 153 
30 85 
30 113 
30 34 
30 86 
30 162 
30 73 
30 76 
30 126 
30 163 
30 110 
30 28 
30 2 
30 68 
30 84 
30 157 
30 142 
30 168 
30 41 
30 107 
30 54 
30 106 
30 40 
30 19 
30 94 
30 133 
30 42 
30 169 
30 188 
30 135 
30 137 
30 0 
30 147 
30 26 
30 77 
30 7 
30 59 
30 175 
30 177 
30 124 
30 88 
30 119 
30 6 
30 27 
30 53 
30 158 
31 72 
31 58 
31 138 
31 174 
31 13 
31 26 
31 157 
31 116 
31 68 
31 178 
31 23 
31 55 
31 74 
31 33 
31 123 
31 132 
31 89 
31 172 
31 107 
31 151 
31 150 
31 140 
31 75 
31 76 
31 98 
31 160 
31 97 
31 69 
31 141 
31 88 
31 84 
31 53 
31 48 
31 171 
31 142 
31 5 
31 54 
31 159 
31 20 
31 183 
31 56 
31 10 
31 12 
31 60 
31 83 
31 115 
31 103 
31 92 
31 163 
31 2 
31 122 
31 135 
31 110 
31 65 
31 29 
31 177 
31 43 
31 155 
31 130 
31 34 
31 50 
31 32 
31 161 
31 102 
31 191 
31 61 
31 104 
31 36 
31 63 
31 168 
31 181 
31 149 
31 101 
31 117 
31 147 
31 86 
31 112 
31 46 
31 186 
31 145 
31 146 
31 11 
31 114 
31 67 
31 94 
31 3 
31 184 
31 91 
31 21 
31 62 
31 27 
31 170 
31 71 
31 42 
31 166 
31 134 
31 8 
31 19 
31 136 
31 153 
31 28 
31 15 
31 125 
31 73 
31 96 
31 77 
31 179 
31 143 
31 80 
31 169 
31 139 
31 133 
31 39 
31 45 
31 25 
31 38 
31 165 
31 156 
31 100 
31 175 
31 162 
31 148 
31 59 
31 109 
31 87 
31 44 
31 173 
31 40 
31 47 
31 14 
31 152 
32 81 
32 49 
32 52 
32 64 
32 38 
32 110 
32 85 
32 156 
32 71 
32 111 
32 62 
32 113 
32 116 
32 186 
32 21 
32 40 
32 0 
32 34 
32 159 
32 126 
32 120 
32 118 
32 55 
32 189 
32 141 
32 147 
32 121 
32 26 
32 171 
32 165 
32 59 
32 122 
32 27 
32 7 
32 142 
32 91 
32 19 
32 54 
32 164 
32 174 
32 155 
32 102 
32 41 
32 43 
32 148 
32 14 
32 51 
32 3 
32 17 
32 67 
32 162 
32 8 
32 42 
32 145 
32 95 
32 50 
32 30 
32 152 
32 56 
32 78 
32 24 
32 73 
32 5 
32 115 
32 106 
32 176 
32 183 
32 53 
32 177 
32 168 
32 136 
32 112 
32 63 
32 99 
32 130 
32 31 
32 191 
32 11 
32 20 
32 83 
32 108 
32 181 
32 33 
32 153 
32 96 
32 144 
32 12 
32 117 
32 18 
32 163 
32 46 
32 22 
32 1 
32 58 
32 114 
32 105 
32 90 
32 167 
32 66 
32 2 
32 151 
32 84 
32 146 
32 89 
32 138 
32 15 
32 77 
32 97 
32 125 
32 88 
32 188 
32 69 
32 158 
32 161 
32 166 
32 129 
32 60 
32 184 
32 179 
32 107 
32 137 
32 16 
32 123 
32 104 
32 170 
32 13 
32 61 
32 25 
32 182 
32 75 
32 154 
32 28 
32 131 
32 173 
32 4 
32 139 
32 70 
32 39 
32 47 
32 65 
32 187 
32 79 
32 103 
32 101 
32 133 
33 165 
33 71 
33 76 
33 15 
33 150 
33 79 
33 107 
33 181 
33 94 
33 109 
33 47 
33 98 
33 31 
33 19 
33 134 
33 100 
33 26 
33 131 
33 170 
33 7 
33 108 
33 62 
33 27 
33 90 
33 1 
33 114 
33 67 
33 155 
33 74 
33 141 
33 57 
33 5 
33 83 
33 157 
33 104 
33 99 
33 49 
33 68 
33 20 
33 82 
33 73 
33 171 
33 54 
33 160 
33 178 
33 95 
33 96 
33 89 
33 40 
33 161 
33 147 
33 182 
33 140 
33 52 
33 86 
33 80 
33 87 
33 110 
33 122 
33 78 
33 88 
33 39 
33 93 
33 159 
33 22 
33 28 
33 21 
33 61 
33 45 
33 149 
33 85 
33 158 
33 168 
33 123 
33 115 
33 173 
33 38 
33 175 
33 167 
33 166 
33 11 
33 75 
33 180 
33 3 
33 176 
33 65 
33 17 
33 4 
33 41 
33 184 
33 136 
33 13 
33 129 
33 133 
33 145 
33 70 
33 105 
33 144 
33 154 
33 32 
33 190 
33 117 
33 36 
33 163 
33 189 
33 35 
33 139 
33 72 
33 12 
33 46 
33 18 
33 162 
33 121 
33 103 
33 174 
33 9 
33 138 
33 177 
33 92 
33 81 
33 106 
33 29 
33 125 
33 156 
33 116 
33 130 
33 113 
33 97 
33 128 
33 50 
33 43 
33 6 
33 51 
33 179 
33 118 
33 10 
33 172 
33 55 
33 16 
33 44 
33 60 
33 152 
33 64 
33 102 
33 135 
33 151 
33 8 
33 169 
33 120 
33 58 
33 63 
33 25 
33 137 
33 132 
33 14 
33 77 
33 53 
34 188 
34 64 
34 139 
34 105 
34 95 
34 27 
34 174 
34 74 
34 153 
34 125 
34 53 
34 168 
34 44 
34 32 
34 145 
34 155 
34 134 
34 38 
34 150 
34 189 
34 140 
34 41 
34 99 
34 162 
34 136 
34 54 
34 20 
34 130 
34 62 
34 176 
34 63 
34 180 
34 166 
34 29 
34 6 
34 149 
34 133 
34 160 
34 184 
34 40 
34 172 
34 71 
34 57 
34 58 
34 4 
34 129 
34 79 
34 66 
34 11 
34 2 
34 154 
34 88 
34 3 
34 127 
34 121 
34 67 
34 15 
34 100 
34 22 
34 124 
34 5 
34 179 
34 108 
34 157 
34 142 
34 89 
34 17 
34 85 
34 46 
34 68 
34 31 
34 191 
34 76 
34 14 
34 81 
34 10 
34 77 
34 80 
34 13 
34 35 
34 87 
34 86 
34 12 
34 92 
34 103 
34 16 
34 70 
34 24 
34 187 
34 164 
34 21 
34 170 
34 84 
34 7 
34 90 
34 137 
34 165 
34 118 
34 30 
34 190 
34 37 
34 183 
34 152 
34 83 
34 47 
34 131 
34 158 
34 177 
34 78 
34 126 
34 73 
34 117 
34 72 
34 116 
34 111 
34 23 
34 49 
34 43 
34 148 
34 101 
34 181 
34 106 
34 182 
34 98 
34 112 
34 128 
34 82 
34 55 
34 26 
34 50 
34 36 
34 51 
34 123 
34 159 
34 69 
34 132 
34 91 
35 63 
35 190 
35 130 
35 162 
35 65 
35 139 
35 137 
35 81 
35 21 
35 154 
35 189 
35 2 
35 141 
35 40 
35 177 
35 164 
35 13 
35 56 
35 127 
35 161 
35 171 
35 54 
35 26 
35 19 
35 73 
35 120 
35 24 
35 58 
35 42 
35 134 
35 79 
35 159 
35 76 
35 38 
35 90 
35 25 
35 37 
35 94 
35 11 
35 187 
35 115 
35 103 
35 169 
35 113 
35 1 
35 50 
35 46 
35 45 
35 184 
35 126 
35 84 
35 61 
35 110 
35 185 
35 163 
35 183 
35 155 
35 47 
35 108 
35 170 
35 60 
35 7 
35 186 
35 144 
35 68 
35 142 
35 167 
35 4 
35 160 
35 121 
35 138 
35 8 
35 3 
35 36 
35 140 
35 105 
35 173 
35 5 
35 129 
35 111 
35 30 
35 34 
35 150 
35 83 
35 80 
35 146 
35 114 
35 49 
35 62 
35 133 
35 33 
35 99 
35 149 
35 74 
35 145 
35 174 
35 64 
35 128 
35 109 
35 176 
35 89 
35 70 
35 124 
35 66 
35 86 
35 43 
35 123 
35 87 
35 29 
35 12 
35 147 
35 106 
35 104 
35 97 
35 17 
35 23 
35 117 
35 101 
35 10 
35 188 
35 96 
35 157 
35 92 
35 172 
35 41 
35 156 
35 55 
35 15 
35 132 
35 51 
35 59 
35 118 
35 175 
35 69 
35 78 
35 6 
35 72 
35 125 
35 112 
35 182 
35 116 
35 179 
35 158 
35 0 
35 166 
35 98 
35 22 
35 48 
35 151 
35 107 
35 165 
35 148 
35 16 
36 69 
36 63 
36 151 
36 181 
36 186 
36 153 
36 120 
36 114 
36 66 
36 173 
36 3 
36 108 
36 62 
36 85 
36 118 
36 6 
36 89 
36 157 
36 189 
36 144 
36 132 
36 44 
36 170 
36 50 
36 98 
36 149 
36 142 
36 138 
36 28 
36 68 
36 179 
36 124 
36 158 
36 141 
36 76 
36 4 
36 87 
36 177 
36 107 
36 135 
36 73 
36 26 
36 37 
36 77 
36 103 
36 71 
36 159 
36 97 
36 146 
36 133 
36 72 
36 172 
36 42 
36 100 
36 52 
36 5 
36 122 
36 57 
36 45 
36 60 
36 53 
36 148 
36 174 
36 55 
36 20 
36 163 
36 27 
36 111 
36 175 
36 40 
36 41 
36 123 
36 30 
36 104 
36 35 
36 93 
36 162 
36 116 
36 10 
36 31 
36 191 
36 127 
36 129 
36 9 
36 168 
36 48 
36 155 
36 7 
36 56 
36 152 
36 140 
36 33 
36 18 
36 75 
36 130 
36 61 
36 2 
36 78 
36 182 
36 154 
36 43 
36 14 
36 106 
36 38 
36 102 
36 91 
36 96 
36 176 
36 16 
36 0 
36 180 
36 22 
36 143 
36 128 
36 188 
36 92 
36 150 
36 19 
36 95 
36 15 
36 70 
36 161 
36 117 
36 47 
36 84 
36 12 
36 59 
36 184 
36 8 
36 187 
36 190 
36 54 
36 131 
36 64 
36 121 
36 119 
36 178 
36 171 
36 169 
36 51 
36 164 
36 101 
36 1 
36 34 
36 105 
36 125 
36 65 
36 90 
37 26 
37 16 
37 131 
37 8 
37 94 
37 104 
37 50 
37 92 
37 175 
37 161 
37 24 
37 135 
37 101 
37 127 
37 20 
37 64 
37 125 
37 60 
37 0 
37 152 
37 10 
37 133 
37 114 
37 100 
37 83 
37 137 
37 111 
37 119 
37 123 
37 57 
37 81 
37 188 
37 97 
37 160 
37 117 
37 72 
37 158 
37 22 
37 88 
37 56 
37 3 
37 35 
37 7 
37 147 
37 179 
37 184 
37 52 
37 17 
37 103 
37 36 
37 155 
37 134 
37 170 
37 144 
37 66 
37 118 
37 105 
37 74 
37 43 
37 146 
37 186 
37 181 
37 140 
37 169 
37 51 
37 21 
37 130 
37 99 
37 162 
37 41 
37 132 
37 151 
37 27 
37 45 
37 73 
37 58 
37 182 
37 102 
37 82 
37 145 
37 54 
37 77 
37 19 
37 46 
37 187 
37 76 
37 78 
37 11 
37 70 
37 69 
37 95 
37 5 
37 136 
37 159 
37 143 
37 110 
37 150 
37 156 
37 157 
37 71 
37 121 
37 93 
37 164 
37 180 
37 189 
37 28 
37 128 
37 38 
37 173 
37 177 
37 34 
37 107 
37 176 
37 39 
37 191 
37 168 
37 63 
37 115 
37 2 
37 90 
37 14 
37 48 
37 6 
37 89 
37 141 
37 98 
37 42 
37 109 
37 40 
37 29 
37 142 
37 85 
37 49 
37 62 
37 75 
37 65 
37 172 
37 47 
37 67 
37 23 
37 108 
37 61 
37 4 
37 91 
37 59 
37 171 
37 80 
37 1 
37 174 
37 96 
37 18 
37 148 
37 53 
38 77 
38 156 
38 0 
38 32 
38 123 
38 6 
38 87 
38 181 
38 65 
38 175 
38 94 
38 153 
38 104 
38 34 
38 58 
38 4 
38 62 
38 15 
38 39 
38 20 
38 80 
38 98 
38 93 
38 83 
38 66 
38 35 
38 165 
38 75 
38 136 
38 40 
38 117 
38 124 
38 79 
38 12 
38 11 
38 151 
38 61 
38 76 
38 107 
38 27 
38 50 
38 130 
38 10 
38 122 
38 26 
38 84 
38 171 
38 78 
38 157 
38 33 
38 56 
38 13 
38 102 
38 189 
38 160 
38 48 
38 101 
38 106 
38 91 
38 177 
38 148 
38 191 
38 113 
38 190 
38 100 
38 150 
38 152 
38 88 
38 18 
38 133 
38 95 
38 131 
38 162 
38 60 
38 170 
38 155 
38 72 
38 174 
38 137 
38 17 
38 179 
38 110 
38 71 
38 23 
38 55 
38 143 
38 140 
38 81 
38 178 
38 188 
38 127 
38 52 
38 154 
38 36 
38 21 
38 41 
38 89 
38 67 
38 2 
38 114 
38 173 
38 37 
38 163 
38 73 
38 129 
38 144 
38 132 
38 108 
38 168 
38 186 
38 47 
38 46 
38 142 
38 187 
38 45 
38 7 
38 158 
38 24 
38 147 
38 53 
38 70 
38 115 
38 103 
38 92 
38 172 
38 125 
38 134 
38 169 
38 145 
38 31 
38 90 
38 180 
38 85 
38 43 
38 109 
38 82 
38 1 
38 8 
38 28 
38 59 
38 16 
38 22 
39 22 
39 56 
39 23 
39 94 
39 138 
39 24 
39 18 
39 133 
39 26 
39 12 
39 174 
39 64 
39 100 
39 167 
39 125 
39 141 
39 77 
39 190 
39 158 
39 160 
39 173 
39 79 
39 38 
39 2 
39 55 
39 148 
39 14 
39 60 
39 66 
39 20 
39 41 
39 52 
39 185 
39 150 
39 110 
39 46 
39 3 
39 120 
39 132 
39 87 
39 112 
39 19 
39 33 
39 179 
39 109 
39 58 
39 118 
39 29 
39 96 
39 135 
39 127 
39 139 
39 188 
39 189 
39 9 
39 108 
39 1 
39 159 
39 157 
39 57 
39 75 
39 111 
39 82 
39 5 
39 191 
39 13 
39 48 
39 105 
39 161 
39 0 
39 44 
39 76 
39 10 
39 183 
39 114 
39 113 
39 187 
39 99 
39 177 
39 181 
39 162 
39 129 
39 17 
39 128 
39 184 
39 28 
39 175 
39 156 
39 80 
39 81 
39 147 
39 88 
39 166 
39 37 
39 92 
39 170 
39 172 
39 86 
39 43 
39 50 
39 163 
39 4 
39 182 
39 65 
39 123 
39 143 
39 134 
39 124 
39 70 
39 6 
39 8 
39 42 
39 68 
39 83 
39 107 
39 146 
39 61 
39 73 
39 155 
39 119 
39 78 
39 71 
39 90 
39 31 
39 84 
39 97 
39 98 
39 164 
39 16 
39 104 
39 45 
39 117 
39 15 
39 116 
39 32 
39 121 
40 187 
40 21 
40 167 
40 14 
40 154 
40 90 
40 129 
40 44 
40 11 
40 58 
40 163 
40 150 
40 32 
40 64 
40 104 
40 98 
40 56 
40 50 
40 29 
40 35 
40 174 
40 109 
40 117 
40 185 
40 143 
40 120 
40 158 
40 142 
40 138 
40 147 
40 99 
40 100 
40 12 
40 82 
40 93 
40 43 
40 130 
40 62 
40 1 
40 175 
40 28 
40 181 
40 60 
40 139 
40 144 
40 57 
40 33 
40 34 
40 118 
40 38 
40 48 
40 165 
40 105 
40 27 
40 76 
40 97 
40 84 
40 20 
40 160 
40 54 
40 108 
40 41 
40 106 
40 63 
40 70 
40 9 
40 184 
40 94 
40 92 
40 131 
40 15 
40 67 
40 0 
40 112 
40 71 
40 86 
40 111 
40 36 
40 23 
40 89 
40 45 
40 136 
40 186 
40 127 
40 2 
40 110 
40 8 
40 49 
40 145 
40 85 
40 6 
40 189 
40 7 
40 149 
40 77 
40 169 
40 79 
40 113 
40 42 
40 119 
40 153 
40 19 
40 162 
40 141 
40 17 
40 10 
40 128 
40 168 
40 81 
40 180 
40 151 
40 55 
40 95 
40 25 
40 140 
40 83 
40 190 
40 183 
40 161 
40 37 
40 30 
40 121 
40 134 
40 126 
40 115 
40 69 
40 188 
40 4 
40 157 
40 135 
40 125 
40 78 
40 159 
40 13 
40 114 
40 146 
40 24 
40 75 
40 26 
40 96 
40 101 
40 31 
40 122 
40 137 
40 80 
41 14 
41 190 
41 8 
41 126 
41 154 
41 123 
41 68 
41 166 
41 51 
41 71 
41 98 
41 4 
41 7 
41 66 
41 103 
41 5 
41 148 
41 65 
41 3 
41 0 
41 69 
41 158 
41 114 
41 47 
41 34 
41 24 
41 150 
41 174 
41 142 
41 53 
41 86 
41 64 
41 39 
41 48 
41 177 
41 85 
41 57 
41 155 
41 32 
41 101 
41 173 
41 121 
41 179 
41 172 
41 94 
41 125 
41 40 
41 169 
41 59 
41 133 
41 26 
41 22 
41 44 
41 2 
41 28 
41 136 
41 182 
41 54 
41 108 
41 119 
41 175 
41 117 
41 67 
41 37 
41 63 
41 168 
41 45 
41 73 
41 159 
41 180 
41 120 
41 163 
41 147 
41 42 
41 36 
41 145 
41 116 
41 52 
41 80 
41 33 
41 70 
41 111 
41 178 
41 110 
41 102 
41 135 
41 144 
41 188 
41 74 
41 19 
41 20 
41 149 
41 72 
41 124 
41 75 
41 105 
41 157 
41 58 
41 181 
41 79 
41 81 
41 17 
41 99 
41 130 
41 38 
41 186 
41 164 
41 137 
41 127 
41 6 
41 151 
41 43 
41 141 
41 140 
41 82 
41 84 
41 118 
41 27 
41 30 
41 156 
41 183 
41 10 
41 93 
41 35 
41 184 
41 165 
41 152 
41 46 
41 131 
41 95 
41 9 
41 13 
41 112 
41 1 
41 15 
41 153 
41 109 
41 167 
41 50 
41 25 
41 191 
41 90 
41 89 
41 11 
41 29 
41 185 
41 87 
41 76 
41 61 
42 68 
42 54 
42 158 
42 93 
42 168 
42 114 
42 110 
42 134 
42 131 
42 126 
42 187 
42 102 
42 15 
42 156 
42 76 
42 7 
42 89 
42 1 
42 58 
42 186 
42 35 
42 181 
42 16 
42 91 
42 70 
42 182 
42 142 
42 159 
42 8 
42 170 
42 59 
42 153 
42 12 
42 145 
42 104 
42 75 
42 85 
42 84 
42 184 
42 141 
42 78 
42 183 
42 136 
42 176 
42 113 
42 36 
42 161 
42 116 
42 73 
42 32 
42 108 
42 88 
42 87 
42 164 
42 177 
42 132 
42 175 
42 178 
42 180 
42 137 
42 72 
42 138 
42 144 
42 107 
42 171 
42 133 
42 163 
42 98 
42 48 
42 60 
42 28 
42 41 
42 66 
42 6 
42 162 
42 23 
42 189 
42 148 
42 83 
42 13 
42 122 
42 135 
42 101 
42 127 
42 129 
42 14 
42 51 
42 55 
42 109 
42 86 
42 143 
42 57 
42 160 
42 67 
42 40 
42 69 
42 3 
42 100 
42 151 
42 47 
42 19 
42 31 
42 90 
42 95 
42 61 
42 146 
42 20 
42 2 
42 92 
42 0 
42 188 
42 24 
42 128 
42 49 
42 112 
42 80 
42 22 
42 37 
42 62 
42 56 
42 39 
42 106 
42 179 
42 44 
42 130 
42 169 
42 30 
42 9 
42 173 
42 154 
42 166 
42 149 
42 167 
42 53 
42 4 
42 174 
42 147 
42 29 
42 118 
42 140 
42 155 
42 172 
42 17 
42 139 
42 103 
42 5 
43 179 
43 102 
43 127 
43 78 
43 13 
43 53 
43 74 
43 148 
43 164 
43 132 
43 136 
43 142 
43 130 
43 134 
43 157 
43 12 
43 108 
43 61 
43 100 
43 187 
43 62 
43 154 
43 63 
43 7 
43 153 
43 181 
43 71 
43 105 
43 170 
43 77 
43 189 
43 15 
43 119 
43 186 
43 44 
43 40 
43 51 
43 1 
43 158 
43 48 
43 52 
43 97 
43 182 
43 94 
43 152 
43 109 
43 32 
43 87 
43 98 
43 2 
43 80 
43 146 
43 126 
43 76 
43 137 
43 140 
43 65 
43 120 
43 8 
43 81 
43 125 
43 37 
43 92 
43 191 
43 173 
43 4 
43 104 
43 21 
43 64 
43 171 
43 93 
43 107 
43 114 
43 31 
43 160 
43 143 
43 70 
43 185 
43 59 
43 99 
43 147 
43 22 
43 6 
43 121 
43 25 
43 177 
43 139 
43 3 
43 88 
43 54 
43 58 
43 47 
43 72 
43 19 
43 36 
43 24 
43 163 
43 101 
43 79 
43 17 
43 169 
43 49 
43 110 
43 151 
43 96 
43 29 
43 35 
43 11 
43 86 
43 122 
43 23 
43 18 
43 20 
43 159 
43 39 
43 41 
43 188 
43 118 
43 178 
43 103 
43 5 
43 183 
43 124 
43 141 
43 89 
43 112 
43 27 
43 33 
43 111 
43 131 
43 34 
43 14 
43 113 
43 68 
43 145 
43 50 
43 174 
43 168 
43 26 
43 138 
43 190 
43 38 
43 175 
43 73 
43 167 
43 0 
44 128 
44 152 
44 115 
44 79 
44 40 
44 86 
44 159 
44 91 
44 112 
44 30 
44 107 
44 122 
44 157 
44 59 
44 180 
44 34 
44 11 
44 174 
44 21 
44 36 
44 144 
44 64 
44 186 
44 172 
44 116 
44 46 
44 173 
44 65 
44 75 
44 43 
44 183 
44 166 
44 77 
44 99 
44 160 
44 88 
44 16 
44 78 
44 131 
44 68 
44 168 
44 14 
44 101 
44 110 
44 74 
44 5 
44 114 
44 0 
44 13 
44 89 
44 137 
44 146 
44 108 
44 153 
44 41 
44 151 
44 7 
44 97 
44 100 
44 12 
44 25 
44 90 
44 23 
44 8 
44 130 
44 81 
44 158 
44 95 
44 165 
44 47 
44 17 
44 149 
44 129 
44 93 
44 2 
44 50 
44 135 
44 63 
44 190 
44 15 
44 22 
44 150 
44 141 
44 161 
44 24 
44 19 
44 39 
44 55 
44 29 
44 67 
44 185 
44 102 
44 133 
44 60 
44 48 
44 20 
44 179 
44 105 
44 121 
44 4 
44 87 
44 148 
44 56 
44 73 
44 111 
44 27 
44 187 
44 164 
44 76 
44 125 
44 184 
44 189 
44 132 
44 103 
44 117 
44 156 
44 57 
44 82 
44 1 
44 9 
44 145 
44 42 
44 98 
44 118 
44 106 
44 26 
44 51 
44 142 
44 181 
44 136 
44 167 
44 140 
44 182 
44 191 
44 94 
44 188 
44 175 
44 33 
44 178 
44 61 
44 96 
44 127 
44 31 
44 66 
44 92 
44 139 
44 163 
44 71 
44 52 
45 64 
45 126 
45 28 
45 100 
45 151 
45 84 
45 188 
45 6 
45 58 
45 17 
45 46 
45 20 
45 49 
45 154 
45 82 
45 182 
45 89 
45 22 
45 80 
45 12 
45 186 
45 153 
45 81 
45 68 
45 105 
45 104 
45 69 
45 95 
45 109 
45 176 
45 1 
45 114 
45 92 
45 72 
45 152 
45 117 
45 2 
45 87 
45 66 
45 23 
45 60 
45 141 
45 145 
45 35 
45 0 
45 136 
45 133 
45 33 
45 93 
45 36 
45 70 
45 124 
45 3 
45 8 
45 149 
45 172 
45 155 
45 103 
45 27 
45 41 
45 37 
45 164 
45 175 
45 148 
45 13 
45 120 
45 173 
45 40 
45 110 
45 30 
45 159 
45 137 
45 111 
45 144 
45 53 
45 171 
45 21 
45 10 
45 47 
45 16 
45 85 
45 79 
45 11 
45 48 
45 131 
45 181 
45 98 
45 191 
45 168 
45 57 
45 74 
45 19 
45 67 
45 180 
45 91 
45 115 
45 142 
45 54 
45 51 
45 90 
45 158 
45 108 
45 9 
45 75 
45 130 
45 24 
45 101 
45 18 
45 121 
45 94 
45 170 
45 102 
45 174 
45 61 
45 38 
45 113 
45 157 
45 161 
45 189 
45 138 
45 179 
45 71 
45 63 
45 31 
45 147 
45 128 
45 5 
45 96 
45 132 
45 39 
45 78 
45 62 
45 183 
45 178 
45 185 
46 85 
46 169 
46 191 
46 123 
46 141 
46 0 
46 116 
46 45 
46 166 
46 129 
46 178 
46 104 
46 51 
46 115 
46 109 
46 65 
46 148 
46 87 
46 180 
46 108 
46 107 
46 47 
46 44 
46 190 
46 117 
46 64 
46 119 
46 11 
46 25 
46 152 
46 95 
46 162 
46 113 
46 75 
46 154 
46 23 
46 94 
46 28 
46 83 
46 164 
46 39 
46 61 
46 69 
46 80 
46 35 
46 103 
46 30 
46 147 
46 27 
46 63 
46 59 
46 125 
46 155 
46 90 
46 92 
46 106 
46 168 
46 22 
46 50 
46 62 
46 53 
46 8 
46 93 
46 133 
46 71 
46 161 
46 167 
46 89 
46 2 
46 3 
46 68 
46 97 
46 174 
46 127 
46 184 
46 34 
46 88 
46 182 
46 153 
46 37 
46 21 
46 118 
46 24 
46 124 
46 150 
46 19 
46 54 
46 146 
46 159 
46 139 
46 158 
46 31 
46 32 
46 55 
46 126 
46 33 
46 130 
46 101 
46 120 
46 135 
46 143 
46 16 
46 70 
46 165 
46 5 
46 79 
46 177 
46 15 
46 176 
46 171 
46 138 
46 181 
46 14 
46 98 
46 60 
46 72 
46 145 
46 38 
46 1 
46 172 
46 96 
46 48 
46 6 
46 56 
46 187 
46 102 
46 7 
46 183 
46 78 
46 12 
46 41 
46 137 
46 151 
46 76 
46 105 
46 142 
46 26 
46 179 
46 13 
46 157 
46 49 
46 170 
46 9 
46 175 
46 99 
46 122 
46 100 
46 10 
46 29 
46 136 
46 74 
46 114 
47 63 
47 66 
47 92 
47 151 
47 9 
47 57 
47 1 
47 165 
47 50 
47 71 
47 166 
47 33 
47 153 
47 25 
47 59 
47 186 
47 145 
47 114 
47 54 
47 69 
47 84 
47 46 
47 90 
47 159 
47 41 
47 53 
47 91 
47 160 
47 81 
47 0 
47 12 
47 55 
47 73 
47 4 
47 111 
47 17 
47 190 
47 136 
47 157 
47 60 
47 146 
47 87 
47 97 
47 167 
47 174 
47 137 
47 150 
47 108 
47 48 
47 127 
47 29 
47 35 
47 14 
47 10 
47 105 
47 30 
47 100 
47 72 
47 93 
47 2 
47 94 
47 187 
47 5 
47 109 
47 129 
47 77 
47 65 
47 140 
47 116 
47 28 
47 82 
47 74 
47 182 
47 44 
47 191 
47 171 
47 15 
47 64 
47 176 
47 126 
47 83 
47 148 
47 170 
47 51 
47 13 
47 8 
47 120 
47 85 
47 79 
47 141 
47 45 
47 115 
47 3 
47 185 
47 181 
47 178 
47 43 
47 164 
47 173 
47 27 
47 18 
47 118 
47 132 
47 99 
47 98 
47 67 
47 125 
47 42 
47 131 
47 70 
47 62 
47 34 
47 161 
47 162 
47 104 
47 138 
47 38 
47 89 
47 58 
47 149 
47 75 
47 179 
47 20 
47 36 
47 163 
47 175 
47 56 
47 95 
47 24 
47 49 
47 61 
47 183 
47 52 
47 121 
47 168 
47 37 
47 21 
47 139 
47 152 
47 177 
47 154 
47 31 
47 32 
47 128 
47 172 
48 156 
48 74 
48 99 
48 110 
48 28 
48 159 
48 170 
48 98 
48 50 
48 181 
48 135 
48 73 
48 184 
48 101 
48 134 
48 81 
48 102 
48 150 
48 57 
48 82 
48 148 
48 169 
48 71 
48 166 
48 17 
48 59 
48 131 
48 162 
48 140 
48 41 
48 4 
48 112 
48 145 
48 43 
48 179 
48 94 
48 40 
48 68 
48 100 
48 157 
48 53 
48 146 
48 29 
48 21 
48 31 
48 138 
48 172 
48 47 
48 128 
48 52 
48 121 
48 122 
48 142 
48 108 
48 151 
48 9 
48 187 
48 163 
48 97 
48 160 
48 186 
48 49 
48 96 
48 20 
48 114 
48 84 
48 38 
48 126 
48 86 
48 19 
48 111 
48 118 
48 7 
48 42 
48 120 
48 139 
48 106 
48 132 
48 168 
48 189 
48 36 
48 39 
48 141 
48 55 
48 137 
48 190 
48 93 
48 149 
48 107 
48 26 
48 15 
48 90 
48 176 
48 85 
48 67 
48 45 
48 64 
48 115 
48 92 
48 60 
48 6 
48 61 
48 173 
48 44 
48 167 
48 95 
48 88 
48 54 
48 185 
48 188 
48 119 
48 116 
48 46 
48 117 
48 147 
48 158 
48 175 
48 37 
48 1 
48 153 
48 2 
48 152 
48 72 
48 83 
48 75 
48 177 
48 124 
48 127 
48 18 
48 76 
48 104 
48 10 
48 79 
48 91 
48 87 
48 66 
48 35 
48 103 
48 56 
48 178 
48 22 
48 183 
48 129 
48 143 
48 77 
49 167 
49 32 
49 55 
49 136 
49 153 
49 171 
49 24 
49 151 
49 161 
49 191 
49 75 
49 45 
49 65 
49 183 
49 6 
49 104 
49 190 
49 144 
49 5 
49 13 
49 93 
49 142 
49 61 
49 91 
49 174 
49 76 
49 101 
49 33 
49 59 
49 143 
49 86 
49 82 
49 95 
49 159 
49 108 
49 22 
49 72 
49 117 
49 99 
49 152 
49 84 
49 166 
49 26 
49 20 
49 112 
49 77 
49 178 
49 139 
49 106 
49 102 
49 188 
49 180 
49 122 
49 48 
49 64 
49 127 
49 56 
49 109 
49 187 
49 132 
49 189 
49 134 
49 172 
49 155 
49 158 
49 124 
49 73 
49 168 
49 126 
49 120 
49 185 
49 80 
49 52 
49 15 
49 40 
49 175 
49 35 
49 11 
49 69 
49 111 
49 81 
49 85 
49 70 
49 10 
49 83 
49 179 
49 43 
49 4 
49 92 
49 133 
49 94 
49 7 
49 146 
49 12 
49 27 
49 145 
49 57 
49 2 
49 157 
49 150 
49 121 
49 137 
49 147 
49 42 
49 138 
49 0 
49 78 
49 100 
49 135 
49 141 
49 149 
49 34 
49 67 
49 47 
49 154 
49 37 
49 29 
49 88 
49 87 
49 68 
49 107 
49 53 
49 46 
49 50 
49 51 
49 23 
49 176 
49 60 
49 54 
49 119 
49 90 
49 173 
49 74 
49 148 
49 103 
49 177 
49 62 
50 116 
50 87 
50 37 
50 28 
50 47 
50 48 
50 106 
50 7 
50 64 
50 16 
50 23 
50 88 
50 124 
50 40 
50 59 
50 65 
50 55 
50 14 
50 130 
50 125 
50 36 
50 82 
50 141 
50 163 
50 156 
50 127 
50 58 
50 143 
50 29 
50 174 
50 180 
50 57 
50 119 
50 149 
50 151 
50 35 
50 139 
50 120 
50 78 
50 173 
50 30 
50 38 
50 169 
50 152 
50 145 
50 165 
50 104 
50 46 
50 148 
50 153 
50 32 
50 9 
50 129 
50 138 
50 79 
50 62 
50 102 
50 186 
50 162 
50 188 
50 181 
50 24 
50 20 
50 1 
50 96 
50 118 
50 159 
50 6 
50 73 
50 150 
50 44 
50 31 
50 109 
50 70 
50 60 
50 89 
50 19 
50 8 
50 183 
50 92 
50 177 
50 80 
50 147 
50 191 
50 10 
50 90 
50 67 
50 184 
50 25 
50 172 
50 76 
50 155 
50 113 
50 17 
50 179 
50 11 
50 15 
50 133 
50 189 
50 84 
50 161 
50 105 
50 108 
50 176 
50 75 
50 187 
50 51 
50 0 
50 93 
50 66 
50 22 
50 39 
50 81 
50 18 
50 53 
50 160 
50 110 
50 83 
50 164 
50 131 
50 175 
50 135 
50 33 
50 111 
50 178 
50 74 
50 134 
50 132 
50 3 
50 146 
50 54 
50 122 
50 43 
50 157 
50 52 
50 77 
50 98 
50 121 
50 185 
50 72 
50 140 
50 49 
50 41 
50 94 
50 4 
50 154 
50 99 
50 34 
50 27 
51 124 
51 142 
51 191 
51 190 
51 41 
51 182 
51 63 
51 183 
51 19 
51 46 
51 113 
51 3 
51 56 
51 8 
51 79 
51 102 
51 82 
51 139 
51 134 
51 20 
51 28 
51 107 
51 144 
51 112 
51 157 
51 186 
51 108 
51 22 
51 172 
51 70 
51 78 
51 43 
51 177 
51 94 
51 187 
51 55 
51 146 
51 184 
51 11 
51 175 
51 165 
51 104 
51 99 
51 15 
51 117 
51 73 
51 178 
51 150 
51 32 
51 93 
51 130 
51 5 
51 69 
51 2 
51 16 
51 84 
51 185 
51 37 
51 1 
51 29 
51 125 
51 122 
51 87 
51 152 
51 98 
51 17 
51 135 
51 174 
51 116 
51 72 
51 7 
51 164 
51 71 
51 106 
51 47 
51 179 
51 42 
51 6 
51 90 
51 181 
51 53 
51 92 
51 131 
51 61 
51 128 
51 30 
51 13 
51 54 
51 145 
51 59 
51 189 
51 62 
51 147 
51 105 
51 95 
51 23 
51 127 
51 0 
51 45 
51 50 
51 167 
51 74 
51 27 
51 100 
51 24 
51 75 
51 52 
51 68 
51 103 
51 110 
51 168 
51 96 
51 154 
51 161 
51 129 
51 101 
51 67 
51 58 
51 18 
51 171 
51 170 
51 12 
51 35 
51 136 
51 141 
51 33 
51 119 
51 120 
51 64 
51 156 
51 88 
51 160 
51 44 
51 9 
51 81 
51 159 
51 49 
51 166 
51 36 
51 118 
51 34 
51 66 
51 65 
51 133 
51 149 
51 10 
52 81 
52 151 
52 32 
52 158 
52 64 
52 9 
52 184 
52 63 
52 95 
52 14 
52 23 
52 125 
52 79 
52 29 
52 117 
52 150 
52 96 
52 127 
52 178 
52 148 
52 187 
52 12 
52 112 
52 80 
52 7 
52 156 
52 5 
52 165 
52 74 
52 30 
52 18 
52 17 
52 39 
52 43 
52 143 
52 154 
52 37 
52 33 
52 134 
52 54 
52 161 
52 66 
52 186 
52 59 
52 130 
52 48 
52 84 
52 102 
52 36 
52 73 
52 144 
52 162 
52 19 
52 145 
52 110 
52 159 
52 61 
52 94 
52 53 
52 6 
52 1 
52 115 
52 41 
52 169 
52 181 
52 100 
52 183 
52 56 
52 2 
52 70 
52 107 
52 103 
52 129 
52 0 
52 26 
52 131 
52 49 
52 82 
52 190 
52 180 
52 185 
52 69 
52 108 
52 147 
52 22 
52 135 
52 38 
52 105 
52 177 
52 27 
52 90 
52 4 
52 55 
52 160 
52 87 
52 67 
52 128 
52 109 
52 153 
52 141 
52 155 
52 142 
52 83 
52 139 
52 8 
52 51 
52 93 
52 85 
52 124 
52 166 
52 168 
52 182 
52 152 
52 28 
52 78 
52 122 
52 126 
52 176 
52 62 
52 174 
52 157 
52 111 
52 123 
52 58 
52 75 
52 92 
52 89 
52 47 
52 91 
52 50 
52 119 
52 163 
52 16 
52 146 
52 68 
52 97 
52 88 
52 25 
52 138 
52 137 
52 121 
52 120 
52 44 
53 156 
53 97 
53 141 
53 7 
53 102 
53 70 
53 66 
53 147 
53 28 
53 107 
53 43 
53 190 
53 76 
53 191 
53 72 
53 103 
53 34 
53 63 
53 172 
53 187 
53 64 
53 150 
53 67 
53 170 
53 169 
53 146 
53 100 
53 74 
53 121 
53 129 
53 69 
53 166 
53 119 
53 138 
53 56 
53 47 
53 10 
53 116 
53 185 
53 120 
53 171 
53 114 
53 29 
53 148 
53 41 
53 144 
53 0 
53 80 
53 118 
53 90 
53 65 
53 54 
53 165 
53 131 
53 31 
53 71 
53 48 
53 113 
53 151 
53 183 
53 79 
53 184 
53 46 
53 168 
53 160 
53 145 
53 13 
53 109 
53 105 
53 68 
53 36 
53 92 
53 159 
53 149 
53 52 
53 110 
53 32 
53 189 
53 12 
53 6 
53 180 
53 9 
53 78 
53 132 
53 73 
53 123 
53 2 
53 60 
53 1 
53 19 
53 89 
53 143 
53 88 
53 117 
53 45 
53 158 
53 18 
53 51 
53 5 
53 179 
53 3 
53 134 
53 17 
53 22 
53 162 
53 27 
53 173 
53 128 
53 91 
53 152 
53 77 
53 126 
53 115 
53 106 
53 140 
53 85 
53 86 
53 112 
53 124 
53 50 
53 14 
53 176 
53 75 
53 181 
53 24 
53 177 
53 161 
53 130 
53 38 
53 175 
53 21 
53 62 
53 127 
53 8 
53 58 
53 139 
53 153 
53 188 
53 167 
53 42 
53 98 
53 157 
53 49 
53 25 
53 122 
53 95 
53 99 
53 30 
53 20 
53 61 
53 33 
53 37 
54 71 
54 86 
54 187 
54 148 
54 1 
54 92 
54 17 
54 74 
54 122 
54 42 
54 191 
54 181 
54 115 
54 140 
54 87 
54 103 
54 131 
54 134 
54 81 
54 104 
54 136 
54 2 
54 9 
54 154 
54 72 
54 141 
54 163 
54 180 
54 47 
54 18 
54 28 
54 90 
54 35 
54 57 
54 91 
54 93 
54 171 
54 168 
54 16 
54 13 
54 34 
54 178 
54 182 
54 176 
54 174 
54 33 
54 32 
54 70 
54 158 
54 14 
54 101 
54 143 
54 88 
54 114 
54 53 
54 52 
54 76 
54 23 
54 73 
54 65 
54 77 
54 31 
54 172 
54 40 
54 170 
54 75 
54 186 
54 108 
54 98 
54 12 
54 41 
54 89 
54 177 
54 146 
54 124 
54 22 
54 117 
54 11 
54 164 
54 128 
54 159 
54 106 
54 37 
54 139 
54 68 
54 133 
54 113 
54 46 
54 96 
54 83 
54 132 
54 6 
54 190 
54 10 
54 0 
54 43 
54 79 
54 152 
54 94 
54 109 
54 51 
54 107 
54 173 
54 95 
54 84 
54 45 
54 25 
54 48 
54 166 
54 55 
54 58 
54 62 
54 118 
54 165 
54 110 
54 119 
54 157 
54 120 
54 156 
54 66 
54 59 
54 155 
54 19 
54 175 
54 105 
54 30 
54 56 
54 80 
54 162 
54 8 
54 116 
54 67 
54 20 
54 36 
54 61 
54 50 
54 26 
54 150 
54 64 
54 78 
54 145 
54 82 
54 27 
54 161 
54 142 
54 49 
54 85 
54 5 
55 25 
55 76 
55 26 
55 49 
55 147 
55 150 
55 121 
55 114 
55 136 
55 92 
55 28 
55 31 
55 152 
55 182 
55 183 
55 29 
55 188 
55 75 
55 120 
55 50 
55 85 
55 96 
55 74 
55 32 
55 98 
55 1 
55 110 
55 68 
55 73 
55 58 
55 39 
55 24 
55 14 
55 47 
55 60 
55 109 
55 66 
55 90 
55 130 
55 27 
55 51 
55 122 
55 168 
55 67 
55 131 
55 123 
55 181 
55 166 
55 20 
55 103 
55 99 
55 175 
55 71 
55 84 
55 165 
55 108 
55 178 
55 155 
55 61 
55 89 
55 161 
55 184 
55 176 
55 18 
55 125 
55 36 
55 10 
55 151 
55 126 
55 129 
55 13 
55 128 
55 105 
55 78 
55 17 
55 23 
55 3 
55 4 
55 100 
55 112 
55 137 
55 48 
55 177 
55 172 
55 164 
55 38 
55 134 
55 88 
55 191 
55 42 
55 44 
55 185 
55 167 
55 119 
55 46 
55 21 
55 64 
55 52 
55 80 
55 143 
55 139 
55 0 
55 170 
55 54 
55 149 
55 40 
55 91 
55 15 
55 158 
55 118 
55 190 
55 19 
55 179 
55 154 
55 117 
55 35 
55 86 
55 187 
55 104 
55 162 
55 174 
55 133 
55 94 
55 97 
55 9 
55 95 
55 145 
55 8 
55 160 
55 33 
55 186 
55 11 
55 132 
55 34 
55 144 
55 5 
55 163 
55 113 
55 59 
55 72 
55 57 
55 22 
55 69 
56 102 
56 39 
56 69 
56 170 
56 17 
56 18 
56 114 
56 83 
56 172 
56 145 
56 15 
56 156 
56 89 
56 92 
56 51 
56 93 
56 40 
56 58 
56 35 
56 30 
56 84 
56 103 
56 153 
56 151 
56 171 
56 142 
56 81 
56 120 
56 53 
56 5 
56 73 
56 132 
56 185 
56 174 
56 183 
56 186 
56 37 
56 155 
56 22 
56 1 
56 188 
56 106 
56 130 
56 182 
56 7 
56 164 
56 87 
56 74 
56 131 
56 136 
56 146 
56 167 
56 154 
56 123 
56 94 
56 31 
56 0 
56 32 
56 111 
56 38 
56 28 
56 49 
56 25 
56 179 
56 141 
56 97 
56 88 
56 82 
56 177 
56 52 
56 91 
56 19 
56 121 
56 162 
56 115 
56 10 
56 147 
56 184 
56 175 
56 57 
56 70 
56 36 
56 60 
56 191 
56 68 
56 11 
56 3 
56 27 
56 108 
56 161 
56 59 
56 190 
56 157 
56 149 
56 44 
56 107 
56 13 
56 96 
56 119 
56 85 
56 23 
56 65 
56 2 
56 63 
56 100 
56 139 
56 46 
56 104 
56 29 
56 187 
56 122 
56 54 
56 165 
56 4 
56 116 
56 86 
56 176 
56 42 
56 90 
56 168 
56 173 
56 26 
56 101 
56 47 
56 178 
56 117 
56 138 
56 71 
56 64 
56 62 
56 118 
56 95 
56 129 
56 124 
56 112 
56 158 
56 48 
56 137 
56 125 
56 76 
56 127 
56 105 
57 118 
57 135 
57 80 
57 184 
57 47 
57 165 
57 20 
57 71 
57 3 
57 22 
57 186 
57 183 
57 151 
57 179 
57 115 
57 18 
57 70 
57 48 
57 154 
57 92 
57 191 
57 139 
57 190 
57 61 
57 77 
57 133 
57 54 
57 2 
57 33 
57 14 
57 60 
57 126 
57 137 
57 79 
57 81 
57 5 
57 175 
57 112 
57 37 
57 12 
57 152 
57 40 
57 41 
57 160 
57 130 
57 138 
57 131 
57 21 
57 153 
57 86 
57 50 
57 7 
57 34 
57 84 
57 120 
57 69 
57 10 
57 105 
57 15 
57 174 
57 89 
57 96 
57 108 
57 58 
57 36 
57 125 
57 97 
57 90 
57 113 
57 185 
57 117 
57 74 
57 145 
57 39 
57 177 
57 26 
57 104 
57 146 
57 156 
57 129 
57 59 
57 95 
57 128 
57 100 
57 150 
57 56 
57 87 
57 167 
57 30 
57 25 
57 109 
57 143 
57 99 
57 82 
57 111 
57 13 
57 1 
57 164 
57 88 
57 42 
57 45 
57 176 
57 169 
57 181 
57 170 
57 28 
57 136 
57 119 
57 98 
57 49 
57 147 
57 11 
57 75 
57 4 
57 114 
57 102 
57 44 
57 132 
57 122 
57 91 
57 66 
57 124 
57 72 
57 155 
57 187 
57 93 
57 73 
57 149 
57 62 
57 159 
57 67 
57 172 
57 180 
57 116 
57 140 
57 141 
57 166 
57 106 
57 110 
57 29 
57 157 
57 55 
57 103 
57 8 
58 121 
58 94 
58 160 
58 177 
58 31 
58 172 
58 102 
58 83 
58 159 
58 45 
58 20 
58 40 
58 61 
58 76 
58 8 
58 18 
58 185 
58 56 
58 176 
58 38 
58 96 
58 104 
58 158 
58 13 
58 156 
58 10 
58 153 
58 55 
58 7 
58 115 
58 133 
58 11 
58 161 
58 86 
58 117 
58 90 
58 35 
58 120 
58 42 
58 173 
58 12 
58 50 
58 150 
58 3 
58 152 
58 181 
58 88 
58 151 
58 110 
58 144 
58 59 
58 183 
58 75 
58 89 
58 34 
58 157 
58 0 
58 60 
58 39 
58 17 
58 135 
58 182 
58 92 
58 136 
58 57 
58 65 
58 111 
58 126 
58 134 
58 178 
58 108 
58 131 
58 167 
58 180 
58 37 
58 179 
58 114 
58 124 
58 93 
58 103 
58 116 
58 63 
58 142 
58 21 
58 14 
58 169 
58 139 
58 155 
58 71 
58 6 
58 70 
58 41 
58 43 
58 32 
58 101 
58 30 
58 81 
58 100 
58 95 
58 187 
58 74 
58 62 
58 119 
58 54 
58 99 
58 143 
58 149 
58 105 
58 64 
58 47 
58 123 
58 51 
58 128 
58 52 
58 130 
58 97 
58 77 
58 53 
58 85 
58 79 
58 127 
58 4 
58 98 
58 91 
58 67 
58 26 
58 138 
58 72 
58 113 
58 190 
58 191 
58 80 
58 186 
58 33 
58 184 
59 77 
59 168 
59 61 
59 124 
59 133 
59 92 
59 5 
59 145 
59 85 
59 121 
59 104 
59 80 
59 20 
59 103 
59 162 
59 44 
59 129 
59 13 
59 47 
59 50 
59 94 
59 156 
59 90 
59 177 
59 7 
59 3 
59 78 
59 32 
59 190 
59 49 
59 63 
59 48 
59 71 
59 157 
59 144 
59 191 
59 182 
59 119 
59 122 
59 93 
59 42 
59 99 
59 178 
59 171 
59 118 
59 58 
59 91 
59 127 
59 143 
59 172 
59 46 
59 2 
59 126 
59 52 
59 41 
59 164 
59 81 
59 62 
59 185 
59 96 
59 16 
59 132 
59 186 
59 158 
59 111 
59 131 
59 151 
59 135 
59 14 
59 6 
59 75 
59 100 
59 120 
59 117 
59 79 
59 15 
59 43 
59 87 
59 180 
59 4 
59 170 
59 57 
59 163 
59 116 
59 112 
59 89 
59 70 
59 175 
59 149 
59 66 
59 56 
59 68 
59 51 
59 88 
59 167 
59 146 
59 106 
59 165 
59 147 
59 137 
59 113 
59 21 
59 110 
59 18 
59 115 
59 54 
59 29 
59 28 
59 166 
59 60 
59 36 
59 169 
59 125 
59 97 
59 35 
59 148 
59 82 
59 184 
59 102 
59 174 
59 67 
59 12 
59 139 
59 105 
59 160 
59 130 
59 10 
59 30 
59 74 
59 27 
59 31 
59 0 
59 189 
59 24 
59 38 
59 37 
59 86 
59 173 
59 55 
59 26 
60 94 
60 67 
60 17 
60 62 
60 125 
60 124 
60 105 
60 98 
60 37 
60 123 
60 136 
60 66 
60 87 
60 166 
60 173 
60 144 
60 15 
60 57 
60 39 
60 72 
60 168 
60 151 
60 40 
60 77 
60 55 
60 149 
60 104 
60 76 
60 177 
60 3 
60 25 
60 117 
60 27 
60 10 
60 114 
60 186 
60 126 
60 116 
60 142 
60 65 
60 47 
60 45 
60 100 
60 183 
60 58 
60 73 
60 119 
60 83 
60 132 
60 176 
60 175 
60 78 
60 162 
60 36 
60 31 
60 35 
60 170 
60 5 
60 101 
60 139 
60 157 
60 122 
60 159 
60 42 
60 79 
60 12 
60 145 
60 50 
60 84 
60 38 
60 155 
60 182 
60 53 
60 69 
60 143 
60 120 
60 147 
60 184 
60 121 
60 156 
60 63 
60 9 
60 91 
60 56 
60 90 
60 180 
60 191 
60 154 
60 165 
60 106 
60 115 
60 30 
60 181 
60 134 
60 111 
60 81 
60 22 
60 68 
60 48 
60 44 
60 190 
60 146 
60 4 
60 158 
60 150 
60 8 
60 161 
60 113 
60 85 
60 93 
60 160 
60 138 
60 189 
60 140 
60 7 
60 133 
60 13 
60 11 
60 46 
60 129 
60 70 
60 86 
60 0 
60 32 
60 96 
60 110 
60 118 
60 107 
60 169 
60 59 
60 95 
60 131 
60 153 
60 103 
60 28 
60 89 
60 188 
60 6 
60 127 
60 80 
60 16 
60 130 
60 33 
60 82 
60 49 
60 164 
60 112 
60 61 
60 71 
60 141 
60 19 
61 89 
61 17 
61 59 
61 0 
61 4 
61 157 
61 130 
61 58 
61 98 
61 148 
61 84 
61 179 
61 10 
61 63 
61 43 
61 70 
61 76 
61 131 
61 16 
61 149 
61 57 
61 49 
61 172 
61 102 
61 114 
61 143 
61 145 
61 147 
61 132 
61 6 
61 141 
61 109 
61 155 
61 86 
61 191 
61 184 
61 189 
61 112 
61 85 
61 46 
61 187 
61 91 
61 38 
61 115 
61 29 
61 35 
61 146 
61 181 
61 33 
61 156 
61 81 
61 108 
61 55 
61 72 
61 22 
61 170 
61 152 
61 95 
61 52 
61 153 
61 171 
61 97 
61 129 
61 28 
61 9 
61 134 
61 31 
61 93 
61 73 
61 111 
61 87 
61 139 
61 127 
61 88 
61 8 
61 14 
61 160 
61 138 
61 122 
61 161 
61 69 
61 151 
61 99 
61 190 
61 36 
61 117 
61 116 
61 144 
61 51 
61 94 
61 128 
61 165 
61 168 
61 15 
61 25 
61 163 
61 120 
61 113 
61 175 
61 48 
61 2 
61 185 
61 83 
61 90 
61 13 
61 162 
61 177 
61 27 
61 173 
61 42 
61 150 
61 118 
61 136 
61 124 
61 104 
61 3 
61 65 
61 180 
61 45 
61 71 
61 169 
61 101 
61 126 
61 166 
61 32 
61 119 
61 39 
61 67 
61 47 
61 80 
61 54 
61 74 
61 188 
61 26 
61 176 
61 5 
61 37 
61 44 
61 60 
61 68 
61 158 
61 186 
61 7 
61 41 
61 107 
61 53 
62 82 
62 139 
62 4 
62 60 
62 80 
62 126 
62 36 
62 32 
62 95 
62 132 
62 128 
62 86 
62 87 
62 174 
62 17 
62 73 
62 33 
62 161 
62 187 
62 6 
62 20 
62 130 
62 118 
62 43 
62 171 
62 163 
62 38 
62 25 
62 1 
62 78 
62 18 
62 119 
62 40 
62 108 
62 10 
62 34 
62 188 
62 144 
62 71 
62 177 
62 100 
62 15 
62 98 
62 107 
62 77 
62 75 
62 185 
62 115 
62 153 
62 72 
62 166 
62 181 
62 145 
62 173 
62 156 
62 13 
62 159 
62 169 
62 67 
62 46 
62 151 
62 59 
62 68 
62 93 
62 96 
62 50 
62 146 
62 104 
62 167 
62 158 
62 26 
62 30 
62 184 
62 70 
62 176 
62 131 
62 120 
62 190 
62 111 
62 168 
62 94 
62 101 
62 19 
62 113 
62 127 
62 191 
62 90 
62 105 
62 157 
62 35 
62 136 
62 172 
62 97 
62 123 
62 149 
62 88 
62 51 
62 24 
62 143 
62 31 
62 89 
62 140 
62 122 
62 141 
62 58 
62 66 
62 47 
62 54 
62 112 
62 5 
62 12 
62 179 
62 160 
62 7 
62 175 
62 109 
62 129 
62 9 
62 83 
62 106 
62 16 
62 134 
62 189 
62 8 
62 52 
62 42 
62 178 
62 2 
62 162 
62 53 
62 138 
62 99 
62 0 
62 125 
62 150 
62 27 
62 37 
62 3 
62 76 
62 56 
62 57 
62 23 
62 147 
62 148 
62 137 
62 45 
62 116 
62 110 
62 91 
62 79 
62 152 
62 49 
63 35 
63 82 
63 36 
63 47 
63 131 
63 101 
63 108 
63 5 
63 52 
63 51 
63 107 
63 172 
63 143 
63 191 
63 78 
63 53 
63 132 
63 61 
63 11 
63 1 
63 176 
63 29 
63 168 
63 88 
63 146 
63 84 
63 182 
63 67 
63 43 
63 126 
63 171 
63 175 
63 184 
63 103 
63 156 
63 96 
63 59 
63 20 
63 69 
63 65 
63 34 
63 142 
63 8 
63 181 
63 183 
63 16 
63 169 
63 64 
63 10 
63 105 
63 75 
63 140 
63 9 
63 133 
63 157 
63 87 
63 46 
63 188 
63 112 
63 104 
63 81 
63 93 
63 40 
63 100 
63 145 
63 120 
63 77 
63 122 
63 166 
63 28 
63 164 
63 41 
63 114 
63 27 
63 13 
63 14 
63 98 
63 116 
63 162 
63 158 
63 6 
63 97 
63 83 
63 32 
63 79 
63 30 
63 128 
63 58 
63 31 
63 44 
63 89 
63 155 
63 139 
63 60 
63 135 
63 150 
63 15 
63 26 
63 73 
63 23 
63 99 
63 141 
63 130 
63 92 
63 95 
63 0 
63 147 
63 4 
63 174 
63 186 
63 106 
63 129 
63 37 
63 124 
63 17 
63 109 
63 118 
63 66 
63 56 
63 25 
63 160 
63 179 
63 136 
63 90 
63 113 
63 180 
63 45 
63 111 
63 72 
63 170 
63 134 
63 144 
63 185 
63 74 
63 76 
63 86 
63 137 
63 21 
63 187 
63 33 
63 152 
63 138 
64 45 
64 34 
64 5 
64 52 
64 32 
64 69 
64 136 
64 14 
64 77 
64 70 
64 82 
64 71 
64 0 
64 176 
64 126 
64 169 
64 50 
64 81 
64 37 
64 24 
64 40 
64 93 
64 28 
64 39 
64 53 
64 185 
64 113 
64 123 
64 4 
64 87 
64 117 
64 109 
64 13 
64 97 
64 166 
64 118 
64 156 
64 173 
64 44 
64 137 
64 170 
64 127 
64 46 
64 41 
64 147 
64 67 
64 76 
64 63 
64 102 
64 133 
64 25 
64 90 
64 101 
64 138 
64 157 
64 154 
64 129 
64 30 
64 15 
64 190 
64 27 
64 186 
64 74 
64 116 
64 49 
64 188 
64 167 
64 43 
64 171 
64 184 
64 120 
64 7 
64 115 
64 68 
64 145 
64 182 
64 73 
64 91 
64 111 
64 89 
64 47 
64 179 
64 146 
64 140 
64 155 
64 79 
64 3 
64 48 
64 112 
64 35 
64 95 
64 55 
64 189 
64 2 
64 103 
64 6 
64 9 
64 12 
64 66 
64 110 
64 125 
64 141 
64 58 
64 149 
64 92 
64 144 
64 1 
64 108 
64 172 
64 96 
64 65 
64 131 
64 142 
64 153 
64 99 
64 8 
64 106 
64 51 
64 36 
64 16 
64 130 
64 54 
64 183 
64 160 
64 187 
64 56 
64 11 
64 165 
64 174 
64 152 
64 33 
64 158 
64 80 
64 18 
64 139 
65 89 
65 129 
65 163 
65 184 
65 175 
65 111 
65 35 
65 178 
65 117 
65 96 
65 119 
65 133 
65 38 
65 49 
65 123 
65 25 
65 30 
65 115 
65 79 
65 103 
65 141 
65 0 
65 88 
65 86 
65 191 
65 50 
65 46 
65 74 
65 26 
65 10 
65 41 
65 6 
65 165 
65 152 
65 161 
65 182 
65 143 
65 144 
65 142 
65 181 
65 94 
65 72 
65 44 
65 22 
65 108 
65 82 
65 13 
65 18 
65 104 
65 63 
65 60 
65 53 
65 173 
65 164 
65 76 
65 54 
65 102 
65 68 
65 43 
65 138 
65 73 
65 27 
65 58 
65 171 
65 158 
65 157 
65 186 
65 17 
65 80 
65 162 
65 107 
65 47 
65 19 
65 33 
65 31 
65 110 
65 4 
65 7 
65 140 
65 75 
65 146 
65 3 
65 116 
65 126 
65 190 
65 149 
65 28 
65 134 
65 5 
65 145 
65 29 
65 169 
65 151 
65 69 
65 85 
65 8 
65 167 
65 188 
65 15 
65 98 
65 187 
65 84 
65 11 
65 92 
65 153 
65 56 
65 105 
65 136 
65 39 
65 61 
65 137 
65 24 
65 64 
65 120 
65 100 
65 106 
65 112 
65 118 
65 20 
65 83 
65 185 
65 128 
65 12 
65 95 
65 23 
65 90 
65 37 
65 170 
65 125 
65 122 
65 154 
65 101 
65 91 
65 51 
65 78 
65 36 
65 155 
65 32 
66 149 
66 47 
66 95 
66 36 
66 166 
66 53 
66 125 
66 0 
66 167 
66 70 
66 127 
66 88 
66 170 
66 72 
66 8 
66 161 
66 41 
66 16 
66 60 
66 159 
66 183 
66 81 
66 140 
66 101 
66 158 
66 113 
66 4 
66 184 
66 187 
66 39 
66 122 
66 139 
66 176 
66 142 
66 13 
66 55 
66 38 
66 93 
66 73 
66 76 
66 181 
66 18 
66 45 
66 115 
66 138 
66 99 
66 130 
66 188 
66 14 
66 163 
66 173 
66 12 
66 171 
66 52 
66 34 
66 37 
66 6 
66 102 
66 174 
66 154 
66 15 
66 3 
66 86 
66 29 
66 168 
66 180 
66 156 
66 7 
66 42 
66 178 
66 92 
66 90 
66 78 
66 169 
66 112 
66 74 
66 84 
66 80 
66 162 
66 110 
66 91 
66 118 
66 134 
66 32 
66 2 
66 17 
66 1 
66 59 
66 100 
66 79 
66 35 
66 21 
66 143 
66 155 
66 157 
66 62 
66 10 
66 50 
66 177 
66 64 
66 105 
66 186 
66 190 
66 19 
66 23 
66 185 
66 126 
66 63 
66 107 
66 128 
66 145 
66 54 
66 135 
66 96 
66 97 
66 120 
66 26 
66 11 
66 68 
66 25 
66 27 
66 57 
66 147 
66 28 
66 114 
66 179 
66 131 
66 132 
66 108 
66 123 
66 129 
66 164 
66 144 
66 182 
66 48 
66 51 
66 75 
66 106 
66 44 
66 119 
66 104 
66 71 
66 9 
66 24 
66 141 
66 160 
67 95 
67 79 
67 60 
67 132 
67 168 
67 74 
67 69 
67 126 
67 89 
67 172 
67 147 
67 127 
67 92 
67 24 
67 190 
67 53 
67 181 
67 103 
67 102 
67 63 
67 191 
67 17 
67 25 
67 33 
67 93 
67 173 
67 138 
67 143 
67 171 
67 26 
67 188 
67 13 
67 7 
67 178 
67 158 
67 97 
67 111 
67 182 
67 9 
67 64 
67 166 
67 122 
67 184 
67 153 
67 55 
67 94 
67 8 
67 32 
67 16 
67 113 
67 123 
67 62 
67 161 
67 156 
67 34 
67 83 
67 10 
67 20 
67 183 
67 128 
67 41 
67 40 
67 177 
67 157 
67 118 
67 169 
67 135 
67 109 
67 85 
67 160 
67 130 
67 187 
67 91 
67 2 
67 30 
67 100 
67 142 
67 110 
67 88 
67 149 
67 50 
67 189 
67 165 
67 105 
67 75 
67 108 
67 82 
67 48 
67 44 
67 174 
67 136 
67 31 
67 134 
67 42 
67 45 
67 164 
67 145 
67 52 
67 23 
67 38 
67 140 
67 3 
67 47 
67 185 
67 0 
67 22 
67 137 
67 101 
67 107 
67 162 
67 125 
67 119 
67 51 
67 1 
67 155 
67 14 
67 54 
67 68 
67 49 
67 61 
67 76 
67 141 
67 6 
67 5 
67 96 
67 58 
67 59 
67 57 
67 37 
67 18 
67 81 
67 117 
67 151 
67 84 
67 139 
67 80 
67 98 
67 19 
67 73 
68 85 
68 116 
68 104 
68 42 
68 41 
68 31 
68 2 
68 24 
68 90 
68 86 
68 84 
68 181 
68 45 
68 9 
68 107 
68 118 
68 106 
68 55 
68 81 
68 25 
68 36 
68 136 
68 100 
68 173 
68 156 
68 103 
68 188 
68 127 
68 33 
68 148 
68 10 
68 73 
68 44 
68 28 
68 177 
68 48 
68 128 
68 74 
68 157 
68 119 
68 120 
68 152 
68 130 
68 190 
68 141 
68 123 
68 165 
68 65 
68 180 
68 175 
68 89 
68 176 
68 170 
68 62 
68 126 
68 53 
68 114 
68 35 
68 160 
68 27 
68 94 
68 151 
68 64 
68 46 
68 129 
68 158 
68 34 
68 124 
68 179 
68 54 
68 132 
68 19 
68 72 
68 166 
68 186 
68 79 
68 71 
68 169 
68 143 
68 163 
68 56 
68 174 
68 91 
68 4 
68 153 
68 105 
68 185 
68 60 
68 125 
68 26 
68 82 
68 59 
68 112 
68 88 
68 101 
68 154 
68 75 
68 80 
68 144 
68 171 
68 76 
68 92 
68 1 
68 96 
68 16 
68 137 
68 7 
68 51 
68 30 
68 99 
68 168 
68 162 
68 142 
68 23 
68 149 
68 167 
68 184 
68 21 
68 159 
68 66 
68 161 
68 6 
68 39 
68 139 
68 22 
68 121 
68 115 
68 67 
68 87 
68 43 
68 77 
68 155 
68 20 
68 18 
68 146 
68 52 
68 49 
68 131 
68 150 
68 164 
68 183 
68 61 
68 147 
68 187 
68 11 
68 17 
68 182 
69 36 
69 140 
69 56 
69 64 
69 104 
69 154 
69 67 
69 114 
69 139 
69 165 
69 87 
69 182 
69 119 
69 18 
69 86 
69 53 
69 41 
69 47 
69 144 
69 45 
69 117 
69 109 
69 131 
69 179 
69 15 
69 84 
69 115 
69 189 
69 132 
69 91 
69 103 
69 63 
69 123 
69 98 
69 31 
69 158 
69 111 
69 190 
69 46 
69 176 
69 149 
69 57 
69 155 
69 21 
69 28 
69 159 
69 101 
69 51 
69 175 
69 27 
69 157 
69 19 
69 148 
69 136 
69 30 
69 164 
69 26 
69 191 
69 172 
69 124 
69 126 
69 108 
69 9 
69 88 
69 17 
69 142 
69 60 
69 6 
69 37 
69 173 
69 77 
69 78 
69 85 
69 178 
69 74 
69 61 
69 147 
69 141 
69 71 
69 52 
69 169 
69 162 
69 122 
69 116 
69 49 
69 106 
69 168 
69 42 
69 70 
69 185 
69 65 
69 105 
69 137 
69 146 
69 20 
69 32 
69 163 
69 130 
69 113 
69 177 
69 150 
69 102 
69 90 
69 7 
69 133 
69 160 
69 2 
69 11 
69 94 
69 76 
69 152 
69 3 
69 4 
69 125 
69 138 
69 24 
69 166 
69 40 
69 153 
69 121 
69 120 
69 35 
69 8 
69 112 
69 127 
69 151 
69 128 
69 156 
69 89 
69 100 
69 187 
69 186 
69 81 
69 29 
69 97 
69 34 
69 73 
69 55 
70 188 
70 106 
70 175 
70 133 
70 53 
70 83 
70 64 
70 0 
70 10 
70 66 
70 149 
70 131 
70 147 
70 169 
70 26 
70 57 
70 164 
70 79 
70 15 
70 61 
70 2 
70 114 
70 71 
70 21 
70 72 
70 91 
70 9 
70 182 
70 96 
70 51 
70 109 
70 156 
70 54 
70 12 
70 152 
70 42 
70 181 
70 124 
70 102 
70 78 
70 84 
70 191 
70 167 
70 163 
70 119 
70 94 
70 11 
70 104 
70 108 
70 40 
70 1 
70 122 
70 116 
70 45 
70 186 
70 161 
70 171 
70 151 
70 62 
70 43 
70 145 
70 178 
70 50 
70 52 
70 41 
70 33 
70 184 
70 37 
70 77 
70 187 
70 5 
70 136 
70 18 
70 28 
70 110 
70 123 
70 19 
70 90 
70 56 
70 99 
70 58 
70 121 
70 25 
70 101 
70 59 
70 23 
70 185 
70 49 
70 34 
70 100 
70 86 
70 35 
70 69 
70 95 
70 82 
70 46 
70 180 
70 126 
70 143 
70 85 
70 47 
70 190 
70 160 
70 158 
70 22 
70 3 
70 60 
70 17 
70 7 
70 137 
70 36 
70 130 
70 39 
70 173 
70 113 
70 38 
70 112 
70 120 
70 172 
70 128 
70 166 
70 76 
70 146 
70 142 
70 168 
70 32 
70 162 
70 93 
70 150 
70 105 
70 81 
70 189 
71 154 
71 85 
71 125 
71 54 
71 33 
71 178 
71 86 
71 141 
71 110 
71 57 
71 47 
71 64 
71 75 
71 88 
71 32 
71 41 
71 4 
71 79 
71 169 
71 151 
71 176 
71 188 
71 81 
71 128 
71 24 
71 70 
71 182 
71 48 
71 43 
71 167 
71 136 
71 121 
71 144 
71 59 
71 62 
71 165 
71 161 
71 171 
71 72 
71 181 
71 20 
71 166 
71 184 
71 168 
71 34 
71 53 
71 36 
71 186 
71 83 
71 107 
71 172 
71 90 
71 1 
71 123 
71 55 
71 174 
71 80 
71 22 
71 118 
71 87 
71 131 
71 11 
71 8 
71 191 
71 116 
71 13 
71 147 
71 145 
71 96 
71 112 
71 46 
71 40 
71 23 
71 148 
71 115 
71 142 
71 120 
71 159 
71 109 
71 185 
71 92 
71 51 
71 157 
71 102 
71 28 
71 111 
71 152 
71 68 
71 38 
71 58 
71 69 
71 163 
71 126 
71 160 
71 37 
71 30 
71 122 
71 173 
71 177 
71 101 
71 189 
71 7 
71 190 
71 175 
71 155 
71 153 
71 170 
71 31 
71 103 
71 158 
71 15 
71 106 
71 133 
71 119 
71 150 
71 77 
71 132 
71 179 
71 93 
71 124 
71 97 
71 61 
71 146 
71 180 
71 137 
71 5 
71 45 
71 143 
71 39 
71 135 
71 21 
71 56 
71 17 
71 18 
71 138 
71 91 
71 127 
71 60 
71 66 
71 44 
71 78 
71 29 
72 31 
72 80 
72 138 
72 156 
72 103 
72 147 
72 95 
72 15 
72 170 
72 162 
72 166 
72 66 
72 125 
72 53 
72 90 
72 154 
72 188 
72 168 
72 81 
72 121 
72 54 
72 139 
72 116 
72 102 
72 70 
72 18 
72 135 
72 158 
72 65 
72 12 
72 60 
72 115 
72 152 
72 37 
72 114 
72 96 
72 4 
72 140 
72 45 
72 159 
72 164 
72 49 
72 149 
72 71 
72 177 
72 109 
72 153 
72 101 
72 25 
72 62 
72 175 
72 131 
72 30 
72 36 
72 26 
72 20 
72 107 
72 180 
72 124 
72 150 
72 75 
72 141 
72 21 
72 61 
72 47 
72 42 
72 16 
72 2 
72 91 
72 126 
72 181 
72 134 
72 7 
72 108 
72 24 
72 97 
72 11 
72 86 
72 68 
72 38 
72 51 
72 85 
72 185 
72 122 
72 41 
72 13 
72 161 
72 117 
72 178 
72 105 
72 189 
72 87 
72 6 
72 33 
72 43 
72 163 
72 187 
72 111 
72 106 
72 167 
72 3 
72 155 
72 100 
72 78 
72 98 
72 46 
72 179 
72 92 
72 165 
72 89 
72 5 
72 143 
72 28 
72 176 
72 137 
72 34 
72 129 
72 8 
72 146 
72 48 
72 14 
72 57 
72 182 
72 148 
72 77 
72 35 
72 63 
72 10 
72 88 
72 123 
72 79 
72 50 
72 58 
72 172 
72 84 
72 0 
72 83 
72 110 
72 144 
72 73 
72 190 
72 93 
72 174 
72 55 
72 133 
72 142 
72 113 
73 25 
73 7 
73 162 
73 181 
73 119 
73 48 
73 136 
73 110 
73 62 
73 17 
73 171 
73 189 
73 75 
73 184 
73 35 
73 55 
73 124 
73 174 
73 191 
73 142 
73 148 
73 76 
73 56 
73 116 
73 47 
73 172 
73 33 
73 188 
73 143 
73 68 
73 66 
73 21 
73 96 
73 4 
73 10 
73 190 
73 19 
73 36 
73 27 
73 170 
73 146 
73 90 
73 51 
73 54 
73 126 
73 29 
73 106 
73 60 
73 92 
73 52 
73 42 
73 83 
73 65 
73 154 
73 122 
73 85 
73 98 
73 99 
73 145 
73 32 
73 123 
73 167 
73 20 
73 157 
73 84 
73 41 
73 158 
73 37 
73 128 
73 64 
73 108 
73 50 
73 53 
73 2 
73 49 
73 132 
73 61 
73 74 
73 169 
73 173 
73 11 
73 18 
73 160 
73 147 
73 8 
73 150 
73 23 
73 144 
73 24 
73 63 
73 185 
73 140 
73 149 
73 91 
73 118 
73 95 
73 141 
73 38 
73 134 
73 30 
73 44 
73 137 
73 156 
73 138 
73 112 
73 120 
73 5 
73 152 
73 87 
73 16 
73 3 
73 178 
73 129 
73 34 
73 15 
73 22 
73 12 
73 159 
73 131 
73 6 
73 31 
73 1 
73 77 
73 93 
73 80 
73 180 
73 39 
73 166 
73 0 
73 57 
73 101 
73 13 
73 97 
73 111 
73 86 
73 105 
73 187 
73 165 
73 72 
73 88 
73 43 
73 183 
73 67 
73 104 
73 69 
73 81 
74 13 
74 100 
74 48 
74 14 
74 139 
74 54 
74 67 
74 43 
74 34 
74 141 
74 31 
74 124 
74 119 
74 102 
74 104 
74 65 
74 53 
74 55 
74 188 
74 130 
74 110 
74 180 
74 33 
74 81 
74 140 
74 15 
74 7 
74 113 
74 189 
74 174 
74 179 
74 142 
74 177 
74 10 
74 52 
74 95 
74 97 
74 145 
74 129 
74 44 
74 27 
74 6 
74 68 
74 133 
74 148 
74 96 
74 56 
74 101 
74 160 
74 37 
74 162 
74 94 
74 86 
74 30 
74 128 
74 163 
74 28 
74 105 
74 64 
74 134 
74 98 
74 18 
74 57 
74 103 
74 115 
74 47 
74 158 
74 76 
74 138 
74 85 
74 111 
74 79 
74 118 
74 26 
74 143 
74 73 
74 173 
74 9 
74 1 
74 132 
74 16 
74 66 
74 99 
74 151 
74 41 
74 69 
74 135 
74 122 
74 25 
74 0 
74 87 
74 35 
74 170 
74 125 
74 11 
74 107 
74 45 
74 89 
74 183 
74 171 
74 58 
74 80 
74 126 
74 114 
74 172 
74 51 
74 152 
74 92 
74 17 
74 159 
74 123 
74 112 
74 82 
74 175 
74 78 
74 185 
74 84 
74 77 
74 154 
74 190 
74 50 
74 91 
74 93 
74 108 
74 20 
74 8 
74 61 
74 191 
74 5 
74 120 
74 144 
74 3 
74 165 
74 59 
74 63 
74 186 
74 155 
74 168 
74 49 
74 12 
74 46 
74 116 
75 90 
75 106 
75 125 
75 132 
75 184 
75 27 
75 49 
75 71 
75 25 
75 98 
75 2 
75 55 
75 131 
75 119 
75 6 
75 73 
75 127 
75 88 
75 87 
75 140 
75 158 
75 113 
75 174 
75 76 
75 44 
75 185 
75 183 
75 145 
75 31 
75 146 
75 191 
75 21 
75 89 
75 152 
75 129 
75 46 
75 165 
75 143 
75 38 
75 180 
75 101 
75 124 
75 62 
75 150 
75 137 
75 92 
75 63 
75 58 
75 128 
75 9 
75 42 
75 72 
75 16 
75 133 
75 54 
75 170 
75 83 
75 93 
75 20 
75 190 
75 86 
75 19 
75 33 
75 151 
75 24 
75 12 
75 109 
75 39 
75 179 
75 5 
75 171 
75 59 
75 104 
75 130 
75 164 
75 81 
75 84 
75 138 
75 91 
75 65 
75 94 
75 67 
75 178 
75 36 
75 41 
75 176 
75 116 
75 173 
75 77 
75 142 
75 122 
75 79 
75 149 
75 68 
75 50 
75 29 
75 144 
75 80 
75 182 
75 112 
75 7 
75 103 
75 51 
75 148 
75 45 
75 107 
75 110 
75 167 
75 57 
75 17 
75 166 
75 139 
75 53 
75 26 
75 47 
75 135 
75 114 
75 186 
75 163 
75 52 
75 105 
75 85 
75 160 
75 48 
75 155 
75 32 
75 37 
75 97 
75 40 
75 100 
75 66 
75 99 
75 147 
75 187 
75 95 
75 1 
75 118 
75 123 
76 180 
76 108 
76 154 
76 5 
76 55 
76 81 
76 145 
76 171 
76 33 
76 25 
76 0 
76 132 
76 53 
76 12 
76 58 
76 139 
76 107 
76 168 
76 82 
76 148 
76 101 
76 61 
76 143 
76 6 
76 27 
76 133 
76 24 
76 49 
76 75 
76 120 
76 73 
76 127 
76 42 
76 36 
76 31 
76 188 
76 60 
76 66 
76 35 
76 162 
76 64 
76 112 
76 157 
76 123 
76 9 
76 121 
76 144 
76 189 
76 170 
76 135 
76 100 
76 177 
76 54 
76 161 
76 1 
76 4 
76 38 
76 43 
76 40 
76 88 
76 65 
76 186 
76 150 
76 2 
76 116 
76 117 
76 122 
76 182 
76 106 
76 22 
76 11 
76 141 
76 26 
76 78 
76 174 
76 129 
76 118 
76 29 
76 20 
76 167 
76 7 
76 74 
76 119 
76 89 
76 95 
76 151 
76 37 
76 34 
76 103 
76 111 
76 172 
76 15 
76 104 
76 191 
76 93 
76 17 
76 84 
76 39 
76 110 
76 105 
76 156 
76 50 
76 125 
76 169 
76 190 
76 164 
76 96 
76 131 
76 137 
76 68 
76 134 
76 159 
76 28 
76 30 
76 99 
76 94 
76 152 
76 79 
76 18 
76 44 
76 115 
76 21 
76 23 
76 69 
76 91 
76 124 
76 92 
76 146 
76 67 
76 46 
76 183 
76 102 
76 97 
76 86 
76 62 
76 70 
76 114 
76 77 
76 90 
76 48 
76 147 
76 163 
76 153 
76 63 
76 158 
76 130 
76 56 
76 165 
76 41 
76 85 
77 59 
77 38 
77 0 
77 106 
77 157 
77 64 
77 127 
77 133 
77 128 
77 139 
77 111 
77 23 
77 140 
77 146 
77 169 
77 39 
77 2 
77 57 
77 141 
77 171 
77 175 
77 14 
77 137 
77 85 
77 120 
77 110 
77 159 
77 43 
77 95 
77 15 
77 158 
77 44 
77 94 
77 148 
77 60 
77 90 
77 142 
77 160 
77 184 
77 96 
77 3 
77 122 
77 24 
77 62 
77 36 
77 21 
77 118 
77 11 
77 83 
77 181 
77 54 
77 103 
77 113 
77 135 
77 109 
77 49 
77 170 
77 114 
77 104 
77 102 
77 63 
77 117 
77 138 
77 143 
77 22 
77 47 
77 78 
77 179 
77 29 
77 172 
77 25 
77 37 
77 70 
77 34 
77 168 
77 173 
77 69 
77 125 
77 100 
77 40 
77 97 
77 75 
77 84 
77 5 
77 93 
77 116 
77 7 
77 27 
77 186 
77 164 
77 91 
77 155 
77 149 
77 32 
77 89 
77 162 
77 79 
77 53 
77 147 
77 88 
77 107 
77 4 
77 9 
77 151 
77 71 
77 191 
77 190 
77 174 
77 8 
77 182 
77 17 
77 12 
77 187 
77 154 
77 74 
77 73 
77 31 
77 26 
77 58 
77 68 
77 13 
77 50 
77 18 
77 72 
77 76 
77 145 
77 166 
77 1 
77 30 
77 16 
77 112 
77 123 
77 189 
77 144 
77 152 
77 33 
77 48 
78 21 
78 142 
78 43 
78 175 
78 129 
78 135 
78 178 
78 63 
78 10 
78 190 
78 157 
78 123 
78 107 
78 16 
78 133 
78 151 
78 146 
78 150 
78 179 
78 62 
78 147 
78 59 
78 159 
78 88 
78 51 
78 167 
78 3 
78 145 
78 141 
78 177 
78 44 
78 154 
78 103 
78 116 
78 24 
78 70 
78 137 
78 89 
78 19 
78 122 
78 82 
78 50 
78 160 
78 1 
78 174 
78 33 
78 42 
78 165 
78 101 
78 7 
78 162 
78 97 
78 119 
78 108 
78 152 
78 131 
78 130 
78 38 
78 60 
78 102 
78 85 
78 185 
78 32 
78 30 
78 188 
78 115 
78 104 
78 109 
78 140 
78 27 
78 76 
78 117 
78 91 
78 77 
78 143 
78 55 
78 105 
78 22 
78 149 
78 53 
78 100 
78 118 
78 37 
78 2 
78 66 
78 90 
78 161 
78 121 
78 69 
78 139 
78 13 
78 87 
78 112 
78 36 
78 114 
78 163 
78 26 
78 106 
78 96 
78 182 
78 138 
78 170 
78 110 
78 5 
78 72 
78 80 
78 25 
78 81 
78 34 
78 74 
78 166 
78 164 
78 17 
78 20 
78 4 
78 183 
78 52 
78 49 
78 136 
78 83 
78 93 
78 18 
78 46 
78 153 
78 187 
78 126 
78 39 
78 181 
78 186 
78 35 
78 54 
78 155 
78 12 
78 134 
78 40 
78 132 
78 180 
78 111 
78 86 
78 95 
78 172 
78 45 
78 120 
78 29 
78 65 
78 173 
78 6 
78 92 
78 71 
78 14 
78 127 
79 142 
79 86 
79 124 
79 28 
79 67 
79 17 
79 131 
79 136 
79 44 
79 103 
79 164 
79 130 
79 171 
79 156 
79 33 
79 150 
79 71 
79 187 
79 139 
79 65 
79 106 
79 186 
79 2 
79 157 
79 16 
79 52 
79 95 
79 70 
79 51 
79 163 
79 162 
79 170 
79 10 
79 11 
79 39 
79 132 
79 137 
79 114 
79 120 
79 30 
79 126 
79 57 
79 167 
79 133 
79 35 
79 87 
79 119 
79 128 
79 82 
79 146 
79 1 
79 13 
79 38 
79 0 
79 175 
79 96 
79 15 
79 34 
79 7 
79 53 
79 172 
79 179 
79 190 
79 23 
79 50 
79 189 
79 89 
79 116 
79 88 
79 117 
79 144 
79 20 
79 166 
79 60 
79 134 
79 74 
79 59 
79 63 
79 174 
79 18 
79 68 
79 90 
79 47 
79 184 
79 45 
79 145 
79 54 
79 41 
79 64 
79 127 
79 113 
79 135 
79 40 
79 99 
79 43 
79 147 
79 75 
79 93 
79 26 
79 66 
79 191 
79 85 
79 107 
79 46 
79 185 
79 77 
79 177 
79 76 
79 159 
79 182 
79 165 
79 19 
79 176 
79 97 
79 24 
79 118 
79 151 
79 169 
79 4 
79 111 
79 25 
79 158 
79 141 
79 80 
79 94 
79 153 
79 29 
79 188 
79 58 
79 173 
79 14 
79 72 
79 123 
79 183 
79 168 
79 27 
79 152 
79 129 
79 100 
79 9 
79 48 
79 21 
79 148 
79 180 
79 101 
79 84 
79 62 
79 121 
79 32 
80 30 
80 72 
80 112 
80 4 
80 156 
80 177 
80 57 
80 152 
80 90 
80 26 
80 62 
80 29 
80 98 
80 59 
80 162 
80 3 
80 189 
80 45 
80 167 
80 113 
80 81 
80 144 
80 7 
80 116 
80 188 
80 52 
80 122 
80 158 
80 38 
80 123 
80 16 
80 185 
80 85 
80 178 
80 22 
80 53 
80 33 
80 46 
80 165 
80 43 
80 139 
80 71 
80 88 
80 6 
80 23 
80 120 
80 118 
80 17 
80 127 
80 137 
80 65 
80 182 
80 180 
80 12 
80 126 
80 175 
80 41 
80 108 
80 117 
80 8 
80 100 
80 124 
80 93 
80 161 
80 50 
80 168 
80 34 
80 66 
80 49 
80 131 
80 163 
80 35 
80 5 
80 160 
80 102 
80 103 
80 170 
80 28 
80 186 
80 157 
80 176 
80 101 
80 142 
80 133 
80 159 
80 55 
80 68 
80 84 
80 74 
80 19 
80 136 
80 75 
80 39 
80 130 
80 78 
80 114 
80 11 
80 106 
80 10 
80 2 
80 115 
80 15 
80 42 
80 54 
80 191 
80 21 
80 155 
80 147 
80 73 
80 174 
80 109 
80 164 
80 31 
80 61 
80 79 
80 24 
80 94 
80 60 
80 1 
80 111 
80 0 
80 64 
80 104 
80 67 
80 184 
80 58 
80 37 
80 92 
80 134 
80 40 
80 179 
80 14 
81 32 
81 52 
81 125 
81 76 
81 180 
81 136 
81 27 
81 10 
81 159 
81 35 
81 64 
81 54 
81 105 
81 72 
81 48 
81 71 
81 163 
81 109 
81 93 
81 25 
81 45 
81 119 
81 66 
81 80 
81 130 
81 0 
81 142 
81 74 
81 56 
81 6 
81 68 
81 8 
81 57 
81 98 
81 115 
81 47 
81 143 
81 37 
81 157 
81 12 
81 92 
81 186 
81 138 
81 182 
81 104 
81 18 
81 14 
81 168 
81 189 
81 13 
81 146 
81 113 
81 88 
81 161 
81 24 
81 63 
81 141 
81 43 
81 61 
81 172 
81 59 
81 4 
81 116 
81 183 
81 134 
81 170 
81 102 
81 132 
81 139 
81 187 
81 44 
81 177 
81 148 
81 174 
81 100 
81 99 
81 86 
81 191 
81 30 
81 149 
81 156 
81 133 
81 114 
81 124 
81 34 
81 96 
81 110 
81 75 
81 128 
81 21 
81 15 
81 108 
81 154 
81 166 
81 188 
81 38 
81 120 
81 41 
81 60 
81 111 
81 49 
81 58 
81 94 
81 1 
81 103 
81 33 
81 89 
81 40 
81 39 
81 126 
81 50 
81 78 
81 158 
81 147 
81 87 
81 28 
81 122 
81 112 
81 117 
81 184 
81 3 
81 29 
81 22 
81 121 
81 169 
81 51 
81 17 
81 162 
81 101 
81 175 
81 67 
81 127 
81 69 
81 7 
81 160 
81 171 
81 70 
81 73 
81 123 
82 63 
82 62 
82 5 
82 83 
82 96 
82 88 
82 139 
82 169 
82 64 
82 171 
82 45 
82 188 
82 166 
82 76 
82 85 
82 177 
82 51 
82 15 
82 124 
82 102 
82 153 
82 48 
82 149 
82 50 
82 106 
82 101 
82 8 
82 155 
82 40 
82 0 
82 33 
82 65 
82 120 
82 49 
82 159 
82 165 
82 133 
82 79 
82 114 
82 26 
82 178 
82 78 
82 167 
82 174 
82 137 
82 183 
82 129 
82 162 
82 112 
82 98 
82 131 
82 173 
82 146 
82 23 
82 19 
82 20 
82 21 
82 160 
82 161 
82 29 
82 47 
82 94 
82 147 
82 140 
82 4 
82 56 
82 37 
82 134 
82 84 
82 27 
82 16 
82 100 
82 39 
82 117 
82 52 
82 95 
82 107 
82 136 
82 67 
82 145 
82 57 
82 138 
82 190 
82 68 
82 156 
82 1 
82 179 
82 126 
82 144 
82 103 
82 135 
82 180 
82 70 
82 90 
82 24 
82 74 
82 41 
82 130 
82 121 
82 18 
82 128 
82 158 
82 143 
82 89 
82 108 
82 3 
82 189 
82 44 
82 127 
82 59 
82 11 
82 186 
82 157 
82 25 
82 54 
82 123 
82 119 
82 105 
82 10 
82 6 
82 34 
82 60 
82 87 
82 14 
82 187 
82 38 
82 151 
82 7 
82 176 
82 125 
82 148 
82 28 
83 82 
83 188 
83 70 
83 58 
83 56 
83 138 
83 0 
83 27 
83 19 
83 143 
83 16 
83 124 
83 174 
83 120 
83 18 
83 121 
83 17 
83 126 
83 15 
83 111 
83 37 
83 175 
83 95 
83 167 
83 33 
83 106 
83 98 
83 99 
83 94 
83 93 
83 104 
83 101 
83 38 
83 109 
83 142 
83 86 
83 46 
83 152 
83 113 
83 161 
83 71 
83 117 
83 77 
83 1 
83 127 
83 10 
83 92 
83 135 
83 125 
83 14 
83 6 
83 60 
83 84 
83 90 
83 179 
83 73 
83 75 
83 67 
83 154 
83 31 
83 21 
83 146 
83 177 
83 191 
83 139 
83 114 
83 63 
83 132 
83 128 
83 136 
83 29 
83 25 
83 47 
83 189 
83 85 
83 42 
83 32 
83 96 
83 54 
83 35 
83 141 
83 107 
83 108 
83 122 
83 133 
83 130 
83 158 
83 26 
83 159 
83 180 
83 134 
83 89 
83 49 
83 91 
83 30 
83 61 
83 184 
83 52 
83 34 
83 176 
83 9 
83 163 
83 3 
83 40 
83 62 
83 172 
83 50 
83 129 
83 78 
83 169 
83 5 
83 24 
83 87 
83 165 
83 103 
83 39 
83 148 
83 168 
83 48 
83 65 
83 8 
83 13 
83 123 
83 2 
83 102 
83 155 
83 100 
83 110 
83 72 
83 105 
83 20 
83 12 
83 131 
83 170 
84 89 
84 45 
84 183 
84 173 
84 160 
84 11 
84 180 
84 138 
84 131 
84 133 
84 132 
84 25 
84 61 
84 68 
84 117 
84 63 
84 95 
84 102 
84 120 
84 56 
84 179 
84 47 
84 161 
84 121 
84 69 
84 19 
84 118 
84 122 
84 129 
84 124 
84 114 
84 185 
84 127 
84 188 
84 24 
84 70 
84 57 
84 49 
84 31 
84 147 
84 153 
84 42 
84 35 
84 40 
84 115 
84 55 
84 83 
84 52 
84 38 
84 51 
84 3 
84 156 
84 171 
84 144 
84 157 
84 110 
84 73 
84 48 
84 85 
84 14 
84 99 
84 148 
84 101 
84 190 
84 128 
84 149 
84 60 
84 82 
84 136 
84 75 
84 10 
84 66 
84 169 
84 20 
84 76 
84 143 
84 22 
84 1 
84 77 
84 50 
84 26 
84 32 
84 146 
84 96 
84 107 
84 125 
84 123 
84 54 
84 80 
84 9 
84 34 
84 152 
84 184 
84 2 
84 145 
84 134 
84 175 
84 65 
84 176 
84 108 
84 41 
84 0 
84 30 
84 106 
84 158 
84 189 
84 135 
84 74 
84 87 
84 181 
84 36 
84 159 
84 6 
84 15 
84 23 
84 12 
84 126 
84 113 
84 178 
84 8 
84 21 
84 170 
84 155 
84 39 
84 72 
84 168 
84 154 
84 142 
84 67 
84 177 
84 94 
84 140 
84 137 
84 79 
84 90 
84 187 
84 186 
84 112 
85 71 
85 46 
85 68 
85 100 
85 114 
85 32 
85 95 
85 59 
85 0 
85 139 
85 107 
85 96 
85 27 
85 21 
85 36 
85 126 
85 173 
85 160 
85 82 
85 154 
85 122 
85 115 
85 55 
85 77 
85 87 
85 110 
85 94 
85 142 
85 190 
85 169 
85 6 
85 41 
85 92 
85 80 
85 109 
85 180 
85 184 
85 93 
85 172 
85 104 
85 61 
85 164 
85 113 
85 136 
85 166 
85 177 
85 88 
85 130 
85 42 
85 99 
85 191 
85 29 
85 112 
85 103 
85 33 
85 127 
85 187 
85 73 
85 78 
85 167 
85 161 
85 156 
85 119 
85 171 
85 16 
85 84 
85 86 
85 150 
85 34 
85 188 
85 74 
85 185 
85 67 
85 11 
85 174 
85 25 
85 13 
85 8 
85 83 
85 69 
85 72 
85 40 
85 186 
85 155 
85 132 
85 47 
85 143 
85 124 
85 125 
85 45 
85 48 
85 2 
85 12 
85 120 
85 134 
85 49 
85 105 
85 4 
85 168 
85 179 
85 65 
85 30 
85 60 
85 79 
85 70 
85 1 
85 149 
85 123 
85 133 
85 28 
85 56 
85 53 
85 52 
85 14 
85 9 
85 163 
85 151 
85 138 
85 22 
85 37 
85 18 
85 75 
85 58 
85 145 
85 181 
85 135 
85 176 
85 38 
85 102 
85 165 
85 7 
85 54 
85 146 
85 144 
85 76 
85 106 
85 116 
86 6 
86 136 
86 79 
86 54 
86 116 
86 99 
86 105 
86 71 
86 170 
86 190 
86 44 
86 29 
86 162 
86 68 
86 18 
86 62 
86 65 
86 111 
86 130 
86 69 
86 142 
86 89 
86 102 
86 91 
86 100 
86 16 
86 58 
86 167 
86 118 
86 117 
86 150 
86 19 
86 41 
86 49 
86 25 
86 90 
86 83 
86 161 
86 164 
86 61 
86 169 
86 57 
86 175 
86 119 
86 129 
86 141 
86 93 
86 124 
86 33 
86 15 
86 134 
86 188 
86 139 
86 185 
86 112 
86 113 
86 104 
86 14 
86 2 
86 74 
86 149 
86 176 
86 9 
86 122 
86 123 
86 75 
86 66 
86 155 
86 22 
86 153 
86 5 
86 107 
86 81 
86 48 
86 85 
86 92 
86 40 
86 191 
86 179 
86 177 
86 115 
86 27 
86 4 
86 101 
86 151 
86 128 
86 133 
86 72 
86 184 
86 97 
86 125 
86 96 
86 156 
86 34 
86 31 
86 42 
86 7 
86 8 
86 131 
86 70 
86 3 
86 145 
86 126 
86 35 
86 12 
86 132 
86 106 
86 178 
86 30 
86 43 
86 172 
86 147 
86 39 
86 140 
86 87 
86 53 
86 60 
86 121 
86 187 
86 103 
86 166 
86 171 
86 56 
86 174 
86 55 
86 95 
86 98 
86 20 
86 1 
86 146 
86 76 
86 0 
86 160 
86 26 
86 78 
86 183 
86 165 
86 63 
86 73 
86 23 
86 59 
86 120 
86 94 
86 158 
87 89 
87 50 
87 168 
87 148 
87 142 
87 151 
87 152 
87 4 
87 180 
87 30 
87 38 
87 184 
87 166 
87 154 
87 54 
87 69 
87 150 
87 144 
87 2 
87 160 
87 93 
87 136 
87 6 
87 62 
87 60 
87 64 
87 178 
87 46 
87 119 
87 75 
87 133 
87 18 
87 85 
87 104 
87 155 
87 20 
87 16 
87 5 
87 79 
87 90 
87 36 
87 45 
87 103 
87 134 
87 190 
87 33 
87 43 
87 39 
87 47 
87 56 
87 63 
87 176 
87 157 
87 153 
87 131 
87 159 
87 29 
87 28 
87 165 
87 108 
87 27 
87 71 
87 102 
87 42 
87 191 
87 120 
87 181 
87 51 
87 126 
87 116 
87 23 
87 185 
87 59 
87 61 
87 97 
87 94 
87 174 
87 169 
87 98 
87 11 
87 57 
87 78 
87 34 
87 95 
87 10 
87 74 
87 72 
87 115 
87 172 
87 7 
87 112 
87 128 
87 171 
87 52 
87 14 
87 143 
87 0 
87 26 
87 24 
87 35 
87 91 
87 22 
87 44 
87 127 
87 3 
87 107 
87 105 
87 86 
87 101 
87 132 
87 81 
87 73 
87 147 
87 162 
87 84 
87 138 
87 110 
87 25 
87 83 
87 121 
87 122 
87 177 
87 13 
87 141 
87 68 
87 99 
87 156 
87 140 
87 161 
87 19 
87 145 
87 49 
87 186 
87 17 
87 175 
87 170 
87 82 
87 48 
87 12 
87 188 
87 92 
87 31 
87 41 
87 88 
87 135 
88 27 
88 82 
88 156 
88 16 
88 186 
88 135 
88 161 
88 150 
88 159 
88 0 
88 3 
88 104 
88 190 
88 141 
88 71 
88 66 
88 179 
88 50 
88 23 
88 118 
88 117 
88 184 
88 65 
88 183 
88 98 
88 99 
88 108 
88 90 
88 63 
88 134 
88 110 
88 11 
88 153 
88 75 
88 154 
88 10 
88 78 
88 96 
88 187 
88 44 
88 37 
88 19 
88 146 
88 1 
88 58 
88 162 
88 111 
88 112 
88 54 
88 94 
88 31 
88 89 
88 85 
88 33 
88 144 
88 109 
88 76 
88 81 
88 137 
88 185 
88 80 
88 34 
88 42 
88 24 
88 139 
88 122 
88 142 
88 21 
88 125 
88 79 
88 157 
88 158 
88 178 
88 116 
88 173 
88 18 
88 38 
88 130 
88 56 
88 100 
88 46 
88 106 
88 22 
88 129 
88 14 
88 69 
88 143 
88 128 
88 160 
88 61 
88 149 
88 164 
88 29 
88 67 
88 113 
88 53 
88 145 
88 55 
88 121 
88 127 
88 43 
88 147 
88 166 
88 57 
88 136 
88 59 
88 62 
88 68 
88 91 
88 138 
88 48 
88 169 
88 32 
88 95 
88 39 
88 77 
88 8 
88 114 
88 107 
88 181 
88 7 
88 168 
88 188 
88 189 
88 9 
88 103 
88 171 
88 148 
88 123 
88 131 
88 51 
88 49 
88 124 
88 72 
88 170 
88 26 
88 52 
88 165 
88 182 
88 132 
88 30 
88 119 
88 180 
88 73 
88 87 
88 97 
89 87 
89 65 
89 61 
89 84 
89 120 
89 140 
89 135 
89 145 
89 67 
89 100 
89 123 
89 121 
89 18 
89 156 
89 12 
89 45 
89 56 
89 179 
89 26 
89 36 
89 21 
89 27 
89 138 
89 159 
89 126 
89 30 
89 97 
89 157 
89 86 
89 31 
89 189 
89 110 
89 102 
89 15 
89 116 
89 111 
89 139 
89 42 
89 11 
89 177 
89 152 
89 75 
89 33 
89 0 
89 155 
89 169 
89 168 
89 78 
89 22 
89 167 
89 188 
89 58 
89 141 
89 88 
89 112 
89 162 
89 6 
89 25 
89 44 
89 133 
89 57 
89 68 
89 95 
89 125 
89 55 
89 79 
89 184 
89 108 
89 54 
89 46 
89 143 
89 34 
89 8 
89 76 
89 174 
89 64 
89 40 
89 105 
89 50 
89 185 
89 4 
89 149 
89 129 
89 5 
89 63 
89 136 
89 17 
89 53 
89 132 
89 20 
89 1 
89 99 
89 183 
89 127 
89 59 
89 10 
89 35 
89 175 
89 115 
89 83 
89 32 
89 28 
89 74 
89 107 
89 38 
89 93 
89 62 
89 77 
89 14 
89 81 
89 128 
89 90 
89 186 
89 164 
89 3 
89 113 
89 191 
89 72 
89 47 
89 178 
89 158 
89 122 
89 101 
89 117 
89 82 
89 37 
89 43 
89 118 
89 7 
89 16 
89 24 
89 181 
89 119 
89 23 
89 60 
89 52 
89 151 
89 187 
89 109 
89 142 
89 69 
89 163 
89 2 
89 130 
89 96 
89 41 
89 147 
90 120 
90 75 
90 23 
90 190 
90 164 
90 129 
90 158 
90 25 
90 40 
90 80 
90 183 
90 68 
90 188 
90 130 
90 72 
90 152 
90 22 
90 88 
90 165 
90 180 
90 184 
90 33 
90 100 
90 54 
90 149 
90 59 
90 47 
90 178 
90 3 
90 157 
90 161 
90 58 
90 185 
90 107 
90 77 
90 134 
90 87 
90 17 
90 55 
90 86 
90 35 
90 20 
90 131 
90 133 
90 141 
90 11 
90 181 
90 53 
90 135 
90 96 
90 73 
90 114 
90 117 
90 99 
90 113 
90 71 
90 64 
90 119 
90 160 
90 46 
90 83 
90 123 
90 186 
90 174 
90 44 
90 14 
90 144 
90 163 
90 140 
90 57 
90 148 
90 116 
90 5 
90 93 
90 108 
90 10 
90 127 
90 115 
90 132 
90 122 
90 66 
90 6 
90 78 
90 128 
90 146 
90 16 
90 70 
90 50 
90 105 
90 101 
90 79 
90 60 
90 62 
90 48 
90 51 
90 30 
90 176 
90 9 
90 32 
90 150 
90 170 
90 103 
90 169 
90 52 
90 175 
90 21 
90 172 
90 34 
90 82 
90 61 
90 142 
90 45 
90 42 
90 89 
90 189 
90 155 
90 26 
90 69 
90 191 
90 137 
90 166 
90 7 
90 8 
90 154 
90 167 
90 28 
90 37 
90 153 
90 56 
90 63 
90 19 
90 97 
90 39 
90 177 
90 110 
90 65 
90 38 
90 76 
90 121 
90 118 
90 136 
90 125 
90 41 
90 4 
90 49 
90 171 
90 36 
90 179 
90 84 
90 13 
91 18 
91 185 
91 105 
91 94 
91 135 
91 12 
91 21 
91 170 
91 136 
91 44 
91 147 
91 126 
91 14 
91 164 
91 157 
91 134 
91 169 
91 22 
91 106 
91 70 
91 102 
91 5 
91 86 
91 120 
91 15 
91 116 
91 49 
91 54 
91 99 
91 103 
91 6 
91 47 
91 190 
91 152 
91 69 
91 42 
91 163 
91 32 
91 96 
91 13 
91 131 
91 127 
91 189 
91 23 
91 107 
91 180 
91 59 
91 159 
91 61 
91 121 
91 165 
91 144 
91 118 
91 145 
91 111 
91 93 
91 0 
91 24 
91 156 
91 112 
91 119 
91 166 
91 123 
91 183 
91 168 
91 78 
91 72 
91 38 
91 1 
91 139 
91 64 
91 56 
91 10 
91 153 
91 101 
91 130 
91 117 
91 20 
91 191 
91 67 
91 176 
91 161 
91 75 
91 60 
91 7 
91 167 
91 97 
91 68 
91 66 
91 172 
91 88 
91 77 
91 160 
91 83 
91 31 
91 179 
91 73 
91 28 
91 45 
91 177 
91 36 
91 133 
91 87 
91 115 
91 53 
91 113 
91 114 
91 19 
91 146 
91 154 
91 132 
91 55 
91 178 
91 4 
91 108 
91 173 
91 109 
91 125 
91 188 
91 29 
91 149 
91 76 
91 57 
91 110 
91 3 
91 141 
91 74 
91 122 
91 187 
91 142 
91 52 
91 58 
91 175 
91 148 
91 128 
91 48 
91 71 
91 65 
91 92 
91 98 
91 104 
91 155 
91 26 
91 174 
91 37 
91 62 
91 34 
92 114 
92 119 
92 129 
92 47 
92 141 
92 105 
92 146 
92 54 
92 167 
92 59 
92 37 
92 155 
92 55 
92 100 
92 30 
92 67 
92 56 
92 118 
92 57 
92 11 
92 182 
92 29 
92 21 
92 12 
92 127 
92 128 
92 15 
92 13 
92 81 
92 144 
92 45 
92 159 
92 85 
92 188 
92 108 
92 139 
92 98 
92 75 
92 134 
92 161 
92 130 
92 24 
92 83 
92 150 
92 46 
92 73 
92 4 
92 58 
92 43 
92 179 
92 40 
92 160 
92 31 
92 3 
92 156 
92 53 
92 102 
92 109 
92 147 
92 137 
92 86 
92 6 
92 158 
92 115 
92 99 
92 140 
92 7 
92 113 
92 66 
92 185 
92 94 
92 95 
92 1 
92 50 
92 71 
92 171 
92 96 
92 151 
92 169 
92 189 
92 191 
92 152 
92 120 
92 116 
92 170 
92 124 
92 173 
92 51 
92 34 
92 165 
92 48 
92 20 
92 103 
92 63 
92 117 
92 132 
92 49 
92 186 
92 104 
92 68 
92 33 
92 184 
92 97 
92 93 
92 74 
92 157 
92 39 
92 166 
92 175 
92 172 
92 65 
92 106 
92 9 
92 42 
92 5 
92 72 
92 125 
92 101 
92 36 
92 148 
92 18 
92 136 
92 35 
92 19 
92 110 
92 64 
92 154 
92 162 
92 112 
92 76 
92 145 
92 38 
92 52 
92 107 
92 135 
92 121 
92 180 
92 131 
92 164 
92 183 
92 153 
92 176 
92 91 
92 87 
92 190 
92 44 
92 80 
92 78 
92 174 
93 170 
93 107 
93 179 
93 159 
93 42 
93 133 
93 12 
93 176 
93 30 
93 155 
93 136 
93 64 
93 87 
93 56 
93 145 
93 153 
93 128 
93 166 
93 81 
93 151 
93 181 
93 16 
93 149 
93 163 
93 141 
93 49 
93 142 
93 67 
93 154 
93 54 
93 137 
93 157 
93 0 
93 40 
93 83 
93 121 
93 38 
93 66 
93 189 
93 26 
93 59 
93 173 
93 85 
93 86 
93 172 
93 175 
93 138 
93 171 
93 33 
93 148 
93 97 
93 51 
93 122 
93 183 
93 129 
93 188 
93 124 
93 63 
93 91 
93 143 
93 27 
93 126 
93 45 
93 62 
93 75 
93 161 
93 46 
93 47 
93 94 
93 115 
93 147 
93 167 
93 165 
93 101 
93 184 
93 90 
93 43 
93 109 
93 116 
93 98 
93 120 
93 15 
93 44 
93 58 
93 36 
93 61 
93 80 
93 132 
93 185 
93 76 
93 3 
93 146 
93 48 
93 131 
93 105 
93 1 
93 113 
93 178 
93 104 
93 22 
93 187 
93 162 
93 139 
93 77 
93 102 
93 140 
93 37 
93 79 
93 11 
93 89 
93 114 
93 60 
93 127 
93 92 
93 50 
93 134 
93 5 
93 7 
93 52 
93 135 
93 152 
93 168 
93 28 
93 71 
93 41 
93 78 
93 119 
93 73 
93 29 
93 13 
93 17 
93 23 
93 74 
93 174 
93 106 
93 57 
93 164 
93 25 
93 125 
93 156 
93 96 
93 169 
93 108 
93 117 
93 18 
93 70 
93 72 
93 24 
94 58 
94 184 
94 60 
94 37 
94 91 
94 39 
94 165 
94 158 
94 33 
94 38 
94 182 
94 178 
94 8 
94 191 
94 59 
94 105 
94 128 
94 21 
94 143 
94 101 
94 113 
94 99 
94 65 
94 9 
94 124 
94 183 
94 85 
94 127 
94 97 
94 77 
94 3 
94 83 
94 51 
94 190 
94 35 
94 146 
94 43 
94 48 
94 46 
94 162 
94 88 
94 123 
94 163 
94 67 
94 112 
94 70 
94 41 
94 117 
94 0 
94 74 
94 147 
94 126 
94 121 
94 56 
94 40 
94 93 
94 24 
94 47 
94 108 
94 68 
94 160 
94 149 
94 139 
94 52 
94 11 
94 82 
94 23 
94 109 
94 144 
94 28 
94 2 
94 119 
94 5 
94 110 
94 106 
94 62 
94 92 
94 87 
94 1 
94 133 
94 157 
94 168 
94 75 
94 181 
94 104 
94 141 
94 166 
94 145 
94 103 
94 54 
94 161 
94 102 
94 61 
94 31 
94 189 
94 81 
94 118 
94 125 
94 185 
94 15 
94 132 
94 120 
94 49 
94 170 
94 167 
94 180 
94 76 
94 159 
94 131 
94 10 
94 172 
94 174 
94 186 
94 96 
94 69 
94 45 
94 130 
94 12 
94 169 
94 30 
94 107 
94 4 
94 173 
94 17 
94 20 
94 55 
94 79 
94 155 
94 80 
94 153 
94 44 
94 136 
94 50 
94 116 
94 6 
94 13 
94 115 
94 84 
94 86 
95 11 
95 172 
95 67 
95 66 
95 34 
95 100 
95 72 
95 85 
95 105 
95 52 
95 107 
95 120 
95 29 
95 97 
95 62 
95 15 
95 124 
95 134 
95 168 
95 79 
95 121 
95 84 
95 18 
95 23 
95 83 
95 45 
95 104 
95 77 
95 181 
95 12 
95 106 
95 98 
95 28 
95 22 
95 3 
95 46 
95 101 
95 160 
95 33 
95 136 
95 49 
95 74 
95 5 
95 116 
95 183 
95 176 
95 169 
95 14 
95 148 
95 4 
95 24 
95 151 
95 25 
95 126 
95 171 
95 10 
95 0 
95 165 
95 164 
95 154 
95 99 
95 20 
95 32 
95 89 
95 114 
95 153 
95 163 
95 167 
95 161 
95 61 
95 129 
95 44 
95 133 
95 162 
95 178 
95 38 
95 76 
95 19 
95 26 
95 7 
95 185 
95 147 
95 143 
95 92 
95 102 
95 158 
95 37 
95 141 
95 57 
95 82 
95 128 
95 140 
95 87 
95 132 
95 166 
95 182 
95 130 
95 64 
95 139 
95 157 
95 180 
95 111 
95 58 
95 63 
95 70 
95 9 
95 51 
95 48 
95 54 
95 112 
95 73 
95 177 
95 108 
95 189 
95 88 
95 115 
95 42 
95 122 
95 146 
95 40 
95 135 
95 117 
95 123 
95 36 
95 144 
95 119 
95 150 
95 155 
95 103 
95 86 
95 186 
95 60 
95 175 
95 47 
95 41 
95 110 
95 65 
95 2 
95 55 
95 127 
95 56 
95 78 
95 113 
95 118 
95 53 
95 173 
95 17 
95 75 
95 6 
96 125 
96 82 
96 173 
96 188 
96 104 
96 65 
96 162 
96 132 
96 109 
96 85 
96 21 
96 120 
96 5 
96 129 
96 147 
96 152 
96 155 
96 106 
96 58 
96 55 
96 52 
96 24 
96 70 
96 151 
96 113 
96 88 
96 158 
96 63 
96 171 
96 118 
96 72 
96 139 
96 131 
96 91 
96 77 
96 73 
96 123 
96 33 
96 148 
96 97 
96 160 
96 79 
96 90 
96 145 
96 103 
96 130 
96 7 
96 13 
96 74 
96 175 
96 159 
96 39 
96 57 
96 186 
96 117 
96 157 
96 156 
96 26 
96 9 
96 62 
96 59 
96 4 
96 48 
96 71 
96 137 
96 0 
96 182 
96 2 
96 136 
96 50 
96 163 
96 30 
96 128 
96 121 
96 81 
96 98 
96 174 
96 92 
96 86 
96 32 
96 54 
96 83 
96 138 
96 135 
96 25 
96 19 
96 27 
96 177 
96 178 
96 78 
96 187 
96 169 
96 164 
96 84 
96 29 
96 23 
96 161 
96 43 
96 76 
96 110 
96 153 
96 36 
96 68 
96 124 
96 16 
96 56 
96 15 
96 35 
96 28 
96 183 
96 46 
96 60 
96 94 
96 20 
96 142 
96 51 
96 101 
96 22 
96 3 
96 66 
96 167 
96 64 
96 17 
96 31 
96 180 
96 119 
96 185 
96 8 
96 112 
96 67 
96 143 
96 134 
96 154 
96 181 
96 166 
96 105 
96 45 
96 93 
96 190 
96 44 
96 89 
96 189 
96 12 
96 40 
96 10 
96 1 
96 6 
96 184 
96 37 
97 53 
97 23 
97 134 
97 10 
97 102 
97 1 
97 136 
97 142 
97 11 
97 115 
97 12 
97 125 
97 95 
97 185 
97 108 
97 16 
97 7 
97 64 
97 191 
97 89 
97 116 
97 111 
97 101 
97 152 
97 14 
97 158 
97 166 
97 167 
97 2 
97 94 
97 37 
97 67 
97 99 
97 141 
97 4 
97 31 
97 74 
97 146 
97 174 
97 43 
97 131 
97 96 
97 47 
97 18 
97 36 
97 93 
97 40 
97 138 
97 78 
97 25 
97 119 
97 176 
97 170 
97 48 
97 44 
97 6 
97 159 
97 57 
97 123 
97 8 
97 105 
97 56 
97 46 
97 63 
97 61 
97 177 
97 72 
97 87 
97 117 
97 165 
97 86 
97 148 
97 107 
97 114 
97 27 
97 133 
97 120 
97 91 
97 153 
97 143 
97 121 
97 62 
97 77 
97 151 
97 20 
97 32 
97 154 
97 92 
97 21 
97 3 
97 188 
97 171 
97 35 
97 161 
97 147 
97 98 
97 140 
97 127 
97 149 
97 150 
97 128 
97 79 
97 33 
97 135 
97 129 
97 66 
97 71 
97 5 
97 175 
97 139 
97 168 
97 22 
97 0 
97 103 
97 137 
97 58 
97 59 
97 126 
97 90 
97 76 
97 28 
97 55 
97 13 
97 157 
97 160 
97 39 
97 109 
97 187 
97 106 
97 52 
97 182 
97 75 
97 73 
97 113 
97 69 
97 88 
98 25 
98 111 
98 11 
98 160 
98 19 
98 48 
98 104 
98 80 
98 0 
98 41 
98 61 
98 60 
98 33 
98 75 
98 40 
98 88 
98 125 
98 133 
98 55 
98 36 
98 166 
98 83 
98 3 
98 81 
98 189 
98 117 
98 136 
98 95 
98 38 
98 186 
98 31 
98 114 
98 188 
98 69 
98 62 
98 141 
98 148 
98 143 
98 131 
98 168 
98 92 
98 120 
98 126 
98 43 
98 140 
98 167 
98 179 
98 184 
98 113 
98 20 
98 28 
98 116 
98 82 
98 144 
98 134 
98 190 
98 10 
98 73 
98 163 
98 183 
98 54 
98 30 
98 74 
98 177 
98 63 
98 106 
98 93 
98 42 
98 51 
98 155 
98 123 
98 110 
98 16 
98 122 
98 96 
98 149 
98 23 
98 12 
98 182 
98 161 
98 87 
98 121 
98 181 
98 172 
98 124 
98 156 
98 22 
98 45 
98 7 
98 128 
98 138 
98 47 
98 180 
98 2 
98 135 
98 150 
98 65 
98 57 
98 72 
98 46 
98 157 
98 17 
98 97 
98 130 
98 173 
98 170 
98 112 
98 4 
98 174 
98 37 
98 165 
98 44 
98 153 
98 137 
98 86 
98 118 
98 58 
98 50 
98 29 
98 151 
98 53 
98 39 
98 185 
98 162 
98 109 
98 99 
98 34 
98 15 
98 35 
98 91 
98 67 
99 7 
99 164 
99 86 
99 142 
99 48 
99 121 
99 2 
99 18 
99 107 
99 175 
99 172 
99 159 
99 88 
99 133 
99 27 
99 173 
99 94 
99 40 
99 148 
99 91 
99 140 
99 34 
99 83 
99 33 
99 44 
99 97 
99 130 
99 155 
99 49 
99 66 
99 182 
99 59 
99 19 
99 178 
99 90 
99 51 
99 129 
99 85 
99 160 
99 12 
99 141 
99 55 
99 8 
99 20 
99 111 
99 134 
99 23 
99 95 
99 187 
99 73 
99 108 
99 11 
99 115 
99 37 
99 21 
99 181 
99 81 
99 166 
99 161 
99 30 
99 84 
99 5 
99 144 
99 15 
99 191 
99 185 
99 132 
99 128 
99 92 
99 32 
99 43 
99 10 
99 168 
99 153 
99 22 
99 74 
99 70 
99 61 
99 89 
99 57 
99 35 
99 158 
99 39 
99 3 
99 150 
99 79 
99 41 
99 119 
99 126 
99 63 
99 127 
99 47 
99 156 
99 176 
99 167 
99 162 
99 114 
99 117 
99 76 
99 58 
99 106 
99 189 
99 29 
99 105 
99 186 
99 68 
99 188 
99 139 
99 101 
99 0 
99 138 
99 9 
99 26 
99 135 
99 64 
99 62 
99 120 
99 87 
99 147 
99 149 
99 183 
99 112 
99 103 
99 98 
99 100 
99 102 
99 123 
99 46 
99 125 
99 154 
99 50 
99 13 
99 53 
99 75 
99 180 
99 4 
99 136 
99 145 
100 149 
100 178 
100 45 
100 17 
100 74 
100 85 
100 95 
100 115 
100 111 
100 18 
100 89 
100 159 
100 92 
100 179 
100 156 
100 126 
100 113 
100 33 
100 39 
100 106 
100 43 
100 53 
100 103 
100 118 
100 90 
100 176 
100 37 
100 1 
100 124 
100 86 
100 136 
100 161 
100 40 
100 68 
100 112 
100 14 
100 62 
100 146 
100 128 
100 48 
100 155 
100 60 
100 190 
100 76 
100 165 
100 134 
100 36 
100 168 
100 28 
100 10 
100 5 
100 140 
100 63 
100 102 
100 120 
100 47 
100 138 
100 34 
100 44 
100 20 
100 22 
100 81 
100 151 
100 109 
100 38 
100 133 
100 30 
100 189 
100 172 
100 88 
100 78 
100 52 
100 80 
100 59 
100 7 
100 116 
100 55 
100 145 
100 122 
100 188 
100 166 
100 82 
100 170 
100 67 
100 6 
100 57 
100 135 
100 77 
100 105 
100 25 
100 152 
100 132 
100 101 
100 147 
100 177 
100 182 
100 24 
100 70 
100 58 
100 66 
100 142 
100 42 
100 131 
100 11 
100 139 
100 125 
100 72 
100 51 
100 27 
100 2 
100 56 
100 184 
100 49 
100 19 
100 129 
100 26 
100 65 
100 15 
100 191 
100 107 
100 104 
100 12 
100 137 
100 144 
100 3 
100 83 
100 31 
100 119 
100 99 
100 69 
100 150 
100 79 
100 75 
100 46 
100 108 
101 63 
101 171 
101 132 
101 37 
101 160 
101 153 
101 26 
101 133 
101 180 
101 11 
101 48 
101 76 
101 150 
101 177 
101 94 
101 27 
101 97 
101 131 
101 148 
101 134 
101 82 
101 49 
101 66 
101 118 
101 116 
101 165 
101 173 
101 83 
101 103 
101 95 
101 22 
101 8 
101 119 
101 75 
101 44 
101 54 
101 20 
101 16 
101 139 
101 107 
101 41 
101 108 
101 151 
101 138 
101 137 
101 158 
101 112 
101 143 
101 72 
101 64 
101 166 
101 78 
101 140 
101 114 
101 74 
101 126 
101 172 
101 189 
101 24 
101 30 
101 105 
101 69 
101 149 
101 182 
101 7 
101 183 
101 129 
101 175 
101 161 
101 142 
101 60 
101 93 
101 19 
101 38 
101 136 
101 117 
101 84 
101 152 
101 167 
101 144 
101 113 
101 15 
101 86 
101 156 
101 109 
101 91 
101 130 
101 18 
101 62 
101 29 
101 135 
101 121 
101 31 
101 90 
101 42 
101 12 
101 0 
101 185 
101 110 
101 145 
101 70 
101 100 
101 147 
101 174 
101 6 
101 163 
101 58 
101 188 
101 71 
101 43 
101 80 
101 46 
101 178 
101 111 
101 68 
101 17 
101 106 
101 5 
101 10 
101 155 
101 87 
101 45 
101 35 
101 67 
101 128 
101 92 
101 96 
101 104 
101 99 
101 51 
101 89 
101 3 
101 9 
101 23 
101 61 
101 56 
101 34 
101 146 
101 21 
101 28 
101 190 
101 81 
101 73 
101 124 
101 65 
101 191 
101 36 
101 115 
101 40 
101 127 
101 79 
101 123 
101 32 
102 56 
102 43 
102 149 
102 182 
102 97 
102 0 
102 11 
102 53 
102 171 
102 58 
102 30 
102 108 
102 163 
102 121 
102 22 
102 138 
102 2 
102 74 
102 105 
102 48 
102 115 
102 146 
102 51 
102 16 
102 82 
102 67 
102 72 
102 84 
102 123 
102 91 
102 42 
102 117 
102 86 
102 135 
102 28 
102 89 
102 61 
102 13 
102 155 
102 136 
102 148 
102 32 
102 70 
102 8 
102 64 
102 107 
102 180 
102 169 
102 168 
102 157 
102 65 
102 187 
102 125 
102 66 
102 164 
102 151 
102 25 
102 52 
102 87 
102 140 
102 4 
102 100 
102 49 
102 103 
102 77 
102 104 
102 78 
102 133 
102 81 
102 50 
102 161 
102 144 
102 38 
102 122 
102 92 
102 12 
102 165 
102 128 
102 114 
102 3 
102 143 
102 129 
102 37 
102 189 
102 188 
102 20 
102 31 
102 113 
102 185 
102 41 
102 179 
102 152 
102 95 
102 71 
102 178 
102 130 
102 170 
102 183 
102 80 
102 172 
102 29 
102 119 
102 94 
102 44 
102 93 
102 18 
102 36 
102 124 
102 173 
102 7 
102 111 
102 24 
102 21 
102 134 
102 166 
102 69 
102 142 
102 132 
102 57 
102 177 
102 106 
102 45 
102 46 
102 23 
102 147 
102 112 
102 160 
102 153 
102 14 
102 137 
102 15 
102 167 
102 141 
102 162 
102 26 
102 76 
102 59 
102 83 
102 154 
102 5 
102 99 
102 85 
102 159 
102 33 
102 126 
102 176 
102 190 
102 109 
102 191 
103 179 
103 72 
103 79 
103 112 
103 10 
103 23 
103 9 
103 59 
103 53 
103 169 
103 54 
103 157 
103 65 
103 41 
103 146 
103 67 
103 100 
103 113 
103 137 
103 189 
103 56 
103 22 
103 91 
103 63 
103 68 
103 150 
103 6 
103 69 
103 101 
103 110 
103 78 
103 13 
103 87 
103 131 
103 144 
103 176 
103 107 
103 35 
103 37 
103 4 
103 96 
103 36 
103 26 
103 164 
103 46 
103 191 
103 111 
103 55 
103 171 
103 77 
103 170 
103 129 
103 29 
103 132 
103 85 
103 30 
103 102 
103 7 
103 185 
103 31 
103 106 
103 152 
103 45 
103 18 
103 21 
103 74 
103 128 
103 140 
103 58 
103 136 
103 52 
103 76 
103 158 
103 108 
103 134 
103 187 
103 130 
103 115 
103 133 
103 160 
103 125 
103 80 
103 1 
103 15 
103 94 
103 34 
103 145 
103 124 
103 90 
103 27 
103 92 
103 163 
103 33 
103 82 
103 178 
103 64 
103 5 
103 81 
103 119 
103 0 
103 71 
103 117 
103 165 
103 75 
103 149 
103 141 
103 143 
103 51 
103 180 
103 154 
103 25 
103 181 
103 43 
103 86 
103 105 
103 44 
103 121 
103 173 
103 95 
103 83 
103 88 
103 97 
103 172 
103 2 
103 38 
103 162 
103 24 
103 60 
103 109 
103 174 
103 177 
103 8 
103 14 
103 99 
103 3 
103 168 
103 190 
103 182 
103 104 
103 48 
103 42 
103 19 
103 49 
103 32 
103 57 
104 175 
104 18 
104 8 
104 124 
104 68 
104 37 
104 16 
104 96 
104 88 
104 98 
104 69 
104 59 
104 130 
104 27 
104 46 
104 54 
104 7 
104 49 
104 181 
104 40 
104 139 
104 74 
104 38 
104 126 
104 150 
104 133 
104 58 
104 45 
104 153 
104 87 
104 24 
104 95 
104 33 
104 144 
104 112 
104 83 
104 60 
104 117 
104 65 
104 149 
104 106 
104 81 
104 85 
104 114 
104 42 
104 128 
104 51 
104 110 
104 165 
104 120 
104 127 
104 63 
104 178 
104 5 
104 70 
104 50 
104 86 
104 3 
104 77 
104 172 
104 11 
104 102 
104 161 
104 43 
104 78 
104 62 
104 15 
104 170 
104 177 
104 22 
104 134 
104 113 
104 75 
104 36 
104 107 
104 183 
104 132 
104 1 
104 31 
104 105 
104 57 
104 20 
104 163 
104 123 
104 125 
104 76 
104 137 
104 94 
104 158 
104 25 
104 30 
104 182 
104 13 
104 116 
104 93 
104 185 
104 115 
104 148 
104 159 
104 6 
104 26 
104 9 
104 143 
104 147 
104 92 
104 111 
104 155 
104 164 
104 173 
104 138 
104 29 
104 35 
104 154 
104 167 
104 131 
104 4 
104 190 
104 10 
104 47 
104 168 
104 2 
104 61 
104 56 
104 101 
104 156 
104 186 
104 32 
104 121 
104 28 
104 55 
104 152 
104 187 
104 179 
104 100 
104 189 
104 174 
104 48 
104 39 
104 171 
104 91 
104 103 
104 160 
104 80 
104 66 
104 17 
104 73 
104 151 
104 23 
105 13 
105 181 
105 107 
105 91 
105 109 
105 92 
105 34 
105 86 
105 182 
105 112 
105 95 
105 152 
105 9 
105 131 
105 60 
105 10 
105 136 
105 179 
105 180 
105 110 
105 81 
105 168 
105 102 
105 121 
105 187 
105 94 
105 139 
105 137 
105 45 
105 27 
105 129 
105 43 
105 151 
105 6 
105 150 
105 157 
105 145 
105 128 
105 18 
105 171 
105 7 
105 106 
105 12 
105 11 
105 63 
105 190 
105 2 
105 40 
105 170 
105 178 
105 57 
105 172 
105 37 
105 101 
105 140 
105 146 
105 184 
105 5 
105 47 
105 4 
105 74 
105 53 
105 165 
105 20 
105 149 
105 97 
105 55 
105 115 
105 126 
105 78 
105 166 
105 155 
105 177 
105 89 
105 104 
105 130 
105 35 
105 33 
105 39 
105 90 
105 147 
105 120 
105 67 
105 100 
105 185 
105 93 
105 21 
105 41 
105 62 
105 76 
105 72 
105 176 
105 29 
105 25 
105 164 
105 32 
105 68 
105 24 
105 52 
105 85 
105 50 
105 0 
105 51 
105 44 
105 156 
105 69 
105 160 
105 154 
105 189 
105 162 
105 3 
105 138 
105 117 
105 144 
105 66 
105 87 
105 118 
105 108 
105 65 
105 99 
105 58 
105 26 
105 167 
105 161 
105 54 
105 103 
105 159 
105 135 
105 141 
105 75 
105 134 
105 46 
105 23 
105 8 
105 143 
105 59 
105 82 
105 173 
105 96 
105 83 
105 142 
105 191 
105 36 
105 73 
105 169 
105 132 
105 116 
105 56 
105 70 
105 127 
106 136 
106 27 
106 75 
106 77 
106 70 
106 112 
106 109 
106 161 
106 171 
106 153 
106 50 
106 5 
106 9 
106 139 
106 0 
106 16 
106 118 
106 79 
106 13 
106 100 
106 20 
106 123 
106 96 
106 165 
106 140 
106 91 
106 155 
106 68 
106 117 
106 82 
106 107 
106 83 
106 170 
106 188 
106 95 
106 147 
106 104 
106 145 
106 6 
106 115 
106 141 
106 105 
106 144 
106 12 
106 172 
106 116 
106 113 
106 124 
106 56 
106 29 
106 177 
106 19 
106 122 
106 151 
106 163 
106 73 
106 15 
106 185 
106 178 
106 46 
106 167 
106 40 
106 176 
106 138 
106 2 
106 173 
106 49 
106 146 
106 143 
106 76 
106 103 
106 32 
106 38 
106 150 
106 98 
106 54 
106 17 
106 48 
106 159 
106 186 
106 88 
106 94 
106 14 
106 51 
106 22 
106 24 
106 187 
106 60 
106 78 
106 157 
106 36 
106 179 
106 69 
106 158 
106 132 
106 72 
106 7 
106 59 
106 10 
106 101 
106 26 
106 18 
106 86 
106 35 
106 129 
106 71 
106 33 
106 63 
106 191 
106 184 
106 99 
106 180 
106 92 
106 53 
106 142 
106 80 
106 11 
106 121 
106 127 
106 84 
106 62 
106 102 
106 166 
106 120 
106 21 
106 30 
106 42 
106 119 
106 65 
106 160 
106 44 
106 64 
106 126 
106 93 
106 135 
106 128 
106 34 
106 97 
106 164 
106 152 
106 1 
106 174 
106 125 
106 108 
106 111 
106 66 
106 148 
106 57 
106 149 
106 114 
106 85 
107 105 
107 93 
107 15 
107 53 
107 116 
107 63 
107 95 
107 175 
107 85 
107 151 
107 27 
107 33 
107 99 
107 178 
107 76 
107 130 
107 44 
107 78 
107 138 
107 113 
107 68 
107 46 
107 124 
107 51 
107 31 
107 106 
107 18 
107 169 
107 19 
107 90 
107 13 
107 112 
107 160 
107 36 
107 185 
107 91 
107 103 
107 62 
107 20 
107 101 
107 140 
107 102 
107 71 
107 38 
107 7 
107 139 
107 2 
107 143 
107 0 
107 72 
107 118 
107 137 
107 183 
107 180 
107 12 
107 42 
107 86 
107 65 
107 141 
107 123 
107 163 
107 43 
107 24 
107 171 
107 119 
107 166 
107 147 
107 8 
107 104 
107 188 
107 136 
107 52 
107 142 
107 9 
107 179 
107 14 
107 82 
107 97 
107 48 
107 146 
107 10 
107 83 
107 170 
107 176 
107 121 
107 132 
107 161 
107 1 
107 74 
107 120 
107 54 
107 157 
107 115 
107 167 
107 89 
107 84 
107 145 
107 187 
107 109 
107 17 
107 186 
107 114 
107 79 
107 37 
107 133 
107 87 
107 56 
107 77 
107 88 
107 75 
107 168 
107 66 
107 158 
107 67 
107 182 
107 32 
107 30 
107 4 
107 165 
107 122 
107 28 
107 60 
107 148 
107 94 
107 39 
107 26 
107 100 
107 92 
107 159 
107 191 
107 3 
107 29 
107 6 
107 152 
107 25 
107 22 
107 49 
107 153 
107 172 
107 35 
107 156 
107 108 
107 61 
108 141 
108 76 
108 160 
108 22 
108 146 
108 27 
108 125 
108 63 
108 102 
108 6 
108 36 
108 162 
108 165 
108 122 
108 97 
108 43 
108 109 
108 88 
108 33 
108 136 
108 46 
108 126 
108 29 
108 134 
108 21 
108 121 
108 51 
108 142 
108 62 
108 124 
108 25 
108 65 
108 16 
108 10 
108 18 
108 153 
108 130 
108 140 
108 49 
108 92 
108 155 
108 118 
108 101 
108 5 
108 111 
108 145 
108 184 
108 181 
108 135 
108 4 
108 47 
108 40 
108 55 
108 78 
108 70 
108 48 
108 87 
108 110 
108 44 
108 42 
108 57 
108 61 
108 129 
108 35 
108 12 
108 54 
108 113 
108 191 
108 89 
108 99 
108 179 
108 41 
108 39 
108 132 
108 94 
108 34 
108 13 
108 58 
108 90 
108 30 
108 69 
108 156 
108 80 
108 72 
108 73 
108 144 
108 28 
108 103 
108 187 
108 32 
108 20 
108 172 
108 0 
108 67 
108 81 
108 52 
108 14 
108 83 
108 116 
108 56 
108 185 
108 175 
108 120 
108 169 
108 167 
108 19 
108 50 
108 164 
108 183 
108 186 
108 95 
108 174 
108 127 
108 128 
108 45 
108 154 
108 84 
108 105 
108 161 
108 163 
108 91 
108 38 
108 170 
108 166 
108 178 
108 157 
108 133 
108 8 
108 82 
108 11 
108 64 
108 17 
108 147 
108 189 
108 9 
108 74 
108 139 
108 168 
108 131 
108 66 
108 137 
108 159 
108 149 
108 182 
108 37 
108 119 
108 114 
108 106 
108 93 
108 100 
108 158 
108 107 
108 23 
108 26 
109 124 
109 105 
109 116 
109 106 
109 118 
109 96 
109 131 
109 33 
109 183 
109 140 
109 8 
109 153 
109 108 
109 46 
109 40 
109 64 
109 173 
109 2 
109 81 
109 18 
109 125 
109 69 
109 175 
109 164 
109 152 
109 114 
109 3 
109 144 
109 45 
109 4 
109 9 
109 70 
109 146 
109 83 
109 55 
109 61 
109 188 
109 85 
109 156 
109 72 
109 171 
109 43 
109 143 
109 174 
109 133 
109 148 
109 88 
109 39 
109 185 
109 77 
109 160 
109 120 
109 20 
109 53 
109 147 
109 127 
109 189 
109 78 
109 49 
109 92 
109 23 
109 47 
109 5 
109 187 
109 19 
109 136 
109 132 
109 93 
109 100 
109 158 
109 67 
109 94 
109 75 
109 122 
109 126 
109 170 
109 50 
109 1 
109 101 
109 137 
109 71 
109 111 
109 186 
109 184 
109 154 
109 163 
109 155 
109 15 
109 24 
109 57 
109 168 
109 129 
109 42 
109 12 
109 115 
109 119 
109 135 
109 130 
109 54 
109 35 
109 27 
109 11 
109 179 
109 157 
109 151 
109 52 
109 107 
109 180 
109 162 
109 161 
109 169 
109 63 
109 117 
109 62 
109 29 
109 91 
109 37 
109 172 
109 28 
109 80 
109 7 
109 21 
109 103 
109 110 
109 0 
109 113 
109 89 
109 97 
109 41 
109 98 
109 38 
109 145 
109 31 
109 166 
109 102 
109 26 
110 28 
110 132 
110 48 
110 32 
110 174 
110 144 
110 71 
110 140 
110 142 
110 6 
110 133 
110 172 
110 178 
110 42 
110 160 
110 105 
110 182 
110 73 
110 15 
110 155 
110 88 
110 3 
110 24 
110 168 
110 173 
110 145 
110 74 
110 143 
110 55 
110 77 
110 89 
110 13 
110 10 
110 85 
110 153 
110 25 
110 2 
110 176 
110 103 
110 58 
110 44 
110 39 
110 138 
110 33 
110 104 
110 117 
110 184 
110 18 
110 126 
110 35 
110 190 
110 7 
110 108 
110 4 
110 164 
110 137 
110 19 
110 52 
110 84 
110 113 
110 187 
110 167 
110 115 
110 53 
110 31 
110 8 
110 116 
110 119 
110 158 
110 127 
110 14 
110 175 
110 98 
110 148 
110 94 
110 45 
110 41 
110 65 
110 188 
110 81 
110 40 
110 162 
110 70 
110 129 
110 38 
110 67 
110 12 
110 37 
110 141 
110 76 
110 20 
110 66 
110 101 
110 114 
110 170 
110 26 
110 0 
110 154 
110 120 
110 181 
110 43 
110 96 
110 121 
110 118 
110 9 
110 78 
110 191 
110 30 
110 23 
110 189 
110 112 
110 64 
110 75 
110 54 
110 59 
110 171 
110 166 
110 51 
110 60 
110 50 
110 1 
110 11 
110 92 
110 87 
110 91 
110 95 
110 109 
110 90 
110 177 
110 29 
110 124 
110 83 
110 180 
110 72 
110 161 
110 139 
110 134 
110 62 
110 57 
110 131 
111 123 
111 98 
111 3 
111 191 
111 100 
111 65 
111 189 
111 32 
111 126 
111 149 
111 165 
111 137 
111 186 
111 77 
111 145 
111 29 
111 86 
111 175 
111 146 
111 147 
111 97 
111 128 
111 83 
111 37 
111 89 
111 143 
111 164 
111 67 
111 118 
111 47 
111 0 
111 159 
111 116 
111 181 
111 5 
111 88 
111 69 
111 169 
111 163 
111 108 
111 130 
111 140 
111 103 
111 12 
111 24 
111 156 
111 91 
111 99 
111 6 
111 188 
111 21 
111 58 
111 162 
111 56 
111 27 
111 1 
111 20 
111 2 
111 160 
111 23 
111 59 
111 36 
111 48 
111 40 
111 152 
111 14 
111 17 
111 39 
111 64 
111 4 
111 74 
111 26 
111 41 
111 61 
111 122 
111 174 
111 62 
111 109 
111 124 
111 135 
111 117 
111 76 
111 45 
111 35 
111 179 
111 71 
111 129 
111 115 
111 114 
111 121 
111 57 
111 60 
111 138 
111 72 
111 81 
111 173 
111 49 
111 101 
111 95 
111 112 
111 102 
111 25 
111 125 
111 157 
111 104 
111 142 
111 16 
111 28 
111 44 
111 153 
111 150 
111 187 
111 131 
111 34 
111 50 
111 79 
111 52 
111 13 
111 167 
111 43 
111 184 
111 134 
111 127 
111 63 
111 176 
111 78 
111 8 
111 151 
111 177 
111 154 
111 106 
111 155 
111 80 
111 73 
111 18 
111 168 
111 10 
111 141 
111 180 
111 183 
111 166 
112 3 
112 155 
112 19 
112 80 
112 106 
112 105 
112 103 
112 139 
112 170 
112 44 
112 118 
112 169 
112 1 
112 18 
112 148 
112 184 
112 163 
112 52 
112 180 
112 51 
112 156 
112 146 
112 57 
112 0 
112 104 
112 6 
112 113 
112 24 
112 100 
112 107 
112 126 
112 167 
112 76 
112 48 
112 187 
112 61 
112 178 
112 21 
112 190 
112 88 
112 9 
112 101 
112 39 
112 135 
112 141 
112 11 
112 94 
112 89 
112 188 
112 86 
112 27 
112 85 
112 7 
112 63 
112 142 
112 49 
112 122 
112 82 
112 152 
112 157 
112 153 
112 91 
112 30 
112 71 
112 23 
112 165 
112 117 
112 136 
112 40 
112 164 
112 8 
112 32 
112 25 
112 55 
112 66 
112 130 
112 154 
112 4 
112 124 
112 78 
112 14 
112 31 
112 168 
112 59 
112 125 
112 138 
112 5 
112 64 
112 87 
112 121 
112 116 
112 68 
112 158 
112 191 
112 111 
112 12 
112 172 
112 95 
112 10 
112 133 
112 179 
112 128 
112 177 
112 75 
112 137 
112 129 
112 62 
112 74 
112 110 
112 73 
112 132 
112 15 
112 53 
112 81 
112 29 
112 98 
112 171 
112 42 
112 102 
112 140 
112 43 
112 183 
112 92 
112 70 
112 175 
112 22 
112 65 
112 127 
112 26 
112 16 
112 96 
112 181 
112 69 
112 35 
112 99 
112 143 
112 41 
112 176 
112 13 
112 34 
112 60 
112 56 
112 77 
112 115 
112 160 
112 84 
113 8 
113 151 
113 160 
113 114 
113 122 
113 146 
113 25 
113 32 
113 162 
113 27 
113 120 
113 51 
113 100 
113 163 
113 64 
113 9 
113 80 
113 103 
113 107 
113 94 
113 129 
113 75 
113 124 
113 140 
113 74 
113 14 
113 96 
113 66 
113 22 
113 130 
113 112 
113 173 
113 13 
113 46 
113 167 
113 172 
113 17 
113 180 
113 35 
113 85 
113 148 
113 18 
113 106 
113 83 
113 90 
113 152 
113 81 
113 53 
113 98 
113 123 
113 42 
113 67 
113 77 
113 86 
113 0 
113 24 
113 168 
113 127 
113 183 
113 108 
113 147 
113 57 
113 1 
113 110 
113 29 
113 135 
113 38 
113 11 
113 104 
113 190 
113 178 
113 101 
113 102 
113 92 
113 165 
113 184 
113 182 
113 54 
113 115 
113 62 
113 145 
113 88 
113 116 
113 93 
113 39 
113 143 
113 186 
113 159 
113 50 
113 3 
113 156 
113 175 
113 79 
113 144 
113 179 
113 40 
113 61 
113 7 
113 133 
113 161 
113 60 
113 30 
113 187 
113 91 
113 181 
113 169 
113 118 
113 69 
113 131 
113 59 
113 157 
113 89 
113 33 
113 176 
113 150 
113 10 
113 45 
113 136 
113 70 
113 12 
113 43 
113 155 
113 63 
113 141 
113 84 
113 174 
113 109 
113 188 
113 5 
113 132 
113 95 
113 58 
113 2 
113 97 
113 164 
113 55 
113 20 
113 72 
114 169 
114 92 
114 131 
114 13 
114 161 
114 113 
114 85 
114 36 
114 8 
114 167 
114 56 
114 55 
114 150 
114 69 
114 7 
114 163 
114 154 
114 42 
114 187 
114 14 
114 127 
114 47 
114 70 
114 33 
114 37 
114 79 
114 176 
114 177 
114 109 
114 41 
114 61 
114 53 
114 22 
114 45 
114 184 
114 133 
114 84 
114 72 
114 129 
114 135 
114 98 
114 153 
114 137 
114 60 
114 82 
114 54 
114 104 
114 90 
114 44 
114 165 
114 156 
114 122 
114 158 
114 101 
114 190 
114 128 
114 77 
114 30 
114 172 
114 95 
114 186 
114 179 
114 68 
114 29 
114 189 
114 48 
114 182 
114 63 
114 102 
114 0 
114 146 
114 43 
114 81 
114 83 
114 58 
114 126 
114 27 
114 139 
114 19 
114 155 
114 9 
114 130 
114 144 
114 160 
114 23 
114 171 
114 159 
114 97 
114 185 
114 1 
114 35 
114 178 
114 39 
114 111 
114 78 
114 143 
114 110 
114 123 
114 32 
114 31 
114 136 
114 120 
114 173 
114 138 
114 38 
114 93 
114 74 
114 188 
114 91 
114 20 
114 107 
114 99 
114 164 
114 148 
114 142 
114 80 
114 88 
114 162 
114 140 
114 28 
114 57 
114 175 
114 75 
114 166 
114 183 
114 174 
114 170 
114 24 
114 5 
114 66 
114 115 
114 76 
114 6 
114 40 
114 108 
114 145 
114 26 
114 106 
114 11 
114 46 
115 156 
115 27 
115 44 
115 100 
115 157 
115 169 
115 97 
115 140 
115 7 
115 174 
115 54 
115 150 
115 65 
115 46 
115 57 
115 102 
115 144 
115 85 
115 188 
115 132 
115 190 
115 58 
115 69 
115 81 
115 127 
115 165 
115 72 
115 167 
115 66 
115 106 
115 35 
115 180 
115 182 
115 119 
115 19 
115 183 
115 62 
115 175 
115 61 
115 120 
115 154 
115 170 
115 22 
115 84 
115 163 
115 125 
115 23 
115 26 
115 161 
115 168 
115 33 
115 162 
115 78 
115 93 
115 31 
115 171 
115 14 
115 99 
115 32 
115 105 
115 110 
115 148 
115 184 
115 74 
115 181 
115 134 
115 64 
115 12 
115 92 
115 143 
115 126 
115 52 
115 137 
115 86 
115 71 
115 90 
115 56 
115 141 
115 135 
115 179 
115 113 
115 128 
115 11 
115 103 
115 2 
115 111 
115 47 
115 104 
115 60 
115 109 
115 129 
115 87 
115 48 
115 89 
115 30 
115 107 
115 121 
115 159 
115 189 
115 45 
115 24 
115 91 
115 17 
115 95 
115 53 
115 178 
115 76 
115 37 
115 59 
115 142 
115 166 
115 80 
115 124 
115 176 
115 5 
115 8 
115 185 
115 38 
115 40 
115 146 
115 68 
115 138 
115 160 
115 114 
115 20 
115 21 
115 9 
115 1 
115 155 
115 101 
115 123 
115 94 
115 145 
115 28 
115 173 
115 15 
115 112 
115 186 
116 50 
116 68 
116 86 
116 157 
116 109 
116 31 
116 46 
116 170 
116 132 
116 107 
116 166 
116 32 
116 181 
116 97 
116 72 
116 130 
116 146 
116 2 
116 24 
116 91 
116 80 
116 44 
116 89 
116 135 
116 73 
116 53 
116 101 
116 176 
116 12 
116 162 
116 15 
116 141 
116 8 
116 28 
116 95 
116 174 
116 111 
116 78 
116 30 
116 60 
116 163 
116 179 
116 125 
116 106 
116 13 
116 129 
116 150 
116 3 
116 76 
116 98 
116 151 
116 164 
116 42 
116 21 
116 134 
116 71 
116 81 
116 117 
116 14 
116 26 
116 70 
116 6 
116 64 
116 79 
116 90 
116 145 
116 168 
116 4 
116 63 
116 93 
116 47 
116 88 
116 110 
116 142 
116 137 
116 41 
116 173 
116 100 
116 140 
116 87 
116 51 
116 58 
116 36 
116 128 
116 65 
116 59 
116 113 
116 7 
116 92 
116 184 
116 75 
116 104 
116 18 
116 61 
116 169 
116 108 
116 138 
116 11 
116 69 
116 77 
116 148 
116 112 
116 27 
116 167 
116 171 
116 1 
116 155 
116 25 
116 159 
116 188 
116 119 
116 120 
116 33 
116 48 
116 160 
116 17 
116 20 
116 56 
116 10 
116 34 
116 127 
116 54 
116 139 
116 22 
116 158 
116 35 
116 189 
116 131 
116 0 
116 122 
116 121 
116 57 
116 94 
116 124 
116 153 
116 39 
116 62 
116 154 
116 175 
116 105 
116 74 
116 85 
117 5 
117 141 
117 65 
117 189 
117 177 
117 18 
117 140 
117 136 
117 22 
117 88 
117 24 
117 190 
117 12 
117 52 
117 84 
117 64 
117 40 
117 29 
117 102 
117 155 
117 69 
117 106 
117 21 
117 46 
117 58 
117 98 
117 86 
117 37 
117 30 
117 104 
117 9 
117 45 
117 152 
117 60 
117 175 
117 49 
117 28 
117 38 
117 126 
117 150 
117 151 
117 90 
117 51 
117 181 
117 83 
117 130 
117 110 
117 123 
117 149 
117 124 
117 171 
117 154 
117 76 
117 94 
117 182 
117 144 
117 176 
117 96 
117 146 
117 116 
117 2 
117 77 
117 162 
117 180 
117 6 
117 41 
117 79 
117 188 
117 57 
117 78 
117 1 
117 101 
117 112 
117 54 
117 122 
117 25 
117 11 
117 80 
117 186 
117 3 
117 59 
117 91 
117 97 
117 111 
117 82 
117 134 
117 120 
117 178 
117 31 
117 33 
117 53 
117 118 
117 32 
117 61 
117 72 
117 165 
117 147 
117 23 
117 15 
117 172 
117 8 
117 19 
117 132 
117 0 
117 4 
117 92 
117 184 
117 103 
117 166 
117 99 
117 169 
117 16 
117 105 
117 119 
117 139 
117 35 
117 159 
117 109 
117 95 
117 48 
117 135 
117 10 
117 142 
117 129 
117 185 
117 81 
117 89 
117 156 
117 36 
117 34 
117 44 
117 128 
117 55 
117 179 
117 121 
117 127 
117 157 
117 56 
117 174 
117 131 
117 163 
117 17 
117 26 
117 67 
117 170 
117 39 
117 93 
117 137 
118 122 
118 57 
118 109 
118 164 
118 120 
118 88 
118 106 
118 112 
118 156 
118 36 
118 92 
118 190 
118 64 
118 149 
118 62 
118 32 
118 100 
118 139 
118 68 
118 5 
118 11 
118 101 
118 86 
118 84 
118 121 
118 30 
118 96 
118 14 
118 169 
118 111 
118 108 
118 40 
118 185 
118 8 
118 53 
118 59 
118 7 
118 151 
118 77 
118 135 
118 17 
118 180 
118 91 
118 37 
118 39 
118 107 
118 71 
118 145 
118 80 
118 29 
118 138 
118 10 
118 119 
118 76 
118 133 
118 166 
118 177 
118 181 
118 67 
118 48 
118 2 
118 50 
118 167 
118 19 
118 147 
118 155 
118 171 
118 78 
118 187 
118 172 
118 74 
118 157 
118 46 
118 165 
118 173 
118 162 
118 18 
118 117 
118 182 
118 178 
118 179 
118 191 
118 160 
118 158 
118 66 
118 47 
118 9 
118 94 
118 73 
118 110 
118 34 
118 27 
118 0 
118 113 
118 54 
118 25 
118 105 
118 55 
118 3 
118 61 
118 170 
118 146 
118 63 
118 144 
118 41 
118 126 
118 131 
118 188 
118 43 
118 79 
118 28 
118 60 
118 26 
118 89 
118 141 
118 130 
118 13 
118 174 
118 65 
118 35 
118 44 
118 154 
118 15 
118 33 
118 98 
118 184 
118 186 
118 56 
118 90 
118 128 
118 95 
118 142 
118 51 
118 42 
118 124 
118 132 
118 125 
118 183 
118 75 
118 23 
119 92 
119 135 
119 13 
119 22 
119 65 
119 29 
119 26 
119 73 
119 74 
119 69 
119 138 
119 19 
119 20 
119 154 
119 150 
119 173 
119 17 
119 75 
119 81 
119 87 
119 53 
119 148 
119 190 
119 37 
119 168 
119 11 
119 43 
119 46 
119 62 
119 7 
119 139 
119 3 
119 101 
119 79 
119 12 
119 176 
119 59 
119 14 
119 86 
119 115 
119 50 
119 123 
119 68 
119 70 
119 90 
119 60 
119 78 
119 161 
119 97 
119 91 
119 179 
119 165 
119 18 
119 4 
119 15 
119 172 
119 41 
119 85 
119 152 
119 118 
119 110 
119 169 
119 157 
119 107 
119 76 
119 94 
119 178 
119 147 
119 0 
119 160 
119 125 
119 136 
119 141 
119 183 
119 55 
119 109 
119 28 
119 102 
119 9 
119 8 
119 99 
119 5 
119 16 
119 40 
119 180 
119 57 
119 170 
119 103 
119 158 
119 58 
119 71 
119 156 
119 167 
119 56 
119 189 
119 117 
119 116 
119 128 
119 54 
119 181 
119 48 
119 67 
119 95 
119 106 
119 93 
119 61 
119 131 
119 89 
119 96 
119 162 
119 51 
119 39 
119 52 
119 163 
119 129 
119 2 
119 36 
119 122 
119 82 
119 175 
119 188 
119 100 
119 23 
119 149 
119 108 
119 1 
119 146 
119 30 
119 49 
119 66 
119 88 
119 143 
119 25 
119 126 
120 90 
120 146 
120 140 
120 2 
120 160 
120 89 
120 150 
120 36 
120 156 
120 137 
120 167 
120 95 
120 142 
120 118 
120 113 
120 96 
120 14 
120 187 
120 125 
120 83 
120 55 
120 32 
120 8 
120 26 
120 163 
120 6 
120 159 
120 84 
120 40 
120 143 
120 24 
120 91 
120 130 
120 77 
120 155 
120 79 
120 56 
120 35 
120 76 
120 53 
120 58 
120 82 
120 141 
120 3 
120 126 
120 128 
120 20 
120 124 
120 138 
120 98 
120 39 
120 177 
120 50 
120 68 
120 57 
120 139 
120 104 
120 115 
120 174 
120 171 
120 153 
120 43 
120 148 
120 109 
120 166 
120 11 
120 80 
120 100 
120 63 
120 22 
120 87 
120 154 
120 182 
120 64 
120 188 
120 41 
120 186 
120 93 
120 48 
120 45 
120 59 
120 71 
120 27 
120 62 
120 179 
120 183 
120 165 
120 60 
120 49 
120 157 
120 117 
120 105 
120 47 
120 92 
120 0 
120 16 
120 13 
120 97 
120 144 
120 169 
120 81 
120 108 
120 172 
120 133 
120 85 
120 107 
120 151 
120 61 
120 114 
120 110 
120 181 
120 29 
120 30 
120 46 
120 170 
120 4 
120 21 
120 168 
120 28 
120 94 
120 18 
120 73 
120 1 
120 136 
120 116 
120 54 
120 190 
120 147 
120 106 
120 66 
120 178 
120 15 
120 164 
120 65 
120 10 
120 70 
120 134 
120 175 
120 99 
120 176 
120 69 
120 51 
120 74 
120 162 
120 23 
120 131 
120 158 
120 78 
120 25 
120 12 
120 33 
120 52 
120 86 
120 185 
120 19 
121 58 
121 157 
121 55 
121 155 
121 150 
121 10 
121 99 
121 59 
121 30 
121 89 
121 169 
121 102 
121 135 
121 180 
121 72 
121 105 
121 83 
121 13 
121 95 
121 23 
121 152 
121 53 
121 3 
121 16 
121 32 
121 84 
121 17 
121 108 
121 181 
121 71 
121 0 
121 118 
121 93 
121 76 
121 179 
121 160 
121 153 
121 131 
121 133 
121 145 
121 149 
121 91 
121 162 
121 182 
121 41 
121 148 
121 124 
121 184 
121 48 
121 188 
121 94 
121 34 
121 187 
121 164 
121 154 
121 122 
121 35 
121 190 
121 158 
121 146 
121 96 
121 56 
121 128 
121 173 
121 165 
121 101 
121 2 
121 78 
121 60 
121 9 
121 43 
121 147 
121 98 
121 70 
121 186 
121 29 
121 132 
121 107 
121 88 
121 111 
121 97 
121 1 
121 24 
121 37 
121 175 
121 185 
121 136 
121 112 
121 4 
121 33 
121 115 
121 21 
121 123 
121 20 
121 171 
121 110 
121 15 
121 44 
121 11 
121 138 
121 159 
121 170 
121 106 
121 82 
121 49 
121 45 
121 86 
121 12 
121 27 
121 103 
121 40 
121 104 
121 191 
121 28 
121 25 
121 189 
121 126 
121 87 
121 117 
121 68 
121 69 
121 92 
121 81 
121 5 
121 47 
121 167 
121 36 
121 50 
121 156 
121 141 
121 130 
121 168 
121 90 
121 6 
121 116 
121 161 
121 183 
121 166 
121 39 
121 172 
121 52 
121 79 
122 118 
122 158 
122 54 
122 113 
122 161 
122 148 
122 44 
122 108 
122 128 
122 85 
122 21 
122 125 
122 17 
122 29 
122 18 
122 13 
122 32 
122 80 
122 6 
122 84 
122 150 
122 66 
122 181 
122 188 
122 7 
122 77 
122 55 
122 59 
122 19 
122 67 
122 78 
122 11 
122 141 
122 33 
122 106 
122 114 
122 183 
122 177 
122 10 
122 93 
122 126 
122 178 
122 112 
122 176 
122 48 
122 38 
122 172 
122 191 
122 26 
122 36 
122 70 
122 76 
122 73 
122 166 
122 169 
122 49 
122 88 
122 63 
122 27 
122 124 
122 86 
122 0 
122 31 
122 51 
122 102 
122 121 
122 142 
122 60 
122 117 
122 109 
122 138 
122 123 
122 144 
122 100 
122 111 
122 98 
122 154 
122 90 
122 131 
122 132 
122 180 
122 28 
122 137 
122 61 
122 72 
122 152 
122 42 
122 74 
122 171 
122 145 
122 146 
122 83 
122 69 
122 71 
122 167 
122 14 
122 75 
122 135 
122 62 
122 164 
122 147 
122 95 
122 43 
122 130 
122 179 
122 1 
122 184 
122 81 
122 9 
122 89 
122 52 
122 56 
122 107 
122 175 
122 57 
122 182 
122 87 
122 22 
122 91 
122 50 
122 185 
122 159 
122 134 
122 119 
122 186 
122 12 
122 65 
122 149 
122 116 
122 140 
122 23 
122 53 
122 46 
122 160 
122 40 
122 25 
122 16 
122 127 
123 111 
123 153 
123 19 
123 181 
123 180 
123 41 
123 184 
123 46 
123 38 
123 133 
123 175 
123 89 
123 65 
123 176 
123 60 
123 78 
123 142 
123 131 
123 64 
123 30 
123 106 
123 146 
123 127 
123 31 
123 177 
123 102 
123 25 
123 5 
123 179 
123 162 
123 22 
123 17 
123 138 
123 139 
123 37 
123 80 
123 156 
123 148 
123 185 
123 69 
123 190 
123 150 
123 96 
123 76 
123 149 
123 144 
123 7 
123 94 
123 12 
123 119 
123 23 
123 8 
123 55 
123 71 
123 68 
123 117 
123 113 
123 186 
123 26 
123 67 
123 163 
123 125 
123 6 
123 90 
123 130 
123 56 
123 1 
123 33 
123 97 
123 91 
123 157 
123 73 
123 86 
123 173 
123 107 
123 166 
123 98 
123 36 
123 122 
123 13 
123 152 
123 53 
123 189 
123 191 
123 24 
123 28 
123 158 
123 104 
123 70 
123 14 
123 9 
123 62 
123 114 
123 124 
123 121 
123 84 
123 35 
123 161 
123 85 
123 140 
123 178 
123 15 
123 187 
123 74 
123 0 
123 182 
123 39 
123 18 
123 154 
123 95 
123 132 
123 58 
123 134 
123 32 
123 174 
123 145 
123 52 
123 88 
123 3 
123 136 
123 27 
123 129 
123 83 
123 151 
123 72 
123 82 
123 79 
123 66 
123 135 
123 188 
123 167 
123 99 
123 183 
123 137 
123 115 
123 77 
123 34 
123 170 
123 143 
123 75 
123 101 
123 81 
124 140 
124 51 
124 20 
124 109 
124 104 
124 59 
124 79 
124 130 
124 176 
124 60 
124 14 
124 159 
124 74 
124 95 
124 50 
124 125 
124 83 
124 82 
124 19 
124 164 
124 100 
124 107 
124 145 
124 113 
124 129 
124 73 
124 94 
124 166 
124 7 
124 36 
124 108 
124 84 
124 21 
124 137 
124 170 
124 70 
124 24 
124 38 
124 75 
124 86 
124 120 
124 131 
124 106 
124 117 
124 121 
124 93 
124 72 
124 147 
124 171 
124 10 
124 174 
124 135 
124 167 
124 177 
124 34 
124 173 
124 122 
124 45 
124 69 
124 126 
124 18 
124 54 
124 149 
124 142 
124 49 
124 179 
124 80 
124 127 
124 68 
124 58 
124 172 
124 46 
124 81 
124 185 
124 168 
124 111 
124 155 
124 152 
124 112 
124 9 
124 41 
124 2 
124 85 
124 98 
124 92 
124 6 
124 181 
124 103 
124 4 
124 23 
124 143 
124 123 
124 102 
124 146 
124 22 
124 35 
124 26 
124 96 
124 178 
124 3 
124 63 
124 12 
124 52 
124 187 
124 53 
124 186 
124 61 
124 154 
124 151 
124 71 
124 11 
124 115 
124 157 
124 39 
124 43 
124 1 
124 182 
124 76 
124 57 
124 25 
124 191 
124 48 
124 132 
124 88 
124 183 
124 144 
124 110 
124 163 
124 101 
124 56 
124 116 
124 16 
124 30 
124 118 
124 141 
124 15 
124 156 
124 148 
124 138 
124 180 
125 138 
125 96 
125 81 
125 187 
125 71 
125 75 
125 160 
125 184 
125 108 
125 133 
125 159 
125 66 
125 60 
125 97 
125 128 
125 72 
125 183 
125 37 
125 34 
125 52 
125 173 
125 147 
125 120 
125 124 
125 39 
125 137 
125 122 
125 98 
125 180 
125 50 
125 109 
125 182 
125 28 
125 175 
125 16 
125 174 
125 190 
125 126 
125 172 
125 19 
125 1 
125 167 
125 8 
125 11 
125 149 
125 139 
125 164 
125 20 
125 116 
125 27 
125 21 
125 177 
125 185 
125 46 
125 186 
125 17 
125 83 
125 115 
125 102 
125 41 
125 131 
125 43 
125 123 
125 22 
125 57 
125 89 
125 88 
125 151 
125 55 
125 134 
125 51 
125 29 
125 0 
125 30 
125 179 
125 129 
125 181 
125 152 
125 145 
125 119 
125 104 
125 86 
125 77 
125 12 
125 156 
125 168 
125 18 
125 112 
125 103 
125 170 
125 85 
125 155 
125 76 
125 132 
125 140 
125 6 
125 74 
125 68 
125 150 
125 9 
125 84 
125 94 
125 111 
125 32 
125 100 
125 47 
125 3 
125 143 
125 141 
125 130 
125 33 
125 64 
125 178 
125 92 
125 44 
125 191 
125 67 
125 91 
125 31 
125 69 
125 142 
125 26 
125 162 
125 23 
125 59 
125 188 
125 62 
125 38 
125 35 
125 40 
125 93 
125 65 
125 144 
125 148 
125 10 
125 106 
125 99 
125 90 
125 135 
125 157 
125 36 
125 56 
125 118 
125 25 
125 165 
125 82 
126 45 
126 20 
126 131 
126 154 
126 41 
126 155 
126 2 
126 62 
126 67 
126 64 
126 111 
126 91 
126 85 
126 100 
126 141 
126 32 
126 149 
126 104 
126 89 
126 42 
126 83 
126 63 
126 16 
126 189 
126 108 
126 57 
126 79 
126 172 
126 125 
126 23 
126 146 
126 178 
126 173 
126 152 
126 144 
126 112 
126 151 
126 13 
126 175 
126 191 
126 120 
126 60 
126 28 
126 98 
126 117 
126 73 
126 43 
126 35 
126 110 
126 137 
126 95 
126 101 
126 122 
126 27 
126 19 
126 59 
126 133 
126 176 
126 94 
126 183 
126 93 
126 68 
126 58 
126 182 
126 177 
126 187 
126 4 
126 171 
126 164 
126 55 
126 10 
126 69 
126 124 
126 159 
126 157 
126 48 
126 80 
126 72 
126 105 
126 129 
126 87 
126 115 
126 156 
126 109 
126 114 
126 148 
126 49 
126 179 
126 47 
126 0 
126 165 
126 180 
126 1 
126 168 
126 65 
126 166 
126 71 
126 46 
126 145 
126 99 
126 130 
126 82 
126 25 
126 86 
126 29 
126 139 
126 188 
126 74 
126 70 
126 3 
126 30 
126 174 
126 53 
126 81 
126 142 
126 66 
126 118 
126 34 
126 150 
126 170 
126 52 
126 134 
126 143 
126 40 
126 132 
126 147 
126 5 
126 61 
126 121 
126 78 
126 184 
126 84 
126 106 
126 97 
126 128 
126 11 
126 21 
126 186 
126 14 
126 102 
126 17 
126 181 
126 119 
126 160 
127 43 
127 77 
127 162 
127 142 
127 140 
127 66 
127 37 
127 19 
127 176 
127 67 
127 147 
127 151 
127 114 
127 123 
127 52 
127 35 
127 190 
127 75 
127 30 
127 8 
127 64 
127 5 
127 76 
127 185 
127 137 
127 183 
127 94 
127 92 
127 115 
127 68 
127 50 
127 6 
127 173 
127 146 
127 171 
127 91 
127 152 
127 84 
127 164 
127 129 
127 179 
127 155 
127 59 
127 188 
127 83 
127 104 
127 174 
127 47 
127 4 
127 166 
127 34 
127 85 
127 39 
127 113 
127 131 
127 109 
127 80 
127 3 
127 49 
127 144 
127 153 
127 159 
127 167 
127 165 
127 46 
127 11 
127 110 
127 124 
127 177 
127 90 
127 40 
127 149 
127 36 
127 61 
127 168 
127 187 
127 175 
127 62 
127 184 
127 42 
127 163 
127 134 
127 21 
127 89 
127 136 
127 88 
127 79 
127 38 
127 99 
127 130 
127 26 
127 51 
127 10 
127 41 
127 128 
127 180 
127 93 
127 158 
127 87 
127 108 
127 182 
127 106 
127 97 
127 148 
127 169 
127 170 
127 135 
127 154 
127 143 
127 23 
127 157 
127 116 
127 18 
127 24 
127 53 
127 82 
127 133 
127 112 
127 117 
127 145 
127 111 
127 2 
127 58 
127 60 
127 69 
127 48 
127 95 
127 0 
127 186 
127 17 
127 71 
127 44 
127 156 
127 12 
127 22 
127 81 
127 101 
127 56 
127 78 
127 105 
127 122 
128 44 
128 155 
128 29 
128 189 
128 160 
128 139 
128 20 
128 175 
128 15 
128 149 
128 125 
128 169 
128 77 
128 17 
128 132 
128 180 
128 62 
128 122 
128 3 
128 93 
128 25 
128 143 
128 71 
128 191 
128 94 
128 135 
128 111 
128 18 
128 14 
128 92 
128 105 
128 146 
128 30 
128 185 
128 79 
128 120 
128 100 
128 68 
128 104 
128 178 
128 168 
128 75 
128 26 
128 186 
128 133 
128 22 
128 48 
128 114 
128 5 
128 74 
128 154 
128 0 
128 163 
128 67 
128 183 
128 55 
128 140 
128 102 
128 148 
128 103 
128 153 
128 73 
128 54 
128 156 
128 96 
128 9 
128 84 
128 187 
128 99 
128 129 
128 83 
128 173 
128 86 
128 121 
128 63 
128 88 
128 137 
128 90 
128 115 
128 81 
128 57 
128 116 
128 95 
128 141 
128 136 
128 184 
128 145 
128 164 
128 138 
128 171 
128 152 
128 28 
128 166 
128 51 
128 157 
128 161 
128 61 
128 1 
128 35 
128 188 
128 87 
128 98 
128 170 
128 39 
128 167 
128 52 
128 158 
128 127 
128 89 
128 37 
128 40 
128 53 
128 112 
128 108 
128 4 
128 181 
128 119 
128 36 
128 66 
128 82 
128 97 
128 101 
128 42 
128 24 
128 8 
128 7 
128 179 
128 117 
128 33 
128 176 
128 162 
128 58 
128 65 
128 165 
128 70 
128 106 
128 126 
128 190 
128 69 
128 45 
128 27 
128 19 
128 34 
128 142 
128 118 
128 91 
128 151 
128 6 
128 13 
128 10 
128 130 
128 131 
128 47 
129 65 
129 190 
129 92 
129 90 
129 136 
129 40 
129 78 
129 6 
129 159 
129 46 
129 96 
129 59 
129 188 
129 148 
129 53 
129 105 
129 28 
129 149 
129 18 
129 138 
129 176 
129 113 
129 154 
129 134 
129 179 
129 124 
129 187 
129 0 
129 142 
129 84 
129 13 
129 114 
129 144 
129 75 
129 146 
129 86 
129 23 
129 127 
129 74 
129 184 
129 137 
129 99 
129 34 
129 182 
129 116 
129 147 
129 178 
129 160 
129 82 
129 93 
129 130 
129 140 
129 103 
129 64 
129 108 
129 50 
129 9 
129 186 
129 29 
129 174 
129 101 
129 152 
129 55 
129 95 
129 76 
129 47 
129 135 
129 25 
129 126 
129 125 
129 102 
129 68 
129 164 
129 61 
129 44 
129 128 
129 33 
129 14 
129 88 
129 20 
129 52 
129 89 
129 57 
129 36 
129 35 
129 177 
129 110 
129 168 
129 132 
129 24 
129 111 
129 42 
129 165 
129 139 
129 109 
129 151 
129 115 
129 39 
129 11 
129 30 
129 169 
129 16 
129 106 
129 157 
129 38 
129 112 
129 19 
129 173 
129 22 
129 63 
129 175 
129 60 
129 32 
129 191 
129 62 
129 183 
129 1 
129 131 
129 73 
129 117 
129 51 
129 83 
129 143 
129 97 
129 100 
129 72 
129 163 
129 153 
129 167 
129 123 
129 180 
129 119 
129 5 
129 8 
129 172 
129 66 
129 56 
129 79 
129 15 
129 150 
129 141 
129 27 
129 7 
129 48 
129 185 
130 35 
130 124 
130 61 
130 79 
130 182 
130 104 
130 43 
130 90 
130 174 
130 107 
130 146 
130 155 
130 160 
130 5 
130 170 
130 86 
130 189 
130 62 
130 50 
130 116 
130 74 
130 136 
130 131 
130 120 
130 81 
130 167 
130 113 
130 144 
130 19 
130 40 
130 34 
130 158 
130 183 
130 0 
130 99 
130 55 
130 108 
130 143 
130 57 
130 66 
130 177 
130 20 
130 151 
130 169 
130 111 
130 96 
130 56 
130 186 
130 85 
130 117 
130 68 
130 92 
130 138 
130 51 
130 38 
130 52 
130 129 
130 171 
130 148 
130 123 
130 78 
130 15 
130 44 
130 22 
130 149 
130 37 
130 166 
130 27 
130 139 
130 164 
130 161 
130 88 
130 31 
130 24 
130 32 
130 75 
130 134 
130 105 
130 188 
130 91 
130 67 
130 101 
130 103 
130 112 
130 114 
130 152 
130 102 
130 190 
130 185 
130 36 
130 1 
130 7 
130 95 
130 147 
130 83 
130 3 
130 2 
130 109 
130 46 
130 41 
130 181 
130 63 
130 187 
130 126 
130 127 
130 156 
130 125 
130 16 
130 69 
130 80 
130 122 
130 45 
130 82 
130 98 
130 23 
130 33 
130 175 
130 159 
130 10 
130 94 
130 142 
130 70 
130 135 
130 163 
130 53 
130 118 
130 42 
130 176 
130 191 
130 58 
130 178 
130 150 
130 162 
130 4 
130 64 
130 18 
130 121 
130 11 
130 60 
130 59 
130 137 
130 89 
130 76 
130 128 
130 153 
131 114 
131 63 
131 37 
131 126 
131 24 
131 160 
131 0 
131 79 
131 177 
131 166 
131 84 
131 165 
131 70 
131 105 
131 109 
131 17 
131 54 
131 172 
131 123 
131 33 
131 147 
131 75 
131 42 
131 61 
131 130 
131 69 
131 182 
131 101 
131 168 
131 28 
131 163 
131 48 
131 154 
131 96 
131 175 
131 44 
131 91 
131 23 
131 90 
131 103 
131 57 
131 12 
131 97 
131 98 
131 124 
131 121 
131 53 
131 55 
131 148 
131 72 
131 56 
131 18 
131 176 
131 1 
131 87 
131 25 
131 180 
131 125 
131 71 
131 189 
131 78 
131 183 
131 82 
131 134 
131 135 
131 127 
131 40 
131 170 
131 58 
131 59 
131 181 
131 161 
131 174 
131 29 
131 143 
131 62 
131 191 
131 38 
131 140 
131 186 
131 169 
131 122 
131 52 
131 187 
131 80 
131 2 
131 93 
131 152 
131 185 
131 30 
131 51 
131 9 
131 86 
131 45 
131 22 
131 13 
131 11 
131 156 
131 6 
131 144 
131 153 
131 145 
131 76 
131 100 
131 3 
131 138 
131 47 
131 26 
131 184 
131 104 
131 171 
131 113 
131 34 
131 94 
131 27 
131 21 
131 129 
131 118 
131 178 
131 50 
131 73 
131 111 
131 64 
131 60 
131 43 
131 119 
131 88 
131 41 
131 159 
131 132 
131 36 
131 66 
131 19 
131 92 
131 14 
131 108 
131 117 
131 16 
131 116 
131 68 
131 155 
131 32 
131 173 
131 157 
131 120 
131 190 
131 164 
131 179 
131 83 
131 110 
131 128 
132 191 
132 141 
132 15 
132 110 
132 67 
132 101 
132 75 
132 76 
132 116 
132 84 
132 96 
132 146 
132 43 
132 29 
132 128 
132 62 
132 63 
132 188 
132 137 
132 13 
132 36 
132 115 
132 31 
132 79 
132 172 
132 69 
132 171 
132 56 
132 61 
132 0 
132 157 
132 168 
132 39 
132 30 
132 3 
132 182 
132 142 
132 12 
132 133 
132 154 
132 151 
132 16 
132 60 
132 103 
132 158 
132 144 
132 81 
132 42 
132 59 
132 181 
132 190 
132 108 
132 37 
132 49 
132 8 
132 109 
132 162 
132 145 
132 99 
132 11 
132 5 
132 6 
132 53 
132 170 
132 83 
132 10 
132 73 
132 104 
132 68 
132 48 
132 90 
132 169 
132 23 
132 93 
132 74 
132 122 
132 129 
132 2 
132 152 
132 18 
132 177 
132 89 
132 185 
132 159 
132 85 
132 9 
132 14 
132 186 
132 54 
132 147 
132 100 
132 95 
132 121 
132 107 
132 180 
132 138 
132 7 
132 125 
132 160 
132 47 
132 117 
132 26 
132 106 
132 92 
132 25 
132 156 
132 86 
132 22 
132 135 
132 94 
132 140 
132 91 
132 179 
132 187 
132 87 
132 38 
132 71 
132 112 
132 102 
132 164 
132 166 
132 148 
132 123 
132 44 
132 28 
132 161 
132 57 
132 149 
132 126 
132 35 
132 153 
132 50 
132 131 
132 173 
132 163 
132 124 
132 176 
132 178 
132 143 
132 66 
132 78 
132 113 
132 136 
132 55 
132 45 
132 175 
132 134 
132 88 
132 165 
132 155 
132 118 
132 105 
132 33 
132 34 
133 70 
133 59 
133 168 
133 7 
133 123 
133 125 
133 84 
133 65 
133 3 
133 93 
133 77 
133 162 
133 110 
133 39 
133 101 
133 141 
133 156 
133 99 
133 176 
133 146 
133 2 
133 104 
133 78 
133 98 
133 170 
133 37 
133 180 
133 188 
133 87 
133 169 
133 57 
133 163 
133 76 
133 4 
133 28 
133 58 
133 13 
133 114 
133 182 
133 79 
133 6 
133 21 
133 22 
133 14 
133 34 
133 82 
133 90 
133 17 
133 11 
133 23 
133 64 
133 121 
133 74 
133 63 
133 179 
133 109 
133 128 
133 10 
133 174 
133 36 
133 152 
133 132 
133 161 
133 89 
133 45 
133 126 
133 149 
133 29 
133 41 
133 75 
133 186 
133 102 
133 46 
133 136 
133 42 
133 151 
133 167 
133 118 
133 142 
133 157 
133 100 
133 95 
133 81 
133 38 
133 153 
133 33 
133 24 
133 86 
133 54 
133 187 
133 94 
133 0 
133 103 
133 97 
133 35 
133 164 
133 150 
133 185 
133 148 
133 166 
133 83 
133 25 
133 12 
133 1 
133 120 
133 184 
133 50 
133 80 
133 44 
133 113 
133 112 
133 91 
133 49 
133 140 
133 175 
133 154 
133 71 
133 85 
133 107 
133 60 
133 69 
133 139 
133 137 
133 108 
133 15 
133 30 
133 127 
133 20 
133 55 
133 177 
133 26 
133 181 
133 31 
133 27 
133 190 
133 189 
133 160 
133 19 
133 159 
133 51 
133 143 
133 147 
133 72 
133 32 
133 158 
134 97 
134 171 
134 177 
134 155 
134 191 
134 43 
134 54 
134 33 
134 187 
134 95 
134 48 
134 91 
134 88 
134 51 
134 42 
134 34 
134 20 
134 21 
134 2 
134 129 
134 101 
134 153 
134 108 
134 159 
134 158 
134 29 
134 182 
134 172 
134 11 
134 170 
134 35 
134 6 
134 90 
134 190 
134 26 
134 25 
134 178 
134 87 
134 52 
134 86 
134 92 
134 188 
134 37 
134 147 
134 157 
134 100 
134 163 
134 144 
134 99 
134 98 
134 146 
134 116 
134 131 
134 81 
134 58 
134 17 
134 74 
134 125 
134 49 
134 149 
134 115 
134 104 
134 176 
134 72 
134 151 
134 79 
134 15 
134 61 
134 169 
134 130 
134 82 
134 103 
134 139 
134 145 
134 8 
134 117 
134 183 
134 154 
134 175 
134 28 
134 55 
134 127 
134 65 
134 60 
134 1 
134 66 
134 4 
134 85 
134 53 
134 67 
134 83 
134 102 
134 76 
134 136 
134 93 
134 84 
134 73 
134 167 
134 23 
134 31 
134 184 
134 173 
134 126 
134 162 
134 62 
134 39 
134 123 
134 40 
134 50 
134 120 
134 111 
134 165 
134 105 
134 160 
134 12 
134 3 
134 38 
134 18 
134 122 
134 78 
134 0 
134 135 
134 10 
134 63 
134 96 
134 142 
134 156 
134 132 
134 143 
134 110 
134 152 
134 180 
134 80 
134 27 
134 164 
134 166 
135 14 
135 159 
135 119 
135 16 
135 57 
135 88 
135 176 
135 89 
135 91 
135 37 
135 18 
135 22 
135 78 
135 170 
135 155 
135 48 
135 121 
135 6 
135 5 
135 128 
135 102 
135 137 
135 72 
135 2 
135 19 
135 116 
135 174 
135 13 
135 114 
135 145 
135 151 
135 36 
135 189 
135 76 
135 90 
135 15 
135 112 
135 118 
135 142 
135 108 
135 83 
135 4 
135 58 
135 77 
135 178 
135 20 
135 39 
135 23 
135 124 
135 164 
135 131 
135 156 
135 31 
135 129 
135 59 
135 0 
135 113 
135 67 
135 190 
135 27 
135 167 
135 51 
135 165 
135 148 
135 154 
135 175 
135 115 
135 111 
135 101 
135 44 
135 41 
135 100 
135 7 
135 63 
135 185 
135 74 
135 191 
135 158 
135 42 
135 96 
135 24 
135 173 
135 52 
135 109 
135 79 
135 163 
135 179 
135 28 
135 122 
135 46 
135 82 
135 139 
135 181 
135 98 
135 132 
135 171 
135 144 
135 21 
135 93 
135 95 
135 152 
135 169 
135 117 
135 66 
135 127 
135 188 
135 75 
135 49 
135 97 
135 84 
135 130 
135 50 
135 105 
135 99 
135 153 
135 92 
135 12 
135 30 
135 106 
135 71 
135 40 
135 184 
135 140 
135 136 
135 85 
135 134 
135 123 
135 125 
135 33 
135 180 
135 10 
135 1 
135 87 
136 106 
136 86 
136 49 
136 81 
136 129 
136 64 
136 79 
136 97 
136 28 
136 23 
136 55 
136 91 
136 43 
136 1 
136 105 
136 117 
136 2 
136 162 
136 54 
136 93 
136 60 
136 73 
136 87 
136 108 
136 148 
136 149 
136 163 
136 17 
136 161 
136 130 
136 160 
136 26 
136 141 
136 167 
136 191 
136 100 
136 172 
136 4 
136 71 
136 68 
136 14 
136 34 
136 18 
136 102 
136 98 
136 27 
136 95 
136 47 
136 38 
136 156 
136 7 
136 185 
136 85 
136 9 
136 56 
136 42 
136 45 
136 182 
136 150 
136 16 
136 58 
136 69 
136 41 
136 173 
136 170 
136 133 
136 187 
136 96 
136 101 
136 109 
136 112 
136 184 
136 174 
136 33 
136 32 
136 83 
136 107 
136 103 
136 40 
136 84 
136 70 
136 89 
136 37 
136 119 
136 180 
136 138 
136 188 
136 3 
136 82 
136 128 
136 164 
136 62 
136 127 
136 19 
136 145 
136 30 
136 67 
136 114 
136 121 
136 88 
136 22 
136 137 
136 57 
136 6 
136 139 
136 80 
136 134 
136 120 
136 183 
136 65 
136 61 
136 31 
136 29 
136 78 
136 92 
136 140 
136 113 
136 178 
136 63 
136 51 
136 123 
136 13 
136 0 
136 176 
136 159 
136 135 
136 44 
136 132 
136 94 
136 90 
136 46 
136 99 
136 171 
136 175 
137 163 
137 168 
137 120 
137 35 
137 29 
137 5 
137 27 
137 15 
137 164 
137 12 
137 183 
137 111 
137 7 
137 132 
137 125 
137 103 
137 105 
137 37 
137 77 
137 79 
137 64 
137 135 
137 93 
137 57 
137 127 
137 141 
137 28 
137 17 
137 114 
137 124 
137 147 
137 142 
137 165 
137 179 
137 78 
137 10 
137 189 
137 75 
137 101 
137 129 
137 2 
137 126 
137 82 
137 88 
137 43 
137 47 
137 140 
137 44 
137 170 
137 24 
137 190 
137 157 
137 155 
137 6 
137 110 
137 107 
137 42 
137 80 
137 96 
137 11 
137 92 
137 166 
137 116 
137 26 
137 115 
137 144 
137 174 
137 109 
137 128 
137 169 
137 38 
137 45 
137 122 
137 182 
137 55 
137 48 
137 104 
137 138 
137 185 
137 158 
137 178 
137 150 
137 151 
137 159 
137 145 
137 173 
137 186 
137 148 
137 136 
137 76 
137 41 
137 20 
137 69 
137 34 
137 8 
137 112 
137 59 
137 68 
137 22 
137 73 
137 160 
137 90 
137 19 
137 67 
137 133 
137 70 
137 18 
137 139 
137 49 
137 16 
137 32 
137 23 
137 65 
137 72 
137 161 
137 187 
137 21 
137 154 
137 97 
137 98 
137 102 
137 46 
137 71 
137 25 
137 162 
137 100 
137 30 
137 0 
137 191 
137 108 
137 172 
137 123 
137 152 
137 130 
137 180 
137 62 
137 56 
137 63 
137 84 
137 52 
137 40 
137 1 
137 117 
137 33 
137 153 
138 125 
138 6 
138 31 
138 72 
138 155 
138 154 
138 3 
138 84 
138 145 
138 39 
138 18 
138 83 
138 13 
138 190 
138 189 
138 23 
138 102 
138 119 
138 89 
138 148 
138 107 
138 129 
138 149 
138 40 
138 53 
138 9 
138 159 
138 67 
138 36 
138 171 
138 123 
138 161 
138 175 
138 27 
138 146 
138 139 
138 5 
138 140 
138 2 
138 81 
138 57 
138 66 
138 120 
138 101 
138 169 
138 93 
138 11 
138 110 
138 25 
138 64 
138 142 
138 97 
138 48 
138 130 
138 7 
138 186 
138 106 
138 17 
138 65 
138 1 
138 151 
138 30 
138 50 
138 100 
138 12 
138 77 
138 118 
138 42 
138 184 
138 35 
138 180 
138 74 
138 122 
138 10 
138 179 
138 21 
138 157 
138 14 
138 178 
138 147 
138 8 
138 183 
138 61 
138 75 
138 136 
138 143 
138 96 
138 137 
138 167 
138 173 
138 128 
138 144 
138 112 
138 185 
138 132 
138 116 
138 82 
138 111 
138 32 
138 78 
138 88 
138 98 
138 165 
138 33 
138 114 
138 170 
138 131 
138 104 
138 60 
138 156 
138 105 
138 46 
138 121 
138 73 
138 47 
138 187 
138 158 
138 174 
138 49 
138 182 
138 87 
138 99 
138 85 
138 15 
138 69 
138 162 
138 62 
138 115 
138 45 
138 152 
138 164 
138 56 
138 153 
138 58 
138 43 
138 71 
138 22 
138 52 
138 4 
138 28 
138 124 
138 188 
138 63 
139 1 
139 82 
139 62 
139 185 
139 21 
139 34 
139 29 
139 74 
139 128 
139 180 
139 35 
139 112 
139 85 
139 152 
139 69 
139 77 
139 76 
139 106 
139 79 
139 153 
139 4 
139 104 
139 163 
139 72 
139 51 
139 162 
139 57 
139 105 
139 118 
139 190 
139 89 
139 123 
139 119 
139 20 
139 40 
139 66 
139 96 
139 138 
139 167 
139 125 
139 184 
139 178 
139 92 
139 101 
139 50 
139 187 
139 120 
139 80 
139 86 
139 107 
139 26 
139 173 
139 189 
139 165 
139 49 
139 143 
139 88 
139 39 
139 81 
139 148 
139 144 
139 160 
139 60 
139 183 
139 94 
139 130 
139 171 
139 172 
139 158 
139 83 
139 48 
139 23 
139 91 
139 54 
139 166 
139 10 
139 0 
139 16 
139 114 
139 61 
139 134 
139 6 
139 78 
139 58 
139 63 
139 177 
139 129 
139 46 
139 43 
139 33 
139 93 
139 157 
139 25 
139 169 
139 146 
139 30 
139 179 
139 95 
139 150 
139 24 
139 7 
139 170 
139 136 
139 100 
139 55 
139 161 
139 9 
139 126 
139 135 
139 149 
139 52 
139 117 
139 133 
139 2 
139 17 
139 137 
139 56 
139 99 
139 75 
139 168 
139 141 
139 97 
139 191 
139 156 
139 68 
139 116 
139 176 
139 108 
139 31 
139 53 
139 147 
139 140 
139 59 
139 8 
139 164 
139 47 
139 145 
139 110 
139 32 
139 15 
139 67 
139 42 
139 44 
139 64 
140 124 
140 69 
140 158 
140 120 
140 175 
140 89 
140 157 
140 127 
140 110 
140 155 
140 115 
140 29 
140 22 
140 117 
140 54 
140 109 
140 165 
140 77 
140 145 
140 106 
140 75 
140 66 
140 113 
140 74 
140 3 
140 34 
140 99 
140 5 
140 31 
140 179 
140 48 
140 72 
140 161 
140 138 
140 108 
140 28 
140 14 
140 33 
140 2 
140 107 
140 63 
140 173 
140 111 
140 98 
140 6 
140 101 
140 144 
140 43 
140 137 
140 163 
140 171 
140 129 
140 12 
140 105 
140 100 
140 102 
140 37 
140 176 
140 141 
140 90 
140 78 
140 166 
140 160 
140 15 
140 128 
140 47 
140 103 
140 82 
140 168 
140 131 
140 116 
140 92 
140 159 
140 0 
140 35 
140 17 
140 20 
140 64 
140 65 
140 36 
140 170 
140 26 
140 95 
140 177 
140 149 
140 38 
140 125 
140 169 
140 143 
140 93 
140 73 
140 16 
140 186 
140 67 
140 62 
140 183 
140 133 
140 132 
140 182 
140 60 
140 123 
140 21 
140 86 
140 53 
140 152 
140 97 
140 41 
140 40 
140 114 
140 191 
140 18 
140 11 
140 27 
140 136 
140 112 
140 180 
140 178 
140 185 
140 8 
140 87 
140 139 
140 135 
140 142 
140 167 
140 44 
140 50 
140 122 
140 172 
140 57 
140 174 
140 42 
140 146 
140 154 
140 151 
140 84 
141 132 
141 146 
141 108 
141 53 
141 17 
141 92 
141 46 
141 117 
141 71 
141 178 
141 88 
141 22 
141 27 
141 74 
141 29 
141 133 
141 65 
141 126 
141 155 
141 35 
141 167 
141 39 
141 54 
141 77 
141 157 
141 93 
141 160 
141 32 
141 50 
141 33 
141 136 
141 19 
141 170 
141 137 
141 15 
141 36 
141 3 
141 78 
141 116 
141 179 
141 97 
141 61 
141 120 
141 188 
141 31 
141 98 
141 21 
141 106 
141 90 
141 86 
141 172 
141 45 
141 30 
141 122 
141 89 
141 150 
141 112 
141 183 
141 161 
141 42 
141 26 
141 68 
141 99 
141 11 
141 81 
141 14 
141 72 
141 142 
141 25 
141 140 
141 143 
141 76 
141 175 
141 107 
141 56 
141 149 
141 162 
141 20 
141 115 
141 168 
141 95 
141 48 
141 169 
141 166 
141 44 
141 110 
141 69 
141 171 
141 128 
141 83 
141 24 
141 119 
141 47 
141 94 
141 189 
141 63 
141 151 
141 187 
141 177 
141 40 
141 158 
141 52 
141 73 
141 176 
141 62 
141 125 
141 16 
141 165 
141 41 
141 103 
141 64 
141 148 
141 139 
141 49 
141 37 
141 43 
141 18 
141 91 
141 118 
141 105 
141 51 
141 79 
141 87 
141 113 
141 2 
141 10 
141 67 
141 102 
141 181 
141 12 
141 185 
141 191 
141 121 
141 190 
141 152 
141 57 
141 60 
141 124 
141 129 
141 0 
141 111 
141 1 
141 66 
142 78 
142 79 
142 173 
142 153 
142 87 
142 99 
142 51 
142 97 
142 127 
142 27 
142 110 
142 120 
142 43 
142 157 
142 156 
142 158 
142 170 
142 123 
142 20 
142 0 
142 86 
142 49 
142 93 
142 40 
142 81 
142 56 
142 65 
142 26 
142 36 
142 18 
142 73 
142 179 
142 143 
142 129 
142 167 
142 85 
142 41 
142 108 
142 32 
142 74 
142 14 
142 160 
142 66 
142 163 
142 77 
142 4 
142 29 
142 83 
142 63 
142 180 
142 42 
142 137 
142 190 
142 60 
142 182 
142 22 
142 171 
142 175 
142 31 
142 132 
142 138 
142 135 
142 112 
142 48 
142 187 
142 162 
142 24 
142 141 
142 185 
142 88 
142 184 
142 35 
142 101 
142 186 
142 150 
142 122 
142 133 
142 34 
142 124 
142 116 
142 13 
142 71 
142 107 
142 58 
142 69 
142 12 
142 9 
142 67 
142 146 
142 5 
142 145 
142 23 
142 6 
142 189 
142 75 
142 80 
142 19 
142 100 
142 11 
142 111 
142 45 
142 144 
142 90 
142 10 
142 52 
142 114 
142 147 
142 154 
142 106 
142 126 
142 102 
142 166 
142 165 
142 168 
142 30 
142 115 
142 68 
142 96 
142 38 
142 117 
142 16 
142 130 
142 176 
142 125 
142 64 
142 37 
142 7 
142 46 
142 91 
142 161 
142 149 
142 44 
142 140 
142 89 
142 134 
142 54 
142 148 
142 70 
142 128 
142 118 
142 191 
142 105 
142 84 
142 25 
142 164 
142 188 
142 172 
142 72 
143 8 
143 148 
143 190 
143 173 
143 180 
143 150 
143 167 
143 63 
143 153 
143 83 
143 171 
143 17 
143 128 
143 2 
143 163 
143 76 
143 40 
143 120 
143 94 
143 176 
143 65 
143 110 
143 15 
143 67 
143 61 
143 142 
143 81 
143 10 
143 111 
143 73 
143 49 
143 50 
143 75 
143 130 
143 162 
143 52 
143 169 
143 98 
143 156 
143 54 
143 109 
143 59 
143 101 
143 177 
143 3 
143 107 
143 12 
143 157 
143 185 
143 181 
143 93 
143 139 
143 106 
143 161 
143 77 
143 141 
143 89 
143 174 
143 78 
143 102 
143 115 
143 25 
143 43 
143 131 
143 168 
143 189 
143 74 
143 1 
143 18 
143 88 
143 95 
143 155 
143 60 
143 27 
143 138 
143 53 
143 37 
143 68 
143 85 
143 38 
143 84 
143 57 
143 186 
143 113 
143 114 
143 97 
143 11 
143 4 
143 166 
143 42 
143 124 
143 183 
143 140 
143 104 
143 62 
143 14 
143 55 
143 146 
143 87 
143 46 
143 152 
143 70 
143 66 
143 125 
143 20 
143 58 
143 178 
143 158 
143 175 
143 26 
143 19 
143 5 
143 103 
143 36 
143 39 
143 82 
143 23 
143 72 
143 129 
143 145 
143 127 
143 126 
143 191 
143 179 
143 160 
143 31 
143 21 
143 71 
143 105 
143 132 
143 112 
143 170 
143 96 
143 188 
143 9 
143 134 
143 133 
143 164 
143 119 
143 48 
143 24 
143 123 
144 110 
144 14 
144 20 
144 160 
144 87 
144 10 
144 164 
144 15 
144 115 
144 36 
144 49 
144 60 
144 44 
144 173 
144 80 
144 69 
144 65 
144 51 
144 109 
144 104 
144 130 
144 71 
144 28 
144 189 
144 92 
144 40 
144 62 
144 53 
144 126 
144 129 
144 59 
144 58 
144 123 
144 106 
144 76 
144 103 
144 152 
144 187 
144 185 
144 37 
144 91 
144 88 
144 140 
144 2 
144 190 
144 134 
144 117 
144 98 
144 29 
144 159 
144 52 
144 132 
144 4 
144 0 
144 102 
144 139 
144 35 
144 90 
144 42 
144 84 
144 79 
144 99 
144 127 
144 183 
144 177 
144 23 
144 94 
144 101 
144 137 
144 122 
144 108 
144 161 
144 33 
144 154 
144 30 
144 114 
144 41 
144 7 
144 45 
144 150 
144 162 
144 32 
144 172 
144 149 
144 138 
144 181 
144 61 
144 176 
144 120 
144 73 
144 24 
144 113 
144 170 
144 18 
144 19 
144 11 
144 147 
144 5 
144 131 
144 82 
144 68 
144 142 
144 75 
144 157 
144 135 
144 105 
144 38 
144 17 
144 153 
144 118 
144 186 
144 95 
144 64 
144 171 
144 188 
144 8 
144 175 
144 21 
144 22 
144 100 
144 166 
144 124 
144 74 
144 125 
144 165 
144 66 
144 16 
144 63 
144 55 
144 72 
144 13 
144 158 
144 85 
144 77 
145 179 
145 76 
145 21 
145 138 
145 59 
145 56 
145 89 
145 191 
145 111 
145 1 
145 93 
145 34 
145 184 
145 140 
145 19 
145 47 
145 10 
145 149 
145 110 
145 187 
145 17 
145 124 
145 190 
145 155 
145 20 
145 61 
145 105 
145 75 
145 78 
145 161 
145 135 
145 106 
145 48 
145 182 
145 178 
145 167 
145 74 
145 28 
145 152 
145 42 
145 96 
145 186 
145 121 
145 23 
145 45 
145 108 
145 156 
145 91 
145 62 
145 50 
145 0 
145 53 
145 118 
145 32 
145 63 
145 11 
145 13 
145 52 
145 26 
145 172 
145 73 
145 169 
145 71 
145 24 
145 8 
145 181 
145 116 
145 4 
145 57 
145 15 
145 132 
145 64 
145 30 
145 41 
145 37 
145 60 
145 70 
145 12 
145 33 
145 100 
145 7 
145 175 
145 125 
145 134 
145 113 
145 146 
145 40 
145 165 
145 142 
145 88 
145 27 
145 128 
145 159 
145 122 
145 151 
145 31 
145 101 
145 82 
145 94 
145 136 
145 79 
145 103 
145 137 
145 65 
145 35 
145 16 
145 126 
145 174 
145 51 
145 67 
145 86 
145 107 
145 131 
145 6 
145 22 
145 188 
145 84 
145 177 
145 49 
145 171 
145 46 
145 66 
145 143 
145 176 
145 9 
145 18 
145 158 
145 170 
145 123 
145 44 
145 92 
145 127 
145 85 
145 43 
145 168 
145 148 
145 87 
145 29 
145 38 
145 54 
145 55 
145 77 
145 139 
145 114 
145 109 
145 150 
145 115 
145 14 
145 99 
146 150 
146 141 
146 166 
146 120 
146 108 
146 92 
146 132 
146 148 
146 113 
146 183 
146 14 
146 130 
146 28 
146 103 
146 6 
146 77 
146 102 
146 53 
146 111 
146 154 
146 123 
146 133 
146 63 
146 149 
146 116 
146 189 
146 3 
146 78 
146 21 
146 167 
146 178 
146 126 
146 112 
146 181 
146 186 
146 179 
146 109 
146 75 
146 168 
146 138 
146 128 
146 10 
146 88 
146 127 
146 97 
146 129 
146 19 
146 94 
146 51 
146 100 
146 79 
146 30 
146 73 
146 47 
146 16 
146 176 
146 48 
146 161 
146 43 
146 36 
146 156 
146 170 
146 81 
146 61 
146 177 
146 56 
146 22 
146 172 
146 174 
146 2 
146 152 
146 44 
146 105 
146 134 
146 106 
146 117 
146 37 
146 180 
146 82 
146 158 
146 62 
146 83 
146 54 
146 24 
146 169 
146 114 
146 13 
146 121 
146 27 
146 11 
146 57 
146 23 
146 64 
146 90 
146 142 
146 145 
146 1 
146 165 
146 65 
146 93 
146 147 
146 46 
146 20 
146 5 
146 185 
146 107 
146 35 
146 122 
146 190 
146 31 
146 139 
146 173 
146 32 
146 84 
146 124 
146 59 
146 60 
146 143 
146 157 
146 69 
146 95 
146 15 
146 42 
146 91 
146 29 
146 49 
146 0 
146 118 
146 17 
146 26 
146 18 
146 71 
146 175 
146 72 
146 76 
146 115 
146 39 
146 9 
146 50 
146 160 
146 86 
146 101 
146 52 
146 68 
146 164 
146 70 
146 153 
146 188 
146 40 
146 140 
146 85 
146 119 
146 171 
146 163 
146 151 
147 2 
147 167 
147 55 
147 17 
147 72 
147 53 
147 91 
147 67 
147 70 
147 165 
147 127 
147 18 
147 153 
147 96 
147 125 
147 131 
147 111 
147 9 
147 32 
147 40 
147 190 
147 78 
147 61 
147 170 
147 28 
147 152 
147 157 
147 29 
147 106 
147 64 
147 5 
147 6 
147 13 
147 37 
147 33 
147 137 
147 178 
147 16 
147 134 
147 84 
147 162 
147 46 
147 129 
147 185 
147 161 
147 124 
147 148 
147 94 
147 19 
147 12 
147 191 
147 71 
147 22 
147 109 
147 181 
147 113 
147 93 
147 156 
147 158 
147 92 
147 172 
147 82 
147 41 
147 118 
147 21 
147 107 
147 155 
147 183 
147 95 
147 43 
147 119 
147 56 
147 60 
147 138 
147 171 
147 50 
147 121 
147 73 
147 105 
147 146 
147 69 
147 31 
147 151 
147 180 
147 132 
147 23 
147 169 
147 14 
147 52 
147 101 
147 117 
147 88 
147 130 
147 100 
147 79 
147 144 
147 154 
147 104 
147 51 
147 63 
147 150 
147 59 
147 35 
147 122 
147 4 
147 39 
147 77 
147 97 
147 86 
147 142 
147 184 
147 57 
147 175 
147 81 
147 26 
147 87 
147 49 
147 120 
147 48 
147 102 
147 108 
147 38 
147 126 
147 80 
147 163 
147 66 
147 0 
147 139 
147 15 
147 99 
147 189 
147 30 
147 45 
147 25 
147 62 
147 76 
147 27 
147 42 
147 68 
147 75 
147 168 
147 1 
147 133 
147 89 
147 8 
147 10 
148 180 
148 1 
148 143 
148 87 
148 157 
148 54 
148 11 
148 43 
148 146 
148 61 
148 167 
148 122 
148 76 
148 41 
148 112 
148 129 
148 46 
148 136 
148 138 
148 52 
148 163 
148 48 
148 101 
148 119 
148 99 
148 189 
148 190 
148 39 
148 73 
148 102 
148 68 
148 77 
148 53 
148 123 
148 177 
148 149 
148 98 
148 6 
148 161 
148 96 
148 32 
148 165 
148 113 
148 95 
148 7 
148 131 
148 74 
148 93 
148 109 
148 121 
148 172 
148 187 
148 120 
148 147 
148 178 
148 28 
148 50 
148 130 
148 69 
148 29 
148 36 
148 139 
148 150 
148 81 
148 186 
148 175 
148 90 
148 159 
148 179 
148 84 
148 128 
148 115 
148 38 
148 171 
148 71 
148 22 
148 45 
148 166 
148 126 
148 110 
148 135 
148 169 
148 47 
148 42 
148 97 
148 154 
148 151 
148 3 
148 18 
148 14 
148 2 
148 25 
148 104 
148 133 
148 16 
148 116 
148 137 
148 9 
148 182 
148 19 
148 114 
148 44 
148 75 
148 0 
148 127 
148 132 
148 92 
148 141 
148 107 
148 162 
148 88 
148 83 
148 170 
148 15 
148 20 
148 59 
148 34 
148 72 
148 145 
148 142 
148 125 
148 91 
148 31 
148 8 
148 79 
148 185 
148 62 
148 27 
148 106 
148 124 
148 35 
148 49 
148 82 
148 37 
149 175 
149 100 
149 66 
149 102 
149 172 
149 191 
149 174 
149 70 
149 128 
149 2 
149 111 
149 181 
149 18 
149 9 
149 126 
149 1 
149 136 
149 146 
149 93 
149 61 
149 6 
149 164 
149 118 
149 145 
149 129 
149 138 
149 90 
149 82 
149 36 
149 27 
149 162 
149 13 
149 170 
149 173 
149 60 
149 8 
149 7 
149 125 
149 104 
149 5 
149 0 
149 34 
149 72 
149 123 
149 148 
149 187 
149 12 
149 155 
149 167 
149 50 
149 159 
149 69 
149 165 
149 121 
149 117 
149 23 
149 133 
149 185 
149 101 
149 33 
149 154 
149 86 
149 130 
149 186 
149 45 
149 105 
149 53 
149 94 
149 11 
149 134 
149 124 
149 81 
149 141 
149 25 
149 78 
149 44 
149 84 
149 127 
149 89 
149 16 
149 179 
149 98 
149 88 
149 31 
149 67 
149 169 
149 48 
149 41 
149 17 
149 158 
149 144 
149 40 
149 21 
149 171 
149 65 
149 140 
149 35 
149 188 
149 62 
149 168 
149 59 
149 183 
149 73 
149 77 
149 75 
149 56 
149 22 
149 3 
149 139 
149 85 
149 55 
149 178 
149 58 
149 103 
149 151 
149 166 
149 97 
149 64 
149 47 
149 182 
149 68 
149 91 
149 132 
149 49 
149 28 
149 42 
149 152 
149 153 
149 142 
149 14 
149 190 
149 99 
149 176 
149 57 
149 122 
149 119 
149 108 
149 150 
149 106 
149 51 
149 15 
150 146 
150 30 
150 55 
150 120 
150 143 
150 88 
150 121 
150 161 
150 169 
150 114 
150 33 
150 40 
150 1 
150 115 
150 173 
150 79 
150 87 
150 28 
150 163 
150 153 
150 166 
150 53 
150 48 
150 101 
150 119 
150 18 
150 14 
150 104 
150 52 
150 34 
150 7 
150 78 
150 41 
150 105 
150 31 
150 86 
150 155 
150 103 
150 122 
150 58 
150 123 
150 182 
150 39 
150 117 
150 75 
150 141 
150 51 
150 116 
150 190 
150 4 
150 76 
150 92 
150 179 
150 72 
150 47 
150 174 
150 22 
150 136 
150 148 
150 176 
150 21 
150 3 
150 142 
150 175 
150 106 
150 85 
150 38 
150 159 
150 177 
150 156 
150 162 
150 50 
150 0 
150 27 
150 46 
150 57 
150 189 
150 35 
150 144 
150 44 
150 63 
150 12 
150 37 
150 73 
150 137 
150 188 
150 15 
150 157 
150 133 
150 90 
150 99 
150 25 
150 125 
150 165 
150 139 
150 183 
150 171 
150 60 
150 147 
150 154 
150 98 
150 191 
150 170 
150 160 
150 69 
150 71 
150 61 
150 2 
150 49 
150 97 
150 152 
150 111 
150 126 
150 26 
150 16 
150 36 
150 113 
150 95 
150 130 
150 62 
150 54 
150 23 
150 100 
150 68 
150 149 
150 129 
150 145 
150 151 
150 70 
151 25 
151 36 
151 52 
151 113 
151 45 
151 47 
151 87 
151 177 
151 49 
151 190 
151 169 
151 107 
151 57 
151 71 
151 1 
151 127 
151 28 
151 93 
151 78 
151 56 
151 187 
151 180 
151 174 
151 105 
151 31 
151 96 
151 60 
151 172 
151 126 
151 135 
151 173 
151 168 
151 24 
151 165 
151 58 
151 164 
151 50 
151 118 
151 101 
151 117 
151 38 
151 130 
151 95 
151 155 
151 106 
151 53 
151 158 
151 132 
151 62 
151 102 
151 116 
151 48 
151 44 
151 138 
151 19 
151 125 
151 157 
151 29 
151 170 
151 20 
151 55 
151 23 
151 100 
151 133 
151 75 
151 37 
151 59 
151 70 
151 68 
151 21 
151 134 
151 76 
151 161 
151 86 
151 159 
151 9 
151 26 
151 148 
151 74 
151 92 
151 176 
151 61 
151 147 
151 162 
151 14 
151 171 
151 145 
151 137 
151 129 
151 191 
151 152 
151 166 
151 184 
151 32 
151 120 
151 30 
151 175 
151 141 
151 97 
151 65 
151 43 
151 42 
151 109 
151 13 
151 153 
151 41 
151 40 
151 5 
151 149 
151 77 
151 124 
151 182 
151 11 
151 85 
151 15 
151 79 
151 27 
151 22 
151 46 
151 2 
151 123 
151 89 
151 69 
151 98 
151 186 
151 16 
151 111 
151 67 
151 128 
151 181 
151 35 
151 33 
151 140 
151 82 
151 150 
151 179 
151 146 
151 104 
152 44 
152 87 
152 80 
152 165 
152 139 
152 105 
152 173 
152 30 
152 55 
152 1 
152 90 
152 4 
152 153 
152 37 
152 96 
152 182 
152 121 
152 65 
152 17 
152 97 
152 191 
152 109 
152 91 
152 159 
152 72 
152 147 
152 126 
152 46 
152 58 
152 89 
152 57 
152 45 
152 70 
152 75 
152 117 
152 43 
152 127 
152 49 
152 83 
152 144 
152 145 
152 24 
152 2 
152 171 
152 68 
152 113 
152 157 
152 133 
152 50 
152 146 
152 78 
152 112 
152 32 
152 3 
152 166 
152 103 
152 61 
152 129 
152 119 
152 189 
152 183 
152 21 
152 51 
152 101 
152 38 
152 111 
152 167 
152 11 
152 123 
152 12 
152 125 
152 19 
152 102 
152 190 
152 170 
152 124 
152 130 
152 176 
152 71 
152 132 
152 36 
152 122 
152 168 
152 92 
152 8 
152 155 
152 100 
152 156 
152 128 
152 10 
152 14 
152 131 
152 54 
152 151 
152 29 
152 7 
152 180 
152 187 
152 184 
152 84 
152 143 
152 26 
152 186 
152 74 
152 53 
152 15 
152 18 
152 34 
152 76 
152 140 
152 93 
152 161 
152 135 
152 73 
152 52 
152 150 
152 69 
152 5 
152 48 
152 162 
152 41 
152 164 
152 20 
152 104 
152 149 
152 138 
152 107 
152 22 
152 181 
152 106 
152 79 
152 141 
152 47 
152 33 
152 137 
152 64 
152 158 
152 160 
152 134 
152 185 
152 31 
152 174 
152 62 
152 77 
152 63 
152 154 
153 123 
153 142 
153 2 
153 49 
153 36 
153 186 
153 0 
153 185 
153 106 
153 101 
153 34 
153 11 
153 143 
153 47 
153 147 
153 178 
153 150 
153 109 
153 38 
153 139 
153 152 
153 93 
153 163 
153 45 
153 4 
153 88 
153 43 
153 56 
153 82 
153 14 
153 58 
153 134 
153 104 
153 10 
153 110 
153 173 
153 1 
153 114 
153 108 
153 154 
153 42 
153 57 
153 155 
153 121 
153 67 
153 72 
153 62 
153 190 
153 84 
153 87 
153 177 
153 120 
153 6 
153 44 
153 7 
153 50 
153 23 
153 112 
153 166 
153 13 
153 95 
153 184 
153 172 
153 86 
153 61 
153 128 
153 127 
153 189 
153 133 
153 46 
153 22 
153 91 
153 19 
153 27 
153 157 
153 99 
153 29 
153 5 
153 3 
153 32 
153 179 
153 174 
153 18 
153 97 
153 180 
153 68 
153 175 
153 21 
153 191 
153 17 
153 156 
153 40 
153 131 
153 96 
153 71 
153 151 
153 30 
153 52 
153 65 
153 25 
153 20 
153 144 
153 169 
153 111 
153 31 
153 16 
153 160 
153 158 
153 48 
153 90 
153 78 
153 182 
153 102 
153 132 
153 98 
153 64 
153 129 
153 60 
153 69 
153 135 
153 167 
153 79 
153 53 
153 149 
153 94 
153 138 
153 92 
153 41 
153 146 
153 181 
153 107 
153 168 
153 76 
153 164 
153 116 
153 137 
153 130 
154 71 
154 76 
154 14 
154 126 
154 29 
154 41 
154 138 
154 40 
154 15 
154 69 
154 45 
154 35 
154 87 
154 114 
154 164 
154 72 
154 178 
154 85 
154 6 
154 184 
154 54 
154 119 
154 171 
154 57 
154 146 
154 187 
154 43 
154 169 
154 30 
154 129 
154 93 
154 88 
154 21 
154 177 
154 157 
154 165 
154 168 
154 131 
154 7 
154 20 
154 78 
154 153 
154 46 
154 173 
154 52 
154 25 
154 3 
154 176 
154 115 
154 34 
154 64 
154 56 
154 186 
154 132 
154 117 
154 95 
154 73 
154 149 
154 66 
154 128 
154 83 
154 16 
154 163 
154 22 
154 185 
154 121 
154 120 
154 161 
154 175 
154 0 
154 135 
154 170 
154 122 
154 109 
154 19 
154 33 
154 144 
154 148 
154 112 
154 2 
154 134 
154 159 
154 81 
154 60 
154 36 
154 38 
154 110 
154 147 
154 4 
154 68 
154 97 
154 179 
154 105 
154 150 
154 133 
154 104 
154 91 
154 108 
154 142 
154 166 
154 162 
154 103 
154 123 
154 124 
154 90 
154 17 
154 51 
154 127 
154 92 
154 55 
154 77 
154 74 
154 137 
154 49 
154 42 
154 118 
154 102 
154 32 
154 27 
154 65 
154 96 
154 26 
154 111 
154 99 
154 47 
154 50 
154 188 
154 84 
154 172 
154 28 
154 140 
154 167 
154 116 
154 189 
154 152 
155 30 
155 128 
155 112 
155 164 
155 138 
155 121 
155 126 
155 163 
155 178 
155 92 
155 183 
155 134 
155 140 
155 135 
155 18 
155 93 
155 141 
155 130 
155 110 
155 96 
155 34 
155 24 
155 23 
155 117 
155 33 
155 106 
155 4 
155 120 
155 87 
155 17 
155 145 
155 102 
155 82 
155 158 
155 150 
155 156 
155 32 
155 13 
155 99 
155 61 
155 22 
155 19 
155 181 
155 108 
155 89 
155 56 
155 41 
155 172 
155 153 
155 149 
155 176 
155 161 
155 188 
155 180 
155 37 
155 100 
155 127 
155 5 
155 151 
155 46 
155 69 
155 29 
155 12 
155 35 
155 137 
155 55 
155 189 
155 86 
155 45 
155 179 
155 49 
155 31 
155 98 
155 118 
155 147 
155 105 
155 60 
155 38 
155 160 
155 143 
155 114 
155 124 
155 63 
155 168 
155 36 
155 58 
155 85 
155 109 
155 26 
155 152 
155 50 
155 64 
155 125 
155 6 
155 8 
155 185 
155 77 
155 177 
155 166 
155 71 
155 104 
155 0 
155 52 
155 1 
155 3 
155 72 
155 66 
155 116 
155 10 
155 101 
155 90 
155 182 
155 190 
155 15 
155 54 
155 28 
155 95 
155 80 
155 67 
155 113 
155 165 
155 57 
155 39 
155 11 
155 68 
155 94 
155 171 
155 167 
155 75 
155 84 
155 78 
155 83 
155 115 
155 131 
155 186 
155 14 
155 74 
155 157 
155 111 
155 91 
155 132 
155 42 
155 187 
155 9 
155 174 
155 65 
156 115 
156 53 
156 88 
156 187 
156 80 
156 48 
156 72 
156 38 
156 120 
156 32 
156 79 
156 176 
156 20 
156 89 
156 142 
156 56 
156 100 
156 182 
156 177 
156 173 
156 118 
156 133 
156 64 
156 174 
156 59 
156 58 
156 12 
156 28 
156 178 
156 2 
156 42 
156 0 
156 19 
156 112 
156 50 
156 68 
156 191 
156 63 
156 123 
156 162 
156 52 
156 70 
156 155 
156 27 
156 109 
156 143 
156 136 
156 114 
156 146 
156 145 
156 166 
156 111 
156 171 
156 7 
156 62 
156 9 
156 61 
156 29 
156 67 
156 91 
156 96 
156 1 
156 22 
156 15 
156 84 
156 85 
156 18 
156 135 
156 92 
156 17 
156 147 
156 164 
156 66 
156 81 
156 128 
156 159 
156 108 
156 186 
156 126 
156 150 
156 24 
156 101 
156 57 
156 4 
156 60 
156 189 
156 181 
156 30 
156 179 
156 86 
156 21 
156 125 
156 37 
156 152 
156 76 
156 98 
156 161 
156 168 
156 113 
156 153 
156 82 
156 163 
156 131 
156 132 
156 99 
156 105 
156 130 
156 39 
156 138 
156 10 
156 169 
156 119 
156 73 
156 33 
156 175 
156 14 
156 184 
156 13 
156 54 
156 41 
156 23 
156 117 
156 104 
156 11 
156 44 
156 26 
156 35 
156 139 
156 51 
156 87 
156 5 
156 121 
156 69 
156 31 
156 167 
156 93 
156 134 
156 25 
156 127 
156 124 
156 107 
156 165 
156 158 
157 121 
157 116 
157 148 
157 77 
157 31 
157 115 
157 13 
157 61 
157 140 
157 18 
157 160 
157 170 
157 142 
157 43 
157 103 
157 78 
157 44 
157 176 
157 167 
157 79 
157 36 
157 158 
157 91 
157 89 
157 141 
157 166 
157 168 
157 14 
157 182 
157 191 
157 93 
157 51 
157 90 
157 154 
157 33 
157 173 
157 1 
157 105 
157 22 
157 81 
157 184 
157 147 
157 181 
157 9 
157 59 
157 8 
157 76 
157 132 
157 28 
157 47 
157 27 
157 68 
157 48 
157 58 
157 63 
157 134 
157 87 
157 64 
157 152 
157 102 
157 188 
157 143 
157 69 
157 137 
157 25 
157 112 
157 178 
157 96 
157 190 
157 4 
157 65 
157 174 
157 38 
157 151 
157 12 
157 123 
157 88 
157 73 
157 84 
157 19 
157 39 
157 60 
157 34 
157 126 
157 67 
157 133 
157 119 
157 118 
157 138 
157 153 
157 20 
157 71 
157 94 
157 26 
157 120 
157 186 
157 172 
157 169 
157 62 
157 37 
157 41 
157 150 
157 139 
157 106 
157 2 
157 80 
157 128 
157 107 
157 95 
157 56 
157 180 
157 146 
157 111 
157 109 
157 144 
157 129 
157 66 
157 189 
157 92 
157 98 
157 162 
157 113 
157 49 
157 54 
157 30 
157 11 
157 165 
157 161 
157 35 
157 108 
157 5 
157 124 
157 127 
157 171 
157 52 
157 45 
157 163 
157 185 
157 50 
157 117 
157 40 
157 82 
157 46 
157 187 
157 97 
157 175 
157 53 
157 177 
157 7 
157 16 
157 17 
157 131 
157 155 
157 23 
157 125 
157 29 
157 57 
157 183 
158 140 
158 52 
158 122 
158 90 
158 94 
158 42 
158 179 
158 167 
158 142 
158 3 
158 157 
158 39 
158 175 
158 58 
158 161 
158 40 
158 75 
158 41 
158 134 
158 97 
158 25 
158 66 
158 6 
158 72 
158 4 
158 184 
158 13 
158 80 
158 36 
158 155 
158 77 
158 16 
158 96 
158 67 
158 130 
158 37 
158 43 
158 54 
158 168 
158 173 
158 69 
158 160 
158 15 
158 101 
158 0 
158 114 
158 151 
158 174 
158 181 
158 19 
158 33 
158 177 
158 65 
158 132 
158 146 
158 9 
158 62 
158 23 
158 28 
158 190 
158 88 
158 191 
158 59 
158 44 
158 147 
158 163 
158 73 
158 176 
158 63 
158 74 
158 109 
158 139 
158 92 
158 49 
158 121 
158 68 
158 110 
158 7 
158 187 
158 103 
158 95 
158 123 
158 165 
158 135 
158 149 
158 104 
158 137 
158 53 
158 46 
158 99 
158 118 
158 171 
158 1 
158 83 
158 10 
158 106 
158 112 
158 24 
158 186 
158 128 
158 60 
158 119 
158 141 
158 71 
158 127 
158 32 
158 45 
158 182 
158 34 
158 70 
158 55 
158 143 
158 81 
158 21 
158 138 
158 107 
158 82 
158 188 
158 185 
158 84 
158 48 
158 89 
158 169 
158 27 
158 153 
158 38 
158 145 
158 79 
158 183 
158 18 
158 116 
158 35 
158 17 
158 159 
158 120 
158 76 
158 64 
158 61 
158 152 
158 56 
158 108 
158 144 
158 30 
158 164 
158 86 
158 156 
158 133 
159 135 
159 88 
159 48 
159 125 
159 58 
159 8 
159 93 
159 44 
159 129 
159 81 
159 15 
159 100 
159 18 
159 124 
159 174 
159 99 
159 32 
159 89 
159 66 
159 21 
159 120 
159 186 
159 170 
159 138 
159 47 
159 77 
159 134 
159 78 
159 152 
159 22 
159 11 
159 72 
159 17 
159 82 
159 92 
159 49 
159 35 
159 111 
159 42 
159 149 
159 91 
159 189 
159 36 
159 19 
159 26 
159 33 
159 96 
159 87 
159 31 
159 62 
159 69 
159 16 
159 169 
159 144 
159 162 
159 185 
159 97 
159 178 
159 52 
159 39 
159 190 
159 53 
159 148 
159 126 
159 179 
159 41 
159 181 
159 60 
159 127 
159 150 
159 50 
159 156 
159 54 
159 183 
159 5 
159 106 
159 71 
159 172 
159 166 
159 140 
159 151 
159 45 
159 10 
159 165 
159 37 
159 7 
159 132 
159 114 
159 46 
159 176 
159 154 
159 145 
159 113 
159 12 
159 104 
159 177 
159 137 
159 83 
159 28 
159 80 
159 30 
159 115 
159 180 
159 161 
159 188 
159 76 
159 74 
159 187 
159 121 
159 43 
159 79 
159 116 
159 2 
159 94 
159 4 
159 117 
159 130 
159 73 
159 105 
159 68 
159 29 
159 84 
159 163 
159 182 
159 14 
159 191 
159 107 
159 131 
159 136 
159 23 
159 122 
159 25 
159 51 
159 57 
159 40 
159 158 
159 108 
159 102 
159 133 
159 34 
159 160 
159 24 
160 171 
160 58 
160 185 
160 120 
160 14 
160 131 
160 84 
160 108 
160 125 
160 6 
160 113 
160 98 
160 180 
160 128 
160 182 
160 8 
160 101 
160 157 
160 19 
160 144 
160 87 
160 85 
160 110 
160 130 
160 39 
160 136 
160 141 
160 162 
160 1 
160 17 
160 28 
160 168 
160 47 
160 167 
160 170 
160 44 
160 37 
160 33 
160 176 
160 142 
160 95 
160 77 
160 107 
160 31 
160 7 
160 34 
160 57 
160 121 
160 164 
160 96 
160 158 
160 78 
160 99 
160 129 
160 74 
160 90 
160 40 
160 190 
160 175 
160 109 
160 53 
160 48 
160 92 
160 82 
160 173 
160 68 
160 35 
160 139 
160 111 
160 140 
160 38 
160 94 
160 23 
160 181 
160 43 
160 25 
160 155 
160 67 
160 9 
160 119 
160 88 
160 186 
160 61 
160 73 
160 22 
160 114 
160 80 
160 103 
160 188 
160 163 
160 71 
160 184 
160 24 
160 118 
160 132 
160 169 
160 42 
160 91 
160 52 
160 105 
160 60 
160 29 
160 150 
160 70 
160 137 
160 62 
160 116 
160 69 
160 178 
160 50 
160 179 
160 63 
160 153 
160 12 
160 102 
160 2 
160 106 
160 27 
160 143 
160 75 
160 146 
160 134 
160 51 
160 115 
160 64 
160 97 
160 55 
160 4 
160 86 
160 59 
160 189 
160 133 
160 187 
160 104 
160 152 
160 122 
160 159 
160 81 
160 112 
160 26 
160 66 
160 126 
161 114 
161 6 
161 88 
161 106 
161 21 
161 150 
161 122 
161 37 
161 49 
161 180 
161 174 
161 28 
161 66 
161 4 
161 25 
161 62 
161 65 
161 136 
161 35 
161 158 
161 84 
161 58 
161 100 
161 90 
161 138 
161 145 
161 190 
161 71 
161 140 
161 86 
161 33 
161 148 
161 155 
161 83 
161 76 
161 52 
161 146 
161 141 
161 92 
161 163 
161 81 
161 187 
161 133 
161 147 
161 8 
161 13 
161 42 
161 119 
161 162 
161 67 
161 115 
161 166 
161 104 
161 93 
161 176 
161 55 
161 19 
161 102 
161 85 
161 143 
161 95 
161 101 
161 46 
161 154 
161 171 
161 169 
161 70 
161 82 
161 179 
161 99 
161 131 
161 130 
161 15 
161 5 
161 31 
161 151 
161 144 
161 173 
161 80 
161 78 
161 91 
161 98 
161 186 
161 39 
161 61 
161 44 
161 72 
161 156 
161 18 
161 94 
161 128 
161 167 
161 107 
161 16 
161 30 
161 56 
161 50 
161 170 
161 24 
161 96 
161 177 
161 113 
161 139 
161 0 
161 60 
161 123 
161 159 
161 185 
161 97 
161 109 
161 32 
161 47 
161 108 
161 152 
161 29 
161 182 
161 157 
161 7 
161 105 
161 51 
161 165 
161 1 
161 36 
161 132 
161 40 
161 137 
161 53 
161 68 
161 45 
161 188 
161 87 
161 14 
161 142 
161 54 
161 26 
161 110 
161 183 
161 9 
161 121 
161 189 
162 17 
162 190 
162 35 
162 187 
162 96 
162 127 
162 80 
162 163 
162 86 
162 10 
162 108 
162 72 
162 189 
162 73 
162 133 
162 113 
162 7 
162 59 
162 136 
162 1 
162 188 
162 168 
162 79 
162 139 
162 160 
162 175 
162 24 
162 172 
162 5 
162 123 
162 176 
162 149 
162 34 
162 18 
162 116 
162 156 
162 48 
162 46 
162 171 
162 76 
162 88 
162 143 
162 94 
162 147 
162 121 
162 89 
162 28 
162 32 
162 78 
162 82 
162 74 
162 161 
162 177 
162 142 
162 9 
162 159 
162 52 
162 60 
162 111 
162 115 
162 19 
162 117 
162 50 
162 22 
162 65 
162 37 
162 180 
162 4 
162 132 
162 170 
162 63 
162 95 
162 0 
162 178 
162 150 
162 3 
162 38 
162 42 
162 183 
162 36 
162 56 
162 141 
162 118 
162 169 
162 14 
162 20 
162 110 
162 66 
162 144 
162 173 
162 151 
162 69 
162 93 
162 15 
162 191 
162 13 
162 181 
162 39 
162 33 
162 40 
162 53 
162 77 
162 29 
162 99 
162 61 
162 16 
162 105 
162 30 
162 109 
162 21 
162 157 
162 12 
162 114 
162 47 
162 154 
162 11 
162 26 
162 68 
162 87 
162 182 
162 67 
162 134 
162 54 
162 152 
162 62 
162 92 
162 128 
162 148 
162 174 
162 125 
162 138 
162 103 
162 8 
162 137 
162 119 
162 55 
162 102 
162 25 
162 130 
162 164 
162 184 
162 23 
162 81 
162 98 
162 31 
162 120 
162 166 
162 70 
163 137 
163 191 
163 65 
163 14 
163 155 
163 162 
163 40 
163 102 
163 114 
163 13 
163 150 
163 182 
163 113 
163 5 
163 139 
163 79 
163 81 
163 173 
163 170 
163 171 
163 153 
163 54 
163 29 
163 120 
163 143 
163 136 
163 93 
163 112 
163 62 
163 148 
163 133 
163 174 
163 183 
163 50 
163 4 
163 131 
163 12 
163 91 
163 21 
163 142 
163 28 
163 116 
163 168 
163 66 
163 111 
163 94 
163 3 
163 0 
163 70 
163 19 
163 161 
163 134 
163 106 
163 35 
163 115 
163 140 
163 123 
163 7 
163 48 
163 74 
163 22 
163 98 
163 154 
163 128 
163 95 
163 90 
163 31 
163 36 
163 158 
163 2 
163 180 
163 107 
163 42 
163 167 
163 96 
163 25 
163 190 
163 164 
163 41 
163 187 
163 15 
163 104 
163 109 
163 59 
163 80 
163 68 
163 33 
163 127 
163 71 
163 32 
163 160 
163 78 
163 72 
163 101 
163 43 
163 135 
163 61 
163 103 
163 156 
163 188 
163 185 
163 38 
163 69 
163 177 
163 165 
163 30 
163 83 
163 39 
163 17 
163 108 
163 27 
163 23 
163 85 
163 130 
163 9 
163 184 
163 24 
163 75 
163 47 
163 159 
163 129 
163 147 
163 157 
163 178 
163 132 
163 119 
163 52 
163 117 
163 89 
163 124 
163 76 
163 166 
163 55 
163 18 
163 146 
163 44 
163 176 
164 99 
164 172 
164 155 
164 90 
164 27 
164 79 
164 43 
164 118 
164 137 
164 4 
164 91 
164 154 
164 171 
164 70 
164 144 
164 177 
164 35 
164 149 
164 182 
164 16 
164 180 
164 124 
164 109 
164 22 
164 111 
164 189 
164 170 
164 32 
164 17 
164 183 
164 5 
164 86 
164 72 
164 125 
164 151 
164 29 
164 127 
164 160 
164 46 
164 85 
164 103 
164 0 
164 186 
164 65 
164 56 
164 179 
164 95 
164 102 
164 116 
164 59 
164 110 
164 24 
164 135 
164 11 
164 69 
164 42 
164 3 
164 9 
164 121 
164 10 
164 63 
164 126 
164 156 
164 174 
164 130 
164 45 
164 112 
164 54 
164 163 
164 185 
164 129 
164 167 
164 75 
164 51 
164 181 
164 88 
164 13 
164 55 
164 26 
164 128 
164 136 
164 133 
164 20 
164 105 
164 57 
164 47 
164 21 
164 96 
164 34 
164 77 
164 67 
164 76 
164 41 
164 37 
164 108 
164 104 
164 178 
164 122 
164 18 
164 114 
164 23 
164 89 
164 44 
164 132 
164 78 
164 169 
164 2 
164 50 
164 6 
164 12 
164 120 
164 165 
164 152 
164 80 
164 173 
164 162 
164 138 
164 93 
164 92 
164 146 
164 139 
164 106 
164 39 
164 66 
164 1 
164 36 
164 68 
164 131 
164 15 
164 60 
164 153 
164 113 
164 143 
164 142 
164 158 
164 134 
165 24 
165 33 
165 174 
165 57 
165 94 
165 1 
165 152 
165 47 
165 131 
165 69 
165 108 
165 147 
165 111 
165 140 
165 29 
165 90 
165 176 
165 10 
165 106 
165 65 
165 27 
165 191 
165 32 
165 154 
165 4 
165 115 
165 101 
165 52 
165 71 
165 38 
165 190 
165 82 
165 75 
165 151 
165 9 
165 137 
165 28 
165 148 
165 53 
165 21 
165 51 
165 18 
165 25 
165 170 
165 40 
165 114 
165 80 
165 149 
165 100 
165 91 
165 104 
165 78 
165 30 
165 68 
165 167 
165 55 
165 95 
165 50 
165 87 
165 139 
165 119 
165 105 
165 93 
165 186 
165 5 
165 112 
165 102 
165 44 
165 182 
165 127 
165 17 
165 184 
165 23 
165 135 
165 118 
165 120 
165 113 
165 121 
165 188 
165 181 
165 189 
165 26 
165 175 
165 159 
165 97 
165 126 
165 158 
165 146 
165 145 
165 67 
165 129 
165 2 
165 60 
165 117 
165 92 
165 173 
165 61 
165 150 
165 14 
165 172 
165 180 
165 138 
165 59 
165 178 
165 46 
165 34 
165 103 
165 163 
165 141 
165 54 
165 79 
165 142 
165 72 
165 0 
165 157 
165 177 
165 161 
165 168 
165 107 
165 56 
165 98 
165 41 
165 83 
165 164 
165 134 
165 155 
165 128 
165 185 
165 31 
165 64 
165 20 
165 19 
165 144 
165 74 
165 171 
165 88 
165 86 
165 3 
165 85 
165 8 
165 132 
165 73 
165 35 
165 156 
165 76 
165 125 
166 146 
166 0 
166 169 
166 170 
166 131 
166 41 
166 66 
166 116 
166 21 
166 47 
166 46 
166 72 
166 87 
166 82 
166 150 
166 2 
166 175 
166 93 
166 60 
166 64 
166 157 
166 53 
166 167 
166 190 
166 48 
166 97 
166 178 
166 98 
166 124 
166 44 
166 12 
166 34 
166 11 
166 67 
166 71 
166 30 
166 85 
166 49 
166 23 
166 28 
166 20 
166 101 
166 62 
166 156 
166 55 
166 15 
166 168 
166 191 
166 174 
166 3 
166 120 
166 179 
166 1 
166 127 
166 180 
166 161 
166 153 
166 122 
166 63 
166 152 
166 91 
166 188 
166 29 
166 33 
166 140 
166 130 
166 99 
166 118 
166 137 
166 123 
166 79 
166 176 
166 181 
166 105 
166 184 
166 107 
166 139 
166 148 
166 159 
166 177 
166 100 
166 68 
166 141 
166 185 
166 189 
166 126 
166 94 
166 95 
166 81 
166 133 
166 128 
166 88 
166 14 
166 143 
166 4 
166 151 
166 6 
166 26 
166 13 
166 155 
166 9 
166 117 
166 54 
166 18 
166 39 
166 102 
166 92 
166 149 
166 32 
166 31 
166 154 
166 142 
166 90 
166 110 
166 52 
166 75 
166 132 
166 108 
166 78 
166 115 
166 106 
166 86 
166 114 
166 8 
166 59 
166 61 
166 19 
166 69 
166 42 
166 73 
166 70 
166 144 
166 77 
166 10 
166 96 
166 51 
166 35 
166 7 
166 17 
166 109 
166 163 
166 57 
166 162 
166 121 
166 187 
166 134 
166 111 
167 49 
167 147 
167 40 
167 92 
167 114 
167 120 
167 143 
167 66 
167 148 
167 178 
167 158 
167 0 
167 157 
167 174 
167 39 
167 182 
167 141 
167 80 
167 5 
167 166 
167 130 
167 136 
167 146 
167 25 
167 97 
167 83 
167 71 
167 177 
167 86 
167 142 
167 125 
167 160 
167 9 
167 78 
167 79 
167 115 
167 183 
167 184 
167 1 
167 113 
167 112 
167 139 
167 145 
167 27 
167 149 
167 176 
167 22 
167 89 
167 11 
167 70 
167 82 
167 98 
167 47 
167 56 
167 26 
167 165 
167 106 
167 15 
167 173 
167 124 
167 16 
167 85 
167 64 
167 62 
167 33 
167 35 
167 95 
167 73 
167 46 
167 93 
167 133 
167 110 
167 163 
167 76 
167 101 
167 58 
167 127 
167 118 
167 152 
167 135 
167 164 
167 138 
167 57 
167 91 
167 29 
167 13 
167 55 
167 191 
167 108 
167 2 
167 32 
167 161 
167 122 
167 30 
167 8 
167 190 
167 59 
167 107 
167 48 
167 128 
167 116 
167 72 
167 179 
167 99 
167 65 
167 51 
167 104 
167 7 
167 28 
167 94 
167 134 
167 119 
167 75 
167 3 
167 105 
167 90 
167 171 
167 10 
167 24 
167 68 
167 96 
167 111 
167 6 
167 129 
167 102 
167 153 
167 175 
167 155 
167 19 
167 121 
167 42 
167 53 
167 140 
167 44 
167 41 
167 156 
167 123 
167 12 
167 188 
167 154 
167 43 
167 187 
168 16 
168 59 
168 21 
168 20 
168 87 
168 137 
168 190 
168 67 
168 133 
168 191 
168 10 
168 42 
168 76 
168 178 
168 34 
168 95 
168 175 
168 105 
168 72 
168 63 
168 162 
168 8 
168 110 
168 169 
168 0 
168 157 
168 183 
168 54 
168 160 
168 119 
168 17 
168 131 
168 60 
168 6 
168 154 
168 146 
168 22 
168 15 
168 181 
168 189 
168 151 
168 158 
168 55 
168 44 
168 132 
168 98 
168 81 
168 89 
168 71 
168 12 
168 163 
168 128 
168 170 
168 166 
168 102 
168 46 
168 100 
168 53 
168 115 
168 26 
168 33 
168 113 
168 91 
168 66 
168 41 
168 116 
168 32 
168 140 
168 179 
168 172 
168 143 
168 49 
168 62 
168 124 
168 173 
168 48 
168 99 
168 31 
168 141 
168 77 
168 80 
168 127 
168 36 
168 155 
168 94 
168 27 
168 129 
168 152 
168 126 
168 125 
168 112 
168 7 
168 109 
168 156 
168 2 
168 61 
168 149 
168 45 
168 85 
168 187 
168 69 
168 120 
168 1 
168 25 
168 177 
168 180 
168 40 
168 182 
168 37 
168 184 
168 88 
168 93 
168 107 
168 104 
168 38 
168 68 
168 52 
168 142 
168 23 
168 30 
168 51 
168 19 
168 139 
168 11 
168 165 
168 28 
168 97 
168 56 
168 83 
168 108 
168 145 
168 43 
168 47 
168 103 
168 79 
168 121 
168 9 
168 153 
168 24 
168 84 
168 185 
168 70 
168 111 
168 74 
168 147 
168 171 
169 181 
169 114 
169 46 
169 166 
169 82 
169 115 
169 151 
169 150 
169 22 
169 18 
169 64 
169 128 
169 103 
169 121 
169 71 
169 70 
169 112 
169 77 
169 173 
169 53 
169 91 
169 175 
169 168 
169 171 
169 154 
169 48 
169 133 
169 17 
169 107 
169 85 
169 188 
169 118 
169 7 
169 143 
169 86 
169 63 
169 89 
169 35 
169 111 
169 95 
169 138 
169 14 
169 130 
169 23 
169 182 
169 102 
169 50 
169 62 
169 189 
169 41 
169 159 
169 172 
169 122 
169 145 
169 37 
169 161 
169 3 
169 180 
169 146 
169 67 
169 119 
169 176 
169 2 
169 52 
169 131 
169 134 
169 148 
169 132 
169 137 
169 73 
169 66 
169 162 
169 58 
169 15 
169 84 
169 87 
169 141 
169 92 
169 68 
169 149 
169 19 
169 157 
169 29 
169 147 
169 69 
169 116 
169 184 
169 20 
169 139 
169 120 
169 76 
169 108 
169 21 
169 40 
169 140 
169 160 
169 96 
169 90 
169 65 
169 57 
169 43 
169 24 
169 88 
169 129 
169 5 
169 156 
169 113 
169 117 
169 109 
169 153 
169 10 
169 135 
169 127 
169 164 
169 0 
169 83 
169 158 
169 185 
169 174 
169 60 
169 79 
169 61 
169 94 
169 59 
169 42 
169 9 
169 31 
169 30 
169 12 
169 38 
169 81 
169 170 
169 190 
169 36 
169 93 
169 28 
169 105 
169 33 
169 183 
169 25 
169 4 
170 19 
170 93 
170 56 
170 166 
170 86 
170 27 
170 116 
170 48 
170 8 
170 112 
170 72 
170 91 
170 66 
170 157 
170 135 
170 142 
170 33 
170 0 
170 53 
170 189 
170 79 
170 130 
170 163 
170 18 
170 133 
170 36 
170 22 
170 159 
170 64 
170 28 
170 21 
170 43 
170 15 
170 134 
170 106 
170 141 
170 181 
170 16 
170 160 
170 147 
170 149 
170 174 
170 178 
170 164 
170 14 
170 42 
170 20 
170 73 
170 124 
170 76 
170 165 
170 37 
170 146 
170 105 
170 168 
170 115 
170 17 
170 103 
170 54 
170 179 
170 77 
170 137 
170 172 
170 75 
170 68 
170 97 
170 35 
170 81 
170 60 
170 136 
170 61 
170 151 
170 185 
170 131 
170 24 
170 104 
170 177 
170 2 
170 162 
170 4 
170 29 
170 180 
170 109 
170 132 
170 38 
170 154 
170 100 
170 47 
170 59 
170 12 
170 176 
170 152 
170 102 
170 140 
170 107 
170 125 
170 92 
170 11 
170 80 
170 110 
170 74 
170 90 
170 144 
170 183 
170 57 
170 161 
170 175 
170 128 
170 78 
170 120 
170 139 
170 191 
170 34 
170 119 
170 138 
170 71 
170 31 
170 55 
170 94 
170 150 
170 39 
170 121 
170 118 
170 108 
170 98 
170 126 
170 127 
170 45 
170 3 
170 7 
170 23 
170 182 
170 32 
170 145 
170 114 
170 51 
170 173 
170 148 
170 84 
170 190 
170 169 
170 88 
170 65 
170 63 
170 143 
170 46 
170 87 
170 117 
170 83 
170 9 
170 123 
171 160 
171 183 
171 134 
171 101 
171 76 
171 49 
171 102 
171 106 
171 79 
171 82 
171 164 
171 174 
171 143 
171 154 
171 20 
171 163 
171 73 
171 169 
171 62 
171 35 
171 10 
171 77 
171 56 
171 63 
171 178 
171 67 
171 9 
171 32 
171 54 
171 138 
171 132 
171 16 
171 53 
171 96 
171 33 
171 185 
171 162 
171 71 
171 127 
171 105 
171 190 
171 109 
171 59 
171 4 
171 152 
171 1 
171 179 
171 93 
171 66 
171 142 
171 13 
171 31 
171 103 
171 95 
171 156 
171 23 
171 120 
171 117 
171 140 
171 124 
171 130 
171 65 
171 38 
171 126 
171 115 
171 84 
171 42 
171 85 
171 161 
171 18 
171 64 
171 70 
171 43 
171 61 
171 26 
171 175 
171 14 
171 139 
171 148 
171 7 
171 107 
171 188 
171 118 
171 75 
171 47 
171 30 
171 147 
171 92 
171 177 
171 173 
171 114 
171 189 
171 45 
171 141 
171 3 
171 151 
171 180 
171 122 
171 128 
171 149 
171 158 
171 74 
171 87 
171 150 
171 121 
171 68 
171 116 
171 176 
171 2 
171 135 
171 97 
171 131 
171 46 
171 182 
171 145 
171 110 
171 8 
171 21 
171 19 
171 112 
171 167 
171 86 
171 144 
171 186 
171 181 
171 12 
171 157 
171 25 
171 51 
171 88 
171 155 
171 24 
171 36 
171 165 
171 104 
171 146 
171 90 
171 37 
171 184 
171 168 
171 81 
171 136 
172 95 
172 164 
172 187 
172 58 
172 149 
172 56 
172 63 
172 67 
172 110 
172 27 
172 53 
172 131 
172 99 
172 12 
172 14 
172 31 
172 61 
172 162 
172 44 
172 10 
172 126 
172 30 
172 134 
172 136 
172 125 
172 132 
172 20 
172 51 
172 73 
172 151 
172 173 
172 113 
172 17 
172 176 
172 21 
172 34 
172 85 
172 155 
172 141 
172 93 
172 11 
172 106 
172 71 
172 59 
172 177 
172 101 
172 146 
172 105 
172 54 
172 186 
172 36 
172 41 
172 148 
172 48 
172 122 
172 170 
172 79 
172 81 
172 104 
172 114 
172 169 
172 145 
172 119 
172 69 
172 153 
172 45 
172 191 
172 49 
172 147 
172 185 
172 77 
172 139 
172 189 
172 100 
172 168 
172 118 
172 2 
172 179 
172 124 
172 159 
172 8 
172 76 
172 0 
172 22 
172 4 
172 144 
172 98 
172 55 
172 157 
172 108 
172 183 
172 50 
172 102 
172 62 
172 117 
172 91 
172 120 
172 7 
172 87 
172 26 
172 184 
172 165 
172 190 
172 112 
172 182 
172 90 
172 74 
172 175 
172 86 
172 19 
172 92 
172 39 
172 178 
172 94 
172 46 
172 83 
172 5 
172 35 
172 64 
172 109 
172 103 
172 28 
172 38 
172 70 
172 16 
172 33 
172 1 
172 72 
172 129 
172 57 
172 37 
172 6 
172 137 
172 140 
172 78 
172 107 
172 42 
172 154 
172 121 
172 13 
172 142 
172 47 
172 181 
173 142 
173 143 
173 84 
173 96 
173 36 
173 186 
173 152 
173 150 
173 85 
173 125 
173 5 
173 156 
173 169 
173 163 
173 119 
173 109 
173 177 
173 39 
173 60 
173 110 
173 64 
173 144 
173 25 
173 184 
173 30 
173 99 
173 67 
173 157 
173 44 
173 2 
173 68 
173 153 
173 126 
173 58 
173 20 
173 113 
173 101 
173 127 
173 149 
173 23 
173 172 
173 151 
173 175 
173 154 
173 158 
173 93 
173 9 
173 4 
173 15 
173 187 
173 65 
173 140 
173 66 
173 50 
173 41 
173 179 
173 27 
173 62 
173 139 
173 190 
173 178 
173 29 
173 106 
173 82 
173 167 
173 43 
173 124 
173 33 
173 136 
173 160 
173 123 
173 88 
173 22 
173 116 
173 45 
173 128 
173 161 
173 74 
173 28 
173 121 
173 118 
173 168 
173 35 
173 69 
173 73 
173 77 
173 189 
173 185 
173 171 
173 162 
173 138 
173 135 
173 92 
173 191 
173 75 
173 71 
173 165 
173 137 
173 47 
173 146 
173 111 
173 182 
173 102 
173 48 
173 54 
173 114 
173 12 
173 14 
173 104 
173 53 
173 38 
173 17 
173 37 
173 8 
173 26 
173 61 
173 129 
173 180 
173 98 
173 134 
173 91 
173 70 
173 103 
173 56 
173 170 
173 42 
173 94 
173 164 
173 132 
173 183 
173 79 
173 105 
173 188 
173 131 
173 32 
173 95 
173 31 
173 59 
173 78 
173 115 
173 49 
174 31 
174 165 
174 34 
174 25 
174 110 
174 149 
174 175 
174 7 
174 161 
174 115 
174 130 
174 159 
174 39 
174 167 
174 171 
174 181 
174 44 
174 62 
174 83 
174 40 
174 191 
174 156 
174 163 
174 49 
174 125 
174 9 
174 151 
174 75 
174 73 
174 41 
174 135 
174 56 
174 54 
174 170 
174 74 
174 32 
174 97 
174 50 
174 116 
174 29 
174 109 
174 1 
174 78 
174 82 
174 133 
174 120 
174 166 
174 47 
174 127 
174 146 
174 57 
174 150 
174 71 
174 158 
174 66 
174 186 
174 124 
174 90 
174 21 
174 157 
174 129 
174 36 
174 22 
174 81 
174 76 
174 143 
174 164 
174 2 
174 131 
174 189 
174 46 
174 136 
174 30 
174 89 
174 51 
174 137 
174 85 
174 79 
174 111 
174 27 
174 38 
174 4 
174 87 
174 96 
174 177 
174 153 
174 11 
174 178 
174 68 
174 101 
174 67 
174 35 
174 145 
174 33 
174 18 
174 63 
174 108 
174 126 
174 6 
174 5 
174 176 
174 179 
174 12 
174 24 
174 94 
174 190 
174 77 
174 138 
174 180 
174 98 
174 26 
174 45 
174 123 
174 182 
174 169 
174 0 
174 8 
174 183 
174 86 
174 114 
174 52 
174 162 
174 16 
174 118 
174 80 
174 55 
174 93 
174 103 
174 113 
174 117 
174 59 
174 43 
174 3 
174 104 
174 42 
174 106 
174 19 
174 64 
174 140 
174 187 
174 91 
174 20 
174 37 
174 152 
174 10 
174 155 
174 72 
174 92 
175 104 
175 149 
175 6 
175 2 
175 70 
175 140 
175 65 
175 78 
175 176 
175 37 
175 123 
175 107 
175 174 
175 128 
175 38 
175 4 
175 168 
175 99 
175 166 
175 111 
175 188 
175 169 
175 158 
175 77 
175 109 
175 162 
175 125 
175 83 
175 63 
175 57 
175 40 
175 138 
175 180 
175 179 
175 186 
175 131 
175 173 
175 182 
175 117 
175 126 
175 86 
175 183 
175 79 
175 93 
175 51 
175 5 
175 115 
175 72 
175 142 
175 96 
175 55 
175 160 
175 10 
175 69 
175 68 
175 60 
175 8 
175 42 
175 11 
175 101 
175 33 
175 41 
175 18 
175 141 
175 148 
175 154 
175 150 
175 36 
175 191 
175 171 
175 80 
175 45 
175 110 
175 135 
175 145 
175 21 
175 7 
175 165 
175 56 
175 17 
175 127 
175 134 
175 12 
175 13 
175 0 
175 27 
175 49 
175 153 
175 108 
175 181 
175 121 
175 113 
175 59 
175 89 
175 151 
175 61 
175 170 
175 71 
175 90 
175 39 
175 133 
175 172 
175 84 
175 29 
175 92 
175 129 
175 74 
175 143 
175 147 
175 156 
175 62 
175 187 
175 130 
175 14 
175 54 
175 48 
175 189 
175 114 
175 50 
175 25 
175 97 
175 15 
175 16 
175 122 
175 146 
175 20 
175 53 
175 95 
175 47 
175 112 
175 144 
175 120 
175 35 
175 167 
175 1 
175 157 
175 119 
175 87 
175 31 
175 184 
175 81 
175 91 
175 44 
175 132 
175 46 
175 30 
175 43 
175 116 
175 136 
176 22 
176 28 
176 9 
176 135 
176 175 
176 17 
176 156 
176 64 
176 124 
176 180 
176 93 
176 127 
176 123 
176 157 
176 71 
176 63 
176 58 
176 165 
176 133 
176 14 
176 8 
176 143 
176 100 
176 129 
176 114 
176 162 
176 45 
176 116 
176 54 
176 110 
176 160 
176 34 
176 66 
176 119 
176 29 
176 172 
176 95 
176 103 
176 184 
176 155 
176 69 
176 167 
176 7 
176 154 
176 146 
176 87 
176 131 
176 42 
176 181 
176 122 
176 106 
176 117 
176 126 
176 11 
176 97 
176 186 
176 60 
176 190 
176 68 
176 191 
176 23 
176 161 
176 55 
176 86 
176 140 
176 150 
176 2 
176 182 
176 32 
176 5 
176 33 
176 158 
176 166 
176 134 
176 62 
176 189 
176 169 
176 21 
176 187 
176 47 
176 12 
176 30 
176 91 
176 170 
176 152 
176 151 
176 179 
176 159 
176 75 
176 107 
176 48 
176 90 
176 188 
176 144 
176 105 
176 177 
176 80 
176 35 
176 57 
176 16 
176 50 
176 0 
176 99 
176 36 
176 171 
176 4 
176 141 
176 178 
176 46 
176 37 
176 83 
176 84 
176 174 
176 15 
176 79 
176 18 
176 53 
176 10 
176 113 
176 72 
176 115 
176 52 
176 145 
176 56 
176 142 
176 128 
176 183 
176 130 
176 139 
176 120 
176 136 
176 132 
176 149 
176 61 
176 111 
176 112 
176 92 
176 85 
176 49 
176 102 
176 185 
176 82 
176 163 
177 58 
177 80 
177 131 
177 151 
177 134 
177 179 
177 24 
177 117 
177 156 
177 82 
177 16 
177 35 
177 164 
177 190 
177 101 
177 123 
177 173 
177 19 
177 59 
177 114 
177 154 
177 167 
177 17 
177 26 
177 89 
177 74 
177 21 
177 78 
177 51 
177 62 
177 148 
177 36 
177 41 
177 60 
177 72 
177 68 
177 28 
177 120 
177 130 
177 76 
177 7 
177 85 
177 106 
177 172 
177 125 
177 143 
177 146 
177 191 
177 122 
177 153 
177 162 
177 12 
177 158 
177 126 
177 124 
177 42 
177 81 
177 54 
177 4 
177 98 
177 170 
177 104 
177 67 
177 118 
177 38 
177 83 
177 184 
177 32 
177 31 
177 86 
177 150 
177 144 
177 56 
177 6 
177 18 
177 57 
177 127 
177 97 
177 105 
177 166 
177 5 
177 50 
177 129 
177 27 
177 185 
177 43 
177 8 
177 171 
177 139 
177 174 
177 55 
177 132 
177 15 
177 10 
177 140 
177 96 
177 39 
177 159 
177 176 
177 71 
177 100 
177 52 
177 3 
177 155 
177 161 
177 29 
177 141 
177 91 
177 95 
177 33 
177 61 
177 112 
177 168 
177 37 
177 46 
177 183 
177 66 
177 69 
177 163 
177 79 
177 145 
177 9 
177 20 
177 34 
177 23 
177 102 
177 165 
177 11 
177 53 
177 14 
177 87 
177 2 
177 103 
177 133 
177 90 
177 48 
177 110 
177 157 
177 111 
177 47 
177 181 
177 30 
177 178 
177 84 
177 49 
178 7 
178 100 
178 191 
178 71 
178 30 
178 65 
178 155 
178 31 
178 141 
178 22 
178 46 
178 110 
178 107 
178 167 
178 78 
178 153 
178 168 
178 154 
178 94 
178 20 
178 87 
178 190 
178 52 
178 26 
178 180 
178 156 
178 90 
178 171 
178 166 
178 146 
178 5 
178 126 
178 21 
178 54 
178 67 
178 170 
178 33 
178 16 
178 179 
178 145 
178 80 
178 134 
178 139 
178 112 
178 59 
178 99 
178 82 
178 128 
178 147 
178 51 
178 105 
178 129 
178 11 
178 104 
178 122 
178 106 
178 173 
178 135 
178 55 
178 49 
178 148 
178 29 
178 157 
178 58 
178 8 
178 159 
178 42 
178 88 
178 162 
178 181 
178 95 
178 66 
178 113 
178 70 
178 184 
178 119 
178 41 
178 138 
178 28 
178 13 
178 183 
178 102 
178 69 
178 17 
178 117 
178 174 
178 75 
178 137 
178 118 
178 93 
178 114 
178 72 
178 188 
178 47 
178 38 
178 96 
178 101 
178 15 
178 103 
178 164 
178 187 
178 165 
178 10 
178 86 
178 176 
178 123 
178 124 
178 143 
178 149 
178 3 
178 172 
178 91 
178 115 
178 125 
178 4 
178 1 
178 2 
178 160 
178 73 
178 89 
178 108 
178 43 
178 131 
178 120 
178 12 
178 62 
178 140 
178 50 
178 136 
178 163 
178 130 
178 56 
178 84 
178 132 
178 36 
178 182 
178 44 
178 14 
178 177 
178 48 
178 45 
179 183 
179 43 
179 145 
179 21 
179 103 
179 93 
179 177 
179 158 
179 88 
179 182 
179 100 
179 105 
179 57 
179 61 
179 89 
179 0 
179 191 
179 84 
179 14 
179 129 
179 78 
179 69 
179 123 
179 142 
179 181 
179 36 
179 141 
179 140 
179 74 
179 146 
179 175 
179 178 
179 48 
179 37 
179 24 
179 121 
179 137 
179 127 
179 116 
179 3 
179 171 
179 7 
179 133 
179 98 
179 39 
179 173 
179 41 
179 164 
179 184 
179 150 
179 170 
179 166 
179 83 
179 79 
179 92 
179 10 
179 119 
179 29 
179 114 
179 108 
179 34 
179 161 
179 148 
179 25 
179 155 
179 159 
179 56 
179 77 
179 86 
179 125 
179 168 
179 124 
179 58 
179 75 
179 68 
179 138 
179 172 
179 126 
179 120 
179 64 
179 149 
179 102 
179 107 
179 115 
179 111 
179 38 
179 153 
179 156 
179 51 
179 176 
179 11 
179 13 
179 118 
179 53 
179 50 
179 5 
179 139 
179 189 
179 106 
179 113 
179 135 
179 49 
179 85 
179 82 
179 91 
179 44 
179 109 
179 167 
179 6 
179 154 
179 112 
179 122 
179 132 
179 187 
179 62 
179 174 
179 72 
179 16 
179 32 
179 71 
179 2 
179 160 
179 27 
179 128 
179 47 
179 55 
179 63 
179 12 
179 19 
179 42 
179 31 
179 117 
179 104 
179 143 
179 45 
179 66 
179 46 
179 33 
179 35 
179 18 
179 131 
179 1 
179 20 
179 151 
179 80 
179 90 
180 148 
180 76 
180 143 
180 182 
180 81 
180 123 
180 9 
180 84 
180 87 
180 160 
180 139 
180 161 
180 176 
180 105 
180 128 
180 101 
180 44 
180 121 
180 90 
180 125 
180 54 
180 11 
180 190 
180 133 
180 164 
180 46 
180 178 
180 74 
180 112 
180 187 
180 151 
180 18 
180 29 
180 25 
180 175 
180 1 
180 27 
180 5 
180 34 
180 142 
180 85 
180 50 
180 75 
180 115 
180 91 
180 113 
180 155 
180 14 
180 6 
180 102 
180 118 
180 72 
180 131 
180 68 
180 166 
180 23 
180 146 
180 49 
180 42 
180 117 
180 107 
180 33 
180 80 
180 162 
180 163 
180 41 
180 169 
180 66 
180 58 
180 138 
180 53 
180 170 
180 59 
180 4 
180 122 
180 136 
180 181 
180 19 
180 52 
180 126 
180 147 
180 60 
180 171 
180 17 
180 153 
180 132 
180 24 
180 83 
180 152 
180 95 
180 119 
180 165 
180 2 
180 37 
180 157 
180 45 
180 98 
180 82 
180 70 
180 127 
180 159 
180 168 
180 109 
180 40 
180 94 
180 106 
180 173 
180 103 
180 36 
180 185 
180 21 
180 61 
180 174 
180 140 
180 71 
180 96 
180 73 
180 129 
180 63 
180 92 
180 78 
180 38 
180 57 
180 16 
180 20 
180 110 
180 0 
180 79 
180 137 
180 99 
180 134 
180 10 
180 88 
180 135 
180 111 
180 124 
180 186 
181 169 
181 105 
181 36 
181 123 
181 7 
181 54 
181 38 
181 48 
181 182 
181 33 
181 73 
181 15 
181 149 
181 104 
181 174 
181 11 
181 67 
181 116 
181 93 
181 68 
181 43 
181 65 
181 9 
181 179 
181 121 
181 95 
181 146 
181 16 
181 191 
181 170 
181 42 
181 40 
181 122 
181 58 
181 157 
181 66 
181 188 
181 168 
181 155 
181 71 
181 70 
181 63 
181 111 
181 90 
181 117 
181 77 
181 55 
181 62 
181 108 
181 61 
181 10 
181 176 
181 25 
181 143 
181 158 
181 183 
181 37 
181 147 
181 186 
181 30 
181 132 
181 145 
181 87 
181 50 
181 99 
181 4 
181 131 
181 189 
181 118 
181 20 
181 28 
181 1 
181 115 
181 159 
181 166 
181 72 
181 160 
181 17 
181 23 
181 178 
181 125 
181 52 
181 165 
181 31 
181 164 
181 22 
181 180 
181 32 
181 156 
181 98 
181 94 
181 5 
181 144 
181 51 
181 47 
181 124 
181 41 
181 175 
181 60 
181 39 
181 162 
181 45 
181 130 
181 57 
181 110 
181 120 
181 29 
181 135 
181 0 
181 2 
181 113 
181 46 
181 18 
181 128 
181 88 
181 19 
181 119 
181 187 
181 27 
181 103 
181 53 
181 171 
181 24 
181 84 
181 185 
181 89 
181 13 
181 78 
181 85 
181 141 
181 133 
181 112 
181 34 
181 44 
181 153 
181 152 
181 96 
181 12 
181 26 
181 177 
181 151 
181 21 
181 8 
181 126 
181 172 
182 185 
182 102 
182 180 
182 184 
182 105 
182 160 
182 51 
182 130 
182 181 
182 13 
182 179 
182 45 
182 94 
182 156 
182 163 
182 110 
182 28 
182 55 
182 69 
182 167 
182 152 
182 63 
182 164 
182 92 
182 65 
182 125 
182 157 
182 71 
182 131 
182 29 
182 134 
182 26 
182 70 
182 11 
182 54 
182 10 
182 7 
182 67 
182 133 
182 42 
182 59 
182 175 
182 145 
182 81 
182 150 
182 33 
182 43 
182 99 
182 115 
182 142 
182 56 
182 8 
182 129 
182 121 
182 169 
182 132 
182 136 
182 3 
182 186 
182 58 
182 117 
182 191 
182 17 
182 101 
182 76 
182 9 
182 126 
182 41 
182 12 
182 4 
182 176 
182 120 
182 20 
182 96 
182 1 
182 2 
182 114 
182 80 
182 189 
182 47 
182 37 
182 165 
182 64 
182 46 
182 60 
182 113 
182 98 
182 137 
182 27 
182 30 
182 118 
182 104 
182 95 
182 36 
182 100 
182 188 
182 78 
182 173 
182 148 
182 172 
182 140 
182 75 
182 15 
182 168 
182 158 
182 171 
182 127 
182 155 
182 79 
182 123 
182 39 
182 52 
182 161 
182 107 
182 162 
182 77 
182 138 
182 149 
182 151 
182 174 
182 124 
182 170 
182 159 
182 153 
182 122 
182 25 
182 72 
182 19 
182 32 
182 35 
182 190 
182 34 
182 22 
182 16 
182 178 
182 44 
182 97 
182 108 
182 88 
182 66 
182 103 
182 5 
182 68 
183 179 
183 84 
183 171 
183 19 
183 90 
183 51 
183 155 
183 57 
183 125 
183 146 
183 22 
183 109 
183 189 
183 49 
183 137 
183 2 
183 88 
183 55 
183 9 
183 66 
183 186 
183 163 
183 3 
183 4 
183 168 
183 94 
183 127 
183 44 
183 75 
183 130 
183 167 
183 56 
183 164 
183 95 
183 63 
183 175 
183 58 
183 115 
183 141 
183 122 
183 30 
183 60 
183 42 
183 82 
183 93 
183 53 
183 35 
183 191 
183 181 
183 131 
183 126 
183 31 
183 101 
183 81 
183 98 
183 113 
183 67 
183 23 
183 107 
183 91 
183 128 
183 152 
183 5 
183 32 
183 139 
183 18 
183 144 
183 188 
183 159 
183 52 
183 147 
183 162 
183 104 
183 11 
183 120 
183 50 
183 138 
183 178 
183 134 
183 8 
183 172 
183 102 
183 39 
183 89 
183 119 
183 184 
183 143 
183 170 
183 74 
183 150 
183 149 
183 108 
183 140 
183 20 
183 177 
183 34 
183 190 
183 136 
183 25 
183 96 
183 185 
183 129 
183 41 
183 78 
183 40 
183 43 
183 46 
183 114 
183 174 
183 112 
183 176 
183 26 
183 47 
183 15 
183 158 
183 76 
183 173 
183 6 
183 64 
183 92 
183 99 
183 124 
183 79 
183 86 
183 123 
183 10 
183 161 
183 68 
183 45 
183 121 
183 48 
183 118 
183 73 
183 111 
183 157 
183 169 
183 17 
184 94 
184 20 
184 182 
184 65 
184 57 
184 123 
184 125 
184 5 
184 75 
184 27 
184 52 
184 29 
184 87 
184 48 
184 88 
184 154 
184 145 
184 112 
184 90 
184 173 
184 187 
184 73 
184 63 
184 4 
184 158 
184 66 
184 157 
184 114 
184 167 
184 77 
184 189 
184 139 
184 61 
184 34 
184 85 
184 37 
184 51 
184 176 
184 2 
184 71 
184 67 
184 129 
184 0 
184 15 
184 35 
184 110 
184 42 
184 108 
184 25 
184 98 
184 121 
184 179 
184 188 
184 53 
184 105 
184 9 
184 40 
184 17 
184 55 
184 89 
184 153 
184 142 
184 138 
184 13 
184 93 
184 115 
184 64 
184 12 
184 62 
184 177 
184 136 
184 165 
184 46 
184 166 
184 33 
184 178 
184 86 
184 70 
184 56 
184 14 
184 113 
184 109 
184 60 
184 50 
184 127 
184 128 
184 116 
184 79 
184 169 
184 183 
184 160 
184 133 
184 30 
184 151 
184 172 
184 31 
184 39 
184 152 
184 117 
184 92 
184 84 
184 83 
184 131 
184 106 
184 168 
184 147 
184 122 
184 134 
184 156 
184 32 
184 44 
184 100 
184 81 
184 163 
184 68 
184 7 
184 24 
184 41 
184 8 
184 36 
184 111 
184 186 
184 126 
184 22 
184 59 
184 118 
184 162 
184 135 
184 21 
184 175 
184 23 
184 10 
184 80 
184 171 
184 96 
184 58 
185 91 
185 24 
185 182 
185 160 
185 139 
185 30 
185 153 
185 8 
185 13 
185 97 
185 11 
185 64 
185 58 
185 40 
185 10 
185 16 
185 127 
185 90 
185 53 
185 75 
185 56 
185 80 
185 171 
185 123 
185 84 
185 128 
185 107 
185 17 
185 39 
185 118 
185 136 
185 62 
185 144 
185 5 
185 86 
185 125 
185 147 
185 29 
185 12 
185 35 
185 109 
185 28 
185 106 
185 88 
185 149 
185 143 
185 142 
185 59 
185 51 
185 159 
185 78 
185 103 
185 154 
185 170 
185 57 
185 172 
185 99 
185 164 
185 85 
185 43 
185 87 
185 89 
185 95 
185 102 
185 124 
185 92 
185 71 
185 49 
185 93 
185 177 
185 6 
185 173 
185 72 
185 135 
185 132 
185 52 
185 137 
185 130 
185 146 
185 2 
185 105 
185 189 
185 166 
185 114 
185 101 
185 104 
185 138 
185 47 
185 21 
185 55 
185 133 
185 131 
185 108 
185 68 
185 44 
185 121 
185 20 
185 70 
185 73 
185 155 
185 69 
185 26 
185 61 
185 94 
185 163 
185 67 
185 7 
185 161 
185 79 
185 15 
185 48 
185 25 
185 66 
185 14 
185 180 
185 183 
185 158 
185 117 
185 74 
185 19 
185 169 
185 181 
185 140 
185 115 
185 65 
185 157 
185 96 
185 186 
185 122 
185 0 
185 50 
185 141 
185 165 
185 98 
185 1 
185 63 
185 148 
185 168 
185 176 
185 41 
185 152 
185 120 
185 45 
185 129 
186 88 
186 36 
186 29 
186 153 
186 173 
186 57 
186 2 
186 32 
186 79 
186 111 
186 188 
186 47 
186 45 
186 183 
186 159 
186 14 
186 44 
186 51 
186 190 
186 43 
186 42 
186 146 
186 13 
186 81 
186 98 
186 56 
186 175 
186 28 
186 60 
186 145 
186 164 
186 71 
186 130 
186 128 
186 52 
186 76 
186 125 
186 123 
186 172 
186 154 
186 138 
186 182 
186 90 
186 176 
186 174 
186 19 
186 96 
186 54 
186 64 
186 37 
186 133 
186 129 
186 48 
186 65 
186 181 
186 114 
186 50 
186 35 
186 149 
186 59 
186 148 
186 70 
186 165 
186 142 
186 4 
186 120 
186 156 
186 117 
186 106 
186 131 
186 9 
186 21 
186 40 
186 11 
186 16 
186 109 
186 160 
186 10 
186 68 
186 161 
186 85 
186 157 
186 132 
186 0 
186 121 
186 31 
186 143 
186 113 
186 18 
186 80 
186 7 
186 137 
186 41 
186 6 
186 77 
186 187 
186 23 
186 140 
186 92 
186 158 
186 108 
186 63 
186 107 
186 152 
186 89 
186 17 
186 24 
186 66 
186 189 
186 15 
186 99 
186 38 
186 124 
186 94 
186 144 
186 104 
186 75 
186 171 
186 95 
186 184 
186 1 
186 78 
186 82 
186 185 
186 118 
186 87 
186 27 
186 151 
186 122 
186 55 
186 126 
186 127 
186 155 
186 74 
186 22 
186 69 
186 61 
186 58 
186 180 
186 115 
186 84 
186 191 
186 26 
187 125 
187 40 
187 156 
187 172 
187 54 
187 162 
187 79 
187 14 
187 114 
187 134 
187 53 
187 120 
187 11 
187 105 
187 62 
187 43 
187 154 
187 189 
187 42 
187 52 
187 145 
187 9 
187 151 
187 184 
187 180 
187 129 
187 190 
187 88 
187 66 
187 51 
187 6 
187 35 
187 149 
187 112 
187 19 
187 173 
187 144 
187 61 
187 139 
187 12 
187 26 
187 161 
187 102 
187 148 
187 142 
187 48 
187 99 
187 85 
187 121 
187 126 
187 81 
187 47 
187 3 
187 136 
187 49 
187 110 
187 109 
187 163 
187 128 
187 118 
187 176 
187 37 
187 158 
187 67 
187 108 
187 70 
187 10 
187 103 
187 133 
187 4 
187 131 
187 127 
187 15 
187 29 
187 21 
187 106 
187 93 
187 39 
187 72 
187 96 
187 168 
187 23 
187 34 
187 130 
187 186 
187 58 
187 8 
187 152 
187 141 
187 13 
187 107 
187 25 
187 178 
187 50 
187 113 
187 65 
187 123 
187 159 
187 179 
187 132 
187 44 
187 175 
187 138 
187 181 
187 124 
187 56 
187 111 
187 86 
187 2 
187 46 
187 38 
187 137 
187 77 
187 55 
187 78 
187 28 
187 36 
187 104 
187 91 
187 57 
187 7 
187 157 
187 64 
187 89 
187 97 
187 82 
187 160 
187 174 
187 69 
187 73 
187 155 
187 75 
187 68 
187 166 
187 63 
187 18 
187 167 
187 32 
187 84 
188 34 
188 70 
188 13 
188 83 
188 45 
188 96 
188 90 
188 189 
188 82 
188 162 
188 132 
188 72 
188 71 
188 129 
188 55 
188 186 
188 175 
188 115 
188 74 
188 133 
188 80 
188 26 
188 23 
188 106 
188 67 
188 37 
188 68 
188 73 
188 62 
188 169 
188 122 
188 76 
188 141 
188 181 
188 98 
188 109 
188 92 
188 84 
188 155 
188 66 
188 56 
188 89 
188 134 
188 127 
188 86 
188 112 
188 63 
188 157 
188 93 
188 5 
188 184 
188 111 
188 121 
188 17 
188 49 
188 15 
188 28 
188 78 
188 64 
188 39 
188 166 
188 117 
188 50 
188 14 
188 120 
188 85 
188 2 
188 27 
188 183 
188 102 
188 171 
188 1 
188 107 
188 130 
188 100 
188 110 
188 165 
188 7 
188 41 
188 136 
188 8 
188 191 
188 25 
188 160 
188 150 
188 81 
188 176 
188 178 
188 149 
188 0 
188 38 
188 101 
188 128 
188 24 
188 182 
188 163 
188 126 
188 114 
188 32 
188 159 
188 65 
188 145 
188 190 
188 97 
188 22 
188 116 
188 48 
188 43 
188 35 
188 88 
188 42 
188 99 
188 36 
188 158 
188 118 
188 6 
188 91 
188 135 
188 21 
188 9 
188 144 
188 40 
188 161 
188 125 
188 60 
188 3 
188 30 
188 79 
188 53 
188 61 
188 10 
188 113 
188 119 
188 173 
188 143 
188 146 
188 44 
188 123 
188 154 
188 87 
188 167 
188 4 
188 138 
188 142 
189 7 
189 128 
189 22 
189 111 
189 117 
189 162 
189 183 
189 138 
189 80 
189 188 
189 35 
189 28 
189 36 
189 170 
189 130 
189 187 
189 73 
189 103 
189 11 
189 5 
189 146 
189 32 
189 126 
189 34 
189 14 
189 89 
189 148 
189 69 
189 43 
189 74 
189 98 
189 27 
189 144 
189 164 
189 93 
189 184 
189 91 
189 168 
189 61 
189 135 
189 76 
189 30 
189 137 
189 81 
189 159 
189 101 
189 139 
189 169 
189 26 
189 131 
189 155 
189 79 
189 109 
189 39 
189 6 
189 3 
189 16 
189 152 
189 38 
189 114 
189 182 
189 15 
189 181 
189 49 
189 53 
189 176 
189 174 
189 172 
189 100 
189 102 
189 153 
189 190 
189 143 
189 123 
189 48 
189 42 
189 165 
189 83 
189 173 
189 156 
189 150 
189 92 
189 67 
189 171 
189 40 
189 185 
189 33 
189 166 
189 72 
189 141 
189 142 
189 179 
189 50 
189 71 
189 94 
189 51 
189 64 
189 37 
189 115 
189 95 
189 105 
189 9 
189 60 
189 157 
189 191 
189 90 
189 110 
189 119 
189 99 
189 186 
189 88 
189 25 
189 18 
189 84 
189 44 
189 175 
189 62 
189 21 
189 82 
189 108 
189 121 
189 45 
189 104 
189 13 
189 147 
189 116 
189 160 
189 133 
189 59 
189 96 
189 161 
189 77 
189 154 
189 0 
189 70 
190 41 
190 129 
190 143 
190 35 
190 168 
190 90 
190 162 
190 51 
190 86 
190 88 
190 151 
190 53 
190 19 
190 138 
190 78 
190 67 
190 18 
190 12 
190 49 
190 118 
190 117 
190 39 
190 26 
190 191 
190 177 
190 178 
190 57 
190 180 
190 127 
190 11 
190 115 
190 139 
190 147 
190 166 
190 119 
190 125 
190 148 
190 145 
190 46 
190 91 
190 187 
190 59 
190 186 
190 85 
190 6 
190 28 
190 161 
190 134 
190 94 
190 123 
190 165 
190 7 
190 73 
190 47 
190 171 
190 142 
190 112 
190 16 
190 30 
190 69 
190 87 
190 4 
190 105 
190 100 
190 24 
190 153 
190 68 
190 150 
190 144 
190 110 
190 114 
190 8 
190 160 
190 173 
190 137 
190 98 
190 176 
190 3 
190 64 
190 79 
190 13 
190 157 
190 29 
190 75 
190 132 
190 14 
190 158 
190 159 
190 38 
190 135 
190 121 
190 163 
190 84 
190 113 
190 189 
190 62 
190 152 
190 44 
190 52 
190 1 
190 33 
190 48 
190 130 
190 61 
190 65 
190 54 
190 146 
190 5 
190 82 
190 167 
190 60 
190 56 
190 76 
190 71 
190 172 
190 34 
190 188 
190 104 
190 70 
190 183 
190 66 
190 55 
190 155 
190 174 
190 77 
190 40 
190 2 
190 120 
190 74 
190 0 
190 36 
190 25 
190 149 
190 128 
190 170 
190 101 
190 182 
190 141 
190 133 
190 169 
190 43 
190 103 
190 96 
190 131 
190 58 
190 102 
190 21 
190 92 
190 72 
191 132 
191 46 
191 163 
191 111 
191 5 
191 178 
191 7 
191 168 
191 51 
191 149 
191 54 
191 4 
191 49 
191 134 
191 53 
191 63 
191 16 
191 145 
191 65 
191 174 
191 94 
191 190 
191 97 
191 57 
191 179 
191 128 
191 67 
191 157 
191 152 
191 136 
191 165 
191 73 
191 2 
191 12 
191 181 
191 156 
191 3 
191 75 
191 59 
191 61 
191 126 
191 30 
191 70 
191 17 
191 103 
191 85 
191 177 
191 19 
191 166 
191 1 
191 18 
191 183 
191 11 
191 122 
191 43 
191 182 
191 71 
191 147 
191 0 
191 176 
191 20 
191 108 
191 87 
191 69 
191 158 
191 172 
191 81 
191 175 
191 38 
191 99 
191 83 
191 86 
191 14 
191 47 
191 131 
191 6 
191 34 
191 31 
191 91 
191 25 
191 123 
191 32 
191 36 
191 39 
191 50 
191 76 
191 135 
191 92 
191 62 
191 60 
191 55 
191 56 
191 188 
191 173 
191 167 
191 151 
191 118 
191 162 
191 153 
191 10 
191 45 
191 112 
191 9 
191 170 
191 79 
191 150 
191 23 
191 110 
191 189 
191 106 
191 37 
191 90 
191 129 
191 28 
191 89 
191 77 
191 140 
191 125 
191 22 
191 80 
191 8 
191 139 
191 121 
191 143 
191 130 
191 100 
191 159 
191 24 
191 107 
191 124 
191 137 
191 74 
191 141 
191 44 
191 101 
191 27 
191 142 
191 41 
191 58 
191 105 
191 21 
191 102 
191 186 
