0 147 
0 99 
0 10 
0 20 
0 68 
0 162 
0 164 
0 182 
0 74 
0 146 
0 197 
0 187 
0 175 
0 156 
0 13 
0 44 
0 86 
0 113 
0 93 
0 90 
0 127 
0 204 
0 76 
0 179 
0 26 
0 34 
0 53 
0 202 
0 36 
0 83 
0 123 
0 180 
0 108 
0 185 
0 71 
0 98 
0 16 
0 189 
0 49 
0 117 
0 43 
0 144 
0 3 
0 38 
0 42 
0 139 
0 212 
0 85 
0 206 
0 149 
0 104 
0 177 
0 158 
0 105 
0 148 
0 124 
0 33 
0 9 
0 191 
0 160 
0 137 
0 46 
0 155 
0 28 
0 80 
0 209 
0 4 
0 125 
0 77 
0 81 
0 145 
0 17 
0 150 
0 140 
0 129 
0 30 
0 66 
0 50 
0 97 
0 73 
0 58 
0 23 
0 133 
0 72 
0 5 
0 111 
0 47 
0 91 
0 153 
0 1 
0 89 
0 110 
0 196 
0 21 
0 78 
0 183 
0 193 
0 114 
0 29 
0 210 
0 18 
0 101 
0 121 
0 79 
0 195 
0 163 
0 48 
0 138 
0 126 
0 19 
0 65 
0 186 
0 198 
0 35 
0 134 
0 56 
0 92 
0 131 
0 95 
0 167 
0 54 
0 55 
0 173 
0 200 
0 61 
0 11 
0 178 
0 82 
0 27 
0 199 
0 70 
0 14 
0 31 
0 215 
0 100 
0 112 
0 130 
0 194 
0 208 
0 142 
0 190 
0 15 
0 213 
0 211 
0 136 
0 69 
0 7 
0 169 
0 161 
0 119 
0 201 
0 184 
0 41 
0 118 
0 115 
0 128 
0 171 
0 192 
0 166 
0 151 
0 168 
1 145 
1 41 
1 24 
1 158 
1 22 
1 78 
1 77 
1 128 
1 209 
1 203 
1 120 
1 129 
1 15 
1 164 
1 196 
1 194 
1 154 
1 197 
1 5 
1 65 
1 18 
1 11 
1 50 
1 177 
1 21 
1 135 
1 148 
1 4 
1 170 
1 38 
1 72 
1 61 
1 92 
1 75 
1 192 
1 108 
1 81 
1 84 
1 30 
1 118 
1 6 
1 213 
1 212 
1 29 
1 124 
1 91 
1 115 
1 133 
1 200 
1 161 
1 121 
1 13 
1 23 
1 9 
1 186 
1 106 
1 56 
1 130 
1 173 
1 205 
1 147 
1 168 
1 59 
1 119 
1 153 
1 155 
1 80 
1 89 
1 195 
1 116 
1 208 
1 32 
1 67 
1 152 
1 183 
1 102 
1 42 
1 99 
1 198 
1 117 
1 97 
1 87 
1 175 
1 45 
1 27 
1 107 
1 112 
1 206 
1 43 
1 96 
1 144 
1 82 
1 28 
1 188 
1 52 
1 40 
1 174 
1 179 
1 0 
1 98 
1 134 
1 191 
1 178 
1 3 
1 123 
1 20 
1 73 
1 33 
1 36 
1 171 
1 182 
1 90 
1 180 
1 189 
1 131 
1 83 
1 93 
1 46 
1 44 
1 31 
1 127 
1 60 
1 17 
1 26 
1 47 
1 10 
1 181 
1 114 
1 162 
1 149 
1 125 
1 63 
1 103 
1 62 
1 199 
1 70 
1 95 
1 51 
1 215 
1 8 
1 146 
1 35 
1 54 
1 185 
1 163 
1 150 
1 66 
1 7 
1 53 
1 48 
1 172 
1 207 
1 141 
1 111 
1 12 
1 2 
1 16 
1 74 
1 193 
2 102 
2 4 
2 187 
2 176 
2 126 
2 147 
2 62 
2 137 
2 168 
2 155 
2 113 
2 106 
2 49 
2 92 
2 41 
2 201 
2 94 
2 86 
2 69 
2 100 
2 101 
2 177 
2 121 
2 14 
2 59 
2 200 
2 63 
2 95 
2 185 
2 197 
2 173 
2 161 
2 81 
2 104 
2 175 
2 134 
2 151 
2 46 
2 192 
2 68 
2 21 
2 142 
2 109 
2 143 
2 157 
2 108 
2 6 
2 25 
2 27 
2 17 
2 40 
2 26 
2 37 
2 36 
2 150 
2 132 
2 71 
2 153 
2 50 
2 56 
2 199 
2 205 
2 80 
2 8 
2 214 
2 87 
2 127 
2 158 
2 133 
2 135 
2 64 
2 118 
2 120 
2 107 
2 204 
2 139 
2 48 
2 111 
2 11 
2 10 
2 65 
2 82 
2 33 
2 5 
2 78 
2 99 
2 96 
2 90 
2 31 
2 74 
2 152 
2 70 
2 88 
2 130 
2 206 
2 172 
2 160 
2 138 
2 189 
2 39 
2 212 
2 60 
2 211 
2 89 
2 28 
2 29 
2 188 
2 72 
2 93 
2 117 
2 181 
2 170 
2 154 
2 97 
2 203 
2 183 
2 20 
2 110 
2 119 
2 19 
2 77 
2 215 
2 179 
2 193 
2 105 
2 209 
2 180 
2 178 
2 79 
2 52 
2 84 
2 128 
2 115 
2 195 
2 141 
2 22 
2 44 
2 129 
2 58 
2 196 
2 24 
2 30 
2 18 
2 3 
2 149 
2 66 
2 186 
2 112 
2 159 
2 145 
2 54 
2 73 
2 34 
2 67 
2 210 
2 35 
2 38 
2 208 
2 61 
2 190 
2 207 
2 171 
2 76 
2 163 
2 146 
2 136 
2 131 
2 169 
2 116 
2 1 
3 202 
3 180 
3 208 
3 95 
3 19 
3 113 
3 81 
3 46 
3 117 
3 184 
3 198 
3 123 
3 86 
3 131 
3 126 
3 92 
3 71 
3 193 
3 4 
3 45 
3 145 
3 116 
3 206 
3 15 
3 87 
3 185 
3 72 
3 9 
3 36 
3 106 
3 163 
3 17 
3 83 
3 186 
3 112 
3 155 
3 135 
3 5 
3 189 
3 140 
3 88 
3 137 
3 114 
3 39 
3 157 
3 89 
3 62 
3 168 
3 146 
3 97 
3 175 
3 183 
3 101 
3 104 
3 53 
3 6 
3 0 
3 108 
3 20 
3 35 
3 26 
3 150 
3 60 
3 160 
3 107 
3 213 
3 64 
3 84 
3 119 
3 96 
3 52 
3 149 
3 57 
3 99 
3 66 
3 77 
3 28 
3 179 
3 82 
3 165 
3 199 
3 142 
3 195 
3 215 
3 14 
3 148 
3 178 
3 43 
3 42 
3 207 
3 38 
3 174 
3 31 
3 115 
3 141 
3 102 
3 211 
3 16 
3 138 
3 70 
3 204 
3 58 
3 209 
3 127 
3 144 
3 194 
3 1 
3 109 
3 91 
3 124 
3 154 
3 197 
3 151 
3 48 
3 169 
3 214 
3 125 
3 200 
3 59 
3 49 
3 182 
3 93 
3 212 
3 181 
3 210 
3 68 
3 111 
3 41 
3 205 
3 27 
3 12 
3 121 
3 2 
3 80 
3 158 
3 11 
3 161 
3 105 
3 133 
3 162 
3 201 
3 129 
3 69 
3 79 
3 187 
3 90 
3 166 
3 61 
3 63 
3 120 
3 153 
3 100 
3 22 
3 134 
3 98 
3 65 
3 156 
3 191 
3 29 
3 78 
3 8 
3 30 
3 152 
3 37 
3 55 
3 50 
3 67 
3 18 
4 81 
4 141 
4 2 
4 203 
4 193 
4 13 
4 85 
4 72 
4 111 
4 120 
4 143 
4 16 
4 190 
4 208 
4 3 
4 215 
4 121 
4 61 
4 184 
4 136 
4 117 
4 44 
4 132 
4 39 
4 1 
4 149 
4 87 
4 188 
4 131 
4 77 
4 163 
4 94 
4 174 
4 157 
4 176 
4 153 
4 144 
4 109 
4 195 
4 23 
4 158 
4 129 
4 187 
4 146 
4 114 
4 128 
4 206 
4 29 
4 147 
4 104 
4 185 
4 54 
4 36 
4 105 
4 168 
4 65 
4 167 
4 155 
4 27 
4 73 
4 101 
4 66 
4 46 
4 58 
4 0 
4 35 
4 69 
4 119 
4 93 
4 118 
4 71 
4 25 
4 162 
4 90 
4 12 
4 112 
4 177 
4 74 
4 68 
4 198 
4 165 
4 50 
4 156 
4 161 
4 199 
4 63 
4 135 
4 197 
4 97 
4 24 
4 179 
4 34 
4 107 
4 191 
4 142 
4 8 
4 171 
4 172 
4 41 
4 59 
4 100 
4 79 
4 19 
4 209 
4 45 
4 10 
4 113 
4 145 
4 173 
4 182 
4 88 
4 11 
4 214 
4 20 
4 76 
4 32 
4 28 
4 148 
4 166 
4 14 
4 140 
4 150 
4 123 
4 126 
4 49 
4 207 
4 102 
4 47 
4 106 
4 30 
4 95 
4 151 
4 137 
4 15 
4 96 
4 154 
4 98 
4 205 
4 194 
4 122 
4 124 
4 115 
4 164 
4 213 
4 134 
4 7 
4 62 
4 183 
4 31 
4 60 
4 202 
4 80 
4 22 
4 64 
4 55 
4 139 
4 181 
4 43 
4 127 
4 103 
4 152 
4 196 
5 71 
5 203 
5 95 
5 183 
5 151 
5 131 
5 101 
5 86 
5 47 
5 104 
5 124 
5 178 
5 200 
5 115 
5 67 
5 94 
5 159 
5 16 
5 73 
5 1 
5 164 
5 144 
5 80 
5 52 
5 139 
5 96 
5 141 
5 37 
5 18 
5 120 
5 27 
5 25 
5 97 
5 103 
5 62 
5 75 
5 64 
5 81 
5 3 
5 65 
5 87 
5 72 
5 191 
5 110 
5 126 
5 43 
5 157 
5 188 
5 152 
5 31 
5 114 
5 39 
5 74 
5 51 
5 150 
5 168 
5 181 
5 12 
5 20 
5 44 
5 60 
5 111 
5 206 
5 180 
5 8 
5 197 
5 48 
5 59 
5 147 
5 116 
5 113 
5 2 
5 160 
5 205 
5 179 
5 149 
5 7 
5 57 
5 91 
5 55 
5 35 
5 83 
5 199 
5 162 
5 105 
5 143 
5 56 
5 93 
5 42 
5 9 
5 0 
5 53 
5 215 
5 133 
5 155 
5 92 
5 189 
5 136 
5 106 
5 28 
5 89 
5 163 
5 154 
5 174 
5 70 
5 99 
5 36 
5 134 
5 211 
5 175 
5 14 
5 176 
5 24 
5 40 
5 125 
5 137 
5 10 
5 213 
5 38 
5 19 
5 78 
5 85 
5 190 
5 77 
5 209 
5 122 
5 130 
5 146 
5 204 
5 32 
5 6 
5 172 
5 88 
5 202 
5 153 
5 13 
5 192 
5 142 
5 185 
5 63 
5 201 
5 140 
5 100 
5 30 
5 161 
5 26 
5 198 
5 69 
5 41 
5 102 
5 184 
5 45 
5 11 
5 128 
5 129 
5 196 
5 49 
5 82 
5 138 
5 194 
5 135 
5 187 
6 40 
6 98 
6 31 
6 170 
6 178 
6 55 
6 89 
6 139 
6 8 
6 176 
6 166 
6 103 
6 125 
6 146 
6 183 
6 64 
6 184 
6 71 
6 148 
6 69 
6 116 
6 30 
6 58 
6 17 
6 23 
6 95 
6 165 
6 68 
6 75 
6 188 
6 204 
6 114 
6 104 
6 1 
6 163 
6 182 
6 138 
6 2 
6 193 
6 7 
6 190 
6 171 
6 9 
6 174 
6 199 
6 52 
6 92 
6 105 
6 19 
6 3 
6 57 
6 210 
6 112 
6 134 
6 77 
6 28 
6 22 
6 120 
6 212 
6 213 
6 83 
6 65 
6 12 
6 196 
6 74 
6 45 
6 72 
6 107 
6 111 
6 211 
6 42 
6 151 
6 131 
6 181 
6 142 
6 144 
6 118 
6 177 
6 121 
6 201 
6 187 
6 126 
6 35 
6 39 
6 164 
6 136 
6 175 
6 96 
6 124 
6 123 
6 208 
6 133 
6 46 
6 10 
6 147 
6 143 
6 130 
6 14 
6 29 
6 106 
6 63 
6 194 
6 155 
6 185 
6 161 
6 11 
6 192 
6 48 
6 197 
6 54 
6 62 
6 32 
6 198 
6 108 
6 91 
6 49 
6 110 
6 16 
6 24 
6 158 
6 82 
6 119 
6 18 
6 149 
6 191 
6 207 
6 189 
6 109 
6 53 
6 200 
6 102 
6 195 
6 152 
6 78 
6 5 
6 99 
6 169 
6 13 
6 20 
6 179 
6 51 
6 66 
6 167 
6 129 
6 59 
6 36 
6 85 
6 90 
6 21 
6 132 
6 37 
6 79 
6 94 
6 113 
6 140 
6 156 
6 150 
6 87 
7 208 
7 133 
7 145 
7 120 
7 152 
7 213 
7 197 
7 21 
7 182 
7 104 
7 210 
7 180 
7 67 
7 151 
7 91 
7 153 
7 65 
7 144 
7 162 
7 38 
7 102 
7 140 
7 193 
7 16 
7 47 
7 170 
7 82 
7 183 
7 173 
7 114 
7 60 
7 175 
7 203 
7 126 
7 195 
7 121 
7 101 
7 186 
7 95 
7 93 
7 6 
7 129 
7 77 
7 131 
7 214 
7 143 
7 103 
7 55 
7 111 
7 61 
7 18 
7 36 
7 155 
7 98 
7 56 
7 209 
7 87 
7 166 
7 207 
7 54 
7 24 
7 68 
7 23 
7 148 
7 189 
7 44 
7 5 
7 154 
7 64 
7 41 
7 75 
7 39 
7 118 
7 72 
7 130 
7 158 
7 25 
7 89 
7 37 
7 49 
7 29 
7 20 
7 150 
7 92 
7 52 
7 177 
7 116 
7 32 
7 146 
7 35 
7 201 
7 94 
7 107 
7 40 
7 168 
7 138 
7 164 
7 167 
7 66 
7 119 
7 26 
7 17 
7 136 
7 191 
7 161 
7 125 
7 42 
7 211 
7 34 
7 190 
7 135 
7 205 
7 50 
7 113 
7 22 
7 88 
7 157 
7 83 
7 8 
7 187 
7 185 
7 11 
7 117 
7 43 
7 12 
7 27 
7 100 
7 45 
7 194 
7 31 
7 69 
7 108 
7 174 
7 85 
7 192 
7 147 
7 13 
7 9 
7 0 
7 122 
7 179 
7 4 
7 196 
7 149 
7 59 
7 1 
7 99 
7 15 
7 159 
7 202 
7 124 
7 90 
7 58 
7 127 
7 112 
7 184 
7 70 
7 53 
7 84 
8 145 
8 119 
8 130 
8 6 
8 32 
8 74 
8 62 
8 64 
8 52 
8 40 
8 150 
8 80 
8 44 
8 199 
8 67 
8 215 
8 137 
8 105 
8 38 
8 12 
8 115 
8 81 
8 22 
8 72 
8 99 
8 128 
8 186 
8 214 
8 193 
8 173 
8 195 
8 151 
8 152 
8 29 
8 127 
8 107 
8 135 
8 125 
8 49 
8 142 
8 19 
8 34 
8 41 
8 129 
8 122 
8 196 
8 2 
8 144 
8 174 
8 132 
8 147 
8 171 
8 5 
8 166 
8 168 
8 27 
8 36 
8 211 
8 197 
8 140 
8 156 
8 25 
8 24 
8 176 
8 21 
8 55 
8 146 
8 87 
8 57 
8 117 
8 210 
8 162 
8 194 
8 109 
8 213 
8 208 
8 53 
8 209 
8 178 
8 102 
8 31 
8 118 
8 161 
8 20 
8 154 
8 201 
8 108 
8 123 
8 43 
8 126 
8 17 
8 47 
8 75 
8 141 
8 77 
8 121 
8 180 
8 167 
8 158 
8 182 
8 148 
8 157 
8 134 
8 4 
8 163 
8 59 
8 60 
8 212 
8 65 
8 85 
8 184 
8 54 
8 96 
8 113 
8 30 
8 7 
8 89 
8 120 
8 116 
8 15 
8 111 
8 14 
8 97 
8 1 
8 192 
8 133 
8 23 
8 45 
8 91 
8 28 
8 11 
8 98 
8 106 
8 170 
8 71 
8 63 
8 112 
8 70 
8 92 
8 10 
8 95 
8 68 
8 164 
8 114 
8 204 
8 138 
8 26 
8 3 
8 177 
8 48 
8 160 
8 136 
8 124 
8 155 
8 42 
8 90 
9 131 
9 211 
9 144 
9 23 
9 92 
9 196 
9 148 
9 145 
9 63 
9 215 
9 197 
9 201 
9 3 
9 69 
9 183 
9 19 
9 36 
9 18 
9 164 
9 133 
9 122 
9 53 
9 106 
9 61 
9 25 
9 170 
9 73 
9 175 
9 136 
9 160 
9 101 
9 33 
9 78 
9 200 
9 39 
9 146 
9 107 
9 72 
9 153 
9 111 
9 21 
9 207 
9 40 
9 112 
9 6 
9 86 
9 1 
9 93 
9 158 
9 190 
9 163 
9 194 
9 99 
9 64 
9 70 
9 0 
9 171 
9 159 
9 161 
9 94 
9 45 
9 55 
9 52 
9 14 
9 27 
9 103 
9 48 
9 66 
9 75 
9 87 
9 151 
9 141 
9 62 
9 28 
9 199 
9 42 
9 203 
9 5 
9 184 
9 81 
9 166 
9 213 
9 176 
9 24 
9 123 
9 143 
9 109 
9 46 
9 202 
9 209 
9 191 
9 192 
9 97 
9 172 
9 102 
9 120 
9 130 
9 85 
9 98 
9 116 
9 154 
9 119 
9 59 
9 212 
9 58 
9 173 
9 47 
9 156 
9 57 
9 167 
9 155 
9 83 
9 74 
9 115 
9 135 
9 140 
9 165 
9 88 
9 68 
9 152 
9 16 
9 214 
9 100 
9 49 
9 65 
9 149 
9 80 
9 79 
9 12 
9 54 
9 198 
9 142 
9 174 
9 206 
9 7 
9 210 
9 138 
9 189 
9 82 
9 22 
9 56 
9 91 
9 108 
9 177 
9 20 
9 204 
9 43 
9 208 
9 17 
9 188 
9 114 
9 15 
10 103 
10 159 
10 0 
10 72 
10 150 
10 122 
10 77 
10 39 
10 171 
10 92 
10 109 
10 114 
10 185 
10 141 
10 194 
10 189 
10 182 
10 50 
10 156 
10 211 
10 63 
10 23 
10 188 
10 86 
10 106 
10 25 
10 35 
10 119 
10 12 
10 78 
10 49 
10 128 
10 90 
10 127 
10 32 
10 27 
10 204 
10 115 
10 146 
10 85 
10 176 
10 31 
10 24 
10 131 
10 196 
10 60 
10 183 
10 136 
10 147 
10 199 
10 186 
10 198 
10 213 
10 108 
10 84 
10 167 
10 2 
10 54 
10 145 
10 64 
10 130 
10 74 
10 99 
10 19 
10 140 
10 56 
10 149 
10 210 
10 30 
10 57 
10 139 
10 112 
10 53 
10 59 
10 76 
10 22 
10 154 
10 93 
10 144 
10 42 
10 118 
10 107 
10 173 
10 214 
10 179 
10 81 
10 11 
10 162 
10 201 
10 14 
10 152 
10 34 
10 88 
10 138 
10 197 
10 67 
10 6 
10 69 
10 209 
10 97 
10 26 
10 124 
10 40 
10 36 
10 172 
10 73 
10 200 
10 66 
10 80 
10 120 
10 192 
10 116 
10 191 
10 98 
10 20 
10 151 
10 91 
10 166 
10 4 
10 37 
10 190 
10 5 
10 193 
10 117 
10 132 
10 21 
10 137 
10 125 
10 17 
10 87 
10 1 
10 55 
10 175 
10 79 
10 58 
10 16 
10 51 
10 158 
10 94 
10 155 
10 41 
10 170 
10 135 
10 48 
10 203 
10 28 
10 47 
10 187 
10 215 
10 29 
10 123 
10 184 
10 102 
10 208 
10 168 
10 143 
10 8 
10 45 
10 44 
10 129 
10 105 
10 174 
10 65 
10 161 
10 70 
10 113 
10 75 
10 160 
10 206 
10 180 
10 202 
11 78 
11 163 
11 114 
11 106 
11 105 
11 60 
11 160 
11 188 
11 118 
11 156 
11 184 
11 42 
11 116 
11 33 
11 27 
11 13 
11 215 
11 59 
11 193 
11 14 
11 124 
11 56 
11 191 
11 108 
11 1 
11 86 
11 200 
11 204 
11 164 
11 36 
11 171 
11 209 
11 127 
11 146 
11 128 
11 41 
11 134 
11 17 
11 195 
11 100 
11 52 
11 74 
11 173 
11 201 
11 80 
11 147 
11 12 
11 57 
11 168 
11 53 
11 131 
11 75 
11 137 
11 23 
11 68 
11 206 
11 54 
11 123 
11 153 
11 212 
11 38 
11 192 
11 104 
11 109 
11 210 
11 96 
11 130 
11 196 
11 208 
11 93 
11 82 
11 202 
11 65 
11 143 
11 172 
11 50 
11 145 
11 142 
11 90 
11 148 
11 30 
11 135 
11 2 
11 181 
11 83 
11 98 
11 47 
11 62 
11 32 
11 185 
11 24 
11 29 
11 48 
11 154 
11 113 
11 162 
11 67 
11 197 
11 51 
11 182 
11 10 
11 125 
11 180 
11 169 
11 183 
11 174 
11 132 
11 26 
11 157 
11 72 
11 211 
11 63 
11 89 
11 6 
11 64 
11 117 
11 177 
11 170 
11 166 
11 103 
11 55 
11 25 
11 4 
11 120 
11 139 
11 91 
11 152 
11 87 
11 0 
11 101 
11 3 
11 18 
11 111 
11 126 
11 133 
11 97 
11 15 
11 7 
11 187 
11 150 
11 203 
11 161 
11 138 
11 179 
11 141 
11 8 
11 43 
11 45 
11 151 
11 205 
11 159 
11 92 
11 37 
11 22 
11 81 
11 71 
11 5 
11 34 
11 84 
11 88 
11 175 
11 149 
12 50 
12 155 
12 149 
12 53 
12 15 
12 144 
12 132 
12 88 
12 85 
12 97 
12 193 
12 190 
12 43 
12 31 
12 209 
12 128 
12 103 
12 101 
12 183 
12 212 
12 8 
12 192 
12 167 
12 121 
12 133 
12 58 
12 165 
12 116 
12 187 
12 213 
12 105 
12 123 
12 10 
12 137 
12 21 
12 113 
12 63 
12 158 
12 16 
12 153 
12 65 
12 25 
12 139 
12 11 
12 35 
12 168 
12 48 
12 110 
12 173 
12 191 
12 208 
12 214 
12 177 
12 83 
12 5 
12 26 
12 197 
12 91 
12 127 
12 14 
12 150 
12 184 
12 108 
12 160 
12 199 
12 210 
12 129 
12 6 
12 140 
12 67 
12 32 
12 74 
12 180 
12 44 
12 114 
12 215 
12 205 
12 96 
12 20 
12 36 
12 95 
12 164 
12 122 
12 162 
12 119 
12 73 
12 109 
12 46 
12 4 
12 51 
12 39 
12 56 
12 82 
12 118 
12 47 
12 34 
12 154 
12 23 
12 172 
12 29 
12 115 
12 27 
12 77 
12 81 
12 62 
12 42 
12 161 
12 89 
12 61 
12 138 
12 55 
12 124 
12 112 
12 207 
12 179 
12 59 
12 33 
12 102 
12 93 
12 171 
12 120 
12 40 
12 13 
12 57 
12 3 
12 136 
12 178 
12 141 
12 71 
12 104 
12 117 
12 41 
12 200 
12 9 
12 7 
12 69 
12 185 
12 196 
12 68 
12 72 
12 38 
12 87 
12 99 
12 92 
12 151 
12 76 
12 142 
12 24 
12 107 
12 111 
12 169 
12 80 
12 66 
12 170 
12 148 
12 166 
12 156 
12 125 
12 49 
12 17 
12 75 
12 134 
12 1 
12 201 
12 54 
13 172 
13 120 
13 153 
13 131 
13 4 
13 119 
13 24 
13 210 
13 215 
13 169 
13 99 
13 161 
13 145 
13 11 
13 31 
13 57 
13 49 
13 158 
13 21 
13 68 
13 0 
13 32 
13 30 
13 77 
13 94 
13 105 
13 18 
13 138 
13 56 
13 137 
13 81 
13 117 
13 41 
13 160 
13 84 
13 112 
13 114 
13 194 
13 73 
13 47 
13 60 
13 147 
13 61 
13 167 
13 191 
13 107 
13 87 
13 190 
13 183 
13 212 
13 19 
13 35 
13 70 
13 143 
13 1 
13 108 
13 104 
13 115 
13 146 
13 168 
13 148 
13 23 
13 182 
13 44 
13 213 
13 46 
13 193 
13 72 
13 89 
13 64 
13 214 
13 33 
13 129 
13 123 
13 95 
13 200 
13 188 
13 175 
13 125 
13 29 
13 142 
13 140 
13 53 
13 156 
13 45 
13 38 
13 206 
13 54 
13 62 
13 91 
13 50 
13 69 
13 171 
13 103 
13 136 
13 141 
13 118 
13 102 
13 155 
13 202 
13 109 
13 187 
13 203 
13 116 
13 106 
13 40 
13 55 
13 124 
13 181 
13 133 
13 186 
13 82 
13 189 
13 204 
13 20 
13 36 
13 195 
13 152 
13 12 
13 34 
13 25 
13 197 
13 86 
13 205 
13 122 
13 85 
13 170 
13 126 
13 159 
13 180 
13 17 
13 196 
13 96 
13 6 
13 5 
13 14 
13 199 
13 185 
13 7 
13 165 
13 127 
13 79 
13 198 
13 135 
13 149 
13 52 
13 134 
13 211 
13 163 
13 130 
13 177 
13 88 
13 43 
13 157 
13 139 
13 192 
13 93 
13 98 
13 166 
14 44 
14 136 
14 137 
14 161 
14 201 
14 146 
14 62 
14 186 
14 206 
14 158 
14 199 
14 90 
14 119 
14 152 
14 68 
14 11 
14 81 
14 57 
14 135 
14 2 
14 48 
14 22 
14 41 
14 187 
14 59 
14 157 
14 99 
14 76 
14 40 
14 197 
14 100 
14 141 
14 69 
14 121 
14 43 
14 75 
14 122 
14 38 
14 72 
14 74 
14 151 
14 87 
14 118 
14 211 
14 33 
14 153 
14 25 
14 51 
14 115 
14 134 
14 35 
14 80 
14 143 
14 185 
14 125 
14 26 
14 169 
14 31 
14 215 
14 145 
14 208 
14 91 
14 160 
14 164 
14 12 
14 192 
14 93 
14 213 
14 149 
14 181 
14 21 
14 180 
14 18 
14 196 
14 140 
14 66 
14 117 
14 78 
14 127 
14 147 
14 15 
14 120 
14 112 
14 89 
14 209 
14 86 
14 142 
14 9 
14 109 
14 3 
14 47 
14 129 
14 73 
14 106 
14 156 
14 193 
14 30 
14 56 
14 124 
14 207 
14 170 
14 174 
14 37 
14 103 
14 64 
14 27 
14 10 
14 67 
14 97 
14 50 
14 150 
14 42 
14 205 
14 88 
14 189 
14 28 
14 53 
14 54 
14 183 
14 6 
14 159 
14 79 
14 113 
14 191 
14 110 
14 16 
14 5 
14 71 
14 46 
14 123 
14 24 
14 212 
14 138 
14 163 
14 202 
14 177 
14 175 
14 4 
14 171 
14 49 
14 23 
14 82 
14 19 
14 179 
14 70 
14 36 
14 0 
14 8 
14 168 
14 85 
14 214 
14 194 
14 200 
14 13 
14 116 
14 131 
14 84 
14 45 
14 104 
14 167 
14 111 
14 210 
14 128 
14 132 
14 155 
14 126 
14 107 
14 105 
14 195 
14 188 
14 58 
14 61 
14 32 
14 176 
15 32 
15 71 
15 132 
15 40 
15 59 
15 22 
15 150 
15 12 
15 24 
15 27 
15 184 
15 160 
15 116 
15 137 
15 140 
15 1 
15 97 
15 68 
15 42 
15 3 
15 74 
15 76 
15 201 
15 69 
15 67 
15 213 
15 85 
15 124 
15 16 
15 103 
15 87 
15 174 
15 188 
15 151 
15 61 
15 51 
15 148 
15 121 
15 29 
15 19 
15 192 
15 64 
15 48 
15 125 
15 35 
15 80 
15 122 
15 146 
15 144 
15 195 
15 145 
15 133 
15 193 
15 143 
15 206 
15 63 
15 75 
15 129 
15 33 
15 138 
15 191 
15 52 
15 66 
15 100 
15 81 
15 203 
15 183 
15 91 
15 153 
15 161 
15 82 
15 200 
15 14 
15 101 
15 159 
15 211 
15 214 
15 39 
15 127 
15 152 
15 73 
15 57 
15 84 
15 102 
15 77 
15 141 
15 136 
15 212 
15 190 
15 17 
15 215 
15 167 
15 70 
15 175 
15 106 
15 169 
15 98 
15 130 
15 30 
15 154 
15 170 
15 78 
15 186 
15 99 
15 166 
15 28 
15 123 
15 205 
15 105 
15 120 
15 165 
15 62 
15 90 
15 26 
15 108 
15 45 
15 36 
15 178 
15 112 
15 58 
15 163 
15 104 
15 20 
15 181 
15 109 
15 158 
15 168 
15 182 
15 11 
15 208 
15 8 
15 196 
15 176 
15 177 
15 187 
15 65 
15 34 
15 179 
15 139 
15 4 
15 0 
15 210 
15 194 
15 44 
15 204 
15 202 
15 93 
15 189 
15 37 
15 43 
15 96 
15 7 
15 118 
15 86 
15 207 
15 25 
15 9 
15 173 
16 144 
16 134 
16 26 
16 36 
16 202 
16 121 
16 4 
16 189 
16 200 
16 214 
16 165 
16 135 
16 37 
16 5 
16 192 
16 78 
16 53 
16 56 
16 201 
16 43 
16 197 
16 206 
16 104 
16 15 
16 67 
16 152 
16 155 
16 65 
16 7 
16 194 
16 191 
16 54 
16 195 
16 156 
16 22 
16 102 
16 97 
16 77 
16 12 
16 30 
16 111 
16 79 
16 190 
16 94 
16 118 
16 0 
16 95 
16 46 
16 18 
16 58 
16 172 
16 20 
16 84 
16 21 
16 51 
16 106 
16 45 
16 93 
16 68 
16 183 
16 49 
16 166 
16 131 
16 207 
16 186 
16 164 
16 28 
16 182 
16 175 
16 160 
16 66 
16 40 
16 130 
16 150 
16 154 
16 55 
16 60 
16 29 
16 133 
16 176 
16 31 
16 109 
16 90 
16 173 
16 3 
16 74 
16 81 
16 151 
16 92 
16 70 
16 47 
16 139 
16 19 
16 103 
16 42 
16 91 
16 170 
16 117 
16 184 
16 25 
16 162 
16 14 
16 50 
16 181 
16 169 
16 213 
16 113 
16 48 
16 99 
16 115 
16 105 
16 6 
16 119 
16 180 
16 80 
16 10 
16 142 
16 9 
16 136 
16 83 
16 125 
16 27 
16 116 
16 123 
16 167 
16 52 
16 39 
16 86 
16 64 
16 38 
16 122 
16 215 
16 82 
16 17 
16 177 
16 62 
16 149 
16 157 
16 89 
16 161 
16 145 
16 35 
16 163 
16 112 
16 212 
16 34 
16 193 
16 171 
16 120 
16 72 
16 44 
16 1 
16 148 
16 132 
16 76 
17 180 
17 118 
17 176 
17 109 
17 170 
17 91 
17 167 
17 63 
17 162 
17 207 
17 123 
17 203 
17 147 
17 3 
17 101 
17 28 
17 6 
17 58 
17 190 
17 24 
17 39 
17 11 
17 94 
17 78 
17 188 
17 47 
17 144 
17 161 
17 86 
17 2 
17 80 
17 115 
17 183 
17 178 
17 49 
17 152 
17 194 
17 38 
17 54 
17 30 
17 98 
17 104 
17 166 
17 151 
17 175 
17 112 
17 88 
17 193 
17 137 
17 129 
17 132 
17 214 
17 192 
17 125 
17 87 
17 143 
17 205 
17 196 
17 71 
17 159 
17 208 
17 108 
17 110 
17 25 
17 0 
17 210 
17 198 
17 133 
17 90 
17 74 
17 31 
17 97 
17 15 
17 23 
17 120 
17 33 
17 146 
17 100 
17 106 
17 184 
17 145 
17 199 
17 73 
17 32 
17 20 
17 150 
17 215 
17 64 
17 105 
17 55 
17 46 
17 56 
17 26 
17 142 
17 8 
17 153 
17 41 
17 61 
17 29 
17 155 
17 35 
17 212 
17 201 
17 7 
17 107 
17 172 
17 76 
17 65 
17 131 
17 117 
17 102 
17 134 
17 1 
17 141 
17 10 
17 126 
17 165 
17 51 
17 40 
17 204 
17 92 
17 185 
17 213 
17 99 
17 60 
17 187 
17 34 
17 93 
17 82 
17 174 
17 148 
17 13 
17 89 
17 127 
17 16 
17 19 
17 116 
17 111 
17 57 
17 189 
17 52 
17 156 
17 209 
17 85 
17 96 
17 22 
17 139 
17 48 
17 12 
17 9 
17 191 
17 70 
17 121 
17 68 
17 177 
17 67 
18 35 
18 43 
18 168 
18 89 
18 120 
18 111 
18 181 
18 166 
18 185 
18 214 
18 1 
18 5 
18 96 
18 113 
18 9 
18 29 
18 94 
18 79 
18 27 
18 193 
18 66 
18 13 
18 122 
18 179 
18 49 
18 82 
18 24 
18 100 
18 42 
18 53 
18 174 
18 126 
18 104 
18 155 
18 147 
18 162 
18 103 
18 200 
18 151 
18 145 
18 16 
18 158 
18 41 
18 63 
18 77 
18 95 
18 7 
18 163 
18 19 
18 178 
18 191 
18 98 
18 215 
18 58 
18 75 
18 136 
18 71 
18 14 
18 186 
18 184 
18 201 
18 137 
18 143 
18 118 
18 189 
18 194 
18 128 
18 183 
18 38 
18 192 
18 45 
18 81 
18 121 
18 93 
18 61 
18 59 
18 198 
18 169 
18 208 
18 99 
18 68 
18 54 
18 139 
18 55 
18 172 
18 180 
18 134 
18 25 
18 152 
18 154 
18 132 
18 206 
18 74 
18 211 
18 80 
18 127 
18 148 
18 56 
18 32 
18 91 
18 140 
18 0 
18 90 
18 165 
18 212 
18 36 
18 144 
18 105 
18 102 
18 188 
18 115 
18 97 
18 69 
18 207 
18 173 
18 176 
18 131 
18 78 
18 141 
18 2 
18 175 
18 34 
18 40 
18 195 
18 167 
18 6 
18 33 
18 88 
18 20 
18 196 
18 11 
18 92 
18 170 
18 108 
18 156 
18 130 
18 161 
18 67 
18 150 
18 65 
18 123 
18 116 
18 199 
18 28 
18 83 
18 129 
18 205 
18 46 
18 157 
18 73 
18 187 
18 133 
18 26 
18 86 
18 57 
18 203 
18 125 
18 110 
18 44 
18 171 
18 107 
18 160 
18 159 
18 146 
18 3 
19 196 
19 53 
19 199 
19 150 
19 3 
19 125 
19 211 
19 89 
19 108 
19 88 
19 28 
19 62 
19 30 
19 29 
19 168 
19 160 
19 153 
19 155 
19 214 
19 66 
19 172 
19 157 
19 182 
19 166 
19 130 
19 9 
19 75 
19 148 
19 134 
19 36 
19 41 
19 154 
19 127 
19 67 
19 137 
19 15 
19 47 
19 104 
19 215 
19 186 
19 142 
19 117 
19 96 
19 13 
19 101 
19 27 
19 188 
19 8 
19 146 
19 181 
19 86 
19 115 
19 68 
19 77 
19 205 
19 57 
19 91 
19 6 
19 93 
19 49 
19 22 
19 18 
19 187 
19 158 
19 20 
19 24 
19 200 
19 54 
19 179 
19 31 
19 52 
19 23 
19 112 
19 45 
19 21 
19 99 
19 176 
19 169 
19 60 
19 38 
19 110 
19 65 
19 10 
19 82 
19 126 
19 197 
19 98 
19 189 
19 171 
19 141 
19 138 
19 51 
19 183 
19 44 
19 26 
19 198 
19 43 
19 206 
19 87 
19 162 
19 16 
19 210 
19 103 
19 32 
19 69 
19 48 
19 2 
19 131 
19 139 
19 170 
19 109 
19 193 
19 37 
19 184 
19 94 
19 180 
19 209 
19 92 
19 50 
19 64 
19 4 
19 39 
19 0 
19 194 
19 173 
19 159 
19 185 
19 163 
19 58 
19 167 
19 106 
19 140 
19 5 
19 61 
19 70 
19 84 
19 116 
19 14 
19 202 
19 59 
19 147 
19 100 
19 25 
19 78 
19 208 
19 56 
19 203 
19 123 
19 97 
19 143 
19 17 
19 76 
19 72 
19 152 
19 133 
19 177 
19 151 
19 129 
19 71 
19 113 
19 156 
19 164 
19 118 
19 42 
19 207 
19 107 
19 40 
19 145 
19 175 
20 167 
20 171 
20 31 
20 0 
20 175 
20 32 
20 22 
20 198 
20 26 
20 65 
20 202 
20 181 
20 111 
20 47 
20 187 
20 114 
20 33 
20 207 
20 127 
20 194 
20 122 
20 105 
20 41 
20 152 
20 28 
20 53 
20 107 
20 81 
20 195 
20 197 
20 191 
20 189 
20 36 
20 192 
20 55 
20 21 
20 215 
20 57 
20 178 
20 72 
20 82 
20 135 
20 145 
20 161 
20 16 
20 142 
20 162 
20 3 
20 5 
20 19 
20 51 
20 179 
20 206 
20 144 
20 23 
20 154 
20 177 
20 128 
20 159 
20 12 
20 168 
20 74 
20 78 
20 108 
20 160 
20 213 
20 208 
20 76 
20 66 
20 143 
20 147 
20 112 
20 205 
20 17 
20 7 
20 203 
20 87 
20 88 
20 79 
20 138 
20 150 
20 212 
20 59 
20 8 
20 115 
20 85 
20 58 
20 1 
20 2 
20 174 
20 35 
20 62 
20 131 
20 155 
20 10 
20 120 
20 123 
20 49 
20 34 
20 118 
20 29 
20 188 
20 13 
20 170 
20 148 
20 70 
20 139 
20 80 
20 61 
20 121 
20 15 
20 84 
20 182 
20 4 
20 146 
20 73 
20 132 
20 30 
20 136 
20 18 
20 54 
20 104 
20 183 
20 113 
20 184 
20 169 
20 68 
20 210 
20 190 
20 93 
20 164 
20 46 
20 176 
20 117 
20 158 
20 6 
20 153 
20 200 
20 106 
20 130 
20 50 
20 201 
20 40 
20 129 
20 56 
20 166 
20 204 
20 100 
20 9 
20 96 
20 77 
20 101 
20 52 
20 42 
20 94 
20 116 
20 45 
20 186 
20 119 
21 119 
21 102 
21 84 
21 202 
21 62 
21 25 
21 172 
21 91 
21 156 
21 198 
21 82 
21 116 
21 7 
21 34 
21 103 
21 27 
21 205 
21 13 
21 65 
21 105 
21 191 
21 94 
21 1 
21 120 
21 197 
21 112 
21 86 
21 76 
21 2 
21 212 
21 182 
21 87 
21 12 
21 40 
21 20 
21 139 
21 9 
21 75 
21 99 
21 149 
21 130 
21 111 
21 70 
21 58 
21 174 
21 127 
21 64 
21 168 
21 16 
21 80 
21 110 
21 196 
21 201 
21 83 
21 56 
21 193 
21 60 
21 33 
21 24 
21 37 
21 14 
21 153 
21 185 
21 19 
21 109 
21 108 
21 121 
21 214 
21 95 
21 36 
21 213 
21 98 
21 177 
21 124 
21 151 
21 122 
21 203 
21 128 
21 134 
21 77 
21 89 
21 8 
21 138 
21 26 
21 164 
21 52 
21 41 
21 173 
21 78 
21 31 
21 114 
21 186 
21 176 
21 43 
21 140 
21 187 
21 63 
21 0 
21 49 
21 101 
21 47 
21 30 
21 194 
21 143 
21 115 
21 113 
21 22 
21 136 
21 48 
21 162 
21 23 
21 137 
21 117 
21 147 
21 189 
21 39 
21 209 
21 92 
21 179 
21 10 
21 200 
21 146 
21 184 
21 145 
21 38 
21 154 
21 207 
21 163 
21 131 
21 90 
21 215 
21 157 
21 141 
21 167 
21 50 
21 54 
21 28 
21 204 
21 152 
21 81 
21 46 
21 51 
21 72 
21 181 
21 171 
21 79 
21 135 
21 190 
21 6 
21 44 
21 175 
21 71 
21 195 
21 183 
21 126 
21 133 
21 142 
21 158 
21 208 
21 144 
21 100 
21 32 
22 67 
22 1 
22 66 
22 189 
22 112 
22 15 
22 20 
22 38 
22 80 
22 61 
22 125 
22 167 
22 95 
22 30 
22 106 
22 65 
22 151 
22 69 
22 203 
22 195 
22 14 
22 53 
22 118 
22 8 
22 150 
22 198 
22 64 
22 211 
22 124 
22 52 
22 28 
22 178 
22 16 
22 92 
22 89 
22 109 
22 62 
22 171 
22 48 
22 128 
22 96 
22 47 
22 123 
22 55 
22 197 
22 199 
22 121 
22 134 
22 181 
22 172 
22 161 
22 33 
22 44 
22 179 
22 34 
22 90 
22 49 
22 127 
22 76 
22 19 
22 131 
22 180 
22 185 
22 6 
22 183 
22 159 
22 39 
22 32 
22 160 
22 138 
22 215 
22 105 
22 201 
22 88 
22 165 
22 43 
22 196 
22 117 
22 91 
22 213 
22 23 
22 206 
22 84 
22 190 
22 202 
22 26 
22 111 
22 10 
22 42 
22 40 
22 155 
22 103 
22 54 
22 87 
22 137 
22 214 
22 141 
22 78 
22 58 
22 153 
22 200 
22 71 
22 94 
22 126 
22 56 
22 142 
22 184 
22 75 
22 104 
22 85 
22 24 
22 140 
22 21 
22 51 
22 173 
22 154 
22 146 
22 192 
22 113 
22 114 
22 29 
22 2 
22 107 
22 83 
22 45 
22 208 
22 81 
22 193 
22 7 
22 191 
22 82 
22 133 
22 46 
22 166 
22 145 
22 187 
22 35 
22 98 
22 74 
22 163 
22 149 
22 170 
22 162 
22 50 
22 25 
22 79 
22 72 
22 132 
22 3 
22 156 
22 9 
22 11 
22 136 
22 4 
22 17 
22 194 
22 139 
22 27 
23 110 
23 128 
23 212 
23 66 
23 131 
23 179 
23 9 
23 63 
23 194 
23 38 
23 215 
23 52 
23 151 
23 44 
23 210 
23 185 
23 34 
23 169 
23 173 
23 91 
23 109 
23 103 
23 6 
23 143 
23 98 
23 158 
23 200 
23 142 
23 10 
23 81 
23 209 
23 71 
23 132 
23 73 
23 43 
23 127 
23 85 
23 119 
23 55 
23 168 
23 197 
23 72 
23 1 
23 125 
23 188 
23 4 
23 201 
23 95 
23 11 
23 83 
23 13 
23 65 
23 76 
23 166 
23 56 
23 139 
23 182 
23 57 
23 40 
23 115 
23 86 
23 32 
23 102 
23 19 
23 20 
23 155 
23 153 
23 208 
23 121 
23 70 
23 129 
23 33 
23 187 
23 7 
23 120 
23 36 
23 198 
23 45 
23 22 
23 35 
23 204 
23 214 
23 54 
23 80 
23 31 
23 147 
23 27 
23 213 
23 113 
23 88 
23 101 
23 160 
23 148 
23 175 
23 49 
23 152 
23 133 
23 161 
23 17 
23 51 
23 137 
23 41 
23 112 
23 203 
23 69 
23 192 
23 0 
23 165 
23 118 
23 68 
23 189 
23 12 
23 46 
23 105 
23 97 
23 199 
23 77 
23 205 
23 154 
23 144 
23 92 
23 104 
23 84 
23 138 
23 79 
23 28 
23 21 
23 172 
23 78 
23 64 
23 177 
23 123 
23 117 
23 211 
23 136 
23 190 
23 30 
23 89 
23 191 
23 39 
23 29 
23 62 
23 42 
23 74 
23 124 
23 14 
23 184 
23 141 
23 181 
23 50 
23 26 
23 107 
23 146 
23 8 
23 145 
23 111 
23 90 
23 53 
23 126 
23 196 
23 48 
23 207 
23 114 
23 195 
23 134 
23 167 
23 108 
23 24 
23 130 
23 174 
23 162 
23 59 
23 163 
24 199 
24 1 
24 154 
24 79 
24 63 
24 125 
24 15 
24 131 
24 186 
24 13 
24 188 
24 95 
24 177 
24 65 
24 109 
24 158 
24 119 
24 144 
24 29 
24 59 
24 132 
24 98 
24 33 
24 116 
24 17 
24 168 
24 28 
24 64 
24 207 
24 18 
24 176 
24 164 
24 114 
24 120 
24 68 
24 157 
24 174 
24 99 
24 140 
24 60 
24 189 
24 110 
24 31 
24 187 
24 198 
24 10 
24 89 
24 19 
24 102 
24 202 
24 67 
24 93 
24 128 
24 171 
24 147 
24 172 
24 21 
24 101 
24 159 
24 122 
24 7 
24 77 
24 72 
24 46 
24 213 
24 42 
24 206 
24 37 
24 58 
24 106 
24 56 
24 118 
24 112 
24 8 
24 71 
24 166 
24 11 
24 111 
24 40 
24 39 
24 162 
24 80 
24 107 
24 108 
24 181 
24 82 
24 136 
24 208 
24 180 
24 121 
24 137 
24 193 
24 62 
24 9 
24 150 
24 4 
24 26 
24 117 
24 200 
24 196 
24 146 
24 143 
24 30 
24 22 
24 210 
24 204 
24 203 
24 5 
24 148 
24 185 
24 100 
24 14 
24 2 
24 48 
24 6 
24 81 
24 183 
24 169 
24 133 
24 182 
24 190 
24 83 
24 123 
24 25 
24 27 
24 194 
24 170 
24 129 
24 78 
24 88 
24 55 
24 51 
24 35 
24 115 
24 126 
24 178 
24 156 
24 12 
24 173 
24 103 
24 34 
24 36 
24 41 
24 192 
24 205 
24 113 
24 191 
24 94 
24 135 
24 92 
24 32 
24 179 
24 70 
24 23 
24 151 
24 50 
24 145 
24 84 
24 130 
24 61 
24 161 
24 201 
24 47 
25 207 
25 191 
25 40 
25 149 
25 199 
25 150 
25 85 
25 118 
25 210 
25 21 
25 117 
25 154 
25 80 
25 192 
25 179 
25 59 
25 94 
25 139 
25 83 
25 36 
25 208 
25 185 
25 133 
25 52 
25 58 
25 5 
25 70 
25 165 
25 90 
25 61 
25 123 
25 105 
25 183 
25 103 
25 189 
25 9 
25 62 
25 141 
25 10 
25 92 
25 54 
25 86 
25 125 
25 12 
25 172 
25 72 
25 2 
25 14 
25 65 
25 201 
25 84 
25 111 
25 35 
25 28 
25 38 
25 128 
25 51 
25 195 
25 42 
25 41 
25 155 
25 163 
25 136 
25 196 
25 100 
25 166 
25 127 
25 203 
25 144 
25 33 
25 188 
25 96 
25 173 
25 73 
25 31 
25 8 
25 114 
25 30 
25 145 
25 17 
25 95 
25 213 
25 56 
25 4 
25 99 
25 171 
25 108 
25 7 
25 71 
25 49 
25 87 
25 78 
25 164 
25 112 
25 215 
25 77 
25 181 
25 18 
25 138 
25 184 
25 97 
25 93 
25 177 
25 47 
25 193 
25 131 
25 101 
25 50 
25 107 
25 209 
25 142 
25 205 
25 89 
25 158 
25 178 
25 16 
25 66 
25 79 
25 120 
25 102 
25 135 
25 124 
25 159 
25 157 
25 29 
25 146 
25 162 
25 82 
25 198 
25 176 
25 11 
25 13 
25 170 
25 206 
25 48 
25 143 
25 45 
25 160 
25 24 
25 34 
25 113 
25 167 
25 110 
25 19 
25 104 
25 130 
25 190 
25 129 
25 57 
25 81 
25 37 
25 121 
25 187 
25 109 
25 22 
25 175 
25 91 
25 67 
25 152 
25 161 
25 126 
25 46 
25 140 
25 115 
25 63 
25 26 
25 15 
25 88 
25 32 
26 31 
26 81 
26 109 
26 71 
26 202 
26 108 
26 16 
26 66 
26 128 
26 173 
26 94 
26 20 
26 104 
26 178 
26 182 
26 198 
26 84 
26 189 
26 90 
26 29 
26 213 
26 181 
26 76 
26 133 
26 207 
26 0 
26 154 
26 201 
26 53 
26 113 
26 124 
26 62 
26 180 
26 164 
26 161 
26 55 
26 118 
26 159 
26 102 
26 172 
26 2 
26 99 
26 51 
26 38 
26 210 
26 209 
26 14 
26 46 
26 169 
26 83 
26 12 
26 39 
26 163 
26 191 
26 3 
26 184 
26 205 
26 148 
26 85 
26 59 
26 208 
26 139 
26 117 
26 166 
26 136 
26 143 
26 149 
26 185 
26 167 
26 43 
26 190 
26 186 
26 40 
26 50 
26 27 
26 212 
26 179 
26 79 
26 192 
26 48 
26 22 
26 107 
26 155 
26 134 
26 151 
26 64 
26 111 
26 21 
26 97 
26 41 
26 87 
26 140 
26 106 
26 58 
26 45 
26 165 
26 98 
26 206 
26 157 
26 19 
26 142 
26 17 
26 152 
26 10 
26 176 
26 11 
26 162 
26 24 
26 144 
26 86 
26 132 
26 73 
26 158 
26 30 
26 36 
26 183 
26 187 
26 7 
26 89 
26 15 
26 63 
26 61 
26 96 
26 177 
26 194 
26 1 
26 65 
26 193 
26 119 
26 80 
26 125 
26 211 
26 199 
26 175 
26 123 
26 52 
26 23 
26 160 
26 60 
26 91 
26 126 
26 88 
26 171 
26 54 
26 77 
26 188 
26 200 
26 203 
26 204 
26 37 
26 44 
26 130 
26 82 
26 121 
26 103 
26 5 
26 18 
26 156 
26 153 
26 74 
26 72 
26 8 
26 25 
26 168 
27 197 
27 104 
27 123 
27 170 
27 131 
27 150 
27 207 
27 15 
27 155 
27 11 
27 183 
27 93 
27 125 
27 85 
27 186 
27 21 
27 139 
27 188 
27 58 
27 156 
27 80 
27 162 
27 5 
27 51 
27 209 
27 159 
27 18 
27 147 
27 204 
27 60 
27 59 
27 89 
27 61 
27 189 
27 91 
27 55 
27 202 
27 40 
27 98 
27 151 
27 205 
27 2 
27 10 
27 32 
27 173 
27 19 
27 33 
27 77 
27 36 
27 201 
27 199 
27 112 
27 152 
27 99 
27 158 
27 172 
27 190 
27 135 
27 66 
27 47 
27 215 
27 111 
27 31 
27 4 
27 94 
27 34 
27 8 
27 126 
27 106 
27 179 
27 57 
27 107 
27 41 
27 26 
27 121 
27 9 
27 185 
27 23 
27 79 
27 195 
27 102 
27 124 
27 171 
27 174 
27 87 
27 86 
27 46 
27 1 
27 211 
27 127 
27 116 
27 187 
27 144 
27 165 
27 137 
27 76 
27 14 
27 166 
27 92 
27 97 
27 118 
27 12 
27 161 
27 122 
27 38 
27 96 
27 169 
27 167 
27 176 
27 52 
27 28 
27 214 
27 191 
27 157 
27 48 
27 90 
27 208 
27 3 
27 115 
27 108 
27 64 
27 210 
27 0 
27 128 
27 24 
27 16 
27 70 
27 101 
27 148 
27 154 
27 196 
27 7 
27 39 
27 54 
27 100 
27 182 
27 146 
27 63 
27 212 
27 203 
27 153 
27 29 
27 69 
27 88 
27 184 
27 206 
27 117 
27 141 
27 49 
27 44 
27 75 
27 193 
27 198 
27 140 
27 84 
27 22 
28 193 
28 148 
28 76 
28 31 
28 55 
28 19 
28 41 
28 143 
28 153 
28 105 
28 168 
28 32 
28 117 
28 198 
28 44 
28 190 
28 189 
28 140 
28 183 
28 73 
28 17 
28 133 
28 24 
28 195 
28 22 
28 20 
28 74 
28 160 
28 125 
28 144 
28 93 
28 61 
28 149 
28 215 
28 196 
28 121 
28 135 
28 107 
28 80 
28 204 
28 99 
28 39 
28 151 
28 200 
28 211 
28 47 
28 142 
28 34 
28 128 
28 188 
28 25 
28 113 
28 95 
28 66 
28 6 
28 209 
28 127 
28 45 
28 36 
28 58 
28 50 
28 111 
28 171 
28 98 
28 154 
28 137 
28 208 
28 186 
28 184 
28 3 
28 131 
28 81 
28 141 
28 16 
28 187 
28 155 
28 0 
28 88 
28 214 
28 90 
28 72 
28 63 
28 212 
28 115 
28 156 
28 77 
28 53 
28 164 
28 114 
28 82 
28 134 
28 9 
28 70 
28 101 
28 79 
28 213 
28 56 
28 1 
28 165 
28 2 
28 68 
28 38 
28 48 
28 85 
28 40 
28 146 
28 59 
28 5 
28 60 
28 15 
28 62 
28 202 
28 161 
28 14 
28 75 
28 91 
28 97 
28 100 
28 210 
28 27 
28 23 
28 96 
28 201 
28 52 
28 192 
28 191 
28 89 
28 177 
28 136 
28 185 
28 172 
28 4 
28 84 
28 145 
28 203 
28 69 
28 106 
28 159 
28 166 
28 29 
28 10 
28 37 
28 54 
28 139 
28 35 
28 8 
28 162 
28 21 
28 122 
28 110 
28 18 
28 49 
28 167 
28 64 
28 43 
28 42 
28 152 
28 67 
28 86 
28 179 
28 147 
28 132 
28 138 
28 181 
28 194 
29 198 
29 169 
29 161 
29 33 
29 134 
29 87 
29 147 
29 168 
29 42 
29 81 
29 191 
29 130 
29 19 
29 64 
29 84 
29 141 
29 97 
29 182 
29 166 
29 26 
29 158 
29 59 
29 24 
29 200 
29 137 
29 122 
29 18 
29 152 
29 94 
29 66 
29 36 
29 105 
29 160 
29 187 
29 173 
29 35 
29 56 
29 15 
29 120 
29 175 
29 69 
29 89 
29 116 
29 140 
29 206 
29 150 
29 8 
29 149 
29 1 
29 196 
29 144 
29 73 
29 108 
29 180 
29 115 
29 184 
29 153 
29 111 
29 165 
29 4 
29 65 
29 30 
29 125 
29 209 
29 121 
29 71 
29 114 
29 155 
29 123 
29 88 
29 126 
29 44 
29 96 
29 138 
29 98 
29 101 
29 63 
29 49 
29 170 
29 45 
29 60 
29 118 
29 179 
29 203 
29 11 
29 13 
29 77 
29 16 
29 85 
29 43 
29 52 
29 167 
29 202 
29 53 
29 189 
29 109 
29 7 
29 142 
29 48 
29 70 
29 2 
29 62 
29 162 
29 12 
29 186 
29 61 
29 119 
29 107 
29 201 
29 204 
29 0 
29 74 
29 171 
29 6 
29 117 
29 17 
29 148 
29 78 
29 146 
29 188 
29 46 
29 90 
29 25 
29 22 
29 20 
29 83 
29 154 
29 164 
29 136 
29 183 
29 127 
29 156 
29 76 
29 23 
29 92 
29 104 
29 193 
29 151 
29 210 
29 93 
29 143 
29 176 
29 28 
29 41 
29 129 
29 172 
29 40 
29 10 
29 135 
29 86 
29 100 
29 132 
29 55 
29 80 
29 67 
29 27 
29 91 
29 211 
29 31 
29 181 
29 208 
29 72 
29 110 
29 58 
29 3 
29 215 
29 57 
29 39 
29 54 
29 174 
29 139 
29 32 
29 185 
30 107 
30 182 
30 65 
30 154 
30 59 
30 170 
30 168 
30 79 
30 189 
30 136 
30 47 
30 89 
30 19 
30 97 
30 44 
30 200 
30 92 
30 197 
30 202 
30 102 
30 158 
30 22 
30 188 
30 42 
30 174 
30 160 
30 13 
30 6 
30 60 
30 162 
30 109 
30 105 
30 118 
30 139 
30 181 
30 143 
30 194 
30 176 
30 49 
30 1 
30 16 
30 62 
30 71 
30 61 
30 86 
30 214 
30 48 
30 73 
30 125 
30 177 
30 133 
30 211 
30 135 
30 198 
30 85 
30 70 
30 29 
30 17 
30 215 
30 207 
30 11 
30 173 
30 35 
30 147 
30 122 
30 201 
30 98 
30 55 
30 82 
30 53 
30 108 
30 25 
30 58 
30 100 
30 213 
30 166 
30 0 
30 93 
30 14 
30 10 
30 129 
30 195 
30 56 
30 157 
30 169 
30 83 
30 96 
30 81 
30 54 
30 15 
30 117 
30 196 
30 45 
30 21 
30 164 
30 204 
30 165 
30 212 
30 34 
30 116 
30 127 
30 145 
30 26 
30 24 
30 72 
30 40 
30 124 
30 38 
30 210 
30 142 
30 155 
30 51 
30 88 
30 99 
30 187 
30 23 
30 95 
30 156 
30 2 
30 113 
30 20 
30 171 
30 8 
30 33 
30 206 
30 148 
30 115 
30 152 
30 36 
30 159 
30 167 
30 199 
30 178 
30 130 
30 121 
30 77 
30 4 
30 104 
30 146 
30 134 
30 191 
30 193 
30 5 
30 68 
30 94 
30 106 
30 175 
30 163 
30 190 
30 186 
30 84 
30 90 
30 63 
30 123 
30 3 
30 91 
30 32 
30 87 
31 187 
31 26 
31 6 
31 106 
31 89 
31 204 
31 215 
31 20 
31 142 
31 28 
31 57 
31 37 
31 96 
31 148 
31 13 
31 176 
31 155 
31 88 
31 83 
31 12 
31 35 
31 116 
31 108 
31 65 
31 152 
31 205 
31 190 
31 182 
31 64 
31 38 
31 128 
31 5 
31 87 
31 147 
31 149 
31 136 
31 191 
31 104 
31 84 
31 75 
31 174 
31 124 
31 24 
31 10 
31 14 
31 97 
31 48 
31 203 
31 55 
31 194 
31 19 
31 101 
31 73 
31 202 
31 27 
31 79 
31 77 
31 114 
31 201 
31 134 
31 188 
31 159 
31 25 
31 90 
31 210 
31 23 
31 2 
31 138 
31 206 
31 196 
31 123 
31 178 
31 167 
31 17 
31 16 
31 150 
31 3 
31 66 
31 34 
31 126 
31 62 
31 158 
31 160 
31 103 
31 209 
31 21 
31 172 
31 164 
31 47 
31 195 
31 74 
31 68 
31 8 
31 135 
31 145 
31 53 
31 214 
31 165 
31 41 
31 129 
31 177 
31 76 
31 144 
31 56 
31 85 
31 110 
31 211 
31 183 
31 36 
31 193 
31 92 
31 1 
31 184 
31 127 
31 140 
31 166 
31 61 
31 94 
31 192 
31 102 
31 33 
31 80 
31 146 
31 50 
31 0 
31 39 
31 98 
31 199 
31 107 
31 7 
31 112 
31 91 
31 185 
31 100 
31 78 
31 115 
31 111 
31 170 
31 200 
31 137 
31 4 
31 51 
31 29 
31 198 
31 132 
31 99 
31 197 
31 63 
31 70 
31 59 
31 141 
31 117 
31 93 
31 40 
32 15 
32 165 
32 198 
32 8 
32 20 
32 58 
32 136 
32 61 
32 69 
32 43 
32 164 
32 63 
32 28 
32 33 
32 40 
32 88 
32 41 
32 13 
32 180 
32 36 
32 130 
32 64 
32 78 
32 71 
32 52 
32 208 
32 174 
32 209 
32 205 
32 89 
32 146 
32 160 
32 213 
32 152 
32 84 
32 83 
32 10 
32 27 
32 49 
32 158 
32 117 
32 189 
32 108 
32 91 
32 120 
32 177 
32 119 
32 195 
32 70 
32 157 
32 176 
32 23 
32 194 
32 179 
32 151 
32 129 
32 148 
32 118 
32 22 
32 80 
32 38 
32 62 
32 12 
32 45 
32 1 
32 107 
32 125 
32 181 
32 178 
32 203 
32 98 
32 104 
32 173 
32 94 
32 11 
32 86 
32 127 
32 167 
32 93 
32 184 
32 57 
32 132 
32 51 
32 183 
32 155 
32 185 
32 188 
32 114 
32 17 
32 154 
32 196 
32 96 
32 77 
32 182 
32 211 
32 48 
32 161 
32 34 
32 141 
32 90 
32 59 
32 7 
32 187 
32 193 
32 102 
32 18 
32 19 
32 47 
32 150 
32 54 
32 87 
32 163 
32 53 
32 95 
32 153 
32 200 
32 6 
32 168 
32 76 
32 112 
32 35 
32 4 
32 190 
32 186 
32 97 
32 147 
32 137 
32 135 
32 134 
32 115 
32 192 
32 149 
32 5 
32 55 
32 81 
32 126 
32 103 
32 144 
32 202 
32 191 
32 68 
32 111 
32 105 
32 133 
32 113 
32 46 
32 85 
32 170 
32 207 
32 65 
32 92 
32 122 
32 24 
32 106 
32 139 
32 169 
32 29 
32 21 
32 25 
32 14 
32 30 
32 171 
33 47 
33 119 
33 116 
33 29 
33 182 
33 166 
33 214 
33 178 
33 152 
33 188 
33 11 
33 34 
33 206 
33 32 
33 37 
33 156 
33 118 
33 136 
33 111 
33 20 
33 167 
33 196 
33 58 
33 24 
33 45 
33 197 
33 204 
33 101 
33 140 
33 107 
33 61 
33 88 
33 98 
33 142 
33 9 
33 124 
33 170 
33 180 
33 130 
33 135 
33 90 
33 174 
33 14 
33 183 
33 27 
33 22 
33 202 
33 44 
33 54 
33 164 
33 15 
33 122 
33 120 
33 117 
33 121 
33 110 
33 21 
33 72 
33 43 
33 46 
33 57 
33 0 
33 71 
33 115 
33 13 
33 108 
33 175 
33 23 
33 89 
33 193 
33 25 
33 63 
33 53 
33 2 
33 160 
33 203 
33 82 
33 148 
33 106 
33 184 
33 99 
33 69 
33 141 
33 92 
33 102 
33 17 
33 134 
33 42 
33 145 
33 60 
33 50 
33 64 
33 52 
33 143 
33 181 
33 169 
33 190 
33 62 
33 155 
33 133 
33 131 
33 157 
33 36 
33 1 
33 192 
33 163 
33 79 
33 95 
33 172 
33 85 
33 12 
33 195 
33 86 
33 87 
33 40 
33 91 
33 147 
33 94 
33 18 
33 39 
33 215 
33 194 
33 30 
33 31 
33 78 
33 165 
33 151 
33 129 
33 83 
33 132 
33 55 
33 56 
33 200 
33 66 
33 114 
33 168 
33 96 
33 51 
33 68 
33 210 
33 179 
33 158 
33 144 
33 208 
33 105 
33 123 
33 138 
33 77 
33 153 
33 100 
33 35 
33 205 
33 207 
33 41 
33 154 
34 160 
34 139 
34 114 
34 154 
34 210 
34 56 
34 164 
34 168 
34 123 
34 73 
34 186 
34 63 
34 204 
34 33 
34 203 
34 128 
34 21 
34 119 
34 59 
34 57 
34 23 
34 142 
34 69 
34 44 
34 72 
34 181 
34 103 
34 118 
34 193 
34 58 
34 192 
34 166 
34 159 
34 167 
34 115 
34 176 
34 0 
34 150 
34 163 
34 122 
34 45 
34 87 
34 36 
34 110 
34 158 
34 214 
34 187 
34 202 
34 177 
34 8 
34 140 
34 106 
34 205 
34 196 
34 35 
34 22 
34 213 
34 28 
34 131 
34 120 
34 107 
34 97 
34 207 
34 174 
34 116 
34 90 
34 113 
34 179 
34 71 
34 147 
34 121 
34 77 
34 81 
34 27 
34 109 
34 85 
34 148 
34 83 
34 185 
34 169 
34 182 
34 86 
34 161 
34 37 
34 145 
34 199 
34 112 
34 172 
34 74 
34 126 
34 61 
34 31 
34 47 
34 82 
34 165 
34 12 
34 10 
34 102 
34 32 
34 104 
34 215 
34 30 
34 66 
34 190 
34 4 
34 70 
34 162 
34 209 
34 152 
34 178 
34 197 
34 173 
34 20 
34 7 
34 43 
34 78 
34 13 
34 18 
34 132 
34 146 
34 67 
34 76 
34 188 
34 95 
34 155 
34 60 
34 68 
34 17 
34 25 
34 170 
34 93 
34 15 
34 130 
34 2 
34 50 
34 194 
34 133 
34 53 
34 42 
34 41 
34 24 
34 52 
34 84 
34 46 
34 111 
34 92 
34 16 
34 11 
34 54 
34 98 
35 18 
35 189 
35 144 
35 180 
35 170 
35 99 
35 41 
35 145 
35 74 
35 114 
35 139 
35 108 
35 199 
35 126 
35 71 
35 166 
35 87 
35 104 
35 79 
35 150 
35 31 
35 196 
35 146 
35 129 
35 200 
35 184 
35 52 
35 191 
35 205 
35 181 
35 201 
35 72 
35 131 
35 105 
35 10 
35 190 
35 192 
35 29 
35 198 
35 113 
35 197 
35 12 
35 68 
35 107 
35 86 
35 152 
35 15 
35 206 
35 48 
35 13 
35 40 
35 165 
35 14 
35 92 
35 76 
35 34 
35 56 
35 73 
35 46 
35 112 
35 132 
35 155 
35 45 
35 36 
35 25 
35 3 
35 93 
35 176 
35 85 
35 149 
35 186 
35 125 
35 81 
35 53 
35 118 
35 30 
35 65 
35 156 
35 177 
35 4 
35 110 
35 23 
35 124 
35 147 
35 67 
35 5 
35 121 
35 136 
35 133 
35 44 
35 6 
35 91 
35 204 
35 163 
35 158 
35 60 
35 75 
35 55 
35 88 
35 49 
35 187 
35 122 
35 111 
35 7 
35 128 
35 194 
35 178 
35 20 
35 62 
35 57 
35 37 
35 168 
35 214 
35 17 
35 171 
35 106 
35 83 
35 69 
35 159 
35 0 
35 130 
35 164 
35 42 
35 123 
35 94 
35 213 
35 183 
35 162 
35 32 
35 98 
35 70 
35 154 
35 210 
35 22 
35 141 
35 117 
35 97 
35 2 
35 1 
35 24 
35 28 
35 169 
35 100 
35 135 
35 64 
35 202 
35 82 
35 78 
35 101 
35 193 
35 208 
35 119 
35 16 
35 174 
35 89 
35 66 
35 109 
35 160 
35 51 
35 195 
35 137 
35 140 
35 127 
35 33 
35 39 
35 84 
36 16 
36 140 
36 172 
36 77 
36 68 
36 39 
36 149 
36 106 
36 136 
36 44 
36 130 
36 198 
36 150 
36 42 
36 162 
36 120 
36 103 
36 25 
36 3 
36 32 
36 9 
36 98 
36 123 
36 62 
36 147 
36 38 
36 11 
36 19 
36 76 
36 29 
36 91 
36 205 
36 92 
36 0 
36 112 
36 20 
36 34 
36 160 
36 199 
36 211 
36 185 
36 192 
36 113 
36 173 
36 128 
36 202 
36 2 
36 152 
36 187 
36 27 
36 88 
36 165 
36 133 
36 214 
36 157 
36 210 
36 55 
36 7 
36 53 
36 175 
36 35 
36 4 
36 47 
36 155 
36 134 
36 184 
36 67 
36 28 
36 78 
36 186 
36 127 
36 21 
36 73 
36 8 
36 49 
36 23 
36 12 
36 141 
36 158 
36 84 
36 151 
36 46 
36 82 
36 124 
36 191 
36 138 
36 168 
36 156 
36 58 
36 65 
36 121 
36 96 
36 70 
36 37 
36 213 
36 189 
36 197 
36 104 
36 207 
36 43 
36 117 
36 209 
36 126 
36 125 
36 190 
36 100 
36 131 
36 148 
36 161 
36 86 
36 146 
36 75 
36 10 
36 180 
36 45 
36 66 
36 33 
36 182 
36 139 
36 154 
36 72 
36 26 
36 5 
36 110 
36 105 
36 204 
36 135 
36 1 
36 137 
36 181 
36 178 
36 18 
36 145 
36 31 
36 212 
36 89 
36 85 
36 164 
36 129 
36 52 
36 13 
36 15 
36 99 
36 193 
36 194 
36 102 
36 169 
36 87 
36 159 
36 109 
36 30 
36 14 
36 166 
36 208 
36 143 
36 144 
36 57 
36 63 
36 108 
36 153 
36 6 
36 80 
36 79 
36 203 
36 142 
36 24 
36 97 
36 119 
36 51 
36 50 
36 195 
36 81 
36 206 
36 215 
36 183 
36 163 
36 71 
36 167 
37 91 
37 89 
37 120 
37 57 
37 164 
37 155 
37 31 
37 191 
37 90 
37 96 
37 195 
37 16 
37 132 
37 115 
37 33 
37 174 
37 62 
37 5 
37 202 
37 126 
37 61 
37 99 
37 121 
37 200 
37 101 
37 134 
37 162 
37 212 
37 69 
37 83 
37 117 
37 48 
37 65 
37 119 
37 72 
37 41 
37 129 
37 148 
37 2 
37 56 
37 66 
37 214 
37 100 
37 102 
37 95 
37 208 
37 122 
37 138 
37 116 
37 130 
37 111 
37 118 
37 161 
37 21 
37 131 
37 207 
37 206 
37 198 
37 45 
37 105 
37 190 
37 24 
37 153 
37 211 
37 124 
37 34 
37 36 
37 139 
37 112 
37 204 
37 80 
37 7 
37 14 
37 176 
37 144 
37 193 
37 64 
37 186 
37 165 
37 68 
37 133 
37 106 
37 53 
37 170 
37 192 
37 107 
37 157 
37 71 
37 70 
37 180 
37 35 
37 19 
37 182 
37 210 
37 189 
37 183 
37 82 
37 127 
37 98 
37 160 
37 150 
37 166 
37 152 
37 10 
37 55 
37 75 
37 110 
37 201 
37 77 
37 59 
37 92 
37 113 
37 194 
37 109 
37 159 
37 146 
37 97 
37 42 
37 136 
37 145 
37 49 
37 85 
37 74 
37 154 
37 67 
37 141 
37 87 
37 28 
37 81 
37 175 
37 25 
37 73 
37 125 
37 26 
37 147 
37 11 
37 52 
37 205 
37 15 
37 187 
37 39 
37 104 
37 142 
37 149 
37 108 
37 143 
37 6 
37 47 
37 3 
38 80 
38 41 
38 122 
38 71 
38 22 
38 23 
38 106 
38 113 
38 174 
38 47 
38 103 
38 42 
38 51 
38 205 
38 214 
38 172 
38 158 
38 8 
38 43 
38 36 
38 101 
38 7 
38 91 
38 1 
38 45 
38 131 
38 66 
38 93 
38 121 
38 31 
38 14 
38 50 
38 48 
38 188 
38 165 
38 186 
38 160 
38 140 
38 52 
38 99 
38 142 
38 75 
38 26 
38 147 
38 152 
38 215 
38 117 
38 64 
38 69 
38 102 
38 82 
38 11 
38 173 
38 0 
38 17 
38 184 
38 194 
38 108 
38 25 
38 62 
38 150 
38 189 
38 198 
38 211 
38 116 
38 112 
38 40 
38 32 
38 180 
38 183 
38 132 
38 19 
38 109 
38 96 
38 74 
38 18 
38 118 
38 87 
38 127 
38 162 
38 202 
38 3 
38 95 
38 133 
38 13 
38 191 
38 107 
38 73 
38 146 
38 129 
38 139 
38 187 
38 179 
38 125 
38 28 
38 124 
38 200 
38 58 
38 210 
38 164 
38 83 
38 70 
38 153 
38 177 
38 175 
38 27 
38 197 
38 56 
38 77 
38 39 
38 90 
38 204 
38 57 
38 199 
38 182 
38 49 
38 30 
38 110 
38 145 
38 171 
38 46 
38 201 
38 84 
38 195 
38 138 
38 114 
38 5 
38 159 
38 55 
38 21 
38 161 
38 88 
38 154 
38 78 
38 97 
38 120 
38 111 
38 123 
38 209 
38 135 
38 16 
38 12 
38 2 
38 44 
38 167 
38 168 
38 130 
38 213 
38 104 
38 61 
38 100 
38 92 
38 166 
39 63 
39 201 
39 151 
39 114 
39 113 
39 208 
39 161 
39 54 
39 149 
39 164 
39 209 
39 180 
39 204 
39 36 
39 10 
39 206 
39 86 
39 82 
39 80 
39 81 
39 4 
39 133 
39 17 
39 187 
39 79 
39 58 
39 108 
39 96 
39 214 
39 9 
39 43 
39 3 
39 5 
39 88 
39 136 
39 28 
39 123 
39 157 
39 198 
39 49 
39 72 
39 127 
39 170 
39 109 
39 168 
39 26 
39 137 
39 48 
39 146 
39 104 
39 77 
39 193 
39 139 
39 68 
39 167 
39 22 
39 129 
39 45 
39 61 
39 62 
39 202 
39 66 
39 57 
39 203 
39 15 
39 106 
39 73 
39 197 
39 110 
39 102 
39 7 
39 24 
39 186 
39 153 
39 158 
39 69 
39 60 
39 84 
39 156 
39 128 
39 6 
39 95 
39 105 
39 12 
39 2 
39 172 
39 41 
39 213 
39 181 
39 210 
39 192 
39 163 
39 195 
39 131 
39 44 
39 190 
39 85 
39 38 
39 134 
39 215 
39 196 
39 97 
39 53 
39 100 
39 207 
39 19 
39 147 
39 174 
39 74 
39 159 
39 148 
39 21 
39 51 
39 150 
39 67 
39 121 
39 23 
39 130 
39 78 
39 183 
39 33 
39 75 
39 165 
39 65 
39 120 
39 107 
39 31 
39 205 
39 56 
39 101 
39 118 
39 152 
39 83 
39 16 
39 182 
39 27 
39 52 
39 98 
39 212 
39 189 
39 194 
39 103 
39 89 
39 64 
39 143 
39 46 
39 37 
39 171 
39 126 
39 177 
39 140 
39 93 
39 115 
39 162 
39 29 
39 94 
39 35 
39 166 
40 44 
40 6 
40 25 
40 15 
40 176 
40 73 
40 42 
40 58 
40 172 
40 140 
40 200 
40 8 
40 71 
40 68 
40 32 
40 151 
40 69 
40 63 
40 134 
40 84 
40 126 
40 105 
40 115 
40 199 
40 70 
40 181 
40 121 
40 156 
40 66 
40 14 
40 204 
40 49 
40 106 
40 114 
40 146 
40 21 
40 104 
40 101 
40 27 
40 213 
40 9 
40 209 
40 2 
40 122 
40 35 
40 72 
40 53 
40 116 
40 103 
40 183 
40 192 
40 144 
40 56 
40 110 
40 167 
40 23 
40 190 
40 139 
40 148 
40 108 
40 142 
40 188 
40 145 
40 165 
40 141 
40 80 
40 215 
40 160 
40 154 
40 205 
40 38 
40 138 
40 52 
40 26 
40 157 
40 16 
40 67 
40 208 
40 120 
40 96 
40 24 
40 123 
40 187 
40 175 
40 185 
40 95 
40 135 
40 164 
40 22 
40 150 
40 81 
40 136 
40 119 
40 124 
40 169 
40 1 
40 112 
40 162 
40 163 
40 75 
40 54 
40 28 
40 10 
40 173 
40 7 
40 47 
40 158 
40 13 
40 30 
40 152 
40 184 
40 210 
40 189 
40 118 
40 5 
40 194 
40 33 
40 211 
40 74 
40 59 
40 191 
40 43 
40 12 
40 206 
40 149 
40 86 
40 102 
40 153 
40 201 
40 129 
40 174 
40 18 
40 46 
40 17 
40 89 
40 107 
40 90 
40 166 
40 214 
40 130 
40 198 
40 97 
40 29 
40 57 
40 85 
40 207 
40 82 
40 137 
40 212 
40 202 
40 77 
40 20 
40 83 
40 180 
40 109 
40 91 
40 19 
40 132 
40 87 
40 193 
40 155 
40 31 
41 174 
41 1 
41 163 
41 73 
41 38 
41 120 
41 60 
41 75 
41 156 
41 35 
41 154 
41 70 
41 145 
41 199 
41 28 
41 129 
41 123 
41 162 
41 146 
41 131 
41 182 
41 84 
41 2 
41 176 
41 105 
41 32 
41 204 
41 67 
41 85 
41 214 
41 65 
41 20 
41 66 
41 14 
41 153 
41 107 
41 165 
41 187 
41 172 
41 19 
41 192 
41 11 
41 117 
41 13 
41 51 
41 158 
41 133 
41 92 
41 64 
41 94 
41 161 
41 106 
41 178 
41 209 
41 37 
41 170 
41 83 
41 189 
41 144 
41 69 
41 18 
41 8 
41 142 
41 179 
41 99 
41 109 
41 148 
41 101 
41 169 
41 135 
41 185 
41 25 
41 212 
41 134 
41 72 
41 151 
41 140 
41 132 
41 27 
41 55 
41 49 
41 7 
41 127 
41 167 
41 155 
41 46 
41 206 
41 47 
41 53 
41 26 
41 23 
41 110 
41 44 
41 93 
41 21 
41 115 
41 130 
41 79 
41 39 
41 89 
41 194 
41 78 
41 103 
41 111 
41 31 
41 57 
41 213 
41 17 
41 175 
41 207 
41 150 
41 4 
41 118 
41 45 
41 81 
41 95 
41 50 
41 125 
41 102 
41 97 
41 186 
41 90 
41 122 
41 71 
41 164 
41 48 
41 3 
41 211 
41 124 
41 202 
41 96 
41 201 
41 119 
41 177 
41 205 
41 166 
41 98 
41 88 
41 152 
41 63 
41 12 
41 10 
41 29 
41 159 
41 54 
41 77 
41 128 
41 200 
41 147 
41 196 
41 82 
41 203 
41 34 
41 113 
41 137 
41 24 
41 5 
41 141 
41 197 
41 42 
41 74 
41 121 
41 0 
41 143 
41 33 
41 180 
41 104 
41 76 
42 192 
42 40 
42 143 
42 29 
42 158 
42 62 
42 202 
42 81 
42 11 
42 134 
42 70 
42 38 
42 194 
42 36 
42 56 
42 15 
42 95 
42 144 
42 195 
42 104 
42 73 
42 30 
42 129 
42 154 
42 171 
42 141 
42 115 
42 130 
42 162 
42 49 
42 18 
42 139 
42 105 
42 153 
42 65 
42 178 
42 126 
42 119 
42 99 
42 200 
42 64 
42 151 
42 206 
42 80 
42 103 
42 215 
42 118 
42 0 
42 128 
42 120 
42 155 
42 212 
42 25 
42 52 
42 187 
42 114 
42 100 
42 107 
42 203 
42 132 
42 24 
42 136 
42 186 
42 94 
42 6 
42 177 
42 68 
42 185 
42 116 
42 1 
42 125 
42 175 
42 58 
42 51 
42 3 
42 48 
42 133 
42 9 
42 196 
42 22 
42 5 
42 82 
42 33 
42 148 
42 45 
42 10 
42 145 
42 147 
42 122 
42 87 
42 46 
42 190 
42 96 
42 167 
42 43 
42 63 
42 12 
42 75 
42 98 
42 189 
42 16 
42 14 
42 109 
42 86 
42 60 
42 90 
42 127 
42 211 
42 57 
42 7 
42 188 
42 205 
42 197 
42 84 
42 55 
42 102 
42 170 
42 47 
42 35 
42 88 
42 85 
42 23 
42 152 
42 172 
42 44 
42 142 
42 37 
42 89 
42 123 
42 131 
42 169 
42 208 
42 111 
42 79 
42 184 
42 113 
42 59 
42 179 
42 34 
42 180 
42 146 
42 210 
42 28 
42 74 
42 199 
42 41 
42 19 
42 191 
42 117 
42 160 
42 20 
42 72 
42 174 
42 198 
42 8 
43 18 
43 89 
43 53 
43 128 
43 187 
43 180 
43 136 
43 120 
43 54 
43 119 
43 66 
43 80 
43 32 
43 74 
43 51 
43 12 
43 79 
43 16 
43 38 
43 149 
43 179 
43 157 
43 181 
43 94 
43 23 
43 92 
43 14 
43 156 
43 129 
43 5 
43 170 
43 168 
43 39 
43 163 
43 55 
43 101 
43 109 
43 164 
43 52 
43 70 
43 0 
43 155 
43 117 
43 190 
43 121 
43 151 
43 135 
43 141 
43 110 
43 33 
43 182 
43 199 
43 44 
43 150 
43 78 
43 152 
43 208 
43 167 
43 102 
43 60 
43 188 
43 58 
43 22 
43 166 
43 26 
43 147 
43 86 
43 189 
43 209 
43 169 
43 85 
43 87 
43 84 
43 214 
43 3 
43 197 
43 138 
43 100 
43 97 
43 165 
43 114 
43 73 
43 75 
43 193 
43 107 
43 183 
43 29 
43 36 
43 1 
43 104 
43 142 
43 64 
43 184 
43 215 
43 204 
43 19 
43 21 
43 161 
43 211 
43 42 
43 127 
43 8 
43 63 
43 105 
43 125 
43 62 
43 132 
43 96 
43 173 
43 57 
43 90 
43 144 
43 40 
43 69 
43 126 
43 34 
43 99 
43 72 
43 159 
43 82 
43 111 
43 186 
43 93 
43 160 
43 202 
43 61 
43 118 
43 81 
43 59 
43 7 
43 103 
43 106 
43 192 
43 201 
43 194 
43 148 
43 83 
43 195 
43 95 
43 108 
43 112 
43 98 
43 11 
43 137 
43 116 
43 45 
43 48 
43 50 
43 28 
43 46 
43 176 
43 15 
43 65 
43 91 
43 9 
43 178 
43 71 
43 13 
43 213 
43 123 
43 4 
43 122 
43 47 
44 14 
44 153 
44 89 
44 40 
44 187 
44 211 
44 58 
44 56 
44 36 
44 30 
44 23 
44 166 
44 8 
44 52 
44 34 
44 28 
44 0 
44 137 
44 4 
44 68 
44 205 
44 155 
44 174 
44 145 
44 138 
44 202 
44 73 
44 210 
44 69 
44 113 
44 150 
44 96 
44 213 
44 149 
44 72 
44 87 
44 170 
44 146 
44 157 
44 132 
44 57 
44 82 
44 33 
44 22 
44 120 
44 214 
44 13 
44 189 
44 203 
44 107 
44 67 
44 143 
44 97 
44 200 
44 5 
44 122 
44 167 
44 62 
44 117 
44 43 
44 162 
44 29 
44 12 
44 159 
44 190 
44 160 
44 7 
44 55 
44 181 
44 92 
44 63 
44 54 
44 35 
44 139 
44 212 
44 114 
44 41 
44 134 
44 215 
44 93 
44 19 
44 129 
44 95 
44 74 
44 136 
44 209 
44 116 
44 184 
44 109 
44 100 
44 94 
44 99 
44 208 
44 142 
44 84 
44 66 
44 39 
44 191 
44 50 
44 182 
44 119 
44 76 
44 80 
44 51 
44 127 
44 161 
44 115 
44 197 
44 1 
44 140 
44 169 
44 111 
44 2 
44 98 
44 141 
44 103 
44 49 
44 75 
44 90 
44 148 
44 91 
44 88 
44 85 
44 78 
44 42 
44 156 
44 177 
44 206 
44 198 
44 158 
44 126 
44 47 
44 179 
44 38 
44 175 
44 15 
44 121 
44 195 
44 83 
44 108 
44 46 
44 106 
44 26 
44 151 
44 152 
44 118 
44 10 
44 71 
44 176 
44 172 
44 60 
44 21 
44 130 
44 207 
44 81 
44 144 
44 18 
44 27 
44 65 
44 188 
44 204 
44 16 
44 61 
44 193 
45 191 
45 195 
45 108 
45 197 
45 119 
45 176 
45 147 
45 107 
45 96 
45 3 
45 72 
45 178 
45 103 
45 158 
45 206 
45 133 
45 120 
45 174 
45 52 
45 109 
45 81 
45 137 
45 175 
45 33 
45 38 
45 82 
45 136 
45 138 
45 125 
45 185 
45 34 
45 126 
45 157 
45 90 
45 76 
45 46 
45 211 
45 117 
45 92 
45 171 
45 168 
45 74 
45 50 
45 16 
45 112 
45 159 
45 35 
45 177 
45 192 
45 98 
45 182 
45 205 
45 129 
45 28 
45 215 
45 39 
45 111 
45 19 
45 199 
45 6 
45 32 
45 190 
45 94 
45 122 
45 37 
45 213 
45 204 
45 9 
45 198 
45 23 
45 102 
45 200 
45 29 
45 100 
45 151 
45 54 
45 18 
45 160 
45 13 
45 101 
45 148 
45 1 
45 113 
45 121 
45 145 
45 42 
45 26 
45 67 
45 83 
45 88 
45 130 
45 118 
45 30 
45 114 
45 163 
45 36 
45 143 
45 55 
45 106 
45 65 
45 41 
45 110 
45 61 
45 139 
45 4 
45 64 
45 135 
45 15 
45 207 
45 49 
45 22 
45 150 
45 194 
45 128 
45 184 
45 181 
45 91 
45 196 
45 127 
45 25 
45 134 
45 180 
45 86 
45 70 
45 162 
45 183 
45 75 
45 154 
45 78 
45 80 
45 132 
45 51 
45 214 
45 8 
45 169 
45 7 
45 165 
45 179 
45 140 
45 153 
45 14 
45 11 
45 53 
45 43 
45 93 
45 68 
45 10 
45 66 
45 208 
45 62 
45 188 
45 5 
45 166 
45 20 
45 47 
46 82 
46 162 
46 214 
46 191 
46 3 
46 161 
46 53 
46 63 
46 83 
46 117 
46 84 
46 128 
46 59 
46 175 
46 195 
46 168 
46 203 
46 131 
46 64 
46 215 
46 201 
46 102 
46 51 
46 94 
46 174 
46 198 
46 2 
46 158 
46 112 
46 106 
46 150 
46 163 
46 98 
46 109 
46 127 
46 45 
46 69 
46 115 
46 134 
46 139 
46 107 
46 125 
46 167 
46 16 
46 67 
46 52 
46 73 
46 105 
46 26 
46 13 
46 35 
46 80 
46 199 
46 184 
46 192 
46 108 
46 75 
46 92 
46 89 
46 79 
46 81 
46 212 
46 33 
46 179 
46 118 
46 172 
46 24 
46 188 
46 187 
46 86 
46 0 
46 114 
46 4 
46 135 
46 36 
46 205 
46 183 
46 152 
46 88 
46 180 
46 151 
46 49 
46 165 
46 27 
46 41 
46 77 
46 12 
46 193 
46 47 
46 72 
46 213 
46 90 
46 56 
46 120 
46 42 
46 23 
46 6 
46 137 
46 169 
46 17 
46 130 
46 206 
46 95 
46 9 
46 197 
46 133 
46 159 
46 207 
46 140 
46 211 
46 181 
46 123 
46 185 
46 14 
46 38 
46 142 
46 29 
46 1 
46 194 
46 68 
46 200 
46 50 
46 157 
46 40 
46 122 
46 202 
46 91 
46 22 
46 143 
46 182 
46 208 
46 61 
46 62 
46 138 
46 113 
46 176 
46 20 
46 171 
46 124 
46 66 
46 136 
46 85 
46 58 
46 57 
46 146 
46 129 
46 21 
46 44 
46 18 
46 55 
46 32 
46 156 
46 144 
46 39 
46 178 
46 43 
46 170 
46 147 
46 48 
46 34 
46 121 
46 177 
46 25 
46 103 
46 166 
47 192 
47 85 
47 33 
47 128 
47 78 
47 5 
47 30 
47 202 
47 38 
47 185 
47 127 
47 20 
47 169 
47 88 
47 58 
47 144 
47 56 
47 65 
47 57 
47 189 
47 68 
47 67 
47 72 
47 210 
47 7 
47 182 
47 174 
47 188 
47 13 
47 17 
47 105 
47 19 
47 191 
47 61 
47 22 
47 50 
47 196 
47 214 
47 135 
47 112 
47 89 
47 102 
47 134 
47 177 
47 122 
47 164 
47 59 
47 28 
47 203 
47 48 
47 60 
47 119 
47 137 
47 176 
47 36 
47 161 
47 162 
47 27 
47 186 
47 151 
47 94 
47 120 
47 71 
47 69 
47 123 
47 209 
47 95 
47 211 
47 167 
47 187 
47 11 
47 173 
47 138 
47 14 
47 158 
47 198 
47 199 
47 41 
47 140 
47 77 
47 108 
47 46 
47 149 
47 113 
47 179 
47 34 
47 73 
47 115 
47 12 
47 76 
47 0 
47 31 
47 96 
47 160 
47 16 
47 154 
47 133 
47 98 
47 197 
47 63 
47 25 
47 21 
47 8 
47 153 
47 178 
47 193 
47 170 
47 32 
47 40 
47 106 
47 166 
47 92 
47 145 
47 163 
47 155 
47 175 
47 54 
47 129 
47 100 
47 116 
47 87 
47 90 
47 117 
47 141 
47 147 
47 213 
47 9 
47 97 
47 42 
47 99 
47 165 
47 180 
47 1 
47 82 
47 146 
47 194 
47 172 
47 150 
47 4 
47 195 
47 103 
47 10 
47 107 
47 44 
47 184 
47 55 
47 207 
47 205 
47 111 
47 200 
47 70 
47 81 
47 215 
47 124 
47 79 
47 130 
47 37 
47 126 
47 53 
47 139 
47 45 
47 91 
47 183 
47 43 
47 24 
47 118 
48 192 
48 86 
48 160 
48 190 
48 149 
48 170 
48 76 
48 53 
48 129 
48 186 
48 176 
48 156 
48 115 
48 128 
48 142 
48 178 
48 66 
48 119 
48 184 
48 72 
48 202 
48 100 
48 111 
48 14 
48 104 
48 79 
48 203 
48 67 
48 209 
48 173 
48 50 
48 131 
48 145 
48 122 
48 161 
48 214 
48 157 
48 78 
48 215 
48 94 
48 143 
48 197 
48 136 
48 37 
48 204 
48 211 
48 22 
48 15 
48 38 
48 194 
48 30 
48 35 
48 12 
48 65 
48 109 
48 135 
48 126 
48 205 
48 107 
48 49 
48 47 
48 31 
48 151 
48 54 
48 39 
48 89 
48 167 
48 177 
48 5 
48 63 
48 168 
48 2 
48 97 
48 210 
48 132 
48 139 
48 133 
48 188 
48 92 
48 77 
48 147 
48 9 
48 101 
48 26 
48 195 
48 11 
48 62 
48 166 
48 42 
48 82 
48 90 
48 199 
48 154 
48 117 
48 179 
48 29 
48 121 
48 141 
48 118 
48 32 
48 58 
48 116 
48 28 
48 87 
48 108 
48 19 
48 55 
48 138 
48 3 
48 130 
48 200 
48 95 
48 144 
48 21 
48 150 
48 64 
48 6 
48 0 
48 69 
48 164 
48 159 
48 27 
48 148 
48 84 
48 16 
48 99 
48 52 
48 169 
48 41 
48 125 
48 24 
48 71 
48 127 
48 212 
48 25 
48 182 
48 85 
48 106 
48 91 
48 189 
48 10 
48 153 
48 114 
48 60 
48 68 
48 175 
48 187 
48 207 
48 23 
48 137 
48 43 
48 46 
48 1 
48 17 
48 113 
48 110 
48 8 
48 198 
48 70 
48 123 
48 191 
48 165 
48 206 
48 174 
48 158 
49 99 
49 57 
49 83 
49 126 
49 50 
49 98 
49 209 
49 120 
49 90 
49 125 
49 103 
49 2 
49 13 
49 149 
49 86 
49 152 
49 202 
49 108 
49 61 
49 94 
49 130 
49 137 
49 157 
49 75 
49 18 
49 121 
49 40 
49 145 
49 154 
49 10 
49 42 
49 30 
49 72 
49 76 
49 113 
49 56 
49 162 
49 32 
49 8 
49 102 
49 0 
49 54 
49 147 
49 39 
49 123 
49 52 
49 17 
49 203 
49 181 
49 164 
49 19 
49 22 
49 48 
49 118 
49 16 
49 131 
49 201 
49 178 
49 73 
49 194 
49 190 
49 107 
49 84 
49 151 
49 176 
49 36 
49 200 
49 163 
49 29 
49 41 
49 159 
49 160 
49 177 
49 100 
49 77 
49 215 
49 166 
49 46 
49 23 
49 59 
49 95 
49 66 
49 25 
49 198 
49 68 
49 133 
49 65 
49 7 
49 89 
49 206 
49 212 
49 210 
49 115 
49 96 
49 184 
49 112 
49 104 
49 35 
49 116 
49 173 
49 21 
49 174 
49 117 
49 97 
49 196 
49 127 
49 213 
49 93 
49 105 
49 188 
49 171 
49 92 
49 122 
49 53 
49 214 
49 74 
49 62 
49 211 
49 141 
49 71 
49 38 
49 185 
49 20 
49 3 
49 45 
49 6 
49 167 
49 55 
49 44 
49 136 
49 114 
49 78 
49 195 
49 58 
49 155 
49 14 
49 70 
49 139 
49 132 
49 119 
49 140 
49 9 
49 124 
49 4 
49 37 
49 204 
49 208 
49 197 
49 88 
49 186 
49 67 
49 91 
49 28 
49 165 
49 175 
49 189 
49 106 
49 150 
49 179 
49 128 
49 27 
49 143 
49 5 
49 170 
49 12 
49 69 
49 182 
49 146 
49 144 
50 172 
50 105 
50 12 
50 136 
50 207 
50 134 
50 92 
50 210 
50 159 
50 82 
50 49 
50 214 
50 114 
50 166 
50 209 
50 191 
50 108 
50 109 
50 1 
50 154 
50 70 
50 62 
50 139 
50 10 
50 156 
50 48 
50 85 
50 80 
50 61 
50 38 
50 89 
50 47 
50 196 
50 146 
50 95 
50 71 
50 104 
50 103 
50 101 
50 65 
50 2 
50 68 
50 45 
50 192 
50 54 
50 128 
50 178 
50 193 
50 183 
50 127 
50 204 
50 98 
50 151 
50 51 
50 78 
50 102 
50 87 
50 122 
50 28 
50 11 
50 180 
50 135 
50 174 
50 81 
50 190 
50 59 
50 140 
50 55 
50 189 
50 26 
50 67 
50 120 
50 186 
50 79 
50 111 
50 212 
50 177 
50 185 
50 155 
50 0 
50 75 
50 13 
50 96 
50 90 
50 163 
50 57 
50 202 
50 4 
50 213 
50 33 
50 84 
50 124 
50 116 
50 113 
50 14 
50 175 
50 52 
50 148 
50 123 
50 205 
50 195 
50 44 
50 25 
50 144 
50 158 
50 182 
50 19 
50 138 
50 56 
50 16 
50 106 
50 41 
50 168 
50 63 
50 46 
50 74 
50 7 
50 160 
50 119 
50 126 
50 66 
50 164 
50 121 
50 88 
50 161 
50 31 
50 129 
50 60 
50 187 
50 133 
50 198 
50 23 
50 169 
50 91 
50 130 
50 34 
50 208 
50 21 
50 137 
50 22 
50 20 
50 150 
50 211 
50 176 
50 58 
50 43 
50 125 
50 36 
50 110 
50 184 
50 24 
50 215 
50 83 
50 3 
51 212 
51 138 
51 190 
51 159 
51 152 
51 89 
51 148 
51 115 
51 181 
51 147 
51 132 
51 78 
51 38 
51 43 
51 202 
51 201 
51 98 
51 72 
51 154 
51 64 
51 121 
51 157 
51 203 
51 62 
51 207 
51 140 
51 96 
51 97 
51 27 
51 86 
51 46 
51 54 
51 178 
51 183 
51 80 
51 61 
51 137 
51 41 
51 176 
51 15 
51 101 
51 193 
51 84 
51 92 
51 184 
51 5 
51 82 
51 175 
51 14 
51 187 
51 26 
51 163 
51 153 
51 165 
51 142 
51 196 
51 119 
51 16 
51 167 
51 63 
51 168 
51 20 
51 50 
51 109 
51 25 
51 213 
51 133 
51 77 
51 149 
51 215 
51 69 
51 114 
51 88 
51 87 
51 118 
51 52 
51 134 
51 205 
51 42 
51 59 
51 55 
51 32 
51 185 
51 91 
51 23 
51 191 
51 186 
51 95 
51 12 
51 131 
51 70 
51 11 
51 19 
51 146 
51 107 
51 199 
51 145 
51 83 
51 182 
51 122 
51 161 
51 174 
51 44 
51 94 
51 151 
51 22 
51 123 
51 125 
51 65 
51 179 
51 30 
51 198 
51 117 
51 58 
51 116 
51 71 
51 56 
51 158 
51 39 
51 192 
51 180 
51 209 
51 17 
51 197 
51 126 
51 10 
51 156 
51 102 
51 150 
51 60 
51 108 
51 76 
51 1 
51 45 
51 99 
51 93 
51 24 
51 172 
51 6 
51 141 
51 103 
51 100 
51 169 
51 21 
51 74 
51 33 
51 31 
51 36 
51 214 
51 143 
51 210 
51 171 
51 35 
51 177 
51 130 
51 144 
51 162 
51 79 
52 132 
52 140 
52 175 
52 91 
52 8 
52 23 
52 62 
52 94 
52 44 
52 56 
52 95 
52 5 
52 45 
52 79 
52 116 
52 124 
52 25 
52 143 
52 77 
52 35 
52 32 
52 57 
52 104 
52 22 
52 170 
52 139 
52 149 
52 107 
52 11 
52 105 
52 66 
52 142 
52 157 
52 118 
52 111 
52 193 
52 38 
52 87 
52 75 
52 144 
52 115 
52 106 
52 147 
52 209 
52 6 
52 181 
52 46 
52 43 
52 117 
52 100 
52 49 
52 153 
52 183 
52 70 
52 15 
52 121 
52 110 
52 19 
52 58 
52 42 
52 134 
52 3 
52 71 
52 172 
52 97 
52 127 
52 130 
52 59 
52 122 
52 40 
52 171 
52 9 
52 177 
52 96 
52 61 
52 51 
52 208 
52 174 
52 81 
52 206 
52 80 
52 165 
52 125 
52 204 
52 29 
52 21 
52 184 
52 119 
52 207 
52 158 
52 199 
52 7 
52 1 
52 33 
52 128 
52 85 
52 215 
52 192 
52 129 
52 50 
52 114 
52 103 
52 27 
52 137 
52 78 
52 148 
52 138 
52 191 
52 160 
52 2 
52 200 
52 28 
52 141 
52 73 
52 146 
52 36 
52 102 
52 48 
52 92 
52 109 
52 205 
52 126 
52 155 
52 68 
52 55 
52 167 
52 213 
52 72 
52 93 
52 161 
52 179 
52 76 
52 64 
52 98 
52 83 
52 26 
52 53 
52 180 
52 16 
52 39 
52 202 
52 188 
52 159 
52 113 
52 54 
52 162 
52 17 
52 150 
52 37 
52 212 
52 34 
52 135 
52 131 
52 195 
52 67 
52 187 
52 13 
52 164 
52 101 
52 20 
52 154 
52 99 
52 194 
52 120 
53 19 
53 43 
53 189 
53 12 
53 78 
53 48 
53 71 
53 153 
53 109 
53 46 
53 179 
53 87 
53 75 
53 207 
53 154 
53 16 
53 100 
53 196 
53 61 
53 88 
53 204 
53 156 
53 22 
53 9 
53 165 
53 20 
53 134 
53 164 
53 0 
53 26 
53 113 
53 197 
53 102 
53 107 
53 18 
53 192 
53 141 
53 69 
53 142 
53 11 
53 70 
53 76 
53 178 
53 72 
53 201 
53 40 
53 127 
53 115 
53 3 
53 199 
53 36 
53 121 
53 132 
53 92 
53 63 
53 106 
53 65 
53 105 
53 206 
53 35 
53 139 
53 188 
53 118 
53 122 
53 33 
53 90 
53 30 
53 135 
53 130 
53 167 
53 138 
53 185 
53 186 
53 120 
53 212 
53 66 
53 77 
53 79 
53 13 
53 28 
53 60 
53 98 
53 198 
53 57 
53 203 
53 157 
53 41 
53 10 
53 111 
53 145 
53 29 
53 112 
53 8 
53 152 
53 5 
53 202 
53 81 
53 177 
53 31 
53 37 
53 86 
53 162 
53 124 
53 182 
53 14 
53 161 
53 209 
53 68 
53 176 
53 173 
53 136 
53 195 
53 49 
53 32 
53 119 
53 116 
53 39 
53 94 
53 187 
53 129 
53 89 
53 73 
53 131 
53 158 
53 95 
53 159 
53 54 
53 91 
53 174 
53 103 
53 56 
53 74 
53 99 
53 137 
53 6 
53 160 
53 140 
53 52 
53 166 
53 183 
53 23 
53 55 
53 45 
53 34 
53 194 
53 193 
53 104 
53 146 
53 1 
53 108 
53 168 
53 151 
53 210 
53 213 
53 84 
53 126 
53 190 
53 47 
53 147 
53 128 
53 171 
53 149 
53 211 
53 7 
53 200 
54 169 
54 110 
54 39 
54 82 
54 43 
54 160 
54 175 
54 176 
54 68 
54 88 
54 196 
54 51 
54 60 
54 74 
54 173 
54 184 
54 201 
54 57 
54 141 
54 16 
54 166 
54 207 
54 25 
54 209 
54 203 
54 133 
54 127 
54 92 
54 199 
54 179 
54 108 
54 134 
54 96 
54 122 
54 49 
54 56 
54 70 
54 11 
54 50 
54 33 
54 17 
54 48 
54 4 
54 149 
54 137 
54 116 
54 19 
54 83 
54 7 
54 61 
54 10 
54 121 
54 67 
54 102 
54 164 
54 138 
54 77 
54 23 
54 45 
54 93 
54 180 
54 139 
54 44 
54 87 
54 140 
54 73 
54 119 
54 170 
54 181 
54 177 
54 214 
54 62 
54 154 
54 13 
54 194 
54 200 
54 197 
54 79 
54 18 
54 183 
54 84 
54 159 
54 22 
54 185 
54 100 
54 128 
54 30 
54 55 
54 40 
54 171 
54 142 
54 126 
54 76 
54 213 
54 147 
54 14 
54 32 
54 59 
54 152 
54 86 
54 47 
54 6 
54 215 
54 8 
54 208 
54 71 
54 95 
54 168 
54 89 
54 145 
54 0 
54 130 
54 211 
54 188 
54 114 
54 97 
54 53 
54 117 
54 174 
54 153 
54 167 
54 105 
54 20 
54 206 
54 156 
54 103 
54 143 
54 107 
54 157 
54 2 
54 41 
54 9 
54 58 
54 69 
54 146 
54 132 
54 64 
54 27 
54 28 
54 162 
54 21 
54 1 
54 63 
54 26 
54 195 
54 52 
54 189 
54 98 
54 131 
54 151 
54 129 
54 99 
54 148 
54 124 
54 66 
54 90 
54 101 
54 210 
54 192 
54 150 
54 34 
54 29 
54 12 
54 109 
55 6 
55 128 
55 211 
55 73 
55 63 
55 28 
55 133 
55 168 
55 119 
55 203 
55 183 
55 156 
55 186 
55 102 
55 87 
55 155 
55 125 
55 149 
55 206 
55 112 
55 161 
55 108 
55 72 
55 122 
55 62 
55 212 
55 116 
55 136 
55 124 
55 175 
55 74 
55 67 
55 82 
55 20 
55 94 
55 27 
55 130 
55 152 
55 115 
55 26 
55 23 
55 214 
55 80 
55 43 
55 120 
55 22 
55 193 
55 118 
55 76 
55 117 
55 7 
55 36 
55 158 
55 105 
55 59 
55 31 
55 98 
55 198 
55 85 
55 215 
55 170 
55 66 
55 200 
55 65 
55 78 
55 50 
55 9 
55 84 
55 30 
55 106 
55 44 
55 41 
55 5 
55 16 
55 103 
55 8 
55 110 
55 51 
55 180 
55 163 
55 176 
55 93 
55 205 
55 18 
55 199 
55 86 
55 195 
55 135 
55 17 
55 164 
55 35 
55 54 
55 187 
55 48 
55 12 
55 45 
55 132 
55 167 
55 100 
55 13 
55 172 
55 99 
55 70 
55 202 
55 177 
55 192 
55 96 
55 37 
55 42 
55 11 
55 123 
55 49 
55 0 
55 111 
55 114 
55 142 
55 38 
55 52 
55 10 
55 64 
55 141 
55 174 
55 83 
55 157 
55 61 
55 166 
55 210 
55 196 
55 32 
55 197 
55 33 
55 204 
55 184 
55 24 
55 29 
55 53 
55 47 
55 189 
55 95 
55 46 
55 207 
55 162 
55 165 
55 92 
55 146 
55 81 
55 213 
55 56 
55 134 
55 209 
55 182 
55 57 
55 4 
55 3 
55 97 
55 139 
55 191 
56 63 
56 144 
56 206 
56 91 
56 34 
56 122 
56 148 
56 187 
56 171 
56 44 
56 185 
56 85 
56 42 
56 131 
56 52 
56 160 
56 11 
56 47 
56 62 
56 133 
56 16 
56 201 
56 127 
56 69 
56 165 
56 103 
56 145 
56 13 
56 67 
56 169 
56 112 
56 113 
56 75 
56 29 
56 108 
56 199 
56 211 
56 136 
56 208 
56 49 
56 126 
56 179 
56 37 
56 82 
56 54 
56 124 
56 116 
56 137 
56 40 
56 2 
56 1 
56 60 
56 35 
56 150 
56 23 
56 64 
56 7 
56 21 
56 105 
56 190 
56 184 
56 74 
56 189 
56 115 
56 153 
56 24 
56 114 
56 86 
56 99 
56 146 
56 10 
56 76 
56 25 
56 204 
56 100 
56 14 
56 5 
56 84 
56 72 
56 30 
56 66 
56 123 
56 209 
56 46 
56 12 
56 154 
56 28 
56 193 
56 142 
56 212 
56 191 
56 121 
56 65 
56 194 
56 106 
56 98 
56 176 
56 178 
56 188 
56 17 
56 174 
56 87 
56 161 
56 149 
56 129 
56 22 
56 18 
56 166 
56 182 
56 81 
56 38 
56 109 
56 31 
56 203 
56 78 
56 173 
56 97 
56 158 
56 50 
56 118 
56 164 
56 152 
56 0 
56 138 
56 119 
56 51 
56 214 
56 79 
56 53 
56 177 
56 198 
56 77 
56 102 
56 213 
56 202 
56 39 
56 111 
56 61 
56 19 
56 33 
56 196 
56 210 
56 143 
56 89 
56 107 
56 101 
56 58 
56 59 
56 20 
56 9 
56 55 
56 215 
56 96 
56 90 
56 168 
56 139 
56 134 
56 175 
56 163 
57 151 
57 137 
57 73 
57 125 
57 213 
57 49 
57 194 
57 37 
57 31 
57 34 
57 13 
57 93 
57 111 
57 14 
57 103 
57 47 
57 117 
57 140 
57 130 
57 205 
57 185 
57 91 
57 192 
57 52 
57 81 
57 54 
57 135 
57 86 
57 123 
57 114 
57 167 
57 104 
57 11 
57 199 
57 82 
57 20 
57 94 
57 191 
57 143 
57 155 
57 164 
57 44 
57 152 
57 19 
57 177 
57 76 
57 6 
57 23 
57 160 
57 66 
57 195 
57 75 
57 33 
57 3 
57 60 
57 85 
57 209 
57 27 
57 107 
57 39 
57 97 
57 203 
57 64 
57 193 
57 174 
57 136 
57 106 
57 133 
57 5 
57 15 
57 184 
57 190 
57 32 
57 8 
57 10 
57 120 
57 53 
57 95 
57 157 
57 132 
57 99 
57 50 
57 121 
57 206 
57 58 
57 71 
57 198 
57 153 
57 122 
57 168 
57 204 
57 115 
57 41 
57 35 
57 166 
57 129 
57 78 
57 102 
57 38 
57 42 
57 200 
57 171 
57 196 
57 134 
57 43 
57 212 
57 138 
57 179 
57 147 
57 9 
57 84 
57 12 
57 88 
57 101 
57 61 
57 189 
57 215 
57 148 
57 144 
57 149 
57 98 
57 178 
57 172 
57 176 
57 68 
57 113 
57 25 
57 127 
57 36 
57 40 
57 175 
57 165 
57 46 
57 59 
57 214 
57 141 
57 17 
57 201 
57 150 
57 80 
57 159 
57 210 
57 18 
57 211 
57 187 
57 77 
57 181 
57 55 
57 161 
57 29 
57 63 
57 163 
57 131 
57 162 
57 182 
57 183 
58 60 
58 40 
58 131 
58 32 
58 120 
58 44 
58 186 
58 127 
58 79 
58 62 
58 214 
58 47 
58 27 
58 63 
58 34 
58 155 
58 25 
58 118 
58 6 
58 33 
58 207 
58 150 
58 17 
58 180 
58 195 
58 12 
58 172 
58 68 
58 129 
58 190 
58 170 
58 39 
58 178 
58 147 
58 94 
58 182 
58 119 
58 143 
58 130 
58 159 
58 123 
58 21 
58 167 
58 117 
58 132 
58 200 
58 16 
58 157 
58 116 
58 76 
58 99 
58 146 
58 84 
58 210 
58 203 
58 133 
58 121 
58 108 
58 18 
58 164 
58 52 
58 28 
58 202 
58 114 
58 43 
58 100 
58 181 
58 106 
58 4 
58 69 
58 24 
58 206 
58 59 
58 184 
58 189 
58 61 
58 213 
58 30 
58 188 
58 201 
58 36 
58 174 
58 215 
58 156 
58 42 
58 71 
58 193 
58 115 
58 83 
58 148 
58 64 
58 97 
58 0 
58 179 
58 26 
58 85 
58 165 
58 95 
58 212 
58 66 
58 125 
58 183 
58 57 
58 22 
58 3 
58 107 
58 38 
58 48 
58 20 
58 105 
58 199 
58 103 
58 104 
58 102 
58 87 
58 72 
58 176 
58 145 
58 75 
58 86 
58 177 
58 70 
58 90 
58 175 
58 166 
58 51 
58 9 
58 122 
58 19 
58 78 
58 2 
58 209 
58 128 
58 15 
58 135 
58 208 
58 109 
58 112 
58 162 
58 169 
58 124 
58 49 
58 10 
58 74 
58 110 
58 198 
58 54 
58 211 
58 113 
58 144 
58 46 
58 204 
58 82 
58 191 
58 56 
58 50 
58 88 
58 138 
58 29 
58 185 
58 136 
58 161 
58 7 
58 173 
58 153 
58 139 
58 196 
58 14 
59 60 
59 84 
59 209 
59 108 
59 92 
59 63 
59 15 
59 30 
59 164 
59 116 
59 161 
59 200 
59 78 
59 207 
59 77 
59 82 
59 25 
59 46 
59 210 
59 34 
59 11 
59 134 
59 149 
59 186 
59 208 
59 29 
59 189 
59 24 
59 2 
59 170 
59 110 
59 107 
59 14 
59 27 
59 153 
59 180 
59 83 
59 201 
59 148 
59 198 
59 120 
59 87 
59 155 
59 211 
59 75 
59 106 
59 47 
59 187 
59 175 
59 99 
59 160 
59 94 
59 109 
59 55 
59 93 
59 212 
59 165 
59 26 
59 171 
59 199 
59 203 
59 1 
59 206 
59 191 
59 154 
59 5 
59 124 
59 52 
59 50 
59 86 
59 69 
59 136 
59 131 
59 176 
59 58 
59 125 
59 146 
59 202 
59 96 
59 51 
59 144 
59 137 
59 49 
59 151 
59 98 
59 18 
59 10 
59 123 
59 158 
59 127 
59 79 
59 114 
59 70 
59 20 
59 62 
59 32 
59 95 
59 28 
59 205 
59 101 
59 90 
59 196 
59 8 
59 54 
59 4 
59 174 
59 126 
59 65 
59 139 
59 12 
59 130 
59 73 
59 122 
59 3 
59 81 
59 40 
59 159 
59 9 
59 88 
59 177 
59 182 
59 214 
59 193 
59 74 
59 37 
59 100 
59 147 
59 145 
59 183 
59 19 
59 43 
59 132 
59 128 
59 121 
59 61 
59 140 
59 57 
59 178 
59 156 
59 80 
59 117 
59 42 
59 6 
59 150 
59 141 
59 119 
59 7 
59 56 
59 105 
59 138 
59 103 
59 215 
59 89 
59 111 
59 31 
59 67 
59 23 
59 71 
59 113 
59 168 
60 59 
60 58 
60 74 
60 41 
60 154 
60 11 
60 104 
60 115 
60 119 
60 195 
60 85 
60 168 
60 101 
60 141 
60 70 
60 88 
60 78 
60 148 
60 65 
60 150 
60 89 
60 80 
60 30 
60 142 
60 54 
60 111 
60 27 
60 109 
60 102 
60 86 
60 163 
60 165 
60 7 
60 91 
60 71 
60 124 
60 13 
60 63 
60 90 
60 92 
60 116 
60 68 
60 24 
60 134 
60 106 
60 153 
60 166 
60 190 
60 213 
60 64 
60 56 
60 130 
60 145 
60 10 
60 47 
60 127 
60 5 
60 3 
60 196 
60 172 
60 21 
60 191 
60 125 
60 173 
60 73 
60 57 
60 108 
60 43 
60 114 
60 19 
60 137 
60 146 
60 144 
60 29 
60 211 
60 121 
60 187 
60 194 
60 204 
60 16 
60 53 
60 96 
60 39 
60 208 
60 33 
60 84 
60 2 
60 35 
60 176 
60 138 
60 76 
60 199 
60 75 
60 28 
60 189 
60 200 
60 156 
60 66 
60 42 
60 162 
60 98 
60 77 
60 212 
60 81 
60 197 
60 8 
60 159 
60 203 
60 151 
60 135 
60 179 
60 62 
60 139 
60 1 
60 99 
60 178 
60 128 
60 34 
60 17 
60 207 
60 50 
60 123 
60 61 
60 107 
60 206 
60 51 
60 175 
60 82 
60 126 
60 48 
60 26 
60 186 
60 198 
60 110 
60 67 
60 44 
60 4 
60 69 
60 193 
60 122 
60 129 
60 103 
60 158 
61 90 
61 107 
61 175 
61 32 
61 116 
61 110 
61 76 
61 22 
61 147 
61 99 
61 211 
61 195 
61 4 
61 187 
61 105 
61 199 
61 202 
61 181 
61 87 
61 53 
61 183 
61 74 
61 37 
61 117 
61 207 
61 49 
61 214 
61 93 
61 25 
61 68 
61 1 
61 27 
61 9 
61 33 
61 15 
61 51 
61 188 
61 201 
61 137 
61 50 
61 28 
61 191 
61 13 
61 47 
61 63 
61 168 
61 177 
61 98 
61 30 
61 190 
61 173 
61 103 
61 131 
61 156 
61 7 
61 100 
61 118 
61 78 
61 124 
61 133 
61 113 
61 141 
61 88 
61 185 
61 79 
61 122 
61 73 
61 39 
61 91 
61 128 
61 54 
61 52 
61 84 
61 58 
61 143 
61 126 
61 209 
61 18 
61 166 
61 81 
61 34 
61 179 
61 125 
61 151 
61 120 
61 176 
61 95 
61 158 
61 170 
61 96 
61 153 
61 104 
61 213 
61 162 
61 29 
61 171 
61 215 
61 66 
61 203 
61 85 
61 12 
61 17 
61 142 
61 186 
61 119 
61 108 
61 145 
61 154 
61 45 
61 149 
61 152 
61 130 
61 160 
61 26 
61 67 
61 82 
61 20 
61 184 
61 189 
61 57 
61 31 
61 0 
61 19 
61 80 
61 46 
61 94 
61 55 
61 43 
61 60 
61 148 
61 56 
61 102 
61 180 
61 178 
61 59 
61 146 
61 159 
61 204 
61 3 
61 212 
61 140 
61 106 
61 2 
61 210 
61 164 
61 92 
61 161 
61 38 
61 139 
61 163 
61 123 
61 182 
61 64 
61 101 
61 44 
61 24 
61 77 
61 14 
61 138 
62 173 
62 215 
62 92 
62 181 
62 190 
62 21 
62 8 
62 14 
62 165 
62 42 
62 119 
62 19 
62 2 
62 86 
62 78 
62 147 
62 52 
62 144 
62 149 
62 150 
62 58 
62 56 
62 37 
62 51 
62 77 
62 36 
62 88 
62 50 
62 195 
62 5 
62 69 
62 169 
62 166 
62 205 
62 204 
62 115 
62 155 
62 55 
62 189 
62 132 
62 124 
62 25 
62 187 
62 112 
62 176 
62 158 
62 26 
62 22 
62 30 
62 125 
62 3 
62 212 
62 171 
62 95 
62 140 
62 214 
62 192 
62 142 
62 105 
62 160 
62 93 
62 145 
62 135 
62 159 
62 133 
62 164 
62 38 
62 44 
62 104 
62 32 
62 118 
62 157 
62 120 
62 94 
62 39 
62 198 
62 130 
62 202 
62 73 
62 11 
62 100 
62 200 
62 48 
62 213 
62 9 
62 54 
62 185 
62 13 
62 151 
62 139 
62 31 
62 71 
62 84 
62 89 
62 29 
62 152 
62 24 
62 162 
62 163 
62 59 
62 121 
62 33 
62 12 
62 167 
62 81 
62 35 
62 28 
62 126 
62 113 
62 114 
62 43 
62 76 
62 20 
62 175 
62 49 
62 206 
62 15 
62 210 
62 6 
62 60 
62 91 
62 106 
62 67 
62 23 
62 211 
62 199 
62 66 
62 83 
62 168 
62 116 
62 194 
62 108 
62 153 
62 127 
62 70 
62 46 
62 1 
62 148 
62 128 
62 170 
62 209 
62 101 
62 72 
62 16 
62 129 
62 63 
62 180 
62 154 
62 188 
62 4 
62 193 
62 137 
62 45 
62 90 
62 196 
62 85 
62 143 
62 68 
62 208 
62 111 
63 39 
63 79 
63 56 
63 59 
63 188 
63 164 
63 183 
63 24 
63 72 
63 105 
63 23 
63 182 
63 55 
63 34 
63 155 
63 46 
63 143 
63 94 
63 32 
63 17 
63 9 
63 153 
63 110 
63 121 
63 184 
63 201 
63 156 
63 169 
63 202 
63 58 
63 126 
63 40 
63 87 
63 180 
63 2 
63 70 
63 205 
63 150 
63 168 
63 160 
63 10 
63 147 
63 96 
63 129 
63 131 
63 12 
63 61 
63 211 
63 60 
63 161 
63 133 
63 76 
63 135 
63 18 
63 141 
63 148 
63 15 
63 97 
63 51 
63 84 
63 106 
63 137 
63 193 
63 53 
63 67 
63 75 
63 190 
63 134 
63 66 
63 214 
63 125 
63 48 
63 197 
63 127 
63 140 
63 102 
63 33 
63 112 
63 29 
63 123 
63 200 
63 28 
63 44 
63 176 
63 167 
63 128 
63 163 
63 181 
63 68 
63 157 
63 132 
63 86 
63 103 
63 42 
63 4 
63 21 
63 47 
63 43 
63 175 
63 6 
63 11 
63 64 
63 89 
63 196 
63 191 
63 113 
63 189 
63 26 
63 186 
63 50 
63 81 
63 117 
63 108 
63 199 
63 204 
63 93 
63 174 
63 170 
63 80 
63 74 
63 1 
63 41 
63 165 
63 142 
63 95 
63 171 
63 101 
63 27 
63 36 
63 159 
63 145 
63 54 
63 8 
63 78 
63 5 
63 118 
63 3 
63 62 
63 162 
63 198 
63 194 
63 203 
63 166 
63 31 
63 178 
63 152 
63 65 
63 73 
63 30 
63 25 
63 57 
63 115 
63 99 
63 212 
63 209 
63 146 
64 104 
64 93 
64 71 
64 122 
64 194 
64 8 
64 29 
64 174 
64 6 
64 161 
64 154 
64 51 
64 166 
64 46 
64 207 
64 165 
64 182 
64 115 
64 32 
64 22 
64 167 
64 5 
64 159 
64 24 
64 117 
64 203 
64 31 
64 184 
64 163 
64 69 
64 105 
64 41 
64 15 
64 149 
64 137 
64 197 
64 42 
64 21 
64 38 
64 60 
64 86 
64 56 
64 136 
64 162 
64 3 
64 2 
64 13 
64 205 
64 208 
64 173 
64 204 
64 9 
64 212 
64 133 
64 177 
64 80 
64 190 
64 10 
64 57 
64 151 
64 192 
64 156 
64 193 
64 185 
64 82 
64 201 
64 7 
64 89 
64 132 
64 183 
64 58 
64 200 
64 26 
64 118 
64 160 
64 214 
64 139 
64 43 
64 176 
64 14 
64 172 
64 37 
64 17 
64 33 
64 101 
64 179 
64 146 
64 81 
64 95 
64 65 
64 113 
64 68 
64 74 
64 94 
64 108 
64 125 
64 63 
64 127 
64 130 
64 114 
64 75 
64 213 
64 19 
64 48 
64 11 
64 164 
64 45 
64 91 
64 195 
64 142 
64 23 
64 199 
64 78 
64 138 
64 196 
64 55 
64 106 
64 27 
64 135 
64 198 
64 102 
64 52 
64 157 
64 107 
64 134 
64 109 
64 54 
64 16 
64 186 
64 152 
64 211 
64 129 
64 189 
64 110 
64 35 
64 145 
64 178 
64 128 
64 39 
64 77 
64 28 
64 210 
64 103 
64 181 
64 66 
64 4 
64 153 
64 85 
64 61 
64 79 
64 70 
64 187 
65 147 
65 30 
65 146 
65 89 
65 181 
65 20 
65 145 
65 214 
65 109 
65 97 
65 120 
65 78 
65 125 
65 160 
65 144 
65 24 
65 21 
65 136 
65 1 
65 91 
65 22 
65 47 
65 60 
65 205 
65 7 
65 41 
65 206 
65 31 
65 108 
65 16 
65 170 
65 5 
65 167 
65 37 
65 198 
65 152 
65 70 
65 12 
65 42 
65 25 
65 77 
65 128 
65 50 
65 48 
65 192 
65 103 
65 207 
65 200 
65 138 
65 23 
65 159 
65 102 
65 148 
65 79 
65 29 
65 176 
65 95 
65 195 
65 187 
65 98 
65 215 
65 53 
65 180 
65 11 
65 94 
65 106 
65 4 
65 107 
65 55 
65 6 
65 90 
65 118 
65 74 
65 150 
65 68 
65 72 
65 119 
65 156 
65 133 
65 35 
65 82 
65 112 
65 163 
65 2 
65 96 
65 19 
65 175 
65 84 
65 75 
65 104 
65 166 
65 197 
65 36 
65 179 
65 122 
65 139 
65 111 
65 127 
65 211 
65 196 
65 114 
65 142 
65 87 
65 49 
65 76 
65 157 
65 151 
65 56 
65 188 
65 101 
65 64 
65 154 
65 201 
65 80 
65 203 
65 88 
65 93 
65 83 
65 191 
65 115 
65 185 
65 113 
65 45 
65 183 
65 8 
65 59 
65 158 
65 212 
65 51 
65 126 
65 130 
65 0 
65 189 
65 17 
65 131 
65 71 
65 86 
65 182 
65 171 
65 173 
65 124 
65 26 
65 172 
65 39 
65 9 
65 66 
65 15 
65 193 
65 164 
65 155 
65 18 
65 92 
65 209 
65 178 
65 162 
65 186 
65 81 
65 194 
65 132 
65 210 
65 190 
65 140 
65 208 
65 129 
65 43 
65 137 
65 3 
65 32 
65 161 
65 63 
65 10 
65 110 
65 44 
65 85 
66 96 
66 23 
66 22 
66 26 
66 120 
66 114 
66 43 
66 153 
66 171 
66 48 
66 170 
66 177 
66 19 
66 214 
66 91 
66 205 
66 99 
66 125 
66 138 
66 41 
66 148 
66 18 
66 29 
66 142 
66 78 
66 202 
66 38 
66 40 
66 90 
66 155 
66 80 
66 83 
66 126 
66 186 
66 70 
66 130 
66 159 
66 52 
66 131 
66 111 
66 74 
66 190 
66 150 
66 169 
66 88 
66 37 
66 210 
66 72 
66 107 
66 122 
66 68 
66 193 
66 81 
66 57 
66 28 
66 160 
66 189 
66 201 
66 15 
66 55 
66 63 
66 27 
66 154 
66 103 
66 165 
66 14 
66 3 
66 132 
66 87 
66 4 
66 39 
66 166 
66 16 
66 93 
66 208 
66 53 
66 9 
66 204 
66 20 
66 113 
66 0 
66 108 
66 49 
66 143 
66 215 
66 31 
66 206 
66 195 
66 56 
66 97 
66 128 
66 118 
66 192 
66 184 
66 183 
66 157 
66 58 
66 152 
66 77 
66 168 
66 116 
66 121 
66 34 
66 60 
66 10 
66 44 
66 61 
66 129 
66 36 
66 199 
66 25 
66 79 
66 110 
66 123 
66 180 
66 69 
66 7 
66 127 
66 161 
66 164 
66 173 
66 185 
66 133 
66 175 
66 196 
66 67 
66 50 
66 62 
66 179 
66 163 
66 2 
66 100 
66 212 
66 182 
66 181 
66 102 
66 92 
66 65 
66 167 
66 73 
66 117 
66 136 
66 104 
66 46 
66 200 
66 112 
66 6 
66 71 
66 209 
66 33 
66 188 
66 86 
66 84 
66 45 
66 1 
66 12 
66 144 
66 207 
66 89 
66 35 
66 54 
66 64 
66 75 
66 194 
66 198 
66 85 
66 124 
66 211 
66 135 
66 151 
67 22 
67 130 
67 75 
67 181 
67 158 
67 121 
67 161 
67 87 
67 5 
67 150 
67 201 
67 137 
67 99 
67 213 
67 8 
67 100 
67 192 
67 7 
67 41 
67 15 
67 152 
67 74 
67 47 
67 16 
67 48 
67 200 
67 56 
67 84 
67 176 
67 103 
67 95 
67 19 
67 55 
67 175 
67 136 
67 160 
67 106 
67 198 
67 168 
67 114 
67 149 
67 92 
67 46 
67 129 
67 116 
67 202 
67 182 
67 77 
67 44 
67 91 
67 203 
67 24 
67 115 
67 93 
67 86 
67 139 
67 164 
67 63 
67 36 
67 98 
67 123 
67 131 
67 183 
67 142 
67 172 
67 12 
67 146 
67 178 
67 1 
67 82 
67 54 
67 135 
67 140 
67 50 
67 40 
67 185 
67 35 
67 211 
67 195 
67 73 
67 11 
67 209 
67 193 
67 105 
67 72 
67 45 
67 189 
67 69 
67 113 
67 207 
67 14 
67 132 
67 133 
67 78 
67 10 
67 165 
67 118 
67 190 
67 197 
67 71 
67 107 
67 170 
67 128 
67 148 
67 171 
67 184 
67 61 
67 125 
67 154 
67 39 
67 199 
67 62 
67 34 
67 124 
67 157 
67 66 
67 90 
67 215 
67 138 
67 141 
67 166 
67 208 
67 187 
67 156 
67 70 
67 18 
67 191 
67 37 
67 2 
67 85 
67 49 
67 83 
67 204 
67 29 
67 196 
67 210 
67 188 
67 60 
67 153 
67 96 
67 194 
67 25 
67 52 
67 28 
67 79 
67 122 
67 145 
67 147 
67 59 
67 89 
67 155 
67 3 
67 127 
67 17 
68 0 
68 78 
68 36 
68 188 
68 15 
68 14 
68 168 
68 40 
68 54 
68 81 
68 89 
68 133 
68 13 
68 215 
68 190 
68 203 
68 200 
68 44 
68 47 
68 79 
68 61 
68 208 
68 6 
68 209 
68 58 
68 2 
68 69 
68 166 
68 24 
68 35 
68 87 
68 80 
68 90 
68 137 
68 60 
68 92 
68 125 
68 154 
68 19 
68 50 
68 11 
68 73 
68 116 
68 191 
68 66 
68 16 
68 122 
68 159 
68 169 
68 39 
68 153 
68 109 
68 177 
68 170 
68 65 
68 91 
68 139 
68 132 
68 7 
68 107 
68 85 
68 42 
68 178 
68 140 
68 158 
68 74 
68 100 
68 146 
68 138 
68 162 
68 49 
68 18 
68 117 
68 4 
68 105 
68 82 
68 63 
68 23 
68 28 
68 72 
68 124 
68 37 
68 196 
68 198 
68 213 
68 31 
68 64 
68 173 
68 121 
68 155 
68 206 
68 88 
68 171 
68 197 
68 53 
68 103 
68 104 
68 70 
68 76 
68 141 
68 204 
68 113 
68 46 
68 3 
68 202 
68 167 
68 96 
68 128 
68 165 
68 52 
68 99 
68 9 
68 210 
68 147 
68 34 
68 20 
68 75 
68 195 
68 126 
68 12 
68 98 
68 207 
68 179 
68 57 
68 48 
68 163 
68 32 
68 192 
68 86 
68 45 
68 8 
68 30 
68 33 
68 194 
68 152 
68 161 
68 97 
68 184 
68 93 
68 62 
68 151 
68 212 
68 108 
68 84 
68 17 
68 164 
68 106 
69 204 
69 176 
69 157 
69 102 
69 98 
69 93 
69 128 
69 118 
69 73 
69 32 
69 75 
69 160 
69 101 
69 133 
69 198 
69 109 
69 34 
69 129 
69 71 
69 2 
69 15 
69 22 
69 40 
69 9 
69 56 
69 6 
69 89 
69 62 
69 154 
69 122 
69 190 
69 37 
69 105 
69 44 
69 205 
69 14 
69 68 
69 138 
69 53 
69 125 
69 29 
69 64 
69 72 
69 177 
69 163 
69 179 
69 155 
69 46 
69 99 
69 142 
69 79 
69 195 
69 175 
69 41 
69 134 
69 38 
69 199 
69 94 
69 181 
69 178 
69 83 
69 104 
69 80 
69 168 
69 209 
69 164 
69 213 
69 158 
69 47 
69 51 
69 59 
69 82 
69 58 
69 70 
69 143 
69 144 
69 211 
69 4 
69 202 
69 85 
69 74 
69 171 
69 33 
69 39 
69 139 
69 207 
69 13 
69 23 
69 214 
69 152 
69 77 
69 100 
69 159 
69 156 
69 81 
69 67 
69 194 
69 149 
69 141 
69 10 
69 97 
69 116 
69 19 
69 113 
69 197 
69 87 
69 66 
69 150 
69 170 
69 48 
69 106 
69 188 
69 35 
69 18 
69 208 
69 43 
69 136 
69 173 
69 131 
69 189 
69 88 
69 174 
69 203 
69 95 
69 123 
69 92 
69 115 
69 108 
69 210 
69 172 
69 121 
69 3 
69 28 
69 146 
69 145 
69 90 
69 54 
69 12 
69 114 
69 7 
69 148 
69 96 
69 112 
69 0 
69 135 
69 185 
69 137 
69 27 
69 186 
69 5 
69 166 
69 60 
69 151 
69 78 
69 49 
69 165 
69 147 
69 86 
70 112 
70 139 
70 184 
70 41 
70 213 
70 78 
70 42 
70 161 
70 60 
70 150 
70 178 
70 85 
70 50 
70 25 
70 108 
70 167 
70 63 
70 135 
70 40 
70 177 
70 171 
70 209 
70 96 
70 126 
70 105 
70 66 
70 173 
70 196 
70 214 
70 65 
70 159 
70 97 
70 210 
70 148 
70 111 
70 21 
70 153 
70 53 
70 160 
70 13 
70 193 
70 87 
70 140 
70 151 
70 43 
70 54 
70 109 
70 113 
70 100 
70 90 
70 162 
70 195 
70 30 
70 207 
70 125 
70 32 
70 143 
70 52 
70 93 
70 121 
70 145 
70 136 
70 9 
70 198 
70 23 
70 147 
70 99 
70 110 
70 86 
70 133 
70 88 
70 69 
70 155 
70 115 
70 174 
70 191 
70 75 
70 118 
70 2 
70 202 
70 179 
70 158 
70 36 
70 182 
70 28 
70 123 
70 94 
70 187 
70 15 
70 205 
70 73 
70 51 
70 134 
70 183 
70 29 
70 3 
70 127 
70 59 
70 83 
70 77 
70 117 
70 16 
70 170 
70 76 
70 38 
70 37 
70 197 
70 34 
70 5 
70 95 
70 68 
70 149 
70 128 
70 55 
70 58 
70 101 
70 154 
70 144 
70 20 
70 156 
70 201 
70 129 
70 137 
70 152 
70 188 
70 192 
70 72 
70 200 
70 131 
70 81 
70 35 
70 124 
70 203 
70 19 
70 49 
70 157 
70 92 
70 14 
70 0 
70 175 
70 62 
70 45 
70 208 
70 27 
70 164 
70 1 
70 67 
70 172 
70 165 
70 107 
70 204 
70 114 
70 138 
70 189 
70 190 
70 116 
70 206 
70 8 
70 106 
70 47 
70 199 
70 166 
70 31 
70 89 
70 24 
70 79 
70 48 
70 10 
70 17 
70 186 
70 7 
70 64 
70 80 
71 5 
71 64 
71 26 
71 15 
71 164 
71 99 
71 38 
71 77 
71 53 
71 143 
71 106 
71 154 
71 161 
71 173 
71 3 
71 160 
71 104 
71 35 
71 40 
71 190 
71 123 
71 162 
71 82 
71 139 
71 6 
71 69 
71 179 
71 87 
71 200 
71 203 
71 112 
71 101 
71 171 
71 32 
71 166 
71 205 
71 181 
71 23 
71 149 
71 125 
71 60 
71 136 
71 96 
71 95 
71 183 
71 0 
71 121 
71 98 
71 30 
71 50 
71 177 
71 2 
71 145 
71 111 
71 109 
71 206 
71 131 
71 92 
71 197 
71 196 
71 88 
71 75 
71 29 
71 172 
71 18 
71 52 
71 33 
71 34 
71 47 
71 212 
71 167 
71 117 
71 147 
71 84 
71 178 
71 127 
71 132 
71 91 
71 86 
71 17 
71 157 
71 24 
71 114 
71 137 
71 214 
71 58 
71 148 
71 4 
71 120 
71 201 
71 130 
71 211 
71 25 
71 195 
71 62 
71 170 
71 210 
71 213 
71 135 
71 57 
71 100 
71 97 
71 187 
71 191 
71 81 
71 185 
71 138 
71 22 
71 67 
71 182 
71 153 
71 37 
71 102 
71 215 
71 110 
71 193 
71 113 
71 78 
71 90 
71 49 
71 14 
71 89 
71 188 
71 198 
71 175 
71 54 
71 51 
71 65 
71 41 
71 141 
71 72 
71 48 
71 119 
71 107 
71 186 
71 189 
71 184 
71 76 
71 12 
71 129 
71 174 
71 199 
71 73 
71 133 
71 156 
71 94 
71 66 
71 8 
71 85 
71 103 
71 118 
71 116 
71 168 
71 93 
71 105 
71 208 
71 19 
71 44 
71 21 
71 11 
71 43 
71 108 
71 158 
71 36 
71 151 
71 59 
71 146 
72 170 
72 10 
72 4 
72 63 
72 162 
72 113 
72 90 
72 116 
72 114 
72 96 
72 87 
72 110 
72 45 
72 103 
72 165 
72 51 
72 3 
72 75 
72 134 
72 34 
72 120 
72 48 
72 168 
72 117 
72 118 
72 84 
72 141 
72 47 
72 171 
72 55 
72 152 
72 138 
72 130 
72 8 
72 1 
72 131 
72 35 
72 132 
72 91 
72 5 
72 80 
72 214 
72 44 
72 49 
72 200 
72 69 
72 14 
72 9 
72 213 
72 197 
72 25 
72 37 
72 208 
72 23 
72 155 
72 20 
72 53 
72 40 
72 39 
72 107 
72 212 
72 209 
72 66 
72 183 
72 82 
72 135 
72 86 
72 13 
72 157 
72 145 
72 184 
72 33 
72 176 
72 127 
72 41 
72 215 
72 100 
72 65 
72 6 
72 24 
72 156 
72 99 
72 195 
72 79 
72 28 
72 92 
72 194 
72 77 
72 7 
72 125 
72 191 
72 121 
72 202 
72 83 
72 56 
72 151 
72 46 
72 150 
72 177 
72 67 
72 0 
72 164 
72 68 
72 2 
72 207 
72 201 
72 179 
72 154 
72 203 
72 196 
72 190 
72 97 
72 205 
72 123 
72 36 
72 11 
72 158 
72 206 
72 30 
72 58 
72 95 
72 142 
72 43 
72 71 
72 146 
72 70 
72 81 
72 52 
72 204 
72 187 
72 136 
72 105 
72 193 
72 178 
72 129 
72 104 
72 161 
72 12 
72 62 
72 19 
72 186 
72 192 
72 22 
72 21 
72 180 
72 89 
72 143 
72 76 
72 102 
72 153 
72 29 
72 210 
72 26 
72 172 
72 42 
72 126 
72 169 
72 128 
72 16 
72 181 
72 144 
73 145 
73 57 
73 140 
73 41 
73 205 
73 152 
73 40 
73 197 
73 101 
73 85 
73 55 
73 115 
73 204 
73 34 
73 170 
73 69 
73 5 
73 143 
73 42 
73 209 
73 28 
73 129 
73 86 
73 176 
73 185 
73 189 
73 168 
73 193 
73 112 
73 23 
73 9 
73 44 
73 13 
73 159 
73 212 
73 106 
73 142 
73 29 
73 121 
73 30 
73 94 
73 206 
73 46 
73 109 
73 154 
73 68 
73 153 
73 35 
73 203 
73 175 
73 49 
73 166 
73 99 
73 31 
73 141 
73 77 
73 61 
73 196 
73 158 
73 60 
73 173 
73 165 
73 177 
73 183 
73 87 
73 136 
73 4 
73 36 
73 97 
73 25 
73 188 
73 62 
73 14 
73 39 
73 95 
73 108 
73 130 
73 15 
73 54 
73 138 
73 67 
73 93 
73 12 
73 43 
73 150 
73 215 
73 191 
73 0 
73 38 
73 198 
73 70 
73 195 
73 201 
73 47 
73 187 
73 81 
73 17 
73 194 
73 160 
73 167 
73 179 
73 122 
73 83 
73 186 
73 124 
73 10 
73 26 
73 131 
73 107 
73 1 
73 111 
73 148 
73 117 
73 59 
73 52 
73 174 
73 149 
73 53 
73 182 
73 84 
73 110 
73 119 
73 180 
73 199 
73 76 
73 147 
73 20 
73 92 
73 79 
73 71 
73 104 
73 2 
73 66 
73 134 
73 91 
73 90 
73 80 
73 157 
73 37 
73 98 
73 161 
73 163 
73 116 
73 18 
73 82 
73 213 
73 120 
73 171 
73 96 
73 135 
73 128 
73 63 
73 156 
73 190 
73 100 
73 88 
73 78 
73 75 
73 214 
73 210 
73 208 
74 80 
74 91 
74 161 
74 60 
74 200 
74 8 
74 126 
74 106 
74 35 
74 0 
74 90 
74 196 
74 103 
74 43 
74 213 
74 15 
74 105 
74 154 
74 125 
74 61 
74 67 
74 144 
74 197 
74 54 
74 167 
74 193 
74 28 
74 145 
74 210 
74 55 
74 165 
74 11 
74 75 
74 202 
74 14 
74 66 
74 5 
74 151 
74 85 
74 189 
74 178 
74 45 
74 207 
74 212 
74 122 
74 100 
74 96 
74 162 
74 118 
74 171 
74 92 
74 168 
74 99 
74 6 
74 89 
74 88 
74 169 
74 187 
74 65 
74 56 
74 12 
74 157 
74 139 
74 95 
74 107 
74 182 
74 20 
74 81 
74 173 
74 10 
74 38 
74 194 
74 83 
74 2 
74 69 
74 68 
74 146 
74 17 
74 136 
74 34 
74 97 
74 108 
74 4 
74 147 
74 158 
74 115 
74 209 
74 199 
74 16 
74 44 
74 82 
74 31 
74 183 
74 172 
74 77 
74 64 
74 18 
74 87 
74 128 
74 206 
74 137 
74 111 
74 119 
74 29 
74 160 
74 49 
74 116 
74 153 
74 184 
74 214 
74 40 
74 39 
74 164 
74 143 
74 150 
74 166 
74 50 
74 59 
74 9 
74 23 
74 152 
74 94 
74 53 
74 58 
74 124 
74 148 
74 63 
74 195 
74 37 
74 22 
74 188 
74 156 
74 114 
74 205 
74 149 
74 102 
74 51 
74 163 
74 121 
74 86 
74 130 
74 204 
74 42 
74 41 
74 201 
74 26 
74 127 
74 176 
74 79 
74 104 
74 159 
74 186 
74 175 
74 191 
74 215 
74 117 
74 1 
74 138 
74 132 
75 139 
75 41 
75 118 
75 67 
75 77 
75 176 
75 126 
75 141 
75 78 
75 160 
75 125 
75 208 
75 69 
75 91 
75 53 
75 123 
75 122 
75 166 
75 72 
75 120 
75 111 
75 168 
75 19 
75 99 
75 151 
75 189 
75 81 
75 5 
75 49 
75 1 
75 89 
75 6 
75 128 
75 14 
75 56 
75 74 
75 175 
75 110 
75 183 
75 100 
75 173 
75 21 
75 115 
75 31 
75 38 
75 52 
75 11 
75 59 
75 124 
75 134 
75 197 
75 133 
75 193 
75 15 
75 95 
75 156 
75 114 
75 46 
75 57 
75 63 
75 18 
75 71 
75 130 
75 203 
75 98 
75 201 
75 179 
75 177 
75 153 
75 186 
75 88 
75 137 
75 65 
75 70 
75 9 
75 7 
75 50 
75 43 
75 136 
75 131 
75 154 
75 213 
75 84 
75 113 
75 159 
75 35 
75 185 
75 40 
75 42 
75 145 
75 86 
75 195 
75 87 
75 205 
75 36 
75 8 
75 60 
75 170 
75 22 
75 28 
75 196 
75 190 
75 209 
75 178 
75 76 
75 64 
75 112 
75 212 
75 80 
75 58 
75 174 
75 184 
75 180 
75 188 
75 206 
75 37 
75 93 
75 135 
75 116 
75 44 
75 39 
75 85 
75 161 
75 211 
75 79 
75 45 
75 96 
75 155 
75 109 
75 68 
75 140 
75 162 
75 167 
75 152 
75 148 
75 147 
75 121 
75 146 
75 187 
75 165 
75 144 
75 158 
75 66 
75 12 
75 27 
75 171 
75 10 
75 73 
75 83 
75 104 
76 158 
76 106 
76 121 
76 176 
76 172 
76 190 
76 140 
76 48 
76 174 
76 28 
76 148 
76 213 
76 156 
76 61 
76 89 
76 82 
76 132 
76 15 
76 187 
76 197 
76 162 
76 131 
76 149 
76 26 
76 0 
76 111 
76 130 
76 36 
76 103 
76 100 
76 14 
76 115 
76 175 
76 184 
76 169 
76 21 
76 96 
76 155 
76 173 
76 45 
76 104 
76 49 
76 81 
76 53 
76 63 
76 55 
76 35 
76 57 
76 58 
76 78 
76 200 
76 23 
76 22 
76 186 
76 206 
76 112 
76 77 
76 97 
76 196 
76 214 
76 109 
76 167 
76 123 
76 99 
76 87 
76 191 
76 110 
76 168 
76 84 
76 177 
76 56 
76 170 
76 91 
76 135 
76 20 
76 152 
76 179 
76 210 
76 10 
76 212 
76 127 
76 209 
76 101 
76 65 
76 27 
76 153 
76 47 
76 128 
76 211 
76 204 
76 60 
76 54 
76 70 
76 139 
76 120 
76 31 
76 62 
76 44 
76 75 
76 98 
76 90 
76 68 
76 93 
76 119 
76 118 
76 215 
76 17 
76 137 
76 133 
76 122 
76 161 
76 29 
76 32 
76 142 
76 160 
76 73 
76 85 
76 4 
76 71 
76 154 
76 202 
76 34 
76 95 
76 125 
76 126 
76 52 
76 51 
76 207 
76 144 
76 19 
76 159 
76 12 
76 80 
76 178 
76 145 
76 2 
76 136 
76 72 
76 194 
76 182 
76 105 
76 124 
76 189 
76 201 
76 208 
76 165 
76 192 
76 92 
76 94 
76 41 
76 16 
76 86 
77 98 
77 130 
77 186 
77 1 
77 71 
77 75 
77 132 
77 123 
77 36 
77 59 
77 10 
77 181 
77 169 
77 103 
77 106 
77 109 
77 114 
77 100 
77 134 
77 62 
77 205 
77 13 
77 209 
77 52 
77 187 
77 138 
77 125 
77 210 
77 108 
77 90 
77 166 
77 4 
77 16 
77 88 
77 65 
77 7 
77 78 
77 27 
77 19 
77 18 
77 156 
77 178 
77 147 
77 140 
77 174 
77 67 
77 80 
77 6 
77 85 
77 39 
77 142 
77 97 
77 76 
77 214 
77 153 
77 135 
77 73 
77 51 
77 3 
77 31 
77 34 
77 24 
77 206 
77 141 
77 128 
77 161 
77 0 
77 54 
77 118 
77 48 
77 84 
77 21 
77 53 
77 208 
77 15 
77 29 
77 72 
77 157 
77 28 
77 49 
77 155 
77 127 
77 207 
77 46 
77 107 
77 162 
77 204 
77 171 
77 47 
77 81 
77 120 
77 69 
77 25 
77 151 
77 91 
77 66 
77 122 
77 32 
77 70 
77 121 
77 116 
77 190 
77 74 
77 12 
77 23 
77 144 
77 79 
77 189 
77 185 
77 199 
77 8 
77 119 
77 60 
77 96 
77 101 
77 2 
77 38 
77 136 
77 184 
77 215 
77 126 
77 143 
77 94 
77 105 
77 92 
77 137 
77 192 
77 110 
77 175 
77 159 
77 95 
77 202 
77 37 
77 176 
77 165 
77 173 
77 145 
77 5 
77 56 
77 146 
77 212 
77 30 
77 41 
77 112 
77 163 
77 213 
77 193 
77 26 
77 99 
77 133 
77 131 
77 117 
77 195 
77 64 
77 40 
77 200 
77 129 
77 203 
77 87 
77 182 
77 104 
77 57 
77 152 
77 20 
77 33 
77 124 
77 82 
77 111 
77 61 
77 83 
78 11 
78 1 
78 53 
78 68 
78 47 
78 59 
78 208 
78 137 
78 75 
78 99 
78 65 
78 70 
78 98 
78 62 
78 51 
78 215 
78 100 
78 143 
78 16 
78 60 
78 82 
78 127 
78 133 
78 196 
78 32 
78 142 
78 109 
78 66 
78 160 
78 141 
78 151 
78 48 
78 170 
78 17 
78 181 
78 10 
78 128 
78 138 
78 9 
78 197 
78 156 
78 104 
78 214 
78 125 
78 77 
78 159 
78 162 
78 207 
78 130 
78 110 
78 76 
78 149 
78 61 
78 210 
78 50 
78 111 
78 205 
78 36 
78 198 
78 86 
78 43 
78 14 
78 108 
78 91 
78 124 
78 123 
78 182 
78 180 
78 55 
78 169 
78 89 
78 2 
78 20 
78 190 
78 150 
78 209 
78 155 
78 118 
78 79 
78 25 
78 174 
78 88 
78 176 
78 21 
78 115 
78 22 
78 147 
78 187 
78 164 
78 105 
78 106 
78 136 
78 15 
78 67 
78 0 
78 132 
78 41 
78 90 
78 189 
78 140 
78 57 
78 177 
78 186 
78 56 
78 71 
78 52 
78 203 
78 29 
78 179 
78 102 
78 23 
78 58 
78 18 
78 97 
78 64 
78 34 
78 154 
78 39 
78 49 
78 5 
78 168 
78 171 
78 44 
78 184 
78 38 
78 192 
78 33 
78 116 
78 148 
78 165 
78 45 
78 178 
78 81 
78 153 
78 6 
78 185 
78 113 
78 19 
78 126 
78 24 
78 212 
78 107 
78 211 
78 146 
78 120 
78 163 
78 213 
78 63 
78 31 
78 35 
78 80 
78 200 
78 204 
78 114 
78 199 
78 112 
78 3 
78 69 
78 117 
78 157 
78 84 
78 73 
78 202 
78 175 
78 92 
78 201 
78 145 
79 111 
79 63 
79 162 
79 24 
79 145 
79 30 
79 155 
79 208 
79 143 
79 135 
79 58 
79 161 
79 119 
79 113 
79 180 
79 130 
79 170 
79 89 
79 214 
79 152 
79 43 
79 163 
79 52 
79 35 
79 150 
79 168 
79 175 
79 48 
79 18 
79 68 
79 167 
79 142 
79 39 
79 159 
79 151 
79 147 
79 178 
79 188 
79 114 
79 16 
79 69 
79 176 
79 85 
79 194 
79 132 
79 202 
79 112 
79 65 
79 105 
79 210 
79 160 
79 196 
79 211 
79 46 
79 61 
79 207 
79 107 
79 31 
79 182 
79 109 
79 141 
79 72 
79 172 
79 190 
79 101 
79 83 
79 50 
79 201 
79 183 
79 26 
79 27 
79 53 
79 204 
79 181 
79 82 
79 166 
79 28 
79 205 
79 78 
79 54 
79 59 
79 117 
79 149 
79 99 
79 41 
79 102 
79 20 
79 138 
79 157 
79 177 
79 87 
79 158 
79 77 
79 124 
79 131 
79 139 
79 192 
79 187 
79 25 
79 66 
79 14 
79 0 
79 23 
79 118 
79 4 
79 2 
79 33 
79 165 
79 154 
79 104 
79 148 
79 110 
79 174 
79 133 
79 96 
79 56 
79 137 
79 10 
79 199 
79 80 
79 73 
79 206 
79 128 
79 189 
79 127 
79 75 
79 3 
79 9 
79 144 
79 98 
79 100 
79 93 
79 209 
79 212 
79 42 
79 22 
79 21 
79 36 
79 13 
79 184 
79 198 
79 153 
79 67 
79 74 
79 47 
79 195 
79 70 
79 97 
79 6 
79 64 
79 115 
79 191 
79 116 
79 108 
79 95 
79 51 
80 74 
80 38 
80 115 
80 150 
80 22 
80 25 
80 130 
80 43 
80 148 
80 91 
80 8 
80 96 
80 164 
80 85 
80 168 
80 88 
80 5 
80 89 
80 27 
80 39 
80 129 
80 60 
80 205 
80 113 
80 123 
80 51 
80 66 
80 209 
80 50 
80 183 
80 149 
80 192 
80 201 
80 72 
80 84 
80 202 
80 165 
80 11 
80 99 
80 137 
80 163 
80 186 
80 15 
80 55 
80 215 
80 68 
80 28 
80 166 
80 158 
80 17 
80 14 
80 42 
80 21 
80 2 
80 46 
80 169 
80 77 
80 134 
80 197 
80 40 
80 69 
80 195 
80 131 
80 32 
80 101 
80 1 
80 64 
80 106 
80 122 
80 0 
80 175 
80 81 
80 90 
80 118 
80 97 
80 107 
80 23 
80 172 
80 203 
80 155 
80 92 
80 52 
80 112 
80 24 
80 82 
80 162 
80 86 
80 94 
80 37 
80 138 
80 187 
80 184 
80 111 
80 146 
80 121 
80 204 
80 152 
80 178 
80 173 
80 140 
80 65 
80 126 
80 104 
80 18 
80 193 
80 147 
80 206 
80 10 
80 116 
80 108 
80 44 
80 136 
80 75 
80 142 
80 109 
80 132 
80 98 
80 170 
80 208 
80 145 
80 200 
80 20 
80 16 
80 210 
80 3 
80 139 
80 135 
80 214 
80 79 
80 160 
80 194 
80 26 
80 61 
80 31 
80 133 
80 63 
80 124 
80 114 
80 45 
80 9 
80 196 
80 211 
80 73 
80 29 
80 59 
80 87 
80 141 
80 76 
80 143 
80 36 
80 57 
80 78 
80 125 
80 95 
80 12 
80 117 
80 189 
80 176 
80 4 
80 119 
80 190 
80 70 
81 194 
81 4 
81 193 
81 26 
81 206 
81 3 
81 29 
81 95 
81 42 
81 192 
81 110 
81 106 
81 154 
81 179 
81 68 
81 14 
81 164 
81 94 
81 45 
81 8 
81 99 
81 39 
81 214 
81 205 
81 108 
81 75 
81 191 
81 57 
81 5 
81 2 
81 23 
81 128 
81 13 
81 177 
81 1 
81 20 
81 150 
81 195 
81 190 
81 115 
81 156 
81 100 
81 76 
81 155 
81 135 
81 203 
81 129 
81 130 
81 149 
81 131 
81 66 
81 84 
81 144 
81 139 
81 46 
81 15 
81 87 
81 97 
81 202 
81 35 
81 50 
81 105 
81 159 
81 34 
81 28 
81 137 
81 80 
81 133 
81 74 
81 86 
81 198 
81 0 
81 127 
81 52 
81 183 
81 18 
81 102 
81 161 
81 196 
81 120 
81 77 
81 61 
81 118 
81 209 
81 143 
81 40 
81 73 
81 126 
81 10 
81 88 
81 69 
81 125 
81 9 
81 16 
81 30 
81 147 
81 64 
81 53 
81 90 
81 197 
81 113 
81 185 
81 12 
81 136 
81 71 
81 83 
81 62 
81 56 
81 162 
81 96 
81 172 
81 148 
81 60 
81 121 
81 82 
81 175 
81 41 
81 122 
81 204 
81 59 
81 134 
81 63 
81 215 
81 211 
81 93 
81 181 
81 158 
81 22 
81 24 
81 171 
81 72 
81 70 
81 92 
81 188 
81 43 
81 78 
81 114 
81 200 
81 178 
81 32 
81 37 
81 25 
81 176 
81 141 
81 111 
81 138 
81 119 
81 21 
81 152 
81 65 
81 184 
81 85 
81 146 
81 173 
81 208 
81 55 
81 140 
81 47 
81 36 
81 11 
81 201 
81 44 
81 163 
81 186 
81 109 
81 157 
82 138 
82 46 
82 129 
82 100 
82 121 
82 150 
82 199 
82 211 
82 204 
82 91 
82 54 
82 163 
82 50 
82 59 
82 21 
82 187 
82 208 
82 76 
82 139 
82 105 
82 71 
82 197 
82 178 
82 78 
82 39 
82 126 
82 144 
82 151 
82 213 
82 89 
82 7 
82 45 
82 18 
82 55 
82 87 
82 181 
82 165 
82 57 
82 108 
82 51 
82 122 
82 198 
82 154 
82 20 
82 56 
82 84 
82 44 
82 205 
82 169 
82 38 
82 209 
82 72 
82 85 
82 210 
82 11 
82 161 
82 88 
82 97 
82 125 
82 15 
82 3 
82 65 
82 145 
82 69 
82 67 
82 190 
82 2 
82 30 
82 33 
82 36 
82 192 
82 19 
82 172 
82 64 
82 196 
82 191 
82 186 
82 79 
82 28 
82 48 
82 80 
82 136 
82 34 
82 42 
82 68 
82 24 
82 12 
82 1 
82 171 
82 74 
82 137 
82 141 
82 111 
82 164 
82 123 
82 200 
82 162 
82 173 
82 177 
82 81 
82 134 
82 207 
82 180 
82 152 
82 37 
82 101 
82 13 
82 83 
82 132 
82 202 
82 127 
82 158 
82 160 
82 193 
82 25 
82 61 
82 135 
82 43 
82 6 
82 183 
82 22 
82 176 
82 203 
82 47 
82 14 
82 0 
82 90 
82 156 
82 17 
82 175 
82 102 
82 60 
82 16 
82 142 
82 148 
82 103 
82 58 
82 157 
82 40 
82 214 
82 41 
82 107 
82 35 
82 166 
82 9 
82 26 
82 118 
82 73 
82 147 
82 155 
82 114 
82 115 
82 194 
82 179 
82 86 
82 5 
82 119 
82 206 
82 77 
82 153 
82 131 
82 106 
82 215 
83 180 
83 128 
83 86 
83 178 
83 49 
83 116 
83 165 
83 115 
83 46 
83 154 
83 183 
83 147 
83 207 
83 25 
83 31 
83 88 
83 188 
83 169 
83 137 
83 3 
83 161 
83 122 
83 127 
83 153 
83 59 
83 141 
83 66 
83 150 
83 200 
83 146 
83 184 
83 191 
83 37 
83 186 
83 0 
83 143 
83 32 
83 41 
83 210 
83 204 
83 87 
83 23 
83 12 
83 26 
83 176 
83 90 
83 21 
83 69 
83 98 
83 134 
83 54 
83 123 
83 185 
83 6 
83 149 
83 163 
83 182 
83 11 
83 34 
83 172 
83 130 
83 79 
83 74 
83 132 
83 108 
83 5 
83 58 
83 100 
83 199 
83 72 
83 158 
83 155 
83 97 
83 215 
83 30 
83 93 
83 89 
83 113 
83 96 
83 164 
83 45 
83 70 
83 187 
83 91 
83 94 
83 73 
83 81 
83 51 
83 38 
83 65 
83 156 
83 196 
83 1 
83 139 
83 203 
83 82 
83 35 
83 212 
83 168 
83 175 
83 29 
83 22 
83 174 
83 9 
83 126 
83 166 
83 101 
83 110 
83 7 
83 62 
83 162 
83 135 
83 55 
83 24 
83 120 
83 201 
83 148 
83 16 
83 99 
83 84 
83 111 
83 52 
83 39 
83 179 
83 33 
83 193 
83 211 
83 107 
83 138 
83 112 
83 142 
83 136 
83 43 
83 67 
83 44 
83 18 
83 195 
83 214 
83 40 
83 151 
83 167 
83 125 
83 209 
83 159 
83 50 
83 85 
83 77 
83 170 
83 75 
83 190 
84 59 
84 153 
84 96 
84 195 
84 21 
84 116 
84 206 
84 175 
84 149 
84 138 
84 46 
84 120 
84 26 
84 29 
84 170 
84 168 
84 41 
84 177 
84 209 
84 207 
84 101 
84 72 
84 40 
84 107 
84 202 
84 181 
84 142 
84 140 
84 67 
84 95 
84 13 
84 112 
84 80 
84 1 
84 51 
84 92 
84 163 
84 156 
84 97 
84 32 
84 31 
84 165 
84 214 
84 25 
84 125 
84 162 
84 82 
84 182 
84 16 
84 152 
84 58 
84 63 
84 159 
84 171 
84 100 
84 122 
84 144 
84 3 
84 81 
84 139 
84 176 
84 94 
84 169 
84 180 
84 49 
84 117 
84 103 
84 189 
84 10 
84 108 
84 213 
84 87 
84 71 
84 130 
84 185 
84 55 
84 36 
84 102 
84 89 
84 106 
84 158 
84 61 
84 22 
84 43 
84 65 
84 77 
84 76 
84 123 
84 15 
84 136 
84 105 
84 126 
84 56 
84 39 
84 129 
84 90 
84 111 
84 188 
84 54 
84 60 
84 75 
84 167 
84 62 
84 50 
84 184 
84 193 
84 157 
84 211 
84 194 
84 172 
84 44 
84 197 
84 173 
84 23 
84 215 
84 115 
84 186 
84 174 
84 161 
84 2 
84 143 
84 150 
84 127 
84 154 
84 38 
84 93 
84 86 
84 121 
84 48 
84 42 
84 73 
84 128 
84 57 
84 118 
84 179 
84 137 
84 20 
84 19 
84 28 
84 99 
84 98 
84 83 
84 114 
84 191 
84 135 
84 141 
84 124 
84 88 
84 212 
84 196 
84 131 
84 14 
84 66 
84 34 
84 91 
84 148 
84 203 
84 30 
84 53 
84 109 
84 11 
84 78 
84 24 
84 166 
84 35 
84 68 
84 7 
84 27 
85 116 
85 47 
85 4 
85 107 
85 92 
85 197 
85 113 
85 25 
85 73 
85 160 
85 12 
85 60 
85 27 
85 89 
85 207 
85 165 
85 206 
85 56 
85 147 
85 124 
85 167 
85 186 
85 80 
85 97 
85 163 
85 70 
85 145 
85 41 
85 15 
85 180 
85 184 
85 144 
85 170 
85 50 
85 176 
85 117 
85 173 
85 183 
85 118 
85 152 
85 121 
85 23 
85 74 
85 211 
85 178 
85 79 
85 114 
85 10 
85 143 
85 134 
85 189 
85 30 
85 164 
85 77 
85 82 
85 0 
85 55 
85 86 
85 35 
85 26 
85 112 
85 185 
85 194 
85 125 
85 57 
85 98 
85 34 
85 43 
85 205 
85 68 
85 214 
85 157 
85 111 
85 69 
85 210 
85 103 
85 195 
85 199 
85 110 
85 29 
85 181 
85 105 
85 137 
85 94 
85 58 
85 109 
85 132 
85 191 
85 52 
85 196 
85 20 
85 102 
85 28 
85 168 
85 90 
85 177 
85 154 
85 61 
85 179 
85 39 
85 203 
85 31 
85 161 
85 22 
85 169 
85 8 
85 129 
85 201 
85 33 
85 9 
85 36 
85 95 
85 175 
85 115 
85 171 
85 131 
85 42 
85 76 
85 127 
85 187 
85 96 
85 158 
85 44 
85 140 
85 48 
85 5 
85 106 
85 13 
85 75 
85 146 
85 91 
85 104 
85 37 
85 14 
85 198 
85 188 
85 88 
85 67 
85 40 
85 46 
85 7 
85 71 
85 212 
85 139 
85 122 
85 151 
85 213 
85 123 
85 81 
85 32 
85 190 
85 6 
85 138 
85 62 
85 120 
85 149 
85 17 
85 153 
85 204 
85 66 
85 155 
85 93 
85 64 
85 87 
85 141 
85 108 
85 83 
85 65 
85 172 
86 180 
86 48 
86 83 
86 147 
86 183 
86 174 
86 3 
86 112 
86 5 
86 182 
86 159 
86 62 
86 87 
86 97 
86 39 
86 102 
86 2 
86 130 
86 103 
86 11 
86 49 
86 105 
86 0 
86 51 
86 73 
86 190 
86 188 
86 153 
86 111 
86 104 
86 21 
86 60 
86 10 
86 184 
86 163 
86 107 
86 57 
86 25 
86 141 
86 161 
86 200 
86 35 
86 30 
86 106 
86 17 
86 119 
86 204 
86 150 
86 19 
86 9 
86 144 
86 64 
86 99 
86 23 
86 72 
86 67 
86 85 
86 126 
86 89 
86 154 
86 193 
86 78 
86 46 
86 59 
86 43 
86 70 
86 14 
86 114 
86 203 
86 176 
86 205 
86 173 
86 81 
86 143 
86 71 
86 206 
86 195 
86 56 
86 32 
86 34 
86 178 
86 155 
86 98 
86 27 
86 101 
86 136 
86 95 
86 80 
86 117 
86 129 
86 186 
86 55 
86 63 
86 96 
86 75 
86 122 
86 36 
86 134 
86 152 
86 169 
86 53 
86 42 
86 26 
86 185 
86 196 
86 54 
86 58 
86 33 
86 109 
86 92 
86 138 
86 166 
86 84 
86 170 
86 146 
86 100 
86 40 
86 65 
86 145 
86 164 
86 212 
86 121 
86 151 
86 13 
86 139 
86 207 
86 181 
86 45 
86 113 
86 108 
86 131 
86 156 
86 123 
86 16 
86 210 
86 29 
86 88 
86 68 
86 133 
86 66 
86 189 
86 74 
86 18 
86 128 
86 15 
86 28 
86 82 
86 211 
86 115 
86 168 
86 69 
86 93 
86 198 
86 148 
86 76 
86 177 
87 214 
87 29 
87 112 
87 162 
87 105 
87 86 
87 67 
87 175 
87 72 
87 53 
87 158 
87 159 
87 142 
87 3 
87 55 
87 94 
87 136 
87 103 
87 35 
87 71 
87 61 
87 90 
87 63 
87 143 
87 161 
87 15 
87 195 
87 127 
87 209 
87 128 
87 208 
87 4 
87 201 
87 181 
87 203 
87 199 
87 5 
87 34 
87 21 
87 163 
87 82 
87 59 
87 96 
87 31 
87 44 
87 14 
87 108 
87 154 
87 13 
87 138 
87 119 
87 132 
87 68 
87 189 
87 52 
87 70 
87 156 
87 129 
87 200 
87 144 
87 83 
87 133 
87 207 
87 88 
87 166 
87 204 
87 2 
87 150 
87 197 
87 7 
87 196 
87 186 
87 50 
87 81 
87 114 
87 179 
87 140 
87 130 
87 73 
87 66 
87 84 
87 180 
87 76 
87 167 
87 124 
87 118 
87 17 
87 131 
87 139 
87 43 
87 51 
87 99 
87 152 
87 38 
87 141 
87 54 
87 9 
87 8 
87 27 
87 176 
87 1 
87 164 
87 178 
87 93 
87 211 
87 26 
87 25 
87 174 
87 101 
87 65 
87 121 
87 22 
87 111 
87 20 
87 42 
87 202 
87 19 
87 165 
87 56 
87 79 
87 74 
87 48 
87 75 
87 109 
87 185 
87 190 
87 69 
87 58 
87 173 
87 32 
87 126 
87 47 
87 33 
87 194 
87 100 
87 172 
87 187 
87 10 
87 213 
87 149 
87 11 
87 36 
87 177 
87 92 
87 146 
87 125 
87 147 
87 212 
87 37 
87 215 
87 95 
87 12 
87 123 
87 192 
87 168 
87 110 
87 120 
87 80 
87 137 
87 153 
87 115 
87 77 
87 151 
87 107 
87 98 
87 169 
87 117 
87 198 
87 170 
87 157 
87 85 
87 40 
87 122 
87 30 
87 6 
88 122 
88 135 
88 175 
88 101 
88 198 
88 143 
88 194 
88 124 
88 19 
88 128 
88 12 
88 146 
88 102 
88 47 
88 179 
88 180 
88 32 
88 60 
88 121 
88 31 
88 80 
88 83 
88 187 
88 53 
88 54 
88 62 
88 206 
88 95 
88 189 
88 201 
88 33 
88 117 
88 3 
88 123 
88 139 
88 39 
88 186 
88 77 
88 66 
88 36 
88 87 
88 114 
88 125 
88 158 
88 167 
88 203 
88 115 
88 61 
88 111 
88 151 
88 71 
88 174 
88 134 
88 165 
88 82 
88 74 
88 17 
88 29 
88 22 
88 130 
88 120 
88 70 
88 172 
88 28 
88 51 
88 75 
88 204 
88 110 
88 23 
88 92 
88 161 
88 89 
88 184 
88 46 
88 2 
88 96 
88 150 
88 211 
88 138 
88 210 
88 78 
88 93 
88 142 
88 157 
88 188 
88 81 
88 20 
88 97 
88 45 
88 113 
88 196 
88 10 
88 35 
88 147 
88 118 
88 14 
88 65 
88 166 
88 199 
88 68 
88 127 
88 99 
88 215 
88 109 
88 191 
88 154 
88 105 
88 153 
88 30 
88 91 
88 108 
88 176 
88 59 
88 190 
88 116 
88 173 
88 57 
88 4 
88 42 
88 162 
88 168 
88 140 
88 7 
88 69 
88 185 
88 44 
88 18 
88 9 
88 38 
88 41 
88 50 
88 160 
88 104 
88 195 
88 5 
88 84 
88 112 
88 159 
88 136 
88 49 
88 85 
88 24 
88 26 
88 149 
88 193 
88 164 
88 171 
88 86 
88 181 
88 208 
88 27 
88 58 
88 148 
88 177 
88 144 
88 11 
88 126 
88 13 
88 73 
88 25 
88 205 
89 44 
89 31 
89 43 
89 37 
89 6 
89 18 
89 65 
89 209 
89 51 
89 134 
89 19 
89 161 
89 172 
89 109 
89 30 
89 76 
89 85 
89 68 
89 186 
89 93 
89 79 
89 190 
89 80 
89 60 
89 91 
89 154 
89 169 
89 215 
89 69 
89 121 
89 82 
89 32 
89 27 
89 201 
89 125 
89 114 
89 75 
89 156 
89 94 
89 22 
89 29 
89 95 
89 168 
89 200 
89 197 
89 50 
89 152 
89 174 
89 122 
89 3 
89 47 
89 162 
89 179 
89 184 
89 24 
89 106 
89 48 
89 13 
89 165 
89 199 
89 46 
89 86 
89 158 
89 92 
89 74 
89 133 
89 1 
89 33 
89 204 
89 98 
89 14 
89 78 
89 203 
89 84 
89 112 
89 123 
89 136 
89 107 
89 21 
89 188 
89 64 
89 166 
89 88 
89 118 
89 212 
89 7 
89 164 
89 105 
89 139 
89 83 
89 62 
89 2 
89 49 
89 183 
89 178 
89 170 
89 176 
89 153 
89 41 
89 0 
89 193 
89 198 
89 12 
89 96 
89 211 
89 180 
89 115 
89 120 
89 5 
89 25 
89 195 
89 132 
89 175 
89 141 
89 11 
89 63 
89 142 
89 100 
89 26 
89 159 
89 71 
89 36 
89 163 
89 129 
89 53 
89 173 
89 208 
89 213 
89 196 
89 28 
89 54 
89 23 
89 103 
89 144 
89 110 
89 40 
89 8 
89 157 
89 192 
89 42 
89 17 
89 191 
89 181 
89 104 
89 126 
89 116 
89 189 
89 56 
89 119 
89 16 
89 39 
89 72 
89 35 
89 66 
89 111 
89 59 
89 70 
89 202 
89 101 
89 140 
89 67 
89 210 
89 146 
89 214 
90 61 
90 101 
90 198 
90 114 
90 72 
90 189 
90 49 
90 74 
90 161 
90 14 
90 37 
90 26 
90 179 
90 142 
90 102 
90 116 
90 149 
90 208 
90 105 
90 87 
90 181 
90 0 
90 128 
90 153 
90 25 
90 158 
90 106 
90 173 
90 150 
90 96 
90 124 
90 66 
90 95 
90 178 
90 77 
90 194 
90 45 
90 10 
90 109 
90 168 
90 165 
90 60 
90 68 
90 33 
90 177 
90 110 
90 195 
90 127 
90 111 
90 125 
90 202 
90 70 
90 22 
90 115 
90 83 
90 186 
90 180 
90 182 
90 141 
90 34 
90 117 
90 11 
90 65 
90 129 
90 169 
90 170 
90 93 
90 113 
90 80 
90 147 
90 193 
90 97 
90 53 
90 144 
90 28 
90 100 
90 31 
90 2 
90 92 
90 134 
90 160 
90 203 
90 200 
90 214 
90 17 
90 48 
90 4 
90 123 
90 16 
90 84 
90 130 
90 50 
90 46 
90 133 
90 215 
90 207 
90 206 
90 197 
90 166 
90 121 
90 98 
90 122 
90 81 
90 196 
90 135 
90 32 
90 157 
90 190 
90 176 
90 85 
90 78 
90 59 
90 38 
90 42 
90 18 
90 71 
90 1 
90 76 
90 15 
90 47 
90 43 
90 58 
90 185 
90 29 
90 146 
90 41 
90 145 
90 27 
90 94 
90 44 
90 67 
90 191 
90 152 
90 82 
90 209 
90 40 
90 21 
90 183 
90 210 
90 69 
90 3 
90 99 
90 171 
90 143 
90 73 
90 23 
90 126 
90 131 
90 212 
90 118 
90 148 
90 108 
90 62 
90 103 
90 172 
90 6 
90 138 
90 151 
90 132 
90 139 
90 54 
90 30 
90 56 
90 7 
90 119 
90 91 
90 211 
90 140 
90 8 
91 37 
91 74 
91 152 
91 150 
91 56 
91 164 
91 82 
91 21 
91 160 
91 52 
91 17 
91 75 
91 93 
91 188 
91 80 
91 145 
91 196 
91 66 
91 136 
91 182 
91 133 
91 65 
91 212 
91 205 
91 92 
91 171 
91 89 
91 23 
91 98 
91 138 
91 7 
91 165 
91 116 
91 130 
91 38 
91 141 
91 57 
91 111 
91 201 
91 72 
91 60 
91 36 
91 158 
91 114 
91 27 
91 103 
91 162 
91 199 
91 203 
91 122 
91 1 
91 127 
91 96 
91 124 
91 32 
91 19 
91 12 
91 67 
91 157 
91 14 
91 109 
91 137 
91 132 
91 177 
91 15 
91 112 
91 204 
91 61 
91 184 
91 115 
91 68 
91 170 
91 78 
91 22 
91 147 
91 194 
91 71 
91 5 
91 76 
91 121 
91 176 
91 51 
91 213 
91 183 
91 13 
91 35 
91 77 
91 149 
91 0 
91 83 
91 168 
91 206 
91 110 
91 3 
91 181 
91 16 
91 186 
91 18 
91 209 
91 28 
91 192 
91 156 
91 100 
91 95 
91 10 
91 208 
91 64 
91 88 
91 6 
91 62 
91 33 
91 53 
91 11 
91 45 
91 46 
91 210 
91 44 
91 123 
91 142 
91 174 
91 215 
91 48 
91 172 
91 134 
91 85 
91 193 
91 195 
91 101 
91 143 
91 50 
91 175 
91 148 
91 97 
91 73 
91 190 
91 26 
91 207 
91 49 
91 8 
91 31 
91 167 
91 180 
91 163 
91 29 
91 25 
91 159 
91 169 
91 161 
91 9 
91 84 
91 43 
91 129 
91 40 
91 120 
91 30 
91 90 
91 47 
91 128 
92 215 
92 59 
92 168 
92 50 
92 85 
92 62 
92 188 
92 125 
92 9 
92 138 
92 98 
92 3 
92 10 
92 30 
92 158 
92 2 
92 184 
92 198 
92 127 
92 172 
92 132 
92 91 
92 160 
92 186 
92 209 
92 169 
92 130 
92 1 
92 208 
92 176 
92 25 
92 22 
92 36 
92 43 
92 93 
92 103 
92 200 
92 41 
92 84 
92 51 
92 94 
92 134 
92 45 
92 60 
92 54 
92 212 
92 116 
92 68 
92 35 
92 67 
92 6 
92 97 
92 155 
92 170 
92 204 
92 114 
92 71 
92 128 
92 193 
92 171 
92 137 
92 53 
92 74 
92 46 
92 117 
92 175 
92 89 
92 163 
92 157 
92 164 
92 48 
92 110 
92 197 
92 109 
92 90 
92 44 
92 72 
92 199 
92 88 
92 80 
92 33 
92 136 
92 111 
92 113 
92 192 
92 7 
92 124 
92 16 
92 27 
92 5 
92 135 
92 133 
92 173 
92 210 
92 203 
92 126 
92 139 
92 23 
92 112 
92 47 
92 49 
92 194 
92 19 
92 156 
92 100 
92 106 
92 196 
92 153 
92 142 
92 86 
92 31 
92 0 
92 95 
92 77 
92 140 
92 165 
92 21 
92 104 
92 52 
92 151 
92 99 
92 29 
92 37 
92 17 
92 206 
92 73 
92 87 
92 69 
92 70 
92 81 
92 18 
92 214 
92 66 
92 213 
92 180 
92 190 
92 107 
92 150 
92 183 
92 129 
92 65 
92 121 
92 118 
92 149 
92 161 
92 12 
92 162 
92 115 
92 11 
92 8 
92 144 
92 55 
92 207 
92 61 
92 32 
92 24 
92 34 
92 185 
92 38 
92 201 
92 123 
92 131 
92 191 
92 167 
92 76 
92 78 
93 102 
93 182 
93 203 
93 64 
93 192 
93 214 
93 139 
93 164 
93 69 
93 101 
93 27 
93 110 
93 91 
93 212 
93 57 
93 127 
93 108 
93 106 
93 89 
93 96 
93 179 
93 195 
93 112 
93 183 
93 0 
93 97 
93 126 
93 61 
93 205 
93 38 
93 107 
93 104 
93 185 
93 94 
93 92 
93 28 
93 210 
93 171 
93 168 
93 7 
93 178 
93 172 
93 186 
93 180 
93 196 
93 120 
93 19 
93 9 
93 145 
93 150 
93 95 
93 16 
93 188 
93 35 
93 62 
93 24 
93 59 
93 67 
93 151 
93 70 
93 11 
93 133 
93 14 
93 200 
93 124 
93 209 
93 207 
93 170 
93 138 
93 147 
93 90 
93 176 
93 142 
93 66 
93 154 
93 161 
93 158 
93 153 
93 160 
93 54 
93 32 
93 159 
93 4 
93 73 
93 30 
93 143 
93 114 
93 140 
93 18 
93 87 
93 144 
93 5 
93 10 
93 55 
93 41 
93 165 
93 115 
93 88 
93 128 
93 44 
93 83 
93 134 
93 2 
93 149 
93 25 
93 199 
93 184 
93 49 
93 121 
93 65 
93 131 
93 187 
93 111 
93 175 
93 76 
93 141 
93 1 
93 146 
93 12 
93 84 
93 194 
93 3 
93 123 
93 116 
93 152 
93 81 
93 173 
93 166 
93 75 
93 130 
93 63 
93 208 
93 190 
93 43 
93 156 
93 52 
93 125 
93 17 
93 29 
93 135 
93 201 
93 20 
93 34 
93 213 
93 51 
93 79 
93 193 
93 167 
93 98 
93 174 
93 163 
93 45 
93 15 
93 71 
93 132 
93 103 
93 119 
93 169 
93 177 
93 105 
93 39 
93 68 
93 85 
93 155 
93 148 
93 162 
93 99 
93 13 
93 86 
93 31 
94 150 
94 171 
94 159 
94 26 
94 135 
94 63 
94 162 
94 5 
94 176 
94 209 
94 52 
94 153 
94 25 
94 184 
94 104 
94 87 
94 2 
94 81 
94 21 
94 110 
94 13 
94 112 
94 18 
94 182 
94 173 
94 29 
94 46 
94 151 
94 49 
94 116 
94 113 
94 190 
94 213 
94 189 
94 48 
94 17 
94 43 
94 180 
94 93 
94 89 
94 201 
94 187 
94 160 
94 191 
94 55 
94 58 
94 92 
94 41 
94 200 
94 115 
94 4 
94 57 
94 16 
94 107 
94 140 
94 146 
94 73 
94 172 
94 137 
94 130 
94 103 
94 154 
94 196 
94 59 
94 69 
94 126 
94 145 
94 84 
94 65 
94 47 
94 181 
94 27 
94 206 
94 45 
94 62 
94 9 
94 42 
94 32 
94 166 
94 127 
94 195 
94 155 
94 215 
94 169 
94 170 
94 117 
94 102 
94 132 
94 197 
94 194 
94 141 
94 80 
94 70 
94 105 
94 85 
94 207 
94 203 
94 114 
94 133 
94 148 
94 83 
94 121 
94 44 
94 22 
94 64 
94 158 
94 7 
94 106 
94 19 
94 51 
94 142 
94 99 
94 179 
94 138 
94 163 
94 53 
94 77 
94 147 
94 157 
94 175 
94 90 
94 122 
94 35 
94 97 
94 31 
94 33 
94 167 
94 74 
94 111 
94 10 
94 61 
94 212 
94 129 
94 144 
94 136 
94 168 
94 71 
94 109 
94 101 
94 30 
94 177 
94 24 
94 143 
94 20 
94 199 
94 202 
94 124 
94 6 
94 98 
94 39 
94 210 
94 123 
94 76 
95 3 
95 5 
95 157 
95 213 
95 145 
95 124 
95 102 
95 24 
95 130 
95 81 
95 129 
95 99 
95 98 
95 199 
95 116 
95 119 
95 128 
95 42 
95 212 
95 175 
95 22 
95 132 
95 52 
95 126 
95 150 
95 133 
95 2 
95 147 
95 195 
95 97 
95 6 
95 88 
95 84 
95 67 
95 90 
95 211 
95 109 
95 71 
95 89 
95 152 
95 7 
95 16 
95 50 
95 168 
95 23 
95 187 
95 62 
95 18 
95 37 
95 93 
95 197 
95 28 
95 135 
95 65 
95 144 
95 127 
95 75 
95 170 
95 205 
95 138 
95 214 
95 21 
95 180 
95 13 
95 74 
95 47 
95 12 
95 174 
95 104 
95 148 
95 182 
95 73 
95 177 
95 25 
95 103 
95 38 
95 49 
95 202 
95 40 
95 57 
95 86 
95 51 
95 39 
95 107 
95 58 
95 61 
95 100 
95 166 
95 44 
95 64 
95 134 
95 59 
95 46 
95 209 
95 153 
95 70 
95 200 
95 48 
95 207 
95 91 
95 33 
95 32 
95 181 
95 41 
95 72 
95 122 
95 85 
95 163 
95 117 
95 92 
95 54 
95 190 
95 0 
95 121 
95 185 
95 77 
95 30 
95 53 
95 143 
95 105 
95 139 
95 108 
95 194 
95 112 
95 196 
95 189 
95 69 
95 186 
95 34 
95 76 
95 115 
95 179 
95 176 
95 204 
95 1 
95 113 
95 114 
95 63 
95 4 
95 208 
95 156 
95 87 
95 193 
95 184 
95 125 
95 171 
95 43 
95 118 
95 55 
95 169 
95 164 
95 8 
95 80 
95 106 
95 159 
95 178 
95 183 
95 215 
95 210 
95 101 
95 79 
96 66 
96 187 
96 173 
96 106 
96 84 
96 177 
96 31 
96 45 
96 124 
96 133 
96 72 
96 118 
96 37 
96 214 
96 188 
96 80 
96 93 
96 5 
96 161 
96 119 
96 160 
96 178 
96 154 
96 18 
96 51 
96 99 
96 90 
96 63 
96 114 
96 70 
96 123 
96 76 
96 44 
96 159 
96 71 
96 39 
96 129 
96 179 
96 87 
96 111 
96 22 
96 19 
96 141 
96 91 
96 54 
96 175 
96 200 
96 151 
96 147 
96 11 
96 74 
96 101 
96 211 
96 168 
96 172 
96 3 
96 138 
96 198 
96 116 
96 183 
96 29 
96 12 
96 166 
96 131 
96 65 
96 25 
96 52 
96 38 
96 163 
96 2 
96 149 
96 108 
96 40 
96 59 
96 36 
96 88 
96 60 
96 181 
96 121 
96 137 
96 169 
96 50 
96 1 
96 117 
96 6 
96 202 
96 30 
96 83 
96 32 
96 162 
96 47 
96 61 
96 42 
96 49 
96 201 
96 130 
96 104 
96 86 
96 112 
96 89 
96 153 
96 186 
96 81 
96 144 
96 27 
96 77 
96 43 
96 176 
96 132 
96 28 
96 8 
96 102 
96 192 
96 98 
96 26 
96 115 
96 55 
96 68 
96 79 
96 41 
96 107 
96 134 
96 85 
96 215 
96 113 
96 210 
96 185 
96 135 
96 75 
96 206 
96 207 
96 13 
96 4 
96 103 
96 191 
96 69 
96 208 
96 105 
96 164 
96 204 
96 33 
96 157 
96 139 
96 209 
96 67 
96 15 
96 73 
96 20 
96 56 
96 17 
96 171 
96 146 
96 213 
96 122 
97 205 
97 215 
97 156 
97 98 
97 65 
97 165 
97 12 
97 166 
97 30 
97 163 
97 191 
97 15 
97 142 
97 211 
97 86 
97 29 
97 102 
97 180 
97 85 
97 136 
97 134 
97 51 
97 147 
97 93 
97 121 
97 5 
97 114 
97 125 
97 95 
97 127 
97 107 
97 105 
97 16 
97 182 
97 207 
97 169 
97 214 
97 84 
97 70 
97 150 
97 118 
97 3 
97 157 
97 123 
97 92 
97 172 
97 185 
97 128 
97 170 
97 63 
97 167 
97 31 
97 44 
97 34 
97 77 
97 76 
97 99 
97 183 
97 108 
97 122 
97 187 
97 206 
97 81 
97 175 
97 155 
97 82 
97 52 
97 48 
97 73 
97 116 
97 57 
97 90 
97 100 
97 80 
97 192 
97 190 
97 43 
97 186 
97 154 
97 17 
97 0 
97 1 
97 198 
97 26 
97 74 
97 58 
97 203 
97 124 
97 66 
97 83 
97 88 
97 110 
97 71 
97 14 
97 27 
97 213 
97 25 
97 176 
97 23 
97 2 
97 168 
97 141 
97 4 
97 10 
97 49 
97 212 
97 72 
97 69 
97 28 
97 160 
97 103 
97 56 
97 149 
97 139 
97 39 
97 9 
97 194 
97 202 
97 204 
97 18 
97 41 
97 47 
97 78 
97 138 
97 196 
97 54 
97 94 
97 32 
97 199 
97 130 
97 177 
97 38 
97 11 
97 37 
97 181 
97 143 
97 40 
97 35 
97 8 
97 101 
97 91 
97 137 
97 19 
97 188 
97 174 
97 111 
97 106 
97 132 
97 171 
97 36 
97 144 
97 68 
97 189 
97 79 
97 55 
97 152 
98 6 
98 179 
98 77 
98 155 
98 197 
98 69 
98 105 
98 97 
98 102 
98 150 
98 49 
98 192 
98 164 
98 95 
98 92 
98 163 
98 78 
98 51 
98 207 
98 145 
98 132 
98 91 
98 165 
98 36 
98 24 
98 158 
98 173 
98 23 
98 193 
98 171 
98 160 
98 201 
98 148 
98 182 
98 33 
98 142 
98 121 
98 46 
98 214 
98 0 
98 140 
98 61 
98 27 
98 206 
98 71 
98 191 
98 175 
98 162 
98 116 
98 125 
98 99 
98 131 
98 185 
98 101 
98 7 
98 18 
98 83 
98 55 
98 65 
98 50 
98 45 
98 195 
98 17 
98 208 
98 67 
98 177 
98 28 
98 180 
98 75 
98 137 
98 21 
98 85 
98 89 
98 29 
98 32 
98 30 
98 11 
98 111 
98 166 
98 147 
98 209 
98 19 
98 113 
98 86 
98 53 
98 59 
98 109 
98 188 
98 198 
98 26 
98 15 
98 56 
98 90 
98 1 
98 139 
98 47 
98 42 
98 124 
98 194 
98 126 
98 128 
98 172 
98 60 
98 76 
98 10 
98 170 
98 183 
98 37 
98 9 
98 96 
98 215 
98 80 
98 144 
98 157 
98 44 
98 130 
98 35 
98 110 
98 41 
98 141 
98 168 
98 210 
98 84 
98 106 
98 103 
98 57 
98 52 
98 108 
98 31 
98 22 
98 186 
98 79 
98 203 
98 190 
98 68 
98 213 
98 104 
98 93 
98 39 
98 112 
98 4 
98 8 
98 43 
98 107 
98 114 
98 199 
98 73 
98 54 
98 3 
98 174 
98 136 
98 87 
98 205 
98 143 
98 94 
98 34 
98 115 
98 181 
98 13 
98 154 
99 156 
99 212 
99 116 
99 49 
99 0 
99 71 
99 35 
99 165 
99 121 
99 120 
99 138 
99 13 
99 95 
99 78 
99 102 
99 147 
99 61 
99 173 
99 183 
99 140 
99 67 
99 197 
99 37 
99 101 
99 81 
99 66 
99 75 
99 14 
99 96 
99 115 
99 150 
99 128 
99 8 
99 178 
99 80 
99 207 
99 200 
99 21 
99 38 
99 24 
99 185 
99 69 
99 42 
99 28 
99 181 
99 26 
99 100 
99 151 
99 175 
99 112 
99 58 
99 98 
99 186 
99 59 
99 211 
99 164 
99 86 
99 41 
99 9 
99 155 
99 27 
99 209 
99 97 
99 73 
99 129 
99 74 
99 205 
99 19 
99 3 
99 76 
99 162 
99 190 
99 70 
99 118 
99 139 
99 72 
99 144 
99 113 
99 215 
99 10 
99 2 
99 87 
99 123 
99 56 
99 213 
99 1 
99 33 
99 25 
99 125 
99 122 
99 111 
99 179 
99 210 
99 57 
99 119 
99 18 
99 79 
99 206 
99 127 
99 196 
99 104 
99 180 
99 44 
99 15 
99 145 
99 159 
99 195 
99 110 
99 199 
99 177 
99 214 
99 5 
99 171 
99 198 
99 88 
99 187 
99 94 
99 55 
99 174 
99 30 
99 172 
99 103 
99 48 
99 16 
99 131 
99 43 
99 137 
99 36 
99 167 
99 194 
99 47 
99 92 
99 117 
99 68 
99 60 
99 114 
99 17 
99 53 
99 84 
99 184 
99 83 
99 109 
99 6 
99 90 
99 51 
99 163 
99 130 
99 12 
99 77 
99 146 
99 134 
99 189 
99 143 
99 169 
99 7 
99 105 
99 31 
99 176 
99 54 
99 157 
99 166 
99 161 
99 93 
99 63 
99 52 
99 203 
100 139 
100 198 
100 82 
100 215 
100 187 
100 140 
100 133 
100 131 
100 153 
100 101 
100 114 
100 78 
100 67 
100 53 
100 173 
100 2 
100 77 
100 48 
100 201 
100 207 
100 150 
100 145 
100 177 
100 212 
100 76 
100 152 
100 136 
100 120 
100 14 
100 118 
100 18 
100 11 
100 158 
100 75 
100 81 
100 160 
100 199 
100 143 
100 148 
100 106 
100 99 
100 202 
100 214 
100 52 
100 37 
100 189 
100 70 
100 108 
100 126 
100 74 
100 111 
100 122 
100 164 
100 61 
100 84 
100 124 
100 206 
100 205 
100 15 
100 25 
100 72 
100 42 
100 58 
100 204 
100 104 
100 107 
100 135 
100 97 
100 45 
100 90 
100 62 
100 171 
100 162 
100 30 
100 194 
100 192 
100 43 
100 49 
100 56 
100 83 
100 68 
100 138 
100 167 
100 185 
100 186 
100 113 
100 213 
100 110 
100 109 
100 17 
100 117 
100 69 
100 95 
100 54 
100 71 
100 123 
100 175 
100 36 
100 210 
100 191 
100 44 
100 115 
100 128 
100 163 
100 134 
100 183 
100 116 
100 55 
100 28 
100 102 
100 91 
100 211 
100 4 
100 39 
100 125 
100 89 
100 92 
100 47 
100 208 
100 24 
100 86 
100 87 
100 119 
100 181 
100 129 
100 161 
100 180 
100 59 
100 66 
100 203 
100 9 
100 0 
100 184 
100 127 
100 19 
100 209 
100 79 
100 157 
100 132 
100 7 
100 27 
100 29 
100 35 
100 182 
100 51 
100 31 
100 5 
100 3 
100 200 
100 166 
100 20 
100 193 
100 38 
100 176 
100 73 
100 33 
100 21 
101 199 
101 88 
101 139 
101 90 
101 158 
101 121 
101 73 
101 5 
101 167 
101 182 
101 93 
101 198 
101 69 
101 60 
101 100 
101 164 
101 119 
101 102 
101 207 
101 2 
101 12 
101 180 
101 146 
101 84 
101 99 
101 17 
101 208 
101 113 
101 71 
101 38 
101 124 
101 213 
101 33 
101 178 
101 37 
101 183 
101 169 
101 204 
101 149 
101 51 
101 9 
101 40 
101 159 
101 135 
101 106 
101 7 
101 162 
101 19 
101 43 
101 151 
101 196 
101 176 
101 50 
101 174 
101 3 
101 206 
101 211 
101 117 
101 191 
101 203 
101 125 
101 98 
101 141 
101 41 
101 96 
101 202 
101 31 
101 80 
101 147 
101 24 
101 175 
101 201 
101 4 
101 15 
101 161 
101 29 
101 79 
101 136 
101 48 
101 23 
101 205 
101 160 
101 128 
101 118 
101 45 
101 86 
101 28 
101 166 
101 130 
101 184 
101 194 
101 76 
101 153 
101 87 
101 193 
101 168 
101 65 
101 64 
101 120 
101 155 
101 104 
101 144 
101 21 
101 59 
101 25 
101 127 
101 171 
101 77 
101 197 
101 209 
101 126 
101 131 
101 0 
101 165 
101 115 
101 215 
101 82 
101 109 
101 70 
101 200 
101 214 
101 145 
101 132 
101 142 
101 170 
101 143 
101 57 
101 212 
101 154 
101 140 
101 83 
101 11 
101 133 
101 110 
101 123 
101 27 
101 39 
101 91 
101 163 
101 195 
101 187 
101 97 
101 63 
101 62 
101 94 
101 56 
101 35 
101 20 
101 52 
101 54 
101 122 
101 89 
101 95 
101 150 
101 156 
101 61 
101 138 
102 93 
102 2 
102 155 
102 21 
102 69 
102 213 
102 95 
102 140 
102 98 
102 154 
102 116 
102 212 
102 120 
102 135 
102 99 
102 111 
102 141 
102 88 
102 55 
102 86 
102 30 
102 90 
102 97 
102 106 
102 101 
102 197 
102 46 
102 172 
102 196 
102 114 
102 7 
102 124 
102 137 
102 142 
102 60 
102 188 
102 53 
102 16 
102 139 
102 26 
102 174 
102 170 
102 47 
102 49 
102 113 
102 159 
102 205 
102 37 
102 117 
102 38 
102 65 
102 177 
102 209 
102 24 
102 163 
102 23 
102 175 
102 50 
102 109 
102 145 
102 119 
102 110 
102 166 
102 43 
102 215 
102 190 
102 133 
102 63 
102 200 
102 84 
102 45 
102 54 
102 1 
102 149 
102 132 
102 173 
102 39 
102 27 
102 94 
102 138 
102 15 
102 167 
102 115 
102 81 
102 126 
102 112 
102 152 
102 146 
102 33 
102 3 
102 171 
102 157 
102 79 
102 8 
102 211 
102 34 
102 13 
102 160 
102 189 
102 85 
102 107 
102 32 
102 150 
102 71 
102 144 
102 208 
102 199 
102 57 
102 58 
102 100 
102 156 
102 123 
102 9 
102 25 
102 18 
102 41 
102 12 
102 78 
102 96 
102 40 
102 187 
102 52 
102 17 
102 122 
102 42 
102 36 
102 169 
102 178 
102 201 
102 186 
102 191 
102 31 
102 134 
102 176 
102 148 
102 165 
102 51 
102 56 
102 147 
102 66 
102 64 
102 6 
102 4 
102 206 
102 184 
102 82 
102 61 
102 10 
102 74 
102 125 
102 131 
102 181 
102 5 
102 72 
102 180 
102 104 
102 198 
102 182 
102 136 
103 10 
103 113 
103 124 
103 158 
103 136 
103 171 
103 198 
103 129 
103 188 
103 134 
103 203 
103 195 
103 6 
103 146 
103 126 
103 38 
103 192 
103 74 
103 141 
103 77 
103 49 
103 21 
103 123 
103 168 
103 45 
103 72 
103 186 
103 172 
103 87 
103 36 
103 86 
103 57 
103 34 
103 159 
103 12 
103 212 
103 184 
103 173 
103 175 
103 15 
103 5 
103 169 
103 23 
103 56 
103 104 
103 76 
103 145 
103 25 
103 107 
103 118 
103 152 
103 67 
103 116 
103 121 
103 91 
103 92 
103 114 
103 143 
103 18 
103 50 
103 40 
103 61 
103 7 
103 65 
103 185 
103 94 
103 42 
103 209 
103 138 
103 66 
103 84 
103 166 
103 106 
103 196 
103 215 
103 115 
103 9 
103 55 
103 85 
103 95 
103 120 
103 214 
103 127 
103 148 
103 211 
103 206 
103 177 
103 14 
103 31 
103 193 
103 130 
103 22 
103 13 
103 164 
103 63 
103 110 
103 170 
103 142 
103 16 
103 137 
103 202 
103 41 
103 19 
103 52 
103 58 
103 68 
103 97 
103 154 
103 213 
103 187 
103 194 
103 109 
103 179 
103 167 
103 119 
103 99 
103 111 
103 11 
103 44 
103 89 
103 53 
103 139 
103 163 
103 1 
103 54 
103 210 
103 98 
103 144 
103 43 
103 47 
103 132 
103 32 
103 96 
103 133 
103 174 
103 128 
103 181 
103 82 
103 51 
103 151 
103 71 
103 39 
103 24 
103 93 
103 26 
103 117 
103 59 
103 90 
103 150 
103 200 
103 182 
103 64 
103 201 
103 112 
103 183 
103 131 
103 60 
103 46 
103 191 
103 4 
103 208 
104 64 
104 161 
104 209 
104 27 
104 203 
104 165 
104 206 
104 60 
104 118 
104 122 
104 185 
104 26 
104 208 
104 5 
104 199 
104 204 
104 112 
104 117 
104 71 
104 188 
104 7 
104 94 
104 157 
104 192 
104 198 
104 42 
104 141 
104 140 
104 133 
104 35 
104 48 
104 16 
104 147 
104 103 
104 169 
104 86 
104 52 
104 2 
104 93 
104 125 
104 109 
104 19 
104 6 
104 40 
104 18 
104 57 
104 76 
104 78 
104 108 
104 31 
104 105 
104 127 
104 50 
104 13 
104 145 
104 184 
104 3 
104 194 
104 138 
104 129 
104 160 
104 11 
104 134 
104 4 
104 162 
104 136 
104 178 
104 191 
104 39 
104 153 
104 69 
104 0 
104 62 
104 17 
104 207 
104 183 
104 106 
104 214 
104 32 
104 95 
104 100 
104 197 
104 124 
104 155 
104 163 
104 65 
104 144 
104 126 
104 36 
104 135 
104 43 
104 154 
104 96 
104 196 
104 49 
104 61 
104 99 
104 101 
104 180 
104 34 
104 80 
104 123 
104 215 
104 152 
104 137 
104 22 
104 58 
104 23 
104 139 
104 68 
104 171 
104 79 
104 200 
104 92 
104 195 
104 15 
104 172 
104 12 
104 29 
104 151 
104 20 
104 189 
104 156 
104 115 
104 88 
104 114 
104 131 
104 73 
104 150 
104 164 
104 72 
104 85 
104 25 
104 66 
104 120 
104 130 
104 30 
104 98 
104 89 
104 14 
104 176 
104 143 
104 181 
104 193 
104 113 
104 53 
104 38 
104 37 
104 77 
104 142 
104 102 
104 74 
104 211 
104 174 
104 110 
104 132 
104 41 
104 75 
105 50 
105 113 
105 11 
105 182 
105 169 
105 185 
105 63 
105 98 
105 87 
105 144 
105 28 
105 119 
105 115 
105 164 
105 74 
105 82 
105 171 
105 61 
105 41 
105 8 
105 90 
105 21 
105 86 
105 155 
105 13 
105 40 
105 20 
105 149 
105 133 
105 25 
105 30 
105 29 
105 35 
105 134 
105 97 
105 12 
105 151 
105 69 
105 70 
105 150 
105 52 
105 47 
105 42 
105 148 
105 64 
105 168 
105 159 
105 104 
105 118 
105 153 
105 138 
105 112 
105 6 
105 46 
105 215 
105 174 
105 154 
105 157 
105 62 
105 201 
105 79 
105 55 
105 56 
105 4 
105 137 
105 193 
105 53 
105 0 
105 116 
105 210 
105 166 
105 22 
105 81 
105 180 
105 207 
105 37 
105 212 
105 117 
105 110 
105 195 
105 140 
105 120 
105 141 
105 160 
105 197 
105 84 
105 5 
105 200 
105 85 
105 94 
105 39 
105 209 
105 187 
105 67 
105 211 
105 68 
105 143 
105 126 
105 89 
105 107 
105 142 
105 17 
105 23 
105 78 
105 58 
105 114 
105 43 
105 184 
105 199 
105 49 
105 15 
105 2 
105 36 
105 167 
105 181 
105 188 
105 165 
105 146 
105 158 
105 125 
105 18 
105 128 
105 88 
105 192 
105 189 
105 213 
105 203 
105 77 
105 16 
105 179 
105 95 
105 172 
105 177 
105 135 
105 54 
105 127 
105 3 
105 72 
105 178 
105 202 
105 124 
105 173 
105 198 
105 96 
105 214 
105 175 
105 176 
105 108 
105 32 
105 71 
105 59 
105 99 
105 111 
105 10 
105 93 
105 33 
105 76 
105 183 
105 186 
105 208 
105 191 
105 14 
105 170 
105 206 
105 145 
106 31 
106 11 
106 76 
106 96 
106 122 
106 112 
106 206 
106 38 
106 74 
106 71 
106 179 
106 36 
106 121 
106 81 
106 167 
106 2 
106 127 
106 202 
106 93 
106 77 
106 134 
106 22 
106 158 
106 113 
106 102 
106 109 
106 3 
106 136 
106 90 
106 174 
106 9 
106 126 
106 175 
106 10 
106 162 
106 165 
106 46 
106 40 
106 150 
106 211 
106 115 
106 168 
106 41 
106 192 
106 101 
106 86 
106 73 
106 67 
106 119 
106 188 
106 52 
106 100 
106 60 
106 59 
106 34 
106 171 
106 1 
106 108 
106 152 
106 125 
106 183 
106 16 
106 118 
106 63 
106 144 
106 89 
106 53 
106 65 
106 169 
106 147 
106 190 
106 104 
106 103 
106 27 
106 80 
106 201 
106 58 
106 24 
106 55 
106 84 
106 39 
106 209 
106 57 
106 14 
106 33 
106 180 
106 156 
106 154 
106 139 
106 26 
106 17 
106 140 
106 15 
106 56 
106 161 
106 160 
106 146 
106 78 
106 138 
106 37 
106 135 
106 5 
106 214 
106 47 
106 6 
106 13 
106 123 
106 157 
106 45 
106 200 
106 94 
106 172 
106 166 
106 35 
106 132 
106 50 
106 195 
106 176 
106 69 
106 92 
106 185 
106 205 
106 111 
106 142 
106 19 
106 62 
106 145 
106 128 
106 64 
106 85 
106 48 
106 98 
106 170 
106 28 
106 43 
106 120 
106 4 
106 173 
106 213 
106 155 
106 210 
106 197 
106 97 
106 20 
106 8 
106 61 
106 186 
106 124 
106 44 
106 149 
106 70 
106 207 
106 49 
106 30 
106 131 
106 95 
106 32 
106 184 
106 212 
106 148 
106 82 
106 182 
106 194 
106 68 
107 30 
107 160 
107 152 
107 175 
107 172 
107 61 
107 120 
107 85 
107 161 
107 45 
107 136 
107 186 
107 201 
107 132 
107 84 
107 59 
107 173 
107 189 
107 41 
107 187 
107 159 
107 97 
107 33 
107 103 
107 93 
107 192 
107 158 
107 20 
107 86 
107 52 
107 53 
107 115 
107 114 
107 9 
107 13 
107 122 
107 208 
107 35 
107 178 
107 28 
107 8 
107 177 
107 94 
107 46 
107 72 
107 48 
107 166 
107 128 
107 66 
107 169 
107 44 
107 34 
107 3 
107 191 
107 141 
107 149 
107 49 
107 181 
107 79 
107 65 
107 2 
107 129 
107 6 
107 42 
107 32 
107 27 
107 68 
107 74 
107 57 
107 100 
107 134 
107 156 
107 215 
107 80 
107 180 
107 89 
107 116 
107 202 
107 147 
107 26 
107 77 
107 38 
107 43 
107 121 
107 1 
107 24 
107 151 
107 95 
107 105 
107 10 
107 150 
107 111 
107 51 
107 58 
107 182 
107 162 
107 170 
107 29 
107 183 
107 37 
107 102 
107 67 
107 133 
107 7 
107 203 
107 25 
107 4 
107 73 
107 176 
107 200 
107 148 
107 118 
107 204 
107 17 
107 137 
107 154 
107 22 
107 112 
107 195 
107 142 
107 131 
107 71 
107 140 
107 96 
107 194 
107 153 
107 190 
107 145 
107 179 
107 40 
107 171 
107 209 
107 130 
107 135 
107 39 
107 60 
107 54 
107 210 
107 124 
107 163 
107 64 
107 23 
107 31 
107 92 
107 83 
107 47 
107 70 
107 206 
107 78 
107 98 
107 82 
107 56 
107 12 
107 126 
107 125 
107 110 
107 87 
107 165 
107 211 
107 199 
107 19 
107 119 
107 18 
107 14 
108 59 
108 26 
108 45 
108 116 
108 159 
108 19 
108 164 
108 158 
108 210 
108 118 
108 35 
108 189 
108 162 
108 206 
108 93 
108 135 
108 186 
108 50 
108 11 
108 179 
108 202 
108 184 
108 55 
108 49 
108 213 
108 70 
108 31 
108 111 
108 81 
108 65 
108 174 
108 77 
108 148 
108 191 
108 171 
108 1 
108 150 
108 39 
108 151 
108 56 
108 2 
108 170 
108 0 
108 87 
108 104 
108 82 
108 195 
108 54 
108 29 
108 13 
108 124 
108 147 
108 32 
108 178 
108 100 
108 106 
108 113 
108 3 
108 183 
108 142 
108 38 
108 40 
108 160 
108 46 
108 58 
108 97 
108 12 
108 203 
108 165 
108 10 
108 185 
108 21 
108 193 
108 33 
108 78 
108 180 
108 84 
108 60 
108 169 
108 132 
108 134 
108 20 
108 30 
108 17 
108 141 
108 73 
108 96 
108 167 
108 126 
108 83 
108 122 
108 114 
108 172 
108 66 
108 25 
108 47 
108 74 
108 24 
108 205 
108 112 
108 173 
108 120 
108 123 
108 144 
108 196 
108 138 
108 8 
108 48 
108 209 
108 200 
108 64 
108 140 
108 199 
108 137 
108 80 
108 61 
108 154 
108 187 
108 214 
108 15 
108 201 
108 149 
108 6 
108 88 
108 198 
108 163 
108 181 
108 188 
108 177 
108 128 
108 63 
108 95 
108 129 
108 121 
108 168 
108 27 
108 69 
108 204 
108 62 
108 153 
108 18 
108 86 
108 155 
108 98 
108 51 
108 125 
108 7 
108 156 
108 43 
108 130 
108 127 
108 157 
108 110 
108 105 
108 44 
108 36 
108 90 
108 115 
108 53 
108 9 
108 192 
108 37 
108 23 
108 207 
108 71 
108 85 
108 68 
108 212 
108 79 
108 215 
109 26 
109 211 
109 89 
109 17 
109 65 
109 131 
109 53 
109 195 
109 212 
109 177 
109 24 
109 10 
109 69 
109 77 
109 50 
109 45 
109 123 
109 106 
109 135 
109 23 
109 171 
109 134 
109 78 
109 156 
109 142 
109 60 
109 127 
109 30 
109 197 
109 170 
109 148 
109 166 
109 141 
109 104 
109 190 
109 167 
109 95 
109 208 
109 22 
109 2 
109 114 
109 90 
109 46 
109 207 
109 4 
109 43 
109 205 
109 183 
109 73 
109 143 
109 70 
109 48 
109 189 
109 71 
109 39 
109 130 
109 164 
109 11 
109 178 
109 41 
109 59 
109 128 
109 191 
109 91 
109 161 
109 51 
109 68 
109 102 
109 76 
109 132 
109 21 
109 79 
109 118 
109 168 
109 200 
109 34 
109 133 
109 14 
109 192 
109 38 
109 159 
109 92 
109 179 
109 201 
109 206 
109 115 
109 12 
109 147 
109 16 
109 98 
109 126 
109 100 
109 169 
109 181 
109 125 
109 162 
109 8 
109 194 
109 85 
109 29 
109 202 
109 117 
109 9 
109 44 
109 87 
109 3 
109 42 
109 13 
109 56 
109 213 
109 149 
109 152 
109 187 
109 19 
109 196 
109 88 
109 80 
109 103 
109 101 
109 86 
109 52 
109 112 
109 180 
109 151 
109 58 
109 37 
109 36 
109 15 
109 210 
109 6 
109 137 
109 75 
109 99 
109 138 
109 182 
109 64 
109 113 
109 173 
109 119 
109 25 
109 94 
109 110 
109 163 
109 158 
109 215 
109 174 
109 40 
109 124 
109 35 
109 160 
109 84 
109 157 
109 116 
109 81 
109 150 
109 54 
109 214 
110 140 
110 23 
110 208 
110 54 
110 202 
110 133 
110 159 
110 186 
110 173 
110 61 
110 81 
110 147 
110 93 
110 72 
110 63 
110 188 
110 114 
110 94 
110 142 
110 59 
110 209 
110 207 
110 127 
110 194 
110 111 
110 34 
110 5 
110 75 
110 120 
110 12 
110 90 
110 24 
110 145 
110 150 
110 160 
110 78 
110 40 
110 197 
110 21 
110 201 
110 123 
110 143 
110 212 
110 210 
110 52 
110 193 
110 33 
110 43 
110 137 
110 102 
110 214 
110 141 
110 112 
110 200 
110 129 
110 113 
110 76 
110 70 
110 105 
110 35 
110 189 
110 92 
110 19 
110 136 
110 17 
110 181 
110 88 
110 39 
110 190 
110 139 
110 165 
110 55 
110 85 
110 100 
110 178 
110 177 
110 118 
110 41 
110 199 
110 121 
110 151 
110 183 
110 146 
110 192 
110 97 
110 162 
110 103 
110 0 
110 125 
110 185 
110 167 
110 91 
110 2 
110 99 
110 204 
110 122 
110 71 
110 198 
110 36 
110 66 
110 124 
110 31 
110 130 
110 203 
110 45 
110 14 
110 38 
110 79 
110 170 
110 116 
110 211 
110 77 
110 73 
110 6 
110 158 
110 37 
110 174 
110 89 
110 182 
110 83 
110 175 
110 98 
110 101 
110 157 
110 191 
110 58 
110 149 
110 131 
110 128 
110 135 
110 25 
110 180 
110 119 
110 109 
110 64 
110 28 
110 108 
110 87 
110 60 
110 117 
110 153 
110 107 
110 176 
110 50 
110 29 
110 18 
110 215 
110 65 
110 48 
110 134 
110 213 
110 104 
111 79 
111 192 
111 117 
111 4 
111 18 
111 194 
111 133 
111 132 
111 202 
111 20 
111 188 
111 102 
111 120 
111 57 
111 136 
111 135 
111 186 
111 33 
111 197 
111 75 
111 48 
111 179 
111 108 
111 76 
111 60 
111 86 
111 91 
111 214 
111 211 
111 180 
111 144 
111 110 
111 16 
111 52 
111 183 
111 9 
111 66 
111 96 
111 21 
111 70 
111 127 
111 29 
111 90 
111 203 
111 71 
111 195 
111 7 
111 100 
111 25 
111 5 
111 37 
111 88 
111 175 
111 78 
111 28 
111 45 
111 27 
111 2 
111 116 
111 115 
111 130 
111 6 
111 141 
111 148 
111 199 
111 98 
111 170 
111 165 
111 153 
111 85 
111 50 
111 159 
111 137 
111 24 
111 184 
111 119 
111 26 
111 113 
111 99 
111 22 
111 53 
111 65 
111 92 
111 80 
111 84 
111 134 
111 0 
111 87 
111 107 
111 151 
111 176 
111 129 
111 187 
111 121 
111 82 
111 35 
111 160 
111 41 
111 74 
111 185 
111 208 
111 93 
111 215 
111 193 
111 112 
111 150 
111 73 
111 207 
111 44 
111 106 
111 158 
111 103 
111 3 
111 55 
111 213 
111 189 
111 43 
111 94 
111 11 
111 143 
111 181 
111 38 
111 8 
111 83 
111 125 
111 56 
111 146 
111 174 
111 128 
111 42 
111 23 
111 81 
111 205 
111 97 
111 32 
111 31 
111 17 
111 14 
111 47 
111 161 
111 12 
111 149 
111 139 
111 105 
111 209 
111 155 
111 154 
111 89 
111 34 
111 145 
111 1 
111 59 
111 62 
111 198 
111 77 
111 124 
111 206 
111 156 
111 131 
111 191 
112 70 
112 191 
112 22 
112 106 
112 136 
112 126 
112 119 
112 86 
112 87 
112 104 
112 178 
112 204 
112 210 
112 122 
112 147 
112 133 
112 55 
112 93 
112 117 
112 94 
112 188 
112 3 
112 71 
112 166 
112 21 
112 73 
112 13 
112 62 
112 56 
112 46 
112 36 
112 84 
112 183 
112 203 
112 160 
112 9 
112 129 
112 175 
112 190 
112 169 
112 47 
112 202 
112 153 
112 143 
112 105 
112 135 
112 99 
112 151 
112 138 
112 35 
112 6 
112 45 
112 134 
112 79 
112 76 
112 27 
112 121 
112 157 
112 162 
112 85 
112 19 
112 199 
112 38 
112 91 
112 17 
112 110 
112 187 
112 14 
112 65 
112 214 
112 63 
112 150 
112 89 
112 24 
112 211 
112 193 
112 194 
112 171 
112 164 
112 215 
112 181 
112 125 
112 80 
112 102 
112 34 
112 37 
112 4 
112 10 
112 118 
112 20 
112 213 
112 1 
112 114 
112 108 
112 23 
112 161 
112 177 
112 53 
112 25 
112 176 
112 130 
112 155 
112 167 
112 49 
112 40 
112 96 
112 180 
112 124 
112 186 
112 92 
112 192 
112 179 
112 12 
112 111 
112 115 
112 75 
112 185 
112 140 
112 209 
112 197 
112 107 
112 109 
112 15 
112 152 
112 32 
112 142 
112 58 
112 145 
112 189 
112 95 
112 141 
112 2 
112 200 
112 208 
112 0 
112 123 
112 113 
112 88 
112 196 
112 132 
112 137 
112 83 
112 31 
112 77 
112 98 
112 66 
112 43 
112 69 
112 8 
112 206 
112 182 
112 127 
112 198 
112 184 
112 172 
112 116 
112 103 
112 131 
112 16 
112 78 
112 212 
112 7 
112 201 
113 175 
113 103 
113 125 
113 105 
113 176 
113 138 
113 85 
113 39 
113 3 
113 141 
113 120 
113 127 
113 72 
113 38 
113 178 
113 117 
113 215 
113 2 
113 79 
113 180 
113 189 
113 106 
113 162 
113 0 
113 18 
113 80 
113 159 
113 101 
113 199 
113 181 
113 187 
113 145 
113 139 
113 94 
113 131 
113 195 
113 144 
113 44 
113 53 
113 192 
113 56 
113 12 
113 26 
113 200 
113 35 
113 36 
113 156 
113 147 
113 49 
113 163 
113 126 
113 161 
113 102 
113 154 
113 70 
113 108 
113 148 
113 115 
113 133 
113 28 
113 210 
113 61 
113 182 
113 166 
113 34 
113 119 
113 137 
113 205 
113 196 
113 110 
113 5 
113 151 
113 150 
113 90 
113 213 
113 99 
113 164 
113 157 
113 23 
113 98 
113 66 
113 111 
113 100 
113 45 
113 11 
113 123 
113 212 
113 92 
113 47 
113 122 
113 140 
113 116 
113 75 
113 83 
113 130 
113 136 
113 206 
113 190 
113 184 
113 67 
113 88 
113 64 
113 50 
113 81 
113 198 
113 172 
113 149 
113 62 
113 167 
113 69 
113 132 
113 65 
113 121 
113 71 
113 21 
113 211 
113 203 
113 14 
113 63 
113 183 
113 16 
113 4 
113 22 
113 68 
113 174 
113 208 
113 8 
113 146 
113 171 
113 30 
113 7 
113 37 
113 96 
113 201 
113 20 
113 86 
113 173 
113 46 
113 25 
113 128 
113 155 
113 188 
113 78 
113 112 
113 95 
113 58 
113 109 
113 57 
113 214 
113 124 
113 177 
113 42 
113 32 
113 207 
113 52 
113 104 
113 41 
113 160 
113 19 
113 168 
113 24 
113 48 
113 10 
113 6 
113 59 
114 11 
114 34 
114 39 
114 155 
114 90 
114 190 
114 66 
114 35 
114 50 
114 207 
114 72 
114 100 
114 10 
114 196 
114 110 
114 199 
114 77 
114 20 
114 182 
114 102 
114 148 
114 97 
114 125 
114 161 
114 96 
114 142 
114 89 
114 13 
114 7 
114 91 
114 6 
114 40 
114 109 
114 57 
114 168 
114 179 
114 3 
114 24 
114 107 
114 79 
114 5 
114 103 
114 192 
114 67 
114 85 
114 160 
114 172 
114 4 
114 205 
114 177 
114 131 
114 132 
114 92 
114 88 
114 75 
114 29 
114 201 
114 181 
114 203 
114 87 
114 58 
114 42 
114 189 
114 12 
114 60 
114 138 
114 151 
114 46 
114 115 
114 31 
114 51 
114 86 
114 25 
114 56 
114 214 
114 194 
114 71 
114 210 
114 162 
114 185 
114 121 
114 108 
114 28 
114 43 
114 120 
114 130 
114 93 
114 178 
114 127 
114 44 
114 112 
114 32 
114 65 
114 59 
114 145 
114 118 
114 21 
114 94 
114 208 
114 195 
114 149 
114 52 
114 200 
114 105 
114 186 
114 45 
114 212 
114 0 
114 62 
114 198 
114 206 
114 64 
114 150 
114 143 
114 122 
114 22 
114 38 
114 183 
114 54 
114 171 
114 49 
114 55 
114 139 
114 99 
114 1 
114 209 
114 135 
114 158 
114 126 
114 180 
114 188 
114 80 
114 167 
114 104 
114 84 
114 81 
114 140 
114 159 
114 95 
114 133 
114 69 
114 48 
114 166 
114 136 
114 74 
114 70 
114 152 
114 98 
114 33 
114 119 
114 23 
114 129 
114 184 
114 82 
114 8 
114 137 
114 78 
114 173 
114 165 
114 163 
114 202 
114 124 
114 9 
115 118 
115 126 
115 194 
115 80 
115 60 
115 73 
115 48 
115 83 
115 5 
115 51 
115 154 
115 105 
115 143 
115 37 
115 188 
115 150 
115 116 
115 8 
115 40 
115 64 
115 34 
115 123 
115 99 
115 62 
115 42 
115 184 
115 76 
115 200 
115 189 
115 107 
115 81 
115 106 
115 55 
115 157 
115 94 
115 75 
115 1 
115 46 
115 52 
115 144 
115 122 
115 14 
115 29 
115 13 
115 135 
115 19 
115 17 
115 10 
115 153 
115 129 
115 53 
115 113 
115 167 
115 23 
115 177 
115 155 
115 140 
115 90 
115 67 
115 137 
115 88 
115 160 
115 136 
115 196 
115 33 
115 91 
115 207 
115 111 
115 124 
115 173 
115 114 
115 56 
115 146 
115 192 
115 103 
115 168 
115 70 
115 132 
115 109 
115 28 
115 206 
115 102 
115 58 
115 195 
115 3 
115 158 
115 74 
115 93 
115 41 
115 47 
115 78 
115 183 
115 170 
115 49 
115 176 
115 12 
115 199 
115 20 
115 100 
115 57 
115 89 
115 65 
115 185 
115 21 
115 191 
115 149 
115 112 
115 84 
115 101 
115 211 
115 179 
115 44 
115 161 
115 2 
115 18 
115 96 
115 16 
115 139 
115 85 
115 27 
115 9 
115 171 
115 212 
115 69 
115 141 
115 30 
115 32 
115 175 
115 202 
115 95 
115 104 
115 204 
115 201 
115 128 
115 209 
115 215 
115 166 
115 213 
115 24 
115 138 
115 172 
115 31 
115 121 
115 4 
115 164 
115 92 
115 147 
115 87 
115 108 
115 120 
115 82 
115 190 
115 210 
115 134 
115 39 
115 0 
115 193 
115 25 
115 86 
115 79 
115 63 
115 133 
115 98 
116 99 
116 85 
116 33 
116 108 
116 59 
116 84 
116 208 
116 83 
116 175 
116 102 
116 61 
116 15 
116 11 
116 207 
116 72 
116 21 
116 204 
116 95 
116 172 
116 133 
116 3 
116 188 
116 120 
116 138 
116 90 
116 115 
116 213 
116 52 
116 6 
116 91 
116 31 
116 211 
116 192 
116 24 
116 195 
116 94 
116 12 
116 55 
116 103 
116 148 
116 189 
116 187 
116 186 
116 214 
116 117 
116 29 
116 191 
116 60 
116 92 
116 143 
116 134 
116 40 
116 98 
116 161 
116 199 
116 56 
116 67 
116 135 
116 147 
116 58 
116 215 
116 68 
116 196 
116 150 
116 37 
116 125 
116 54 
116 131 
116 122 
116 130 
116 121 
116 34 
116 105 
116 206 
116 38 
116 111 
116 1 
116 5 
116 96 
116 144 
116 97 
116 170 
116 160 
116 42 
116 137 
116 107 
116 145 
116 197 
116 179 
116 201 
116 27 
116 209 
116 171 
116 180 
116 113 
116 193 
116 152 
116 50 
116 77 
116 7 
116 128 
116 48 
116 44 
116 49 
116 66 
116 151 
116 30 
116 69 
116 13 
116 100 
116 163 
116 80 
116 123 
116 167 
116 158 
116 132 
116 10 
116 174 
116 157 
116 74 
116 202 
116 153 
116 53 
116 136 
116 47 
116 9 
116 173 
116 146 
116 184 
116 198 
116 93 
116 205 
116 51 
116 110 
116 88 
116 190 
116 75 
116 142 
116 141 
116 62 
116 177 
116 19 
116 200 
116 164 
116 8 
116 78 
116 16 
116 169 
116 183 
116 139 
116 182 
116 18 
116 14 
116 17 
116 118 
116 89 
116 149 
116 140 
116 43 
116 155 
116 70 
116 71 
116 73 
116 126 
116 166 
116 112 
116 129 
116 194 
116 2 
116 109 
116 20 
116 210 
116 79 
117 111 
117 214 
117 3 
117 171 
117 167 
117 25 
117 135 
117 124 
117 181 
117 113 
117 46 
117 189 
117 211 
117 104 
117 28 
117 119 
117 126 
117 174 
117 4 
117 133 
117 57 
117 137 
117 173 
117 147 
117 72 
117 143 
117 112 
117 61 
117 85 
117 41 
117 13 
117 163 
117 206 
117 207 
117 88 
117 201 
117 64 
117 37 
117 116 
117 172 
117 45 
117 19 
117 58 
117 120 
117 205 
117 184 
117 32 
117 38 
117 52 
117 0 
117 55 
117 101 
117 102 
117 195 
117 43 
117 152 
117 144 
117 193 
117 33 
117 209 
117 212 
117 92 
117 44 
117 90 
117 26 
117 127 
117 84 
117 14 
117 71 
117 128 
117 194 
117 138 
117 22 
117 158 
117 105 
117 169 
117 94 
117 145 
117 1 
117 210 
117 8 
117 183 
117 48 
117 86 
117 79 
117 100 
117 132 
117 68 
117 36 
117 96 
117 134 
117 2 
117 70 
117 156 
117 30 
117 197 
117 109 
117 159 
117 49 
117 24 
117 150 
117 16 
117 29 
117 178 
117 153 
117 136 
117 161 
117 151 
117 208 
117 73 
117 11 
117 21 
117 168 
117 148 
117 47 
117 51 
117 95 
117 17 
117 200 
117 63 
117 23 
117 10 
117 155 
117 99 
117 54 
117 192 
117 12 
117 140 
117 203 
117 7 
117 186 
117 35 
117 164 
117 66 
117 20 
117 141 
117 125 
117 142 
117 213 
117 187 
117 59 
117 77 
117 204 
117 180 
117 199 
117 110 
117 157 
117 27 
117 103 
117 80 
117 139 
117 87 
117 42 
117 78 
117 177 
117 74 
117 31 
118 115 
118 148 
118 207 
118 157 
118 163 
118 17 
118 158 
118 75 
118 104 
118 25 
118 140 
118 69 
118 11 
118 175 
118 167 
118 108 
118 96 
118 204 
118 195 
118 33 
118 131 
118 34 
118 153 
118 161 
118 72 
118 135 
118 58 
118 22 
118 119 
118 145 
118 30 
118 103 
118 160 
118 138 
118 100 
118 187 
118 85 
118 1 
118 205 
118 193 
118 180 
118 52 
118 196 
118 26 
118 190 
118 14 
118 16 
118 97 
118 105 
118 55 
118 42 
118 106 
118 49 
118 134 
118 74 
118 61 
118 120 
118 2 
118 32 
118 37 
118 129 
118 46 
118 65 
118 62 
118 192 
118 35 
118 194 
118 155 
118 99 
118 18 
118 206 
118 144 
118 109 
118 53 
118 150 
118 87 
118 179 
118 80 
118 38 
118 24 
118 51 
118 77 
118 29 
118 169 
118 70 
118 7 
118 101 
118 4 
118 6 
118 89 
118 139 
118 122 
118 64 
118 112 
118 143 
118 81 
118 78 
118 202 
118 110 
118 170 
118 209 
118 66 
118 10 
118 12 
118 114 
118 23 
118 48 
118 27 
118 13 
118 8 
118 197 
118 45 
118 67 
118 173 
118 88 
118 141 
118 123 
118 147 
118 210 
118 41 
118 79 
118 107 
118 56 
118 40 
118 76 
118 183 
118 20 
118 84 
118 201 
118 198 
118 186 
118 127 
118 208 
118 43 
118 39 
118 124 
118 215 
118 116 
118 92 
118 95 
118 63 
118 71 
118 44 
118 189 
118 90 
118 184 
118 212 
118 82 
118 136 
118 19 
118 191 
118 121 
118 15 
118 181 
118 182 
118 0 
118 128 
118 211 
118 146 
118 132 
118 125 
118 47 
119 8 
119 33 
119 21 
119 135 
119 13 
119 112 
119 45 
119 142 
119 62 
119 43 
119 131 
119 60 
119 105 
119 34 
119 14 
119 79 
119 117 
119 95 
119 55 
119 48 
119 24 
119 101 
119 96 
119 120 
119 212 
119 164 
119 187 
119 118 
119 152 
119 176 
119 195 
119 123 
119 10 
119 37 
119 58 
119 122 
119 194 
119 23 
119 87 
119 132 
119 42 
119 106 
119 86 
119 202 
119 146 
119 51 
119 32 
119 215 
119 47 
119 179 
119 136 
119 204 
119 198 
119 3 
119 1 
119 102 
119 192 
119 163 
119 121 
119 157 
119 113 
119 150 
119 65 
119 209 
119 210 
119 182 
119 174 
119 185 
119 137 
119 12 
119 4 
119 125 
119 54 
119 141 
119 111 
119 171 
119 99 
119 129 
119 161 
119 52 
119 211 
119 40 
119 196 
119 203 
119 127 
119 29 
119 205 
119 173 
119 77 
119 126 
119 2 
119 74 
119 188 
119 44 
119 167 
119 133 
119 197 
119 61 
119 139 
119 53 
119 7 
119 76 
119 183 
119 9 
119 103 
119 151 
119 56 
119 181 
119 16 
119 73 
119 199 
119 71 
119 130 
119 100 
119 6 
119 50 
119 214 
119 193 
119 26 
119 41 
119 49 
119 177 
119 143 
119 124 
119 110 
119 172 
119 109 
119 81 
119 128 
119 206 
119 114 
119 89 
119 191 
119 153 
119 59 
119 0 
119 93 
119 36 
119 35 
119 184 
119 154 
119 107 
119 165 
119 90 
119 80 
119 82 
119 213 
119 20 
119 158 
120 13 
120 41 
120 122 
120 107 
120 37 
120 18 
120 113 
120 66 
120 127 
120 4 
120 58 
120 187 
120 99 
120 7 
120 1 
120 43 
120 102 
120 136 
120 49 
120 65 
120 165 
120 84 
120 181 
120 145 
120 111 
120 116 
120 183 
120 36 
120 45 
120 72 
120 75 
120 5 
120 119 
120 174 
120 21 
120 188 
120 140 
120 100 
120 180 
120 29 
120 59 
120 110 
120 24 
120 55 
120 117 
120 208 
120 128 
120 175 
120 93 
120 44 
120 32 
120 210 
120 161 
120 151 
120 155 
120 34 
120 42 
120 173 
120 33 
120 118 
120 203 
120 144 
120 6 
120 2 
120 160 
120 47 
120 123 
120 62 
120 14 
120 23 
120 88 
120 211 
120 147 
120 50 
120 195 
120 105 
120 53 
120 40 
120 149 
120 213 
120 163 
120 71 
120 167 
120 103 
120 114 
120 57 
120 81 
120 17 
120 159 
120 185 
120 212 
120 77 
120 61 
120 108 
120 46 
120 101 
120 131 
120 153 
120 172 
120 194 
120 168 
120 89 
120 76 
120 129 
120 10 
120 15 
120 154 
120 25 
120 189 
120 9 
120 121 
120 20 
120 184 
120 142 
120 162 
120 12 
120 205 
120 186 
120 146 
120 11 
120 177 
120 137 
120 83 
120 133 
120 8 
120 39 
120 157 
120 38 
120 106 
120 191 
120 104 
120 132 
120 209 
120 201 
120 78 
120 176 
120 87 
120 3 
120 139 
120 134 
120 156 
120 143 
120 73 
120 115 
120 200 
120 158 
120 85 
120 148 
120 182 
120 196 
120 91 
120 124 
120 16 
120 202 
120 52 
121 82 
121 76 
121 166 
121 101 
121 206 
121 99 
121 16 
121 67 
121 106 
121 63 
121 4 
121 88 
121 51 
121 178 
121 159 
121 200 
121 203 
121 2 
121 196 
121 37 
121 97 
121 12 
121 154 
121 215 
121 40 
121 89 
121 148 
121 161 
121 49 
121 170 
121 122 
121 14 
121 103 
121 85 
121 38 
121 15 
121 98 
121 211 
121 204 
121 71 
121 195 
121 7 
121 28 
121 176 
121 137 
121 73 
121 1 
121 173 
121 22 
121 125 
121 156 
121 190 
121 43 
121 53 
121 131 
121 52 
121 112 
121 133 
121 70 
121 165 
121 58 
121 214 
121 33 
121 29 
121 116 
121 138 
121 146 
121 205 
121 193 
121 136 
121 119 
121 34 
121 23 
121 21 
121 126 
121 54 
121 197 
121 181 
121 182 
121 147 
121 27 
121 60 
121 213 
121 35 
121 91 
121 123 
121 152 
121 36 
121 114 
121 18 
121 72 
121 6 
121 96 
121 107 
121 45 
121 191 
121 174 
121 175 
121 80 
121 87 
121 57 
121 110 
121 202 
121 124 
121 56 
121 48 
121 90 
121 24 
121 151 
121 77 
121 62 
121 111 
121 94 
121 68 
121 128 
121 8 
121 66 
121 93 
121 153 
121 141 
121 81 
121 113 
121 0 
121 162 
121 186 
121 171 
121 155 
121 120 
121 188 
121 187 
121 84 
121 95 
121 20 
121 39 
121 157 
121 135 
121 3 
121 194 
121 86 
121 108 
121 50 
121 212 
121 201 
121 69 
121 198 
121 30 
121 184 
121 59 
121 130 
121 92 
121 25 
121 75 
121 44 
121 158 
121 115 
121 74 
121 26 
121 140 
121 118 
121 46 
121 192 
121 209 
121 41 
121 164 
121 169 
121 17 
121 210 
121 177 
122 88 
122 120 
122 38 
122 64 
122 106 
122 147 
122 194 
122 104 
122 56 
122 202 
122 10 
122 125 
122 155 
122 197 
122 169 
122 127 
122 140 
122 171 
122 75 
122 112 
122 131 
122 29 
122 83 
122 180 
122 20 
122 9 
122 18 
122 69 
122 55 
122 48 
122 166 
122 121 
122 208 
122 170 
122 34 
122 14 
122 124 
122 107 
122 119 
122 91 
122 89 
122 15 
122 167 
122 40 
122 82 
122 115 
122 54 
122 215 
122 181 
122 213 
122 47 
122 130 
122 161 
122 186 
122 74 
122 8 
122 193 
122 195 
122 100 
122 37 
122 66 
122 68 
122 33 
122 44 
122 84 
122 190 
122 116 
122 97 
122 50 
122 61 
122 129 
122 210 
122 203 
122 158 
122 24 
122 191 
122 200 
122 150 
122 137 
122 45 
122 53 
122 172 
122 52 
122 80 
122 30 
122 153 
122 21 
122 163 
122 187 
122 12 
122 148 
122 188 
122 108 
122 99 
122 65 
122 157 
122 118 
122 113 
122 192 
122 134 
122 42 
122 77 
122 145 
122 144 
122 156 
122 90 
122 196 
122 73 
122 138 
122 86 
122 35 
122 211 
122 57 
122 27 
122 51 
122 110 
122 164 
122 142 
122 151 
122 49 
122 146 
122 149 
122 81 
122 114 
122 59 
122 95 
122 41 
122 58 
122 76 
122 102 
122 154 
122 159 
122 182 
122 94 
122 179 
122 46 
122 209 
122 214 
122 175 
122 13 
122 5 
122 143 
122 141 
122 160 
122 199 
122 173 
122 162 
122 16 
122 28 
122 4 
122 205 
122 85 
122 204 
122 7 
122 128 
122 168 
122 201 
122 32 
122 67 
122 101 
122 60 
122 87 
122 43 
122 183 
122 96 
123 185 
123 27 
123 205 
123 3 
123 166 
123 34 
123 153 
123 77 
123 172 
123 41 
123 146 
123 162 
123 17 
123 103 
123 71 
123 75 
123 109 
123 178 
123 177 
123 135 
123 36 
123 80 
123 115 
123 25 
123 186 
123 96 
123 119 
123 12 
123 57 
123 88 
123 0 
123 163 
123 143 
123 22 
123 58 
123 157 
123 140 
123 39 
123 97 
123 49 
123 188 
123 11 
123 110 
123 206 
123 125 
123 144 
123 174 
123 83 
123 67 
123 204 
123 76 
123 213 
123 148 
123 29 
123 78 
123 13 
123 120 
123 159 
123 47 
123 171 
123 63 
123 195 
123 210 
123 154 
123 175 
123 89 
123 99 
123 158 
123 84 
123 182 
123 40 
123 121 
123 31 
123 147 
123 90 
123 70 
123 113 
123 59 
123 56 
123 136 
123 137 
123 194 
123 207 
123 164 
123 108 
123 151 
123 6 
123 132 
123 100 
123 9 
123 8 
123 149 
123 82 
123 1 
123 50 
123 104 
123 169 
123 161 
123 15 
123 72 
123 118 
123 106 
123 116 
123 197 
123 66 
123 124 
123 102 
123 46 
123 51 
123 20 
123 133 
123 165 
123 14 
123 93 
123 180 
123 23 
123 128 
123 55 
123 168 
123 211 
123 192 
123 35 
123 139 
123 134 
123 127 
123 126 
123 91 
123 69 
123 24 
123 209 
123 176 
123 4 
123 60 
123 101 
123 38 
123 42 
123 26 
123 112 
123 86 
123 16 
123 212 
123 19 
123 138 
123 18 
123 10 
123 199 
123 87 
123 190 
123 142 
123 155 
123 203 
123 173 
123 201 
123 85 
123 61 
123 196 
123 33 
123 131 
123 92 
123 30 
123 129 
123 48 
123 130 
123 94 
123 43 
124 214 
124 103 
124 95 
124 88 
124 194 
124 193 
124 197 
124 117 
124 5 
124 176 
124 209 
124 96 
124 155 
124 85 
124 206 
124 11 
124 143 
124 202 
124 198 
124 205 
124 170 
124 52 
124 169 
124 15 
124 190 
124 146 
124 204 
124 165 
124 101 
124 102 
124 22 
124 90 
124 196 
124 148 
124 62 
124 136 
124 55 
124 167 
124 60 
124 158 
124 33 
124 26 
124 122 
124 140 
124 1 
124 31 
124 108 
124 75 
124 56 
124 177 
124 212 
124 91 
124 192 
124 183 
124 132 
124 100 
124 174 
124 61 
124 135 
124 149 
124 185 
124 93 
124 200 
124 0 
124 142 
124 153 
124 164 
124 59 
124 78 
124 115 
124 87 
124 21 
124 104 
124 141 
124 127 
124 35 
124 36 
124 27 
124 37 
124 201 
124 157 
124 211 
124 163 
124 14 
124 156 
124 97 
124 179 
124 40 
124 121 
124 182 
124 6 
124 92 
124 68 
124 207 
124 38 
124 186 
124 137 
124 125 
124 50 
124 154 
124 98 
124 79 
124 73 
124 10 
124 162 
124 112 
124 3 
124 53 
124 215 
124 171 
124 12 
124 213 
124 13 
124 139 
124 110 
124 30 
124 123 
124 175 
124 131 
124 25 
124 147 
124 145 
124 151 
124 41 
124 65 
124 67 
124 188 
124 58 
124 70 
124 130 
124 152 
124 23 
124 74 
124 80 
124 49 
124 119 
124 166 
124 84 
124 107 
124 46 
124 118 
124 105 
124 113 
124 184 
124 159 
124 4 
124 199 
124 180 
124 106 
124 128 
124 189 
124 172 
124 126 
124 133 
124 54 
124 109 
124 203 
124 187 
124 47 
124 76 
124 7 
124 161 
124 66 
124 94 
124 77 
124 120 
124 195 
124 114 
124 8 
124 111 
124 150 
124 191 
125 213 
125 113 
125 57 
125 140 
125 182 
125 19 
125 24 
125 92 
125 195 
125 122 
125 152 
125 75 
125 49 
125 22 
125 27 
125 6 
125 65 
125 159 
125 136 
125 193 
125 163 
125 55 
125 189 
125 202 
125 128 
125 74 
125 155 
125 192 
125 66 
125 143 
125 172 
125 77 
125 97 
125 114 
125 89 
125 104 
125 28 
125 71 
125 45 
125 185 
125 69 
125 25 
125 127 
125 15 
125 132 
125 62 
125 144 
125 206 
125 166 
125 84 
125 8 
125 161 
125 23 
125 78 
125 46 
125 68 
125 203 
125 212 
125 121 
125 30 
125 90 
125 129 
125 14 
125 150 
125 98 
125 106 
125 210 
125 131 
125 101 
125 88 
125 70 
125 160 
125 116 
125 29 
125 123 
125 178 
125 197 
125 145 
125 63 
125 60 
125 35 
125 85 
125 183 
125 211 
125 82 
125 32 
125 147 
125 141 
125 17 
125 0 
125 59 
125 13 
125 42 
125 169 
125 119 
125 151 
125 164 
125 170 
125 112 
125 52 
125 99 
125 148 
125 72 
125 126 
125 180 
125 186 
125 61 
125 109 
125 38 
125 58 
125 81 
125 36 
125 174 
125 11 
125 124 
125 194 
125 138 
125 110 
125 139 
125 43 
125 135 
125 64 
125 177 
125 3 
125 51 
125 105 
125 100 
125 41 
125 7 
125 207 
125 5 
125 67 
125 201 
125 48 
125 10 
125 187 
125 214 
125 154 
125 191 
125 1 
125 205 
125 16 
125 146 
125 26 
125 93 
125 87 
125 76 
125 111 
125 184 
125 108 
125 200 
125 95 
125 117 
125 179 
125 153 
125 156 
125 37 
125 102 
125 80 
125 130 
125 107 
125 50 
125 149 
125 209 
125 18 
125 199 
125 83 
125 12 
125 157 
125 118 
125 133 
126 144 
126 211 
126 115 
126 204 
126 112 
126 2 
126 75 
126 74 
126 151 
126 166 
126 49 
126 206 
126 158 
126 103 
126 3 
126 209 
126 182 
126 139 
126 203 
126 208 
126 35 
126 214 
126 117 
126 95 
126 63 
126 201 
126 180 
126 37 
126 165 
126 40 
126 82 
126 184 
126 93 
126 154 
126 106 
126 152 
126 178 
126 66 
126 176 
126 70 
126 130 
126 45 
126 5 
126 134 
126 18 
126 7 
126 56 
126 132 
126 42 
126 175 
126 113 
126 191 
126 172 
126 48 
126 171 
126 100 
126 207 
126 94 
126 169 
126 86 
126 190 
126 29 
126 121 
126 27 
126 155 
126 198 
126 196 
126 173 
126 164 
126 19 
126 138 
126 108 
126 147 
126 61 
126 102 
126 129 
126 84 
126 6 
126 125 
126 34 
126 200 
126 104 
126 109 
126 31 
126 131 
126 105 
126 213 
126 210 
126 81 
126 36 
126 186 
126 189 
126 80 
126 8 
126 98 
126 54 
126 22 
126 187 
126 92 
126 62 
126 119 
126 101 
126 188 
126 142 
126 59 
126 159 
126 77 
126 87 
126 0 
126 65 
126 135 
126 168 
126 162 
126 43 
126 52 
126 160 
126 17 
126 83 
126 215 
126 157 
126 50 
126 123 
126 199 
126 51 
126 146 
126 114 
126 11 
126 13 
126 136 
126 4 
126 76 
126 140 
126 68 
126 153 
126 60 
126 44 
126 32 
126 78 
126 26 
126 90 
126 24 
126 89 
126 177 
126 23 
126 145 
126 202 
126 116 
126 107 
126 124 
126 25 
126 39 
126 128 
126 21 
126 197 
126 72 
126 53 
126 88 
126 14 
126 156 
126 47 
127 120 
127 113 
127 47 
127 122 
127 58 
127 155 
127 136 
127 93 
127 106 
127 212 
127 159 
127 209 
127 92 
127 56 
127 78 
127 20 
127 211 
127 143 
127 0 
127 83 
127 87 
127 11 
127 109 
127 97 
127 19 
127 110 
127 172 
127 156 
127 23 
127 46 
127 125 
127 8 
127 10 
127 54 
127 199 
127 91 
127 104 
127 21 
127 163 
127 111 
127 90 
127 53 
127 39 
127 166 
127 140 
127 174 
127 161 
127 22 
127 128 
127 12 
127 2 
127 60 
127 164 
127 50 
127 198 
127 95 
127 28 
127 148 
127 173 
127 192 
127 208 
127 183 
127 117 
127 72 
127 36 
127 201 
127 52 
127 14 
127 200 
127 25 
127 63 
127 154 
127 71 
127 94 
127 124 
127 206 
127 81 
127 15 
127 38 
127 32 
127 142 
127 162 
127 149 
127 134 
127 41 
127 77 
127 103 
127 214 
127 114 
127 176 
127 27 
127 76 
127 65 
127 59 
127 179 
127 132 
127 70 
127 99 
127 139 
127 197 
127 43 
127 191 
127 119 
127 3 
127 18 
127 49 
127 101 
127 30 
127 168 
127 151 
127 133 
127 88 
127 186 
127 42 
127 210 
127 64 
127 44 
127 37 
127 203 
127 66 
127 185 
127 84 
127 204 
127 82 
127 194 
127 1 
127 175 
127 29 
127 213 
127 215 
127 167 
127 152 
127 31 
127 130 
127 48 
127 123 
127 85 
127 45 
127 105 
127 193 
127 145 
127 118 
127 205 
127 79 
127 62 
127 171 
127 100 
127 137 
127 57 
127 17 
127 190 
127 135 
127 131 
127 108 
127 13 
127 169 
127 182 
127 158 
127 112 
127 181 
127 195 
127 153 
127 170 
127 74 
127 157 
127 35 
127 7 
127 207 
127 4 
127 67 
128 83 
128 23 
128 189 
128 159 
128 148 
128 43 
128 47 
128 55 
128 1 
128 26 
128 171 
128 202 
128 213 
128 69 
128 88 
128 182 
128 48 
128 175 
128 34 
128 173 
128 46 
128 168 
128 95 
128 195 
128 170 
128 125 
128 12 
128 163 
128 145 
128 207 
128 162 
128 90 
128 180 
128 87 
128 11 
128 81 
128 99 
128 178 
128 75 
128 8 
128 10 
128 78 
128 206 
128 200 
128 31 
128 129 
128 22 
128 36 
128 151 
128 192 
128 65 
128 130 
128 120 
128 161 
128 139 
128 153 
128 147 
128 4 
128 107 
128 165 
128 97 
128 50 
128 127 
128 92 
128 28 
128 42 
128 132 
128 109 
128 25 
128 24 
128 166 
128 61 
128 188 
128 117 
128 20 
128 184 
128 190 
128 77 
128 21 
128 18 
128 177 
128 101 
128 194 
128 152 
128 39 
128 63 
128 66 
128 135 
128 93 
128 76 
128 52 
128 54 
128 150 
128 116 
128 205 
128 203 
128 74 
128 167 
128 121 
128 35 
128 100 
128 98 
128 67 
128 198 
128 70 
128 144 
128 105 
128 2 
128 149 
128 84 
128 123 
128 58 
128 186 
128 68 
128 45 
128 210 
128 108 
128 106 
128 60 
128 79 
128 214 
128 27 
128 110 
128 113 
128 62 
128 208 
128 199 
128 204 
128 141 
128 59 
128 111 
128 115 
128 157 
128 187 
128 134 
128 158 
128 41 
128 212 
128 103 
128 191 
128 119 
128 124 
128 131 
128 64 
128 122 
128 211 
128 14 
128 86 
128 49 
128 73 
128 126 
128 5 
128 0 
128 118 
128 72 
128 53 
128 183 
128 146 
128 91 
128 209 
129 133 
129 82 
129 197 
129 164 
129 160 
129 155 
129 103 
129 48 
129 142 
129 154 
129 95 
129 41 
129 1 
129 194 
129 150 
129 198 
129 163 
129 151 
129 69 
129 195 
129 80 
129 35 
129 42 
129 73 
129 140 
129 153 
129 146 
129 181 
129 58 
129 170 
129 63 
129 96 
129 43 
129 128 
129 37 
129 186 
129 112 
129 174 
129 152 
129 7 
129 87 
129 67 
129 8 
129 4 
129 125 
129 115 
129 81 
129 138 
129 104 
129 15 
129 215 
129 172 
129 99 
129 45 
129 32 
129 139 
129 39 
129 118 
129 12 
129 122 
129 107 
129 23 
129 168 
129 13 
129 110 
129 90 
129 159 
129 210 
129 17 
129 14 
129 148 
129 193 
129 0 
129 202 
129 126 
129 30 
129 130 
129 131 
129 84 
129 38 
129 212 
129 119 
129 86 
129 44 
129 182 
129 111 
129 52 
129 56 
129 31 
129 66 
129 201 
129 120 
129 167 
129 192 
129 57 
129 137 
129 214 
129 143 
129 203 
129 85 
129 47 
129 53 
129 89 
129 173 
129 207 
129 179 
129 36 
129 2 
129 70 
129 204 
129 200 
129 40 
129 211 
129 100 
129 108 
129 157 
129 71 
129 184 
129 165 
129 3 
129 50 
129 176 
129 72 
129 29 
129 94 
129 24 
129 33 
129 162 
129 185 
129 134 
129 25 
129 209 
129 92 
129 149 
129 64 
129 158 
129 144 
129 46 
129 166 
129 18 
129 187 
129 62 
129 6 
129 135 
129 20 
129 114 
129 19 
129 77 
129 54 
129 65 
129 10 
129 196 
129 91 
129 116 
129 5 
129 156 
129 60 
129 123 
129 189 
130 178 
130 148 
130 164 
130 67 
130 134 
130 77 
130 8 
130 152 
130 95 
130 29 
130 80 
130 150 
130 36 
130 79 
130 86 
130 176 
130 19 
130 57 
130 91 
130 32 
130 215 
130 72 
130 76 
130 49 
130 144 
130 92 
130 181 
130 160 
130 214 
130 42 
130 156 
130 155 
130 126 
130 66 
130 55 
130 137 
130 201 
130 33 
130 21 
130 188 
130 58 
130 203 
130 186 
130 128 
130 122 
130 94 
130 78 
130 81 
130 1 
130 109 
130 169 
130 60 
130 211 
130 11 
130 37 
130 200 
130 116 
130 185 
130 75 
130 87 
130 202 
130 111 
130 52 
130 88 
130 84 
130 192 
130 10 
130 83 
130 16 
130 53 
130 62 
130 143 
130 141 
130 73 
130 7 
130 2 
130 114 
130 166 
130 194 
130 129 
130 71 
130 90 
130 147 
130 101 
130 103 
130 41 
130 113 
130 112 
130 15 
130 96 
130 46 
130 45 
130 142 
130 193 
130 172 
130 177 
130 6 
130 209 
130 161 
130 153 
130 48 
130 64 
130 110 
130 59 
130 9 
130 61 
130 168 
130 167 
130 197 
130 163 
130 65 
130 35 
130 136 
130 54 
130 119 
130 98 
130 183 
130 127 
130 93 
130 39 
130 187 
130 124 
130 97 
130 107 
130 5 
130 180 
130 30 
130 40 
130 165 
130 18 
130 208 
130 0 
130 50 
130 34 
130 171 
130 138 
130 25 
130 104 
130 99 
130 154 
130 121 
130 212 
130 162 
130 108 
130 20 
130 38 
130 159 
130 26 
130 140 
130 125 
130 74 
130 44 
130 47 
130 13 
130 196 
130 23 
130 51 
130 24 
130 123 
131 9 
131 168 
131 141 
131 13 
131 138 
131 23 
131 213 
131 27 
131 58 
131 24 
131 3 
131 5 
131 150 
131 109 
131 100 
131 119 
131 41 
131 157 
131 56 
131 152 
131 206 
131 187 
131 46 
131 122 
131 118 
131 203 
131 185 
131 76 
131 201 
131 38 
131 48 
131 72 
131 35 
131 113 
131 4 
131 197 
131 63 
131 195 
131 155 
131 153 
131 66 
131 163 
131 11 
131 190 
131 7 
131 214 
131 162 
131 61 
131 114 
131 10 
131 205 
131 125 
131 98 
131 71 
131 81 
131 34 
131 121 
131 49 
131 22 
131 145 
131 116 
131 16 
131 184 
131 80 
131 207 
131 204 
131 67 
131 179 
131 37 
131 143 
131 28 
131 147 
131 96 
131 59 
131 136 
131 87 
131 154 
131 167 
131 173 
131 6 
131 210 
131 159 
131 202 
131 188 
131 180 
131 139 
131 170 
131 135 
131 129 
131 171 
131 160 
131 174 
131 75 
131 126 
131 51 
131 199 
131 194 
131 120 
131 149 
131 36 
131 25 
131 79 
131 33 
131 39 
131 73 
131 93 
131 19 
131 101 
131 20 
131 124 
131 1 
131 169 
131 191 
131 53 
131 17 
131 65 
131 0 
131 99 
131 18 
131 107 
131 151 
131 85 
131 161 
131 69 
131 70 
131 183 
131 196 
131 110 
131 178 
131 186 
131 21 
131 104 
131 86 
131 42 
131 165 
131 14 
131 84 
131 211 
131 127 
131 90 
131 77 
131 128 
131 102 
131 200 
131 146 
131 52 
131 54 
131 158 
131 189 
131 106 
131 209 
131 112 
131 2 
131 198 
131 123 
131 144 
131 175 
131 103 
131 92 
131 57 
131 111 
131 182 
131 82 
132 52 
132 212 
132 15 
132 211 
132 77 
132 136 
132 12 
132 111 
132 178 
132 51 
132 187 
132 209 
132 76 
132 37 
132 201 
132 170 
132 179 
132 95 
132 107 
132 92 
132 98 
132 164 
132 158 
132 24 
132 4 
132 198 
132 138 
132 166 
132 154 
132 62 
132 23 
132 72 
132 199 
132 125 
132 87 
132 119 
132 126 
132 196 
132 44 
132 157 
132 214 
132 142 
132 58 
132 2 
132 79 
132 114 
132 35 
132 8 
132 124 
132 146 
132 195 
132 128 
132 53 
132 175 
132 144 
132 148 
132 91 
132 213 
132 109 
132 66 
132 48 
132 68 
132 42 
132 189 
132 108 
132 38 
132 184 
132 17 
132 194 
132 203 
132 71 
132 41 
132 188 
132 182 
132 102 
132 115 
132 83 
132 145 
132 64 
132 32 
132 94 
132 139 
132 215 
132 57 
132 147 
132 117 
132 161 
132 200 
132 85 
132 127 
132 63 
132 133 
132 18 
132 123 
132 202 
132 67 
132 11 
132 78 
132 167 
132 26 
132 180 
132 113 
132 55 
132 116 
132 89 
132 165 
132 43 
132 181 
132 134 
132 106 
132 96 
132 82 
132 80 
132 160 
132 101 
132 159 
132 10 
132 34 
132 192 
132 190 
132 20 
132 49 
132 191 
132 206 
132 140 
132 174 
132 176 
132 59 
132 45 
132 54 
132 103 
132 112 
132 100 
132 33 
132 120 
132 135 
132 29 
132 172 
132 205 
132 97 
132 177 
132 93 
132 65 
132 173 
132 193 
132 22 
132 155 
132 137 
132 153 
132 31 
132 197 
132 90 
132 6 
132 14 
132 185 
132 28 
132 204 
132 40 
132 118 
132 104 
132 16 
132 74 
133 129 
133 7 
133 159 
133 110 
133 100 
133 55 
133 111 
133 137 
133 181 
133 96 
133 116 
133 69 
133 45 
133 68 
133 91 
133 56 
133 117 
133 104 
133 78 
133 112 
133 25 
133 155 
133 95 
133 26 
133 28 
133 169 
133 39 
133 9 
133 12 
133 105 
133 41 
133 162 
133 163 
133 54 
133 189 
133 1 
133 63 
133 15 
133 187 
133 182 
133 30 
133 178 
133 75 
133 36 
133 87 
133 177 
133 196 
133 113 
133 158 
133 186 
133 2 
133 200 
133 58 
133 62 
133 121 
133 61 
133 198 
133 171 
133 93 
133 51 
133 64 
133 175 
133 89 
133 184 
133 152 
133 48 
133 65 
133 102 
133 109 
133 70 
133 154 
133 81 
133 208 
133 164 
133 136 
133 57 
133 194 
133 144 
133 153 
133 17 
133 38 
133 16 
133 42 
133 35 
133 207 
133 23 
133 206 
133 204 
133 197 
133 135 
133 49 
133 90 
133 0 
133 214 
133 166 
133 94 
133 132 
133 6 
133 5 
133 143 
133 37 
133 47 
133 67 
133 146 
133 33 
133 205 
133 92 
133 107 
133 119 
133 127 
133 46 
133 199 
133 141 
133 193 
133 165 
133 13 
133 180 
133 212 
133 203 
133 123 
133 66 
133 179 
133 76 
133 79 
133 173 
133 22 
133 24 
133 176 
133 101 
133 3 
133 190 
133 120 
133 151 
133 80 
133 11 
133 50 
133 195 
133 134 
133 114 
133 8 
133 139 
133 167 
133 34 
133 103 
133 71 
133 172 
133 77 
133 19 
133 86 
133 149 
133 32 
133 183 
133 138 
133 188 
133 18 
133 211 
133 191 
133 124 
133 202 
133 145 
133 21 
133 213 
133 148 
133 115 
133 125 
133 161 
134 155 
134 16 
134 50 
134 130 
134 29 
134 148 
134 89 
134 190 
134 103 
134 147 
134 140 
134 42 
134 59 
134 143 
134 106 
134 72 
134 77 
134 40 
134 97 
134 194 
134 192 
134 19 
134 109 
134 53 
134 37 
134 11 
134 2 
134 105 
134 153 
134 168 
134 177 
134 126 
134 189 
134 92 
134 202 
134 54 
134 46 
134 116 
134 209 
134 14 
134 22 
134 150 
134 60 
134 75 
134 47 
134 203 
134 69 
134 193 
134 85 
134 211 
134 137 
134 6 
134 112 
134 145 
134 104 
134 118 
134 80 
134 182 
134 83 
134 36 
134 63 
134 88 
134 52 
134 41 
134 184 
134 152 
134 176 
134 31 
134 108 
134 107 
134 185 
134 195 
134 21 
134 90 
134 149 
134 198 
134 160 
134 51 
134 208 
134 187 
134 127 
134 169 
134 167 
134 162 
134 28 
134 26 
134 161 
134 178 
134 139 
134 191 
134 141 
134 33 
134 144 
134 111 
134 44 
134 122 
134 154 
134 70 
134 18 
134 93 
134 188 
134 117 
134 136 
134 1 
134 95 
134 86 
134 164 
134 100 
134 39 
134 199 
134 8 
134 82 
134 5 
134 142 
134 159 
134 132 
134 57 
134 174 
134 207 
134 81 
134 0 
134 17 
134 210 
134 212 
134 123 
134 96 
134 102 
134 45 
134 213 
134 32 
134 165 
134 91 
134 146 
134 133 
134 73 
134 64 
134 129 
134 128 
134 30 
134 99 
134 163 
134 138 
134 4 
134 120 
134 186 
134 158 
134 3 
134 201 
134 196 
134 181 
134 180 
134 55 
134 23 
134 115 
134 13 
134 135 
134 12 
134 175 
134 197 
134 110 
134 56 
135 212 
135 88 
135 188 
135 167 
135 119 
135 178 
135 117 
135 79 
135 94 
135 102 
135 144 
135 190 
135 180 
135 16 
135 215 
135 108 
135 156 
135 14 
135 111 
135 109 
135 1 
135 123 
135 118 
135 201 
135 70 
135 3 
135 173 
135 155 
135 57 
135 192 
135 210 
135 101 
135 33 
135 28 
135 81 
135 47 
135 8 
135 20 
135 140 
135 115 
135 112 
135 63 
135 48 
135 116 
135 30 
135 137 
135 183 
135 143 
135 172 
135 43 
135 72 
135 95 
135 2 
135 62 
135 124 
135 41 
135 27 
135 77 
135 50 
135 186 
135 11 
135 204 
135 46 
135 67 
135 100 
135 53 
135 196 
135 177 
135 182 
135 197 
135 76 
135 157 
135 175 
135 170 
135 150 
135 40 
135 131 
135 147 
135 104 
135 149 
135 133 
135 128 
135 151 
135 71 
135 55 
135 195 
135 179 
135 31 
135 207 
135 152 
135 162 
135 90 
135 106 
135 136 
135 4 
135 92 
135 214 
135 209 
135 208 
135 125 
135 176 
135 189 
135 36 
135 181 
135 154 
135 211 
135 60 
135 126 
135 45 
135 25 
135 213 
135 153 
135 7 
135 82 
135 75 
135 58 
135 121 
135 9 
135 105 
135 169 
135 80 
135 202 
135 114 
135 83 
135 64 
135 32 
135 206 
135 107 
135 96 
135 10 
135 93 
135 84 
135 110 
135 38 
135 29 
135 132 
135 127 
135 146 
135 35 
135 203 
135 69 
135 159 
135 129 
135 171 
135 21 
135 200 
135 13 
135 52 
135 24 
135 73 
135 134 
135 168 
135 145 
135 5 
135 66 
136 201 
136 50 
136 156 
136 14 
136 161 
136 202 
136 103 
136 195 
136 145 
136 112 
136 132 
136 149 
136 32 
136 30 
136 43 
136 191 
136 211 
136 120 
136 107 
136 36 
136 127 
136 125 
136 213 
136 178 
136 91 
136 65 
136 87 
136 111 
136 4 
136 33 
136 193 
136 97 
136 106 
136 100 
136 124 
136 55 
136 45 
136 9 
136 71 
136 67 
136 48 
136 208 
136 31 
136 56 
136 207 
136 173 
136 39 
136 215 
136 64 
136 177 
136 104 
136 119 
136 184 
136 10 
136 70 
136 18 
136 171 
136 25 
136 121 
136 160 
136 115 
136 26 
136 183 
136 199 
136 73 
136 140 
136 205 
136 42 
136 59 
136 131 
136 101 
136 133 
136 110 
136 57 
136 188 
136 89 
136 84 
136 197 
136 15 
136 35 
136 74 
136 86 
136 92 
136 174 
136 75 
136 82 
136 123 
136 6 
136 24 
136 40 
136 113 
136 168 
136 138 
136 13 
136 134 
136 78 
136 44 
136 81 
136 187 
136 135 
136 5 
136 164 
136 167 
136 192 
136 77 
136 53 
136 80 
136 21 
136 117 
136 116 
136 7 
136 142 
136 210 
136 69 
136 29 
136 23 
136 130 
136 12 
136 28 
136 49 
136 148 
136 179 
136 20 
136 172 
136 185 
136 16 
136 72 
136 126 
136 37 
136 198 
136 147 
136 143 
136 66 
136 180 
136 88 
136 46 
136 114 
136 94 
136 155 
136 83 
136 0 
136 118 
136 162 
136 76 
136 182 
136 22 
136 169 
136 2 
136 98 
136 186 
136 153 
136 204 
136 58 
136 175 
136 8 
136 102 
137 57 
137 14 
137 140 
137 78 
137 160 
137 2 
137 133 
137 15 
137 198 
137 67 
137 8 
137 189 
137 117 
137 83 
137 29 
137 44 
137 45 
137 49 
137 188 
137 102 
137 13 
137 51 
137 169 
137 206 
137 19 
137 61 
137 12 
137 141 
137 205 
137 3 
137 130 
137 80 
137 209 
137 121 
137 68 
137 171 
137 64 
137 174 
137 11 
137 94 
137 56 
137 143 
137 135 
137 134 
137 195 
137 152 
137 39 
137 92 
137 47 
137 54 
137 63 
137 115 
137 146 
137 105 
137 148 
137 208 
137 91 
137 110 
137 155 
137 28 
137 138 
137 113 
137 17 
137 18 
137 81 
137 175 
137 98 
137 0 
137 122 
137 215 
137 60 
137 180 
137 119 
137 75 
137 154 
137 116 
137 111 
137 71 
137 202 
137 163 
137 59 
137 190 
137 151 
137 96 
137 23 
137 85 
137 123 
137 27 
137 210 
137 173 
137 22 
137 213 
137 24 
137 124 
137 82 
137 46 
137 158 
137 186 
137 200 
137 103 
137 74 
137 203 
137 176 
137 108 
137 170 
137 129 
137 104 
137 145 
137 149 
137 52 
137 36 
137 182 
137 192 
137 193 
137 21 
137 107 
137 76 
137 181 
137 77 
137 5 
137 70 
137 144 
137 99 
137 211 
137 10 
137 172 
137 84 
137 166 
137 120 
137 79 
137 53 
137 207 
137 32 
137 178 
137 142 
137 109 
137 185 
137 156 
137 112 
137 127 
137 4 
137 164 
137 97 
137 161 
137 50 
137 197 
137 43 
137 40 
137 87 
137 150 
137 139 
137 48 
137 69 
137 31 
137 62 
137 41 
137 132 
137 65 
137 114 
137 35 
137 187 
137 191 
138 82 
138 184 
138 113 
138 131 
138 51 
138 99 
138 92 
138 84 
138 142 
138 116 
138 163 
138 204 
138 178 
138 211 
138 160 
138 149 
138 91 
138 66 
138 179 
138 132 
138 77 
138 72 
138 172 
138 44 
138 13 
138 210 
138 118 
138 45 
138 78 
138 69 
138 6 
138 87 
138 209 
138 105 
138 174 
138 186 
138 112 
138 129 
138 104 
138 145 
138 65 
138 148 
138 37 
138 103 
138 15 
138 121 
138 177 
138 146 
138 181 
138 22 
138 96 
138 95 
138 137 
138 166 
138 40 
138 29 
138 114 
138 206 
138 117 
138 195 
138 93 
138 193 
138 47 
138 201 
138 54 
138 53 
138 36 
138 126 
138 31 
138 102 
138 73 
138 43 
138 169 
138 208 
138 21 
138 161 
138 100 
138 200 
138 19 
138 88 
138 80 
138 141 
138 68 
138 2 
138 3 
138 153 
138 25 
138 20 
138 152 
138 136 
138 154 
138 173 
138 10 
138 183 
138 79 
138 106 
138 125 
138 108 
138 60 
138 122 
138 71 
138 185 
138 12 
138 48 
138 7 
138 23 
138 167 
138 52 
138 50 
138 94 
138 190 
138 0 
138 203 
138 86 
138 57 
138 56 
138 215 
138 189 
138 38 
138 14 
138 97 
138 64 
138 164 
138 197 
138 187 
138 213 
138 67 
138 157 
138 150 
138 147 
138 46 
138 182 
138 109 
138 192 
138 130 
138 165 
138 123 
138 11 
138 83 
138 155 
138 81 
138 115 
138 70 
138 139 
138 144 
138 196 
138 202 
138 9 
138 134 
138 133 
138 188 
138 59 
138 194 
138 58 
138 90 
138 85 
138 214 
138 8 
138 28 
138 33 
138 156 
138 5 
138 159 
138 171 
138 74 
138 61 
138 101 
139 100 
139 34 
139 75 
139 70 
139 101 
139 188 
139 6 
139 93 
139 211 
139 145 
139 35 
139 126 
139 167 
139 27 
139 158 
139 25 
139 82 
139 162 
139 71 
139 5 
139 193 
139 50 
139 172 
139 113 
139 173 
139 197 
139 30 
139 52 
139 42 
139 88 
139 12 
139 21 
139 102 
139 147 
139 144 
139 177 
139 191 
139 46 
139 149 
139 128 
139 23 
139 0 
139 40 
139 212 
139 215 
139 213 
139 84 
139 67 
139 39 
139 165 
139 81 
139 202 
139 26 
139 129 
139 2 
139 53 
139 48 
139 68 
139 74 
139 195 
139 99 
139 192 
139 87 
139 54 
139 178 
139 110 
139 106 
139 180 
139 118 
139 161 
139 152 
139 132 
139 37 
139 65 
139 10 
139 134 
139 131 
139 210 
139 69 
139 44 
139 62 
139 38 
139 153 
139 64 
139 18 
139 89 
139 175 
139 140 
139 176 
139 127 
139 16 
139 98 
139 154 
139 187 
139 125 
139 92 
139 184 
139 76 
139 79 
139 179 
139 36 
139 19 
139 166 
139 124 
139 186 
139 104 
139 119 
139 97 
139 59 
139 214 
139 185 
139 83 
139 45 
139 209 
139 60 
139 115 
139 20 
139 190 
139 123 
139 206 
139 11 
139 114 
139 80 
139 95 
139 103 
139 86 
139 208 
139 205 
139 159 
139 49 
139 116 
139 133 
139 15 
139 28 
139 138 
139 85 
139 137 
139 120 
139 96 
139 174 
139 111 
139 61 
139 90 
139 117 
139 183 
139 198 
139 17 
139 143 
139 56 
139 32 
139 164 
139 4 
139 13 
139 58 
139 47 
139 22 
139 29 
139 55 
139 207 
139 142 
140 161 
140 110 
140 143 
140 73 
140 125 
140 52 
140 170 
140 76 
140 118 
140 137 
140 102 
140 211 
140 40 
140 100 
140 36 
140 184 
140 134 
140 15 
140 99 
140 122 
140 198 
140 215 
140 196 
140 104 
140 190 
140 51 
140 57 
140 28 
140 129 
140 7 
140 84 
140 120 
140 160 
140 33 
140 3 
140 182 
140 172 
140 213 
140 29 
140 124 
140 98 
140 38 
140 24 
140 94 
140 123 
140 135 
140 70 
140 151 
140 147 
140 34 
140 62 
140 77 
140 188 
140 127 
140 208 
140 115 
140 14 
140 87 
140 12 
140 176 
140 136 
140 63 
140 50 
140 191 
140 41 
140 8 
140 67 
140 158 
140 167 
140 105 
140 206 
140 180 
140 186 
140 192 
140 154 
140 10 
140 150 
140 168 
140 212 
140 175 
140 0 
140 54 
140 68 
140 13 
140 156 
140 93 
140 47 
140 26 
140 199 
140 113 
140 106 
140 169 
140 183 
140 139 
140 21 
140 146 
140 80 
140 108 
140 194 
140 18 
140 78 
140 174 
140 210 
140 214 
140 22 
140 46 
140 112 
140 207 
140 44 
140 163 
140 179 
140 153 
140 171 
140 92 
140 107 
140 31 
140 19 
140 88 
140 9 
140 101 
140 85 
140 4 
140 49 
140 117 
140 195 
140 197 
140 132 
140 53 
140 114 
140 126 
140 204 
140 75 
140 187 
140 149 
140 155 
140 178 
140 45 
140 59 
140 61 
140 202 
140 116 
140 5 
140 189 
140 144 
140 148 
140 130 
140 121 
140 65 
140 203 
140 205 
140 81 
140 39 
140 25 
140 35 
140 89 
140 6 
140 27 
140 90 
140 152 
141 151 
141 4 
141 203 
141 131 
141 212 
141 207 
141 113 
141 75 
141 164 
141 147 
141 103 
141 29 
141 102 
141 60 
141 195 
141 10 
141 104 
141 5 
141 178 
141 144 
141 166 
141 72 
141 162 
141 192 
141 91 
141 42 
141 165 
141 189 
141 78 
141 83 
141 54 
141 25 
141 109 
141 14 
141 176 
141 137 
141 53 
141 157 
141 86 
141 159 
141 215 
141 186 
141 96 
141 158 
141 155 
141 63 
141 182 
141 150 
141 171 
141 101 
141 43 
141 61 
141 40 
141 90 
141 73 
141 107 
141 146 
141 110 
141 197 
141 28 
141 111 
141 77 
141 210 
141 79 
141 125 
141 36 
141 124 
141 173 
141 130 
141 108 
141 87 
141 105 
141 119 
141 15 
141 161 
141 193 
141 33 
141 9 
141 19 
141 174 
141 3 
141 94 
141 134 
141 138 
141 208 
141 153 
141 172 
141 22 
141 48 
141 13 
141 69 
141 82 
141 196 
141 183 
141 32 
141 200 
141 97 
141 8 
141 185 
141 184 
141 118 
141 121 
141 187 
141 133 
141 89 
141 188 
141 205 
141 49 
141 68 
141 93 
141 204 
141 52 
141 2 
141 47 
141 202 
141 71 
141 17 
141 18 
141 44 
141 170 
141 12 
141 148 
141 116 
141 143 
141 112 
141 55 
141 67 
141 98 
141 115 
141 23 
141 122 
141 198 
141 35 
141 84 
141 156 
141 168 
141 179 
141 128 
141 37 
141 149 
141 21 
141 190 
141 117 
141 81 
141 142 
141 51 
141 11 
141 80 
141 57 
141 163 
141 59 
141 180 
141 41 
141 27 
141 201 
141 1 
141 160 
141 154 
141 31 
141 209 
141 85 
141 167 
142 31 
142 119 
142 129 
142 48 
142 193 
142 203 
142 211 
142 97 
142 87 
142 138 
142 34 
142 186 
142 90 
142 154 
142 156 
142 148 
142 110 
142 60 
142 79 
142 84 
142 78 
142 169 
142 66 
142 109 
142 102 
142 23 
142 202 
142 114 
142 158 
142 2 
142 98 
142 33 
142 52 
142 199 
142 170 
142 19 
142 53 
142 73 
142 38 
142 69 
142 8 
142 132 
142 20 
142 51 
142 41 
142 212 
142 166 
142 194 
142 28 
142 190 
142 108 
142 62 
142 160 
142 40 
142 165 
142 77 
142 187 
142 11 
142 124 
142 67 
142 207 
142 173 
142 3 
142 14 
142 93 
142 205 
142 6 
142 127 
142 13 
142 174 
142 65 
142 208 
142 43 
142 88 
142 159 
142 29 
142 56 
142 144 
142 197 
142 105 
142 163 
142 26 
142 103 
142 162 
142 130 
142 54 
142 17 
142 198 
142 201 
142 44 
142 188 
142 22 
142 182 
142 181 
142 25 
142 209 
142 61 
142 152 
142 4 
142 122 
142 126 
142 146 
142 134 
142 176 
142 94 
142 80 
142 89 
142 30 
142 147 
142 46 
142 92 
142 120 
142 64 
142 136 
142 101 
142 172 
142 213 
142 72 
142 106 
142 107 
142 76 
142 112 
142 55 
142 116 
142 195 
142 161 
142 91 
142 16 
142 42 
142 171 
142 137 
142 189 
142 63 
142 0 
142 82 
142 9 
142 83 
142 214 
142 141 
142 117 
142 167 
142 5 
142 12 
142 123 
142 36 
142 37 
142 192 
142 104 
142 21 
142 191 
142 177 
142 179 
142 139 
142 151 
143 140 
143 193 
143 88 
143 199 
143 211 
143 198 
143 180 
143 42 
143 79 
143 4 
143 71 
143 28 
143 63 
143 148 
143 115 
143 200 
143 134 
143 181 
143 78 
143 73 
143 124 
143 117 
143 164 
143 87 
143 125 
143 52 
143 127 
143 203 
143 23 
143 208 
143 145 
143 48 
143 30 
143 147 
143 178 
143 2 
143 160 
143 83 
143 123 
143 57 
143 58 
143 103 
143 190 
143 116 
143 100 
143 13 
143 14 
143 112 
143 109 
143 85 
143 15 
143 7 
143 137 
143 167 
143 110 
143 135 
143 70 
143 44 
143 205 
143 210 
143 11 
143 152 
143 154 
143 26 
143 131 
143 18 
143 161 
143 212 
143 196 
143 17 
143 69 
143 86 
143 130 
143 173 
143 61 
143 20 
143 93 
143 5 
143 172 
143 166 
143 118 
143 66 
143 81 
143 105 
143 204 
143 213 
143 151 
143 33 
143 158 
143 133 
143 9 
143 6 
143 155 
143 45 
143 186 
143 149 
143 24 
143 21 
143 215 
143 129 
143 150 
143 114 
143 84 
143 77 
143 179 
143 74 
143 197 
143 177 
143 95 
143 101 
143 144 
143 25 
143 141 
143 175 
143 46 
143 162 
143 209 
143 169 
143 153 
143 111 
143 122 
143 119 
143 97 
143 54 
143 29 
143 136 
143 36 
143 91 
143 170 
143 184 
143 90 
143 19 
143 156 
143 201 
143 174 
143 56 
143 80 
143 202 
143 104 
143 10 
143 99 
143 120 
143 39 
143 168 
143 72 
143 51 
143 94 
143 62 
143 37 
143 41 
143 49 
143 139 
143 98 
144 16 
144 196 
144 56 
144 210 
144 126 
144 191 
144 35 
144 9 
144 12 
144 149 
144 105 
144 135 
144 177 
144 157 
144 65 
144 214 
144 62 
144 180 
144 152 
144 42 
144 47 
144 5 
144 24 
144 174 
144 141 
144 82 
144 74 
144 7 
144 185 
144 85 
144 130 
144 145 
144 113 
144 28 
144 194 
144 111 
144 17 
144 209 
144 139 
144 156 
144 29 
144 125 
144 4 
144 15 
144 52 
144 115 
144 41 
144 87 
144 40 
144 86 
144 0 
144 169 
144 8 
144 117 
144 171 
144 106 
144 95 
144 84 
144 123 
144 132 
144 81 
144 20 
144 120 
144 188 
144 118 
144 116 
144 201 
144 154 
144 25 
144 172 
144 170 
144 99 
144 69 
144 90 
144 60 
144 204 
144 133 
144 203 
144 104 
144 6 
144 59 
144 195 
144 197 
144 93 
144 168 
144 27 
144 134 
144 1 
144 10 
144 150 
144 193 
144 37 
144 142 
144 183 
144 160 
144 122 
144 108 
144 199 
144 3 
144 179 
144 101 
144 77 
144 182 
144 23 
144 26 
144 155 
144 96 
144 50 
144 102 
144 148 
144 31 
144 166 
144 175 
144 165 
144 48 
144 212 
144 128 
144 18 
144 161 
144 43 
144 70 
144 178 
144 98 
144 181 
144 137 
144 159 
144 211 
144 89 
144 215 
144 143 
144 57 
144 146 
144 164 
144 153 
144 151 
144 103 
144 79 
144 94 
144 76 
144 213 
144 190 
144 36 
144 58 
144 32 
144 202 
144 129 
144 138 
144 205 
144 92 
144 140 
144 46 
144 66 
144 147 
144 75 
144 97 
144 33 
144 44 
144 88 
144 131 
144 184 
144 200 
144 21 
144 49 
144 51 
144 72 
144 192 
145 1 
145 8 
145 73 
145 95 
145 79 
145 136 
145 166 
145 65 
145 200 
145 35 
145 7 
145 41 
145 9 
145 168 
145 13 
145 139 
145 91 
145 120 
145 3 
145 147 
145 98 
145 167 
145 85 
145 128 
145 148 
145 100 
145 44 
145 187 
145 113 
145 118 
145 48 
145 56 
145 103 
145 144 
145 143 
145 74 
145 160 
145 202 
145 49 
145 180 
145 203 
145 173 
145 15 
145 18 
145 110 
145 104 
145 20 
145 71 
145 164 
145 138 
145 213 
145 60 
145 93 
145 134 
145 215 
145 14 
145 62 
145 94 
145 40 
145 131 
145 184 
145 70 
145 72 
145 125 
145 211 
145 102 
145 165 
145 11 
145 193 
145 82 
145 10 
145 194 
145 25 
145 0 
145 132 
145 117 
145 34 
145 116 
145 53 
145 207 
145 45 
145 17 
145 33 
145 42 
145 114 
145 122 
145 31 
145 210 
145 75 
145 51 
145 205 
145 99 
145 30 
145 137 
145 47 
145 58 
145 181 
145 61 
145 183 
145 36 
145 38 
145 190 
145 4 
145 188 
145 101 
145 124 
145 90 
145 80 
145 54 
145 86 
145 161 
145 106 
145 21 
145 112 
145 22 
145 107 
145 59 
145 77 
145 127 
145 191 
145 196 
145 212 
145 28 
145 2 
145 179 
145 37 
145 189 
145 69 
145 209 
145 155 
145 23 
145 63 
145 64 
145 156 
145 126 
145 76 
145 176 
145 174 
145 208 
145 16 
145 151 
145 198 
145 154 
145 111 
145 133 
145 67 
145 206 
145 175 
145 24 
145 19 
145 135 
145 204 
145 105 
145 178 
145 78 
146 164 
146 209 
146 65 
146 184 
146 14 
146 103 
146 123 
146 0 
146 41 
146 156 
146 6 
146 172 
146 88 
146 168 
146 170 
146 206 
146 101 
146 35 
146 124 
146 129 
146 11 
146 83 
146 173 
146 32 
146 40 
146 9 
146 44 
146 181 
146 50 
146 15 
146 94 
146 3 
146 19 
146 162 
146 13 
146 10 
146 119 
146 211 
146 196 
146 4 
146 175 
146 58 
146 132 
146 39 
146 153 
146 137 
146 121 
146 138 
146 141 
146 166 
146 160 
146 215 
146 67 
146 115 
146 60 
146 59 
146 198 
146 159 
146 56 
146 187 
146 203 
146 8 
146 151 
146 74 
146 102 
146 38 
146 68 
146 17 
146 163 
146 80 
146 51 
146 110 
146 177 
146 64 
146 106 
146 140 
146 28 
146 133 
146 7 
146 36 
146 148 
146 24 
146 210 
146 142 
146 122 
146 29 
146 105 
146 22 
146 116 
146 93 
146 213 
146 189 
146 90 
146 25 
146 86 
146 52 
146 191 
146 113 
146 180 
146 194 
146 21 
146 72 
146 120 
146 34 
146 192 
146 20 
146 155 
146 126 
146 152 
146 37 
146 47 
146 87 
146 31 
146 144 
146 77 
146 150 
146 85 
146 125 
146 202 
146 5 
146 171 
146 69 
146 134 
146 190 
146 111 
146 54 
146 23 
146 1 
146 27 
146 61 
146 186 
146 30 
146 78 
146 193 
146 46 
146 135 
146 99 
146 75 
146 176 
146 42 
146 204 
146 2 
146 131 
146 81 
146 55 
146 53 
146 179 
146 185 
146 195 
146 96 
146 49 
146 118 
146 89 
146 18 
146 63 
146 128 
146 201 
146 71 
147 0 
147 207 
147 65 
147 86 
147 29 
147 122 
147 153 
147 2 
147 199 
147 45 
147 134 
147 141 
147 110 
147 99 
147 61 
147 170 
147 206 
147 51 
147 62 
147 156 
147 172 
147 145 
147 85 
147 83 
147 17 
147 112 
147 117 
147 151 
147 97 
147 36 
147 104 
147 95 
147 27 
147 214 
147 63 
147 181 
147 79 
147 58 
147 143 
147 13 
147 11 
147 196 
147 113 
147 18 
147 31 
147 162 
147 139 
147 152 
147 163 
147 52 
147 38 
147 161 
147 49 
147 140 
147 108 
147 77 
147 116 
147 176 
147 128 
147 96 
147 4 
147 205 
147 183 
147 8 
147 10 
147 24 
147 106 
147 1 
147 213 
147 101 
147 34 
147 70 
147 5 
147 71 
147 14 
147 30 
147 131 
147 43 
147 93 
147 91 
147 125 
147 90 
147 120 
147 121 
147 48 
147 98 
147 35 
147 23 
147 173 
147 211 
147 148 
147 159 
147 195 
147 188 
147 209 
147 126 
147 189 
147 107 
147 204 
147 201 
147 123 
147 109 
147 177 
147 20 
147 132 
147 135 
147 74 
147 130 
147 212 
147 160 
147 42 
147 78 
147 81 
147 6 
147 149 
147 88 
147 155 
147 80 
147 54 
147 175 
147 118 
147 167 
147 182 
147 202 
147 142 
147 21 
147 39 
147 124 
147 47 
147 57 
147 94 
147 210 
147 215 
147 73 
147 154 
147 164 
147 33 
147 68 
147 32 
147 59 
147 187 
147 171 
147 166 
147 138 
147 102 
147 136 
147 87 
147 19 
147 208 
147 203 
147 158 
147 75 
147 7 
147 41 
147 37 
147 115 
147 150 
147 82 
147 46 
147 169 
147 144 
147 28 
147 179 
147 67 
147 69 
147 185 
147 197 
147 53 
147 180 
148 130 
148 118 
148 128 
148 28 
148 134 
148 175 
148 181 
148 76 
148 56 
148 9 
148 51 
148 31 
148 143 
148 80 
148 183 
148 184 
148 149 
148 60 
148 202 
148 6 
148 145 
148 142 
148 1 
148 19 
148 171 
148 66 
148 114 
148 121 
148 108 
148 124 
148 98 
148 109 
148 116 
148 15 
148 59 
148 105 
148 150 
148 209 
148 70 
148 37 
148 100 
148 169 
148 13 
148 63 
148 113 
148 215 
148 138 
148 65 
148 41 
148 40 
148 155 
148 200 
148 153 
148 137 
148 127 
148 26 
148 132 
148 32 
148 0 
148 213 
148 11 
148 167 
148 185 
148 123 
148 156 
148 194 
148 111 
148 188 
148 34 
148 7 
148 190 
148 192 
148 33 
148 129 
148 3 
148 95 
148 122 
148 178 
148 147 
148 71 
148 23 
148 125 
148 58 
148 45 
148 103 
148 173 
148 42 
148 94 
148 182 
148 195 
148 36 
148 50 
148 165 
148 18 
148 146 
148 81 
148 8 
148 144 
148 186 
148 201 
148 67 
148 212 
148 29 
148 107 
148 52 
148 197 
148 166 
148 206 
148 73 
148 117 
148 79 
148 48 
148 24 
148 39 
148 20 
148 157 
148 211 
148 159 
148 136 
148 154 
148 44 
148 141 
148 4 
148 176 
148 57 
148 30 
148 74 
148 83 
148 102 
148 214 
148 78 
148 62 
148 61 
148 27 
148 17 
148 91 
148 204 
148 75 
148 43 
148 82 
148 69 
148 161 
148 191 
148 140 
148 90 
148 198 
148 158 
148 88 
148 84 
148 12 
148 54 
148 120 
148 93 
148 133 
148 168 
148 106 
148 16 
148 86 
148 163 
149 25 
149 12 
149 48 
149 136 
149 39 
149 209 
149 144 
149 36 
149 84 
149 191 
149 155 
149 215 
149 62 
149 49 
149 59 
149 148 
149 90 
149 168 
149 55 
149 138 
149 43 
149 76 
149 105 
149 4 
149 71 
149 52 
149 80 
149 198 
149 101 
149 44 
149 202 
149 28 
149 31 
149 29 
149 64 
149 21 
149 139 
149 212 
149 206 
149 67 
149 81 
149 178 
149 54 
149 78 
149 157 
149 124 
149 0 
149 14 
149 107 
149 35 
149 3 
149 83 
149 51 
149 214 
149 208 
149 26 
149 150 
149 205 
149 5 
149 96 
149 102 
149 134 
149 120 
149 162 
149 10 
149 127 
149 153 
149 47 
149 164 
149 211 
149 135 
149 172 
149 79 
149 174 
149 91 
149 69 
149 184 
149 93 
149 131 
149 213 
149 114 
149 123 
149 147 
149 56 
149 188 
149 113 
149 109 
149 143 
149 137 
149 115 
149 70 
149 97 
149 122 
149 165 
149 185 
149 61 
149 73 
149 128 
149 108 
149 160 
149 40 
149 177 
149 87 
149 159 
149 6 
149 2 
149 1 
149 203 
149 110 
149 57 
149 196 
149 32 
149 9 
149 201 
149 152 
149 22 
149 141 
149 140 
149 170 
149 129 
149 163 
149 92 
149 195 
149 88 
149 197 
149 116 
149 74 
149 16 
149 133 
149 171 
149 106 
149 166 
149 7 
149 186 
149 111 
149 13 
149 173 
149 125 
149 37 
149 85 
149 192 
149 151 
149 11 
149 158 
149 53 
149 154 
150 203 
150 94 
150 19 
150 82 
150 25 
150 91 
150 27 
150 15 
150 176 
150 196 
150 10 
150 98 
150 80 
150 131 
150 130 
150 8 
150 67 
150 129 
150 204 
150 36 
150 195 
150 62 
150 70 
150 115 
150 206 
150 60 
150 79 
150 35 
150 95 
150 194 
150 100 
150 163 
150 58 
150 22 
150 63 
150 90 
150 99 
150 169 
150 83 
150 108 
150 34 
150 44 
150 166 
150 81 
150 46 
150 105 
150 106 
150 148 
150 29 
150 175 
150 192 
150 66 
150 171 
150 97 
150 210 
150 2 
150 134 
150 86 
150 214 
150 110 
150 174 
150 5 
150 185 
150 208 
150 125 
150 141 
150 167 
150 56 
150 179 
150 93 
150 213 
150 215 
150 116 
150 186 
150 3 
150 87 
150 182 
150 38 
150 12 
150 178 
150 43 
150 154 
150 65 
150 119 
150 122 
150 187 
150 202 
150 118 
150 113 
150 112 
150 149 
150 16 
150 140 
150 199 
150 0 
150 78 
150 189 
150 73 
150 183 
150 88 
150 31 
150 135 
150 170 
150 40 
150 159 
150 72 
150 144 
150 107 
150 7 
150 17 
150 20 
150 128 
150 14 
150 24 
150 162 
150 102 
150 197 
150 117 
150 41 
150 181 
150 32 
150 172 
150 165 
150 114 
150 143 
150 48 
150 69 
150 111 
150 84 
150 193 
150 37 
150 164 
150 168 
150 74 
150 45 
150 39 
150 155 
150 4 
150 201 
150 138 
150 146 
150 51 
150 161 
150 104 
150 47 
150 11 
150 153 
150 188 
150 18 
150 92 
150 152 
150 137 
150 50 
150 198 
150 57 
150 1 
150 211 
150 59 
150 52 
150 147 
150 49 
150 103 
150 200 
150 190 
150 173 
150 54 
150 184 
150 101 
150 124 
150 180 
150 191 
150 109 
150 6 
150 205 
151 57 
151 203 
151 141 
151 39 
151 184 
151 5 
151 126 
151 23 
151 154 
151 185 
151 129 
151 22 
151 40 
151 7 
151 147 
151 82 
151 94 
151 180 
151 75 
151 164 
151 200 
151 15 
151 78 
151 2 
151 105 
151 79 
151 210 
151 162 
151 108 
151 204 
151 8 
151 214 
151 14 
151 27 
151 128 
151 74 
151 155 
151 18 
151 161 
151 170 
151 101 
151 28 
151 99 
151 42 
151 70 
151 140 
151 112 
151 96 
151 48 
151 43 
151 120 
151 209 
151 213 
151 50 
151 93 
151 32 
151 88 
151 188 
151 17 
151 47 
151 176 
151 175 
151 174 
151 114 
151 49 
151 113 
151 192 
151 41 
151 21 
151 193 
151 36 
151 6 
151 64 
151 45 
151 160 
151 177 
151 166 
151 146 
151 125 
151 9 
151 196 
151 46 
151 59 
151 137 
151 26 
151 72 
151 62 
151 171 
151 107 
151 212 
151 195 
151 61 
151 135 
151 110 
151 65 
151 77 
151 111 
151 123 
151 143 
151 16 
151 121 
151 116 
151 181 
151 211 
151 127 
151 197 
151 168 
151 3 
151 122 
151 157 
151 117 
151 10 
151 51 
151 60 
151 178 
151 173 
151 186 
151 156 
151 119 
151 124 
151 92 
151 194 
151 131 
151 86 
151 109 
151 187 
151 189 
151 191 
151 104 
151 29 
151 133 
151 144 
151 167 
151 33 
151 165 
151 152 
151 4 
151 12 
151 103 
151 11 
151 85 
151 19 
151 44 
151 87 
151 54 
151 145 
151 83 
151 90 
151 69 
151 53 
151 149 
151 24 
151 215 
151 68 
151 182 
151 71 
151 206 
151 0 
151 142 
151 172 
151 66 
152 107 
152 91 
152 202 
152 176 
152 73 
152 157 
152 186 
152 156 
152 51 
152 130 
152 190 
152 33 
152 7 
152 125 
152 14 
152 144 
152 131 
152 187 
152 169 
152 79 
152 191 
152 155 
152 67 
152 198 
152 49 
152 29 
152 16 
152 72 
152 20 
152 31 
152 119 
152 179 
152 204 
152 100 
152 103 
152 126 
152 181 
152 85 
152 193 
152 32 
152 55 
152 65 
152 5 
152 8 
152 210 
152 158 
152 89 
152 95 
152 35 
152 129 
152 147 
152 36 
152 38 
152 57 
152 166 
152 209 
152 161 
152 117 
152 195 
152 106 
152 180 
152 17 
152 84 
152 137 
152 27 
152 214 
152 143 
152 196 
152 43 
152 133 
152 170 
152 134 
152 1 
152 208 
152 165 
152 206 
152 87 
152 212 
152 159 
152 15 
152 172 
152 178 
152 2 
152 46 
152 189 
152 203 
152 121 
152 76 
152 102 
152 139 
152 23 
152 128 
152 168 
152 69 
152 80 
152 205 
152 53 
152 18 
152 66 
152 62 
152 138 
152 10 
152 116 
152 173 
152 135 
152 192 
152 188 
152 26 
152 153 
152 160 
152 86 
152 162 
152 194 
152 142 
152 104 
152 109 
152 199 
152 34 
152 82 
152 40 
152 54 
152 213 
152 56 
152 61 
152 37 
152 93 
152 13 
152 112 
152 177 
152 70 
152 127 
152 163 
152 11 
152 74 
152 174 
152 175 
152 42 
152 146 
152 124 
152 90 
152 9 
152 30 
152 183 
152 41 
152 151 
152 6 
152 39 
152 149 
152 201 
152 75 
152 64 
152 150 
152 182 
152 21 
152 19 
152 114 
152 81 
152 44 
152 215 
152 28 
152 25 
152 68 
152 200 
152 77 
152 63 
152 164 
152 3 
152 97 
152 140 
152 167 
152 4 
152 197 
153 44 
153 209 
153 13 
153 84 
153 170 
153 147 
153 206 
153 53 
153 123 
153 198 
153 28 
153 160 
153 159 
153 100 
153 66 
153 63 
153 94 
153 19 
153 190 
153 174 
153 181 
153 193 
153 118 
153 203 
153 7 
153 202 
153 129 
153 204 
153 83 
153 41 
153 90 
153 86 
153 158 
153 59 
153 134 
153 42 
153 12 
153 131 
153 9 
153 70 
153 4 
153 14 
153 105 
153 162 
153 182 
153 189 
153 112 
153 51 
153 29 
153 60 
153 2 
153 115 
153 128 
153 11 
153 73 
153 164 
153 52 
153 146 
153 148 
153 104 
153 77 
153 68 
153 211 
153 1 
153 21 
153 23 
153 124 
153 15 
153 199 
153 191 
153 163 
153 201 
153 75 
153 122 
153 157 
153 56 
153 37 
153 196 
153 111 
153 93 
153 192 
153 133 
153 179 
153 39 
153 149 
153 180 
153 139 
153 101 
153 195 
153 138 
153 141 
153 76 
153 168 
153 22 
153 89 
153 0 
153 61 
153 120 
153 176 
153 57 
153 152 
153 47 
153 71 
153 17 
153 38 
153 121 
153 96 
153 208 
153 95 
153 207 
153 187 
153 165 
153 130 
153 117 
153 74 
153 166 
153 116 
153 32 
153 88 
153 175 
153 92 
153 200 
153 140 
153 135 
153 185 
153 40 
153 173 
153 54 
153 169 
153 107 
153 167 
153 62 
153 143 
153 108 
153 144 
153 197 
153 78 
153 48 
153 126 
153 150 
153 215 
153 5 
153 20 
153 45 
153 27 
153 125 
153 188 
153 210 
153 161 
153 36 
153 3 
153 67 
153 119 
153 87 
153 79 
153 154 
153 132 
153 110 
153 72 
153 127 
153 26 
153 136 
153 85 
153 205 
153 156 
153 177 
153 64 
153 33 
153 58 
153 82 
154 192 
154 24 
154 30 
154 34 
154 60 
154 214 
154 194 
154 158 
154 155 
154 41 
154 102 
154 25 
154 129 
154 71 
154 161 
154 181 
154 81 
154 115 
154 151 
154 83 
154 175 
154 53 
154 1 
154 64 
154 51 
154 74 
154 142 
154 96 
154 50 
154 89 
154 42 
154 121 
154 132 
154 69 
154 126 
154 190 
154 19 
154 164 
154 26 
154 157 
154 49 
154 183 
154 205 
154 195 
154 178 
154 207 
154 87 
154 208 
154 82 
154 113 
154 197 
154 68 
154 73 
154 105 
154 94 
154 196 
154 213 
154 162 
154 171 
154 163 
154 166 
154 86 
154 143 
154 40 
154 66 
154 173 
154 28 
154 20 
154 59 
154 150 
154 182 
154 127 
154 144 
154 133 
154 123 
154 93 
154 131 
154 140 
154 16 
154 199 
154 7 
154 169 
154 137 
154 106 
154 11 
154 97 
154 54 
154 48 
154 10 
154 75 
154 170 
154 56 
154 176 
154 134 
154 32 
154 12 
154 104 
154 18 
154 138 
154 47 
154 124 
154 65 
154 15 
154 139 
154 2 
154 8 
154 23 
154 72 
154 85 
154 193 
154 3 
154 5 
154 36 
154 188 
154 209 
154 103 
154 120 
154 135 
154 108 
154 22 
154 61 
154 88 
154 179 
154 79 
154 84 
154 9 
154 70 
154 107 
154 29 
154 67 
154 198 
154 184 
154 122 
154 78 
154 101 
154 125 
154 148 
154 147 
154 76 
154 200 
154 21 
154 38 
154 35 
154 45 
154 174 
154 27 
154 37 
154 211 
154 130 
154 212 
154 4 
154 168 
154 189 
154 62 
154 153 
154 185 
154 187 
154 156 
154 119 
154 167 
154 111 
154 145 
154 52 
154 141 
154 186 
154 149 
154 33 
154 98 
155 190 
155 134 
155 207 
155 209 
155 195 
155 102 
155 12 
155 98 
155 114 
155 129 
155 163 
155 154 
155 171 
155 79 
155 37 
155 122 
155 63 
155 27 
155 177 
155 127 
155 2 
155 149 
155 31 
155 124 
155 19 
155 55 
155 183 
155 178 
155 152 
155 165 
155 168 
155 188 
155 125 
155 201 
155 58 
155 164 
155 133 
155 105 
155 166 
155 44 
155 16 
155 210 
155 3 
155 62 
155 135 
155 66 
155 76 
155 130 
155 172 
155 131 
155 158 
155 18 
155 81 
155 69 
155 151 
155 57 
155 59 
155 187 
155 72 
155 179 
155 192 
155 92 
155 141 
155 43 
155 196 
155 189 
155 35 
155 7 
155 167 
155 115 
155 120 
155 148 
155 99 
155 159 
155 36 
155 42 
155 137 
155 29 
155 23 
155 25 
155 180 
155 97 
155 1 
155 4 
155 174 
155 118 
155 0 
155 28 
155 126 
155 204 
155 70 
155 104 
155 94 
155 211 
155 80 
155 50 
155 86 
155 78 
155 77 
155 41 
155 26 
155 32 
155 22 
155 83 
155 208 
155 112 
155 5 
155 13 
155 68 
155 101 
155 33 
155 147 
155 143 
155 213 
155 156 
155 144 
155 200 
155 6 
155 17 
155 215 
155 20 
155 47 
155 121 
155 30 
155 203 
155 52 
155 9 
155 117 
155 146 
155 49 
155 205 
155 150 
155 186 
155 10 
155 34 
155 108 
155 113 
155 75 
155 197 
155 184 
155 145 
155 65 
155 106 
155 140 
155 136 
155 185 
155 138 
155 123 
155 116 
155 193 
155 176 
155 132 
155 82 
155 194 
155 111 
155 14 
155 85 
155 93 
155 8 
155 67 
155 40 
155 199 
156 99 
156 136 
156 97 
156 211 
156 41 
156 152 
156 175 
156 76 
156 11 
156 48 
156 21 
156 146 
156 147 
156 55 
156 0 
156 33 
156 63 
156 135 
156 27 
156 180 
156 142 
156 184 
156 53 
156 198 
156 10 
156 50 
156 109 
156 40 
156 16 
156 89 
156 130 
156 127 
156 43 
156 81 
156 165 
156 78 
156 84 
156 206 
156 113 
156 144 
156 182 
156 87 
156 161 
156 77 
156 61 
156 121 
156 200 
156 204 
156 75 
156 185 
156 183 
156 148 
156 215 
156 72 
156 65 
156 164 
156 35 
156 207 
156 194 
156 8 
156 107 
156 64 
156 173 
156 106 
156 36 
156 14 
156 28 
156 58 
156 13 
156 140 
156 214 
156 39 
156 124 
156 212 
156 187 
156 69 
156 4 
156 122 
156 117 
156 170 
156 208 
156 199 
156 202 
156 186 
156 205 
156 166 
156 60 
156 155 
156 83 
156 169 
156 157 
156 158 
156 91 
156 102 
156 92 
156 151 
156 9 
156 70 
156 29 
156 30 
156 189 
156 181 
156 44 
156 51 
156 104 
156 93 
156 82 
156 54 
156 18 
156 190 
156 159 
156 67 
156 86 
156 137 
156 141 
156 95 
156 179 
156 74 
156 71 
156 143 
156 108 
156 125 
156 59 
156 24 
156 145 
156 120 
156 46 
156 174 
156 22 
156 196 
156 19 
156 17 
156 172 
156 154 
156 26 
156 3 
156 12 
156 177 
156 197 
156 153 
156 201 
156 73 
156 129 
156 126 
156 138 
156 210 
156 101 
156 111 
156 6 
156 160 
157 118 
157 69 
157 152 
157 95 
157 197 
157 176 
157 163 
157 187 
157 171 
157 144 
157 131 
157 104 
157 164 
157 19 
157 51 
157 14 
157 49 
157 43 
157 48 
157 174 
157 160 
157 154 
157 45 
157 214 
157 141 
157 2 
157 115 
157 5 
157 52 
157 24 
157 172 
157 3 
157 44 
157 4 
157 180 
157 123 
157 132 
157 97 
157 39 
157 192 
157 58 
157 36 
157 105 
157 169 
157 91 
157 179 
157 183 
157 149 
157 32 
157 72 
157 112 
157 204 
157 188 
157 119 
157 62 
157 74 
157 92 
157 173 
157 40 
157 153 
157 71 
157 85 
157 212 
157 113 
157 77 
157 202 
157 124 
157 135 
157 208 
157 122 
157 57 
157 53 
157 30 
157 102 
157 65 
157 66 
157 88 
157 63 
157 26 
157 215 
157 84 
157 79 
157 90 
157 37 
157 33 
157 211 
157 177 
157 11 
157 156 
157 8 
157 106 
157 116 
157 151 
157 167 
157 210 
157 161 
157 203 
157 27 
157 194 
157 25 
157 168 
157 191 
157 98 
157 148 
157 200 
157 186 
157 94 
157 193 
157 46 
157 121 
157 126 
157 199 
157 67 
157 7 
157 178 
157 209 
157 129 
157 138 
157 70 
157 89 
157 110 
157 184 
157 55 
157 120 
157 206 
157 54 
157 64 
157 100 
157 21 
157 128 
157 73 
157 82 
157 108 
157 16 
157 96 
157 18 
157 117 
157 99 
157 181 
157 78 
157 87 
157 198 
157 127 
157 109 
157 196 
157 13 
157 125 
157 81 
158 76 
158 103 
158 1 
158 101 
158 118 
158 154 
158 108 
158 42 
158 206 
158 67 
158 126 
158 14 
158 184 
158 200 
158 92 
158 87 
158 139 
158 45 
158 13 
158 24 
158 188 
158 30 
158 209 
158 176 
158 106 
158 29 
158 199 
158 38 
158 189 
158 132 
158 173 
158 205 
158 98 
158 165 
158 90 
158 153 
158 23 
158 166 
158 179 
158 107 
158 142 
158 91 
158 41 
158 100 
158 46 
158 213 
158 124 
158 62 
158 12 
158 155 
158 34 
158 152 
158 208 
158 80 
158 141 
158 18 
158 32 
158 183 
158 4 
158 169 
158 55 
158 197 
158 160 
158 133 
158 190 
158 177 
158 9 
158 193 
158 19 
158 2 
158 163 
158 88 
158 207 
158 27 
158 0 
158 194 
158 89 
158 168 
158 73 
158 69 
158 122 
158 174 
158 159 
158 117 
158 36 
158 140 
158 84 
158 47 
158 93 
158 182 
158 202 
158 123 
158 68 
158 70 
158 7 
158 39 
158 170 
158 59 
158 74 
158 115 
158 83 
158 31 
158 52 
158 185 
158 61 
158 201 
158 35 
158 143 
158 162 
158 137 
158 172 
158 79 
158 171 
158 94 
158 211 
158 8 
158 40 
158 26 
158 195 
158 181 
158 25 
158 72 
158 50 
158 156 
158 116 
158 65 
158 56 
158 204 
158 105 
158 82 
158 111 
158 51 
158 210 
158 53 
158 110 
158 81 
158 6 
158 186 
158 3 
158 85 
158 215 
158 15 
158 114 
158 10 
158 44 
158 20 
158 128 
158 147 
158 129 
158 109 
158 121 
158 127 
158 148 
158 134 
158 131 
158 120 
158 75 
158 33 
158 21 
158 71 
158 60 
158 149 
158 48 
158 119 
159 10 
159 128 
159 51 
159 94 
159 108 
159 50 
159 133 
159 209 
159 86 
159 110 
159 153 
159 197 
159 125 
159 5 
159 87 
159 127 
159 211 
159 121 
159 103 
159 170 
159 160 
159 113 
159 27 
159 34 
159 107 
159 164 
159 64 
159 79 
159 176 
159 169 
159 96 
159 202 
159 73 
159 66 
159 212 
159 70 
159 163 
159 101 
159 141 
159 205 
159 26 
159 105 
159 58 
159 78 
159 102 
159 199 
159 196 
159 65 
159 45 
159 189 
159 84 
159 62 
159 68 
159 155 
159 22 
159 207 
159 201 
159 81 
159 24 
159 158 
159 9 
159 20 
159 123 
159 129 
159 15 
159 44 
159 177 
159 31 
159 109 
159 17 
159 152 
159 49 
159 146 
159 111 
159 131 
159 147 
159 193 
159 93 
159 178 
159 175 
159 194 
159 120 
159 150 
159 166 
159 54 
159 69 
159 142 
159 200 
159 75 
159 117 
159 190 
159 198 
159 99 
159 14 
159 46 
159 183 
159 60 
159 162 
159 134 
159 126 
159 179 
159 89 
159 48 
159 165 
159 215 
159 25 
159 35 
159 59 
159 181 
159 19 
159 39 
159 132 
159 77 
159 185 
159 144 
159 43 
159 122 
159 53 
159 148 
159 38 
159 206 
159 149 
159 37 
159 36 
159 139 
159 213 
159 13 
159 30 
159 2 
159 210 
159 28 
159 156 
159 41 
159 171 
159 88 
159 114 
159 182 
159 191 
159 186 
159 61 
159 63 
159 187 
159 124 
159 52 
159 76 
159 11 
159 135 
159 130 
159 57 
159 91 
159 95 
159 7 
159 83 
159 74 
159 18 
159 138 
160 34 
160 107 
160 48 
160 129 
160 11 
160 213 
160 15 
160 91 
160 137 
160 54 
160 85 
160 75 
160 153 
160 69 
160 71 
160 65 
160 19 
160 56 
160 201 
160 92 
160 96 
160 138 
160 30 
160 159 
160 191 
160 176 
160 63 
160 195 
160 140 
160 78 
160 98 
160 130 
160 181 
160 157 
160 194 
160 118 
160 29 
160 13 
160 145 
160 28 
160 208 
160 94 
160 36 
160 9 
160 32 
160 143 
160 209 
160 67 
160 112 
160 38 
160 70 
160 100 
160 175 
160 114 
160 110 
160 170 
160 164 
160 104 
160 158 
160 59 
160 57 
160 142 
160 125 
160 62 
160 14 
160 3 
160 108 
160 79 
160 66 
160 115 
160 40 
160 12 
160 188 
160 22 
160 184 
160 120 
160 172 
160 136 
160 146 
160 0 
160 174 
160 16 
160 173 
160 33 
160 5 
160 44 
160 116 
160 20 
160 93 
160 171 
160 151 
160 134 
160 49 
160 90 
160 105 
160 101 
160 23 
160 45 
160 185 
160 167 
160 64 
160 131 
160 2 
160 31 
160 147 
160 199 
160 144 
160 73 
160 106 
160 47 
160 102 
160 152 
160 202 
160 111 
160 97 
160 180 
160 74 
160 198 
160 52 
160 37 
160 132 
160 61 
160 149 
160 82 
160 166 
160 126 
160 50 
160 76 
160 80 
160 25 
160 210 
160 88 
160 165 
160 169 
160 43 
160 53 
160 178 
160 122 
160 177 
160 26 
160 207 
160 197 
160 168 
160 215 
160 192 
160 193 
160 189 
160 186 
160 113 
160 204 
160 109 
160 35 
160 42 
160 141 
160 8 
160 18 
160 10 
160 156 
161 104 
161 140 
161 74 
161 195 
161 29 
161 14 
161 136 
161 39 
161 89 
161 59 
161 107 
161 46 
161 13 
161 154 
161 67 
161 90 
161 71 
161 79 
161 70 
161 194 
161 64 
161 96 
161 173 
161 55 
161 118 
161 83 
161 172 
161 87 
161 198 
161 2 
161 48 
161 121 
161 114 
161 165 
161 182 
161 201 
161 197 
161 183 
161 199 
161 26 
161 41 
161 86 
161 168 
161 63 
161 17 
161 1 
161 151 
161 113 
161 125 
161 147 
161 22 
161 156 
161 20 
161 128 
161 116 
161 152 
161 122 
161 127 
161 120 
161 47 
161 109 
161 82 
161 37 
161 15 
161 143 
161 9 
161 101 
161 209 
161 163 
161 93 
161 77 
161 171 
161 88 
161 34 
161 141 
161 81 
161 204 
161 139 
161 134 
161 138 
161 23 
161 167 
161 119 
161 112 
161 132 
161 164 
161 106 
161 43 
161 8 
161 32 
161 4 
161 36 
161 27 
161 12 
161 56 
161 180 
161 28 
161 53 
161 123 
161 51 
161 85 
161 130 
161 6 
161 117 
161 44 
161 184 
161 157 
161 84 
161 66 
161 144 
161 115 
161 7 
161 76 
161 145 
161 200 
161 131 
161 196 
161 100 
161 38 
161 142 
161 3 
161 207 
161 210 
161 75 
161 50 
161 52 
161 150 
161 18 
161 72 
161 162 
161 185 
161 11 
161 137 
161 148 
161 205 
161 92 
161 170 
161 153 
161 208 
161 73 
161 5 
161 16 
161 111 
161 0 
161 189 
161 91 
161 25 
161 68 
161 61 
161 203 
161 65 
161 124 
161 10 
161 186 
161 57 
161 193 
161 58 
161 99 
161 179 
161 192 
161 24 
161 133 
161 175 
162 79 
162 46 
162 213 
162 0 
162 72 
162 194 
162 87 
162 41 
162 94 
162 17 
162 203 
162 108 
162 123 
162 36 
162 71 
162 139 
162 113 
162 27 
162 76 
162 128 
162 167 
162 141 
162 7 
162 30 
162 37 
162 106 
162 184 
162 42 
162 151 
162 91 
162 133 
162 147 
162 101 
162 18 
162 49 
162 153 
162 84 
162 146 
162 185 
162 98 
162 78 
162 131 
162 199 
162 89 
162 180 
162 70 
162 154 
162 20 
162 74 
162 104 
162 64 
162 165 
162 181 
162 182 
162 179 
162 210 
162 112 
162 47 
162 166 
162 44 
162 164 
162 99 
162 198 
162 183 
162 169 
162 12 
162 202 
162 38 
162 149 
162 100 
162 127 
162 114 
162 5 
162 24 
162 134 
162 4 
162 77 
162 197 
162 80 
162 8 
162 11 
162 68 
162 109 
162 204 
162 190 
162 200 
162 10 
162 29 
162 96 
162 158 
162 62 
162 110 
162 107 
162 40 
162 19 
162 135 
162 142 
162 61 
162 124 
162 193 
162 82 
162 26 
162 152 
162 150 
162 163 
162 53 
162 187 
162 81 
162 60 
162 34 
162 215 
162 208 
162 121 
162 159 
162 16 
162 21 
162 207 
162 205 
162 176 
162 120 
162 126 
162 25 
162 88 
162 192 
162 35 
162 58 
162 83 
162 1 
162 177 
162 143 
162 214 
162 211 
162 3 
162 45 
162 168 
162 196 
162 129 
162 75 
162 191 
162 161 
162 122 
162 54 
162 22 
162 28 
162 130 
162 65 
162 92 
162 173 
162 63 
162 52 
162 55 
162 136 
162 201 
162 39 
162 172 
162 93 
162 23 
162 57 
162 51 
162 170 
163 11 
163 41 
163 198 
163 118 
163 167 
163 155 
163 197 
163 157 
163 82 
163 98 
163 97 
163 125 
163 129 
163 178 
163 138 
163 79 
163 128 
163 85 
163 3 
163 185 
163 172 
163 173 
163 192 
163 150 
163 213 
163 186 
163 194 
163 60 
163 117 
163 86 
163 34 
163 87 
163 46 
163 203 
163 64 
163 84 
163 123 
163 205 
163 6 
163 80 
163 4 
163 133 
163 43 
163 159 
163 69 
163 131 
163 195 
163 113 
163 147 
163 51 
163 127 
163 214 
163 187 
163 183 
163 18 
163 26 
163 158 
163 9 
163 102 
163 154 
163 25 
163 83 
163 119 
163 92 
163 153 
163 65 
163 161 
163 49 
163 122 
163 96 
163 104 
163 120 
163 189 
163 137 
163 196 
163 124 
163 201 
163 55 
163 146 
163 63 
163 50 
163 181 
163 35 
163 142 
163 169 
163 62 
163 39 
163 211 
163 40 
163 175 
163 45 
163 100 
163 162 
163 5 
163 116 
163 8 
163 47 
163 32 
163 33 
163 202 
163 0 
163 94 
163 199 
163 89 
163 140 
163 130 
163 95 
163 19 
163 108 
163 14 
163 200 
163 164 
163 15 
163 152 
163 66 
163 103 
163 21 
163 107 
163 101 
163 22 
163 208 
163 99 
163 149 
163 78 
163 68 
163 109 
163 77 
163 190 
163 93 
163 1 
163 134 
163 184 
163 74 
163 91 
163 141 
163 73 
163 2 
163 168 
163 166 
163 30 
163 16 
163 61 
163 13 
163 206 
163 182 
163 36 
163 57 
163 209 
163 204 
163 114 
163 81 
163 179 
163 56 
163 148 
163 23 
164 146 
164 130 
164 171 
164 63 
164 71 
164 129 
164 207 
164 59 
164 93 
164 0 
164 34 
164 108 
164 37 
164 183 
164 91 
164 196 
164 39 
164 98 
164 141 
164 32 
164 1 
164 180 
164 105 
164 101 
164 157 
164 5 
164 80 
164 81 
164 132 
164 155 
164 143 
164 119 
164 11 
164 186 
164 9 
164 151 
164 154 
164 159 
164 53 
164 182 
164 166 
164 204 
164 24 
164 26 
164 57 
164 43 
164 165 
164 179 
164 145 
164 47 
164 160 
164 109 
164 49 
164 85 
164 153 
164 33 
164 99 
164 100 
164 127 
164 215 
164 14 
164 62 
164 67 
164 58 
164 178 
164 69 
164 124 
164 162 
164 156 
164 16 
164 173 
164 185 
164 92 
164 210 
164 12 
164 199 
164 197 
164 133 
164 54 
164 113 
164 206 
164 192 
164 202 
164 126 
164 112 
164 174 
164 125 
164 28 
164 194 
164 87 
164 21 
164 40 
164 89 
164 193 
164 149 
164 25 
164 6 
164 187 
164 161 
164 168 
164 201 
164 31 
164 123 
164 83 
164 72 
164 103 
164 78 
164 170 
164 55 
164 200 
164 82 
164 136 
164 38 
164 30 
164 167 
164 134 
164 195 
164 176 
164 184 
164 122 
164 203 
164 7 
164 56 
164 48 
164 64 
164 66 
164 36 
164 150 
164 74 
164 35 
164 29 
164 41 
164 86 
164 163 
164 138 
164 191 
164 147 
164 50 
164 189 
164 175 
164 116 
164 144 
164 190 
164 70 
164 104 
164 20 
164 117 
164 65 
164 137 
164 188 
164 172 
164 88 
164 96 
164 115 
164 4 
164 95 
164 61 
164 19 
164 8 
164 152 
164 52 
164 139 
164 121 
164 212 
164 68 
164 181 
164 214 
165 32 
165 104 
165 99 
165 62 
165 83 
165 97 
165 176 
165 16 
165 120 
165 85 
165 72 
165 155 
165 98 
165 56 
165 126 
165 91 
165 64 
165 25 
165 124 
165 141 
165 185 
165 41 
165 158 
165 12 
165 6 
165 53 
165 199 
165 161 
165 60 
165 74 
165 106 
165 80 
165 156 
165 82 
165 173 
165 38 
165 90 
165 84 
165 197 
165 169 
165 35 
165 164 
165 51 
165 29 
165 36 
165 128 
165 174 
165 172 
165 142 
165 162 
165 89 
165 121 
165 59 
165 40 
165 139 
165 145 
165 88 
165 108 
165 200 
165 66 
165 73 
165 166 
165 22 
165 3 
165 193 
165 152 
165 111 
165 195 
165 183 
165 202 
165 192 
165 189 
165 110 
165 205 
165 52 
165 43 
165 46 
165 187 
165 27 
165 93 
165 34 
165 58 
165 26 
165 23 
165 4 
165 28 
165 37 
165 87 
165 67 
165 148 
165 30 
165 31 
165 153 
165 18 
165 101 
165 15 
165 144 
165 105 
165 150 
165 132 
165 188 
165 133 
165 186 
165 203 
165 149 
165 79 
165 159 
165 123 
165 171 
165 92 
165 68 
165 47 
165 17 
165 181 
165 77 
165 9 
165 39 
165 170 
165 160 
165 102 
165 129 
165 78 
165 33 
165 130 
165 134 
165 151 
165 190 
165 63 
165 138 
165 70 
165 196 
165 45 
165 131 
165 57 
165 215 
165 49 
165 13 
165 55 
165 209 
165 201 
165 75 
165 206 
165 210 
165 168 
165 107 
165 119 
165 69 
165 114 
165 175 
165 182 
165 76 
165 207 
165 48 
166 212 
166 186 
166 121 
166 33 
166 123 
166 145 
166 126 
166 18 
166 6 
166 97 
166 191 
166 44 
166 50 
166 35 
166 75 
166 29 
166 64 
166 19 
166 141 
166 202 
166 34 
166 155 
166 71 
166 132 
166 112 
166 62 
166 122 
166 180 
166 158 
166 54 
166 109 
166 184 
166 150 
166 68 
166 77 
166 164 
166 201 
166 80 
166 125 
166 152 
166 60 
166 188 
166 127 
166 142 
166 107 
166 23 
166 87 
166 211 
166 73 
166 113 
166 16 
166 162 
166 154 
166 7 
166 26 
166 17 
166 128 
166 146 
166 203 
166 210 
166 103 
166 105 
166 8 
166 138 
166 165 
166 25 
166 102 
166 198 
166 43 
166 96 
166 66 
166 94 
166 189 
166 98 
166 24 
166 65 
166 151 
166 89 
166 196 
166 199 
166 30 
166 48 
166 49 
166 190 
166 130 
166 79 
166 61 
166 143 
166 173 
166 101 
166 159 
166 90 
166 133 
166 9 
166 95 
166 27 
166 179 
166 156 
166 56 
166 15 
166 88 
166 57 
166 168 
166 47 
166 139 
166 144 
166 148 
166 106 
166 177 
166 153 
166 209 
166 10 
166 37 
166 86 
166 58 
166 11 
166 181 
166 192 
166 93 
166 74 
166 160 
166 31 
166 137 
166 182 
166 83 
166 22 
166 4 
166 41 
166 67 
166 171 
166 147 
166 40 
166 175 
166 55 
166 36 
166 213 
166 28 
166 124 
166 204 
166 169 
166 170 
166 114 
166 53 
166 3 
166 195 
166 115 
166 129 
166 82 
166 100 
166 149 
166 63 
166 20 
166 185 
166 116 
166 69 
166 163 
166 70 
166 12 
166 172 
166 99 
166 38 
166 84 
166 45 
166 0 
166 46 
166 13 
166 39 
166 187 
167 20 
167 135 
167 163 
167 117 
167 182 
167 101 
167 17 
167 106 
167 22 
167 118 
167 191 
167 139 
167 85 
167 145 
167 12 
167 33 
167 162 
167 70 
167 34 
167 74 
167 79 
167 176 
167 211 
167 64 
167 124 
167 65 
167 109 
167 174 
167 169 
167 13 
167 57 
167 193 
167 214 
167 122 
167 58 
167 46 
167 204 
167 185 
167 168 
167 187 
167 150 
167 143 
167 115 
167 97 
167 51 
167 40 
167 155 
167 179 
167 88 
167 44 
167 48 
167 186 
167 4 
167 39 
167 76 
167 148 
167 198 
167 71 
167 43 
167 10 
167 26 
167 87 
167 194 
167 47 
167 140 
167 53 
167 131 
167 32 
167 108 
167 102 
167 41 
167 31 
167 120 
167 134 
167 100 
167 161 
167 63 
167 160 
167 202 
167 15 
167 29 
167 189 
167 84 
167 196 
167 73 
167 112 
167 192 
167 42 
167 110 
167 128 
167 62 
167 8 
167 164 
167 113 
167 136 
167 132 
167 209 
167 129 
167 119 
167 27 
167 55 
167 105 
167 147 
167 116 
167 7 
167 138 
167 157 
167 130 
167 184 
167 103 
167 68 
167 0 
167 9 
167 49 
167 19 
167 99 
167 127 
167 170 
167 18 
167 52 
167 203 
167 94 
167 54 
167 207 
167 172 
167 153 
167 30 
167 181 
167 114 
167 151 
167 66 
167 25 
167 16 
167 75 
167 133 
167 21 
167 93 
167 142 
167 6 
167 91 
167 201 
167 38 
167 28 
167 205 
167 14 
167 190 
167 206 
167 215 
167 83 
167 154 
167 23 
167 92 
167 36 
167 152 
167 141 
168 170 
168 131 
168 18 
168 182 
168 92 
168 209 
168 30 
168 214 
168 29 
168 34 
168 145 
168 2 
168 210 
168 28 
168 19 
168 187 
168 128 
168 60 
168 146 
168 55 
168 103 
168 84 
168 68 
168 46 
168 206 
168 80 
168 149 
168 155 
168 72 
168 75 
168 79 
168 73 
168 63 
168 24 
168 184 
168 199 
168 177 
168 176 
168 134 
168 211 
168 89 
168 114 
168 43 
168 90 
168 93 
168 61 
168 106 
168 105 
168 215 
168 11 
168 161 
168 23 
168 67 
168 12 
168 191 
168 3 
168 13 
168 95 
168 5 
168 21 
168 167 
168 45 
168 39 
168 51 
168 96 
168 188 
168 74 
168 69 
168 4 
168 1 
168 207 
168 48 
168 158 
168 8 
168 129 
168 109 
168 20 
168 76 
168 115 
168 140 
168 36 
168 169 
168 152 
168 144 
168 164 
168 101 
168 153 
168 66 
168 136 
168 173 
168 91 
168 97 
168 85 
168 57 
168 120 
168 127 
168 179 
168 166 
168 35 
168 7 
168 151 
168 194 
168 117 
168 130 
168 126 
168 83 
168 50 
168 195 
168 150 
168 157 
168 197 
168 54 
168 32 
168 180 
168 198 
168 190 
168 123 
168 200 
168 88 
168 185 
168 78 
168 108 
168 62 
168 15 
168 98 
168 193 
168 196 
168 192 
168 162 
168 14 
168 175 
168 141 
168 183 
168 94 
168 87 
168 202 
168 160 
168 212 
168 154 
168 38 
168 33 
168 10 
168 71 
168 203 
168 143 
168 201 
168 163 
168 122 
168 165 
168 113 
168 205 
168 53 
168 56 
168 135 
168 186 
168 86 
168 148 
168 26 
168 0 
168 59 
169 54 
169 29 
169 105 
169 13 
169 202 
169 122 
169 77 
169 47 
169 23 
169 152 
169 174 
169 63 
169 185 
169 83 
169 124 
169 89 
169 103 
169 184 
169 133 
169 62 
169 142 
169 92 
169 104 
169 199 
169 150 
169 137 
169 101 
169 76 
169 56 
169 159 
169 204 
169 167 
169 212 
169 97 
169 193 
169 66 
169 112 
169 165 
169 192 
169 209 
169 148 
169 14 
169 210 
169 82 
169 158 
169 26 
169 130 
169 157 
169 107 
169 144 
169 205 
169 80 
169 191 
169 126 
169 68 
169 41 
169 182 
169 84 
169 177 
169 106 
169 181 
169 74 
169 196 
169 108 
169 19 
169 183 
169 78 
169 90 
169 206 
169 197 
169 43 
169 34 
169 162 
169 170 
169 117 
169 203 
169 198 
169 194 
169 154 
169 94 
169 118 
169 125 
169 134 
169 138 
169 96 
169 168 
169 18 
169 109 
169 30 
169 186 
169 40 
169 140 
169 207 
169 15 
169 163 
169 180 
169 33 
169 11 
169 46 
169 86 
169 123 
169 27 
169 156 
169 3 
169 85 
169 131 
169 16 
169 44 
169 195 
169 211 
169 172 
169 48 
169 208 
169 24 
169 36 
169 135 
169 153 
169 58 
169 102 
169 160 
169 143 
169 20 
169 187 
169 173 
169 116 
169 50 
169 6 
169 42 
169 166 
169 45 
169 35 
169 214 
169 51 
169 95 
169 127 
169 0 
169 190 
169 12 
169 91 
169 99 
169 93 
169 147 
169 213 
169 136 
169 200 
169 87 
169 2 
169 72 
169 121 
169 32 
170 168 
170 6 
170 72 
170 202 
170 153 
170 35 
170 27 
170 140 
170 48 
170 30 
170 17 
170 73 
170 199 
170 204 
170 147 
170 66 
170 84 
170 172 
170 215 
170 132 
170 146 
170 79 
170 128 
170 124 
170 159 
170 59 
170 171 
170 1 
170 85 
170 65 
170 52 
170 7 
170 212 
170 109 
170 121 
170 205 
170 9 
170 78 
170 207 
170 129 
170 58 
170 122 
170 176 
170 43 
170 108 
170 33 
170 142 
170 44 
170 102 
170 151 
170 193 
170 41 
170 39 
170 92 
170 160 
170 97 
170 211 
170 55 
170 95 
170 181 
170 68 
170 93 
170 91 
170 152 
170 184 
170 90 
170 144 
170 169 
170 111 
170 29 
170 183 
170 116 
170 94 
170 76 
170 54 
170 125 
170 135 
170 131 
170 158 
170 14 
170 208 
170 150 
170 118 
170 154 
170 200 
170 71 
170 115 
170 61 
170 89 
170 156 
170 164 
170 103 
170 70 
170 15 
170 2 
170 107 
170 37 
170 75 
170 47 
170 190 
170 67 
170 16 
170 194 
170 137 
170 19 
170 98 
170 69 
170 11 
170 80 
170 86 
170 110 
170 101 
170 20 
170 173 
170 42 
170 174 
170 141 
170 25 
170 167 
170 63 
170 165 
170 13 
170 18 
170 191 
170 10 
170 213 
170 106 
170 34 
170 24 
170 214 
170 62 
170 143 
170 166 
170 22 
170 149 
170 8 
170 179 
170 185 
170 161 
170 198 
170 31 
170 196 
170 180 
170 46 
170 32 
170 12 
170 203 
170 127 
170 197 
170 188 
170 87 
170 49 
170 175 
170 105 
170 83 
170 177 
170 189 
170 195 
170 162 
171 210 
171 164 
171 20 
171 196 
171 200 
171 94 
171 103 
171 117 
171 128 
171 155 
171 214 
171 177 
171 56 
171 157 
171 10 
171 66 
171 189 
171 122 
171 175 
171 205 
171 105 
171 91 
171 197 
171 170 
171 72 
171 109 
171 71 
171 148 
171 182 
171 11 
171 42 
171 98 
171 70 
171 108 
171 93 
171 206 
171 22 
171 150 
171 137 
171 6 
171 62 
171 45 
171 106 
171 126 
171 141 
171 144 
171 92 
171 84 
171 212 
171 8 
171 74 
171 133 
171 154 
171 24 
171 59 
171 184 
171 28 
171 136 
171 198 
171 193 
171 9 
171 209 
171 172 
171 191 
171 52 
171 123 
171 173 
171 213 
171 207 
171 201 
171 161 
171 100 
171 160 
171 112 
171 27 
171 69 
171 178 
171 19 
171 25 
171 77 
171 131 
171 102 
171 192 
171 151 
171 116 
171 119 
171 13 
171 187 
171 82 
171 202 
171 158 
171 61 
171 54 
171 211 
171 101 
171 124 
171 49 
171 29 
171 68 
171 99 
171 4 
171 1 
171 180 
171 185 
171 121 
171 104 
171 35 
171 57 
171 38 
171 67 
171 165 
171 12 
171 140 
171 113 
171 186 
171 65 
171 85 
171 114 
171 81 
171 215 
171 115 
171 30 
171 78 
171 14 
171 188 
171 107 
171 166 
171 147 
171 203 
171 142 
171 176 
171 127 
171 146 
171 159 
171 46 
171 130 
171 90 
171 63 
171 190 
171 95 
171 204 
171 26 
171 88 
171 199 
171 149 
171 21 
171 135 
171 2 
171 97 
171 181 
171 73 
171 39 
171 51 
171 18 
171 96 
171 0 
171 75 
171 16 
171 138 
171 53 
171 32 
172 50 
172 13 
172 107 
172 76 
172 89 
172 40 
172 36 
172 21 
172 123 
172 116 
172 146 
172 170 
172 147 
172 19 
172 103 
172 92 
172 38 
172 163 
172 161 
172 102 
172 196 
172 125 
172 139 
172 138 
172 41 
172 58 
172 211 
172 140 
172 127 
172 155 
172 25 
172 117 
172 157 
172 26 
172 181 
172 182 
172 22 
172 214 
172 93 
172 94 
172 173 
172 16 
172 114 
172 97 
172 126 
172 199 
172 198 
172 197 
172 135 
172 129 
172 165 
172 27 
172 96 
172 24 
172 60 
172 11 
172 71 
172 52 
172 160 
172 215 
172 46 
172 67 
172 122 
172 171 
172 144 
172 83 
172 88 
172 79 
172 210 
172 202 
172 174 
172 82 
172 80 
172 152 
172 185 
172 108 
172 34 
172 194 
172 143 
172 2 
172 149 
172 18 
172 39 
172 141 
172 31 
172 64 
172 74 
172 12 
172 180 
172 158 
172 120 
172 177 
172 130 
172 84 
172 10 
172 98 
172 113 
172 81 
172 4 
172 178 
172 150 
172 106 
172 55 
172 9 
172 33 
172 189 
172 17 
172 184 
172 23 
172 201 
172 99 
172 209 
172 142 
172 169 
172 204 
172 87 
172 137 
172 105 
172 104 
172 195 
172 28 
172 65 
172 136 
172 42 
172 167 
172 69 
172 47 
172 176 
172 91 
172 5 
172 213 
172 29 
172 57 
172 70 
172 200 
172 212 
172 175 
172 191 
172 192 
172 132 
172 119 
172 51 
172 193 
172 133 
172 115 
172 164 
172 183 
172 124 
172 44 
172 156 
172 90 
172 112 
172 1 
172 166 
172 72 
172 207 
172 162 
172 85 
172 151 
173 189 
173 62 
173 96 
173 186 
173 26 
173 204 
173 110 
173 209 
173 71 
173 128 
173 99 
173 176 
173 215 
173 206 
173 23 
173 100 
173 190 
173 117 
173 161 
173 103 
173 158 
173 163 
173 185 
173 174 
173 94 
173 107 
173 48 
173 98 
173 2 
173 90 
173 54 
173 85 
173 135 
173 139 
173 7 
173 29 
173 146 
173 76 
173 70 
173 8 
173 200 
173 11 
173 145 
173 36 
173 165 
173 75 
173 191 
173 183 
173 27 
173 136 
173 121 
173 12 
173 61 
173 172 
173 202 
173 196 
173 38 
173 1 
173 120 
173 179 
173 127 
173 195 
173 64 
173 154 
173 213 
173 60 
173 73 
173 30 
173 157 
173 115 
173 164 
173 142 
173 32 
173 47 
173 160 
173 25 
173 74 
173 86 
173 141 
173 171 
173 126 
173 131 
173 156 
173 143 
173 193 
173 147 
173 102 
173 175 
173 180 
173 166 
173 148 
173 108 
173 16 
173 21 
173 10 
173 137 
173 168 
173 138 
173 152 
173 199 
173 80 
173 68 
173 49 
173 92 
173 118 
173 119 
173 40 
173 82 
173 84 
173 87 
173 53 
173 56 
173 211 
173 22 
173 43 
173 151 
173 34 
173 188 
173 116 
173 66 
173 129 
173 89 
173 18 
173 19 
173 9 
173 4 
173 69 
173 170 
173 93 
173 205 
173 65 
173 153 
173 88 
173 133 
173 0 
173 187 
173 77 
173 210 
173 113 
173 169 
173 106 
173 122 
173 192 
173 105 
173 109 
173 162 
173 132 
173 24 
173 123 
173 149 
173 81 
173 114 
173 150 
173 58 
173 208 
173 15 
173 178 
174 41 
174 208 
174 196 
174 76 
174 86 
174 38 
174 64 
174 183 
174 210 
174 176 
174 169 
174 153 
174 117 
174 45 
174 37 
174 185 
174 144 
174 30 
174 120 
174 173 
174 15 
174 44 
174 32 
174 46 
174 191 
174 106 
174 108 
174 205 
174 47 
174 195 
174 157 
174 18 
174 167 
174 24 
174 4 
174 200 
174 89 
174 33 
174 21 
174 129 
174 102 
174 31 
174 137 
174 6 
174 194 
174 201 
174 150 
174 138 
174 101 
174 214 
174 105 
174 182 
174 77 
174 127 
174 177 
174 8 
174 165 
174 124 
174 34 
174 123 
174 215 
174 186 
174 88 
174 50 
174 203 
174 155 
174 151 
174 158 
174 199 
174 119 
174 160 
174 95 
174 197 
174 172 
174 57 
174 70 
174 52 
174 58 
174 27 
174 164 
174 142 
174 3 
174 190 
174 202 
174 141 
174 136 
174 87 
174 131 
174 14 
174 78 
174 121 
174 198 
174 207 
174 149 
174 1 
174 180 
174 125 
174 11 
174 56 
174 49 
174 20 
174 179 
174 5 
174 140 
174 51 
174 116 
174 59 
174 184 
174 84 
174 75 
174 192 
174 134 
174 99 
174 39 
174 73 
174 113 
174 79 
174 213 
174 175 
174 83 
174 170 
174 40 
174 204 
174 110 
174 53 
174 54 
174 152 
174 69 
174 63 
174 55 
174 91 
174 71 
174 154 
174 17 
174 132 
174 111 
174 7 
174 97 
174 103 
174 9 
174 93 
174 143 
174 109 
174 145 
174 139 
174 156 
174 187 
174 10 
174 35 
174 98 
174 189 
174 212 
174 42 
174 23 
174 29 
174 104 
174 48 
175 113 
175 107 
175 88 
175 20 
175 61 
175 148 
175 156 
175 116 
175 52 
175 128 
175 84 
175 118 
175 54 
175 87 
175 46 
175 0 
175 154 
175 197 
175 171 
175 95 
175 193 
175 189 
175 180 
175 103 
175 79 
175 191 
175 45 
175 195 
175 209 
175 2 
175 106 
175 196 
175 76 
175 55 
175 7 
175 9 
175 67 
175 29 
175 75 
175 150 
175 112 
175 126 
175 183 
175 51 
175 99 
175 98 
175 69 
175 160 
175 96 
175 3 
175 201 
175 120 
175 146 
175 181 
175 59 
175 36 
175 73 
175 132 
175 102 
175 111 
175 92 
175 133 
175 97 
175 17 
175 179 
175 101 
175 151 
175 33 
175 178 
175 137 
175 80 
175 16 
175 13 
175 65 
175 194 
175 123 
175 140 
175 42 
175 213 
175 207 
175 159 
175 23 
175 173 
175 135 
175 40 
175 1 
175 190 
175 15 
175 121 
175 6 
175 139 
175 203 
175 100 
175 163 
175 50 
175 187 
175 200 
175 38 
175 41 
175 63 
175 147 
175 93 
175 144 
175 89 
175 5 
175 62 
175 124 
175 47 
175 81 
175 186 
175 206 
175 153 
175 58 
175 71 
175 83 
175 85 
175 174 
175 127 
175 77 
175 94 
175 66 
175 18 
175 202 
175 152 
175 10 
175 110 
175 14 
175 164 
175 143 
175 122 
175 115 
175 166 
175 70 
175 214 
175 26 
175 60 
175 82 
175 168 
175 211 
175 91 
175 212 
175 172 
175 37 
175 57 
175 48 
175 44 
175 105 
175 49 
175 25 
175 177 
175 30 
175 204 
175 188 
175 21 
175 208 
175 136 
175 131 
175 134 
175 165 
175 145 
175 11 
175 170 
175 74 
175 78 
175 56 
175 19 
175 161 
176 113 
176 2 
176 40 
176 69 
176 76 
176 152 
176 150 
176 75 
176 17 
176 157 
176 6 
176 197 
176 192 
176 45 
176 48 
176 183 
176 165 
176 124 
176 213 
176 189 
176 94 
176 54 
176 173 
176 31 
176 174 
176 41 
176 201 
176 158 
176 130 
176 73 
176 160 
176 34 
176 85 
176 167 
176 119 
176 67 
176 92 
176 126 
176 51 
176 159 
176 168 
176 141 
176 62 
176 170 
176 30 
176 24 
176 191 
176 121 
176 4 
176 79 
176 101 
176 212 
176 147 
176 10 
176 83 
176 65 
176 47 
176 32 
176 35 
176 84 
176 195 
176 180 
176 72 
176 151 
176 19 
176 187 
176 140 
176 215 
176 49 
176 134 
176 86 
176 59 
176 93 
176 177 
176 8 
176 16 
176 91 
176 63 
176 87 
176 181 
176 127 
176 55 
176 112 
176 184 
176 154 
176 37 
176 78 
176 61 
176 64 
176 179 
176 89 
176 111 
176 9 
176 21 
176 56 
176 139 
176 115 
176 153 
176 208 
176 202 
176 97 
176 60 
176 190 
176 26 
176 90 
176 214 
176 137 
176 182 
176 164 
176 27 
176 107 
176 135 
176 53 
176 58 
176 142 
176 96 
176 5 
176 106 
176 162 
176 88 
176 18 
176 25 
176 77 
176 82 
176 205 
176 133 
176 148 
176 102 
176 123 
176 129 
176 186 
176 171 
176 172 
176 95 
176 29 
176 15 
176 132 
176 46 
176 20 
176 200 
176 57 
176 81 
176 204 
176 120 
176 146 
176 194 
176 104 
176 105 
176 155 
176 145 
176 50 
176 43 
176 44 
176 99 
176 110 
176 80 
176 74 
176 100 
176 198 
176 203 
176 211 
176 14 
177 188 
177 96 
177 198 
177 171 
177 24 
177 155 
177 109 
177 144 
177 66 
177 207 
177 84 
177 1 
177 123 
177 2 
177 204 
177 190 
177 186 
177 193 
177 100 
177 70 
177 209 
177 81 
177 168 
177 134 
177 69 
177 61 
177 179 
177 178 
177 139 
177 107 
177 90 
177 34 
177 71 
177 124 
177 30 
177 47 
177 57 
177 12 
177 133 
177 114 
177 174 
177 32 
177 158 
177 115 
177 102 
177 191 
177 136 
177 45 
177 211 
177 194 
177 0 
177 169 
177 48 
177 138 
177 91 
177 195 
177 98 
177 68 
177 73 
177 64 
177 20 
177 208 
177 75 
177 21 
177 159 
177 35 
177 42 
177 52 
177 128 
177 135 
177 176 
177 95 
177 151 
177 76 
177 206 
177 49 
177 50 
177 54 
177 6 
177 147 
177 182 
177 4 
177 110 
177 103 
177 214 
177 112 
177 72 
177 201 
177 187 
177 146 
177 7 
177 53 
177 79 
177 25 
177 172 
177 85 
177 130 
177 38 
177 31 
177 157 
177 99 
177 82 
177 78 
177 125 
177 166 
177 58 
177 11 
177 55 
177 23 
177 26 
177 149 
177 152 
177 143 
177 28 
177 192 
177 59 
177 108 
177 199 
177 14 
177 120 
177 105 
177 41 
177 87 
177 162 
177 56 
177 116 
177 119 
177 97 
177 44 
177 205 
177 212 
177 189 
177 197 
177 15 
177 160 
177 16 
177 183 
177 126 
177 113 
177 132 
177 19 
177 175 
177 93 
177 184 
177 9 
177 94 
177 46 
177 88 
177 39 
177 156 
177 153 
177 13 
177 8 
177 117 
177 142 
177 51 
177 170 
177 17 
177 121 
177 86 
178 130 
178 6 
178 83 
178 212 
178 135 
178 33 
178 189 
178 113 
178 26 
178 5 
178 48 
178 132 
178 194 
178 112 
178 45 
178 136 
178 163 
178 82 
178 70 
178 211 
178 138 
178 155 
178 121 
178 123 
178 96 
178 141 
178 181 
178 202 
178 51 
178 101 
178 126 
178 128 
178 22 
178 90 
178 58 
178 99 
178 154 
178 143 
178 79 
178 185 
178 41 
178 42 
178 107 
178 177 
178 20 
178 93 
178 53 
178 85 
178 133 
178 108 
178 77 
178 74 
178 17 
178 206 
178 191 
178 50 
178 149 
178 18 
178 109 
178 69 
178 49 
178 104 
178 125 
178 150 
178 164 
178 175 
178 193 
178 32 
178 71 
178 67 
178 214 
178 180 
178 183 
178 3 
178 68 
178 148 
178 152 
178 139 
178 159 
178 86 
178 31 
178 171 
178 188 
178 114 
178 134 
178 87 
178 110 
178 8 
178 89 
178 80 
178 56 
178 192 
178 1 
178 47 
178 35 
178 184 
178 25 
178 117 
178 201 
178 172 
178 75 
178 2 
178 36 
178 190 
178 34 
178 151 
178 204 
178 144 
178 205 
178 15 
178 209 
178 60 
178 12 
178 157 
178 102 
178 0 
178 186 
178 199 
178 131 
178 137 
178 30 
178 72 
178 78 
178 160 
178 57 
178 198 
178 105 
178 81 
178 195 
178 61 
178 140 
178 24 
178 59 
178 65 
178 64 
178 76 
178 46 
178 63 
178 95 
178 43 
178 207 
178 145 
178 173 
179 196 
179 98 
179 23 
179 208 
179 209 
179 106 
179 53 
179 200 
179 25 
179 81 
179 88 
179 90 
179 132 
179 182 
179 93 
179 71 
179 108 
179 190 
179 111 
179 43 
179 138 
179 152 
179 18 
179 0 
179 158 
179 210 
179 96 
179 114 
179 69 
179 177 
179 54 
179 56 
179 183 
179 155 
179 215 
179 164 
179 22 
179 41 
179 150 
179 89 
179 119 
179 157 
179 167 
179 184 
179 195 
179 20 
179 162 
179 211 
179 32 
179 173 
179 19 
179 34 
179 46 
179 87 
179 131 
179 175 
179 75 
179 3 
179 181 
179 27 
179 118 
179 5 
179 199 
179 26 
179 109 
179 29 
179 70 
179 153 
179 65 
179 76 
179 99 
179 116 
179 48 
179 61 
179 205 
179 47 
179 58 
179 124 
179 127 
179 38 
179 10 
179 176 
179 1 
179 64 
179 166 
179 135 
179 73 
179 72 
179 185 
179 144 
179 4 
179 174 
179 139 
179 85 
179 168 
179 112 
179 2 
179 94 
179 78 
179 12 
179 115 
179 154 
179 60 
179 51 
179 159 
179 140 
179 213 
179 103 
179 133 
179 129 
179 57 
179 143 
179 105 
179 192 
179 21 
179 84 
179 122 
179 188 
179 136 
179 66 
179 203 
179 107 
179 14 
179 194 
179 145 
179 52 
179 95 
179 83 
179 141 
179 212 
179 15 
179 68 
179 6 
179 11 
179 191 
179 44 
179 156 
179 45 
179 125 
179 170 
179 42 
179 7 
179 49 
179 33 
179 82 
179 146 
179 24 
179 28 
179 147 
179 207 
179 142 
179 180 
179 161 
179 163 
179 193 
180 86 
180 83 
180 17 
180 3 
180 35 
180 43 
180 185 
180 143 
180 39 
180 196 
180 135 
180 189 
180 144 
180 184 
180 164 
180 88 
180 113 
180 79 
180 97 
180 7 
180 200 
180 32 
180 126 
180 156 
180 175 
180 101 
180 63 
180 85 
180 122 
180 151 
180 58 
180 128 
180 207 
180 166 
180 59 
180 94 
180 120 
180 111 
180 145 
180 0 
180 26 
180 118 
180 33 
180 157 
180 29 
180 193 
180 93 
180 162 
180 152 
180 22 
180 5 
180 90 
180 65 
180 191 
180 84 
180 50 
180 155 
180 14 
180 176 
180 98 
180 206 
180 188 
180 38 
180 108 
180 201 
180 12 
180 78 
180 95 
180 87 
180 105 
180 181 
180 178 
180 214 
180 137 
180 140 
180 107 
180 106 
180 54 
180 46 
180 139 
180 173 
180 211 
180 55 
180 131 
180 186 
180 125 
180 153 
180 116 
180 18 
180 24 
180 187 
180 174 
180 11 
180 169 
180 172 
180 99 
180 104 
180 197 
180 194 
180 112 
180 161 
180 36 
180 8 
180 89 
180 199 
180 37 
180 208 
180 132 
180 203 
180 209 
180 66 
180 19 
180 160 
180 82 
180 2 
180 171 
180 1 
180 133 
180 215 
180 123 
180 75 
180 204 
180 146 
180 168 
180 51 
180 73 
180 109 
180 16 
180 47 
180 100 
180 45 
180 114 
180 210 
180 13 
180 130 
180 198 
180 110 
180 92 
180 205 
180 136 
180 52 
180 61 
180 124 
180 91 
180 62 
180 72 
180 170 
180 42 
180 182 
180 141 
180 117 
180 102 
180 134 
180 40 
180 183 
180 212 
180 179 
180 190 
180 150 
180 10 
180 41 
180 147 
181 62 
181 148 
181 65 
181 18 
181 67 
181 20 
181 117 
181 154 
181 133 
181 51 
181 77 
181 120 
181 212 
181 195 
181 143 
181 153 
181 34 
181 61 
181 185 
181 90 
181 178 
181 190 
181 26 
181 84 
181 113 
181 40 
181 35 
181 129 
181 130 
181 43 
181 71 
181 160 
181 152 
181 87 
181 202 
181 147 
181 30 
181 78 
181 82 
181 146 
181 172 
181 189 
181 122 
181 22 
181 99 
181 19 
181 52 
181 214 
181 5 
181 175 
181 49 
181 69 
181 162 
181 114 
181 14 
181 107 
181 138 
181 169 
181 191 
181 94 
181 170 
181 213 
181 203 
181 11 
181 32 
181 179 
181 180 
181 58 
181 188 
181 184 
181 121 
181 215 
181 182 
181 44 
181 110 
181 6 
181 79 
181 54 
181 112 
181 85 
181 96 
181 176 
181 109 
181 194 
181 24 
181 63 
181 25 
181 163 
181 33 
181 39 
181 2 
181 207 
181 91 
181 151 
181 142 
181 158 
181 150 
181 13 
181 105 
181 135 
181 36 
181 132 
181 145 
181 46 
181 16 
181 95 
181 211 
181 159 
181 3 
181 137 
181 119 
181 144 
181 108 
181 166 
181 81 
181 206 
181 205 
181 45 
181 165 
181 15 
181 100 
181 156 
181 1 
181 86 
181 66 
181 97 
181 167 
181 111 
181 23 
181 208 
181 209 
181 89 
181 196 
181 103 
181 88 
181 200 
181 21 
181 104 
181 171 
181 102 
181 204 
181 127 
181 29 
181 201 
181 134 
181 64 
181 118 
181 57 
181 157 
181 28 
181 4 
181 72 
181 98 
181 164 
182 93 
182 30 
182 168 
182 191 
182 105 
182 125 
182 33 
182 167 
182 63 
182 128 
182 101 
182 86 
182 0 
182 26 
182 126 
182 41 
182 7 
182 201 
182 195 
182 29 
182 19 
182 91 
182 179 
182 114 
182 64 
182 94 
182 10 
182 171 
182 47 
182 98 
182 161 
182 164 
182 140 
182 21 
182 31 
182 97 
182 202 
182 58 
182 6 
182 172 
182 156 
182 199 
182 153 
182 84 
182 133 
182 174 
182 186 
182 192 
182 141 
182 67 
182 13 
182 23 
182 194 
182 150 
182 162 
182 134 
182 113 
182 45 
182 169 
182 90 
182 43 
182 197 
182 154 
182 79 
182 83 
182 78 
182 204 
182 119 
182 16 
182 74 
182 181 
182 121 
182 34 
182 158 
182 95 
182 132 
182 135 
182 123 
182 70 
182 177 
182 190 
182 11 
182 124 
182 129 
182 212 
182 107 
182 32 
182 203 
182 148 
182 144 
182 71 
182 56 
182 142 
182 53 
182 44 
182 8 
182 176 
182 51 
182 36 
182 50 
182 37 
182 1 
182 200 
182 137 
182 38 
182 215 
182 205 
182 147 
182 209 
182 3 
182 73 
182 189 
182 4 
182 65 
182 208 
182 59 
182 122 
182 166 
182 20 
182 110 
182 24 
182 48 
182 46 
182 196 
182 66 
182 15 
182 138 
182 109 
182 39 
182 116 
182 159 
182 27 
182 210 
182 100 
182 152 
182 180 
182 185 
182 112 
182 127 
182 136 
182 77 
182 76 
182 193 
182 103 
182 55 
182 120 
182 61 
182 118 
182 102 
182 151 
182 165 
182 49 
182 163 
182 131 
182 57 
182 106 
183 63 
183 187 
183 86 
183 5 
183 164 
183 205 
183 176 
183 27 
183 209 
183 99 
183 202 
183 148 
183 6 
183 55 
183 190 
183 83 
183 174 
183 155 
183 120 
183 12 
183 9 
183 61 
183 28 
183 93 
183 185 
183 51 
183 25 
183 7 
183 208 
183 101 
183 85 
183 80 
183 203 
183 161 
183 154 
183 186 
183 75 
183 112 
183 71 
183 111 
183 204 
183 13 
183 173 
183 175 
183 33 
183 179 
183 213 
183 109 
183 158 
183 40 
183 3 
183 17 
183 72 
183 106 
183 135 
183 124 
183 108 
183 163 
183 52 
183 147 
183 16 
183 196 
183 10 
183 50 
183 157 
183 22 
183 97 
183 192 
183 156 
183 15 
183 127 
183 211 
183 67 
183 104 
183 136 
183 73 
183 125 
183 96 
183 162 
183 169 
183 38 
183 1 
183 178 
183 170 
183 18 
183 199 
183 165 
183 79 
183 81 
183 46 
183 150 
183 32 
183 64 
183 117 
183 43 
183 91 
183 54 
183 110 
183 19 
183 70 
183 66 
183 115 
183 144 
183 89 
183 58 
183 195 
183 140 
183 74 
183 138 
183 11 
183 141 
183 107 
183 0 
183 2 
183 14 
183 100 
183 200 
183 159 
183 214 
183 65 
183 37 
183 26 
183 98 
183 145 
183 31 
183 113 
183 119 
183 118 
183 193 
183 29 
183 201 
183 114 
183 24 
183 130 
183 82 
183 35 
183 210 
183 39 
183 131 
183 59 
183 152 
183 20 
183 45 
183 90 
183 116 
183 92 
183 168 
183 53 
183 212 
183 177 
183 172 
183 133 
183 4 
183 191 
183 103 
183 21 
183 139 
183 180 
183 95 
183 105 
183 36 
183 128 
183 57 
183 47 
183 122 
183 215 
184 138 
184 151 
184 146 
184 3 
184 70 
184 15 
184 140 
184 11 
184 210 
184 158 
184 201 
184 180 
184 63 
184 148 
184 92 
184 94 
184 48 
184 6 
184 4 
184 191 
184 103 
184 108 
184 156 
184 126 
184 85 
184 35 
184 169 
184 188 
184 115 
184 54 
184 168 
184 186 
184 76 
184 86 
184 162 
184 166 
184 83 
184 212 
184 64 
184 51 
184 200 
184 104 
184 29 
184 117 
184 203 
184 89 
184 38 
184 46 
184 26 
184 179 
184 198 
184 136 
184 145 
184 12 
184 171 
184 36 
184 72 
184 131 
184 56 
184 160 
184 91 
184 18 
184 133 
184 28 
184 134 
184 170 
184 128 
184 132 
184 181 
184 58 
184 57 
184 33 
184 32 
184 88 
184 111 
184 80 
184 52 
184 101 
184 17 
184 176 
184 66 
184 43 
184 9 
184 113 
184 84 
184 204 
184 149 
184 25 
184 49 
184 193 
184 44 
184 93 
184 139 
184 105 
184 22 
184 141 
184 164 
184 178 
184 77 
184 16 
184 19 
184 174 
184 40 
184 202 
184 74 
184 161 
184 8 
184 172 
184 116 
184 75 
184 67 
184 167 
184 120 
184 31 
184 154 
184 214 
184 45 
184 61 
184 21 
184 71 
184 78 
184 23 
184 129 
184 157 
184 20 
184 99 
184 100 
184 125 
184 121 
184 102 
184 155 
184 143 
184 95 
184 55 
184 10 
184 47 
184 124 
184 42 
184 163 
184 118 
184 79 
184 81 
184 27 
184 114 
184 5 
184 119 
184 177 
184 0 
184 112 
184 68 
184 50 
184 144 
184 106 
184 207 
184 211 
184 215 
184 150 
184 195 
184 7 
185 123 
185 105 
185 180 
185 104 
185 47 
185 18 
185 187 
185 56 
185 199 
185 23 
185 151 
185 10 
185 3 
185 204 
185 174 
185 190 
185 169 
185 25 
185 181 
185 131 
185 163 
185 213 
185 173 
185 195 
185 188 
185 57 
185 183 
185 73 
185 2 
185 144 
185 165 
185 93 
185 45 
185 125 
185 36 
185 189 
185 0 
185 178 
185 203 
185 99 
185 215 
185 162 
185 167 
185 14 
185 206 
185 150 
185 103 
185 97 
185 207 
185 98 
185 191 
185 4 
185 22 
185 124 
185 156 
185 61 
185 41 
185 83 
185 130 
185 85 
185 21 
185 108 
185 148 
185 26 
185 164 
185 34 
185 84 
185 67 
185 119 
185 42 
185 64 
185 53 
185 134 
185 27 
185 11 
185 172 
185 50 
185 114 
185 160 
185 51 
185 200 
185 40 
185 100 
185 62 
185 32 
185 120 
185 201 
185 158 
185 211 
185 54 
185 75 
185 81 
185 179 
185 110 
185 71 
185 193 
185 77 
185 87 
185 141 
185 138 
185 111 
185 86 
185 65 
185 205 
185 115 
185 6 
185 171 
185 139 
185 49 
185 112 
185 46 
185 149 
185 127 
185 106 
185 90 
185 66 
185 24 
185 19 
185 153 
185 95 
185 159 
185 28 
185 168 
185 17 
185 88 
185 136 
185 7 
185 96 
185 210 
185 137 
185 78 
185 129 
185 12 
185 161 
185 155 
185 31 
185 13 
185 5 
185 1 
185 170 
185 69 
185 182 
185 154 
185 166 
185 198 
185 196 
185 132 
185 58 
185 92 
185 146 
185 147 
185 209 
185 29 
186 166 
186 152 
186 77 
186 173 
186 24 
186 214 
186 48 
186 34 
186 110 
186 58 
186 14 
186 196 
186 27 
186 107 
186 55 
186 59 
186 142 
186 89 
186 103 
186 85 
186 198 
186 108 
186 111 
186 3 
186 92 
186 164 
186 177 
186 123 
186 184 
186 163 
186 8 
186 66 
186 116 
186 83 
186 183 
186 80 
186 19 
186 38 
186 88 
186 7 
186 129 
186 141 
186 130 
186 138 
186 93 
186 182 
186 1 
186 122 
186 209 
186 208 
186 99 
186 199 
186 76 
186 150 
186 133 
186 90 
186 200 
186 174 
186 87 
186 193 
186 10 
186 167 
186 47 
186 36 
186 18 
186 35 
186 135 
186 28 
186 16 
186 192 
186 42 
186 26 
186 75 
186 140 
186 50 
186 211 
186 53 
186 82 
186 39 
186 97 
186 100 
186 180 
186 51 
186 125 
186 169 
186 86 
186 21 
186 37 
186 126 
186 190 
186 197 
186 124 
186 29 
186 213 
186 137 
186 73 
186 15 
186 112 
186 189 
186 156 
186 114 
186 96 
186 91 
186 143 
186 61 
186 148 
186 78 
186 139 
186 127 
186 204 
186 121 
186 194 
186 165 
186 195 
186 84 
186 175 
186 13 
186 151 
186 63 
186 0 
186 41 
186 171 
186 157 
186 128 
186 120 
186 158 
186 215 
186 71 
186 32 
186 187 
186 118 
186 102 
186 43 
186 155 
186 95 
186 178 
186 2 
186 131 
186 176 
186 117 
186 98 
186 49 
186 64 
186 159 
186 146 
186 60 
186 72 
186 106 
186 65 
186 160 
186 69 
186 203 
186 134 
186 149 
186 205 
186 30 
186 136 
186 201 
186 105 
186 161 
186 168 
186 74 
186 154 
186 20 
186 70 
186 81 
187 31 
187 2 
187 96 
187 100 
187 183 
187 190 
187 43 
187 44 
187 120 
187 56 
187 157 
187 0 
187 185 
187 82 
187 168 
187 132 
187 152 
187 61 
187 131 
187 76 
187 20 
187 88 
187 119 
187 77 
187 14 
187 107 
187 41 
187 113 
187 145 
187 12 
187 207 
187 202 
187 208 
187 39 
187 29 
187 62 
187 188 
187 118 
187 94 
187 116 
187 155 
187 34 
187 51 
187 133 
187 36 
187 24 
187 214 
187 95 
187 4 
187 167 
187 59 
187 163 
187 19 
187 65 
187 97 
187 142 
187 209 
187 42 
187 206 
187 74 
187 176 
187 112 
187 46 
187 23 
187 150 
187 28 
187 47 
187 212 
187 203 
187 122 
187 204 
187 60 
187 146 
187 134 
187 40 
187 165 
187 6 
187 80 
187 70 
187 27 
187 105 
187 171 
187 156 
187 38 
187 73 
187 164 
187 180 
187 177 
187 83 
187 78 
187 71 
187 111 
187 21 
187 136 
187 139 
187 35 
187 32 
187 175 
187 126 
187 55 
187 13 
187 162 
187 153 
187 93 
187 79 
187 109 
187 141 
187 99 
187 192 
187 26 
187 103 
187 53 
187 191 
187 108 
187 121 
187 30 
187 198 
187 102 
187 195 
187 87 
187 125 
187 173 
187 85 
187 130 
187 138 
187 151 
187 186 
187 22 
187 147 
187 193 
187 7 
187 72 
187 17 
187 194 
187 50 
187 11 
187 67 
187 169 
187 3 
187 15 
187 140 
187 101 
187 10 
187 128 
187 201 
187 25 
187 159 
187 48 
187 117 
187 129 
187 18 
187 75 
187 174 
187 37 
187 154 
187 52 
187 57 
187 124 
187 211 
187 137 
187 64 
187 5 
187 166 
188 63 
188 177 
188 139 
188 135 
188 92 
188 11 
188 24 
188 103 
188 195 
188 214 
188 33 
188 111 
188 91 
188 68 
188 104 
188 116 
188 196 
188 27 
188 110 
188 115 
188 96 
188 158 
188 83 
188 213 
188 198 
188 30 
188 155 
188 112 
188 120 
188 185 
188 193 
188 184 
188 86 
188 15 
188 137 
188 61 
188 4 
188 10 
188 47 
188 187 
188 102 
188 17 
188 6 
188 5 
188 79 
188 38 
188 130 
188 106 
188 19 
188 23 
188 166 
188 123 
188 140 
188 28 
188 93 
188 40 
188 168 
188 160 
188 151 
188 204 
188 180 
188 128 
188 157 
188 206 
188 144 
188 53 
188 46 
188 43 
188 148 
188 181 
188 48 
188 25 
188 13 
188 31 
188 73 
188 191 
188 211 
188 132 
188 136 
188 58 
188 208 
188 89 
188 122 
188 147 
188 131 
188 178 
188 32 
188 98 
188 203 
188 84 
188 1 
188 88 
188 2 
188 65 
188 134 
188 56 
188 192 
188 152 
188 149 
188 142 
188 49 
188 119 
188 154 
188 126 
188 105 
188 165 
188 141 
188 29 
188 173 
188 121 
188 71 
188 18 
188 69 
188 42 
188 145 
188 20 
188 75 
188 54 
188 108 
188 70 
188 179 
188 124 
188 34 
188 171 
188 81 
188 114 
188 113 
188 150 
188 85 
188 74 
188 164 
188 97 
188 52 
188 153 
188 199 
188 200 
188 26 
188 66 
188 67 
188 62 
188 133 
188 138 
188 209 
188 45 
188 210 
188 201 
188 175 
188 170 
188 197 
188 215 
188 44 
188 14 
188 9 
189 173 
189 128 
189 35 
189 53 
189 22 
189 30 
189 178 
189 204 
189 16 
189 90 
189 176 
189 26 
189 117 
189 171 
189 108 
189 180 
189 113 
189 125 
189 175 
189 137 
189 28 
189 59 
189 47 
189 158 
189 10 
189 107 
189 73 
189 203 
189 75 
189 62 
189 141 
189 94 
189 88 
189 25 
189 27 
189 3 
189 20 
189 116 
189 211 
189 115 
189 134 
189 185 
189 133 
189 87 
189 24 
189 197 
189 181 
189 0 
189 41 
189 74 
189 153 
189 32 
189 109 
189 100 
189 85 
189 155 
189 194 
189 44 
189 201 
189 159 
189 66 
189 38 
189 84 
189 56 
189 114 
189 213 
189 132 
189 43 
189 214 
189 18 
189 50 
189 7 
189 166 
189 110 
189 58 
189 195 
189 165 
189 19 
189 152 
189 150 
189 147 
189 163 
189 36 
189 167 
189 29 
189 2 
189 67 
189 23 
189 126 
189 102 
189 5 
189 42 
189 77 
189 186 
189 60 
189 14 
189 78 
189 135 
189 37 
189 1 
189 120 
189 40 
189 172 
189 13 
189 63 
189 105 
189 190 
189 146 
189 65 
189 21 
189 182 
189 138 
189 61 
189 156 
189 111 
189 209 
189 71 
189 69 
189 57 
189 191 
189 151 
189 112 
189 164 
189 95 
189 205 
189 193 
189 6 
189 104 
189 79 
189 202 
189 48 
189 177 
189 145 
189 142 
189 206 
189 64 
189 39 
189 70 
189 200 
189 55 
189 89 
189 17 
189 154 
189 124 
189 99 
189 49 
189 15 
189 118 
189 9 
189 140 
189 160 
189 54 
189 86 
189 161 
189 131 
189 80 
189 174 
189 192 
189 97 
189 76 
189 129 
189 170 
190 155 
190 48 
190 51 
190 76 
190 187 
190 62 
190 134 
190 152 
190 114 
190 4 
190 135 
190 197 
190 183 
190 153 
190 71 
190 12 
190 89 
190 28 
190 211 
190 140 
190 185 
190 173 
190 68 
190 124 
190 179 
190 181 
190 177 
190 86 
190 17 
190 94 
190 199 
190 154 
190 69 
190 200 
190 193 
190 58 
190 35 
190 31 
190 109 
190 81 
190 118 
190 16 
190 66 
190 61 
190 13 
190 112 
190 6 
190 143 
190 131 
190 60 
190 43 
190 142 
190 158 
190 121 
190 9 
190 40 
190 122 
190 203 
190 27 
190 63 
190 194 
190 49 
190 56 
190 106 
190 126 
190 99 
190 50 
190 102 
190 45 
190 26 
190 37 
190 128 
190 44 
190 82 
190 64 
190 148 
190 79 
190 22 
190 78 
190 205 
190 57 
190 110 
190 97 
190 166 
190 15 
190 174 
190 137 
190 175 
190 182 
190 202 
190 162 
190 113 
190 186 
190 42 
190 36 
190 77 
190 33 
190 67 
190 176 
190 90 
190 34 
190 170 
190 87 
190 159 
190 39 
190 72 
190 75 
190 178 
190 138 
190 145 
190 189 
190 7 
190 192 
190 10 
190 214 
190 95 
190 23 
190 88 
190 213 
190 168 
190 139 
190 116 
190 132 
190 32 
190 93 
190 107 
190 24 
190 5 
190 133 
190 164 
190 20 
190 156 
190 165 
190 146 
190 198 
190 98 
190 92 
190 210 
190 0 
190 25 
190 141 
190 144 
190 91 
190 191 
190 171 
190 127 
190 163 
190 70 
190 123 
190 2 
190 209 
190 206 
190 21 
190 167 
190 169 
190 65 
190 85 
190 215 
190 196 
190 30 
190 115 
190 150 
190 73 
190 53 
190 212 
190 80 
190 180 
190 83 
191 45 
191 25 
191 182 
191 144 
191 112 
191 46 
191 136 
191 29 
191 37 
191 149 
191 166 
191 199 
191 195 
191 97 
191 167 
191 50 
191 11 
191 152 
191 184 
191 194 
191 21 
191 175 
191 160 
191 35 
191 198 
191 174 
191 81 
191 108 
191 16 
191 20 
191 83 
191 193 
191 61 
191 5 
191 94 
191 47 
191 176 
191 13 
191 31 
191 98 
191 57 
191 173 
191 116 
191 139 
191 168 
191 126 
191 12 
191 178 
191 101 
191 68 
191 185 
191 177 
191 18 
191 204 
191 207 
191 169 
191 26 
191 104 
191 15 
191 109 
191 107 
191 60 
191 180 
191 59 
191 181 
191 153 
191 0 
191 122 
191 76 
191 213 
191 140 
191 171 
191 212 
191 188 
191 36 
191 203 
191 82 
191 70 
191 38 
191 72 
191 73 
191 134 
191 51 
191 121 
191 56 
191 200 
191 85 
191 205 
191 127 
191 71 
191 1 
191 100 
191 214 
191 202 
191 44 
191 9 
191 65 
191 4 
191 115 
191 10 
191 52 
191 27 
191 88 
191 14 
191 210 
191 63 
191 131 
191 187 
191 7 
191 208 
191 40 
191 28 
191 157 
191 146 
191 23 
191 22 
191 164 
191 189 
191 151 
191 6 
191 102 
191 125 
191 90 
191 145 
191 110 
191 132 
191 170 
191 84 
191 120 
191 67 
191 162 
191 197 
191 89 
191 211 
191 159 
191 179 
191 190 
191 172 
191 96 
191 30 
191 32 
191 128 
191 58 
191 196 
191 148 
191 119 
191 133 
191 118 
191 183 
191 3 
191 24 
191 209 
191 42 
191 105 
191 142 
191 17 
191 74 
191 92 
191 48 
191 79 
191 103 
191 111 
191 150 
191 124 
191 137 
191 55 
192 212 
192 154 
192 42 
192 47 
192 48 
192 93 
192 111 
192 176 
192 98 
192 25 
192 81 
192 201 
192 103 
192 104 
192 16 
192 67 
192 12 
192 34 
192 125 
192 134 
192 163 
192 141 
192 116 
192 57 
192 41 
192 1 
192 107 
192 2 
192 80 
192 35 
192 113 
192 20 
192 53 
192 15 
192 36 
192 135 
192 106 
192 150 
192 128 
192 114 
192 169 
192 155 
192 157 
192 40 
192 65 
192 203 
192 182 
192 124 
192 50 
192 199 
192 62 
192 11 
192 46 
192 45 
192 14 
192 183 
192 127 
192 119 
192 118 
192 186 
192 211 
192 198 
192 215 
192 151 
192 139 
192 17 
192 130 
192 115 
192 109 
192 148 
192 64 
192 82 
192 140 
192 164 
192 153 
192 18 
192 26 
192 209 
192 165 
192 97 
192 100 
192 195 
192 171 
192 23 
192 122 
192 66 
192 92 
192 110 
192 167 
192 39 
192 52 
192 152 
192 188 
192 178 
192 37 
192 79 
192 136 
192 129 
192 112 
192 9 
192 10 
192 91 
192 204 
192 33 
192 187 
192 6 
192 137 
192 174 
192 105 
192 22 
192 96 
192 210 
192 28 
192 55 
192 190 
192 206 
192 77 
192 179 
192 166 
192 51 
192 177 
192 123 
192 70 
192 162 
192 146 
192 132 
192 207 
192 117 
192 31 
192 89 
192 78 
192 168 
192 32 
192 138 
192 43 
192 8 
192 196 
192 173 
192 205 
192 172 
192 5 
192 87 
192 7 
192 68 
192 72 
192 160 
192 200 
192 108 
192 142 
192 121 
192 24 
192 189 
192 149 
192 54 
192 0 
192 76 
192 202 
192 13 
192 161 
192 144 
193 81 
193 4 
193 28 
193 143 
193 213 
193 124 
193 12 
193 142 
193 3 
193 125 
193 11 
193 175 
193 153 
193 136 
193 34 
193 209 
193 139 
193 18 
193 188 
193 177 
193 7 
193 98 
193 74 
193 73 
193 190 
193 198 
193 51 
193 191 
193 8 
193 152 
193 118 
193 52 
193 169 
193 167 
193 6 
193 55 
193 170 
193 205 
193 70 
193 180 
193 15 
193 134 
193 75 
193 199 
193 122 
193 158 
193 13 
193 92 
193 50 
193 66 
193 211 
193 63 
193 39 
193 117 
193 110 
193 105 
193 202 
193 21 
193 186 
193 86 
193 201 
193 121 
193 17 
193 108 
193 171 
193 145 
193 178 
193 33 
193 138 
193 165 
193 151 
193 90 
193 57 
193 64 
193 112 
193 173 
193 159 
193 129 
193 58 
193 14 
193 141 
193 194 
193 43 
193 164 
193 46 
193 204 
193 67 
193 101 
193 103 
193 210 
193 56 
193 144 
193 37 
193 24 
193 84 
193 116 
193 184 
193 89 
193 130 
193 25 
193 185 
193 32 
193 162 
193 47 
193 80 
193 154 
193 0 
193 2 
193 71 
193 111 
193 19 
193 133 
193 137 
193 150 
193 31 
193 195 
193 183 
193 82 
193 10 
193 157 
193 22 
193 206 
193 36 
193 59 
193 119 
193 26 
193 203 
193 29 
193 189 
193 127 
193 187 
193 168 
193 72 
193 91 
193 65 
193 83 
193 95 
193 93 
193 172 
193 146 
193 88 
193 77 
193 30 
193 155 
193 160 
193 104 
193 132 
193 62 
193 208 
193 53 
193 35 
193 212 
193 182 
193 100 
193 60 
193 16 
193 115 
193 27 
193 161 
193 200 
193 40 
193 179 
193 1 
193 44 
194 81 
194 115 
194 64 
194 88 
194 154 
194 57 
194 122 
194 23 
194 124 
194 111 
194 162 
194 129 
194 178 
194 42 
194 161 
194 1 
194 191 
194 20 
194 134 
194 150 
194 10 
194 209 
194 16 
194 163 
194 160 
194 13 
194 203 
194 110 
194 30 
194 90 
194 144 
194 48 
194 119 
194 174 
194 79 
194 104 
194 207 
194 212 
194 142 
194 189 
194 17 
194 38 
194 182 
194 9 
194 49 
194 32 
194 31 
194 177 
194 190 
194 158 
194 85 
194 117 
194 118 
194 148 
194 167 
194 91 
194 132 
194 145 
194 156 
194 18 
194 74 
194 175 
194 169 
194 133 
194 114 
194 112 
194 60 
194 72 
194 100 
194 193 
194 200 
194 164 
194 130 
194 94 
194 172 
194 159 
194 128 
194 208 
194 54 
194 8 
194 181 
194 109 
194 101 
194 215 
194 123 
194 73 
194 199 
194 56 
194 69 
194 131 
194 125 
194 3 
194 180 
194 98 
194 120 
194 41 
194 84 
194 35 
194 21 
194 152 
194 140 
194 170 
194 206 
194 6 
194 196 
194 168 
194 92 
194 186 
194 97 
194 103 
194 157 
194 40 
194 127 
194 46 
194 93 
194 87 
194 19 
194 26 
194 146 
194 99 
194 45 
194 151 
194 121 
194 36 
194 107 
194 37 
194 198 
194 95 
194 204 
194 80 
194 62 
194 33 
194 179 
194 187 
194 47 
194 24 
194 0 
194 205 
194 43 
194 34 
194 14 
194 7 
194 15 
194 4 
194 39 
194 176 
194 213 
194 65 
194 53 
194 63 
194 67 
194 68 
194 138 
194 76 
194 155 
194 82 
194 66 
194 116 
194 22 
194 28 
194 195 
194 5 
194 106 
194 52 
195 161 
195 212 
195 155 
195 45 
195 136 
195 84 
195 206 
195 125 
195 188 
195 103 
195 109 
195 60 
195 191 
195 214 
195 37 
195 61 
195 181 
195 150 
195 46 
195 128 
195 182 
195 42 
195 141 
195 118 
195 213 
195 129 
195 22 
195 93 
195 62 
195 185 
195 175 
195 87 
195 116 
195 58 
195 95 
195 160 
195 28 
195 174 
195 113 
195 16 
195 119 
195 11 
195 20 
195 154 
195 8 
195 81 
195 131 
195 7 
195 121 
195 108 
195 163 
195 15 
195 211 
195 4 
195 69 
195 90 
195 117 
195 111 
195 152 
195 122 
195 70 
195 137 
195 32 
195 132 
195 205 
195 65 
195 57 
195 98 
195 179 
195 25 
195 173 
195 80 
195 176 
195 177 
195 1 
195 139 
195 138 
195 3 
195 72 
195 105 
195 123 
195 210 
195 200 
195 120 
195 201 
195 207 
195 94 
195 165 
195 134 
195 86 
195 189 
195 27 
195 147 
195 48 
195 67 
195 209 
195 85 
195 192 
195 144 
195 115 
195 30 
195 204 
195 71 
195 66 
195 73 
195 151 
195 203 
195 55 
195 153 
195 183 
195 135 
195 31 
195 148 
195 114 
195 75 
195 39 
195 50 
195 99 
195 164 
195 158 
195 89 
195 53 
195 0 
195 186 
195 106 
195 33 
195 2 
195 193 
195 198 
195 64 
195 38 
195 168 
195 169 
195 13 
195 107 
195 199 
195 104 
195 187 
195 18 
195 172 
195 142 
195 49 
195 140 
195 215 
195 208 
195 74 
195 196 
195 133 
195 88 
195 6 
195 91 
195 47 
195 202 
195 68 
195 101 
195 178 
195 166 
195 43 
195 149 
195 44 
195 54 
195 77 
195 83 
195 52 
195 23 
195 127 
195 36 
195 21 
195 35 
195 79 
195 146 
195 197 
195 124 
195 14 
195 184 
195 194 
195 170 
196 179 
196 171 
196 19 
196 144 
196 174 
196 150 
196 164 
196 215 
196 9 
196 186 
196 180 
196 74 
196 1 
196 188 
196 91 
196 114 
196 140 
196 203 
196 53 
196 121 
196 35 
196 205 
196 54 
196 33 
196 172 
196 102 
196 78 
196 210 
196 124 
196 175 
196 70 
196 147 
196 118 
196 28 
196 47 
196 50 
196 29 
196 132 
196 101 
196 173 
196 146 
196 51 
196 93 
196 34 
196 94 
196 159 
196 214 
196 133 
196 154 
196 155 
196 8 
196 10 
196 21 
196 116 
196 11 
196 183 
196 60 
196 79 
196 71 
196 76 
196 87 
196 14 
196 25 
196 152 
196 6 
196 73 
196 115 
196 169 
196 113 
196 22 
196 103 
196 212 
196 143 
196 17 
196 153 
196 135 
196 126 
196 82 
196 31 
196 166 
196 151 
196 163 
196 81 
196 42 
196 65 
196 32 
196 119 
196 167 
196 68 
196 88 
196 104 
196 90 
196 99 
196 108 
196 0 
196 85 
196 122 
196 141 
196 30 
196 49 
196 72 
196 59 
196 24 
196 83 
196 194 
196 75 
196 86 
196 39 
196 109 
196 57 
196 63 
196 204 
196 92 
196 89 
196 201 
196 2 
196 97 
196 66 
196 211 
196 161 
196 206 
196 64 
196 45 
196 95 
196 18 
196 182 
196 145 
196 131 
196 168 
196 197 
196 195 
196 149 
196 15 
196 55 
196 162 
196 80 
196 112 
196 27 
196 12 
196 192 
196 13 
196 165 
196 84 
196 56 
196 181 
196 138 
196 23 
196 67 
196 41 
196 191 
196 170 
196 7 
196 156 
196 134 
196 190 
196 62 
196 129 
196 185 
196 207 
196 123 
196 120 
196 5 
196 130 
196 157 
196 58 
196 4 
197 27 
197 85 
197 129 
197 98 
197 73 
197 157 
197 45 
197 176 
197 163 
197 124 
197 7 
197 122 
197 212 
197 0 
197 159 
197 9 
197 190 
197 30 
197 175 
197 1 
197 82 
197 76 
197 171 
197 111 
197 102 
197 99 
197 16 
197 33 
197 74 
197 2 
197 207 
197 21 
197 199 
197 109 
197 139 
197 14 
197 131 
197 20 
197 161 
197 53 
197 48 
197 78 
197 89 
197 35 
197 72 
197 23 
197 165 
197 189 
197 22 
197 64 
197 208 
197 154 
197 75 
197 203 
197 204 
197 158 
197 110 
197 172 
197 12 
197 95 
197 87 
197 71 
197 80 
197 125 
197 5 
197 202 
197 63 
197 182 
197 200 
197 141 
197 215 
197 121 
197 8 
197 169 
197 174 
197 104 
197 164 
197 92 
197 39 
197 65 
197 19 
197 135 
197 43 
197 105 
197 136 
197 94 
197 162 
197 210 
197 116 
197 144 
197 36 
197 54 
197 133 
197 11 
197 142 
197 90 
197 186 
197 127 
197 81 
197 118 
197 47 
197 10 
197 117 
197 180 
197 4 
197 67 
197 150 
197 46 
197 70 
197 38 
197 84 
197 69 
197 101 
197 119 
197 151 
197 68 
197 60 
197 3 
197 123 
197 148 
197 6 
197 44 
197 34 
197 130 
197 42 
197 168 
197 112 
197 143 
197 205 
197 13 
197 138 
197 51 
197 140 
197 198 
197 196 
197 153 
197 177 
197 49 
197 155 
197 55 
197 106 
197 191 
197 160 
197 137 
197 149 
197 31 
197 132 
197 41 
197 170 
197 188 
197 156 
197 126 
197 195 
197 134 
197 147 
197 152 
198 100 
198 29 
198 163 
198 88 
198 32 
198 177 
198 3 
198 143 
198 20 
198 103 
198 90 
198 153 
198 21 
198 101 
198 137 
198 26 
198 36 
198 140 
198 69 
198 129 
198 28 
198 92 
198 186 
198 124 
198 202 
198 104 
198 188 
198 152 
198 209 
198 132 
198 191 
198 156 
198 22 
198 161 
198 46 
198 193 
198 149 
198 214 
198 59 
198 35 
198 65 
198 67 
198 82 
198 39 
198 24 
198 172 
198 30 
198 127 
198 55 
198 184 
198 133 
198 119 
198 38 
198 78 
198 10 
198 212 
198 210 
198 207 
198 167 
198 171 
198 96 
198 70 
198 166 
198 37 
198 162 
198 192 
198 62 
198 23 
198 45 
198 81 
198 47 
198 169 
198 126 
198 146 
198 134 
198 17 
198 1 
198 97 
198 53 
198 73 
198 18 
198 49 
198 174 
198 4 
198 98 
198 19 
198 68 
198 113 
198 57 
198 89 
198 142 
198 159 
198 114 
198 110 
198 205 
198 99 
198 128 
198 160 
198 116 
198 6 
198 195 
198 51 
198 71 
198 0 
198 187 
198 108 
198 154 
198 25 
198 168 
198 213 
198 194 
198 118 
198 201 
198 56 
198 64 
198 197 
198 121 
198 44 
198 141 
198 180 
198 136 
198 50 
198 40 
198 178 
198 85 
198 58 
198 190 
198 105 
198 9 
198 215 
198 150 
198 60 
198 170 
198 148 
198 79 
198 5 
198 63 
198 13 
198 31 
198 112 
198 145 
198 185 
198 102 
198 66 
198 139 
198 87 
198 199 
198 131 
198 157 
198 48 
198 27 
198 111 
198 176 
198 42 
198 86 
199 101 
199 24 
199 19 
199 25 
199 143 
199 82 
199 147 
199 41 
199 170 
199 104 
199 95 
199 191 
199 14 
199 185 
199 35 
199 8 
199 61 
199 158 
199 114 
199 210 
199 113 
199 206 
199 40 
199 169 
199 197 
199 190 
199 165 
199 87 
199 168 
199 161 
199 91 
199 36 
199 56 
199 132 
199 142 
199 57 
199 127 
199 54 
199 100 
199 182 
199 22 
199 6 
199 116 
199 162 
199 159 
199 2 
199 27 
199 193 
199 172 
199 53 
199 69 
199 192 
199 186 
199 46 
199 200 
199 10 
199 89 
199 205 
199 59 
199 43 
199 12 
199 112 
199 153 
199 45 
199 136 
199 212 
199 174 
199 3 
199 111 
199 164 
199 179 
199 154 
199 183 
199 150 
199 92 
199 5 
199 166 
199 85 
199 47 
199 34 
199 83 
199 48 
199 9 
199 140 
199 110 
199 55 
199 17 
199 131 
199 74 
199 160 
199 52 
199 194 
199 51 
199 215 
199 173 
199 4 
199 115 
199 144 
199 156 
199 23 
199 58 
199 60 
199 93 
199 77 
199 180 
199 88 
199 66 
199 105 
199 108 
199 99 
199 102 
199 134 
199 152 
199 133 
199 211 
199 38 
199 163 
199 64 
199 195 
199 119 
199 67 
199 73 
199 177 
199 63 
199 157 
199 62 
199 126 
199 79 
199 97 
199 71 
199 178 
199 0 
199 30 
199 26 
199 1 
199 128 
199 122 
199 207 
199 31 
199 123 
199 13 
199 188 
199 18 
199 124 
199 98 
199 171 
199 117 
199 70 
199 42 
199 125 
199 78 
199 107 
199 208 
199 198 
199 94 
199 204 
199 155 
200 171 
200 74 
200 59 
200 145 
200 40 
200 5 
200 16 
200 179 
200 30 
200 158 
200 143 
200 207 
200 180 
200 11 
200 121 
200 71 
200 29 
200 2 
200 68 
200 35 
200 67 
200 209 
200 151 
200 23 
200 37 
200 190 
200 83 
200 115 
200 92 
200 211 
200 173 
200 128 
200 113 
200 89 
200 72 
200 9 
200 94 
200 99 
200 86 
200 174 
200 1 
200 18 
200 42 
200 28 
200 184 
200 58 
200 96 
200 87 
200 65 
200 76 
200 213 
200 206 
200 156 
200 44 
200 133 
200 19 
200 148 
200 199 
200 186 
200 130 
200 93 
200 124 
200 55 
200 165 
200 197 
200 127 
200 122 
200 15 
200 110 
200 109 
200 49 
200 102 
200 13 
200 195 
200 63 
200 45 
200 90 
200 62 
200 194 
200 185 
200 64 
200 105 
200 138 
200 54 
200 126 
200 170 
200 162 
200 132 
200 159 
200 191 
200 38 
200 214 
200 164 
200 141 
200 22 
200 114 
200 137 
200 82 
200 175 
200 10 
200 60 
200 108 
200 24 
200 155 
200 106 
200 183 
200 107 
200 95 
200 48 
200 182 
200 57 
200 52 
200 32 
200 3 
200 101 
200 153 
200 104 
200 117 
200 46 
200 157 
200 80 
200 163 
200 129 
200 21 
200 168 
200 161 
200 0 
200 70 
200 204 
200 215 
200 154 
200 116 
200 208 
200 6 
200 210 
200 12 
200 112 
200 81 
200 125 
200 172 
200 176 
200 14 
200 66 
200 33 
200 20 
200 41 
200 188 
200 189 
200 26 
200 181 
200 31 
200 131 
200 100 
200 192 
200 135 
200 77 
200 47 
200 78 
200 120 
200 103 
200 169 
200 150 
200 152 
200 144 
200 193 
200 202 
200 53 
201 136 
201 39 
201 14 
201 208 
201 192 
201 184 
201 107 
201 67 
201 132 
201 51 
201 182 
201 2 
201 15 
201 63 
201 9 
201 176 
201 160 
201 56 
201 126 
201 46 
201 155 
201 100 
201 16 
201 135 
201 131 
201 35 
201 89 
201 54 
201 87 
201 91 
201 98 
201 88 
201 26 
201 161 
201 61 
201 117 
201 94 
201 80 
201 59 
201 166 
201 11 
201 211 
201 130 
201 25 
201 23 
201 174 
201 53 
201 210 
201 27 
201 175 
201 215 
201 110 
201 189 
201 21 
201 105 
201 49 
201 66 
201 114 
201 193 
201 159 
201 18 
201 127 
201 101 
201 22 
201 153 
201 75 
201 180 
201 144 
201 106 
201 31 
201 30 
201 138 
201 195 
201 171 
201 79 
201 64 
201 109 
201 209 
201 58 
201 124 
201 71 
201 147 
201 6 
201 163 
201 116 
201 213 
201 73 
201 206 
201 177 
201 185 
201 164 
201 158 
201 10 
201 96 
201 72 
201 65 
201 205 
201 8 
201 142 
201 29 
201 7 
201 129 
201 203 
201 148 
201 178 
201 17 
201 85 
201 28 
201 38 
201 172 
201 108 
201 125 
201 196 
201 40 
201 70 
201 183 
201 37 
201 118 
201 41 
201 214 
201 102 
201 198 
201 83 
201 3 
201 150 
201 113 
201 121 
201 115 
201 93 
201 43 
201 149 
201 152 
201 187 
201 120 
201 167 
201 143 
201 5 
201 57 
201 123 
201 20 
201 168 
201 181 
201 134 
201 165 
201 162 
201 0 
201 188 
201 103 
201 81 
201 74 
201 122 
201 141 
201 186 
201 156 
201 92 
201 76 
201 12 
201 78 
201 112 
201 146 
201 24 
202 3 
202 170 
202 26 
202 152 
202 136 
202 128 
202 21 
202 110 
202 20 
202 16 
202 42 
202 47 
202 122 
202 211 
202 169 
202 111 
202 183 
202 30 
202 51 
202 106 
202 124 
202 198 
202 125 
202 148 
202 63 
202 61 
202 37 
202 108 
202 48 
202 166 
202 49 
202 153 
202 178 
202 84 
202 66 
202 44 
202 187 
202 142 
202 145 
202 0 
202 181 
202 159 
202 80 
202 74 
202 149 
202 182 
202 27 
202 36 
202 134 
202 34 
202 112 
202 119 
202 100 
202 173 
202 33 
202 67 
202 90 
202 79 
202 24 
202 101 
202 193 
202 11 
202 139 
202 197 
202 58 
202 31 
202 81 
202 130 
202 150 
202 210 
202 203 
202 39 
202 172 
202 62 
202 59 
202 162 
202 164 
202 69 
202 158 
202 165 
202 70 
202 131 
202 107 
202 22 
202 38 
202 157 
202 137 
202 129 
202 95 
202 72 
202 174 
202 167 
202 29 
202 118 
202 190 
202 50 
202 109 
202 121 
202 96 
202 53 
202 87 
202 132 
202 171 
202 176 
202 156 
202 13 
202 160 
202 103 
202 9 
202 191 
202 28 
202 207 
202 206 
202 184 
202 55 
202 163 
202 116 
202 97 
202 147 
202 82 
202 141 
202 68 
202 41 
202 77 
202 14 
202 175 
202 46 
202 135 
202 76 
202 189 
202 19 
202 115 
202 43 
202 146 
202 56 
202 195 
202 5 
202 105 
202 52 
202 32 
202 144 
202 168 
202 140 
202 208 
202 214 
202 35 
202 138 
202 15 
202 143 
202 40 
202 126 
202 205 
202 4 
202 133 
202 212 
202 7 
202 94 
202 89 
202 114 
202 78 
202 120 
202 192 
202 200 
202 10 
203 151 
203 93 
203 150 
203 141 
203 4 
203 104 
203 5 
203 1 
203 103 
203 34 
203 142 
203 162 
203 55 
203 126 
203 17 
203 46 
203 51 
203 131 
203 22 
203 121 
203 196 
203 210 
203 68 
203 153 
203 71 
203 48 
203 143 
203 213 
203 189 
203 87 
203 194 
203 183 
203 64 
203 145 
203 163 
203 7 
203 54 
203 214 
203 91 
203 112 
203 185 
203 130 
203 81 
203 125 
203 184 
203 192 
203 134 
203 111 
203 197 
203 47 
203 49 
203 101 
203 73 
203 44 
203 31 
203 67 
203 58 
203 190 
203 120 
203 88 
203 108 
203 15 
203 59 
203 114 
203 75 
203 166 
203 174 
203 122 
203 181 
203 42 
203 25 
203 202 
203 32 
203 132 
203 86 
203 187 
203 89 
203 57 
203 21 
203 39 
203 33 
203 207 
203 169 
203 206 
203 191 
203 146 
203 80 
203 90 
203 29 
203 144 
203 152 
203 53 
203 97 
203 23 
203 208 
203 188 
203 9 
203 94 
203 195 
203 209 
203 20 
203 119 
203 175 
203 205 
203 182 
203 65 
203 128 
203 2 
203 72 
203 137 
203 92 
203 61 
203 107 
203 13 
203 180 
203 201 
203 85 
203 56 
203 129 
203 78 
203 164 
203 110 
203 60 
203 165 
203 24 
203 113 
203 157 
203 127 
203 83 
203 133 
203 138 
203 215 
203 105 
203 155 
203 82 
203 167 
203 193 
203 70 
203 69 
203 179 
203 100 
203 149 
203 117 
203 171 
203 28 
203 10 
203 147 
203 98 
203 19 
203 11 
203 27 
203 26 
203 135 
203 41 
203 168 
203 36 
203 123 
203 186 
203 140 
203 77 
203 63 
203 204 
203 18 
203 170 
203 161 
203 84 
203 124 
203 211 
203 176 
203 99 
204 31 
204 69 
204 126 
204 173 
204 73 
204 82 
204 39 
204 189 
204 34 
204 104 
204 116 
204 170 
204 112 
204 150 
204 118 
204 185 
204 213 
204 138 
204 209 
204 41 
204 11 
204 177 
204 53 
204 153 
204 0 
204 33 
204 124 
204 27 
204 62 
204 152 
204 40 
204 101 
204 169 
204 6 
204 151 
204 215 
204 164 
204 121 
204 48 
204 183 
204 28 
204 86 
204 167 
204 83 
204 10 
204 92 
204 197 
204 87 
204 210 
204 191 
204 50 
204 156 
204 119 
204 64 
204 131 
204 157 
204 123 
204 91 
204 188 
204 2 
204 89 
204 135 
204 182 
204 45 
204 100 
204 155 
204 23 
204 144 
204 187 
204 88 
204 66 
204 60 
204 79 
204 56 
204 52 
204 161 
204 147 
204 77 
204 37 
204 133 
204 195 
204 193 
204 206 
204 162 
204 80 
204 35 
204 143 
204 3 
204 184 
204 43 
204 76 
204 30 
204 57 
204 212 
204 29 
204 110 
204 38 
204 36 
204 192 
204 186 
204 24 
204 158 
204 107 
204 97 
204 196 
204 13 
204 68 
204 127 
204 141 
204 81 
204 178 
204 180 
204 172 
204 129 
204 174 
204 211 
204 63 
204 17 
204 200 
204 194 
204 108 
204 72 
204 115 
204 5 
204 49 
204 95 
204 207 
204 140 
204 128 
204 166 
204 148 
204 55 
204 70 
204 176 
204 58 
204 61 
204 171 
204 21 
204 67 
204 96 
204 15 
204 26 
204 117 
204 122 
204 181 
204 146 
204 160 
204 20 
204 78 
204 203 
204 74 
204 175 
204 8 
204 9 
204 136 
204 132 
204 85 
204 44 
204 163 
204 199 
204 145 
205 97 
205 73 
205 123 
205 183 
205 212 
205 21 
205 38 
205 171 
205 124 
205 66 
205 91 
205 77 
205 80 
205 158 
205 65 
205 196 
205 57 
205 44 
205 81 
205 209 
205 35 
205 63 
205 93 
205 62 
205 32 
205 71 
205 174 
205 31 
205 170 
205 69 
205 36 
205 154 
205 163 
205 137 
205 118 
205 214 
205 159 
205 207 
205 27 
205 193 
205 109 
205 117 
205 215 
205 19 
205 102 
205 34 
205 82 
205 48 
205 114 
205 2 
205 131 
205 169 
205 147 
205 195 
205 26 
205 143 
205 1 
205 64 
205 45 
205 199 
205 100 
205 78 
205 40 
205 99 
205 121 
205 95 
205 113 
205 136 
205 12 
205 206 
205 86 
205 211 
205 85 
205 149 
205 17 
205 5 
205 142 
205 46 
205 101 
205 51 
205 190 
205 165 
205 79 
205 179 
205 70 
205 108 
205 20 
205 55 
205 152 
205 203 
205 191 
205 201 
205 128 
205 133 
205 23 
205 59 
205 119 
205 75 
205 156 
205 14 
205 50 
205 145 
205 72 
205 15 
205 25 
205 185 
205 198 
205 141 
205 182 
205 162 
205 106 
205 116 
205 42 
205 178 
205 213 
205 3 
205 173 
205 52 
205 197 
205 120 
205 7 
205 181 
205 176 
205 41 
205 13 
205 139 
205 189 
205 155 
205 127 
205 125 
205 177 
205 39 
205 180 
205 194 
205 192 
205 111 
205 132 
205 161 
205 4 
205 74 
205 144 
205 11 
205 167 
205 18 
205 122 
205 47 
205 37 
205 186 
205 202 
205 140 
205 24 
205 168 
205 153 
205 98 
205 33 
205 88 
205 150 
206 81 
206 104 
206 121 
206 56 
206 106 
206 153 
206 84 
206 195 
206 126 
206 158 
206 14 
206 39 
206 33 
206 147 
206 85 
206 3 
206 45 
206 173 
206 108 
206 131 
206 124 
206 168 
206 215 
206 55 
206 150 
206 146 
206 16 
206 65 
206 88 
206 199 
206 117 
206 209 
206 137 
206 128 
206 208 
206 171 
206 156 
206 98 
206 29 
206 35 
206 125 
206 149 
206 42 
206 73 
206 185 
206 101 
206 11 
206 15 
206 210 
206 178 
206 71 
206 200 
206 4 
206 123 
206 76 
206 100 
206 5 
206 0 
206 20 
206 97 
206 59 
206 116 
206 187 
206 53 
206 180 
206 188 
206 37 
206 94 
206 77 
206 118 
206 138 
206 24 
206 205 
206 207 
206 169 
206 58 
206 152 
206 140 
206 22 
206 127 
206 86 
206 164 
206 203 
206 109 
206 177 
206 31 
206 115 
206 52 
206 41 
206 133 
206 13 
206 2 
206 66 
206 103 
206 1 
206 204 
206 201 
206 57 
206 90 
206 99 
206 49 
206 113 
206 26 
206 18 
206 19 
206 46 
206 74 
206 91 
206 68 
206 80 
206 114 
206 194 
206 72 
206 202 
206 62 
206 148 
206 175 
206 40 
206 192 
206 75 
206 181 
206 193 
206 139 
206 25 
206 159 
206 196 
206 92 
206 79 
206 30 
206 54 
206 135 
206 132 
206 44 
206 60 
206 157 
206 102 
206 96 
206 189 
206 107 
206 9 
206 112 
206 119 
206 70 
206 211 
206 190 
206 27 
206 167 
206 165 
206 36 
206 163 
206 145 
206 82 
206 105 
206 151 
206 111 
206 48 
206 10 
207 147 
207 210 
207 118 
207 50 
207 25 
207 155 
207 141 
207 164 
207 27 
207 59 
207 116 
207 114 
207 17 
207 85 
207 53 
207 83 
207 200 
207 98 
207 177 
207 101 
207 84 
207 64 
207 51 
207 20 
207 128 
207 58 
207 61 
207 100 
207 26 
207 197 
207 180 
207 187 
207 110 
207 170 
207 117 
207 24 
207 54 
207 154 
207 99 
207 97 
207 109 
207 9 
207 205 
207 212 
207 136 
207 78 
207 65 
207 194 
207 74 
207 87 
207 185 
207 70 
207 126 
207 191 
207 208 
207 158 
207 34 
207 7 
207 79 
207 168 
207 131 
207 159 
207 104 
207 30 
207 198 
207 93 
207 37 
207 16 
207 142 
207 115 
207 105 
207 206 
207 156 
207 203 
207 195 
207 171 
207 175 
207 3 
207 77 
207 133 
207 209 
207 14 
207 215 
207 69 
207 145 
207 36 
207 94 
207 52 
207 90 
207 174 
207 123 
207 169 
207 124 
207 67 
207 72 
207 135 
207 181 
207 41 
207 153 
207 202 
207 82 
207 12 
207 46 
207 95 
207 162 
207 111 
207 39 
207 211 
207 140 
207 134 
207 125 
207 129 
207 45 
207 18 
207 192 
207 86 
207 6 
207 21 
207 161 
207 167 
207 137 
207 60 
207 4 
207 76 
207 204 
207 199 
207 68 
207 96 
207 160 
207 91 
207 40 
207 48 
207 23 
207 47 
207 113 
207 55 
207 2 
207 106 
207 32 
207 92 
207 66 
207 44 
207 196 
207 1 
207 213 
207 15 
207 19 
207 172 
207 179 
207 108 
207 184 
207 178 
207 127 
207 165 
207 33 
207 139 
208 174 
208 3 
208 7 
208 110 
208 39 
208 179 
208 201 
208 116 
208 104 
208 79 
208 78 
208 4 
208 75 
208 209 
208 82 
208 126 
208 59 
208 90 
208 25 
208 101 
208 32 
208 87 
208 68 
208 187 
208 183 
208 92 
208 143 
208 122 
208 160 
208 109 
208 206 
208 136 
208 107 
208 56 
208 154 
208 158 
208 72 
208 120 
208 197 
208 12 
208 150 
208 186 
208 37 
208 140 
208 14 
208 11 
208 207 
208 64 
208 137 
208 26 
208 98 
208 127 
208 215 
208 23 
208 213 
208 28 
208 149 
208 43 
208 177 
208 1 
208 214 
208 133 
208 152 
208 40 
208 17 
208 52 
208 66 
208 20 
208 188 
208 134 
208 77 
208 138 
208 157 
208 194 
208 18 
208 170 
208 60 
208 203 
208 141 
208 142 
208 8 
208 24 
208 155 
208 6 
208 114 
208 156 
208 176 
208 44 
208 135 
208 153 
208 180 
208 102 
208 111 
208 162 
208 117 
208 91 
208 191 
208 100 
208 54 
208 89 
208 69 
208 80 
208 113 
208 169 
208 211 
208 27 
208 182 
208 22 
208 58 
208 93 
208 139 
208 118 
208 46 
208 200 
208 15 
208 195 
208 70 
208 67 
208 36 
208 112 
208 147 
208 128 
208 130 
208 49 
208 181 
208 19 
208 0 
208 163 
208 95 
208 212 
208 50 
208 42 
208 96 
208 2 
208 202 
208 161 
208 10 
208 88 
208 71 
208 145 
208 193 
208 45 
208 35 
208 65 
208 81 
208 29 
208 175 
208 199 
208 33 
208 9 
208 105 
208 62 
208 76 
208 21 
208 173 
208 103 
208 73 
209 153 
209 213 
209 104 
209 59 
209 155 
209 168 
209 146 
209 89 
209 1 
209 159 
209 149 
209 39 
209 179 
209 49 
209 124 
209 173 
209 126 
209 183 
209 94 
209 208 
209 132 
209 50 
209 127 
209 204 
209 12 
209 158 
209 84 
209 73 
209 193 
209 198 
209 77 
209 27 
209 110 
209 48 
209 175 
209 87 
209 92 
209 205 
209 11 
209 177 
209 194 
209 200 
209 32 
209 23 
209 80 
209 70 
209 68 
209 206 
209 211 
209 54 
209 144 
209 148 
209 160 
209 137 
209 41 
209 40 
209 138 
209 134 
209 169 
209 52 
209 72 
209 26 
209 152 
209 210 
209 186 
209 82 
209 103 
209 102 
209 151 
209 7 
209 28 
209 29 
209 99 
209 117 
209 93 
209 69 
209 187 
209 119 
209 14 
209 171 
209 57 
209 47 
209 0 
209 161 
209 43 
209 106 
209 98 
209 201 
209 192 
209 78 
209 147 
209 195 
209 61 
209 207 
209 116 
209 81 
209 105 
209 67 
209 56 
209 74 
209 76 
209 118 
209 31 
209 203 
209 8 
209 36 
209 215 
209 3 
209 44 
209 10 
209 135 
209 108 
209 9 
209 95 
209 25 
209 91 
209 167 
209 34 
209 180 
209 142 
209 101 
209 130 
209 53 
209 154 
209 75 
209 2 
209 19 
209 4 
209 166 
209 182 
209 139 
209 112 
209 172 
209 21 
209 58 
209 178 
209 51 
209 189 
209 122 
209 114 
209 157 
209 107 
209 123 
209 90 
209 5 
209 143 
209 38 
209 100 
209 145 
209 62 
209 129 
209 181 
209 115 
209 214 
209 79 
209 65 
209 120 
209 66 
209 190 
209 212 
209 96 
209 165 
209 188 
209 125 
209 17 
209 111 
209 131 
209 121 
209 55 
209 191 
209 83 
209 141 
209 163 
209 185 
209 63 
209 128 
210 171 
210 207 
210 144 
210 34 
210 213 
210 50 
210 25 
210 13 
210 184 
210 108 
210 168 
210 59 
210 23 
210 174 
210 112 
210 7 
210 199 
210 203 
210 155 
210 47 
210 196 
210 77 
210 138 
210 74 
210 44 
210 151 
210 179 
210 93 
210 152 
210 135 
210 70 
210 150 
210 83 
210 26 
210 66 
210 201 
210 169 
210 209 
210 206 
210 36 
210 125 
210 6 
210 11 
210 120 
210 204 
210 79 
210 58 
210 113 
210 110 
210 78 
210 82 
210 162 
210 143 
210 198 
210 12 
210 105 
210 122 
210 212 
210 166 
210 48 
210 119 
210 129 
210 202 
210 141 
210 164 
210 195 
210 123 
210 172 
210 31 
210 17 
210 131 
210 85 
210 114 
210 117 
210 10 
210 8 
210 197 
210 139 
210 99 
210 76 
210 88 
210 137 
210 193 
210 126 
210 71 
210 49 
210 39 
210 100 
210 38 
210 145 
210 19 
210 92 
210 0 
210 146 
210 140 
210 37 
210 118 
210 127 
210 24 
210 28 
210 191 
210 40 
210 157 
210 30 
210 62 
210 192 
210 211 
210 3 
210 136 
210 158 
210 134 
210 128 
210 147 
210 215 
210 80 
210 183 
210 91 
210 173 
210 68 
210 27 
210 109 
210 160 
210 69 
210 161 
210 29 
210 98 
210 96 
210 159 
210 180 
210 200 
210 103 
210 55 
210 35 
210 20 
210 185 
210 107 
210 90 
210 190 
210 106 
210 2 
210 182 
210 86 
210 15 
210 153 
210 56 
210 67 
210 9 
210 14 
210 65 
210 42 
210 61 
210 165 
210 57 
210 188 
210 64 
210 33 
210 115 
210 72 
210 51 
210 53 
210 54 
210 95 
210 89 
210 156 
210 94 
210 121 
210 73 
210 116 
211 9 
211 126 
211 156 
211 132 
211 143 
211 19 
211 82 
211 109 
211 55 
211 44 
211 140 
211 202 
211 139 
211 136 
211 61 
211 142 
211 117 
211 97 
211 159 
211 178 
211 190 
211 138 
211 212 
211 127 
211 116 
211 10 
211 22 
211 167 
211 111 
211 172 
211 168 
211 209 
211 189 
211 95 
211 200 
211 106 
211 36 
211 201 
211 121 
211 48 
211 56 
211 63 
211 45 
211 59 
211 14 
211 85 
211 195 
211 146 
211 101 
211 28 
211 30 
211 134 
211 130 
211 99 
211 170 
211 166 
211 193 
211 96 
211 177 
211 179 
211 79 
211 145 
211 153 
211 38 
211 183 
211 125 
211 6 
211 8 
211 192 
211 47 
211 120 
211 15 
211 205 
211 37 
211 69 
211 188 
211 186 
211 60 
211 112 
211 155 
211 147 
211 67 
211 124 
211 180 
211 88 
211 71 
211 27 
211 87 
211 65 
211 149 
211 103 
211 105 
211 3 
211 119 
211 185 
211 2 
211 102 
211 32 
211 43 
211 84 
211 76 
211 163 
211 18 
211 215 
211 122 
211 89 
211 158 
211 157 
211 171 
211 151 
211 11 
211 199 
211 5 
211 42 
211 173 
211 100 
211 113 
211 46 
211 49 
211 135 
211 115 
211 31 
211 207 
211 40 
211 181 
211 7 
211 210 
211 110 
211 169 
211 81 
211 23 
211 148 
211 208 
211 54 
211 41 
211 137 
211 123 
211 129 
211 144 
211 196 
211 204 
211 62 
211 162 
211 75 
211 26 
211 175 
211 58 
211 154 
211 83 
211 191 
211 80 
211 64 
211 78 
211 131 
211 0 
211 206 
211 50 
211 150 
211 29 
211 133 
211 128 
211 57 
211 107 
211 13 
211 104 
211 118 
211 86 
211 66 
211 184 
211 187 
211 90 
211 203 
211 53 
211 176 
212 192 
212 99 
212 166 
212 51 
212 135 
212 23 
212 132 
212 195 
212 141 
212 178 
212 102 
212 197 
212 109 
212 205 
212 181 
212 93 
212 127 
212 95 
212 91 
212 213 
212 103 
212 12 
212 119 
212 211 
212 100 
212 55 
212 170 
212 37 
212 21 
212 184 
212 159 
212 169 
212 73 
212 1 
212 13 
212 92 
212 207 
212 62 
212 149 
212 125 
212 72 
212 124 
212 176 
212 142 
212 74 
212 194 
212 11 
212 110 
212 0 
212 171 
212 139 
212 59 
212 42 
212 117 
212 64 
212 46 
212 41 
212 6 
212 198 
212 210 
212 71 
212 199 
212 143 
212 105 
212 187 
212 191 
212 196 
212 152 
212 26 
212 53 
212 157 
212 28 
212 140 
212 50 
212 15 
212 89 
212 113 
212 129 
212 76 
212 44 
212 120 
212 151 
212 156 
212 147 
212 2 
212 58 
212 56 
212 49 
212 182 
212 20 
212 30 
212 97 
212 204 
212 114 
212 60 
212 18 
212 148 
212 8 
212 144 
212 17 
212 65 
212 75 
212 133 
212 36 
212 57 
212 83 
212 3 
212 9 
212 14 
212 86 
212 134 
212 101 
212 48 
212 115 
212 215 
212 66 
212 145 
212 121 
212 77 
212 94 
212 177 
212 87 
212 84 
212 179 
212 175 
212 123 
212 208 
212 172 
212 78 
212 130 
212 154 
212 183 
212 27 
212 79 
212 128 
212 39 
212 61 
212 168 
212 85 
212 40 
212 209 
212 90 
212 118 
212 52 
212 193 
212 202 
212 174 
212 16 
212 106 
212 180 
212 112 
212 190 
212 68 
212 164 
212 63 
212 108 
213 209 
213 125 
213 57 
213 131 
213 95 
213 210 
213 102 
213 128 
213 162 
213 193 
213 160 
213 76 
213 7 
213 70 
213 176 
213 67 
213 74 
213 136 
213 204 
213 195 
213 212 
213 188 
213 26 
213 116 
213 15 
213 185 
213 108 
213 203 
213 101 
213 82 
213 94 
213 163 
213 12 
213 44 
213 158 
213 140 
213 32 
213 1 
213 72 
213 40 
213 183 
213 122 
213 60 
213 200 
213 154 
213 145 
213 13 
213 34 
213 150 
213 139 
213 3 
213 151 
213 14 
213 51 
213 132 
213 10 
213 148 
213 147 
213 6 
213 173 
213 69 
213 208 
213 123 
213 181 
213 189 
213 84 
213 21 
213 24 
213 191 
213 45 
213 22 
213 113 
213 171 
213 23 
213 20 
213 58 
213 175 
213 99 
213 121 
213 120 
213 25 
213 30 
213 62 
213 36 
213 100 
213 91 
213 28 
213 112 
213 46 
213 8 
213 201 
213 75 
213 126 
213 50 
213 137 
213 71 
213 143 
213 9 
213 39 
213 68 
213 97 
213 215 
213 186 
213 149 
213 61 
213 49 
213 54 
213 155 
213 41 
213 109 
213 124 
213 103 
213 64 
213 152 
213 16 
213 135 
213 146 
213 179 
213 105 
213 89 
213 47 
213 174 
213 205 
213 142 
213 5 
213 190 
213 127 
213 111 
213 35 
213 87 
213 198 
213 52 
213 17 
213 138 
213 134 
213 159 
213 56 
213 166 
213 170 
213 92 
213 172 
213 93 
213 106 
213 144 
213 98 
213 115 
213 0 
213 77 
213 78 
213 117 
213 194 
213 4 
213 85 
213 73 
213 38 
213 55 
213 169 
213 207 
213 53 
213 110 
213 133 
213 43 
213 96 
213 119 
214 124 
214 87 
214 117 
214 46 
214 93 
214 154 
214 168 
214 171 
214 186 
214 65 
214 33 
214 188 
214 50 
214 16 
214 144 
214 195 
214 96 
214 58 
214 18 
214 19 
214 66 
214 126 
214 79 
214 38 
214 41 
214 81 
214 61 
214 147 
214 111 
214 48 
214 130 
214 198 
214 8 
214 39 
214 72 
214 157 
214 116 
214 98 
214 70 
214 203 
214 205 
214 97 
214 151 
214 34 
214 30 
214 55 
214 167 
214 47 
214 84 
214 78 
214 132 
214 150 
214 172 
214 7 
214 100 
214 131 
214 187 
214 181 
214 37 
214 174 
214 12 
214 36 
214 62 
214 163 
214 196 
214 44 
214 2 
214 121 
214 152 
214 77 
214 76 
214 63 
214 13 
214 110 
214 95 
214 104 
214 149 
214 21 
214 112 
214 17 
214 178 
214 189 
214 208 
214 15 
214 180 
214 28 
214 23 
214 85 
214 114 
214 43 
214 71 
214 90 
214 103 
214 54 
214 156 
214 127 
214 64 
214 177 
214 69 
214 10 
214 133 
214 22 
214 200 
214 135 
214 31 
214 176 
214 191 
214 106 
214 99 
214 35 
214 129 
214 140 
214 183 
214 49 
214 27 
214 139 
214 3 
214 74 
214 108 
214 101 
214 190 
214 184 
214 56 
214 59 
214 125 
214 119 
214 4 
214 201 
214 80 
214 122 
214 128 
214 162 
214 9 
214 148 
214 40 
214 175 
214 92 
214 170 
214 14 
214 45 
214 209 
214 113 
214 142 
214 169 
214 105 
214 57 
214 202 
214 82 
214 83 
214 51 
214 138 
214 73 
214 89 
214 109 
214 164 
215 92 
215 97 
215 62 
215 100 
215 31 
215 13 
215 23 
215 196 
215 113 
215 11 
215 9 
215 173 
215 149 
215 140 
215 78 
215 135 
215 170 
215 4 
215 8 
215 206 
215 68 
215 46 
215 89 
215 130 
215 121 
215 48 
215 204 
215 20 
215 28 
215 19 
215 168 
215 141 
215 80 
215 185 
215 122 
215 205 
215 136 
215 38 
215 105 
215 179 
215 201 
215 116 
215 42 
215 148 
215 129 
215 145 
215 14 
215 150 
215 119 
215 164 
215 139 
215 65 
215 18 
215 55 
215 40 
215 174 
215 45 
215 30 
215 208 
215 27 
215 72 
215 172 
215 22 
215 51 
215 176 
215 156 
215 146 
215 102 
215 197 
215 12 
215 192 
215 3 
215 103 
215 137 
215 181 
215 99 
215 107 
215 94 
215 112 
215 58 
215 49 
215 73 
215 15 
215 132 
215 207 
215 66 
215 194 
215 83 
215 25 
215 90 
215 44 
215 17 
215 43 
215 209 
215 5 
215 199 
215 157 
215 52 
215 213 
215 34 
215 211 
215 61 
215 124 
215 2 
215 104 
215 71 
215 162 
215 111 
215 143 
215 39 
215 155 
215 84 
215 77 
215 88 
215 101 
215 182 
215 180 
215 76 
215 54 
215 159 
215 203 
215 98 
215 81 
215 138 
215 127 
215 147 
215 126 
215 210 
215 186 
215 144 
215 171 
215 57 
215 96 
215 67 
215 212 
215 158 
215 200 
215 33 
215 195 
215 91 
215 0 
215 21 
215 1 
215 153 
215 87 
215 10 
215 118 
215 16 
215 115 
215 165 
215 160 
215 198 
215 109 
215 167 
215 152 
215 190 
215 56 
215 59 
215 29 
215 47 
215 110 
215 95 
215 151 
215 36 
215 188 
215 184 
215 50 
215 74 
215 82 
215 108 
215 183 
