0 202 198 98 215 249 107 179 124 78 54 208 195 235 283 9 163 176 263 118 117 258 268 64 74 275 280 276 4 189 251 194 257 144 135 11 114 10 240 92 111 168 14 77 150 26 279 123 49 227 82 7 3 75 174 58 99 142 104 113 5 261 166 138 159 209 31 285 212 233 44 89 20 177 24 160 205 132 125 265 33 274 53 161 120 2 201 229 165 169 16 180 66 217 245 37 271 184 230 273 172 27 183 250 134 288 81 80 218 170 72 19 286 152 221 242 101 25 294 223 196 200 73 86 62 61 231 153 256 45 115 84 95 136 8 282 278 130 267 187 18 191 50 133 291 146 178 126 162 96 65 148 232 
1 207 104 174 69 148 109 192 291 89 262 114 20 181 264 160 225 268 124 244 205 165 38 19 163 39 294 178 250 13 218 144 229 210 22 71 237 260 253 154 93 28 255 14 286 67 118 6 211 232 162 66 53 293 216 81 230 52 213 193 7 280 241 138 231 85 41 33 284 169 102 120 105 122 252 276 99 164 141 248 4 135 23 242 125 115 108 223 173 58 272 137 217 196 145 208 112 106 96 43 98 147 57 247 54 289 166 283 45 129 61 279 47 171 101 121 288 215 155 136 9 214 161 78 74 10 282 132 281 86 63 119 226 130 239 134 184 37 245 143 140 187 170 3 238 77 220 128 55 
2 235 229 255 246 14 148 58 71 137 57 111 128 294 12 260 277 84 280 215 293 4 261 73 102 36 196 214 83 263 136 130 119 92 286 208 181 233 159 186 188 117 185 91 25 23 99 153 248 145 241 169 238 275 237 34 65 44 27 174 240 89 8 54 88 140 134 7 220 163 281 48 265 0 278 292 63 197 142 146 90 161 227 87 6 28 224 168 259 150 250 165 93 167 206 239 123 125 95 51 86 141 69 124 192 290 160 269 194 270 217 170 284 289 234 204 232 176 191 139 31 114 254 76 78 155 154 37 276 121 219 72 242 267 190 216 266 40 22 85 251 82 198 112 249 283 67 
3 34 125 200 63 209 71 42 255 110 176 202 294 262 182 160 14 107 13 288 199 113 102 94 237 261 26 185 52 285 16 86 25 243 41 12 89 166 100 174 0 211 87 35 213 230 163 151 210 184 80 120 238 68 248 219 266 46 224 177 257 264 81 138 179 109 132 231 145 170 278 69 252 149 83 216 98 164 204 277 181 85 212 77 105 128 117 78 64 76 194 153 195 119 103 168 242 187 246 30 226 60 292 33 272 95 19 247 240 273 108 203 270 51 217 169 27 115 279 201 65 236 15 75 130 220 291 208 141 67 36 178 232 225 275 235 73 154 234 239 157 55 268 205 218 74 38 1 97 197 90 191 29 180 123 142 124 254 106 
4 25 245 274 172 265 45 57 283 277 247 58 291 182 96 217 288 168 22 46 188 126 0 121 197 88 23 2 64 209 164 232 186 35 107 47 137 140 203 233 218 99 84 228 14 142 187 61 239 145 293 177 134 98 67 8 7 174 255 238 123 194 165 19 108 237 155 91 69 221 266 93 153 1 257 16 114 241 192 29 278 56 74 261 206 122 104 110 117 271 139 204 80 214 180 60 269 130 120 78 226 156 20 208 178 275 21 176 284 220 215 169 231 157 75 287 144 89 11 81 158 184 119 195 196 54 24 100 282 39 59 270 200 148 101 10 190 263 249 223 66 133 252 250 262 28 264 205 115 175 
5 260 284 236 122 61 110 177 117 251 65 207 44 12 276 58 239 158 63 200 148 250 190 228 26 235 47 138 43 32 141 151 182 134 69 234 227 128 112 40 256 199 34 48 0 230 242 237 80 146 218 96 204 59 192 157 259 216 265 238 208 140 104 19 152 109 226 39 94 55 127 54 139 29 286 57 183 24 196 294 99 15 114 145 271 76 116 180 18 274 159 219 291 292 115 273 119 173 246 101 281 149 105 181 174 167 194 160 262 285 75 154 293 168 147 222 212 203 137 223 143 267 244 90 123 153 179 275 7 156 132 240 50 81 171 187 71 282 23 22 113 91 49 245 210 150 289 52 88 288 155 185 188 279 163 283 126 51 133 82 
6 74 158 101 29 196 204 8 237 88 292 45 138 222 86 110 12 92 233 111 132 146 125 123 220 47 280 113 259 172 19 68 163 112 147 266 217 97 162 201 199 286 197 243 260 1 95 77 258 39 227 62 9 194 65 218 11 66 234 165 230 126 22 181 278 17 224 20 55 212 175 210 18 191 167 263 215 94 41 67 277 269 219 15 82 129 256 119 2 30 246 27 73 205 80 214 72 51 200 93 226 23 251 289 76 186 136 187 198 16 60 84 273 128 285 290 56 272 70 25 26 24 120 171 130 13 14 221 107 169 271 104 50 255 264 232 170 105 254 203 75 99 42 209 7 276 98 
7 63 169 93 59 272 73 18 56 94 164 55 33 207 192 188 13 23 294 226 172 61 128 129 293 219 283 253 142 112 76 250 147 26 284 0 43 249 110 173 213 156 166 212 102 1 4 242 37 153 9 119 158 107 248 44 232 60 17 143 202 122 97 171 186 256 57 240 2 177 62 22 225 215 241 14 79 230 278 38 87 214 205 289 263 175 149 116 259 11 155 199 264 72 52 222 170 49 66 178 114 224 174 267 286 161 75 24 217 74 279 197 48 117 191 276 292 88 136 5 198 231 163 287 133 115 25 265 34 29 10 21 184 262 90 235 121 95 32 228 216 157 53 150 251 40 65 233 58 68 254 16 165 227 200 203 210 146 6 291 
8 195 51 76 220 202 194 6 86 50 182 137 65 9 186 238 196 84 55 13 31 24 272 46 83 33 209 104 257 118 287 92 108 93 100 248 280 27 212 124 291 61 159 294 239 85 292 157 243 131 173 116 32 285 250 102 4 187 279 97 225 141 152 29 2 249 15 138 109 134 258 167 60 267 169 234 39 262 68 132 204 67 91 36 222 166 98 52 213 246 223 146 253 175 25 172 170 200 75 78 171 96 252 111 153 211 185 226 28 156 164 162 125 231 17 43 214 265 218 261 47 72 123 227 114 87 0 215 94 34 176 42 120 64 283 56 150 130 163 11 
9 158 188 103 167 247 189 232 0 34 187 265 131 8 133 166 275 185 293 140 21 294 139 235 225 177 168 95 18 104 64 264 208 285 115 54 192 111 199 71 105 129 170 78 242 79 241 132 46 141 87 234 288 47 157 89 94 287 200 137 72 227 81 210 14 90 292 6 270 108 40 7 144 110 239 286 65 16 33 174 243 15 273 255 215 217 214 11 249 114 163 149 194 212 70 269 162 246 271 245 276 193 124 59 216 35 180 202 45 17 160 277 143 274 238 86 128 82 257 219 224 1 106 125 75 198 165 102 236 250 73 136 146 31 43 52 38 130 266 98 61 62 84 289 123 25 191 254 218 32 12 
10 129 68 115 113 23 255 282 36 99 241 215 249 262 233 258 149 95 158 263 216 60 273 138 254 131 205 79 107 152 132 246 0 223 224 219 52 244 142 252 84 49 283 247 154 166 86 179 175 111 35 272 12 200 275 225 240 184 269 63 274 28 45 120 83 16 185 234 33 155 176 229 220 196 102 141 204 123 72 284 57 197 156 59 89 180 167 119 135 137 108 74 181 19 103 265 64 140 228 93 217 161 267 173 136 237 146 105 80 124 218 280 70 259 150 65 160 15 261 243 11 37 201 226 1 46 7 39 42 24 4 121 32 130 51 71 144 18 206 
11 92 224 138 257 183 181 94 180 219 225 131 59 88 152 178 244 56 67 194 0 209 188 270 275 187 133 19 166 289 147 89 18 108 128 163 86 157 15 139 261 72 279 159 256 170 211 120 149 6 291 49 87 232 110 185 234 122 260 176 280 179 105 127 168 174 162 293 134 113 111 140 150 55 198 274 115 28 84 192 53 158 9 199 227 33 42 129 276 277 25 52 288 7 258 208 90 142 231 102 40 124 121 238 43 48 210 207 213 167 85 191 119 196 17 116 31 58 186 4 132 235 10 282 161 79 118 222 285 230 16 200 153 73 30 272 95 262 281 51 240 8 
12 164 258 165 251 24 185 55 105 220 211 241 112 247 5 45 235 167 289 91 6 2 52 23 288 81 180 34 183 290 201 131 84 206 58 92 65 184 243 205 178 104 182 144 33 271 96 138 72 3 30 99 260 191 155 85 119 181 10 19 97 77 216 219 277 265 152 250 126 13 223 54 79 169 120 98 173 49 268 267 150 124 274 214 100 200 82 225 283 51 213 154 186 228 40 128 20 89 42 127 109 217 56 38 159 114 192 111 132 70 117 263 160 224 83 196 233 36 14 122 60 149 53 64 244 203 282 291 232 148 257 28 141 209 75 116 193 39 129 74 90 229 151 115 43 88 26 163 101 249 135 9 
13 48 274 232 230 51 187 14 162 104 124 66 59 129 43 70 76 25 205 3 7 8 67 26 103 226 134 1 47 266 208 177 128 92 115 244 147 251 79 108 109 272 113 216 207 99 254 248 263 253 195 148 73 157 116 38 264 130 199 284 32 64 12 194 98 277 62 192 90 173 17 42 178 262 265 258 206 168 139 256 219 222 69 235 245 252 56 111 202 133 268 140 150 122 249 61 283 286 189 241 107 164 31 225 203 85 152 49 166 146 170 24 23 201 182 190 281 214 292 37 71 112 158 220 118 209 180 100 29 126 18 215 267 46 74 6 210 97 131 40 246 86 185 237 19 238 154 58 221 91 45 290 231 27 
14 141 273 212 56 148 195 31 217 2 250 13 168 220 133 77 203 74 98 3 135 150 222 193 290 40 266 287 224 240 149 57 71 263 0 146 65 109 276 1 64 159 69 4 158 125 211 95 231 68 169 9 166 134 267 160 67 99 131 291 216 66 28 152 145 62 170 237 173 214 41 282 142 7 269 242 136 292 227 230 186 209 82 30 50 42 198 39 262 194 147 32 51 294 34 144 185 264 46 277 113 163 12 200 22 153 81 76 275 121 233 252 18 244 189 188 6 116 61 83 107 283 58 265 137 205 108 223 225 175 199 165 255 15 183 248 190 289 127 101 
15 214 215 98 91 200 163 119 240 221 225 51 131 132 227 293 291 187 21 110 63 58 122 126 129 40 217 242 143 89 244 173 206 88 209 287 31 96 175 157 146 43 168 55 11 180 19 81 101 116 71 289 285 138 169 93 127 277 278 229 67 155 290 142 68 292 25 42 170 34 276 130 159 35 86 16 222 208 80 9 22 8 27 253 195 233 236 213 139 79 161 238 6 95 243 190 5 106 118 26 62 219 286 107 70 125 85 193 282 271 260 78 250 113 191 261 77 186 33 137 199 83 109 61 117 210 65 181 184 144 3 10 256 156 288 38 87 269 211 228 99 176 66 128 82 50 149 14 237 171 274 257 115 241 273 103 
16 206 98 255 30 191 287 158 36 260 134 211 230 138 273 122 218 115 102 97 210 76 159 293 129 21 28 142 54 3 282 184 172 112 25 80 161 86 88 157 113 270 160 227 103 52 78 267 162 207 141 10 226 77 290 104 200 37 9 107 15 231 128 190 279 193 236 39 4 167 61 75 27 183 171 166 0 41 74 170 145 47 38 84 117 58 249 234 23 95 94 55 239 224 257 110 33 99 252 69 240 202 118 6 271 143 228 114 179 93 68 242 65 278 275 20 34 283 155 164 268 11 136 135 106 91 120 241 79 131 294 197 49 7 64 214 261 285 225 17 195 100 215 217 
17 40 156 28 290 221 92 244 103 90 102 86 180 181 57 257 254 19 287 138 246 144 226 41 206 128 84 173 59 192 219 80 196 125 186 167 104 266 74 48 197 29 159 72 140 158 30 184 267 95 118 179 212 177 172 100 277 114 137 163 20 81 275 89 175 6 222 7 237 208 13 278 76 271 185 22 49 23 166 199 236 108 99 251 117 130 161 220 68 149 46 164 53 65 122 203 87 27 293 285 9 24 147 55 273 79 115 135 193 71 98 8 11 292 215 252 124 154 119 282 280 91 38 75 284 209 132 256 31 134 42 288 191 211 61 70 157 248 276 239 262 265 136 286 106 16 183 281 234 264 
18 142 45 241 208 117 187 108 23 231 7 294 253 224 180 214 74 100 264 165 258 135 28 164 190 270 277 102 60 9 207 170 290 218 11 176 90 284 285 128 249 242 86 233 54 188 273 81 91 51 111 146 145 41 235 211 274 278 272 95 252 114 19 268 63 248 32 50 120 47 6 201 97 127 169 287 282 24 232 286 109 122 246 229 110 158 106 85 137 21 212 5 64 275 243 271 189 79 178 153 215 228 59 22 118 237 38 136 210 260 263 199 281 220 177 191 234 225 62 222 14 94 113 13 240 37 206 265 204 292 217 182 72 35 125 49 255 0 104 77 140 10 65 
19 248 57 88 58 181 105 273 257 285 209 83 199 21 95 89 17 1 272 251 116 145 241 221 108 167 42 229 183 6 186 223 11 276 168 174 194 277 81 243 268 286 55 110 70 44 271 15 12 122 255 230 69 62 154 61 117 132 37 177 39 18 244 64 5 4 188 224 77 43 27 219 281 202 291 293 115 127 130 178 135 164 46 148 96 207 218 198 10 150 54 258 26 3 274 159 66 147 173 216 24 40 82 172 206 280 112 0 197 140 287 28 294 176 104 265 201 72 93 50 242 124 246 233 231 90 165 261 170 225 249 269 125 142 59 60 91 109 84 156 13 195 169 171 157 288 179 
20 88 176 131 124 86 162 57 77 106 1 208 175 45 221 81 32 62 196 207 53 104 169 21 232 47 41 292 179 218 63 105 262 28 156 23 188 286 234 170 155 100 160 147 259 39 281 121 153 182 75 159 78 49 204 229 220 17 223 0 33 276 37 202 6 141 215 123 126 285 64 60 70 241 99 271 38 243 92 203 192 34 149 12 79 267 227 132 140 116 284 122 191 4 174 115 224 119 44 189 166 244 30 26 256 151 280 120 178 278 144 214 274 264 127 52 236 268 89 16 225 56 258 290 173 157 257 195 136 254 251 185 206 94 35 71 240 261 209 107 138 91 139 216 
21 277 266 250 171 279 69 245 248 170 83 293 274 133 44 138 198 158 19 77 135 276 216 15 230 258 9 37 190 141 20 70 184 244 207 16 119 32 161 124 157 62 222 128 175 57 28 29 25 86 211 260 241 265 145 194 39 284 88 256 227 232 73 142 115 121 263 231 192 116 270 64 269 174 223 234 45 130 208 36 42 251 78 95 109 203 243 182 290 56 43 191 147 99 221 199 162 117 281 18 60 68 76 167 183 173 239 205 118 195 4 268 212 155 153 105 58 46 126 85 148 75 235 261 24 280 91 107 159 213 272 55 275 52 51 74 7 90 176 209 215 283 224 154 168 27 186 87 165 125 292 26 96 100 197 
22 231 200 265 175 216 137 4 78 34 121 149 127 206 156 244 144 198 199 214 208 91 229 212 248 277 112 258 240 172 1 239 269 155 86 181 148 266 141 203 287 77 183 58 256 133 64 261 28 157 282 140 37 68 225 56 186 69 292 124 29 6 111 286 48 254 189 51 192 120 130 197 150 15 93 290 237 7 255 135 129 17 84 153 190 224 227 105 207 119 168 32 65 132 184 18 82 85 107 233 213 220 210 238 55 274 92 191 173 259 47 226 167 136 123 14 117 43 31 162 146 219 284 80 263 116 187 221 5 103 222 145 94 42 61 109 97 264 126 223 257 288 2 215 72 169 196 79 99 230 
23 283 173 151 112 10 287 81 18 268 82 171 102 280 119 274 207 12 7 76 145 4 184 71 219 20 53 182 25 279 172 137 87 235 211 215 2 193 153 123 271 48 91 228 98 261 205 170 169 69 61 63 208 78 117 166 290 118 120 275 155 122 111 101 29 149 41 143 1 80 210 17 99 233 240 33 139 251 130 146 125 291 127 187 85 124 16 40 144 264 28 24 220 278 77 95 260 115 161 285 110 212 126 49 231 289 104 6 156 136 190 13 165 284 163 55 58 282 131 88 245 293 66 56 57 272 256 116 188 50 225 30 158 5 51 257 178 36 195 244 38 42 230 52 
24 75 98 131 133 92 12 212 210 28 84 270 116 249 106 37 197 39 82 274 218 44 293 47 115 96 260 8 217 219 147 134 99 159 238 50 105 63 235 230 95 35 289 128 202 126 287 246 199 161 209 151 245 165 148 52 237 288 152 220 90 64 61 234 150 179 269 195 155 27 182 196 233 0 167 264 188 71 164 169 87 132 18 57 257 102 49 239 48 66 53 180 5 198 275 166 129 154 291 23 51 145 163 162 86 205 281 19 265 25 26 40 108 17 278 7 243 13 138 255 41 248 236 174 21 280 190 139 206 253 113 6 172 231 4 112 267 124 10 189 213 204 55 45 110 36 215 73 247 177 
25 269 4 123 210 36 152 173 267 99 72 226 278 27 34 96 13 222 104 228 91 133 132 67 233 63 77 259 3 21 23 16 253 76 124 86 39 266 52 130 2 154 270 37 90 248 234 229 230 236 183 193 209 101 156 159 38 15 110 252 81 179 142 153 180 125 211 148 64 257 284 61 225 165 95 212 215 107 163 42 33 147 11 150 247 158 254 103 141 214 177 113 187 8 24 258 218 58 178 102 194 242 290 261 105 0 280 6 256 171 98 145 276 146 7 55 44 155 239 277 131 143 170 79 70 111 246 74 190 56 160 87 213 172 126 245 129 149 224 9 283 84 88 
26 185 115 271 130 32 229 171 57 209 186 128 70 44 120 145 212 124 151 199 13 127 135 119 5 256 274 293 250 144 102 243 3 142 196 138 166 251 200 33 41 0 95 281 7 43 290 285 111 213 89 193 173 114 278 233 168 65 253 287 72 239 190 260 150 49 169 141 291 110 83 177 140 113 118 73 56 160 216 282 117 207 98 249 261 242 15 123 67 198 187 257 183 40 197 19 201 48 174 275 227 35 24 20 29 252 125 152 133 179 96 182 50 6 170 112 247 228 136 279 218 84 146 162 204 147 36 139 94 167 292 42 21 63 12 284 68 129 248 235 258 31 215 
27 290 138 42 47 248 244 205 284 71 171 292 113 182 146 25 189 178 260 72 220 116 204 53 188 200 66 48 32 127 185 111 34 228 251 246 287 256 241 219 238 275 114 58 8 151 122 213 137 68 124 243 103 97 266 80 117 92 75 201 164 108 24 83 76 70 179 212 41 203 2 175 152 52 140 19 15 142 159 107 233 252 232 155 16 61 217 225 94 153 110 221 173 6 0 274 237 209 166 17 150 45 226 267 118 154 49 161 3 282 263 60 286 202 167 215 257 79 242 271 291 261 186 100 21 216 33 112 239 192 73 224 91 130 13 191 123 95 
28 38 60 17 130 136 178 110 144 24 132 51 96 102 45 168 247 82 251 63 206 122 41 55 35 74 246 140 73 18 218 238 88 141 219 31 20 272 16 142 187 143 201 198 107 21 29 91 155 1 275 285 32 70 162 261 85 287 269 148 171 146 118 22 254 10 259 188 126 135 113 151 294 121 128 14 111 47 68 86 222 62 278 11 48 165 129 109 235 236 72 125 64 160 83 2 202 181 123 196 23 101 284 159 207 205 150 154 289 78 36 152 213 19 30 108 106 8 179 212 137 161 169 80 71 39 104 252 264 43 12 87 57 44 75 100 183 95 185 245 133 231 92 221 230 204 237 271 4 59 280 61 
29 68 44 6 160 193 183 71 70 49 47 168 42 184 210 211 111 164 62 218 140 94 261 227 265 113 56 241 88 82 80 116 115 228 32 57 243 281 202 152 21 28 74 67 153 17 215 209 180 173 203 267 294 144 85 163 192 226 224 101 103 146 151 109 242 214 201 258 22 149 131 120 284 8 122 119 102 126 207 244 23 5 34 282 4 38 130 197 199 198 205 30 159 75 81 277 177 266 251 158 204 178 105 155 139 31 250 121 84 236 93 171 128 208 26 247 50 60 195 165 136 145 13 286 90 275 114 239 87 110 259 7 107 283 54 104 188 255 288 176 219 254 135 51 293 257 245 289 292 132 238 253 233 162 3 77 
30 260 55 32 293 156 16 59 230 103 287 239 173 256 140 165 167 76 267 133 183 41 33 161 45 160 207 171 148 246 208 84 137 122 111 277 12 132 64 265 166 17 232 258 53 210 168 130 37 49 146 101 209 164 203 127 99 192 197 200 216 163 191 91 196 235 180 224 234 47 238 249 211 237 264 190 29 14 201 126 100 139 81 38 94 288 135 74 6 3 289 141 214 48 80 245 195 272 142 82 20 253 40 28 67 66 75 177 134 269 44 294 291 215 278 107 120 79 65 23 90 145 86 176 227 89 110 11 262 71 217 114 159 57 252 151 254 212 83 149 93 
31 47 176 14 257 182 262 212 78 177 188 141 249 183 271 54 37 166 227 8 121 122 283 95 66 244 206 62 28 144 81 82 102 96 15 280 143 103 108 142 224 245 52 112 185 99 250 87 284 92 0 147 48 172 157 101 49 164 272 46 76 168 261 264 100 128 149 219 218 229 55 130 233 134 73 259 114 160 36 251 268 105 269 243 240 189 228 152 98 65 292 220 156 279 13 110 195 29 162 184 194 221 239 131 67 38 230 22 11 198 270 276 2 129 265 83 17 44 204 255 167 180 124 9 137 41 60 211 140 136 26 169 
32 50 47 148 201 78 30 156 26 83 221 155 227 274 62 246 166 216 241 272 20 200 58 37 145 27 288 111 29 178 21 256 56 139 97 118 51 5 217 48 147 74 28 49 207 278 223 53 95 63 191 8 251 13 167 96 38 162 263 176 135 186 18 250 55 214 61 128 279 46 140 219 179 104 151 184 171 160 242 249 281 182 168 22 14 158 137 203 146 231 189 283 226 75 89 35 208 211 52 257 287 169 54 236 131 44 267 173 101 255 291 190 198 70 99 153 185 86 225 79 164 124 261 286 141 84 119 40 134 215 174 65 165 121 7 197 175 235 73 41 258 180 10 269 248 36 33 9 130 
33 39 129 154 186 179 273 142 139 65 7 285 127 144 250 283 172 133 166 47 228 272 143 135 224 212 62 294 8 30 236 118 170 148 26 84 12 216 60 223 74 85 130 113 97 121 183 49 71 242 57 38 110 206 10 140 128 1 109 289 187 20 123 145 152 76 260 9 0 54 257 245 150 48 171 237 225 75 204 259 267 25 23 11 52 227 191 192 197 56 78 278 3 286 112 252 208 274 59 61 240 151 254 16 15 232 205 119 185 235 262 120 146 36 161 137 34 248 64 168 126 275 156 96 293 202 35 269 291 136 243 182 89 157 40 178 288 63 221 210 282 199 27 165 180 50 124 181 184 214 213 99 249 32 203 103 
34 3 100 230 163 271 249 127 164 219 248 9 128 48 289 84 236 22 81 98 213 25 124 12 270 95 211 162 259 290 237 294 118 99 27 275 49 267 171 264 187 103 80 226 65 77 75 140 94 51 229 193 56 5 82 201 126 92 2 107 166 135 188 101 72 134 60 15 255 63 178 68 91 129 121 116 200 143 29 62 96 231 260 76 142 207 122 146 87 276 20 214 160 223 46 242 194 179 186 14 283 125 189 192 252 228 61 250 106 53 195 33 157 41 278 185 265 54 130 218 269 190 210 38 279 16 215 7 234 123 138 36 159 272 109 232 8 241 183 247 152 280 184 83 293 274 287 114 209 
35 201 289 263 191 255 79 114 28 36 78 81 272 53 51 95 132 74 287 235 143 211 234 253 174 185 203 4 24 216 151 257 206 166 269 231 10 3 250 173 66 154 140 209 37 222 182 292 40 138 192 82 105 172 248 158 15 88 254 129 54 124 268 230 288 178 45 44 104 80 63 86 275 70 243 55 49 103 184 89 204 183 113 121 221 195 72 131 176 87 156 218 279 9 38 47 212 98 247 26 108 265 32 65 111 109 101 57 73 244 48 194 58 141 33 159 199 94 90 214 256 171 200 260 276 280 137 162 157 126 61 150 217 142 75 267 18 148 180 20 252 
36 202 71 43 118 159 25 10 228 273 138 201 16 48 293 214 166 70 267 183 76 42 95 192 185 139 270 232 35 156 176 249 37 279 292 69 275 59 154 288 144 2 137 172 147 120 268 122 271 259 225 175 239 277 289 153 257 223 104 109 46 220 66 148 141 157 129 142 211 196 237 21 246 77 242 226 276 81 251 210 108 224 143 269 146 209 250 55 255 178 222 86 253 47 31 45 126 163 278 8 285 234 244 91 230 128 252 290 265 28 188 78 72 264 221 56 12 33 179 53 133 227 40 112 101 62 266 217 74 96 44 3 119 164 219 260 34 194 60 131 26 23 24 155 103 283 287 213 64 167 99 32 79 
37 278 198 205 152 285 107 42 96 155 24 161 46 115 79 251 178 111 271 92 260 31 49 183 67 36 32 254 21 272 172 228 187 151 108 294 203 214 91 213 44 88 103 262 100 78 159 238 61 258 94 199 109 142 25 35 30 186 235 128 22 221 123 89 7 276 71 58 51 19 200 63 136 116 20 16 179 153 75 190 209 225 147 194 267 39 246 41 66 163 127 265 165 119 139 45 74 208 292 158 104 280 0 176 288 167 256 101 177 57 266 82 255 188 138 124 263 98 126 226 289 290 233 93 40 13 201 242 121 247 227 48 273 135 10 259 18 281 87 141 55 217 146 2 122 133 293 215 130 76 43 1 162 185 106 132 80 170 270 283 
38 28 278 47 206 49 247 66 64 1 105 249 203 239 81 158 122 165 59 273 68 112 277 189 63 91 109 221 84 102 217 235 144 276 187 104 123 287 53 13 275 86 186 140 243 32 33 282 73 25 60 260 76 283 263 83 107 289 164 48 61 258 155 29 209 199 284 82 118 132 20 237 89 77 7 159 124 30 16 279 40 134 114 201 101 170 152 12 51 115 224 92 120 100 205 98 161 94 96 18 35 256 150 31 111 245 142 179 145 69 93 180 15 244 231 17 135 214 259 148 34 71 222 141 90 223 198 9 208 146 173 216 288 197 65 62 188 88 23 3 137 184 195 168 162 130 
39 217 33 179 88 43 256 253 140 198 156 24 258 83 268 157 288 89 1 234 71 240 48 254 41 245 284 98 190 270 220 209 236 224 21 25 164 108 106 169 267 243 57 184 20 183 139 123 86 6 132 182 215 100 165 51 223 210 118 241 196 261 202 19 294 174 244 93 5 110 135 117 231 239 247 143 154 178 75 16 228 290 85 214 44 37 208 8 90 227 138 121 151 281 104 95 62 54 14 159 122 218 112 276 293 274 246 126 102 235 181 45 287 189 103 56 248 96 59 167 283 63 237 277 194 91 28 46 116 53 229 226 222 148 264 4 200 249 10 206 12 80 230 173 127 78 124 259 142 107 271 
40 17 255 46 275 261 197 294 246 122 172 208 156 79 133 188 247 202 239 207 14 236 250 181 244 15 75 284 252 200 66 240 45 271 231 47 163 218 109 214 134 127 155 161 5 253 184 96 266 192 41 264 195 54 168 130 257 35 88 56 276 223 9 103 71 282 151 84 118 249 121 152 69 201 157 216 137 158 61 63 53 265 113 12 209 38 211 105 43 23 173 272 138 213 26 171 144 11 19 270 24 30 145 248 274 263 37 219 78 225 48 36 164 68 226 99 140 115 232 52 33 176 32 13 293 182 91 7 132 254 2 215 49 198 179 100 108 70 165 
41 233 247 289 164 68 264 181 178 234 28 241 271 104 270 94 90 43 120 277 244 74 54 20 17 276 57 279 86 175 39 291 190 71 208 30 226 140 26 161 3 83 72 84 48 76 261 65 199 243 100 40 186 159 89 157 145 286 287 183 202 118 266 1 292 18 130 27 220 91 126 148 85 87 231 97 214 14 23 245 196 169 269 195 284 166 6 131 37 134 112 137 237 280 16 158 93 239 232 95 101 174 70 177 111 275 205 182 64 58 61 201 200 281 24 224 80 263 34 154 252 156 63 42 116 268 223 122 230 115 221 222 211 254 139 60 170 31 288 32 206 128 136 69 51 215 172 99 
42 215 27 256 282 148 3 149 115 37 228 158 29 165 36 44 192 54 258 262 211 217 247 209 81 159 175 265 70 19 72 245 96 203 207 173 144 88 277 107 241 62 268 52 223 153 212 162 53 250 208 151 257 15 21 271 248 129 114 117 61 13 59 105 176 284 172 60 186 142 95 157 278 292 134 45 188 98 273 79 126 123 75 280 25 77 197 11 196 226 184 189 83 14 185 12 193 57 253 233 108 224 73 180 213 263 51 279 171 230 283 236 113 90 272 120 252 99 200 240 41 204 218 237 169 267 58 170 17 112 55 101 89 289 132 10 160 22 222 47 133 150 140 69 260 8 274 227 154 125 82 214 26 6 178 269 264 23 87 235 
43 171 259 36 95 264 84 78 157 61 283 156 39 161 250 13 81 41 88 213 278 194 130 248 94 196 240 5 251 115 77 108 198 26 15 137 185 293 175 63 179 7 96 232 59 148 112 167 114 208 246 168 281 153 189 163 238 279 294 129 292 273 66 258 147 285 277 187 71 19 122 228 200 263 120 21 244 92 89 117 255 160 284 265 142 140 121 290 40 103 131 151 289 86 72 188 80 1 271 237 67 11 216 191 274 234 183 165 205 48 22 219 8 58 127 79 270 55 221 218 56 28 109 224 49 90 150 9 176 162 207 104 37 164 50 247 12 144 229 193 222 
44 209 151 87 125 142 56 29 190 197 130 5 105 21 42 177 247 26 24 106 179 283 84 183 257 227 88 198 233 148 277 95 129 225 253 93 169 89 175 136 187 160 276 271 222 189 37 55 145 159 223 251 228 275 245 68 186 118 19 204 69 74 210 196 135 239 164 67 234 126 261 212 219 59 281 294 0 2 7 229 285 176 264 63 45 215 185 101 78 191 144 39 35 266 154 213 202 250 254 207 218 174 265 20 274 156 231 83 70 230 75 166 57 201 193 30 168 32 150 256 77 96 188 224 25 36 31 165 208 244 259 28 286 163 216 111 49 203 240 278 128 172 206 91 47 270 
45 105 243 18 4 153 193 157 192 226 232 75 87 214 28 289 140 6 252 12 20 100 173 223 172 217 66 236 104 170 278 184 286 107 30 114 40 72 46 262 158 156 247 99 76 244 165 231 10 83 21 248 261 174 253 47 54 239 191 205 148 175 145 282 124 222 81 277 135 142 211 85 44 57 125 197 138 35 42 260 240 254 90 290 96 37 89 167 36 55 235 123 234 48 52 271 284 220 257 183 186 281 150 27 9 276 69 39 1 178 146 119 113 53 133 59 80 112 84 246 127 210 215 0 204 166 71 207 111 209 116 24 274 161 134 50 168 13 93 238 179 67 
46 208 40 215 150 146 240 73 54 72 289 37 4 288 284 151 76 265 85 203 219 178 92 8 210 81 154 67 62 74 292 80 184 45 125 194 260 9 36 191 128 66 236 108 237 116 164 283 277 127 3 270 199 64 176 198 118 200 162 181 31 242 201 153 49 258 234 142 119 83 170 159 32 232 149 52 19 106 17 48 250 117 254 256 155 257 78 34 189 193 224 212 124 93 21 214 14 105 264 266 238 281 100 126 272 132 267 252 137 148 99 273 71 156 39 249 53 177 13 10 285 98 147 114 187 182 115 293 282 129 152 230 275 84 
47 199 197 27 32 31 38 66 192 171 238 187 239 244 94 29 273 78 174 162 60 173 164 257 55 132 97 136 183 24 33 175 198 261 6 20 13 251 50 232 247 5 104 289 240 74 4 106 169 40 126 274 176 255 161 266 9 211 70 148 73 237 270 85 146 45 282 105 167 116 231 143 195 103 280 288 18 28 68 76 219 220 269 30 109 212 166 95 92 245 108 152 208 139 36 285 133 16 215 209 222 203 181 64 189 48 99 118 246 286 98 249 71 140 91 35 253 287 22 283 234 149 51 258 284 1 159 115 200 272 276 49 260 79 101 182 268 191 53 201 8 121 42 113 193 262 248 217 138 180 205 44 129 157 
48 13 199 132 191 201 55 83 275 76 51 235 36 165 204 49 34 253 280 158 249 193 65 152 172 288 112 27 39 157 63 178 272 92 174 175 285 32 17 190 99 293 53 41 231 72 257 5 84 221 220 281 232 23 212 100 107 88 200 197 256 233 195 286 31 264 127 252 98 59 22 211 69 181 203 87 38 33 171 28 225 66 2 24 283 104 119 71 102 143 85 46 169 167 277 45 194 109 47 57 184 26 136 282 207 134 30 64 75 11 148 217 216 278 7 121 179 187 209 206 106 35 43 247 50 40 224 227 141 37 250 260 234 263 239 61 120 241 78 67 218 137 118 122 79 93 273 155 147 123 114 89 108 267 
49 93 171 208 253 146 97 38 288 29 55 113 48 173 143 64 51 255 72 53 201 50 37 165 132 86 59 118 278 232 117 195 196 62 289 170 158 260 85 34 10 163 227 177 187 69 0 221 290 126 32 280 183 33 245 180 66 139 30 20 212 91 244 279 248 269 184 243 223 210 11 199 31 12 60 26 251 155 268 46 87 264 111 186 259 122 265 17 107 257 147 24 110 224 185 172 35 128 286 262 241 133 112 114 285 7 119 23 161 102 13 234 27 130 57 77 216 154 94 108 67 47 175 152 282 140 129 176 63 274 43 194 71 5 252 222 44 18 73 16 166 250 287 188 230 40 242 273 104 277 138 193 205 209 
50 32 240 291 232 144 109 221 79 8 65 222 69 139 126 216 153 49 261 215 53 188 58 265 260 156 47 24 132 157 143 158 278 86 264 238 263 202 206 210 285 193 67 133 235 239 62 147 128 83 209 149 214 274 91 87 18 138 290 293 190 270 230 175 96 155 160 204 115 186 61 116 131 60 84 14 284 271 282 174 258 184 51 114 88 74 219 104 233 93 95 180 111 254 171 90 54 212 195 98 19 286 48 236 82 29 26 70 5 63 23 268 110 108 6 252 94 102 231 97 15 122 43 33 167 45 0 124 191 59 113 99 185 187 273 177 
51 8 179 217 248 147 123 294 284 243 28 65 13 143 48 280 142 15 183 199 110 49 210 88 220 54 175 75 138 225 228 215 144 250 35 187 245 292 258 32 226 79 145 196 182 34 273 136 124 151 100 111 153 131 169 241 76 39 156 139 221 227 18 255 186 77 74 256 37 194 265 190 214 260 22 266 92 173 278 103 80 137 12 254 150 132 233 127 72 126 122 158 83 177 161 155 213 38 56 81 24 107 293 189 50 178 14 61 235 42 209 6 60 3 2 238 154 47 112 115 89 222 106 253 269 270 257 218 249 276 21 64 23 102 181 152 204 164 229 201 188 97 101 252 29 200 41 286 70 11 176 5 10 
52 97 275 94 179 81 133 185 127 250 157 174 265 282 246 77 57 269 70 159 191 12 188 71 111 123 67 156 149 291 236 196 59 193 273 209 221 3 10 141 267 95 108 99 292 109 78 167 131 25 93 247 42 205 153 16 24 31 85 261 122 1 270 242 259 243 98 90 110 155 190 260 180 27 206 233 103 117 238 234 84 62 277 217 263 239 288 208 199 46 33 11 120 216 285 83 227 7 8 251 56 45 204 60 231 293 237 126 32 114 290 106 218 225 61 20 184 224 241 21 132 40 158 262 119 235 96 213 5 9 143 152 162 82 89 284 175 255 283 92 212 229 230 148 294 176 23 210 289 
53 194 79 274 90 134 111 189 278 87 120 61 144 49 75 27 250 172 20 35 50 287 110 241 281 54 279 141 129 66 169 249 284 92 23 116 176 237 292 143 216 260 165 48 266 160 155 38 73 1 244 30 32 91 130 42 147 71 159 60 198 84 265 197 259 0 291 209 181 214 68 230 208 11 105 40 24 63 103 253 277 106 125 83 273 17 72 104 247 192 163 150 226 272 82 222 267 119 113 74 177 285 100 64 123 174 211 156 228 56 34 45 58 112 36 12 146 262 212 39 47 161 149 46 80 234 261 102 65 70 7 97 78 264 188 108 117 85 171 182 204 86 132 
54 152 139 96 162 160 250 0 140 46 93 264 42 231 92 58 51 252 276 181 31 248 158 126 257 41 206 62 173 223 53 104 169 63 111 16 85 226 129 174 247 9 267 81 211 236 59 69 74 79 197 118 225 18 40 294 124 95 196 45 178 12 176 123 115 262 65 233 220 33 2 5 35 199 121 168 68 287 61 75 219 213 230 56 232 288 272 39 102 66 177 166 19 107 91 256 87 218 145 261 1 50 86 67 237 32 110 72 240 253 201 34 290 133 185 122 204 202 183 109 4 246 159 80 117 275 198 29 113 270 131 164 292 193 136 203 222 210 101 161 73 214 188 
55 138 136 30 169 113 48 12 74 283 70 49 161 122 149 188 7 120 67 121 219 28 47 96 244 8 194 245 227 220 277 95 270 65 119 144 182 252 84 196 238 132 224 44 181 116 237 189 19 59 289 110 15 76 94 126 137 60 235 79 131 212 81 288 293 129 104 261 291 86 266 208 148 164 6 5 32 242 92 11 272 109 31 36 71 35 231 135 167 229 45 193 155 97 16 223 83 166 147 22 174 72 118 141 211 100 198 17 256 216 89 280 23 281 87 162 91 276 254 107 134 105 258 234 43 156 178 133 21 25 140 42 101 37 75 195 226 24 203 127 69 187 221 177 3 103 63 247 190 286 1 58 285 249 
56 178 113 157 144 247 44 193 149 205 14 94 219 258 7 76 282 222 198 215 237 118 29 203 211 11 194 88 69 85 216 138 255 212 173 32 200 189 102 81 114 92 187 128 239 266 100 171 208 181 253 72 265 135 34 73 223 167 82 77 287 40 22 231 218 86 204 133 285 165 192 74 151 75 164 245 89 115 172 101 190 242 158 21 4 26 202 65 64 184 13 274 54 131 119 98 84 33 150 66 12 51 134 71 284 251 52 240 254 159 248 110 246 270 61 97 59 183 36 53 99 140 39 228 109 195 6 129 214 145 142 277 269 116 23 209 20 43 226 136 139 238 268 156 249 259 250 168 25 283 206 161 177 153 8 234 155 256 
57 19 205 235 244 123 280 4 241 20 150 212 26 58 178 216 77 2 207 17 230 52 125 218 233 124 41 97 112 214 72 179 196 14 208 29 225 254 247 187 67 21 169 157 219 166 174 159 183 108 78 203 288 283 39 239 110 185 111 171 131 265 172 249 33 130 285 93 245 148 272 133 271 144 294 143 256 113 10 45 7 198 259 63 117 238 24 5 75 87 200 127 227 91 202 95 84 118 82 287 222 42 116 176 37 48 122 115 104 290 147 258 209 1 267 105 286 139 242 44 49 279 35 149 137 100 23 248 76 223 213 167 28 201 161 184 192 64 59 30 261 177 173 186 170 71 
58 19 103 243 116 242 233 219 143 4 220 121 261 2 57 216 5 54 284 186 193 32 208 50 166 12 15 230 67 262 196 198 294 256 27 263 105 78 138 248 215 156 77 285 0 22 226 124 277 142 273 139 114 37 110 134 280 200 64 106 231 80 181 71 94 98 177 189 291 85 150 63 107 96 286 68 252 16 1 175 69 82 115 190 249 140 99 271 218 148 293 183 122 228 79 109 41 21 73 25 164 207 289 90 187 108 146 244 151 258 191 53 227 23 170 35 43 11 61 131 42 255 213 204 192 83 14 112 257 7 176 144 214 245 201 13 224 129 137 267 203 55 92 239 
59 158 281 272 133 108 104 258 245 7 231 30 188 11 13 125 218 64 185 73 287 74 203 184 62 49 68 144 268 38 234 261 265 206 52 85 36 17 291 124 129 289 204 55 83 150 112 212 152 54 284 148 43 156 103 121 67 162 105 44 126 294 160 5 94 280 139 187 48 238 131 270 42 197 10 168 242 254 154 114 66 130 143 227 161 147 202 230 157 264 180 241 136 189 275 155 33 18 72 172 9 120 132 110 71 146 134 56 257 142 259 60 106 235 45 76 199 205 107 39 279 111 215 127 190 263 194 243 4 122 19 223 222 217 171 57 214 224 276 283 292 50 118 186 151 28 149 166 
60 229 72 28 66 167 65 290 98 124 195 71 92 47 252 244 104 204 10 100 80 154 135 177 148 184 191 138 270 243 242 162 155 18 288 94 293 271 274 107 88 238 249 267 33 256 205 250 219 207 239 150 118 284 55 168 201 268 188 179 276 53 38 34 49 111 7 67 82 87 281 85 83 42 20 272 8 197 91 199 125 50 261 86 79 174 170 4 95 257 21 3 263 133 220 63 158 51 52 134 212 234 90 160 93 185 163 202 97 59 286 287 6 114 192 145 12 27 189 81 291 131 29 140 172 126 101 152 210 273 61 206 147 127 19 69 151 173 36 41 89 31 260 62 96 222 122 110 200 226 246 
61 173 151 5 65 159 160 165 43 275 80 239 117 227 294 53 126 279 289 217 191 7 84 112 223 114 251 95 109 258 141 272 276 148 240 70 138 242 37 8 206 199 4 273 271 24 125 94 274 73 76 181 123 19 253 171 146 139 228 107 226 184 23 202 186 224 42 99 32 25 156 38 16 40 71 50 262 102 27 54 66 282 178 152 115 13 124 263 33 120 51 108 208 147 85 34 41 246 15 56 214 192 153 1 277 284 255 134 211 77 103 98 52 75 58 264 287 60 161 0 200 149 221 48 203 83 169 17 14 233 100 35 205 22 9 67 250 249 128 238 127 189 63 209 180 28 74 236 
62 87 128 209 91 155 217 182 171 94 254 32 235 78 193 196 29 292 143 103 176 86 20 59 201 71 135 139 54 200 294 267 273 49 31 33 146 21 149 222 156 46 170 238 82 184 75 42 203 127 96 247 262 214 6 253 110 19 50 218 13 245 117 260 14 151 256 65 261 123 66 76 204 251 28 7 288 52 34 287 100 227 84 148 282 140 293 130 197 39 15 205 219 174 131 199 202 158 258 122 163 188 125 281 195 72 18 271 36 257 97 0 79 153 212 189 226 270 243 120 93 111 242 166 38 60 9 240 101 237 186 215 185 
63 251 7 3 246 213 292 280 79 232 96 141 203 267 128 191 28 151 175 196 137 5 294 233 126 68 149 15 207 164 101 20 89 100 48 54 25 93 210 147 24 218 85 38 94 178 230 166 249 73 148 223 221 215 189 123 179 43 279 163 124 177 10 136 32 199 216 82 135 165 159 143 171 190 265 119 158 111 268 37 238 88 18 241 34 287 23 106 227 44 266 57 114 75 78 194 40 35 53 242 58 2 201 174 103 234 240 146 84 81 122 169 269 160 214 173 64 138 76 69 170 281 212 91 258 257 60 72 155 105 80 197 125 283 127 66 293 276 284 41 39 116 235 256 50 231 184 270 49 237 153 183 1 33 131 288 209 77 264 206 228 132 289 55 26 61 120 225 245 
64 69 115 162 260 173 226 215 220 121 194 249 125 213 99 78 261 49 0 59 176 128 111 38 289 288 190 85 227 136 262 209 4 147 290 9 95 132 266 279 218 197 232 14 102 134 214 77 30 287 139 83 24 22 291 275 195 21 148 143 182 13 247 154 46 19 171 169 58 79 25 112 118 177 152 253 20 293 84 100 207 142 56 113 245 3 241 151 28 137 117 200 94 259 211 161 18 202 47 135 282 73 141 63 149 86 10 188 41 185 53 48 231 164 150 267 33 110 210 170 246 186 12 179 237 66 119 88 204 51 71 203 239 57 156 183 16 8 36 127 242 
65 235 92 100 216 61 77 60 51 271 254 50 5 89 33 197 168 8 48 288 72 248 150 119 290 259 194 246 284 87 223 12 126 178 161 139 106 188 55 241 292 232 14 191 183 34 138 123 41 203 291 208 255 122 270 6 94 26 96 2 218 249 174 283 54 147 62 9 245 98 144 207 165 247 56 163 113 131 192 116 214 179 75 240 221 115 17 70 22 132 31 202 162 181 105 276 78 282 85 155 107 222 145 15 91 35 111 293 80 81 206 190 182 101 3 68 136 10 265 71 76 226 86 210 228 135 16 30 229 90 211 114 32 175 53 212 234 110 38 7 201 272 186 0 18 169 
66 60 47 188 104 74 223 127 13 157 113 226 38 264 271 168 282 111 89 27 31 45 216 291 234 115 94 108 209 263 53 194 87 131 250 213 40 251 280 253 221 187 217 256 169 35 119 153 214 1 199 49 46 88 128 258 36 238 219 232 101 86 266 6 142 116 218 14 158 269 239 147 43 145 161 62 196 139 75 99 154 290 193 48 24 246 72 242 37 61 180 160 59 166 0 225 224 183 56 286 69 156 195 155 54 102 198 267 19 220 7 84 274 30 63 243 275 241 259 130 257 292 148 230 260 97 64 23 92 174 70 191 211 71 262 159 15 134 164 235 293 184 4 83 150 144 289 
67 235 218 214 198 284 105 160 151 185 267 74 55 241 137 178 172 191 13 37 176 175 52 163 11 208 286 25 181 180 58 138 57 182 277 46 274 29 257 159 258 206 1 113 201 122 141 271 183 228 150 59 289 190 93 44 170 50 219 4 14 15 294 205 106 86 131 129 222 211 154 249 281 244 278 60 216 259 78 285 290 110 6 251 118 252 197 82 225 293 117 196 247 103 195 95 282 8 240 72 275 26 96 266 292 73 127 92 120 43 80 97 30 242 174 31 54 157 167 184 89 245 169 209 291 49 236 125 261 186 179 3 199 265 48 115 128 280 161 168 287 61 158 162 204 87 114 135 231 83 200 153 273 276 2 262 45 
68 95 29 10 236 41 221 133 291 69 196 268 87 280 63 240 89 82 273 177 135 59 185 252 38 120 6 250 192 284 122 44 199 165 27 93 3 247 70 154 239 14 187 101 281 256 105 22 206 76 124 201 99 15 279 245 229 225 128 203 227 34 138 47 28 263 149 176 129 266 84 53 54 212 172 233 231 118 8 17 112 194 58 91 152 153 21 88 258 103 275 119 242 125 85 140 294 106 234 162 228 100 255 205 145 190 77 210 81 226 179 75 184 65 168 169 189 16 73 86 40 137 117 151 72 130 270 148 197 217 198 164 110 251 219 214 180 289 223 269 7 167 213 232 200 288 94 208 26 139 211 238 
69 64 182 1 177 21 75 50 78 68 202 132 80 91 158 56 234 36 203 90 127 243 87 261 263 171 162 196 85 277 278 185 283 197 194 195 112 5 100 49 276 178 14 174 114 281 293 44 159 256 223 145 54 172 117 104 152 95 252 193 102 291 109 19 169 289 153 22 206 123 122 125 126 23 48 264 3 204 119 4 282 40 239 220 222 173 269 244 279 13 217 139 161 181 247 107 96 150 210 58 66 92 157 228 63 254 130 146 176 262 280 272 16 45 273 2 249 226 225 213 237 83 218 38 113 192 97 235 135 224 148 131 219 140 77 115 60 211 120 191 187 286 55 42 41 144 94 168 166 
70 260 248 228 241 94 29 75 55 148 36 26 287 220 76 13 237 97 52 116 286 115 252 226 169 157 21 229 275 105 114 42 215 244 206 235 239 101 28 207 61 19 72 199 120 96 158 134 195 152 47 68 125 100 257 131 217 86 196 27 146 135 236 109 144 85 272 73 159 20 147 227 143 255 35 102 285 212 150 91 280 138 9 41 221 149 95 15 65 264 253 176 104 12 273 124 203 137 141 164 278 44 247 155 174 167 10 145 243 201 98 265 233 254 106 103 79 6 50 32 289 240 156 66 87 170 71 267 222 200 119 17 269 25 118 93 53 89 188 292 256 183 191 51 162 281 173 246 210 40 
71 211 36 159 3 276 29 214 27 126 247 60 2 218 246 103 264 257 77 155 180 52 223 187 62 165 39 127 258 143 134 41 14 173 163 23 1 226 278 268 216 254 250 9 142 151 120 81 108 33 116 15 160 146 137 292 199 75 169 202 156 224 230 37 86 53 201 203 144 40 291 232 231 121 122 175 58 105 43 24 89 93 239 269 61 206 55 282 96 100 84 207 48 109 241 56 204 186 74 47 255 253 192 59 184 263 179 164 124 13 17 133 132 65 237 170 98 28 178 46 238 38 5 70 66 208 168 129 125 78 198 215 49 147 45 280 64 83 145 30 20 92 270 217 10 57 
72 243 60 219 117 227 277 237 273 278 148 179 173 124 83 185 201 139 262 46 293 25 207 234 49 163 27 144 98 90 171 65 146 142 276 88 76 57 123 42 241 209 238 264 257 289 192 159 45 12 160 41 170 158 246 70 17 161 224 48 56 203 11 9 260 104 280 186 284 202 183 204 26 157 34 132 99 239 240 74 10 162 154 230 138 95 217 229 156 118 275 66 102 151 182 51 223 28 263 232 255 92 149 213 67 205 53 35 7 282 235 181 221 59 194 43 177 82 6 0 63 105 55 36 251 147 84 215 271 175 265 62 220 19 109 250 54 150 274 267 68 254 206 281 233 268 8 75 253 2 135 18 97 129 279 22 258 119 261 85 130 
73 256 191 117 83 202 7 201 46 114 172 179 280 75 59 261 28 209 254 154 2 123 160 189 255 219 291 63 86 137 148 80 244 21 283 13 53 177 273 56 47 272 194 61 235 95 38 94 289 77 230 116 166 127 274 262 192 210 70 84 188 26 225 277 247 99 81 292 270 31 240 249 236 239 266 159 64 6 126 42 238 174 67 153 149 205 91 226 108 181 178 264 58 284 112 224 263 173 223 35 136 164 100 68 216 142 170 124 0 183 103 131 162 9 107 232 222 11 32 82 134 198 3 184 49 104 213 27 215 89 54 212 24 158 195 288 79 
74 6 260 135 250 207 66 55 123 67 281 266 14 0 28 59 18 99 245 288 147 254 41 35 237 225 285 98 29 246 242 46 47 17 32 33 220 219 289 204 80 271 262 286 91 54 44 192 268 293 113 157 124 234 87 108 156 235 292 51 85 56 228 213 221 116 195 198 72 171 140 284 274 183 109 279 187 131 84 4 151 184 16 37 110 10 272 30 148 259 168 169 208 118 71 209 93 50 200 53 77 136 105 190 273 283 172 7 145 166 294 117 133 122 226 212 180 177 231 75 1 36 119 13 21 223 290 94 100 163 12 25 143 173 193 129 3 153 120 252 186 248 170 61 126 
75 24 284 69 70 45 73 261 51 53 206 131 77 252 182 78 90 40 290 222 172 114 178 76 34 62 154 0 79 220 269 20 141 104 85 71 267 249 27 201 95 147 189 169 280 110 203 56 273 251 37 227 257 39 66 63 170 196 176 57 33 16 150 42 126 205 146 86 54 281 230 217 291 29 107 264 160 108 204 161 65 175 145 179 259 200 216 152 274 8 48 285 5 7 121 88 32 4 270 44 106 21 30 159 236 225 68 287 118 238 255 139 148 288 286 3 272 156 129 61 17 74 123 247 9 144 173 190 72 211 232 55 223 271 12 165 122 35 28 231 293 137 112 6 192 279 209 240 262 283 119 80 
76 231 102 8 120 151 180 234 48 56 113 36 175 213 70 95 13 104 178 203 286 46 138 242 16 88 162 72 156 244 30 23 246 192 98 187 134 252 7 237 25 131 154 75 177 221 41 55 285 253 200 45 86 291 51 173 264 87 243 68 61 27 251 240 31 38 81 166 183 33 278 220 179 204 62 17 47 223 139 147 103 255 207 34 3 5 256 279 227 21 112 167 199 63 109 271 83 115 249 159 146 144 101 261 6 91 190 94 269 123 260 105 143 216 294 218 258 59 277 287 14 275 65 228 77 276 209 79 116 238 80 129 145 2 57 107 214 263 117 155 99 37 85 247 133 293 265 150 201 
77 220 128 151 294 195 65 20 85 196 93 57 164 248 14 71 21 52 274 215 133 149 170 75 213 165 239 223 25 246 95 281 282 120 138 0 89 43 34 214 217 261 64 58 284 225 259 192 22 265 6 12 203 229 150 161 208 56 167 279 238 260 204 51 16 36 278 190 73 97 200 244 206 81 99 264 19 122 82 3 114 198 283 221 38 42 175 87 83 205 216 231 172 100 102 197 159 252 88 243 23 90 289 234 271 139 154 176 108 15 74 180 280 104 145 254 187 68 251 169 222 49 79 61 76 132 44 183 112 69 209 78 123 275 119 232 94 121 257 80 63 262 143 144 228 272 1 267 18 29 178 
78 191 107 262 32 141 0 155 234 43 148 173 47 69 267 272 31 22 64 150 62 274 230 156 294 35 163 199 165 271 242 136 205 144 126 99 75 113 219 250 108 52 196 57 37 203 288 248 9 58 130 149 16 20 175 247 290 287 269 161 178 21 23 67 109 146 44 63 258 231 142 132 138 232 204 217 122 102 206 3 212 289 88 275 190 235 177 93 172 214 105 143 162 33 202 213 118 46 4 216 188 241 139 220 282 197 15 82 28 65 36 84 200 91 86 8 211 131 255 140 181 40 195 265 101 284 94 291 159 103 227 1 238 153 2 77 179 48 71 270 129 135 110 192 187 53 263 92 39 183 198 124 116 
79 254 88 53 180 256 63 118 50 267 35 37 40 255 149 146 252 189 190 212 265 290 193 197 10 215 172 237 151 185 13 275 253 228 163 51 258 222 9 97 142 220 75 191 54 81 234 135 239 55 233 293 188 201 279 12 286 170 136 206 90 204 129 64 261 141 186 158 225 121 249 160 226 7 42 85 105 203 164 15 130 264 83 116 243 60 227 276 244 20 98 187 18 108 194 114 270 58 221 137 166 184 281 292 111 132 17 77 124 156 161 70 238 43 171 109 272 84 182 47 134 76 230 30 96 127 11 32 102 27 62 271 112 284 260 25 16 198 115 280 48 287 87 167 294 93 152 22 36 285 73 
80 163 229 150 288 147 179 149 277 61 164 185 122 206 284 189 220 268 199 60 138 218 69 219 251 226 29 279 274 123 243 216 178 230 17 250 294 202 176 101 217 109 16 198 34 98 46 187 74 73 167 119 91 3 262 263 27 125 184 159 197 271 5 175 233 99 89 145 166 174 283 129 186 225 58 192 15 246 106 114 23 51 231 35 85 255 4 285 105 146 115 207 81 0 196 6 82 240 247 43 30 143 245 224 67 190 63 291 10 170 86 248 65 41 211 45 139 28 222 213 118 203 76 22 53 127 148 54 39 77 155 272 236 287 144 168 281 165 237 264 182 37 75 249 261 
81 106 207 52 23 263 122 123 83 264 34 277 200 43 20 222 12 242 227 35 279 38 229 42 243 201 133 188 203 46 249 174 247 31 56 257 142 202 19 244 54 112 71 266 292 230 135 15 164 169 267 79 140 9 1 92 55 224 103 262 132 18 184 3 110 17 115 25 285 36 45 192 274 210 76 259 261 77 180 216 87 293 187 156 252 219 126 212 73 178 128 248 30 29 170 63 253 149 51 134 0 80 96 270 138 88 167 226 129 147 232 289 139 185 68 65 208 271 14 60 198 146 4 280 104 256 166 215 5 114 175 196 101 100 291 241 206 171 204 148 84 102 145 94 98 199 276 272 119 228 
82 187 144 194 209 207 213 146 223 23 257 28 124 111 243 24 161 293 178 105 143 208 68 29 134 259 166 123 125 290 238 31 226 251 217 62 0 267 101 172 182 227 152 34 247 120 63 253 167 188 56 149 186 206 258 103 35 195 193 239 153 224 232 60 12 95 294 160 246 155 84 148 77 280 96 38 67 83 93 190 108 6 86 229 14 189 57 281 58 201 126 177 37 248 132 22 269 53 80 72 78 203 19 141 30 142 237 250 231 97 256 94 268 9 50 240 151 169 129 174 284 131 113 173 221 136 133 230 175 73 15 52 264 261 42 154 292 122 2 272 168 228 5 218 
83 162 189 287 208 151 187 73 48 147 138 133 72 32 21 231 207 140 81 184 19 39 232 285 110 286 179 8 276 261 177 125 2 156 205 249 210 193 148 41 131 211 174 59 293 183 137 135 152 104 290 141 64 144 269 134 168 254 262 45 10 84 129 272 119 50 27 200 222 274 201 266 196 38 3 165 26 185 242 60 46 288 229 171 277 219 82 79 123 51 77 42 28 190 270 195 121 157 53 281 116 188 52 225 292 92 76 55 291 217 186 44 153 100 12 15 111 255 228 260 282 194 114 102 175 284 257 203 218 69 112 91 271 226 124 245 132 220 85 31 224 61 166 197 216 96 14 58 90 71 105 268 209 66 169 237 34 136 67 30 170 167 
84 217 246 24 99 43 172 108 207 224 134 34 44 8 226 2 105 61 177 155 12 273 256 191 17 236 119 266 124 218 245 282 10 55 230 111 272 240 33 128 189 137 30 38 89 294 41 103 4 255 265 92 107 132 118 290 237 48 120 83 205 259 257 147 40 109 285 160 102 287 53 215 198 73 216 293 74 146 115 82 52 22 68 64 203 11 62 180 71 234 262 284 57 185 50 16 243 63 151 56 95 117 260 241 123 101 223 162 258 86 143 148 66 204 126 29 78 206 288 291 72 251 139 232 138 188 6 45 280 274 166 79 278 202 133 161 292 263 32 26 141 0 127 252 195 136 97 140 167 19 170 9 253 212 81 261 208 268 25 46 271 193 
85 209 211 275 77 274 215 224 126 101 258 254 64 46 243 133 105 225 56 59 145 279 115 238 196 69 54 63 49 205 271 166 288 88 154 96 118 293 33 144 153 12 125 92 233 116 8 184 28 52 29 75 230 204 108 200 47 255 149 120 1 136 176 74 268 272 102 187 107 183 41 70 269 45 113 60 148 58 3 39 79 210 80 100 191 284 188 194 23 48 18 167 286 171 15 22 213 241 68 199 13 172 208 114 164 260 61 169 65 265 155 21 11 236 212 244 197 179 218 201 216 99 202 231 190 90 142 83 247 278 277 146 94 234 165 76 112 160 226 117 198 53 261 235 245 2 270 72 294 
86 278 112 148 20 209 199 243 234 8 207 17 121 159 128 257 246 6 282 211 175 136 223 123 181 62 247 106 158 286 194 193 237 49 284 41 202 241 3 174 227 21 119 22 16 251 250 73 25 50 280 11 10 164 236 215 141 94 39 182 18 76 248 38 266 66 152 70 231 292 56 55 281 71 110 67 180 108 125 255 260 272 142 15 253 28 259 210 186 160 153 195 205 279 36 75 242 96 60 35 82 206 230 225 226 92 270 64 208 129 269 24 43 161 84 2 78 285 219 268 171 80 54 9 104 118 265 213 88 68 198 190 273 65 130 32 0 254 287 283 144 264 258 151 30 204 1 13 232 184 240 170 169 192 93 53 217 196 262 
87 44 62 175 263 119 149 260 192 264 267 125 45 146 106 180 101 53 229 187 224 120 278 165 68 135 155 108 191 259 65 69 248 113 66 266 286 261 112 221 257 228 271 288 126 23 3 239 232 9 217 218 186 171 132 275 31 76 144 178 127 270 74 161 11 183 136 190 160 50 139 195 242 142 283 122 60 41 81 49 48 200 24 96 284 133 235 57 215 201 164 157 196 7 134 34 77 237 289 2 143 129 35 252 230 197 17 94 208 111 274 174 54 147 268 276 117 159 234 182 236 255 294 204 246 199 55 162 152 15 91 70 114 256 223 29 247 128 89 37 8 287 181 203 140 188 28 227 137 25 21 138 67 79 42 210 219 
88 104 118 79 20 19 162 175 179 136 101 134 212 159 117 248 39 122 6 11 234 160 193 90 51 161 96 43 176 44 94 76 29 165 56 235 72 236 28 4 189 268 260 233 115 154 113 60 15 145 205 37 258 85 42 293 16 242 21 211 149 171 66 126 285 282 240 40 48 153 144 63 283 218 35 264 199 188 2 177 271 147 95 291 201 214 99 231 181 243 246 269 78 116 119 239 222 173 257 163 110 68 77 266 275 50 137 152 81 200 219 141 75 267 124 105 217 220 206 276 230 164 279 168 86 23 7 151 139 64 245 148 158 106 241 213 93 109 250 5 38 208 12 100 135 284 273 207 274 25 
89 283 260 188 119 243 262 1 252 141 142 179 65 206 158 112 19 39 276 157 68 106 247 66 286 44 151 189 63 15 279 153 77 11 145 84 3 275 209 271 175 138 166 26 9 182 41 197 169 37 80 205 0 233 290 17 136 194 264 155 56 2 227 173 185 96 135 71 172 10 43 259 149 238 38 248 218 45 267 198 257 12 35 203 281 154 111 116 217 241 132 284 98 148 232 225 265 293 140 32 101 291 51 55 229 224 67 204 4 193 214 253 123 152 255 20 95 174 130 231 165 108 33 168 289 87 160 42 30 191 60 187 52 215 70 288 73 102 181 226 48 167 
90 191 198 115 17 185 117 53 223 130 148 200 252 278 276 161 88 114 253 41 189 192 72 264 251 69 270 136 175 75 254 94 287 220 221 151 138 144 103 18 146 245 156 209 25 24 288 228 9 225 52 13 162 269 79 107 110 127 147 99 208 93 243 182 207 113 39 45 167 272 247 119 181 197 238 2 250 227 282 290 165 112 122 11 271 260 133 283 210 77 213 183 273 294 224 58 104 203 60 50 42 170 109 163 5 257 195 35 217 292 29 85 19 91 234 65 137 30 38 21 143 43 164 124 7 174 83 12 205 263 95 249 3 106 280 
91 210 62 116 15 213 276 160 265 149 173 239 200 292 238 147 12 188 25 227 204 69 183 178 22 220 187 224 222 251 161 38 37 288 28 115 146 211 242 2 136 80 225 74 112 267 169 283 158 53 49 23 221 189 18 208 130 110 154 168 151 41 159 217 50 124 194 4 30 34 166 291 180 155 223 60 277 198 57 139 254 68 148 8 70 125 257 275 172 131 286 36 63 190 209 73 129 47 212 54 244 219 76 122 177 78 282 264 65 250 241 226 21 128 98 55 94 83 39 96 17 218 87 230 90 279 123 127 5 99 16 19 40 203 248 270 156 262 108 113 195 13 20 27 44 106 150 157 
92 11 94 65 262 222 24 251 17 229 183 60 291 228 54 156 111 176 37 6 159 113 145 219 106 206 242 46 12 258 293 294 13 0 172 48 243 127 53 214 8 263 107 230 288 139 211 160 2 56 150 99 264 149 85 272 204 84 284 81 27 146 261 31 34 241 151 148 233 273 175 189 225 170 245 277 51 192 55 274 257 43 275 141 47 202 180 20 265 72 217 279 133 38 69 86 153 123 118 232 83 143 207 67 22 259 115 104 173 140 125 208 96 130 267 103 158 131 165 221 93 95 212 66 226 102 285 260 128 235 196 100 178 166 266 268 52 71 220 205 254 78 28 238 58 287 108 
93 49 270 124 259 7 241 163 77 199 148 54 104 266 135 211 123 161 119 222 225 152 180 158 250 278 44 133 63 286 98 257 8 1 127 130 214 242 52 267 175 162 271 68 15 263 235 95 67 258 142 219 57 126 195 220 131 39 181 252 183 134 121 4 22 71 90 212 105 264 82 227 120 187 262 172 234 78 41 244 249 269 282 173 217 186 2 74 10 144 112 178 261 245 216 207 247 191 6 50 174 145 201 111 29 46 143 203 260 159 60 176 274 228 37 19 192 16 103 238 92 132 38 110 196 253 236 210 193 141 160 88 177 188 62 116 70 189 171 293 291 149 182 86 48 197 45 129 79 190 30 290 
94 235 92 129 103 241 62 56 52 70 11 179 139 160 47 172 7 150 257 95 151 204 267 29 277 41 145 113 88 265 110 3 222 141 284 205 66 156 60 278 43 63 90 234 270 229 192 117 276 185 189 34 187 211 37 280 238 55 86 9 212 149 105 61 259 142 65 242 198 112 73 96 59 171 268 136 5 58 170 175 266 218 261 134 232 132 6 249 106 137 237 263 157 202 27 147 236 97 64 30 208 264 16 201 282 38 258 124 87 168 165 76 162 82 228 260 245 49 91 78 35 18 286 191 239 193 221 153 123 85 77 22 74 213 159 8 20 50 197 271 186 26 292 126 206 251 68 102 81 210 69 243 209 274 100 
95 263 68 271 223 188 43 180 206 258 213 292 36 228 10 162 103 76 94 19 241 179 109 233 44 34 96 149 35 31 55 218 193 201 9 232 61 199 208 108 77 52 64 24 265 268 173 252 207 26 126 269 235 294 275 230 132 245 6 197 116 14 138 17 167 288 209 32 69 147 247 93 200 54 110 75 73 239 18 21 121 151 72 174 88 82 254 42 25 291 260 159 181 47 158 204 270 15 57 281 39 154 67 123 60 84 41 112 16 169 70 216 229 249 273 23 261 164 3 227 163 50 2 172 219 161 274 192 135 145 141 133 97 105 248 272 100 256 124 242 92 160 89 276 240 146 134 175 177 236 144 0 140 210 7 225 187 190 195 11 104 284 28 90 226 222 212 101 189 231 211 264 194 136 27 287 
96 233 282 54 246 110 186 28 219 113 63 37 4 213 108 265 124 276 25 150 126 146 88 286 55 245 239 215 24 95 174 231 99 42 114 262 242 164 151 31 144 240 264 12 15 85 177 222 181 171 70 237 62 40 116 43 141 101 166 143 227 293 109 236 203 32 288 168 5 65 94 140 244 97 89 121 87 189 178 180 234 175 50 133 285 34 82 253 221 71 45 167 86 58 172 102 19 201 183 191 120 69 223 154 67 210 1 132 81 156 194 38 225 107 209 8 238 92 157 211 33 115 39 258 138 291 26 131 91 79 44 204 137 214 36 251 119 199 200 83 52 100 256 60 235 271 21 0 112 190 
97 181 52 271 147 114 49 210 282 102 201 232 283 230 255 112 120 218 208 266 70 47 16 289 165 217 100 166 180 57 207 157 164 159 105 256 32 162 115 237 209 204 125 6 33 79 99 215 233 109 27 12 275 229 119 205 8 77 264 96 7 41 18 227 221 121 124 212 241 185 160 154 226 196 192 263 158 200 94 278 199 213 150 55 145 238 131 116 214 149 140 198 67 122 56 290 251 187 60 82 175 234 202 153 171 223 95 123 155 281 129 183 66 69 235 267 62 193 252 184 186 216 224 172 13 84 261 189 101 161 231 51 22 240 293 72 50 243 53 197 135 236 130 3 268 
98 151 286 24 246 15 228 16 0 187 271 164 60 239 122 34 144 114 253 238 72 14 171 282 287 126 139 149 230 157 251 76 201 212 121 133 145 93 74 39 197 215 209 204 270 283 80 143 107 258 224 250 290 233 191 195 102 176 99 255 213 156 4 148 178 110 13 23 52 221 225 12 188 48 206 236 112 135 175 294 155 289 269 140 168 58 65 136 3 181 116 42 170 240 223 26 118 165 56 100 79 89 226 8 31 38 47 1 146 242 169 35 192 37 153 257 203 50 179 70 17 272 91 61 71 249 25 260 278 166 245 46 264 237 109 263 130 9 279 120 198 256 293 81 214 172 6 218 208 
99 155 240 238 84 10 25 268 64 228 104 203 128 281 74 219 175 264 177 254 180 169 217 225 123 261 280 96 183 255 24 141 78 34 172 170 282 198 167 110 52 130 108 136 159 48 12 13 266 4 92 97 251 221 154 98 2 45 0 31 149 14 80 68 216 114 277 127 30 188 72 135 77 1 90 61 223 66 103 191 249 88 125 21 17 20 73 235 287 248 23 187 247 5 164 269 171 144 147 156 132 133 174 47 124 138 58 210 212 202 16 193 200 252 163 230 56 239 271 294 42 290 85 46 137 272 32 292 289 40 15 224 260 91 285 102 76 6 106 151 33 215 36 50 22 273 246 41 
100 172 218 194 34 175 216 245 65 116 207 260 161 131 254 135 293 158 255 45 117 185 18 60 256 97 280 203 189 63 187 101 177 154 103 251 109 8 69 155 37 267 259 277 3 56 20 170 279 138 51 41 106 195 163 257 70 39 137 142 17 48 153 268 147 275 118 12 149 121 263 31 291 64 114 62 264 289 71 146 85 139 30 124 110 98 77 225 38 165 242 157 205 247 290 206 126 193 53 83 104 208 68 55 214 272 46 123 270 261 136 73 292 95 57 235 221 258 127 13 4 262 212 252 143 134 61 81 108 27 96 74 92 213 28 269 88 179 294 21 173 151 215 244 40 182 112 16 209 94 
101 250 144 6 88 112 292 242 290 231 229 87 85 128 161 180 162 212 168 130 178 132 267 63 170 216 189 275 129 105 182 104 183 100 80 70 82 15 215 111 218 204 120 96 238 66 29 30 146 68 259 25 225 31 34 202 175 116 280 56 135 23 245 44 237 164 196 213 288 109 181 272 293 126 194 149 289 273 219 197 38 261 174 165 41 138 28 214 163 84 37 200 247 5 252 125 262 169 115 76 186 294 277 230 253 167 142 89 0 35 207 265 65 206 1 32 78 140 276 251 255 36 190 47 226 249 60 122 224 256 55 42 81 107 4 97 222 51 221 270 244 203 54 95 62 195 12 291 14 
102 117 76 244 261 17 28 258 97 170 219 23 234 127 256 158 187 167 174 16 155 133 147 3 18 132 145 26 108 249 2 267 162 56 121 199 31 152 151 235 279 38 211 129 64 196 193 98 264 201 252 259 69 7 8 130 290 153 262 150 107 276 257 1 10 84 255 226 165 85 148 29 248 275 269 225 175 24 78 61 232 166 72 96 48 287 70 253 223 260 209 191 77 124 54 11 138 250 284 273 66 227 143 49 231 115 39 25 270 222 286 160 112 254 83 154 265 272 274 79 224 104 9 51 185 92 53 122 126 125 186 99 50 183 216 81 94 89 149 
103 189 58 183 129 260 164 94 17 188 9 234 204 30 263 71 229 95 119 213 62 198 106 111 167 176 249 13 251 173 134 293 177 118 259 245 168 133 146 290 100 222 34 142 37 31 90 105 84 187 211 16 27 116 254 235 59 227 243 81 200 141 29 218 159 202 82 182 282 40 273 158 143 255 117 47 242 223 51 52 258 162 99 157 175 76 233 53 3 63 225 67 35 236 184 25 10 161 68 43 166 107 230 139 195 138 262 39 114 92 93 61 239 219 70 151 165 109 208 212 73 270 78 22 256 285 261 284 246 185 277 205 190 121 203 36 55 137 110 279 231 292 291 135 197 253 33 15 
104 88 1 229 177 222 214 254 59 66 235 232 283 13 93 179 99 60 41 76 292 25 162 231 20 161 272 166 143 45 218 184 116 54 133 101 9 174 276 8 47 12 138 17 122 164 240 112 273 119 36 38 83 150 75 69 0 72 117 291 190 223 55 159 257 16 216 262 157 5 228 126 243 242 137 253 35 256 156 48 4 114 136 32 39 281 173 37 158 149 53 202 288 279 205 70 284 50 200 57 105 293 172 215 23 100 77 92 90 221 19 144 255 86 210 203 204 154 106 163 120 81 28 226 246 102 125 139 145 6 29 148 129 188 182 43 289 95 127 73 247 170 227 189 250 49 18 287 
105 110 45 264 19 67 213 108 184 12 180 245 128 44 270 116 198 287 196 197 131 38 82 84 210 140 209 167 151 203 85 113 70 101 20 97 24 201 278 251 187 202 186 204 139 219 182 103 9 58 192 284 247 160 259 230 252 94 68 237 59 47 200 134 35 115 240 133 1 221 132 11 211 266 71 42 236 267 3 93 53 79 159 183 244 282 31 22 80 78 254 232 153 40 107 222 229 263 5 291 29 65 161 104 279 190 118 72 164 21 63 74 10 57 46 199 178 88 148 76 261 124 25 146 95 127 191 224 55 144 248 117 165 249 152 6 166 114 83 241 281 223 137 285 
106 107 235 81 251 178 20 133 221 213 24 111 87 228 44 223 86 219 103 222 168 212 92 224 257 125 134 89 278 214 159 259 65 188 276 145 143 274 116 47 141 201 191 262 202 108 39 140 196 208 100 113 153 115 139 248 289 269 187 210 67 238 275 165 290 156 151 58 220 237 227 63 252 80 126 209 132 94 127 46 53 18 174 15 277 183 272 225 1 171 147 216 291 68 246 112 34 157 28 161 152 75 179 177 52 59 51 48 162 104 70 122 118 270 193 279 288 9 282 88 148 199 142 16 231 158 261 236 99 37 17 232 281 91 90 263 3 
107 184 106 161 78 220 108 0 37 214 119 251 200 202 132 210 259 158 177 187 151 142 3 10 167 236 160 139 268 45 174 255 195 28 190 253 60 92 127 4 257 148 123 98 42 230 282 239 84 110 192 188 48 116 270 34 102 175 287 7 207 61 90 252 85 16 38 146 171 286 215 271 141 229 27 125 206 224 49 153 201 25 292 58 162 179 75 211 186 69 237 133 193 105 15 13 51 117 263 138 273 54 103 22 226 242 269 96 260 136 208 194 235 65 278 111 196 246 233 217 247 172 289 59 112 55 21 178 157 30 284 134 279 120 283 76 249 225 6 29 275 228 73 14 101 222 245 290 197 262 256 20 129 109 39 277 198 
108 173 246 59 107 162 105 84 252 18 145 261 294 96 125 169 225 123 233 201 189 269 194 115 128 87 180 208 240 159 283 119 102 66 19 257 149 95 117 277 13 37 52 270 8 78 287 99 31 284 11 43 290 57 106 199 39 255 109 71 185 46 142 146 138 239 222 85 137 27 154 166 74 9 86 293 205 197 4 36 223 278 274 140 217 184 111 131 135 17 271 10 47 82 275 148 187 1 75 265 134 164 234 171 42 244 79 279 61 216 3 77 73 24 35 253 28 231 58 151 130 122 157 49 280 215 288 158 263 250 89 237 282 50 100 228 156 127 14 243 113 91 53 241 203 245 260 224 40 48 92 191 
109 140 121 180 50 1 160 252 118 113 271 193 132 237 95 196 217 228 61 116 192 100 38 13 139 281 80 119 14 52 162 229 245 40 112 108 36 149 141 244 37 97 260 215 143 142 190 259 171 69 249 233 224 96 177 179 29 251 3 278 188 285 230 33 256 134 84 70 5 21 195 74 156 123 8 78 155 219 124 18 187 55 164 47 274 239 28 189 101 203 272 71 184 150 253 207 214 12 201 48 168 213 76 186 200 167 262 279 194 270 273 58 286 127 157 238 154 202 151 15 268 222 158 152 198 35 90 291 56 72 210 79 103 130 294 54 293 208 220 43 231 174 98 292 181 288 236 19 34 22 88 185 216 290 240 242 107 283 169 111 
110 281 116 105 173 156 28 96 239 5 144 3 294 190 283 275 188 51 248 262 6 194 171 207 123 15 83 235 230 94 53 212 257 135 132 204 155 99 119 19 227 115 55 167 244 181 216 120 267 249 57 7 107 202 154 243 147 136 62 98 183 250 95 33 91 58 81 86 228 25 52 238 11 9 75 276 265 90 255 39 26 225 121 200 130 67 111 213 189 293 49 153 131 4 18 193 182 74 100 245 27 252 88 140 201 23 214 16 256 31 56 185 175 163 59 253 219 215 197 158 64 54 166 273 114 149 126 93 291 118 264 192 180 29 50 233 177 278 68 148 30 277 274 232 287 187 65 78 240 271 223 24 179 103 290 60 247 208 282 246 209 
111 159 253 130 53 106 2 82 29 197 37 177 150 131 64 260 92 52 6 212 116 103 66 220 282 32 54 27 226 163 191 275 127 0 84 236 9 30 160 283 201 10 181 26 239 51 101 280 57 137 222 264 249 254 200 147 18 63 129 138 232 246 22 247 151 28 219 60 23 170 287 279 49 11 139 238 215 110 155 108 134 199 13 169 89 118 41 12 205 203 257 240 274 87 121 209 93 50 196 83 265 231 189 218 214 79 107 242 65 8 35 175 38 119 143 278 288 59 211 266 223 141 267 122 182 25 206 202 227 284 45 62 44 213 172 204 259 145 114 294 186 109 184 146 
112 292 86 140 101 23 197 179 12 187 252 97 89 224 113 171 48 290 153 139 184 61 57 22 38 256 6 207 239 165 7 16 119 87 69 104 81 212 219 109 183 59 5 209 253 268 144 91 31 226 43 157 176 283 142 94 126 152 232 260 185 98 279 258 196 64 221 200 199 215 280 143 217 41 271 246 281 68 116 90 151 266 76 95 1 49 33 264 39 93 192 19 156 106 130 73 274 51 164 102 240 175 53 122 13 45 291 107 288 155 83 136 36 262 26 123 263 77 275 205 79 294 148 42 257 24 214 133 128 131 285 293 27 58 85 186 188 75 162 251 163 241 238 247 248 2 96 145 100 
113 133 241 56 142 240 10 55 165 252 96 109 49 27 279 76 235 292 115 66 277 112 278 119 232 123 216 92 29 230 94 294 178 239 3 166 105 87 114 6 181 262 174 152 157 78 88 273 160 204 218 13 16 207 33 225 182 184 67 276 106 247 194 0 74 126 138 266 234 260 284 28 249 141 221 130 237 57 139 164 11 85 198 150 26 151 159 188 90 64 202 122 168 185 162 40 65 253 274 35 171 25 271 280 267 229 183 15 53 244 196 118 268 223 265 288 14 231 42 206 264 124 45 135 24 69 161 220 170 176 18 215 82 143 5 54 116 47 131 108 91 246 50 257 144 117 205 
114 205 255 97 188 257 167 73 1 269 142 268 190 35 123 178 200 98 90 181 242 179 183 169 286 285 0 223 152 61 121 113 117 245 70 128 133 96 252 213 56 45 27 75 241 124 224 69 239 287 145 127 194 278 199 228 139 186 26 294 43 17 236 138 58 156 149 172 99 18 129 135 42 157 290 220 63 4 147 80 240 161 100 77 274 195 9 59 164 219 104 266 5 31 38 273 232 12 171 50 247 159 79 49 261 7 85 280 288 208 136 130 204 277 260 52 103 60 83 212 248 16 110 115 198 87 81 2 265 29 8 65 283 46 105 176 227 272 170 275 30 67 237 175 225 153 197 207 48 293 270 111 191 34 
115 130 168 64 229 26 158 259 166 211 10 90 231 42 252 243 212 170 143 37 223 113 294 16 155 70 162 108 24 180 205 260 29 66 285 284 276 85 196 13 88 247 250 43 273 145 97 9 132 91 151 110 268 253 190 21 203 124 194 159 160 269 106 238 289 201 286 185 81 206 207 105 54 291 164 56 131 121 184 181 169 84 122 19 11 50 175 227 1 154 177 135 178 61 199 65 80 38 58 214 153 5 128 23 20 198 76 57 149 101 290 288 92 102 277 272 167 171 293 254 188 51 282 3 17 208 47 281 258 96 271 125 262 120 244 114 222 41 40 7 255 176 237 69 140 0 67 235 119 152 144 220 241 12 233 173 228 156 46 137 79 15 4 174 118 
116 110 91 58 288 277 173 100 199 156 24 169 105 171 240 70 27 130 135 111 157 264 29 19 197 104 109 170 253 275 207 53 229 55 106 239 290 283 281 121 128 289 244 235 189 279 85 190 15 95 71 13 96 250 21 133 183 103 255 125 46 8 282 107 291 218 280 164 254 203 47 66 206 37 74 274 140 73 232 101 248 194 34 132 98 160 50 159 234 88 79 147 236 65 112 5 7 83 141 20 57 89 233 179 237 225 136 97 172 163 271 249 227 224 286 186 153 209 11 63 212 41 146 198 56 273 245 215 39 192 76 259 256 23 151 22 14 142 214 12 113 138 93 45 231 258 176 293 145 137 202 265 149 78 
117 102 154 72 240 258 18 73 248 90 148 88 236 5 61 0 189 100 177 181 207 276 166 140 133 49 137 114 246 108 162 171 94 210 155 160 169 2 186 197 230 69 225 27 254 294 104 269 241 286 19 180 62 182 217 120 195 228 222 103 23 42 39 167 52 57 234 271 214 3 43 17 26 21 206 4 221 67 176 64 16 46 84 244 259 235 107 151 275 190 139 203 12 226 285 255 135 156 15 87 165 173 261 262 272 74 7 22 123 260 150 290 68 199 280 196 105 257 284 54 238 274 163 263 270 168 174 219 76 282 53 85 215 289 127 292 279 175 113 264 
118 161 204 88 36 269 79 205 109 150 216 0 223 256 56 49 182 103 169 159 34 32 33 8 144 272 178 246 85 276 44 209 294 1 183 84 28 17 54 60 268 260 39 41 153 137 46 218 40 100 23 165 285 146 134 64 197 199 26 220 168 122 72 67 38 68 170 229 57 98 15 111 78 119 74 92 47 265 18 148 286 21 105 121 213 251 55 279 113 160 126 290 27 283 16 86 203 147 75 152 277 166 13 106 80 110 11 255 142 171 185 195 241 145 70 293 48 140 139 187 206 252 163 151 130 193 59 175 131 115 
119 208 144 215 146 262 87 292 89 15 107 258 209 227 142 291 23 202 103 248 113 289 120 231 65 93 281 225 26 247 294 228 108 21 84 55 197 252 2 86 187 110 191 109 112 205 196 104 12 210 175 265 80 66 283 166 132 201 141 97 268 63 83 233 171 153 7 204 163 264 29 69 170 243 190 46 236 133 10 192 159 127 145 235 37 184 90 88 48 3 282 6 56 130 22 250 189 134 118 211 5 68 20 49 239 53 270 263 269 33 276 216 193 45 11 181 111 122 259 271 126 17 194 137 64 4 280 168 254 221 232 158 203 246 157 74 52 77 96 32 70 36 182 229 115 207 1 218 286 138 272 72 75 275 81 
120 166 76 173 151 53 55 97 87 26 119 41 217 191 222 197 213 122 176 68 77 36 246 71 254 260 181 70 110 3 179 149 101 209 82 239 84 10 11 218 85 123 134 12 289 117 1 29 269 259 18 22 23 287 200 158 205 283 43 131 143 0 160 130 184 292 210 198 93 152 52 150 163 125 96 262 4 139 38 240 182 271 61 293 59 263 206 67 238 202 156 154 33 221 195 42 234 165 20 162 183 211 135 284 230 280 115 104 6 30 172 136 228 261 107 48 159 258 62 69 16 242 178 241 98 8 229 270 175 276 74 140 185 63 138 
121 213 109 64 191 164 204 266 58 86 253 208 260 22 55 241 137 214 31 4 142 283 271 134 255 173 114 289 268 136 98 102 140 265 228 160 132 146 116 216 185 166 180 211 33 276 124 21 20 225 167 59 147 205 245 232 234 259 235 28 71 95 280 169 40 206 93 267 96 115 100 210 79 284 34 97 110 193 54 176 262 248 158 39 207 187 233 43 273 83 149 139 183 35 287 278 274 125 202 11 29 118 161 144 111 75 200 230 48 157 175 37 1 14 186 246 254 236 130 7 190 47 197 32 77 227 2 152 181 10 223 150 103 288 145 154 285 212 133 
122 187 5 280 234 159 264 289 150 245 81 88 233 55 40 80 125 139 98 160 16 28 163 153 278 38 31 209 256 237 120 169 15 292 241 143 152 104 36 68 30 161 265 27 263 260 67 212 253 19 131 52 65 255 151 178 130 69 262 272 124 11 229 1 71 29 7 87 225 293 23 43 194 49 115 243 77 18 118 78 156 268 144 146 167 113 4 290 34 294 51 13 244 63 90 281 266 20 282 201 17 218 39 267 57 145 58 214 250 62 91 207 240 97 220 210 12 172 288 128 108 230 119 112 74 228 106 211 173 41 101 54 111 257 166 162 59 37 102 75 231 50 48 154 60 213 132 82 270 177 185 223 
123 25 234 57 51 209 240 191 294 151 289 81 134 190 74 252 93 114 139 86 113 108 137 52 110 173 147 236 201 6 246 99 80 82 72 268 169 73 239 217 207 0 195 136 107 257 205 65 63 247 288 38 164 219 39 267 197 176 284 23 187 37 226 281 265 166 69 61 228 4 120 274 54 33 130 184 10 62 160 20 129 254 293 193 109 178 142 144 42 127 161 188 227 83 215 213 171 282 95 168 26 28 45 84 92 229 157 183 135 2 238 148 189 53 163 196 186 192 76 146 100 22 275 97 269 158 253 117 5 266 283 124 89 206 112 75 248 8 91 165 77 94 34 277 222 138 243 155 198 216 203 9 48 3 27 204 
124 20 93 180 0 155 149 72 60 13 158 196 256 82 96 218 157 1 34 26 57 184 197 168 21 84 146 59 25 114 134 195 206 8 141 231 252 51 215 128 121 27 115 230 63 140 58 131 236 145 210 211 132 205 54 74 68 147 22 179 142 122 45 91 289 166 221 238 12 283 270 199 35 198 109 97 276 191 208 38 100 248 23 253 223 285 61 154 261 102 163 99 271 9 189 11 94 294 37 219 70 46 207 10 228 88 2 105 113 71 175 133 79 162 95 19 17 123 188 204 73 83 32 233 200 137 262 222 281 156 31 90 232 24 144 259 33 279 50 286 39 273 244 251 268 78 3 153 278 
125 3 44 87 64 59 122 108 294 247 238 245 57 193 275 251 279 6 106 180 167 149 283 82 203 83 185 128 285 179 17 160 271 220 97 184 152 46 144 232 189 85 188 265 240 14 254 217 241 116 80 201 246 61 70 272 284 141 288 131 146 262 86 269 69 242 25 218 0 239 230 45 286 107 257 99 266 147 60 171 183 1 253 28 23 237 173 199 53 120 202 234 91 126 252 226 228 143 219 15 208 101 121 292 68 34 2 135 63 156 129 92 258 62 145 8 26 233 115 153 136 243 67 9 196 249 209 104 19 205 71 162 102 278 18 163 21 42 268 255 206 250 182 
126 247 283 235 136 146 71 281 85 196 61 4 50 250 96 267 239 63 98 268 54 253 148 223 65 15 78 278 157 178 147 24 237 95 87 202 153 49 252 47 277 193 249 292 135 88 55 233 113 44 28 182 34 12 144 93 59 151 112 6 69 289 130 191 174 41 284 104 195 20 29 230 248 213 164 205 81 106 294 201 42 145 75 101 51 30 290 36 203 125 163 286 82 265 73 261 138 23 100 84 39 280 21 118 37 52 141 170 46 158 197 33 187 208 216 119 110 160 279 60 13 275 165 35 189 179 102 241 221 171 22 209 94 25 194 133 238 181 0 5 128 220 190 229 74 
127 250 165 140 175 219 34 131 221 149 190 66 52 256 138 102 272 275 33 212 292 240 22 258 249 26 262 71 27 69 137 267 205 214 111 235 92 107 198 172 93 203 186 114 40 62 171 15 182 46 87 48 215 30 134 99 164 168 146 90 11 73 237 179 145 5 18 242 252 142 206 19 150 152 57 123 119 37 288 51 106 23 161 12 193 227 192 286 67 226 109 180 276 63 188 197 274 105 43 20 59 213 45 100 185 239 162 79 80 60 91 84 224 229 184 279 108 139 160 55 104 196 263 61 39 177 156 64 117 243 14 143 
128 77 62 201 263 251 205 86 183 34 26 105 63 101 99 245 64 2 252 108 181 289 215 7 17 264 13 114 202 21 125 164 176 235 24 267 84 56 136 191 271 116 11 18 5 266 124 46 213 66 210 246 284 227 37 50 200 138 254 33 286 68 28 159 273 16 197 161 226 258 31 32 156 283 219 3 237 130 291 81 194 12 265 49 250 142 217 222 154 115 211 184 36 162 269 234 218 209 29 239 158 243 244 122 268 6 9 255 91 279 157 179 169 152 221 87 112 15 92 67 132 139 41 61 135 195 44 126 1 206 
129 156 183 103 94 33 10 243 271 290 13 197 185 186 193 196 247 44 289 221 207 16 7 15 101 53 54 288 59 291 270 137 9 102 240 179 151 235 212 257 142 237 285 277 145 36 229 167 192 55 83 140 256 238 242 276 111 194 67 292 43 80 205 279 79 42 114 164 294 139 35 146 123 34 230 274 68 267 153 22 130 162 203 28 204 6 11 24 293 260 211 176 178 268 87 209 222 136 86 150 134 170 91 184 228 125 81 1 144 148 272 248 133 284 56 217 97 202 75 82 201 200 182 159 253 49 76 195 31 233 254 71 169 262 266 199 177 104 78 12 72 74 25 107 58 46 173 93 26 168 47 287 245 
130 115 139 147 136 28 264 225 26 111 167 90 44 247 269 283 116 228 179 221 43 101 204 268 246 143 182 215 2 99 93 33 78 25 160 286 223 282 199 156 30 13 294 57 245 190 53 40 201 21 102 219 173 195 91 253 222 248 41 122 146 123 126 113 15 256 153 262 22 214 159 110 29 129 120 19 241 31 163 17 128 178 79 59 212 23 275 62 119 227 4 162 154 284 69 165 254 171 114 142 270 251 112 166 193 271 49 137 257 108 66 216 92 291 233 177 175 172 207 208 34 3 86 109 89 192 68 158 6 121 135 98 226 206 213 9 266 1 274 37 220 249 0 196 152 97 10 118 197 27 8 72 261 38 32 
131 20 24 241 181 243 213 135 127 141 100 11 15 224 216 237 249 9 204 111 105 146 247 75 10 137 144 12 215 270 165 66 267 76 206 246 83 52 149 166 274 257 173 239 51 57 8 122 124 202 55 70 194 264 151 197 14 125 263 133 289 67 179 232 29 266 59 93 115 176 184 260 196 74 120 108 41 219 50 110 182 258 163 65 261 56 231 276 209 208 35 91 140 43 162 62 222 138 97 210 31 78 201 244 288 32 92 203 23 60 233 96 293 211 195 69 228 58 82 73 180 161 25 188 13 112 63 54 36 240 218 190 245 16 134 113 159 118 160 
132 48 271 226 214 272 28 215 107 200 222 15 109 256 47 278 287 258 69 6 282 171 49 264 163 190 220 35 101 184 255 25 102 10 279 50 166 110 64 194 55 153 115 286 121 254 268 213 30 9 95 84 156 39 119 87 280 227 178 124 139 81 172 263 167 192 3 261 274 19 72 221 0 105 175 262 241 133 24 116 94 78 161 106 143 181 38 51 244 245 8 277 20 89 269 210 142 141 234 99 65 218 22 96 82 276 12 232 266 59 197 79 219 216 46 235 223 248 71 93 157 150 11 77 5 83 17 259 52 267 189 1 260 155 42 128 137 291 40 63 208 122 29 159 242 37 229 179 53 206 
133 113 178 24 187 59 243 68 83 52 106 254 188 14 21 213 40 9 33 77 201 25 239 207 209 177 259 148 102 117 85 170 261 140 272 81 104 189 30 93 114 103 287 232 222 11 98 281 165 292 199 221 271 257 166 196 268 236 116 22 278 263 246 50 163 231 159 284 131 56 57 105 283 255 161 132 119 282 87 183 96 192 13 47 107 198 92 174 90 49 218 168 99 60 247 142 200 153 214 211 260 242 150 227 162 285 206 258 137 181 175 238 129 45 124 74 95 36 154 71 146 152 202 219 26 54 216 167 84 230 149 55 193 7 262 112 37 82 145 134 273 176 229 42 160 235 76 245 4 240 126 0 28 121 5 233 280 
134 190 142 138 88 187 163 148 244 250 84 53 275 16 253 123 223 229 261 256 240 207 106 177 13 103 121 175 82 24 238 246 76 71 249 209 224 137 5 124 211 243 64 40 280 196 241 170 70 172 174 83 4 166 14 219 139 270 212 105 120 58 109 218 127 34 145 203 144 286 153 93 11 118 269 2 178 8 94 291 267 42 111 263 227 41 31 260 230 87 245 195 225 135 38 257 108 119 156 56 188 81 0 129 276 155 48 151 60 232 59 152 273 251 30 61 147 290 288 176 255 55 79 107 95 294 237 226 17 100 32 66 150 133 185 220 164 73 131 181 216 186 1 45 146 169 279 167 265 161 
135 278 267 74 131 257 156 184 100 93 243 21 14 116 230 18 87 288 60 163 146 62 26 68 264 0 274 141 272 33 168 110 180 210 291 196 286 198 200 83 269 149 81 285 126 56 79 63 239 44 206 259 28 219 266 155 32 70 217 231 34 232 98 258 45 99 114 39 89 248 249 101 228 137 1 22 138 140 108 254 10 19 178 293 115 143 55 30 134 251 174 64 290 256 123 125 117 279 273 246 218 95 17 113 120 282 289 175 69 65 38 240 37 245 188 154 220 185 16 130 78 72 29 244 193 128 189 97 265 67 88 103 204 12 148 203 192 277 173 
136 181 55 130 177 214 88 28 126 195 242 256 280 265 86 47 147 155 216 225 64 150 210 44 78 275 90 185 278 213 121 2 144 209 219 99 128 123 201 236 291 51 292 91 227 179 63 259 110 149 178 85 269 87 79 37 89 187 94 166 98 165 264 293 244 285 194 254 14 143 263 234 104 287 188 218 203 59 116 129 248 235 198 48 283 252 10 18 107 114 74 6 23 174 22 170 100 73 65 266 112 29 7 228 125 1 284 206 120 173 33 26 189 56 224 84 0 82 9 16 20 286 273 193 238 200 17 262 54 41 257 277 169 83 180 212 221 31 167 95 158 
137 186 201 286 291 247 274 218 283 22 158 196 150 281 263 253 2 8 176 165 231 258 121 67 63 227 123 230 193 131 279 194 267 117 261 280 127 233 140 275 255 36 272 134 183 180 188 4 84 23 30 129 73 43 174 83 294 27 154 238 9 111 71 55 100 217 108 17 118 266 161 277 204 234 225 278 241 135 208 209 104 40 51 256 287 10 94 148 41 146 64 18 1 252 32 88 139 284 239 79 15 70 220 169 133 268 130 33 5 185 285 205 195 57 28 46 172 99 68 244 237 119 181 240 159 96 124 144 90 157 35 48 254 191 31 149 14 147 132 87 236 75 103 115 164 38 58 116 105 270 
138 27 243 11 55 134 246 290 83 36 198 250 240 199 127 16 6 21 224 235 197 51 76 17 228 80 10 211 210 60 169 56 247 212 67 5 252 26 220 77 104 12 90 187 276 158 65 249 167 190 293 89 58 61 262 150 283 100 95 238 15 0 108 203 1 209 256 35 114 3 141 113 128 272 111 188 225 265 50 68 72 216 147 8 45 281 222 135 78 241 268 274 227 39 253 145 271 223 183 280 219 206 215 70 101 102 164 63 99 40 226 193 172 107 131 126 81 154 37 177 261 152 202 178 103 140 24 84 151 180 96 270 213 149 181 273 208 148 168 34 116 123 160 87 285 47 174 119 20 49 244 120 
139 291 130 268 54 279 223 189 261 94 72 222 33 50 122 225 123 36 166 285 98 62 112 9 211 255 216 107 161 266 235 252 65 32 276 240 219 92 109 228 105 226 274 230 141 11 293 244 64 39 114 214 262 246 49 140 203 106 58 132 51 134 239 61 267 199 287 59 260 245 87 129 113 66 5 111 160 76 13 243 15 23 143 37 100 4 69 47 236 265 30 91 120 121 208 142 207 280 173 78 196 167 117 144 175 137 77 153 29 162 231 103 294 247 288 57 194 251 81 84 176 202 75 263 80 24 258 151 171 88 2 249 227 104 169 277 56 283 128 41 282 118 186 127 26 146 68 218 20 290 178 195 165 238 248 
140 109 216 127 112 218 54 199 39 45 83 223 29 274 30 284 28 9 117 105 133 221 182 255 214 169 137 187 233 121 191 289 41 253 4 192 34 276 141 246 265 280 106 155 17 166 35 269 124 258 147 139 81 22 162 38 129 219 144 33 96 259 271 5 176 184 74 116 247 98 174 2 26 27 108 285 11 177 135 252 32 62 215 200 43 13 288 250 195 158 186 20 110 131 58 268 179 10 277 232 287 282 47 227 68 97 19 198 89 257 92 190 211 138 78 56 220 163 101 263 231 180 60 40 152 49 237 69 55 115 293 283 273 95 84 87 118 42 244 1 31 209 120 189 18 142 
141 271 14 178 78 131 267 63 194 89 31 230 254 159 283 232 289 21 188 285 94 28 135 290 53 52 99 264 61 172 270 191 207 5 198 212 106 229 195 140 124 139 22 9 208 109 146 156 67 86 83 75 96 36 16 103 119 125 138 150 192 8 113 10 26 225 20 144 79 1 107 274 151 92 154 220 236 153 187 200 205 168 257 116 213 218 25 132 261 210 64 161 284 30 179 291 181 292 224 82 55 70 197 2 88 204 126 237 276 221 95 241 245 266 35 48 250 234 111 3 93 38 32 244 286 84 12 37 175 164 260 255 174 259 278 293 189 269 222 217 149 272 294 
142 18 134 44 113 255 155 51 33 284 89 119 292 172 114 263 157 226 249 107 188 163 281 72 240 121 277 196 243 26 28 10 16 262 7 81 158 103 175 271 71 79 183 170 283 169 31 21 4 37 208 129 109 293 187 0 167 108 58 93 100 36 235 94 112 152 230 15 242 66 25 124 45 86 87 209 287 46 191 203 247 27 42 146 127 229 14 233 78 123 64 238 34 261 2 43 195 212 168 11 128 132 139 267 251 133 246 130 30 82 101 59 294 171 38 274 254 190 56 73 205 180 202 85 118 148 116 223 19 106 241 35 288 143 151 279 192 217 252 39 3 237 234 140 189 250 
143 227 224 294 209 58 171 198 51 177 115 49 182 62 213 82 155 33 104 264 71 35 15 28 206 122 130 251 288 228 50 106 175 31 53 261 195 98 192 210 263 267 109 260 64 63 96 237 165 204 269 250 156 163 196 47 154 279 242 103 188 220 7 221 57 235 189 36 39 265 179 215 255 184 23 120 34 193 223 112 70 136 132 211 139 59 135 48 78 125 87 232 181 241 92 145 84 216 102 80 93 76 9 214 249 290 5 111 234 16 229 254 268 178 285 256 113 100 25 90 282 52 74 231 77 142 1 246 205 127 
144 119 56 101 82 50 240 185 28 110 273 145 53 285 261 98 268 33 72 172 266 188 284 207 204 17 265 22 208 51 131 59 0 219 209 154 26 257 1 78 36 146 31 55 283 136 118 42 12 96 90 125 85 184 38 291 164 29 112 83 244 161 223 276 286 87 151 126 140 229 88 176 280 222 71 9 170 57 241 190 70 134 141 201 179 65 226 275 44 294 277 122 123 262 243 158 99 220 23 230 93 139 40 239 237 14 76 121 214 246 129 217 191 215 206 202 104 4 227 20 169 15 213 211 233 105 75 86 245 249 137 221 235 248 95 192 152 162 289 124 115 80 58 218 77 258 43 69 66 10 113 
145 264 210 179 166 288 108 144 26 221 94 92 290 223 32 153 201 23 274 19 102 85 98 202 115 106 88 44 170 89 21 169 254 51 184 219 168 114 203 69 248 4 225 2 41 124 281 129 194 292 154 259 268 289 172 275 18 80 3 45 224 134 33 173 155 14 66 151 127 177 207 291 227 159 126 183 266 294 119 164 216 138 176 235 5 229 16 157 148 75 230 196 272 1 24 97 122 143 93 77 189 54 68 40 65 220 74 233 187 247 95 125 70 60 236 56 38 193 165 29 25 245 150 76 263 255 104 22 118 30 286 133 278 147 192 71 121 208 116 81 146 111 112 156 188 198 
146 286 171 119 253 49 126 248 46 82 87 294 27 156 79 96 153 131 241 6 244 72 135 226 288 203 264 275 144 62 103 283 246 124 270 14 237 290 293 121 91 90 15 199 141 231 281 28 71 159 30 108 228 5 240 29 101 92 273 154 268 179 47 225 272 18 70 125 261 61 219 130 242 166 193 127 207 107 118 162 129 221 284 36 78 191 202 142 84 122 75 100 190 200 23 34 2 137 63 80 235 234 217 279 163 213 188 198 69 8 76 282 98 32 250 239 10 59 267 13 201 155 33 123 151 45 265 58 291 251 222 192 105 133 53 116 81 22 197 204 95 25 26 85 37 9 38 206 139 255 134 232 0 172 277 189 145 257 180 7 256 111 
147 130 51 97 80 83 270 91 136 74 123 102 24 186 260 175 221 13 63 64 178 36 174 126 11 6 32 7 224 286 20 164 199 140 95 110 202 121 218 262 204 50 53 124 111 184 75 31 100 239 197 84 217 257 163 65 66 208 43 90 138 285 88 70 114 37 245 76 290 49 21 268 168 220 125 173 116 94 214 25 99 59 232 222 292 14 106 151 55 19 247 57 61 1 154 87 280 17 72 165 210 5 81 248 150 158 240 250 118 134 271 258 60 228 194 209 153 277 71 46 226 162 26 145 137 241 176 273 169 148 161 188 206 48 216 201 230 267 
148 152 291 32 86 42 72 1 134 278 14 78 2 256 117 156 93 70 90 264 5 220 250 44 133 60 183 196 224 126 279 187 237 221 269 272 33 107 30 83 63 61 166 73 172 22 202 24 13 28 59 47 36 43 177 98 64 217 189 274 92 57 247 55 45 164 25 169 289 102 41 246 158 85 211 82 173 62 137 249 108 19 251 91 74 145 165 292 89 190 160 239 58 118 168 233 229 84 123 201 48 21 129 261 105 259 270 258 184 213 181 245 75 46 170 66 149 69 38 88 39 234 138 80 106 68 12 112 142 4 104 110 227 257 216 290 35 81 147 248 210 179 52 208 135 0 
149 267 190 280 266 210 56 87 209 279 42 188 153 124 127 80 150 244 55 271 91 10 79 22 205 187 248 288 237 77 183 63 98 95 52 151 275 125 14 154 171 108 214 62 273 220 131 216 198 182 92 78 226 135 109 88 120 177 94 136 245 99 269 82 11 85 294 166 50 114 29 162 285 100 3 174 68 172 23 191 156 254 31 165 249 230 89 265 46 9 17 101 224 221 20 7 72 121 104 70 81 159 217 64 5 73 155 240 115 97 258 251 241 47 57 262 204 256 12 138 110 148 163 287 133 53 192 61 234 212 168 137 197 200 93 15 247 141 25 157 102 116 30 184 59 243 
150 239 270 80 172 156 46 57 122 118 226 149 137 78 259 94 168 262 111 96 14 65 206 200 223 278 136 238 217 221 159 154 260 212 241 0 208 192 92 59 222 138 104 293 292 164 242 60 67 77 24 220 141 102 26 176 294 12 213 158 33 22 113 11 182 127 279 75 58 268 51 290 109 13 25 120 70 228 171 240 69 56 287 194 2 243 19 187 97 227 53 289 258 202 169 129 161 28 45 27 195 38 133 225 233 64 147 160 280 271 269 248 10 72 230 151 44 286 117 132 204 155 145 261 190 232 134 35 43 5 198 7 42 121 66 76 281 237 8 267 214 91 188 184 199 
151 44 98 281 61 77 23 76 172 83 120 241 67 223 123 174 213 46 63 94 107 212 183 26 243 105 89 149 235 79 231 157 233 266 37 96 176 90 102 177 35 5 259 71 115 27 24 271 129 51 3 207 269 166 249 196 265 29 144 131 42 286 126 92 272 122 28 91 106 56 40 111 168 62 145 95 161 215 141 113 261 280 74 221 282 255 195 72 39 64 32 238 84 197 190 278 112 211 285 178 117 236 43 242 147 33 163 194 200 134 180 109 232 155 288 20 146 108 234 58 138 214 150 103 293 82 182 139 68 88 262 204 116 209 175 86 60 275 257 142 12 158 256 99 245 118 30 100 59 219 247 263 187 
152 186 54 265 148 230 181 37 25 169 11 262 176 258 211 48 93 10 213 114 185 183 113 167 29 227 102 122 290 162 292 259 271 266 125 205 165 248 241 59 269 83 210 70 24 209 82 69 218 273 286 12 86 142 253 112 212 283 14 8 5 33 27 40 208 64 175 127 201 263 160 47 120 61 224 68 223 291 246 38 237 194 31 88 249 215 222 13 75 138 28 0 228 106 134 109 287 200 118 133 26 87 89 49 128 60 140 178 278 232 189 51 243 144 105 121 216 187 250 52 154 115 214 34 270 130 217 285 46 79 219 
153 237 45 149 214 202 220 215 189 252 122 232 50 290 146 245 112 145 207 201 263 213 89 132 289 182 248 268 36 29 126 85 166 255 52 20 188 66 260 51 2 106 178 218 249 154 23 42 277 100 88 102 69 227 43 271 119 118 7 219 274 25 82 130 46 37 134 195 256 4 192 129 107 22 156 86 250 231 141 110 3 278 27 247 68 225 223 105 160 186 92 115 18 276 211 73 139 133 273 83 21 171 200 98 61 8 193 116 97 14 176 180 5 125 32 78 198 0 94 62 147 63 194 173 238 206 242 11 172 284 204 56 114 67 74 251 124 
154 117 33 239 221 251 262 192 236 60 199 281 144 73 293 232 200 277 36 280 149 170 186 46 88 100 150 1 260 85 247 10 76 267 201 227 173 75 219 259 179 25 137 255 35 99 282 153 68 110 197 146 19 238 145 108 208 229 91 64 278 243 67 143 72 39 66 210 203 141 269 97 59 12 187 212 166 44 115 226 181 271 95 274 24 185 89 209 264 124 177 130 96 268 128 188 204 273 237 138 77 28 109 147 184 276 120 5 51 213 189 256 27 286 165 41 133 49 104 164 102 17 206 159 222 135 223 272 2 21 152 3 122 42 13 82 198 228 250 162 121 163 288 
155 294 99 62 254 171 142 205 257 124 78 32 37 282 262 235 161 277 169 229 199 242 71 206 115 102 143 87 136 84 203 207 60 234 289 164 110 22 173 28 186 100 240 117 20 12 166 179 178 40 53 140 232 212 285 193 188 243 157 208 187 216 249 24 15 10 135 221 52 268 238 145 98 89 185 49 182 4 23 270 158 271 109 38 82 50 111 160 91 27 202 200 291 266 51 217 7 55 225 162 46 260 66 286 59 29 288 224 149 226 134 63 21 156 194 65 151 146 223 85 70 215 204 233 192 97 177 112 275 1 190 150 195 16 25 191 2 261 132 283 168 76 279 80 239 36 5 123 48 56 237 184 
156 129 17 110 30 150 32 116 288 135 220 190 43 148 211 194 39 40 146 262 78 92 183 242 278 36 22 189 248 52 76 94 187 50 215 276 20 270 83 201 62 227 161 179 263 58 231 90 210 141 45 289 226 132 130 59 7 98 174 286 175 51 250 71 25 114 74 173 143 282 106 264 171 268 109 61 10 149 293 128 81 153 236 72 122 104 212 273 271 99 205 235 284 283 158 66 134 4 223 35 274 294 279 31 237 96 280 44 180 233 112 224 155 120 23 117 188 125 197 53 216 8 240 79 33 41 292 172 15 75 5 219 213 46 70 285 55 208 245 159 167 124 239 56 19 108 222 91 64 115 244 281 229 127 170 145 207 
157 232 56 215 45 222 43 158 52 66 193 213 142 124 39 259 237 89 253 233 116 70 98 48 186 257 97 21 204 258 151 113 177 184 126 57 50 238 16 226 15 165 174 228 11 252 209 284 8 13 9 41 36 112 22 155 74 161 211 254 242 5 31 72 104 239 191 114 294 40 42 103 229 179 87 94 175 180 247 145 83 261 210 290 291 69 59 281 190 100 172 123 278 198 285 109 275 160 106 4 163 96 169 121 34 67 108 128 132 224 171 107 289 192 277 181 167 287 235 286 119 243 33 137 35 266 20 17 7 166 206 231 3 288 149 19 214 271 91 47 
158 200 6 9 59 162 267 173 115 16 157 42 137 231 124 48 10 107 89 102 100 21 5 257 86 54 38 259 69 172 93 208 258 286 262 160 49 178 191 142 211 50 205 138 216 175 159 244 72 292 45 70 17 14 247 274 226 91 179 177 243 63 250 7 66 35 285 192 265 103 185 230 150 287 269 79 176 120 155 56 148 266 210 40 223 11 95 225 121 144 18 97 41 37 51 217 104 25 140 213 156 29 252 218 32 236 198 233 60 229 62 166 197 109 171 128 253 174 147 126 110 273 170 239 92 261 123 13 182 4 188 108 195 288 119 289 88 281 23 130 52 201 106 255 246 282 291 67 151 186 204 276 290 254 224 73 193 136 
159 242 111 160 184 122 71 36 61 202 88 86 164 226 275 52 141 92 246 16 212 42 280 108 106 97 24 118 150 273 257 237 225 290 57 72 44 179 99 67 14 2 37 158 17 69 8 180 115 20 41 146 80 186 11 63 0 269 103 221 194 235 133 104 187 25 53 283 91 192 15 277 249 251 274 128 203 267 70 243 27 230 113 130 46 145 95 222 227 119 250 116 105 281 38 29 258 289 5 73 12 205 255 77 240 149 170 39 174 28 114 247 253 278 19 183 76 56 181 228 266 207 87 93 262 75 239 47 236 169 204 191 294 21 35 78 154 129 276 54 137 156 66 197 120 34 94 282 256 131 30 132 245 219 286 
160 206 159 238 178 29 91 54 109 67 201 61 94 165 122 1 3 88 285 162 262 223 219 267 203 281 254 274 175 107 236 44 158 125 241 30 113 73 239 92 121 188 117 72 210 111 53 130 20 183 16 286 174 180 71 105 115 269 14 205 59 292 216 87 0 198 84 255 234 123 226 82 182 259 139 120 79 240 26 50 171 155 116 86 220 97 185 152 66 43 225 31 287 75 28 284 32 34 172 63 153 164 148 222 242 200 12 5 157 118 227 9 60 168 163 102 150 231 2 218 245 244 10 243 256 251 126 95 290 93 268 89 190 263 42 199 207 214 25 138 273 202 127 133 85 177 161 249 167 278 193 131 
161 118 293 107 256 221 100 55 37 155 101 43 265 90 82 176 274 88 93 264 104 237 198 215 139 194 21 65 273 179 30 91 41 16 272 156 276 122 24 72 40 192 47 144 190 77 195 157 202 87 137 78 188 66 224 254 133 241 187 289 128 151 252 0 267 174 132 114 236 123 183 15 17 69 127 180 2 240 75 59 171 230 51 64 239 266 249 222 103 141 23 38 292 290 105 86 150 10 258 49 121 223 213 7 106 177 33 95 27 235 79 197 28 113 166 84 1 11 61 184 53 131 257 168 285 97 67 225 57 294 56 147 45 54 226 217 160 214 263 134 280 
162 83 256 230 88 158 214 64 54 108 20 250 194 13 247 47 95 242 160 239 289 173 115 279 101 104 195 185 246 76 34 60 272 222 69 102 117 97 152 262 109 164 6 170 229 28 233 238 93 268 263 1 179 212 16 42 140 59 191 32 193 90 46 149 174 72 178 11 146 216 276 245 189 190 188 103 129 225 248 21 107 265 113 209 282 228 213 168 255 78 130 155 9 280 205 226 65 131 84 24 128 181 284 285 163 139 31 211 68 133 251 94 271 120 8 217 183 106 124 198 55 204 87 22 234 127 266 35 26 73 122 147 125 223 43 144 258 52 224 67 112 277 154 37 260 0 70 29 187 38 201 
163 80 181 216 34 15 134 93 220 0 209 122 72 218 256 1 135 142 78 132 67 213 258 278 249 166 255 292 71 111 231 241 279 195 6 248 282 49 232 291 79 40 252 11 3 193 63 190 29 100 264 222 199 133 211 180 234 17 43 143 227 147 260 233 119 289 30 2 238 171 25 130 243 9 65 37 286 131 283 120 36 88 126 101 124 146 53 24 196 162 151 95 110 198 116 99 123 62 202 157 14 274 160 60 23 184 90 242 140 104 179 174 149 277 187 7 191 117 263 74 259 270 44 236 125 175 200 185 112 5 118 12 154 285 8 
164 12 282 167 103 176 41 182 203 121 98 268 34 80 159 77 7 29 47 213 262 222 257 18 63 259 97 242 4 128 155 245 96 293 198 239 104 234 240 248 174 162 39 144 86 147 81 123 256 150 291 46 44 224 201 289 27 225 116 264 258 30 284 232 148 55 56 31 197 127 115 235 129 261 1 113 38 216 265 24 3 126 281 101 109 230 87 233 79 145 114 19 250 196 99 218 194 243 17 108 138 160 170 95 13 189 105 180 267 85 70 220 58 190 64 215 71 112 8 254 88 175 286 154 73 40 227 274 290 32 241 168 16 90 191 36 68 217 66 179 51 54 212 141 171 134 43 278 244 137 294 229 192 
165 263 127 12 183 113 273 61 48 160 42 284 237 137 87 1 18 30 97 71 49 88 38 78 239 261 276 77 172 131 278 294 133 112 191 272 219 203 184 157 53 152 68 268 24 180 253 243 281 210 229 45 289 63 39 143 202 6 214 56 274 106 236 182 232 4 188 102 288 83 118 286 136 25 200 149 177 65 28 208 254 0 37 98 266 231 270 90 101 148 2 100 170 130 285 94 222 173 166 250 147 117 216 23 154 120 43 282 277 92 103 189 29 145 265 233 89 228 264 258 19 105 269 193 123 9 44 257 126 227 32 75 207 267 85 33 218 248 21 221 80 7 14 292 187 139 206 40 
166 120 191 115 145 36 170 240 291 262 232 32 9 139 33 31 117 113 97 58 104 163 82 132 26 57 11 85 293 63 245 35 261 3 10 148 121 131 155 30 153 89 133 140 119 151 294 0 7 96 190 14 134 211 199 264 271 108 123 149 34 80 229 189 124 168 146 76 23 233 73 136 169 91 247 186 41 231 17 47 224 102 154 269 16 171 66 234 24 279 272 8 54 103 266 55 27 20 79 13 283 195 158 165 248 1 130 44 218 74 239 110 278 167 246 176 118 84 194 161 81 284 275 83 98 122 45 221 105 157 62 92 259 49 292 260 69 256 59 
167 164 201 256 232 60 293 267 9 114 130 230 12 245 102 281 238 193 30 103 105 125 107 251 19 179 260 292 262 152 255 99 17 202 187 249 172 52 138 110 216 214 80 280 247 265 95 226 250 142 121 244 234 43 294 82 56 77 171 129 32 184 224 132 261 47 275 217 24 258 274 117 180 198 199 6 291 233 282 16 8 181 208 10 220 190 122 90 96 269 241 285 197 55 45 85 188 48 37 76 290 21 227 139 2 109 5 200 81 239 115 11 101 22 70 67 222 271 166 39 284 27 133 246 229 157 194 156 31 204 84 57 177 213 26 189 50 68 257 176 237 79 210 134 160 36 136 83 89 170 
168 219 115 252 255 286 29 14 223 28 4 237 172 150 65 235 215 66 106 101 124 169 282 9 175 174 293 135 103 238 0 19 268 276 15 202 190 240 145 246 294 231 30 261 229 83 60 40 262 187 197 226 26 225 43 96 91 241 151 127 166 185 31 11 98 242 249 211 277 13 59 118 54 147 113 141 3 162 142 123 2 74 173 32 22 133 109 201 275 148 257 94 220 239 5 198 212 160 270 33 256 281 68 44 88 193 194 119 204 161 138 164 89 71 117 258 177 279 149 56 21 155 67 189 244 80 266 45 217 129 38 69 82 245 280 184 
169 273 7 55 152 116 155 260 173 108 233 255 221 289 219 186 70 99 20 114 224 180 229 168 138 44 122 54 140 118 53 123 239 57 250 185 285 268 213 279 145 47 117 39 142 66 203 207 81 51 91 15 259 2 283 14 71 89 69 12 1 274 75 23 227 64 26 174 199 231 148 240 121 238 294 24 166 193 18 41 115 8 187 243 228 0 191 230 237 270 111 201 48 63 74 189 95 287 290 284 150 101 98 85 4 137 234 205 215 77 3 181 157 251 32 194 159 144 68 67 28 275 292 82 128 42 139 184 61 245 129 6 261 210 241 198 212 170 147 19 223 136 86 83 244 248 134 22 204 109 249 31 65 
170 285 239 222 294 230 21 102 115 166 77 133 171 272 45 101 204 256 216 49 18 154 254 180 116 33 99 190 20 214 213 62 145 211 9 181 210 162 277 72 100 142 134 194 255 240 11 67 199 201 15 79 3 144 23 268 14 92 252 94 111 119 218 46 279 75 260 287 261 98 208 118 16 219 60 81 259 195 38 164 159 63 7 165 175 0 203 129 197 249 253 8 80 291 13 274 126 90 136 158 64 58 275 71 148 2 192 289 26 73 113 241 198 235 70 245 178 19 226 42 209 25 257 206 225 185 189 229 233 84 6 41 169 263 86 182 114 104 191 293 1 278 273 156 57 37 232 83 74 288 167 
171 49 146 43 21 155 62 47 247 143 27 26 200 289 23 269 264 290 112 116 276 292 98 110 251 72 132 205 170 268 261 69 149 216 223 34 117 30 189 182 185 238 56 96 211 173 127 87 57 28 88 109 249 63 167 178 212 119 254 61 236 229 64 94 232 74 7 107 156 270 33 48 190 160 83 163 125 16 166 199 274 181 99 123 32 161 265 150 209 85 237 113 108 114 272 106 40 195 42 130 184 197 153 29 191 50 220 201 8 115 158 86 221 214 142 183 1 97 79 25 157 139 5 35 208 6 118 180 256 222 224 192 164 126 287 93 230 81 281 19 59 228 277 15 53 225 226 
172 100 188 4 173 151 150 84 94 73 142 263 40 168 272 182 190 208 293 144 33 67 48 7 53 45 209 158 280 37 79 219 177 165 6 264 287 194 99 22 92 36 75 141 16 23 167 127 251 221 148 82 292 69 134 57 17 132 229 145 250 31 114 35 189 56 149 205 42 178 89 187 68 184 186 96 93 49 78 257 77 232 160 273 241 0 91 278 210 138 259 157 59 294 220 85 19 212 8 116 218 104 258 288 289 95 291 74 256 122 107 228 283 236 156 282 137 130 269 181 199 60 246 24 120 223 222 97 238 245 153 174 240 239 25 111 247 285 146 44 175 98 217 41 
173 108 61 110 23 120 158 230 64 225 172 260 116 183 25 72 223 78 49 91 280 47 169 234 45 30 162 231 222 181 248 123 210 103 121 54 255 17 293 71 56 268 203 42 15 95 197 155 288 233 201 154 29 35 282 191 171 131 26 7 8 279 221 76 247 130 196 156 272 12 228 145 13 258 89 14 202 51 204 217 270 69 218 148 206 284 220 238 147 174 104 125 88 1 27 195 189 271 168 40 93 63 5 139 21 19 10 22 165 199 92 236 73 117 244 240 32 122 246 266 273 257 224 219 136 254 75 177 82 153 20 60 38 74 193 245 115 39 129 100 211 57 194 70 135 
174 254 1 238 253 151 52 47 262 102 241 246 191 96 196 259 168 239 104 107 81 35 113 260 86 228 147 48 19 54 57 286 198 237 164 83 157 244 69 137 3 279 0 275 160 179 277 134 211 183 21 156 278 45 4 184 177 80 210 215 39 65 257 245 255 169 2 126 162 11 290 9 149 140 203 202 267 95 219 232 161 220 258 208 63 222 173 60 106 187 44 101 50 133 242 41 135 99 20 159 62 251 247 5 73 192 248 55 7 93 204 216 26 265 87 53 67 158 136 70 252 24 185 205 223 250 163 82 285 66 89 288 235 282 249 176 109 32 90 287 117 141 172 273 268 230 138 115 
175 87 100 88 127 201 225 203 274 22 294 76 236 20 86 207 63 51 265 99 219 67 47 276 238 250 160 251 134 42 168 44 41 147 90 21 287 48 246 36 244 198 143 280 142 214 223 15 158 89 284 10 43 119 93 78 208 202 80 156 289 92 269 107 45 17 183 229 241 98 27 71 101 132 291 6 94 224 182 152 50 222 102 96 103 115 270 157 228 77 7 283 75 58 184 288 279 189 237 139 181 170 205 8 187 110 248 72 97 111 133 210 124 267 121 83 112 164 193 130 277 211 135 49 177 95 81 192 151 278 141 65 259 32 82 268 52 215 163 14 114 120 286 282 172 118 117 4 
176 20 258 164 192 273 31 3 272 0 137 259 249 227 152 283 204 246 191 64 62 161 92 88 182 254 36 269 67 103 120 80 128 187 151 241 53 230 274 18 223 203 47 263 98 228 123 112 190 275 207 212 144 264 32 10 46 85 54 196 270 150 11 140 44 131 42 260 68 158 184 75 121 177 255 145 292 117 198 276 37 129 57 35 291 70 69 77 289 4 200 19 266 93 139 236 153 134 166 278 2 286 113 183 279 49 115 15 40 205 21 215 174 224 30 29 43 202 226 133 8 210 147 114 58 116 167 290 51 235 52 
177 136 104 276 183 69 250 191 5 143 194 198 31 44 107 291 117 111 271 99 133 60 195 68 84 134 236 9 103 13 172 251 231 83 100 157 292 211 228 151 189 49 96 76 224 294 260 63 149 192 215 17 73 4 204 148 158 109 3 245 223 174 234 235 19 0 268 179 270 26 88 64 247 145 58 140 7 165 242 176 219 249 279 230 257 283 261 222 115 190 78 29 51 278 217 41 154 244 25 206 54 37 259 82 252 239 72 138 53 181 256 91 161 106 214 30 216 218 18 221 281 130 155 232 272 74 175 265 46 95 173 229 110 93 129 168 280 167 178 237 225 160 55 180 56 127 264 57 246 122 50 24 
178 56 141 280 133 160 185 28 106 294 41 57 11 27 37 114 76 184 67 82 113 286 206 1 101 91 46 202 65 32 48 80 199 158 147 12 126 207 63 118 75 69 272 155 153 256 132 98 210 183 278 171 232 87 136 122 283 54 78 259 273 270 195 211 268 34 162 13 226 39 187 134 172 96 35 123 189 252 36 242 81 130 19 276 135 61 115 191 248 193 129 194 18 151 29 51 288 4 263 93 212 7 213 282 73 274 25 138 105 45 20 279 225 71 107 143 219 55 152 170 222 179 3 33 208 261 23 218 177 215 223 120 92 224 230 284 227 247 42 0 139 203 77 
179 246 51 88 239 33 0 72 211 145 94 39 52 80 217 112 187 73 104 89 205 44 266 196 95 114 130 247 225 83 20 57 243 167 161 281 125 259 159 218 229 156 10 129 63 155 289 227 154 43 136 174 162 120 17 226 210 257 158 24 291 109 146 60 3 27 201 124 25 131 285 269 37 11 220 262 177 206 76 127 240 193 144 143 279 224 157 233 273 249 107 209 32 185 287 221 65 237 116 34 140 75 141 255 284 71 36 106 68 48 85 265 28 98 38 16 231 5 26 128 163 235 286 64 67 202 178 78 264 288 222 126 164 110 203 258 190 100 199 148 40 132 45 19 
180 277 261 79 76 109 124 270 212 95 251 11 17 221 187 105 229 87 18 71 101 12 115 99 108 125 93 97 169 282 290 67 170 135 293 137 219 29 165 292 121 15 249 265 283 159 286 160 242 49 244 245 163 86 208 117 250 278 184 25 81 52 167 194 280 30 96 287 10 200 91 24 84 232 66 92 263 268 0 161 157 4 5 59 42 222 246 9 164 156 218 77 127 50 151 240 231 213 254 271 153 138 214 259 260 140 38 13 142 74 182 131 110 258 171 201 31 237 205 195 238 68 203 33 35 247 211 177 32 136 47 230 61 202 207 3 192 146 
181 136 163 97 236 152 19 249 131 11 277 41 251 183 17 1 86 114 117 54 173 234 128 235 221 40 246 67 113 241 194 185 219 201 55 293 2 170 22 110 96 120 282 284 111 278 12 189 56 192 228 200 275 204 230 190 61 202 6 243 46 263 286 257 207 232 48 58 259 93 223 115 3 167 53 98 88 95 245 248 132 203 90 250 101 154 69 171 291 10 220 231 28 47 254 276 143 72 65 5 218 175 141 270 162 159 73 177 39 193 133 289 262 169 15 78 119 148 215 244 294 266 172 138 137 216 157 51 87 109 205 121 281 226 134 285 33 224 126 217 89 279 
182 279 69 274 62 164 31 294 8 4 3 206 27 143 240 172 200 283 176 287 211 118 75 203 140 101 207 228 55 67 130 12 23 153 5 267 261 244 198 105 171 268 51 149 212 113 82 225 277 89 20 86 127 39 35 64 193 276 126 232 231 258 188 248 24 103 288 117 165 190 272 262 201 155 214 21 259 175 275 160 150 249 90 184 131 72 220 110 270 32 271 120 41 215 210 282 265 87 246 264 13 293 65 187 237 158 26 79 151 47 180 129 250 33 111 239 119 196 242 40 18 104 230 233 217 46 170 227 93 273 289 257 209 80 53 100 125 189 291 199 
183 129 103 165 177 11 29 173 92 181 128 36 51 226 31 151 156 197 44 47 114 149 37 12 148 230 252 91 248 211 225 99 205 30 19 101 152 184 266 137 57 65 213 219 83 112 160 142 223 216 238 185 118 39 288 49 33 67 22 116 246 285 41 25 174 178 202 110 72 87 175 191 85 76 212 93 74 254 272 133 5 16 145 161 105 283 257 125 138 240 195 96 193 106 198 66 35 208 121 262 204 21 255 0 26 235 90 45 159 58 234 113 123 241 215 56 287 43 171 120 162 186 259 97 236 73 77 176 54 187 237 264 271 63 281 102 214 190 34 28 280 70 242 64 265 78 14 17 
184 107 159 220 227 105 248 185 194 29 135 187 83 178 59 235 60 112 124 132 12 104 45 21 23 261 183 157 16 217 200 263 206 252 165 46 125 62 145 144 237 113 39 85 10 3 40 17 289 80 219 167 81 147 271 210 174 49 190 221 180 215 123 140 61 280 131 195 108 115 143 176 208 292 120 238 182 272 56 119 74 172 253 209 42 109 241 32 35 0 175 103 50 231 269 186 287 211 22 128 48 277 214 267 171 31 154 79 129 71 282 275 163 148 240 68 67 15 291 243 52 4 270 161 63 97 274 250 169 232 286 7 127 236 86 57 66 1 73 34 33 38 264 149 168 155 224 150 111 
185 26 186 294 178 274 144 12 273 90 72 52 184 207 67 80 191 36 245 202 228 59 100 129 231 256 9 224 190 162 279 27 68 209 3 152 136 187 79 181 125 35 223 69 169 285 94 193 121 171 43 237 230 2 249 215 183 57 108 31 272 253 115 10 208 11 235 112 158 168 155 89 219 83 44 262 17 221 97 160 278 113 259 84 179 49 216 290 42 260 154 242 261 288 189 280 243 276 64 14 217 110 248 33 282 60 81 137 8 258 174 34 291 54 286 32 222 127 199 135 269 118 102 13 170 20 225 134 103 200 109 275 5 28 163 37 205 120 50 62 251 122 214 
186 152 276 137 185 214 33 291 96 222 284 259 264 26 273 281 258 8 58 129 169 220 147 254 157 219 241 154 249 262 4 19 17 105 155 288 271 2 127 44 117 239 87 41 114 159 37 38 232 191 82 51 22 243 72 225 192 289 32 80 61 7 282 79 49 166 231 275 42 86 283 50 226 12 287 14 172 188 107 263 224 140 204 153 71 93 109 184 34 45 83 101 15 6 260 293 217 123 294 189 116 183 237 266 11 64 277 121 208 67 257 97 269 27 207 215 102 285 94 139 252 21 134 112 158 250 196 74 57 62 228 59 65 227 111 
187 228 122 133 82 134 98 225 83 280 47 13 180 18 179 292 184 9 211 112 247 87 107 102 237 15 149 288 243 244 71 51 199 76 44 156 148 91 28 100 37 185 140 274 201 57 11 213 218 246 176 216 34 167 229 119 105 284 240 49 138 56 268 285 66 94 80 103 38 4 142 191 269 224 227 68 222 155 168 202 123 8 106 159 294 262 33 59 271 85 136 291 43 161 81 178 74 109 172 197 154 141 169 99 265 121 108 93 23 3 239 174 150 79 26 208 231 196 175 25 204 195 205 6 77 193 252 258 58 145 97 48 182 126 257 220 286 163 5 242 22 183 255 214 95 69 89 152 110 46 118 194 78 55 0 250 238 1 290 212 165 162 50 151 
188 9 89 172 66 95 244 273 213 258 223 221 114 103 149 224 59 133 55 110 31 4 91 40 144 52 7 142 27 293 50 141 266 247 11 81 205 199 65 20 106 137 202 246 160 287 2 204 125 282 210 153 192 155 18 82 28 107 60 79 182 109 271 98 34 211 138 99 165 143 237 19 161 88 265 24 73 162 285 284 113 42 233 123 85 256 186 167 288 136 83 228 134 154 78 248 146 64 240 37 43 36 156 62 127 115 259 215 84 292 124 158 212 236 23 44 135 270 14 227 253 131 93 29 51 104 87 260 249 112 38 70 264 5 147 53 49 150 145 54 
189 103 281 261 240 83 139 268 9 224 211 153 53 27 274 80 117 79 90 293 108 0 156 244 288 89 247 88 290 101 100 133 235 38 56 44 73 177 84 253 212 55 171 278 258 286 94 226 125 63 181 116 264 220 230 148 91 190 196 43 205 75 92 262 236 287 166 201 292 172 222 232 22 143 228 257 162 58 294 96 178 198 110 109 203 216 227 42 82 13 31 173 175 119 169 221 47 185 18 46 195 59 51 124 164 20 34 123 145 32 111 154 39 186 202 68 60 197 277 165 14 251 136 238 62 132 152 126 97 210 248 170 255 237 24 93 168 217 167 141 135 95 61 104 146 192 140 182 142 
190 149 134 219 258 288 294 44 156 127 110 123 114 263 209 255 235 193 172 79 282 5 64 185 200 132 264 21 18 243 277 269 41 276 270 240 107 253 268 39 170 284 272 48 203 223 138 168 115 260 199 116 249 163 195 251 109 67 176 130 166 104 161 63 181 189 184 77 87 51 26 52 182 250 144 221 16 236 267 37 56 119 162 50 287 171 22 167 233 256 82 146 30 15 78 215 214 177 83 151 58 148 245 157 229 254 117 91 105 217 80 164 74 76 140 275 68 237 278 261 23 65 13 228 24 142 32 234 86 59 220 85 101 247 34 292 230 232 155 75 150 160 121 4 95 131 25 2 183 103 179 225 197 55 227 93 14 126 96 204 
191 90 227 78 166 48 73 248 16 121 123 177 35 219 214 237 185 235 63 176 52 120 67 61 87 60 174 84 269 245 246 111 158 273 165 140 141 119 65 128 106 12 46 98 173 79 287 187 32 238 209 162 264 186 255 257 45 240 267 126 157 183 250 30 6 234 205 293 149 142 146 21 99 213 44 216 124 280 85 169 282 33 96 178 202 102 20 272 290 236 15 93 22 229 171 220 242 43 144 286 195 11 196 58 283 7 18 159 222 105 224 2 47 163 274 66 94 155 17 164 260 137 89 69 258 198 262 170 70 0 243 50 268 3 9 247 27 203 114 108 285 
192 176 47 87 45 1 195 285 220 294 36 42 154 283 229 258 90 7 224 233 76 17 68 109 246 94 263 72 9 140 269 275 143 253 150 105 161 181 77 21 188 40 74 177 226 29 260 107 129 225 234 257 132 35 141 5 186 232 13 56 30 277 158 81 159 210 22 80 73 289 92 153 4 133 193 11 119 97 244 206 287 219 266 265 20 65 202 33 208 127 217 53 12 261 174 218 243 71 271 112 34 198 280 98 123 61 249 95 2 60 146 93 155 197 170 69 157 116 130 110 149 175 144 58 251 171 145 245 57 78 290 248 27 142 75 86 281 180 189 164 135 
193 240 275 270 56 291 216 209 45 29 109 272 223 157 62 88 190 48 129 125 79 58 167 14 137 86 212 281 239 52 95 213 227 217 274 83 185 231 230 205 102 126 163 220 34 26 23 155 243 69 25 1 50 248 182 287 82 162 222 225 196 146 179 16 241 169 123 121 143 66 192 110 250 183 127 55 107 42 266 178 286 138 15 226 9 46 233 100 273 99 187 211 228 181 130 119 256 153 44 258 288 276 17 89 175 145 106 168 290 242 235 97 133 93 207 94 238 165 245 247 12 136 47 200 54 135 173 74 251 118 221 43 252 158 244 160 49 84 
194 293 100 53 278 233 82 8 64 162 141 184 177 225 211 156 279 214 229 267 110 271 260 108 86 43 55 0 56 137 65 11 207 213 250 161 172 66 222 269 181 132 19 200 69 21 46 114 115 170 113 209 131 73 6 159 145 13 289 129 51 4 238 89 208 91 116 180 122 37 244 136 63 291 195 3 68 266 101 85 9 128 215 236 282 164 281 150 152 178 203 48 14 34 79 72 96 109 288 216 151 254 5 31 107 155 255 294 139 25 83 242 169 35 2 274 235 166 39 119 168 59 147 167 252 49 153 36 187 219 126 247 173 95 
195 8 200 254 236 77 249 271 14 0 192 60 136 234 230 258 294 293 206 233 177 162 259 260 49 209 269 107 163 197 69 219 123 143 124 281 199 141 211 220 261 13 98 70 100 227 190 64 40 263 161 221 24 130 48 257 93 82 47 117 74 87 178 208 109 153 126 242 184 15 41 278 225 292 86 114 250 241 151 272 194 3 284 183 140 134 142 67 223 83 170 173 66 35 240 276 189 265 287 31 273 171 21 30 150 166 187 214 103 120 191 34 62 50 232 56 137 78 253 29 90 131 4 158 245 129 155 244 118 283 84 246 55 20 207 180 95 19 23 238 91 128 288 274 101 139 202 38 16 73 
196 280 288 246 6 235 200 77 202 251 137 124 243 126 68 62 63 179 105 129 8 20 109 148 174 197 224 49 52 142 268 57 115 282 85 43 69 2 26 17 215 55 247 58 78 135 220 51 232 119 134 102 106 257 133 207 44 229 151 261 204 36 209 70 54 189 213 173 24 39 143 176 10 210 193 281 208 83 112 66 30 131 41 264 269 75 292 101 265 97 87 5 42 164 67 267 28 205 1 244 240 145 211 139 80 237 289 245 163 187 113 287 260 111 123 12 107 252 191 250 11 222 0 277 93 117 221 4 125 81 286 92 182 283 249 214 238 217 127 186 130 22 258 86 
197 47 203 287 112 40 294 44 253 24 65 129 111 138 223 274 239 183 105 283 79 244 196 120 124 4 116 119 293 226 98 195 173 257 69 64 17 220 117 6 95 277 237 54 123 269 228 80 268 154 89 168 198 48 131 231 147 108 30 164 59 53 208 128 22 45 10 240 118 218 290 29 187 60 67 42 216 90 2 167 151 33 62 101 270 77 265 227 282 26 87 280 224 78 285 211 202 170 171 141 19 222 63 158 156 132 7 110 233 85 126 255 264 127 161 189 192 284 146 278 250 68 254 159 83 291 121 32 94 38 259 107 16 149 97 276 190 114 93 3 130 230 103 21 
198 0 281 37 67 212 90 274 223 143 138 246 39 177 105 21 56 103 275 44 294 283 47 22 267 161 258 255 263 28 99 164 58 174 80 175 127 141 257 182 43 228 135 259 149 216 202 290 244 232 197 213 284 205 94 46 53 160 287 74 240 84 167 57 113 124 11 224 189 77 266 291 211 220 91 120 29 24 89 277 176 19 183 133 14 26 289 115 271 66 146 136 158 157 251 192 163 97 140 55 168 109 6 261 292 253 162 81 32 86 7 116 31 114 170 9 153 204 227 54 68 71 38 150 169 293 200 73 191 154 79 243 123 85 40 98 269 279 280 2 226 78 231 107 145 
199 48 47 260 286 205 86 116 251 140 93 246 138 252 51 275 155 19 289 80 154 223 26 291 78 261 3 22 187 288 224 188 178 95 102 218 231 133 216 9 280 24 254 108 68 195 6 70 249 37 61 190 233 146 41 114 130 66 147 5 63 13 71 163 46 166 170 139 49 278 169 88 167 124 112 118 54 38 17 111 21 29 11 60 212 171 52 247 215 125 115 7 206 97 279 76 267 239 219 250 85 62 15 173 18 105 235 87 59 172 117 35 185 258 67 96 106 129 257 245 160 33 264 230 271 14 179 266 81 207 214 150 182 
200 158 195 22 3 15 273 278 196 171 107 262 223 132 90 91 81 114 182 5 32 150 27 190 213 275 62 218 154 288 56 211 184 26 40 194 135 234 10 258 76 9 276 181 259 103 277 85 48 95 111 128 105 237 37 83 46 16 58 77 30 230 12 287 120 112 87 241 43 34 165 110 180 57 235 239 141 208 155 146 217 293 212 140 97 64 242 280 233 256 292 279 204 101 215 274 219 109 74 160 104 133 88 75 99 224 167 6 151 78 8 153 176 41 121 226 14 152 47 250 207 42 206 205 0 265 129 281 248 269 35 124 61 70 39 96 4 11 185 136 198 193 268 240 149 51 163 246 60 68 7 254 229 67 
201 128 167 294 32 137 35 48 175 160 36 73 72 253 97 233 239 49 62 108 238 133 123 12 153 145 81 95 206 244 98 28 237 187 272 105 156 223 181 106 154 136 6 173 111 67 102 258 125 34 273 119 60 164 130 27 75 115 227 68 222 170 79 71 179 283 29 189 83 290 265 236 46 182 18 144 40 264 88 107 152 126 87 0 63 30 287 96 169 38 277 109 211 241 82 122 168 275 94 225 110 26 220 93 148 251 146 41 203 171 13 131 44 19 3 37 70 85 54 209 271 230 269 129 47 10 202 180 245 266 158 240 51 242 57 210 252 254 58 65 268 76 147 215 214 162 
202 218 0 36 257 8 270 153 274 159 73 196 3 107 252 227 69 119 185 40 250 226 254 279 178 86 128 231 80 29 237 145 167 24 263 291 81 105 188 287 285 106 126 168 50 148 216 277 198 131 110 147 175 103 209 187 41 183 165 71 161 235 181 280 72 39 268 101 20 7 61 173 174 219 146 19 56 155 92 113 94 57 13 44 223 215 290 192 28 191 125 78 64 59 104 258 150 260 65 121 240 99 197 62 9 248 109 120 138 163 208 16 276 144 60 97 273 228 139 189 133 27 266 222 85 293 33 129 229 84 142 54 179 201 239 111 176 203 160 294 278 210 224 255 180 116 220 195 269 
203 197 164 175 63 99 14 291 241 76 59 275 272 38 56 160 46 155 105 69 100 210 146 182 81 125 35 42 173 37 213 251 165 282 4 190 127 78 176 57 62 29 145 65 115 22 169 253 281 72 256 77 139 219 252 247 259 138 96 292 270 116 71 30 245 75 27 263 68 21 134 48 258 216 174 159 142 248 154 273 84 129 181 286 79 189 255 109 20 261 47 126 89 264 194 136 223 17 117 32 279 269 111 13 170 82 3 70 294 93 201 221 90 5 246 228 278 235 98 104 233 277 118 83 260 131 249 80 12 274 217 119 61 212 293 87 91 214 180 202 64 276 55 101 6 54 44 103 236 179 108 7 284 225 123 268 135 58 267 33 191 178 
204 286 118 6 121 103 261 48 209 243 176 131 94 60 27 212 233 144 91 260 130 170 251 157 290 223 110 210 113 270 97 98 105 59 289 188 228 74 44 92 240 257 258 226 101 177 181 85 20 196 147 77 5 56 143 271 72 291 231 280 119 79 10 137 213 234 214 248 76 69 237 62 273 173 266 3 224 50 246 218 78 33 129 95 4 75 8 35 264 186 245 252 200 71 183 154 29 249 52 283 267 84 269 174 241 187 114 141 207 278 232 155 87 259 149 104 159 89 285 162 2 124 220 146 42 150 151 54 168 96 262 198 64 31 45 58 26 51 167 86 18 24 153 242 81 256 67 158 111 169 28 135 53 123 190 
205 242 57 114 27 199 56 243 37 155 118 128 259 292 255 179 149 13 1 213 10 246 171 115 241 264 94 78 239 183 127 188 12 83 85 277 88 158 294 119 218 152 123 193 216 60 52 215 121 226 124 285 97 67 160 198 89 84 189 214 23 45 108 129 0 293 270 280 291 172 191 120 126 248 75 86 233 141 29 7 261 77 156 62 196 72 159 251 209 38 162 41 240 100 104 111 6 28 73 21 24 175 230 222 187 33 68 169 236 288 235 137 43 59 265 174 200 290 142 112 267 125 176 61 181 180 269 14 262 266 103 258 90 92 3 206 263 185 47 234 143 253 4 49 113 
206 160 16 242 243 38 95 236 182 271 89 80 285 195 28 231 155 75 22 150 239 54 218 238 178 92 12 59 220 31 17 201 290 291 70 143 234 233 15 184 269 212 35 131 124 235 245 276 67 277 61 50 250 252 135 210 68 82 33 69 279 264 115 221 207 98 116 79 77 179 224 283 208 232 121 52 13 107 127 173 71 78 4 117 192 86 225 138 199 177 2 261 100 120 19 227 84 133 113 144 88 65 48 101 275 24 200 154 123 136 72 60 265 18 228 39 170 153 111 130 20 81 146 41 56 118 63 157 256 246 94 125 205 147 44 165 222 132 128 10 
207 1 289 278 82 245 81 100 86 74 250 84 185 5 83 272 57 72 175 230 7 283 23 144 110 219 117 133 134 20 40 63 153 194 129 294 155 21 97 182 18 112 42 116 178 30 141 95 13 123 113 70 244 255 32 151 169 60 240 196 16 275 232 234 176 291 218 115 206 107 216 293 181 146 29 145 263 65 90 64 76 121 26 34 71 288 292 109 19 44 249 22 260 80 139 259 28 92 48 93 58 122 124 252 11 159 204 221 277 228 101 200 130 281 264 269 212 193 222 186 165 195 209 45 160 119 43 88 114 180 156 199 268 
208 46 119 253 49 83 18 0 242 20 250 121 40 252 223 97 226 172 259 289 82 144 58 108 67 260 158 22 13 57 41 95 210 272 9 30 236 2 150 267 56 141 106 142 241 65 247 268 251 293 155 175 77 43 42 91 154 21 180 55 185 234 282 269 5 195 194 23 147 196 17 206 15 152 197 90 245 137 184 167 39 53 165 170 200 47 124 52 174 224 37 94 290 11 192 183 74 1 131 139 187 33 4 265 125 240 86 257 227 85 87 61 114 107 100 202 29 32 92 276 81 213 115 264 126 266 246 130 103 275 225 3 186 138 156 171 109 262 71 44 231 178 38 88 283 291 132 145 235 68 217 110 84 148 98 
209 44 62 143 3 82 85 149 193 123 86 210 119 26 259 204 163 269 19 190 270 133 42 105 122 172 73 144 195 185 11 66 52 64 231 4 278 8 134 229 72 136 97 15 98 39 89 264 29 24 257 118 157 112 90 35 152 95 120 191 194 25 202 138 0 196 285 30 273 50 245 142 53 37 137 38 106 36 236 179 162 184 243 14 40 47 154 171 102 131 276 205 129 248 225 74 27 91 51 57 111 223 96 128 226 260 246 48 116 216 67 201 13 76 265 219 17 56 242 151 125 262 147 230 274 77 284 170 12 21 207 271 63 45 83 126 228 20 232 75 140 61 182 6 254 110 94 100 34 49 
210 282 91 149 25 24 145 275 97 209 107 29 273 272 51 266 219 16 248 278 173 105 138 291 203 136 46 63 1 274 208 83 204 238 135 117 283 143 170 160 119 156 3 152 188 276 231 252 44 30 228 50 165 179 128 124 9 211 178 39 247 206 257 106 184 49 174 196 36 192 81 6 121 73 239 86 154 23 158 120 85 255 284 288 245 269 69 157 132 141 96 172 90 182 221 99 22 215 131 18 11 147 15 68 122 175 104 64 265 109 246 65 60 34 93 45 233 262 13 280 244 5 95 33 189 169 176 201 271 202 54 260 148 224 167 94 7 232 220 70 87 52 
211 71 292 115 85 254 179 189 265 12 156 194 29 16 93 187 257 86 42 152 56 138 182 236 34 139 183 273 224 35 200 281 177 21 92 158 255 102 83 170 54 91 134 88 3 94 195 121 23 171 103 231 1 14 47 289 274 174 210 11 166 124 36 157 163 235 18 249 232 188 67 25 178 48 45 105 287 247 291 215 250 168 148 275 212 259 143 198 30 278 261 248 107 64 40 260 129 201 226 277 280 151 196 119 184 128 153 197 133 162 282 213 55 193 140 214 78 53 32 285 8 96 80 61 120 122 175 144 111 131 15 271 66 65 75 17 286 41 69 233 180 31 219 243 283 95 242 173 237 267 68 245 
212 240 24 14 198 180 57 88 223 213 115 265 31 127 151 79 26 204 111 106 101 159 229 193 293 22 33 56 138 110 274 98 150 206 141 189 8 112 262 254 59 182 129 122 155 162 17 42 94 49 55 243 7 48 171 44 273 176 134 260 0 270 27 152 248 227 183 6 238 224 216 255 263 25 81 93 3 97 68 47 211 291 78 154 156 199 130 200 237 244 9 70 18 214 142 249 228 217 287 63 23 178 99 172 46 91 21 35 246 60 168 85 5 218 50 28 114 116 92 74 53 232 207 103 188 284 100 62 203 149 65 164 169 230 84 95 52 289 73 121 187 275 247 30 136 264 
213 121 63 278 91 188 131 82 231 216 105 106 212 292 253 64 95 247 275 133 96 76 157 103 151 34 164 143 257 43 205 163 200 152 77 120 194 267 153 193 136 244 187 203 66 114 37 215 252 170 183 169 223 219 27 132 3 26 128 98 7 237 1 198 255 245 196 271 242 74 217 274 150 204 273 227 126 264 236 191 101 110 15 12 44 290 54 123 162 249 281 72 287 141 51 158 78 263 97 246 109 90 146 40 8 279 42 85 22 178 118 222 268 211 248 28 161 276 259 288 180 154 11 69 208 148 86 138 144 80 127 156 21 230 251 272 269 262 58 88 94 130 52 57 24 218 100 167 25 258 111 73 68 122 291 36 33 233 260 
214 15 289 162 67 218 104 221 136 186 132 71 153 45 107 36 191 290 194 18 121 276 274 254 275 247 235 106 22 57 140 238 127 2 149 92 37 256 170 175 93 77 250 64 167 262 40 66 139 253 62 280 259 287 205 29 165 50 51 204 12 286 182 32 41 14 130 117 88 53 39 248 9 261 7 147 190 4 34 65 212 78 109 237 115 227 63 25 101 281 222 30 110 6 133 122 231 184 97 144 195 46 230 234 257 263 111 269 211 100 61 171 177 143 13 151 20 180 56 219 8 89 233 283 1 38 35 217 96 112 116 187 76 68 255 196 292 203 183 160 223 58 152 59 42 16 258 33 161 54 239 98 157 150 199 201 185 249 
215 42 15 119 46 157 0 64 279 132 10 153 85 270 227 56 168 77 290 96 51 50 2 79 247 131 128 161 156 70 196 130 213 98 272 221 29 278 63 58 23 124 97 185 217 86 101 109 205 177 242 39 245 273 280 127 174 184 243 20 84 107 252 143 44 6 112 151 211 7 111 9 25 87 140 287 232 220 190 123 47 194 202 199 138 200 228 18 182 256 152 210 259 266 104 241 4 276 183 226 72 169 164 144 110 155 188 249 262 291 181 17 59 1 27 30 222 108 116 81 113 13 34 253 45 71 233 176 32 21 8 186 37 178 89 175 294 73 40 223 24 117 22 224 99 41 100 62 201 286 26 16 
216 140 251 253 100 163 65 193 268 245 213 118 22 57 131 58 32 50 263 10 113 21 249 136 66 101 139 56 274 218 170 283 80 171 187 35 255 224 233 71 33 13 53 199 292 158 121 167 149 276 242 110 198 205 202 183 12 247 1 281 63 155 217 14 99 5 104 160 207 223 239 30 67 212 81 3 203 164 138 162 240 84 284 40 231 26 191 226 145 197 189 246 52 185 77 293 230 264 294 95 78 289 106 267 93 108 194 19 9 143 75 221 174 43 48 165 55 119 76 177 156 132 130 49 85 269 209 126 73 133 181 97 228 83 278 262 152 148 7 27 38 134 44 102 238 2 109 123 20 147 265 
217 230 39 84 51 62 14 247 179 249 4 233 61 42 120 97 226 221 45 109 99 24 150 15 193 184 80 32 123 82 6 66 38 246 77 258 215 87 125 262 148 70 137 252 216 279 135 239 147 291 91 117 167 231 213 242 72 108 173 219 78 259 9 52 112 27 232 227 69 237 285 200 75 0 245 158 92 155 1 177 12 89 212 128 146 192 236 93 149 235 10 83 190 185 294 186 287 48 7 144 3 290 218 88 107 241 162 244 2 129 90 224 203 214 36 275 68 270 37 164 35 18 243 189 59 280 182 196 30 47 274 141 142 288 161 181 168 208 152 71 86 254 172 16 
218 202 100 270 67 214 140 230 262 137 71 59 124 16 97 24 29 163 57 80 28 206 282 259 276 95 104 200 20 1 216 84 63 251 187 199 289 113 18 64 4 232 205 179 40 227 229 87 101 153 152 147 5 103 116 120 56 62 6 207 66 118 65 134 125 88 244 223 94 170 197 241 271 31 173 204 242 280 89 164 19 292 44 234 256 136 141 133 158 122 35 132 240 39 58 181 192 0 243 172 180 226 25 128 54 111 250 10 166 217 135 212 263 177 76 160 85 52 83 69 34 8 269 42 91 51 283 43 231 26 245 48 272 221 131 238 213 178 274 119 165 144 3 139 9 248 281 98 82 
219 168 72 190 58 127 278 239 244 96 235 56 11 191 34 271 102 279 253 55 160 210 99 207 106 169 92 247 175 80 226 46 24 144 172 186 28 272 7 10 17 23 255 57 78 181 27 139 165 136 73 195 105 180 183 213 74 112 145 154 292 259 249 60 123 12 3 184 66 203 230 282 93 134 67 232 140 44 130 135 153 245 146 111 265 185 284 47 19 202 109 174 31 217 81 128 227 222 260 13 131 6 177 83 288 114 54 192 32 261 273 170 138 101 15 62 125 5 200 269 246 199 50 124 240 88 238 248 91 86 95 110 225 132 257 40 43 103 133 214 9 156 22 209 173 178 69 286 36 290 68 242 29 117 2 194 258 211 159 151 87 152 
220 77 8 107 286 184 64 237 261 156 153 58 12 192 163 14 70 80 51 27 148 240 111 132 6 186 55 206 91 90 138 256 268 39 125 149 248 196 197 239 74 250 195 79 75 292 193 36 272 189 24 253 243 48 283 150 276 20 93 247 41 10 106 143 179 76 54 47 114 69 118 2 160 167 251 141 174 291 147 198 173 182 17 215 230 181 278 266 144 228 225 23 257 232 31 242 78 60 45 66 22 172 201 4 164 168 137 191 171 18 145 122 88 282 72 140 13 187 263 3 113 204 190 281 222 83 249 109 135 255 227 134 130 115 92 290 1 202 126 289 210 
221 242 214 17 188 50 161 127 68 15 106 180 279 32 255 154 272 245 20 145 169 217 130 288 225 274 129 140 181 234 147 19 150 52 148 90 38 66 87 133 215 63 172 49 76 99 239 48 287 173 37 259 91 159 195 51 247 257 98 155 206 184 74 113 132 124 143 105 190 4 112 146 97 185 151 21 96 77 117 149 243 179 27 65 70 35 233 189 72 210 278 79 216 238 237 31 203 36 291 104 120 226 207 0 254 171 141 229 282 177 92 258 100 196 119 43 22 94 61 144 128 6 82 41 271 218 33 280 166 126 101 228 55 165 13 28 193 136 
222 265 92 104 234 186 170 157 279 243 50 227 139 132 291 6 250 56 25 81 14 173 106 120 164 268 93 278 94 236 162 274 21 133 194 226 91 75 259 62 44 103 225 238 266 237 96 79 150 284 229 275 35 241 187 108 111 240 163 260 273 201 130 144 83 271 67 193 45 258 189 17 257 117 231 246 15 28 69 138 175 219 261 159 282 13 36 252 244 174 177 88 47 57 161 105 147 8 128 277 292 129 160 214 7 290 180 131 53 152 205 213 165 197 65 109 5 102 77 51 167 146 255 196 245 191 80 202 215 18 115 185 230 220 39 154 38 207 178 11 70 124 22 172 41 179 123 171 107 59 73 42 101 156 49 60 54 141 95 262 206 43 293 
223 237 224 139 226 95 188 198 212 264 173 239 82 242 151 66 200 247 90 168 294 286 193 118 134 208 252 115 197 140 86 160 106 238 45 71 199 145 150 61 65 126 54 114 10 266 283 77 288 204 171 185 201 267 19 44 231 175 213 176 33 63 190 36 130 183 69 277 42 32 56 281 39 144 21 104 177 40 12 20 49 216 108 181 273 218 99 103 76 235 278 143 158 91 263 98 254 138 72 202 1 102 255 195 270 124 152 96 153 276 34 274 203 84 156 55 8 282 209 161 230 113 265 155 73 5 132 97 0 174 279 41 111 154 87 172 74 142 38 75 59 57 162 68 178 121 110 4 214 22 269 14 169 215 246 105 122 
224 11 223 143 258 261 234 271 291 250 188 189 131 84 246 85 138 18 87 269 112 277 185 192 106 288 259 148 169 14 196 33 10 211 199 91 134 216 55 290 39 274 238 147 177 114 252 98 292 255 72 31 187 29 81 3 164 109 233 236 167 71 262 268 278 289 145 6 82 241 19 270 230 161 206 61 212 36 175 30 204 107 198 179 166 22 272 49 149 208 264 152 66 244 240 2 186 286 38 267 256 42 16 20 280 197 155 46 7 141 200 90 284 12 156 80 73 249 116 41 89 257 48 191 105 157 9 276 69 52 173 217 254 102 101 281 44 99 83 43 97 136 127 283 176 228 248 21 237 242 171 178 162 59 202 27 58 181 215 210 25 158 294 108 184 
225 238 294 173 236 187 130 175 11 15 290 194 271 139 1 108 51 289 93 179 44 136 119 260 9 221 292 85 99 74 227 183 247 57 276 235 159 222 36 113 10 273 77 182 91 264 121 117 145 54 280 192 22 164 101 168 269 285 146 186 253 243 90 98 68 92 8 193 138 137 141 80 122 79 25 110 37 12 102 73 7 33 195 162 48 158 67 27 160 206 103 66 134 86 153 100 220 155 83 106 116 89 209 268 201 13 266 240 248 96 254 150 228 219 69 252 75 245 40 267 52 178 18 208 32 20 23 19 263 107 3 170 185 95 161 177 14 190 114 203 279 251 16 171 63 
226 229 279 223 64 132 45 256 150 25 183 159 262 285 142 66 208 263 228 84 217 7 268 146 70 219 13 80 17 202 111 54 222 41 71 197 51 82 34 157 139 189 244 290 149 156 204 58 167 112 179 158 192 29 260 205 168 123 264 16 253 36 102 255 61 5 160 178 276 128 144 272 79 216 186 97 258 275 42 154 3 125 86 211 98 4 138 53 162 193 107 155 283 127 73 245 6 117 218 234 209 81 27 32 242 22 215 37 221 200 69 68 289 8 91 74 291 65 83 266 101 40 92 39 104 271 10 250 269 170 134 239 56 62 147 130 176 1 55 181 237 227 85 95 232 161 60 249 198 89 236 171 233 286 
227 143 259 191 72 184 32 222 119 262 61 202 249 15 176 215 29 137 276 250 44 91 31 81 55 64 225 260 293 193 290 264 253 279 152 86 49 156 261 233 110 5 0 154 294 21 179 218 16 240 136 82 195 6 103 9 187 128 132 252 96 201 243 51 153 255 169 212 163 265 106 63 89 68 75 213 97 271 70 219 145 134 159 62 138 39 115 217 14 234 57 93 11 123 59 189 22 90 79 244 2 33 289 130 127 20 76 214 52 150 197 167 282 258 95 208 102 140 206 26 133 160 116 247 144 58 36 269 48 239 251 164 37 256 78 267 139 292 198 274 8 188 165 30 291 111 121 220 148 87 230 114 226 42 178 182 7 104 284 236 190 285 242 186 
228 293 187 98 70 232 36 42 240 276 265 289 92 95 99 106 185 226 25 138 130 51 33 269 5 29 119 37 109 182 27 174 143 177 284 139 79 121 285 237 277 87 44 198 204 270 157 4 272 176 67 114 181 210 260 197 247 146 279 90 256 290 252 23 123 110 244 74 61 173 117 104 238 278 189 43 135 39 294 12 169 235 175 162 150 220 212 125 31 188 69 215 18 10 58 274 159 34 68 292 129 152 193 225 124 287 83 267 53 207 203 93 275 202 56 122 190 16 94 172 263 248 76 136 65 120 15 131 26 165 249 147 264 206 250 216 107 7 224 108 63 221 171 115 154 209 77 186 82 81 271 
229 60 226 115 104 80 2 92 26 180 101 265 254 87 103 155 134 194 192 212 81 283 169 70 22 1 275 19 243 209 249 94 116 187 274 109 141 250 251 179 276 271 267 162 34 218 222 165 168 77 196 25 97 129 258 20 15 241 172 144 154 68 252 171 10 166 259 44 175 122 289 107 72 261 257 142 268 31 83 157 0 270 18 82 281 118 145 234 240 55 237 105 95 123 190 255 113 288 148 158 239 191 247 221 89 143 202 167 39 269 65 177 233 294 127 119 51 170 133 12 120 164 156 52 200 132 43 245 126 
230 217 162 152 34 173 13 218 252 30 170 195 167 16 97 141 281 78 57 207 253 21 135 137 113 98 183 110 58 80 261 24 84 92 284 176 63 288 245 193 107 139 185 95 81 3 117 243 124 282 254 85 189 1 25 5 105 19 219 181 142 71 237 273 109 270 6 259 73 158 224 200 72 125 126 35 129 159 50 241 164 53 7 149 290 260 14 292 177 134 54 75 86 220 169 161 0 145 216 267 59 144 36 87 274 205 103 239 250 223 42 214 101 99 268 44 121 280 122 88 235 31 150 201 120 66 279 79 213 41 133 240 190 222 91 209 11 82 231 255 182 227 171 39 178 212 199 174 266 49 180 52 28 46 197 23 147 22 
231 76 22 236 115 213 59 264 18 83 158 101 262 54 137 185 206 173 119 271 282 104 96 265 260 209 177 202 151 163 199 223 40 35 193 240 239 48 124 156 276 246 211 146 21 210 168 14 268 45 86 261 133 56 1 182 197 3 286 135 47 217 204 71 233 58 169 222 244 39 16 41 186 267 78 88 216 166 80 34 153 68 258 259 55 181 165 77 131 11 184 269 214 187 289 44 23 139 52 32 255 64 102 4 111 180 237 113 108 82 160 291 251 8 179 140 85 38 7 24 89 63 19 74 0 218 109 208 280 249 106 97 275 230 143 122 50 75 116 157 279 95 103 67 28 13 294 198 
232 157 50 257 167 13 63 262 228 104 45 9 252 97 286 166 153 267 83 113 36 255 141 260 49 20 276 95 154 47 133 4 163 65 64 293 218 125 196 277 21 87 30 155 1 43 66 48 198 186 283 219 178 271 261 207 182 121 111 192 11 135 211 131 112 164 165 71 7 189 82 243 171 181 116 206 94 18 174 78 27 102 217 180 46 215 54 72 41 105 114 172 147 220 89 143 247 92 251 294 132 140 280 33 259 134 151 81 84 235 204 195 272 177 250 234 2 212 190 119 40 288 12 152 266 184 3 150 75 77 244 124 73 86 6 110 34 282 290 68 226 258 209 146 106 170 210 0 
233 96 41 194 58 293 271 10 122 270 217 195 201 169 6 204 63 108 44 157 192 95 57 25 264 137 88 151 140 206 216 290 4 227 2 173 281 162 85 199 98 250 97 289 234 126 18 26 109 79 224 80 48 119 0 92 89 261 267 24 231 163 166 54 52 167 27 142 15 164 190 179 262 31 68 103 188 23 280 205 51 246 121 200 248 274 116 221 42 291 148 22 266 193 158 50 156 278 150 12 145 197 292 37 107 263 203 257 130 155 70 251 125 131 214 19 144 14 165 72 235 265 124 129 229 210 244 110 61 215 240 211 253 170 256 279 182 7 115 275 29 213 249 133 226 
234 123 122 224 222 76 78 103 86 41 195 273 102 173 88 72 243 39 181 69 59 66 221 35 155 206 94 274 20 164 5 268 200 288 9 233 79 25 24 167 44 21 192 207 10 74 121 113 238 163 6 177 208 292 11 160 137 242 265 204 46 191 248 117 30 52 96 8 290 116 227 84 136 249 259 166 63 229 93 264 16 146 125 36 45 218 132 108 77 183 128 68 226 169 235 214 47 60 87 49 255 43 97 120 151 143 18 294 279 285 190 162 2 252 247 232 141 55 48 53 148 90 34 149 244 85 289 65 254 3 237 205 56 142 17 
235 94 57 65 67 270 2 106 196 260 126 104 243 293 219 0 48 62 155 191 12 138 113 190 290 168 184 110 88 9 181 214 269 5 151 35 139 189 24 70 127 128 225 242 102 38 95 206 116 23 265 251 129 275 284 244 93 103 55 249 286 37 142 50 159 73 202 74 177 211 18 288 121 185 164 143 257 30 223 87 200 99 13 28 119 228 145 78 146 45 156 117 268 72 183 136 51 217 250 241 107 234 39 33 205 232 21 203 132 266 199 59 230 279 161 179 291 194 273 100 69 193 11 97 63 170 233 280 174 271 157 144 52 92 7 115 66 32 3 133 96 208 85 176 287 26 42 
236 231 181 195 5 68 225 264 239 117 206 246 34 175 154 294 237 255 123 211 177 52 88 40 287 45 107 222 160 84 242 33 256 111 240 39 284 208 271 136 54 86 133 248 46 124 25 249 114 96 224 291 288 171 263 70 189 165 253 280 98 282 201 279 190 105 16 119 213 156 17 209 15 161 141 28 250 292 139 116 94 73 194 103 217 151 276 245 158 191 265 29 173 42 205 262 85 87 24 75 176 32 159 3 50 145 172 257 20 183 67 93 188 121 95 286 9 109 184 243 137 80 163 203 106 277 97 227 226 61 
237 223 153 261 72 220 6 191 131 168 165 187 70 271 274 157 56 236 149 286 109 242 86 161 3 74 122 34 269 148 79 238 201 1 202 159 97 53 76 146 126 228 174 55 222 185 184 290 282 96 24 294 197 129 84 46 5 213 143 47 105 2 36 275 200 277 230 288 113 256 188 291 106 251 17 4 14 204 127 22 263 33 101 258 128 38 94 30 217 41 125 212 273 267 169 87 107 229 152 214 179 171 260 116 175 27 154 156 247 196 18 278 144 43 252 268 10 221 52 285 231 190 82 141 54 69 182 71 186 39 137 64 42 140 134 183 108 115 63 284 98 180 13 224 189 239 177 245 226 276 253 83 80 114 15 167 234 150 259 62 28 211 142 249 280 155 
238 225 160 99 47 280 294 174 254 270 91 125 98 8 223 167 201 289 175 28 206 150 134 278 269 85 214 24 237 265 82 168 72 210 27 157 60 55 241 222 286 62 224 256 171 37 50 183 162 94 137 3 138 66 2 191 115 293 101 277 77 154 129 106 4 234 110 63 43 292 5 155 194 124 59 228 212 169 52 262 57 111 184 163 242 142 30 89 15 173 240 90 151 268 97 73 284 22 219 123 120 11 109 221 51 46 96 9 133 244 75 253 93 79 71 249 76 78 261 189 193 117 275 172 56 153 180 290 136 218 196 13 195 216 61 187 126 112 29 1 92 45 139 68 
239 150 179 219 236 110 170 223 47 154 98 30 61 5 91 162 197 274 201 126 133 96 38 40 113 206 165 193 174 77 205 169 112 263 22 247 160 123 259 164 36 116 265 56 70 220 231 114 87 111 57 107 8 186 131 4 60 221 68 79 135 44 120 108 249 50 285 290 95 147 139 45 217 26 246 9 66 82 72 157 216 240 125 39 69 210 254 244 71 271 109 24 200 243 52 88 187 280 73 41 161 199 16 148 177 21 2 119 144 230 137 229 275 146 168 167 31 128 250 99 277 159 166 158 103 227 252 127 94 48 292 226 29 25 182 283 202 156 262 17 1 291 237 64 155 172 264 3 27 289 245 214 58 253 
240 212 50 193 117 189 99 281 113 123 144 15 272 46 138 228 289 166 182 116 127 134 68 220 142 108 259 39 14 241 0 246 249 22 291 43 190 286 270 139 47 84 40 96 251 187 236 250 104 164 155 61 231 129 168 204 227 10 125 207 88 170 146 222 105 76 191 2 72 169 239 268 198 285 179 7 197 216 277 276 160 269 45 114 98 23 73 238 274 183 248 63 229 161 279 65 31 224 67 150 196 159 195 120 218 205 188 208 56 33 225 149 80 3 202 219 111 294 283 253 180 16 122 288 264 112 173 147 184 273 156 54 42 244 82 70 5 287 135 230 260 95 137 18 233 201 131 97 172 110 86 255 200 44 20 62 133 75 109 11 
241 113 282 131 94 57 18 257 93 70 151 10 12 275 203 121 41 95 67 174 32 146 291 29 53 205 250 265 19 240 243 249 86 181 186 285 122 72 163 65 293 27 160 176 238 150 21 114 253 9 42 152 134 208 262 125 2 51 222 1 117 229 92 242 39 168 175 144 63 224 161 132 137 193 200 20 4 247 7 218 230 251 97 138 130 195 64 167 258 184 71 13 89 201 84 49 172 280 59 78 143 85 235 183 259 204 215 246 266 276 149 66 256 91 217 141 170 260 279 52 164 88 48 290 118 244 81 142 126 16 169 147 34 248 120 115 278 105 264 108 112 15 
242 205 159 221 206 276 58 277 260 101 284 223 136 208 282 162 155 264 249 156 114 76 81 283 237 92 78 60 164 15 236 96 257 292 74 266 235 246 88 93 9 61 216 91 180 287 33 18 150 290 215 250 5 279 52 7 94 157 129 29 142 241 255 213 36 125 143 146 87 46 234 103 168 83 217 195 55 127 56 104 288 59 177 273 14 238 178 66 218 63 1 86 268 261 3 274 26 32 200 185 174 100 34 220 151 160 68 107 98 133 275 269 226 265 191 25 67 57 111 0 163 194 37 19 280 95 16 193 209 187 27 153 182 219 224 201 294 62 2 120 204 183 49 132 211 109 227 64 
243 72 138 45 58 206 205 131 89 235 51 270 86 133 115 129 222 196 82 248 135 204 234 187 151 85 81 190 69 258 60 262 142 26 80 179 29 241 12 229 92 3 247 19 134 39 6 230 41 27 165 8 257 193 110 155 103 212 220 294 158 76 38 227 254 252 186 52 225 49 154 181 280 232 215 21 119 9 159 104 90 122 139 88 144 291 281 163 239 277 20 169 209 15 79 35 221 256 264 84 164 31 245 18 267 150 77 185 268 192 218 253 24 128 66 244 70 184 160 10 125 285 250 249 33 59 157 62 152 236 286 217 123 97 108 198 191 211 284 127 94 149 261 
244 57 102 27 270 188 17 219 47 134 149 245 271 60 1 269 55 41 275 187 11 189 22 146 197 76 31 259 21 40 10 201 13 70 15 213 175 277 246 81 182 110 116 158 174 207 226 288 73 139 109 53 235 144 45 252 289 293 167 49 198 180 251 253 228 281 19 96 39 77 67 218 231 29 239 136 194 69 43 192 132 222 105 227 212 122 93 79 224 280 196 117 177 36 108 286 20 113 276 91 85 243 128 173 131 58 35 238 217 5 160 181 240 137 115 12 38 14 247 292 195 141 282 233 257 234 241 232 210 44 272 168 101 135 23 140 278 164 169 156 265 124 100 193 138 
245 4 100 266 216 59 207 293 122 21 105 244 185 221 274 128 167 125 74 96 282 153 55 251 51 39 114 103 191 42 84 267 164 261 288 166 230 44 90 109 206 257 24 256 278 95 31 49 149 130 215 177 180 57 121 213 62 68 219 203 209 174 254 139 56 92 65 101 33 162 208 41 262 147 181 47 13 64 132 134 110 217 210 0 269 243 204 265 190 9 252 236 196 93 30 226 80 276 263 38 284 222 148 160 67 141 225 94 250 23 279 277 116 83 88 195 135 145 170 144 156 193 218 169 201 98 290 5 172 199 107 192 131 237 133 173 1 58 29 28 25 151 239 159 85 253 108 168 63 229 129 211 
246 179 108 84 98 63 196 96 138 2 40 199 198 224 236 71 86 32 262 176 52 265 28 17 174 249 266 159 205 162 123 65 76 254 10 134 181 117 269 130 240 191 77 146 27 187 192 74 293 242 276 120 30 175 118 188 244 131 24 285 217 72 140 168 231 289 253 261 139 183 128 125 133 248 43 36 111 272 239 284 258 222 148 82 80 204 37 18 88 66 112 216 233 260 279 3 6 152 268 256 9 277 213 259 5 47 257 219 180 8 270 56 292 212 142 106 241 61 39 144 274 182 135 203 271 107 209 87 166 208 64 19 173 45 275 210 172 121 167 104 54 119 251 195 13 103 25 158 206 200 143 223 177 113 60 110 70 264 99 
247 41 126 56 137 171 4 217 9 162 71 38 223 213 28 12 275 130 44 187 125 40 86 129 42 131 179 219 89 215 214 119 188 283 189 225 138 57 294 47 81 115 239 196 54 10 243 154 269 257 123 248 52 167 256 158 45 105 113 62 68 208 216 228 82 95 284 210 203 173 78 280 64 221 148 220 111 140 282 39 211 177 166 142 241 266 73 65 90 99 251 199 249 69 67 157 25 153 53 232 101 114 133 159 100 174 237 3 80 147 93 35 1 139 229 293 70 279 227 145 29 48 107 253 285 37 234 190 26 244 75 272 193 85 270 87 277 76 180 34 172 43 104 178 55 110 149 194 112 212 191 151 24 
248 19 27 51 70 191 117 146 21 184 34 88 275 77 243 110 119 149 256 210 65 173 54 156 283 183 258 87 43 281 22 163 153 8 220 164 265 272 78 58 13 152 247 278 236 145 2 25 3 86 267 246 106 193 45 270 49 182 130 212 35 42 7 18 282 204 116 135 102 1 234 126 292 203 214 181 121 162 205 99 264 81 89 240 286 211 124 178 263 233 273 188 209 82 136 276 174 56 219 225 185 202 213 166 147 80 40 175 24 33 129 39 132 150 114 228 95 251 279 262 105 57 200 123 144 17 189 224 91 241 165 148 47 192 169 14 32 112 26 218 74 139 
249 181 0 195 64 34 24 217 10 227 176 131 48 142 31 242 38 246 250 216 127 36 263 103 283 163 264 254 102 241 240 81 186 134 53 229 83 60 167 63 289 138 282 259 199 185 110 180 126 190 219 18 7 153 57 151 235 270 171 109 75 236 294 239 155 258 111 211 113 65 67 40 159 267 8 135 168 79 292 182 99 279 149 94 266 9 30 177 179 148 234 26 73 247 213 13 207 212 16 32 161 93 95 58 204 152 253 76 47 287 170 272 268 116 69 224 192 143 291 215 98 273 203 290 101 238 46 125 228 139 51 243 144 19 220 107 174 39 252 231 277 56 105 196 4 188 130 61 90 33 226 160 233 12 237 80 2 169 55 214 
250 127 101 21 278 177 224 54 162 74 207 14 138 268 134 52 208 43 222 33 259 126 227 5 53 249 148 277 51 175 1 93 241 40 202 26 194 80 68 115 66 169 292 78 7 240 71 229 86 285 286 214 220 266 98 35 233 60 116 272 206 167 270 242 31 8 156 42 12 110 172 143 180 158 190 282 191 32 263 264 211 271 265 255 36 153 195 159 276 236 181 193 164 44 90 140 46 119 128 258 2 102 287 0 288 199 122 235 29 15 230 146 34 165 239 218 82 91 147 252 196 72 200 251 245 232 174 141 48 108 243 197 182 226 184 228 9 284 56 261 152 88 61 254 4 186 49 187 154 104 125 142 
251 63 280 216 12 128 92 106 180 199 261 196 181 107 5 154 28 37 171 125 0 90 103 19 80 98 175 245 275 204 47 61 285 167 177 13 143 218 27 91 43 26 100 203 105 66 240 259 281 86 44 82 172 229 283 271 286 99 235 190 208 32 253 244 109 76 21 36 49 75 237 159 265 62 241 67 220 17 23 247 258 148 31 268 135 205 29 56 232 52 142 174 284 118 149 198 72 6 130 201 254 162 139 97 77 84 134 276 169 146 231 250 278 233 101 227 160 263 248 260 273 257 213 287 189 246 96 192 68 20 267 7 112 193 94 2 124 225 153 255 289 185 
252 168 291 230 109 113 115 108 232 202 89 274 199 45 123 208 90 60 112 223 153 79 54 70 128 75 183 254 68 76 139 138 119 55 114 10 40 253 95 276 184 213 163 224 126 124 286 258 157 259 210 272 102 69 284 206 244 203 227 105 261 228 243 270 217 229 25 48 18 255 107 1 3 170 93 215 161 106 127 267 81 140 27 178 283 67 13 222 58 110 125 77 204 158 280 137 33 87 177 101 287 245 36 136 237 99 16 34 187 207 8 196 292 225 174 250 42 41 26 46 260 17 234 239 14 97 28 279 100 194 84 249 49 50 51 186 201 4 118 35 142 30 74 193 290 271 
253 216 208 146 49 111 201 213 121 39 174 197 134 137 48 18 219 98 90 230 157 258 259 126 44 35 7 116 227 190 107 252 1 79 25 140 66 189 241 284 269 192 115 13 246 76 112 40 165 56 203 122 220 214 82 62 288 185 251 45 26 226 244 130 152 61 270 225 283 236 277 86 64 15 104 96 53 138 184 36 113 125 109 102 124 81 42 293 70 279 159 249 8 71 240 278 170 243 47 30 110 108 101 158 51 198 238 195 247 123 54 24 89 93 264 129 215 188 271 72 233 256 84 237 267 29 245 205 103 262 239 290 
254 174 195 79 155 104 211 62 133 65 100 238 229 141 17 294 85 10 176 214 265 74 99 37 160 252 73 186 246 39 202 249 291 255 57 170 293 90 275 71 267 120 199 145 212 132 13 125 103 28 117 230 279 83 258 243 111 157 285 116 171 128 245 269 22 35 161 123 183 95 239 149 287 136 51 135 45 59 165 223 44 91 268 105 25 181 46 257 69 190 263 56 33 130 194 77 50 225 260 251 221 115 180 274 102 164 142 276 70 55 292 261 121 143 86 72 119 173 224 2 197 129 290 137 20 41 234 6 29 201 250 40 7 286 277 92 278 200 158 30 9 217 3 209 
255 40 270 114 168 142 2 16 10 3 221 35 97 190 49 79 100 205 169 232 236 257 121 132 139 198 173 56 254 163 266 140 99 219 107 137 167 216 211 1 73 108 84 224 207 153 154 47 98 116 65 170 19 122 85 213 51 191 4 227 242 86 174 252 102 160 226 34 103 110 133 272 212 291 258 143 9 22 292 273 250 76 36 43 151 80 282 70 210 203 176 72 223 162 159 183 229 37 179 286 71 231 117 68 194 83 24 234 78 87 104 61 128 222 269 75 197 264 32 293 134 101 89 118 289 115 281 259 31 220 58 145 283 187 6 158 29 214 189 141 230 267 240 18 52 146 125 277 14 202 262 251 
256 162 42 73 284 161 167 79 260 226 148 39 136 127 124 102 282 132 30 118 185 134 248 163 100 291 122 26 84 170 32 97 112 274 236 27 220 268 214 58 238 60 21 66 285 245 69 5 247 164 22 203 178 11 290 68 138 228 129 48 51 109 277 237 130 62 267 57 7 153 264 13 137 104 190 280 6 293 243 188 76 270 200 218 37 46 224 246 276 135 294 110 215 38 257 54 177 20 154 55 172 82 193 241 168 149 95 15 44 25 160 81 227 63 116 35 87 23 17 143 101 0 103 171 287 96 159 233 204 273 253 206 151 70 107 98 146 56 272 166 
257 202 286 232 284 11 241 155 19 135 31 114 82 86 211 71 94 17 47 158 213 44 164 54 258 106 0 255 144 157 108 110 8 81 242 159 72 93 107 197 67 198 35 263 87 36 123 247 245 209 131 133 204 196 129 48 243 100 179 285 70 40 3 210 272 191 42 195 192 261 221 84 104 102 147 270 264 288 174 275 222 181 33 25 189 235 75 4 229 24 125 92 273 49 292 276 183 177 266 89 60 88 172 141 134 265 91 259 46 220 254 26 246 16 168 208 45 63 111 256 140 269 214 59 32 98 130 219 66 83 233 224 187 277 9 236 90 251 51 27 62 173 186 117 161 12 112 122 279 165 244 170 199 23 20 289 77 148 280 151 58 29 136 22 167 15 182 146 113 
258 12 176 224 190 117 59 188 284 102 56 119 95 195 10 0 39 186 42 137 283 85 192 152 132 127 18 21 287 257 278 163 253 158 198 248 243 71 92 22 157 61 51 88 189 79 98 67 217 252 37 200 204 30 140 269 272 6 66 201 93 229 263 254 249 82 182 164 275 29 222 135 43 246 282 112 173 167 292 203 46 13 255 128 103 8 289 38 78 237 271 131 226 174 251 241 231 159 11 50 286 250 68 202 150 19 94 84 227 63 161 267 57 149 172 25 62 187 133 47 125 148 270 185 193 58 76 115 96 147 261 139 221 55 100 165 20 199 180 86 168 120 281 162 191 213 205 116 32 179 219 214 144 232 72 260 26 196 
259 227 43 115 93 186 205 209 107 176 150 250 157 208 274 133 158 266 65 195 224 87 240 34 253 218 174 287 164 244 82 6 103 268 106 25 222 179 239 36 151 251 152 100 198 249 154 219 20 252 280 77 105 102 169 136 109 200 221 28 101 203 279 94 214 145 135 52 84 121 5 230 276 283 178 140 229 291 120 81 181 275 67 53 182 57 49 86 160 89 217 211 33 31 234 185 231 64 170 7 74 2 257 117 246 172 177 207 75 272 215 241 92 232 22 213 188 59 66 148 10 204 180 119 293 183 286 270 116 38 37 132 282 255 29 175 56 44 163 141 197 166 124 111 39 237 
260 70 5 199 89 103 64 30 235 242 278 87 173 74 100 256 276 16 121 169 27 111 292 37 2 194 232 24 225 195 208 115 204 50 147 231 227 274 277 88 167 49 174 1 150 154 21 53 12 120 279 46 190 122 6 109 177 153 143 228 192 72 226 118 222 77 212 284 113 294 112 26 139 62 86 163 11 38 51 52 33 272 176 131 271 170 45 95 219 34 230 134 288 246 185 102 129 211 207 84 281 90 237 155 23 282 202 15 280 133 107 85 261 186 18 196 254 114 93 83 270 76 209 263 283 203 252 94 180 117 47 66 251 241 240 98 48 35 99 191 132 36 92 79 141 188 60 42 267 291 210 162 265 269 108 258 213 287 166 
261 189 237 180 40 139 224 102 220 251 58 204 288 108 268 64 144 75 134 29 73 50 199 47 59 133 137 165 3 69 99 171 83 2 277 230 245 184 87 227 182 143 166 278 77 11 41 195 28 246 52 168 22 0 196 252 44 92 45 231 232 167 55 23 257 146 132 233 39 62 31 81 79 164 94 229 151 4 266 222 274 170 214 275 60 284 142 242 177 211 219 26 131 203 205 101 157 124 185 141 95 192 206 126 93 270 114 15 76 272 138 260 294 54 265 148 190 287 105 117 25 100 283 21 198 291 158 258 281 10 282 254 264 8 120 67 238 53 19 32 150 155 27 103 169 97 178 250 106 82 20 84 57 85 72 16 130 80 243 
262 92 119 78 232 218 31 89 200 10 72 1 3 154 227 155 231 166 246 152 226 150 110 164 174 156 160 42 294 127 243 64 158 20 167 113 186 96 142 58 162 37 106 212 45 214 138 74 277 263 217 80 241 62 139 83 270 168 81 264 147 224 102 187 189 125 122 54 104 179 182 274 266 130 132 73 13 238 185 245 281 61 121 144 233 8 275 84 93 120 14 183 49 109 69 101 5 278 33 236 159 181 103 117 215 149 115 53 112 284 151 248 209 100 204 124 208 52 66 285 213 133 210 129 7 239 216 17 205 136 30 47 191 77 107 91 4 11 222 75 255 253 86 67 
263 95 165 87 128 35 294 103 81 291 0 137 172 282 142 190 10 216 226 267 249 266 153 198 69 66 277 14 2 239 92 184 202 192 257 58 122 156 50 13 176 143 21 162 262 80 264 93 133 268 290 195 258 132 292 131 32 236 270 181 203 38 250 68 212 6 100 207 43 237 134 152 271 52 136 223 94 97 180 72 7 186 275 248 213 60 61 105 107 254 274 178 120 12 42 119 37 18 214 73 71 284 285 245 218 260 41 40 27 233 139 228 220 140 251 59 112 108 22 48 84 145 225 117 265 160 98 76 163 4 170 272 90 127 205 78 161 286 106 151 
264 105 130 145 122 236 41 87 43 223 231 186 54 274 292 285 81 1 71 171 242 148 66 18 90 99 161 132 190 116 135 205 289 146 249 143 128 233 172 141 227 34 9 72 96 209 50 278 92 225 102 189 263 13 40 191 262 163 76 131 111 226 3 166 164 176 48 206 257 97 89 156 69 31 24 77 88 44 119 268 250 256 49 136 201 213 294 196 93 100 248 79 30 75 224 243 234 203 204 154 23 216 7 94 59 70 112 286 279 290 14 73 36 281 46 91 113 182 240 208 197 255 20 207 261 61 110 253 165 28 39 86 228 179 183 98 6 277 82 63 239 22 199 188 53 241 177 80 42 184 95 4 246 212 17 117 
265 152 222 22 4 211 290 212 91 228 52 9 96 229 136 161 291 246 79 175 29 46 144 254 94 50 287 231 59 241 293 42 238 95 121 239 21 271 248 122 140 84 30 119 235 125 180 274 77 167 57 56 12 151 63 123 51 5 110 201 158 227 53 234 219 138 251 0 188 164 13 143 49 285 250 196 2 284 149 40 187 37 162 43 192 139 128 282 272 108 171 92 269 257 197 10 245 126 118 89 208 276 195 44 36 24 236 174 182 111 113 242 223 35 261 85 146 19 72 101 179 210 70 86 205 65 34 78 8 200 102 209 165 177 233 206 31 7 114 67 263 18 281 14 17 76 135 183 244 260 267 116 134 216 
266 149 21 245 121 93 74 282 97 210 294 179 144 246 263 14 259 289 188 223 13 255 139 84 151 183 242 17 87 288 64 222 271 6 152 25 56 99 53 250 81 128 22 291 47 40 27 3 86 66 41 113 135 55 137 293 131 83 262 105 51 4 94 63 204 247 68 158 287 261 125 249 44 198 145 257 192 114 194 155 220 165 274 73 193 112 161 29 122 88 37 166 67 270 225 233 132 276 215 241 159 46 176 235 141 208 202 186 123 136 181 284 173 226 111 269 162 273 36 232 201 129 157 130 9 205 92 168 281 2 230 199 
267 149 135 158 167 275 25 87 141 36 78 67 79 63 232 194 94 126 263 276 160 198 137 101 62 30 127 213 282 102 52 245 277 34 223 131 128 54 60 182 254 294 154 100 208 229 82 93 29 39 110 143 81 16 17 123 283 91 248 75 14 233 139 278 191 12 256 249 121 190 174 289 159 134 252 129 231 37 161 105 8 33 284 89 237 196 20 230 224 243 199 142 122 66 113 216 53 10 204 184 7 258 164 146 57 88 27 228 64 175 290 46 5 92 280 32 225 72 97 111 227 205 42 70 13 132 24 279 165 251 35 255 2 0 260 253 265 58 286 150 77 211 203 147 48 
268 139 189 216 164 99 250 23 261 114 0 39 272 144 1 68 281 80 126 226 222 285 59 130 196 171 88 107 259 280 123 121 282 173 190 220 71 95 256 169 36 153 19 187 275 168 182 270 115 165 132 234 42 162 112 133 231 208 74 118 263 197 60 290 146 119 145 100 63 224 294 278 202 18 177 155 12 170 85 94 178 49 240 264 156 35 229 279 138 122 147 150 293 242 180 13 31 251 254 129 238 246 154 235 273 140 225 243 237 21 213 113 249 87 109 230 86 137 269 128 82 41 20 47 143 72 160 50 16 56 175 92 83 174 200 3 125 201 97 191 124 84 203 207 
269 25 118 114 209 171 224 130 52 244 108 176 228 235 237 191 238 190 246 195 194 148 22 206 192 95 35 247 253 152 135 75 10 28 140 258 197 83 151 187 160 115 21 117 159 149 24 106 225 49 78 175 143 136 125 66 90 179 208 120 254 98 85 158 36 134 281 47 102 41 69 196 14 71 240 274 154 6 88 166 167 99 31 4 210 245 265 63 132 93 9 276 184 272 219 231 294 86 82 203 128 107 204 242 119 76 257 214 268 30 2 275 150 255 51 290 123 216 227 172 56 201 34 207 33 218 266 292 15 200 229 226 213 19 165 185 186 70 205 100 68 285 141 223 198 260 42 32 202 
270 218 193 255 235 244 150 93 180 202 243 24 147 293 215 233 105 238 41 36 209 277 34 18 60 90 55 11 131 156 190 240 108 146 94 141 39 204 98 129 268 228 16 25 21 250 249 262 46 65 47 52 248 134 107 252 9 203 87 253 212 230 257 263 176 178 224 177 272 59 205 124 155 171 173 50 285 95 229 175 73 182 169 83 165 223 289 197 256 86 279 266 81 79 261 181 109 246 40 119 3 130 56 102 75 260 100 148 258 168 2 51 138 43 106 259 184 103 31 63 68 188 294 4 247 217 117 274 291 62 54 78 101 91 163 152 71 120 85 122 114 44 37 137 
271 141 95 132 26 34 97 224 195 98 233 65 109 219 129 149 225 206 244 41 237 37 275 194 66 31 177 231 283 121 78 44 60 125 85 36 12 266 40 142 152 186 87 236 128 265 89 229 251 133 19 151 74 93 67 61 279 23 80 232 166 184 153 204 213 57 188 42 222 140 187 88 107 155 227 117 260 17 250 218 239 258 263 20 108 278 112 138 4 5 156 154 276 50 0 292 90 173 182 18 9 77 198 76 120 58 15 113 45 124 290 43 192 116 72 130 162 246 180 81 99 150 16 167 147 115 119 201 272 83 62 288 226 211 235 79 183 27 221 6 253 75 281 209 94 110 210 199 96 28 84 157 228 39 252 
272 59 132 7 240 176 193 78 207 127 221 172 268 210 32 203 35 276 19 33 37 170 104 8 135 133 162 219 28 201 148 137 48 283 118 208 165 84 61 190 13 161 293 275 215 248 178 228 10 92 220 250 258 252 185 73 125 83 257 146 151 57 138 280 246 18 287 173 122 85 86 31 182 270 255 285 260 70 55 60 183 226 277 90 195 224 184 101 109 294 74 265 54 1 166 106 145 40 269 3 171 53 259 191 30 261 249 69 281 115 129 100 42 286 46 117 47 98 289 232 6 95 99 75 79 271 177 21 102 213 23 247 291 218 154 34 244 80 11 114 263 77 119 65 81 141 82 256 
273 169 14 200 72 188 176 19 185 33 36 165 144 47 234 186 16 210 10 68 84 62 211 52 38 161 159 191 115 113 149 294 285 104 51 278 225 61 73 18 152 201 284 58 146 222 212 215 283 209 92 230 103 178 292 75 43 213 128 204 223 9 277 255 257 242 203 42 179 156 219 237 101 121 114 0 53 248 172 95 102 5 268 274 154 107 90 195 70 193 109 3 153 69 74 17 135 134 202 6 158 240 110 46 86 235 249 173 251 116 138 37 60 266 140 133 136 160 147 174 293 256 289 182 49 48 170 88 124 67 15 50 99 
274 182 4 53 185 13 137 289 198 202 175 85 32 21 252 264 78 24 245 189 197 239 23 77 237 161 140 287 214 259 282 160 221 80 135 26 145 216 260 222 212 187 210 256 234 60 67 193 106 292 176 229 224 139 131 47 265 158 291 211 10 61 148 132 123 18 165 169 153 83 275 50 116 81 213 262 12 159 167 73 74 108 0 141 129 92 269 11 109 261 138 114 240 56 171 242 113 154 266 5 233 223 156 33 121 27 273 200 19 263 230 44 228 22 111 75 87 279 39 178 66 246 112 163 170 43 40 95 9 93 254 142 284 20 194 127 72 84 286 164 203 102 191 184 209 227 117 49 270 285 276 110 130 218 45 42 217 195 15 34 88 281 94 
275 193 40 85 52 210 293 48 267 61 248 241 134 213 276 247 110 127 199 0 159 271 203 9 125 244 198 214 200 36 251 149 70 146 136 229 101 11 137 34 111 116 287 254 79 27 28 192 272 89 44 268 290 95 10 235 174 97 222 64 38 87 280 181 207 2 176 145 237 106 258 167 17 100 257 274 259 23 102 182 186 286 211 144 92 72 278 262 226 261 78 108 35 24 130 263 18 67 91 41 201 68 168 59 117 88 4 157 26 242 239 190 66 184 228 269 123 33 206 170 76 169 5 155 246 208 14 277 126 16 112 29 166 217 21 54 77 238 107 151 231 3 185 114 233 212 119 46 284 
276 186 242 177 91 71 260 228 275 5 90 96 171 54 21 0 227 89 214 267 117 289 290 272 175 72 218 41 165 232 115 83 156 190 44 139 104 225 19 106 252 246 138 161 294 94 14 61 69 279 168 118 229 292 140 206 216 231 121 38 113 210 200 287 144 182 220 40 37 129 60 102 259 36 110 20 15 1 226 162 240 124 250 257 178 11 34 79 271 176 131 223 209 181 269 195 256 185 153 9 265 236 132 65 39 248 134 266 244 45 154 241 215 213 87 127 119 202 141 251 245 208 88 63 193 7 254 47 55 101 76 224 95 31 159 25 51 35 288 2 277 17 274 203 237 158 285 59 197 120 81 293 67 6 
277 180 21 72 242 116 4 181 80 155 113 81 224 283 94 41 2 270 44 250 142 55 18 190 154 261 263 260 22 292 38 69 282 108 267 67 205 19 244 228 36 42 30 100 170 232 281 126 206 202 262 223 197 174 182 12 58 129 46 15 153 238 17 200 13 237 99 137 192 256 45 159 43 92 253 284 240 3 168 273 73 144 52 6 294 272 83 91 243 53 11 198 106 29 132 201 48 211 222 246 140 184 101 14 115 9 114 207 239 61 278 203 165 118 76 257 189 196 186 175 56 245 39 275 163 157 147 139 25 85 123 247 249 110 264 276 103 254 136 236 162 255 171 146 49 107 135 
278 86 135 37 38 207 194 250 260 213 72 219 148 200 53 25 90 113 87 132 156 122 43 210 258 150 222 49 106 163 93 45 238 94 136 209 126 165 291 69 71 105 50 189 261 282 215 273 264 181 248 245 114 32 284 133 26 178 174 15 109 268 180 18 224 77 154 199 267 6 67 3 228 76 137 17 108 51 28 4 42 195 223 185 275 2 271 7 211 153 220 177 151 36 97 33 121 23 288 172 159 237 157 221 292 253 262 70 233 24 107 204 48 190 203 277 20 34 166 111 251 176 30 84 16 197 98 152 85 175 110 145 216 0 141 125 241 164 202 289 244 286 44 254 170 160 124 
279 182 139 226 149 21 215 222 221 113 284 194 219 61 288 162 125 280 81 137 36 185 289 80 41 148 202 85 53 132 163 89 283 227 23 64 102 0 169 276 260 100 63 174 116 11 173 254 271 242 228 49 77 259 294 206 68 8 217 79 43 143 129 112 236 16 111 179 74 170 249 32 268 69 150 86 177 38 246 240 166 92 76 175 199 146 200 104 156 213 270 253 31 35 108 203 109 264 105 282 42 274 118 135 286 7 247 1 57 3 235 88 178 128 234 59 245 223 106 230 126 292 248 241 34 176 252 107 91 26 257 267 168 127 155 233 98 142 231 5 103 290 75 72 124 134 198 225 117 181 
280 196 149 251 178 288 294 122 57 63 187 51 238 73 48 136 173 23 0 68 279 2 159 6 100 172 137 99 154 268 66 31 175 199 8 86 134 140 94 259 167 49 111 225 132 275 72 214 1 247 116 215 144 202 272 59 75 236 58 204 11 243 184 121 47 101 205 180 112 289 151 82 42 233 218 191 41 256 138 239 37 200 70 244 211 241 162 252 185 139 224 197 113 260 156 69 232 114 19 192 77 126 147 150 230 20 55 10 287 21 267 24 84 25 242 108 286 120 81 17 117 119 235 35 282 210 231 67 221 177 71 257 217 183 34 79 198 90 237 28 168 133 161 
281 110 151 189 59 198 240 283 126 137 74 230 186 286 99 268 167 119 154 193 142 160 53 248 29 77 179 133 211 284 109 251 116 26 195 69 277 233 20 203 146 165 216 145 223 48 68 43 123 44 86 244 196 291 67 60 269 19 138 164 262 2 289 243 159 112 39 75 229 104 95 282 21 213 194 89 83 82 32 122 260 157 214 5 63 45 294 24 272 264 18 79 46 41 62 13 292 168 55 115 97 177 261 207 200 220 72 224 158 37 255 124 1 271 265 290 258 183 181 171 266 80 11 156 105 150 192 106 70 218 17 274 
282 210 164 96 241 42 10 97 155 242 56 52 263 256 86 266 190 98 245 294 132 231 66 284 111 274 218 168 180 267 196 268 277 77 84 286 16 99 163 288 203 249 278 283 181 107 188 237 130 173 230 154 22 88 116 219 38 47 103 156 208 40 45 236 250 248 258 247 186 69 18 167 14 133 29 222 26 151 62 71 255 61 162 105 281 119 191 194 90 123 67 265 50 93 64 122 72 197 260 15 227 94 78 48 182 279 146 140 178 223 65 211 185 91 83 115 285 184 27 220 221 165 135 23 172 261 17 49 11 106 12 5 259 4 1 174 280 244 108 143 0 33 139 158 159 232 117 46 110 175 
283 23 89 126 4 288 0 137 281 55 43 104 97 110 176 130 258 277 33 192 182 207 44 141 197 242 271 198 31 249 121 248 229 108 125 247 216 223 7 292 144 146 279 272 69 10 98 116 210 251 282 111 142 57 138 293 73 180 119 267 91 46 169 112 220 232 273 284 178 159 201 253 152 259 80 65 88 133 38 206 87 124 120 128 12 186 252 48 77 183 177 163 175 13 156 90 136 204 34 226 240 166 32 47 42 63 1 74 118 261 260 191 172 39 123 214 218 16 86 294 107 255 195 239 224 139 140 29 14 114 196 21 155 56 52 208 36 289 211 8 5 59 75 25 109 2 37 
284 5 256 67 257 27 75 51 258 186 242 142 279 165 80 46 58 144 140 282 65 86 94 115 53 40 39 281 228 230 190 187 68 236 108 18 21 293 253 7 175 181 287 157 77 59 222 105 235 278 92 60 128 252 123 125 247 13 273 31 133 198 283 72 260 113 164 1 246 29 292 126 74 10 42 219 285 25 146 277 121 87 41 216 38 188 173 265 210 261 43 195 84 85 267 50 160 156 89 20 141 56 102 28 169 130 238 104 45 137 179 162 251 4 224 73 286 263 23 47 61 83 245 129 120 63 274 291 2 78 197 266 167 262 107 22 136 166 17 82 212 117 209 79 250 237 103 111 153 52 178 95 289 243 26 203 88 227 275 
285 170 37 192 292 19 264 206 144 33 226 160 83 139 268 114 141 115 251 3 241 74 125 9 169 48 185 228 187 28 250 202 246 18 273 291 26 256 58 76 135 155 15 88 183 129 8 257 50 57 287 205 239 0 225 209 254 56 109 81 179 84 158 44 43 149 118 240 272 20 147 284 140 188 67 294 265 136 286 96 270 217 167 47 80 70 124 52 36 151 23 49 165 197 162 53 157 117 17 75 5 133 237 86 282 211 263 137 6 204 247 234 174 243 156 143 11 262 46 103 92 112 293 274 99 161 186 269 138 276 181 121 172 152 16 227 79 55 163 105 191 
286 204 146 98 199 137 220 257 168 232 223 281 76 294 70 96 86 237 83 178 114 89 158 45 67 93 240 282 20 174 87 238 2 19 132 189 250 147 135 1 130 252 6 160 251 74 180 235 41 152 156 144 115 117 151 48 128 231 79 22 9 181 214 134 107 165 125 275 5 18 285 203 163 58 248 85 13 49 66 224 15 258 127 126 193 33 91 155 47 244 118 255 264 7 109 284 0 57 279 154 191 102 116 272 60 50 164 27 75 259 280 150 179 274 187 185 176 29 94 32 236 157 141 211 219 184 196 145 136 243 44 69 119 254 287 51 278 17 175 124 267 55 159 263 226 215 
287 83 197 23 16 30 70 105 59 17 132 98 292 274 182 258 14 53 265 35 236 259 172 133 175 90 275 27 8 108 15 188 202 24 284 114 288 64 22 28 38 9 242 191 221 41 276 285 56 78 214 107 26 189 272 193 139 290 84 198 63 211 142 111 158 200 120 18 254 180 190 170 62 266 54 137 99 186 215 192 160 102 201 179 136 57 213 150 121 169 250 212 184 252 140 195 249 196 47 19 217 228 39 4 261 183 32 60 75 152 280 76 240 61 149 86 7 157 251 87 174 256 110 171 67 80 49 286 36 79 235 104 92 34 129 260 95 
288 196 280 116 283 80 190 49 156 261 145 289 4 46 39 279 294 187 65 149 74 12 64 135 48 3 221 224 189 146 32 60 199 36 223 200 143 245 129 91 92 282 85 266 230 186 87 173 78 244 57 123 287 183 234 9 24 95 55 90 253 96 125 236 182 235 257 237 165 47 62 35 242 83 101 52 219 127 207 260 54 140 30 210 11 37 188 175 185 278 104 178 0 250 155 229 194 114 172 115 84 139 213 240 113 205 151 122 193 131 134 111 290 75 112 1 15 106 271 108 174 232 158 17 179 33 276 109 63 29 142 41 38 5 89 121 22 157 68 217 195 19 293 154 73 170 
289 207 214 41 122 35 274 45 288 171 240 123 46 34 228 199 162 12 61 97 119 64 225 169 238 208 141 276 266 129 279 128 264 49 121 155 292 47 24 72 11 218 140 153 59 249 204 36 116 55 74 179 246 156 15 233 184 211 244 67 165 115 106 164 69 145 175 73 131 194 186 224 33 120 126 124 98 148 163 38 192 161 229 267 280 258 281 100 78 101 7 87 159 227 270 30 198 150 77 216 43 196 176 231 28 23 6 172 58 1 81 181 37 226 107 272 2 170 135 290 70 157 99 158 255 89 42 234 5 257 144 68 104 273 278 239 63 9 29 283 212 284 182 117 66 220 251 14 52 
290 27 17 138 60 101 265 225 214 129 235 171 79 153 215 145 65 14 112 12 276 34 141 189 206 180 18 82 227 103 64 204 75 159 152 224 233 146 116 108 49 275 26 226 237 98 83 84 242 198 256 263 268 102 228 78 239 15 16 89 106 287 201 23 174 50 21 22 114 67 39 66 197 147 230 234 45 122 213 150 126 202 90 185 43 208 167 157 135 169 222 100 161 36 191 271 57 264 115 118 97 25 217 52 2 37 267 143 6 269 134 99 288 54 205 117 193 289 164 249 160 241 74 254 245 20 219 293 281 238 148 107 192 232 158 110 220 292 187 279 109 176 13 139 252 93 253 
291 139 148 50 193 252 137 186 224 4 1 92 263 222 68 166 119 203 177 15 265 241 199 256 52 210 66 41 254 206 59 240 278 163 202 129 135 73 8 136 285 144 266 65 164 274 64 76 69 104 179 116 236 55 14 207 11 204 217 71 259 115 281 237 26 175 187 255 167 205 53 88 211 58 134 292 19 145 91 95 194 100 220 243 212 198 128 155 23 75 181 24 294 152 157 5 176 233 105 141 83 106 80 84 172 221 170 89 146 231 249 109 130 261 215 184 112 284 185 67 32 60 96 226 235 78 30 110 3 33 12 197 270 27 272 81 227 132 239 158 260 93 208 213 0 103 101 7 182 
292 112 211 119 63 101 27 213 187 285 95 6 142 264 113 62 205 91 127 260 171 104 287 36 225 20 122 163 277 167 283 51 289 177 65 242 133 250 52 152 46 53 274 216 276 224 180 136 219 81 158 220 126 8 172 150 71 35 9 203 86 145 263 22 15 160 41 74 238 129 189 234 273 43 284 258 291 255 249 248 42 184 195 196 120 257 107 14 73 2 230 236 176 207 37 218 271 3 148 200 147 83 5 222 31 67 161 125 141 278 246 228 79 252 233 13 198 281 156 7 188 100 17 66 254 169 99 279 269 190 90 84 244 227 239 294 109 18 214 54 26 94 70 166 21 290 82 103 29 165 59 117 
293 228 194 161 233 30 167 275 235 245 270 36 21 72 195 15 100 82 172 189 24 9 188 212 16 103 26 265 154 2 92 173 7 168 227 197 241 254 180 164 60 246 166 181 88 232 272 146 85 48 284 43 83 138 69 283 139 150 1 4 142 74 244 55 238 208 96 79 266 108 205 207 122 11 81 50 191 123 84 156 136 64 19 110 67 268 200 101 135 256 62 129 216 294 51 253 120 58 89 104 39 17 186 52 5 247 115 63 65 182 259 151 255 33 202 23 131 109 140 285 203 118 112 40 37 290 66 97 198 29 75 273 141 93 116 76 46 170 98 34 114 276 288 222 
294 155 143 201 280 225 77 185 51 190 197 178 263 123 170 40 238 110 182 146 3 223 18 175 195 192 61 108 115 125 266 2 286 236 63 288 78 262 254 282 7 113 1 198 9 62 119 34 207 92 247 33 80 37 165 58 276 205 267 273 95 84 137 227 29 118 8 168 177 237 166 130 117 243 167 54 114 249 279 67 59 149 44 260 187 268 39 28 43 150 98 57 129 157 169 82 189 285 264 144 126 228 277 145 5 272 122 291 293 216 156 269 232 256 14 124 281 172 90 240 68 139 101 203 217 261 194 186 19 87 76 142 74 0 99 30 234 181 159 109 134 283 270 112 292 229 242 161 16 202 215 164 100 79 85 231 224 52 111 141 
