0 99 223 65 173 125 95 49 286 154 50 252 180 41 35 75 5 137 25 14 2 279 168 261 225 70 131 117 285 66 205 212 23 170 242 183 42 60 120 283 200 122 19 85 149 202 182 244 33 228 250 213 166 38 230 163 119 83 46 17 227 239 262 101 185 112 206 56 219 69 73 158 258 229 26 178 186 194 211 141 16 123 1 153 148 271 58 30 150 288 24 179 232 78 124 139 238 110 193 89 235 287 251 268 51 43 71 156 246 181 10 130 207 241 237 27 234 187 48 13 79 20 93 214 161 121 152 39 208 145 192 231 90 160 134 6 86 270 155 204 143 164 82 31 233 199 57 
1 2 232 265 264 65 131 120 67 42 282 128 106 15 16 68 213 227 79 191 100 8 94 262 87 109 115 176 206 119 268 52 231 215 152 229 114 88 62 102 59 286 219 164 32 158 123 127 46 273 237 253 160 110 83 246 279 199 57 27 105 146 181 214 41 250 168 39 112 23 6 149 161 226 188 74 145 142 136 0 235 10 56 122 249 234 98 283 190 267 210 233 21 11 163 277 117 242 216 280 103 153 281 18 53 259 58 186 195 174 48 75 43 22 170 198 288 137 147 194 192 196 228 271 118 217 95 5 197 91 269 166 36 49 260 258 254 183 167 148 38 26 30 248 276 220 257 20 3 92 93 84 
2 116 1 281 40 51 204 241 22 159 158 73 245 240 156 46 150 212 164 62 112 161 20 236 59 259 24 243 219 284 0 208 101 33 223 222 267 170 257 94 88 23 235 115 151 262 207 26 255 31 146 282 82 175 232 28 35 25 114 227 81 95 127 201 221 196 210 38 160 217 174 133 111 4 53 199 97 265 128 180 248 123 18 36 19 56 78 55 45 54 143 198 147 253 203 77 103 211 121 84 226 17 225 279 206 190 275 107 98 120 130 215 171 13 10 249 74 105 231 27 96 288 64 233 244 93 16 129 119 152 144 237 12 286 247 209 106 165 14 102 149 162 9 134 42 122 258 191 287 30 179 90 125 185 167 188 
3 204 214 228 233 148 185 267 88 192 143 72 269 253 213 150 123 122 50 272 35 246 151 279 156 44 235 91 39 240 78 276 118 108 215 53 212 239 248 40 283 69 105 278 178 38 227 60 22 254 155 198 92 241 41 216 270 135 136 43 127 174 10 24 219 242 9 238 71 14 124 209 113 29 251 154 255 120 257 42 56 51 187 89 268 203 137 54 12 16 119 153 63 159 93 111 32 52 46 27 176 5 64 250 77 36 236 194 103 223 55 99 169 285 86 170 48 90 6 31 67 160 116 157 184 68 95 138 152 182 20 173 259 82 19 145 15 229 166 110 149 96 126 114 75 181 45 80 258 59 277 134 130 218 171 265 147 107 100 66 1 201 205 175 
4 42 173 143 137 48 226 139 135 70 170 262 78 233 205 149 265 164 199 188 163 113 112 285 83 217 39 37 207 275 19 202 197 196 88 150 248 288 194 258 131 104 250 247 77 85 260 56 144 259 27 174 126 120 232 96 91 223 50 93 2 159 208 167 235 84 231 71 49 239 109 45 251 177 69 185 264 128 166 257 227 181 266 31 175 165 230 286 24 129 201 267 157 99 10 212 80 246 206 25 255 136 58 273 6 277 8 11 61 241 94 68 272 179 73 14 101 229 261 59 64 105 209 60 228 172 198 191 12 65 81 98 57 29 67 148 271 186 
5 141 273 219 193 123 182 247 120 252 78 186 84 168 278 34 93 203 94 214 0 244 240 51 257 151 250 243 245 20 42 86 74 194 235 169 228 157 144 177 238 138 108 255 11 59 75 124 7 70 99 115 236 121 91 43 14 285 17 174 237 149 222 110 223 145 130 12 114 259 135 41 31 3 80 152 267 187 198 47 166 40 67 192 143 234 208 275 77 89 54 164 176 97 112 92 202 85 102 45 132 32 64 27 167 221 106 180 154 53 171 229 146 270 49 210 195 161 277 21 1 233 213 13 129 95 100 58 61 199 82 215 209 
6 84 87 179 261 143 69 167 91 171 8 159 134 14 262 259 283 245 234 213 169 193 50 126 24 190 95 90 141 244 150 94 81 189 55 72 273 195 62 216 15 31 286 270 264 281 271 165 42 181 27 231 93 144 185 128 148 214 29 35 201 98 168 106 208 240 1 233 157 37 207 64 56 123 83 16 26 21 111 65 18 117 33 92 10 227 250 266 40 176 59 44 88 127 163 255 200 198 164 73 160 156 119 3 184 188 82 138 109 4 132 257 199 191 268 258 41 282 252 76 38 122 151 22 142 79 139 145 23 197 243 85 96 235 113 120 0 180 269 17 19 236 173 52 241 220 
7 255 14 257 205 195 111 54 29 197 97 288 267 80 239 281 188 192 256 222 203 138 16 276 143 68 181 115 232 238 252 48 168 36 121 258 73 71 106 128 18 268 79 24 225 148 198 193 167 164 280 226 83 34 52 245 47 117 179 74 103 5 78 207 154 98 283 200 27 208 101 260 69 144 39 28 49 56 72 185 125 30 212 15 273 150 86 9 184 228 108 262 266 19 282 129 130 13 172 118 17 211 189 59 32 102 55 64 275 204 213 235 151 180 214 76 209 96 20 247 162 250 271 274 174 224 100 217 229 147 60 62 134 50 233 201 254 84 149 70 38 220 178 107 66 218 272 177 90 248 
8 283 209 146 159 97 222 253 281 61 42 223 142 164 40 24 6 22 101 13 276 51 89 1 70 133 96 81 207 56 18 179 57 30 249 150 165 80 44 9 17 284 28 193 166 239 233 119 288 88 47 52 35 45 224 113 144 129 245 278 228 143 73 92 273 201 162 77 250 84 231 94 198 155 82 167 270 43 112 21 127 29 31 196 79 27 184 131 141 212 138 134 109 256 69 26 244 62 247 154 266 213 187 287 204 189 246 262 268 4 55 123 23 11 78 16 104 38 76 68 12 115 274 121 269 225 93 238 152 226 177 170 156 36 86 25 265 83 241 161 128 260 197 
9 276 262 99 52 72 15 177 242 143 233 285 246 260 197 202 121 49 235 145 217 232 214 269 206 16 277 129 282 38 224 30 67 68 25 203 135 42 237 8 284 155 88 266 144 66 57 157 179 105 166 139 244 264 221 3 210 261 265 55 248 213 257 58 175 101 176 283 132 158 131 51 251 185 14 122 167 270 39 154 173 184 279 229 170 94 7 228 108 97 226 13 199 87 71 181 24 54 69 47 163 148 192 141 92 187 133 111 27 90 75 11 35 288 41 245 230 278 120 28 84 43 216 165 286 161 189 112 2 116 186 256 140 65 146 26 239 194 110 130 193 190 207 77 
10 197 21 175 277 174 262 180 213 256 113 243 39 57 280 260 107 285 126 118 246 268 146 65 251 46 198 149 13 228 136 141 125 139 203 50 93 226 56 15 81 119 223 41 128 182 123 158 264 235 74 234 200 214 224 69 53 121 163 90 218 60 44 67 80 3 253 62 201 20 281 58 91 168 152 135 227 250 40 269 215 49 1 137 31 151 241 284 178 219 102 230 161 254 6 188 144 252 124 73 116 184 222 257 206 265 162 220 75 4 170 32 207 122 120 63 0 2 30 86 217 156 179 28 283 104 68 59 105 166 275 204 239 117 143 83 138 267 42 115 202 160 171 249 129 216 276 114 238 
11 239 252 84 194 270 29 151 153 42 91 240 179 223 74 98 261 231 190 62 68 22 176 225 83 113 277 221 132 254 70 215 267 145 69 53 236 281 75 49 87 157 249 279 210 200 5 104 121 88 114 38 253 60 47 189 97 77 18 171 237 180 269 35 51 61 93 287 96 218 16 128 21 154 256 168 199 130 247 73 1 275 268 122 192 48 262 164 202 76 173 212 112 25 52 163 44 41 174 178 169 4 244 135 228 9 8 64 170 149 143 259 175 89 238 148 100 30 282 284 187 230 27 31 90 28 264 123 40 15 246 146 
12 134 148 288 108 67 251 248 194 124 115 19 184 53 267 166 240 278 235 17 88 271 32 38 97 210 163 215 171 106 36 287 90 33 193 89 219 209 207 69 25 113 254 245 56 264 120 27 84 233 229 116 270 39 15 142 101 50 258 234 63 253 211 24 170 95 255 257 155 111 186 109 105 279 236 273 224 281 18 223 3 41 5 125 216 179 205 76 135 200 28 263 64 150 185 285 241 79 217 147 96 21 58 283 250 260 16 54 277 48 78 272 87 269 61 130 268 31 160 274 20 139 14 238 153 99 189 218 40 214 157 175 107 188 43 143 72 26 180 231 70 178 2 280 266 8 62 35 13 275 4 203 182 37 42 213 
13 116 130 123 195 20 68 172 41 37 222 226 144 128 105 252 64 47 8 73 53 81 284 206 286 154 10 223 89 143 273 192 16 193 19 229 208 263 186 164 54 240 35 18 198 211 169 250 134 102 109 24 241 282 63 277 225 179 232 177 209 153 189 27 78 221 167 14 233 163 149 45 48 155 288 136 84 70 210 159 9 262 258 165 7 227 62 88 207 60 72 182 113 129 94 275 187 248 101 42 31 96 30 15 21 270 253 2 95 26 79 146 80 71 114 235 220 49 23 147 58 257 137 181 82 204 22 228 0 106 212 162 138 55 175 5 135 12 185 127 184 17 256 75 142 176 
14 146 7 257 61 136 110 139 258 128 36 15 183 96 141 187 165 6 229 95 190 77 263 240 283 233 74 41 174 0 285 252 261 105 82 227 49 287 169 53 166 135 72 196 168 228 16 271 57 103 122 205 282 108 213 225 214 68 140 198 246 274 40 3 163 124 157 266 226 44 5 223 71 148 254 172 13 238 221 126 203 9 182 90 86 20 60 175 43 150 224 117 200 45 35 189 89 272 288 70 132 184 56 260 249 235 101 170 30 48 109 202 242 222 18 264 188 102 12 81 152 112 197 219 131 160 127 275 195 267 210 207 149 94 31 193 76 4 123 59 211 54 176 155 273 93 2 161 201 79 113 17 236 167 24 237 215 244 118 276 133 
15 169 268 241 283 120 211 149 95 85 9 14 1 163 177 276 221 232 146 138 48 80 148 53 26 89 97 107 63 181 41 140 122 172 285 42 208 16 43 35 230 157 240 101 156 59 139 260 10 84 287 36 117 168 38 65 154 96 193 76 99 18 6 105 190 207 186 12 223 161 44 56 261 50 58 134 259 274 167 176 231 124 81 257 263 78 189 245 55 137 33 152 7 180 60 113 201 83 144 34 88 79 277 73 203 239 209 246 150 108 111 250 93 278 142 66 126 46 192 39 275 13 52 217 37 226 98 273 27 204 243 20 74 288 86 109 3 104 145 24 270 236 173 212 254 69 213 280 32 224 229 248 90 195 244 282 11 132 123 
16 154 97 21 56 48 223 176 183 46 1 217 249 214 59 146 124 206 69 215 271 7 281 234 230 144 113 219 205 269 103 184 25 9 15 33 13 128 195 225 175 70 262 161 14 145 162 92 166 118 187 216 20 275 246 117 93 197 43 31 251 99 171 54 130 173 266 280 106 3 17 87 233 0 209 181 131 239 84 6 27 258 108 11 24 29 68 202 126 160 53 129 222 116 12 127 242 148 273 152 208 34 182 81 98 255 134 274 185 231 110 71 153 52 80 2 72 203 268 240 8 30 139 143 201 136 285 76 32 243 42 191 260 109 277 38 270 229 
17 162 99 110 143 153 117 93 216 204 217 233 168 252 279 83 206 180 89 12 236 203 171 80 75 104 173 32 272 183 24 130 131 119 163 260 55 245 288 31 65 202 145 8 201 189 229 44 184 215 79 29 123 0 129 114 20 151 157 207 19 52 113 194 86 5 150 45 105 116 54 16 235 43 226 199 165 232 196 70 219 81 67 61 155 71 42 214 136 225 179 100 246 181 38 254 137 7 115 265 182 94 255 244 170 167 223 267 2 277 231 230 30 28 211 122 92 286 208 103 156 84 186 256 169 200 280 161 97 107 159 284 240 106 21 98 14 6 13 220 40 26 47 242 
18 210 206 86 76 162 73 26 109 282 118 124 129 22 148 156 186 147 123 161 23 88 63 277 131 271 163 233 41 82 67 61 281 8 234 27 273 193 108 7 45 116 198 51 164 264 13 227 89 15 259 112 155 62 56 104 126 144 265 71 160 242 47 188 34 159 190 99 110 20 268 258 127 11 98 132 12 90 217 224 2 208 70 6 143 142 220 167 169 247 176 236 173 200 202 287 139 52 78 50 263 106 38 221 286 14 46 58 270 1 243 94 213 191 154 212 29 230 170 179 33 177 35 125 64 254 181 222 238 257 274 153 115 42 171 201 114 232 40 178 275 145 240 105 
19 115 22 38 119 168 166 259 155 191 265 12 40 174 208 246 117 148 224 104 200 133 150 53 41 173 284 50 203 202 4 13 255 257 21 161 61 27 71 55 103 160 46 137 74 0 278 235 58 251 139 176 263 91 127 32 69 149 65 260 17 45 116 67 181 64 228 165 141 220 261 52 143 24 87 282 244 66 146 60 187 204 217 264 2 241 231 158 101 288 206 7 68 131 78 118 209 111 142 240 130 80 238 156 144 20 177 170 210 232 47 138 108 57 99 258 193 225 42 102 3 237 36 243 90 157 254 252 49 197 121 79 105 184 205 39 245 194 268 271 277 23 6 86 188 
20 160 282 237 115 13 81 63 173 88 69 22 203 286 159 62 60 287 95 165 222 94 2 240 212 199 5 198 194 61 157 38 234 55 108 45 131 272 123 204 164 75 180 215 102 97 170 217 24 224 142 16 285 111 141 261 153 239 64 89 17 162 79 54 10 143 109 18 99 262 220 232 195 227 51 101 66 32 242 121 269 172 14 127 67 213 77 211 253 40 84 260 166 265 235 53 82 210 125 183 29 12 277 19 107 35 158 7 74 263 150 149 231 15 3 110 200 68 236 85 0 122 219 190 23 106 246 191 241 178 86 136 196 46 104 206 119 1 207 214 114 281 245 202 275 
21 216 131 10 180 199 16 89 194 285 219 104 60 41 232 87 81 54 61 204 75 225 176 208 156 149 128 253 71 220 211 255 70 123 155 203 159 288 22 73 107 80 284 273 19 59 72 86 205 275 183 222 37 274 239 117 68 65 109 249 76 161 269 158 46 195 97 39 282 141 178 133 135 153 138 32 25 108 163 266 142 181 278 221 130 129 6 169 171 36 8 11 88 119 177 12 263 43 272 1 157 184 63 212 164 162 215 51 13 136 84 228 79 115 209 218 26 223 47 193 93 256 145 92 198 144 5 100 69 189 143 139 74 188 151 17 244 236 185 125 242 241 106 31 247 
22 81 169 19 39 177 164 262 122 45 219 207 2 261 210 84 249 20 18 135 180 259 8 30 166 11 276 98 269 179 72 95 201 285 182 96 235 248 128 105 21 273 47 77 271 147 117 281 31 125 3 209 239 196 120 70 133 198 227 172 225 94 49 66 161 149 124 175 107 142 233 243 159 113 36 134 194 272 183 167 283 79 85 181 50 110 153 46 54 193 23 41 168 26 205 231 106 232 250 87 104 247 223 151 146 282 257 189 44 1 138 27 195 155 192 132 140 52 157 83 13 6 188 123 277 200 82 212 127 258 78 48 197 208 90 129 
23 81 74 43 45 59 224 120 262 134 115 257 25 223 130 218 75 246 18 268 240 105 172 188 53 215 100 193 273 41 95 91 83 287 227 286 247 211 279 85 0 2 96 30 135 55 161 214 267 70 154 258 86 73 142 69 63 146 106 132 235 255 147 159 137 138 202 112 207 37 122 243 31 24 1 148 109 189 140 58 171 128 187 206 107 118 52 153 26 173 160 199 251 170 275 22 127 157 263 266 288 151 253 186 213 167 233 54 222 110 65 283 284 32 133 108 13 272 149 124 8 249 57 114 220 256 56 205 254 204 264 20 94 174 162 230 6 182 226 231 36 19 136 248 103 278 33 
24 98 273 248 96 142 154 166 70 261 249 8 208 275 197 82 64 251 125 183 78 225 278 66 2 34 196 139 134 17 242 6 48 214 112 233 238 7 241 135 77 107 81 74 213 71 108 145 45 20 282 206 263 222 13 175 104 177 236 262 244 3 62 12 195 67 143 286 153 224 218 130 247 43 266 150 276 41 255 23 219 28 94 19 33 226 158 201 258 4 221 232 168 212 16 279 245 50 0 87 95 179 58 35 167 171 121 132 149 227 200 9 86 75 181 54 111 59 237 52 37 76 198 88 253 284 277 65 235 15 144 79 165 102 172 210 116 265 229 56 147 151 190 14 138 109 99 182 
25 262 244 95 198 59 71 129 255 199 209 107 23 264 145 190 217 235 260 0 141 183 38 218 84 16 50 117 180 174 259 270 221 150 9 153 12 135 202 285 250 283 277 278 88 104 108 228 35 238 2 249 196 216 186 157 51 242 21 60 248 115 227 256 156 132 138 220 212 240 189 91 204 37 96 125 241 109 214 105 162 173 187 148 48 176 274 4 232 39 146 32 11 166 80 143 62 269 195 188 234 110 286 225 139 40 76 65 154 36 169 56 168 53 205 85 47 252 30 82 111 226 49 208 142 75 211 120 8 43 134 178 
26 168 128 282 225 18 65 170 145 118 34 108 40 63 56 247 124 285 210 199 100 206 85 156 15 218 212 117 242 234 249 113 110 98 129 283 120 257 216 222 135 166 2 62 133 261 187 57 229 155 281 112 193 115 246 182 250 55 45 217 111 81 200 48 192 0 176 288 6 37 31 279 147 181 23 239 125 79 203 235 138 74 201 22 52 123 136 8 109 208 93 121 230 240 277 231 191 149 163 28 280 284 13 265 223 152 29 238 21 146 267 271 213 59 95 254 12 158 251 130 142 47 184 172 253 180 1 237 202 9 80 160 17 258 233 
27 240 116 241 28 228 177 69 53 61 278 173 94 104 55 239 285 54 227 99 91 200 148 152 37 85 253 156 127 246 165 235 29 18 48 157 140 274 95 72 19 267 198 105 122 167 277 125 12 138 159 230 268 271 135 250 181 126 137 151 6 64 121 4 224 113 194 147 92 50 97 1 212 7 185 13 270 128 284 62 83 176 255 49 276 87 114 30 287 216 191 136 33 3 16 193 82 280 203 146 150 81 8 40 67 281 88 46 201 119 47 129 5 178 0 2 15 22 79 9 220 249 35 248 189 43 192 56 261 89 275 142 171 242 11 162 226 279 237 231 222 131 282 158 217 134 
28 121 156 27 120 288 31 43 204 263 197 101 191 259 124 138 275 132 58 141 33 149 206 60 131 144 262 106 278 286 284 116 229 274 91 142 113 245 211 81 269 237 154 266 104 8 122 40 72 256 225 2 254 243 87 179 74 255 56 150 63 251 52 277 44 280 112 283 89 287 135 282 114 166 24 183 50 7 242 95 176 281 127 12 182 76 234 51 49 90 194 71 268 210 117 53 260 265 78 261 178 285 73 86 41 77 94 80 45 161 99 133 42 235 267 35 246 108 83 189 26 247 126 168 17 96 217 239 10 103 232 111 160 228 130 187 9 192 11 119 205 88 66 79 257 163 
29 263 121 11 220 7 218 259 256 254 41 246 212 204 231 40 173 70 123 157 53 44 96 111 152 238 106 146 135 27 219 226 57 67 266 38 286 229 32 182 60 276 179 155 64 84 94 103 145 248 143 71 43 65 59 205 237 95 49 211 269 17 104 97 140 273 30 242 88 154 225 119 196 252 6 287 3 77 279 192 66 161 253 270 126 181 90 255 222 81 189 239 221 283 16 209 110 271 8 278 200 228 139 265 208 160 163 206 98 107 166 74 20 115 120 133 125 18 26 127 34 195 73 75 45 232 159 177 158 87 207 33 169 69 4 31 261 99 138 124 150 250 68 285 149 183 
30 244 53 70 81 274 227 266 170 213 197 88 229 120 22 232 161 82 288 220 83 115 150 109 151 222 61 198 257 196 126 9 8 106 226 270 175 228 103 23 184 60 168 181 186 41 215 259 33 116 174 258 264 29 165 235 233 207 177 164 203 97 40 146 27 167 42 135 155 38 7 117 112 251 107 0 148 281 51 261 65 243 273 79 185 75 66 37 14 43 172 132 221 104 153 114 102 149 263 253 139 96 13 46 239 10 282 159 276 17 118 279 250 100 205 16 45 254 25 113 260 133 262 11 111 236 136 57 44 249 1 223 2 194 286 119 275 199 31 108 237 
31 82 235 268 28 61 103 128 147 239 95 177 167 218 273 125 172 217 193 170 73 154 45 182 237 226 150 258 263 242 169 254 188 132 130 261 168 229 285 228 209 70 195 120 17 22 207 108 75 190 249 256 6 2 160 163 89 34 77 56 283 178 80 16 166 90 198 94 238 262 114 32 62 85 171 23 81 59 266 210 220 4 161 271 84 5 10 232 26 175 265 76 8 135 156 140 69 236 186 110 250 174 153 96 142 158 260 275 63 100 107 3 155 12 101 13 152 206 216 157 234 281 201 194 55 253 14 287 119 274 148 276 230 102 57 176 279 121 212 197 244 165 11 270 29 159 162 259 48 208 0 136 30 267 66 21 72 112 
32 85 172 57 146 278 204 256 186 71 75 175 97 116 260 284 251 56 33 118 157 178 12 206 58 215 65 266 17 141 41 239 214 258 179 35 138 167 250 259 264 270 96 29 50 105 218 92 177 174 202 261 93 67 133 84 1 208 232 159 219 223 143 78 237 155 121 273 19 160 68 205 170 31 136 39 234 21 43 82 108 188 233 230 20 3 249 112 137 100 89 120 52 154 134 48 224 244 106 145 54 192 111 36 94 123 37 114 63 267 119 46 7 10 247 282 162 25 5 131 117 60 280 23 64 263 45 49 191 99 125 279 236 42 203 47 216 163 51 281 176 149 16 274 15 132 102 183 142 181 185 254 241 128 221 
33 41 116 76 189 38 222 271 232 121 226 238 283 248 32 40 169 120 233 145 28 65 160 51 87 79 256 52 261 12 2 288 16 249 258 239 154 198 243 111 214 94 183 39 106 96 272 0 208 118 192 212 282 191 133 37 30 80 140 107 113 36 215 138 49 178 223 58 199 184 88 158 228 287 224 24 194 27 15 172 265 46 188 6 109 64 245 156 53 280 202 269 125 159 127 142 68 186 100 195 171 139 131 264 213 128 141 242 62 83 86 73 262 166 105 255 231 18 110 174 203 123 281 185 92 54 77 149 230 268 251 29 209 219 263 129 55 91 126 124 270 43 23 210 
34 250 81 207 244 229 249 112 219 26 38 203 152 156 215 226 257 117 230 5 169 108 155 35 213 202 173 262 286 24 132 214 196 85 256 201 185 285 128 222 220 184 186 49 105 91 194 97 7 223 137 31 140 36 62 209 43 162 115 283 63 18 161 69 278 126 206 195 157 153 277 282 87 73 275 180 175 268 261 110 270 139 187 236 197 51 138 15 80 170 266 90 144 158 41 79 111 272 16 150 273 253 159 78 200 134 40 39 29 280 123 233 70 92 122 82 245 281 258 149 237 154 176 248 264 48 65 254 164 56 119 210 167 163 259 146 241 287 208 188 88 218 
35 145 225 147 102 250 288 169 226 199 43 69 197 80 282 244 0 3 209 196 34 61 177 56 160 272 176 155 111 157 125 128 208 37 195 15 247 32 233 224 144 264 47 49 174 87 57 242 51 110 193 204 13 281 137 40 67 36 269 39 270 25 79 2 246 97 8 210 150 6 237 127 218 75 83 11 116 202 277 132 181 42 106 284 222 190 189 14 175 191 24 256 41 223 278 101 54 92 109 134 112 273 121 259 46 105 185 28 96 182 20 94 216 154 60 108 207 9 266 18 27 99 205 82 239 286 203 12 120 142 206 140 62 89 229 172 211 68 95 153 122 252 55 86 141 220 
36 114 249 63 14 272 81 97 82 260 68 286 180 103 117 283 275 206 133 95 171 66 271 190 241 12 192 280 235 7 112 71 129 128 218 221 98 276 124 145 265 143 15 228 109 273 75 238 243 160 194 203 47 53 35 189 263 93 261 85 154 207 252 34 50 158 33 209 253 79 141 78 288 60 51 162 232 22 56 226 281 102 244 282 21 2 3 176 200 264 210 169 216 177 39 151 52 130 123 250 179 165 37 32 201 274 67 116 211 166 191 84 55 245 255 106 214 152 25 19 267 87 86 127 240 126 135 279 147 1 44 266 96 8 80 38 231 174 120 138 23 284 108 115 
37 114 163 77 137 63 40 183 13 131 182 103 249 38 84 185 186 269 214 110 223 120 27 146 4 288 271 160 35 220 133 59 142 91 64 170 247 21 217 52 215 69 241 87 47 166 234 180 204 139 33 206 266 274 210 128 95 143 41 132 199 198 251 279 287 167 23 231 159 76 264 189 42 270 260 194 134 123 6 188 124 200 66 181 44 92 61 26 232 25 73 147 157 258 154 99 222 127 250 252 179 43 30 55 259 257 36 32 248 243 235 24 202 221 65 15 101 78 125 58 233 203 74 111 149 141 96 190 90 275 286 145 226 98 12 191 70 281 236 177 155 201 212 121 94 209 227 278 54 
38 19 237 33 135 266 34 83 256 132 219 131 66 247 95 159 133 97 185 268 37 178 155 75 12 115 211 264 123 50 25 51 181 86 187 9 269 20 209 151 217 249 153 29 190 261 286 15 254 195 3 248 58 276 109 280 48 56 236 11 0 121 199 128 112 136 184 82 80 2 284 238 278 81 103 110 72 57 170 30 239 206 134 234 182 147 204 102 92 183 176 105 108 17 137 116 55 189 177 96 126 251 101 18 146 180 68 168 90 107 164 76 138 118 162 78 205 198 202 188 98 241 41 277 260 175 235 148 240 154 6 220 267 8 44 223 283 210 67 140 233 231 271 212 84 1 62 36 179 203 47 111 7 143 16 54 
39 22 213 43 156 10 127 111 81 175 138 95 283 174 94 145 124 84 244 66 108 247 88 285 4 126 86 3 102 209 184 262 91 74 286 148 288 211 169 185 33 281 40 72 217 104 101 12 105 35 179 279 61 60 176 21 246 51 114 149 208 32 270 45 1 79 131 7 99 282 9 227 234 222 236 191 132 36 112 147 121 73 146 103 253 83 219 153 241 189 276 129 214 186 162 161 15 25 142 93 261 231 56 271 82 143 155 273 34 71 80 165 136 196 173 230 203 178 257 110 48 195 167 202 144 100 137 248 168 0 199 260 223 42 89 224 19 204 58 159 106 
40 272 2 165 135 216 19 8 37 26 256 257 160 65 259 279 29 109 227 33 81 172 198 220 182 72 99 73 248 100 82 233 151 3 39 284 117 50 265 274 115 147 176 224 35 130 28 190 247 136 231 188 189 263 280 222 14 278 192 210 204 68 186 122 167 93 199 277 95 10 30 239 56 226 270 250 49 94 208 125 57 59 217 150 106 5 6 146 20 121 142 61 74 139 281 27 163 177 46 143 155 102 104 105 45 258 66 237 271 70 133 98 211 34 12 84 25 111 230 55 91 101 214 43 44 244 162 144 137 212 71 138 127 169 124 141 249 18 285 267 11 17 
41 33 260 268 109 162 63 152 44 252 53 21 87 29 13 209 286 176 158 141 193 60 278 140 0 232 19 72 15 23 32 14 273 125 262 284 143 18 173 94 191 223 114 61 184 10 264 204 78 83 106 275 3 211 195 30 288 104 42 93 120 47 113 103 37 224 180 1 220 24 130 266 12 49 75 208 151 227 214 77 5 199 255 226 272 248 189 119 110 80 165 200 216 221 146 181 96 122 234 35 236 254 22 89 34 155 28 206 274 67 277 201 171 95 150 218 179 245 52 38 11 215 230 6 197 231 235 138 97 71 238 98 9 222 267 102 265 91 187 137 86 81 168 257 183 69 153 57 148 177 159 
42 4 159 92 286 235 262 212 60 11 8 106 1 166 142 78 145 188 158 105 69 265 184 161 59 15 48 79 182 189 127 168 104 5 167 51 110 156 9 236 263 211 183 0 131 279 239 119 83 74 194 242 43 6 41 129 270 269 163 126 207 257 202 272 52 187 287 115 37 213 96 3 49 155 124 225 274 103 98 276 140 30 285 196 84 261 116 125 199 35 121 95 17 56 253 230 231 210 232 218 281 259 54 160 216 275 175 260 143 75 198 177 137 13 28 157 252 238 55 277 80 165 206 94 50 19 101 186 256 173 201 174 280 267 32 128 82 144 200 65 114 39 245 10 18 214 16 284 2 68 193 107 12 111 148 224 247 146 233 169 
43 39 159 23 28 196 117 81 262 283 179 101 65 238 35 131 158 178 285 209 124 62 264 190 60 63 15 191 45 225 90 115 248 245 256 234 173 165 80 247 236 221 3 202 29 42 284 61 129 105 16 92 200 34 242 136 133 169 181 48 217 219 253 67 24 5 93 241 116 164 32 226 99 194 151 70 255 168 17 214 84 113 107 174 257 14 146 8 97 279 96 270 87 161 212 52 64 213 102 243 21 193 37 106 30 211 150 59 135 0 44 75 263 123 145 149 1 12 282 272 183 192 267 199 180 40 27 186 227 114 110 268 122 177 9 206 260 153 125 167 57 72 25 118 103 265 33 78 
44 50 272 83 41 204 130 115 286 288 98 118 64 99 133 104 121 195 100 158 165 230 80 103 112 169 88 3 29 188 267 257 284 218 141 110 8 136 93 152 143 114 212 73 77 17 172 63 193 161 81 15 10 87 54 201 167 140 258 154 244 259 28 62 273 14 127 266 135 282 251 72 149 79 256 47 186 238 231 246 123 37 268 211 248 264 199 262 131 243 68 74 6 217 159 229 91 185 181 173 43 224 11 65 58 22 276 194 38 191 160 40 228 287 36 109 122 265 66 209 128 205 111 90 156 190 132 30 126 49 46 214 225 187 48 177 105 
45 256 107 232 254 22 235 23 138 70 55 52 193 268 168 174 157 105 93 31 161 214 279 64 47 252 218 60 239 176 74 140 257 208 43 135 124 18 158 20 219 95 110 96 88 148 189 75 221 112 24 160 201 98 191 164 80 111 172 207 185 115 260 8 281 272 19 233 195 26 245 258 253 39 276 277 17 65 170 234 4 147 13 152 288 211 54 109 196 228 68 14 284 2 100 159 84 181 222 128 187 61 150 101 205 240 40 79 28 139 173 202 5 69 275 175 114 274 280 255 51 129 287 32 278 149 86 29 131 56 166 30 171 134 145 3 62 50 156 243 184 247 236 210 273 186 77 169 137 72 199 283 
46 268 236 161 241 156 68 209 112 155 249 16 197 2 201 284 70 189 10 55 230 120 282 87 135 94 157 86 226 198 175 224 53 95 183 180 184 258 140 211 103 19 164 128 100 206 146 200 275 205 278 1 233 59 117 238 114 0 62 21 171 179 194 132 158 77 228 141 202 266 253 50 210 66 259 85 172 96 137 279 182 75 58 134 247 265 123 49 269 3 150 151 83 99 33 218 264 127 22 235 115 133 227 79 40 283 82 27 154 169 142 254 32 220 18 15 71 35 30 118 168 215 163 246 69 223 199 196 212 243 255 260 65 92 84 222 234 250 244 165 160 273 51 20 208 74 170 44 176 131 251 
47 116 66 206 253 118 83 208 195 95 178 182 204 13 114 171 248 278 207 96 284 172 228 146 45 200 91 135 22 60 35 274 73 217 259 173 256 53 76 257 222 143 132 237 36 189 264 37 103 7 220 251 286 11 154 8 161 41 48 18 79 117 137 215 65 265 205 163 155 142 68 211 239 69 157 64 44 90 212 162 101 262 88 183 266 50 148 158 119 272 238 61 5 242 190 67 156 192 59 85 99 203 9 80 229 27 281 252 209 271 19 226 261 166 144 210 21 168 214 225 245 277 72 288 25 231 244 246 194 26 32 270 120 267 247 174 38 136 185 112 17 180 127 250 
48 246 89 4 248 16 136 197 15 272 284 229 160 120 181 184 282 140 106 163 84 143 204 7 178 42 96 221 24 210 27 80 138 157 226 185 93 98 38 57 76 81 53 159 63 147 83 52 220 47 43 115 234 219 152 113 87 131 112 189 165 128 26 242 209 244 13 60 216 224 278 92 171 256 261 64 32 108 253 66 139 25 85 12 249 14 11 254 111 3 105 232 191 176 173 49 285 236 174 222 212 1 78 50 79 211 95 151 54 99 168 203 0 266 230 39 286 34 103 213 129 86 22 118 243 186 273 281 177 116 31 123 44 88 
49 94 133 243 258 87 0 169 117 278 109 146 135 73 172 282 9 284 283 212 86 85 211 122 216 55 93 84 266 261 108 14 259 236 66 275 35 11 260 131 210 228 242 105 158 179 149 134 188 190 144 187 34 256 112 215 197 29 205 125 106 98 22 234 175 198 33 59 235 287 276 186 42 263 27 193 4 41 7 60 10 219 277 161 46 191 171 145 207 40 90 119 247 75 286 28 163 170 253 72 157 241 57 82 151 174 152 74 61 48 232 56 88 214 222 143 201 217 166 238 13 102 64 213 71 52 32 5 128 251 176 70 153 200 19 1 25 78 103 63 194 285 83 220 44 121 95 279 129 272 223 
50 271 44 192 184 87 97 261 193 232 236 74 72 118 89 216 234 140 0 3 252 244 204 214 63 38 6 217 71 176 19 263 142 177 150 25 10 96 164 73 250 32 277 40 68 210 183 212 145 90 70 223 12 165 178 220 205 163 265 15 36 253 266 254 81 117 280 275 27 260 207 67 77 4 281 130 251 88 55 138 46 276 54 195 28 99 85 153 104 230 102 105 186 47 208 92 149 185 116 194 126 211 60 24 22 246 243 231 156 75 18 287 273 166 173 187 241 175 65 196 288 278 168 218 159 122 179 48 106 222 237 191 42 224 139 169 157 64 227 274 121 143 79 158 161 45 112 7 69 257 272 152 172 107 111 100 114 94 
51 130 233 204 2 193 246 122 265 218 141 171 103 267 197 283 270 142 110 113 259 238 93 8 77 254 136 52 33 59 82 232 203 5 241 120 38 155 201 226 128 261 42 236 284 177 18 35 75 244 211 208 173 282 108 89 192 92 56 39 72 165 247 98 25 135 20 3 36 9 125 107 67 73 266 11 189 181 34 231 268 248 28 262 30 104 229 126 240 223 258 220 114 191 275 276 279 190 70 227 61 117 100 62 253 55 0 183 224 21 157 109 288 158 90 64 45 210 272 200 138 170 86 180 228 154 251 287 102 225 68 174 212 202 106 230 286 32 74 46 243 252 76 57 271 81 159 
52 148 176 9 235 99 156 274 128 45 91 257 211 95 216 51 153 74 172 33 240 277 102 1 283 164 87 82 76 239 223 180 183 37 197 212 123 151 177 186 107 280 7 269 104 8 48 42 173 28 213 17 215 230 72 97 260 200 217 258 288 166 19 134 163 219 90 77 67 262 272 3 266 252 131 23 167 32 43 109 53 56 54 120 36 18 26 100 265 135 85 132 222 234 206 159 168 204 24 267 201 15 11 41 86 59 113 16 49 184 224 287 221 22 175 263 112 108 261 218 83 61 241 89 81 259 94 122 6 105 
53 101 251 185 30 207 67 266 27 196 191 147 247 143 274 41 12 77 214 71 258 182 78 13 129 226 166 15 19 151 23 29 152 115 144 139 86 157 46 11 60 3 75 54 14 47 146 88 208 112 245 246 110 36 126 48 10 283 111 59 90 233 134 285 70 240 173 210 202 176 286 155 114 102 244 239 2 231 193 265 84 154 125 92 167 223 267 62 280 141 248 131 65 230 74 57 33 52 216 288 16 172 253 64 241 136 28 255 229 130 119 20 116 117 237 254 1 271 225 98 5 158 186 183 97 105 25 127 204 169 66 190 243 200 235 148 73 61 85 120 184 79 211 187 252 89 277 257 259 287 
54 252 94 75 7 255 111 205 234 171 235 275 82 259 21 283 100 279 158 67 27 196 222 245 203 64 191 266 79 112 192 135 131 277 249 200 98 53 228 13 146 114 69 91 175 248 126 263 145 218 78 159 237 261 232 128 102 44 164 242 74 95 201 20 271 285 167 118 129 16 120 50 254 241 85 3 17 56 174 101 66 58 61 45 258 155 216 55 22 52 208 96 42 2 32 12 35 9 179 24 142 115 5 239 77 122 23 139 93 65 267 220 157 97 109 132 287 215 160 217 184 48 137 284 151 190 123 60 14 33 110 207 81 125 260 186 59 121 269 108 172 210 92 193 149 38 37 
55 62 176 287 202 286 77 240 126 222 45 199 164 95 64 251 143 27 113 162 220 104 71 131 235 46 151 49 85 91 133 84 191 243 264 231 20 75 17 6 129 19 137 125 138 107 23 179 60 109 90 161 116 174 198 208 148 78 192 261 96 9 273 269 246 132 26 238 157 50 163 87 262 152 140 15 68 110 195 145 281 155 253 283 242 274 224 223 54 2 278 212 112 3 188 66 83 38 144 37 216 80 256 100 51 92 7 267 74 128 229 42 36 171 214 268 97 8 31 88 134 40 150 237 108 99 130 101 279 13 72 160 167 61 218 236 284 33 232 271 241 35 69 106 282 270 
56 72 236 118 211 134 177 162 16 259 137 203 26 87 32 104 135 146 286 268 121 129 35 157 222 97 80 258 8 267 272 92 10 285 166 279 228 269 180 85 219 283 150 143 12 248 243 69 38 18 252 31 133 119 75 4 15 141 107 106 149 51 28 136 256 265 200 62 238 159 0 3 66 60 239 112 247 54 36 83 40 7 6 158 160 124 151 1 181 148 174 42 89 250 2 108 114 185 142 52 101 230 206 99 88 14 184 120 163 284 212 105 94 132 208 194 172 73 144 178 84 49 63 39 59 245 153 91 266 179 202 263 235 25 241 45 261 215 192 277 201 27 23 57 264 223 249 34 251 207 71 98 214 24 199 187 191 110 254 76 65 164 
57 174 154 32 216 284 215 10 121 178 229 70 66 97 263 211 108 132 73 161 103 133 283 277 163 259 63 224 245 29 8 166 128 208 35 269 135 221 169 131 184 150 113 119 203 14 217 189 9 80 59 48 88 276 173 26 257 120 100 260 83 235 238 71 230 1 182 267 72 175 278 243 38 146 159 264 185 61 222 40 53 139 254 262 237 155 162 158 49 270 228 271 207 130 195 218 181 122 81 64 19 76 104 247 210 137 157 152 179 23 242 265 219 206 31 56 225 220 84 102 43 30 4 107 236 41 51 167 0 
58 134 246 99 182 268 174 113 130 68 249 90 59 214 223 28 212 87 82 273 119 189 32 77 269 235 243 261 251 271 133 132 63 256 138 171 284 107 208 217 66 253 128 276 218 38 196 247 19 162 147 241 120 118 213 136 15 178 84 167 179 140 33 156 9 143 10 240 172 277 92 149 224 131 23 283 46 274 183 154 221 105 54 237 0 203 245 106 227 252 168 12 100 24 199 116 108 79 285 209 18 180 1 4 78 188 232 125 44 70 89 165 13 37 137 91 157 236 160 225 139 281 61 193 161 135 210 71 153 184 111 286 239 263 5 287 141 158 39 152 191 266 279 259 175 270 201 
59 103 119 134 279 23 197 256 25 185 114 225 65 230 58 102 122 233 16 82 74 214 96 51 2 269 177 194 174 42 168 146 210 196 172 37 15 87 220 21 204 108 120 1 115 140 61 232 64 57 142 155 5 29 46 152 53 154 153 161 49 139 131 78 126 110 166 162 198 223 284 123 127 138 147 151 93 31 228 105 98 258 171 40 165 244 243 81 6 266 276 99 84 181 47 199 236 183 75 83 188 281 222 237 24 43 70 7 254 159 56 202 130 215 52 178 101 72 26 259 235 92 14 179 10 250 255 4 100 3 246 213 201 54 60 203 186 227 170 221 280 257 109 
60 145 113 273 42 245 21 274 175 114 135 20 218 41 187 100 172 257 74 224 200 98 81 124 43 28 45 282 65 53 247 47 85 190 169 222 92 29 0 155 30 160 207 171 3 68 109 260 156 99 259 133 55 90 272 242 10 262 120 11 75 39 163 136 204 70 86 106 93 165 193 211 243 146 115 25 188 158 36 107 288 56 49 285 48 122 219 279 19 266 14 220 15 278 66 50 111 270 223 191 250 143 234 215 233 176 244 205 170 82 13 232 214 168 213 162 80 268 89 184 226 61 225 256 32 35 195 103 108 154 54 153 197 206 4 152 189 252 7 117 229 140 59 203 72 180 102 84 166 77 240 
61 14 31 8 187 123 68 27 219 232 148 131 143 263 235 129 156 243 21 262 147 109 130 255 139 35 215 272 76 170 184 103 163 18 30 20 62 19 41 181 108 144 234 265 84 209 146 230 286 63 247 168 59 155 217 185 86 128 253 43 260 233 39 87 208 238 271 218 278 251 132 281 153 225 74 11 101 150 196 213 37 113 57 54 17 115 47 244 178 169 40 267 258 45 191 288 179 259 51 125 82 261 174 95 183 12 264 49 69 221 96 60 279 223 206 220 4 176 167 58 199 277 248 141 211 242 99 224 285 55 53 228 282 172 202 80 241 52 133 66 5 110 194 112 254 91 
62 181 55 152 86 73 220 243 271 115 11 209 20 2 276 143 88 250 196 43 215 212 214 125 168 61 93 198 140 1 197 107 109 91 170 6 270 268 97 26 160 18 264 252 263 284 34 46 24 248 226 10 131 149 56 44 31 135 128 89 182 27 79 188 106 222 251 129 53 261 176 113 224 217 165 178 260 213 180 175 177 108 173 154 266 96 13 249 126 102 151 199 51 227 8 288 274 33 78 25 144 205 202 203 218 100 184 150 192 211 12 45 7 117 232 35 164 157 111 38 193 283 286 77 275 141 277 
63 129 94 164 204 36 41 20 37 76 88 26 120 78 216 119 287 188 83 71 98 50 264 187 132 15 242 18 237 43 57 200 182 80 152 87 162 58 214 91 168 277 268 177 222 61 219 190 192 92 207 44 104 140 48 267 209 23 13 12 121 100 135 137 34 28 227 147 99 283 244 97 124 254 141 234 243 223 230 130 235 3 275 191 155 215 86 238 269 197 178 153 288 110 286 193 21 32 251 202 103 266 108 31 175 156 10 246 79 56 173 102 70 279 73 236 272 123 96 195 248 220 163 148 165 169 49 143 69 95 249 240 276 224 172 116 139 250 262 
64 165 125 257 188 156 175 141 84 272 190 55 133 128 273 44 24 13 93 216 245 80 184 54 193 79 45 88 213 185 276 274 226 77 217 37 135 147 29 87 196 262 238 83 59 255 116 104 227 223 131 27 241 20 124 256 153 19 123 252 259 99 192 47 281 78 154 6 74 127 12 224 3 242 33 270 43 108 48 100 53 159 173 89 151 230 140 103 203 174 271 115 7 253 86 69 287 201 5 237 106 204 200 65 122 51 57 32 163 2 260 280 49 254 233 206 101 202 172 18 50 11 160 225 4 249 189 250 139 148 67 126 
65 131 262 280 273 0 108 170 208 193 1 168 26 162 183 167 251 265 43 40 59 263 159 10 33 232 210 32 96 132 288 220 169 185 92 128 136 60 200 174 283 212 135 17 187 15 248 148 269 21 186 256 259 110 192 29 67 287 142 227 84 129 114 257 111 19 235 267 47 194 87 205 229 103 45 197 175 160 124 268 53 6 105 30 134 83 206 284 258 115 78 195 188 104 231 255 239 158 240 133 102 153 23 50 112 203 80 90 54 37 218 270 228 242 181 264 44 64 249 245 25 143 243 46 275 24 151 209 140 94 34 116 156 137 85 189 82 119 182 42 4 282 147 9 207 123 241 97 75 225 56 
66 195 242 188 161 157 47 138 131 217 38 57 98 116 257 205 213 150 129 39 36 24 68 100 145 232 96 271 260 0 183 49 186 261 233 58 90 87 224 121 219 159 269 246 214 238 9 234 241 170 92 270 285 243 115 248 267 22 114 78 95 89 240 275 273 29 154 20 56 169 46 209 93 75 19 211 281 37 144 80 82 54 86 122 107 60 156 111 276 48 55 148 30 177 143 88 15 71 167 40 231 76 97 136 109 215 229 105 126 226 77 70 280 263 119 99 53 118 127 192 166 153 203 44 265 268 165 151 108 199 210 180 67 178 3 61 175 7 28 31 137 284 
67 129 12 53 146 1 152 114 143 103 54 267 213 265 210 150 223 80 271 252 18 106 29 9 90 215 176 233 250 198 225 266 218 236 161 32 268 35 175 199 99 109 69 243 154 74 122 65 270 245 287 10 153 84 94 24 77 43 19 50 119 284 147 132 275 177 189 259 136 108 51 288 196 238 278 248 52 262 232 192 20 273 17 214 110 124 5 204 180 221 47 140 91 240 246 173 27 194 139 123 174 41 135 281 239 88 36 100 96 274 3 121 102 157 202 130 249 209 217 145 251 257 188 144 148 184 95 260 138 201 38 113 216 234 227 220 160 230 66 4 179 64 68 
68 110 282 168 280 205 155 215 248 46 161 213 237 61 171 104 178 13 58 36 11 1 263 259 121 265 175 264 132 212 236 7 66 228 136 115 279 78 99 157 160 77 9 114 133 232 214 244 245 119 50 60 88 194 70 21 277 176 231 239 252 284 195 185 127 14 124 32 40 218 255 278 47 173 94 251 249 55 217 100 256 203 143 80 207 196 45 260 16 144 44 107 101 19 172 184 186 180 151 33 108 276 93 206 38 224 254 118 169 3 230 266 193 134 90 140 273 89 126 4 182 84 20 240 10 246 8 159 51 234 226 170 102 189 192 211 125 35 187 81 73 42 120 112 174 29 274 198 67 197 162 
69 186 240 208 27 154 188 6 20 130 200 198 217 80 35 201 144 244 89 211 169 202 42 16 115 127 278 264 250 210 209 119 163 142 101 206 103 93 11 288 260 84 230 12 79 112 3 177 109 123 91 54 281 72 96 203 37 224 129 56 184 213 67 173 10 256 23 271 19 161 179 34 176 47 0 157 113 226 7 4 146 139 141 181 156 197 100 243 257 212 151 104 31 233 147 251 164 166 158 128 152 255 165 116 234 9 8 194 285 87 170 218 132 274 192 61 64 45 180 168 98 99 81 185 111 46 124 269 97 95 120 228 134 223 110 242 21 241 15 254 86 258 221 63 50 29 222 41 252 106 55 153 266 
70 105 199 30 84 231 203 45 200 228 245 4 207 24 116 268 219 111 57 258 235 46 29 78 256 175 284 152 189 287 288 8 21 11 279 248 260 75 74 113 244 125 139 0 247 31 16 100 191 128 23 68 124 170 282 50 107 22 185 114 188 5 259 53 110 169 60 271 261 127 201 250 183 277 252 118 43 283 204 17 126 224 18 13 166 179 257 232 187 206 81 178 14 82 198 174 51 92 205 162 135 59 222 71 193 87 265 40 95 218 58 143 153 155 63 157 34 151 230 12 195 227 167 66 286 91 115 181 93 184 211 278 49 172 158 138 242 117 101 220 37 7 98 99 161 192 241 
71 111 288 163 286 116 239 75 203 32 121 199 223 186 235 190 267 25 187 53 198 102 282 55 251 242 208 172 85 63 120 256 218 21 118 252 129 50 231 89 151 101 36 7 274 106 236 275 266 219 19 246 24 122 130 29 238 273 18 76 194 160 159 255 137 80 108 144 234 103 3 153 57 284 174 183 114 14 250 211 78 4 202 77 158 150 156 207 272 86 17 214 204 173 229 100 281 28 178 141 264 180 277 170 197 9 245 161 123 237 147 66 228 46 99 225 70 0 92 167 157 132 184 39 270 90 13 220 258 16 249 145 128 49 41 148 195 240 268 257 152 58 226 91 139 40 72 79 56 189 110 269 126 253 179 276 
72 56 189 98 288 208 276 229 9 184 209 3 231 50 192 107 245 255 102 143 171 234 170 22 169 41 123 238 40 109 92 126 21 27 105 6 96 271 235 227 150 14 39 217 69 155 265 120 28 147 284 104 183 121 237 196 203 195 86 79 51 200 131 52 172 44 57 250 219 38 247 156 163 7 152 74 94 280 260 254 117 140 179 285 49 194 191 145 148 218 139 13 91 88 112 236 273 110 113 84 256 199 173 268 243 12 59 168 214 190 16 93 221 47 278 149 55 71 166 43 205 60 178 264 129 144 45 154 253 31 130 
73 272 100 257 238 18 223 253 241 2 186 145 62 228 86 118 189 88 138 258 200 229 31 49 13 281 57 220 92 142 284 98 230 95 154 7 40 21 121 50 93 198 47 232 252 231 173 170 243 227 78 190 151 226 197 207 205 23 113 44 275 139 94 184 82 181 114 141 144 214 204 225 135 235 278 128 0 34 77 8 125 148 270 160 152 51 264 268 37 261 174 117 15 10 11 199 282 39 277 28 215 6 130 234 56 172 248 239 196 245 96 177 33 213 105 155 143 29 112 101 63 219 276 153 74 134 91 4 209 194 206 156 53 127 221 242 68 263 111 119 159 140 164 
74 270 150 23 81 288 161 127 268 94 83 11 125 286 50 205 104 110 155 271 242 243 59 226 52 99 60 76 165 157 251 265 14 234 70 184 227 85 39 45 88 5 285 177 101 264 187 240 78 277 210 19 152 24 130 87 203 10 42 92 67 142 7 284 263 28 237 213 193 54 131 103 250 252 123 245 253 175 61 72 159 211 84 223 1 235 64 136 141 163 216 137 283 53 182 179 191 44 109 280 40 26 111 112 176 248 121 91 143 49 55 29 168 89 156 214 2 229 149 20 241 164 222 166 15 132 73 233 124 37 188 186 135 181 138 80 21 51 257 238 93 129 172 97 46 197 230 122 169 279 276 
75 288 239 183 236 118 54 96 197 286 71 32 274 87 235 230 248 190 285 255 21 79 98 179 263 23 215 0 196 261 159 38 144 17 177 92 176 89 273 163 187 108 228 90 70 102 132 135 55 269 53 106 11 150 134 219 20 160 143 117 51 31 36 251 45 121 280 195 218 105 226 56 257 5 175 259 60 247 133 99 122 142 127 221 186 35 41 46 91 166 66 254 77 217 104 260 49 268 200 188 173 30 97 283 50 59 24 203 116 287 153 10 131 42 85 277 43 88 78 258 279 126 1 140 245 229 164 266 207 29 9 210 76 100 182 262 174 101 3 169 110 154 193 25 181 107 94 227 95 155 205 284 13 65 
76 115 33 196 226 18 286 240 275 98 83 218 63 162 142 219 177 119 110 134 276 103 101 211 258 74 166 85 243 260 61 131 217 269 179 122 187 174 52 288 108 47 267 78 15 229 250 48 189 201 231 107 156 195 253 71 21 111 263 79 222 182 220 37 84 140 214 271 149 257 284 183 215 221 266 245 12 216 237 80 28 99 205 87 272 136 261 31 106 213 199 262 155 203 92 135 277 160 287 146 233 210 66 38 11 94 24 150 285 77 82 130 7 145 234 171 164 57 25 279 90 133 6 191 81 14 75 232 185 8 251 157 114 139 283 16 51 113 236 124 56 132 
77 212 192 152 250 92 82 143 55 37 162 165 53 154 109 223 14 51 240 207 103 242 58 182 221 150 191 148 209 225 245 22 101 68 64 263 206 24 116 122 199 136 272 78 4 44 208 155 31 123 211 80 227 186 161 151 95 93 254 234 11 67 133 168 255 50 46 288 97 73 29 117 8 71 118 41 110 52 244 258 222 246 75 243 20 3 249 176 226 137 198 247 179 261 286 238 158 257 213 232 173 2 230 105 28 5 86 54 87 219 83 177 115 76 127 111 96 285 106 241 102 282 66 231 140 33 125 187 266 81 283 264 169 189 280 45 89 197 62 214 128 171 100 60 9 
78 275 164 155 272 192 42 269 123 276 5 97 63 4 159 152 81 224 180 53 70 237 156 103 24 127 160 79 131 271 253 257 68 3 140 277 232 143 117 208 120 267 132 74 73 215 254 41 199 76 77 193 92 223 54 83 270 188 235 207 32 7 285 55 266 147 248 115 177 66 151 240 221 116 13 59 36 258 220 144 71 172 178 216 15 214 64 157 274 278 104 96 87 287 154 279 251 184 197 2 165 125 99 204 19 88 65 153 171 176 101 122 0 264 18 210 28 12 170 187 244 34 105 134 225 256 75 265 58 38 62 280 37 238 48 242 205 86 250 138 198 107 8 84 121 229 230 109 22 161 49 149 255 85 145 262 111 249 112 100 189 43 158 
79 95 184 212 255 108 118 226 169 75 154 1 274 33 152 78 198 254 64 54 174 162 140 220 42 115 161 107 137 158 141 119 251 277 69 7 81 249 258 246 153 229 156 280 142 235 187 128 261 265 100 17 193 275 35 109 260 47 72 20 94 104 76 36 175 227 159 39 44 62 99 167 22 164 282 130 163 12 110 103 8 30 15 26 121 46 34 287 200 84 58 176 45 209 205 63 80 214 285 101 21 85 13 157 136 144 27 48 165 98 230 239 148 24 6 206 123 0 185 50 117 281 178 186 90 116 19 91 71 14 53 203 96 28 
80 157 209 126 139 274 281 278 7 90 69 15 82 218 35 64 44 91 187 17 202 251 258 122 67 265 56 262 63 21 141 48 214 286 8 270 233 101 161 57 43 86 87 123 45 95 205 85 77 33 196 203 31 10 276 71 156 135 83 219 38 285 165 88 108 120 188 216 207 273 134 112 229 277 227 116 66 236 68 76 154 106 163 5 279 178 144 185 34 41 98 128 146 252 171 143 169 131 55 259 191 266 4 136 47 223 28 60 193 19 272 162 65 254 79 155 256 25 130 238 97 42 186 39 13 253 234 16 105 152 119 194 222 173 111 133 110 93 3 74 137 235 113 61 200 201 36 213 237 26 121 150 271 
81 101 22 82 23 34 198 74 30 180 105 225 43 249 284 20 117 36 129 244 115 39 173 21 78 269 40 222 276 13 83 60 190 106 92 235 8 138 288 273 87 209 142 6 144 10 108 156 79 266 271 152 255 24 28 93 160 112 153 133 48 118 104 268 44 113 162 194 50 2 197 155 250 15 84 199 26 38 219 279 272 31 230 252 247 29 109 100 189 17 228 165 233 59 229 116 70 27 130 167 257 114 259 111 110 157 175 245 214 16 154 14 140 122 69 141 131 191 57 149 159 120 76 181 278 196 95 270 137 127 248 102 148 89 243 41 125 161 246 256 54 77 183 4 187 68 217 275 239 179 52 177 134 201 51 170 253 123 103 
82 81 31 134 200 77 253 36 279 191 93 224 54 143 199 117 24 80 271 232 59 30 58 83 254 285 198 206 266 51 264 223 235 133 109 14 178 18 141 209 40 86 52 110 180 197 163 100 155 88 130 174 156 2 125 187 177 73 182 157 228 164 144 38 172 183 225 256 179 259 261 32 165 169 153 176 233 66 231 8 135 122 27 105 136 147 137 251 162 247 255 258 149 70 268 111 60 61 46 97 49 92 20 287 107 6 98 39 101 263 76 216 140 145 214 120 87 260 3 160 185 34 13 241 35 190 103 22 99 131 168 25 114 42 201 65 202 119 195 204 102 150 283 274 281 108 5 138 273 0 288 184 
83 199 44 125 240 217 105 196 38 74 76 164 91 222 187 17 47 139 262 116 259 145 247 122 154 175 245 244 158 11 189 82 63 144 81 85 202 30 4 184 23 123 250 136 287 257 260 204 163 94 124 238 41 114 228 174 249 109 221 64 193 280 42 147 272 7 180 277 208 90 119 195 78 274 235 106 48 0 198 192 270 1 57 80 263 283 234 213 159 27 134 285 86 35 225 56 256 167 127 267 87 103 6 273 46 251 15 186 241 65 224 118 281 55 104 39 59 132 151 135 239 110 162 97 77 28 269 33 248 275 201 286 111 22 230 223 200 107 10 52 169 276 178 179 146 152 161 284 49 88 171 236 8 266 254 
84 6 135 128 11 187 70 239 260 112 22 64 99 181 211 210 267 287 5 106 37 139 39 168 176 171 48 240 49 55 25 275 241 175 89 202 170 248 15 69 276 237 272 221 165 120 259 61 29 12 178 172 205 174 32 218 122 85 90 113 220 65 131 95 58 67 177 204 198 245 81 162 103 91 96 270 76 180 53 234 4 8 217 92 114 42 191 74 43 261 31 16 13 216 143 124 284 230 20 45 59 155 173 129 266 247 125 79 206 147 282 126 243 2 212 72 56 201 167 36 94 21 123 40 46 68 246 127 17 88 130 156 78 86 9 57 145 38 193 257 118 238 7 279 274 194 225 136 60 280 1 159 
85 32 173 15 219 109 210 177 127 227 241 248 165 276 26 83 112 71 231 151 49 27 55 76 146 123 237 222 74 132 34 286 191 60 23 206 283 56 94 225 204 0 245 247 92 131 188 4 176 102 235 36 80 142 135 84 233 229 243 254 147 274 95 31 90 119 205 54 46 141 50 111 154 117 249 148 266 144 218 192 121 22 267 98 47 48 52 187 155 236 181 106 75 164 5 285 163 149 96 79 152 126 200 128 138 287 178 175 25 20 260 208 263 65 284 228 255 130 6 194 53 78 120 153 278 
86 107 200 18 137 62 159 138 143 179 73 228 177 111 175 49 171 239 39 151 53 46 38 5 224 223 21 82 87 181 97 148 23 139 80 170 61 265 122 206 280 173 72 95 221 60 188 128 226 160 167 248 193 17 174 254 113 83 207 14 88 208 114 135 66 144 71 102 7 136 278 232 125 63 287 273 153 240 282 288 24 217 28 3 112 230 77 145 211 124 251 201 64 168 123 150 33 105 229 142 10 52 243 15 78 45 255 156 51 36 146 256 172 84 133 41 210 48 108 99 20 69 101 233 184 203 164 8 103 0 162 19 154 35 183 98 257 
87 236 6 101 50 260 224 251 49 266 102 75 140 235 41 205 21 165 198 209 56 238 169 58 195 96 33 107 1 46 263 270 158 89 52 159 255 63 208 81 259 59 118 123 190 35 243 142 163 86 66 11 64 269 145 257 129 74 37 262 184 80 126 124 210 132 225 187 44 28 199 61 90 218 221 197 273 65 48 34 55 141 27 239 16 254 19 164 287 83 256 78 76 116 162 43 194 109 271 202 127 168 178 200 24 106 229 201 137 286 9 179 173 212 12 22 241 77 69 231 70 283 211 234 214 131 288 82 125 206 36 213 249 91 130 111 261 29 240 114 117 120 100 176 282 
88 132 249 193 168 148 97 20 3 267 206 134 30 131 73 63 246 197 276 173 178 111 135 256 12 89 62 170 200 104 204 102 18 124 265 39 252 177 44 64 161 175 100 207 228 4 118 74 262 266 202 205 1 2 224 53 93 45 82 106 209 174 270 9 68 57 166 11 146 153 278 25 8 264 236 190 231 29 218 203 210 137 162 117 33 198 152 121 242 80 212 50 160 171 232 47 86 147 269 128 268 21 163 180 15 183 56 78 6 91 13 27 151 179 238 66 72 67 112 169 75 49 211 24 283 143 261 275 158 55 230 213 222 84 125 233 234 286 164 83 140 248 28 48 34 
89 48 220 247 100 279 21 193 232 50 241 191 213 152 17 69 274 234 235 88 8 15 75 71 13 185 260 87 132 174 123 272 184 12 221 205 84 154 157 118 18 97 135 129 31 95 119 51 93 131 170 101 20 224 120 161 99 127 66 62 164 28 216 211 113 3 165 236 257 230 212 243 156 249 56 32 225 14 263 138 139 277 231 41 196 148 64 189 0 5 222 60 74 94 202 159 278 186 285 115 258 58 160 110 68 251 261 259 226 104 204 177 116 126 137 217 81 178 244 27 166 11 35 287 39 208 103 190 77 52 276 239 223 273 53 182 269 121 
90 142 254 162 237 143 114 80 259 58 113 234 102 260 263 103 182 75 12 163 240 141 176 169 6 124 43 67 196 255 225 66 251 233 101 122 173 206 50 264 106 60 93 208 55 110 83 155 10 262 194 84 53 94 87 31 195 185 192 85 118 246 151 47 201 133 18 29 14 128 52 120 156 226 222 282 49 191 257 28 179 174 217 219 230 266 144 34 277 157 270 178 214 145 3 92 38 283 112 65 186 153 51 168 126 71 223 68 269 76 123 9 135 229 273 19 115 95 249 236 116 284 119 152 132 149 37 228 79 218 0 44 131 11 99 274 241 2 15 22 189 7 177 
91 217 94 11 153 224 52 6 83 168 113 106 127 145 172 27 265 80 164 122 102 273 277 55 270 197 201 264 3 47 188 23 128 167 130 223 39 159 37 190 63 250 240 157 28 69 54 62 287 226 257 137 198 99 139 136 156 147 285 34 144 255 126 140 19 166 278 114 105 191 5 4 84 10 267 149 189 266 111 120 150 163 221 124 248 233 75 134 25 104 218 246 184 276 212 173 108 214 259 67 208 251 241 44 88 72 261 269 187 109 74 165 141 175 180 243 107 236 222 225 103 200 206 56 244 232 143 146 196 115 40 73 279 148 58 158 70 202 194 41 275 1 129 87 71 135 79 117 210 33 101 95 61 
92 157 222 42 77 149 144 245 123 276 99 231 117 138 202 250 212 134 126 163 116 153 194 73 141 279 75 203 81 102 65 178 72 56 110 235 207 60 32 16 3 85 197 63 151 78 74 215 120 226 273 66 270 43 51 165 278 104 253 137 286 27 256 285 96 58 180 8 53 244 266 190 122 142 259 133 267 84 185 50 37 192 48 6 229 221 155 38 209 98 199 177 76 237 242 70 35 189 82 238 55 193 5 90 181 9 71 183 261 257 191 17 34 46 59 187 21 33 162 101 283 118 220 196 277 204 115 288 170 263 54 1 171 201 232 175 
93 129 155 105 211 17 191 119 94 197 98 238 200 82 95 115 159 266 165 284 113 153 109 64 51 5 188 224 45 180 49 176 253 190 69 241 132 245 272 10 183 62 73 175 252 88 249 128 251 81 250 131 44 121 203 32 48 182 195 285 90 139 106 36 146 239 168 16 89 41 274 225 6 114 179 77 97 199 275 231 60 4 230 243 43 40 222 263 137 158 66 107 3 59 11 273 256 118 201 120 142 173 283 15 68 259 104 108 206 26 54 270 186 39 247 138 196 160 288 246 100 194 223 220 21 2 260 287 72 178 140 149 70 0 8 14 80 268 216 233 172 122 74 214 218 1 208 
94 49 150 154 244 153 196 54 63 189 91 93 264 74 234 27 135 143 199 175 145 144 39 276 5 207 137 20 1 103 252 198 46 233 118 127 41 201 228 212 6 2 33 236 83 149 148 85 178 180 29 133 211 128 73 258 260 169 90 22 67 31 106 79 131 68 179 168 107 24 193 8 72 167 40 97 9 182 176 268 242 170 197 183 246 162 32 56 13 17 28 104 278 275 76 18 270 232 89 259 84 124 225 35 219 42 134 142 151 14 4 105 265 132 65 23 222 98 130 163 226 284 186 262 52 75 279 152 37 200 195 213 241 50 
95 79 282 200 137 31 15 0 25 141 55 93 178 38 166 52 47 39 134 226 261 280 14 20 22 114 209 36 161 215 98 264 23 73 135 172 183 6 239 180 46 195 162 107 27 197 122 45 233 279 243 160 177 256 113 89 246 80 190 234 248 29 171 269 201 231 276 86 84 37 121 257 2 77 54 12 108 117 116 66 252 187 85 124 40 133 136 253 173 28 144 106 221 218 181 169 42 210 118 184 244 255 159 24 103 273 192 129 112 259 229 61 115 211 281 262 247 140 41 194 70 13 214 3 249 69 26 186 101 205 48 119 266 272 168 90 67 99 81 242 170 1 104 152 217 236 222 5 109 270 127 123 265 63 35 110 204 49 213 268 75 91 
96 196 158 145 119 137 122 114 175 75 24 284 14 207 116 233 258 168 244 203 87 167 223 59 226 250 22 65 47 8 29 100 48 169 66 50 32 110 72 211 155 23 101 45 208 69 15 288 120 33 230 251 249 274 280 259 117 282 103 131 285 55 4 260 277 201 276 92 84 270 42 255 126 264 271 46 206 157 239 217 166 172 204 112 11 78 25 197 43 191 202 257 224 222 12 62 121 54 132 41 31 38 67 154 30 13 221 61 73 85 200 97 35 7 2 77 186 28 152 275 63 194 266 37 199 3 232 6 36 229 213 267 170 147 153 242 107 79 
97 8 16 50 7 171 231 88 36 140 32 233 112 236 57 226 78 252 178 166 38 162 254 15 229 12 200 100 285 246 192 218 267 56 197 133 183 237 141 234 203 184 225 127 136 109 207 286 182 20 86 278 167 143 89 201 62 241 268 212 34 227 204 266 224 21 29 11 132 93 35 150 181 27 63 77 30 52 2 275 261 279 262 216 106 213 185 272 239 155 94 43 156 147 98 161 157 137 9 145 243 130 190 75 215 209 172 82 189 5 83 152 251 198 165 265 66 80 96 240 54 179 55 69 41 146 53 110 205 176 17 260 276 149 74 128 135 154 65 230 255 235 
98 24 220 215 257 72 168 93 11 110 76 44 120 153 66 127 75 264 276 216 142 22 140 63 160 95 60 73 106 154 247 223 124 131 191 126 26 286 231 214 54 36 199 115 252 178 242 197 211 224 48 129 285 250 45 159 196 249 213 236 137 256 248 194 112 49 7 104 181 287 51 184 6 278 18 269 128 265 123 42 186 117 125 232 166 282 59 180 239 118 97 149 144 148 1 187 119 80 240 92 210 85 280 235 221 277 29 105 274 217 16 82 2 243 69 40 189 38 145 15 53 174 79 130 41 157 150 212 139 202 281 185 208 99 94 173 4 56 37 151 108 17 163 146 209 70 147 86 
99 17 0 212 9 58 130 52 239 173 260 244 197 211 179 84 92 262 237 180 203 44 276 27 169 110 175 172 74 161 154 236 240 40 68 106 177 245 285 165 136 234 91 60 15 139 167 232 153 148 67 194 145 152 241 125 226 147 224 5 16 170 63 249 18 209 20 204 75 141 89 64 279 102 43 50 39 79 238 144 223 259 46 76 124 138 178 37 78 159 166 56 59 251 151 263 4 164 137 47 3 134 282 266 71 284 28 278 12 196 231 100 69 269 19 120 192 254 210 186 35 48 55 32 225 113 250 95 133 255 66 114 82 188 127 272 187 61 98 86 235 155 221 160 286 90 29 182 171 70 132 208 24 168 
100 120 222 257 73 284 266 89 286 263 164 106 288 231 204 54 144 267 246 26 270 60 44 101 1 175 210 132 23 97 105 66 96 88 151 40 115 214 82 139 70 157 119 46 122 277 228 104 148 227 57 141 79 131 63 193 259 242 156 201 199 68 81 233 278 32 272 279 69 198 116 71 45 118 17 58 64 244 226 33 165 52 133 195 55 258 51 221 225 206 31 67 182 150 99 117 135 154 111 93 184 30 220 114 62 186 249 149 7 75 147 213 209 21 273 39 245 256 59 262 261 140 87 11 179 5 168 202 252 229 177 146 3 102 230 126 190 155 205 113 77 78 50 268 
101 53 81 278 284 190 87 110 269 115 263 270 28 274 43 102 8 248 100 76 140 178 125 231 239 152 119 69 163 2 229 71 136 211 272 104 15 77 219 198 74 176 283 175 106 158 188 209 180 96 230 124 90 80 39 260 287 135 218 273 12 173 112 89 9 0 261 194 255 7 20 169 47 213 61 54 143 174 237 214 156 144 19 208 68 56 126 232 244 78 226 35 14 45 280 177 38 13 203 172 130 31 133 82 245 79 259 37 235 186 264 73 59 42 168 95 249 227 64 40 277 4 150 220 55 111 197 92 222 75 86 161 70 145 146 120 108 105 91 246 223 179 
102 156 245 35 204 265 223 177 164 87 172 127 252 226 247 231 238 281 71 158 101 59 72 90 170 198 193 88 140 255 91 280 150 92 52 121 39 75 258 135 188 222 284 267 159 147 167 1 210 288 20 124 224 272 13 213 85 107 165 54 248 264 168 200 163 115 161 286 53 216 146 192 207 99 134 50 136 36 278 143 86 10 152 120 176 38 43 145 273 201 104 118 178 40 154 227 62 7 30 206 148 109 65 5 14 171 112 67 129 126 63 269 49 19 77 185 254 125 41 117 256 51 81 31 270 24 174 2 110 229 212 68 57 82 32 100 60 215 287 162 228 
103 59 266 31 144 251 184 51 236 67 219 245 139 158 37 36 220 78 57 147 94 76 77 44 109 90 127 260 244 108 228 267 16 61 69 277 239 258 252 259 250 150 210 283 19 197 46 265 30 141 225 222 29 238 47 206 14 185 223 281 96 232 262 7 243 107 181 71 41 254 204 74 152 84 271 211 128 284 268 38 42 65 148 121 280 118 83 286 125 161 79 129 154 200 278 3 203 95 190 287 39 117 182 2 229 63 64 159 1 136 114 160 91 105 242 60 165 253 17 255 199 28 241 207 179 246 82 249 174 120 192 263 145 48 247 279 153 187 49 89 275 149 112 104 124 86 43 23 167 237 81 
104 182 123 234 176 68 131 164 21 126 27 74 238 237 108 56 44 55 19 88 114 236 17 118 273 42 246 101 179 200 251 248 192 120 239 4 181 256 39 28 177 146 100 163 11 105 18 199 64 72 52 63 81 138 235 41 154 25 24 107 92 227 29 98 241 79 221 285 288 112 184 153 257 50 115 245 249 212 274 78 91 175 202 75 142 214 261 283 262 286 173 110 223 51 69 219 242 277 144 210 139 111 83 65 204 102 116 188 40 150 30 22 93 134 180 94 156 183 129 155 113 281 57 208 137 89 15 282 10 8 225 158 136 95 264 128 174 133 191 141 20 269 209 103 159 272 258 276 233 161 190 119 279 
105 70 93 210 242 81 252 240 83 110 120 107 169 283 13 108 42 45 172 23 121 114 189 191 180 22 100 222 14 175 255 256 72 202 32 3 27 49 209 254 243 130 34 15 257 104 207 75 220 39 9 122 129 43 251 139 184 91 275 159 1 166 12 187 157 280 136 265 17 140 145 272 277 50 200 203 58 59 276 65 183 165 127 82 231 221 25 212 38 267 106 260 245 213 156 149 133 56 77 40 198 119 98 48 126 35 78 115 266 86 246 135 134 2 117 103 73 235 66 33 217 53 123 131 205 94 80 268 230 10 113 4 274 182 19 249 206 101 171 215 44 278 18 52 
106 215 170 117 275 175 122 42 100 1 190 199 84 91 280 281 158 139 48 98 270 214 81 12 167 126 28 200 177 67 29 147 99 128 71 7 251 75 30 101 254 248 141 125 88 160 33 188 187 120 41 132 181 225 90 271 93 193 268 189 83 223 49 159 56 23 154 94 247 60 192 253 274 6 212 16 62 209 95 97 35 80 236 131 58 109 133 40 150 76 148 87 32 105 202 178 226 22 43 180 18 269 260 85 273 64 5 36 50 77 265 136 144 216 162 194 206 13 278 186 161 2 20 272 261 183 111 51 149 166 229 237 127 17 165 287 267 69 157 245 282 55 39 238 168 21 196 
107 86 45 108 186 188 278 212 10 190 105 72 199 25 239 111 221 233 15 207 87 130 110 194 267 214 263 180 118 21 127 79 95 193 255 58 261 238 62 164 24 55 196 286 132 237 191 167 285 197 219 232 150 76 52 70 102 227 137 251 33 56 104 103 280 181 138 284 222 172 22 195 179 259 60 94 51 192 134 93 140 113 43 30 23 257 272 277 66 287 129 242 68 189 141 202 155 224 245 115 31 153 29 173 38 82 162 169 139 2 91 279 229 131 20 133 117 124 125 12 136 250 149 78 264 156 116 268 83 243 171 270 17 225 57 240 42 75 3 7 234 148 96 50 275 258 
108 212 65 107 12 115 191 79 243 279 26 205 161 240 201 132 104 57 105 34 242 234 39 260 265 210 232 75 103 140 215 238 236 178 259 3 49 177 20 272 18 284 81 59 76 61 31 24 144 165 5 169 51 153 152 171 14 273 195 217 25 71 190 159 95 156 235 21 113 80 267 120 262 199 32 67 247 138 16 283 209 56 9 62 246 204 7 64 91 280 213 229 133 130 48 189 38 150 206 225 58 219 68 142 110 173 15 63 127 93 192 28 245 109 221 167 141 19 163 276 35 23 207 60 123 287 222 55 220 52 135 237 86 164 66 98 179 101 54 82 183 36 30 
109 237 41 18 239 226 85 185 49 217 189 40 77 93 61 152 212 135 209 252 103 178 126 182 1 250 155 222 215 82 192 220 30 275 127 274 72 144 175 278 158 282 97 69 36 123 62 272 211 60 83 38 21 67 55 13 145 79 153 248 285 20 240 12 110 191 156 190 4 23 202 122 283 81 273 258 25 45 214 106 33 52 87 172 74 125 257 266 35 8 279 14 26 91 218 184 102 51 6 108 66 245 116 164 288 54 225 232 179 249 15 130 223 121 138 270 176 146 150 256 241 163 280 44 161 124 78 140 95 260 201 16 188 244 242 24 59 115 210 
110 68 273 243 17 126 222 209 101 14 234 144 186 154 167 161 211 105 288 260 217 98 228 74 229 51 204 257 178 138 208 99 76 37 247 282 107 280 205 212 214 275 26 125 92 42 115 82 278 44 149 271 96 45 35 207 179 116 53 245 277 255 65 90 268 240 251 123 1 279 112 252 70 18 139 109 59 38 5 196 55 34 77 174 248 244 187 67 29 104 261 191 79 22 41 152 122 156 210 31 63 185 216 142 108 81 0 192 83 146 113 177 72 23 250 172 25 16 162 237 89 233 143 33 20 97 239 281 120 3 39 69 263 54 43 221 151 102 80 75 176 230 256 95 71 9 61 56 150 
111 115 184 71 261 208 7 129 121 133 54 271 39 259 146 176 170 70 189 171 88 148 107 267 86 188 241 268 244 113 35 277 29 199 247 192 185 33 223 220 233 125 215 164 286 140 20 45 284 256 270 53 242 76 255 65 159 141 12 2 26 155 272 257 91 135 234 85 3 174 169 6 211 122 183 60 230 66 119 205 240 238 74 104 248 190 82 32 19 34 228 81 275 15 123 24 48 180 278 160 283 120 77 69 9 252 100 40 168 236 83 118 143 151 281 166 37 28 206 101 178 202 149 106 80 193 258 87 25 58 30 44 62 152 288 73 38 78 42 249 217 285 279 50 218 
112 237 227 203 140 270 260 251 46 34 84 128 220 148 199 97 133 2 180 276 85 246 4 241 172 44 264 221 162 54 205 36 137 164 132 269 24 181 69 272 53 81 49 45 18 254 229 101 268 38 98 192 110 228 26 170 256 23 159 131 28 0 210 48 104 188 165 1 176 56 239 80 30 96 32 238 285 208 191 225 8 252 157 142 39 185 236 55 273 245 198 74 209 95 35 169 282 86 288 72 5 88 263 90 65 138 14 11 262 248 102 275 261 280 73 139 117 204 178 186 147 52 232 120 189 145 168 50 9 193 134 266 103 257 194 68 115 247 78 47 206 135 146 61 31 
113 217 237 252 130 60 243 250 219 10 58 256 55 51 91 264 90 145 93 211 4 166 186 220 216 164 139 11 111 157 16 233 141 70 26 120 159 12 129 28 257 136 221 57 73 95 263 275 206 81 84 33 27 121 282 41 8 254 147 3 196 48 232 172 17 187 137 178 108 89 69 225 177 86 22 127 134 171 154 162 287 43 143 62 284 61 107 262 15 203 142 255 192 115 223 156 114 261 270 286 176 188 13 150 181 227 110 174 202 72 242 244 104 158 52 182 173 276 155 133 198 280 99 169 119 236 218 189 153 152 105 30 199 67 229 279 80 14 6 76 135 184 100 
114 120 145 36 96 37 90 59 179 67 133 250 207 60 214 47 178 286 191 152 105 104 95 154 245 283 200 282 224 140 242 41 68 1 171 246 54 280 83 217 205 185 44 186 11 256 209 239 274 265 174 46 73 65 271 70 147 17 2 238 93 252 202 39 225 91 31 137 160 228 53 66 234 71 169 275 241 28 194 201 27 226 5 251 272 84 86 273 159 268 56 122 260 51 203 113 127 81 270 227 32 170 30 267 285 196 103 45 123 176 13 131 100 197 243 215 189 23 136 76 99 43 157 3 82 218 87 42 195 219 164 281 18 258 116 212 20 193 10 50 166 
115 170 138 19 111 76 108 101 283 164 20 12 288 143 81 23 230 44 259 62 93 126 187 270 162 267 69 38 133 30 279 7 1 53 211 68 263 79 132 229 245 100 110 167 189 160 175 43 262 98 173 152 277 2 59 194 40 169 135 223 66 34 26 45 5 78 102 48 42 231 278 157 125 119 60 25 218 227 247 257 104 156 144 248 196 206 233 191 61 281 209 140 246 113 65 163 221 120 46 251 212 17 214 202 54 95 195 197 107 130 29 64 165 225 266 105 77 234 21 237 264 89 250 158 280 91 159 134 255 239 90 70 198 8 220 265 145 146 150 18 222 10 92 282 112 36 109 
116 33 2 243 71 200 193 27 47 13 194 205 70 241 96 202 32 217 83 276 151 66 270 92 251 175 154 208 188 282 253 136 272 233 125 120 252 18 123 28 150 77 212 110 12 161 278 64 124 55 172 184 228 156 30 186 180 207 287 19 236 191 95 78 43 240 183 274 264 17 35 283 182 197 169 179 275 80 132 42 50 281 87 265 145 187 213 100 284 174 81 16 10 38 58 121 128 104 69 75 261 53 36 286 3 140 164 231 149 109 262 126 204 260 107 89 90 288 178 141 65 223 117 79 24 165 218 9 143 122 234 48 114 133 63 277 
117 259 106 43 17 160 81 269 262 49 215 92 237 216 19 185 134 82 198 36 203 34 221 251 153 152 271 159 242 239 26 214 202 25 210 204 0 128 256 78 235 22 169 15 226 75 40 249 231 135 21 191 96 207 7 118 16 129 265 46 139 277 283 171 50 47 88 192 121 95 244 197 274 170 168 77 278 98 126 248 85 180 30 223 186 72 288 6 14 73 219 264 276 287 228 165 217 257 205 284 255 28 157 266 103 51 229 131 213 158 1 123 193 227 53 238 224 240 122 143 32 119 100 105 263 107 252 232 120 125 112 137 233 102 79 182 261 167 116 10 155 62 60 87 70 91 220 144 211 150 
118 131 132 185 56 283 75 268 26 261 18 119 79 47 73 229 44 192 50 239 10 255 32 130 272 136 194 202 71 250 224 231 263 204 148 94 191 104 124 232 271 107 3 88 246 87 226 252 274 211 134 89 207 251 16 33 177 58 81 117 265 171 286 214 142 125 146 54 149 288 175 90 139 70 129 77 163 133 159 230 103 23 127 93 179 95 120 98 160 242 208 100 285 258 83 19 174 227 7 220 102 165 281 243 154 46 38 260 68 122 188 30 183 145 153 200 111 205 1 247 66 270 92 121 48 135 206 43 84 123 180 14 190 
119 126 96 59 19 93 170 122 118 130 225 216 63 209 266 281 76 246 146 222 58 263 202 204 183 69 1 101 123 133 153 17 218 251 79 278 169 155 10 175 157 100 68 120 210 57 181 229 42 179 151 254 89 83 237 8 56 221 0 236 282 125 140 141 29 127 192 182 269 67 276 224 245 115 286 85 165 188 177 3 230 47 49 247 21 142 98 41 178 131 161 191 111 219 53 186 105 32 6 258 27 207 185 156 117 176 234 226 147 2 31 95 193 113 66 152 129 80 90 275 65 34 203 82 198 145 284 20 217 143 73 28 206 30 160 104 
120 114 100 158 250 28 15 195 23 1 105 121 143 170 5 98 63 30 129 277 257 48 166 33 139 71 46 287 37 219 199 51 174 235 220 232 156 26 116 113 78 59 238 84 212 31 142 104 0 138 119 194 12 285 96 106 231 270 217 72 22 58 213 92 57 153 60 41 132 177 4 134 252 172 269 89 221 192 248 251 163 3 188 54 80 123 91 108 249 268 254 160 201 90 207 239 271 283 169 145 137 118 260 32 208 102 93 52 243 267 136 272 115 140 261 56 146 157 124 150 265 152 29 10 245 167 2 125 111 216 223 99 82 117 69 202 81 164 247 226 110 193 240 103 180 112 234 9 35 133 87 47 176 53 101 25 191 6 36 68 190 209 204 237 85 126 159 122 200 
121 158 280 29 28 122 205 111 178 71 57 214 278 120 257 252 33 217 9 44 68 105 268 156 56 161 167 102 211 258 7 271 195 73 273 253 66 259 93 164 196 75 185 11 160 10 38 182 72 27 32 63 176 113 95 256 5 117 157 88 146 216 131 103 20 266 193 223 177 233 42 143 284 198 237 85 40 79 151 96 133 206 192 24 145 224 116 39 242 74 144 126 35 2 181 125 26 124 67 236 228 142 265 153 250 109 287 260 50 8 134 0 251 78 31 118 19 243 215 170 175 231 201 54 210 49 37 80 212 169 89 
122 121 22 96 216 51 106 119 279 256 209 172 206 210 179 252 140 238 59 3 287 83 165 191 155 255 91 156 49 137 129 80 15 168 218 244 169 198 183 277 76 222 95 205 267 27 130 77 100 0 90 28 71 254 128 286 67 14 84 284 86 105 272 180 132 263 75 40 23 224 171 92 271 158 264 123 9 246 109 60 282 152 241 1 66 126 111 82 124 114 151 110 266 41 184 125 78 160 214 11 147 181 127 10 54 288 275 117 118 81 170 251 50 64 57 211 201 17 34 258 159 6 237 20 227 142 43 203 44 212 164 93 166 269 149 2 116 35 285 281 144 74 52 189 138 120 
123 163 139 204 266 104 13 61 261 92 5 172 279 158 78 240 277 3 170 255 126 18 142 218 173 29 207 225 38 21 205 85 152 72 149 146 270 89 119 83 246 87 116 164 175 20 69 109 245 10 214 247 52 177 137 275 254 80 125 1 77 110 235 17 130 124 243 64 169 249 74 265 120 98 250 59 37 239 122 212 157 200 262 267 46 0 259 44 2 6 208 186 271 287 168 143 230 154 36 67 26 71 111 32 183 117 226 129 43 156 86 114 241 84 244 228 34 8 90 159 108 105 184 63 257 14 54 242 273 22 79 33 288 264 210 138 178 185 95 150 65 118 260 48 11 128 217 81 15 
124 198 203 210 205 12 222 18 28 256 26 177 16 39 154 171 251 88 43 261 60 266 98 130 118 220 90 128 45 36 207 192 196 181 83 148 101 202 102 70 158 116 145 87 288 277 131 5 268 199 68 123 3 64 140 15 142 14 267 239 63 22 235 95 42 275 233 91 250 141 65 37 232 56 274 269 99 67 285 219 122 84 242 153 167 182 172 10 183 0 278 120 228 125 231 263 86 287 94 121 107 69 135 254 23 74 229 230 217 281 258 139 179 270 169 168 109 40 151 189 226 152 225 103 33 164 29 163 76 272 234 
125 157 180 64 83 0 161 244 209 136 74 134 195 175 31 270 194 24 226 218 222 204 201 220 224 137 101 139 41 10 228 238 62 35 70 196 116 110 138 55 22 106 182 111 27 199 155 205 123 82 148 159 99 49 230 261 227 119 135 118 229 145 115 146 264 208 249 73 53 153 51 246 12 286 164 98 277 193 7 216 279 42 190 191 163 25 40 103 26 257 86 166 78 259 250 186 33 154 109 122 84 61 213 126 124 206 245 20 121 177 127 235 140 143 120 58 29 248 107 278 37 117 241 87 243 231 188 160 18 223 102 32 184 172 88 150 81 77 54 43 68 169 21 234 2 176 274 288 
126 245 119 110 224 80 177 143 55 104 134 259 10 209 256 204 115 123 92 187 201 180 109 215 39 183 106 205 282 254 6 98 200 172 264 30 72 281 179 54 228 151 127 87 18 53 242 268 27 91 165 221 42 4 241 267 34 208 234 59 96 141 139 189 14 117 29 162 260 238 70 216 132 247 122 50 171 168 218 283 16 51 150 101 203 184 192 157 121 38 232 265 62 125 149 15 155 105 84 133 199 231 75 237 85 28 90 211 102 66 236 116 147 68 271 274 138 273 244 89 36 280 3 193 248 44 33 250 100 163 71 120 144 64 
127 192 74 164 218 183 39 174 278 215 234 85 102 204 288 222 193 98 206 173 91 273 78 69 103 283 178 254 171 167 146 94 27 109 42 266 282 107 195 97 219 198 245 179 277 134 150 139 236 141 281 126 129 271 239 131 160 1 3 175 180 228 221 225 68 19 227 2 253 119 70 280 89 18 44 75 263 35 59 113 83 258 28 144 20 168 64 118 209 210 205 8 138 105 252 46 87 172 37 6 185 33 23 16 114 240 230 182 267 122 108 142 153 125 285 165 250 187 77 229 14 29 216 207 84 53 36 166 81 157 66 99 22 40 73 95 106 233 188 13 47 255 
128 26 84 237 136 31 223 14 141 159 112 272 287 52 1 64 13 258 264 250 248 257 21 227 259 22 160 273 255 35 147 65 91 245 16 51 106 117 36 124 7 205 57 34 212 181 199 194 93 58 10 197 46 70 180 204 166 189 79 280 122 158 233 168 61 94 54 154 38 152 142 37 218 135 174 184 6 86 151 62 246 103 27 73 131 265 48 98 155 274 186 2 90 4 23 88 242 143 11 182 243 80 45 193 116 69 281 209 138 266 196 239 219 55 33 162 261 191 171 179 71 225 133 85 203 262 49 244 238 42 104 195 285 156 44 228 271 282 185 286 97 146 139 77 8 153 123 216 32 
129 182 93 193 63 67 262 207 111 205 235 164 248 224 81 222 199 18 179 156 61 25 120 53 66 143 71 148 56 280 122 244 285 181 273 9 36 26 153 198 261 241 139 130 272 55 189 277 284 216 113 87 69 127 98 89 173 213 186 117 229 42 43 105 65 17 275 226 251 271 268 54 8 252 202 239 217 118 141 62 21 259 4 220 107 237 195 103 16 7 84 149 238 221 95 147 203 39 13 190 123 210 104 249 27 102 158 176 146 45 177 184 2 240 283 263 119 247 185 287 91 234 48 5 204 74 33 170 208 10 196 265 72 142 49 281 22 
130 281 51 175 181 135 99 113 288 13 228 44 119 58 69 139 159 236 261 194 23 118 156 207 61 208 265 107 234 176 124 17 91 217 248 31 141 268 201 129 213 122 232 244 105 235 82 40 74 71 249 253 184 276 123 247 154 24 220 50 16 172 153 41 270 63 134 5 133 177 211 196 259 21 198 180 273 79 285 242 11 230 108 7 81 97 36 183 209 53 73 138 12 255 19 115 101 167 219 262 171 57 0 2 80 76 59 226 237 67 225 243 109 98 280 148 191 272 197 55 26 161 84 190 28 152 279 87 149 85 94 212 169 3 187 9 258 250 72 
131 188 65 118 21 137 198 213 1 252 175 104 61 66 88 38 37 239 181 282 43 55 214 274 231 78 18 192 28 98 76 236 54 147 17 0 205 275 141 151 272 251 178 20 4 49 57 170 258 42 204 262 93 202 143 210 163 172 166 85 127 164 132 124 64 96 171 84 89 222 100 203 135 197 183 271 74 62 193 59 72 112 48 94 128 185 283 9 39 248 121 58 201 212 234 211 16 184 52 53 106 44 256 269 119 19 186 182 8 195 148 190 80 117 242 75 230 33 276 139 228 220 199 134 152 168 107 32 14 87 81 158 284 114 149 105 45 253 241 82 155 243 159 246 90 180 237 27 249 261 216 208 136 46 215 150 191 
132 118 88 139 241 239 38 143 108 172 28 218 57 195 252 68 246 63 100 11 65 182 197 192 202 145 281 34 173 278 89 85 93 31 264 222 212 75 58 115 112 235 78 206 142 107 47 106 267 282 226 87 131 228 148 134 23 120 46 97 149 37 122 151 55 194 9 163 18 67 61 253 25 256 288 174 35 116 237 126 231 272 196 39 96 14 24 213 285 245 83 190 52 203 30 56 199 201 268 258 158 223 69 152 71 5 280 6 150 156 54 224 191 144 74 269 157 193 153 22 137 94 244 248 90 217 184 220 162 32 165 44 155 243 240 99 76 15 
133 257 200 49 145 111 221 114 64 176 112 38 44 19 251 138 115 36 208 57 8 256 55 222 177 82 267 252 135 97 170 146 58 280 119 37 68 136 210 213 185 243 94 32 81 60 235 26 56 33 22 192 270 43 77 173 75 21 165 2 180 248 95 90 281 130 258 118 92 206 147 262 184 275 139 106 149 246 266 288 108 121 198 172 199 178 263 214 158 46 105 100 201 28 207 65 195 126 9 101 179 40 29 269 107 23 211 228 236 76 113 128 209 175 99 186 174 272 86 226 104 80 163 30 120 151 286 61 244 154 265 144 264 268 282 250 227 116 217 14 
134 12 58 82 59 274 56 88 23 126 205 125 224 230 185 195 117 227 271 6 95 92 281 178 76 198 212 24 138 265 190 278 189 282 244 269 75 127 49 263 118 249 275 272 221 13 216 256 245 229 15 132 236 171 53 120 248 286 237 83 37 179 284 130 80 22 287 52 113 154 143 257 102 46 107 201 91 135 208 242 38 158 250 152 32 65 160 276 252 163 8 35 99 226 247 273 104 78 182 131 141 16 34 285 258 105 68 288 94 157 145 55 73 260 115 139 167 174 69 211 156 121 45 7 255 112 2 223 206 3 0 162 25 151 196 27 81 266 186 209 
135 231 162 84 234 130 240 267 40 38 4 205 176 94 256 22 137 273 203 60 280 56 49 236 88 215 109 283 195 213 46 133 171 95 197 54 47 220 246 29 75 102 45 164 232 9 57 248 65 24 14 212 64 26 23 25 224 198 147 117 143 179 235 89 149 190 153 284 101 115 160 3 265 27 158 252 192 85 178 80 63 125 131 136 128 73 245 217 21 62 51 44 10 28 260 111 30 5 209 262 12 86 134 285 82 254 31 184 151 180 145 266 76 269 52 83 70 251 67 191 43 250 154 105 161 100 124 219 261 11 90 271 74 279 36 165 230 58 288 108 13 277 91 188 244 118 282 218 113 140 182 229 159 187 97 112 238 
136 215 164 14 128 48 125 150 209 234 282 192 176 118 51 10 284 68 116 194 101 83 173 232 65 242 178 241 168 97 214 133 162 169 148 222 113 246 44 99 263 185 91 77 220 248 211 3 40 223 249 58 287 243 264 205 280 38 43 60 56 254 135 269 32 174 247 271 237 105 141 154 67 95 261 27 102 13 1 74 203 201 188 86 17 274 76 82 137 267 120 156 53 163 26 80 265 103 4 66 21 257 107 161 39 285 79 106 210 114 213 170 104 204 153 16 217 152 20 146 30 184 147 143 149 47 23 84 186 31 131 
137 159 225 131 86 96 4 198 219 232 95 201 56 282 173 270 37 205 144 135 252 182 166 215 94 175 242 178 0 241 125 122 112 280 281 247 244 259 79 196 224 208 19 55 238 254 149 91 167 123 35 190 212 265 34 162 287 27 107 98 71 249 63 248 286 23 114 192 92 47 177 88 251 113 267 258 214 221 93 209 3 46 15 268 183 10 120 274 160 32 250 74 220 185 276 172 97 77 136 148 82 87 255 38 17 99 42 155 158 180 145 211 154 200 217 1 243 253 230 275 262 104 58 188 132 13 54 117 157 57 81 89 41 245 39 65 40 261 194 174 80 260 195 204 45 66 
138 115 139 200 175 172 45 288 86 66 282 188 92 73 28 15 272 39 250 110 210 133 7 214 222 171 209 265 204 277 134 81 169 159 32 125 58 232 48 55 177 230 216 120 257 263 27 5 203 249 237 148 104 193 166 276 255 236 33 191 268 107 23 286 162 21 141 50 259 196 153 142 59 184 25 108 34 192 244 99 127 176 190 248 262 242 26 233 278 89 181 224 198 227 234 8 219 280 128 130 178 163 223 270 112 38 6 93 271 246 164 19 22 3 41 281 274 51 158 85 78 109 260 269 126 67 261 167 213 13 144 123 218 264 70 74 10 40 36 29 82 24 147 183 197 174 122 156 
139 138 204 140 123 258 14 223 80 141 132 238 170 4 130 284 146 229 83 285 103 168 254 167 187 120 84 278 194 61 113 222 106 125 53 10 24 148 193 171 70 192 279 164 15 129 174 201 100 127 235 197 147 91 99 86 217 93 73 19 37 9 117 162 105 59 110 255 250 264 158 126 118 69 275 177 34 151 188 157 175 260 133 248 57 282 242 182 29 216 181 155 89 104 159 40 48 172 273 72 67 18 270 0 236 33 244 45 131 54 30 196 12 249 107 286 234 25 112 142 50 199 276 58 134 246 263 124 16 239 6 98 195 262 165 166 21 76 71 251 283 64 287 209 128 247 63 156 
140 185 139 263 228 112 184 97 87 190 149 283 122 145 252 50 41 98 102 234 48 101 15 165 181 108 150 244 79 114 213 78 226 45 279 288 231 27 62 46 199 192 59 227 281 111 161 211 63 219 34 91 33 218 224 44 156 14 29 119 169 58 124 166 198 254 245 265 76 105 55 177 225 42 23 107 284 257 215 209 72 171 246 115 266 67 31 206 173 120 233 64 239 188 220 282 95 116 125 259 81 151 236 82 153 75 68 229 22 186 276 93 65 77 38 183 35 196 280 255 100 109 60 9 256 176 135 88 73 237 154 
141 5 218 151 139 192 225 128 95 64 51 187 226 14 194 184 159 209 231 41 28 92 211 196 25 32 190 10 113 97 82 90 150 6 131 130 79 80 44 179 278 215 181 106 103 203 244 246 127 282 286 228 247 147 20 100 173 73 56 276 224 162 111 119 21 261 36 99 138 19 148 46 172 63 87 126 136 167 124 85 185 175 129 271 0 69 53 170 74 156 248 191 155 71 267 153 8 107 205 91 166 9 254 197 227 134 33 163 259 108 81 258 229 143 206 275 219 264 235 266 37 234 157 154 61 116 199 287 176 104 40 58 217 201 35 62 145 
142 240 90 223 151 24 8 195 42 51 218 76 149 159 236 123 98 163 73 251 256 192 50 69 241 206 265 178 181 186 263 213 37 81 258 212 201 87 120 28 132 234 175 79 179 23 59 12 20 227 74 65 85 128 118 273 124 166 47 22 235 75 21 242 92 217 138 177 1 104 113 18 119 248 112 164 56 40 279 153 211 190 230 93 254 147 183 238 33 165 270 110 31 108 260 54 19 46 168 15 209 200 214 127 39 155 249 182 86 232 228 220 156 121 267 94 139 250 144 284 285 6 275 26 222 219 157 122 261 35 255 277 27 278 25 233 224 199 266 32 129 13 231 
143 17 4 200 77 6 126 90 208 253 86 115 53 132 61 3 237 9 120 94 147 263 55 67 82 193 194 223 171 156 72 265 62 245 269 256 234 129 250 7 148 244 160 48 13 41 78 149 281 36 179 226 198 225 75 56 283 131 97 47 44 135 287 146 231 29 235 151 166 32 214 224 275 241 172 260 24 37 229 150 20 230 252 58 144 165 8 273 189 19 134 167 113 101 259 191 68 121 102 175 84 128 18 178 170 5 266 123 282 60 161 2 80 40 42 258 66 74 209 152 202 247 117 286 197 125 238 39 25 249 49 88 70 73 280 186 12 65 91 141 110 213 180 251 219 215 111 153 11 16 50 254 21 10 284 261 63 116 267 136 173 188 119 233 38 168 0 201 
144 225 110 103 92 186 137 259 13 254 189 100 69 94 236 180 83 287 75 159 268 16 53 177 28 257 252 264 109 35 158 161 165 145 226 81 157 61 174 240 49 108 5 9 275 91 204 227 18 4 288 200 172 71 73 6 265 82 8 272 228 243 143 154 78 149 207 234 7 198 95 115 127 66 99 86 85 242 101 274 15 98 68 80 90 10 195 104 193 190 34 55 214 208 121 170 205 147 232 148 256 162 202 280 192 56 19 273 286 210 166 253 258 62 47 79 132 221 142 106 2 67 24 21 179 233 277 239 39 217 181 40 138 42 201 283 215 171 219 173 266 133 223 117 122 237 72 126 
145 114 96 35 60 180 177 133 185 213 158 26 169 73 188 94 42 140 113 244 83 91 25 240 39 9 33 155 193 203 11 191 132 228 66 275 219 251 268 273 204 144 194 175 147 157 36 238 254 17 280 16 87 29 50 24 54 124 99 195 187 192 171 109 211 261 270 125 236 225 232 163 287 183 200 5 281 105 55 202 277 174 1 120 49 154 256 116 246 97 267 102 245 72 135 32 121 184 259 220 168 237 199 167 265 86 90 149 137 247 43 98 76 82 71 179 134 118 67 3 21 15 152 230 216 165 6 115 103 258 112 45 0 255 84 37 101 119 249 78 18 223 141 
146 247 14 8 32 187 67 196 254 111 139 49 15 272 56 10 16 154 119 282 37 288 207 127 85 47 211 123 59 133 29 157 226 148 266 216 244 260 243 53 237 54 61 206 217 267 270 46 280 208 104 2 143 192 88 93 199 183 23 281 118 231 262 1 166 264 189 201 102 60 121 125 30 252 180 181 57 69 19 169 43 221 40 27 233 200 80 41 273 39 120 228 238 38 76 110 242 25 235 236 22 149 234 277 278 195 259 158 13 256 129 26 91 97 164 5 155 202 86 209 109 258 193 115 232 153 190 83 136 261 101 230 188 241 9 100 210 276 128 98 34 112 42 168 11 
147 229 35 199 31 284 53 276 215 143 257 242 18 61 269 103 192 278 230 183 128 160 159 131 106 264 218 253 272 281 231 22 145 194 247 102 64 254 178 135 139 40 91 83 265 58 244 141 233 72 222 241 48 219 170 99 114 186 78 23 27 63 85 211 113 67 45 273 262 133 59 180 207 88 260 245 225 26 37 97 209 38 82 12 196 69 39 287 239 142 261 2 129 237 153 144 71 246 122 84 164 208 210 268 163 206 181 282 174 1 13 126 259 119 100 112 288 36 7 65 277 136 3 223 24 96 151 171 138 258 197 98 
148 222 12 52 158 3 159 238 88 61 267 112 176 18 254 196 19 253 15 111 252 271 27 250 129 143 77 118 139 284 225 146 269 198 39 154 185 235 7 136 94 192 124 263 65 45 223 86 201 99 162 150 287 100 265 125 138 211 208 55 132 180 278 206 229 189 188 6 274 164 141 195 14 73 23 248 103 220 187 47 277 85 0 224 56 275 245 257 30 177 244 276 98 182 153 137 106 270 25 72 66 226 16 131 89 167 9 144 102 194 217 247 240 175 256 170 38 197 172 91 71 130 79 67 280 31 282 161 184 81 168 63 210 11 53 1 279 281 64 169 42 212 239 4 107 234 261 41 205 273 
149 92 15 184 168 140 142 244 174 4 21 233 262 28 188 10 242 161 259 123 239 286 209 217 143 226 272 264 110 94 166 137 49 0 135 189 279 163 212 241 260 257 56 19 132 152 39 162 211 62 22 118 230 263 91 204 144 76 44 58 275 5 159 13 179 213 1 232 50 153 287 281 193 133 98 238 277 199 129 82 208 223 105 24 196 160 126 207 30 198 248 243 145 197 210 180 146 43 205 85 26 116 74 81 255 20 131 247 23 14 45 107 100 34 93 37 11 156 72 3 111 90 33 191 130 280 2 228 106 78 32 97 103 122 136 7 54 29 219 158 
150 167 94 74 208 201 275 163 256 227 136 2 154 288 3 271 253 66 19 260 67 77 31 102 30 140 202 50 141 183 199 4 6 180 193 25 185 8 103 162 75 116 72 127 270 57 56 206 151 234 107 148 230 231 259 257 267 217 28 143 97 35 229 269 24 196 219 17 91 179 240 287 71 181 278 61 46 265 7 222 12 14 170 40 205 106 263 0 218 126 216 27 239 184 108 45 15 113 197 228 104 43 285 274 120 34 100 272 283 41 76 220 210 241 86 258 132 20 273 55 98 62 101 176 248 264 153 280 242 173 109 115 125 277 266 198 188 213 82 123 186 251 29 110 117 80 131 
151 141 142 227 11 228 196 116 202 239 53 85 3 280 55 257 173 265 5 235 71 86 100 250 30 131 231 38 157 233 40 246 198 159 2 73 212 126 52 150 92 119 177 143 27 188 206 77 284 17 192 167 210 132 128 152 78 209 272 178 255 226 205 90 263 223 43 268 41 59 164 139 56 10 161 46 275 122 172 69 179 135 121 36 225 99 234 68 282 184 88 208 83 64 23 49 62 266 22 276 278 7 281 140 189 245 94 70 261 48 54 185 6 111 65 203 175 237 162 269 153 110 190 133 124 66 98 285 183 21 256 24 134 147 
152 178 231 62 159 77 186 41 67 172 34 217 78 232 89 269 109 260 202 70 114 117 27 227 79 53 123 234 163 101 29 266 236 176 63 1 218 223 219 249 286 81 115 272 214 74 226 44 108 175 99 59 174 128 149 103 168 151 183 48 211 251 88 200 10 275 197 220 55 73 193 277 72 45 208 15 122 254 5 102 165 134 278 110 247 253 69 268 184 16 282 261 237 264 49 120 143 164 97 132 288 14 156 31 131 212 85 262 26 241 3 96 36 280 2 57 119 80 145 263 161 113 130 206 90 136 71 8 0 95 60 243 181 111 83 124 235 273 58 239 50 94 210 182 209 
153 94 17 11 91 98 200 286 93 192 92 117 52 182 260 194 119 129 215 38 25 163 217 231 159 246 245 186 195 79 237 99 255 81 189 166 135 108 251 88 120 67 20 267 109 59 285 71 24 247 284 21 64 229 13 209 34 130 104 216 196 61 125 138 82 50 3 222 167 185 0 23 179 149 161 124 148 283 142 22 210 268 78 63 282 227 169 31 141 238 86 39 75 147 197 30 233 281 107 254 1 65 127 12 261 274 90 234 250 70 140 202 56 16 235 121 73 118 132 211 143 150 165 60 113 136 18 151 49 66 184 146 103 43 58 278 279 177 275 219 41 35 232 96 288 85 69 128 
154 16 94 199 57 69 110 228 245 24 264 255 150 77 0 79 239 31 83 146 184 116 124 13 114 195 98 168 99 275 232 73 268 215 192 33 177 148 89 284 15 244 28 246 209 23 214 269 160 67 241 183 36 104 128 59 203 47 164 106 7 254 220 261 44 29 273 265 130 3 176 163 144 53 66 136 134 64 85 113 9 58 80 78 145 262 225 32 194 11 37 62 189 103 217 286 125 123 260 270 102 240 46 135 96 212 8 81 118 266 18 249 169 211 137 205 283 35 5 100 25 38 60 231 51 180 34 218 178 179 187 141 202 159 278 219 227 204 191 182 250 285 193 75 226 171 133 238 86 277 97 72 267 140 207 
155 93 167 68 215 247 207 201 19 164 78 46 257 221 74 232 240 239 214 34 38 145 122 231 272 200 275 21 109 161 35 180 51 227 268 262 195 223 165 119 96 29 82 60 9 245 3 125 72 61 18 211 59 90 77 26 226 250 188 32 173 81 238 217 53 12 47 111 243 205 42 128 55 30 230 13 8 241 197 249 97 17 244 63 185 54 92 160 266 213 141 84 139 76 158 57 212 41 40 203 107 271 264 218 282 225 168 85 126 137 31 142 270 104 80 39 172 163 73 70 184 198 22 204 174 113 237 146 208 265 14 288 279 170 117 131 286 162 274 99 132 0 37 100 236 199 75 
156 102 28 39 168 46 52 218 64 286 251 217 2 226 129 61 206 176 34 18 201 213 130 143 162 21 78 26 276 121 228 165 122 270 184 27 3 120 209 263 285 179 15 164 167 157 81 42 257 170 269 280 79 60 241 91 245 200 82 76 271 177 264 265 116 173 207 80 172 140 205 163 208 58 246 260 108 100 109 250 25 72 90 115 71 69 185 284 141 89 97 204 101 180 249 255 66 33 31 252 110 247 199 47 113 181 272 136 50 223 105 186 6 175 214 63 104 19 0 152 74 119 123 198 288 268 183 221 242 158 142 132 234 10 190 86 107 17 248 202 149 287 134 277 84 160 235 65 211 73 45 229 128 8 44 266 281 244 159 273 138 139 
157 223 80 125 92 66 193 190 233 283 206 175 220 45 32 167 274 288 205 29 56 74 113 46 35 201 237 236 53 189 146 186 20 68 15 172 151 27 268 145 156 5 91 89 144 48 119 100 11 159 9 208 218 82 224 174 180 17 14 25 121 246 200 34 47 115 231 69 105 55 163 78 96 239 6 171 123 188 241 211 139 217 229 37 97 263 278 260 112 176 216 49 177 4 126 21 23 90 117 120 168 81 285 269 272 42 185 71 51 3 162 31 54 12 67 79 192 221 215 70 161 134 132 210 249 98 58 187 137 22 50 57 287 76 141 127 19 114 142 244 62 257 158 266 173 165 106 
158 121 96 120 173 148 145 283 254 2 260 237 205 123 179 194 41 178 54 102 103 42 43 258 288 83 44 232 106 213 87 251 191 79 144 109 45 101 167 165 49 222 268 246 10 176 124 1 247 200 128 135 230 221 21 36 242 189 206 46 245 33 261 227 169 0 226 139 60 9 93 122 218 71 220 253 160 279 56 240 24 184 47 236 217 134 19 231 77 233 34 133 155 192 69 282 31 57 117 214 65 132 137 274 266 188 51 20 197 129 146 115 131 113 156 244 88 193 263 53 138 281 26 91 275 203 159 104 50 29 70 164 157 58 27 210 149 78 
159 137 43 42 8 152 148 194 128 2 86 238 130 160 179 93 141 20 38 278 78 6 142 275 264 65 288 195 255 75 144 117 189 21 87 276 147 268 183 177 91 138 283 254 102 113 153 151 66 216 27 157 199 242 54 98 251 32 48 125 71 106 23 108 213 111 18 287 171 166 112 105 211 37 4 56 79 83 250 22 187 279 205 149 175 57 285 118 200 3 208 174 74 114 248 219 13 167 95 273 99 223 45 44 196 193 33 139 163 64 184 190 181 262 197 169 185 52 103 34 59 244 89 246 30 50 284 210 237 123 81 286 122 115 270 192 226 29 158 253 68 209 154 256 228 235 240 271 161 17 131 212 178 104 225 31 135 73 39 120 156 84 41 51 
160 229 20 222 224 205 273 117 169 227 207 185 192 159 217 40 173 184 48 236 210 263 33 166 78 98 226 35 143 128 216 37 162 147 285 68 175 115 203 283 75 19 264 190 234 60 106 36 81 95 62 31 135 45 154 239 121 176 127 71 276 183 1 261 254 18 32 219 114 278 2 86 193 88 287 191 230 73 195 65 120 158 245 56 280 137 189 202 269 118 23 260 155 16 29 42 181 134 122 76 255 197 187 211 232 6 149 12 3 111 172 103 93 286 240 14 265 89 258 54 221 82 125 58 28 64 44 156 46 55 0 228 10 67 99 194 249 271 26 119 
161 269 46 261 168 66 74 68 110 125 252 264 171 108 226 262 30 18 57 2 45 95 233 99 265 155 121 42 273 149 276 88 221 196 79 144 19 285 184 204 266 287 23 16 67 232 80 241 116 167 270 140 15 55 243 44 21 77 47 69 274 59 22 34 89 102 271 195 176 29 229 1 49 197 31 151 237 191 97 10 103 43 153 119 192 220 242 143 185 174 199 227 71 188 163 208 28 39 267 278 135 253 236 182 136 183 157 181 254 228 193 5 148 130 58 106 152 0 50 164 81 17 109 212 186 78 9 101 14 159 189 83 179 272 198 239 8 104 70 
162 17 135 243 90 192 219 18 65 56 41 77 76 55 210 97 156 115 197 220 250 112 160 79 249 169 63 267 224 95 150 136 238 269 16 58 148 240 137 184 285 239 81 139 34 20 199 141 149 189 88 138 84 262 228 279 205 59 253 36 8 271 206 204 47 126 113 258 245 282 87 165 25 201 185 82 207 57 10 251 70 94 221 218 39 83 60 186 21 144 252 223 80 32 236 107 195 38 200 157 7 110 128 241 106 92 13 151 40 23 2 155 229 230 132 261 27 180 134 194 31 86 102 215 68 
163 71 123 167 261 253 182 184 37 150 195 237 15 198 166 271 219 92 234 4 214 142 241 282 48 12 75 57 152 230 18 69 210 223 90 101 61 247 233 17 275 280 153 83 239 87 82 268 192 169 246 216 131 104 31 177 50 10 149 183 226 178 0 42 60 156 14 102 176 185 47 120 154 277 145 132 55 21 157 91 284 228 281 13 118 52 72 189 273 276 215 125 74 80 88 79 179 49 115 6 159 40 29 1 56 269 136 134 258 205 9 161 138 85 141 11 26 204 46 265 108 147 155 231 64 171 254 63 220 248 109 279 32 283 133 94 199 263 34 170 98 124 270 126 208 206 28 
164 234 226 22 136 127 222 63 115 78 155 129 102 194 100 104 8 55 270 83 248 4 2 206 113 91 193 199 187 272 285 52 216 112 50 243 13 139 275 135 156 220 123 241 20 260 229 107 46 18 111 121 7 1 45 288 131 283 154 195 204 217 54 82 284 148 251 30 89 256 43 125 282 87 244 179 151 202 223 79 242 205 142 69 99 268 261 6 257 232 5 11 273 21 238 230 152 85 38 147 116 208 233 138 200 76 109 74 278 75 146 235 120 225 250 221 188 175 265 269 161 34 158 62 108 122 88 114 86 286 124 0 168 73 56 
165 64 245 177 183 40 77 230 87 260 239 216 14 93 273 252 278 85 20 122 44 156 274 248 74 140 203 27 195 222 144 155 84 287 158 270 8 166 225 99 169 43 190 286 108 201 6 50 102 170 126 227 237 92 51 30 191 196 231 235 250 60 213 133 266 19 215 80 143 48 198 112 280 89 119 82 268 256 263 255 17 271 221 4 226 62 59 152 105 81 78 162 223 41 219 117 175 224 13 267 142 100 228 69 36 242 241 118 244 91 115 218 97 229 127 42 39 199 258 103 79 58 209 272 246 174 153 135 46 145 2 24 139 63 66 9 31 116 132 233 106 157 220 187 251 180 
166 183 19 216 209 186 273 24 243 284 247 42 184 212 12 95 163 97 22 226 279 120 137 113 53 160 266 193 76 180 230 57 244 14 56 165 26 175 149 187 8 227 218 222 128 153 221 261 37 16 131 88 0 9 143 138 91 31 274 198 202 159 283 140 105 142 146 59 28 52 260 96 4 75 242 98 195 276 199 182 70 5 125 99 204 225 20 282 69 50 250 278 141 29 270 36 25 144 254 210 47 238 49 33 253 257 74 277 167 45 111 127 3 10 176 223 1 66 203 139 89 239 267 106 72 122 173 217 174 211 168 60 235 114 
167 150 155 163 198 221 110 261 264 249 263 277 65 31 6 241 253 218 265 281 157 244 139 234 96 200 127 106 170 121 91 214 42 254 32 274 115 156 158 102 27 137 97 7 99 237 180 242 257 107 161 243 44 177 15 189 188 272 58 233 54 151 37 86 176 40 4 226 13 220 267 278 141 225 30 53 83 143 9 194 259 197 224 275 22 153 94 223 79 8 52 239 250 185 159 18 182 124 24 247 81 219 148 205 145 66 23 130 17 273 71 173 271 276 120 84 258 5 108 196 192 212 217 166 61 70 134 174 201 39 138 193 117 55 1 43 178 206 34 195 14 103 57 2 199 
168 26 68 161 156 19 65 98 88 17 149 271 91 45 5 139 224 96 171 265 217 239 84 240 154 59 7 256 122 62 0 42 31 277 270 246 225 136 203 170 63 15 244 14 209 261 61 253 30 128 233 218 186 93 204 241 102 284 77 212 152 249 6 1 10 117 288 280 94 210 43 236 259 127 205 207 184 286 247 24 260 126 58 283 11 123 258 87 269 200 22 145 177 157 60 142 197 155 52 268 38 74 262 222 86 274 46 69 182 131 50 273 90 28 47 101 72 111 185 48 25 95 216 267 148 82 39 124 201 112 181 176 179 231 41 275 100 278 229 143 166 220 164 106 146 99 
169 15 22 254 170 173 213 205 145 204 160 49 35 105 278 245 79 234 99 248 87 34 33 69 6 238 285 44 72 196 65 271 194 31 272 138 96 90 122 228 162 237 258 5 14 39 60 117 119 57 136 163 165 115 281 108 13 255 222 231 191 94 43 70 140 219 123 244 225 114 158 66 101 274 184 82 276 273 116 186 95 211 146 120 212 21 111 18 36 61 153 239 80 3 112 46 159 88 107 68 267 280 154 223 216 230 199 11 25 201 50 113 53 261 206 190 282 17 227 124 75 63 83 283 40 77 125 130 29 200 181 195 148 249 256 45 74 42 121 
170 115 196 106 65 276 169 119 26 212 30 213 173 139 240 286 253 120 111 4 242 31 123 102 72 88 249 174 167 61 133 254 195 2 84 168 0 73 37 236 131 238 156 20 62 243 190 284 261 70 206 194 86 273 66 165 278 147 89 204 185 241 12 112 99 251 32 117 272 45 38 228 141 252 287 239 9 150 234 143 49 34 23 171 226 203 94 71 250 14 60 144 114 78 10 3 178 17 69 172 19 122 285 1 18 180 148 51 205 182 11 95 136 207 155 68 264 188 265 8 121 129 214 96 255 233 187 163 46 223 92 59 179 81 
171 200 249 207 68 97 54 51 161 225 6 231 188 111 168 277 143 190 72 262 47 17 124 84 237 216 36 127 86 12 138 240 135 139 268 199 243 234 58 281 114 192 213 60 196 108 228 173 95 118 203 202 131 145 286 46 280 134 117 272 159 16 245 218 11 31 122 186 175 88 157 261 23 113 279 49 21 59 183 197 126 140 48 252 170 78 24 80 275 229 33 226 223 236 41 102 130 222 2 195 55 76 5 260 215 181 128 208 163 273 210 276 244 233 45 287 201 282 107 144 27 18 154 3 10 221 105 83 264 99 92 147 77 269 
172 193 32 138 261 213 13 152 102 123 233 246 122 31 197 132 91 49 105 183 201 60 71 99 23 112 267 52 269 47 40 15 255 226 95 59 126 157 225 268 84 275 131 44 259 199 116 254 45 156 22 144 256 186 143 120 82 237 178 179 141 113 107 211 72 130 58 232 78 14 46 198 288 175 173 190 96 20 184 180 187 33 271 210 223 137 151 228 109 127 124 68 53 133 252 284 7 139 247 97 30 274 101 56 73 170 160 219 110 224 155 182 174 148 238 64 125 86 222 70 205 4 26 24 35 250 93 278 61 286 74 203 235 283 54 206 208 282 50 63 
173 4 85 158 271 0 99 169 27 170 20 137 229 81 227 160 29 88 127 187 123 208 263 247 236 243 179 17 19 151 34 132 41 136 73 47 266 252 115 288 43 282 205 90 259 51 57 129 69 101 171 156 141 86 155 186 52 53 224 133 232 68 202 237 16 251 95 172 255 273 9 219 249 269 23 104 71 175 223 284 91 62 25 200 75 18 84 67 206 140 93 64 87 220 77 108 214 44 50 207 107 45 257 11 48 167 72 245 63 222 199 238 113 3 264 42 239 39 221 215 15 150 204 80 98 213 166 157 144 143 210 6 
174 57 198 10 280 58 241 228 19 190 127 191 242 45 149 39 277 192 265 260 170 59 14 120 185 214 179 79 212 89 253 25 76 35 65 139 144 88 32 83 217 283 261 238 209 84 82 232 55 3 114 152 252 4 255 30 157 225 71 128 284 288 2 136 178 86 5 193 234 110 263 159 145 132 54 111 43 101 282 73 56 237 90 116 216 287 226 248 118 220 31 70 67 161 181 61 223 246 49 113 64 48 1 11 147 172 182 210 155 98 224 33 7 278 201 134 167 42 251 180 218 231 165 103 133 75 51 187 239 197 102 104 23 264 271 269 137 36 47 68 166 279 235 254 138 
175 10 130 138 248 96 106 131 64 32 185 284 125 157 94 60 39 214 226 210 183 188 254 207 190 83 70 116 68 137 99 86 261 219 100 277 196 269 249 88 105 46 84 187 250 255 109 181 280 160 145 93 101 115 30 16 229 123 275 119 166 54 208 215 142 67 198 232 152 270 287 2 127 189 75 24 237 180 49 201 285 267 9 79 22 118 230 57 171 65 34 159 74 172 141 241 223 4 104 14 257 31 143 139 258 256 173 62 35 272 165 246 221 42 262 233 81 156 216 63 91 50 45 213 264 148 12 195 38 281 252 204 52 133 85 151 164 266 13 265 11 194 274 251 212 177 121 260 66 3 58 92 
176 228 52 269 55 217 182 16 104 212 190 135 111 148 156 275 133 41 237 203 21 232 11 136 271 84 75 93 130 50 226 35 270 1 199 45 90 152 239 227 178 225 218 101 67 282 260 266 286 40 158 68 85 215 160 207 19 121 39 267 15 231 69 285 163 53 9 245 154 167 161 27 112 248 28 26 82 259 235 62 3 196 36 287 77 138 102 157 94 6 255 38 18 198 78 60 258 220 74 25 241 113 79 5 194 48 264 193 233 114 129 119 281 61 247 242 183 150 109 209 262 97 34 49 166 14 31 141 168 202 120 87 32 110 140 125 179 13 46 
177 22 165 145 27 56 102 126 31 9 85 15 86 276 76 124 190 278 191 35 181 75 88 211 229 59 133 144 50 106 192 159 99 108 233 154 74 218 51 69 230 32 138 63 260 241 123 198 52 5 104 201 95 118 163 151 225 246 82 156 228 24 167 120 214 84 207 137 13 78 271 30 213 268 232 113 67 140 4 119 222 196 130 139 142 237 205 280 121 275 231 249 199 188 259 148 223 62 21 236 36 157 92 178 40 264 38 66 250 168 101 42 189 242 77 110 125 19 247 244 224 73 185 129 281 193 18 282 239 210 89 29 43 8 175 153 100 187 48 37 81 44 7 287 41 90 
178 246 152 193 121 241 180 217 68 203 268 57 95 158 266 97 47 201 179 88 110 32 38 114 134 221 226 43 137 197 109 127 238 101 198 92 48 82 108 274 142 136 207 176 131 250 3 147 98 181 94 222 213 84 199 50 261 163 31 262 58 135 183 189 33 21 223 272 172 273 174 113 287 151 78 0 256 230 185 279 184 10 239 62 231 99 80 143 119 61 87 258 63 71 70 133 177 106 277 215 102 28 227 252 90 278 170 138 210 56 192 202 271 228 27 253 195 11 59 283 257 236 112 12 281 248 93 39 85 191 187 154 111 116 89 263 79 220 229 20 123 83 167 233 159 188 72 7 66 18 182 25 280 
179 6 267 199 86 11 43 99 129 114 158 159 122 205 192 178 226 75 261 269 225 22 173 206 255 282 174 198 266 220 204 76 8 32 202 156 104 203 201 141 143 127 29 208 49 126 110 210 135 189 55 142 119 9 214 39 7 221 28 13 46 93 69 58 172 82 242 107 94 238 209 134 150 149 278 207 12 116 287 164 153 118 288 72 163 258 223 197 70 182 90 74 151 77 17 24 0 37 87 61 36 88 54 280 257 236 185 240 212 133 250 41 215 180 50 97 109 18 145 128 56 10 230 4 263 216 246 103 57 59 144 154 213 252 124 268 265 168 100 83 262 38 108 81 224 2 161 67 176 170 281 71 101 
180 21 125 271 145 81 268 178 10 22 257 197 99 231 185 36 287 17 78 190 195 0 144 112 278 93 270 181 126 252 105 213 155 107 166 25 214 95 150 46 217 82 52 101 20 56 281 94 128 204 267 265 167 258 206 37 83 235 127 175 148 157 122 116 41 203 194 84 92 11 183 237 133 146 199 34 147 2 240 117 172 201 15 266 130 98 272 62 198 156 88 67 200 135 187 71 68 282 288 249 106 243 38 104 241 91 202 111 137 58 149 69 7 234 179 5 170 143 12 259 51 43 174 154 247 273 285 120 236 192 207 193 230 253 26 131 277 162 66 6 60 118 47 165 
181 62 130 280 84 131 256 244 286 48 249 273 222 180 177 15 7 140 129 193 38 254 276 212 142 175 225 194 112 61 220 128 141 124 216 188 229 86 104 178 224 106 119 255 217 27 242 30 6 73 245 98 43 103 233 107 262 283 97 282 19 219 268 1 234 146 281 29 210 21 69 4 150 95 37 16 51 35 56 260 26 246 204 218 274 264 22 45 208 59 139 160 156 17 41 138 159 9 174 223 24 44 253 288 122 113 121 85 209 92 277 200 0 284 65 232 57 147 183 171 161 215 13 81 70 18 240 259 214 74 144 3 168 152 211 182 189 238 169 205 75 32 235 213 
182 129 104 243 58 163 176 211 249 219 5 37 239 53 137 47 257 240 31 77 22 109 90 153 132 238 63 40 188 42 279 232 241 252 253 29 236 97 10 125 0 93 269 121 262 82 235 217 26 242 57 76 119 62 274 196 215 209 116 46 14 28 166 74 38 128 272 179 139 148 94 167 224 124 283 221 131 205 254 183 187 127 184 13 103 17 270 16 263 100 275 142 134 261 168 35 200 161 172 174 113 3 68 259 170 75 245 189 117 247 210 65 23 154 181 105 282 213 12 199 223 135 178 99 89 152 246 24 
183 166 75 207 254 215 165 237 65 127 16 14 37 256 204 175 24 172 265 25 187 147 119 126 17 269 280 97 159 150 95 122 93 46 66 241 217 33 286 248 0 202 42 21 266 52 50 186 275 285 154 163 72 274 160 146 287 178 227 190 131 82 243 152 71 70 116 180 145 28 76 284 47 240 22 58 258 137 245 236 288 171 105 111 88 38 259 196 182 142 124 59 130 250 94 123 61 251 20 189 51 104 203 219 199 282 92 206 273 279 156 118 268 181 201 161 283 53 188 43 176 224 216 192 106 271 200 140 220 249 233 1 81 194 151 210 41 32 205 108 232 138 86 29 
184 288 111 79 50 255 140 163 276 149 72 188 103 12 273 166 257 141 198 160 154 64 283 48 42 83 156 61 191 39 74 16 89 97 220 247 46 267 241 41 161 30 34 57 248 190 69 277 87 246 162 17 233 194 73 185 116 130 38 105 128 33 280 202 98 104 169 138 133 172 212 131 9 158 168 236 210 238 178 95 91 205 78 7 193 254 135 68 126 150 122 14 145 10 8 56 159 207 151 250 219 182 21 240 152 109 6 60 3 71 256 252 243 155 100 129 284 52 54 123 62 192 67 231 148 215 125 70 266 26 153 269 45 58 132 218 86 19 287 136 232 53 265 229 13 113 82 270 
185 190 273 53 140 118 207 287 145 214 3 260 237 160 229 59 284 109 175 192 134 117 180 259 38 37 204 65 232 89 174 64 283 34 150 111 148 245 39 133 216 136 48 114 220 250 201 121 61 103 252 184 70 217 278 68 286 45 170 6 224 163 191 90 27 0 222 131 188 4 9 141 7 92 178 255 156 57 50 153 97 263 12 155 137 56 167 277 187 279 266 241 203 112 80 162 127 161 30 244 239 195 110 211 44 159 225 179 35 157 223 234 119 69 16 177 272 282 230 82 256 168 102 271 151 76 129 79 33 228 98 251 209 123 281 257 265 13 128 21 47 32 2 210 
186 240 249 69 107 110 152 32 255 166 73 266 71 233 144 261 18 197 242 207 5 248 113 37 212 225 157 142 13 191 66 202 34 153 183 265 65 15 52 114 30 129 168 77 219 218 147 116 173 172 273 206 12 25 40 49 286 171 75 98 128 187 44 0 237 245 169 199 50 209 117 123 220 258 278 224 253 83 280 272 125 31 131 68 210 33 254 156 39 119 162 23 93 1 285 251 90 89 222 101 264 232 80 246 96 143 217 95 190 53 42 196 99 100 140 112 205 74 133 17 282 43 106 257 194 79 161 54 45 9 94 48 59 150 279 136 204 134 4 
187 84 61 235 146 141 71 83 234 14 275 263 115 173 126 60 253 139 80 63 207 75 164 183 249 38 175 76 74 230 65 166 198 49 106 79 244 16 268 26 82 271 145 87 239 277 42 113 95 105 225 3 276 159 237 186 203 34 23 196 148 172 210 110 19 5 116 219 185 98 70 180 205 25 222 45 280 182 204 85 160 212 13 91 78 50 9 213 8 273 127 245 208 190 246 285 0 255 157 92 178 154 220 221 41 28 174 99 191 223 257 77 236 103 11 81 68 177 251 130 170 56 229 53 165 135 44 197 
188 131 278 260 66 208 288 64 69 184 216 254 107 7 138 145 246 200 171 42 63 4 175 218 93 111 149 23 116 270 257 91 44 182 31 207 281 102 204 101 181 194 285 269 49 106 193 286 255 239 212 85 40 78 155 70 151 167 18 265 244 148 86 267 258 190 120 112 185 80 60 119 196 62 32 274 266 157 37 205 1 219 139 253 33 177 136 237 256 10 75 55 202 223 65 264 59 104 280 113 161 198 262 140 14 6 213 58 158 38 25 118 232 12 250 217 125 137 214 183 67 275 247 22 74 164 283 99 222 235 135 170 21 150 146 127 143 178 109 34 2 19 282 
189 33 233 72 244 195 223 205 94 206 73 209 111 109 144 46 83 70 58 105 254 193 159 203 42 282 157 276 134 281 196 6 115 214 129 270 45 57 179 17 153 194 47 128 213 76 236 36 149 106 192 175 259 40 167 11 178 158 246 148 253 162 268 277 13 37 146 91 48 126 67 15 143 23 163 51 25 29 81 197 160 35 14 41 235 154 222 108 107 38 92 39 89 242 7 97 177 266 257 183 286 28 12 22 267 98 8 250 151 249 204 208 27 114 182 113 21 112 229 65 198 60 68 9 161 64 181 124 238 243 77 240 71 255 122 283 78 90 
190 185 101 213 157 176 264 140 64 174 71 107 106 11 75 237 180 177 25 175 14 171 43 81 141 36 281 249 230 93 228 6 134 212 263 197 277 211 91 87 60 38 233 229 232 160 73 49 184 165 193 170 31 63 251 199 15 259 135 137 40 201 95 218 108 260 195 88 183 18 209 188 192 234 109 92 202 172 278 125 268 35 138 47 1 271 205 142 144 103 97 111 51 159 131 236 132 282 196 200 198 129 217 214 2 275 287 269 187 261 280 224 186 156 241 72 54 82 53 130 266 169 20 253 37 151 146 89 225 44 191 120 286 24 274 100 288 9 104 118 273 
191 231 236 208 288 93 108 19 204 53 28 82 174 244 249 275 89 1 284 253 122 114 201 177 54 105 224 77 145 118 229 55 184 98 245 43 41 158 85 186 70 267 107 117 45 217 33 220 169 240 239 138 165 91 185 270 116 259 109 160 27 266 268 84 49 218 247 143 219 125 63 115 112 260 161 90 96 39 110 213 141 210 74 60 35 51 72 119 207 61 235 80 135 261 276 48 216 36 18 194 26 81 6 193 285 132 128 92 50 250 76 32 211 130 178 246 44 233 149 187 20 287 104 4 154 273 196 16 120 37 223 2 190 282 56 58 131 
192 127 50 77 201 162 206 141 3 198 78 160 227 232 72 185 118 7 179 287 269 136 153 147 174 142 279 131 132 97 36 109 272 54 13 177 229 154 139 234 207 200 111 194 124 104 171 148 140 163 263 241 215 281 63 65 33 146 145 189 133 135 51 83 112 55 137 151 40 117 120 119 283 90 239 102 106 190 64 231 223 29 26 233 107 193 67 138 92 208 85 213 113 5 252 246 161 285 121 47 126 222 265 95 158 32 262 11 204 110 9 15 257 108 144 69 178 197 261 271 276 205 167 99 157 236 250 225 22 202 1 43 184 62 159 56 214 183 27 103 273 66 248 180 0 68 245 28 249 264 251 218 70 
193 225 172 129 116 65 178 197 5 157 51 199 88 50 89 235 275 45 143 31 127 266 227 41 242 102 145 166 6 248 64 164 23 189 12 282 139 181 214 213 13 150 18 287 107 216 211 260 238 35 7 196 190 188 15 8 83 253 229 78 106 44 280 138 217 79 230 210 100 74 26 224 131 60 86 53 160 223 272 49 221 174 268 94 231 152 192 121 125 27 255 286 149 184 241 247 250 159 43 246 209 22 144 128 278 218 63 0 226 117 92 80 264 252 70 176 68 191 19 21 158 177 284 132 14 119 161 120 58 254 146 167 111 263 232 279 126 112 84 154 180 62 75 42 194 54 114 9 
194 199 11 203 216 12 116 270 159 21 164 141 239 235 158 125 197 130 143 92 255 118 139 107 59 169 136 153 250 20 201 5 181 247 145 4 192 147 128 254 188 224 120 115 68 275 36 223 283 189 170 34 99 42 253 184 71 81 90 227 98 46 27 65 219 101 132 180 17 257 37 212 114 43 264 0 22 33 167 241 266 261 50 230 154 265 87 72 28 3 67 252 276 69 198 176 56 148 191 95 31 93 222 1 195 96 106 44 73 80 262 91 245 221 186 47 137 175 85 49 228 251 183 284 162 112 19 160 84 30 268 9 193 61 
195 223 66 189 7 13 120 235 238 142 163 125 134 47 243 221 180 132 44 87 159 135 258 154 218 165 35 121 279 127 264 170 95 16 155 31 242 252 202 153 38 6 261 93 228 75 251 76 83 145 41 68 232 216 108 72 164 21 253 190 90 269 24 280 45 208 148 34 161 107 20 50 160 55 230 166 214 275 259 234 129 144 65 224 185 131 33 229 100 266 268 115 133 162 57 1 196 171 25 146 178 225 175 249 60 29 22 14 206 209 194 70 71 63 274 5 270 39 222 139 287 240 128 245 114 137 82 246 262 271 273 288 169 167 237 15 283 94 263 
196 170 96 229 76 94 43 218 146 53 215 83 151 148 230 270 54 75 35 250 62 141 175 169 231 24 260 4 125 247 161 34 59 30 137 189 90 124 284 240 14 193 107 64 121 58 249 271 171 22 281 216 98 288 80 72 267 285 25 275 265 286 165 2 29 113 150 138 182 153 188 177 110 42 67 130 228 17 187 61 115 238 176 68 45 264 262 273 8 132 147 183 243 159 239 241 254 89 272 225 149 257 190 128 114 139 50 261 99 73 93 195 167 244 39 219 46 91 205 186 1 256 81 200 140 92 20 191 237 129 134 106 198 
197 10 279 193 28 59 75 7 99 93 244 211 243 30 46 231 51 180 186 48 24 172 88 282 194 9 35 212 199 271 162 178 132 91 200 4 97 135 190 95 103 82 62 228 128 98 52 139 73 230 92 107 262 49 254 248 16 131 81 258 117 87 232 210 152 266 257 65 116 260 167 277 161 34 69 237 261 155 189 96 269 171 209 78 179 280 246 63 259 71 94 216 225 160 150 159 153 168 115 141 149 14 192 143 275 256 158 214 41 221 148 250 114 204 130 101 60 1 270 174 6 19 31 274 233 77 276 22 74 138 147 68 8 187 
198 124 209 287 81 131 174 137 167 25 192 69 87 163 235 71 184 117 102 223 215 217 134 82 10 221 79 178 94 40 239 179 46 20 122 30 254 148 129 33 73 101 62 18 227 127 151 143 7 27 67 259 135 187 91 266 13 3 177 175 283 55 231 22 202 83 166 31 245 49 14 37 84 244 140 263 88 233 165 59 251 172 144 199 8 271 130 284 280 232 121 256 180 5 100 77 273 133 176 70 112 2 138 6 105 188 42 265 258 253 212 194 281 190 240 149 97 257 24 249 38 156 220 252 1 204 155 224 113 78 21 115 243 264 189 228 4 214 150 119 161 213 68 211 247 196 
199 83 194 154 70 21 147 228 226 193 179 286 255 129 71 55 94 112 261 235 25 214 35 107 236 82 227 106 281 197 4 26 225 274 164 120 259 176 20 111 171 150 220 98 140 128 276 216 77 78 237 125 190 67 159 104 178 172 38 146 218 282 254 285 87 124 272 162 269 37 93 33 229 1 81 2 40 217 108 180 211 100 198 17 186 221 42 166 41 177 44 222 11 23 242 149 240 9 156 92 133 76 59 73 58 265 201 161 145 206 62 132 230 126 131 72 183 6 173 46 165 169 103 139 43 257 96 280 61 287 283 141 113 39 163 66 182 277 56 142 5 155 167 45 30 0 
200 171 86 138 133 116 143 95 82 232 70 205 93 69 221 244 73 153 267 188 219 27 19 262 88 167 155 60 202 97 197 47 63 274 114 253 265 239 106 275 266 210 126 225 54 192 206 104 65 256 0 264 227 214 11 46 10 156 158 201 43 144 7 102 72 56 263 157 26 152 258 52 145 159 272 123 223 287 37 105 236 12 203 36 14 226 75 29 180 245 103 87 41 276 146 173 18 168 6 24 79 248 286 142 190 229 181 162 34 218 220 96 64 278 164 137 91 182 251 51 85 20 118 257 240 231 22 261 53 49 183 83 17 235 215 196 42 80 169 282 268 241 94 120 
201 236 192 150 202 155 251 243 246 137 217 46 277 108 156 234 276 69 278 178 227 172 126 22 221 191 275 125 91 285 267 157 51 281 94 194 34 179 271 130 142 213 139 17 148 97 165 76 177 205 185 45 190 268 200 44 208 218 95 175 54 10 2 96 70 6 146 235 114 280 8 90 131 100 120 273 134 180 24 15 279 93 136 4 162 26 87 282 223 199 102 133 27 206 36 132 247 86 41 252 52 272 64 84 31 207 49 183 259 122 83 250 228 266 225 169 42 174 237 167 56 16 67 287 171 168 82 144 245 14 59 80 121 109 18 7 141 37 143 81 92 3 232 238 58 
202 228 201 55 220 233 116 92 225 248 278 9 213 151 254 276 267 69 152 83 214 118 80 226 200 34 119 132 19 4 150 117 216 242 179 84 88 287 105 186 264 195 183 17 124 32 131 208 25 250 0 43 171 198 42 166 114 234 23 53 249 184 46 247 209 173 224 129 71 190 109 145 35 164 104 221 285 160 240 96 87 16 236 33 188 251 106 18 273 252 107 115 63 14 243 205 5 11 253 113 144 143 45 37 180 178 89 59 227 38 268 286 153 62 67 274 237 120 56 192 146 64 91 156 111 218 154 39 98 260 282 271 51 176 82 61 10 288 100 26 232 20 270 
203 124 194 112 257 235 269 70 71 178 231 34 56 214 20 267 248 99 176 135 204 7 117 96 5 285 251 232 17 54 212 263 51 145 92 282 21 189 205 10 19 165 97 179 168 9 160 264 141 69 57 219 93 237 36 138 74 258 240 171 80 72 154 131 238 279 88 180 220 30 243 213 271 3 239 14 187 68 105 136 58 200 113 284 27 277 185 26 286 126 15 103 170 114 76 270 246 47 75 129 2 155 132 211 236 223 64 101 65 209 183 218 245 62 128 227 16 37 48 39 33 151 158 35 273 32 287 166 122 66 119 12 86 59 38 241 172 60 224 79 207 
204 3 139 123 28 51 2 102 32 63 17 191 254 284 249 169 44 127 100 29 288 225 110 21 126 265 203 183 47 272 211 50 258 88 125 185 48 119 118 231 214 138 179 117 145 188 59 20 83 41 161 35 131 85 180 128 234 144 97 37 281 168 268 164 285 170 239 60 84 218 73 99 243 103 40 253 149 215 162 96 70 25 19 220 156 227 181 233 71 108 67 252 38 166 78 216 187 269 104 205 240 192 52 248 7 219 224 64 163 8 226 189 15 198 155 112 175 116 197 13 89 53 266 136 10 23 173 154 129 92 82 212 273 39 120 137 95 0 260 186 267 257 
205 216 68 121 237 7 160 124 129 256 189 239 54 116 169 135 200 158 134 137 87 108 275 74 258 251 179 4 262 66 264 270 157 228 277 123 16 110 217 203 126 112 89 131 128 0 207 88 283 21 122 271 246 269 242 215 114 173 250 84 73 125 201 46 213 14 80 50 29 49 265 136 209 156 32 233 47 253 155 162 206 151 85 65 229 226 159 214 188 12 177 168 127 76 184 247 261 150 164 190 117 187 111 182 60 22 243 45 70 204 167 163 144 202 141 232 79 274 38 149 192 154 62 281 254 278 196 78 95 105 97 35 118 30 224 186 244 170 25 223 23 218 230 172 259 288 44 240 72 19 221 181 225 183 28 100 75 148 3 287 
206 18 192 189 47 88 157 156 271 122 17 127 26 234 16 36 164 32 13 82 179 28 9 1 69 142 200 85 267 273 77 132 208 146 285 230 218 46 150 286 90 170 103 180 24 113 86 37 274 151 282 250 148 158 186 0 34 205 220 268 96 162 213 279 133 262 23 246 115 214 38 275 19 265 65 140 56 210 70 121 249 108 173 10 84 199 201 41 29 68 52 125 277 100 239 4 93 102 227 287 284 2 245 31 183 280 259 91 147 241 231 42 195 61 141 238 261 242 87 64 106 236 111 79 73 224 57 169 152 60 43 35 134 118 105 20 260 167 278 254 172 119 112 209 163 
207 257 231 265 229 53 171 185 34 236 183 129 155 22 258 70 266 160 96 284 186 114 259 175 130 77 94 273 123 47 107 187 146 238 4 264 8 88 188 12 192 245 178 92 205 209 124 97 218 110 31 60 2 118 73 15 63 105 117 36 78 176 263 274 156 7 45 253 42 234 177 116 17 30 50 23 102 282 144 80 211 86 179 6 223 120 147 224 213 71 168 216 241 49 228 68 246 191 162 184 13 10 149 173 133 57 119 0 201 287 255 262 108 75 35 276 14 127 235 103 222 170 280 54 29 281 250 212 180 56 65 261 20 227 203 9 154 
208 255 284 191 111 150 65 238 188 69 281 72 210 143 249 19 24 47 288 21 110 173 130 71 133 116 261 2 280 15 35 216 13 87 45 233 78 252 57 137 58 213 179 53 206 96 202 175 258 146 33 51 274 157 90 32 83 77 148 55 201 61 245 156 287 219 39 195 4 126 259 7 125 6 241 271 282 228 256 41 159 220 152 50 86 123 18 112 223 40 134 265 192 120 101 224 118 29 54 181 91 209 149 144 151 5 16 240 275 26 161 56 260 147 164 187 250 227 266 104 243 171 231 17 189 211 155 85 254 226 0 98 230 25 89 273 46 215 129 257 22 172 163 34 31 99 131 93 
209 198 8 110 80 46 222 166 125 233 72 231 122 41 126 189 136 25 141 62 238 119 87 263 35 109 95 43 262 279 69 260 138 77 39 258 156 149 12 82 259 38 81 237 207 31 268 101 274 215 61 88 105 241 168 154 22 174 114 244 63 239 34 205 36 249 3 99 13 190 153 151 202 236 270 179 48 182 137 288 106 66 135 16 186 127 140 29 281 108 197 115 147 254 275 92 264 193 15 208 218 245 97 130 278 19 277 112 128 265 142 219 58 143 181 79 203 47 21 7 286 67 165 195 133 73 146 65 2 176 100 159 256 4 225 44 33 185 104 139 120 287 98 134 37 152 5 206 221 
210 266 18 105 259 124 286 208 22 85 122 162 282 175 84 26 138 160 65 100 67 108 12 69 163 268 59 287 117 269 200 253 48 218 275 273 255 133 103 221 49 102 74 119 50 236 179 223 11 131 215 249 87 237 262 37 193 284 9 265 53 88 40 2 35 151 212 112 197 46 238 168 230 213 181 270 31 187 95 184 172 127 13 36 191 248 234 42 153 206 1 110 98 28 104 186 78 239 20 76 178 129 216 149 150 19 281 147 144 166 51 47 159 174 14 252 57 157 99 171 75 177 5 211 136 235 123 38 148 182 86 58 251 24 45 34 250 66 91 183 228 146 173 121 54 185 152 33 158 220 109 
211 256 274 93 15 56 270 197 182 110 99 232 84 52 57 69 204 113 282 141 38 245 21 226 49 76 177 275 115 146 121 280 101 243 23 258 213 190 39 257 193 96 46 118 42 109 259 28 98 251 13 276 51 261 136 155 94 41 140 212 220 77 29 148 12 145 288 149 147 159 271 103 152 60 47 172 89 71 230 207 130 0 199 157 131 66 74 169 247 45 44 111 219 235 20 50 255 142 264 286 244 185 7 43 160 2 203 242 252 95 86 287 215 36 137 87 88 40 154 122 126 266 17 133 48 153 208 236 210 191 246 285 134 237 62 14 70 156 61 254 249 181 35 68 218 25 53 166 117 198 
212 99 108 77 79 215 170 42 176 107 29 166 2 92 197 58 109 286 203 49 68 272 26 264 243 62 134 20 256 174 186 226 110 236 181 132 190 94 0 3 142 65 135 128 120 116 251 151 52 50 44 97 188 137 33 238 211 149 283 265 240 284 245 168 27 210 242 235 88 233 194 106 47 270 123 258 131 25 248 104 7 184 89 169 24 228 91 69 43 225 55 105 277 247 8 115 155 224 56 87 257 214 241 187 4 21 198 154 227 84 11 179 152 18 223 48 282 46 246 167 234 98 253 13 217 260 15 22 281 218 31 51 40 102 161 38 122 207 175 266 130 159 204 255 148 267 114 230 37 271 261 121 
213 39 266 190 131 68 145 10 170 169 172 30 272 256 89 3 1 254 156 67 202 250 66 6 158 135 34 180 241 193 222 140 64 233 142 211 249 240 130 133 255 201 208 171 24 178 189 69 0 102 205 120 129 98 58 265 14 74 224 159 83 9 52 165 177 42 243 203 271 206 210 149 101 207 61 97 20 62 192 116 191 43 279 76 108 281 155 77 236 105 132 276 125 117 219 60 23 33 7 187 8 188 18 220 175 73 285 26 231 143 49 244 87 218 280 88 286 100 259 136 179 138 5 48 258 15 173 267 59 150 182 96 80 287 251 198 95 12 181 94 228 257 284 
214 237 232 3 185 266 267 287 121 203 53 199 175 58 114 251 16 222 163 155 59 131 5 202 50 279 273 37 45 138 106 240 62 9 107 32 204 174 117 193 34 110 167 277 98 180 233 24 249 63 136 33 189 228 80 68 243 100 229 152 23 123 66 288 154 221 200 259 284 227 10 179 143 118 285 14 177 73 220 6 1 137 76 78 205 41 286 43 195 282 67 206 71 104 101 226 17 109 218 253 255 91 258 25 235 278 216 265 133 122 144 60 212 115 39 173 158 90 142 156 219 81 190 79 74 49 87 7 12 55 95 36 82 197 262 47 72 188 40 217 192 0 181 270 198 42 93 56 170 276 268 20 260 44 238 77 271 
215 227 136 106 98 266 68 183 155 230 212 57 196 117 147 127 34 228 250 245 198 231 135 75 137 16 223 235 251 61 32 95 23 126 11 12 62 109 108 1 154 3 278 153 264 67 220 257 141 254 78 20 209 37 111 192 175 205 285 210 49 92 176 265 17 30 270 33 252 47 52 244 165 284 204 282 182 260 10 76 163 140 63 269 255 60 286 97 178 73 241 224 259 237 211 21 274 179 2 46 66 59 246 216 41 157 54 171 275 143 181 114 56 173 184 200 267 144 121 225 208 276 14 102 5 162 105 131 
216 205 277 246 21 57 243 194 166 122 40 17 188 281 271 274 117 165 251 242 119 63 50 232 98 64 282 52 113 256 171 221 49 273 160 164 208 202 259 146 240 193 26 272 129 185 181 199 138 159 6 217 163 3 262 16 196 195 134 25 279 102 89 285 153 78 80 121 283 27 12 265 97 125 126 76 48 207 84 74 241 54 36 280 53 150 174 157 278 139 41 42 204 214 110 263 197 55 247 239 175 287 1 191 210 261 31 266 219 169 82 120 35 235 215 286 127 226 106 255 179 183 168 145 32 9 67 93 237 245 10 131 128 
217 113 91 236 261 176 178 83 17 228 201 156 110 69 66 152 233 160 259 109 31 16 121 116 272 276 279 198 168 278 25 9 4 50 205 247 76 238 130 149 239 38 275 47 180 64 285 153 230 183 58 260 72 39 37 146 216 57 114 264 174 20 248 120 181 139 282 61 191 251 246 193 185 223 257 108 164 182 150 43 224 135 155 2 26 231 52 199 129 142 18 245 96 84 68 75 256 158 62 157 19 40 281 12 90 154 117 44 229 241 86 190 98 15 225 226 148 137 274 49 10 249 28 186 67 54 167 258 105 188 219 214 124 1 212 89 273 136 144 7 95 232 132 283 81 166 141 119 27 111 133 123 
218 231 141 196 249 127 156 29 51 31 76 258 225 142 23 167 60 132 80 123 188 125 71 26 288 25 97 239 195 45 122 119 44 247 152 36 147 237 210 223 176 248 177 32 207 238 206 259 58 67 261 166 54 75 286 101 84 157 168 10 221 199 201 190 263 140 186 128 277 87 204 61 88 24 68 267 226 171 268 115 35 253 256 158 95 245 273 191 271 246 91 11 85 214 181 283 46 220 126 150 222 42 209 72 193 155 109 162 69 251 241 165 57 41 65 200 252 50 12 70 203 21 62 282 276 213 232 174 154 113 240 202 212 205 280 138 52 114 55 90 116 184 211 135 243 255 3 93 7 192 111 34 236 
219 265 5 22 162 227 285 137 34 113 61 21 279 85 38 182 70 251 103 76 228 163 200 222 175 120 16 2 286 233 145 12 29 101 152 127 71 45 75 282 56 1 66 238 203 63 107 140 32 147 186 80 270 3 160 43 255 169 48 208 181 194 230 0 150 81 24 72 264 52 283 49 60 232 188 17 173 191 288 211 10 159 237 124 266 117 187 90 104 253 165 229 284 263 220 242 223 108 119 39 167 184 138 213 209 271 128 77 214 130 204 183 14 172 216 135 94 196 250 241 73 143 141 217 252 57 20 142 154 114 144 33 153 275 149 278 
220 239 98 278 89 29 261 202 62 112 157 281 55 103 113 73 30 21 242 280 162 125 65 40 109 79 120 124 135 179 37 184 199 59 235 164 222 233 215 181 237 34 111 272 251 136 185 105 47 50 211 191 84 224 48 154 214 229 130 20 76 203 41 19 78 167 152 206 257 158 25 256 284 208 31 148 60 129 204 137 238 186 270 288 218 18 51 161 174 219 176 273 118 145 173 10 221 264 285 46 140 225 131 150 200 283 213 198 54 228 142 71 13 227 93 27 100 61 268 223 262 38 108 252 101 23 115 232 187 63 258 163 57 183 178 92 132 49 67 70 1 117 7 245 17 165 168 210 35 6 
221 265 167 133 270 268 200 155 15 257 279 195 117 107 178 201 232 198 216 11 77 228 112 161 48 89 230 36 25 274 84 57 210 261 252 249 238 113 226 45 83 214 134 277 166 43 287 119 158 218 179 126 127 9 86 87 2 120 104 269 78 13 284 91 193 137 75 14 286 76 95 21 247 58 165 199 24 29 202 236 222 146 250 224 92 67 105 182 41 98 115 129 175 220 30 282 162 100 18 288 246 96 61 37 108 5 281 156 157 240 160 197 144 52 72 173 194 187 164 110 69 73 99 205 171 272 59 248 32 209 255 
222 228 148 160 100 92 110 8 282 164 209 124 225 55 33 129 83 13 229 127 7 260 214 257 81 219 54 272 20 119 181 139 125 138 109 133 224 56 105 85 213 30 165 132 265 2 102 220 122 60 26 232 34 136 21 158 63 103 47 178 268 262 166 169 147 24 131 40 267 76 185 107 285 93 5 177 62 276 29 77 153 266 90 39 250 150 57 35 221 199 256 96 218 234 189 37 45 16 187 192 10 270 277 59 241 52 89 14 70 243 23 168 91 171 283 49 48 186 173 50 74 194 108 41 46 207 88 80 264 261 18 244 142 195 172 101 94 188 246 95 115 227 284 237 286 69 27 251 
223 195 157 0 189 269 139 142 128 73 16 102 8 71 11 250 23 77 58 261 143 198 251 254 237 215 96 37 13 82 248 67 98 277 163 243 91 2 41 152 218 86 267 155 52 10 287 111 148 194 285 210 268 115 15 78 34 50 136 236 103 264 32 64 106 217 280 33 178 4 232 242 259 257 239 14 193 192 63 59 263 151 5 12 53 207 200 252 74 175 231 121 117 167 99 208 164 274 172 177 245 173 55 179 104 60 165 159 51 113 3 188 149 201 219 156 35 233 181 227 171 174 22 203 80 132 138 162 17 185 225 169 212 241 26 247 120 90 46 61 21 93 109 228 125 220 266 255 69 38 205 83 166 56 116 253 187 39 134 89 191 147 144 182 30 170 273 240 145 49 101 
224 160 279 288 126 87 23 225 129 283 242 246 91 82 134 78 168 19 93 269 60 252 191 125 259 118 222 114 260 275 57 46 35 9 162 86 241 137 88 284 66 135 194 270 226 181 98 69 40 102 238 20 10 220 157 99 97 141 27 250 140 143 253 213 89 257 173 266 8 193 217 185 41 24 232 119 122 12 202 58 254 33 249 255 207 167 265 247 18 70 268 62 48 64 267 148 14 55 221 186 208 96 182 32 83 165 195 121 261 245 138 212 107 215 68 117 237 44 51 204 177 172 236 132 190 198 50 174 286 285 52 183 205 7 248 206 227 61 39 277 15 244 142 179 274 42 203 63 264 
225 193 264 144 137 35 26 81 238 141 224 273 222 218 171 119 59 204 202 21 249 11 179 123 199 253 24 270 0 186 77 148 200 168 97 43 16 181 176 240 277 7 172 90 274 143 165 67 103 85 284 266 234 106 259 227 177 28 87 13 22 14 127 93 236 287 114 174 29 73 250 82 169 145 187 113 42 167 243 140 61 83 276 242 147 112 280 228 89 154 17 212 247 166 151 235 108 197 286 196 155 100 246 185 220 71 78 115 2 223 263 217 60 91 94 283 195 53 25 109 130 19 258 192 128 201 229 164 58 47 99 104 251 248 267 282 64 51 57 8 281 209 107 124 190 215 159 84 205 44 65 
226 164 244 76 239 199 4 141 109 35 156 161 13 102 79 175 97 33 34 179 95 166 125 53 178 202 74 96 160 211 243 232 275 31 176 212 172 46 51 140 29 146 264 10 149 144 64 30 118 143 117 48 91 152 224 73 221 132 286 7 277 92 251 75 155 163 267 99 279 129 62 86 14 218 271 167 151 158 276 69 248 43 114 205 1 36 229 40 24 255 17 90 241 41 165 214 77 200 9 170 174 100 274 148 106 101 240 134 171 193 123 2 270 60 217 47 204 15 130 260 216 66 119 120 89 159 133 68 208 25 71 8 94 37 124 154 27 23 245 249 
227 215 112 268 219 30 151 251 150 160 248 192 199 134 85 288 173 27 40 193 1 201 128 152 246 155 74 23 14 270 176 198 73 72 3 140 18 166 200 97 214 144 64 225 142 107 100 65 77 283 194 165 22 127 104 2 125 183 242 63 0 261 79 260 232 158 20 10 115 25 41 4 80 278 284 263 39 204 6 58 13 153 118 46 24 138 51 161 223 178 114 102 62 117 113 285 206 212 141 228 202 259 279 264 220 208 101 203 70 50 275 43 122 224 236 169 154 222 231 241 67 235 281 75 207 59 133 266 37 
228 284 222 202 243 176 199 140 27 3 154 278 130 151 70 174 217 73 86 110 262 215 219 241 258 242 156 10 251 205 221 234 47 75 103 68 125 244 145 190 269 88 169 94 230 31 54 5 214 36 30 49 197 56 235 14 126 83 141 100 0 195 287 171 177 132 116 127 25 82 255 112 233 283 114 144 19 246 46 162 33 8 208 163 259 196 170 59 271 266 207 225 212 45 9 81 7 282 172 29 117 238 240 165 111 146 150 124 280 57 71 260 131 239 227 65 21 178 220 142 123 263 133 121 201 11 69 223 1 51 161 13 28 44 185 236 288 90 159 4 85 248 198 149 253 61 194 128 160 210 237 102 279 213 
229 160 196 147 207 285 235 34 72 185 173 30 118 57 222 110 139 73 14 48 97 177 191 101 233 13 192 259 115 31 266 1 237 29 28 175 252 214 190 164 181 79 76 12 119 17 193 112 26 275 129 85 134 148 125 257 143 262 199 220 153 276 150 282 239 0 205 65 161 80 265 226 9 157 92 71 51 270 81 108 219 87 44 230 217 171 195 269 53 117 95 103 268 47 200 240 236 165 55 107 86 74 127 66 75 256 141 5 284 90 140 225 124 4 3 261 271 189 7 78 102 260 178 251 113 35 156 254 162 60 106 96 272 100 15 24 168 184 187 135 16 246 
230 215 252 115 165 236 75 134 59 196 34 263 44 46 253 147 73 16 163 190 275 270 15 221 69 166 228 217 177 187 101 61 138 206 234 96 197 27 273 150 0 158 125 193 265 235 143 57 149 93 219 52 175 63 211 243 160 210 32 50 81 118 155 178 119 195 268 89 4 53 10 194 241 257 42 90 84 246 111 56 123 130 142 229 127 272 255 77 64 131 86 199 266 164 26 258 17 288 18 68 185 169 41 88 137 239 40 70 179 79 39 105 124 83 245 9 31 145 48 135 282 250 281 233 205 23 33 78 51 208 162 11 180 110 146 67 100 212 74 97 274 
231 135 191 207 218 152 280 70 275 97 203 209 92 72 100 11 197 180 171 102 29 141 287 215 85 155 249 241 269 71 196 248 131 279 118 283 258 281 101 252 282 204 1 98 55 151 140 147 73 255 153 117 120 143 76 68 40 150 169 198 6 95 88 176 93 15 254 165 270 115 146 37 53 157 217 192 4 265 193 8 44 223 82 266 51 177 288 132 178 19 158 264 42 105 251 50 246 89 22 65 253 124 273 66 87 271 278 39 116 284 99 26 126 17 240 2 16 163 267 20 206 41 213 261 33 208 125 12 154 200 184 47 174 77 38 227 168 0 121 36 23 27 262 142 
232 1 45 214 262 200 137 61 50 211 21 276 33 192 246 89 15 155 152 284 216 30 176 82 282 203 158 234 41 65 260 221 51 9 226 108 7 185 154 245 120 118 66 78 182 136 73 256 135 68 138 222 241 190 130 99 161 59 263 107 174 175 32 54 2 195 250 103 270 4 243 13 274 197 20 223 224 113 173 266 145 227 177 172 36 88 98 17 67 219 124 149 198 236 37 31 24 238 272 257 86 280 42 70 101 239 77 0 22 60 126 265 160 164 144 264 25 48 244 205 49 94 58 19 181 142 186 188 117 109 251 91 288 29 76 28 218 220 112 146 96 287 62 193 217 184 18 55 153 183 202 201 92 
233 189 248 51 241 3 237 202 157 17 209 186 9 172 217 97 96 4 59 33 149 107 161 277 14 94 113 271 18 219 229 116 213 35 214 163 177 208 40 151 24 247 190 220 67 66 90 95 111 80 12 8 147 128 168 184 239 46 85 278 236 61 53 286 228 181 30 167 205 45 198 22 258 212 250 124 6 91 192 13 244 32 16 270 82 121 100 115 280 204 81 267 146 69 1 158 138 60 223 140 266 175 153 76 274 23 255 176 164 34 264 110 2 64 37 74 257 281 117 171 144 273 191 5 230 269 38 88 282 183 93 197 242 178 86 127 7 165 170 142 284 143 235 104 0 42 26 
234 164 268 135 110 104 54 94 247 288 254 127 258 187 136 201 50 169 90 89 163 206 72 245 167 6 108 143 232 140 16 130 228 74 152 26 97 18 20 192 171 239 274 61 43 160 259 142 99 230 225 204 37 66 150 10 95 12 261 49 71 207 83 77 202 48 32 114 126 63 190 235 84 144 45 181 174 111 131 269 39 280 170 38 28 195 250 1 210 5 222 60 252 257 41 151 284 287 138 69 52 73 139 185 87 146 115 31 255 180 25 153 76 0 156 80 212 119 286 240 46 141 262 129 120 68 264 276 67 88 246 116 125 107 148 263 124 
235 266 31 229 52 45 42 187 203 129 195 54 87 75 193 71 61 255 199 194 198 70 89 55 12 9 277 25 215 22 82 58 81 151 120 3 36 27 246 92 5 117 220 132 148 72 2 276 139 228 130 135 79 19 10 248 133 143 85 256 282 180 78 83 123 104 263 238 286 182 23 230 57 30 65 49 165 73 124 108 212 234 142 201 4 273 63 17 176 74 1 211 189 26 243 214 98 241 225 20 46 191 14 278 37 0 262 146 28 125 7 101 216 105 13 38 41 153 56 164 264 59 254 249 242 24 207 141 210 53 156 188 200 159 99 6 272 80 227 259 152 172 271 233 174 181 239 245 166 97 
236 87 201 56 191 75 46 207 217 50 230 260 103 130 199 97 238 288 160 144 135 142 17 173 2 104 68 99 257 250 131 108 157 212 152 11 51 49 71 42 170 94 182 127 210 67 43 189 38 223 98 240 119 233 24 134 225 263 88 138 5 116 145 12 209 281 89 168 34 280 200 80 232 184 183 158 221 106 39 241 3 177 270 273 202 243 112 31 18 59 41 213 190 139 246 203 179 85 251 72 171 269 146 162 229 48 91 140 161 224 121 126 192 133 267 111 268 178 63 58 211 20 15 206 113 277 90 32 264 180 227 228 95 187 55 45 30 57 14 276 76 21 37 83 6 155 218 
237 287 112 214 109 128 113 205 38 68 233 20 90 183 255 185 158 143 259 163 99 117 239 104 176 190 78 276 271 264 223 171 31 63 85 97 157 280 169 260 268 218 209 247 241 84 229 285 146 220 9 28 153 199 242 107 47 203 167 249 210 281 54 119 138 29 1 32 175 72 253 165 74 134 172 35 136 173 11 278 5 286 187 180 246 186 177 266 132 197 76 265 101 58 258 161 188 262 219 174 129 121 256 272 57 261 92 145 147 71 59 24 152 53 215 40 224 64 115 126 0 130 110 50 159 202 155 19 55 277 201 2 122 34 211 151 108 222 216 106 196 26 27 131 243 80 283 120 228 195 14 144 140 103 30 
238 73 208 225 139 148 285 195 159 93 104 43 268 33 102 209 122 286 236 87 51 247 240 169 178 182 207 7 108 125 72 217 248 29 254 24 145 120 249 265 193 107 170 218 162 137 221 36 83 219 66 64 5 103 224 174 250 71 212 243 258 235 46 266 25 272 241 61 114 31 57 3 203 155 255 274 56 55 38 179 14 210 44 67 126 99 196 112 232 184 47 220 63 149 77 279 111 228 129 142 153 244 88 0 146 288 92 242 164 117 19 42 12 143 80 78 166 26 173 49 206 41 264 172 276 128 18 8 11 269 189 283 74 257 181 84 261 154 214 135 10 106 201 
239 11 75 220 84 226 71 99 31 205 109 132 7 243 237 131 194 165 118 27 155 182 107 154 151 168 263 117 86 247 32 218 101 198 45 149 200 103 95 176 33 217 234 3 52 241 250 163 104 21 285 42 251 188 8 22 68 127 160 246 266 233 114 93 162 209 187 20 258 204 191 257 0 261 284 124 47 53 192 223 229 87 129 4 282 56 123 112 157 203 40 96 120 38 16 277 29 170 97 274 260 98 178 167 26 150 232 15 270 196 147 185 169 216 83 210 67 65 54 140 128 206 228 73 30 276 28 230 173 177 79 110 265 115 35 139 144 174 10 259 166 58 81 89 248 152 148 9 161 255 235 
240 142 186 27 135 69 83 105 76 55 170 11 2 108 155 123 12 276 14 145 77 182 23 238 275 20 168 84 5 214 52 171 99 3 90 15 225 216 213 74 91 13 196 257 144 254 265 162 203 110 286 236 191 212 53 251 109 78 242 58 116 264 66 6 150 252 25 183 180 158 250 202 51 199 98 111 67 269 228 86 127 226 204 184 154 19 45 208 65 198 229 117 26 179 284 245 231 148 160 97 221 38 244 200 68 129 261 16 36 234 285 181 120 218 71 195 159 87 249 258 17 205 107 189 241 63 223 132 18 60 
241 15 46 27 233 178 2 174 73 132 270 116 89 167 279 85 163 228 112 111 231 137 213 51 36 248 142 269 93 84 243 182 224 129 136 237 184 239 164 24 183 232 209 267 192 177 156 273 97 161 3 37 253 58 154 147 99 262 66 149 245 13 64 168 238 143 104 254 170 126 250 256 43 258 114 271 268 208 54 266 175 157 226 194 207 10 155 122 25 12 264 19 230 216 236 193 185 83 274 286 49 281 235 91 196 53 259 176 217 39 222 212 165 215 87 180 50 218 252 260 150 123 0 38 223 74 152 206 219 125 77 4 190 56 162 82 103 131 276 69 278 109 20 227 61 52 146 203 65 90 55 240 34 284 8 21 200 32 265 6 94 70 
242 66 246 105 278 224 276 9 186 170 174 147 216 74 193 71 108 228 77 137 220 63 117 149 26 31 24 287 258 202 136 114 0 35 195 49 98 205 237 167 256 159 42 126 181 60 243 111 43 158 18 3 54 227 182 29 100 212 240 223 88 25 179 48 142 28 20 225 166 259 128 134 249 64 55 164 144 281 248 124 130 254 107 139 118 47 104 138 199 94 275 244 161 282 265 219 16 271 92 121 165 189 131 211 14 1 238 177 253 146 113 33 65 156 103 264 78 206 176 235 123 95 57 150 69 61 70 279 285 233 73 27 96 21 109 277 17 
243 110 116 272 228 162 182 49 216 113 287 276 108 201 166 10 197 62 239 61 279 195 74 173 226 280 254 212 76 2 58 5 282 223 55 171 211 241 164 33 263 146 87 73 274 214 133 170 105 36 56 95 167 67 278 238 161 242 85 28 66 136 103 123 286 232 204 268 183 93 60 155 144 23 63 22 213 203 225 230 57 269 257 89 265 77 277 69 44 30 59 260 128 236 50 120 196 235 43 97 205 250 180 37 202 222 84 118 284 149 91 18 98 264 266 72 184 86 15 130 137 46 125 208 65 19 114 256 198 283 53 81 6 152 248 107 45 131 121 16 48 51 189 218 132 237 
244 30 94 226 34 189 284 25 282 99 125 197 81 191 200 149 181 69 145 96 50 167 83 35 251 39 245 5 111 103 143 129 228 140 70 122 274 6 137 146 166 134 68 261 168 130 141 154 51 257 187 0 147 209 9 24 252 44 198 188 63 117 169 53 215 92 48 233 264 77 19 164 36 110 138 155 95 59 148 61 248 32 270 101 242 100 60 185 211 238 165 8 139 247 17 78 232 159 177 113 196 123 275 158 91 11 2 249 213 272 287 240 132 205 126 171 47 128 222 46 40 256 89 157 31 135 268 224 133 21 109 15 14 156 
245 126 102 165 282 154 288 60 92 70 2 169 72 103 215 252 83 234 143 64 6 248 54 211 244 250 286 114 280 279 5 232 128 191 93 57 77 275 115 99 207 261 277 17 185 43 127 68 153 28 12 53 155 123 85 110 156 7 67 241 134 181 247 208 198 260 135 84 158 212 45 271 176 258 8 119 140 171 74 15 259 276 217 104 186 76 218 160 162 183 278 147 58 148 223 33 24 200 145 112 209 105 224 132 71 107 125 81 120 108 206 246 73 36 101 240 56 41 173 187 109 65 151 75 203 265 272 34 9 47 230 182 194 281 137 100 201 195 192 42 255 19 262 284 216 220 106 226 20 235 
246 178 48 216 242 58 51 201 286 224 283 172 29 19 9 232 188 10 88 284 100 23 119 112 3 132 97 227 279 27 135 118 235 168 104 123 151 71 153 114 158 136 79 254 205 141 66 154 53 163 184 239 95 177 16 217 255 35 39 26 1 14 189 55 156 157 228 128 260 90 125 237 122 274 218 44 77 206 91 181 207 256 140 108 133 115 145 230 192 197 50 17 175 193 277 67 261 231 257 15 203 94 236 174 147 225 4 221 28 63 0 245 159 138 105 8 46 93 278 272 215 187 186 268 250 212 285 165 139 84 179 211 68 103 191 47 252 276 20 222 81 59 195 131 234 101 288 11 182 229 
247 146 155 89 256 234 53 166 286 5 38 102 26 283 83 238 173 39 110 98 239 217 196 163 111 23 35 218 70 137 184 60 194 237 265 233 274 147 37 273 61 123 58 85 141 43 271 4 40 158 245 75 130 106 276 51 153 257 24 202 136 272 72 115 56 108 221 249 46 81 191 211 224 126 168 49 288 275 205 119 77 18 193 225 156 82 260 11 284 152 212 167 84 172 216 134 254 267 32 22 244 8 95 201 285 143 145 93 177 264 28 148 223 7 263 149 57 176 120 2 188 129 180 118 248 182 103 45 253 269 47 250 112 42 139 198 21 
248 259 175 233 68 12 48 24 267 129 277 257 227 203 164 75 202 33 169 85 186 128 101 283 47 245 286 165 193 223 22 266 231 70 241 265 238 40 130 269 84 4 104 218 3 43 135 106 183 54 65 184 38 56 280 29 217 235 136 95 197 263 102 98 275 274 66 62 278 109 78 137 134 9 120 86 25 226 131 91 148 133 176 270 212 67 117 53 110 115 2 256 44 159 51 141 41 139 242 279 142 138 210 244 174 111 74 200 37 255 13 204 253 149 73 112 251 83 125 254 178 27 288 150 156 224 225 34 81 247 63 61 132 39 163 192 228 243 273 126 282 1 15 239 88 23 284 221 272 7 
249 186 171 81 36 218 34 88 167 22 204 182 46 24 208 191 58 16 37 225 181 287 231 170 250 175 190 258 26 283 162 33 187 251 54 280 256 214 38 152 213 8 238 79 93 221 117 253 134 83 11 31 96 196 130 237 210 98 138 136 21 288 25 137 262 209 99 259 202 168 123 125 68 120 224 268 104 247 85 32 276 155 177 89 173 242 267 77 1 156 263 206 14 48 180 62 254 142 139 129 198 255 154 2 143 189 269 195 65 95 217 281 71 67 109 279 27 244 101 277 270 157 235 271 100 23 90 103 274 87 56 211 183 64 240 105 40 145 63 10 30 78 169 131 192 111 160 226 266 
250 34 120 77 266 113 35 264 269 114 215 223 92 138 128 213 62 196 148 245 143 118 96 69 109 249 236 162 5 151 83 194 175 271 50 32 103 270 91 239 67 178 4 93 202 261 25 205 76 13 185 0 98 238 27 232 155 224 206 26 81 252 225 165 241 1 70 74 262 159 139 71 72 253 233 156 10 123 124 8 281 40 240 222 137 3 56 167 234 221 134 6 60 125 193 37 12 31 263 36 243 170 183 184 177 15 275 22 166 135 110 179 127 189 153 115 208 256 107 7 219 246 201 30 192 142 188 197 121 191 78 99 260 164 46 59 230 154 172 207 210 64 287 288 247 29 126 133 265 63 130 47 
251 53 12 112 201 87 227 103 156 55 65 219 205 216 214 32 24 71 117 223 116 10 133 244 203 124 215 142 80 228 74 254 158 58 249 145 119 286 104 106 131 79 90 93 276 212 75 220 190 118 211 96 257 239 268 19 195 159 226 153 107 110 217 47 105 16 261 129 28 240 170 275 37 137 120 3 152 164 50 277 68 44 61 198 281 173 4 114 9 62 284 30 274 83 78 264 263 260 231 23 82 258 69 202 91 99 115 267 162 38 135 63 183 0 236 218 86 97 285 186 122 248 200 232 271 89 143 252 67 174 26 225 51 76 49 121 229 210 33 175 253 139 185 56 194 187 222 150 213 262 165 192 46 
252 11 282 54 113 105 131 265 230 41 17 161 121 102 5 137 122 97 140 286 13 165 148 50 0 245 132 94 109 71 224 88 180 7 231 133 14 45 67 277 144 271 116 103 182 73 208 93 118 229 195 173 221 98 256 280 253 56 62 185 68 135 285 36 174 244 284 114 110 215 120 250 29 143 95 64 74 129 70 146 240 276 81 223 52 170 112 127 58 171 204 192 262 10 156 234 269 172 80 279 37 257 288 134 194 202 178 266 272 211 162 193 42 241 201 47 184 218 198 117 111 275 6 175 210 251 258 220 273 219 25 179 246 19 60 51 100 69 35 53 
253 163 8 266 73 47 82 143 280 170 3 167 279 148 150 187 191 230 21 225 27 271 259 78 93 116 200 174 210 147 267 182 121 58 274 282 249 168 193 241 252 194 281 76 61 1 130 11 237 277 50 12 207 195 224 10 127 92 36 189 43 204 205 45 270 46 106 250 29 162 74 218 95 132 158 55 272 262 188 42 20 186 214 49 219 260 48 53 152 39 2 231 181 275 51 198 23 276 242 248 34 202 30 261 64 256 13 144 178 161 166 268 80 24 137 31 103 212 131 159 190 223 251 228 26 247 180 265 71 81 72 
254 275 183 90 169 45 204 158 146 188 29 234 148 144 257 213 202 175 139 82 51 223 97 79 189 11 127 243 284 251 31 181 170 126 269 198 167 238 106 159 215 38 194 147 78 12 137 145 105 246 3 287 123 122 240 112 119 197 172 160 28 199 278 50 282 154 85 241 136 77 231 113 103 140 63 86 14 54 224 120 87 75 261 72 152 10 135 209 279 242 184 142 182 57 41 196 17 256 186 247 46 48 53 249 153 68 141 80 59 166 248 99 205 124 26 64 235 161 102 18 30 193 163 19 143 23 208 15 34 69 211 1 229 258 7 206 276 83 174 56 32 61 
255 7 273 208 79 54 184 186 237 199 154 274 235 25 75 72 118 282 123 267 61 194 159 122 21 102 179 128 172 87 19 175 105 231 107 210 90 213 81 262 153 2 188 181 5 64 169 110 91 71 246 228 111 23 174 138 28 12 219 238 77 288 139 68 3 101 96 24 151 27 43 165 29 224 226 173 185 41 193 211 275 113 95 156 214 215 285 176 82 137 117 6 53 69 230 283 160 248 65 17 130 263 4 279 233 16 36 249 234 45 207 149 33 46 103 86 187 115 216 223 99 59 145 85 142 140 134 78 280 260 245 218 170 212 189 239 281 97 221 127 
256 45 278 211 277 205 32 59 10 150 247 38 113 29 122 135 40 213 126 181 183 124 7 70 88 143 216 71 33 142 288 268 133 212 168 287 266 117 34 249 58 105 232 200 47 43 252 279 104 49 273 31 65 95 242 28 235 114 111 69 134 98 263 172 121 56 112 92 64 241 82 164 44 218 284 208 25 165 83 178 132 220 68 248 87 217 93 145 188 175 246 198 131 222 48 11 237 35 254 55 8 258 144 262 78 72 253 276 80 265 197 184 60 250 264 146 148 280 229 42 185 21 196 243 86 102 23 259 272 244 209 17 109 159 100 81 9 140 260 151 110 169 13 
257 207 133 14 100 7 98 73 64 203 248 155 40 121 180 147 184 52 221 254 23 266 110 120 34 222 66 182 60 128 151 275 265 236 78 5 188 44 144 45 30 19 83 278 2 26 211 156 215 113 240 47 91 138 87 244 251 276 167 263 105 57 75 150 217 65 149 42 95 229 224 239 12 9 247 15 111 194 3 223 264 197 76 220 104 115 286 134 4 243 89 282 43 107 175 140 148 125 230 90 232 69 96 262 70 117 77 234 246 10 109 252 81 37 212 164 196 179 189 192 173 22 198 6 136 92 267 288 166 284 178 269 13 67 233 200 123 39 272 199 18 186 71 187 157 74 84 185 112 238 50 41 1 208 59 204 53 28 86 213 
258 266 281 139 14 49 267 274 207 218 205 234 73 53 70 265 128 96 158 204 261 228 288 195 76 80 231 31 249 121 56 7 209 102 32 242 33 103 169 211 142 4 46 131 79 23 208 180 203 12 238 287 94 273 30 239 44 197 260 188 18 45 275 245 262 137 241 282 200 78 233 0 52 263 268 212 133 127 77 183 162 24 16 109 59 54 237 175 37 186 179 168 214 178 65 51 251 118 61 82 13 176 163 100 143 198 40 132 256 119 278 167 75 230 134 150 276 141 89 144 160 6 71 19 165 225 217 122 252 34 124 146 220 145 111 213 1 22 69 283 3 254 240 2 114 104 259 147 130 26 107 
259 248 117 210 284 19 56 29 237 115 28 111 126 144 54 217 90 40 51 22 207 83 6 185 68 128 2 264 224 253 199 57 149 108 216 229 25 209 49 137 87 103 32 47 84 198 211 234 121 218 173 280 18 190 214 60 96 65 225 172 150 30 269 75 189 4 281 15 70 100 44 249 191 208 64 223 138 82 268 107 46 67 245 228 273 92 5 130 176 167 123 168 242 143 129 99 195 274 177 125 275 183 197 42 91 145 61 241 81 37 95 80 215 93 35 140 1 94 101 141 227 206 146 201 3 59 147 182 180 89 282 267 181 285 213 256 261 11 239 205 235 52 34 31 258 58 53 
260 276 188 41 112 84 87 99 185 158 110 10 36 236 285 165 274 9 32 222 288 273 90 152 150 232 108 25 103 174 76 209 70 196 89 153 224 264 237 66 69 15 83 17 146 49 193 164 217 176 177 60 101 4 57 94 149 61 79 190 45 143 245 96 258 19 50 156 227 7 246 37 52 215 135 166 197 126 72 147 75 139 181 239 191 168 120 62 157 160 68 243 251 114 20 253 247 12 105 14 154 28 42 261 142 31 106 228 208 118 241 226 38 171 64 268 82 283 46 272 93 134 138 116 121 250 67 287 85 212 202 269 39 229 1 30 43 97 54 137 109 255 175 206 256 16 123 214 204 8 280 
261 111 163 161 217 6 50 220 167 172 22 123 118 24 186 11 199 130 95 223 179 258 75 175 208 124 33 58 14 49 271 0 31 51 129 245 107 38 221 66 244 195 32 170 168 250 218 174 166 211 26 54 36 178 20 79 160 15 125 234 145 251 55 154 9 70 269 239 141 264 101 227 19 158 82 275 285 34 97 136 171 263 62 42 84 197 194 254 73 283 104 273 205 30 76 110 48 77 246 274 224 277 113 120 237 147 28 260 164 91 61 116 191 152 253 39 216 192 196 182 153 92 47 88 112 135 128 190 266 231 287 206 151 279 89 240 56 229 222 169 138 4 259 200 117 106 27 142 52 137 87 100 143 162 146 265 29 207 131 238 148 212 
262 65 9 129 22 25 43 232 10 42 23 117 274 267 99 228 4 271 83 6 61 281 205 161 200 171 149 1 285 209 34 265 41 28 80 39 282 88 273 155 115 286 16 255 131 2 64 284 222 87 216 197 210 241 103 182 90 178 60 24 288 249 31 181 229 0 20 278 146 162 258 250 55 108 147 47 97 206 133 123 67 52 135 253 113 237 44 154 51 104 196 138 7 252 257 13 57 76 192 175 159 188 11 235 95 256 168 130 112 270 33 152 8 207 214 116 137 128 220 176 194 266 275 75 234 139 30 100 179 195 94 245 78 251 231 63 
263 29 140 28 101 275 264 167 100 61 143 65 57 187 68 75 209 14 230 160 173 119 239 90 203 118 50 87 269 31 107 286 156 115 190 13 142 287 243 77 42 148 134 54 192 136 138 281 257 232 113 24 36 62 235 280 248 207 19 40 256 74 218 236 83 76 279 198 122 200 149 15 49 258 151 127 93 223 266 165 261 283 174 227 12 185 157 150 251 249 21 89 219 133 99 250 216 23 18 255 124 271 30 182 112 43 225 82 272 117 20 228 247 158 32 56 179 66 139 52 129 152 110 103 85 178 193 33 73 58 163 92 234 277 195 
264 225 1 287 263 167 190 94 154 250 161 113 25 128 98 159 269 277 237 285 205 68 63 38 69 82 43 95 259 212 112 207 91 132 260 144 147 195 55 226 35 126 32 149 215 74 270 202 160 41 203 18 12 217 200 10 47 90 62 6 265 223 156 102 136 88 9 30 261 271 146 37 286 240 116 257 125 139 96 194 122 244 219 4 73 57 280 44 19 241 36 196 251 181 46 231 117 211 209 71 177 188 78 155 220 232 152 33 193 61 14 176 243 247 175 186 65 115 101 256 227 233 242 173 235 238 141 107 150 222 34 236 123 56 23 283 104 198 278 174 138 234 170 274 77 272 273 133 192 171 11 72 224 
265 207 1 219 221 252 102 51 19 268 65 258 204 4 167 67 283 91 143 168 130 68 42 183 273 108 88 174 74 161 262 257 151 138 80 248 200 134 222 142 247 36 238 103 61 40 180 186 72 147 135 137 240 264 148 215 213 86 18 118 117 156 50 114 79 212 272 205 230 284 210 9 196 188 144 56 154 47 128 140 123 53 105 98 2 231 229 216 271 46 224 150 237 31 243 33 208 116 194 206 29 20 242 199 192 214 10 28 52 126 17 232 209 198 145 136 120 70 97 78 256 285 163 26 160 245 106 121 276 94 239 41 57 115 155 164 175 286 179 44 66 170 277 278 24 253 261 95 185 133 3 184 8 43 129 250 241 
266 210 258 213 235 103 215 253 100 123 53 30 250 214 38 87 207 186 178 93 257 193 287 119 166 82 32 248 54 124 49 179 127 152 200 88 256 146 229 29 71 81 173 183 161 271 176 67 28 9 198 225 239 37 97 238 78 50 224 14 165 24 232 269 46 44 91 21 16 197 92 263 41 188 76 51 241 121 47 31 191 4 52 222 237 194 60 231 180 85 228 219 6 133 185 155 7 143 62 140 90 34 59 122 135 84 117 109 233 195 23 128 80 63 252 267 151 189 99 230 115 154 8 105 158 216 243 68 211 56 75 261 208 201 35 223 95 96 204 12 141 48 262 190 175 184 77 36 150 112 212 157 156 144 273 142 83 58 134 227 69 249 
267 258 135 179 248 214 3 88 7 262 148 71 51 12 280 203 200 84 67 100 255 111 202 115 172 11 201 97 133 107 103 44 56 277 2 162 253 223 102 184 78 284 206 27 122 241 23 146 76 180 191 132 279 63 226 196 153 66 150 176 286 222 65 175 126 188 124 218 91 137 57 167 108 53 92 123 288 83 224 249 5 233 85 145 1 136 282 120 61 105 4 165 141 251 32 127 266 247 114 52 55 17 271 28 161 169 189 54 273 257 287 231 236 26 142 14 36 38 41 43 259 225 42 168 215 278 10 285 213 166 47 283 143 96 106 212 40 204 154 31 
268 15 46 234 227 31 118 180 41 58 74 221 278 265 70 178 45 238 10 38 23 56 111 121 144 256 1 275 159 155 210 154 171 145 237 130 157 209 7 276 163 63 158 172 282 273 222 62 67 27 97 223 288 187 251 126 106 110 201 81 204 124 112 138 189 129 279 243 181 18 218 177 259 241 103 3 206 258 193 34 120 249 165 151 65 191 137 73 230 44 51 224 190 88 114 75 94 28 153 287 285 82 11 152 164 195 168 229 132 280 12 0 60 72 156 147 8 55 202 6 246 183 253 260 236 220 281 105 16 107 274 71 43 179 66 33 93 244 214 19 194 133 200 95 271 100 
269 161 101 176 272 223 203 117 250 3 78 81 192 284 152 147 264 276 143 22 179 37 224 231 58 172 59 16 175 9 263 183 76 241 228 210 254 38 148 248 112 75 57 134 56 156 162 188 28 66 205 87 65 154 35 52 182 95 285 259 29 270 21 42 283 195 199 120 261 136 55 221 150 119 266 98 11 10 243 288 234 20 46 88 124 197 173 279 160 215 131 168 63 252 33 240 204 135 163 229 91 12 106 157 236 83 25 133 99 190 249 69 90 102 132 257 138 8 151 1 164 260 233 174 184 238 122 104 247 6 54 71 275 171 89 
270 74 11 112 101 194 221 211 137 241 164 51 125 283 115 116 196 100 273 205 180 156 106 91 188 87 176 123 225 230 168 25 227 271 250 30 32 264 165 189 150 80 88 224 62 146 12 120 6 3 161 67 175 78 111 66 35 92 269 42 133 215 232 83 219 145 231 191 39 84 96 27 253 37 209 130 73 29 212 248 34 281 9 233 40 210 275 8 282 43 220 64 60 236 229 244 239 148 222 113 142 279 139 203 114 154 57 90 182 18 166 138 93 94 155 226 262 13 65 277 71 249 5 109 159 15 81 195 118 124 102 197 214 47 107 95 31 0 163 33 16 184 55 58 202 
271 50 173 180 111 216 62 168 33 206 277 262 134 74 163 150 82 197 237 148 12 16 117 176 253 36 78 37 18 169 67 233 58 118 261 121 252 66 250 270 22 201 110 72 81 205 266 14 196 247 27 106 127 6 156 187 274 69 114 61 70 131 129 54 273 177 264 245 284 211 103 161 226 136 241 76 203 208 213 122 96 162 141 265 120 218 198 165 31 228 172 0 29 123 87 190 288 275 242 287 155 219 263 57 64 267 231 40 167 192 39 138 178 47 53 7 251 26 126 135 249 185 1 229 183 282 174 202 38 159 128 195 235 55 19 160 51 268 212 4 214 80 
272 73 44 243 40 269 275 36 128 64 78 213 138 146 48 217 118 204 222 3 155 212 61 35 164 17 192 116 169 89 287 101 93 56 131 147 108 149 84 129 20 276 216 112 152 109 220 134 77 33 83 102 60 265 238 199 42 167 122 171 45 144 178 111 151 247 193 170 81 200 114 105 22 52 253 71 107 47 97 232 41 132 100 76 283 180 182 14 175 186 237 120 21 156 277 230 34 12 196 288 157 252 80 150 201 278 263 185 246 51 245 23 244 260 4 165 43 63 95 130 257 133 256 106 99 235 264 229 50 104 221 161 124 7 49 248 
273 110 255 185 24 65 5 60 160 225 166 184 31 135 64 165 283 260 58 282 127 270 181 207 214 265 275 216 23 91 75 41 161 128 13 104 129 287 81 22 18 145 262 21 121 210 206 6 36 247 268 256 241 230 278 170 101 92 71 1 108 32 258 29 186 55 154 271 142 44 87 178 277 12 66 235 143 8 80 259 147 169 201 218 163 93 173 114 109 7 83 67 130 261 196 30 159 236 86 198 112 102 95 220 139 146 202 16 35 50 279 285 134 286 164 34 231 72 106 167 144 281 187 4 39 183 168 267 15 68 150 171 90 126 123 252 233 180 192 100 217 14 203 46 248 191 45 208 152 264 48 204 195 266 89 223 82 280 148 156 190 
274 211 30 80 134 258 52 262 75 53 101 255 216 60 260 89 287 157 79 131 165 199 275 200 109 244 178 71 47 167 64 221 27 234 247 243 28 118 225 209 284 253 40 21 96 285 208 83 271 183 114 37 207 248 206 15 93 166 161 14 232 148 238 85 117 116 106 182 42 169 128 188 78 58 246 104 124 137 251 239 259 223 55 181 136 144 286 278 241 261 226 172 41 25 36 150 233 98 67 12 69 158 62 168 205 153 215 16 45 217 283 202 138 7 31 126 195 50 249 8 268 18 105 175 264 197 155 32 90 82 84 190 224 68 125 230 
275 254 78 106 272 263 282 231 150 286 76 193 54 176 205 24 28 191 187 159 36 240 201 273 155 288 154 226 257 211 274 4 84 268 109 110 200 145 224 230 131 245 163 164 217 210 281 49 71 21 175 134 183 194 172 41 123 46 144 73 113 229 16 248 79 129 143 196 50 93 251 105 258 114 66 67 152 34 124 149 261 97 139 116 167 177 270 63 133 195 151 148 255 247 206 209 259 23 271 242 51 42 11 171 111 5 250 13 253 31 208 182 122 94 15 7 2 190 45 197 112 83 14 252 244 88 96 137 141 215 158 65 188 142 227 262 91 10 27 119 12 37 280 103 168 153 81 18 62 30 219 269 107 20 
276 9 260 170 243 184 72 242 147 92 232 15 78 177 116 99 201 88 217 62 98 237 240 22 286 8 81 269 85 202 112 94 76 277 156 7 161 181 3 159 285 64 189 84 36 268 29 272 251 199 235 58 38 211 257 57 160 130 138 80 141 95 247 96 229 119 24 45 49 50 187 27 226 42 169 245 225 252 222 163 166 105 249 91 137 148 117 66 59 200 51 134 213 68 39 194 253 131 191 151 280 283 167 256 192 30 239 258 108 113 265 73 207 44 139 238 218 171 140 31 241 246 234 83 97 89 197 214 1 236 215 146 254 288 104 63 10 74 14 71 
277 216 256 285 10 248 167 201 271 123 120 171 264 235 174 276 11 233 175 18 91 205 57 278 52 223 111 138 252 9 78 214 103 54 267 168 122 190 245 79 225 50 129 127 63 74 115 27 100 68 221 184 284 110 124 83 226 25 283 117 253 13 187 218 28 96 189 163 273 34 251 45 58 40 70 145 49 125 152 105 80 197 35 239 148 107 243 203 185 15 149 104 212 246 89 71 261 178 98 272 90 76 12 209 73 1 222 41 206 75 20 181 17 26 42 146 4 270 38 166 249 279 24 237 101 47 236 5 56 22 144 156 61 150 288 135 142 92 265 3 224 147 180 199 16 19 154 53 281 242 263 62 116 
278 188 256 101 220 32 242 228 27 268 80 121 107 49 127 169 159 201 202 12 41 5 165 139 177 217 180 47 69 147 24 277 132 28 134 215 109 257 119 110 141 3 97 19 116 273 46 243 88 25 170 233 185 254 92 248 148 91 40 160 262 115 34 68 73 38 98 8 61 167 237 117 57 179 78 21 67 150 190 227 288 245 102 100 48 60 86 29 157 186 152 274 103 55 216 138 214 35 209 193 124 235 15 178 166 94 258 99 111 231 151 272 50 89 146 161 200 246 125 164 205 45 174 81 72 280 106 70 9 241 154 264 267 279 142 153 265 172 206 168 23 85 219 37 105 
279 224 197 59 89 122 108 284 82 219 123 17 243 54 285 40 221 253 241 166 217 214 92 115 3 45 192 209 231 245 246 70 68 0 182 195 140 139 23 56 256 95 42 287 11 267 149 39 226 110 1 203 263 268 37 216 12 162 99 29 159 81 46 206 97 158 60 171 125 26 178 9 201 100 43 269 78 24 80 254 248 185 213 142 238 252 51 270 109 273 2 255 107 75 61 183 227 283 63 30 76 249 91 261 277 135 32 55 130 31 36 155 163 103 193 278 242 113 286 153 288 148 27 174 186 84 94 49 58 74 111 228 104 
280 65 68 121 231 174 10 181 253 285 267 135 95 106 220 151 243 245 102 129 110 288 36 208 211 183 237 133 137 249 175 163 114 156 145 75 79 248 259 146 38 83 252 96 7 128 52 193 263 86 223 171 136 107 50 40 184 195 28 127 105 165 16 201 168 103 53 198 236 177 72 264 160 283 234 225 233 27 232 197 108 216 33 186 74 98 187 101 188 138 179 228 268 1 276 281 144 132 169 26 45 78 206 32 34 256 112 143 190 115 64 152 130 113 12 148 66 213 278 42 126 150 199 218 149 109 207 17 275 140 15 255 77 59 273 260 84 282 178 286 
281 130 258 2 8 208 80 216 7 220 102 199 262 167 73 119 134 106 16 190 231 132 201 18 188 137 11 147 189 275 286 143 171 126 39 22 69 180 35 192 127 140 169 263 6 196 237 253 26 103 204 259 146 45 10 50 12 236 251 64 61 163 145 133 181 55 28 36 270 66 250 116 149 115 209 30 242 217 288 71 42 213 241 83 40 27 59 128 118 67 153 198 95 280 1 47 273 210 151 221 31 104 249 205 177 175 138 176 268 158 34 233 178 111 58 110 124 33 245 79 212 98 230 225 207 32 148 185 114 227 48 37 156 82 283 122 277 20 129 179 255 
282 68 252 26 95 245 20 222 275 18 244 137 1 138 131 210 197 255 71 136 232 35 49 216 273 211 146 46 110 48 163 203 116 179 231 193 126 60 114 262 243 189 127 9 109 134 176 219 253 268 173 141 70 132 217 51 24 2 33 235 96 14 199 13 119 254 113 206 21 181 258 34 44 229 207 28 215 285 208 239 39 164 19 122 257 162 90 98 270 214 288 174 36 79 139 228 7 143 267 166 153 242 201 73 180 151 86 158 112 99 221 190 155 152 84 140 32 22 183 30 185 212 147 6 218 43 77 177 259 104 148 186 225 230 169 202 271 171 233 11 61 87 182 65 248 135 128 115 200 27 191 106 133 172 280 15 55 188 
283 15 8 118 115 43 158 224 286 157 246 51 54 140 105 247 270 33 36 39 273 265 6 14 248 135 49 184 57 127 114 231 52 249 26 159 185 101 65 85 205 3 103 160 56 0 143 194 174 198 25 53 277 31 212 227 284 164 117 269 7 34 83 228 63 181 166 9 192 28 131 216 58 116 219 70 263 120 22 55 109 108 280 29 74 261 272 104 218 168 126 153 1 182 12 75 93 46 255 90 87 276 150 111 222 220 23 88 154 225 274 279 178 183 260 10 129 38 243 188 92 264 199 144 163 258 76 169 77 217 287 139 238 267 82 62 237 172 281 195 189 45 
284 228 101 208 259 100 244 57 81 147 96 204 166 279 185 175 139 207 46 232 48 32 93 269 246 191 70 49 13 73 136 19 254 47 2 41 148 44 21 102 28 108 51 267 58 154 129 196 224 274 40 9 8 170 225 262 135 277 214 72 43 111 122 287 68 74 62 283 286 168 252 210 265 151 71 107 212 174 239 153 38 164 271 67 27 215 103 221 59 134 163 256 76 183 220 227 198 251 113 140 156 121 35 10 203 173 84 45 116 65 117 247 219 172 234 56 99 243 206 240 231 181 26 23 159 131 257 229 24 193 285 184 54 142 90 85 222 143 11 17 55 94 42 83 119 194 245 233 36 248 241 75 66 213 
285 229 277 219 238 21 280 9 10 260 279 139 75 27 26 203 264 82 4 22 43 262 169 39 97 201 14 129 15 164 160 156 74 276 0 31 34 161 217 237 56 99 188 206 239 120 25 223 274 91 98 107 93 215 183 20 162 269 66 252 96 78 214 199 204 196 153 53 109 175 176 54 80 104 92 222 288 83 216 5 282 261 42 159 60 112 135 12 124 202 130 72 255 118 192 268 132 28 3 157 58 273 220 150 69 227 114 85 247 127 48 79 186 251 76 134 265 170 89 77 213 136 191 246 284 187 224 142 211 240 259 180 61 16 128 242 267 154 49 151 287 40 122 29 111 
286 71 42 210 55 76 75 275 283 199 100 170 247 246 156 74 44 20 41 0 36 252 238 153 181 276 114 212 56 13 248 245 34 219 23 149 263 98 39 85 28 251 281 29 80 183 152 38 262 97 1 61 165 176 188 107 206 141 6 226 111 218 122 240 118 235 47 171 284 185 233 267 137 24 196 243 287 134 92 138 53 288 102 264 119 186 237 257 221 125 214 4 168 193 103 104 49 274 77 203 241 211 154 215 87 113 225 63 200 18 273 189 116 139 144 143 160 25 202 216 209 83 224 17 159 234 70 2 213 35 48 265 37 155 9 51 88 279 222 58 133 172 164 128 99 62 190 30 280 
287 237 198 264 185 55 243 214 128 180 84 192 63 122 20 266 231 274 144 70 249 120 12 23 272 273 242 210 83 256 263 193 14 202 15 165 223 91 161 254 279 101 143 148 228 137 175 284 258 65 221 67 136 183 225 286 159 208 116 42 98 37 29 49 178 145 28 33 160 134 27 150 200 113 179 11 87 170 149 78 107 176 123 86 117 174 147 268 103 18 234 79 50 271 75 76 0 216 211 82 206 64 124 190 8 207 267 54 45 261 244 52 93 108 31 121 85 157 156 51 260 171 195 129 199 201 44 203 141 232 191 89 283 250 184 139 285 58 106 2 213 209 34 102 205 177 53 
288 184 75 71 12 28 74 191 130 224 188 72 245 138 234 7 115 110 35 100 44 150 204 127 227 208 236 260 158 30 159 258 157 70 256 275 146 65 37 280 218 21 33 81 140 69 4 39 76 17 102 173 96 214 268 124 164 8 41 196 249 144 262 211 174 286 255 104 77 118 285 168 36 52 60 209 26 67 172 269 132 13 45 267 278 219 231 183 282 117 247 179 281 220 19 0 14 53 271 133 63 61 252 86 180 272 23 238 181 112 221 122 152 62 50 51 156 93 230 2 109 257 87 1 134 15 9 232 248 47 147 123 155 116 135 228 277 205 279 202 111 92 195 250 153 276 246 82 125 190 
