0 430 212 425 872 622 580 422 32 637 738 278 14 578 714 344 166 573 250 596 564 253 736 478 332 387 248 382 446 759 601 153 316 99 518 845 71 265 280 811 229 698 562 342 467 546 469 12 733 339 545 421 389 20 390 626 749 236 894 671 418 766 613 17 379 26 428 449 604 680 729 548 168 493 162 902 620 847 184 223 629 70 643 238 600 232 345 35 619 630 325 
1 534 529 779 147 131 506 323 756 188 798 636 93 493 349 72 99 758 132 711 511 471 481 461 507 125 401 344 259 457 205 676 815 724 372 851 150 261 886 20 291 725 38 423 694 822 47 12 688 737 300 352 139 892 200 137 635 117 167 83 649 503 330 901 907 194 324 542 698 149 414 573 102 389 791 902 516 653 413 816 662 244 96 339 690 314 866 159 623 184 88 787 
2 745 402 589 797 840 110 330 69 839 414 827 887 620 338 102 900 569 481 496 506 214 380 663 767 788 287 614 259 567 770 450 559 412 769 189 829 540 545 483 42 342 126 10 80 252 462 856 651 535 466 803 682 824 300 67 363 538 583 314 896 673 580 733 552 897 290 532 718 561 801 56 54 643 878 898 875 208 409 315 860 207 50 904 265 625 178 646 853 507 558 286 312 459 12 
3 735 315 251 635 855 255 340 94 452 453 81 894 531 30 708 390 865 302 630 838 386 904 726 587 284 89 799 374 159 226 10 597 307 134 76 658 521 296 500 676 850 704 588 391 34 55 373 243 68 612 902 579 679 869 446 502 427 488 598 285 216 655 573 814 504 852 91 298 18 84 240 198 225 684 462 690 519 511 253 200 239 434 697 136 70 41 349 527 
4 293 351 795 575 680 678 74 89 867 643 191 714 119 748 216 722 520 650 790 451 683 146 245 865 405 143 261 385 250 530 259 439 457 167 469 6 322 559 557 554 701 896 880 623 223 596 303 264 309 224 707 20 220 490 38 666 266 479 221 779 628 803 222 539 518 253 294 188 472 273 531 618 164 863 498 529 679 412 507 476 689 207 198 234 853 543 613 515 236 841 411 275 96 118 763 291 141 124 
5 78 17 807 72 376 419 11 358 202 627 672 437 421 559 495 557 703 340 849 184 558 736 205 316 47 665 597 548 709 625 331 733 699 584 562 761 713 527 775 315 211 295 639 86 210 238 243 9 135 580 896 649 667 812 460 704 95 538 545 226 455 393 891 477 97 442 132 234 409 743 103 88 799 114 458 687 696 843 728 647 577 410 
6 701 461 249 436 91 308 470 807 628 892 121 687 108 689 658 82 438 459 163 118 605 406 499 219 727 156 669 845 568 4 664 229 858 742 834 871 754 483 902 541 134 247 101 183 80 859 864 90 425 278 771 528 167 240 621 888 450 372 690 795 124 158 844 357 903 552 599 242 128 376 133 130 123 818 177 241 516 327 748 678 70 728 155 306 855 550 620 606 354 811 
7 592 724 903 612 901 351 361 613 14 170 794 722 824 642 9 33 527 525 159 413 166 665 427 129 90 67 501 708 306 469 618 673 692 860 553 493 378 77 194 235 312 481 152 438 735 646 154 301 816 248 491 621 61 476 151 747 103 426 451 858 189 732 713 464 316 385 282 660 798 772 441 344 516 309 180 494 148 514 648 195 842 808 242 241 616 695 457 279 633 781 244 465 555 326 84 552 49 311 173 906 477 681 
8 813 34 771 745 812 208 860 650 220 286 426 494 170 419 414 350 867 783 746 303 718 126 616 365 662 833 307 837 262 738 670 80 604 568 317 149 572 735 230 598 473 329 847 846 228 104 669 301 497 355 569 512 278 315 420 692 859 462 719 150 591 815 212 347 272 720 197 848 244 528 714 342 884 100 741 856 637 793 638 682 632 891 49 477 128 319 605 461 666 55 45 709 107 400 31 459 794 606 868 594 612 295 
9 696 35 472 732 581 284 745 318 72 409 509 7 400 170 519 512 254 425 302 343 833 784 365 384 169 29 592 182 214 112 572 877 602 166 582 616 545 256 348 575 439 65 48 730 307 261 462 657 205 620 529 754 5 496 152 323 590 193 884 386 83 641 636 881 660 297 81 122 218 331 678 228 142 804 96 540 607 
10 615 531 516 62 893 745 104 461 365 812 660 123 152 866 349 262 490 589 808 561 383 517 399 238 394 519 806 27 51 818 3 665 895 203 77 191 410 298 886 190 867 849 800 657 85 76 574 116 835 409 468 458 136 734 14 290 2 353 167 783 814 746 268 568 720 222 636 637 625 295 448 782 646 476 75 540 439 11 902 404 244 338 248 412 529 521 308 644 600 143 
11 374 12 40 842 96 505 5 466 762 204 219 344 500 683 451 770 392 711 622 710 858 661 79 893 180 137 55 784 596 758 788 741 658 143 402 528 673 188 503 731 287 895 233 444 383 584 836 86 494 558 42 719 611 559 240 166 787 722 118 802 139 426 262 206 619 553 768 898 230 239 655 648 23 757 824 847 640 132 205 141 668 612 431 196 160 573 484 609 269 330 614 427 357 10 733 487 572 211 81 256 99 531 288 389 797 889 479 831 394 840 
12 144 11 838 27 622 747 903 782 317 872 386 687 727 354 92 326 157 301 840 516 451 484 88 811 804 681 83 121 78 215 112 877 13 783 501 607 760 867 125 798 374 803 260 728 1 609 572 0 726 76 297 563 149 182 282 227 634 399 664 701 192 79 564 855 325 413 418 612 748 61 220 369 357 881 367 682 330 214 375 795 221 450 292 714 644 837 878 242 2 
13 468 652 778 74 772 268 584 237 195 105 395 47 198 34 392 629 686 138 190 856 258 506 329 711 685 862 498 738 717 12 15 885 888 370 42 462 660 750 92 189 799 165 398 751 267 763 187 737 160 858 363 890 821 541 472 159 130 565 385 723 218 611 307 100 760 56 521 390 459 93 883 753 634 628 403 220 650 849 842 605 342 719 59 798 530 240 21 215 140 
14 97 756 27 478 484 398 716 558 430 7 745 128 0 261 566 331 554 234 198 105 472 784 711 80 173 51 111 356 299 674 205 651 306 311 24 103 441 160 61 836 653 275 841 758 782 439 692 783 125 493 289 129 226 296 862 115 547 779 352 69 10 49 288 41 579 781 704 328 199 494 483 313 131 881 804 488 413 25 297 254 365 535 407 35 845 153 435 182 247 188 323 148 556 499 453 336 
15 800 871 848 218 500 90 57 362 771 266 310 133 714 300 845 718 73 77 873 118 234 265 555 374 450 13 93 671 733 253 19 465 279 801 507 257 466 63 69 494 368 766 675 185 464 323 344 663 394 510 585 152 687 584 545 818 24 129 228 775 551 731 508 298 408 899 254 448 326 206 658 483 134 288 280 559 709 515 421 418 904 540 217 630 55 533 268 286 641 155 38 745 103 678 877 637 549 287 817 511 
16 507 201 501 29 674 697 47 436 594 261 61 549 539 498 381 599 615 321 774 442 306 665 726 583 781 412 887 768 891 245 435 820 523 350 156 740 274 475 696 605 150 635 72 128 908 325 551 188 548 334 601 282 117 293 508 248 199 450 170 648 354 23 159 566 372 729 550 129 587 351 851 565 27 20 878 405 175 102 362 649 710 561 868 17 180 415 
17 5 606 452 812 94 272 121 255 202 832 755 623 542 115 731 82 34 654 789 108 302 790 311 478 57 354 230 56 279 540 127 256 822 27 875 647 506 826 575 868 670 114 761 598 23 374 38 246 58 672 245 669 482 713 357 608 586 517 435 275 339 896 818 417 310 197 786 626 25 666 369 231 0 685 84 19 122 611 605 860 693 833 458 429 624 840 143 622 894 711 431 594 651 16 876 
18 581 568 710 515 776 53 370 681 738 721 833 175 423 153 196 485 477 659 565 366 223 86 253 886 402 638 624 714 543 435 633 454 483 525 753 528 280 473 376 185 644 701 386 202 508 604 873 319 163 591 429 372 281 254 204 21 458 883 874 234 154 770 890 438 725 813 316 328 445 213 465 684 728 448 507 479 786 333 3 169 392 491 322 496 195 889 87 772 120 734 613 
19 176 573 255 582 23 91 522 569 675 619 730 581 542 270 134 880 605 266 135 31 293 862 313 230 871 858 751 344 15 202 825 534 688 684 710 567 729 471 683 296 878 429 781 99 451 818 899 105 555 434 356 863 190 832 223 525 473 614 71 81 17 358 395 411 847 642 284 100 644 541 536 79 765 630 419 291 607 493 591 646 321 363 
20 61 558 490 659 669 21 387 150 505 208 139 41 173 264 71 147 254 374 132 401 867 131 559 226 848 235 473 894 727 92 421 110 72 281 621 349 424 496 803 888 1 210 744 450 497 179 4 682 830 806 24 260 622 389 464 35 872 304 140 865 257 337 0 251 597 298 185 342 420 733 44 333 448 183 109 792 892 314 379 544 430 718 369 16 308 176 810 760 736 849 663 
21 468 462 223 542 20 732 206 641 115 26 521 612 359 844 769 882 555 439 372 297 596 652 67 678 41 839 644 835 676 864 799 148 35 535 281 709 801 620 528 525 452 843 339 582 600 328 740 593 24 403 868 18 810 773 796 279 386 309 208 311 228 239 495 305 367 783 772 321 760 45 771 656 497 670 537 901 723 601 572 246 103 511 52 898 314 283 170 504 408 380 13 626 288 448 73 378 752 440 
22 712 673 547 614 835 515 613 606 831 161 568 822 355 141 516 114 331 418 283 219 410 485 302 235 737 660 844 364 571 257 259 475 227 339 343 764 900 880 567 676 814 306 746 71 402 424 596 104 212 897 47 169 376 226 770 277 144 89 684 186 124 586 899 670 405 549 372 59 802 696 845 871 239 599 37 538 413 106 775 
23 269 192 408 451 489 631 19 665 498 542 619 753 444 64 251 797 74 793 157 285 470 340 874 729 401 803 238 514 774 156 694 547 161 562 732 296 264 190 592 292 773 666 160 898 492 365 224 840 327 844 436 17 28 893 757 612 50 372 742 869 252 787 439 629 11 857 63 344 904 446 459 279 754 59 879 627 836 716 745 766 849 16 885 97 243 407 573 683 110 311 321 380 556 235 114 464 835 565 79 628 103 
24 72 765 587 713 303 529 119 791 356 318 807 866 88 896 666 579 568 331 412 41 770 266 541 561 401 233 236 14 484 172 566 857 890 104 243 390 398 52 20 790 852 836 136 15 819 539 118 738 21 138 883 54 874 417 38 863 768 70 625 128 718 690 898 362 237 288 616 423 314 122 572 117 282 637 169 443 821 820 471 515 548 
25 341 799 345 277 63 473 320 357 687 590 298 70 820 641 634 434 48 808 447 246 449 819 795 44 707 818 79 451 367 165 492 562 685 861 267 223 879 370 466 287 792 164 316 283 288 257 617 97 691 716 826 211 239 900 358 746 756 903 514 541 17 14 213 256 289 71 558 201 35 363 482 534 643 266 742 597 
26 227 602 583 216 622 82 21 754 85 267 682 571 551 446 549 510 454 230 509 96 442 852 517 708 656 893 562 711 369 707 54 698 140 53 89 337 101 764 495 613 542 477 187 166 305 466 330 396 366 612 776 887 266 692 500 851 497 401 348 843 718 891 745 798 804 848 545 617 331 532 178 0 34 785 30 646 203 476 345 875 221 283 467 362 784 725 619 45 832 888 219 
27 485 12 14 397 522 610 498 178 788 360 320 624 637 287 195 841 776 398 892 272 144 417 748 235 361 897 467 327 484 252 123 456 513 112 713 60 10 532 796 89 877 804 689 17 118 682 466 207 773 109 38 528 525 685 882 319 863 488 537 768 652 886 148 510 847 77 400 264 550 721 181 63 288 497 248 80 523 673 514 47 114 49 680 41 224 106 353 566 16 247 58 347 198 787 271 720 328 577 182 
28 788 726 155 41 185 610 285 706 801 718 109 647 504 224 407 756 562 432 780 287 331 518 390 147 174 632 58 678 133 838 733 481 782 389 908 31 23 335 621 108 571 232 461 342 866 612 450 124 463 221 795 127 233 356 628 609 38 755 320 904 261 730 242 884 171 752 887 29 343 859 559 583 514 699 834 161 693 739 840 292 648 
29 624 445 188 16 503 599 76 526 597 64 633 715 154 456 294 782 646 57 414 392 802 235 216 120 874 757 391 502 227 9 759 297 515 538 264 176 243 832 869 553 155 383 156 740 395 410 449 211 236 822 763 38 779 720 88 903 340 854 495 689 199 867 463 653 453 586 592 226 843 583 373 65 566 279 703 810 517 28 766 580 173 473 283 338 866 263 581 708 116 307 729 648 560 776 678 895 738 482 
30 454 799 747 395 882 373 707 495 606 150 89 225 41 469 40 3 695 360 200 874 648 244 717 553 503 533 63 521 419 455 496 61 255 572 215 653 314 599 797 720 39 534 649 637 732 299 612 681 369 718 282 231 832 270 624 662 217 690 56 290 364 868 635 434 111 791 407 641 187 26 308 474 52 583 841 688 551 705 466 190 548 507 413 287 411 285 427 570 757 618 789 494 540 
31 364 318 392 428 464 572 746 734 136 863 34 276 65 113 575 532 19 369 89 741 760 265 441 366 757 106 396 417 732 813 897 522 865 28 450 573 626 343 901 104 851 109 442 700 326 162 166 169 36 270 722 155 430 440 634 45 831 499 452 85 269 58 399 816 51 198 286 544 505 694 835 555 8 595 827 743 873 787 
32 753 558 506 713 451 598 765 290 422 0 446 203 567 538 283 275 149 639 282 614 175 693 381 335 882 388 105 324 584 385 797 90 338 500 461 253 553 373 647 776 42 114 167 426 69 770 596 234 652 735 170 251 162 438 230 223 40 478 799 360 602 696 154 612 876 727 185 208 217 376 728 144 202 195 899 747 67 362 169 589 796 576 577 400 392 554 613 847 242 354 493 870 193 329 644 541 216 
33 721 266 39 357 176 35 632 289 69 158 617 687 341 627 7 704 94 630 338 34 662 40 127 371 472 389 381 106 899 236 437 358 454 542 639 739 507 150 320 847 242 755 264 862 882 442 547 154 468 518 105 265 156 623 349 254 502 432 615 699 107 626 673 368 532 904 513 72 376 373 441 350 878 201 694 552 484 633 247 231 190 890 896 540 283 354 169 397 494 586 332 385 53 729 634 126 78 534 77 628 901 691 711 
34 756 833 136 8 192 618 730 193 738 60 17 31 812 286 510 762 326 13 434 699 676 33 204 602 71 565 458 500 846 530 742 710 551 197 126 339 122 289 98 142 360 90 839 801 678 3 905 798 817 840 542 898 184 526 341 831 219 275 727 380 227 524 196 384 585 432 355 572 399 165 479 419 658 270 100 26 249 629 704 125 825 882 606 200 214 361 747 203 854 218 575 113 770 
35 251 643 9 504 33 718 349 707 557 464 786 118 230 193 808 136 785 680 243 788 90 669 815 551 124 601 344 865 685 613 840 882 522 457 683 666 866 881 737 21 254 272 429 831 460 693 416 304 383 461 884 278 178 768 211 829 20 341 378 70 641 477 674 120 403 222 430 56 255 213 588 503 877 574 127 218 391 776 184 14 616 638 527 850 108 25 160 232 285 474 619 226 217 216 399 652 81 102 0 377 799 880 
36 232 656 574 255 98 686 438 354 646 177 526 413 124 285 535 575 399 149 879 421 448 97 860 233 219 462 120 590 556 681 518 268 783 159 434 643 716 651 715 63 786 329 132 81 712 135 844 180 707 477 869 476 493 740 852 45 500 876 878 31 446 311 503 756 719 259 394 636 192 873 745 579 479 857 564 117 389 735 157 140 89 424 214 605 174 377 351 452 90 865 885 321 501 485 
37 250 626 702 524 822 813 574 234 685 319 189 873 533 826 610 242 571 657 709 218 368 245 595 755 793 549 90 629 820 109 167 648 634 513 903 613 852 758 61 404 674 146 355 117 474 597 586 598 652 296 306 603 211 523 862 806 855 122 74 632 752 446 282 115 463 183 570 611 366 261 609 174 104 497 143 219 288 477 267 170 98 751 84 725 445 142 557 22 328 431 777 471 
38 128 402 424 662 513 710 483 707 508 274 550 705 849 578 301 188 903 474 122 797 73 415 112 67 843 147 509 156 1 214 846 392 611 186 27 380 133 616 4 746 17 626 695 580 222 687 136 564 87 698 420 541 29 341 69 777 709 24 379 28 43 88 468 511 739 321 822 883 599 249 741 546 434 492 350 478 809 817 180 357 432 15 332 410 595 441 696 
39 196 799 33 133 101 221 551 353 469 219 752 665 383 424 660 824 554 624 342 81 500 902 744 796 750 764 42 903 479 374 279 166 639 436 415 814 552 795 638 202 482 55 30 273 114 906 170 534 609 93 751 587 366 706 786 555 775 84 701 56 561 206 302 518 498 511 736 212 817 319 672 178 673 835 242 192 667 126 908 822 737 470 634 65 575 307 491 361 356 
40 363 903 831 608 153 11 441 93 779 707 289 889 490 426 904 350 30 542 599 353 33 331 186 703 299 788 569 104 258 664 783 74 124 232 47 108 777 488 46 150 48 422 892 718 32 847 421 256 390 752 481 844 317 425 536 126 808 225 166 287 83 565 763 430 99 721 508 702 62 499 372 757 673 309 586 505 387 860 642 457 195 131 
41 28 371 603 308 252 887 182 492 629 446 244 563 46 569 66 20 874 30 186 413 742 747 682 811 85 121 306 670 184 24 86 517 860 21 270 626 197 155 884 509 112 671 499 820 119 588 630 354 279 313 835 702 410 863 298 126 540 762 542 632 228 253 555 866 110 685 460 14 412 780 903 481 760 833 185 442 739 536 531 250 428 471 180 65 618 741 375 164 666 520 208 648 559 537 836 470 401 191 513 303 27 516 593 728 575 674 71 79 708 284 862 109 3 832 528 799 50 322 241 
42 872 596 472 122 138 555 404 513 396 185 807 887 897 648 137 668 719 542 757 410 290 214 863 625 43 311 815 486 806 881 319 13 39 241 772 380 147 104 32 421 730 134 348 866 96 11 829 2 637 45 372 439 298 94 558 131 208 591 445 223 855 669 417 304 357 177 635 709 51 144 621 198 73 578 643 409 140 738 549 411 874 295 127 891 840 702 749 
43 170 317 337 314 173 61 110 330 893 669 772 74 647 825 47 601 455 142 370 800 598 178 282 82 539 444 426 147 243 143 185 42 813 531 297 116 791 336 625 644 312 470 294 670 830 681 112 293 579 423 829 482 95 167 159 199 509 212 188 788 114 400 72 494 304 558 176 286 869 721 454 502 402 308 863 175 115 884 329 152 367 38 744 768 576 161 369 661 521 325 428 529 737 528 263 666 524 343 747 508 214 803 544 590 
44 134 468 71 109 289 48 513 544 832 59 784 667 740 553 725 785 292 245 894 296 219 231 877 854 25 902 57 817 610 438 804 66 831 495 156 248 259 889 282 88 358 104 233 230 756 761 867 818 790 508 901 601 62 465 663 551 772 669 849 354 352 425 563 476 881 591 871 20 148 580 261 118 188 661 220 426 612 
45 840 466 320 149 556 779 902 175 605 93 261 82 361 202 63 359 821 596 295 858 52 243 744 404 456 836 244 809 389 51 455 68 400 894 42 36 798 313 549 322 904 907 746 116 515 496 699 46 31 885 138 671 780 463 819 516 714 21 676 219 140 457 425 683 787 8 890 749 448 301 867 95 652 148 741 84 504 309 517 210 547 26 437 542 905 
46 675 820 41 425 231 709 199 232 351 364 429 301 113 54 663 825 227 846 420 463 165 695 270 648 526 72 887 535 452 205 676 810 555 51 107 723 557 818 92 593 857 373 282 861 353 602 40 173 666 309 273 344 487 542 47 387 183 760 413 777 754 188 45 507 437 87 759 869 132 369 796 705 416 360 221 495 367 401 385 551 109 713 331 415 399 229 312 896 568 837 91 828 407 505 53 
47 529 451 355 438 250 385 16 596 813 645 801 660 615 496 164 358 43 878 13 131 687 454 208 753 420 379 478 188 366 462 834 5 102 874 555 241 663 880 425 371 147 289 342 384 467 839 376 418 427 821 824 772 69 762 40 79 766 187 460 541 151 544 274 351 1 328 784 836 46 568 495 293 831 732 152 653 900 515 736 215 844 137 93 508 22 360 396 415 112 517 681 136 140 356 190 570 802 889 823 365 27 442 894 735 557 238 341 637 689 168 306 350 558 
48 870 859 57 110 44 65 576 698 594 284 878 596 152 565 69 547 138 766 25 556 845 322 362 715 355 764 162 608 207 851 606 807 522 356 303 53 735 446 898 674 652 243 272 216 300 148 637 901 74 754 889 824 676 9 40 245 757 711 874 366 373 179 659 604 490 706 587 700 419 524 369 411 264 799 696 280 722 137 254 298 521 49 182 194 822 808 517 785 205 50 160 646 263 801 185 208 626 240 903 
49 261 349 614 558 173 68 690 476 879 539 379 644 638 519 323 724 685 723 88 508 654 557 570 541 304 653 377 907 419 820 847 788 387 660 294 571 693 823 774 405 212 120 57 639 80 553 60 258 736 858 812 836 490 14 345 239 342 707 631 81 357 336 713 857 107 244 271 666 67 74 260 889 224 819 445 8 48 206 142 152 595 597 302 331 905 53 27 732 292 863 611 734 196 129 328 469 454 523 594 876 689 798 7 811 515 
50 821 717 636 102 350 842 456 593 417 280 275 216 544 531 676 505 251 160 151 689 530 402 690 630 540 622 592 183 656 574 400 737 429 123 843 146 413 23 562 548 225 678 164 551 859 243 840 107 794 792 140 806 875 679 233 894 591 663 749 526 458 288 474 246 764 105 268 48 266 799 632 755 383 2 844 114 67 384 376 762 891 186 41 491 
51 810 785 751 798 370 618 471 399 331 479 191 99 161 735 771 748 820 336 351 906 641 14 59 864 296 449 318 273 10 46 679 168 109 789 763 897 582 131 740 45 406 183 712 545 819 770 878 827 596 255 452 345 393 342 136 787 754 614 535 666 804 316 489 290 440 773 305 42 500 54 848 317 566 801 609 31 487 319 502 413 122 784 875 412 691 218 120 867 
52 213 360 856 581 115 744 224 189 109 615 297 92 782 796 299 212 726 200 55 859 607 723 356 806 602 95 243 554 672 663 539 45 140 564 720 487 317 633 468 336 342 371 24 244 436 868 716 803 152 736 688 194 643 264 708 892 298 444 118 181 111 762 844 820 387 900 496 753 163 432 127 830 138 30 586 867 823 527 21 801 440 559 284 334 
53 541 899 796 659 794 655 342 131 18 828 59 592 203 886 144 325 406 336 771 73 852 623 517 458 627 347 674 268 128 303 487 428 509 70 311 878 790 528 48 85 26 126 664 715 717 692 672 182 277 338 262 318 661 727 304 344 148 143 444 789 695 407 437 66 766 805 366 484 224 95 463 452 136 600 779 49 317 887 775 274 109 326 179 298 398 220 648 417 231 716 67 113 33 94 306 815 64 574 423 46 
54 501 455 545 828 345 695 357 243 735 411 375 880 381 200 46 118 402 844 344 397 293 377 426 866 166 511 423 255 744 458 288 697 621 26 199 361 195 721 349 605 320 431 585 670 77 791 183 133 167 905 117 245 535 24 85 162 427 257 448 489 99 94 635 556 97 165 592 417 471 611 533 138 157 628 185 2 71 51 109 454 815 789 175 260 514 231 562 267 372 353 206 503 189 322 226 422 770 392 
55 381 721 830 223 167 261 65 765 816 607 228 534 269 586 67 82 483 420 788 56 385 657 759 332 57 169 839 741 419 627 52 11 309 461 252 859 683 675 815 341 347 884 346 60 180 356 583 154 530 513 542 659 434 61 805 39 543 102 674 3 73 466 247 412 854 644 867 224 386 878 686 488 556 567 527 259 745 622 783 598 416 91 678 192 188 8 68 797 71 155 611 708 260 268 15 668 623 701 535 889 669 693 296 
56 391 616 756 246 461 886 97 579 759 182 875 625 183 789 87 128 320 764 55 137 905 651 469 194 794 421 548 726 17 776 313 677 319 141 884 324 556 723 501 879 797 322 236 419 815 299 282 545 589 459 216 488 668 666 318 775 735 888 629 803 772 132 262 536 39 417 515 35 30 13 156 796 685 753 652 2 514 398 552 303 83 439 715 481 108 163 112 585 222 778 193 562 489 901 60 227 191 600 466 
57 174 367 48 374 15 197 830 370 520 199 908 640 120 29 381 55 515 17 225 152 316 329 684 317 44 396 201 461 361 416 242 85 677 158 352 49 339 446 440 561 403 252 412 605 546 138 829 243 130 206 671 402 856 728 600 886 437 478 737 68 246 713 65 328 497 878 72 626 606 865 514 296 658 649 504 165 103 880 791 465 273 194 335 420 
58 280 689 908 349 647 708 735 311 738 577 850 713 861 657 285 654 63 756 106 73 28 278 82 153 298 518 135 724 500 772 361 672 656 196 572 732 736 761 904 17 504 336 676 102 568 62 381 424 527 753 503 266 279 90 460 767 439 334 307 728 146 727 561 158 156 675 273 333 189 907 31 611 645 221 299 352 356 499 457 284 224 389 27 124 99 
59 581 223 150 70 554 773 846 185 332 397 318 210 466 53 563 356 142 44 211 304 285 733 717 730 778 691 409 98 84 51 229 620 560 553 748 856 468 761 60 330 499 790 472 432 650 782 475 634 751 543 540 737 182 300 184 258 672 635 803 402 728 157 275 903 811 23 727 829 135 203 281 349 86 785 297 788 818 22 702 629 897 827 126 125 226 277 13 625 80 259 582 
60 234 264 843 773 659 724 491 851 893 568 446 34 305 886 258 299 541 448 688 709 334 440 171 394 571 889 579 170 382 309 27 445 125 736 59 355 436 180 55 154 822 495 651 881 600 520 535 318 388 759 907 684 49 665 316 150 631 619 650 485 250 277 62 548 522 130 636 289 145 733 802 830 74 896 159 560 693 547 515 655 372 443 101 613 123 638 500 808 400 172 207 667 478 56 262 253 
61 628 570 20 273 836 43 197 288 356 122 108 16 802 653 791 285 261 132 493 150 754 901 344 597 442 195 855 454 289 322 558 373 215 384 176 640 611 693 14 528 521 479 560 763 30 805 7 724 37 123 260 126 55 535 320 299 848 849 847 440 267 550 629 358 661 291 128 78 506 233 323 498 211 831 809 446 623 509 109 548 903 473 87 226 12 739 277 408 305 135 468 165 852 475 294 625 319 237 719 630 729 
62 185 702 10 587 716 394 801 99 613 544 682 515 291 687 712 646 875 313 625 807 143 636 431 476 492 354 434 329 183 653 186 297 344 340 377 699 407 817 779 619 820 524 827 593 701 58 428 315 494 475 459 906 44 486 765 246 508 308 695 809 60 811 516 677 611 94 835 208 832 156 464 678 149 96 877 806 662 40 257 717 651 769 
63 197 25 486 651 690 743 531 890 508 680 384 381 619 879 58 578 446 682 789 660 287 858 419 121 45 437 276 886 721 503 902 171 36 865 559 601 851 71 30 648 163 368 727 534 15 215 324 92 94 656 151 418 723 538 855 306 772 312 365 76 896 847 409 742 23 27 164 762 205 745 516 575 119 732 230 778 868 149 906 187 443 127 876 165 135 673 129 552 827 786 345 576 763 317 136 
64 775 882 247 29 850 155 596 188 23 549 608 604 843 93 121 496 271 404 250 419 385 221 474 342 504 339 326 641 862 702 297 392 637 362 193 728 381 446 309 100 876 773 148 97 781 669 442 179 755 521 357 503 703 311 162 135 903 846 526 590 796 471 872 239 53 270 601 895 
65 457 768 752 304 55 588 48 692 429 776 602 245 893 31 433 384 517 698 490 314 349 696 537 562 446 605 545 612 491 141 438 529 146 676 568 536 329 261 413 802 749 369 123 71 830 754 89 859 9 756 873 674 735 158 700 318 131 258 640 829 280 851 283 257 658 740 509 518 494 57 644 217 569 41 307 780 663 29 264 371 723 898 666 532 370 167 311 395 248 312 472 419 626 660 81 823 500 716 142 122 39 579 856 201 687 906 
66 746 376 161 189 98 335 41 288 754 424 647 901 444 317 401 316 907 235 717 422 526 723 259 675 708 623 863 741 184 876 596 459 216 157 855 99 103 862 845 125 114 769 234 44 245 794 252 620 448 871 168 256 841 710 380 449 215 587 677 516 348 697 614 547 774 687 607 53 610 333 691 700 442 511 240 381 633 375 242 486 521 581 722 356 585 496 73 386 81 268 895 352 
67 799 621 182 869 815 86 232 447 382 55 398 343 262 506 445 264 140 658 118 7 558 567 410 421 295 612 21 352 38 383 674 236 670 92 418 865 145 593 737 476 729 678 396 303 328 354 708 335 513 582 744 783 641 688 473 527 231 2 390 181 661 634 187 548 49 545 635 32 876 749 113 490 701 529 223 798 564 307 299 129 53 474 50 358 195 74 812 125 168 
68 258 898 49 314 264 686 560 655 891 623 707 796 215 127 142 567 112 593 119 476 631 665 135 403 326 546 662 79 569 255 468 675 317 260 818 730 581 45 491 600 455 429 163 445 563 359 900 622 3 144 814 717 129 836 811 681 413 76 894 57 316 842 591 305 424 812 194 835 868 639 292 55 107 398 636 229 247 738 100 892 272 487 733 637 474 133 579 723 184 761 
69 814 33 628 590 2 73 353 268 842 474 198 48 680 525 296 362 418 880 578 162 188 667 327 231 717 202 262 277 839 375 244 688 502 90 15 112 490 907 221 32 47 416 335 448 639 735 91 865 14 259 557 781 417 38 429 223 862 261 506 200 76 716 750 191 620 850 888 782 682 149 897 711 697 835 519 493 614 197 550 553 810 793 289 288 691 643 189 101 140 736 
70 59 424 599 176 905 436 795 572 444 430 491 211 288 383 210 224 662 469 892 25 161 497 571 455 172 483 551 603 174 702 812 591 53 301 738 885 821 215 71 171 232 525 293 614 282 306 689 434 153 855 213 729 801 432 785 35 722 82 182 527 90 513 189 666 440 100 24 813 816 839 97 496 654 364 110 660 625 837 884 275 818 389 302 6 789 123 624 595 553 473 422 437 207 811 494 555 488 0 173 192 580 844 3 895 257 
71 254 258 611 777 738 324 760 44 166 173 249 342 263 554 545 20 542 688 590 731 34 443 171 657 711 328 216 659 235 850 685 613 622 576 312 70 359 792 379 730 63 157 361 252 625 0 321 135 286 133 288 105 65 277 621 887 273 193 716 356 812 557 650 543 431 514 604 118 827 22 892 108 465 706 415 403 803 92 332 290 82 551 787 820 476 724 325 19 283 54 722 167 231 25 55 572 717 362 866 441 138 310 907 237 41 560 282 240 426 203 285 826 
72 841 635 24 360 5 833 777 9 759 550 783 1 95 306 671 473 477 335 566 46 20 491 882 610 688 152 495 877 144 582 860 876 316 256 522 171 832 243 92 168 681 781 633 427 677 231 302 802 268 94 16 107 226 43 729 737 598 856 895 668 708 712 703 162 344 33 462 414 303 439 319 57 173 531 564 816 700 156 116 773 430 509 527 323 587 334 345 419 457 425 
73 687 571 484 219 236 407 440 69 226 360 303 53 776 266 15 492 128 250 38 751 332 58 171 397 906 359 811 369 74 320 854 208 596 474 331 356 177 506 55 235 387 123 720 373 718 783 814 414 163 392 42 477 899 791 763 127 802 451 619 180 136 613 744 401 66 21 139 375 216 
74 13 157 4 173 635 294 151 147 256 379 43 443 23 358 886 94 129 115 431 384 184 759 411 754 750 335 571 135 73 516 40 342 869 372 483 843 275 114 795 565 720 522 48 813 686 800 560 373 197 327 490 402 758 666 389 757 37 559 556 49 770 671 375 626 589 221 60 614 548 247 776 766 213 533 287 743 515 525 537 890 234 67 120 527 637 288 573 513 
75 143 266 590 256 238 854 770 599 861 211 429 113 477 702 283 123 842 657 891 774 355 120 511 896 539 290 84 780 713 252 194 439 652 517 817 660 845 778 371 727 447 267 638 895 203 749 554 96 292 497 375 709 771 546 708 319 412 196 626 847 787 719 811 844 739 330 611 834 10 592 115 474 595 272 370 687 872 548 390 536 198 742 526 463 576 
76 474 105 123 29 181 842 775 150 483 691 837 699 128 859 733 156 700 443 466 492 85 97 819 125 825 904 512 516 808 709 752 660 556 768 120 827 424 664 628 878 594 690 3 357 286 758 10 831 905 285 754 644 884 811 81 826 777 140 727 533 216 696 12 63 68 342 69 756 611 552 623 348 481 615 232 226 406 541 489 266 864 77 778 632 204 524 275 853 157 486 130 
77 550 177 333 823 498 136 478 108 435 292 539 799 507 585 374 131 15 186 409 380 149 593 241 293 7 192 774 10 450 196 664 837 406 385 144 815 897 492 559 807 54 546 236 138 906 635 424 582 27 726 240 724 884 384 819 540 297 85 591 674 902 662 811 552 479 712 441 489 160 881 76 468 675 838 789 111 880 704 655 676 235 901 264 482 334 452 33 415 
78 5 259 263 589 833 332 161 340 846 88 322 311 87 112 890 713 830 328 280 151 468 669 717 608 376 567 12 670 552 381 296 534 822 594 452 414 225 898 362 418 885 876 207 517 633 143 576 906 239 95 586 380 487 678 81 864 396 194 61 815 420 98 236 611 847 175 819 769 461 850 805 458 230 572 639 699 521 232 579 334 82 573 528 185 155 749 839 177 106 533 659 266 251 210 33 
79 524 897 525 648 90 273 581 358 447 387 579 86 676 11 138 537 533 171 874 585 629 25 209 68 681 740 781 908 799 517 764 230 222 884 294 794 754 47 419 695 705 160 309 773 634 610 775 722 593 259 456 346 243 778 506 303 314 12 405 649 483 612 449 659 542 218 723 903 144 417 789 783 439 830 638 409 463 699 19 802 344 289 378 268 41 875 248 608 23 
80 401 518 528 620 767 750 97 358 861 693 556 119 725 400 719 438 495 14 8 219 827 847 671 158 628 661 856 346 215 49 470 374 751 485 300 465 6 699 836 252 382 249 2 739 736 129 369 442 480 491 514 434 768 109 179 704 315 385 670 27 900 862 481 904 689 381 564 294 375 103 161 455 828 631 488 891 255 392 854 89 658 266 59 376 246 123 603 92 786 329 
81 220 88 665 421 820 542 278 837 3 691 334 584 353 310 560 765 894 177 119 160 349 208 283 742 873 839 387 396 473 906 39 377 757 656 185 524 546 446 438 613 36 229 109 142 616 86 84 265 309 171 316 162 222 550 204 145 124 76 280 671 49 571 829 78 507 689 807 745 518 629 885 779 447 19 429 768 82 123 879 586 341 246 9 426 199 65 529 11 888 504 766 424 35 540 887 329 66 457 
82 383 346 540 239 17 283 26 6 445 811 143 55 760 752 328 638 127 248 45 542 289 502 722 585 257 457 43 216 528 716 533 489 630 58 653 719 704 361 685 261 783 864 617 507 488 674 564 399 608 94 323 405 464 802 448 203 904 358 70 470 219 628 887 556 775 747 838 270 651 71 518 663 357 526 861 260 256 413 81 830 247 231 254 444 574 822 78 654 365 853 299 422 401 851 
83 580 803 614 237 843 448 759 604 472 308 871 112 484 155 898 819 534 851 776 417 12 636 586 771 853 739 558 881 512 467 837 691 177 292 286 133 455 533 98 790 389 347 95 117 228 252 413 175 818 888 596 1 244 40 694 789 145 266 796 878 9 56 457 355 800 779 257 699 91 104 838 240 795 429 
84 492 101 702 712 650 539 557 218 609 731 250 424 91 595 426 669 263 564 180 819 400 148 103 59 511 693 465 132 277 425 490 831 179 653 292 75 205 745 293 476 81 869 621 360 518 253 386 654 535 735 164 267 606 801 39 496 534 97 591 821 422 333 155 338 331 138 555 760 248 899 236 17 288 3 885 556 704 487 37 862 642 337 718 45 174 886 7 881 628 903 154 
85 728 391 698 514 674 288 759 280 761 764 209 284 285 290 620 850 660 26 184 548 515 828 41 787 623 76 446 238 422 88 821 535 867 539 780 834 53 57 901 10 673 449 616 904 198 241 496 243 540 905 96 226 345 872 121 772 567 239 336 220 848 54 166 809 689 77 516 146 894 782 403 31 370 120 450 187 717 95 227 621 750 255 572 106 304 785 
86 110 134 312 466 315 67 118 377 702 276 501 79 441 767 741 329 143 261 729 309 145 612 233 879 385 515 18 359 187 712 41 708 793 549 379 426 109 609 367 618 451 658 735 296 310 493 718 854 221 787 890 81 270 725 146 688 488 11 485 150 513 128 639 539 252 244 228 5 711 330 526 783 597 249 669 860 254 884 174 746 481 519 816 693 172 161 293 327 59 445 717 750 821 867 482 381 545 147 516 522 404 737 866 535 196 792 170 
87 265 122 904 812 56 557 205 78 313 843 780 365 149 130 559 808 317 744 653 899 508 706 670 279 423 554 345 123 96 233 829 250 688 506 903 786 846 848 272 38 839 787 759 247 46 575 460 61 632 131 309 811 437 816 857 655 536 491 18 113 426 778 519 89 119 820 471 
88 727 492 81 808 833 321 836 662 24 78 587 895 233 409 388 264 450 49 639 706 741 695 425 12 711 421 144 861 870 893 212 855 85 349 818 412 401 558 859 538 334 255 678 382 263 794 460 44 431 196 261 284 497 236 325 380 867 764 784 114 29 137 213 38 815 872 472 599 653 289 829 286 754 302 858 779 403 817 485 840 5 313 254 493 752 659 531 151 1 
89 552 290 744 685 699 264 635 406 4 528 623 541 30 506 800 648 467 257 412 827 383 191 572 497 517 240 611 138 811 696 3 112 638 31 654 27 612 894 203 308 768 755 764 444 358 862 26 863 643 560 621 838 244 65 228 93 120 733 587 102 428 235 682 139 356 896 127 436 304 829 337 374 634 480 787 108 874 22 599 844 115 226 906 134 424 592 36 314 80 494 87 146 407 227 803 660 
90 795 542 194 826 750 79 678 655 416 847 583 15 116 94 774 570 764 133 167 611 35 124 159 213 7 612 261 672 550 766 37 656 108 342 365 32 158 778 881 430 256 98 228 379 69 117 840 34 727 200 676 905 142 6 444 226 605 343 835 549 536 320 70 434 698 58 771 267 572 598 489 603 747 469 308 225 632 122 620 498 870 97 501 183 733 195 754 36 403 448 216 103 869 106 473 
91 539 256 573 786 675 432 6 19 290 214 386 864 597 84 890 638 806 268 776 679 739 259 717 490 814 448 222 578 507 133 379 147 617 783 676 897 671 367 537 714 699 178 102 205 848 750 69 747 633 531 602 156 533 741 810 784 457 532 220 721 425 389 513 149 485 129 169 558 798 388 572 375 816 607 709 55 331 3 690 877 148 661 525 788 393 326 344 301 83 217 284 46 354 635 97 
92 742 857 278 575 680 512 339 424 376 52 174 12 110 515 885 491 441 326 674 709 367 20 887 379 320 667 503 67 46 791 13 213 361 663 72 146 725 821 626 63 873 896 476 200 333 298 813 329 285 277 782 195 239 442 259 812 860 899 784 71 472 707 95 328 348 870 499 182 710 162 677 355 785 205 757 625 838 527 633 373 665 139 532 522 229 398 270 463 676 370 80 389 
93 494 173 379 40 842 479 727 358 692 821 765 906 773 131 1 885 701 405 64 45 284 846 257 603 588 144 781 263 510 504 889 776 118 467 803 141 875 855 122 408 255 643 628 272 755 529 220 15 339 188 330 490 820 151 750 275 872 850 524 726 403 89 666 159 758 854 699 862 551 39 464 129 392 171 361 199 366 691 47 456 554 196 708 222 539 13 584 861 514 616 732 686 801 612 806 786 124 570 723 857 587 103 388 528 
94 327 537 664 381 17 359 3 908 449 673 107 375 90 770 896 736 570 780 313 254 318 271 74 33 542 300 564 262 539 210 629 558 813 266 343 556 191 365 654 296 724 510 63 175 481 703 902 458 72 688 82 292 653 335 478 795 356 302 42 437 229 566 244 482 412 642 103 667 54 357 62 358 276 404 831 622 346 814 422 821 218 897 825 870 407 802 851 907 557 488 293 618 816 671 53 585 506 609 812 661 212 
95 883 568 774 507 147 196 351 468 274 818 416 506 572 262 72 796 365 362 740 515 884 203 249 581 703 595 516 52 168 591 647 414 518 556 109 386 240 150 382 779 327 153 724 623 43 405 409 317 394 782 155 477 78 83 640 314 704 652 437 578 277 276 813 661 53 92 877 544 177 5 429 711 148 823 807 560 777 546 296 85 381 326 741 191 45 433 824 563 213 282 
96 818 177 705 494 11 303 678 624 633 657 175 415 799 516 902 842 749 471 694 217 185 201 847 859 618 797 26 328 172 868 823 548 816 620 174 768 42 895 87 425 483 330 306 266 111 525 85 334 75 863 628 640 862 148 893 757 169 407 901 510 755 62 136 719 232 316 195 858 502 100 744 4 575 725 1 812 555 280 317 333 417 9 724 
97 14 669 794 359 800 56 544 506 319 511 370 255 80 637 545 495 446 464 36 763 608 684 76 258 769 399 395 619 240 417 337 807 550 402 808 387 566 791 398 447 869 726 284 524 857 25 499 901 624 305 471 84 397 558 296 418 103 64 631 54 873 571 854 70 360 832 527 582 683 549 872 665 374 756 5 23 279 372 755 899 90 250 485 165 577 690 626 91 
98 105 534 66 36 316 549 257 800 147 163 225 273 350 197 418 697 166 370 752 59 900 362 832 406 174 692 699 219 597 847 481 230 90 526 34 162 324 525 696 83 281 842 137 694 388 254 774 799 607 240 302 284 133 611 720 564 671 665 392 883 578 210 78 709 795 678 733 492 158 485 615 530 239 888 37 739 812 490 467 836 326 567 886 804 507 675 419 113 483 786 
99 284 527 621 150 556 861 320 281 62 51 467 1 273 786 659 610 697 660 252 778 886 632 299 427 513 190 338 66 754 816 350 207 475 792 227 0 618 874 226 597 516 211 739 366 291 878 686 218 349 626 293 19 444 160 372 682 54 124 652 649 552 521 428 347 142 599 40 539 491 843 561 169 819 297 647 674 473 777 11 308 898 58 484 
100 655 510 391 607 782 394 422 246 270 507 705 748 150 464 314 757 414 344 548 696 305 185 665 231 133 703 903 196 108 898 439 506 405 807 380 870 473 479 726 669 564 392 217 881 891 102 781 729 482 738 659 858 676 651 279 13 652 64 390 377 119 8 70 325 511 639 561 223 840 589 34 460 808 19 518 660 475 96 182 214 470 68 575 618 707 829 
101 295 84 894 476 788 152 493 39 194 733 263 126 244 634 480 795 147 871 615 541 377 580 726 885 282 454 368 259 398 423 277 335 532 810 655 559 764 723 26 631 302 517 791 6 584 893 383 353 620 514 502 855 865 355 572 531 600 144 610 125 293 724 583 488 567 613 674 736 779 389 884 877 587 844 760 182 425 545 592 467 846 340 857 60 818 765 643 832 845 862 254 638 69 172 
102 812 730 115 170 766 813 303 50 184 623 761 599 773 131 887 162 803 233 158 305 2 853 842 489 323 165 846 390 47 530 755 628 504 880 91 686 155 737 89 58 801 55 100 729 213 666 334 624 564 242 790 462 151 518 852 292 798 611 241 290 871 280 689 259 275 724 491 338 1 861 481 875 379 223 416 678 550 16 377 522 35 843 
103 396 474 286 180 597 867 276 179 779 572 471 126 84 104 839 251 726 208 198 641 66 206 816 128 231 584 14 107 530 393 800 619 543 365 264 626 479 762 805 778 829 116 7 763 846 599 830 743 145 444 230 550 595 480 568 776 159 94 97 498 528 799 261 587 354 876 271 574 80 267 823 541 845 526 287 57 766 5 812 313 618 635 21 490 333 509 741 432 705 493 399 90 15 144 622 243 93 647 23 
104 451 146 573 170 837 10 750 438 672 434 370 543 376 279 646 371 363 103 222 869 355 861 429 534 40 418 383 788 369 479 596 8 159 835 464 42 269 108 629 120 24 149 373 131 44 136 31 644 232 742 558 655 797 22 587 272 733 301 391 850 216 812 800 695 155 447 450 37 538 252 890 270 521 795 427 480 213 271 344 83 656 316 335 174 575 868 579 239 
105 682 98 223 769 329 76 366 199 340 404 377 210 647 288 660 581 507 13 686 305 285 609 399 757 227 654 249 14 139 408 719 403 891 837 637 904 466 32 878 604 350 631 238 325 33 71 903 569 551 198 894 351 762 668 356 433 480 567 19 218 132 589 371 714 900 422 387 145 673 814 50 120 460 790 345 494 835 184 651 161 373 824 811 616 
106 501 882 315 511 114 637 257 678 539 375 846 209 579 564 237 33 58 196 305 269 835 403 626 483 766 673 31 546 513 844 192 525 419 566 610 392 189 779 443 360 128 740 286 807 828 532 336 523 852 537 496 190 794 339 627 710 589 562 281 494 698 469 497 770 645 885 460 377 526 571 27 285 426 894 85 90 78 110 155 22 201 563 737 
107 380 178 268 377 257 140 94 381 582 566 410 736 489 656 337 730 290 757 579 480 273 325 733 817 297 376 467 759 906 121 366 46 103 800 403 850 634 802 382 391 498 519 421 789 632 462 253 780 277 33 72 841 338 658 819 248 228 200 708 576 50 581 669 49 126 150 806 749 260 506 240 621 364 270 598 397 385 252 646 191 68 8 411 712 807 852 781 876 586 601 280 
108 155 686 902 763 754 482 631 532 77 109 61 6 689 17 753 607 371 593 700 127 472 256 315 434 735 398 407 318 486 270 774 90 100 771 468 563 894 883 708 869 444 104 662 413 263 40 359 186 230 382 874 28 271 388 789 738 656 601 153 71 343 89 772 424 403 471 311 597 608 466 651 814 298 306 35 374 56 180 450 400 751 888 600 246 128 887 134 231 303 380 
109 307 617 133 44 509 574 375 28 108 721 52 465 661 209 896 424 366 438 837 699 698 262 754 700 496 269 86 37 651 227 249 563 527 51 95 730 81 680 27 427 620 729 377 311 122 596 121 31 908 883 437 425 458 429 353 839 303 401 780 819 80 398 470 61 156 182 409 387 861 143 761 20 267 54 394 53 800 416 226 46 246 670 513 414 886 230 238 723 552 228 741 41 158 251 293 804 
110 432 86 520 2 907 116 526 292 48 43 139 633 224 643 892 635 403 442 92 394 387 179 594 137 650 266 415 20 747 244 710 235 441 681 763 503 348 560 652 421 261 180 319 670 586 363 876 667 440 161 333 630 450 436 655 532 189 223 241 722 806 41 151 175 462 362 881 356 191 453 299 439 729 840 243 324 713 276 683 186 473 417 680 219 885 828 155 274 70 539 673 23 325 368 576 534 771 352 895 283 651 596 530 762 332 106 719 424 
111 651 140 600 793 686 858 764 808 562 457 470 646 406 683 604 355 540 298 387 516 14 329 525 625 627 777 584 563 575 884 154 363 511 763 227 509 328 687 211 888 311 265 192 96 446 544 449 716 697 279 528 820 52 426 430 132 427 341 778 473 545 297 765 779 783 847 30 896 908 375 491 740 819 361 343 705 485 813 77 821 179 870 717 409 277 334 498 
112 142 866 614 605 717 746 226 117 498 882 904 365 383 458 787 729 293 78 680 537 648 770 68 696 552 758 825 468 83 185 743 603 479 250 903 27 89 38 791 9 756 871 571 805 141 12 774 505 120 41 771 831 184 375 532 827 43 69 702 858 292 859 767 676 674 410 471 156 276 433 847 134 852 47 160 280 543 670 569 278 686 741 747 619 56 637 214 166 304 343 
113 711 302 667 472 152 465 567 173 545 555 863 582 281 569 46 584 75 31 443 389 130 673 463 731 605 290 772 828 724 470 118 363 155 453 199 663 652 714 846 319 471 791 408 681 244 889 591 128 707 200 438 232 307 350 573 571 628 314 838 321 246 857 487 700 222 671 553 832 231 67 301 773 262 759 464 638 507 835 87 534 600 531 762 53 546 512 665 98 332 226 34 798 
114 287 106 224 498 763 670 538 574 217 841 839 294 784 824 623 210 885 883 124 802 664 310 22 471 126 439 66 761 144 808 823 394 250 465 74 682 661 296 32 17 400 686 222 263 387 846 760 897 849 39 127 43 552 261 534 519 456 88 330 806 669 893 183 415 867 615 585 630 225 117 827 830 689 541 341 616 596 417 200 27 621 214 737 523 475 5 50 354 23 879 426 
115 371 673 634 52 102 491 587 851 504 163 255 17 21 291 296 691 548 765 543 74 282 701 734 486 136 603 795 771 120 405 787 502 636 575 509 550 632 150 246 761 424 159 311 484 155 455 646 14 137 732 519 605 270 792 652 712 119 842 498 245 393 407 43 388 629 555 658 810 37 660 572 89 532 606 614 686 156 533 335 324 121 124 738 741 481 75 882 194 154 258 182 656 195 325 162 461 294 322 352 
116 642 844 815 261 622 684 902 110 90 714 736 605 872 678 289 247 682 735 765 564 674 864 552 671 43 645 258 625 830 320 491 456 469 739 571 594 313 897 211 772 10 287 268 813 356 548 103 561 336 517 433 574 640 698 724 542 250 586 867 45 123 312 121 738 176 408 771 895 595 277 72 171 220 29 496 566 608 905 742 393 810 
117 242 428 415 862 587 112 485 660 723 414 613 231 269 647 326 413 643 539 381 683 372 464 275 145 390 578 710 835 362 261 484 379 336 90 824 565 592 544 678 254 157 602 839 433 353 37 142 572 83 540 759 405 54 593 370 612 524 1 873 384 639 400 767 858 605 782 16 867 214 725 114 805 615 36 334 177 644 252 817 24 220 724 217 500 504 176 
118 842 708 608 692 336 570 418 86 161 531 800 546 35 545 688 6 571 885 54 423 578 203 67 122 302 533 290 780 558 903 166 756 328 15 528 93 724 463 333 675 113 271 745 149 633 535 27 156 610 218 380 710 293 443 607 851 188 11 824 680 71 24 798 636 52 410 384 446 693 480 247 519 568 337 803 131 151 609 810 541 867 665 510 448 898 799 802 735 243 44 187 691 894 4 499 220 722 626 
119 178 605 299 696 351 863 24 505 754 121 508 570 4 533 875 746 603 80 81 845 68 588 292 328 228 528 791 720 855 123 827 244 132 499 371 202 41 743 894 223 706 761 857 148 478 653 568 137 531 560 545 307 115 297 492 376 437 100 320 226 507 607 254 63 355 294 444 861 530 785 237 789 277 87 364 506 608 848 455 382 221 682 
120 319 831 758 267 774 636 528 227 867 333 462 167 625 175 468 434 262 253 483 507 840 476 193 57 277 868 317 677 832 450 36 400 29 608 756 803 874 115 597 678 75 503 391 198 237 112 580 76 527 730 49 544 393 320 671 302 812 104 719 288 579 89 150 696 808 329 725 166 477 852 882 326 248 830 709 698 782 609 881 35 598 902 837 471 856 289 172 486 447 427 649 497 740 85 224 157 384 105 629 640 693 159 781 184 18 199 144 74 51 
121 558 17 128 354 6 793 119 440 140 713 143 817 789 798 635 629 334 330 41 64 63 277 228 548 738 366 606 12 432 591 107 418 624 812 512 896 173 323 383 267 694 359 702 687 679 219 806 577 214 152 667 581 109 497 873 235 85 704 355 829 620 409 144 651 116 192 187 845 156 851 163 469 538 115 473 197 643 753 634 563 131 
122 856 87 277 667 673 266 891 410 340 487 900 795 61 42 753 695 807 585 889 701 292 594 679 242 686 540 167 118 399 38 394 238 502 461 863 373 478 93 279 562 474 255 34 783 175 566 794 818 319 131 741 109 801 542 568 600 262 400 805 226 564 126 905 898 489 182 352 37 317 906 155 560 133 90 582 17 295 185 605 24 622 441 9 634 51 220 558 289 65 903 760 253 288 747 
123 416 565 587 76 355 168 586 555 318 710 602 570 10 190 205 498 387 588 528 760 313 543 708 865 304 434 27 580 781 75 266 301 729 841 794 591 614 608 119 819 235 185 480 703 831 211 154 874 61 87 443 65 132 572 50 896 550 720 189 311 535 345 349 73 312 748 116 250 526 126 883 456 6 81 510 232 869 893 542 70 505 60 576 80 663 217 366 736 
124 887 140 879 487 552 599 854 377 206 627 166 36 325 154 657 823 827 738 255 157 841 891 114 90 764 281 553 658 35 579 905 816 623 277 878 300 395 360 358 340 760 555 901 251 224 896 40 228 626 506 856 302 441 849 81 670 268 420 28 185 6 245 589 720 629 758 810 99 895 266 22 523 745 885 263 133 721 463 158 306 425 834 476 498 115 505 460 93 222 754 142 58 550 707 727 835 4 181 
125 764 474 469 232 590 317 527 228 226 684 319 641 820 362 486 140 845 393 544 593 460 690 1 578 76 388 60 900 66 905 727 238 756 675 904 351 705 357 587 829 492 12 14 509 798 769 366 595 270 639 658 851 628 147 599 199 908 101 176 906 559 448 880 871 763 894 670 783 748 420 493 34 434 211 59 330 874 455 537 816 67 609 
126 604 501 522 101 867 188 293 291 490 332 8 103 600 728 554 813 647 167 562 546 560 170 631 114 229 412 532 582 34 760 216 801 53 265 853 681 212 61 189 906 711 41 213 316 365 876 2 361 452 527 122 759 374 617 755 704 633 580 391 620 40 123 107 340 192 440 373 147 818 670 811 134 730 863 232 352 855 814 849 59 146 39 346 815 467 246 143 769 226 514 732 234 142 437 691 381 552 899 735 33 223 
127 149 311 654 128 908 467 582 900 316 68 406 542 82 108 33 853 314 348 511 501 312 613 610 716 874 17 822 820 637 255 574 878 763 745 677 383 450 770 572 461 735 843 285 693 139 263 678 114 661 89 136 456 323 475 550 847 373 876 489 28 633 557 430 295 35 621 151 868 52 157 826 412 210 280 892 370 310 371 648 165 535 63 73 668 849 559 470 42 710 455 889 
128 169 38 575 435 127 121 609 226 754 663 655 460 177 895 382 56 760 184 166 76 879 458 468 791 373 158 531 14 353 220 868 863 568 73 789 329 589 53 424 332 823 745 103 793 899 670 755 547 213 502 428 551 894 209 401 648 86 106 400 807 743 515 605 862 16 387 640 495 574 129 410 246 113 340 61 215 903 207 780 301 403 849 409 624 8 752 525 405 24 6 833 240 719 267 775 573 526 656 467 399 865 608 237 108 322 835 
129 201 883 620 324 459 297 779 623 870 747 727 479 289 621 483 152 74 540 7 208 728 390 848 178 352 198 562 200 586 760 14 436 355 321 704 873 209 180 128 15 168 80 864 632 554 68 93 261 622 548 644 817 683 91 762 400 143 654 763 775 902 182 343 896 477 384 798 595 222 16 350 424 67 49 148 63 601 652 834 668 751 720 
130 528 531 429 858 822 388 773 788 224 813 342 690 406 236 644 739 372 785 277 87 412 789 501 113 589 811 463 500 749 900 472 664 328 421 182 289 263 907 148 258 256 645 541 288 339 827 845 318 725 230 592 629 57 13 330 243 818 730 295 747 829 803 621 679 382 825 60 824 753 459 816 564 765 6 726 762 320 136 802 612 337 454 559 360 179 338 782 343 850 653 594 189 597 445 387 567 861 595 76 
131 479 706 661 1 277 852 810 53 533 789 908 93 102 783 841 746 614 203 319 47 572 887 534 20 786 77 158 245 480 487 628 826 638 845 414 545 599 172 563 759 576 151 51 386 865 225 691 238 389 439 862 198 122 502 183 685 795 583 104 850 204 299 769 724 65 430 292 42 303 732 378 554 803 720 118 14 396 167 906 785 637 87 379 587 570 488 250 190 385 387 560 148 543 287 609 770 415 782 145 818 827 121 40 
132 786 480 331 872 312 149 150 633 844 20 604 1 61 385 304 738 180 210 139 84 627 526 717 899 908 478 253 119 299 36 463 347 295 712 165 123 450 655 877 282 611 528 258 850 650 56 479 229 398 637 105 111 198 352 364 11 159 46 201 837 581 320 497 476 401 670 578 539 202 566 780 752 5 328 671 498 416 788 840 447 384 
133 403 846 141 306 547 808 39 109 766 467 143 862 612 561 532 544 651 90 319 398 15 548 679 307 388 240 314 710 406 504 389 579 489 428 100 557 28 91 471 604 748 365 542 221 571 71 83 737 345 624 38 666 54 491 366 369 656 250 224 98 404 763 804 601 495 883 374 745 855 362 626 184 901 440 122 712 363 6 522 124 458 785 303 565 735 176 327 407 150 432 248 68 485 138 884 687 743 
134 787 463 44 86 291 557 220 216 531 383 904 236 178 231 307 19 515 776 878 377 490 196 253 791 794 439 251 822 152 593 3 497 206 475 6 42 477 368 325 548 445 230 728 819 247 401 760 725 569 172 481 891 881 286 112 489 15 164 552 145 694 225 611 126 371 89 859 893 565 754 360 605 693 782 856 184 254 549 182 108 322 
135 197 169 560 838 155 159 457 497 617 854 568 719 390 546 903 466 645 788 616 227 550 356 319 477 739 808 19 214 68 631 878 732 713 529 154 187 383 687 74 557 58 36 735 218 296 71 285 653 832 250 866 533 167 758 684 744 868 419 491 444 402 5 688 500 884 672 895 585 386 264 778 59 252 350 652 879 811 179 61 698 508 488 64 368 63 657 813 162 226 253 418 558 221 201 406 676 908 
136 308 506 329 595 34 414 148 602 617 174 77 165 31 419 459 532 906 35 536 539 531 402 689 802 791 115 751 204 862 603 784 742 508 668 407 644 313 900 887 688 445 808 326 169 428 104 207 712 451 10 24 804 612 753 831 38 127 197 658 827 395 766 541 51 667 386 892 468 47 193 635 53 507 488 276 669 514 96 799 786 130 853 316 233 797 305 265 73 345 235 3 63 433 
137 606 322 312 158 683 668 696 587 787 398 313 416 376 835 796 56 205 423 509 245 42 751 617 580 816 903 110 271 11 744 650 204 676 429 633 260 434 775 702 619 642 730 520 574 374 148 323 809 834 299 757 686 425 280 530 119 421 664 691 685 791 823 682 98 115 849 494 347 536 582 879 734 741 363 663 1 256 819 405 88 793 827 47 372 888 440 48 593 215 546 383 178 758 345 647 548 442 223 760 675 798 645 473 392 594 545 700 182 575 672 797 607 350 
138 578 621 470 883 422 464 177 42 192 682 48 455 318 79 13 823 864 395 338 89 222 827 644 903 221 407 878 220 148 493 467 683 57 619 826 331 77 408 687 508 641 312 139 24 722 697 325 850 150 254 84 45 248 741 872 253 573 54 705 491 463 795 900 454 52 870 613 585 317 582 532 386 537 828 157 71 327 149 328 446 165 836 405 133 483 896 
139 670 382 588 238 110 898 219 659 20 699 603 717 768 242 431 571 590 852 700 741 105 132 622 305 860 642 594 541 728 273 164 498 669 379 552 236 145 873 531 180 272 193 261 487 364 127 480 235 140 383 866 11 567 89 561 1 270 623 488 862 788 375 653 138 546 888 586 315 745 263 516 311 338 247 439 196 483 426 755 650 520 159 721 618 734 92 200 720 598 492 896 73 346 339 
140 124 637 111 641 537 658 346 107 121 655 787 125 822 251 424 548 67 831 253 342 264 397 377 848 555 609 166 846 657 775 423 383 280 589 818 696 741 144 624 896 714 52 644 785 751 26 382 630 272 550 478 491 310 904 139 715 76 20 372 536 357 503 628 234 50 47 297 809 448 709 454 45 472 42 675 36 773 905 560 570 245 712 693 69 479 13 
141 133 777 500 302 173 329 607 426 277 760 651 483 506 544 893 534 595 750 334 875 813 497 498 468 284 416 333 22 752 462 265 707 466 461 65 56 93 823 663 112 905 539 429 843 808 530 248 796 442 779 297 441 458 685 593 568 403 294 350 728 591 245 216 163 902 432 597 680 667 687 424 11 650 444 450 599 488 485 614 348 870 366 738 675 4 585 237 478 
142 112 801 494 413 906 600 707 822 682 274 68 59 309 251 555 43 388 260 298 305 156 257 551 241 340 677 205 624 465 347 662 784 370 774 81 462 782 402 550 175 148 34 434 525 265 710 824 591 117 90 788 515 741 893 565 636 675 542 315 146 653 649 172 626 559 833 603 381 221 330 712 615 49 268 765 99 821 647 334 509 445 447 723 820 724 816 399 579 837 314 802 37 495 238 126 124 9 480 65 440 695 535 
143 293 676 811 296 317 75 133 160 503 644 451 121 82 366 201 86 407 4 509 384 907 244 62 629 11 43 344 728 606 375 750 274 444 147 895 690 215 523 178 413 458 642 538 498 235 78 789 213 435 323 319 737 53 516 590 239 220 474 535 519 739 779 357 129 640 533 419 37 109 862 486 849 507 765 449 455 126 17 423 571 276 587 258 10 762 177 
144 613 12 400 244 874 329 403 873 27 53 154 385 325 170 446 803 392 394 88 893 93 165 287 355 72 672 429 745 140 114 399 704 156 903 816 604 213 830 391 316 618 326 77 239 522 600 147 269 793 881 295 420 545 190 68 693 548 663 101 682 398 449 208 121 22 450 807 32 834 718 189 472 42 79 590 617 619 373 587 694 775 211 777 902 334 306 187 463 421 470 678 241 120 766 103 298 233 
145 421 270 788 827 792 332 616 453 336 574 175 86 292 861 839 588 521 287 882 479 750 589 117 431 880 539 397 811 682 652 139 195 543 67 151 626 365 713 902 170 81 276 103 899 688 526 747 342 260 762 757 134 404 326 60 651 337 600 83 105 886 478 778 641 866 749 879 804 347 814 568 573 712 383 532 677 745 131 172 851 
146 688 104 358 898 873 749 196 336 411 606 444 808 510 213 894 312 806 197 4 731 298 828 722 736 714 192 154 599 656 280 327 176 65 489 92 519 682 242 767 427 889 86 534 37 484 50 520 585 893 207 643 664 594 812 452 469 142 169 706 85 437 875 737 58 278 211 850 822 861 442 833 715 126 458 405 352 591 797 244 579 89 167 289 863 689 733 694 233 
147 95 1 404 598 74 98 845 695 20 589 534 403 190 889 861 512 510 101 469 465 28 618 665 839 43 212 651 753 541 518 643 819 91 647 573 174 143 366 250 38 47 744 285 42 776 837 698 144 305 230 521 390 370 718 202 524 314 125 714 434 858 150 365 263 438 247 333 693 211 245 767 207 322 161 347 625 218 126 168 790 704 466 471 173 878 822 182 891 86 343 440 801 402 396 707 453 292 727 
148 295 638 136 323 856 436 591 337 685 162 161 643 517 886 84 427 177 269 413 845 528 863 300 184 346 213 720 823 426 21 640 470 578 138 816 420 709 137 191 733 629 130 735 479 305 48 119 142 774 567 404 722 773 632 53 271 166 27 222 559 766 310 96 64 263 902 195 7 785 411 287 276 356 777 44 95 759 91 280 779 734 131 129 45 367 167 527 724 241 14 509 577 602 552 
149 197 652 867 127 45 153 132 498 460 479 685 36 395 853 32 223 672 442 453 735 87 653 478 391 77 446 562 224 737 838 884 8 474 118 718 779 164 855 104 247 301 187 679 227 432 713 396 91 12 369 769 568 527 341 872 450 422 534 331 399 1 62 69 757 158 63 528 681 458 605 801 794 466 138 300 180 358 207 847 733 284 
150 59 760 184 852 99 581 830 76 132 20 568 707 319 30 182 100 404 845 61 901 244 487 682 326 775 618 343 801 309 216 866 648 183 33 1 242 439 115 332 95 280 312 86 236 8 120 885 155 749 40 16 60 570 817 449 597 857 580 147 474 391 684 329 628 318 138 840 729 107 508 316 498 671 464 206 336 239 806 485 750 407 636 747 217 266 584 133 878 503 726 337 668 
151 891 390 307 453 721 813 74 254 313 434 865 512 649 745 608 588 823 78 653 626 611 554 556 640 458 175 50 730 433 131 93 621 513 373 867 729 145 456 460 63 7 47 492 452 868 855 188 102 110 787 476 247 692 560 701 777 728 833 594 331 528 342 118 250 127 620 218 877 610 886 302 731 821 734 616 581 659 230 567 782 498 382 88 630 849 176 413 226 848 
152 113 101 777 494 509 163 336 338 375 898 488 401 870 10 250 48 373 693 755 856 563 549 658 703 501 129 347 850 819 57 430 72 709 621 134 7 184 842 306 586 715 772 719 505 882 311 495 180 742 121 15 52 170 801 459 528 541 389 736 47 221 810 526 319 251 43 183 287 9 551 652 767 463 49 283 825 530 484 696 887 751 386 197 831 818 305 217 366 349 403 335 415 620 
153 437 424 40 793 540 149 670 590 700 422 226 18 845 168 159 209 778 568 835 456 406 199 739 742 183 203 405 638 713 709 894 305 202 235 225 0 58 686 295 396 543 95 589 243 70 891 883 744 628 546 108 372 868 775 160 515 639 499 581 672 449 569 315 574 726 465 322 890 364 711 330 537 788 773 419 14 343 821 790 716 875 622 370 486 338 723 683 819 607 583 692 410 
154 541 566 572 636 849 434 831 161 520 29 525 124 144 511 699 768 210 278 654 795 686 211 843 405 354 146 329 707 506 790 135 60 829 111 644 383 735 164 7 423 498 33 721 353 55 123 169 590 782 815 455 406 256 199 705 648 811 640 653 477 32 620 850 504 393 401 18 230 805 398 364 629 277 819 746 763 683 410 836 597 254 847 800 368 365 241 115 708 813 606 179 880 300 351 375 242 84 
155 28 108 711 135 461 527 64 186 859 521 463 350 536 788 694 273 539 159 449 157 83 676 812 727 206 216 528 867 170 896 569 243 242 499 325 41 490 752 113 682 421 702 305 102 540 115 607 239 95 29 150 308 405 435 483 850 31 427 164 710 84 122 564 691 562 525 284 314 104 319 571 651 110 847 426 717 645 277 512 543 780 55 272 6 15 78 179 106 635 
156 511 427 280 524 680 589 720 408 852 718 873 876 689 187 76 279 415 902 174 142 737 6 541 23 869 376 281 670 837 575 144 736 44 775 38 353 16 118 373 899 203 33 432 357 191 582 29 91 855 508 896 592 468 553 889 648 671 112 197 162 316 236 615 196 471 56 109 62 166 58 231 121 724 777 707 536 659 786 115 242 163 301 265 695 762 731 409 72 178 284 654 215 396 693 865 384 
157 758 329 550 74 524 609 294 900 445 405 769 882 459 124 23 199 208 828 813 12 722 174 688 353 155 66 861 563 627 683 546 406 71 246 195 663 776 421 770 665 561 880 441 117 798 434 715 653 525 364 746 731 238 260 322 755 684 415 244 59 461 559 448 127 702 54 790 633 629 772 426 558 259 120 36 407 853 386 685 404 138 578 844 76 588 577 
158 848 214 137 819 670 596 174 449 454 515 614 445 33 783 688 876 736 700 190 128 868 894 102 722 500 860 508 131 301 331 779 675 519 328 895 421 80 490 871 473 90 546 547 659 57 559 890 399 277 261 65 274 807 409 589 729 828 252 765 419 6 279 349 631 662 517 502 462 859 58 98 637 746 495 149 168 124 254 823 213 737 790 777 437 109 282 587 
159 429 135 284 257 417 646 204 545 718 897 663 458 155 612 7 546 153 829 90 879 580 503 269 724 680 288 36 730 456 479 697 280 3 702 560 857 831 104 749 541 115 714 644 366 377 43 635 93 847 13 566 700 469 407 348 161 822 430 770 440 499 357 103 533 614 707 581 132 783 656 392 16 139 60 451 703 244 229 226 423 120 810 593 899 626 763 170 492 523 508 1 222 800 519 
160 694 437 212 766 842 143 590 625 849 362 864 224 799 296 781 689 81 751 620 389 430 857 704 341 291 596 553 470 645 258 558 194 50 14 280 230 518 23 531 609 807 522 783 753 13 690 449 832 79 723 648 511 816 153 172 575 321 99 811 462 359 726 112 394 674 379 748 365 11 325 174 77 636 48 261 571 262 35 681 895 253 563 608 371 196 559 703 786 641 666 251 
161 66 232 78 331 224 154 669 836 118 196 673 623 70 735 51 267 391 22 148 648 770 554 847 614 368 820 473 23 249 342 864 505 776 303 755 725 622 444 908 110 513 548 220 335 536 794 763 679 400 159 894 219 519 756 209 786 853 147 333 683 518 273 841 877 86 201 43 506 263 80 304 667 546 704 882 315 761 203 849 324 290 410 28 300 542 105 164 247 
162 580 831 252 793 432 200 898 616 324 310 274 224 725 466 102 148 287 680 386 375 578 237 603 202 276 69 48 371 750 203 451 648 98 219 889 579 547 771 186 693 32 81 764 804 571 370 523 633 703 31 339 783 316 301 72 54 768 156 781 507 511 582 737 476 439 469 639 445 92 374 709 390 64 809 691 223 856 570 686 409 0 719 290 399 431 888 634 135 490 363 115 305 332 899 256 683 277 868 
163 723 730 763 675 810 152 115 331 201 503 199 98 798 362 893 6 552 894 587 352 380 219 248 421 340 647 424 490 853 765 390 856 395 799 827 266 63 386 687 289 253 631 608 462 744 633 466 263 784 439 68 326 527 18 271 291 437 474 468 637 203 617 355 401 443 141 164 753 549 816 222 502 52 522 670 73 825 165 121 704 394 156 713 56 662 562 284 896 652 381 
164 292 600 819 282 384 816 764 829 906 667 434 47 714 679 507 358 478 690 341 726 488 402 862 504 824 831 403 139 769 154 258 697 582 149 25 287 356 902 84 207 792 262 50 601 325 775 4 163 624 422 155 439 577 743 63 668 525 134 482 271 256 751 41 435 654 796 462 857 815 362 264 339 363 567 395 366 327 691 233 852 480 161 687 
165 837 267 450 616 647 615 136 356 553 276 821 308 491 409 270 336 46 561 887 102 901 885 472 144 340 770 904 728 25 740 200 280 598 619 554 132 806 13 768 678 263 419 256 734 794 891 302 328 666 329 297 601 216 259 756 552 517 397 565 34 54 394 258 473 163 470 441 57 435 127 210 61 675 456 428 605 63 569 859 451 330 641 571 737 562 138 811 97 250 531 676 345 
166 188 511 870 758 718 692 385 71 202 528 881 124 743 128 580 7 193 533 98 0 501 237 797 190 118 869 223 261 460 140 733 311 818 575 54 783 220 368 591 212 9 641 516 905 825 384 476 39 306 391 626 232 309 329 668 892 492 523 546 877 26 747 748 11 334 452 120 572 148 263 774 883 31 888 876 632 85 497 639 297 649 352 342 458 867 265 484 156 40 278 462 375 230 759 284 221 181 439 672 112 673 577 683 453 
167 542 462 684 826 55 517 508 420 120 703 387 305 787 356 555 90 122 796 521 406 126 238 396 540 493 861 4 450 734 334 37 478 694 432 551 628 239 680 608 713 500 547 359 695 523 32 43 637 669 135 577 580 415 869 391 54 218 330 794 6 10 385 650 209 846 1 584 905 382 719 235 131 790 539 71 174 347 316 689 822 65 265 360 614 148 524 384 460 847 146 497 881 
168 792 680 439 123 589 599 674 325 234 307 469 403 214 451 461 869 153 450 718 882 563 274 543 220 660 402 95 442 862 516 51 480 476 72 66 813 463 334 534 760 726 583 258 483 129 723 700 832 309 246 736 360 528 809 295 558 808 474 708 438 874 685 147 286 235 896 893 889 158 287 802 615 638 0 566 526 609 803 739 191 47 252 506 67 
169 653 128 135 612 424 731 258 241 268 338 388 702 887 476 637 375 412 869 210 587 55 519 615 595 747 592 581 9 630 856 251 580 488 219 596 479 487 154 866 136 330 507 466 273 821 583 703 31 292 684 439 228 146 345 341 96 91 835 22 425 545 906 471 376 868 394 814 32 763 431 647 18 486 642 578 33 803 862 863 99 428 777 24 446 901 272 
170 657 43 490 177 102 624 104 555 907 396 8 409 278 7 827 834 836 144 769 9 762 593 521 60 533 381 126 155 182 846 606 363 760 704 862 877 566 784 882 752 550 267 32 351 152 39 145 563 242 680 746 213 843 215 277 320 480 759 735 16 518 352 505 37 833 255 481 626 420 159 609 863 21 268 192 86 
171 797 389 515 449 611 441 491 188 442 813 796 585 566 644 364 414 600 60 647 456 629 724 71 668 858 226 291 205 678 79 200 759 73 416 554 63 333 836 295 331 72 70 374 885 192 661 410 371 478 708 81 172 402 419 608 296 390 729 805 93 376 425 839 545 693 772 237 627 670 28 377 355 753 658 852 829 635 468 680 676 542 116 440 844 671 297 823 548 
172 796 541 907 574 420 197 338 622 904 497 703 868 534 719 402 70 485 337 96 749 289 577 640 746 626 829 645 729 515 878 474 654 634 295 131 894 24 263 857 688 395 830 171 205 462 339 564 323 850 818 549 431 134 160 379 656 736 576 142 120 906 555 466 747 856 86 722 888 463 893 694 483 422 659 890 884 498 60 204 759 788 145 908 101 
173 899 200 49 93 536 43 603 113 74 141 71 635 374 20 887 677 487 637 838 849 527 750 193 288 795 873 632 449 634 263 14 610 626 721 713 419 617 343 121 826 397 651 782 176 283 46 435 747 244 664 532 595 725 639 448 467 622 791 414 367 801 444 426 633 892 751 776 769 72 281 644 478 29 878 879 735 147 436 351 264 389 70 7 
174 542 325 744 57 762 767 456 136 158 706 428 387 92 857 392 439 248 323 778 708 157 552 299 645 156 264 509 344 28 98 70 334 527 342 872 855 214 147 96 900 429 667 822 719 443 891 548 824 722 899 896 530 324 480 535 256 838 769 618 195 254 490 478 188 630 737 86 318 746 830 37 250 842 315 657 167 160 234 717 500 453 36 468 242 410 876 569 327 496 84 875 759 589 104 225 289 655 832 307 
175 176 764 279 648 400 45 618 501 463 96 722 120 18 304 187 839 842 145 867 788 349 865 461 32 767 846 267 455 430 748 752 549 440 151 840 872 792 210 544 782 873 771 488 122 404 142 251 700 490 253 94 497 250 537 354 373 325 429 499 110 664 759 83 43 446 663 671 270 655 552 78 662 733 762 617 688 308 810 54 585 667 583 737 751 259 16 290 626 636 781 
176 19 546 545 348 175 70 33 383 622 784 678 827 218 595 843 723 319 547 638 652 633 702 283 448 444 687 204 509 629 689 865 61 146 302 531 740 251 581 29 738 475 863 252 767 173 558 326 856 859 554 772 233 722 877 574 43 300 683 125 669 321 596 501 511 518 344 116 908 382 899 183 715 202 542 806 477 133 228 537 664 771 802 243 495 20 151 365 117 295 203 
177 96 77 678 572 813 170 377 898 849 754 595 593 138 565 535 128 36 562 546 412 695 368 850 268 903 465 192 299 81 749 468 445 791 523 148 623 494 437 886 314 495 372 870 765 742 525 456 664 83 669 809 245 537 631 291 73 719 509 617 383 224 721 581 613 440 900 778 785 484 811 691 596 618 252 197 861 42 95 894 428 229 641 353 482 6 779 701 420 306 540 727 117 258 824 650 859 896 705 699 78 345 667 476 364 143 
178 517 107 119 232 592 452 903 845 410 27 357 893 685 471 240 682 134 539 423 204 195 43 837 476 787 697 751 129 309 373 422 197 507 866 354 143 413 91 773 550 645 709 368 292 774 533 543 637 35 434 417 273 713 534 878 284 699 583 460 811 695 307 459 528 748 137 785 802 746 39 26 396 218 644 712 749 331 403 662 208 868 874 156 305 769 732 457 2 875 663 905 286 412 502 606 655 762 
179 364 377 229 715 515 711 690 472 353 602 689 773 103 734 651 861 871 833 857 637 778 286 846 110 558 271 242 307 801 403 864 730 770 434 186 84 892 701 649 326 618 517 505 228 635 20 536 348 712 548 501 825 273 627 48 615 308 419 789 743 260 264 744 713 520 550 232 80 819 469 280 342 195 183 64 389 537 196 847 497 880 135 590 883 53 884 356 752 774 771 239 130 898 862 756 704 562 155 154 111 617 433 
180 390 882 187 326 394 103 578 207 784 338 195 636 841 298 287 233 818 907 84 556 132 11 361 712 404 334 594 492 382 363 588 750 302 709 60 618 774 304 425 604 55 663 541 110 621 139 36 590 152 630 622 672 531 208 890 593 291 790 129 490 725 512 620 462 747 305 430 380 655 559 520 238 41 7 897 619 800 664 572 575 450 270 400 272 185 108 836 240 753 421 613 535 38 73 149 295 715 859 226 778 610 811 16 347 
181 356 765 880 300 354 908 373 283 76 905 390 567 527 681 598 834 288 193 383 719 551 539 476 293 653 502 435 314 525 893 469 359 860 496 835 315 595 890 889 732 449 900 491 568 215 472 52 367 473 249 67 505 27 575 608 555 703 516 861 746 751 692 441 845 186 166 529 616 499 574 708 665 697 347 750 124 
182 569 842 413 184 41 295 67 56 679 530 738 561 602 592 293 468 399 666 896 150 271 762 633 387 447 212 362 587 796 828 241 575 170 513 9 883 204 460 314 208 620 529 360 830 773 857 130 315 743 368 53 865 508 813 898 654 724 884 906 199 489 740 59 70 835 289 563 122 263 12 260 866 304 435 336 109 760 48 92 101 491 510 129 369 355 147 867 100 767 791 14 300 115 571 711 804 404 137 869 681 134 216 441 844 27 
183 890 539 56 412 859 706 865 484 468 750 153 818 831 577 828 386 150 313 487 786 62 551 460 425 757 50 51 583 586 278 131 6 214 54 410 381 753 387 490 46 408 742 716 628 479 652 303 900 114 152 507 37 528 179 740 602 176 20 264 402 597 615 420 90 332 435 868 188 257 376 833 192 797 287 
184 476 554 150 599 182 197 716 727 479 652 236 102 646 128 505 85 578 834 74 666 41 5 598 827 66 725 148 904 650 698 715 593 320 316 784 732 152 112 220 251 635 357 547 723 378 494 690 529 486 466 34 878 443 575 701 368 59 903 849 422 207 323 899 734 482 133 445 317 373 756 863 655 721 35 674 779 436 814 374 555 823 324 888 120 0 695 624 736 349 105 523 134 189 359 699 810 735 1 68 463 
185 646 62 28 280 421 59 893 858 250 833 854 425 544 849 455 441 744 42 846 675 396 368 96 255 634 315 449 112 277 848 100 564 376 639 301 635 43 81 788 817 493 531 123 530 360 18 424 15 254 765 644 736 679 233 700 406 740 333 721 819 568 803 124 41 305 787 572 342 32 783 728 197 20 522 324 54 320 509 122 245 180 236 692 693 684 78 48 246 444 388 
186 868 202 746 646 770 808 155 776 41 704 364 224 445 77 520 899 40 242 904 179 841 489 561 575 370 485 412 363 544 62 38 701 189 470 737 108 720 162 214 584 508 239 325 614 428 742 22 110 790 848 779 311 592 190 181 697 703 413 490 414 482 715 50 213 613 741 
187 318 579 283 180 635 206 358 379 260 374 610 268 797 667 750 203 496 745 175 156 388 509 669 429 826 522 638 86 204 205 755 208 758 135 264 711 721 723 411 395 793 297 707 615 214 314 215 323 621 884 26 221 13 47 149 850 653 878 830 620 709 648 845 437 313 233 67 715 258 824 649 893 425 357 748 121 312 30 262 200 238 85 702 879 362 63 582 118 144 613 287 
188 166 279 29 795 278 853 1 444 434 171 64 574 341 290 126 807 839 491 771 537 213 38 899 529 404 197 443 47 564 261 436 799 469 868 11 69 209 588 371 493 93 449 511 298 598 467 459 694 593 533 674 331 43 739 750 118 499 900 275 4 151 16 395 805 659 174 556 638 738 46 729 354 668 691 546 699 610 616 323 315 55 362 646 241 481 783 519 653 44 825 268 14 183 465 551 731 
189 344 820 66 506 571 742 908 857 476 299 484 52 434 37 257 386 234 710 759 864 393 195 812 752 732 548 485 467 371 800 346 498 640 358 534 13 2 769 600 106 186 526 126 634 668 525 430 110 695 844 501 653 766 7 648 123 830 70 472 790 438 231 718 869 251 144 720 836 689 58 294 454 767 636 740 573 327 54 310 130 471 184 339 342 445 69 289 576 783 
190 694 389 123 777 158 549 893 147 759 499 302 13 166 853 793 453 871 634 99 508 222 460 662 23 824 639 823 475 201 340 10 611 426 391 448 608 708 144 573 684 583 865 854 713 744 796 106 638 371 880 554 47 641 19 410 816 844 385 33 889 650 735 348 270 705 556 186 30 192 131 627 439 315 680 770 808 645 287 
191 651 495 706 637 872 614 296 756 877 51 493 760 4 751 890 747 352 250 748 841 808 528 412 680 89 508 509 743 209 417 586 274 803 499 543 231 94 673 10 280 232 148 427 517 906 519 405 346 381 194 259 498 438 510 373 418 156 899 393 725 260 226 337 253 836 907 458 281 110 580 875 196 430 466 212 69 413 433 905 575 814 616 828 107 439 41 95 536 168 552 238 447 591 662 56 733 334 560 446 
192 816 23 681 782 756 216 537 34 138 367 594 604 177 866 774 714 824 645 838 640 728 146 658 334 77 664 654 279 240 505 106 429 860 171 554 792 778 489 339 291 896 426 304 277 111 867 451 333 568 722 826 284 324 893 669 234 870 401 596 872 12 126 36 121 305 285 898 356 55 565 589 627 392 39 190 477 372 670 566 440 671 70 386 183 839 837 170 345 232 
193 873 445 483 34 818 401 630 227 319 398 220 803 35 282 749 120 523 166 625 173 181 272 631 657 363 675 639 820 332 608 791 266 908 285 819 487 362 621 339 544 828 729 649 861 201 139 817 472 71 64 564 830 733 273 499 616 528 632 740 461 356 667 452 863 798 376 691 341 855 235 224 136 870 846 862 782 509 9 894 701 726 260 316 421 423 497 439 307 335 793 405 598 56 327 32 455 354 424 503 799 890 
194 619 90 585 101 238 473 429 724 365 472 526 640 688 905 224 349 792 56 237 477 633 785 858 697 847 890 334 512 7 160 566 767 75 478 670 903 656 215 329 277 641 405 191 449 701 564 818 52 730 269 78 738 516 645 606 904 254 199 510 1 68 733 542 728 48 358 630 213 725 631 613 210 828 115 813 751 604 598 260 798 57 361 580 
195 557 213 717 437 872 27 180 635 713 13 475 730 699 801 627 363 578 297 762 589 178 189 245 342 529 61 489 328 487 753 457 157 285 54 145 561 370 734 676 853 594 238 527 473 878 571 735 313 92 797 174 438 179 32 148 216 722 400 651 7 755 883 223 862 96 18 303 792 832 90 115 67 197 727 728 228 40 450 
196 523 728 391 39 95 594 838 307 348 349 146 437 414 818 161 268 462 708 816 485 583 829 18 313 436 329 506 906 425 106 769 134 748 824 483 100 905 514 822 882 77 560 595 369 744 399 222 844 58 88 505 476 334 860 733 433 761 552 34 191 93 239 386 156 75 292 271 446 139 11 179 737 711 508 602 726 49 630 862 558 621 160 376 354 276 628 636 86 772 887 
197 135 795 63 149 246 456 184 673 61 688 266 389 475 319 312 172 575 603 528 57 863 759 876 563 468 343 372 146 98 611 658 874 378 624 188 601 586 283 664 322 238 806 41 630 594 34 198 661 494 178 744 800 356 391 700 714 715 383 249 230 371 818 136 74 8 548 334 583 156 407 509 543 17 369 646 177 185 365 847 393 888 457 229 868 215 439 152 69 808 597 748 405 121 554 240 655 195 386 723 303 851 332 
198 371 651 208 757 865 814 666 69 13 241 14 660 645 199 588 479 103 236 854 755 517 120 628 197 405 391 307 129 738 848 131 744 519 557 840 439 299 883 754 726 268 319 85 455 105 619 384 424 493 549 874 654 508 132 375 776 765 671 42 501 4 315 725 3 595 601 753 749 31 297 658 380 721 251 27 75 558 
199 489 105 500 700 717 521 163 46 229 741 57 428 889 157 495 351 702 252 245 153 198 834 548 251 271 857 766 728 654 281 207 825 54 113 724 215 884 732 874 221 202 43 761 648 154 182 447 502 694 813 562 125 708 525 263 879 835 569 93 14 510 392 337 785 311 340 547 194 29 232 16 411 763 615 305 631 773 283 534 220 216 405 838 349 710 659 367 637 332 769 837 526 81 744 722 120 801 646 749 286 310 347 344 
200 454 173 433 315 497 162 523 356 773 415 582 54 205 277 854 52 282 660 781 505 756 629 707 747 690 30 318 653 616 549 741 532 171 493 235 165 541 801 414 129 698 743 820 706 384 438 563 681 90 92 332 793 652 375 272 325 719 888 1 427 107 514 113 512 556 69 852 815 517 769 735 243 380 896 187 666 759 114 297 402 564 711 727 908 34 139 674 3 484 889 710 
201 677 16 129 758 717 499 414 639 294 618 163 288 731 581 503 410 606 602 263 631 346 893 143 221 96 884 804 781 353 57 659 215 776 445 577 190 656 193 228 630 329 813 441 859 556 333 314 645 735 595 734 682 701 634 611 33 421 722 868 388 132 508 692 161 657 524 697 703 504 709 783 509 774 328 25 777 616 552 498 536 514 382 135 757 106 808 65 
202 503 380 533 186 17 444 262 166 732 338 473 264 5 644 519 276 517 733 329 823 495 610 239 277 502 317 45 162 215 153 888 506 303 453 69 373 326 560 119 753 433 19 251 737 403 640 357 39 353 199 586 817 364 18 296 374 147 834 647 425 470 404 886 397 399 366 649 563 362 545 496 32 656 727 667 856 176 889 132 705 871 228 504 598 525 252 398 226 757 712 437 830 460 
203 283 435 625 536 649 204 356 511 878 187 53 463 32 643 766 131 856 549 787 247 95 118 279 522 153 214 540 827 265 465 768 784 10 695 162 89 257 473 644 156 454 321 371 284 559 796 382 775 75 82 226 803 163 246 884 751 613 256 358 660 539 404 662 637 59 383 709 26 839 734 799 161 34 365 71 176 
204 305 605 304 203 326 888 624 11 700 386 862 159 266 874 333 503 233 34 552 178 337 469 187 696 137 176 371 623 804 521 850 673 136 482 182 283 657 585 825 561 582 549 296 444 402 541 809 534 505 747 618 612 514 493 131 81 865 879 758 762 446 613 548 584 390 18 638 789 484 212 597 701 512 583 439 379 395 611 796 668 76 245 302 579 464 329 172 628 790 526 
205 322 530 894 529 253 374 410 123 87 451 365 499 200 137 795 357 635 250 394 187 642 428 46 171 14 5 1 566 602 734 697 142 840 84 354 538 805 91 790 794 386 456 172 761 269 558 901 552 9 423 504 839 441 686 678 502 63 248 11 598 420 792 48 754 92 539 547 540 387 267 731 208 596 
206 377 440 903 276 187 606 124 409 207 21 235 230 249 820 272 659 155 576 858 661 857 396 591 103 595 846 495 892 134 279 766 711 282 667 324 833 736 57 216 11 258 267 544 437 398 598 546 666 39 370 394 251 520 818 15 336 803 401 234 49 405 823 505 435 708 150 765 219 54 399 332 483 781 
207 750 542 283 464 817 344 880 236 206 208 414 180 380 767 789 724 516 378 905 364 546 831 533 399 731 747 737 99 503 480 343 48 636 199 216 743 906 635 389 246 393 27 463 850 362 642 78 644 376 322 269 482 136 877 670 417 768 396 146 164 660 816 829 821 475 440 883 735 128 585 184 147 749 843 836 427 646 449 811 563 4 698 492 746 346 303 2 601 70 149 575 60 755 316 
208 632 715 407 787 676 234 563 8 198 229 207 655 20 416 242 521 157 268 367 227 47 211 401 527 333 597 645 81 785 403 129 651 420 103 187 530 789 650 555 350 410 873 625 685 592 182 441 300 73 397 832 691 553 266 454 180 773 453 741 252 840 739 309 265 379 619 42 235 428 436 32 144 392 806 762 714 902 450 21 62 430 464 478 284 448 755 41 348 240 675 178 499 866 2 311 278 260 663 569 717 531 48 205 520 369 362 
209 255 547 355 471 641 496 827 85 709 708 768 661 109 382 106 466 720 153 652 491 554 274 680 191 488 210 517 812 579 448 640 750 237 671 79 188 299 741 402 412 373 445 885 128 730 458 882 875 858 440 585 451 603 129 899 691 167 739 757 161 696 573 290 522 853 761 409 824 403 223 258 605 216 712 811 719 841 565 612 366 368 756 
210 329 868 877 620 541 518 59 449 105 70 542 842 326 734 597 114 169 154 771 276 132 94 292 656 519 305 209 737 365 439 343 175 757 20 473 796 653 705 898 615 352 593 239 813 226 392 349 332 674 266 648 395 5 756 265 775 512 98 828 434 794 496 825 237 127 588 894 268 729 398 738 165 686 194 750 907 770 224 45 314 78 491 
211 592 839 873 719 70 385 350 676 599 311 769 59 477 293 75 388 843 263 208 154 552 654 904 215 875 500 886 554 817 383 778 257 371 373 99 123 744 659 116 337 111 706 490 5 606 351 746 35 660 753 802 241 29 37 633 858 493 790 896 25 147 806 61 870 704 361 497 327 577 763 781 506 766 146 349 611 535 848 125 144 482 782 11 594 901 242 400 358 777 507 564 268 
212 234 160 613 768 636 847 0 862 775 798 820 416 52 319 271 821 182 679 88 837 674 235 785 147 277 721 503 834 777 426 896 166 385 49 865 813 224 440 487 815 866 704 126 546 352 219 399 566 43 283 8 312 794 541 642 555 22 554 745 711 191 575 39 204 389 602 321 870 886 610 238 531 733 361 660 552 380 556 290 94 
213 52 195 844 680 764 325 578 788 349 837 371 893 491 250 861 146 736 620 218 592 434 335 188 257 667 90 693 400 806 646 574 800 329 600 765 382 528 148 711 242 859 599 92 795 144 641 420 128 347 234 855 227 645 901 496 237 143 70 126 384 571 102 233 239 512 170 487 542 594 88 817 836 35 661 18 735 444 263 485 194 25 745 74 896 215 298 558 805 104 334 825 158 515 95 186 385 270 692 
214 417 737 158 405 655 563 766 234 630 91 742 752 613 274 785 168 277 257 639 642 521 239 770 203 828 135 42 680 725 661 882 2 553 9 322 864 832 729 174 730 796 311 187 38 552 684 903 870 183 539 121 572 721 895 186 816 318 363 789 360 852 337 768 760 499 856 117 419 510 648 407 608 474 739 541 243 114 503 568 751 12 36 100 34 112 43 284 245 657 747 595 483 
215 680 773 461 788 653 292 581 713 68 644 639 731 320 330 298 480 202 294 12 61 871 211 70 765 432 201 143 247 80 344 199 511 656 194 63 30 187 310 306 66 735 748 417 721 216 331 181 396 501 303 47 128 496 341 549 795 170 505 137 456 864 262 545 563 559 610 881 645 375 197 213 535 407 295 672 850 851 506 768 761 498 254 658 752 156 786 647 521 366 411 348 663 13 
216 192 753 473 766 817 367 134 433 695 26 827 312 603 4 834 249 534 385 587 334 29 618 465 227 82 561 155 66 50 71 150 889 233 617 207 558 126 437 392 586 48 624 749 56 731 756 206 765 652 215 856 76 714 707 141 313 165 232 824 3 104 539 195 703 709 698 199 241 690 298 494 543 209 483 594 833 292 436 759 832 35 419 303 785 850 90 342 487 904 182 32 870 73 291 
217 730 278 114 333 272 317 560 244 96 472 445 398 284 609 428 273 635 454 461 568 300 501 898 866 410 235 655 497 801 232 688 483 375 897 379 100 805 318 616 280 556 877 815 875 275 399 281 562 234 832 32 659 30 641 65 368 532 305 255 270 633 352 15 152 35 150 91 117 561 457 707 682 511 414 459 372 123 871 849 
218 718 474 15 84 691 176 288 554 285 386 425 224 678 213 712 303 905 904 37 767 763 681 861 479 686 449 816 688 823 827 135 616 394 755 627 118 552 504 817 342 464 99 610 609 167 553 793 399 298 487 13 486 372 402 724 733 105 392 813 440 654 281 442 621 147 35 151 699 314 473 637 79 297 94 178 411 313 252 9 320 420 890 227 801 51 245 481 34 
219 222 343 763 73 696 487 802 11 139 843 356 277 257 39 285 564 439 163 528 36 673 6 461 44 338 80 399 22 444 98 349 265 229 169 266 419 162 655 798 521 412 121 212 468 551 161 649 82 34 337 728 691 630 618 756 293 284 359 801 508 786 403 110 667 361 271 45 37 819 791 350 552 540 690 422 848 206 898 705 467 711 626 324 526 340 554 26 507 
220 81 870 874 416 448 254 134 682 8 193 482 637 128 443 243 272 575 168 514 166 481 361 645 93 365 138 184 340 403 252 494 757 748 694 4 223 808 758 887 228 161 341 736 479 91 421 143 85 504 371 796 686 634 864 412 312 897 364 734 285 199 12 404 847 270 641 53 13 691 117 116 576 122 44 247 392 855 367 118 867 260 
221 258 346 350 39 336 299 384 725 488 757 886 567 269 678 887 679 784 407 456 241 753 790 692 201 243 234 832 877 713 624 712 558 401 240 398 64 261 804 761 138 520 360 378 133 643 86 317 853 615 641 69 199 302 187 508 746 902 4 503 347 342 809 403 262 662 688 570 860 477 152 629 825 28 807 142 899 349 552 880 74 701 729 46 166 514 338 58 564 901 26 668 600 12 749 420 858 433 493 135 588 602 119 598 
222 223 219 684 884 638 282 817 624 594 530 596 404 565 602 886 610 717 386 625 292 808 811 104 91 138 265 190 816 850 648 551 464 79 196 511 380 558 904 114 383 478 578 271 81 568 773 38 699 4 646 576 276 148 273 35 394 334 163 10 262 361 113 328 93 614 537 299 358 676 500 435 809 790 523 251 56 129 373 354 711 124 550 331 517 159 538 237 284 608 
223 222 59 688 870 105 55 663 21 684 865 737 581 823 694 787 800 831 597 629 149 818 18 829 313 695 166 902 254 541 858 326 4 25 230 119 879 622 242 234 396 797 220 665 647 795 552 32 311 481 878 110 618 298 873 588 69 42 265 868 822 739 408 630 288 721 19 748 100 398 458 789 209 842 137 195 591 162 67 697 885 102 484 0 632 779 769 385 580 295 754 569 395 766 793 126 
224 690 259 633 775 586 114 846 161 594 52 395 500 70 110 130 28 793 218 162 297 160 560 595 186 194 726 763 725 657 832 721 859 149 786 251 804 699 872 373 212 840 333 681 23 4 258 124 256 893 177 133 670 731 277 55 539 452 456 684 835 879 614 53 49 648 751 193 777 397 894 398 802 799 753 120 303 904 27 288 58 812 453 250 656 210 550 304 780 797 
225 248 265 721 376 288 613 652 321 845 529 494 98 30 234 676 561 353 394 57 834 838 631 795 441 884 153 713 78 131 479 808 274 673 719 277 485 622 256 819 547 772 289 687 598 899 244 50 423 283 524 889 402 536 473 707 716 871 40 471 360 90 591 500 670 114 488 134 605 843 3 451 477 400 333 520 654 510 730 174 370 824 
226 112 490 128 125 384 640 73 703 153 437 723 20 457 592 823 806 890 844 171 3 712 692 99 802 609 596 524 333 782 825 245 14 624 425 579 340 307 229 773 72 210 247 697 122 90 567 480 191 856 346 85 323 203 769 523 744 685 872 622 763 658 302 673 551 562 22 119 348 494 29 322 663 89 61 5 76 536 446 733 757 715 785 109 278 621 471 159 623 683 59 246 35 330 126 538 458 821 742 135 202 497 431 54 276 419 151 893 180 510 113 450 682 
227 26 246 331 383 438 896 120 329 828 193 880 473 810 423 448 540 135 328 900 624 208 46 105 579 752 530 216 875 639 29 475 302 460 281 426 824 429 650 109 645 599 368 563 99 447 641 681 545 832 825 705 22 464 707 111 213 741 332 316 822 403 660 572 149 466 882 485 312 815 436 288 257 422 34 535 283 12 323 854 874 551 712 720 439 346 757 85 446 857 218 89 648 56 254 655 
228 504 784 855 708 125 333 700 55 422 747 407 512 522 277 549 472 905 854 119 602 543 121 580 457 888 791 370 304 241 438 697 8 404 418 592 419 787 632 891 90 179 874 290 847 201 124 516 376 297 487 353 89 220 865 41 86 369 636 494 15 83 282 305 242 107 491 169 268 737 421 642 21 362 251 750 233 453 176 622 202 272 705 726 9 624 109 195 523 673 651 
229 731 478 462 877 652 179 502 234 208 285 299 604 267 638 199 235 560 816 544 665 599 754 59 433 627 653 126 6 408 219 519 81 878 435 626 385 504 372 669 730 271 0 226 908 395 404 292 639 94 714 296 482 132 247 314 286 364 689 397 713 549 374 827 790 657 683 177 197 562 896 427 159 68 506 46 837 92 389 393 337 488 538 531 
230 242 638 855 339 546 763 235 758 577 597 570 406 35 622 873 206 848 889 625 517 26 17 327 353 341 733 797 260 686 340 19 8 160 529 659 98 344 402 223 79 817 496 615 416 705 245 147 680 865 108 130 44 134 675 32 197 103 11 793 652 371 670 154 676 864 495 330 256 265 846 78 63 166 294 805 645 666 538 634 868 461 513 151 674 780 109 404 599 757 809 
231 471 384 268 282 750 702 500 46 266 885 874 269 609 117 817 134 485 727 534 518 535 44 905 576 281 434 369 100 352 69 191 103 411 858 585 460 826 321 739 239 536 294 72 812 588 575 643 557 544 376 831 524 755 679 571 315 30 899 726 686 67 692 705 473 440 189 457 156 17 33 113 367 71 886 82 245 348 546 871 54 714 358 577 624 53 251 288 870 848 397 108 
232 36 446 125 178 161 881 282 67 251 307 549 620 46 665 250 893 516 647 247 501 756 654 582 886 869 70 191 694 858 905 217 572 253 377 867 166 300 234 40 498 796 28 418 237 898 707 646 104 270 602 824 326 258 648 903 216 885 495 113 578 179 321 199 475 509 751 585 276 749 782 76 126 96 458 361 123 630 78 504 764 35 241 599 787 747 494 0 568 795 497 192 
233 896 758 600 723 376 504 892 256 88 513 869 102 180 204 86 867 36 847 503 373 413 643 525 694 24 216 354 350 344 336 702 364 675 705 735 11 763 669 501 239 638 601 87 861 44 631 268 234 753 722 176 185 213 741 725 315 518 293 28 61 187 697 262 651 50 569 505 634 576 136 228 884 464 563 618 164 337 747 737 821 665 144 845 146 429 
234 470 212 60 581 737 905 799 299 214 229 208 656 37 346 889 716 764 904 723 317 168 844 815 225 719 554 474 433 189 630 549 221 14 645 511 845 558 808 15 298 582 66 409 541 213 223 232 467 802 684 357 32 882 525 591 233 472 803 371 903 790 730 817 217 192 18 755 338 140 531 875 806 527 206 856 361 544 261 4 653 521 492 174 5 842 510 767 528 126 74 517 753 
235 483 293 679 831 230 878 614 737 590 666 402 324 488 406 559 206 539 416 815 27 495 578 262 229 582 66 631 875 20 358 374 29 615 566 720 212 496 110 584 71 153 297 706 733 525 200 7 22 377 217 123 308 873 379 557 741 766 143 761 474 654 139 745 89 452 904 392 554 309 73 826 121 500 208 422 193 772 805 841 167 656 809 168 788 655 850 442 310 446 843 136 825 77 23 432 
236 305 261 453 885 474 207 831 73 184 485 839 791 482 134 130 343 639 645 845 789 33 357 833 198 895 562 899 24 67 404 808 139 434 539 588 56 843 244 150 815 746 77 468 88 707 29 802 555 552 623 532 772 78 712 156 0 84 830 541 185 4 872 741 272 391 676 907 673 509 413 770 849 852 
237 713 804 324 13 83 483 450 807 166 106 194 895 522 249 443 854 500 162 308 770 532 209 418 812 584 884 120 342 771 674 785 796 439 539 257 373 213 452 464 526 232 498 646 600 908 585 871 881 696 270 339 244 171 672 695 831 302 826 404 210 698 636 24 559 280 393 736 337 631 119 637 547 378 570 71 61 768 447 128 350 141 892 222 702 849 
238 338 687 868 289 194 255 139 676 75 707 906 253 480 667 282 564 85 891 10 23 167 841 637 427 122 438 197 256 811 333 125 291 131 105 897 821 725 428 840 287 324 195 157 376 685 832 820 815 329 373 717 423 742 499 5 523 634 552 736 475 577 265 180 905 308 381 327 469 727 305 882 212 187 242 414 558 47 405 407 109 721 641 142 191 0 859 615 
239 495 578 82 812 517 626 776 780 258 601 688 533 202 860 642 773 214 629 656 654 538 420 343 167 564 347 795 617 584 231 498 144 233 155 210 476 78 590 213 49 752 92 143 85 11 658 25 694 636 774 682 853 186 196 789 21 269 352 295 365 98 605 150 179 591 22 786 607 3 633 572 64 878 511 497 875 768 289 104 
240 374 782 552 740 382 456 879 489 594 511 355 178 549 739 624 886 888 133 309 769 89 440 627 388 221 796 825 865 97 752 192 553 884 749 95 717 435 848 828 352 859 454 408 821 11 476 707 516 661 98 265 573 77 6 776 860 405 536 439 580 599 395 590 107 66 852 128 659 731 387 3 208 251 669 743 180 531 356 380 197 654 71 13 829 554 48 83 680 368 
241 728 864 288 169 719 808 609 556 335 280 460 619 613 632 579 221 198 878 455 567 476 835 612 781 862 603 182 516 513 391 77 360 495 640 582 228 142 782 849 333 47 293 42 832 788 618 637 445 635 85 842 597 110 370 493 211 578 622 750 765 457 102 502 426 384 871 685 732 504 625 817 216 6 598 7 718 286 188 666 795 154 232 624 899 296 148 144 325 41 434 
242 230 117 643 818 907 279 877 337 729 742 542 658 262 208 784 548 122 37 868 418 139 885 701 555 882 179 421 581 186 385 155 633 291 668 575 715 213 647 657 57 426 150 33 884 146 445 223 427 347 735 677 756 654 408 278 312 869 317 772 789 246 842 102 282 170 228 727 863 710 705 461 830 388 28 876 6 747 679 238 156 7 39 758 722 66 459 896 174 685 32 277 343 211 650 154 12 614 
243 817 667 54 255 726 532 400 35 874 258 328 857 545 793 221 675 220 615 248 43 155 52 454 531 382 761 653 340 45 72 256 479 48 24 345 252 331 490 441 29 153 640 872 57 85 3 130 873 635 704 5 50 584 655 79 336 110 837 819 377 739 363 359 200 358 735 318 293 633 658 23 214 905 594 537 118 876 564 551 176 889 465 284 387 885 103 415 776 
244 144 514 886 41 354 342 668 640 417 656 824 101 217 365 314 809 503 563 633 150 380 683 347 376 371 394 773 143 385 110 544 509 842 444 453 819 30 784 119 667 441 69 467 510 695 45 254 732 843 251 878 236 906 388 907 307 250 605 89 657 531 850 52 731 730 86 113 586 225 173 249 8 715 885 94 157 259 237 49 718 684 83 298 764 559 263 639 547 624 528 338 381 159 245 655 10 647 652 146 1 551 7 780 315 374 414 
245 610 447 312 789 65 532 877 280 137 593 775 4 623 195 199 44 357 384 131 754 37 802 882 872 461 564 282 464 347 806 368 647 66 496 273 16 737 611 230 226 177 685 712 545 535 777 48 17 250 462 576 477 841 667 54 705 786 115 141 586 686 124 147 901 379 861 381 344 755 437 645 719 346 392 563 498 231 185 642 417 244 752 560 204 679 214 140 218 403 633 
246 604 325 274 227 56 805 680 197 264 257 829 343 474 100 789 814 804 526 587 810 660 901 713 826 437 25 370 303 715 494 645 436 655 466 498 157 207 115 870 807 396 322 779 536 579 17 550 450 555 242 766 634 711 128 832 788 677 410 256 372 385 420 309 203 448 62 168 464 57 584 597 671 389 547 113 845 864 502 691 50 795 586 877 109 81 21 827 764 226 126 185 108 605 472 80 373 531 
247 250 444 64 658 521 850 618 277 552 791 758 203 789 116 905 322 734 232 844 702 645 611 437 733 562 532 561 711 215 409 518 841 6 149 544 540 134 454 226 55 709 279 591 151 147 298 229 876 867 118 395 578 275 891 314 87 813 33 139 323 336 827 647 74 82 677 853 68 350 615 502 14 659 543 27 270 343 220 579 765 161 
248 225 807 440 324 369 586 873 763 721 322 386 174 334 82 163 884 714 310 657 493 543 243 0 744 462 755 381 780 568 44 643 899 511 141 502 7 576 652 662 579 329 845 491 640 120 762 741 419 449 450 107 510 583 822 766 724 906 27 138 706 16 84 205 622 471 690 765 387 548 591 772 775 308 626 265 65 10 341 754 855 469 133 795 377 79 856 
249 6 272 858 271 640 579 71 860 357 802 529 847 349 677 791 216 206 845 439 768 280 95 105 443 378 549 237 684 740 795 161 109 811 774 571 408 799 647 345 776 480 197 785 600 259 80 523 685 686 730 625 445 623 86 244 807 181 527 398 678 506 735 767 646 38 34 595 709 316 645 552 891 694 273 309 424 731 333 310 
250 247 758 738 47 37 552 678 185 720 776 84 152 361 213 873 191 664 899 232 478 306 561 422 528 0 578 607 205 430 532 4 390 73 369 112 64 634 427 374 307 553 147 676 545 284 114 259 691 453 609 687 135 717 467 753 772 244 689 175 87 245 292 133 735 652 835 599 613 268 116 855 327 41 896 60 123 617 805 151 319 724 594 688 174 568 485 719 591 802 131 755 465 679 378 792 224 355 387 97 812 781 165 326 312 
251 549 321 35 658 323 3 341 685 232 781 394 334 140 559 367 23 602 142 767 869 403 456 645 361 103 199 496 697 134 690 609 312 314 224 169 50 176 704 546 489 184 202 742 597 124 244 175 32 859 798 680 415 648 614 410 827 870 206 264 152 517 20 420 737 805 228 342 189 847 854 255 867 240 222 608 872 902 500 231 461 773 642 711 333 794 109 198 577 706 78 465 530 160 653 
252 717 41 162 492 862 611 286 431 553 384 860 447 820 531 380 784 796 631 199 27 331 567 383 394 99 783 55 279 605 324 463 709 352 614 481 485 474 75 506 71 66 433 220 817 57 450 176 767 843 243 637 738 86 849 750 80 685 208 638 83 2 828 699 830 613 23 395 158 686 526 885 177 307 356 671 800 763 135 804 868 832 104 403 107 865 393 218 797 117 518 202 309 560 168 315 
253 429 858 721 673 205 748 854 120 238 473 460 140 18 0 723 426 415 623 134 884 446 571 279 591 351 478 132 416 749 385 15 32 631 557 232 753 163 653 288 747 319 175 84 107 598 895 442 548 597 41 449 637 4 877 600 191 617 804 298 517 523 822 680 387 458 527 888 138 638 311 421 365 284 424 738 843 3 647 160 722 452 730 417 135 836 701 897 122 254 60 
254 657 597 71 753 512 359 220 647 151 516 411 622 821 20 635 94 535 403 632 9 596 865 727 429 381 837 521 223 858 667 322 841 710 343 281 35 595 367 244 291 690 863 117 185 294 33 869 792 641 98 791 364 320 18 174 269 15 416 86 892 531 790 138 48 467 194 793 890 862 119 438 14 638 315 393 82 765 154 158 88 215 279 134 101 771 379 253 396 227 738 
255 594 209 832 546 532 17 19 36 3 115 238 690 243 856 256 414 514 97 124 570 404 583 888 185 874 764 647 454 682 744 544 278 756 805 93 54 282 68 766 127 374 700 88 122 760 539 664 683 30 642 386 342 882 318 559 500 675 745 308 610 51 609 597 751 291 791 655 35 331 816 428 320 311 589 251 459 217 809 389 512 741 644 80 170 681 889 752 85 846 768 618 
256 91 785 338 794 881 75 74 255 233 833 501 554 851 492 519 701 108 295 733 353 839 238 759 445 399 17 583 880 72 863 243 822 90 887 550 130 66 9 224 225 490 165 598 463 870 565 805 154 391 174 864 383 285 40 288 322 246 400 696 737 137 868 406 722 203 230 496 367 703 652 621 624 164 411 816 601 82 422 847 25 628 389 826 742 656 259 820 402 281 11 660 357 476 162 688 
257 738 463 827 107 246 106 159 392 98 409 603 373 189 560 214 323 219 556 618 407 89 213 417 531 725 93 316 82 790 562 345 871 794 722 142 674 389 894 363 292 850 388 591 836 203 518 359 527 844 22 848 15 211 663 576 237 305 751 494 704 25 402 585 835 336 710 65 227 20 630 431 425 54 567 582 632 688 280 545 799 602 887 479 465 62 863 83 274 183 405 619 401 70 
258 221 68 366 71 669 574 852 169 873 371 764 745 660 353 60 304 239 565 886 243 520 580 602 577 860 807 97 13 752 732 160 905 40 116 492 318 130 164 443 224 453 49 863 599 845 168 637 385 466 582 802 132 65 206 728 827 332 59 338 232 441 594 771 712 744 187 572 165 615 285 776 719 836 808 209 473 471 737 597 692 772 177 844 627 335 775 871 115 760 796 690 884 143 262 343 521 410 699 
259 846 78 224 521 437 448 363 802 688 897 680 794 592 869 475 401 479 91 66 833 747 435 4 1 101 763 2 289 250 284 22 331 44 546 191 885 523 346 589 249 663 613 602 69 890 811 541 482 764 79 92 559 244 865 165 641 286 902 36 55 532 664 368 102 818 498 883 784 590 157 434 481 655 800 262 256 630 759 412 267 175 524 870 739 441 59 838 681 325 653 415 591 390 
260 397 764 592 701 465 187 690 888 830 354 620 452 735 142 793 839 357 334 812 846 523 644 836 289 760 309 462 230 265 137 450 453 491 464 507 68 525 773 61 306 12 540 444 20 342 562 442 191 628 157 505 754 406 179 711 414 585 608 756 145 182 487 49 107 675 496 193 892 770 512 82 689 866 381 54 857 55 579 208 307 427 627 774 557 686 734 376 194 814 220 
261 49 116 236 675 273 304 55 663 16 497 386 491 330 399 61 502 807 641 14 86 45 788 723 472 4 625 90 748 779 623 586 693 372 166 682 188 615 221 576 409 791 297 862 117 1 110 677 82 358 458 766 65 139 88 636 565 158 550 480 114 9 481 278 129 752 740 504 830 295 578 562 69 316 762 800 288 28 103 451 37 683 720 389 271 387 234 490 269 160 44 303 393 440 419 328 893 640 574 
262 561 585 553 202 659 484 120 95 242 526 10 901 235 67 406 416 552 274 109 94 8 513 807 824 794 69 646 487 358 643 815 283 856 850 412 651 53 386 852 530 764 479 122 11 221 164 56 707 543 596 537 233 816 459 507 215 661 222 363 535 828 187 348 494 520 113 160 880 259 737 805 882 582 341 770 321 506 403 258 281 60 532 
263 78 589 463 101 753 71 532 767 201 774 444 84 450 870 211 582 309 548 173 475 678 93 575 440 738 723 397 759 130 728 172 760 353 275 88 729 566 598 811 108 127 114 165 163 306 866 691 408 439 166 199 392 147 495 387 182 848 694 148 139 244 346 161 124 213 492 901 613 890 892 331 352 43 452 29 48 823 317 466 810 318 754 455 424 
264 60 246 89 68 824 465 820 202 384 306 20 795 654 88 285 67 328 174 140 716 543 446 568 811 379 310 637 305 723 187 829 393 23 748 303 432 406 627 29 33 4 434 269 103 448 518 414 889 603 766 836 634 52 728 699 179 251 27 48 697 873 643 404 599 398 669 135 867 878 65 731 323 443 183 437 164 844 538 298 564 745 173 77 497 757 
265 87 225 376 797 629 873 267 367 791 847 534 340 323 605 647 779 141 273 767 314 222 849 260 203 334 845 15 219 31 291 388 456 687 554 890 626 0 519 126 81 658 518 33 142 589 306 279 111 425 594 783 507 208 662 240 421 210 442 379 659 722 384 223 576 842 905 238 725 166 230 582 770 591 581 814 447 434 156 167 672 248 416 502 785 354 892 2 427 136 510 799 832 617 616 760 
266 33 651 849 443 818 122 197 431 75 624 269 15 536 421 231 601 550 204 370 73 812 646 311 19 746 110 321 123 24 524 398 658 193 291 498 554 774 94 404 701 163 219 747 539 837 717 342 796 208 4 96 697 484 327 744 662 331 210 445 468 716 58 26 388 415 652 545 691 124 725 718 676 531 836 83 423 620 858 599 859 76 50 593 511 474 496 150 325 80 25 78 
267 165 371 120 265 733 229 297 161 26 586 349 819 352 470 630 313 646 556 175 631 584 378 591 692 365 716 905 311 269 859 319 746 851 25 580 776 121 893 814 809 622 847 568 13 75 425 170 696 757 772 333 206 281 84 61 767 432 761 528 783 90 833 597 739 337 476 363 873 446 302 128 677 103 658 895 774 428 109 770 585 37 523 279 54 561 828 259 205 903 407 270 
268 675 442 736 107 580 231 712 757 169 425 187 13 615 453 905 582 69 196 652 91 896 177 784 619 372 208 279 36 53 462 427 358 351 704 275 512 515 618 719 601 638 443 414 116 685 72 376 198 233 466 363 492 645 779 313 250 124 694 508 325 771 10 228 595 551 853 142 522 635 360 563 593 210 899 430 50 883 799 695 533 476 55 317 270 413 15 448 308 726 79 906 188 692 392 170 66 211 
269 23 507 271 683 825 806 266 362 221 55 407 869 231 117 743 593 629 857 759 338 734 159 148 106 109 738 847 492 267 905 446 811 281 104 862 273 264 576 144 345 331 575 207 404 463 205 856 305 574 490 767 194 448 254 439 350 333 454 564 710 426 31 520 539 239 11 456 791 261 565 733 557 721 440 570 501 417 444 
270 145 669 850 504 735 628 878 298 688 588 100 496 327 551 519 687 712 19 389 165 46 512 795 553 879 108 41 868 769 513 419 647 289 326 561 363 86 901 661 503 355 527 125 667 392 499 756 232 339 115 139 880 237 752 439 30 31 82 734 590 321 283 175 591 34 107 325 180 623 217 220 190 763 104 692 378 268 247 92 386 465 330 213 64 267 
271 269 249 359 305 605 764 672 572 182 565 324 94 212 422 427 297 873 179 890 137 622 737 64 440 604 824 199 666 486 118 337 556 773 846 457 482 396 541 900 865 229 108 222 516 148 163 284 371 304 313 301 547 49 574 612 485 196 164 844 381 103 647 317 600 261 219 860 744 592 591 667 433 104 700 425 354 287 392 896 811 537 27 461 
272 411 249 766 708 632 17 472 826 547 903 217 517 27 855 498 839 565 822 773 206 569 193 220 464 417 416 339 321 906 731 744 837 673 93 602 834 293 35 48 484 779 139 414 140 529 391 690 699 770 727 614 545 466 479 87 619 200 8 863 434 363 315 531 647 701 905 104 591 444 386 348 672 904 349 301 714 802 297 407 180 510 761 155 513 668 228 890 543 236 521 75 68 483 290 573 894 713 169 
273 815 707 697 61 261 79 486 591 809 811 828 277 364 642 98 875 99 155 773 904 317 856 833 107 265 217 426 336 438 622 51 553 139 409 871 245 593 848 597 813 405 269 592 371 706 71 39 819 178 734 46 179 169 193 564 755 443 310 373 314 4 873 617 618 808 222 665 427 393 301 494 601 161 538 824 58 806 611 561 477 276 503 791 526 598 249 621 57 840 363 835 
274 246 623 584 718 621 377 95 329 819 729 142 214 456 852 162 406 38 352 495 295 652 262 168 518 367 209 531 761 687 191 309 837 452 791 143 686 449 529 699 441 869 225 16 802 549 47 526 826 858 158 571 612 482 353 451 359 501 503 444 794 636 805 736 756 829 490 431 534 500 842 332 110 420 336 53 575 502 714 643 894 303 257 375 445 775 730 
275 580 514 723 403 508 303 698 520 652 816 848 522 782 32 625 446 516 825 843 296 50 117 540 510 450 268 396 374 794 586 785 730 757 14 74 756 722 715 868 496 263 817 93 591 680 386 870 346 885 188 217 650 451 322 34 17 578 247 687 59 306 102 761 565 583 898 835 433 70 313 576 4 480 437 311 880 412 76 646 721 610 
276 206 616 294 526 202 165 103 370 31 786 86 891 578 354 320 401 603 711 210 673 63 162 557 682 561 748 472 391 866 820 863 788 808 398 491 675 610 881 457 351 884 483 145 222 781 890 435 646 818 112 95 540 814 284 524 110 819 94 519 232 688 136 724 865 444 148 751 441 857 523 273 847 899 634 537 873 226 143 196 504 407 740 366 
277 401 122 25 456 524 131 141 247 378 446 785 273 802 750 200 902 214 219 202 228 120 684 419 130 185 121 475 442 764 84 212 893 124 438 588 101 611 69 851 311 847 788 655 424 478 603 225 194 373 53 543 845 71 737 328 192 158 308 107 669 609 864 295 92 224 642 95 385 621 774 425 343 60 577 22 345 872 170 571 405 758 323 674 154 61 646 770 777 155 528 516 116 835 685 697 471 119 242 59 111 465 162 
278 765 92 188 346 81 316 309 217 170 0 792 582 154 789 762 790 435 423 369 374 743 335 396 431 579 58 255 609 489 788 851 685 732 512 496 695 820 307 8 457 183 35 242 759 854 728 302 896 6 563 643 627 595 312 261 353 473 669 419 713 526 740 372 497 576 479 146 349 166 112 882 583 776 280 226 208 363 880 361 642 694 
279 188 319 358 525 777 242 639 175 552 500 592 376 695 104 867 381 480 268 156 661 626 203 620 884 815 495 17 682 252 799 785 253 671 299 192 788 122 328 572 874 87 39 15 401 707 305 553 41 366 780 794 206 292 689 265 351 725 402 247 844 111 58 757 100 566 158 431 479 21 409 23 872 750 660 29 588 885 706 97 622 744 7 267 326 677 663 254 797 715 672 336 
280 58 185 156 658 890 598 719 85 519 518 241 864 245 332 348 462 307 249 399 78 50 879 570 394 704 480 843 523 674 845 140 341 159 146 423 160 165 675 440 191 18 150 0 678 807 811 606 137 398 600 851 688 628 217 357 850 568 81 640 65 742 858 558 498 48 692 102 826 421 756 112 179 15 673 257 667 524 127 278 237 860 485 327 679 571 148 822 539 894 422 889 819 96 871 715 378 844 629 107 
281 821 497 593 652 349 434 99 396 770 113 470 292 346 718 388 124 372 20 719 789 707 870 231 780 227 156 535 798 316 199 768 795 21 254 866 269 485 439 367 285 310 654 98 405 575 618 825 646 847 896 267 358 445 854 18 217 635 905 404 191 423 763 702 410 218 686 622 675 59 106 173 297 432 286 859 753 420 527 424 256 352 394 850 262 757 
282 703 872 805 402 731 222 164 725 900 584 231 525 344 232 570 482 527 193 454 200 32 308 115 383 238 853 720 665 43 101 820 245 380 772 371 640 494 255 294 483 874 46 518 70 763 56 318 543 907 728 44 796 715 603 908 898 691 206 132 432 892 311 242 228 778 341 30 488 554 451 651 677 7 546 12 287 16 379 37 708 662 314 387 674 765 524 284 416 549 290 370 424 24 714 617 71 299 158 95 
283 671 203 187 725 375 207 181 313 727 831 425 461 82 520 328 681 732 355 32 476 716 464 524 757 631 470 404 176 81 75 515 559 197 22 570 478 885 822 204 855 665 262 601 895 790 872 25 669 173 212 655 701 65 633 728 468 225 329 350 882 405 227 426 653 270 825 333 337 630 152 199 71 623 299 348 743 33 29 465 636 813 670 394 323 26 809 110 442 418 21 286 522 284 
284 99 536 159 530 622 9 743 783 85 48 782 331 805 531 141 93 504 333 217 647 812 3 836 626 734 615 309 518 795 529 250 499 259 585 570 295 549 623 846 838 865 572 325 560 203 402 312 88 900 97 609 874 192 301 339 178 98 271 358 884 425 485 771 906 276 777 155 845 219 879 555 208 807 282 728 166 19 825 899 253 651 639 58 710 330 156 163 214 91 41 633 243 824 820 427 222 283 52 149 390 
285 304 801 28 619 490 229 689 483 218 58 85 392 36 308 61 59 463 219 23 264 105 461 829 802 643 600 446 666 698 430 330 371 193 576 411 749 366 722 147 782 195 671 907 135 657 281 596 750 757 127 822 745 721 551 76 835 372 332 92 495 549 256 895 445 3 787 492 852 865 730 873 737 192 542 220 258 377 649 316 35 812 106 807 395 30 342 697 71 
286 806 642 103 494 852 731 252 8 290 564 479 845 34 423 765 306 350 588 179 462 365 328 903 567 719 629 397 441 438 632 465 847 312 740 908 76 71 603 83 649 899 378 606 812 491 871 106 851 466 749 43 341 406 453 766 729 414 229 336 259 827 134 480 648 88 751 867 168 376 817 767 281 699 897 884 894 561 241 31 756 783 15 547 703 2 393 178 451 283 419 199 791 
287 114 638 823 373 327 506 27 617 854 477 715 450 180 558 63 162 28 531 377 412 145 853 144 751 2 807 729 11 730 25 290 603 361 164 238 116 464 745 607 388 829 347 540 839 591 896 304 879 364 805 756 499 424 788 152 282 599 394 395 594 728 40 148 335 428 577 827 567 907 168 103 762 74 702 627 131 30 271 868 330 15 187 183 190 
288 581 241 85 61 225 660 201 218 70 559 295 105 524 532 66 375 746 477 437 777 809 464 181 173 626 522 686 833 795 481 485 657 721 159 602 859 732 462 608 578 509 636 54 811 535 314 635 902 130 253 71 848 808 120 698 25 641 299 292 470 574 831 428 14 305 256 227 415 640 401 670 506 897 778 261 617 27 15 223 745 580 50 84 24 37 482 364 594 224 231 642 69 443 11 21 74 122 854 
289 577 816 433 481 793 317 238 33 44 312 507 297 406 766 40 752 450 663 533 859 129 554 116 82 741 884 715 461 622 260 172 416 455 61 736 876 259 829 47 270 130 34 576 163 858 791 14 467 801 313 664 743 811 621 225 771 380 182 446 907 667 439 548 120 852 558 88 676 60 372 734 25 468 745 708 847 609 601 328 79 831 122 897 69 570 146 174 189 629 239 
290 851 394 89 91 564 286 32 678 188 85 107 689 502 758 731 118 858 42 405 702 552 113 553 857 791 75 574 323 652 771 287 228 509 856 446 308 10 682 493 442 436 684 500 460 334 777 102 854 71 51 411 30 209 611 687 587 2 385 353 766 862 525 428 907 642 847 282 162 818 161 842 632 175 212 736 877 296 272 421 
291 743 885 660 620 592 134 395 115 126 330 586 808 341 725 62 873 547 461 769 864 740 317 653 160 171 455 672 312 664 266 649 265 551 303 242 699 553 560 238 595 447 1 444 483 702 254 802 701 192 177 99 689 640 380 368 180 855 806 163 772 61 749 558 315 512 375 634 878 255 594 305 774 759 458 821 614 382 574 721 792 545 690 566 846 663 486 373 599 360 659 4 669 514 19 435 319 744 708 700 216 
292 852 164 649 369 465 110 540 215 580 349 471 855 519 403 122 281 77 635 520 856 895 836 561 418 145 44 222 891 119 772 210 810 655 257 787 546 84 405 23 529 791 700 825 821 650 542 178 457 83 279 296 510 897 681 112 451 695 288 425 94 250 131 538 75 229 672 433 523 541 470 102 482 169 892 755 588 590 196 839 806 525 311 357 651 536 818 662 68 573 851 49 559 682 436 216 440 12 393 507 147 876 28 599 512 464 
293 143 4 400 235 634 812 182 126 786 112 624 632 464 530 382 211 881 529 375 750 890 181 54 721 370 19 77 622 672 533 344 621 720 241 272 472 70 600 84 317 43 782 118 758 845 386 651 644 418 520 558 99 47 445 851 559 650 233 833 101 484 805 849 691 16 380 219 409 446 433 243 86 816 436 804 595 324 473 428 94 701 388 385 714 299 109 
294 828 201 588 872 74 157 276 875 424 29 816 114 883 429 684 614 536 379 599 612 830 469 692 727 845 49 215 553 542 334 282 43 79 689 231 648 840 254 622 533 686 317 751 4 141 834 739 431 364 341 80 372 119 230 189 899 432 444 730 61 754 466 300 371 115 434 511 890 812 777 
295 101 148 182 551 336 288 812 697 755 609 830 699 857 274 256 430 67 832 575 865 843 171 45 895 711 526 172 153 522 132 842 718 284 680 309 383 5 771 897 144 688 851 805 580 807 593 817 498 410 402 277 472 902 640 130 358 261 561 484 429 168 757 547 127 764 686 443 491 10 122 239 554 824 215 415 845 42 725 314 624 223 180 560 778 681 829 176 8 
296 551 806 143 888 643 191 567 792 577 895 892 320 115 855 774 780 377 497 160 355 275 44 69 346 904 51 861 884 426 626 23 670 78 553 86 389 390 204 135 500 608 300 114 697 94 3 14 292 649 488 202 171 19 661 37 812 725 373 229 347 484 835 435 97 338 901 687 412 444 671 57 599 799 722 829 95 796 440 883 759 640 477 241 489 790 55 290 566 
297 584 313 301 419 681 129 648 289 458 52 614 267 815 224 567 774 271 195 310 750 479 21 107 235 29 906 43 591 261 664 468 187 367 522 901 62 64 394 433 228 558 397 141 573 417 562 816 758 339 119 165 777 12 166 77 332 800 315 412 517 140 111 626 218 14 781 281 762 272 200 737 59 434 677 389 523 900 9 825 503 533 682 198 99 775 298 564 171 532 770 670 725 
298 630 705 457 270 442 25 180 330 392 487 498 142 434 400 111 215 146 311 611 352 550 860 234 697 843 750 380 58 514 10 588 394 188 885 680 344 748 593 41 388 503 631 722 801 589 877 720 603 92 42 223 52 218 643 15 247 253 515 821 48 244 437 381 716 20 108 3 216 493 213 874 53 347 644 264 617 553 569 401 769 297 875 340 144 767 391 505 
299 119 234 221 901 774 892 391 229 684 189 60 410 52 341 566 532 327 440 349 177 549 350 174 552 40 99 344 14 805 496 725 304 847 723 279 209 132 555 821 778 780 137 56 441 608 198 368 288 131 61 30 638 696 357 782 617 699 754 667 110 408 817 770 523 562 372 493 401 457 452 283 222 492 882 58 515 67 729 486 82 282 293 820 713 741 
300 181 426 801 350 402 342 596 303 461 658 634 494 849 684 830 884 502 15 351 590 94 622 366 148 533 504 217 791 621 522 124 389 740 383 208 567 470 296 482 48 232 428 632 580 601 80 574 481 903 1 490 630 371 176 59 692 476 472 2 324 665 318 767 724 673 859 301 687 415 735 689 710 823 846 900 754 349 730 325 182 751 889 786 901 294 149 847 864 161 154 607 863 837 
301 480 731 820 856 297 811 521 620 340 46 12 556 38 812 747 894 123 158 741 691 683 185 607 434 70 708 470 592 763 719 7 8 732 886 526 460 638 575 339 149 345 634 284 623 543 432 699 162 537 271 557 128 854 765 616 890 104 628 273 512 769 300 837 565 725 446 892 272 113 440 156 670 421 468 388 45 545 91 423 697 621 380 518 665 422 555 865 
302 730 113 685 564 423 141 615 801 556 546 868 816 733 509 551 17 475 840 370 190 827 118 9 3 321 706 464 348 227 180 339 22 176 120 101 790 870 581 72 221 664 643 482 906 517 124 900 569 776 278 98 94 861 165 799 39 738 226 644 414 369 489 455 789 88 237 49 267 864 151 717 595 524 70 441 665 908 204 865 813 566 814 666 603 473 
303 540 701 24 275 882 783 634 96 300 102 587 450 661 849 8 73 353 218 630 648 625 709 863 246 53 505 689 202 713 291 712 264 714 615 48 550 465 808 614 4 161 568 360 321 67 501 768 623 786 319 586 215 756 131 183 509 402 109 907 391 782 733 407 79 429 631 636 72 699 224 906 56 133 561 848 527 195 261 207 41 679 274 698 216 590 197 616 671 108 
304 285 495 554 261 591 204 65 340 413 839 597 258 767 524 175 59 132 592 123 512 845 49 553 555 228 299 180 700 549 459 835 430 640 35 319 842 582 709 192 53 875 43 287 20 848 271 89 872 366 650 407 182 42 520 551 685 161 743 439 790 870 334 780 649 516 535 468 837 318 483 701 418 425 112 501 85 224 
305 672 204 236 380 769 271 750 893 773 840 60 543 167 882 102 105 814 142 758 100 655 665 106 762 153 139 210 264 732 894 722 632 345 416 660 616 359 415 462 754 866 858 826 641 424 279 797 346 148 155 669 147 697 26 461 257 447 437 796 269 426 288 878 371 228 97 333 180 185 496 478 747 291 659 573 572 817 68 726 51 829 763 199 21 574 664 456 192 635 349 238 771 217 61 541 413 178 888 136 152 608 351 675 162 710 889 489 
306 133 494 565 555 691 417 350 264 573 414 72 286 250 660 801 551 497 316 759 707 41 882 16 529 556 7 335 14 853 411 152 567 166 796 506 70 797 410 260 265 847 263 215 96 505 575 493 381 22 324 63 843 894 37 738 544 326 776 275 313 407 606 841 906 908 108 760 566 177 742 124 144 6 864 53 47 531 439 453 
307 569 775 109 650 899 406 196 151 869 232 792 168 871 525 755 644 133 134 280 355 659 686 8 479 788 179 508 428 864 653 853 867 250 816 420 890 198 3 684 278 244 905 226 361 681 859 510 316 9 119 540 178 645 713 633 13 779 368 113 440 58 458 676 252 375 439 519 861 65 398 594 892 769 877 791 800 364 470 193 671 67 640 587 862 665 260 29 39 832 840 421 344 174 
308 414 41 136 385 6 431 494 582 500 396 391 285 165 841 83 694 618 613 455 857 282 902 662 794 567 701 313 488 237 759 867 630 870 763 699 89 235 490 329 335 407 666 461 704 348 575 290 277 439 819 855 155 878 255 179 501 761 811 713 43 795 62 405 474 791 854 90 901 489 445 238 386 717 175 530 349 30 248 603 598 453 769 268 556 608 498 432 20 726 99 481 10 564 566 
309 339 680 406 472 612 545 816 480 828 278 607 723 386 678 674 142 658 853 86 263 388 240 55 549 888 731 60 260 625 150 483 592 377 274 178 332 743 284 367 565 4 654 166 81 365 295 695 769 579 703 319 46 908 79 208 235 64 884 891 522 168 326 246 735 866 453 618 400 442 21 425 486 809 7 541 363 624 661 87 362 614 548 495 484 596 512 488 249 434 792 422 40 506 252 840 754 527 45 615 728 352 824 439 
310 573 571 644 548 901 654 537 749 582 619 665 162 690 81 438 15 716 587 775 366 365 297 640 248 368 114 701 731 264 728 599 779 664 637 850 86 470 468 439 674 615 588 281 851 215 885 557 424 140 783 357 862 715 507 273 781 490 148 17 618 399 353 383 721 837 328 496 390 459 127 620 235 711 572 71 902 415 189 821 889 873 890 249 199 
311 714 357 631 550 127 599 58 513 738 896 620 607 686 78 485 211 787 584 873 610 388 17 330 815 767 266 298 434 166 586 42 486 14 484 53 267 277 613 736 214 639 677 115 756 576 318 152 835 111 786 801 109 886 223 282 324 516 123 682 635 781 333 36 818 647 199 800 768 21 108 474 255 139 292 784 253 739 638 64 186 546 560 65 208 331 23 275 319 7 779 
312 611 704 137 86 245 497 289 132 197 337 852 602 836 376 715 216 606 341 146 583 651 872 603 340 669 665 409 400 740 127 649 291 251 623 7 71 384 286 678 874 383 43 538 650 759 150 478 242 433 701 853 284 482 212 441 278 63 491 138 227 123 785 116 220 348 875 187 329 811 540 506 65 627 46 470 738 2 761 719 250 
313 719 410 297 283 614 539 137 826 87 790 469 151 559 670 94 555 196 123 267 733 320 666 862 610 895 223 355 62 434 308 56 885 604 452 663 19 337 686 183 374 359 683 802 315 618 906 560 772 791 694 503 136 116 41 785 289 499 512 858 735 45 454 195 268 655 605 271 557 855 381 396 216 187 787 476 599 14 306 771 901 617 368 800 325 498 607 275 713 457 537 492 218 580 103 88 744 806 698 829 323 513 417 
314 888 43 357 68 600 720 889 443 634 647 100 847 244 728 826 615 499 127 446 65 133 796 406 265 536 177 181 251 723 394 182 614 393 899 288 676 352 338 645 749 187 30 452 459 501 737 340 332 530 147 95 201 743 442 273 455 616 229 402 672 2 79 520 113 247 821 898 718 282 155 356 398 322 218 381 580 867 744 715 20 24 626 142 460 89 684 380 677 21 295 566 575 674 1 210 400 740 
315 415 527 3 106 634 200 549 86 465 323 871 734 767 623 383 332 738 605 602 564 587 185 647 719 108 799 679 578 661 333 907 570 645 487 718 691 313 460 812 182 704 8 796 5 181 633 708 419 625 729 454 400 62 600 233 142 231 272 291 392 906 445 80 139 297 153 174 254 188 198 842 627 161 2 677 190 727 414 733 581 244 252 443 410 
316 686 464 687 815 98 588 278 127 757 658 490 335 469 607 853 66 437 753 739 306 871 570 257 450 57 733 685 5 779 281 671 743 72 184 0 531 692 144 816 903 410 25 578 81 541 60 227 394 650 511 126 501 662 406 307 698 522 728 368 362 719 162 885 68 7 261 611 156 51 902 424 479 18 150 548 193 96 285 167 249 136 660 603 797 104 831 207 383 
317 43 778 589 824 125 464 143 289 385 785 406 332 907 12 234 66 217 820 450 273 120 202 855 485 804 346 680 291 649 888 87 456 57 8 608 638 466 557 68 868 823 427 634 293 221 381 52 582 805 827 707 709 382 95 242 602 748 596 365 684 294 562 766 465 544 40 122 639 413 461 732 795 515 538 184 905 271 53 594 537 51 506 138 553 678 662 268 446 643 263 96 531 565 63 862 708 
318 187 31 550 777 123 24 796 9 59 668 578 724 94 478 843 336 524 780 138 582 773 622 200 689 391 620 108 440 598 717 51 381 761 896 816 258 898 60 671 311 370 282 255 53 130 217 487 588 763 56 65 214 450 533 504 300 683 630 150 853 576 445 463 174 765 454 786 548 825 243 760 379 410 350 772 615 587 437 357 580 304 422 554 415 263 707 629 418 627 631 887 610 
319 120 279 672 593 322 470 125 197 740 150 37 97 793 193 176 543 690 133 131 361 423 212 534 371 135 550 358 56 541 760 717 42 632 349 664 267 110 549 338 831 759 122 749 805 674 253 113 754 304 505 862 612 425 309 198 143 484 27 354 853 18 716 303 597 546 645 876 808 152 817 75 666 493 39 72 250 803 408 733 155 414 651 8 884 443 839 753 51 61 818 515 311 722 693 545 600 291 542 
320 544 644 45 25 27 818 560 99 880 296 215 56 612 433 276 736 396 596 751 313 345 412 602 527 648 448 378 386 780 543 92 857 184 679 73 561 33 116 120 457 434 816 336 821 356 54 759 61 546 859 506 822 789 516 763 353 338 812 90 773 254 553 436 532 355 834 119 28 170 399 255 673 672 535 819 871 761 132 388 185 130 453 354 600 513 766 218 681 431 389 722 699 664 
321 251 399 613 88 530 469 328 362 225 857 858 405 676 627 833 569 474 889 904 448 772 16 302 398 266 272 408 617 658 369 818 231 71 723 808 839 203 750 650 669 767 129 303 419 902 342 661 623 384 796 160 410 176 113 690 476 270 232 541 355 212 38 21 668 395 678 324 531 494 555 512 488 539 23 365 682 262 36 525 612 19 497 
322 205 137 434 786 903 319 382 78 715 248 327 484 247 48 330 843 468 542 4 197 412 357 214 61 495 254 904 637 758 56 347 453 847 620 246 518 561 745 207 687 335 157 737 625 441 45 275 528 256 394 759 420 661 449 846 147 894 554 631 866 226 766 314 153 793 840 403 827 462 868 18 326 323 828 485 54 128 115 614 41 134 701 
323 503 349 251 523 806 814 578 804 1 604 889 148 717 315 355 49 768 257 427 174 439 265 494 669 552 387 102 710 389 645 601 616 121 332 290 137 866 586 453 640 354 338 187 15 857 388 528 843 685 143 660 82 434 172 735 339 226 800 127 851 827 467 61 550 566 184 227 758 874 594 9 551 277 247 485 264 188 865 675 779 894 322 454 855 283 527 72 879 14 573 822 313 627 430 764 443 
324 129 71 638 569 235 248 809 162 898 237 751 836 641 271 606 431 815 474 686 733 613 425 359 508 657 753 525 252 835 56 32 490 459 781 722 635 854 98 63 891 646 402 238 174 206 492 393 311 192 306 449 871 752 300 486 110 681 676 1 596 185 889 814 321 671 115 293 611 184 366 161 328 605 612 882 219 
325 174 246 435 692 486 213 550 477 168 587 124 894 645 660 751 863 53 144 336 338 798 107 648 535 873 155 390 889 363 709 646 577 481 557 105 607 134 653 329 359 707 284 581 175 902 498 88 200 16 438 164 589 395 619 138 268 609 455 186 100 12 568 877 759 71 476 270 160 43 313 400 110 462 300 401 368 266 115 259 241 616 0 
326 908 180 204 334 357 210 717 364 487 739 709 117 12 34 328 360 92 503 695 879 150 611 706 795 898 424 68 691 64 842 582 202 540 223 179 270 636 507 555 867 679 144 775 344 176 400 136 590 596 163 749 120 457 31 619 699 306 608 309 232 15 470 896 387 815 567 145 546 432 390 522 688 615 631 846 352 527 53 95 322 713 279 91 598 684 402 742 98 7 606 568 250 
327 871 94 407 785 829 847 379 287 517 270 299 27 322 885 557 900 230 711 69 586 146 494 577 570 813 95 23 402 731 492 521 343 899 817 266 692 702 334 541 74 625 874 699 481 250 450 459 706 211 834 688 238 465 86 543 675 280 6 565 851 665 906 133 164 189 174 436 138 193 898 
328 441 628 748 368 321 764 283 376 555 850 374 651 82 326 243 793 78 227 645 264 505 286 807 471 119 96 118 873 530 870 678 71 749 195 561 158 394 801 766 652 818 496 279 130 605 527 771 111 483 366 724 638 277 616 600 384 857 904 67 660 47 596 534 365 21 402 602 487 459 165 14 554 657 800 726 742 426 57 92 222 18 574 380 310 831 774 560 201 646 329 132 398 289 49 324 386 755 37 888 261 138 757 515 27 590 
329 705 574 105 136 157 210 569 144 141 227 274 647 202 840 86 337 336 196 752 787 701 768 375 628 724 412 128 13 606 57 111 213 154 655 36 8 308 62 614 841 65 818 567 486 577 777 194 166 618 579 431 515 325 248 847 201 903 457 762 120 853 543 92 238 356 823 828 392 165 283 150 365 367 446 43 680 610 379 849 482 718 740 472 312 581 765 496 549 883 594 328 373 398 401 843 498 204 520 32 81 490 80 
330 400 706 698 617 520 727 672 381 603 43 422 383 2 499 261 291 750 544 298 311 598 121 215 467 845 844 859 594 505 322 871 426 457 861 648 885 438 59 285 781 472 405 719 93 765 830 709 570 96 169 394 776 717 26 130 86 640 167 710 679 336 555 621 694 683 606 114 868 745 855 367 1 476 230 142 450 350 75 843 481 11 153 560 346 12 125 284 508 685 226 892 165 590 814 270 287 758 469 455 879 
331 594 549 227 132 613 374 161 163 474 51 354 457 596 883 385 470 632 571 284 637 14 24 655 28 847 252 40 575 22 695 488 158 653 5 868 529 171 353 742 259 355 421 335 435 73 243 269 138 647 406 188 592 266 389 215 824 458 436 519 151 894 512 535 84 844 255 673 572 26 662 639 149 518 91 49 178 680 730 795 717 263 841 46 311 9 624 222 448 372 757 
332 803 78 145 59 341 618 795 317 581 635 567 665 721 315 537 126 442 904 723 280 55 856 778 783 0 193 737 485 73 712 128 404 574 889 309 657 597 793 621 150 323 866 334 897 502 227 407 434 200 314 679 333 771 886 813 210 857 558 285 730 607 779 258 297 878 643 358 733 71 414 875 864 497 274 508 847 895 480 199 695 183 33 823 38 206 110 162 814 883 113 197 
333 830 498 348 77 587 689 228 442 120 869 890 217 513 872 864 204 900 662 841 284 141 208 654 379 812 520 524 443 486 315 776 690 171 118 241 491 238 497 224 226 475 627 786 579 110 448 887 437 459 267 92 473 192 332 201 185 867 862 564 305 147 311 371 84 889 66 269 161 378 283 846 542 769 771 398 763 750 441 20 18 58 870 501 879 880 225 727 716 439 469 103 345 96 251 762 249 
334 725 447 809 381 437 81 682 326 251 601 518 749 60 467 141 373 409 564 121 364 248 680 260 854 216 180 570 486 174 194 192 265 167 612 482 414 88 294 905 613 332 895 836 783 168 166 509 102 96 196 733 327 481 859 197 290 736 847 16 621 58 222 691 657 351 724 795 304 142 671 584 714 117 786 777 78 144 384 72 213 626 563 581 566 77 903 111 191 52 
335 776 753 390 66 879 665 742 316 241 370 477 379 540 870 693 708 621 213 72 32 849 278 74 539 740 306 562 495 727 579 351 101 759 699 349 308 404 416 444 475 421 743 449 578 331 625 714 684 69 28 393 757 377 904 94 580 652 161 322 67 775 491 722 732 801 842 543 525 873 861 886 755 816 287 711 115 890 802 193 380 258 559 397 841 876 877 372 453 725 104 487 152 492 406 57 
336 221 632 152 462 812 824 640 295 744 118 342 146 676 817 421 53 675 325 145 329 816 318 536 51 165 353 635 460 779 273 790 761 539 845 376 691 455 875 857 43 570 233 714 891 471 117 375 584 320 760 52 660 626 348 58 568 822 116 705 639 890 49 330 106 257 576 85 411 578 465 243 286 206 688 182 247 802 591 274 438 150 756 854 886 382 767 871 535 663 603 459 279 14 620 
337 372 43 615 862 893 732 242 632 858 646 520 312 722 148 107 805 504 388 811 329 863 838 204 804 767 172 845 756 418 531 454 97 313 711 472 271 518 407 26 753 443 360 442 525 211 618 445 373 191 343 219 89 904 810 20 118 214 480 267 199 802 617 549 283 403 370 145 605 824 523 631 130 237 84 630 673 233 661 229 560 655 150 467 
338 903 238 512 256 674 531 687 202 169 152 180 172 777 575 557 33 2 513 819 755 269 666 901 879 325 848 219 138 858 99 391 810 844 804 597 741 32 820 319 644 314 838 681 902 323 53 607 841 772 421 375 543 661 897 460 472 107 705 622 320 712 258 725 296 875 234 84 805 628 471 139 558 441 865 102 444 553 414 244 434 438 29 221 760 461 642 514 130 10 713 153 389 849 774 753 431 853 547 482 
339 732 309 504 230 862 397 92 723 848 472 422 425 399 835 554 823 523 478 781 272 775 757 302 367 417 580 460 477 93 64 193 34 396 57 192 130 22 816 805 557 787 467 466 635 21 301 671 688 573 842 902 172 448 284 363 270 323 162 556 0 388 297 17 518 464 237 461 361 106 886 616 395 526 683 777 599 782 350 622 717 164 657 728 586 577 594 803 534 615 1 189 527 139 
340 872 514 769 3 745 105 592 122 304 671 625 78 363 891 301 468 616 356 886 23 5 454 481 312 265 567 400 795 165 163 572 822 230 142 754 716 801 597 377 243 828 124 190 220 791 526 826 62 632 362 352 752 660 226 902 669 314 430 853 391 517 605 504 620 387 128 880 350 793 774 29 199 126 433 659 600 653 477 101 449 538 298 462 678 219 879 
341 25 527 624 251 492 332 443 494 369 662 188 654 33 299 383 312 545 788 291 723 581 782 651 610 164 160 230 763 553 891 55 280 673 451 653 485 645 428 862 530 220 35 34 286 282 38 454 445 839 193 741 215 169 375 111 149 611 561 294 114 808 376 455 347 422 594 81 47 859 865 609 248 800 262 893 474 854 
342 887 569 707 854 756 786 369 53 300 672 492 244 71 747 855 336 777 746 516 539 130 596 460 626 636 412 355 140 709 195 838 345 669 39 723 356 642 64 467 174 819 90 161 820 480 529 891 237 74 880 631 906 47 618 878 754 720 761 255 473 266 52 417 260 607 218 0 28 2 321 221 690 49 461 526 633 574 51 185 8 76 484 145 442 166 609 151 179 251 463 602 418 20 673 894 399 370 682 13 510 845 216 189 552 285 779 
343 671 219 442 677 350 683 246 535 732 779 615 768 846 348 539 870 197 67 236 559 562 9 372 680 428 729 150 758 565 445 353 502 94 239 173 207 490 210 254 821 804 517 775 856 663 504 394 22 906 327 543 454 31 803 902 555 553 635 659 478 476 90 475 367 337 108 786 602 599 277 387 721 858 554 420 580 111 129 507 153 636 28 147 43 130 622 773 780 247 242 790 819 444 684 741 112 743 686 258 
344 637 189 850 653 840 833 207 282 540 578 440 731 11 761 772 867 808 0 100 54 752 903 61 174 1 299 35 143 635 900 558 293 233 631 19 230 215 762 62 298 326 15 582 579 567 513 794 53 428 46 384 842 627 552 508 522 630 72 814 735 23 431 779 245 7 741 503 176 542 537 897 478 516 694 475 429 646 470 91 79 104 379 811 413 771 701 423 307 523 494 703 592 199 
345 363 391 25 641 680 674 54 656 499 386 678 569 369 844 791 880 395 784 755 904 320 610 342 257 906 685 305 378 396 834 663 249 87 525 243 133 606 269 301 864 639 715 453 49 581 759 85 123 751 51 812 849 169 767 570 277 527 798 137 417 557 736 542 26 828 550 105 898 333 839 883 72 136 63 597 858 457 177 0 192 505 165 
346 846 221 82 538 140 278 355 800 234 628 379 608 393 680 201 281 728 725 789 861 412 488 317 296 479 189 475 55 148 772 502 782 80 882 439 305 616 191 551 259 767 575 275 391 226 623 836 676 513 423 79 483 94 263 634 570 227 897 245 659 447 386 651 207 637 330 490 126 829 756 907 558 406 672 139 
347 561 462 630 417 523 746 751 531 806 491 802 507 152 835 448 244 755 452 53 624 902 377 55 833 245 614 579 849 322 142 132 560 239 470 213 789 505 353 675 242 726 475 509 83 287 662 221 680 137 8 403 482 886 296 580 147 708 571 99 369 167 691 341 669 536 298 145 493 358 440 514 739 481 27 853 181 814 496 740 199 822 180 
348 644 176 333 438 196 462 795 343 750 657 830 880 500 280 738 603 127 853 302 110 412 551 409 529 583 502 703 534 692 639 42 751 794 179 782 308 9 336 420 818 801 790 66 517 159 872 859 378 901 26 636 686 312 595 432 226 76 92 272 702 262 283 208 190 739 231 410 141 868 425 852 841 640 856 511 371 215 449 507 741 
349 500 49 323 681 58 900 35 213 196 506 281 292 877 370 10 736 570 394 510 449 1 637 267 249 863 768 531 706 299 175 407 542 878 535 194 81 640 65 88 633 534 20 758 219 530 319 335 719 694 713 895 54 701 33 810 210 99 625 796 684 123 703 855 495 628 501 664 765 717 359 158 489 484 431 845 221 521 629 888 305 278 211 59 871 272 308 199 689 475 400 300 576 817 770 673 441 152 184 615 504 675 505 763 3 375 
350 676 221 434 343 772 549 300 705 306 628 211 449 155 8 642 50 466 40 286 98 736 576 299 638 502 708 377 492 583 367 368 596 208 751 99 695 567 233 105 406 568 720 431 16 707 828 768 706 546 806 888 725 789 701 372 484 340 381 141 283 113 33 269 671 135 677 741 330 339 650 219 318 541 38 247 830 129 473 624 559 527 579 669 237 47 629 137 754 
351 4 668 711 365 95 864 459 119 686 828 7 520 716 646 738 46 401 199 51 300 415 268 544 650 737 253 335 421 125 796 466 763 842 838 605 774 170 211 47 525 279 661 573 105 276 524 687 752 367 854 655 844 775 784 334 761 832 882 908 352 16 173 36 565 395 305 154 392 906 527 
352 414 895 570 612 477 370 726 191 769 267 274 757 163 770 298 67 646 861 252 129 231 682 801 680 57 530 314 354 375 435 843 340 240 212 851 210 746 656 356 470 14 456 710 1 756 807 906 122 684 658 166 132 441 433 625 44 771 551 239 654 126 170 326 431 437 444 217 58 263 704 725 720 146 110 351 899 540 425 660 737 281 115 309 516 66 
353 907 588 784 591 179 396 554 804 747 548 258 39 584 69 81 808 572 303 128 40 225 413 157 336 839 230 649 201 256 343 453 455 799 824 331 359 398 156 263 841 347 154 722 692 471 673 46 228 202 117 101 546 816 675 274 320 278 10 811 419 878 109 660 533 783 848 676 367 310 545 565 390 568 648 836 177 290 908 889 365 448 890 27 54 751 378 618 828 856 
354 558 844 857 181 755 121 541 244 390 36 331 543 886 12 865 260 484 531 276 581 387 358 426 579 17 666 154 610 786 519 863 804 233 62 750 178 577 352 205 41 323 557 689 536 607 360 851 612 175 67 514 363 319 468 893 614 676 707 409 619 370 44 188 373 576 436 792 103 825 16 547 523 653 33 866 320 769 747 265 645 222 814 803 32 751 271 397 114 494 193 196 91 428 466 6 
355 386 673 608 47 209 123 445 774 862 346 597 686 580 240 871 323 503 581 283 543 884 451 705 384 361 111 307 342 22 296 313 438 613 509 892 575 104 48 75 144 60 886 440 883 391 726 647 621 793 331 8 723 798 270 498 129 392 37 522 605 101 121 409 163 634 896 453 320 565 755 662 548 34 321 885 586 119 171 814 92 844 900 474 762 182 377 706 857 526 83 456 418 894 250 518 420 395 792 801 511 863 
356 181 859 519 203 24 165 200 61 377 530 394 219 59 614 167 796 340 696 854 135 592 579 901 14 52 342 745 761 600 442 48 587 55 413 500 736 550 528 197 804 852 729 320 116 73 164 515 71 704 463 352 444 802 94 436 89 694 329 105 193 110 28 522 654 492 803 19 252 47 781 713 314 148 898 192 667 379 643 671 688 179 58 838 240 362 66 624 712 453 897 811 39 
357 311 314 711 33 365 657 372 178 25 54 625 769 326 249 903 829 205 260 245 236 322 361 693 747 573 125 371 76 184 889 472 202 234 156 604 396 678 280 787 310 558 49 807 17 488 380 299 140 451 159 800 770 94 6 143 42 390 187 82 292 689 750 64 638 654 745 12 874 682 11 671 318 608 388 38 256 507 890 428 
358 279 146 382 384 79 187 430 572 836 5 594 93 792 628 80 47 895 74 739 164 354 235 775 722 461 33 803 319 464 381 268 620 808 189 262 455 535 124 89 742 745 418 261 522 795 44 604 755 865 631 834 61 284 82 281 883 615 516 295 648 811 876 332 25 203 94 523 797 831 243 851 675 847 858 194 412 19 222 789 472 684 231 347 521 67 744 493 149 479 211 869 
359 722 271 97 94 254 470 818 489 882 649 21 379 893 859 802 324 86 638 544 45 794 835 402 908 392 73 71 700 808 305 313 257 455 848 353 694 512 867 775 181 746 167 121 521 395 896 364 750 612 499 325 715 108 524 68 408 274 360 732 501 871 349 160 881 471 377 243 591 600 542 219 484 716 621 583 391 415 628 597 411 184 730 503 726 
360 787 72 52 665 27 73 502 729 810 605 751 714 397 786 326 489 30 841 591 471 241 712 401 592 902 780 182 221 124 387 337 185 419 34 598 106 84 303 354 583 704 775 497 582 386 804 477 866 32 661 655 359 749 214 168 672 47 761 225 527 618 893 97 903 268 740 46 565 492 130 291 134 167 571 809 680 486 
361 600 709 510 614 7 772 705 250 27 699 319 816 355 578 908 45 576 180 251 862 572 439 431 733 357 757 220 712 524 57 82 654 92 736 71 54 589 58 821 377 287 481 700 759 692 307 456 440 126 851 881 502 557 388 558 553 93 549 727 428 847 688 367 211 339 222 482 550 773 234 219 511 682 893 568 232 111 605 541 498 34 212 726 786 598 278 732 194 39 
362 855 896 412 561 517 691 500 321 269 15 125 160 824 163 578 95 838 828 616 182 437 98 69 523 895 669 675 48 484 586 439 117 880 375 671 193 760 559 893 459 78 207 377 444 340 721 603 786 64 580 698 708 564 774 430 524 426 110 763 316 368 667 458 529 394 884 875 567 133 480 202 777 228 611 385 859 32 309 690 24 164 188 894 584 187 469 71 782 674 593 393 598 532 889 472 527 356 697 26 617 16 644 718 208 
363 40 345 474 757 259 536 600 789 822 340 771 829 195 818 531 382 551 426 522 491 193 486 104 690 812 180 533 257 170 325 113 676 111 648 508 110 186 270 697 630 681 13 354 339 419 752 268 430 517 137 214 468 272 685 749 741 2 785 730 443 599 262 243 364 267 309 440 133 462 647 164 889 722 25 825 278 504 415 162 842 273 19 
364 179 542 421 31 433 557 530 879 570 546 575 273 625 326 171 430 621 46 524 844 571 207 186 334 446 443 754 567 768 782 390 585 905 847 788 590 899 718 22 616 233 480 875 491 678 816 602 359 614 666 139 908 157 664 202 254 287 907 467 229 476 132 294 695 30 514 363 220 154 107 153 70 452 617 693 307 442 288 367 701 374 119 484 646 177 
365 573 423 767 357 589 351 821 10 112 702 194 205 95 244 486 478 759 87 286 310 8 842 838 447 703 9 678 860 887 267 682 210 380 638 220 407 90 133 545 400 907 94 23 628 781 103 309 605 590 810 611 381 145 524 126 387 570 328 317 593 436 63 147 644 748 329 866 892 873 197 718 160 14 715 787 566 47 730 353 372 239 790 253 467 441 508 462 154 664 82 321 374 776 203 176 768 
366 258 631 105 378 416 143 695 432 718 532 109 726 412 310 642 18 661 47 685 300 121 373 696 31 107 841 794 465 147 285 877 441 369 777 688 279 426 697 99 328 159 607 796 125 644 405 620 39 133 48 783 512 26 875 665 578 509 304 379 93 53 202 628 828 37 510 713 533 891 819 669 164 870 324 545 141 789 152 544 617 702 209 215 664 391 123 276 
367 450 723 671 712 835 57 869 470 897 216 265 807 556 674 517 431 192 251 589 400 891 815 846 208 784 463 635 895 274 92 791 350 86 339 429 25 597 91 524 309 424 297 254 541 281 625 497 535 689 858 676 845 540 640 507 772 343 351 181 173 329 353 870 372 43 361 330 727 410 256 575 392 21 790 481 387 411 383 426 596 442 46 231 561 199 12 872 649 364 385 765 148 529 220 390 842 
368 615 328 494 684 177 580 555 427 185 727 830 502 310 37 716 350 672 161 782 808 101 245 512 166 227 865 875 801 63 15 178 182 643 134 698 526 299 291 524 33 686 557 584 184 316 362 752 691 307 440 372 259 313 851 713 217 377 699 402 860 110 154 135 594 387 771 325 495 895 906 209 889 457 240 
369 809 527 292 583 342 630 341 394 747 653 796 248 751 345 619 496 431 572 419 885 831 278 832 755 250 31 441 231 375 670 321 26 688 73 104 639 663 421 457 196 793 366 510 65 570 736 437 540 876 228 645 397 133 606 600 388 80 488 667 804 30 858 487 477 48 149 765 197 440 897 881 379 302 844 46 17 612 43 347 12 182 480 425 805 20 684 208 813 
370 901 387 352 51 18 649 557 511 276 721 349 97 335 104 57 266 685 572 492 522 740 43 698 98 302 675 559 894 808 246 650 293 372 228 617 877 13 635 186 142 25 611 195 318 569 147 567 162 374 841 241 378 865 843 375 117 525 206 774 705 666 423 722 354 759 337 405 85 401 466 498 514 127 342 65 683 282 890 545 465 706 526 75 153 225 92 589 452 631 668 
371 198 115 660 41 463 657 267 258 796 446 213 566 873 603 790 108 867 514 319 458 33 104 505 701 244 618 204 866 189 818 282 752 823 162 285 384 188 119 47 357 878 494 171 772 211 859 694 75 521 273 52 556 741 203 651 456 234 781 197 300 271 305 754 230 586 411 333 220 190 105 710 477 134 65 127 605 447 294 160 388 882 431 703 348 516 
372 337 670 528 400 625 601 399 357 764 719 827 509 791 197 268 468 450 441 130 790 343 593 21 281 117 261 531 370 177 513 522 780 1 526 494 74 402 424 473 437 778 229 900 641 903 614 42 859 23 902 285 153 429 140 350 18 246 218 458 6 137 278 99 696 648 367 368 289 796 299 439 697 656 294 607 516 365 757 22 16 97 775 421 40 60 465 866 192 54 852 604 335 403 331 770 675 217 782 469 
373 409 181 287 855 764 30 257 629 744 501 755 152 829 797 128 503 334 481 519 632 748 233 820 523 865 122 413 366 728 61 178 447 202 620 758 224 440 151 32 46 209 462 156 211 277 562 809 237 104 385 191 767 771 175 3 443 48 337 74 238 273 296 896 127 637 376 585 73 679 461 33 813 126 521 354 774 735 29 184 407 839 570 144 496 742 713 707 329 291 222 92 466 483 823 897 105 424 246 709 895 
374 240 11 563 550 638 766 331 187 57 375 385 464 434 173 205 765 854 618 397 455 882 466 20 394 328 774 77 892 609 235 556 502 570 611 278 753 617 890 441 899 896 474 250 620 3 15 275 313 255 754 171 900 137 39 557 732 446 407 506 669 877 80 12 500 515 555 17 731 613 202 627 370 849 126 433 716 520 89 473 133 722 897 475 682 229 673 607 501 619 162 97 579 184 108 787 422 365 676 813 364 752 691 610 244 430 720 
375 591 283 568 593 661 374 109 94 152 398 395 54 497 288 106 782 733 169 485 293 820 457 584 329 162 677 610 143 369 362 514 112 69 507 537 336 696 606 352 217 770 714 484 458 676 338 747 592 200 370 423 75 749 139 291 341 780 198 790 307 74 91 41 642 713 111 80 166 408 215 575 482 66 700 465 12 382 871 708 468 274 746 429 154 73 678 349 
376 619 755 66 265 5 225 622 233 579 855 92 279 137 312 451 328 740 457 104 885 809 743 560 469 864 244 185 107 78 415 716 384 336 399 728 156 874 497 672 866 702 570 548 47 18 741 589 826 228 207 674 268 231 701 238 418 404 616 682 512 193 171 373 430 119 760 464 33 417 454 555 823 22 706 32 717 169 478 6 427 620 791 286 341 713 759 875 680 785 630 525 50 196 378 183 80 260 
377 206 560 179 867 107 177 124 581 274 105 817 875 356 86 417 762 296 837 742 863 548 134 287 350 463 496 101 140 529 54 534 49 907 81 723 347 309 395 831 873 340 235 767 755 396 680 232 416 676 362 891 62 510 361 493 760 769 159 109 834 335 753 582 547 857 566 385 689 662 704 684 838 576 540 100 585 426 774 743 806 359 775 243 448 559 171 905 285 368 821 415 355 785 513 839 106 36 102 673 248 706 599 35 825 
378 779 643 366 487 398 416 834 694 277 600 207 488 379 853 746 551 249 197 320 417 509 453 794 452 267 874 7 568 412 345 221 773 713 442 678 822 867 184 478 286 849 410 816 489 603 692 35 370 499 515 607 348 461 560 131 786 558 333 739 571 886 433 526 857 540 484 555 801 687 856 413 621 839 270 237 457 250 79 434 869 376 353 280 520 441 670 431 21 860 
379 440 550 93 433 446 406 327 187 674 49 488 723 346 687 74 901 416 335 378 904 499 779 359 294 896 816 726 906 47 333 728 882 92 620 86 883 869 582 264 91 399 71 139 589 861 90 117 235 611 386 217 658 489 665 648 515 592 777 850 557 208 265 366 172 38 863 245 696 597 329 907 282 504 160 409 369 755 678 681 0 318 356 131 539 676 698 840 682 20 204 817 102 756 878 344 254 487 571 768 
380 107 305 202 571 445 207 696 389 577 682 252 889 587 163 482 244 849 77 868 887 706 2 708 836 646 282 500 806 586 298 365 761 100 42 222 118 38 66 432 668 291 457 828 901 78 620 88 763 289 588 882 608 357 180 34 403 833 552 857 688 293 381 467 416 510 200 328 493 492 570 655 335 711 23 314 466 884 606 240 212 198 430 21 826 301 108 
381 55 719 606 94 523 330 107 603 334 818 800 700 499 533 785 429 487 16 54 586 63 826 279 57 773 495 866 33 690 32 895 117 404 610 170 427 254 358 517 902 813 816 78 318 607 248 481 794 697 317 500 191 365 693 183 498 536 306 545 58 64 874 350 313 616 830 817 245 636 380 142 298 400 459 271 453 314 238 66 80 667 490 512 563 477 86 885 244 488 464 260 95 858 810 476 126 728 163 
382 437 358 660 788 240 139 322 868 783 731 662 779 128 67 755 209 734 293 899 844 363 790 738 710 463 60 704 180 781 0 671 538 213 556 243 812 107 88 95 140 711 317 108 584 610 203 742 80 683 886 505 574 167 747 130 291 845 544 444 176 797 862 852 375 406 474 336 151 721 798 201 821 119 
383 82 407 883 853 227 176 470 475 610 839 530 70 783 330 112 581 819 521 315 461 719 134 502 341 905 429 599 482 39 507 10 89 789 181 548 282 538 252 424 540 845 484 823 140 104 67 525 537 135 300 154 312 211 902 121 127 771 11 35 723 295 222 101 784 177 139 29 197 734 256 814 766 747 492 882 137 310 203 603 367 654 804 631 769 852 848 832 640 437 50 405 541 557 799 486 145 531 803 797 316 706 
384 462 768 724 231 358 164 221 733 388 772 226 264 63 252 834 501 419 355 614 884 65 832 74 696 905 245 143 9 767 376 61 371 312 819 589 879 166 47 701 489 786 568 200 797 776 550 328 213 431 867 344 198 731 699 321 118 77 559 683 567 591 265 117 34 803 617 666 241 615 551 732 900 516 120 677 459 129 529 816 840 872 852 523 766 651 334 689 50 510 167 571 838 809 718 156 444 132 702 
385 434 308 47 804 166 317 374 211 780 450 331 421 589 144 461 416 132 623 55 390 622 86 400 530 216 4 463 630 244 590 843 878 64 818 242 768 429 886 771 32 253 518 212 534 77 892 229 373 580 627 258 594 441 377 13 399 167 246 687 877 536 881 277 7 815 807 80 598 362 190 290 770 46 107 439 436 631 131 367 443 33 223 690 293 213 747 
386 355 707 795 548 398 453 91 345 523 476 204 218 869 12 309 483 261 560 189 874 746 248 870 222 598 162 320 3 742 516 663 728 774 183 789 879 504 804 650 95 131 163 758 255 379 609 421 568 262 84 658 205 18 293 831 275 360 656 686 55 451 805 788 136 719 552 419 736 572 196 394 21 832 135 272 772 757 624 308 9 346 152 556 138 157 430 740 769 899 489 603 328 705 270 616 660 197 865 192 66 401 887 
387 503 548 577 564 532 370 499 402 897 79 20 800 684 844 174 664 747 167 576 123 432 354 110 182 323 111 676 81 0 890 466 49 681 701 523 360 857 735 815 860 602 674 97 114 553 365 128 183 46 718 340 73 490 729 263 750 543 467 488 52 859 808 775 486 253 343 326 699 248 109 282 367 626 615 261 105 240 455 594 131 368 205 536 907 904 646 584 526 40 250 862 516 130 243 504 
388 682 881 568 676 384 752 580 169 130 494 485 88 611 777 573 187 211 337 595 311 885 142 133 563 309 781 281 425 545 785 125 32 240 536 514 532 729 749 884 257 265 761 439 546 866 60 873 850 892 244 454 481 323 298 874 108 287 98 633 539 821 599 369 361 789 339 450 871 266 115 242 612 443 91 467 201 692 714 393 447 320 631 860 624 461 434 793 301 901 524 740 357 293 371 591 93 185 614 471 
389 732 502 478 584 171 197 871 686 190 575 892 380 629 834 518 270 792 441 33 160 813 401 113 406 742 323 673 133 257 889 646 684 300 682 457 800 296 207 45 28 788 776 670 131 444 456 635 716 83 781 20 437 331 152 738 404 704 447 606 74 91 0 824 246 847 212 101 179 592 261 671 1 36 256 255 740 297 844 735 70 618 58 568 229 596 338 173 11 822 320 434 92 
390 180 703 393 545 151 335 803 181 354 421 135 821 737 672 592 643 684 471 385 3 606 840 884 28 696 250 477 626 634 129 593 117 163 575 102 561 581 364 325 745 434 483 296 875 600 446 24 796 800 147 790 426 580 171 449 504 744 565 40 845 462 204 705 846 836 67 422 787 100 636 0 416 357 353 13 752 326 719 738 310 162 863 892 509 75 521 367 480 259 284 
391 56 85 345 196 649 603 100 559 687 299 841 764 516 308 884 396 161 467 526 584 470 463 870 647 149 318 29 241 708 785 596 338 120 692 757 355 821 598 198 689 107 144 276 527 421 166 197 190 707 272 621 477 542 3 256 167 831 617 340 346 685 535 150 303 126 845 104 435 690 811 35 671 441 507 437 564 359 642 577 418 823 548 731 859 236 816 521 366 688 298 
392 869 526 439 31 715 470 395 257 710 535 711 285 709 569 11 174 789 298 814 899 13 29 723 144 680 571 772 739 848 699 448 721 604 893 359 575 216 393 106 733 38 100 906 64 355 686 270 791 708 903 564 525 431 210 235 453 263 329 93 611 584 315 589 839 98 218 199 208 809 367 442 73 159 886 18 245 550 32 192 518 502 80 774 137 890 537 851 271 779 268 220 828 351 54 
393 571 850 390 702 510 904 797 819 346 125 676 837 859 648 884 481 553 846 189 529 468 886 674 785 847 600 515 264 103 314 893 761 565 120 392 207 536 552 766 335 700 616 191 564 488 324 881 51 154 115 815 873 273 197 867 388 874 738 5 254 237 681 754 252 261 362 91 720 454 286 693 229 292 560 773 623 637 116 
394 290 180 62 100 369 356 619 251 349 461 637 460 411 494 374 724 110 728 60 853 225 144 10 252 122 244 205 280 328 453 314 573 738 114 218 531 298 801 595 343 864 847 523 297 626 825 15 95 423 452 316 490 464 330 565 569 605 489 642 322 438 599 784 404 520 442 777 206 712 682 222 362 767 36 386 160 740 287 165 761 610 169 563 536 866 163 109 283 601 739 778 898 715 281 11 
395 544 750 853 668 855 291 30 809 791 392 224 603 672 706 375 789 658 493 13 528 345 149 829 821 766 473 630 404 854 138 580 457 684 686 841 97 124 377 163 187 518 359 172 768 696 515 767 590 29 776 582 596 229 210 136 252 325 783 188 710 407 835 247 489 622 240 287 339 321 786 652 807 645 19 698 785 689 65 164 204 441 450 285 351 647 355 495 223 811 417 795 904 726 
396 103 687 623 568 420 353 170 548 667 308 281 774 42 397 391 506 185 398 882 320 512 522 626 617 851 167 414 278 81 206 584 504 869 275 703 612 57 31 345 377 746 339 776 246 605 153 428 271 223 759 811 835 67 357 629 26 609 207 802 215 149 579 640 78 313 456 489 47 859 673 446 839 833 131 804 178 845 823 803 852 482 670 156 147 472 254 458 
397 898 260 27 408 781 827 467 877 59 339 473 410 374 449 396 855 360 54 140 890 760 810 907 443 286 507 73 836 488 145 263 569 744 621 208 441 739 173 554 634 790 492 834 428 297 486 369 842 600 660 446 537 419 97 202 229 563 165 224 437 864 816 433 567 612 735 830 480 865 524 107 399 663 33 594 335 424 354 725 231 690 
398 476 908 699 137 14 567 386 378 678 375 859 27 193 690 531 750 67 753 133 434 524 396 443 405 217 516 321 447 765 108 723 697 711 221 266 101 536 353 507 593 401 538 542 13 842 24 280 276 97 688 496 482 464 471 876 446 206 530 850 132 144 506 249 683 109 574 535 264 154 307 224 514 314 333 763 223 56 631 637 210 68 328 53 329 594 566 677 92 426 202 858 800 598 562 581 756 
399 826 442 321 372 491 51 182 534 661 339 587 36 261 505 830 511 105 671 462 280 10 122 207 754 219 97 456 740 510 840 376 379 886 256 144 460 635 776 898 196 905 808 421 563 158 418 483 212 82 427 623 437 459 385 217 218 509 518 772 449 202 310 745 766 12 549 731 34 320 816 526 831 149 482 582 684 525 342 537 31 397 761 495 142 832 128 46 814 162 565 206 874 35 103 876 
400 293 330 372 144 175 710 243 896 367 635 776 9 385 80 298 84 340 879 213 120 312 854 654 706 697 742 779 656 708 499 365 685 719 838 114 613 50 607 326 877 45 846 128 876 43 559 122 791 315 874 161 481 718 855 256 27 895 745 598 623 117 594 736 309 478 800 586 552 129 531 381 195 668 409 180 32 565 325 811 831 349 851 225 108 8 887 494 60 761 814 211 441 314 
401 277 803 80 745 719 193 875 799 152 259 351 66 515 20 819 648 636 276 573 850 208 824 1 23 840 389 656 221 687 88 360 24 454 403 453 398 279 659 725 474 881 594 128 542 568 440 134 154 163 710 750 288 782 109 26 192 858 206 370 299 132 760 46 41 757 478 595 869 827 329 325 298 432 499 73 691 257 386 694 82 778 
402 598 282 2 38 300 387 885 235 703 763 568 409 840 54 469 136 172 571 18 886 906 164 713 11 669 168 359 751 595 209 758 797 887 50 903 230 531 97 204 372 762 142 327 645 324 284 432 171 815 738 257 279 57 498 295 462 328 619 694 22 414 43 537 74 680 218 135 303 225 314 594 59 873 757 637 794 679 859 523 897 852 529 200 368 405 655 734 183 433 804 752 472 256 326 147 688 450 843 461 
403 643 133 708 736 275 531 404 874 144 589 879 452 652 292 168 673 147 886 110 254 445 842 846 478 251 809 487 691 619 467 882 861 208 179 105 437 605 721 106 68 733 709 164 401 897 806 107 447 220 202 603 57 591 454 93 433 483 227 221 141 347 506 21 523 71 35 738 128 380 881 734 108 85 337 219 508 209 322 582 252 88 178 13 849 539 670 490 574 90 372 152 262 245 
404 403 105 147 887 684 711 806 42 222 897 581 150 464 255 901 699 731 283 188 381 395 180 535 825 64 784 332 555 574 266 228 236 777 649 45 335 668 175 818 512 37 148 705 269 792 673 376 229 759 133 389 394 536 202 281 599 572 264 514 203 513 94 145 587 889 237 721 866 220 732 609 10 157 230 675 568 714 787 859 693 182 86 583 465 876 511 
405 715 214 579 321 589 157 448 93 745 687 869 689 739 870 398 492 4 153 290 494 410 154 732 115 510 868 456 890 330 292 198 100 520 49 705 273 636 883 191 95 194 428 484 526 281 531 366 695 82 899 117 471 155 642 240 137 283 308 717 79 627 277 880 128 206 370 734 849 22 486 199 785 402 802 679 809 238 193 547 146 466 383 197 835 16 257 138 818 766 628 
406 309 379 307 853 89 289 317 235 888 230 127 130 53 274 670 111 6 769 262 441 153 632 167 750 389 133 314 98 479 789 425 651 473 450 524 157 795 350 264 77 525 636 465 51 710 799 154 331 527 767 798 421 185 316 477 743 746 566 286 260 256 703 460 422 619 859 889 758 537 602 745 806 76 811 518 470 802 382 770 749 456 135 346 335 
407 208 816 383 673 327 762 731 73 269 883 228 498 221 28 599 694 257 349 785 802 672 143 908 721 544 602 108 685 826 713 821 803 851 365 138 801 741 642 308 853 337 612 136 885 374 760 62 714 417 332 793 865 774 159 53 115 395 788 197 304 303 887 96 644 724 514 306 535 651 495 30 636 214 582 373 14 94 23 272 763 157 215 676 238 536 150 475 750 607 133 89 450 46 508 276 267 702 
408 629 23 727 397 156 841 772 547 509 656 767 455 521 417 105 739 501 562 321 508 722 93 513 229 426 829 786 683 249 639 794 763 587 684 649 242 472 717 901 240 113 723 904 138 263 446 359 716 582 713 183 15 418 299 756 223 693 494 437 873 464 319 883 116 601 785 61 551 375 652 852 597 776 21 698 782 580 832 465 
409 649 769 373 786 206 257 425 736 757 170 827 88 9 402 334 522 165 531 713 419 59 77 312 489 523 616 273 261 348 709 234 601 247 692 440 95 10 529 158 793 533 355 438 825 667 63 762 121 279 818 354 379 128 293 109 715 538 209 897 778 652 400 42 846 656 682 2 162 5 426 156 79 685 454 902 539 893 579 111 
410 843 313 178 122 758 701 620 107 504 397 526 205 201 299 617 556 902 67 42 405 662 699 516 723 208 22 217 550 628 633 811 10 411 171 316 782 306 41 378 416 183 29 128 295 671 246 251 112 118 474 844 463 321 559 281 367 468 190 707 663 729 833 599 781 477 895 427 154 318 675 348 693 574 716 174 583 439 487 161 609 649 498 38 539 566 767 5 153 421 258 315 
411 272 653 869 465 254 802 54 146 832 878 394 760 621 685 716 592 897 74 432 529 426 578 469 659 231 876 810 824 187 285 306 457 828 410 413 690 593 558 711 557 501 793 521 636 590 839 727 336 857 753 371 48 858 522 290 777 199 425 788 768 776 524 754 256 148 367 823 574 707 218 650 19 862 576 606 692 107 4 42 30 472 359 215 805 642 517 640 
412 644 362 447 580 474 443 496 183 613 517 819 177 483 169 191 366 89 342 346 320 464 774 287 130 507 24 329 869 16 734 617 322 88 527 126 626 348 378 520 849 652 2 186 880 209 646 893 522 262 592 57 219 790 715 772 851 424 55 41 450 94 75 296 297 220 688 4 581 612 802 848 358 512 127 484 908 871 758 456 750 705 488 10 259 836 275 51 178 640 853 892 666 
413 520 679 551 182 743 800 142 900 304 629 36 41 822 7 117 799 803 726 353 792 763 233 148 686 373 459 759 840 356 690 178 143 411 543 428 697 878 65 430 108 584 828 473 728 498 50 577 605 587 83 791 450 530 801 429 46 706 68 592 667 317 536 850 633 720 582 565 191 12 531 668 598 732 14 897 784 82 777 305 378 838 749 51 687 268 1 30 186 754 865 435 151 22 869 236 344 517 811 
414 308 352 786 201 702 756 136 507 809 738 207 885 196 840 255 117 8 446 2 551 306 884 171 29 100 841 701 800 396 418 830 467 131 95 778 839 334 200 78 791 459 450 797 696 599 264 272 268 639 829 524 629 874 402 878 260 498 286 173 646 772 332 72 302 73 484 319 533 612 1 870 622 891 338 238 109 315 434 415 858 186 217 539 835 525 244 
415 315 641 117 483 740 887 666 96 200 638 867 613 156 848 712 785 110 253 351 38 376 516 813 818 305 838 683 684 479 877 532 39 611 640 800 863 657 541 417 167 251 855 582 442 871 905 457 781 71 678 288 157 266 444 114 47 628 832 418 752 451 846 300 819 713 377 536 359 809 667 46 295 642 771 363 618 414 310 318 521 131 660 152 243 77 259 16 
416 760 123 220 825 767 90 366 378 583 95 578 235 137 212 208 737 379 822 703 385 847 433 262 141 634 838 431 516 272 473 486 289 171 545 305 253 878 57 335 377 230 35 521 69 517 410 620 618 441 493 819 569 533 254 716 877 390 439 498 593 680 380 632 443 644 853 55 765 46 579 282 109 857 839 742 265 664 102 682 481 565 132 841 586 535 706 
417 214 482 549 487 436 805 863 529 347 306 622 789 159 628 244 27 377 631 562 620 672 257 839 582 408 569 50 272 378 883 466 632 757 807 191 825 83 652 97 339 502 31 759 442 586 576 634 731 407 342 178 472 215 207 816 415 297 802 705 769 709 69 24 758 56 17 376 860 500 557 507 42 809 885 551 543 596 54 110 712 539 903 747 79 114 345 793 699 245 534 53 253 730 752 269 96 395 629 696 527 313 
418 673 472 525 542 118 786 804 813 784 242 98 292 539 693 593 724 69 22 337 414 627 902 104 237 121 228 740 67 441 770 614 47 358 78 536 853 399 888 821 474 232 191 732 63 775 376 293 638 834 814 885 408 678 97 624 415 0 12 342 603 581 580 424 15 720 453 391 355 513 631 283 769 574 135 304 610 318 851 637 
419 855 687 297 5 893 901 136 803 647 800 836 455 503 719 8 420 384 707 818 522 567 553 369 63 880 409 277 55 683 809 440 750 557 712 478 49 796 816 64 442 489 173 270 744 228 30 106 219 787 894 56 705 882 360 165 315 321 79 465 171 685 363 179 772 428 278 766 353 248 757 135 397 563 715 865 48 889 158 386 598 745 471 748 214 561 34 891 143 597 639 620 775 153 769 65 19 810 216 261 72 286 226 560 98 
420 725 396 434 758 797 167 172 769 501 569 419 639 583 55 483 904 626 525 731 692 47 46 795 821 208 893 722 239 860 493 307 148 783 213 814 8 896 563 815 348 777 144 817 38 322 551 124 791 246 487 78 482 628 251 516 684 539 443 125 205 20 343 759 274 177 432 580 775 661 281 831 632 555 587 183 471 221 743 170 218 530 760 481 355 772 480 57 
421 145 364 81 185 522 454 483 435 390 755 767 907 266 634 5 641 336 780 385 622 36 565 514 56 88 67 621 20 838 242 163 433 158 351 110 788 789 130 369 738 391 589 680 157 441 42 443 564 335 155 331 107 399 386 137 866 871 434 705 679 338 596 741 579 501 406 635 40 265 220 784 570 708 856 646 897 796 0 735 749 473 774 280 228 201 193 607 15 253 471 581 845 523 301 372 601 180 848 144 555 768 290 307 410 
422 864 774 748 459 138 731 330 100 228 0 339 32 153 452 250 620 271 66 859 539 436 85 449 482 562 708 752 857 178 673 699 844 768 494 577 594 551 593 776 40 469 606 481 787 733 633 638 645 618 227 184 771 406 235 390 84 164 835 843 734 712 721 149 105 548 94 256 697 664 341 219 172 497 374 70 280 877 522 309 318 808 603 54 615 82 301 
423 795 618 365 302 673 495 773 18 286 597 463 227 620 522 319 467 178 137 793 118 675 634 278 461 545 814 666 878 432 438 140 881 577 54 853 562 101 884 280 515 573 513 783 154 465 781 87 899 1 450 546 43 902 394 535 886 457 541 375 871 238 704 698 547 225 346 491 281 205 370 446 193 266 24 895 159 711 898 746 301 143 594 344 53 445 
424 153 499 70 890 169 504 899 38 842 564 611 84 92 294 66 705 109 612 140 644 39 598 841 383 128 163 676 769 326 562 704 20 76 367 726 115 305 372 185 277 866 528 642 436 536 310 531 654 870 824 198 868 412 77 58 22 640 287 488 897 508 786 847 561 316 108 867 68 141 621 586 495 887 89 418 253 36 663 281 282 129 636 249 549 397 745 625 81 651 193 373 110 456 885 637 263 
425 863 811 0 574 691 268 740 500 483 283 185 476 46 409 339 706 218 715 861 728 589 324 9 88 196 388 838 790 490 84 406 180 696 47 628 905 814 784 578 183 631 744 611 137 226 267 693 96 319 265 839 292 6 436 661 739 202 109 857 284 91 40 257 171 601 277 471 522 169 803 651 868 309 841 187 411 670 44 752 656 101 45 675 451 124 716 794 369 510 472 348 271 304 352 612 72 
426 496 467 300 141 8 817 901 40 84 640 589 504 544 363 354 756 859 253 273 739 675 43 86 411 330 554 54 212 227 296 780 408 148 604 823 788 783 242 856 630 557 32 366 758 190 563 192 747 830 390 469 11 7 681 634 760 305 708 732 362 111 782 377 812 328 173 241 283 269 847 367 139 155 157 459 650 890 409 444 497 81 730 106 566 87 582 398 445 71 577 44 114 647 
427 681 156 590 746 524 827 442 858 581 458 770 323 368 271 7 803 148 381 99 238 815 479 268 546 797 250 760 516 651 882 812 484 317 907 191 47 146 72 109 242 608 399 877 758 857 641 200 637 3 155 111 54 689 273 810 120 625 207 732 376 410 229 572 701 104 11 655 508 474 265 260 762 457 30 577 284 773 645 
428 117 560 31 768 492 481 532 174 500 754 656 452 590 719 199 643 780 808 585 217 343 507 307 205 858 53 512 133 737 816 640 781 510 753 413 341 300 128 724 396 663 238 405 136 397 721 89 344 62 288 742 419 644 739 711 208 361 41 595 186 255 767 680 99 177 451 287 43 0 267 728 600 290 868 468 293 536 783 165 450 169 501 662 603 354 357 
429 253 159 749 837 543 583 833 194 898 130 65 846 525 556 381 533 614 46 294 383 477 761 187 75 481 254 137 601 617 104 385 227 367 144 141 780 777 640 192 174 35 644 651 68 674 790 50 856 637 175 19 372 18 413 628 109 69 786 867 295 721 303 673 825 766 866 95 890 81 512 693 344 819 641 589 707 873 565 17 472 597 782 460 899 546 375 769 755 688 624 83 233 
430 0 806 358 70 451 14 364 490 458 885 250 152 858 160 295 175 656 689 709 285 90 668 513 554 304 413 493 907 189 488 566 340 877 714 131 621 362 648 479 363 180 464 523 159 376 833 31 852 111 35 191 850 127 820 624 208 583 788 724 40 843 268 797 866 386 736 815 20 72 543 651 485 380 323 374 
431 308 266 871 801 641 434 252 367 789 369 791 661 324 139 496 653 74 416 477 738 823 278 569 145 361 508 468 545 824 797 62 879 878 725 350 557 438 329 501 895 668 54 88 384 780 71 392 172 689 580 257 495 294 279 344 349 493 274 565 764 584 440 11 785 706 169 842 607 352 775 803 776 588 162 226 37 532 753 371 17 320 808 338 378 
432 110 91 830 778 162 794 441 549 366 506 557 28 387 479 451 601 447 590 438 877 411 724 476 423 879 579 121 167 529 849 264 59 646 215 907 624 746 718 701 527 628 839 156 380 786 33 531 402 475 282 70 149 454 823 589 267 668 699 301 865 634 659 744 34 141 511 348 52 791 505 326 648 281 420 294 671 450 610 876 401 38 103 308 740 133 235 773 755 434 
433 581 486 886 289 379 364 200 563 216 720 234 320 762 65 786 416 666 690 721 493 556 229 492 876 575 421 592 560 664 151 202 564 252 656 698 477 677 455 803 580 539 297 312 403 117 116 374 292 105 505 196 550 827 112 868 585 624 783 788 826 352 340 191 526 397 835 293 378 275 680 588 402 870 458 271 95 524 221 675 470 136 179 
434 684 385 322 350 883 446 420 855 154 188 725 374 281 189 431 120 104 164 516 754 151 850 556 875 398 34 213 25 551 561 862 298 108 898 123 650 313 833 733 860 311 231 36 179 606 301 137 390 622 577 62 887 236 621 526 320 264 467 663 142 605 55 157 70 421 178 332 540 711 515 323 724 601 818 147 272 90 679 80 210 19 460 30 669 497 830 678 677 740 265 338 297 125 819 38 259 388 492 378 644 309 590 414 514 816 3 705 294 389 432 241 747 664 
435 325 763 203 128 677 446 692 794 421 798 855 77 492 546 800 687 661 278 259 672 181 771 18 876 607 780 540 16 838 527 229 628 240 778 352 331 659 849 490 860 890 143 173 533 848 276 609 155 786 17 296 623 654 391 182 638 484 756 766 631 206 164 469 222 474 165 14 702 183 776 603 413 466 291 905 509 
436 6 70 417 16 148 442 484 532 883 586 196 759 422 803 188 488 686 727 568 672 60 747 246 793 455 738 39 424 23 129 734 110 52 523 588 425 356 693 365 290 89 725 227 630 331 661 208 320 469 354 895 705 490 184 800 293 474 701 292 674 385 173 216 669 327 629 819 863 597 545 633 
437 153 160 259 382 645 803 195 334 196 604 5 881 827 882 226 626 316 693 758 851 288 753 873 762 814 33 362 63 246 403 887 177 555 731 247 683 603 840 216 372 553 667 333 369 864 305 399 389 506 579 109 730 206 94 526 163 57 95 564 852 794 53 187 119 515 493 670 146 46 648 245 298 397 408 671 391 87 264 902 352 383 318 777 551 275 904 862 627 70 450 126 632 158 45 202 440 439 
438 471 47 542 348 476 227 36 104 702 883 6 310 581 851 568 515 109 443 652 511 80 868 789 355 432 273 238 423 593 487 513 286 277 228 65 330 44 855 81 603 7 659 846 431 898 200 533 191 32 723 711 758 575 707 546 850 325 394 409 147 113 748 195 684 624 796 700 18 667 189 690 783 168 254 584 502 336 338 665 873 862 631 619 
439 392 857 552 168 583 530 789 721 720 907 791 666 469 539 174 219 249 323 872 21 361 4 134 459 114 362 210 442 100 75 150 388 310 719 237 893 14 346 281 131 850 198 705 9 163 308 686 42 263 777 23 270 289 169 678 713 269 58 164 110 240 416 490 691 72 307 759 139 162 372 227 708 304 79 193 56 197 385 191 896 10 166 204 702 190 333 467 410 465 668 528 845 693 805 306 437 309 
440 206 547 379 834 851 248 121 73 344 452 569 706 526 299 629 60 888 763 510 656 419 870 641 643 271 666 240 318 263 692 489 469 355 639 175 280 901 516 669 212 373 57 783 409 875 725 110 209 460 401 578 361 177 843 61 559 207 444 448 574 159 137 307 70 31 368 615 369 218 126 51 231 133 431 363 498 301 296 147 555 292 757 171 854 347 520 747 269 261 192 592 52 142 907 632 437 21 
441 516 328 40 791 554 171 477 457 432 185 686 86 680 484 835 456 830 837 389 92 372 406 585 797 660 569 828 540 110 374 369 225 286 635 31 887 14 879 244 208 717 418 366 274 397 906 421 673 299 776 595 157 243 804 515 529 726 633 574 601 468 141 201 124 416 541 312 385 502 322 567 506 564 258 33 205 7 352 507 843 907 851 596 812 333 521 578 391 751 705 77 338 181 165 621 276 365 122 302 527 71 571 760 395 349 898 478 885 259 378 897 400 38 182 728 
442 268 343 839 399 865 749 427 733 746 333 485 171 843 436 298 463 713 332 700 110 647 149 885 613 479 16 763 277 26 805 503 61 562 419 792 168 481 761 439 356 378 776 678 33 417 337 654 141 514 615 253 260 877 731 837 290 415 31 80 459 840 677 92 314 265 394 501 41 342 588 309 757 218 64 66 461 520 672 392 721 510 137 367 146 47 696 5 680 616 631 765 630 364 235 703 716 565 283 541 596 561 862 508 
443 542 266 412 341 467 724 314 612 74 623 538 869 870 398 453 76 744 438 220 364 618 249 858 71 113 188 812 237 474 333 397 633 535 806 708 725 834 337 258 421 268 174 106 123 118 539 798 815 556 373 795 788 449 468 184 579 273 575 163 639 851 363 388 905 448 879 416 420 594 295 655 264 478 460 319 674 531 816 63 60 562 385 24 288 315 323 
444 890 247 680 70 202 188 609 23 146 66 514 661 741 571 263 455 816 176 793 843 43 554 244 573 813 882 219 600 897 143 659 623 682 89 291 108 335 711 204 11 362 389 608 161 706 602 489 863 260 356 712 90 831 53 613 634 52 103 581 99 274 440 135 877 899 415 173 272 756 597 675 847 842 296 490 382 666 276 472 213 141 452 621 555 338 119 82 887 352 294 477 551 426 705 528 185 468 343 269 716 384 
445 29 634 193 758 666 355 564 158 157 380 469 82 522 489 861 659 792 403 702 67 217 177 186 559 811 60 701 678 343 256 529 201 683 242 704 209 858 794 241 136 134 851 759 855 460 68 828 693 479 337 753 593 266 293 281 249 490 285 341 42 732 819 673 715 897 889 315 318 575 639 567 538 49 18 308 799 184 162 86 679 142 853 791 612 689 552 37 601 426 653 274 745 744 130 189 558 720 423 
446 801 484 232 379 434 41 435 371 707 887 60 478 277 809 414 837 32 858 656 144 63 26 97 461 275 609 641 364 794 85 314 786 836 264 676 65 149 691 285 471 0 687 253 600 81 793 554 715 811 269 906 48 733 57 374 390 882 898 625 290 722 853 111 702 408 820 204 64 398 397 289 118 3 175 36 782 537 329 735 491 37 655 61 23 850 196 396 293 876 893 423 821 267 301 226 227 596 582 721 235 533 317 855 169 138 542 663 483 191 
447 765 412 771 334 245 79 829 839 726 520 67 882 252 485 695 518 688 182 471 25 432 702 365 398 537 497 373 227 721 291 403 477 634 677 75 305 97 452 199 522 891 389 592 779 894 711 796 809 621 120 656 104 553 81 908 388 750 512 265 346 142 763 371 237 888 568 605 191 494 132 
448 709 781 742 259 220 726 806 467 83 405 60 227 743 685 36 504 869 321 347 320 176 91 764 392 209 567 896 878 501 66 264 513 69 641 333 711 658 455 859 190 493 594 879 339 82 892 609 776 460 760 173 269 440 608 246 470 454 15 587 54 125 157 443 637 140 377 468 118 626 18 208 20 10 519 45 670 353 884 268 536 866 90 331 21 
449 830 683 465 732 733 158 94 689 171 210 852 350 784 349 397 656 185 155 874 173 422 503 522 25 218 838 51 690 274 188 648 726 770 335 783 833 643 194 513 85 66 747 160 181 29 253 671 469 390 111 443 150 324 691 322 248 484 886 399 645 144 572 153 736 581 629 79 207 893 565 825 0 799 143 525 827 526 782 896 840 340 622 591 708 348 584 778 
450 367 165 800 761 685 289 303 385 835 287 656 88 263 556 317 591 168 237 372 672 120 503 316 474 519 831 694 899 275 167 742 781 260 637 453 15 77 406 677 793 2 621 20 414 127 423 771 252 707 876 493 535 31 510 132 618 110 246 600 478 318 625 28 413 495 6 412 248 327 388 868 895 208 871 144 149 330 16 104 613 141 566 85 180 795 863 714 737 108 432 896 428 568 729 655 12 808 437 395 658 407 704 468 402 660 226 195 
451 104 47 23 874 430 32 143 205 482 800 694 376 11 168 4 549 634 355 716 432 12 601 649 734 891 849 785 536 572 824 725 25 341 86 706 792 162 637 586 701 631 676 499 292 136 742 192 209 7 274 275 551 282 19 386 357 865 458 656 607 682 261 415 464 428 503 159 425 225 703 726 73 641 165 286 774 857 669 806 876 
452 481 17 517 470 178 834 3 832 532 796 403 801 428 440 795 422 768 260 646 584 347 46 378 805 648 313 274 774 78 530 782 590 780 585 751 21 314 237 468 394 781 896 166 447 151 235 126 607 823 51 146 193 817 615 224 566 732 504 874 53 702 31 565 529 364 444 299 685 814 263 645 36 253 536 500 519 569 77 882 370 534 
453 500 671 857 236 788 626 656 151 386 3 268 550 477 875 630 890 669 145 849 443 537 639 149 897 378 190 244 704 202 394 596 698 450 353 401 790 675 617 260 882 322 635 113 706 614 250 653 323 455 797 906 258 815 905 517 819 584 871 208 703 884 345 463 677 286 392 110 355 309 777 557 29 381 320 733 771 802 480 228 418 174 624 805 308 224 606 356 335 868 691 147 14 859 166 306 
454 30 200 846 421 652 595 538 158 457 708 615 607 547 750 282 340 47 563 26 665 255 754 33 101 217 564 61 544 337 401 18 515 243 878 633 761 702 554 670 388 403 203 522 696 240 208 343 614 247 432 315 826 675 313 43 341 877 589 629 448 376 689 874 269 318 726 498 138 140 54 620 189 646 130 323 793 590 409 757 393 49 873 673 651 
455 54 849 788 834 419 185 374 748 838 408 70 631 614 43 308 707 138 241 444 175 888 571 291 494 289 467 336 353 615 851 358 359 540 667 30 589 436 907 45 433 453 83 657 68 115 448 154 198 854 518 505 650 804 525 314 832 830 892 325 542 886 816 765 766 302 80 554 539 5 387 341 594 654 592 622 143 512 125 529 882 193 807 655 733 127 119 263 330 
456 761 600 603 801 627 277 197 240 174 595 893 516 29 643 274 221 620 622 441 50 615 650 251 153 171 501 481 858 27 668 878 556 750 399 317 159 405 483 265 116 45 855 177 629 389 559 754 819 151 862 205 371 691 812 361 714 352 127 594 114 703 396 869 79 224 93 549 458 215 123 779 305 606 269 525 412 165 740 482 720 355 766 530 732 519 711 512 406 424 
457 487 65 840 508 648 135 849 441 298 500 331 111 454 376 795 375 512 723 874 226 580 775 649 644 598 82 395 4 228 737 787 330 1 698 35 389 411 195 369 504 271 320 573 804 292 278 675 543 780 329 537 380 423 276 326 91 415 695 657 672 241 486 815 484 803 231 772 197 544 299 45 866 83 313 7 859 686 58 378 178 427 217 713 345 789 72 81 496 368 40 
458 791 830 523 711 865 899 783 682 112 297 128 543 427 159 601 667 482 800 430 371 860 608 53 34 671 594 520 552 151 54 529 806 143 493 562 261 590 375 209 94 10 141 769 109 625 331 843 372 892 191 18 668 451 362 759 307 166 456 291 827 253 600 685 642 78 853 223 50 133 574 561 742 232 564 639 149 433 146 17 5 226 580 741 396 563 
459 616 351 422 129 764 136 544 6 813 157 879 472 773 474 702 610 886 761 462 66 839 598 684 439 413 747 607 608 324 728 304 884 414 362 699 484 740 56 697 314 188 581 333 547 622 399 152 670 811 869 328 442 680 890 62 178 543 262 872 737 23 327 785 653 627 130 757 381 589 13 791 255 578 527 634 310 842 426 724 624 384 639 242 716 538 8 629 614 336 217 749 2 
460 637 128 149 342 241 394 538 744 125 253 581 336 520 166 662 776 190 227 711 796 339 712 182 231 399 681 560 315 183 35 629 718 760 641 88 666 473 301 151 47 445 440 486 483 762 338 539 906 566 41 873 178 734 448 290 842 746 406 58 863 855 434 714 592 5 87 845 594 100 443 832 105 106 314 650 429 124 699 878 610 167 202 601 
461 6 215 643 56 853 155 10 300 773 683 283 383 855 394 639 385 168 775 285 446 175 291 1 906 588 893 630 219 778 289 55 423 599 358 486 141 217 122 245 716 579 899 648 57 652 585 547 703 32 685 614 308 835 535 127 35 567 798 561 305 468 727 28 626 342 863 507 193 483 811 378 660 373 242 317 339 157 505 442 563 78 762 701 514 8 733 644 388 230 650 710 338 251 709 578 512 675 557 115 783 502 620 641 613 402 477 271 
462 229 384 751 735 21 167 347 336 744 120 598 348 836 541 196 871 858 596 650 286 508 280 478 399 638 36 629 850 141 889 756 459 47 268 856 260 288 870 248 13 716 305 580 373 142 470 163 8 107 172 630 715 469 9 402 245 102 577 2 706 180 773 390 110 589 507 160 72 519 158 363 587 166 322 164 805 859 667 325 3 365 827 785 549 631 340 768 873 565 
463 623 134 257 371 806 826 263 775 907 730 175 690 155 442 783 423 478 203 285 537 574 748 367 391 46 377 382 385 874 503 908 836 790 113 743 732 738 252 118 130 645 609 889 502 904 132 819 800 702 207 168 766 479 710 256 856 764 356 269 464 821 453 543 474 28 490 410 471 318 53 894 45 29 37 641 342 152 528 138 512 124 842 674 681 699 172 79 612 658 144 536 673 92 686 75 184 
464 696 783 316 787 748 317 874 31 207 542 374 138 35 547 511 293 100 404 771 497 283 288 516 97 870 412 272 759 117 499 302 515 358 906 489 245 635 595 260 647 613 222 104 227 850 524 523 699 15 491 479 287 791 237 394 697 398 498 93 218 82 463 20 645 7 536 430 857 339 708 376 246 865 877 495 208 62 571 657 758 408 451 150 381 539 814 113 233 555 204 656 23 512 833 653 292 
465 636 855 113 526 449 411 292 260 264 780 315 573 109 500 582 534 177 687 698 147 806 672 216 821 84 203 286 366 897 142 700 303 531 114 15 908 423 406 756 514 542 80 516 419 586 738 884 71 583 858 317 44 336 469 506 647 18 153 327 711 805 907 257 375 283 250 649 820 372 57 370 439 243 7 893 270 188 404 808 535 527 251 277 495 408 
466 45 86 11 59 803 135 713 374 823 162 350 209 725 488 888 76 653 830 569 528 729 529 417 141 631 387 530 600 105 706 513 317 881 630 246 802 25 27 711 351 15 776 775 789 599 339 163 717 607 26 258 268 727 286 272 169 184 55 227 772 2 636 549 822 191 827 497 172 734 108 572 147 370 30 854 405 583 518 294 373 688 380 545 149 613 263 869 435 581 354 56 
467 426 853 133 716 127 397 443 814 845 448 804 99 742 391 27 423 882 334 89 330 771 403 643 107 189 93 747 455 342 414 807 870 640 83 244 47 628 434 138 561 234 250 339 646 289 188 834 0 528 533 878 798 586 790 690 554 594 173 364 323 661 673 726 387 822 254 388 380 595 365 778 505 664 715 101 892 128 850 126 439 648 26 98 219 488 619 864 489 337 734 
468 21 595 13 44 736 95 887 182 120 616 128 340 480 555 197 183 112 372 141 177 522 78 894 393 885 322 431 779 59 607 108 68 849 580 297 310 835 33 52 805 452 729 10 461 219 441 236 892 354 443 156 651 363 163 890 501 266 283 673 768 690 136 643 38 410 829 700 498 448 289 61 549 428 77 301 171 617 821 304 174 375 530 450 444 606 611 
469 599 604 125 580 679 321 669 634 445 903 70 39 476 740 638 602 168 316 313 504 439 529 621 30 859 730 56 822 402 147 376 804 820 204 567 294 7 767 4 639 188 766 411 440 662 777 116 181 792 528 618 793 901 426 449 422 462 871 159 0 680 146 513 597 521 846 465 90 179 551 436 162 238 812 121 435 106 808 875 362 619 333 49 833 248 543 330 533 372 
470 234 513 629 452 614 138 383 6 714 392 367 319 786 573 359 908 111 331 811 281 267 23 600 698 391 471 565 283 728 530 473 774 736 905 871 716 489 160 528 529 113 301 682 547 148 310 43 347 300 883 80 462 625 186 897 644 825 762 288 352 607 817 202 82 292 632 448 869 326 494 738 109 742 480 756 165 597 824 41 307 406 724 771 39 344 100 312 499 144 127 680 603 903 711 712 433 582 
471 438 231 585 209 544 879 734 51 905 523 178 292 494 656 530 103 390 96 1 470 713 447 692 700 328 884 679 680 570 114 446 479 360 800 565 133 834 876 336 896 559 797 353 516 509 776 472 672 817 113 689 597 634 19 566 487 398 405 771 708 666 112 97 120 762 425 548 805 463 419 838 41 359 156 225 338 555 108 248 169 54 732 558 147 258 421 226 508 635 698 277 420 840 752 189 64 874 87 24 814 676 37 388 
472 113 558 884 9 272 855 309 899 418 179 42 851 788 339 194 83 459 580 228 217 108 33 907 261 476 14 165 690 800 544 500 599 337 330 130 59 276 662 293 357 471 654 193 408 657 417 234 13 338 295 4 567 181 619 875 300 908 569 561 189 92 88 826 679 648 658 144 444 329 879 891 596 140 608 742 564 358 425 65 362 429 808 402 592 411 701 902 246 749 905 396 743 
473 516 770 216 194 25 548 550 202 397 227 701 676 504 72 475 669 253 395 470 890 20 416 866 81 161 648 406 158 8 829 863 581 203 18 839 697 628 210 694 100 873 372 796 342 413 460 543 780 850 776 635 685 752 333 195 775 786 278 802 489 626 756 622 67 374 181 830 225 421 231 111 492 820 110 61 19 218 165 811 514 258 29 875 293 570 121 858 137 503 70 350 715 824 876 99 507 90 302 
474 125 76 624 363 218 103 869 644 412 236 331 550 852 246 69 796 234 695 875 321 324 876 459 880 659 38 760 767 728 450 443 551 64 374 491 766 149 172 868 614 252 122 610 769 703 401 781 73 235 418 543 37 800 552 505 854 855 163 150 463 558 612 410 143 308 535 865 878 168 598 311 826 214 50 540 30 436 355 667 435 759 483 515 266 35 427 382 732 75 67 897 737 526 867 882 68 341 502 534 
475 860 906 383 197 767 699 259 195 302 473 854 277 263 723 902 227 346 99 707 190 669 907 786 822 22 59 828 820 335 741 176 134 333 706 604 16 495 347 882 579 432 570 509 207 343 127 62 834 652 238 858 374 685 637 232 798 636 476 773 566 656 344 678 349 814 853 114 100 61 766 407 894 571 827 772 
476 398 184 101 501 810 49 491 438 677 867 740 189 425 386 853 169 469 881 500 120 738 283 705 784 754 494 68 241 472 181 533 651 178 432 815 869 748 508 572 62 518 168 730 635 790 166 829 802 492 84 7 36 67 92 803 240 239 196 343 863 836 520 643 546 727 151 746 300 482 673 812 532 569 313 364 537 330 321 267 505 658 71 4 162 325 664 44 475 886 132 639 781 10 597 26 124 579 268 381 561 753 256 842 838 177 
477 612 634 352 441 325 723 453 857 700 630 287 335 211 818 429 288 18 822 829 72 135 75 194 431 884 390 892 651 749 836 621 659 339 742 734 819 447 604 433 134 494 26 611 36 877 625 709 757 820 391 95 120 406 840 360 685 511 615 245 496 674 154 35 539 221 847 695 369 581 8 410 809 371 5 381 592 73 37 795 129 176 340 444 273 225 192 896 508 296 7 480 461 
478 229 759 539 389 14 729 77 771 446 515 463 732 694 658 250 365 318 403 462 164 17 670 745 339 47 0 716 149 419 665 493 609 122 283 253 167 132 783 877 194 856 277 119 140 171 378 312 879 907 222 701 94 343 32 691 450 641 57 174 723 305 906 802 400 606 631 812 376 208 344 173 611 788 443 782 145 667 401 488 675 38 862 441 727 894 60 141 
479 550 131 184 93 881 51 286 640 149 129 808 676 432 259 561 765 488 442 546 307 815 297 825 112 693 638 145 198 346 427 218 471 406 159 622 104 169 61 415 243 39 699 567 100 608 662 225 771 148 103 464 463 824 857 531 740 4 637 706 445 262 272 643 716 220 430 649 183 132 568 661 830 883 279 731 833 316 621 598 278 34 77 480 36 521 18 257 764 862 745 545 532 358 839 11 860 140 
480 132 301 609 775 309 746 906 468 735 101 279 506 491 238 685 107 792 742 616 215 131 692 280 841 877 557 342 207 885 168 364 123 249 607 827 757 527 139 622 886 174 261 669 226 844 80 105 118 89 756 790 103 337 286 800 362 170 659 644 470 794 650 397 479 755 332 453 638 771 104 679 369 626 275 666 142 164 862 727 420 477 590 390 
481 857 903 891 452 669 641 289 428 895 581 726 835 894 818 826 373 854 340 1 393 544 800 429 498 877 456 2 288 681 530 611 880 618 220 442 252 98 7 381 674 28 538 840 325 388 361 94 848 682 300 638 223 587 422 643 261 883 502 41 400 334 40 134 327 597 778 745 692 86 80 717 367 803 76 330 859 56 102 892 259 188 824 115 170 522 761 416 830 902 716 516 347 420 308 501 218 829 645 
482 417 626 108 841 597 807 645 738 622 827 451 902 282 236 754 692 220 458 883 489 383 380 565 614 422 204 334 705 608 300 743 271 764 43 849 638 39 302 207 853 688 312 497 398 897 100 274 811 543 17 347 259 802 484 292 229 498 813 537 94 476 420 184 164 722 361 329 399 767 177 86 375 288 855 672 567 456 211 557 25 396 628 874 788 186 77 29 828 338 760 
483 235 813 855 193 421 415 675 425 76 285 237 38 386 740 141 55 120 412 420 129 882 632 808 743 633 495 70 590 796 902 309 729 106 196 18 456 390 282 74 533 6 291 217 531 608 328 586 399 96 2 168 540 804 626 403 460 641 757 276 509 859 869 544 461 155 852 828 665 708 14 346 15 79 725 139 752 645 216 474 172 611 903 304 373 206 619 272 840 214 814 516 676 138 446 630 600 98 
484 859 499 446 770 14 73 523 728 262 189 436 183 354 441 531 83 27 322 12 383 711 588 362 877 646 311 886 509 117 24 427 661 841 564 272 761 802 459 115 375 820 405 620 823 146 805 636 266 587 319 834 177 607 350 573 482 449 296 905 490 295 293 814 342 204 53 457 853 492 435 349 33 166 773 512 414 610 359 825 684 152 11 578 378 503 412 824 309 516 223 747 200 525 364 718 595 617 99 
485 650 522 669 27 708 607 867 117 442 592 311 236 388 509 196 447 838 702 536 762 18 375 889 231 317 172 288 775 728 189 615 332 22 252 808 341 186 495 281 225 589 712 894 80 86 812 713 806 544 856 496 852 227 680 718 284 60 551 746 91 527 271 869 530 98 323 250 213 658 667 737 690 647 280 832 88 111 626 141 541 150 611 505 322 430 597 133 97 36 741 821 
486 433 63 273 325 896 491 873 125 788 847 504 768 365 711 693 891 636 363 829 115 416 461 766 334 333 108 848 271 588 42 311 593 681 686 602 329 604 752 639 556 640 619 624 460 670 397 770 680 612 771 184 650 842 218 62 775 684 457 324 120 387 796 309 713 832 405 169 143 291 748 66 762 776 871 662 622 299 153 383 837 76 360 
487 457 762 124 417 378 122 893 219 799 381 588 611 173 326 298 705 403 150 803 889 505 775 53 131 438 570 578 195 315 262 193 183 169 700 212 52 881 551 510 139 228 318 763 639 471 907 46 78 328 644 821 755 218 874 213 847 420 369 801 584 260 113 649 585 795 707 648 699 743 627 84 51 730 11 758 410 68 704 216 335 630 675 379 
488 518 619 516 667 379 221 807 235 152 629 771 845 825 378 494 600 875 690 679 466 663 829 346 479 814 879 729 903 308 811 331 648 164 436 678 209 397 169 780 526 576 620 175 735 517 82 86 531 40 430 296 577 56 877 882 393 27 369 677 893 139 357 691 282 906 720 424 3 387 55 862 101 641 905 546 548 532 895 225 618 136 14 833 495 521 715 714 806 131 381 640 496 135 659 141 80 478 94 309 412 321 70 467 900 229 769 801 
489 771 901 699 568 199 23 240 690 746 778 650 107 787 359 445 530 899 518 482 708 360 102 902 593 605 409 832 195 464 470 133 82 278 440 419 186 554 544 761 251 784 561 146 866 384 192 654 444 594 379 682 378 182 394 122 473 127 734 555 686 396 90 634 54 395 51 349 907 134 302 308 865 501 515 652 77 610 709 76 807 867 386 891 895 56 296 658 467 305 
490 20 285 170 226 503 908 502 316 732 492 643 40 126 709 430 10 893 867 91 65 134 880 528 508 904 425 163 556 84 324 155 158 343 308 93 539 781 69 663 812 175 211 659 243 256 4 435 770 754 394 575 885 300 49 180 573 183 269 635 74 445 48 693 906 387 310 832 174 484 628 618 797 463 552 439 274 444 850 381 662 591 436 261 67 879 557 346 103 902 186 403 532 98 162 632 855 518 515 689 329 
491 529 476 115 60 70 399 171 642 689 486 213 876 792 347 261 188 581 165 693 480 752 92 209 363 830 72 813 903 65 802 474 810 833 602 333 905 260 116 814 705 364 820 536 507 7 464 140 68 276 523 839 811 524 286 248 898 133 827 780 181 517 761 335 312 849 423 135 823 228 80 796 742 809 446 526 138 295 182 111 102 495 776 18 665 99 889 87 886 616 637 819 39 702 210 50 
492 84 88 252 877 41 428 341 807 342 525 857 490 777 818 435 728 256 370 645 605 405 76 493 73 350 180 791 624 802 433 62 494 25 269 569 528 808 258 640 23 125 476 752 166 327 527 592 612 397 650 77 646 773 881 151 643 610 324 532 806 268 892 119 551 522 833 383 356 285 484 514 473 790 98 263 299 207 360 380 234 557 854 313 800 38 851 434 159 139 792 335 695 745 
493 736 513 101 536 620 550 191 1 395 710 866 61 687 492 841 433 167 248 521 478 7 200 749 644 185 612 188 420 138 86 766 875 868 458 621 14 695 450 377 899 430 36 507 204 661 584 448 832 306 416 703 652 756 290 198 783 241 211 588 834 895 743 437 630 642 594 319 431 856 581 299 879 380 125 617 760 802 561 298 0 69 347 88 509 615 32 358 103 221 19 688 597 809 
494 142 525 93 306 728 800 286 152 96 308 760 341 388 8 635 368 854 471 300 225 394 488 901 323 476 802 887 648 405 736 862 177 566 455 702 246 658 282 492 327 709 754 197 723 372 689 371 220 422 15 477 726 682 11 832 184 257 600 137 681 228 43 759 638 669 62 789 773 615 557 65 470 14 678 629 273 408 226 7 613 534 865 582 735 106 216 321 262 864 33 849 824 105 905 400 89 677 354 70 232 30 577 447 344 655 
495 809 304 239 191 775 837 30 423 867 641 645 686 732 587 235 202 5 97 671 199 274 381 856 80 660 591 590 279 483 573 559 177 72 241 335 322 805 206 60 44 753 873 679 26 485 854 152 718 475 665 785 758 661 128 285 47 450 709 349 263 133 783 847 791 232 230 431 813 29 464 21 407 554 488 424 46 158 491 309 746 399 824 542 176 803 142 368 395 705 528 465 558 
496 890 426 583 412 209 731 895 727 187 707 824 270 369 47 726 431 680 719 669 880 64 377 2 235 251 109 676 299 869 551 328 20 245 630 715 851 278 30 230 275 860 720 584 181 643 213 902 580 839 85 398 681 485 649 477 84 656 305 215 578 45 706 106 9 210 791 52 256 202 70 260 721 625 725 310 752 329 373 18 488 559 600 506 174 266 822 116 66 347 457 
497 891 200 135 281 312 651 760 609 261 375 627 70 172 464 296 829 306 141 564 617 690 89 750 511 839 447 896 376 333 838 217 640 134 828 20 8 841 536 367 867 175 360 482 121 88 772 523 673 75 831 775 166 26 278 654 211 27 57 589 697 691 120 466 434 613 332 37 635 21 132 179 193 499 644 106 655 422 763 426 226 652 717 167 671 264 239 232 321 
498 777 333 27 499 534 77 550 114 617 692 112 620 23 724 889 149 123 16 407 272 898 788 298 141 481 733 13 808 189 266 139 601 800 246 154 107 239 760 818 143 232 191 355 512 413 464 237 381 852 295 402 586 325 115 816 414 482 39 61 280 4 563 613 103 416 574 259 600 853 468 674 578 454 150 751 440 370 313 90 245 628 776 124 361 151 201 132 215 329 308 690 676 172 697 630 410 523 670 772 111 
499 484 424 201 498 387 562 879 586 345 599 381 330 742 688 860 205 379 851 585 6 513 706 614 696 190 522 314 781 774 464 828 155 830 191 707 59 825 694 119 560 845 400 41 284 902 566 628 726 359 451 313 857 814 752 839 188 270 561 642 892 193 378 175 97 238 287 159 669 153 829 214 31 506 554 92 602 679 497 208 40 58 780 181 470 401 118 673 14 
500 743 349 453 851 671 141 279 362 199 425 15 457 231 308 608 224 666 428 465 11 476 769 660 718 348 158 893 573 599 901 34 237 719 39 380 130 752 833 472 211 32 627 726 887 356 296 58 167 381 516 3 903 374 558 825 867 255 717 532 523 36 861 235 764 290 26 843 417 603 135 225 274 864 604 51 222 649 591 846 174 251 702 65 60 674 117 452 699 
501 54 16 476 106 736 126 839 647 175 420 373 86 545 384 256 784 152 166 608 762 456 7 130 408 232 127 891 876 217 563 827 56 716 12 448 783 842 877 735 233 548 431 411 314 179 303 189 421 882 316 822 690 693 308 274 215 468 349 442 359 671 585 587 756 856 532 745 176 649 528 374 677 759 489 811 529 706 198 632 686 622 849 661 517 333 90 428 883 269 36 304 481 
502 389 882 568 902 801 893 229 868 490 520 639 360 590 504 383 290 261 300 202 560 593 350 368 82 374 783 181 29 122 550 115 602 343 346 417 463 790 721 348 641 812 69 248 128 332 877 577 525 131 509 708 33 763 101 820 199 441 361 761 481 43 754 3 241 205 163 565 158 658 612 246 548 718 438 96 735 265 587 662 392 626 274 51 702 247 704 545 178 474 461 701 844 732 559 655 833 
503 571 887 323 825 202 387 29 585 808 490 735 163 143 201 419 642 764 355 881 812 533 743 373 204 244 742 233 326 450 640 796 159 463 449 442 637 63 110 212 563 120 207 11 92 897 30 901 693 660 313 737 799 771 584 270 814 805 732 785 298 833 221 872 658 879 766 274 58 140 36 1 846 623 769 35 344 907 64 451 599 484 853 758 214 667 297 273 473 703 54 536 150 893 193 359 880 
504 228 690 601 575 339 35 424 115 233 270 518 410 813 623 860 28 502 469 473 337 486 426 448 284 511 839 531 133 93 905 396 300 164 64 749 386 457 343 102 731 218 828 229 659 58 817 390 340 677 318 154 220 261 717 835 205 639 568 452 379 789 3 679 807 241 706 758 646 756 733 201 57 868 586 574 232 363 202 631 45 507 21 81 276 349 889 387 117 585 
505 571 541 580 575 119 713 11 804 20 660 898 599 184 661 399 200 328 371 760 585 767 791 487 330 684 519 303 562 550 50 845 112 753 161 192 542 835 609 600 851 179 152 347 565 624 520 623 204 319 763 306 832 196 899 655 861 474 455 260 689 382 433 181 766 658 215 820 672 461 476 432 850 206 233 730 725 170 749 467 855 124 663 123 31 654 610 485 40 349 46 768 615 345 298 
506 136 544 32 189 1 551 755 349 708 287 95 765 97 89 141 805 432 396 715 689 67 480 196 618 826 735 895 13 2 842 721 564 154 202 809 100 17 252 890 574 539 374 306 711 776 792 124 87 320 673 437 529 73 864 403 771 441 61 288 69 398 79 666 808 649 552 465 107 656 499 211 161 249 565 317 312 678 215 229 622 496 562 309 651 767 94 702 119 262 168 
507 16 269 742 95 414 890 289 597 627 885 100 120 105 725 77 878 164 347 383 1 791 733 649 412 428 684 526 91 849 397 553 687 33 375 326 178 260 398 15 82 621 491 673 835 599 493 779 169 772 726 265 367 765 552 769 461 310 543 462 81 417 162 46 262 119 183 441 886 807 136 4 391 18 882 620 343 790 143 30 113 713 743 2 504 357 473 292 583 98 211 814 554 348 219 
508 582 457 275 901 167 583 119 555 63 801 38 826 49 752 705 678 719 462 660 158 191 324 307 721 689 768 490 190 431 87 408 763 816 476 664 807 784 363 136 776 593 182 221 879 730 18 156 44 138 15 663 344 760 268 62 186 198 47 424 680 811 16 675 150 733 535 219 201 403 196 332 40 135 862 365 471 427 43 330 477 819 586 584 159 407 814 442 
509 819 817 152 109 761 902 743 408 372 485 839 9 302 187 137 543 720 634 894 636 26 174 191 378 143 355 176 244 53 288 888 41 115 713 484 561 678 38 835 799 820 540 586 111 125 471 502 290 735 43 177 708 334 347 875 483 475 366 662 399 303 65 197 749 549 704 61 232 193 836 632 703 185 142 201 898 821 804 584 72 493 390 753 103 148 236 435 772 714 
510 596 100 787 361 634 393 349 146 880 594 902 667 34 538 746 147 26 440 714 566 93 793 405 275 399 567 244 428 487 369 377 735 574 94 778 740 852 450 292 191 15 557 688 715 701 307 722 571 27 766 248 199 194 96 620 214 366 797 663 380 118 764 442 182 123 605 272 748 843 696 425 664 234 849 265 225 384 835 342 807 226 560 885 
511 156 166 106 878 700 203 725 801 240 370 97 464 154 697 604 1 399 438 234 504 84 127 844 497 729 839 851 75 896 712 54 539 576 111 646 540 248 525 188 515 215 222 837 518 527 316 855 585 830 627 672 715 160 477 815 650 828 636 521 39 714 557 612 607 100 38 895 432 176 592 162 66 361 832 21 3 266 753 217 294 348 355 404 239 635 15 
512 338 617 521 254 516 92 558 519 535 151 883 589 729 228 396 457 147 596 788 741 9 270 758 674 304 772 608 640 76 428 368 194 268 827 593 83 121 359 278 825 675 8 404 731 614 313 658 498 600 766 805 366 213 180 376 291 210 724 200 869 331 686 484 301 781 897 463 260 852 381 412 738 429 723 447 564 255 711 155 613 204 321 309 455 461 651 750 456 464 817 113 292 880 
513 470 628 493 655 311 801 903 734 38 44 872 333 42 869 233 813 499 338 774 27 241 262 99 182 438 372 466 408 718 270 37 106 878 423 151 430 898 815 610 611 448 882 633 55 86 161 449 651 557 344 605 67 761 346 70 33 647 469 91 798 843 521 782 666 404 582 632 608 644 230 41 320 109 599 377 272 846 418 313 74 
514 85 340 275 849 244 255 444 371 651 421 605 526 23 220 780 583 388 548 782 544 634 196 813 375 298 874 722 904 687 465 766 442 740 798 802 204 101 71 907 354 663 606 200 80 492 404 668 364 25 407 398 7 57 56 136 473 27 461 93 370 822 635 221 540 648 338 54 888 542 680 347 28 126 201 434 291 
515 885 179 847 18 171 158 22 773 478 401 808 687 85 95 62 92 438 523 134 86 57 745 864 283 464 573 815 618 393 767 454 268 172 726 29 423 604 511 531 329 374 897 722 441 356 395 128 434 379 142 378 873 690 891 47 729 153 298 827 45 530 437 806 56 798 317 564 602 575 846 489 637 796 803 15 735 887 837 707 667 299 788 74 60 474 4 319 743 718 213 606 673 328 490 24 768 49 
516 441 673 846 473 795 704 10 488 512 456 254 391 714 590 817 342 434 96 207 649 464 519 603 12 275 808 794 416 232 398 22 111 241 386 729 410 95 415 76 648 628 594 427 74 168 166 634 440 861 778 706 99 500 471 228 570 465 662 619 240 792 320 271 66 311 143 800 828 668 358 899 790 194 738 703 637 621 85 62 549 7 420 755 63 139 45 545 181 344 372 6 384 304 277 1 684 769 41 551 484 86 602 752 481 539 816 387 906 483 371 352 556 
517 875 178 452 362 873 167 821 239 327 781 202 412 367 272 519 672 761 53 65 10 230 148 752 608 89 551 668 26 41 381 209 198 712 809 807 343 792 79 75 179 191 101 488 78 605 416 453 850 557 302 569 527 116 622 576 491 340 348 363 17 833 253 537 251 47 200 158 646 165 297 693 610 856 48 29 501 637 545 586 45 583 222 413 234 411 718 747 891 
518 488 855 80 210 620 504 280 334 670 389 489 447 528 622 28 274 231 852 36 147 95 58 160 284 257 680 0 385 880 476 337 773 712 282 247 264 395 322 661 265 33 84 511 581 807 610 676 455 710 4 816 866 529 102 847 537 233 769 339 831 797 399 39 65 900 842 81 82 176 161 632 331 648 170 522 751 575 796 100 406 812 597 392 595 466 536 821 252 355 524 530 534 490 699 301 
519 773 735 356 802 736 795 833 280 202 601 512 558 831 292 517 49 727 637 270 256 806 373 516 9 169 758 10 450 814 210 354 505 785 836 158 550 229 766 788 146 265 107 191 907 198 760 115 665 586 114 730 877 629 645 161 331 653 754 118 143 560 822 462 86 862 845 307 276 595 543 448 803 69 676 661 3 188 456 87 729 452 540 526 678 159 578 681 
520 413 330 871 110 275 778 351 447 502 337 154 581 283 57 600 292 4 782 258 710 681 851 186 460 826 333 547 458 530 708 580 221 412 405 60 137 593 505 839 531 858 884 146 743 604 807 696 729 585 293 476 907 674 394 374 206 179 892 180 314 824 304 442 269 633 41 139 597 262 809 750 225 802 440 727 550 329 664 378 613 208 
521 259 691 512 791 247 604 301 383 199 155 21 208 408 553 214 585 167 170 828 145 773 588 593 810 493 204 254 884 889 622 739 741 30 61 718 566 3 359 371 416 219 327 147 777 547 411 746 576 822 511 513 469 742 721 48 13 858 373 99 349 736 866 895 64 441 43 488 479 890 234 907 78 104 626 66 10 358 272 685 601 415 215 390 391 883 868 258 
522 659 625 485 902 421 27 19 532 126 690 275 802 445 423 775 419 228 396 409 870 370 468 363 552 288 187 499 237 203 609 888 449 677 798 865 535 843 300 372 35 644 884 72 48 883 295 622 297 534 827 412 833 358 160 31 144 74 454 355 706 603 789 764 536 447 767 316 309 344 551 356 617 773 633 492 608 858 425 411 209 60 661 163 879 185 785 133 268 326 518 877 733 547 720 481 422 92 760 86 102 283 525 596 
523 846 196 874 381 323 458 484 200 347 386 471 676 801 557 842 339 838 193 822 515 765 260 177 735 672 362 373 280 409 561 794 843 387 143 16 718 581 791 464 167 890 673 653 394 166 259 491 500 436 551 741 162 497 249 677 776 292 238 37 106 226 430 403 659 780 774 700 253 530 570 27 358 299 792 124 593 813 354 402 892 695 222 276 337 114 267 297 421 609 577 384 159 184 657 49 498 742 888 228 344 
524 79 545 156 277 37 757 157 427 613 532 288 538 304 879 900 886 364 576 398 680 283 318 594 333 800 637 266 719 81 690 526 641 361 406 367 694 226 464 93 611 875 365 766 491 359 701 414 62 368 147 231 97 351 567 362 683 117 859 585 34 225 791 48 693 276 821 411 280 655 201 587 282 773 832 397 741 302 43 770 388 433 167 259 518 76 647 849 609 
525 668 79 494 279 616 554 751 667 418 282 492 643 829 747 721 429 907 154 757 307 652 797 561 7 590 632 739 420 69 758 722 646 324 233 857 871 181 869 111 235 383 18 724 899 70 106 587 511 177 406 260 844 98 893 337 701 502 345 21 142 847 189 808 27 157 234 351 579 392 96 821 782 738 549 455 890 199 370 906 876 335 164 292 155 685 128 571 19 898 547 290 399 826 456 91 74 449 729 202 376 484 568 321 811 522 631 414 
526 392 575 465 705 110 29 895 591 276 589 410 36 758 194 262 711 550 246 440 391 713 692 66 576 514 739 46 642 507 531 132 524 593 372 836 295 488 434 98 340 856 189 301 871 558 368 405 714 274 237 34 811 86 342 437 691 752 152 145 278 252 532 808 123 561 491 433 399 834 50 339 685 378 82 528 103 128 355 199 273 449 106 168 64 370 474 387 219 586 75 519 763 204 
527 315 823 99 369 341 766 802 125 155 534 904 784 181 889 282 173 7 627 530 208 806 747 320 706 893 625 174 412 759 109 120 257 714 633 435 328 659 391 5 676 432 599 492 480 270 195 511 406 163 517 126 577 70 58 67 249 615 485 149 55 234 345 360 253 97 697 459 35 589 326 303 705 92 52 441 281 323 594 72 362 799 350 148 309 623 680 827 898 770 74 720 465 339 3 866 417 351 
528 802 130 782 642 372 553 675 120 166 720 89 80 197 732 123 659 395 191 250 219 518 466 490 148 119 118 544 155 82 886 11 620 470 827 213 740 776 61 18 53 492 356 830 424 645 21 469 842 27 835 323 652 725 132 904 152 882 467 193 6 593 322 604 267 111 8 844 168 847 178 863 151 103 501 665 812 686 726 183 833 463 244 526 277 149 43 625 444 78 234 439 41 495 578 93 
529 47 491 1 583 862 852 205 24 791 417 742 225 249 716 293 469 562 892 188 656 878 195 530 393 660 306 377 466 760 564 411 135 888 65 470 868 342 432 93 445 274 230 182 348 331 292 284 706 458 589 886 750 670 272 441 686 631 696 184 506 770 409 558 518 800 9 664 362 773 4 687 902 501 452 402 43 67 544 384 181 10 455 81 601 882 367 
530 792 205 729 642 762 364 284 703 439 321 835 557 772 182 383 356 778 222 471 293 489 603 527 682 470 889 385 227 802 529 825 328 4 34 481 208 555 607 466 520 885 102 781 103 851 349 660 141 452 611 50 352 185 664 766 875 55 782 137 717 697 262 174 341 314 759 583 613 413 398 807 719 515 649 625 523 900 836 832 485 152 98 308 650 648 119 847 456 758 110 631 420 468 518 896 13 579 620 663 251 
531 10 665 403 130 338 63 801 134 347 861 118 398 252 128 354 349 484 805 3 284 363 409 136 257 726 287 504 709 274 50 372 526 545 43 337 596 185 243 176 693 316 694 465 160 849 566 402 139 394 733 515 483 488 479 244 520 424 180 601 540 405 432 91 679 119 742 599 101 658 4 717 41 272 635 254 638 548 234 640 887 703 400 413 266 594 791 613 837 321 72 776 212 602 443 240 657 113 88 208 317 11 576 383 580 306 165 229 246 
532 540 255 387 428 582 108 755 522 452 524 288 263 136 133 436 644 243 705 245 299 366 651 840 906 672 694 250 740 31 200 27 685 237 388 126 101 247 112 718 605 415 908 900 500 110 492 834 106 604 33 173 91 620 526 236 320 539 501 476 702 259 488 741 639 536 2 115 26 815 217 666 811 609 65 699 138 362 863 846 773 92 490 479 844 431 145 297 262 
533 586 557 202 740 615 131 655 549 381 855 429 37 734 239 559 289 553 119 503 166 207 827 118 476 170 79 300 581 82 363 293 641 862 30 587 802 483 859 844 881 656 83 767 438 178 886 188 135 570 294 669 435 91 467 760 847 318 76 409 667 684 353 416 804 159 659 54 900 414 143 660 366 115 74 666 268 297 597 15 446 693 863 78 869 469 
534 809 1 98 498 636 527 55 399 844 465 265 141 147 131 319 172 719 216 231 794 83 623 377 642 349 588 104 781 734 885 78 547 836 385 189 608 711 19 348 63 522 761 755 204 146 893 833 168 39 30 178 629 328 114 84 876 704 721 670 494 149 274 578 751 199 691 693 110 417 25 564 113 782 339 544 591 635 811 518 474 609 33 452 
535 684 750 839 780 343 177 716 392 512 36 627 254 349 231 404 46 724 85 743 538 522 325 443 613 281 358 782 21 288 118 805 60 461 450 367 829 61 575 423 663 245 174 542 707 656 84 123 791 2 391 54 652 600 907 624 227 143 547 715 51 474 331 789 872 398 699 887 407 508 262 320 14 551 576 211 304 215 723 127 879 891 180 662 336 55 626 86 416 465 142 
536 882 896 173 284 203 493 363 824 567 266 155 821 616 885 625 485 136 294 336 551 640 388 314 451 398 393 65 844 491 231 354 418 179 497 842 424 246 720 831 656 161 522 137 381 701 718 90 808 56 733 404 140 464 385 600 41 240 225 40 413 532 836 577 292 394 156 540 226 594 597 770 347 87 415 407 19 428 201 387 448 191 518 794 463 737 452 503 797 645 75 549 
537 94 875 140 873 192 640 660 310 332 112 637 555 748 453 463 188 835 65 79 591 543 447 762 571 776 723 383 91 702 375 664 177 647 759 735 175 641 457 632 27 518 630 747 397 402 690 808 482 106 301 671 773 262 446 517 476 805 406 344 179 677 623 861 638 222 317 41 153 21 399 784 313 586 793 243 663 892 138 838 176 74 392 276 658 125 271 540 899 833 
538 841 346 865 454 114 524 843 460 443 32 711 510 585 383 758 788 535 239 382 547 602 88 663 29 704 613 312 398 481 674 143 205 571 692 763 720 63 636 292 761 2 622 796 651 445 806 273 317 5 409 561 888 104 230 121 668 264 807 882 459 226 340 705 22 850 229 222 
539 91 183 613 796 478 840 653 84 49 768 313 685 559 235 16 755 342 679 106 343 439 155 178 754 77 136 418 568 637 849 117 422 181 94 885 43 335 744 336 145 511 553 734 141 75 835 818 52 85 736 640 765 490 255 236 266 621 506 662 237 433 443 214 86 630 614 388 4 460 24 876 477 676 224 532 203 216 569 420 93 417 269 709 110 723 455 798 167 379 99 132 205 666 464 403 874 280 594 558 321 409 516 659 410 414 
540 303 532 82 771 292 153 344 836 798 616 335 227 887 122 129 111 581 203 441 167 383 275 694 17 767 719 326 708 556 455 435 511 50 650 509 2 777 889 752 260 155 531 621 483 369 41 434 573 612 247 367 85 59 770 117 287 307 881 77 377 717 276 673 696 536 378 312 474 219 33 177 514 10 15 205 892 797 856 352 81 519 883 9 30 537 591 
541 154 592 53 659 505 576 172 210 723 354 888 566 462 560 832 89 804 60 629 876 49 721 551 101 24 156 665 319 147 139 776 879 200 223 180 234 849 159 900 367 130 6 204 701 271 842 316 785 47 856 415 13 441 152 423 327 885 38 259 212 697 292 136 642 878 733 309 321 25 118 869 114 850 214 103 76 350 236 19 848 305 361 485 703 794 903 383 854 615 744 637 442 790 32 674 611 
542 174 364 90 823 167 207 438 768 443 21 901 464 81 17 242 418 210 856 876 23 584 71 722 127 19 630 718 40 349 82 94 42 568 745 322 870 33 808 294 505 133 794 398 26 292 465 590 401 854 55 791 391 761 122 41 535 34 46 646 142 116 213 787 544 455 667 672 1 359 344 333 79 194 285 583 693 814 176 345 905 123 685 669 514 805 171 495 161 446 45 319 697 
543 742 683 429 305 354 726 825 799 319 678 458 355 887 104 895 568 509 115 123 859 594 705 168 264 228 822 537 248 563 873 894 18 639 320 191 687 711 574 858 103 413 145 747 153 282 277 860 457 580 473 178 343 55 474 338 59 605 697 71 329 717 301 482 843 463 552 507 598 262 387 813 197 335 459 112 721 417 577 566 327 216 833 519 155 786 784 4 878 788 131 272 666 247 635 430 469 682 
544 320 506 395 471 624 185 672 803 97 727 459 44 699 133 62 125 141 330 629 667 229 426 481 407 255 359 528 50 591 244 351 592 902 454 746 472 514 888 489 737 848 193 175 120 842 186 865 877 117 247 820 614 47 111 231 485 611 788 206 483 306 834 317 542 775 871 382 95 680 831 756 234 457 867 827 890 529 904 745 31 20 622 785 366 534 801 43 666 
545 176 54 524 390 702 874 309 113 725 71 159 97 501 118 341 243 423 768 388 870 65 431 531 654 416 131 584 365 250 227 9 845 51 56 2 245 823 603 15 272 144 381 119 825 581 902 0 353 171 266 67 215 111 814 202 169 26 676 602 516 291 5 257 854 86 101 517 843 800 366 479 301 370 466 137 502 319 436 
546 176 640 255 230 302 135 819 364 118 177 694 704 901 767 435 855 207 159 765 697 853 479 126 660 427 81 68 157 734 292 707 106 158 251 642 787 388 595 658 854 423 57 259 212 350 166 713 320 77 583 353 153 0 476 438 319 75 139 738 206 282 488 137 563 762 761 326 188 732 793 633 888 830 161 38 95 311 231 848 612 804 684 429 113 881 548 
547 640 440 726 133 209 627 22 554 686 556 272 464 408 885 760 617 454 176 48 603 593 291 772 811 891 520 843 23 641 538 534 158 470 801 461 879 592 770 128 33 184 167 817 575 162 225 14 521 459 876 377 559 66 423 903 572 271 535 820 246 777 199 295 729 748 244 354 525 60 522 797 873 405 205 237 606 286 45 338 836 
548 705 878 877 387 860 560 310 473 386 353 396 629 242 761 85 115 558 133 140 719 377 100 383 263 56 189 199 121 96 514 564 5 661 740 689 376 720 687 501 134 579 174 179 116 582 645 253 161 859 760 688 883 204 50 144 835 129 197 573 16 654 289 777 797 646 768 531 471 67 488 60 355 603 61 316 318 422 561 137 248 703 502 74 553 309 0 701 815 30 391 609 853 718 75 595 171 546 24 
549 251 331 417 350 315 828 98 533 801 16 432 240 232 64 667 190 829 152 203 451 228 26 689 234 299 590 249 595 309 715 86 200 37 869 853 765 175 742 304 319 204 659 619 284 745 274 803 90 45 782 285 198 525 172 603 602 361 466 881 215 163 456 509 516 399 229 633 337 763 97 22 468 329 282 42 886 730 424 462 134 15 636 536 558 
550 479 77 379 739 311 374 318 157 655 493 498 325 473 874 474 809 723 903 453 683 737 72 869 716 266 526 718 38 135 772 749 812 319 90 893 502 298 761 519 505 805 821 410 115 640 97 774 303 778 631 643 256 356 178 142 830 672 140 170 781 384 783 81 246 123 261 855 684 61 847 127 103 433 323 179 27 740 878 690 361 624 834 568 794 392 804 345 69 829 685 16 701 901 222 520 224 102 6 124 619 906 613 773 
551 296 413 295 582 506 789 39 557 678 784 808 414 270 302 26 434 795 654 306 363 378 181 714 536 541 701 35 517 70 864 474 589 142 34 291 556 348 496 833 222 167 904 602 183 487 893 128 741 813 744 346 422 672 105 693 93 285 587 523 707 890 15 219 583 451 16 50 843 761 420 522 485 492 44 226 905 152 71 227 268 417 384 469 323 746 352 907 641 304 535 564 782 809 408 46 781 30 444 516 243 437 607 636 689 830 853 244 610 188 
552 89 240 439 250 554 124 279 647 740 827 163 797 247 112 888 862 717 174 625 204 262 522 299 803 777 323 699 747 710 824 290 211 116 458 78 903 885 139 720 214 736 393 218 39 796 715 849 223 474 114 507 344 543 205 765 238 236 810 196 386 778 380 490 165 506 76 633 400 134 33 99 175 6 2 221 77 698 850 805 802 56 219 835 249 445 201 838 832 212 109 191 63 342 126 7 148 
553 528 262 896 800 165 650 252 533 521 44 419 393 724 124 731 767 160 59 304 341 270 214 7 290 273 539 507 30 294 296 240 250 291 565 32 641 279 49 437 208 667 29 387 343 872 780 854 820 218 156 11 361 320 797 743 579 668 447 113 548 586 338 317 886 700 69 786 298 70 783 665 853 652 
554 790 59 184 813 304 525 552 441 632 353 547 218 875 569 71 739 852 234 339 589 256 604 719 289 14 161 619 126 613 209 39 701 645 444 640 426 624 151 171 639 52 446 266 596 489 4 211 265 454 192 430 688 397 903 165 87 899 737 176 593 847 883 235 842 75 129 467 328 282 131 93 212 720 322 190 499 733 495 343 455 295 670 675 32 817 725 864 860 197 775 318 758 815 240 219 507 
555 649 784 306 653 170 123 820 814 508 650 733 42 113 840 167 328 142 468 782 537 688 313 368 242 809 21 825 617 140 530 304 437 208 787 404 754 15 46 47 658 299 326 124 676 864 562 374 905 770 691 574 343 246 41 39 330 236 870 489 212 376 19 115 172 84 471 878 616 181 897 576 284 797 444 378 321 184 778 731 772 440 420 839 464 755 759 31 96 70 7 421 301 607 677 
556 758 776 672 881 99 45 904 754 302 547 429 367 241 606 80 434 257 450 410 301 180 48 267 374 730 36 306 433 456 747 594 490 609 873 151 612 76 56 821 566 382 551 94 774 95 633 271 540 888 850 734 866 371 486 787 677 443 217 201 607 755 621 339 82 715 699 717 200 188 55 74 54 676 882 190 84 898 741 386 562 723 308 23 212 14 558 601 878 838 675 516 
557 195 533 134 364 530 84 551 35 799 370 87 635 523 5 432 756 338 825 49 863 886 327 419 812 276 133 480 4 135 46 317 599 253 578 374 235 426 354 431 624 325 339 687 411 198 310 231 513 510 517 71 622 379 69 361 368 709 313 768 127 610 494 301 561 822 417 769 511 869 453 705 611 662 817 840 492 767 345 490 47 94 482 853 37 269 461 383 260 726 609 
558 652 884 696 32 354 472 49 20 662 121 905 512 658 14 851 519 826 798 908 548 772 901 287 628 703 179 67 689 118 5 234 796 221 663 94 800 88 61 160 344 769 83 216 744 753 765 411 906 581 222 500 852 176 297 781 613 11 526 655 808 591 631 332 293 205 357 529 43 803 42 104 361 280 626 605 291 97 474 646 738 91 378 168 289 588 632 471 338 593 157 25 635 867 560 238 213 776 882 539 661 196 777 2 122 556 135 47 346 445 198 549 495 
559 839 787 667 391 288 872 539 235 251 533 313 5 643 635 20 343 370 87 445 853 283 495 761 4 591 63 908 622 101 2 589 885 362 158 585 471 456 255 77 203 11 400 709 440 547 796 293 384 148 180 259 570 74 125 410 142 749 874 157 215 244 15 377 782 845 41 237 702 906 292 496 130 798 28 690 350 335 127 835 636 160 52 890 502 
560 377 135 783 428 548 686 636 68 320 653 712 541 612 819 668 622 386 835 257 81 217 229 224 502 759 376 126 59 650 571 110 433 196 646 499 202 159 291 637 460 61 347 614 313 804 89 882 858 284 897 561 74 662 679 119 606 573 151 805 801 378 576 664 519 829 857 122 815 808 692 860 60 869 328 95 330 722 311 558 649 131 245 140 252 71 29 721 295 393 337 419 734 510 191 763 
561 262 347 362 660 182 766 811 778 133 567 525 250 225 292 434 10 479 695 718 802 570 850 771 165 762 216 702 622 328 24 390 808 276 523 775 806 697 186 247 509 320 489 204 838 270 57 195 798 467 157 322 678 461 686 560 116 499 139 624 39 741 843 295 682 557 472 424 526 341 58 419 548 897 644 100 2 538 458 286 896 493 273 303 367 562 780 99 267 476 217 658 839 442 16 732 
562 733 613 704 903 698 776 499 111 177 661 417 529 28 343 798 126 65 257 891 408 863 422 442 149 236 505 335 23 423 424 26 25 247 122 682 676 129 675 5 458 765 373 700 638 555 260 0 297 50 728 199 826 715 702 317 217 885 724 261 730 226 155 894 711 731 299 106 668 756 229 561 655 556 163 54 443 506 179 56 165 808 398 
563 798 374 214 784 208 433 41 59 602 152 685 197 777 454 244 571 388 825 168 543 707 643 157 503 664 501 111 108 109 227 131 714 887 704 663 611 627 399 426 607 888 749 200 420 811 68 725 633 278 170 676 845 692 182 419 12 688 619 397 498 546 202 727 215 461 44 394 207 268 381 245 855 843 723 754 744 687 160 233 586 95 334 121 458 106 
564 634 302 682 387 743 445 424 290 286 787 315 84 334 219 695 497 106 0 238 94 687 188 185 529 116 454 245 506 548 662 631 660 579 239 52 433 484 818 100 421 82 667 659 193 392 690 194 393 172 362 102 122 906 273 38 333 614 98 437 680 575 441 786 907 155 515 582 12 269 639 130 80 551 391 36 512 72 821 458 200 736 67 221 472 664 243 848 534 792 788 264 297 308 211 
565 123 601 692 790 306 672 613 629 177 588 222 271 258 48 272 581 610 649 470 18 421 482 34 673 343 471 905 714 778 906 553 393 589 309 845 505 117 74 759 841 755 256 261 622 394 801 142 735 13 390 869 698 741 355 353 717 413 165 830 502 709 275 431 301 506 452 686 449 40 360 400 134 192 776 133 831 327 269 429 416 442 399 209 818 351 16 795 907 861 571 317 462 636 23 
566 820 154 371 107 907 745 581 541 582 171 299 668 781 14 886 816 644 72 235 510 494 819 205 556 194 661 587 531 24 106 170 122 521 499 263 898 212 97 430 807 471 675 159 460 377 406 752 94 586 843 452 279 772 323 822 598 868 625 709 880 29 679 893 450 543 365 16 475 291 51 306 715 132 168 838 731 27 398 426 783 314 192 116 804 302 334 410 296 308 
567 862 685 113 398 296 332 221 536 181 693 68 561 696 32 297 419 241 771 340 67 252 308 598 286 712 838 364 469 760 78 448 510 2 350 306 479 300 882 329 591 461 19 148 759 660 670 344 22 867 673 139 370 226 681 524 472 85 441 639 105 384 362 257 55 101 829 445 326 583 397 287 164 482 151 790 792 98 622 130 842 841 
568 849 95 768 502 489 18 375 396 388 707 135 150 60 716 871 22 402 754 438 543 539 24 697 153 678 128 6 542 264 8 217 436 664 893 378 858 878 248 350 65 623 384 698 876 691 791 267 303 119 386 639 790 401 610 222 122 336 192 58 141 280 181 844 47 708 185 892 619 479 118 103 800 681 10 149 504 353 325 250 607 361 550 674 214 599 450 404 902 46 145 608 389 447 525 232 593 326 
569 307 182 832 342 329 324 19 41 554 580 345 420 440 392 113 321 739 664 703 784 675 272 2 729 466 417 711 441 679 431 677 889 155 40 792 68 725 492 602 397 8 370 648 710 105 302 574 517 394 713 134 726 839 781 416 199 827 472 476 633 65 153 539 736 233 112 785 759 898 613 298 165 174 645 665 208 223 452 
570 787 61 841 352 714 364 118 123 282 876 587 94 349 230 90 119 638 255 561 870 49 751 374 316 334 280 572 734 471 630 283 580 487 695 315 682 642 336 327 595 376 665 284 369 828 516 885 330 772 533 150 475 365 878 766 750 906 221 421 855 559 788 636 523 345 47 37 830 886 346 687 373 720 131 162 473 808 380 819 237 579 596 93 619 30 269 140 289 833 
571 503 505 393 73 678 310 380 189 834 600 654 797 589 671 744 70 331 444 118 26 364 37 139 60 645 563 680 402 392 627 455 537 687 767 602 74 560 253 112 871 803 49 858 846 601 22 133 799 249 699 116 747 879 881 730 538 28 721 805 905 162 213 510 195 274 674 81 832 231 740 679 878 113 901 880 277 734 719 97 903 464 378 525 347 155 630 640 160 280 761 598 106 441 599 182 769 165 360 143 475 384 565 693 379 
572 840 154 177 748 70 31 834 358 760 95 271 883 103 353 757 131 823 369 758 370 808 713 89 810 687 570 361 340 744 451 8 476 9 763 693 668 684 710 279 232 127 30 811 58 284 214 123 117 166 227 888 12 101 547 185 90 386 743 404 449 305 331 34 115 91 258 466 180 78 427 71 21 821 614 826 675 24 718 11 310 85 239 901 573 
573 365 683 310 91 905 19 104 872 864 851 470 465 306 632 388 692 401 0 687 500 829 725 495 842 515 444 147 394 357 737 879 423 457 605 777 31 831 642 339 645 540 297 667 351 190 490 560 240 484 670 548 756 604 209 305 113 609 3 743 874 741 138 770 11 1 292 23 128 618 880 840 189 78 145 323 272 74 572 892 
574 329 258 626 36 425 37 109 172 735 114 188 817 751 598 755 145 463 886 580 781 213 332 404 290 127 543 137 581 639 506 843 743 50 10 510 300 772 740 441 669 555 569 718 128 288 269 176 116 853 342 685 765 440 271 382 398 498 291 35 153 305 328 103 635 411 458 752 850 757 82 504 410 181 602 725 579 403 643 418 53 261 660 
575 128 709 4 526 504 92 505 389 197 364 762 585 36 338 713 220 31 819 331 577 263 295 182 355 634 390 166 433 661 115 111 736 623 156 242 392 186 17 682 599 761 628 894 547 231 269 794 9 308 301 281 535 490 306 346 438 184 879 443 160 681 564 860 724 672 212 445 181 367 63 87 515 191 670 180 694 375 906 666 518 830 578 274 809 41 96 314 100 207 137 705 627 39 34 104 
576 541 643 48 387 694 524 881 350 676 526 723 662 632 742 593 361 787 206 833 231 614 261 736 71 511 285 131 488 289 257 311 269 248 417 880 892 78 631 759 908 517 222 245 336 377 107 521 172 265 318 560 278 709 354 592 555 859 43 233 535 32 411 813 110 349 811 275 220 123 641 804 805 63 531 670 189 75 
577 289 726 387 772 605 847 230 58 627 296 380 710 815 697 694 258 183 842 575 172 688 749 423 879 327 673 434 201 354 711 325 727 643 329 422 502 838 595 121 488 167 849 413 592 462 768 527 617 864 685 668 238 164 277 211 667 543 647 536 287 32 640 797 391 523 339 805 679 231 892 813 427 764 674 166 426 251 148 759 5 494 97 157 894 578 27 
578 138 640 239 323 857 213 180 899 416 344 747 835 362 318 276 235 184 0 63 195 118 361 38 250 818 125 162 315 69 783 863 91 117 411 874 487 288 828 655 148 745 557 425 634 335 790 816 770 316 710 222 440 791 804 581 366 241 261 95 496 336 98 275 247 624 232 840 844 773 619 821 764 441 498 534 737 459 42 484 132 722 169 755 575 461 157 577 528 519 591 
579 753 187 831 249 618 655 56 376 767 79 405 906 106 745 241 24 107 763 898 762 839 354 60 227 356 278 133 124 209 432 335 461 808 347 737 564 756 627 43 329 757 333 226 721 248 548 162 120 309 246 600 344 421 888 525 475 437 778 3 14 443 396 701 814 747 591 553 649 653 766 36 416 710 374 476 78 142 260 787 610 574 570 852 204 146 851 350 879 409 530 718 773 68 65 247 727 104 
580 83 648 162 275 469 268 412 505 837 388 629 292 0 803 355 569 166 368 888 258 717 472 137 457 159 123 395 574 101 646 228 570 169 520 812 339 120 766 468 267 832 462 300 810 827 433 616 543 362 385 857 496 628 390 295 38 335 167 150 760 590 431 845 790 126 624 191 759 5 606 603 240 347 599 2 904 662 288 838 886 314 44 343 418 29 420 782 313 663 896 820 318 223 737 70 618 458 531 408 604 667 694 194 
581 59 288 433 52 18 234 150 79 377 9 223 201 481 215 775 332 383 888 566 697 811 520 773 427 809 19 355 105 491 438 810 404 354 565 685 758 341 95 615 540 691 460 632 242 703 169 533 390 907 473 582 605 713 176 574 523 687 558 875 637 302 68 518 897 459 121 325 177 345 578 625 647 726 444 545 107 636 153 701 159 477 449 412 493 418 132 329 265 604 421 151 891 900 66 29 315 334 466 398 
582 508 308 532 19 551 127 107 858 310 566 268 648 200 863 778 465 113 731 235 884 278 263 417 318 729 744 708 724 379 232 241 886 234 126 72 326 747 581 9 204 51 317 164 344 304 805 710 548 21 592 156 258 360 377 681 395 415 408 67 137 867 77 641 616 633 413 564 257 513 162 265 97 399 494 742 122 407 403 617 138 684 446 187 801 584 632 262 426 755 59 470 
583 529 874 439 496 429 605 369 90 26 508 416 904 636 751 420 894 196 592 707 600 678 312 255 350 873 16 679 514 708 639 256 611 762 743 813 348 55 183 610 131 667 168 360 807 546 619 886 530 169 178 551 190 465 197 248 101 775 808 2 763 567 29 275 430 632 278 359 849 627 30 542 755 204 175 905 606 718 466 28 410 801 857 404 517 715 153 507 908 604 819 
584 879 297 389 797 274 282 746 769 13 353 717 81 542 600 311 698 391 375 113 906 622 452 794 901 267 235 396 824 826 237 32 111 103 590 545 682 5 239 503 11 747 496 336 413 101 603 882 785 382 493 818 453 591 15 601 368 609 204 392 186 243 167 487 891 587 246 865 852 759 431 93 438 831 715 905 334 362 662 745 908 509 582 508 150 387 695 708 772 846 449 
585 728 471 262 194 503 805 864 696 122 880 171 575 796 704 77 830 499 428 521 538 441 82 505 816 661 670 705 901 79 765 364 231 461 204 768 284 452 640 618 559 821 609 54 15 146 209 511 813 699 257 520 237 260 524 373 207 501 34 634 377 433 711 114 135 487 801 232 789 743 774 787 757 138 267 175 630 797 56 721 66 810 619 737 94 141 725 655 504 
586 882 533 224 123 499 741 248 659 55 381 636 899 267 291 641 436 908 716 724 690 197 261 713 191 710 311 362 605 380 327 83 275 663 152 216 110 323 872 509 129 417 451 786 183 797 829 791 483 202 465 244 37 78 519 498 467 303 17 771 654 116 720 371 245 566 139 768 733 400 691 29 667 22 355 424 553 81 246 52 504 537 762 594 887 339 886 33 517 508 725 40 563 680 416 873 624 526 783 107 
587 24 123 333 115 137 62 117 303 88 881 570 325 860 399 495 747 246 315 310 163 723 380 169 216 182 654 3 850 684 878 859 612 828 533 356 566 525 125 408 611 632 89 66 484 481 551 39 895 628 413 48 448 501 104 584 853 627 290 103 404 101 462 524 732 131 144 768 808 502 307 318 672 420 16 756 708 72 604 93 143 688 755 158 
588 888 353 294 838 65 139 316 565 801 270 487 123 898 695 151 286 461 119 198 145 840 93 521 180 484 534 705 769 486 277 737 188 763 809 743 236 41 842 298 310 231 713 810 3 318 436 803 792 380 891 223 631 493 292 442 753 35 558 621 210 279 433 845 872 657 649 431 790 221 640 718 157 
589 895 2 652 829 78 317 365 263 168 403 156 899 722 526 885 405 571 147 890 367 385 775 554 599 512 426 594 699 884 739 762 10 683 425 195 627 873 145 128 800 130 675 551 823 140 384 379 559 455 529 565 421 361 153 376 485 56 790 265 259 767 904 802 857 298 860 158 432 615 673 325 462 454 392 124 852 105 809 497 868 74 735 255 459 106 608 100 32 527 864 905 192 603 429 598 706 174 370 590 
590 683 125 427 160 235 607 75 69 25 516 153 502 703 428 525 139 71 549 300 629 731 36 432 661 495 609 385 825 483 784 584 755 364 452 674 458 180 796 365 154 542 821 699 326 395 846 411 239 143 662 580 743 292 270 636 240 9 706 259 893 604 144 179 600 677 454 434 64 330 43 303 589 328 480 777 
591 375 729 599 832 304 353 273 526 148 882 827 450 777 826 666 828 495 360 537 544 592 206 123 267 70 253 121 95 881 166 559 257 297 619 403 764 567 846 275 234 142 584 8 751 558 773 697 247 287 704 18 113 609 141 42 84 384 872 77 68 272 779 897 579 270 225 359 789 50 265 837 614 755 490 44 713 336 248 869 250 271 860 223 500 239 146 879 888 736 534 449 388 664 19 191 540 259 578 
592 541 7 211 291 663 178 260 727 682 862 340 877 182 259 485 53 279 390 665 583 213 691 863 356 411 226 304 732 169 591 785 9 309 544 667 709 902 360 704 433 696 699 23 208 301 228 547 858 273 50 756 883 597 412 117 492 631 633 130 582 375 331 379 577 596 156 767 635 447 805 413 817 790 821 511 460 29 54 389 576 89 271 477 186 75 630 701 455 887 101 860 472 440 629 344 
593 598 375 319 862 281 177 647 878 788 870 703 885 742 108 68 245 837 547 125 50 269 701 681 502 170 818 808 418 576 372 489 694 77 521 390 438 526 831 664 184 486 512 655 689 273 46 889 887 398 134 678 520 411 67 508 298 422 210 809 188 806 554 754 180 62 295 445 365 141 528 117 21 871 79 849 603 753 716 904 651 137 416 728 692 608 523 558 268 776 362 159 266 41 691 896 816 568 
594 255 693 331 703 196 690 224 16 358 222 240 757 48 510 821 192 122 589 859 824 543 110 524 710 671 599 737 180 330 876 556 458 139 516 197 78 596 76 116 422 709 401 489 877 195 448 707 907 265 745 802 673 385 603 456 146 467 213 291 258 402 151 400 636 738 493 287 323 668 307 250 443 736 460 531 818 875 317 536 621 216 243 329 455 387 341 586 397 398 368 288 339 539 527 137 130 211 49 758 423 8 17 843 
595 771 468 647 136 454 456 177 176 821 84 695 620 141 388 224 658 631 800 169 549 95 606 899 37 819 206 767 402 782 649 464 291 824 196 570 254 546 394 441 577 865 125 868 181 278 173 816 890 201 103 689 774 696 733 731 268 428 348 635 686 885 467 519 49 737 249 116 781 302 293 198 401 518 829 129 70 856 75 31 548 214 130 38 484 660 
596 510 659 676 599 678 158 872 47 42 300 64 331 728 48 342 667 654 222 462 675 320 902 900 512 0 254 842 11 21 160 66 350 45 391 677 453 531 554 644 104 169 673 665 729 4 594 226 851 73 855 285 32 816 421 705 109 710 326 317 328 395 592 51 22 262 828 83 177 871 775 809 192 176 875 324 417 441 367 631 114 706 472 790 687 788 309 683 446 680 671 110 570 389 442 205 522 
597 254 811 482 29 103 355 507 91 652 304 230 423 223 210 700 655 717 208 61 716 120 632 5 98 338 773 340 367 880 332 769 3 273 99 901 251 862 822 592 471 253 37 844 241 744 867 873 150 319 86 255 481 469 722 267 616 379 246 444 20 861 141 108 771 49 831 204 776 780 470 419 536 258 154 520 748 183 518 476 846 533 197 408 429 667 845 359 799 345 130 485 784 436 493 612 25 
598 402 828 626 593 280 826 32 462 147 574 181 330 43 725 424 567 386 622 457 184 644 645 459 318 675 851 758 8 391 629 165 263 846 17 360 890 188 857 253 256 225 37 72 904 774 206 120 821 543 771 90 400 3 693 419 691 690 566 474 479 205 385 413 687 718 55 883 741 107 241 589 362 308 571 731 193 326 273 202 139 194 361 398 221 
599 622 727 469 731 753 591 70 184 891 29 311 642 596 886 124 168 499 102 505 211 673 786 75 589 16 407 383 40 687 863 294 229 602 500 594 461 683 146 310 227 472 131 879 213 557 607 639 575 414 850 527 30 466 679 258 507 680 874 737 103 388 798 531 125 617 250 853 394 404 343 852 240 806 264 580 287 88 313 363 89 6 410 38 503 339 296 99 823 141 671 266 675 513 772 568 819 291 232 230 896 22 571 698 377 292 601 
600 456 891 846 164 111 233 361 820 616 314 721 363 142 742 571 683 378 892 584 520 583 488 171 470 784 126 868 638 708 285 393 641 466 213 446 822 860 692 444 851 60 356 605 693 505 654 390 293 723 189 697 144 68 280 579 328 772 450 122 249 494 512 21 604 237 397 57 253 369 315 786 874 101 757 536 535 717 610 458 498 359 53 882 751 340 145 271 783 590 428 320 794 496 221 113 108 777 853 0 319 10 56 483 
601 731 814 565 504 372 693 825 519 334 266 239 615 458 730 43 748 832 451 432 619 718 197 714 829 429 35 323 0 498 63 571 867 409 268 283 300 233 531 441 834 584 108 879 434 164 133 44 165 877 760 425 16 749 273 785 408 256 876 863 692 21 198 421 289 772 751 394 207 529 445 521 556 129 631 64 107 889 599 460 
602 632 26 136 884 614 182 123 179 850 312 469 201 690 563 681 710 251 222 65 315 258 736 34 320 599 407 228 752 744 654 288 52 571 687 502 205 491 538 747 9 272 722 569 551 830 853 486 829 387 364 677 444 117 46 882 317 873 91 883 259 232 642 328 32 683 767 549 857 343 855 515 212 832 342 545 835 183 499 406 763 257 196 786 851 635 531 516 749 574 770 781 148 221 
603 456 41 391 173 805 330 395 381 257 834 197 371 216 139 119 547 530 312 516 759 843 348 276 112 93 241 651 115 162 70 437 136 438 733 286 403 277 670 287 264 584 362 794 750 282 732 545 522 298 378 209 594 882 795 37 884 549 593 500 580 90 548 142 640 686 700 418 726 383 776 899 308 589 850 893 648 831 386 435 316 470 422 623 428 302 336 616 80 790 
604 246 798 469 900 126 755 323 521 625 842 229 437 83 132 64 554 192 511 111 684 271 732 8 724 313 718 392 133 105 426 180 734 723 144 890 515 841 713 477 486 475 358 357 520 18 600 71 532 48 528 739 850 573 865 805 845 719 590 500 679 720 0 581 663 860 372 194 587 580 868 583 844 623 
605 783 112 119 796 204 577 583 271 877 360 671 116 315 45 6 614 660 492 265 19 726 514 875 489 252 403 65 113 821 685 586 600 328 581 532 898 396 824 573 57 351 365 54 517 244 434 733 16 128 543 892 513 90 413 355 115 340 797 394 313 558 818 729 117 806 225 831 337 8 510 17 209 122 239 361 659 861 371 897 149 36 165 768 134 638 324 13 838 246 447 641 777 889 615 
606 137 17 381 206 733 146 30 201 22 556 312 324 390 875 595 883 329 121 434 170 808 143 48 656 845 375 882 280 345 286 659 211 820 745 422 369 560 84 736 760 514 389 330 680 580 194 478 306 702 683 57 115 456 411 34 583 547 380 453 154 862 515 8 178 672 763 468 905 6 326 692 855 
607 485 100 590 141 55 608 311 309 757 667 316 108 454 744 627 250 52 775 530 301 738 669 468 435 381 459 12 614 770 599 660 723 480 354 852 563 325 366 400 118 338 287 155 466 716 342 782 470 98 556 788 452 332 378 484 66 665 511 704 613 813 451 374 119 91 568 372 313 421 867 652 431 644 623 648 773 743 407 551 239 881 300 825 19 153 137 9 555 839 
608 355 869 902 40 118 844 607 500 346 627 636 64 707 763 151 501 97 645 458 688 517 120 795 512 78 193 288 736 123 317 48 459 482 534 710 479 167 296 483 163 444 667 826 299 427 813 789 871 82 190 171 17 380 326 260 448 522 181 593 108 686 589 214 513 472 251 632 357 128 305 568 899 712 308 160 116 807 119 79 222 
609 786 480 157 128 630 84 444 497 869 241 295 634 746 231 105 374 446 217 522 590 140 478 678 556 251 894 86 278 463 681 160 505 841 226 250 845 736 386 585 692 818 39 277 284 12 396 218 255 448 904 435 854 584 120 591 28 325 342 573 635 118 37 11 532 895 51 770 652 850 523 404 289 341 168 548 170 131 751 410 557 863 125 94 534 524 775 
610 611 245 28 27 383 187 763 792 202 696 37 311 222 744 565 99 313 345 459 341 711 381 809 173 778 354 72 851 375 44 127 884 747 720 106 474 118 860 513 649 583 824 612 864 276 568 518 492 382 817 687 891 79 255 750 218 827 876 706 672 101 557 66 329 600 484 215 634 394 517 212 188 151 818 489 803 663 505 432 579 656 460 551 722 374 418 180 632 318 275 
611 312 610 626 71 699 750 252 171 424 487 388 849 197 90 820 374 298 326 89 151 481 881 247 737 277 61 583 530 705 379 245 370 38 563 190 425 415 513 477 658 524 587 365 871 860 11 745 132 544 836 98 827 392 13 102 316 622 201 62 78 76 341 290 37 362 557 54 824 134 17 478 211 273 58 324 75 55 49 483 204 485 775 541 727 468 
612 477 169 352 7 853 309 718 133 856 560 443 21 707 320 638 159 424 86 752 681 241 294 90 810 67 623 632 771 65 671 887 744 556 334 396 763 89 739 587 655 493 698 709 407 789 359 881 610 492 750 204 319 354 540 23 486 624 30 274 684 136 28 3 708 672 26 117 664 889 32 904 474 827 271 511 388 12 79 369 11 412 397 414 502 787 780 825 130 445 863 753 463 546 871 93 766 324 209 782 636 731 870 8 425 44 321 597 
613 144 539 693 739 562 212 321 331 225 565 794 524 7 412 619 22 214 62 117 839 241 308 415 442 324 554 706 355 678 680 127 817 71 35 535 828 635 81 857 741 37 311 334 464 538 26 400 558 656 856 902 868 374 177 675 903 259 204 530 252 444 250 783 855 203 498 101 607 494 497 0 450 639 531 865 138 263 512 194 766 4 32 812 871 695 569 180 60 187 873 733 73 466 18 520 186 884 461 701 550 
614 908 112 49 470 191 313 602 235 361 22 158 83 429 297 356 680 131 625 455 294 605 384 32 663 499 652 482 839 576 161 123 347 252 892 2 701 314 474 607 329 741 303 453 560 666 461 418 70 754 671 655 795 709 364 512 544 804 454 818 272 539 372 784 66 620 564 648 696 897 251 354 863 51 678 850 683 224 159 186 291 753 591 74 19 222 115 769 309 11 69 886 141 572 779 728 868 167 459 622 901 853 322 720 700 388 242 
615 10 733 368 709 337 775 533 165 302 624 268 47 343 52 682 601 880 454 900 456 837 16 314 169 243 773 101 581 786 235 875 671 261 485 895 284 455 303 781 187 806 230 894 221 310 210 442 712 33 810 179 477 589 358 792 494 854 452 527 114 156 440 715 384 643 142 856 199 258 76 862 98 326 387 117 168 811 183 816 318 627 633 247 493 339 859 886 541 309 349 505 422 605 238 
616 56 877 873 459 753 525 868 712 600 276 165 145 801 680 162 704 678 468 540 536 815 340 135 8 719 682 625 362 480 730 200 409 689 716 622 305 323 718 364 650 218 81 861 9 346 899 715 580 38 901 217 328 758 85 393 863 193 655 376 638 381 582 814 314 597 301 840 555 339 114 191 188 35 93 442 7 24 151 201 720 181 491 684 629 386 809 265 603 775 887 303 325 105 
617 109 330 512 136 765 135 498 767 803 33 287 410 547 825 137 812 739 497 886 396 555 374 623 634 412 429 901 370 692 787 743 321 91 818 173 876 216 453 797 239 82 651 834 177 868 768 391 25 675 253 126 599 577 163 299 273 522 250 744 384 288 337 26 313 175 364 144 493 582 823 815 705 468 298 282 366 362 828 265 794 885 179 484 
618 423 841 579 201 34 332 672 757 247 51 175 374 630 693 820 763 308 806 257 443 506 752 884 96 216 371 7 147 859 150 515 86 481 180 850 99 268 179 313 342 144 849 585 329 655 241 204 469 450 281 337 416 223 669 174 810 867 422 816 857 4 273 490 676 310 177 309 797 219 835 360 41 488 722 633 661 802 660 139 903 756 573 673 719 103 389 94 881 415 233 100 30 353 580 830 255 839 
619 376 668 194 488 285 870 772 613 394 310 23 19 369 844 241 63 268 899 554 601 876 403 723 774 687 97 677 137 103 887 829 591 165 724 549 652 757 138 486 788 62 516 583 198 11 272 402 326 60 208 685 472 325 568 563 860 750 406 354 374 180 578 776 144 855 754 775 112 632 469 875 35 763 620 73 570 438 585 483 467 257 26 0 550 
620 291 688 129 210 493 518 410 498 311 301 80 660 232 85 595 423 260 213 731 456 422 417 2 817 279 160 869 663 684 59 318 379 358 657 96 737 528 374 811 182 373 322 488 782 66 647 851 21 783 700 109 484 822 101 416 366 380 180 614 340 154 187 9 121 532 126 69 510 151 376 877 675 860 90 454 419 879 310 266 507 847 0 619 673 530 6 461 152 336 
621 138 99 67 690 761 274 724 881 795 719 815 364 129 411 469 335 895 862 738 656 421 703 20 852 300 477 152 293 193 54 847 332 397 450 434 355 151 539 180 507 89 493 7 84 805 187 788 28 71 669 391 540 289 430 799 556 330 6 901 718 277 516 334 130 836 623 447 218 479 127 107 256 424 882 644 588 359 42 444 114 594 441 226 765 378 85 654 273 196 849 301 897 
622 599 116 853 176 376 284 12 0 417 762 482 254 26 560 172 735 230 456 421 630 625 11 758 385 518 271 584 598 318 289 139 300 561 273 293 479 756 71 521 559 616 434 730 522 50 223 267 161 225 180 887 294 20 480 565 864 459 517 68 557 338 129 241 473 173 226 395 611 538 782 248 94 889 281 55 339 866 414 501 279 880 122 455 228 343 506 153 544 809 17 486 449 827 614 824 103 567 
623 463 274 396 890 17 129 68 504 102 315 89 161 443 676 114 385 53 649 245 85 66 261 534 253 617 612 871 177 204 124 312 575 4 444 907 568 709 505 828 284 95 33 813 399 645 303 853 321 301 139 346 249 847 236 400 435 61 503 837 621 752 723 76 804 537 283 270 843 607 741 735 226 660 864 773 55 527 603 393 636 1 604 
624 29 758 474 341 170 544 266 27 222 615 204 801 96 660 886 772 293 240 680 761 625 227 825 197 221 878 39 492 18 667 347 891 720 554 636 121 142 140 834 432 717 702 216 751 505 557 633 226 133 486 612 102 561 97 842 769 164 580 535 438 30 578 433 418 777 430 128 256 244 550 386 309 831 906 459 388 776 837 70 453 231 241 350 17 645 658 184 295 356 228 851 755 331 665 586 690 429 
625 522 203 680 372 845 56 604 340 357 160 120 364 536 614 622 193 624 275 775 616 552 230 222 261 303 903 62 704 309 42 527 111 5 208 116 43 696 71 678 789 335 367 470 446 477 315 349 322 822 581 450 249 327 458 897 530 663 147 760 24 352 427 890 566 241 10 70 496 756 528 92 645 61 2 638 659 647 59 779 424 766 
626 611 482 757 721 598 808 574 37 674 636 453 647 724 239 437 342 420 279 288 396 667 390 871 646 151 848 172 173 106 41 296 412 686 284 791 771 875 265 779 707 166 229 103 92 864 145 394 31 124 336 741 796 38 483 735 691 33 461 99 558 473 829 675 683 905 142 805 865 0 786 768 133 75 826 17 74 297 57 753 387 448 652 248 521 485 314 159 502 170 480 65 334 535 175 842 219 21 48 118 97 
627 456 547 792 124 5 577 507 608 497 33 321 535 195 607 527 692 55 862 589 53 571 229 240 749 418 132 111 157 662 500 264 579 218 333 563 698 648 385 831 511 374 702 179 278 344 638 750 843 587 106 405 459 23 171 694 772 487 583 192 315 287 190 859 633 710 615 312 258 260 437 887 575 830 323 722 318 
628 61 513 735 328 6 69 270 346 350 778 698 417 800 864 358 701 772 558 730 329 131 516 198 93 851 709 80 410 664 167 676 425 76 743 102 473 435 365 826 467 711 575 499 432 280 580 4 260 125 153 587 82 96 429 183 725 349 892 490 150 28 140 113 415 796 301 420 338 366 54 723 680 256 806 13 797 498 863 848 359 765 482 196 631 908 204 84 33 23 405 
629 854 860 470 408 831 265 41 580 565 747 413 488 373 862 541 389 548 544 121 223 440 13 269 239 590 200 656 171 462 176 286 94 37 143 750 657 79 841 792 598 148 691 886 104 460 456 130 414 534 396 56 732 871 61 736 519 23 221 696 837 454 115 890 716 124 755 846 494 81 761 449 349 154 807 157 34 120 59 863 436 459 616 0 723 592 318 417 701 280 289 350 
630 298 823 347 369 609 214 193 843 903 453 862 477 654 618 727 622 234 542 790 267 766 33 891 303 865 783 461 3 395 385 570 169 308 82 197 466 496 747 848 734 50 426 41 140 718 363 201 180 110 539 462 300 890 886 537 436 344 257 318 219 752 174 493 870 223 114 743 824 283 814 194 571 720 232 585 442 592 15 19 376 762 259 196 753 337 838 151 61 498 803 487 730 483 0 
631 760 366 311 709 108 901 23 809 881 722 725 660 201 417 455 235 252 283 595 193 903 68 267 135 225 126 466 831 564 105 344 342 550 253 696 101 425 813 163 177 451 592 576 298 233 844 529 358 558 792 60 832 811 49 635 588 158 303 478 97 704 735 322 199 648 435 596 756 388 730 398 194 326 383 337 442 80 385 237 640 636 418 530 504 438 601 462 628 525 318 370 
632 208 752 602 272 33 772 336 712 554 798 337 696 880 293 704 331 241 573 896 483 525 254 373 173 406 576 581 99 764 417 612 829 28 597 768 670 286 887 700 305 319 817 115 228 770 300 340 107 723 587 41 537 148 193 129 470 166 37 881 8 257 509 518 416 692 513 90 558 87 583 501 690 706 619 847 50 420 885 608 582 76 223 290 437 490 903 440 610 
633 859 224 29 132 110 96 697 728 701 182 730 244 176 483 753 194 652 665 443 688 349 137 242 18 454 410 556 118 527 682 734 762 72 668 624 52 163 513 315 78 592 441 91 388 563 162 855 908 683 422 342 211 283 732 645 814 307 126 127 522 799 877 173 582 413 552 569 33 549 800 520 681 66 546 157 243 618 217 638 92 627 615 649 7 284 239 436 245 
634 564 293 445 115 315 674 477 303 510 469 300 421 314 609 101 820 25 451 799 185 509 874 416 423 731 760 685 173 617 250 390 190 575 37 514 732 719 172 788 516 107 317 655 397 578 417 447 189 59 471 264 301 822 670 79 426 246 444 238 635 89 432 880 291 355 585 489 67 201 12 220 31 796 610 346 233 459 893 879 13 905 739 230 840 122 39 162 276 121 718 33 
635 771 72 841 187 3 883 74 89 173 647 332 494 800 195 557 254 121 292 816 903 110 754 559 400 801 774 205 760 367 336 686 720 678 217 659 185 344 441 613 464 370 399 324 453 207 476 184 288 870 179 834 389 339 473 241 159 16 690 343 748 421 906 779 77 490 750 311 592 281 704 243 817 631 1 634 59 531 54 67 595 30 609 136 42 305 268 902 574 497 792 514 558 602 171 103 471 644 828 787 821 543 534 892 511 91 155 
636 465 212 747 822 50 154 626 534 120 560 1 583 888 608 180 881 586 342 401 863 783 486 509 657 730 62 83 115 809 624 288 641 207 873 326 801 759 405 670 406 869 484 261 846 864 411 228 538 142 818 750 118 648 876 840 466 274 511 680 239 581 390 570 381 348 303 594 36 590 862 654 639 60 10 407 475 237 160 9 189 343 283 68 715 631 150 424 551 559 612 196 175 771 806 637 675 565 623 549 
637 344 140 752 191 735 460 106 820 27 670 173 394 0 97 349 169 537 519 707 689 179 668 331 871 220 539 787 238 503 638 639 105 524 264 450 740 322 713 127 310 681 560 451 763 581 241 48 64 167 252 178 258 662 659 42 479 719 30 429 253 717 163 427 132 373 516 768 732 685 8 402 475 448 695 723 203 878 10 218 158 515 131 786 398 346 825 759 517 237 199 112 47 24 730 491 816 541 68 15 74 636 393 424 418 
638 230 749 287 222 148 374 324 91 469 49 415 905 229 570 612 82 176 600 462 350 359 153 187 479 18 645 637 89 131 365 317 727 268 678 709 233 562 680 482 39 328 301 75 878 902 481 299 252 671 494 422 418 616 818 627 778 856 697 204 850 739 188 531 801 190 435 8 854 731 253 537 254 311 357 35 654 668 79 768 480 168 792 705 633 113 625 605 60 753 743 101 723 852 
639 663 279 201 775 502 761 215 420 648 461 886 667 787 878 214 88 32 236 453 718 193 776 227 650 185 813 637 469 725 543 554 33 440 583 190 683 369 599 39 311 574 49 408 657 348 486 414 568 69 795 86 125 5 487 645 345 873 336 672 703 229 173 567 166 117 700 317 443 504 153 445 532 754 244 636 564 331 162 100 613 850 78 476 68 419 458 459 284 651 794 732 772 783 808 661 
640 547 710 546 249 578 537 336 880 226 479 244 868 875 828 194 426 57 902 846 707 874 310 503 349 192 536 669 512 554 172 241 209 282 189 151 61 550 467 429 148 428 539 492 497 304 323 585 202 852 415 486 243 675 291 248 367 128 154 95 65 330 116 280 856 830 759 295 396 807 424 96 812 288 897 531 835 11 603 143 577 571 488 818 120 712 774 734 307 383 862 631 826 296 890 348 412 809 261 588 411 
641 710 415 140 345 481 755 831 209 125 21 495 431 421 835 324 25 586 261 446 677 763 51 875 440 855 600 103 789 533 696 524 547 636 64 227 166 213 716 502 305 553 221 194 460 448 288 885 537 372 254 703 740 483 478 427 679 35 701 138 67 582 736 488 259 853 217 190 463 741 695 752 551 841 30 177 820 9 766 429 145 220 814 899 238 15 451 165 576 605 649 827 461 160 
642 116 286 528 759 530 599 491 273 503 669 350 7 745 214 239 680 366 885 841 864 894 534 526 668 205 342 139 570 786 137 546 407 848 255 793 143 424 708 207 767 573 499 602 394 405 277 212 541 94 648 493 228 662 458 375 849 19 169 755 391 245 290 338 816 860 415 84 858 251 288 40 278 411 
643 403 242 35 378 461 296 688 793 525 576 689 456 4 490 110 783 390 203 559 683 428 883 148 117 285 440 233 467 745 563 868 36 147 854 93 669 248 262 221 550 89 577 368 496 449 797 302 231 849 492 52 278 481 479 146 476 298 729 332 264 468 615 723 2 42 356 816 744 274 121 574 25 317 101 0 69 806 792 
644 348 412 320 474 310 49 143 202 215 761 171 532 755 658 130 307 424 707 457 764 566 260 598 684 21 138 493 762 522 596 154 842 43 140 338 203 136 668 429 159 207 470 366 747 18 775 185 293 654 104 648 76 487 428 129 55 365 682 302 838 407 65 885 480 621 416 561 178 173 513 855 461 19 607 733 497 826 255 298 117 635 434 12 664 32 362 10 
645 808 739 437 699 482 47 886 495 325 135 773 843 328 492 721 571 234 198 174 608 236 251 208 192 598 554 638 323 247 160 246 172 463 227 220 116 315 651 873 804 341 130 689 314 178 528 213 868 402 700 862 548 764 573 639 735 623 369 464 268 831 201 422 633 519 307 319 747 194 449 678 771 710 794 849 245 215 155 483 395 230 58 137 249 106 658 354 452 713 625 624 569 788 725 851 536 663 427 863 190 481 
646 185 722 186 337 652 36 184 351 159 695 29 111 104 869 452 62 266 267 675 876 525 858 626 580 213 661 729 829 352 380 389 484 262 560 432 847 7 511 412 325 324 467 492 115 707 281 232 237 882 222 782 542 822 276 666 888 758 715 421 558 770 414 548 197 517 207 671 277 504 673 249 865 10 26 107 188 803 813 328 454 344 48 2 199 387 812 275 364 19 
647 58 595 552 165 501 254 593 626 635 419 105 329 28 43 66 314 901 117 442 171 265 315 126 255 391 232 877 284 163 798 147 95 245 270 17 847 242 464 669 355 32 249 620 537 664 223 786 331 733 841 202 581 513 835 272 828 311 658 465 577 137 271 247 169 142 363 744 485 825 666 899 244 253 811 99 876 625 395 215 524 5 426 736 103 
648 792 580 79 457 175 661 297 759 582 827 639 112 89 42 811 393 401 161 843 725 303 876 46 320 494 325 30 488 452 330 516 819 473 150 37 222 461 755 449 63 363 162 812 728 294 128 569 771 654 809 627 199 379 154 160 251 644 189 901 210 729 430 882 834 636 614 156 187 358 11 718 866 232 679 642 372 224 437 286 353 487 214 773 472 631 7 16 518 432 41 530 667 127 904 514 607 764 53 603 467 29 227 28 
649 409 555 391 292 703 707 203 686 783 370 151 516 359 892 859 846 565 623 702 719 457 451 507 875 353 715 317 749 886 312 291 774 179 595 404 193 610 286 408 296 30 863 760 808 496 219 479 666 166 530 142 884 1 506 830 202 79 501 99 187 5 487 120 579 285 57 500 681 304 772 832 725 465 745 560 588 367 769 899 633 410 904 900 641 838 16 
650 485 841 307 84 796 8 489 555 553 701 4 683 462 456 110 739 434 137 370 639 869 560 208 652 184 351 227 765 826 386 713 59 902 616 730 312 292 540 492 321 677 704 316 71 871 486 794 455 275 132 511 60 167 293 751 304 795 790 665 816 141 480 139 411 190 350 530 426 461 177 460 13 811 670 844 908 242 688 
651 111 191 198 266 63 497 695 179 881 141 715 812 133 328 312 532 665 56 514 745 341 698 208 603 476 477 14 147 109 36 406 645 60 718 427 678 842 173 262 617 429 777 825 655 697 513 371 808 293 896 468 2 100 282 696 829 837 593 425 121 82 233 538 724 667 108 407 292 145 319 155 195 721 346 284 870 673 639 110 384 62 664 803 430 105 512 424 454 506 17 710 228 
652 558 229 13 589 149 454 868 729 225 184 275 646 281 597 403 268 525 761 176 209 438 274 614 633 21 672 816 650 417 328 110 717 691 461 412 145 75 48 290 694 113 248 619 32 528 200 335 37 493 27 216 115 250 95 183 704 855 230 475 535 670 100 266 830 99 152 256 135 850 56 409 395 489 626 833 655 607 408 609 710 244 45 901 35 497 129 553 843 719 163 
653 169 411 696 539 555 344 215 832 843 665 369 560 61 778 431 466 677 739 151 732 149 49 200 181 291 229 307 87 82 331 84 243 341 14 62 453 700 210 253 135 657 772 30 119 523 325 749 157 691 94 189 187 870 154 47 139 898 519 142 283 459 670 88 29 579 821 783 340 234 354 1 188 130 445 857 703 800 464 259 251 901 
654 127 749 310 17 571 341 735 264 708 630 596 58 49 551 870 154 105 333 726 587 602 668 239 733 400 232 670 545 211 89 860 199 172 192 756 361 94 600 902 309 489 696 728 281 242 442 472 693 648 84 850 235 424 182 644 874 682 586 815 548 198 903 356 497 435 218 636 129 799 901 828 763 70 383 164 352 638 357 721 880 767 455 621 82 505 225 156 240 731 
655 100 214 513 579 90 550 53 839 863 533 843 128 208 68 140 708 689 669 597 331 305 292 658 875 867 329 246 578 704 593 101 612 217 727 712 634 277 697 219 618 614 895 651 740 558 110 132 505 283 722 616 778 360 313 104 11 180 735 351 243 255 446 3 175 524 443 733 184 235 652 402 562 87 497 259 886 427 244 60 380 768 450 683 877 703 197 77 178 337 455 731 174 585 789 227 494 502 
656 36 724 905 750 453 234 345 823 107 745 408 428 471 244 450 446 449 529 440 747 629 763 621 401 210 239 90 81 26 878 430 146 807 883 400 816 606 194 433 201 215 869 50 58 533 63 352 613 536 762 535 108 386 133 496 172 451 506 202 235 447 372 159 425 21 475 409 256 852 128 698 815 700 681 610 115 224 104 464 829 861 791 
657 170 254 371 357 711 96 58 124 348 55 908 37 193 881 248 324 71 288 636 75 224 140 838 757 620 629 877 716 332 693 204 242 779 797 766 639 653 10 285 905 455 244 472 415 837 848 860 9 328 875 907 457 776 334 464 229 801 201 678 174 902 686 862 339 588 740 794 531 135 214 523 670 713 
658 280 251 140 247 558 316 300 6 242 395 478 309 152 644 67 660 595 703 787 197 124 847 655 867 11 192 266 321 873 494 555 86 858 3 546 265 611 379 386 448 716 125 512 503 107 136 746 531 877 814 239 65 352 226 505 115 15 827 647 476 502 472 34 828 57 899 171 267 833 485 765 243 695 869 675 645 865 896 856 215 198 624 80 463 450 537 561 489 
659 522 596 541 53 20 60 262 857 586 139 881 445 688 528 18 775 99 307 776 474 682 206 666 635 71 411 477 852 201 444 158 230 696 710 527 401 438 549 211 435 490 55 504 606 564 637 343 100 758 48 681 265 523 432 188 305 750 663 217 699 533 79 480 340 240 156 346 832 890 605 488 199 151 172 801 729 291 88 247 783 625 721 539 78 
660 291 371 840 894 382 760 561 288 907 537 725 117 47 505 811 10 624 258 620 828 105 325 818 631 85 854 500 306 246 605 898 63 200 658 198 508 39 99 441 495 529 546 168 49 76 751 305 877 530 22 13 893 564 75 783 503 607 669 336 340 567 793 323 328 227 211 786 207 710 397 785 353 461 734 7 679 203 115 279 533 70 618 100 860 316 9 712 623 65 212 256 386 415 352 718 450 89 574 595 
661 131 734 375 648 209 109 697 399 303 444 562 505 431 665 11 435 279 366 590 682 585 747 214 802 206 646 315 815 803 810 893 575 548 80 730 197 566 484 171 788 680 114 270 518 883 53 493 495 338 351 127 240 425 321 296 698 360 61 813 322 436 467 67 479 95 828 213 262 522 870 789 692 676 43 727 309 618 711 91 779 501 519 420 558 44 337 741 766 94 639 668 
662 558 744 88 38 382 341 70 825 675 333 33 308 8 576 833 878 665 410 460 862 818 190 68 564 627 762 469 142 472 479 667 108 539 248 681 516 637 560 713 316 347 266 870 221 265 839 729 377 590 509 800 30 158 355 715 77 282 175 203 642 331 557 891 580 837 490 292 178 584 62 804 163 502 317 686 486 761 1 535 428 191 
663 639 592 223 865 716 820 728 128 789 261 289 159 795 46 742 864 488 614 890 620 707 386 558 857 2 313 141 806 833 47 538 52 586 737 180 92 369 157 345 343 113 563 257 490 434 428 15 535 868 727 259 514 826 144 137 508 794 44 175 875 659 625 82 856 695 410 50 226 510 65 291 604 397 580 537 505 424 610 279 208 178 336 869 123 215 645 530 446 767 20 
664 806 94 881 711 387 682 811 888 250 681 569 817 800 114 844 753 197 6 733 568 291 563 593 508 40 679 192 310 723 130 628 433 319 297 76 77 789 255 902 530 177 53 838 537 302 137 647 364 289 750 815 173 775 146 612 175 869 529 349 767 560 12 259 305 476 180 738 726 758 845 422 467 564 365 176 794 416 510 651 644 520 366 841 864 591 320 434 
665 905 81 849 531 360 823 718 23 335 653 332 310 592 232 878 818 661 7 39 702 651 229 454 312 282 733 672 305 68 16 662 478 147 100 633 541 880 5 10 881 283 596 758 862 769 570 60 157 819 223 495 379 519 825 366 701 98 300 683 273 483 607 704 528 650 869 118 786 901 97 864 491 840 438 302 327 92 307 806 772 553 181 569 624 233 113 301 
666 445 817 235 500 415 24 182 794 439 198 894 667 591 313 433 184 354 338 440 423 659 285 271 35 23 762 308 614 829 804 669 364 460 4 93 133 56 721 46 877 102 700 471 646 165 74 206 649 506 51 70 370 49 760 384 319 513 444 17 41 200 532 8 575 230 65 539 241 533 647 43 668 889 864 480 746 543 897 544 302 819 809 412 160 
667 880 901 113 122 243 559 525 488 187 396 164 607 767 596 809 639 720 549 878 44 510 666 458 544 238 213 863 759 626 778 768 624 592 69 849 254 801 92 244 455 174 740 747 662 110 608 553 437 564 270 583 121 206 573 369 245 533 193 409 289 362 136 299 413 859 94 858 438 542 5 577 141 651 586 700 280 202 381 219 885 781 356 485 161 853 648 474 478 462 515 271 503 39 415 175 776 732 597 730 812 60 580 177 
668 619 525 351 759 137 395 722 682 318 737 244 560 566 637 42 684 799 456 171 517 642 806 654 887 242 572 785 430 404 813 136 677 644 633 166 431 713 189 769 760 833 380 56 845 830 105 72 432 516 458 777 577 872 164 674 703 514 594 698 553 413 11 188 852 400 321 562 853 638 699 538 800 221 666 127 272 822 204 805 695 55 439 696 825 150 129 370 661 
669 97 270 485 481 258 20 698 469 840 161 43 752 453 642 84 187 655 473 323 35 312 496 758 78 6 893 735 704 640 703 789 342 876 362 402 607 643 681 139 8 475 647 440 100 233 177 776 660 374 305 666 321 283 621 834 828 167 340 229 533 277 574 480 777 718 17 618 494 278 192 849 820 86 176 114 107 499 42 44 775 64 264 434 823 708 904 136 903 347 240 366 542 815 436 291 55 818 350 836 813 451 
670 372 158 139 733 637 153 114 857 313 406 518 908 745 478 837 41 8 585 654 632 78 296 156 369 67 128 194 454 87 110 827 43 636 893 673 17 389 868 603 529 54 697 873 879 567 486 207 834 634 459 743 124 224 573 230 288 652 437 534 125 80 653 225 425 163 171 126 112 575 22 767 132 21 301 554 109 754 448 283 403 396 650 192 657 498 576 378 730 297 
671 283 343 367 453 500 340 571 605 495 72 901 399 837 594 458 615 612 903 382 805 116 279 209 80 316 15 91 362 41 120 285 318 745 732 852 614 693 339 900 449 57 672 81 638 410 98 156 537 501 175 790 246 45 74 350 252 800 0 673 113 646 198 437 719 296 389 391 150 334 324 356 599 432 132 307 357 596 171 94 192 817 799 497 303 
672 305 556 565 319 618 330 342 271 395 544 5 776 104 770 517 390 417 149 450 407 532 665 465 435 90 737 523 652 780 828 291 807 368 819 436 144 293 52 376 858 744 58 550 53 471 874 551 180 17 901 511 671 889 612 639 292 610 831 811 457 59 314 575 360 135 153 723 542 237 505 822 442 39 272 320 801 794 265 741 482 215 166 587 714 137 279 606 806 346 730 
673 727 355 22 516 115 407 418 197 122 253 423 858 94 800 161 599 403 734 219 276 565 7 113 389 204 11 689 341 272 422 106 577 191 596 670 225 507 441 523 353 85 885 404 567 506 594 33 497 712 589 468 445 467 476 226 396 429 300 331 804 2 374 27 671 280 540 320 39 342 646 105 816 811 694 110 618 651 824 40 63 349 463 337 166 620 499 745 812 377 515 236 454 853 228 
674 801 85 338 634 16 626 345 379 168 865 701 710 367 309 687 789 724 790 512 92 53 212 884 393 14 257 116 280 67 237 481 771 48 310 590 538 319 764 387 82 37 376 429 188 55 65 904 210 571 835 477 520 112 35 692 885 850 77 101 711 160 668 498 277 282 796 184 736 463 443 568 741 436 362 230 200 41 99 500 314 577 827 855 541 
675 268 788 91 902 261 163 46 528 483 765 19 662 596 336 185 569 243 370 423 66 646 193 767 830 426 589 683 362 158 55 598 118 886 836 864 280 68 453 684 125 874 233 806 562 713 512 15 347 854 457 276 640 255 230 613 353 566 758 747 454 782 142 850 617 831 725 626 706 444 260 508 358 281 58 620 327 865 208 410 425 137 140 554 658 165 323 808 599 77 572 404 478 824 141 461 708 305 372 349 487 636 433 556 98 
676 143 350 596 208 836 388 238 806 336 211 523 321 473 393 623 225 738 34 479 576 79 155 898 137 387 833 446 46 424 50 496 1 21 91 628 363 250 562 314 65 555 377 853 527 787 195 451 804 375 367 48 3 90 58 752 518 862 112 22 563 346 539 100 842 354 230 353 618 307 324 289 545 266 794 661 556 45 894 902 222 379 519 407 715 714 171 769 374 498 236 77 92 774 135 713 483 165 471 
677 201 343 751 435 714 476 173 878 801 249 847 746 120 641 653 700 56 375 569 731 522 619 703 596 808 821 142 450 127 261 57 833 311 668 433 72 242 602 447 650 778 556 788 884 66 779 897 523 688 488 453 442 246 504 698 282 740 62 713 895 537 501 350 754 267 92 434 247 841 384 297 590 279 315 314 398 494 805 145 555 
678 571 177 90 4 250 176 596 398 345 96 616 290 551 106 221 309 735 543 218 583 116 508 568 635 714 613 263 328 365 171 488 609 21 120 445 28 728 773 824 651 312 509 771 88 442 593 378 625 364 280 638 117 850 165 561 772 67 34 127 817 357 836 691 50 78 415 439 645 418 614 249 494 205 868 379 98 62 657 321 55 434 317 475 6 686 506 727 9 144 102 880 29 15 340 766 519 375 
679 413 235 469 827 182 828 754 539 221 122 91 133 488 164 887 692 810 764 471 779 569 212 315 583 730 771 763 664 848 768 320 51 705 762 326 495 121 599 421 805 859 149 531 332 185 560 161 330 760 641 231 3 571 434 648 373 130 660 744 4 684 797 50 504 472 776 402 566 242 499 604 445 690 405 280 480 774 250 303 577 245 739 
680 215 168 625 246 156 213 309 4 345 444 754 92 259 848 616 63 882 614 112 346 686 441 688 35 524 624 771 69 642 705 191 496 334 162 571 317 392 159 214 343 209 471 613 751 828 885 518 352 377 109 167 661 421 710 872 818 298 295 638 275 230 884 599 251 760 486 347 869 826 118 170 469 485 459 897 892 564 402 741 636 606 329 253 508 761 416 770 141 544 428 876 110 780 779 433 681 628 699 752 331 0 442 907 27 171 376 596 514 859 190 470 527 853 586 718 240 360 
681 427 349 192 858 297 18 602 283 822 181 766 789 664 852 704 593 520 612 36 481 218 110 12 851 754 387 609 79 669 486 892 460 227 637 684 750 697 72 224 43 338 126 662 363 873 806 200 726 292 113 496 307 582 426 494 567 700 839 30 855 68 659 575 568 780 47 755 324 379 633 680 649 463 393 149 878 160 255 908 793 656 705 320 259 182 295 7 519 
682 105 564 388 878 793 592 794 668 220 458 714 334 749 664 142 615 138 62 178 26 707 380 41 63 616 530 659 255 116 150 661 279 860 261 701 276 365 352 145 762 570 470 389 562 584 444 27 575 874 633 146 114 155 883 20 753 824 783 494 727 137 481 489 89 290 893 311 654 376 2 144 394 792 201 561 239 99 757 871 644 374 8 451 751 851 69 361 292 409 775 379 12 357 342 711 297 416 742 321 689 217 543 745 226 119 
683 590 573 773 729 137 449 543 343 703 869 269 461 600 550 763 11 751 643 650 4 841 589 111 900 244 419 117 301 675 55 599 820 157 437 35 819 887 639 415 408 313 255 445 879 138 875 19 723 382 760 633 804 602 524 330 176 384 626 665 318 129 398 614 161 861 782 110 606 261 845 229 97 339 154 45 23 370 596 226 655 153 166 162 
684 434 535 222 116 880 167 223 884 856 125 387 404 299 368 300 741 390 704 294 277 759 688 668 97 604 249 620 507 395 505 774 57 772 587 644 459 389 675 572 897 415 681 843 60 846 307 19 214 808 335 408 234 726 317 612 190 349 550 290 135 377 533 157 169 150 903 352 438 731 486 224 889 244 679 420 22 721 18 484 399 826 799 3 718 582 516 358 185 314 326 836 616 546 369 343 
685 302 840 567 89 251 37 450 805 178 539 148 149 563 49 790 875 370 448 411 581 480 634 366 730 708 407 316 778 13 532 71 345 35 605 208 278 25 400 892 461 82 736 739 783 748 802 245 131 268 137 473 27 323 141 252 419 238 737 477 249 41 619 391 809 574 577 363 825 823 226 637 475 458 56 168 525 241 304 526 716 17 452 686 773 542 277 409 157 550 242 330 521 
686 316 108 111 560 649 351 389 68 36 547 355 311 745 495 441 680 794 105 122 324 13 307 288 154 635 413 395 218 688 436 230 626 313 153 274 486 700 829 137 114 102 731 392 529 74 561 757 439 294 99 905 386 368 741 249 231 252 489 55 245 220 875 512 205 348 715 528 603 595 706 608 281 903 295 112 115 565 759 657 501 825 685 93 162 210 457 678 780 662 699 260 842 463 343 
687 238 777 316 73 396 419 391 783 338 379 689 6 33 25 12 755 674 515 405 47 270 465 435 599 573 62 493 564 798 572 176 401 274 571 619 446 602 818 135 543 507 265 692 163 697 250 548 514 581 111 121 557 15 322 760 836 610 225 138 38 351 795 66 385 275 296 529 290 141 869 300 598 801 876 870 570 596 378 713 906 722 563 413 5 75 164 133 65 
688 223 146 620 197 259 783 643 270 158 239 499 60 194 659 680 118 555 71 684 447 157 882 901 608 775 577 633 72 686 369 795 218 69 217 554 19 797 366 136 86 172 839 280 398 339 87 94 482 699 295 510 1 52 866 548 677 221 67 145 790 563 135 361 336 380 412 257 276 327 250 326 175 895 709 30 356 730 466 873 870 587 256 402 650 391 493 429 867 
689 738 58 449 333 285 179 687 491 643 6 718 834 108 655 290 156 637 506 769 405 549 160 875 558 136 508 318 854 303 176 430 673 699 616 27 548 50 593 494 391 833 645 294 354 710 70 279 881 471 367 250 291 890 377 505 827 889 783 431 790 85 595 81 427 454 229 906 102 29 721 114 80 357 4 260 189 300 898 349 167 897 445 395 814 47 384 551 682 49 773 757 490 146 
690 224 49 504 884 621 594 179 489 63 255 260 463 602 398 522 310 130 319 694 759 488 797 743 776 381 125 164 586 757 783 908 497 200 363 433 781 472 251 524 449 333 848 827 143 413 50 411 76 907 254 732 833 272 160 184 635 564 501 342 835 467 515 900 537 6 863 468 321 30 438 598 391 756 248 550 708 291 216 843 91 24 362 632 814 679 485 780 219 746 3 716 559 810 498 1 385 730 772 791 258 753 624 397 97 
691 741 521 306 362 425 807 218 76 81 745 790 115 592 870 59 403 773 581 301 772 698 446 326 336 896 652 315 250 629 83 704 131 568 208 137 774 653 555 282 456 626 263 478 678 710 25 449 798 209 526 488 177 193 368 93 219 334 293 66 155 598 439 586 266 497 188 737 246 711 162 347 534 220 118 164 593 126 401 51 453 69 374 33 
692 565 325 118 166 738 843 435 65 498 93 482 573 221 526 679 627 471 420 846 818 886 699 294 480 7 98 617 440 267 756 600 882 391 754 687 827 316 226 348 14 409 53 766 353 8 609 797 361 538 327 378 786 563 300 151 674 26 901 231 280 481 907 593 632 201 388 661 560 181 258 601 707 270 185 411 792 727 814 268 724 793 153 606 213 
693 810 594 613 799 890 601 567 152 618 80 437 782 491 768 335 32 486 418 213 261 479 84 357 572 61 657 737 821 49 531 797 600 503 35 714 671 127 654 425 162 381 551 445 793 728 501 436 144 813 490 118 147 598 171 524 870 408 824 86 517 897 429 60 17 364 542 702 410 534 120 185 134 734 533 404 156 393 28 319 55 439 140 571 
694 160 378 190 223 832 451 546 890 769 478 155 690 308 576 407 96 722 577 815 532 593 233 540 450 23 167 879 829 499 524 232 531 359 473 349 121 313 652 854 371 220 1 188 98 199 356 846 402 703 330 268 851 239 263 33 805 134 833 894 627 83 784 575 344 808 144 673 850 172 249 777 711 908 31 401 842 580 146 870 278 
695 901 54 764 216 122 808 147 733 651 849 646 595 279 366 177 474 588 732 447 564 561 804 88 906 710 46 30 326 223 331 827 570 203 350 244 278 167 493 880 309 824 38 189 292 79 405 798 178 796 53 457 872 477 62 815 364 637 888 663 237 641 104 762 523 658 156 7 268 822 332 613 184 668 584 812 492 142 
696 464 9 558 653 137 878 119 871 219 740 863 820 585 908 632 813 380 885 567 112 610 356 791 499 100 384 744 65 204 390 89 366 641 140 592 425 709 625 725 631 659 375 414 654 809 98 16 395 267 454 120 529 520 817 32 299 76 614 237 256 629 209 651 48 747 372 379 595 884 540 152 442 22 510 834 854 888 5 668 845 38 417 769 
697 273 868 16 797 295 581 633 762 661 577 829 98 511 568 99 851 766 854 546 398 194 178 251 298 159 400 228 205 561 54 473 681 381 687 413 164 296 363 655 600 366 459 305 651 530 670 266 720 464 543 823 733 226 591 66 111 541 775 138 638 264 233 712 882 902 715 736 789 497 713 707 372 201 527 422 825 69 223 277 856 186 870 362 181 873 301 498 886 3 285 542 
698 844 85 330 275 562 669 628 48 699 584 764 470 846 845 370 465 827 109 710 763 651 65 691 713 285 896 184 899 457 453 612 26 568 433 200 826 147 741 783 368 785 288 627 0 362 740 316 661 116 120 38 423 565 829 90 888 677 762 772 1 889 668 552 216 237 207 106 395 135 875 379 865 471 656 303 313 709 794 599 408 
699 489 611 902 645 873 89 398 740 818 475 76 544 698 139 295 361 713 195 589 34 154 404 109 552 692 410 759 392 738 98 689 224 308 592 335 778 274 5 291 748 422 479 91 571 459 464 853 62 850 590 798 80 749 272 93 688 33 222 585 178 264 252 384 432 327 326 301 299 556 45 769 827 535 709 659 387 487 717 218 303 188 368 680 286 78 668 463 532 417 79 877 745 83 718 28 854 460 686 184 177 896 320 518 701 500 258 
700 887 739 511 199 796 228 381 204 153 477 158 753 442 108 597 76 471 139 677 109 793 632 304 869 904 359 255 465 686 487 292 724 802 653 175 620 786 562 757 197 645 736 361 393 708 185 65 159 681 31 168 666 701 48 639 846 523 438 113 66 468 603 667 891 375 72 553 271 656 137 776 732 291 614 
701 6 303 260 853 410 770 674 736 906 473 808 781 122 93 650 633 628 242 256 115 840 593 371 308 329 551 414 826 554 682 310 708 445 763 179 4 614 387 266 432 384 887 721 525 541 291 186 834 451 312 349 194 18 712 524 478 376 62 510 536 283 184 350 641 39 665 579 700 151 201 272 858 12 879 581 769 193 221 461 703 847 204 177 436 427 67 824 548 592 792 293 550 364 472 55 304 253 502 344 613 699 629 827 322 
702 84 62 414 808 37 708 545 886 231 393 438 900 169 365 86 820 485 847 445 665 199 176 649 459 775 75 447 787 290 561 247 70 494 159 137 454 233 859 376 537 463 291 624 155 728 121 64 41 112 730 895 774 446 627 562 327 858 839 281 532 452 606 755 157 348 785 559 187 40 59 287 693 439 435 502 500 366 42 506 491 237 384 407 
703 282 390 594 649 848 683 530 904 860 167 402 226 593 590 416 5 864 715 152 569 172 658 558 856 95 365 729 40 669 621 581 677 884 100 396 774 461 754 348 123 474 886 765 896 94 309 641 453 734 162 493 169 639 349 694 456 406 72 516 531 668 256 724 705 216 181 509 701 29 548 64 201 159 750 827 442 541 451 186 503 769 655 286 160 744 371 653 344 
704 312 562 516 844 888 616 546 632 33 684 585 873 186 681 788 877 719 755 160 669 280 382 625 268 453 765 592 424 655 170 82 144 832 251 538 767 563 691 445 315 308 212 650 129 360 3 356 257 95 591 377 121 423 389 14 126 635 652 243 534 80 730 211 821 509 607 665 631 747 5 766 147 826 163 875 34 161 84 352 709 179 502 77 487 450 
705 548 329 298 879 96 526 350 726 813 793 361 100 532 765 424 38 355 508 766 476 680 487 543 585 788 588 482 405 867 611 877 679 233 125 227 491 864 419 210 230 742 439 404 421 825 596 79 154 336 338 769 417 245 796 390 242 370 767 231 806 854 557 703 138 46 436 441 190 840 30 111 202 617 527 894 638 444 412 817 228 219 538 386 741 103 681 575 434 177 495 730 
706 131 330 191 28 718 174 866 395 183 842 879 425 440 349 743 88 499 714 613 527 326 302 380 733 235 466 400 87 862 529 735 451 453 516 119 840 475 200 350 211 444 846 273 812 522 479 778 39 462 824 610 413 71 48 675 843 496 146 782 797 376 327 248 686 590 504 431 816 501 596 279 632 355 710 744 715 370 589 251 416 848 377 383 
707 273 342 649 386 35 30 568 40 446 142 150 817 68 238 830 496 38 780 608 612 583 682 637 419 788 455 644 640 306 200 663 828 141 281 563 154 25 499 546 726 475 26 187 819 626 350 279 227 735 450 317 4 36 756 325 775 391 646 884 240 754 594 535 551 232 49 729 236 438 113 262 216 787 354 225 738 92 159 766 410 487 875 697 804 156 411 515 373 429 692 100 217 147 318 712 124 827 
708 873 403 272 485 118 58 228 814 702 506 209 862 654 454 196 655 335 489 123 803 891 174 3 66 350 600 7 86 685 582 701 391 380 26 422 882 520 301 583 443 400 540 108 778 770 642 745 171 502 315 815 881 509 392 700 362 190 67 612 426 52 199 568 72 471 421 107 464 75 483 851 850 282 347 168 93 690 669 206 439 752 289 55 818 375 154 880 29 587 756 675 736 181 41 720 584 449 291 317 
709 448 615 575 631 361 897 807 817 46 209 392 490 326 60 342 37 92 303 531 153 771 717 180 76 252 592 152 430 403 784 5 494 628 409 696 325 148 21 612 623 720 178 844 638 904 317 594 614 477 304 330 559 120 247 752 557 417 495 75 856 187 38 889 824 98 699 576 565 566 42 140 216 15 539 91 203 162 869 201 249 688 489 831 808 8 704 775 885 849 461 698 373 
710 640 641 18 123 392 38 674 829 400 493 577 602 11 189 520 594 716 695 698 552 382 323 133 860 110 586 117 34 755 254 572 758 659 608 680 689 118 19 66 406 831 569 463 854 142 578 582 596 897 769 518 352 691 330 660 899 257 395 401 242 846 872 155 715 371 106 269 645 785 92 842 300 579 726 858 199 461 706 652 627 284 738 851 127 889 775 767 16 200 305 651 
711 113 155 728 357 351 458 179 664 657 404 902 392 526 11 538 1 838 486 14 88 610 569 276 71 484 854 13 398 327 460 187 213 26 337 295 860 247 839 543 534 577 466 444 825 908 628 382 506 411 126 448 206 434 793 48 438 86 723 246 859 260 428 447 836 891 212 585 823 674 906 562 794 196 335 465 95 691 69 153 661 512 200 814 423 694 873 682 380 310 222 456 182 251 219 17 470 864 784 897 786 33 
712 22 793 84 616 367 268 632 560 822 894 803 750 218 270 62 415 567 180 419 221 86 332 360 511 517 361 460 303 226 36 132 874 655 518 814 741 51 485 847 179 701 245 739 136 615 776 444 673 766 115 338 72 394 236 697 258 422 142 133 227 417 77 777 178 740 865 209 640 660 107 608 891 356 145 202 707 470 140 
713 237 831 24 870 32 505 753 737 714 58 215 121 809 442 792 195 466 78 699 575 526 471 409 246 572 900 221 153 865 586 27 402 407 135 698 788 856 173 303 225 509 637 746 75 811 650 378 581 604 675 349 167 5 723 668 546 485 588 145 662 178 149 754 569 829 408 17 7 308 190 307 278 179 49 439 57 229 779 677 110 486 876 356 697 908 368 375 366 591 376 842 415 313 163 373 687 46 326 645 507 338 457 837 676 657 299 272 
714 311 870 820 570 757 470 728 677 713 116 682 516 802 4 762 164 906 360 0 15 706 510 551 192 812 248 601 678 146 18 855 565 767 303 773 527 336 91 140 563 801 159 693 375 335 113 197 900 407 526 878 456 764 430 843 147 229 8 216 746 729 511 208 858 807 756 460 845 105 45 388 803 891 272 488 334 450 676 231 274 672 404 282 865 12 293 509 
715 208 405 179 392 29 863 651 322 312 287 425 703 506 780 735 729 289 733 649 549 763 48 889 246 811 184 36 446 242 791 788 496 152 275 53 616 359 282 552 412 157 197 510 140 462 345 511 720 562 310 244 646 556 419 445 535 187 878 710 662 615 686 697 802 901 409 816 584 365 814 488 226 176 566 56 146 314 726 467 900 676 706 636 473 279 280 180 186 583 394 
716 663 184 877 467 62 14 801 234 733 535 568 351 550 762 529 887 781 310 756 283 451 586 411 710 478 264 597 470 368 82 376 36 461 267 127 340 616 657 501 462 798 641 389 658 71 607 769 52 817 408 319 479 782 759 111 374 183 266 749 25 821 416 629 69 225 593 861 724 298 23 359 745 885 685 820 425 442 690 730 153 410 333 459 53 481 65 783 444 
717 252 201 112 861 50 195 854 323 199 905 782 326 584 139 59 552 580 66 222 597 736 91 78 759 132 318 709 319 30 852 13 69 652 441 798 624 240 53 266 896 250 810 530 500 408 466 903 330 879 543 68 238 796 637 504 531 556 540 349 600 405 822 809 565 376 756 783 699 481 308 155 86 302 339 331 85 174 71 827 62 208 497 111 
718 741 218 732 166 28 842 706 35 274 665 612 876 689 888 156 841 159 366 768 8 550 281 542 500 561 168 639 15 601 861 880 604 823 513 651 149 616 364 532 315 762 86 432 523 521 757 295 460 783 630 495 752 147 40 574 669 536 387 400 30 886 621 648 485 26 244 73 899 314 858 189 365 266 144 24 598 329 2 894 866 502 241 684 20 84 583 572 699 548 872 515 804 634 680 660 579 774 362 484 384 588 517 
719 381 313 401 241 280 211 372 135 419 737 383 621 771 234 875 428 554 616 548 508 743 315 534 42 704 181 649 496 172 80 286 105 500 756 281 524 540 736 82 634 330 776 301 349 268 439 828 400 152 120 174 225 8 902 177 11 858 637 856 200 316 530 386 36 167 571 604 671 75 245 390 128 258 96 250 730 618 162 209 61 13 726 110 312 652 
720 809 314 528 250 156 439 667 433 787 209 509 282 796 883 635 235 119 624 794 148 610 293 350 548 52 552 709 342 496 738 795 74 186 30 759 536 697 788 298 538 123 715 843 8 98 29 586 488 73 124 554 413 131 10 261 853 227 189 604 570 630 418 456 352 522 616 876 139 393 708 527 614 27 445 129 374 
721 55 33 808 626 225 253 600 151 439 525 109 18 370 332 731 248 885 645 846 407 541 433 508 288 293 63 403 224 506 212 173 392 187 769 447 502 154 701 54 362 579 214 428 571 177 666 761 285 215 755 185 851 43 91 858 429 534 840 27 521 543 422 223 310 689 747 291 907 343 684 442 404 496 124 184 735 884 139 40 651 654 446 776 238 382 744 269 585 659 198 560 889 275 748 
722 359 822 861 773 646 668 835 589 175 337 756 631 7 542 4 158 157 694 785 82 146 525 358 257 420 408 305 880 890 324 602 514 285 275 353 896 860 515 174 446 148 298 11 233 192 510 176 762 110 853 733 655 70 901 864 79 335 138 265 31 597 256 48 374 370 201 482 819 195 886 618 172 71 296 578 560 904 242 363 687 66 199 253 319 610 320 627 118 
723 163 367 908 275 793 233 865 541 550 379 477 234 339 117 775 176 309 49 226 332 587 457 341 893 392 66 261 576 253 619 52 475 398 342 812 377 870 410 863 264 537 314 56 862 825 299 46 664 187 734 604 263 494 750 101 783 600 607 184 321 713 727 728 383 355 632 823 408 683 438 63 160 778 711 168 13 478 729 905 881 672 623 637 902 79 643 628 800 539 732 65 512 744 142 21 829 535 563 850 903 109 556 93 153 760 629 638 197 68 789 
724 384 812 60 7 784 656 818 776 621 626 498 443 194 207 318 49 394 586 674 553 418 171 800 329 159 535 432 582 604 118 113 1 844 525 839 889 840 58 817 199 700 94 619 61 428 95 328 876 884 182 131 434 116 77 562 101 512 218 248 575 300 863 755 651 407 808 716 757 703 250 71 276 334 102 854 156 885 430 459 142 867 470 893 148 117 692 96 
725 334 731 420 283 282 879 221 898 511 660 434 545 793 631 346 162 466 507 44 291 648 80 598 257 573 224 214 818 184 639 299 451 569 431 443 696 1 92 401 161 86 440 238 130 120 279 191 528 563 350 790 233 180 758 134 173 296 436 628 675 338 18 265 738 117 266 483 813 301 194 496 505 198 649 37 352 554 864 586 736 574 96 295 397 871 335 26 645 585 297 
726 28 577 547 705 447 825 352 754 448 481 838 243 543 837 735 52 496 896 858 366 224 841 413 379 531 605 56 901 654 164 16 101 3 103 865 809 355 707 515 885 500 739 449 424 100 761 499 494 347 93 168 681 441 198 97 684 507 785 12 569 77 581 231 328 467 783 160 305 528 193 153 454 603 130 846 791 664 196 710 815 730 715 451 268 799 228 557 361 719 308 150 860 359 395 
727 88 673 599 870 897 330 408 184 592 283 496 93 739 544 129 12 519 630 760 788 368 231 860 6 254 20 155 294 816 436 335 638 655 125 63 577 723 90 75 682 461 272 867 466 663 53 894 411 76 476 34 242 32 361 367 563 745 59 58 202 831 238 661 177 200 775 678 333 889 692 315 893 520 818 478 195 124 480 147 579 611 
728 85 241 585 196 711 494 766 714 484 663 596 633 784 346 492 854 425 846 314 394 126 470 379 474 485 129 192 802 199 310 386 678 143 376 373 139 165 783 459 263 648 702 654 723 900 282 64 12 413 278 134 891 693 264 57 562 283 258 316 141 219 151 59 793 185 593 32 58 287 735 893 830 194 18 284 428 339 6 41 614 847 309 195 381 5 441 
729 591 683 530 478 652 242 112 360 274 899 512 903 86 816 569 715 23 582 488 703 466 123 511 516 343 646 483 388 172 214 757 834 287 887 779 743 193 596 781 263 151 356 109 67 468 19 70 102 739 100 520 315 171 72 738 707 648 158 846 662 890 768 286 515 605 875 387 714 643 723 745 150 110 188 547 883 410 221 210 0 774 830 825 16 299 659 450 525 748 29 519 778 33 906 61 
730 302 217 163 102 34 463 867 793 861 107 19 601 195 814 469 633 59 865 556 628 616 636 685 679 179 159 826 214 71 661 120 275 622 137 151 476 287 109 650 42 68 209 702 571 244 229 9 508 764 892 332 194 437 519 249 234 130 562 704 363 28 285 126 631 779 365 505 719 331 726 300 688 787 716 294 487 426 549 667 637 253 417 690 225 359 274 630 670 672 705 
731 229 760 601 725 301 599 282 849 169 898 735 286 496 201 407 17 422 84 382 344 215 721 582 620 290 794 71 420 882 146 404 634 590 850 309 207 553 272 677 113 310 736 437 11 798 856 747 504 512 327 417 686 244 216 374 157 442 384 15 224 851 807 684 479 595 399 638 818 562 264 240 151 841 827 156 598 555 832 391 566 205 249 864 612 654 655 188 869 
732 339 389 718 749 449 9 337 202 21 343 490 495 774 283 478 528 784 695 826 840 653 189 852 860 592 604 405 463 135 288 305 258 23 850 634 184 278 31 374 244 199 671 301 58 690 503 603 794 115 418 181 30 872 766 629 747 47 7 810 633 335 426 445 359 131 637 452 317 427 384 241 413 471 546 63 587 723 49 93 897 404 178 667 456 474 126 700 639 361 879 502 561 
733 615 562 805 803 384 606 101 670 449 442 716 743 841 555 267 202 695 302 375 76 59 313 801 324 507 665 715 107 434 316 256 498 230 706 166 654 886 664 403 361 235 247 5 15 28 148 446 392 750 603 531 806 605 904 89 869 763 647 193 697 422 722 334 804 196 0 536 218 303 900 332 541 104 595 586 2 175 194 508 98 319 60 554 655 20 903 504 226 461 453 644 905 522 212 791 838 11 895 269 90 613 315 68 149 455 146 191 
734 661 471 513 31 797 315 738 179 533 210 382 850 673 836 861 800 451 115 247 269 570 412 534 167 539 546 205 284 604 723 477 630 556 896 633 195 436 165 10 273 703 383 137 750 460 886 489 201 660 270 864 184 422 403 571 466 877 870 220 405 289 777 151 812 402 203 640 139 148 49 693 18 260 858 767 560 467 
735 3 519 628 462 856 58 637 731 503 270 574 54 654 678 161 622 726 51 480 801 260 903 715 791 149 761 523 669 506 108 116 859 8 833 86 784 7 706 154 48 135 233 387 148 501 707 488 510 127 242 509 537 32 69 215 65 626 645 313 84 56 565 323 195 792 250 875 201 207 655 309 344 446 421 882 200 631 728 589 760 213 170 373 243 397 300 249 494 721 769 863 190 515 36 173 502 133 47 118 389 623 126 184 
736 785 268 493 403 468 803 501 519 107 116 701 409 94 349 158 213 860 320 350 787 717 602 0 470 494 146 5 749 60 731 608 576 575 289 719 539 156 361 311 356 609 685 896 783 552 49 58 700 369 52 185 891 206 746 793 220 80 152 606 629 47 172 334 238 641 168 386 274 820 400 39 101 697 794 449 569 521 594 764 674 844 564 345 237 847 819 430 904 766 725 591 708 184 832 290 20 647 69 123 
737 214 234 235 223 713 668 550 719 390 416 907 874 853 812 880 271 156 594 672 207 457 332 149 210 620 611 428 351 588 22 35 693 579 573 544 663 202 762 245 503 133 50 67 277 186 554 13 102 314 143 1 599 685 764 322 72 59 739 57 256 769 174 459 228 251 146 740 162 691 285 196 595 578 813 803 485 297 258 758 114 43 450 39 175 859 262 844 474 536 86 158 165 846 585 580 233 352 866 106 
738 689 257 250 71 311 692 34 58 182 482 414 18 792 734 351 315 0 124 866 476 676 132 348 621 382 431 8 740 121 463 269 607 699 70 791 13 394 263 421 198 436 900 176 720 252 781 887 465 108 402 100 833 729 525 389 306 24 741 546 194 516 871 403 302 558 470 188 707 594 116 725 788 664 390 512 393 210 115 253 739 42 141 68 710 312 844 29 254 806 
739 613 645 550 700 823 727 554 240 762 326 569 589 358 405 316 525 617 130 91 135 653 153 650 873 526 852 392 408 426 521 612 33 83 843 817 726 764 116 397 685 231 99 855 841 874 862 712 188 822 729 751 761 425 208 80 737 428 881 209 604 41 638 776 267 294 143 223 243 378 38 837 311 61 75 214 348 634 98 741 738 394 168 347 851 829 259 28 679 
740 533 240 699 425 415 854 696 552 476 319 777 469 483 376 44 95 370 291 738 532 312 335 249 399 637 300 809 528 165 548 286 176 79 418 667 51 16 459 510 514 764 36 574 655 479 106 29 698 869 641 832 882 766 185 21 182 193 571 261 65 278 884 677 904 394 550 737 903 183 778 120 329 360 111 805 712 434 389 657 189 456 386 388 432 765 746 276 314 347 
741 718 691 869 893 871 586 763 199 684 444 86 88 512 743 55 828 865 289 139 759 66 301 200 11 31 521 140 338 209 613 407 614 712 475 235 698 376 551 227 122 371 626 421 208 523 803 142 233 91 686 137 248 738 565 561 341 680 363 8 532 138 641 41 344 573 898 350 598 112 38 524 674 672 556 623 255 739 115 95 236 45 103 705 109 661 458 343 186 299 485 348 
742 543 507 92 874 448 792 880 189 242 781 600 529 214 335 499 838 593 467 41 377 663 503 480 745 153 576 871 386 81 389 772 34 450 761 400 6 891 549 750 477 177 884 136 837 331 358 251 152 705 769 845 451 23 382 531 428 104 280 183 783 238 773 63 491 328 521 186 470 582 766 458 805 373 306 256 416 472 764 226 682 326 523 75 25 116 
743 500 291 794 413 564 63 509 284 733 832 766 166 818 879 448 503 706 269 483 719 690 376 741 112 895 278 191 535 463 617 900 316 309 729 207 628 583 588 119 182 482 574 335 200 520 128 289 762 670 103 314 406 179 493 590 853 572 164 377 553 573 630 487 585 304 854 283 74 240 5 420 607 507 515 31 638 785 784 820 472 343 133 
744 174 89 662 774 856 52 462 336 373 882 185 840 571 460 607 610 443 696 582 137 255 602 272 87 539 39 248 572 884 612 803 419 54 45 147 558 397 20 672 196 904 197 425 211 163 551 886 198 763 153 266 597 67 390 135 756 179 226 775 190 902 679 43 617 258 432 785 723 271 647 643 279 314 706 563 96 313 199 721 893 358 73 541 703 445 291 746 
745 879 2 401 852 816 882 8 861 10 340 9 258 566 821 656 187 686 691 14 405 151 642 579 670 651 478 515 742 799 542 643 128 356 144 390 868 118 127 893 578 883 84 358 671 708 549 322 287 285 806 611 235 255 606 594 829 871 773 400 481 133 330 729 419 399 212 26 81 501 55 139 63 727 288 36 716 124 23 818 406 213 357 805 798 289 584 544 649 800 479 699 264 424 15 786 673 758 445 145 754 682 492 
746 66 809 112 427 186 442 31 347 480 489 584 342 8 288 131 609 386 119 510 378 677 266 172 544 766 713 757 267 396 432 359 760 38 352 803 221 236 157 211 521 736 22 170 406 658 476 460 45 714 10 485 25 908 86 753 174 551 178 154 158 181 883 793 207 812 778 495 690 423 825 666 769 375 866 740 744 
747 781 885 30 636 12 353 369 525 342 629 387 578 129 754 228 191 587 41 836 748 656 259 527 200 552 169 661 301 110 207 556 467 436 459 602 357 610 582 630 266 907 667 731 571 543 584 253 204 849 426 644 166 91 7 375 449 173 675 732 537 180 130 645 884 145 82 383 305 827 696 579 90 382 901 855 172 704 721 417 32 242 112 888 354 43 803 34 150 440 232 484 233 214 824 385 122 517 434 
748 846 464 328 572 422 253 867 455 27 100 4 191 537 837 51 601 463 747 373 261 196 175 59 476 276 133 264 860 699 905 839 220 685 298 166 317 757 812 215 827 797 635 779 438 365 831 123 774 178 419 187 12 858 547 223 160 125 894 908 880 510 486 597 6 838 197 729 853 721 
749 638 732 795 429 760 654 442 146 682 310 853 193 96 334 550 177 811 881 172 649 762 627 328 736 477 577 493 388 130 504 253 240 285 159 319 314 65 216 653 563 793 699 150 286 326 75 815 375 291 843 360 777 867 716 363 207 421 509 0 559 601 107 840 50 232 178 67 788 505 145 198 45 770 413 221 602 78 406 876 199 902 472 817 459 42 
750 207 305 535 395 90 611 231 656 104 187 799 80 277 864 348 330 398 712 454 173 141 293 297 183 753 406 419 497 803 874 145 456 74 180 629 209 39 298 162 143 742 13 723 354 681 813 733 93 877 757 285 359 529 321 612 603 91 853 252 188 664 899 610 734 570 636 635 241 627 387 401 619 659 69 279 333 357 796 447 86 854 703 228 751 412 520 150 210 85 407 829 773 512 181 789 
751 462 51 677 525 347 369 574 324 583 191 325 683 873 360 137 320 846 160 570 761 908 73 813 136 680 891 287 178 350 660 402 19 835 140 452 624 348 80 13 59 257 799 591 39 739 897 294 345 255 650 203 803 224 173 232 809 682 286 164 600 534 441 792 498 181 518 152 276 750 37 807 214 300 354 108 601 175 609 194 353 884 845 129 
752 632 65 637 842 388 289 214 669 816 898 82 39 508 788 491 329 612 344 98 227 517 618 141 189 602 258 806 890 422 76 371 175 500 240 856 155 799 492 486 540 170 340 718 676 473 499 363 239 709 351 324 566 526 261 40 781 270 368 630 37 623 415 128 641 390 425 483 28 708 873 574 496 680 824 801 132 179 402 887 245 255 88 215 471 858 516 847 865 374 417 880 21 
753 579 32 599 616 254 216 335 713 263 122 23 108 700 398 221 316 437 47 633 862 750 374 324 805 664 147 18 833 505 195 202 558 495 428 253 337 808 682 250 160 899 875 233 881 377 183 445 136 211 58 411 163 593 588 788 746 614 52 130 56 626 171 224 13 760 902 198 612 281 180 319 883 832 509 780 898 630 121 511 638 476 431 690 338 234 841 
754 108 680 128 119 177 556 726 679 428 66 747 26 434 482 635 568 539 61 476 769 835 229 109 454 364 245 399 74 862 99 555 681 340 756 768 494 692 374 703 814 305 6 757 777 614 342 456 319 79 65 848 48 198 593 490 707 76 713 260 895 371 502 9 299 519 51 46 23 767 639 88 411 790 804 677 205 619 300 774 393 670 134 563 837 294 248 413 124 90 309 223 263 745 350 
755 376 641 604 17 354 832 506 532 421 295 539 373 152 687 382 307 574 644 338 345 704 347 823 369 187 37 807 198 102 850 248 889 710 93 648 590 128 377 89 846 33 218 161 534 888 565 760 358 902 721 231 556 273 126 487 157 798 292 234 629 355 28 681 245 335 724 379 516 96 702 64 591 139 208 480 195 642 578 845 250 583 97 812 50 555 328 624 582 836 806 432 587 429 207 
756 34 56 14 192 342 414 873 775 1 191 722 28 557 716 762 426 200 58 865 766 118 834 879 462 120 337 719 232 112 847 255 622 692 754 654 907 125 888 275 802 579 465 311 592 707 242 65 44 216 270 493 352 210 787 303 744 161 473 287 573 260 480 854 501 36 25 408 76 280 444 165 274 219 714 435 690 717 544 184 631 470 504 97 562 625 336 618 286 894 346 587 862 708 379 179 209 398 
757 626 363 714 524 268 849 618 221 316 198 594 409 607 525 896 572 352 100 107 283 105 42 690 29 417 339 81 657 806 31 361 391 729 746 275 908 754 210 718 183 220 137 821 750 579 784 700 619 285 480 477 23 335 748 267 686 48 483 419 209 600 279 74 855 96 11 402 682 145 295 442 907 724 459 386 830 873 226 149 585 372 574 227 92 401 40 440 230 454 202 30 328 331 201 689 264 281 
758 556 157 250 201 624 166 233 445 120 852 230 810 420 410 526 1 290 902 437 778 247 112 572 622 581 519 525 305 538 512 669 11 842 800 343 349 187 598 322 402 373 665 14 710 76 386 779 37 426 293 789 220 616 495 93 870 427 204 675 438 777 725 135 659 877 297 74 646 417 323 124 406 849 856 853 794 277 464 137 894 504 883 903 664 737 503 818 242 412 850 487 530 908 769 554 594 745 330 762 
759 478 642 668 56 85 648 72 83 197 803 867 365 55 190 690 684 306 189 560 603 269 436 74 741 464 667 717 107 699 171 308 29 778 527 256 0 883 335 413 131 770 263 864 636 312 60 417 319 396 565 537 320 567 720 361 445 278 781 576 530 117 494 345 126 404 716 640 893 322 175 580 291 458 87 46 584 325 170 370 439 501 900 686 420 200 166 148 823 376 637 474 892 569 113 216 296 850 259 555 174 853 172 577 
760 416 731 762 631 150 71 749 660 494 880 497 572 191 547 141 128 82 813 779 411 123 727 635 634 474 505 889 892 260 397 567 529 800 319 900 31 427 170 12 126 803 255 362 124 263 859 407 746 498 129 336 377 460 168 114 755 519 668 687 680 649 548 683 426 877 134 533 46 679 606 41 448 879 508 864 580 601 376 13 214 666 625 84 182 735 21 101 318 401 493 306 137 753 338 441 258 522 890 420 122 723 20 482 265 
761 456 803 621 509 450 85 639 102 344 644 548 517 429 624 652 735 751 459 274 336 550 559 59 742 221 356 114 318 380 243 442 454 489 388 393 869 115 5 534 819 575 119 484 342 726 17 235 872 58 874 827 542 199 721 818 837 205 44 739 491 502 308 538 267 513 551 196 360 680 546 275 351 629 394 209 826 320 109 272 399 571 161 481 215 662 400 864 312 68 
762 760 487 530 174 407 11 622 888 697 575 377 714 716 739 485 34 182 589 433 437 579 195 756 170 501 278 820 561 305 749 537 872 817 644 682 797 662 853 666 583 718 737 679 805 344 831 633 402 103 47 329 470 41 656 801 835 460 722 204 105 743 248 775 698 471 770 261 52 409 208 145 63 129 546 175 878 856 461 903 130 297 695 870 355 287 156 773 838 586 486 630 427 113 110 50 906 333 178 143 758 
763 435 875 163 219 108 230 114 610 683 741 248 608 402 618 440 579 97 224 641 698 656 442 413 341 218 715 110 701 508 679 891 259 308 612 572 791 588 301 127 866 51 111 61 233 282 351 637 408 820 13 744 505 487 733 502 103 318 538 837 320 161 380 133 29 362 226 281 583 125 211 252 305 199 549 398 654 333 154 129 169 602 40 886 407 863 270 879 447 73 497 159 834 619 4 63 606 349 526 560 
764 125 175 260 899 111 213 373 271 791 372 847 695 258 459 234 164 391 328 85 855 503 56 90 888 698 882 255 124 644 679 277 448 632 854 48 39 101 880 793 739 876 89 886 79 26 777 591 482 674 22 740 645 463 730 162 262 522 714 867 737 500 88 259 902 817 244 295 431 578 510 736 50 844 834 479 232 648 246 742 577 323 
765 875 181 24 278 447 851 617 55 675 858 32 897 93 506 374 286 81 705 828 115 523 479 546 398 852 116 163 585 213 704 848 815 549 177 650 215 898 539 330 558 771 562 703 185 903 845 216 507 834 158 241 552 62 574 349 301 369 455 318 111 198 248 142 282 130 416 805 658 329 254 798 442 621 206 143 19 855 367 101 628 740 829 247 781 
766 272 527 876 160 216 214 374 728 133 102 831 561 289 743 203 681 881 769 48 630 705 395 697 756 905 486 785 90 199 469 106 328 474 821 519 580 746 255 493 657 530 261 15 692 870 514 235 463 393 836 264 47 524 206 892 872 189 570 740 732 512 246 712 503 510 419 779 286 136 383 317 148 248 53 505 889 399 429 0 707 828 455 322 435 211 704 579 23 290 742 74 29 804 641 103 613 768 456 475 320 801 612 384 736 854 144 81 661 405 625 223 678 
767 866 365 416 174 799 579 617 475 421 315 819 304 207 408 80 263 667 86 800 546 251 311 175 337 505 474 218 265 675 553 469 384 571 2 714 540 903 515 595 194 377 704 146 176 252 533 642 346 321 589 395 373 406 112 592 522 269 267 602 58 300 147 705 664 345 394 117 754 428 152 482 249 286 670 557 654 189 182 234 835 336 710 506 734 298 410 663 884 870 
768 65 384 568 794 212 542 428 539 789 343 883 209 323 718 829 832 486 349 139 693 452 154 249 782 788 329 833 508 898 885 545 667 364 16 632 778 881 385 203 76 754 679 281 89 585 96 860 422 350 830 165 395 895 35 617 207 27 303 874 845 577 11 729 468 557 162 637 24 586 80 214 548 626 43 311 901 411 81 809 880 587 638 908 869 838 766 655 215 605 255 808 237 462 421 505 365 515 239 379 
769 812 409 105 305 340 883 885 420 357 584 785 694 211 157 352 500 766 689 21 406 170 772 291 754 240 196 97 588 424 270 66 898 164 721 558 597 844 841 2 665 189 852 474 377 125 309 742 668 716 710 458 131 705 174 796 507 226 417 624 518 781 699 149 827 737 557 200 870 503 301 78 701 333 173 307 614 735 383 419 354 881 178 199 516 386 649 126 676 308 746 703 223 571 298 418 758 429 488 62 696 
770 473 484 701 186 94 672 281 810 75 112 11 427 867 161 214 24 352 179 237 165 2 607 759 418 547 127 708 449 632 157 375 785 578 32 490 272 555 51 486 529 540 842 775 159 798 762 646 357 18 22 74 680 299 265 573 901 260 385 277 267 536 609 897 106 749 349 406 524 898 210 602 907 262 131 190 527 372 236 297 54 34 
771 635 489 595 447 540 8 478 15 488 363 719 188 53 787 464 51 680 567 561 210 822 467 893 709 115 612 679 435 385 83 108 112 237 678 626 806 884 674 175 780 383 290 450 479 503 328 765 295 648 162 373 826 332 486 6 289 905 471 586 75 506 90 872 598 422 895 268 284 645 258 809 313 352 890 597 333 116 21 305 453 480 110 179 470 415 368 176 848 636 344 254 
772 836 350 577 824 632 897 810 530 384 13 619 361 43 408 875 624 344 558 628 550 769 833 547 321 512 392 292 691 742 684 113 803 282 346 876 42 313 152 371 854 58 867 653 47 116 250 678 574 338 412 600 570 242 267 225 176 497 507 783 419 56 63 85 367 466 291 834 399 236 698 566 44 414 7 108 839 235 171 386 457 21 627 157 248 258 649 318 599 805 555 601 18 665 690 639 584 475 420 797 498 196 509 
773 519 215 683 60 59 899 722 305 130 461 515 810 93 179 423 581 200 102 645 273 272 381 239 459 615 318 691 244 521 880 678 597 23 714 271 182 378 865 518 27 178 260 833 492 893 208 855 226 148 222 591 79 320 462 745 494 742 21 522 537 529 64 578 51 484 648 199 361 883 524 475 113 153 685 762 140 72 532 607 623 859 750 251 343 432 393 579 689 797 427 550 
774 95 422 120 355 744 299 904 396 732 90 263 296 790 374 297 832 635 192 470 412 907 16 837 23 499 513 619 684 780 75 386 108 180 112 77 880 649 266 703 556 452 550 49 142 249 818 178 794 351 148 702 815 691 98 166 362 407 66 598 370 277 340 523 239 595 291 377 748 421 812 373 885 585 267 820 328 839 201 754 729 640 179 679 850 896 392 260 796 782 451 338 676 718 
775 307 64 495 224 903 615 212 480 756 76 463 581 639 723 589 522 885 461 659 245 310 625 457 702 688 897 358 805 485 607 150 487 339 140 137 561 890 156 343 884 359 848 326 466 5 707 644 360 418 473 56 203 335 15 664 79 39 153 497 840 855 770 762 697 210 486 744 82 164 583 849 544 351 596 387 669 377 128 129 831 248 53 419 144 619 682 431 420 372 727 709 258 881 554 297 863 611 710 274 616 22 841 609 
776 836 556 335 562 18 724 884 250 65 672 798 27 239 186 91 73 400 134 690 659 843 56 639 93 83 460 898 333 800 537 541 812 528 719 201 854 399 860 161 442 157 267 508 147 396 32 466 389 827 669 249 441 506 471 384 813 422 473 808 330 395 905 712 302 523 805 26 448 240 890 739 803 797 882 103 306 657 198 173 411 679 258 35 597 619 603 278 74 491 531 593 565 624 498 558 431 667 486 721 435 365 408 700 29 785 243 
777 498 687 279 141 71 152 318 740 72 342 190 492 820 898 388 338 563 288 591 889 552 804 212 111 429 404 469 754 366 329 764 573 540 651 40 521 245 420 669 863 379 758 76 778 439 38 749 297 394 668 151 290 548 46 547 453 224 624 411 362 284 712 339 156 413 148 277 734 95 201 144 334 694 817 437 169 600 558 99 158 605 37 211 294 590 
778 317 13 432 520 489 628 561 530 783 653 582 758 179 174 153 59 332 870 461 99 610 667 872 685 768 759 908 414 699 565 90 550 299 211 708 192 516 871 824 435 75 796 848 510 372 103 677 706 579 723 282 655 177 777 638 906 481 79 552 288 868 111 802 135 740 409 63 145 746 467 555 76 839 87 56 845 394 729 295 857 180 401 449 
779 378 858 1 40 884 45 129 343 822 382 103 760 379 895 265 783 261 679 336 795 158 468 316 310 400 849 729 657 149 626 95 106 272 758 141 246 14 62 4 507 677 786 635 748 332 268 766 29 447 307 143 591 344 713 456 101 111 53 81 680 88 730 184 177 186 661 323 148 83 614 223 874 625 392 311 342 
780 465 535 385 707 239 94 421 908 296 428 28 87 715 318 118 881 783 514 774 672 320 281 426 488 429 858 435 372 360 75 248 85 771 452 299 279 817 457 473 107 491 431 553 41 784 841 523 128 109 375 832 681 45 896 65 680 798 597 612 304 132 690 880 155 230 561 686 499 753 862 343 244 224 
781 747 448 397 742 517 251 862 701 566 716 878 160 200 388 241 123 339 861 499 201 574 93 16 690 382 891 534 450 330 530 902 324 79 428 615 729 423 796 870 490 365 72 474 550 558 844 738 452 389 759 100 371 805 276 19 69 14 311 752 848 569 415 310 842 769 162 64 356 211 512 410 863 297 667 595 551 476 120 7 107 206 853 250 602 765 175 
782 240 528 192 100 12 810 52 29 717 375 284 275 834 693 555 520 901 815 768 341 877 887 836 364 368 514 241 595 535 452 346 175 14 285 28 59 620 226 142 293 173 530 410 154 348 95 607 525 675 716 646 549 92 896 120 872 299 446 401 426 303 905 829 892 117 706 622 513 69 683 832 193 85 232 817 339 559 551 478 10 580 362 130 151 449 429 840 134 534 211 612 774 131 408 372 
783 605 464 560 826 303 814 687 688 649 382 458 383 284 158 463 778 131 72 888 8 643 822 636 630 690 779 252 502 780 332 36 578 873 166 91 846 12 478 40 728 426 824 501 420 423 723 82 122 660 14 736 449 620 718 160 440 698 685 334 682 809 550 827 310 265 366 67 772 493 820 86 742 162 613 395 10 689 267 495 353 855 185 726 73 433 438 111 125 717 21 159 55 837 79 653 600 201 817 428 286 188 553 659 566 461 716 639 586 189 
784 228 555 353 724 176 563 794 527 551 180 449 728 114 221 44 418 242 732 501 268 252 600 345 569 848 476 367 14 836 9 11 590 404 244 709 203 886 508 184 864 735 136 489 142 846 425 170 882 757 828 793 907 163 383 614 47 91 421 780 394 88 92 351 259 837 311 413 694 543 537 860 800 900 51 26 597 743 711 
785 736 867 256 51 327 317 381 277 769 214 35 797 722 407 44 130 415 208 766 388 212 393 592 194 519 451 279 391 863 668 275 237 140 770 698 313 584 906 541 495 503 249 70 823 726 177 660 874 312 363 199 459 601 178 744 710 148 431 522 408 131 702 59 48 26 133 569 226 405 92 395 119 265 377 376 544 820 462 216 847 776 743 85 
786 132 91 414 322 609 804 342 409 470 852 35 276 792 293 418 864 599 99 892 131 360 433 789 793 615 446 354 224 884 36 408 642 847 183 475 384 822 586 333 700 887 311 362 647 432 87 473 39 660 692 779 303 600 245 435 897 161 343 429 378 564 424 626 17 828 801 318 219 665 395 637 156 18 136 602 543 334 881 857 553 239 300 93 745 361 63 215 160 849 80 98 711 
787 570 360 134 464 559 208 877 510 137 112 489 564 167 140 223 830 311 639 771 720 854 831 736 203 658 85 329 637 576 702 178 115 457 555 617 292 824 228 546 86 419 884 836 676 339 556 11 880 901 357 422 23 151 756 542 185 707 51 89 390 313 285 87 71 75 612 365 585 887 45 374 834 730 579 232 635 404 27 1 31 
788 28 675 145 101 382 215 453 27 213 455 593 130 472 486 155 55 135 341 35 707 175 752 498 512 727 261 704 538 768 307 40 11 705 49 713 2 185 104 278 279 421 426 364 634 715 819 519 886 277 661 389 276 241 621 619 43 677 720 898 142 607 443 544 246 139 386 287 407 570 433 753 880 738 411 430 235 749 478 59 153 596 515 91 543 564 645 482 132 172 851 
789 439 551 663 417 363 56 131 768 245 17 121 207 395 246 431 681 674 392 63 247 346 786 898 278 383 236 438 130 128 669 841 281 208 641 386 797 406 861 790 421 51 664 866 883 347 625 466 612 107 758 143 608 108 522 242 320 803 350 53 179 388 494 214 818 204 535 816 239 697 504 585 591 661 302 83 223 79 867 54 358 70 366 119 77 30 457 655 750 723 
790 554 565 837 313 691 774 371 879 685 4 221 630 17 674 372 278 382 336 257 818 425 463 154 453 789 59 53 814 502 476 302 844 578 397 589 283 205 412 83 857 568 429 24 390 821 180 725 102 882 348 44 234 467 516 211 688 689 580 480 254 902 592 375 671 189 891 650 229 186 492 367 754 147 167 157 304 896 365 596 222 507 105 153 567 158 588 343 296 541 204 603 
791 458 441 796 521 529 24 395 764 439 265 61 236 345 372 247 128 431 249 696 735 507 177 505 367 136 492 119 134 228 112 300 193 290 738 763 274 626 261 43 92 292 715 862 414 313 340 523 289 568 101 586 113 137 464 542 97 54 392 254 578 400 535 413 420 495 255 524 173 850 811 308 496 432 817 30 832 459 376 307 726 531 219 269 1 445 907 73 57 733 273 182 882 847 690 656 286 
792 168 648 530 145 742 627 897 738 307 296 358 786 610 491 713 445 278 389 194 480 413 442 569 99 629 71 175 861 517 192 25 451 469 889 506 404 254 894 516 588 631 735 115 164 794 615 682 50 883 523 291 354 205 751 831 635 20 879 638 701 195 692 250 564 309 567 492 355 86 802 643 
793 712 111 289 723 162 682 153 121 855 643 705 832 730 319 725 818 224 23 328 423 243 864 260 786 814 444 190 86 510 37 858 700 446 128 882 436 450 764 187 332 898 369 896 355 642 784 411 749 144 469 660 711 200 693 871 407 736 849 218 409 230 340 137 728 8 254 322 546 746 417 537 388 193 69 681 802 454 801 692 223 
794 97 890 768 743 898 256 53 682 613 259 784 435 432 666 7 686 858 731 855 844 446 308 56 516 534 827 584 378 865 257 134 359 123 720 523 262 366 275 66 542 381 852 122 408 888 79 859 831 279 869 88 774 348 445 603 575 896 732 205 798 165 344 161 650 167 792 212 274 437 663 50 106 210 736 645 758 402 676 711 480 550 672 822 600 657 541 425 149 664 639 536 846 8 698 251 617 897 
795 423 4 905 90 904 516 197 749 70 188 862 386 332 519 621 122 855 348 264 452 663 205 457 551 101 173 154 288 420 892 270 340 608 115 779 326 25 225 249 826 688 284 213 406 281 239 74 614 720 39 358 131 639 223 801 94 443 603 687 28 842 6 308 650 853 215 317 98 487 334 138 808 246 450 331 477 104 869 866 241 811 12 859 565 248 232 83 395 
796 53 539 172 605 893 791 867 650 371 700 318 452 369 68 171 52 474 585 356 95 137 252 167 720 503 182 558 314 419 483 240 39 27 460 861 214 351 237 210 781 141 778 306 473 590 315 552 366 282 266 390 232 626 203 305 349 907 717 769 695 559 705 321 801 421 21 190 447 220 491 438 628 538 486 634 56 46 372 674 515 750 83 32 164 518 296 204 774 64 258 
797 2 844 171 584 265 697 420 187 734 393 571 867 23 373 552 525 891 785 690 441 166 96 38 230 431 427 789 32 900 56 762 908 402 903 693 617 657 305 688 414 306 471 586 453 223 384 30 643 692 748 878 605 799 195 104 518 776 490 553 548 831 706 618 679 358 510 382 555 55 628 430 577 585 547 136 252 146 830 316 279 540 137 536 383 772 11 183 856 773 224 
798 604 563 51 846 212 632 895 435 1 776 540 804 163 121 558 826 687 562 325 871 522 881 647 281 716 884 731 717 219 12 561 125 157 514 355 699 860 461 794 819 443 251 34 406 45 695 599 467 118 691 892 755 193 868 770 102 513 515 7 26 831 91 809 345 475 780 539 745 137 765 67 559 129 382 13 49 194 113 
799 30 25 39 67 234 693 869 767 487 557 401 96 750 543 77 160 634 413 668 892 315 846 745 279 889 188 3 163 864 353 21 79 509 752 13 571 249 844 503 406 853 751 891 98 32 621 797 302 48 633 103 654 804 445 224 136 118 257 296 810 449 684 833 50 268 203 5 527 726 383 265 597 671 193 41 35 
800 15 494 97 450 413 852 387 346 673 553 381 907 419 628 635 98 118 451 223 89 767 839 664 435 458 43 481 734 595 724 414 589 874 758 524 760 213 558 189 471 808 472 776 107 103 389 861 498 463 824 197 10 390 415 74 474 819 516 323 529 328 357 568 261 662 297 480 311 400 860 671 633 252 104 180 313 723 436 109 307 154 668 492 745 259 545 83 784 341 398 853 653 159 841 
801 446 142 285 456 674 502 28 300 513 716 616 302 47 511 624 431 531 62 549 818 588 452 508 523 677 856 820 195 852 735 306 635 733 179 903 150 328 340 667 407 803 880 352 547 200 368 217 636 126 21 714 15 394 845 896 34 311 289 830 122 298 102 762 152 70 348 795 565 84 413 335 796 861 560 487 173 638 786 585 219 687 657 855 2 672 891 378 51 752 149 93 659 582 766 52 147 48 544 793 583 199 812 873 218 355 488 
802 528 803 519 527 259 219 411 249 61 277 714 522 347 114 407 843 359 561 285 29 494 530 136 661 245 492 728 491 533 107 466 313 756 226 476 700 888 901 484 291 274 65 234 685 514 72 589 258 356 11 417 82 594 211 473 396 865 236 482 881 778 478 337 715 178 47 224 60 412 118 272 336 552 618 493 130 250 94 168 405 453 22 335 406 79 142 73 520 176 793 861 792 
803 401 837 802 332 733 736 761 437 894 390 419 83 544 878 617 580 466 193 712 759 102 144 708 413 552 427 23 487 750 358 436 120 93 772 191 661 571 407 744 801 906 20 760 433 12 549 746 476 52 343 234 4 808 588 741 56 789 558 185 203 2 71 130 776 59 131 425 206 384 356 118 751 457 319 481 515 714 737 610 646 519 169 431 396 747 354 339 168 495 43 651 630 818 89 383 
804 385 786 237 323 505 353 798 467 541 418 246 695 201 337 469 317 777 12 204 221 354 224 338 27 902 44 645 386 343 842 560 457 356 666 441 676 614 849 483 162 360 578 868 136 733 455 683 253 369 133 899 874 533 51 26 673 815 821 623 14 799 252 396 707 754 383 766 293 662 831 402 550 509 145 893 546 182 566 576 816 9 718 98 109 
805 282 246 733 585 907 417 603 685 337 506 284 531 901 775 442 753 452 299 671 255 112 863 550 900 495 535 885 762 61 319 317 621 339 205 468 217 103 503 55 582 484 679 256 571 295 122 839 781 512 171 776 274 287 560 386 188 592 154 53 293 626 471 604 250 338 694 235 251 537 117 78 552 765 230 740 465 745 462 742 895 369 772 542 577 213 262 844 453 668 576 677 439 411 
806 286 664 296 463 430 323 829 269 448 404 676 347 91 857 618 146 519 527 226 465 856 213 891 752 10 52 668 757 895 245 197 380 42 663 443 561 865 403 888 887 771 458 675 615 733 847 165 121 681 20 745 593 350 485 901 291 110 492 37 114 211 515 605 234 208 705 848 377 599 292 107 50 538 62 406 273 628 488 176 150 93 665 313 755 672 636 643 738 451 
807 5 248 492 6 709 482 691 24 488 367 122 42 188 261 237 328 258 417 62 262 755 672 656 97 508 467 517 287 48 100 856 246 160 280 77 518 876 583 566 128 106 295 520 158 357 640 530 731 352 221 249 81 864 870 385 714 144 507 504 629 284 395 95 850 860 874 489 751 107 538 285 455 510 608 
808 645 88 133 721 626 865 702 503 111 241 186 695 146 701 551 35 515 353 344 479 291 191 483 872 10 861 428 25 572 516 593 135 87 370 222 234 800 873 76 368 561 606 498 358 677 857 579 542 485 359 114 141 236 879 492 303 225 399 276 321 684 97 753 288 220 885 136 525 821 120 776 651 836 558 803 649 536 537 273 583 870 319 526 40 869 387 506 168 724 560 48 341 795 258 7 100 694 469 587 709 675 570 197 472 450 768 898 842 422 60 562 190 639 431 465 201 
809 534 369 495 720 841 746 334 395 414 550 819 324 273 631 446 713 581 890 667 288 244 376 403 555 419 610 852 506 517 726 740 636 588 882 45 137 267 177 204 696 373 783 593 648 837 811 221 831 685 885 85 61 168 491 62 596 417 771 392 447 717 589 309 140 751 798 235 477 551 255 768 825 222 162 405 866 520 415 622 575 283 38 360 616 896 640 666 384 230 493 
810 693 51 476 163 772 758 131 782 773 227 360 770 837 581 246 679 572 612 292 397 521 46 661 338 491 101 411 580 847 365 717 588 349 615 91 618 732 152 21 552 337 124 115 863 427 118 29 799 175 859 870 159 69 381 690 419 585 20 263 184 815 116 
811 425 143 597 301 561 660 581 273 664 82 470 648 337 41 749 547 445 838 222 89 12 488 130 264 842 715 145 73 446 620 238 410 288 713 249 269 0 280 263 572 396 491 563 289 809 154 76 526 631 459 482 68 178 308 353 259 177 461 672 358 160 791 62 508 59 831 77 391 207 126 876 473 75 501 135 87 312 532 406 828 673 400 615 209 576 795 647 650 70 534 271 344 525 395 165 413 356 180 105 6 49 
812 102 769 17 724 239 293 8 336 10 295 87 34 651 503 617 737 266 301 260 189 550 714 333 155 443 848 284 363 557 723 70 209 776 237 580 382 121 427 315 502 120 648 490 231 485 49 706 286 828 71 748 456 296 320 146 345 640 92 904 476 426 774 104 528 68 5 478 441 469 746 734 518 103 755 613 285 224 98 96 801 646 878 673 67 872 667 695 294 250 94 
813 483 8 554 177 37 705 151 47 102 171 504 696 823 130 418 459 760 157 513 141 126 389 868 639 491 381 751 888 94 444 43 415 514 855 212 583 273 327 750 668 31 631 819 846 168 551 776 608 74 116 182 623 201 863 210 585 332 199 92 821 884 814 693 661 901 482 890 543 877 218 373 95 495 70 18 247 607 880 523 725 737 576 646 283 111 154 135 194 302 577 374 878 866 669 369 
814 601 827 69 323 708 783 555 467 198 818 246 730 890 305 392 874 437 793 488 91 423 519 834 790 870 754 491 425 712 267 420 503 816 39 499 22 68 813 579 383 658 633 10 869 616 418 344 484 73 276 545 3 94 630 108 169 324 191 715 355 690 265 184 105 475 452 542 711 126 641 464 825 399 354 881 145 692 689 302 330 332 347 400 483 508 260 507 886 471 
815 273 116 316 67 872 234 235 621 616 297 577 367 324 311 782 35 694 279 479 818 427 476 55 515 661 42 820 1 765 879 262 821 212 513 387 56 853 77 453 154 878 774 236 420 708 443 402 664 217 238 8 511 749 654 227 393 78 695 385 457 200 88 804 326 560 532 164 54 726 617 858 548 430 126 669 656 859 53 554 867 810 857 
816 407 192 289 745 55 309 164 275 819 302 294 752 196 635 229 336 361 566 729 137 379 444 870 585 419 381 727 218 96 652 124 508 99 854 222 103 307 656 428 318 144 148 320 316 7 364 846 814 578 339 879 596 378 353 417 214 842 297 518 207 160 876 595 855 498 618 163 262 789 455 70 86 255 877 399 335 650 397 91 190 130 715 256 706 293 673 643 87 142 31 72 865 443 384 642 615 1 94 391 637 804 125 434 516 593 
817 509 243 222 666 216 207 825 377 709 574 707 516 121 426 336 821 231 664 620 107 613 880 762 44 185 632 739 211 724 75 230 252 275 861 780 193 547 471 62 202 716 327 218 678 610 34 150 420 504 470 295 696 893 129 635 234 452 592 381 319 213 299 39 764 305 791 241 886 782 557 286 783 841 88 823 349 554 777 379 705 117 38 671 512 15 749 
818 96 242 266 193 724 320 95 381 699 196 801 793 359 814 660 743 492 477 867 481 665 419 180 363 223 593 831 578 183 692 815 725 790 166 88 371 385 877 662 25 687 10 617 415 140 328 321 46 539 564 122 329 774 680 498 404 68 609 614 584 348 761 194 827 15 44 197 636 130 172 434 638 605 276 19 83 17 789 311 206 409 259 126 731 745 292 594 6 610 862 59 640 758 70 708 152 101 290 319 565 727 669 131 803 405 
819 509 158 164 809 393 274 546 383 816 767 560 412 267 401 84 338 152 825 76 842 575 83 595 25 672 566 244 147 342 648 123 683 193 384 463 788 833 477 707 761 813 665 456 225 848 51 453 798 894 273 308 900 134 800 24 416 107 836 185 77 137 899 445 109 875 243 179 276 49 45 78 722 320 154 871 219 907 415 111 429 434 366 736 599 508 570 99 280 436 491 343 153 666 583 884 
820 566 189 301 898 81 714 600 663 212 264 46 637 696 555 125 845 25 777 317 252 702 618 634 801 375 206 51 611 469 762 193 49 373 282 161 37 683 815 905 342 127 41 16 338 93 509 278 276 853 491 475 200 824 763 484 544 477 882 894 62 901 606 502 846 238 446 553 783 669 111 884 52 736 547 505 430 473 71 900 864 774 716 641 142 465 580 256 785 87 854 24 299 284 743 
821 50 365 281 897 517 745 93 595 390 165 254 536 594 817 395 212 420 465 85 605 45 407 556 550 766 70 677 391 693 299 343 815 292 92 757 585 361 47 320 238 590 418 808 240 388 13 790 525 169 463 813 207 487 598 716 84 298 314 704 291 804 592 842 524 578 653 446 94 870 142 86 151 564 509 377 153 572 468 111 635 518 226 310 233 24 382 485 
822 722 636 895 37 142 130 363 779 712 140 681 416 865 413 783 477 833 272 22 523 875 469 906 771 543 340 879 600 283 902 127 196 60 134 78 17 256 475 869 174 378 597 786 825 285 620 1 227 320 739 336 634 501 625 855 885 29 159 646 248 521 852 466 557 467 253 717 223 519 566 672 48 38 146 514 167 794 147 82 280 39 695 668 496 323 389 347 
823 527 542 287 77 630 665 866 739 223 656 832 813 857 124 202 466 339 572 151 226 138 431 755 842 383 96 589 879 718 141 128 371 148 114 426 190 49 218 317 888 876 484 723 137 545 697 827 785 452 432 329 491 685 376 889 711 669 206 411 47 95 103 599 300 396 617 759 817 184 52 158 391 332 845 65 373 263 891 171 
824 772 317 536 264 336 496 362 244 890 7 114 594 401 192 39 271 552 584 262 196 431 451 164 227 787 678 190 353 411 783 595 800 869 778 605 117 47 820 682 610 479 873 850 174 836 695 48 142 118 424 837 232 706 888 331 2 11 216 389 709 520 187 693 130 630 611 273 209 470 337 752 484 295 701 481 673 177 494 675 495 473 95 105 284 622 747 225 309 
825 503 416 826 817 726 601 269 832 543 43 662 488 617 46 557 112 624 563 275 819 555 479 530 404 590 76 417 903 240 723 499 199 204 19 166 227 512 292 711 226 822 500 651 394 705 470 281 907 179 665 545 221 409 685 130 429 283 210 882 866 318 484 354 152 163 94 612 449 697 809 686 284 647 34 637 729 297 363 814 746 188 213 235 668 607 908 377 
826 836 399 90 167 783 825 463 598 272 313 37 558 381 508 481 732 798 591 187 314 506 246 520 701 877 407 131 584 730 795 650 17 231 305 173 628 698 340 883 376 608 138 771 274 192 76 454 680 562 235 663 25 856 280 827 433 626 472 872 474 761 237 127 684 704 525 256 644 572 871 640 380 71 
827 145 814 257 427 679 176 397 209 372 482 216 170 648 437 552 409 124 858 2 533 591 89 302 698 794 184 848 853 695 203 138 80 528 501 512 119 163 76 831 690 692 218 670 112 776 522 130 317 480 580 761 867 851 62 491 783 818 748 823 51 71 136 689 611 610 258 251 323 515 433 569 137 747 612 286 769 877 826 458 699 466 658 229 114 322 287 247 544 731 717 59 703 246 401 449 462 887 63 904 622 527 31 475 674 641 701 131 707 
828 889 598 294 54 549 854 351 679 309 53 227 273 660 640 765 157 85 362 741 591 521 146 441 214 707 848 183 182 499 672 113 680 880 578 613 587 193 340 411 475 719 350 497 240 623 784 413 570 504 856 669 812 445 380 846 853 106 252 158 516 329 511 596 210 647 483 661 786 766 872 366 654 830 262 110 658 191 80 811 345 194 859 138 635 267 322 617 353 46 392 905 482 
829 589 327 806 447 246 525 164 710 373 768 196 549 363 357 697 477 497 395 285 159 573 488 223 486 601 646 632 172 264 408 473 694 154 289 619 125 476 602 2 666 43 686 586 57 835 414 87 535 879 103 42 287 35 65 207 745 713 81 89 698 121 130 626 651 782 499 567 560 274 468 305 88 59 841 860 296 171 723 550 595 899 346 750 313 739 100 240 765 656 481 295 
830 333 449 55 458 432 877 150 707 260 57 787 295 300 348 78 441 585 399 869 368 466 491 891 294 675 414 499 879 116 182 144 602 43 330 528 550 768 65 20 172 426 801 193 511 668 894 864 120 103 252 640 187 189 261 455 381 473 479 652 242 649 565 174 828 114 728 434 60 570 397 757 870 52 82 546 79 236 729 575 350 481 797 551 627 857 618 202 
831 713 579 120 162 40 235 629 641 283 766 154 236 519 22 869 223 787 207 140 369 818 183 450 631 84 164 593 377 112 44 827 159 319 35 123 762 794 860 855 710 573 386 76 536 627 391 231 288 809 136 851 444 34 47 675 645 497 672 518 861 748 61 797 798 879 811 31 94 358 237 399 727 544 838 624 597 605 584 328 887 792 775 400 709 565 804 152 420 603 289 858 316 11 
832 569 255 591 876 17 882 755 825 452 653 743 823 793 694 842 839 541 44 411 768 774 874 841 120 384 601 221 887 369 98 295 489 224 214 903 72 704 227 580 241 208 135 29 494 493 505 740 160 238 631 246 571 881 168 30 455 490 217 780 415 386 486 62 351 782 530 602 19 97 791 113 252 511 524 659 460 485 649 383 399 753 195 731 845 216 552 265 736 101 41 307 26 408 174 886 
833 34 78 72 88 429 185 344 883 519 18 256 321 179 822 273 772 259 8 288 662 9 768 434 676 576 236 347 880 491 500 753 663 735 551 819 677 689 522 449 690 773 534 839 668 503 206 738 517 41 293 869 267 430 492 151 380 142 479 528 396 694 410 128 488 658 892 652 543 146 799 216 17 170 469 183 893 464 570 537 502 
834 440 879 452 843 572 571 378 455 603 689 384 882 170 389 782 216 181 184 225 199 756 47 814 851 212 471 729 6 624 272 85 345 443 137 635 701 617 397 467 669 377 857 601 358 670 532 202 294 648 484 418 765 475 544 772 493 320 876 144 327 526 550 75 787 836 696 124 764 763 859 28 129 893 
835 367 530 866 878 722 22 578 450 641 339 560 481 137 441 864 852 153 241 754 908 347 537 867 106 880 324 359 21 117 539 505 509 304 751 104 461 468 894 41 311 181 829 507 396 10 528 885 762 285 690 90 674 257 548 250 182 199 504 647 296 395 224 169 422 870 62 640 618 883 849 68 433 602 275 836 889 552 69 39 277 113 105 31 405 767 559 510 414 124 23 128 273 
836 904 772 826 776 61 676 88 358 540 419 161 462 324 312 170 292 734 747 784 260 446 463 380 782 519 477 397 889 284 171 534 675 257 14 526 45 334 787 11 866 766 824 264 808 24 687 49 80 678 611 476 47 68 819 346 191 390 838 711 213 621 869 530 207 509 23 536 835 353 266 189 258 154 41 834 180 876 684 412 253 98 755 138 547 669 
837 165 803 886 495 429 104 580 213 81 790 76 726 446 810 393 872 377 441 748 593 615 671 109 670 8 774 212 178 254 105 884 272 274 156 77 742 83 147 266 511 657 761 809 763 824 442 629 120 651 243 623 784 739 310 591 301 132 662 783 531 70 847 515 624 199 142 754 229 304 46 713 486 192 300 12 
838 135 12 588 196 855 726 742 173 455 485 523 711 362 337 416 3 425 365 192 567 811 421 342 225 657 449 149 28 415 497 435 561 664 338 400 351 89 284 577 876 174 377 836 82 845 471 113 644 831 580 199 762 748 92 356 413 768 537 733 552 566 77 630 605 83 649 259 877 384 476 556 
839 559 442 211 535 859 501 383 655 447 853 304 832 114 2 236 509 188 613 800 272 175 55 579 260 145 417 353 504 614 908 103 81 147 497 459 511 256 872 21 724 414 69 711 901 473 748 857 47 321 34 688 432 520 833 117 491 425 496 499 805 287 662 411 681 569 889 341 109 392 702 171 87 205 292 772 70 396 849 897 373 774 319 203 416 378 377 843 555 778 345 78 479 561 192 618 607 
840 660 457 572 45 2 685 539 344 851 669 305 414 879 555 744 120 329 302 402 12 532 701 732 865 390 888 401 588 399 35 437 175 413 724 224 205 23 706 481 90 294 238 198 34 477 208 890 442 636 775 50 886 578 150 110 721 616 749 872 322 100 905 705 557 665 379 884 88 634 573 384 449 782 17 471 309 894 42 28 483 273 132 307 11 
841 72 618 650 809 635 538 570 482 847 867 391 733 408 114 27 718 131 180 308 191 124 873 683 333 726 832 642 424 493 360 238 414 123 789 395 480 186 629 366 892 254 769 14 604 609 329 484 353 247 497 66 565 338 739 889 107 370 848 647 245 780 846 425 161 235 306 829 641 817 677 30 907 731 901 331 4 209 335 348 416 664 567 800 868 775 753 
842 182 118 752 11 718 76 160 93 424 604 706 832 210 69 871 96 523 175 50 403 102 819 893 596 365 75 823 577 758 506 573 244 811 326 152 644 501 544 588 651 295 804 351 398 536 304 528 541 98 339 241 242 816 397 486 554 344 770 624 115 460 795 335 781 676 68 265 518 867 444 821 274 174 710 223 463 459 431 7 315 713 907 234 290 13 808 686 626 476 567 363 694 367 
843 60 410 884 834 692 653 630 655 442 219 176 538 83 87 64 318 211 645 648 802 776 603 275 870 154 444 385 322 295 280 547 522 298 38 141 523 739 74 896 236 684 244 574 352 127 252 21 50 323 714 440 370 306 720 543 551 749 458 170 561 706 566 513 500 627 26 422 207 441 29 690 225 330 430 869 623 510 99 563 545 253 839 235 329 889 5 594 402 652 102 
844 698 116 213 354 797 704 608 387 234 132 345 534 619 364 21 382 54 794 664 511 226 330 247 338 869 724 106 22 769 257 533 864 536 36 799 422 525 196 709 23 790 781 631 897 189 597 480 568 279 47 528 40 351 52 6 410 578 331 893 89 369 190 271 101 75 355 764 264 736 389 258 805 50 171 737 532 650 157 70 738 280 885 502 182 604 
845 859 625 178 467 286 225 877 147 820 898 125 488 153 150 249 698 119 15 330 848 234 236 48 304 6 337 148 383 336 280 66 265 294 505 131 899 499 606 0 75 609 565 879 545 876 801 130 277 293 258 248 367 868 668 742 846 765 768 563 390 187 580 838 391 382 246 604 519 714 284 349 683 121 460 559 664 181 103 396 755 14 588 421 22 832 295 597 823 778 342 439 101 751 855 233 696 
846 523 748 346 259 133 516 600 454 59 798 224 860 78 429 343 185 106 890 728 698 403 649 179 751 367 640 393 721 93 46 175 260 692 857 34 799 140 102 170 206 783 8 571 271 855 755 784 38 438 684 816 813 598 591 113 284 706 114 400 87 636 590 103 845 828 820 694 729 167 710 390 700 322 469 503 629 841 193 333 515 415 230 726 326 409 300 291 500 101 532 64 597 255 513 794 737 584 886 
847 212 327 90 515 841 890 577 764 486 249 265 702 677 314 416 96 233 331 161 658 49 393 194 269 756 80 286 98 299 8 647 364 786 646 33 621 322 277 267 806 228 867 810 394 712 525 329 306 554 159 281 40 61 27 533 550 518 127 477 623 495 487 63 891 112 334 361 528 424 11 862 444 389 78 197 75 426 111 859 251 358 155 701 256 179 220 19 837 289 332 154 736 530 290 632 32 620 0 276 752 300 149 791 785 728 167 
848 158 15 703 680 339 275 850 230 784 20 415 845 185 891 338 828 140 812 392 827 626 486 129 765 679 690 359 544 630 273 257 642 240 775 198 778 288 91 754 819 481 657 87 61 841 435 304 8 781 85 353 263 806 26 186 870 412 51 541 211 383 303 219 628 546 564 771 421 231 151 119 706 
849 568 665 514 455 731 266 177 890 154 757 457 185 160 695 300 303 173 611 453 5 38 539 380 335 451 265 507 667 241 779 468 432 412 347 531 541 618 10 482 435 747 378 552 643 114 804 252 577 137 61 124 374 793 491 669 593 184 345 775 293 758 44 128 835 839 645 329 891 642 405 23 583 501 143 126 403 494 161 127 13 709 510 877 621 151 786 338 524 236 20 217 237 
850 270 393 344 247 878 861 64 58 602 860 848 85 177 328 434 734 401 152 561 462 731 204 587 71 884 755 222 732 257 618 107 310 556 874 464 262 388 207 439 599 93 678 824 699 244 473 654 517 3 131 187 280 379 675 172 132 438 398 154 155 604 638 138 674 791 614 430 413 708 104 69 446 490 505 652 552 78 541 639 146 35 807 906 574 235 694 609 603 215 723 774 758 467 130 759 216 538 281 
851 290 500 440 115 765 60 840 573 558 472 902 438 256 437 499 520 697 396 83 610 834 511 875 681 894 598 628 600 407 48 278 530 277 63 1 455 267 496 505 596 620 310 352 280 445 354 412 286 118 827 295 31 125 361 831 721 65 731 293 323 694 869 26 708 443 358 441 368 121 682 602 292 94 400 867 327 215 492 887 876 16 392 739 624 579 710 645 145 197 418 788 82 
852 292 745 150 529 258 758 131 800 286 474 786 449 312 156 554 274 892 53 681 801 835 139 518 732 739 26 765 809 621 876 717 853 659 794 769 37 671 356 607 558 640 510 262 36 24 890 120 498 485 878 102 437 106 822 214 430 483 589 200 599 112 584 289 285 668 3 240 512 171 402 383 656 382 61 384 396 408 348 372 579 107 164 236 638 
853 383 878 395 622 467 701 461 612 188 406 839 476 749 316 149 378 309 737 102 394 282 546 127 559 190 348 287 163 827 307 423 549 868 83 852 306 762 407 602 820 221 126 676 815 699 195 418 312 799 750 482 329 446 340 319 828 722 623 574 599 318 795 239 743 587 641 484 161 758 869 268 498 209 720 416 458 668 503 667 247 4 445 136 475 157 867 557 548 82 600 2 553 551 680 347 759 748 76 800 673 614 781 412 338 
854 629 342 124 828 185 717 740 135 253 494 374 897 75 287 660 728 787 200 896 356 481 475 697 334 228 395 237 689 400 878 711 44 764 198 643 816 73 776 324 86 546 772 694 495 675 542 710 93 278 455 553 474 55 281 190 609 351 615 756 301 880 290 29 308 705 227 638 97 251 724 743 750 545 492 466 336 440 696 80 699 541 766 34 898 820 341 288 
855 230 362 419 465 228 395 518 472 483 373 3 434 793 838 376 795 435 342 533 292 461 764 272 296 397 546 794 317 641 88 66 61 714 93 119 174 438 283 907 864 813 846 456 596 149 213 739 831 70 445 773 308 511 101 888 156 291 415 63 151 550 633 822 681 474 400 349 816 775 313 652 250 37 757 570 613 460 42 783 193 133 330 602 12 747 801 892 126 644 619 563 482 505 323 765 248 446 6 490 220 674 845 606 
856 122 52 735 301 898 684 744 612 148 542 255 152 292 801 203 273 332 495 703 13 806 462 59 860 713 163 169 752 867 80 905 426 731 343 807 478 262 526 828 290 176 463 541 613 124 429 269 485 57 719 226 72 640 216 2 709 421 638 826 120 8 501 214 758 663 615 172 762 493 234 517 202 880 378 162 872 697 658 595 134 540 348 797 248 353 65 
857 481 879 439 354 92 453 578 189 659 492 321 670 477 823 806 174 179 295 243 308 269 160 846 525 206 199 663 290 422 320 876 808 336 159 613 182 387 46 839 24 172 119 323 479 598 790 580 865 499 834 589 328 377 858 332 97 427 150 425 411 618 464 23 49 602 869 380 113 875 560 378 36 164 416 276 87 355 786 260 101 227 93 583 830 653 778 451 815 
858 779 249 681 253 111 185 673 427 337 130 765 582 321 462 827 446 875 794 726 900 11 881 63 443 290 430 456 889 171 646 206 338 902 428 793 194 6 254 19 231 780 45 571 568 223 658 672 232 592 305 543 289 49 445 560 112 367 520 209 13 719 313 857 897 7 274 893 280 100 702 147 211 721 465 369 522 117 411 667 401 475 701 714 521 718 748 866 343 88 358 96 710 266 815 473 381 221 752 642 398 414 345 734 831 908 
859 484 633 356 845 48 839 183 398 155 289 76 393 594 649 469 543 359 422 906 52 96 426 330 55 618 224 288 735 88 587 213 267 702 533 760 865 371 794 8 176 240 65 6 448 679 251 320 112 372 548 201 307 483 348 711 334 50 524 667 406 387 396 300 576 158 847 362 402 134 810 481 462 281 457 266 862 627 28 828 737 177 341 680 391 834 165 815 773 404 615 795 180 453 238 
860 629 475 548 846 703 8 504 850 249 587 252 499 736 239 158 36 458 258 727 710 732 434 682 365 41 139 7 298 856 600 654 420 72 748 711 192 776 768 610 181 496 891 387 722 831 543 798 435 611 879 589 657 196 898 221 240 86 92 575 619 417 800 829 388 560 620 271 807 17 368 280 591 660 604 784 642 592 908 2 554 893 40 726 866 479 378 
861 717 722 745 850 881 880 99 58 531 730 213 179 445 80 75 425 147 899 808 734 145 346 718 403 88 781 218 167 104 296 157 330 352 891 796 789 25 800 792 379 516 46 193 616 817 878 233 505 302 500 801 831 870 245 716 335 597 177 683 307 93 82 537 181 109 146 119 102 605 802 565 130 656 
862 567 337 529 252 339 212 117 592 355 795 133 593 867 629 874 781 204 708 630 552 434 621 313 627 753 241 361 494 662 164 754 13 136 66 19 533 168 723 706 170 868 261 791 64 665 89 33 597 269 341 131 14 456 319 907 739 645 93 128 676 310 333 139 37 69 96 488 847 636 519 193 80 254 615 290 143 657 818 411 195 508 382 859 169 479 640 84 307 756 179 437 196 478 884 780 438 606 41 387 101 480 317 442 
863 425 119 417 696 655 31 715 582 325 113 197 349 636 337 592 377 599 557 66 667 128 866 303 42 148 562 578 122 354 723 805 785 473 256 276 89 176 254 258 41 444 901 415 813 880 616 27 649 777 476 272 461 96 43 242 193 690 460 4 24 614 379 528 810 19 724 781 126 184 735 763 450 601 390 628 612 49 532 169 629 257 170 775 533 436 300 609 146 355 645 
864 422 241 351 585 573 91 628 750 786 280 333 703 160 835 663 793 189 291 138 515 376 642 891 51 551 179 307 116 214 161 799 21 784 675 855 759 844 705 82 555 394 626 610 6 622 636 437 345 830 506 256 277 722 129 577 78 760 230 807 734 220 215 397 246 880 332 500 302 820 665 589 76 494 666 554 725 623 306 731 300 711 761 467 664 
865 808 442 663 458 538 223 723 674 183 198 354 151 822 123 175 904 840 730 630 3 4 741 756 254 888 713 794 295 522 373 726 35 240 63 176 806 368 212 773 131 859 544 67 31 284 182 595 230 271 857 69 228 358 204 101 407 370 190 802 20 432 451 419 604 259 464 626 474 584 285 494 489 57 276 397 338 613 646 323 675 712 698 252 816 658 341 128 413 302 36 714 752 871 156 386 301 
866 767 112 879 823 835 706 24 10 738 493 381 192 867 863 473 371 54 150 217 35 763 376 305 178 281 789 388 489 276 323 332 424 42 212 556 169 836 135 421 263 139 688 28 360 41 518 648 309 365 182 825 429 322 858 521 404 394 622 718 457 260 809 354 145 208 29 795 430 71 372 448 746 813 86 1 860 737 527 
867 785 149 377 485 796 103 476 841 120 495 126 730 4 862 797 8 748 344 415 279 371 818 759 175 20 770 233 879 490 866 835 155 658 308 655 85 307 856 601 705 359 326 10 232 12 772 378 151 847 500 497 827 727 192 898 567 44 384 764 597 88 333 582 618 55 749 247 116 429 884 114 166 842 117 29 424 264 118 286 393 891 251 314 544 86 607 789 52 558 851 182 724 853 45 489 474 901 815 220 688 51 
868 186 238 616 210 652 697 382 502 302 640 888 158 242 120 172 600 128 438 813 380 96 188 643 405 270 853 529 474 745 331 862 869 17 317 493 275 670 645 595 52 663 845 617 613 151 804 424 153 135 21 256 798 330 450 433 893 223 778 425 678 30 201 566 589 127 169 68 252 873 322 197 881 63 504 178 230 428 348 183 614 453 287 8 604 16 521 841 162 104 
869 392 411 608 474 741 683 894 67 367 799 333 307 259 386 609 550 269 831 513 443 233 168 169 405 646 448 251 830 620 166 104 412 379 650 549 156 525 396 476 496 844 700 232 74 868 824 108 761 822 274 84 656 794 36 242 636 29 254 733 97 740 167 23 680 459 43 483 565 664 3 456 833 814 851 470 857 512 892 808 836 557 853 687 46 189 665 541 485 591 709 560 843 658 795 123 768 401 378 182 663 466 90 413 533 358 731 
870 223 166 727 714 220 48 713 619 593 129 152 343 386 335 443 405 522 263 654 570 691 816 391 464 440 843 778 88 328 545 281 723 542 462 177 308 467 814 100 246 635 781 302 766 214 256 424 758 275 653 662 555 861 251 192 902 808 211 367 807 835 630 769 193 693 92 848 734 212 661 821 878 687 830 414 882 304 138 333 94 762 810 90 433 651 141 366 891 697 32 231 688 259 612 216 901 111 767 694 
871 327 15 520 696 389 431 741 315 355 307 462 179 842 568 83 903 637 316 101 742 470 798 626 190 623 257 330 525 906 112 571 19 273 215 158 6 879 66 778 526 421 611 286 608 453 650 793 469 629 745 324 415 423 237 593 738 388 102 596 544 359 682 225 125 450 241 320 819 44 349 412 202 231 375 22 613 486 612 258 826 336 725 280 865 882 217 
872 282 340 42 294 191 573 596 0 132 195 559 815 513 12 333 837 116 808 312 439 887 894 245 778 839 762 174 224 175 586 680 93 761 283 243 766 503 732 553 20 348 85 782 304 771 591 695 710 226 668 459 88 535 192 277 149 279 138 828 826 840 97 882 588 367 856 251 384 236 718 75 812 64 
873 708 193 616 537 699 517 211 265 258 756 146 908 371 486 144 37 250 248 156 751 311 230 841 704 437 271 291 173 15 589 739 81 328 583 543 783 808 556 325 658 208 377 645 636 235 175 139 495 388 473 92 824 681 670 129 65 602 18 639 597 121 888 460 515 243 223 273 393 117 264 402 365 335 893 97 408 36 267 285 752 868 757 547 429 711 438 688 613 276 896 801 454 697 586 310 462 31 
874 742 220 523 583 464 403 451 545 144 550 862 41 231 386 204 737 243 23 814 832 255 457 634 197 449 640 463 750 29 30 120 800 378 79 578 47 376 127 312 99 514 675 279 712 850 282 682 228 199 123 761 672 108 739 599 388 284 48 877 768 400 414 654 600 487 381 327 198 24 785 804 18 891 559 89 323 452 454 227 168 573 893 393 807 178 298 902 357 539 42 125 779 399 482 471 
875 765 517 763 537 56 401 377 554 294 453 772 640 273 719 858 434 119 685 474 141 488 822 235 62 689 606 641 605 649 615 227 851 655 93 211 17 336 368 626 364 493 390 530 880 440 581 524 683 753 209 304 509 217 366 735 472 657 729 362 338 191 663 686 819 234 146 596 332 857 50 312 707 594 704 473 469 698 2 376 102 26 619 153 178 51 881 174 79 298 239 
876 766 832 718 542 570 901 491 158 197 156 474 899 541 648 619 646 66 594 669 501 852 433 435 857 72 289 617 411 471 772 764 110 568 823 450 845 78 838 807 724 369 400 126 547 539 398 816 610 166 36 636 319 32 127 534 247 64 358 525 834 713 242 446 680 103 687 811 67 601 836 243 851 63 720 174 432 647 473 335 749 49 107 292 404 399 17 451 
877 229 616 548 787 210 492 716 242 830 592 397 191 605 349 845 245 704 782 481 221 647 432 44 826 484 370 818 72 883 480 27 657 12 885 660 9 478 170 705 415 366 501 544 750 374 502 477 166 594 400 207 488 442 298 132 217 427 666 430 874 176 760 253 519 758 658 385 454 444 601 813 827 633 416 464 816 95 161 35 325 101 734 151 307 620 62 91 522 246 699 422 655 849 335 15 838 290 
878 548 682 853 696 511 235 835 850 593 203 270 803 48 677 411 881 667 665 639 47 507 241 781 349 134 529 662 456 624 423 385 854 135 656 124 587 105 172 454 431 53 416 448 568 138 127 513 76 229 371 342 413 244 861 892 815 886 638 99 714 223 19 178 195 570 308 51 184 467 797 305 852 187 353 414 36 291 55 571 332 541 715 33 474 555 550 762 57 264 637 870 83 173 2 147 681 543 16 379 460 813 150 812 556 239 12 
879 745 857 897 866 124 584 705 49 834 471 725 907 240 364 499 335 403 840 524 128 706 63 790 743 36 459 86 159 867 400 488 338 326 280 756 270 822 823 432 541 56 386 815 830 577 694 431 599 441 808 573 384 547 25 871 223 845 683 571 816 478 899 829 670 860 508 448 204 717 137 601 503 575 287 199 760 224 831 701 23 284 443 522 135 493 81 472 634 620 173 763 490 187 792 145 333 908 535 591 881 323 579 114 340 732 330 
880 667 181 742 684 207 760 861 227 640 585 320 632 54 510 615 345 348 19 474 419 496 737 718 490 773 69 481 145 835 665 817 828 722 833 774 362 256 801 47 597 4 764 518 342 412 875 102 891 157 576 695 22 863 787 270 340 634 854 190 125 571 788 864 813 405 221 566 179 768 856 57 748 780 654 622 573 262 333 708 77 275 154 678 278 752 503 35 512 
881 388 664 556 900 256 232 479 861 166 621 587 631 437 476 636 651 659 503 878 766 293 576 858 749 657 780 798 611 768 423 42 591 35 60 83 466 665 90 892 487 401 533 612 571 887 689 100 144 492 708 753 276 361 540 393 237 832 739 120 904 385 110 549 403 134 632 802 359 723 369 14 215 44 868 883 9 12 77 769 786 618 775 814 879 607 875 546 84 167 
882 586 536 502 180 106 64 745 303 832 30 112 374 447 744 437 680 834 157 359 305 467 483 591 396 764 901 242 688 168 731 21 306 403 32 145 379 72 214 245 444 708 35 692 793 196 427 883 453 346 809 33 567 419 152 560 606 784 255 446 170 513 885 584 820 209 234 602 475 501 27 488 740 120 528 227 790 646 603 648 380 283 776 735 383 697 825 600 621 278 238 870 351 556 872 507 299 161 34 558 115 262 538 791 455 474 324 529 371 871 452 
883 95 383 129 434 138 769 635 833 407 438 893 768 331 572 436 512 294 643 482 114 720 606 417 379 877 759 182 355 656 888 882 522 108 745 789 405 470 682 592 826 661 198 889 153 602 554 109 548 166 481 358 905 207 24 898 18 98 133 479 792 123 835 259 729 408 773 13 38 598 885 758 746 179 195 881 329 268 753 296 345 501 896 540 332 521 
884 558 472 222 843 690 684 779 602 776 391 355 414 300 393 589 582 95 201 384 279 471 390 248 618 289 477 674 253 837 56 149 225 744 296 55 703 850 786 521 388 237 41 610 423 111 907 522 240 742 798 459 771 775 242 79 199 787 35 187 680 724 707 520 677 182 453 76 276 465 813 309 603 77 284 747 43 203 8 820 362 649 740 867 86 135 696 101 28 9 319 721 895 286 70 179 840 233 448 380 172 862 751 258 613 133 767 819 
885 515 886 291 747 236 402 769 414 507 547 589 93 696 231 536 593 721 775 118 114 388 376 242 442 92 642 327 369 430 539 468 165 768 101 313 330 530 534 283 70 13 877 680 480 726 552 559 171 805 407 298 209 78 673 259 882 808 310 570 150 641 835 490 275 822 541 562 674 244 809 316 232 418 252 45 417 355 595 774 81 644 124 716 110 667 724 883 23 84 279 381 106 709 632 223 36 441 243 424 844 617 510 
886 885 837 433 599 244 56 702 645 221 60 624 354 53 524 639 891 222 340 403 74 258 898 240 566 617 557 574 148 18 99 459 692 63 393 402 528 649 177 733 582 232 385 355 399 675 784 484 211 1 10 764 788 899 629 703 301 529 744 533 311 878 480 423 332 583 27 630 57 382 347 734 718 449 202 840 455 335 339 507 378 722 212 570 817 580 476 392 151 145 763 231 553 614 655 336 586 109 549 491 84 615 697 98 846 901 814 832 
887 124 503 342 41 700 404 446 415 468 169 221 173 42 102 543 2 716 540 131 679 494 165 832 380 872 92 46 782 437 16 668 365 612 632 441 683 729 500 806 402 619 434 256 593 563 903 701 136 786 881 900 622 71 333 220 738 82 26 407 531 535 28 831 787 257 424 53 152 515 444 586 592 851 752 827 400 627 81 108 616 386 318 196 
888 314 588 296 704 541 204 581 406 260 762 718 636 868 664 783 764 255 552 440 580 466 240 840 865 309 522 317 455 813 228 202 529 544 509 13 883 806 556 20 756 823 794 802 755 111 563 418 350 579 855 56 572 873 200 166 6 824 646 698 83 139 137 253 69 695 349 197 538 747 172 546 98 184 514 305 591 108 162 696 81 328 447 523 26 
889 828 314 323 234 498 40 527 122 199 147 485 230 380 321 777 60 530 760 462 487 858 799 93 569 715 389 332 836 325 521 755 216 463 724 593 792 357 44 146 540 264 162 48 883 181 841 113 672 689 839 612 156 225 419 445 684 709 766 333 406 823 49 698 404 622 47 324 190 353 835 168 202 491 363 18 666 255 362 727 300 898 243 843 280 55 310 200 710 721 504 11 305 605 368 127 601 
890 183 496 794 444 280 623 424 902 849 847 693 507 63 333 91 453 78 809 694 191 824 589 846 814 271 226 473 293 663 397 752 387 374 194 405 722 775 265 307 604 896 86 24 506 523 598 158 181 435 180 13 689 852 630 551 840 336 276 259 525 468 729 776 459 595 813 629 894 18 301 625 254 771 153 429 33 521 544 263 335 104 659 426 45 353 370 272 392 172 74 640 218 760 294 559 310 357 193 
891 481 497 600 151 599 122 68 276 340 886 797 367 630 124 905 708 486 292 547 238 848 830 451 806 864 105 562 501 75 341 781 624 751 763 861 742 342 16 336 228 860 324 895 377 880 174 153 100 799 610 728 736 165 588 309 515 447 847 134 584 711 874 26 247 790 8 849 662 419 867 700 714 472 5 414 801 249 366 80 581 147 535 870 489 712 42 823 50 517 
892 899 6 233 299 296 70 389 27 600 110 852 786 649 897 374 529 799 795 760 355 477 904 179 614 841 681 206 685 881 385 388 166 878 576 766 605 40 468 282 499 730 448 1 52 71 798 568 492 680 458 628 292 455 254 520 136 365 782 869 173 307 260 855 301 833 127 523 20 263 390 481 759 537 467 265 540 330 577 68 635 412 237 573 
893 185 502 796 337 419 10 305 741 487 456 60 213 43 178 883 163 201 141 190 232 65 500 359 723 490 11 461 771 842 669 144 88 420 550 527 277 568 661 26 392 181 660 393 745 267 362 439 670 412 551 525 534 101 773 23 224 146 142 858 682 192 817 488 759 354 96 114 868 873 187 844 360 874 728 446 590 566 449 361 168 634 134 172 123 603 804 724 744 727 341 860 465 503 409 261 833 226 834 
894 101 660 205 869 803 325 3 712 666 146 583 163 481 81 158 20 509 370 44 468 642 301 872 153 543 257 609 851 305 89 172 108 119 419 615 835 128 575 485 819 820 45 792 727 105 830 306 161 68 447 890 331 85 322 463 125 0 224 562 50 694 193 177 758 748 676 210 342 718 286 362 47 323 705 756 280 274 475 118 106 355 17 840 478 272 577 
895 589 352 822 481 798 526 496 904 128 296 88 358 543 292 621 779 381 237 367 313 743 506 362 236 806 158 615 10 295 143 905 11 898 349 334 283 891 96 431 655 702 768 253 75 214 587 72 754 285 400 493 771 450 135 124 488 677 511 116 521 436 410 267 884 688 609 332 423 805 733 160 110 489 368 70 29 66 373 64 
896 536 233 362 899 553 227 311 486 24 94 182 757 400 268 726 632 109 854 379 907 155 75 511 698 374 497 212 691 448 4 318 121 140 843 890 734 793 736 471 722 717 359 192 124 92 801 905 897 420 794 703 174 452 123 651 278 156 281 89 287 782 373 63 17 211 355 250 5 2 326 780 111 200 168 60 790 33 229 213 561 129 439 450 580 774 477 242 658 449 46 599 177 139 873 883 530 809 593 271 699 163 138 
897 79 879 727 709 772 387 259 367 821 792 765 907 854 159 42 27 404 892 453 411 775 503 444 91 403 465 684 51 332 31 116 238 217 515 77 470 896 901 292 581 114 295 560 844 710 338 482 858 751 677 680 614 786 625 421 445 288 424 22 374 640 369 591 220 180 2 555 693 561 512 344 413 839 409 94 346 69 286 402 732 689 770 59 605 474 289 666 253 373 621 356 441 794 711 
898 820 68 397 794 731 177 856 429 725 146 162 152 139 505 324 845 752 777 588 498 886 660 579 789 434 83 676 768 326 776 217 769 100 765 318 23 793 895 605 399 48 513 78 210 446 438 566 282 182 491 788 867 232 904 34 122 860 11 883 653 314 275 741 192 118 356 525 24 689 509 65 556 2 569 423 179 345 770 21 889 753 219 441 808 854 394 527 99 327 
899 53 173 773 307 764 424 472 896 892 458 578 589 729 586 250 382 489 861 619 392 876 188 33 186 595 87 450 374 236 906 132 698 461 525 128 845 314 364 248 886 423 156 616 554 493 286 753 174 879 327 191 505 225 750 209 405 145 710 516 231 15 819 804 19 444 904 92 184 718 221 84 32 176 22 658 603 294 268 73 284 97 647 159 829 386 641 352 241 429 608 276 649 907 162 126 537 
900 604 282 349 881 413 122 127 157 702 524 333 615 858 227 596 2 683 327 98 713 760 125 344 805 743 797 130 174 374 738 541 136 532 728 271 887 714 372 22 671 819 284 302 181 68 188 177 47 690 25 183 733 518 52 530 80 105 533 820 759 138 384 355 300 297 581 715 784 649 488 
901 667 489 695 905 370 299 542 631 508 310 7 419 876 426 66 379 262 647 546 558 494 404 882 150 246 671 782 61 805 688 500 338 726 356 165 584 617 585 440 503 839 85 597 124 270 297 802 213 48 897 616 408 469 31 863 820 806 672 380 787 648 722 205 97 44 621 813 348 692 245 296 96 1 571 308 133 768 747 715 313 654 665 770 263 21 221 841 388 550 300 652 169 211 77 56 867 614 572 886 870 33 653 
902 675 608 522 502 108 699 890 116 509 45 711 851 510 482 96 277 758 596 640 308 156 489 410 475 858 381 223 483 39 418 63 347 544 44 592 360 822 804 781 383 650 664 6 654 499 288 338 423 496 719 340 94 221 613 321 145 638 343 339 164 755 372 325 3 295 545 120 870 744 790 259 764 208 316 141 77 697 148 723 529 635 657 129 676 437 1 753 874 10 251 0 144 481 568 310 490 409 472 749 
903 481 338 206 40 562 775 7 178 322 513 12 550 630 135 272 469 635 871 357 177 729 735 137 38 344 286 118 625 631 488 112 491 801 671 825 767 100 138 832 552 144 797 37 194 39 402 887 554 316 500 214 105 329 87 372 392 300 717 765 613 234 41 184 547 29 232 128 684 654 59 6 25 740 571 61 360 686 417 79 762 733 758 669 618 64 723 541 483 122 470 632 267 48 334 84 
904 836 795 87 703 556 527 234 774 583 112 895 393 172 134 379 420 40 332 273 321 865 345 218 3 490 296 892 105 184 186 165 76 211 322 905 700 463 125 551 744 514 709 222 733 58 140 589 85 408 328 335 898 528 674 235 82 598 609 33 45 881 337 612 899 812 194 23 593 740 28 580 80 669 272 224 722 15 648 544 736 2 437 387 827 649 216 395 
905 795 665 573 901 70 234 656 181 558 471 268 717 638 383 207 56 194 891 218 247 228 384 470 231 766 504 124 565 258 141 820 196 267 904 491 364 125 269 895 856 334 166 232 748 425 399 657 307 453 896 555 76 90 571 34 776 85 686 771 54 122 415 883 281 484 626 782 488 272 265 723 551 167 443 238 191 377 317 584 49 840 589 243 733 634 542 140 583 494 178 116 435 606 472 828 45 
906 475 907 142 480 93 701 164 238 579 136 714 532 196 584 461 51 822 695 379 859 272 402 81 464 871 345 297 899 73 107 803 565 207 446 342 313 441 191 558 244 453 392 126 343 785 78 39 302 182 77 564 460 635 570 488 490 62 778 352 315 125 525 248 172 478 689 284 122 711 169 306 89 131 624 303 575 850 559 63 687 327 268 762 368 729 516 7 550 351 65 
907 242 353 805 110 879 172 906 170 660 566 800 463 317 525 439 897 421 737 66 180 472 896 774 143 49 377 397 315 581 884 855 756 432 623 475 365 130 427 747 285 60 455 690 244 69 519 282 784 430 478 862 825 487 594 514 796 520 45 289 364 191 657 303 535 564 1 692 379 489 757 441 503 551 721 287 819 465 58 521 842 841 791 290 680 94 346 387 71 210 770 565 236 899 440 
908 614 58 326 398 723 181 189 127 94 490 873 696 131 470 780 558 57 670 586 657 835 407 361 690 839 463 751 359 132 778 193 559 797 79 757 465 286 532 711 28 161 282 364 309 109 576 229 237 16 633 125 472 746 176 713 111 447 306 353 748 351 412 768 200 584 39 879 860 694 681 302 758 628 172 583 650 858 825 135 
